machine,time,minute,value
0039,09:00,540,0
0039,09:05,545,0
0039,09:10,550,0
0039,09:15,555,0
0039,09:20,560,0
0039,09:25,565,0
0039,09:30,570,0
0039,09:35,575,0
0039,09:40,580,0
0039,09:45,585,0
0039,09:50,590,0
0039,09:55,595,0
0039,10:00,600,0
0039,10:05,605,0
0039,10:10,610,-178
0039,10:15,615,-178
0039,10:20,620,-178
0039,10:25,625,-1244
0039,10:30,630,-1244
0039,10:35,635,-1244
0039,10:40,640,-533
0039,10:45,645,-533
0039,10:50,650,-533
0039,10:55,655,-533
0039,11:00,660,-1422
0039,11:05,665,-1422
0039,11:10,670,-1956
0039,11:15,675,-1956
0039,11:20,680,-1956
0039,11:25,685,-1956
0039,11:30,690,-3911
0039,11:35,695,-3911
0039,11:40,700,-3911
0039,11:45,705,-4978
0039,11:50,710,-4978
0039,11:55,715,-4978
0039,12:00,720,-4978
0039,12:05,725,-5867
0039,12:10,730,-5867
0039,12:15,735,-5867
0039,12:20,740,-5867
0039,12:25,745,-5867
0039,12:30,750,-7467
0039,12:35,755,-7467
0039,12:40,760,-7467
0039,12:45,765,-7467
0039,12:50,770,-8533
0039,12:55,775,-8533
0039,13:00,780,-8533
0039,13:05,785,-9956
0039,13:10,790,-9956
0039,13:15,795,-9956
0039,13:20,800,-9956
0039,13:25,805,-11556
0039,13:30,810,-11556
0039,13:35,815,-11556
0039,13:40,820,-11556
0039,13:45,825,-11556
0039,13:50,830,-12978
0039,13:55,835,-12978
0039,14:00,840,-12978
0039,14:05,845,-12978
0039,14:10,850,-13689
0039,14:15,855,-13689
0039,14:20,860,-13689
0039,14:25,865,-13689
0039,14:30,870,-15467
0039,14:35,875,-15467
0039,14:40,880,-15467
0039,14:45,885,-11556
0039,14:50,890,-11556
0039,14:55,895,-11556
0039,15:00,900,-11556
0039,15:05,905,-11556
0039,15:10,910,-12800
0039,15:15,915,-12800
0039,15:20,920,-12800
0039,15:25,925,-12800
0039,15:30,930,-14400
0039,15:35,935,-14400
0039,15:40,940,-14400
0039,15:45,945,-10133
0039,15:50,950,-10133
0039,15:55,955,-10133
0039,16:00,960,-10133
0039,16:05,965,-10133
0039,16:10,970,-9778
0039,16:15,975,-9778
0039,16:20,980,-9778
0039,16:25,985,-9778
0039,16:30,990,-9600
0039,16:35,995,-9600
0039,16:40,1000,-9600
0039,16:45,1005,-9600
0039,16:50,1010,-8000
0039,16:55,1015,-8000
0039,17:00,1020,-8000
0039,17:05,1025,-3556
0039,17:10,1030,-3556
0039,17:15,1035,-3556
0039,17:20,1040,-3556
0039,17:25,1045,-3556
0039,17:30,1050,-4267
0039,17:35,1055,-4267
0039,17:40,1060,-4267
0039,17:45,1065,-4267
0039,17:50,1070,-5867
0039,17:55,1075,-5867
0039,18:00,1080,-5867
0039,18:05,1085,-5867
0039,18:10,1090,-7111
0039,18:15,1095,-7111
0039,18:20,1100,-7111
0039,18:25,1105,-8178
0039,18:30,1110,-8178
0039,18:35,1115,-8178
0039,18:40,1120,-8178
0039,18:45,1125,-8178
0039,18:50,1130,-9422
0039,18:55,1135,-9422
0039,19:00,1140,-9422
0039,19:05,1145,-9422
0039,19:10,1150,-6933
0039,19:15,1155,-6933
0039,19:20,1160,-6933
0039,19:25,1165,-4267
0039,19:30,1170,-4267
0039,19:35,1175,-4267
0039,19:40,1180,-4267
0039,19:45,1185,-4800
0039,19:50,1190,-4800
0039,19:55,1195,-4800
0039,20:00,1200,-4800
0039,20:05,1205,-4800
0039,20:10,1210,-4800
0039,20:15,1215,-4800
0039,20:20,1220,-4800
0039,20:25,1225,-4800
0039,20:30,1230,-4800
0039,20:35,1235,-4800
0039,20:40,1240,-4800
0039,20:45,1245,-4800
0039,20:50,1250,-4800
0039,20:55,1255,-4800
0039,21:00,1260,-4800
0039,21:05,1265,-4800
0039,21:10,1270,-4800
0039,21:15,1275,-4800
0039,21:20,1280,-4800
0039,21:25,1285,-4800
0039,21:30,1290,-5156
0039,21:35,1295,-5156
0039,21:40,1300,-5156
0039,21:45,1305,-5156
0039,21:50,1310,-5156
0039,21:55,1315,-5156
0039,22:00,1320,-5156
0039,22:05,1325,-5156
0039,22:10,1330,-5156
0039,22:15,1335,-5156
0039,22:20,1340,-5156
0039,22:25,1345,-5156
0039,22:30,1350,-5156
0039,22:35,1355,-5156
0039,22:40,1360,-5156
0039,22:45,1365,-5156
0039,22:50,1370,-5156
0039,22:55,1375,-5156
0039,23:00,1380,-5156
0039,23:05,1385,-5156
0039,23:10,1390,-5156
0039,23:15,1395,-5156
0039,23:16,1396,-5156
0039,23:20,1400,-5156
0040,09:00,540,0
0040,09:05,545,0
0040,09:10,550,0
0040,09:15,555,0
0040,09:20,560,0
0040,09:25,565,0
0040,09:30,570,0
0040,09:35,575,0
0040,09:40,580,0
0040,09:45,585,0
0040,09:50,590,0
0040,09:55,595,0
0040,10:00,600,0
0040,10:05,605,0
0040,10:10,610,0
0040,10:15,615,0
0040,10:20,620,0
0040,10:25,625,0
0040,10:30,630,0
0040,10:35,635,0
0040,10:40,640,0
0040,10:45,645,0
0040,10:50,650,0
0040,10:55,655,0
0040,11:00,660,0
0040,11:05,665,0
0040,11:10,670,0
0040,11:15,675,0
0040,11:20,680,0
0040,11:25,685,0
0040,11:30,690,0
0040,11:35,695,0
0040,11:40,700,0
0040,11:45,705,-533
0040,11:50,710,-533
0040,11:55,715,-533
0040,12:00,720,-533
0040,12:05,725,-1244
0040,12:10,730,-1244
0040,12:15,735,-1244
0040,12:20,740,-1244
0040,12:25,745,-1244
0040,12:30,750,-2489
0040,12:35,755,-2489
0040,12:40,760,-2489
0040,12:45,765,-2489
0040,12:50,770,-3556
0040,12:55,775,-3556
0040,13:00,780,-3556
0040,13:05,785,-3200
0040,13:10,790,-3200
0040,13:15,795,-3200
0040,13:20,800,-3200
0040,13:25,805,517
0040,13:30,810,517
0040,13:35,815,517
0040,13:40,820,517
0040,13:45,825,517
0040,13:50,830,-889
0040,13:55,835,-889
0040,14:00,840,-889
0040,14:05,845,-889
0040,14:10,850,-2311
0040,14:15,855,-2311
0040,14:20,860,-2311
0040,14:25,865,-2311
0040,14:30,870,-4089
0040,14:35,875,-4089
0040,14:40,880,-4089
0040,14:45,885,-4800
0040,14:50,890,-4800
0040,14:55,895,-4800
0040,15:00,900,-4800
0040,15:05,905,-4800
0040,15:10,910,-6044
0040,15:15,915,-6044
0040,15:20,920,-6044
0040,15:25,925,-6044
0040,15:30,930,-7289
0040,15:35,935,-7289
0040,15:40,940,-7289
0040,15:45,945,-8533
0040,15:50,950,-8533
0040,15:55,955,-8533
0040,16:00,960,-8533
0040,16:05,965,-8533
0040,16:10,970,-9422
0040,16:15,975,-9422
0040,16:20,980,-9422
0040,16:25,985,-9422
0040,16:30,990,-10489
0040,16:35,995,-10489
0040,16:40,1000,-10489
0040,16:45,1005,-10489
0040,16:50,1010,-11200
0040,16:55,1015,-11200
0040,17:00,1020,-11200
0040,17:05,1025,-11378
0040,17:10,1030,-11378
0040,17:15,1035,-11378
0040,17:20,1040,-11378
0040,17:25,1045,-11378
0040,17:30,1050,-11911
0040,17:35,1055,-11911
0040,17:40,1060,-11911
0040,17:45,1065,-11911
0040,17:50,1070,-12267
0040,17:55,1075,-12267
0040,18:00,1080,-12267
0040,18:05,1085,-12267
0040,18:10,1090,-13333
0040,18:15,1095,-13333
0040,18:20,1100,-13333
0040,18:25,1105,-14044
0040,18:30,1110,-14044
0040,18:35,1115,-14044
0040,18:40,1120,-14044
0040,18:45,1125,-14044
0040,18:50,1130,-14578
0040,18:55,1135,-14578
0040,19:00,1140,-14578
0040,19:05,1145,-14578
0040,19:10,1150,-14578
0040,19:15,1155,-14578
0040,19:20,1160,-14578
0040,19:25,1165,-14578
0040,19:30,1170,-14578
0040,19:35,1175,-14578
0040,19:40,1180,-14578
0040,19:45,1185,-14933
0040,19:50,1190,-14933
0040,19:55,1195,-14933
0040,20:00,1200,-14933
0040,20:05,1205,-14933
0040,20:10,1210,-15822
0040,20:15,1215,-15822
0040,20:20,1220,-15822
0040,20:25,1225,-15822
0040,20:30,1230,-15822
0040,20:35,1235,-15822
0040,20:40,1240,-15822
0040,20:45,1245,-15822
0040,20:50,1250,-15822
0040,20:55,1255,-15822
0040,21:00,1260,-15822
0040,21:05,1265,-15822
0040,21:10,1270,-15822
0040,21:15,1275,-15822
0040,21:20,1280,-15822
0040,21:25,1285,-15822
0040,21:30,1290,-15822
0040,21:35,1295,-15822
0040,21:40,1300,-15822
0040,21:45,1305,-16000
0040,21:50,1310,-16000
0040,21:55,1315,-16000
0040,22:00,1320,-16000
0040,22:05,1325,-16178
0040,22:10,1330,-16178
0040,22:15,1335,-16178
0040,22:20,1340,-16178
0040,22:25,1345,-16178
0040,22:30,1350,-16178
0040,22:35,1355,-16178
0040,22:40,1360,-16178
0040,22:45,1365,-16178
0040,22:50,1370,-16178
0040,22:55,1375,-16178
0040,23:00,1380,-16178
0040,23:05,1385,-16178
0040,23:10,1390,-16178
0040,23:15,1395,-16178
0040,23:16,1396,-16178
0040,23:20,1400,-16178
0041,09:00,540,0
0041,09:05,545,0
0041,09:10,550,0
0041,09:15,555,0
0041,09:20,560,0
0041,09:25,565,0
0041,09:30,570,0
0041,09:35,575,0
0041,09:40,580,0
0041,09:45,585,0
0041,09:50,590,0
0041,09:55,595,0
0041,10:00,600,0
0041,10:05,605,0
0041,10:10,610,0
0041,10:15,615,0
0041,10:20,620,0
0041,10:25,625,-511
0041,10:30,630,-511
0041,10:35,635,-511
0041,10:40,640,-1362
0041,10:45,645,-1362
0041,10:50,650,-1362
0041,10:55,655,-1362
0041,11:00,660,-2383
0041,11:05,665,-2383
0041,11:10,670,-2894
0041,11:15,675,-2894
0041,11:20,680,-2894
0041,11:25,685,-2894
0041,11:30,690,-3745
0041,11:35,695,-3745
0041,11:40,700,-3745
0041,11:45,705,-4085
0041,11:50,710,-4085
0041,11:55,715,-4085
0041,12:00,720,-4085
0041,12:05,725,-4596
0041,12:10,730,-4596
0041,12:15,735,-4596
0041,12:20,740,-4596
0041,12:25,745,-4596
0041,12:30,750,-4936
0041,12:35,755,-4936
0041,12:40,760,-4936
0041,12:45,765,-4936
0041,12:50,770,-6468
0041,12:55,775,-6468
0041,13:00,780,-6468
0041,13:05,785,-7830
0041,13:10,790,-7830
0041,13:15,795,-7830
0041,13:20,800,-7830
0041,13:25,805,-9702
0041,13:30,810,-9702
0041,13:35,815,-9702
0041,13:40,820,-9702
0041,13:45,825,-9702
0041,13:50,830,-11234
0041,13:55,835,-11234
0041,14:00,840,-11234
0041,14:05,845,-11234
0041,14:10,850,-12085
0041,14:15,855,-12085
0041,14:20,860,-12085
0041,14:25,865,-12085
0041,14:30,870,-12085
0041,14:35,875,-12085
0041,14:40,880,-12085
0041,14:45,885,-9872
0041,14:50,890,-9872
0041,14:55,895,-9872
0041,15:00,900,-9872
0041,15:05,905,-9872
0041,15:10,910,-8511
0041,15:15,915,-8511
0041,15:20,920,-8511
0041,15:25,925,-8511
0041,15:30,930,-681
0041,15:35,935,-681
0041,15:40,940,-681
0041,15:45,945,-2213
0041,15:50,950,-2213
0041,15:55,955,-2213
0041,16:00,960,-2213
0041,16:05,965,-2213
0041,16:10,970,-1702
0041,16:15,975,-1702
0041,16:20,980,-1702
0041,16:25,985,-1702
0041,16:30,990,-3064
0041,16:35,995,-3064
0041,16:40,1000,-3064
0041,16:45,1005,-3064
0041,16:50,1010,0
0041,16:55,1015,0
0041,17:00,1020,0
0041,17:05,1025,2645
0041,17:10,1030,2645
0041,17:15,1035,2645
0041,17:20,1040,2645
0041,17:25,1045,2645
0041,17:30,1050,10744
0041,17:35,1055,10744
0041,17:40,1060,10744
0041,17:45,1065,10744
0041,17:50,1070,9917
0041,17:55,1075,9917
0041,18:00,1080,9917
0041,18:05,1085,9917
0041,18:10,1090,8760
0041,18:15,1095,8760
0041,18:20,1100,8760
0041,18:25,1105,7603
0041,18:30,1110,7603
0041,18:35,1115,7603
0041,18:40,1120,7603
0041,18:45,1125,7603
0041,18:50,1130,6281
0041,18:55,1135,6281
0041,19:00,1140,6281
0041,19:05,1145,6281
0041,19:10,1150,5785
0041,19:15,1155,5785
0041,19:20,1160,5785
0041,19:25,1165,4463
0041,19:30,1170,4463
0041,19:35,1175,4463
0041,19:40,1180,4463
0041,19:45,1185,4132
0041,19:50,1190,4132
0041,19:55,1195,4132
0041,20:00,1200,4132
0041,20:05,1205,4132
0041,20:10,1210,3802
0041,20:15,1215,3802
0041,20:20,1220,3802
0041,20:25,1225,3802
0041,20:30,1230,2645
0041,20:35,1235,2645
0041,20:40,1240,2645
0041,20:45,1245,2645
0041,20:50,1250,2645
0041,20:55,1255,2645
0041,21:00,1260,2645
0041,21:05,1265,2645
0041,21:10,1270,3471
0041,21:15,1275,3471
0041,21:20,1280,3471
0041,21:25,1285,3471
0041,21:30,1290,7438
0041,21:35,1295,7438
0041,21:40,1300,7438
0041,21:45,1305,11736
0041,21:50,1310,11736
0041,21:55,1315,11736
0041,22:00,1320,11736
0041,22:05,1325,13388
0041,22:10,1330,13388
0041,22:15,1335,13388
0041,22:20,1340,13388
0041,22:25,1345,13388
0041,22:30,1350,12397
0041,22:35,1355,12397
0041,22:40,1360,12397
0041,22:45,1365,12397
0041,22:50,1370,12397
0041,22:55,1375,12397
0041,23:00,1380,12397
0041,23:05,1385,12397
0041,23:10,1390,12397
0041,23:15,1395,12397
0041,23:16,1396,12397
0041,23:20,1400,12397
0042,09:00,540,0
0042,09:05,545,0
0042,09:10,550,0
0042,09:15,555,0
0042,09:20,560,0
0042,09:25,565,0
0042,09:30,570,0
0042,09:35,575,0
0042,09:40,580,0
0042,09:45,585,0
0042,09:50,590,0
0042,09:55,595,0
0042,10:00,600,0
0042,10:05,605,0
0042,10:10,610,0
0042,10:15,615,0
0042,10:20,620,0
0042,10:25,625,0
0042,10:30,630,0
0042,10:35,635,0
0042,10:40,640,-519
0042,10:45,645,-519
0042,10:50,650,-519
0042,10:55,655,-519
0042,11:00,660,-1558
0042,11:05,665,-1558
0042,11:10,670,-2078
0042,11:15,675,-2078
0042,11:20,680,-2078
0042,11:25,685,-2078
0042,11:30,690,-3636
0042,11:35,695,-3636
0042,11:40,700,-3636
0042,11:45,705,-4935
0042,11:50,710,-4935
0042,11:55,715,-4935
0042,12:00,720,-4935
0042,12:05,725,-6494
0042,12:10,730,-6494
0042,12:15,735,-6494
0042,12:20,740,-6494
0042,12:25,745,-6494
0042,12:30,750,-260
0042,12:35,755,-260
0042,12:40,760,-260
0042,12:45,765,-260
0042,12:50,770,7436
0042,12:55,775,7436
0042,13:00,780,7436
0042,13:05,785,7949
0042,13:10,790,7949
0042,13:15,795,7949
0042,13:20,800,7949
0042,13:25,805,8462
0042,13:30,810,8462
0042,13:35,815,8462
0042,13:40,820,8462
0042,13:45,825,8462
0042,13:50,830,14872
0042,13:55,835,14872
0042,14:00,840,14872
0042,14:05,845,14872
0042,14:10,850,20513
0042,14:15,855,20513
0042,14:20,860,20513
0042,14:25,865,20513
0042,14:30,870,27436
0042,14:35,875,27436
0042,14:40,880,27436
0042,14:45,885,26154
0042,14:50,890,26154
0042,14:55,895,26154
0042,15:00,900,26154
0042,15:05,905,26154
0042,15:10,910,24872
0042,15:15,915,24872
0042,15:20,920,24872
0042,15:25,925,24872
0042,15:30,930,23333
0042,15:35,935,23333
0042,15:40,940,23333
0042,15:45,945,25128
0042,15:50,950,25128
0042,15:55,955,25128
0042,16:00,960,25128
0042,16:05,965,25128
0042,16:10,970,30513
0042,16:15,975,30513
0042,16:20,980,30513
0042,16:25,985,30513
0042,16:30,990,31026
0042,16:35,995,31026
0042,16:40,1000,31026
0042,16:45,1005,31026
0042,16:50,1010,29744
0042,16:55,1015,29744
0042,17:00,1020,29744
0042,17:05,1025,28205
0042,17:10,1030,28205
0042,17:15,1035,28205
0042,17:20,1040,28205
0042,17:25,1045,28205
0042,17:30,1050,26667
0042,17:35,1055,26667
0042,17:40,1060,26667
0042,17:45,1065,26667
0042,17:50,1070,28462
0042,17:55,1075,28462
0042,18:00,1080,28462
0042,18:05,1085,28462
0042,18:10,1090,28205
0042,18:15,1095,28205
0042,18:20,1100,28205
0042,18:25,1105,27949
0042,18:30,1110,27949
0042,18:35,1115,27949
0042,18:40,1120,27949
0042,18:45,1125,27949
0042,18:50,1130,27949
0042,18:55,1135,27949
0042,19:00,1140,27949
0042,19:05,1145,27949
0042,19:10,1150,27949
0042,19:15,1155,27949
0042,19:20,1160,27949
0042,19:25,1165,27692
0042,19:30,1170,27692
0042,19:35,1175,27692
0042,19:40,1180,27692
0042,19:45,1185,27179
0042,19:50,1190,27179
0042,19:55,1195,27179
0042,20:00,1200,27179
0042,20:05,1205,27179
0042,20:10,1210,27179
0042,20:15,1215,27179
0042,20:20,1220,27179
0042,20:25,1225,27179
0042,20:30,1230,27179
0042,20:35,1235,27179
0042,20:40,1240,27179
0042,20:45,1245,26923
0042,20:50,1250,26923
0042,20:55,1255,26923
0042,21:00,1260,26923
0042,21:05,1265,26923
0042,21:10,1270,26923
0042,21:15,1275,26923
0042,21:20,1280,26923
0042,21:25,1285,26923
0042,21:30,1290,26923
0042,21:35,1295,26923
0042,21:40,1300,26923
0042,21:45,1305,26667
0042,21:50,1310,26667
0042,21:55,1315,26667
0042,22:00,1320,26667
0042,22:05,1325,26667
0042,22:10,1330,26667
0042,22:15,1335,26667
0042,22:20,1340,26667
0042,22:25,1345,26667
0042,22:30,1350,26667
0042,22:35,1355,26667
0042,22:40,1360,26667
0042,22:45,1365,26667
0042,22:50,1370,26667
0042,22:55,1375,26667
0042,23:00,1380,26667
0042,23:05,1385,26667
0042,23:10,1390,26667
0042,23:15,1395,26667
0042,23:16,1396,26667
0042,23:20,1400,26667
0043,09:00,540,0
0043,09:05,545,0
0043,09:10,550,0
0043,09:15,555,0
0043,09:20,560,0
0043,09:25,565,0
0043,09:30,570,0
0043,09:35,575,0
0043,09:40,580,0
0043,09:45,585,0
0043,09:50,590,0
0043,09:55,595,0
0043,10:00,600,0
0043,10:05,605,0
0043,10:10,610,0
0043,10:15,615,0
0043,10:20,620,0
0043,10:25,625,0
0043,10:30,630,0
0043,10:35,635,0
0043,10:40,640,0
0043,10:45,645,0
0043,10:50,650,0
0043,10:55,655,0
0043,11:00,660,-533
0043,11:05,665,-533
0043,11:10,670,-1244
0043,11:15,675,-1244
0043,11:20,680,-1244
0043,11:25,685,-1244
0043,11:30,690,-1956
0043,11:35,695,-1956
0043,11:40,700,-1956
0043,11:45,705,-3022
0043,11:50,710,-3022
0043,11:55,715,-3022
0043,12:00,720,-3022
0043,12:05,725,-4267
0043,12:10,730,-4267
0043,12:15,735,-4267
0043,12:20,740,-4267
0043,12:25,745,-4267
0043,12:30,750,-6044
0043,12:35,755,-6044
0043,12:40,760,-6044
0043,12:45,765,-6044
0043,12:50,770,-7644
0043,12:55,775,-7644
0043,13:00,780,-7644
0043,13:05,785,-9067
0043,13:10,790,-9067
0043,13:15,795,-9067
0043,13:20,800,-9067
0043,13:25,805,-10844
0043,13:30,810,-10844
0043,13:35,815,-10844
0043,13:40,820,-10844
0043,13:45,825,-10844
0043,13:50,830,-10844
0043,13:55,835,-10844
0043,14:00,840,-10844
0043,14:05,845,-10844
0043,14:10,850,-11556
0043,14:15,855,-11556
0043,14:20,860,-11556
0043,14:25,865,-11556
0043,14:30,870,-13511
0043,14:35,875,-13511
0043,14:40,880,-13511
0043,14:45,885,-12978
0043,14:50,890,-12978
0043,14:55,895,-12978
0043,15:00,900,-12978
0043,15:05,905,-12978
0043,15:10,910,-14222
0043,15:15,915,-14222
0043,15:20,920,-14222
0043,15:25,925,-14222
0043,15:30,930,-7289
0043,15:35,935,-7289
0043,15:40,940,-7289
0043,15:45,945,-6400
0043,15:50,950,-6400
0043,15:55,955,-6400
0043,16:00,960,-6400
0043,16:05,965,-6400
0043,16:10,970,-6933
0043,16:15,975,-6933
0043,16:20,980,-6933
0043,16:25,985,-6933
0043,16:30,990,-4800
0043,16:35,995,-4800
0043,16:40,1000,-4800
0043,16:45,1005,-4800
0043,16:50,1010,-4267
0043,16:55,1015,-4267
0043,17:00,1020,-4267
0043,17:05,1025,-5511
0043,17:10,1030,-5511
0043,17:15,1035,-5511
0043,17:20,1040,-5511
0043,17:25,1045,-5511
0043,17:30,1050,-6044
0043,17:35,1055,-6044
0043,17:40,1060,-6044
0043,17:45,1065,-6044
0043,17:50,1070,-6044
0043,17:55,1075,-6044
0043,18:00,1080,-6044
0043,18:05,1085,-6044
0043,18:10,1090,-6044
0043,18:15,1095,-6044
0043,18:20,1100,-6044
0043,18:25,1105,-2311
0043,18:30,1110,-2311
0043,18:35,1115,-2311
0043,18:40,1120,-2311
0043,18:45,1125,-2311
0043,18:50,1130,-3022
0043,18:55,1135,-3022
0043,19:00,1140,-3022
0043,19:05,1145,-3022
0043,19:10,1150,-711
0043,19:15,1155,-711
0043,19:20,1160,-711
0043,19:25,1165,1724
0043,19:30,1170,1724
0043,19:35,1175,1724
0043,19:40,1180,1724
0043,19:45,1185,1207
0043,19:50,1190,1207
0043,19:55,1195,1207
0043,20:00,1200,1207
0043,20:05,1205,1207
0043,20:10,1210,1207
0043,20:15,1215,1207
0043,20:20,1220,1207
0043,20:25,1225,1207
0043,20:30,1230,1207
0043,20:35,1235,1207
0043,20:40,1240,1207
0043,20:45,1245,517
0043,20:50,1250,517
0043,20:55,1255,517
0043,21:00,1260,517
0043,21:05,1265,517
0043,21:10,1270,0
0043,21:15,1275,0
0043,21:20,1280,0
0043,21:25,1285,0
0043,21:30,1290,0
0043,21:35,1295,0
0043,21:40,1300,0
0043,21:45,1305,-356
0043,21:50,1310,-356
0043,21:55,1315,-356
0043,22:00,1320,-356
0043,22:05,1325,-356
0043,22:10,1330,-356
0043,22:15,1335,-356
0043,22:20,1340,-356
0043,22:25,1345,-356
0043,22:30,1350,-356
0043,22:35,1355,-356
0043,22:40,1360,-356
0043,22:45,1365,-356
0043,22:50,1370,-356
0043,22:55,1375,-356
0043,23:00,1380,-356
0043,23:05,1385,-356
0043,23:10,1390,-356
0043,23:15,1395,-356
0043,23:16,1396,-356
0043,23:20,1400,-356
0044,09:00,540,0
0044,09:05,545,0
0044,09:10,550,0
0044,09:15,555,0
0044,09:20,560,0
0044,09:25,565,0
0044,09:30,570,0
0044,09:35,575,0
0044,09:40,580,0
0044,09:45,585,0
0044,09:50,590,0
0044,09:55,595,0
0044,10:00,600,0
0044,10:05,605,0
0044,10:10,610,0
0044,10:15,615,0
0044,10:20,620,0
0044,10:25,625,-889
0044,10:30,630,-889
0044,10:35,635,-889
0044,10:40,640,-1956
0044,10:45,645,-1956
0044,10:50,650,-1956
0044,10:55,655,-1956
0044,11:00,660,-3022
0044,11:05,665,-3022
0044,11:10,670,-3556
0044,11:15,675,-3556
0044,11:20,680,-3556
0044,11:25,685,-3556
0044,11:30,690,-5333
0044,11:35,695,-5333
0044,11:40,700,-5333
0044,11:45,705,-1422
0044,11:50,710,-1422
0044,11:55,715,-1422
0044,12:00,720,-1422
0044,12:05,725,-2489
0044,12:10,730,-2489
0044,12:15,735,-2489
0044,12:20,740,-2489
0044,12:25,745,-2489
0044,12:30,750,-3911
0044,12:35,755,-3911
0044,12:40,760,-3911
0044,12:45,765,-3911
0044,12:50,770,-3200
0044,12:55,775,-3200
0044,13:00,780,-3200
0044,13:05,785,345
0044,13:10,790,345
0044,13:15,795,345
0044,13:20,800,345
0044,13:25,805,3793
0044,13:30,810,3793
0044,13:35,815,3793
0044,13:40,820,3793
0044,13:45,825,3793
0044,13:50,830,3793
0044,13:55,835,3793
0044,14:00,840,3793
0044,14:05,845,3793
0044,14:10,850,3793
0044,14:15,855,3793
0044,14:20,860,3793
0044,14:25,865,3793
0044,14:30,870,3448
0044,14:35,875,3448
0044,14:40,880,3448
0044,14:45,885,1897
0044,14:50,890,1897
0044,14:55,895,1897
0044,15:00,900,1897
0044,15:05,905,1897
0044,15:10,910,1034
0044,15:15,915,1034
0044,15:20,920,1034
0044,15:25,925,1034
0044,15:30,930,2069
0044,15:35,935,2069
0044,15:40,940,2069
0044,15:45,945,690
0044,15:50,950,690
0044,15:55,955,690
0044,16:00,960,690
0044,16:05,965,690
0044,16:10,970,4483
0044,16:15,975,4483
0044,16:20,980,4483
0044,16:25,985,4483
0044,16:30,990,10862
0044,16:35,995,10862
0044,16:40,1000,10862
0044,16:45,1005,10862
0044,16:50,1010,9310
0044,16:55,1015,9310
0044,17:00,1020,9310
0044,17:05,1025,8448
0044,17:10,1030,8448
0044,17:15,1035,8448
0044,17:20,1040,8448
0044,17:25,1045,8448
0044,17:30,1050,8793
0044,17:35,1055,8793
0044,17:40,1060,8793
0044,17:45,1065,8793
0044,17:50,1070,12586
0044,17:55,1075,12586
0044,18:00,1080,12586
0044,18:05,1085,12586
0044,18:10,1090,11552
0044,18:15,1095,11552
0044,18:20,1100,11552
0044,18:25,1105,9828
0044,18:30,1110,9828
0044,18:35,1115,9828
0044,18:40,1120,9828
0044,18:45,1125,9828
0044,18:50,1130,9310
0044,18:55,1135,9310
0044,19:00,1140,9310
0044,19:05,1145,9310
0044,19:10,1150,8103
0044,19:15,1155,8103
0044,19:20,1160,8103
0044,19:25,1165,6724
0044,19:30,1170,6724
0044,19:35,1175,6724
0044,19:40,1180,6724
0044,19:45,1185,6724
0044,19:50,1190,6724
0044,19:55,1195,6724
0044,20:00,1200,6724
0044,20:05,1205,6724
0044,20:10,1210,6724
0044,20:15,1215,6724
0044,20:20,1220,6724
0044,20:25,1225,6724
0044,20:30,1230,6207
0044,20:35,1235,6207
0044,20:40,1240,6207
0044,20:45,1245,6034
0044,20:50,1250,6034
0044,20:55,1255,6034
0044,21:00,1260,6034
0044,21:05,1265,6034
0044,21:10,1270,5690
0044,21:15,1275,5690
0044,21:20,1280,5690
0044,21:25,1285,5690
0044,21:30,1290,5690
0044,21:35,1295,5690
0044,21:40,1300,5690
0044,21:45,1305,5345
0044,21:50,1310,5345
0044,21:55,1315,5345
0044,22:00,1320,5345
0044,22:05,1325,5345
0044,22:10,1330,5345
0044,22:15,1335,5345
0044,22:20,1340,5345
0044,22:25,1345,5345
0044,22:30,1350,5172
0044,22:35,1355,5172
0044,22:40,1360,5172
0044,22:45,1365,5172
0044,22:50,1370,5172
0044,22:55,1375,5172
0044,23:00,1380,5172
0044,23:05,1385,5172
0044,23:10,1390,5172
0044,23:15,1395,5172
0044,23:16,1396,5172
0044,23:20,1400,5172
0045,09:00,540,0
0045,09:05,545,0
0045,09:10,550,0
0045,09:15,555,0
0045,09:20,560,0
0045,09:25,565,0
0045,09:30,570,0
0045,09:35,575,0
0045,09:40,580,0
0045,09:45,585,0
0045,09:50,590,0
0045,09:55,595,0
0045,10:00,600,0
0045,10:05,605,0
0045,10:10,610,0
0045,10:15,615,0
0045,10:20,620,0
0045,10:25,625,0
0045,10:30,630,0
0045,10:35,635,0
0045,10:40,640,0
0045,10:45,645,0
0045,10:50,650,0
0045,10:55,655,0
0045,11:00,660,0
0045,11:05,665,0
0045,11:10,670,992
0045,11:15,675,992
0045,11:20,680,992
0045,11:25,685,992
0045,11:30,690,8182
0045,11:35,695,8182
0045,11:40,700,8182
0045,11:45,705,11653
0045,11:50,710,11653
0045,11:55,715,11653
0045,12:00,720,11653
0045,12:05,725,10413
0045,12:10,730,10413
0045,12:15,735,10413
0045,12:20,740,10413
0045,12:25,745,10413
0045,12:30,750,8678
0045,12:35,755,8678
0045,12:40,760,8678
0045,12:45,765,8678
0045,12:50,770,9421
0045,12:55,775,9421
0045,13:00,780,9421
0045,13:05,785,13388
0045,13:10,790,13388
0045,13:15,795,13388
0045,13:20,800,13388
0045,13:25,805,12149
0045,13:30,810,12149
0045,13:35,815,12149
0045,13:40,820,12149
0045,13:45,825,12149
0045,13:50,830,14628
0045,13:55,835,14628
0045,14:00,840,14628
0045,14:05,845,14628
0045,14:10,850,13388
0045,14:15,855,13388
0045,14:20,860,13388
0045,14:25,865,13388
0045,14:30,870,19339
0045,14:35,875,19339
0045,14:40,880,19339
0045,14:45,885,22314
0045,14:50,890,22314
0045,14:55,895,22314
0045,15:00,900,22314
0045,15:05,905,22314
0045,15:10,910,22314
0045,15:15,915,22314
0045,15:20,920,22314
0045,15:25,925,22314
0045,15:30,930,22066
0045,15:35,935,22066
0045,15:40,940,22066
0045,15:45,945,21074
0045,15:50,950,21074
0045,15:55,955,21074
0045,16:00,960,21074
0045,16:05,965,21074
0045,16:10,970,20826
0045,16:15,975,20826
0045,16:20,980,20826
0045,16:25,985,20826
0045,16:30,990,20331
0045,16:35,995,20331
0045,16:40,1000,20331
0045,16:45,1005,20331
0045,16:50,1010,19835
0045,16:55,1015,19835
0045,17:00,1020,19835
0045,17:05,1025,19835
0045,17:10,1030,19835
0045,17:15,1035,19835
0045,17:20,1040,19835
0045,17:25,1045,19835
0045,17:30,1050,18843
0045,17:35,1055,18843
0045,17:40,1060,18843
0045,17:45,1065,18843
0045,17:50,1070,18595
0045,17:55,1075,18595
0045,18:00,1080,18595
0045,18:05,1085,18595
0045,18:10,1090,18347
0045,18:15,1095,18347
0045,18:20,1100,18347
0045,18:25,1105,18347
0045,18:30,1110,18347
0045,18:35,1115,18347
0045,18:40,1120,18347
0045,18:45,1125,18347
0045,18:50,1130,18347
0045,18:55,1135,18347
0045,19:00,1140,18347
0045,19:05,1145,18347
0045,19:10,1150,18347
0045,19:15,1155,18347
0045,19:20,1160,18347
0045,19:25,1165,18347
0045,19:30,1170,18347
0045,19:35,1175,18347
0045,19:40,1180,18347
0045,19:45,1185,18099
0045,19:50,1190,18099
0045,19:55,1195,18099
0045,20:00,1200,18099
0045,20:05,1205,18099
0045,20:10,1210,17851
0045,20:15,1215,17851
0045,20:20,1220,17851
0045,20:25,1225,17851
0045,20:30,1230,17851
0045,20:35,1235,17851
0045,20:40,1240,17851
0045,20:45,1245,17603
0045,20:50,1250,17603
0045,20:55,1255,17603
0045,21:00,1260,17603
0045,21:05,1265,17603
0045,21:10,1270,17603
0045,21:15,1275,17603
0045,21:20,1280,17603
0045,21:25,1285,17603
0045,21:30,1290,17355
0045,21:35,1295,17355
0045,21:40,1300,17355
0045,21:45,1305,17355
0045,21:50,1310,17355
0045,21:55,1315,17355
0045,22:00,1320,17355
0045,22:05,1325,17355
0045,22:10,1330,17355
0045,22:15,1335,17355
0045,22:20,1340,17355
0045,22:25,1345,17355
0045,22:30,1350,17355
0045,22:35,1355,17355
0045,22:40,1360,17355
0045,22:45,1365,17355
0045,22:50,1370,17355
0045,22:55,1375,17355
0045,23:00,1380,17355
0045,23:05,1385,17355
0045,23:10,1390,17355
0045,23:15,1395,17355
0045,23:16,1396,17355
0045,23:20,1400,17355
0046,09:00,540,0
0046,09:05,545,0
0046,09:10,550,0
0046,09:15,555,0
0046,09:20,560,0
0046,09:25,565,0
0046,09:30,570,0
0046,09:35,575,0
0046,09:40,580,0
0046,09:45,585,0
0046,09:50,590,0
0046,09:55,595,0
0046,10:00,600,0
0046,10:05,605,0
0046,10:10,610,0
0046,10:15,615,0
0046,10:20,620,0
0046,10:25,625,-533
0046,10:30,630,-533
0046,10:35,635,-533
0046,10:40,640,-889
0046,10:45,645,-889
0046,10:50,650,-889
0046,10:55,655,-889
0046,11:00,660,-889
0046,11:05,665,-889
0046,11:10,670,-889
0046,11:15,675,-889
0046,11:20,680,-889
0046,11:25,685,-889
0046,11:30,690,-1244
0046,11:35,695,-1244
0046,11:40,700,-1244
0046,11:45,705,-1244
0046,11:50,710,-1244
0046,11:55,715,-1244
0046,12:00,720,-1244
0046,12:05,725,-1244
0046,12:10,730,-1244
0046,12:15,735,-1244
0046,12:20,740,-1244
0046,12:25,745,-1244
0046,12:30,750,-1244
0046,12:35,755,-1244
0046,12:40,760,-1244
0046,12:45,765,-1244
0046,12:50,770,-1244
0046,12:55,775,-1244
0046,13:00,780,-1244
0046,13:05,785,-1956
0046,13:10,790,-1956
0046,13:15,795,-1956
0046,13:20,800,-1956
0046,13:25,805,-3733
0046,13:30,810,-3733
0046,13:35,815,-3733
0046,13:40,820,-3733
0046,13:45,825,-3733
0046,13:50,830,-5333
0046,13:55,835,-5333
0046,14:00,840,-5333
0046,14:05,845,-5333
0046,14:10,850,-6756
0046,14:15,855,-6756
0046,14:20,860,-6756
0046,14:25,865,-6756
0046,14:30,870,-8533
0046,14:35,875,-8533
0046,14:40,880,-8533
0046,14:45,885,-9778
0046,14:50,890,-9778
0046,14:55,895,-9778
0046,15:00,900,-9778
0046,15:05,905,-9778
0046,15:10,910,-11200
0046,15:15,915,-11200
0046,15:20,920,-11200
0046,15:25,925,-11200
0046,15:30,930,-12267
0046,15:35,935,-12267
0046,15:40,940,-12267
0046,15:45,945,-12622
0046,15:50,950,-12622
0046,15:55,955,-12622
0046,16:00,960,-12622
0046,16:05,965,-12622
0046,16:10,970,-12800
0046,16:15,975,-12800
0046,16:20,980,-12800
0046,16:25,985,-12800
0046,16:30,990,-12800
0046,16:35,995,-12800
0046,16:40,1000,-12800
0046,16:45,1005,-12800
0046,16:50,1010,-7467
0046,16:55,1015,-7467
0046,17:00,1020,-7467
0046,17:05,1025,-8533
0046,17:10,1030,-8533
0046,17:15,1035,-8533
0046,17:20,1040,-8533
0046,17:25,1045,-8533
0046,17:30,1050,-3022
0046,17:35,1055,-3022
0046,17:40,1060,-3022
0046,17:45,1065,-3022
0046,17:50,1070,-2489
0046,17:55,1075,-2489
0046,18:00,1080,-2489
0046,18:05,1085,-2489
0046,18:10,1090,-3911
0046,18:15,1095,-3911
0046,18:20,1100,-3911
0046,18:25,1105,-5511
0046,18:30,1110,-5511
0046,18:35,1115,-5511
0046,18:40,1120,-5511
0046,18:45,1125,-5511
0046,18:50,1130,-6400
0046,18:55,1135,-6400
0046,19:00,1140,-6400
0046,19:05,1145,-6400
0046,19:10,1150,-6756
0046,19:15,1155,-6756
0046,19:20,1160,-6756
0046,19:25,1165,-6756
0046,19:30,1170,-6756
0046,19:35,1175,-6756
0046,19:40,1180,-6756
0046,19:45,1185,-7111
0046,19:50,1190,-7111
0046,19:55,1195,-7111
0046,20:00,1200,-7111
0046,20:05,1205,-7111
0046,20:10,1210,-7289
0046,20:15,1215,-7289
0046,20:20,1220,-7289
0046,20:25,1225,-7289
0046,20:30,1230,-3556
0046,20:35,1235,-3556
0046,20:40,1240,-3556
0046,20:45,1245,517
0046,20:50,1250,517
0046,20:55,1255,517
0046,21:00,1260,517
0046,21:05,1265,517
0046,21:10,1270,345
0046,21:15,1275,345
0046,21:20,1280,345
0046,21:25,1285,345
0046,21:30,1290,172
0046,21:35,1295,172
0046,21:40,1300,172
0046,21:45,1305,172
0046,21:50,1310,172
0046,21:55,1315,172
0046,22:00,1320,172
0046,22:05,1325,172
0046,22:10,1330,172
0046,22:15,1335,172
0046,22:20,1340,172
0046,22:25,1345,172
0046,22:30,1350,172
0046,22:35,1355,172
0046,22:40,1360,172
0046,22:45,1365,172
0046,22:50,1370,172
0046,22:55,1375,172
0046,23:00,1380,172
0046,23:05,1385,172
0046,23:10,1390,172
0046,23:15,1395,172
0046,23:16,1396,172
0046,23:20,1400,172
0047,09:00,540,0
0047,09:05,545,0
0047,09:10,550,0
0047,09:15,555,0
0047,09:20,560,0
0047,09:25,565,0
0047,09:30,570,0
0047,09:35,575,0
0047,09:40,580,0
0047,09:45,585,0
0047,09:50,590,0
0047,09:55,595,0
0047,10:00,600,0
0047,10:05,605,0
0047,10:10,610,0
0047,10:15,615,0
0047,10:20,620,0
0047,10:25,625,0
0047,10:30,630,0
0047,10:35,635,0
0047,10:40,640,0
0047,10:45,645,0
0047,10:50,650,0
0047,10:55,655,0
0047,11:00,660,-178
0047,11:05,665,-178
0047,11:10,670,-356
0047,11:15,675,-356
0047,11:20,680,-356
0047,11:25,685,-356
0047,11:30,690,1552
0047,11:35,695,1552
0047,11:40,700,1552
0047,11:45,705,1724
0047,11:50,710,1724
0047,11:55,715,1724
0047,12:00,720,1724
0047,12:05,725,4310
0047,12:10,730,4310
0047,12:15,735,4310
0047,12:20,740,4310
0047,12:25,745,4310
0047,12:30,750,3793
0047,12:35,755,3793
0047,12:40,760,3793
0047,12:45,765,3793
0047,12:50,770,9483
0047,12:55,775,9483
0047,13:00,780,9483
0047,13:05,785,15000
0047,13:10,790,15000
0047,13:15,795,15000
0047,13:20,800,15000
0047,13:25,805,14828
0047,13:30,810,14828
0047,13:35,815,14828
0047,13:40,820,14828
0047,13:45,825,14828
0047,13:50,830,13448
0047,13:55,835,13448
0047,14:00,840,13448
0047,14:05,845,13448
0047,14:10,850,12241
0047,14:15,855,12241
0047,14:20,860,12241
0047,14:25,865,12241
0047,14:30,870,12241
0047,14:35,875,12241
0047,14:40,880,12241
0047,14:45,885,10690
0047,14:50,890,10690
0047,14:55,895,10690
0047,15:00,900,10690
0047,15:05,905,10690
0047,15:10,910,9483
0047,15:15,915,9483
0047,15:20,920,9483
0047,15:25,925,9483
0047,15:30,930,11552
0047,15:35,935,11552
0047,15:40,940,11552
0047,15:45,945,10000
0047,15:50,950,10000
0047,15:55,955,10000
0047,16:00,960,10000
0047,16:05,965,10000
0047,16:10,970,8621
0047,16:15,975,8621
0047,16:20,980,8621
0047,16:25,985,8621
0047,16:30,990,6897
0047,16:35,995,6897
0047,16:40,1000,6897
0047,16:45,1005,6897
0047,16:50,1010,7414
0047,16:55,1015,7414
0047,17:00,1020,7414
0047,17:05,1025,6379
0047,17:10,1030,6379
0047,17:15,1035,6379
0047,17:20,1040,6379
0047,17:25,1045,6379
0047,17:30,1050,4655
0047,17:35,1055,4655
0047,17:40,1060,4655
0047,17:45,1065,4655
0047,17:50,1070,3276
0047,17:55,1075,3276
0047,18:00,1080,3276
0047,18:05,1085,3276
0047,18:10,1090,3276
0047,18:15,1095,3276
0047,18:20,1100,3276
0047,18:25,1105,2586
0047,18:30,1110,2586
0047,18:35,1115,2586
0047,18:40,1120,2586
0047,18:45,1125,2586
0047,18:50,1130,2586
0047,18:55,1135,2586
0047,19:00,1140,2586
0047,19:05,1145,2586
0047,19:10,1150,2414
0047,19:15,1155,2414
0047,19:20,1160,2414
0047,19:25,1165,862
0047,19:30,1170,862
0047,19:35,1175,862
0047,19:40,1180,862
0047,19:45,1185,517
0047,19:50,1190,517
0047,19:55,1195,517
0047,20:00,1200,517
0047,20:05,1205,517
0047,20:10,1210,-356
0047,20:15,1215,-356
0047,20:20,1220,-356
0047,20:25,1225,-356
0047,20:30,1230,-889
0047,20:35,1235,-889
0047,20:40,1240,-889
0047,20:45,1245,-889
0047,20:50,1250,-889
0047,20:55,1255,-889
0047,21:00,1260,-889
0047,21:05,1265,-889
0047,21:10,1270,-2133
0047,21:15,1275,-2133
0047,21:20,1280,-2133
0047,21:25,1285,-2133
0047,21:30,1290,-356
0047,21:35,1295,-356
0047,21:40,1300,-356
0047,21:45,1305,-1778
0047,21:50,1310,-1778
0047,21:55,1315,-1778
0047,22:00,1320,-1778
0047,22:05,1325,-1956
0047,22:10,1330,-1956
0047,22:15,1335,-1956
0047,22:20,1340,-1956
0047,22:25,1345,-1956
0047,22:30,1350,-1956
0047,22:35,1355,-1956
0047,22:40,1360,-1956
0047,22:45,1365,-1956
0047,22:50,1370,-1956
0047,22:55,1375,-1956
0047,23:00,1380,-1956
0047,23:05,1385,-1956
0047,23:10,1390,-1956
0047,23:15,1395,-1956
0047,23:16,1396,-1956
0047,23:20,1400,-1956
0048,09:00,540,0
0048,09:05,545,0
0048,09:10,550,0
0048,09:15,555,0
0048,09:20,560,0
0048,09:25,565,0
0048,09:30,570,0
0048,09:35,575,0
0048,09:40,580,0
0048,09:45,585,0
0048,09:50,590,0
0048,09:55,595,0
0048,10:00,600,0
0048,10:05,605,0
0048,10:10,610,-263
0048,10:15,615,-263
0048,10:20,620,-263
0048,10:25,625,781
0048,10:30,630,781
0048,10:35,635,781
0048,10:40,640,-263
0048,10:45,645,-263
0048,10:50,650,-263
0048,10:55,655,-263
0048,11:00,660,-1053
0048,11:05,665,-1053
0048,11:10,670,-1579
0048,11:15,675,-1579
0048,11:20,680,-1579
0048,11:25,685,-1579
0048,11:30,690,-2895
0048,11:35,695,-2895
0048,11:40,700,-2895
0048,11:45,705,-3947
0048,11:50,710,-3947
0048,11:55,715,-3947
0048,12:00,720,-3947
0048,12:05,725,-3421
0048,12:10,730,-3421
0048,12:15,735,-3421
0048,12:20,740,-3421
0048,12:25,745,-3421
0048,12:30,750,2865
0048,12:35,755,2865
0048,12:40,760,2865
0048,12:45,765,2865
0048,12:50,770,6250
0048,12:55,775,6250
0048,13:00,780,6250
0048,13:05,785,9896
0048,13:10,790,9896
0048,13:15,795,9896
0048,13:20,800,9896
0048,13:25,805,12760
0048,13:30,810,12760
0048,13:35,815,12760
0048,13:40,820,12760
0048,13:45,825,12760
0048,13:50,830,13802
0048,13:55,835,13802
0048,14:00,840,13802
0048,14:05,845,13802
0048,14:10,850,12500
0048,14:15,855,12500
0048,14:20,860,12500
0048,14:25,865,12500
0048,14:30,870,12500
0048,14:35,875,12500
0048,14:40,880,12500
0048,14:45,885,18229
0048,14:50,890,18229
0048,14:55,895,18229
0048,15:00,900,18229
0048,15:05,905,18229
0048,15:10,910,17708
0048,15:15,915,17708
0048,15:20,920,17708
0048,15:25,925,17708
0048,15:30,930,18229
0048,15:35,935,18229
0048,15:40,940,18229
0048,15:45,945,23698
0048,15:50,950,23698
0048,15:55,955,23698
0048,16:00,960,23698
0048,16:05,965,23698
0048,16:10,970,29167
0048,16:15,975,29167
0048,16:20,980,29167
0048,16:25,985,29167
0048,16:30,990,28385
0048,16:35,995,28385
0048,16:40,1000,28385
0048,16:45,1005,28385
0048,16:50,1010,33073
0048,16:55,1015,33073
0048,17:00,1020,33073
0048,17:05,1025,37240
0048,17:10,1030,37240
0048,17:15,1035,37240
0048,17:20,1040,37240
0048,17:25,1045,37240
0048,17:30,1050,39062
0048,17:35,1055,39062
0048,17:40,1060,39062
0048,17:45,1065,39062
0048,17:50,1070,40104
0048,17:55,1075,40104
0048,18:00,1080,40104
0048,18:05,1085,40104
0048,18:10,1090,39323
0048,18:15,1095,39323
0048,18:20,1100,39323
0048,18:25,1105,39323
0048,18:30,1110,39323
0048,18:35,1115,39323
0048,18:40,1120,39323
0048,18:45,1125,39323
0048,18:50,1130,39323
0048,18:55,1135,39323
0048,19:00,1140,39323
0048,19:05,1145,39323
0048,19:10,1150,39323
0048,19:15,1155,39323
0048,19:20,1160,39323
0048,19:25,1165,39323
0048,19:30,1170,39323
0048,19:35,1175,39323
0048,19:40,1180,39323
0048,19:45,1185,38542
0048,19:50,1190,38542
0048,19:55,1195,38542
0048,20:00,1200,38542
0048,20:05,1205,38542
0048,20:10,1210,38542
0048,20:15,1215,38542
0048,20:20,1220,38542
0048,20:25,1225,38542
0048,20:30,1230,38542
0048,20:35,1235,38542
0048,20:40,1240,38542
0048,20:45,1245,38542
0048,20:50,1250,38542
0048,20:55,1255,38542
0048,21:00,1260,38542
0048,21:05,1265,38542
0048,21:10,1270,38542
0048,21:15,1275,38542
0048,21:20,1280,38542
0048,21:25,1285,38542
0048,21:30,1290,38542
0048,21:35,1295,38542
0048,21:40,1300,38542
0048,21:45,1305,38542
0048,21:50,1310,38542
0048,21:55,1315,38542
0048,22:00,1320,38542
0048,22:05,1325,38542
0048,22:10,1330,38542
0048,22:15,1335,38542
0048,22:20,1340,38542
0048,22:25,1345,38542
0048,22:30,1350,38542
0048,22:35,1355,38542
0048,22:40,1360,38542
0048,22:45,1365,38542
0048,22:50,1370,38542
0048,22:55,1375,38542
0048,23:00,1380,38542
0048,23:05,1385,38542
0048,23:10,1390,38542
0048,23:15,1395,38542
0048,23:16,1396,38542
0048,23:20,1400,38542
0049,09:00,540,0
0049,09:05,545,0
0049,09:10,550,0
0049,09:15,555,0
0049,09:20,560,0
0049,09:25,565,0
0049,09:30,570,0
0049,09:35,575,0
0049,09:40,580,0
0049,09:45,585,0
0049,09:50,590,0
0049,09:55,595,0
0049,10:00,600,0
0049,10:05,605,0
0049,10:10,610,-178
0049,10:15,615,-178
0049,10:20,620,-178
0049,10:25,625,-889
0049,10:30,630,-889
0049,10:35,635,-889
0049,10:40,640,-889
0049,10:45,645,-889
0049,10:50,650,-889
0049,10:55,655,-889
0049,11:00,660,-1600
0049,11:05,665,-1600
0049,11:10,670,-2133
0049,11:15,675,-2133
0049,11:20,680,-2133
0049,11:25,685,-2133
0049,11:30,690,-3911
0049,11:35,695,-3911
0049,11:40,700,-3911
0049,11:45,705,-4978
0049,11:50,710,-4978
0049,11:55,715,-4978
0049,12:00,720,-4978
0049,12:05,725,-5867
0049,12:10,730,-5867
0049,12:15,735,-5867
0049,12:20,740,-5867
0049,12:25,745,-5867
0049,12:30,750,-6933
0049,12:35,755,-6933
0049,12:40,760,-6933
0049,12:45,765,-6933
0049,12:50,770,-7644
0049,12:55,775,-7644
0049,13:00,780,-7644
0049,13:05,785,-8178
0049,13:10,790,-8178
0049,13:15,795,-8178
0049,13:20,800,-8178
0049,13:25,805,-9956
0049,13:30,810,-9956
0049,13:35,815,-9956
0049,13:40,820,-9956
0049,13:45,825,-9956
0049,13:50,830,-10844
0049,13:55,835,-10844
0049,14:00,840,-10844
0049,14:05,845,-10844
0049,14:10,850,-12089
0049,14:15,855,-12089
0049,14:20,860,-12089
0049,14:25,865,-12089
0049,14:30,870,-8178
0049,14:35,875,-8178
0049,14:40,880,-8178
0049,14:45,885,-9422
0049,14:50,890,-9422
0049,14:55,895,-9422
0049,15:00,900,-9422
0049,15:05,905,-9422
0049,15:10,910,-5511
0049,15:15,915,-5511
0049,15:20,920,-5511
0049,15:25,925,-5511
0049,15:30,930,-3733
0049,15:35,935,-3733
0049,15:40,940,-3733
0049,15:45,945,-3378
0049,15:50,950,-3378
0049,15:55,955,-3378
0049,16:00,960,-3378
0049,16:05,965,-3378
0049,16:10,970,-889
0049,16:15,975,-889
0049,16:20,980,-889
0049,16:25,985,-889
0049,16:30,990,-2311
0049,16:35,995,-2311
0049,16:40,1000,-2311
0049,16:45,1005,-2311
0049,16:50,1010,-3022
0049,16:55,1015,-3022
0049,17:00,1020,-3022
0049,17:05,1025,-3022
0049,17:10,1030,-3022
0049,17:15,1035,-3022
0049,17:20,1040,-3022
0049,17:25,1045,-3022
0049,17:30,1050,-3022
0049,17:35,1055,-3022
0049,17:40,1060,-3022
0049,17:45,1065,-3022
0049,17:50,1070,-3733
0049,17:55,1075,-3733
0049,18:00,1080,-3733
0049,18:05,1085,-3733
0049,18:10,1090,-4089
0049,18:15,1095,-4089
0049,18:20,1100,-4089
0049,18:25,1105,-5867
0049,18:30,1110,-5867
0049,18:35,1115,-5867
0049,18:40,1120,-5867
0049,18:45,1125,-5867
0049,18:50,1130,-6756
0049,18:55,1135,-6756
0049,19:00,1140,-6756
0049,19:05,1145,-6756
0049,19:10,1150,-7111
0049,19:15,1155,-7111
0049,19:20,1160,-7111
0049,19:25,1165,-7111
0049,19:30,1170,-7111
0049,19:35,1175,-7111
0049,19:40,1180,-7111
0049,19:45,1185,-7111
0049,19:50,1190,-7111
0049,19:55,1195,-7111
0049,20:00,1200,-7111
0049,20:05,1205,-7111
0049,20:10,1210,-7111
0049,20:15,1215,-7111
0049,20:20,1220,-7111
0049,20:25,1225,-7111
0049,20:30,1230,-8533
0049,20:35,1235,-8533
0049,20:40,1240,-8533
0049,20:45,1245,-3200
0049,20:50,1250,-3200
0049,20:55,1255,-3200
0049,21:00,1260,-3200
0049,21:05,1265,-3200
0049,21:10,1270,-3378
0049,21:15,1275,-3378
0049,21:20,1280,-3378
0049,21:25,1285,-3378
0049,21:30,1290,-3556
0049,21:35,1295,-3556
0049,21:40,1300,-3556
0049,21:45,1305,-3556
0049,21:50,1310,-3556
0049,21:55,1315,-3556
0049,22:00,1320,-3556
0049,22:05,1325,-3556
0049,22:10,1330,-3556
0049,22:15,1335,-3556
0049,22:20,1340,-3556
0049,22:25,1345,-3556
0049,22:30,1350,-3556
0049,22:35,1355,-3556
0049,22:40,1360,-3556
0049,22:45,1365,-3556
0049,22:50,1370,-3556
0049,22:55,1375,-3556
0049,23:00,1380,-3556
0049,23:05,1385,-3556
0049,23:10,1390,-3556
0049,23:15,1395,-3556
0049,23:16,1396,-3556
0049,23:20,1400,-3556
0050,09:00,540,0
0050,09:05,545,0
0050,09:10,550,0
0050,09:15,555,0
0050,09:20,560,0
0050,09:25,565,0
0050,09:30,570,0
0050,09:35,575,0
0050,09:40,580,0
0050,09:45,585,0
0050,09:50,590,0
0050,09:55,595,0
0050,10:00,600,0
0050,10:05,605,0
0050,10:10,610,0
0050,10:15,615,0
0050,10:20,620,0
0050,10:25,625,0
0050,10:30,630,0
0050,10:35,635,0
0050,10:40,640,0
0050,10:45,645,0
0050,10:50,650,0
0050,10:55,655,0
0050,11:00,660,0
0050,11:05,665,0
0050,11:10,670,-356
0050,11:15,675,-356
0050,11:20,680,-356
0050,11:25,685,-356
0050,11:30,690,-2311
0050,11:35,695,-2311
0050,11:40,700,-2311
0050,11:45,705,1379
0050,11:50,710,1379
0050,11:55,715,1379
0050,12:00,720,1379
0050,12:05,725,7069
0050,12:10,730,7069
0050,12:15,735,7069
0050,12:20,740,7069
0050,12:25,745,7069
0050,12:30,750,15517
0050,12:35,755,15517
0050,12:40,760,15517
0050,12:45,765,15517
0050,12:50,770,15690
0050,12:55,775,15690
0050,13:00,780,15690
0050,13:05,785,15345
0050,13:10,790,15345
0050,13:15,795,15345
0050,13:20,800,15345
0050,13:25,805,13621
0050,13:30,810,13621
0050,13:35,815,13621
0050,13:40,820,13621
0050,13:45,825,13621
0050,13:50,830,12241
0050,13:55,835,12241
0050,14:00,840,12241
0050,14:05,845,12241
0050,14:10,850,11034
0050,14:15,855,11034
0050,14:20,860,11034
0050,14:25,865,11034
0050,14:30,870,9310
0050,14:35,875,9310
0050,14:40,880,9310
0050,14:45,885,7931
0050,14:50,890,7931
0050,14:55,895,7931
0050,15:00,900,7931
0050,15:05,905,7931
0050,15:10,910,10000
0050,15:15,915,10000
0050,15:20,920,10000
0050,15:25,925,10000
0050,15:30,930,11552
0050,15:35,935,11552
0050,15:40,940,11552
0050,15:45,945,15517
0050,15:50,950,15517
0050,15:55,955,15517
0050,16:00,960,15517
0050,16:05,965,15517
0050,16:10,970,14483
0050,16:15,975,14483
0050,16:20,980,14483
0050,16:25,985,14483
0050,16:30,990,13448
0050,16:35,995,13448
0050,16:40,1000,13448
0050,16:45,1005,13448
0050,16:50,1010,13448
0050,16:55,1015,13448
0050,17:00,1020,13448
0050,17:05,1025,13448
0050,17:10,1030,13448
0050,17:15,1035,13448
0050,17:20,1040,13448
0050,17:25,1045,13448
0050,17:30,1050,13448
0050,17:35,1055,13448
0050,17:40,1060,13448
0050,17:45,1065,13448
0050,17:50,1070,12414
0050,17:55,1075,12414
0050,18:00,1080,12414
0050,18:05,1085,12414
0050,18:10,1090,12414
0050,18:15,1095,12414
0050,18:20,1100,12414
0050,18:25,1105,12414
0050,18:30,1110,12414
0050,18:35,1115,12414
0050,18:40,1120,12414
0050,18:45,1125,12414
0050,18:50,1130,12241
0050,18:55,1135,12241
0050,19:00,1140,12241
0050,19:05,1145,12241
0050,19:10,1150,11897
0050,19:15,1155,11897
0050,19:20,1160,11897
0050,19:25,1165,13621
0050,19:30,1170,13621
0050,19:35,1175,13621
0050,19:40,1180,13621
0050,19:45,1185,13621
0050,19:50,1190,13621
0050,19:55,1195,13621
0050,20:00,1200,13621
0050,20:05,1205,13621
0050,20:10,1210,13621
0050,20:15,1215,13621
0050,20:20,1220,13621
0050,20:25,1225,13621
0050,20:30,1230,13621
0050,20:35,1235,13621
0050,20:40,1240,13621
0050,20:45,1245,13621
0050,20:50,1250,13621
0050,20:55,1255,13621
0050,21:00,1260,13621
0050,21:05,1265,13621
0050,21:10,1270,13621
0050,21:15,1275,13621
0050,21:20,1280,13621
0050,21:25,1285,13621
0050,21:30,1290,13621
0050,21:35,1295,13621
0050,21:40,1300,13621
0050,21:45,1305,13621
0050,21:50,1310,13621
0050,21:55,1315,13621
0050,22:00,1320,13621
0050,22:05,1325,13621
0050,22:10,1330,13621
0050,22:15,1335,13621
0050,22:20,1340,13621
0050,22:25,1345,13621
0050,22:30,1350,13621
0050,22:35,1355,13621
0050,22:40,1360,13621
0050,22:45,1365,13621
0050,22:50,1370,13621
0050,22:55,1375,13621
0050,23:00,1380,13621
0050,23:05,1385,13621
0050,23:10,1390,13621
0050,23:15,1395,13621
0050,23:16,1396,13621
0050,23:20,1400,13621
0051,09:00,540,0
0051,09:05,545,0
0051,09:10,550,0
0051,09:15,555,0
0051,09:20,560,0
0051,09:25,565,0
0051,09:30,570,0
0051,09:35,575,0
0051,09:40,580,0
0051,09:45,585,0
0051,09:50,590,0
0051,09:55,595,0
0051,10:00,600,0
0051,10:05,605,0
0051,10:10,610,0
0051,10:15,615,0
0051,10:20,620,0
0051,10:25,625,0
0051,10:30,630,0
0051,10:35,635,0
0051,10:40,640,0
0051,10:45,645,0
0051,10:50,650,0
0051,10:55,655,0
0051,11:00,660,0
0051,11:05,665,0
0051,11:10,670,0
0051,11:15,675,0
0051,11:20,680,0
0051,11:25,685,0
0051,11:30,690,0
0051,11:35,695,0
0051,11:40,700,0
0051,11:45,705,0
0051,11:50,710,0
0051,11:55,715,0
0051,12:00,720,0
0051,12:05,725,172
0051,12:10,730,172
0051,12:15,735,172
0051,12:20,740,172
0051,12:25,745,172
0051,12:30,750,5000
0051,12:35,755,5000
0051,12:40,760,5000
0051,12:45,765,5000
0051,12:50,770,3966
0051,12:55,775,3966
0051,13:00,780,3966
0051,13:05,785,4310
0051,13:10,790,4310
0051,13:15,795,4310
0051,13:20,800,4310
0051,13:25,805,3276
0051,13:30,810,3276
0051,13:35,815,3276
0051,13:40,820,3276
0051,13:45,825,3276
0051,13:50,830,1897
0051,13:55,835,1897
0051,14:00,840,1897
0051,14:05,845,1897
0051,14:10,850,2414
0051,14:15,855,2414
0051,14:20,860,2414
0051,14:25,865,2414
0051,14:30,870,6552
0051,14:35,875,6552
0051,14:40,880,6552
0051,14:45,885,7069
0051,14:50,890,7069
0051,14:55,895,7069
0051,15:00,900,7069
0051,15:05,905,7069
0051,15:10,910,12414
0051,15:15,915,12414
0051,15:20,920,12414
0051,15:25,925,12414
0051,15:30,930,17414
0051,15:35,935,17414
0051,15:40,940,17414
0051,15:45,945,16724
0051,15:50,950,16724
0051,15:55,955,16724
0051,16:00,960,16724
0051,16:05,965,16724
0051,16:10,970,15517
0051,16:15,975,15517
0051,16:20,980,15517
0051,16:25,985,15517
0051,16:30,990,15172
0051,16:35,995,15172
0051,16:40,1000,15172
0051,16:45,1005,15172
0051,16:50,1010,15172
0051,16:55,1015,15172
0051,17:00,1020,15172
0051,17:05,1025,14483
0051,17:10,1030,14483
0051,17:15,1035,14483
0051,17:20,1040,14483
0051,17:25,1045,14483
0051,17:30,1050,14310
0051,17:35,1055,14310
0051,17:40,1060,14310
0051,17:45,1065,14310
0051,17:50,1070,13621
0051,17:55,1075,13621
0051,18:00,1080,13621
0051,18:05,1085,13621
0051,18:10,1090,13448
0051,18:15,1095,13448
0051,18:20,1100,13448
0051,18:25,1105,12931
0051,18:30,1110,12931
0051,18:35,1115,12931
0051,18:40,1120,12931
0051,18:45,1125,12931
0051,18:50,1130,12931
0051,18:55,1135,12931
0051,19:00,1140,12931
0051,19:05,1145,12931
0051,19:10,1150,12414
0051,19:15,1155,12414
0051,19:20,1160,12414
0051,19:25,1165,12414
0051,19:30,1170,12414
0051,19:35,1175,12414
0051,19:40,1180,12414
0051,19:45,1185,12414
0051,19:50,1190,12414
0051,19:55,1195,12414
0051,20:00,1200,12414
0051,20:05,1205,12414
0051,20:10,1210,12414
0051,20:15,1215,12414
0051,20:20,1220,12414
0051,20:25,1225,12414
0051,20:30,1230,12069
0051,20:35,1235,12069
0051,20:40,1240,12069
0051,20:45,1245,12069
0051,20:50,1250,12069
0051,20:55,1255,12069
0051,21:00,1260,12069
0051,21:05,1265,12069
0051,21:10,1270,12069
0051,21:15,1275,12069
0051,21:20,1280,12069
0051,21:25,1285,12069
0051,21:30,1290,12069
0051,21:35,1295,12069
0051,21:40,1300,12069
0051,21:45,1305,12069
0051,21:50,1310,12069
0051,21:55,1315,12069
0051,22:00,1320,12069
0051,22:05,1325,12069
0051,22:10,1330,12069
0051,22:15,1335,12069
0051,22:20,1340,12069
0051,22:25,1345,12069
0051,22:30,1350,12069
0051,22:35,1355,12069
0051,22:40,1360,12069
0051,22:45,1365,12069
0051,22:50,1370,12069
0051,22:55,1375,12069
0051,23:00,1380,12069
0051,23:05,1385,12069
0051,23:10,1390,12069
0051,23:15,1395,12069
0051,23:16,1396,12069
0051,23:20,1400,12069
0052,09:00,540,0
0052,09:05,545,0
0052,09:10,550,0
0052,09:15,555,0
0052,09:20,560,0
0052,09:25,565,0
0052,09:30,570,0
0052,09:35,575,0
0052,09:40,580,0
0052,09:45,585,0
0052,09:50,590,0
0052,09:55,595,0
0052,10:00,600,0
0052,10:05,605,0
0052,10:10,610,0
0052,10:15,615,0
0052,10:20,620,0
0052,10:25,625,0
0052,10:30,630,0
0052,10:35,635,0
0052,10:40,640,0
0052,10:45,645,0
0052,10:50,650,0
0052,10:55,655,0
0052,11:00,660,0
0052,11:05,665,0
0052,11:10,670,0
0052,11:15,675,0
0052,11:20,680,0
0052,11:25,685,0
0052,11:30,690,0
0052,11:35,695,0
0052,11:40,700,0
0052,11:45,705,-178
0052,11:50,710,-178
0052,11:55,715,-178
0052,12:00,720,-178
0052,12:05,725,1983
0052,12:10,730,1983
0052,12:15,735,1983
0052,12:20,740,1983
0052,12:25,745,1983
0052,12:30,750,431
0052,12:35,755,431
0052,12:40,760,431
0052,12:45,765,431
0052,12:50,770,-1156
0052,12:55,775,-1156
0052,13:00,780,-1156
0052,13:05,785,-2311
0052,13:10,790,-2311
0052,13:15,795,-2311
0052,13:20,800,-2311
0052,13:25,805,1207
0052,13:30,810,1207
0052,13:35,815,1207
0052,13:40,820,1207
0052,13:45,825,1207
0052,13:50,830,-356
0052,13:55,835,-356
0052,14:00,840,-356
0052,14:05,845,-356
0052,14:10,850,-1689
0052,14:15,855,-1689
0052,14:20,860,-1689
0052,14:25,865,-1689
0052,14:30,870,-3556
0052,14:35,875,-3556
0052,14:40,880,-3556
0052,14:45,885,-5067
0052,14:50,890,-5067
0052,14:55,895,-5067
0052,15:00,900,-5067
0052,15:05,905,-5067
0052,15:10,910,-4711
0052,15:15,915,-4711
0052,15:20,920,-4711
0052,15:25,925,-4711
0052,15:30,930,948
0052,15:35,935,948
0052,15:40,940,948
0052,15:45,945,948
0052,15:50,950,948
0052,15:55,955,948
0052,16:00,960,948
0052,16:05,965,948
0052,16:10,970,948
0052,16:15,975,948
0052,16:20,980,948
0052,16:25,985,948
0052,16:30,990,-89
0052,16:35,995,-89
0052,16:40,1000,-89
0052,16:45,1005,-89
0052,16:50,1010,-1156
0052,16:55,1015,-1156
0052,17:00,1020,-1156
0052,17:05,1025,-2222
0052,17:10,1030,-2222
0052,17:15,1035,-2222
0052,17:20,1040,-2222
0052,17:25,1045,-2222
0052,17:30,1050,-4000
0052,17:35,1055,-4000
0052,17:40,1060,-4000
0052,17:45,1065,-4000
0052,17:50,1070,-5600
0052,17:55,1075,-5600
0052,18:00,1080,-5600
0052,18:05,1085,-5600
0052,18:10,1090,-5067
0052,18:15,1095,-5067
0052,18:20,1100,-5067
0052,18:25,1105,-5778
0052,18:30,1110,-5778
0052,18:35,1115,-5778
0052,18:40,1120,-5778
0052,18:45,1125,-5778
0052,18:50,1130,-2133
0052,18:55,1135,-2133
0052,19:00,1140,-2133
0052,19:05,1145,-2133
0052,19:10,1150,-800
0052,19:15,1155,-800
0052,19:20,1160,-800
0052,19:25,1165,-800
0052,19:30,1170,-800
0052,19:35,1175,-800
0052,19:40,1180,-800
0052,19:45,1185,-800
0052,19:50,1190,-800
0052,19:55,1195,-800
0052,20:00,1200,-800
0052,20:05,1205,-800
0052,20:10,1210,-800
0052,20:15,1215,-800
0052,20:20,1220,-800
0052,20:25,1225,-800
0052,20:30,1230,-800
0052,20:35,1235,-800
0052,20:40,1240,-800
0052,20:45,1245,-800
0052,20:50,1250,-800
0052,20:55,1255,-800
0052,21:00,1260,-800
0052,21:05,1265,-800
0052,21:10,1270,-800
0052,21:15,1275,-800
0052,21:20,1280,-800
0052,21:25,1285,-800
0052,21:30,1290,-800
0052,21:35,1295,-800
0052,21:40,1300,-800
0052,21:45,1305,-800
0052,21:50,1310,-800
0052,21:55,1315,-800
0052,22:00,1320,-800
0052,22:05,1325,-800
0052,22:10,1330,-800
0052,22:15,1335,-800
0052,22:20,1340,-800
0052,22:25,1345,-800
0052,22:30,1350,-800
0052,22:35,1355,-800
0052,22:40,1360,-800
0052,22:45,1365,-800
0052,22:50,1370,-800
0052,22:55,1375,-800
0052,23:00,1380,-800
0052,23:05,1385,-800
0052,23:10,1390,-800
0052,23:15,1395,-800
0052,23:16,1396,-800
0052,23:20,1400,-800
0053,09:00,540,0
0053,09:05,545,0
0053,09:10,550,0
0053,09:15,555,0
0053,09:20,560,0
0053,09:25,565,0
0053,09:30,570,0
0053,09:35,575,0
0053,09:40,580,0
0053,09:45,585,0
0053,09:50,590,0
0053,09:55,595,0
0053,10:00,600,0
0053,10:05,605,0
0053,10:10,610,0
0053,10:15,615,0
0053,10:20,620,0
0053,10:25,625,-533
0053,10:30,630,-533
0053,10:35,635,-533
0053,10:40,640,-889
0053,10:45,645,-889
0053,10:50,650,-889
0053,10:55,655,-889
0053,11:00,660,-889
0053,11:05,665,-889
0053,11:10,670,-889
0053,11:15,675,-889
0053,11:20,680,-889
0053,11:25,685,-889
0053,11:30,690,-1067
0053,11:35,695,-1067
0053,11:40,700,-1067
0053,11:45,705,-1422
0053,11:50,710,-1422
0053,11:55,715,-1422
0053,12:00,720,-1422
0053,12:05,725,-2667
0053,12:10,730,-2667
0053,12:15,735,-2667
0053,12:20,740,-2667
0053,12:25,745,-2667
0053,12:30,750,-2667
0053,12:35,755,-2667
0053,12:40,760,-2667
0053,12:45,765,-2667
0053,12:50,770,-356
0053,12:55,775,-356
0053,13:00,780,-356
0053,13:05,785,-889
0053,13:10,790,-889
0053,13:15,795,-889
0053,13:20,800,-889
0053,13:25,805,-1244
0053,13:30,810,-1244
0053,13:35,815,-1244
0053,13:40,820,-1244
0053,13:45,825,-1244
0053,13:50,830,-1600
0053,13:55,835,-1600
0053,14:00,840,-1600
0053,14:05,845,-1600
0053,14:10,850,-2489
0053,14:15,855,-2489
0053,14:20,860,-2489
0053,14:25,865,-2489
0053,14:30,870,-4089
0053,14:35,875,-4089
0053,14:40,880,-4089
0053,14:45,885,-3556
0053,14:50,890,-3556
0053,14:55,895,-3556
0053,15:00,900,-3556
0053,15:05,905,-3556
0053,15:10,910,-4800
0053,15:15,915,-4800
0053,15:20,920,-4800
0053,15:25,925,-4800
0053,15:30,930,-3911
0053,15:35,935,-3911
0053,15:40,940,-3911
0053,15:45,945,-5333
0053,15:50,950,-5333
0053,15:55,955,-5333
0053,16:00,960,-5333
0053,16:05,965,-5333
0053,16:10,970,-6756
0053,16:15,975,-6756
0053,16:20,980,-6756
0053,16:25,985,-6756
0053,16:30,990,-8533
0053,16:35,995,-8533
0053,16:40,1000,-8533
0053,16:45,1005,-8533
0053,16:50,1010,-10133
0053,16:55,1015,-10133
0053,17:00,1020,-10133
0053,17:05,1025,-11556
0053,17:10,1030,-11556
0053,17:15,1035,-11556
0053,17:20,1040,-11556
0053,17:25,1045,-11556
0053,17:30,1050,-12800
0053,17:35,1055,-12800
0053,17:40,1060,-12800
0053,17:45,1065,-12800
0053,17:50,1070,-13689
0053,17:55,1075,-13689
0053,18:00,1080,-13689
0053,18:05,1085,-13689
0053,18:10,1090,-13689
0053,18:15,1095,-13689
0053,18:20,1100,-13689
0053,18:25,1105,-13689
0053,18:30,1110,-13689
0053,18:35,1115,-13689
0053,18:40,1120,-13689
0053,18:45,1125,-13689
0053,18:50,1130,-14756
0053,18:55,1135,-14756
0053,19:00,1140,-14756
0053,19:05,1145,-14756
0053,19:10,1150,-14756
0053,19:15,1155,-14756
0053,19:20,1160,-14756
0053,19:25,1165,-15467
0053,19:30,1170,-15467
0053,19:35,1175,-15467
0053,19:40,1180,-15467
0053,19:45,1185,-15467
0053,19:50,1190,-15467
0053,19:55,1195,-15467
0053,20:00,1200,-15467
0053,20:05,1205,-15467
0053,20:10,1210,-15467
0053,20:15,1215,-15467
0053,20:20,1220,-15467
0053,20:25,1225,-15467
0053,20:30,1230,-15467
0053,20:35,1235,-15467
0053,20:40,1240,-15467
0053,20:45,1245,-15467
0053,20:50,1250,-15467
0053,20:55,1255,-15467
0053,21:00,1260,-15467
0053,21:05,1265,-15467
0053,21:10,1270,-15467
0053,21:15,1275,-15467
0053,21:20,1280,-15467
0053,21:25,1285,-15467
0053,21:30,1290,-15467
0053,21:35,1295,-15467
0053,21:40,1300,-15467
0053,21:45,1305,-15467
0053,21:50,1310,-15467
0053,21:55,1315,-15467
0053,22:00,1320,-15467
0053,22:05,1325,-15467
0053,22:10,1330,-15467
0053,22:15,1335,-15467
0053,22:20,1340,-15467
0053,22:25,1345,-15467
0053,22:30,1350,-15467
0053,22:35,1355,-15467
0053,22:40,1360,-15467
0053,22:45,1365,-15467
0053,22:50,1370,-15467
0053,22:55,1375,-15467
0053,23:00,1380,-15467
0053,23:05,1385,-15467
0053,23:10,1390,-15467
0053,23:15,1395,-15467
0053,23:16,1396,-15467
0053,23:20,1400,-15467
0054,09:00,540,0
0054,09:05,545,0
0054,09:10,550,0
0054,09:15,555,0
0054,09:20,560,0
0054,09:25,565,0
0054,09:30,570,0
0054,09:35,575,0
0054,09:40,580,0
0054,09:45,585,0
0054,09:50,590,0
0054,09:55,595,0
0054,10:00,600,0
0054,10:05,605,0
0054,10:10,610,0
0054,10:15,615,0
0054,10:20,620,0
0054,10:25,625,0
0054,10:30,630,0
0054,10:35,635,0
0054,10:40,640,0
0054,10:45,645,0
0054,10:50,650,0
0054,10:55,655,0
0054,11:00,660,0
0054,11:05,665,0
0054,11:10,670,-255
0054,11:15,675,-255
0054,11:20,680,-255
0054,11:25,685,-255
0054,11:30,690,-2043
0054,11:35,695,-2043
0054,11:40,700,-2043
0054,11:45,705,-3574
0054,11:50,710,-3574
0054,11:55,715,-3574
0054,12:00,720,-3574
0054,12:05,725,-4851
0054,12:10,730,-4851
0054,12:15,735,-4851
0054,12:20,740,-4851
0054,12:25,745,-4851
0054,12:30,750,-6894
0054,12:35,755,-6894
0054,12:40,760,-6894
0054,12:45,765,-6894
0054,12:50,770,-4596
0054,12:55,775,-4596
0054,13:00,780,-4596
0054,13:05,785,-5872
0054,13:10,790,-5872
0054,13:15,795,-5872
0054,13:20,800,-5872
0054,13:25,805,-7660
0054,13:30,810,-7660
0054,13:35,815,-7660
0054,13:40,820,-7660
0054,13:45,825,-7660
0054,13:50,830,-5106
0054,13:55,835,-5106
0054,14:00,840,-5106
0054,14:05,845,-5106
0054,14:10,850,-1021
0054,14:15,855,-1021
0054,14:20,860,-1021
0054,14:25,865,-1021
0054,14:30,870,6198
0054,14:35,875,6198
0054,14:40,880,6198
0054,14:45,885,12645
0054,14:50,890,12645
0054,14:55,895,12645
0054,15:00,900,12645
0054,15:05,905,12645
0054,15:10,910,16612
0054,15:15,915,16612
0054,15:20,920,16612
0054,15:25,925,16612
0054,15:30,930,22066
0054,15:35,935,22066
0054,15:40,940,22066
0054,15:45,945,21322
0054,15:50,950,21322
0054,15:55,955,21322
0054,16:00,960,21322
0054,16:05,965,21322
0054,16:10,970,20083
0054,16:15,975,20083
0054,16:20,980,20083
0054,16:25,985,20083
0054,16:30,990,19339
0054,16:35,995,19339
0054,16:40,1000,19339
0054,16:45,1005,19339
0054,16:50,1010,18595
0054,16:55,1015,18595
0054,17:00,1020,18595
0054,17:05,1025,17355
0054,17:10,1030,17355
0054,17:15,1035,17355
0054,17:20,1040,17355
0054,17:25,1045,17355
0054,17:30,1050,15620
0054,17:35,1055,15620
0054,17:40,1060,15620
0054,17:45,1065,15620
0054,17:50,1070,14380
0054,17:55,1075,14380
0054,18:00,1080,14380
0054,18:05,1085,14380
0054,18:10,1090,13636
0054,18:15,1095,13636
0054,18:20,1100,13636
0054,18:25,1105,12149
0054,18:30,1110,12149
0054,18:35,1115,12149
0054,18:40,1120,12149
0054,18:45,1125,12149
0054,18:50,1130,12149
0054,18:55,1135,12149
0054,19:00,1140,12149
0054,19:05,1145,12149
0054,19:10,1150,12149
0054,19:15,1155,12149
0054,19:20,1160,12149
0054,19:25,1165,12149
0054,19:30,1170,12149
0054,19:35,1175,12149
0054,19:40,1180,12149
0054,19:45,1185,11405
0054,19:50,1190,11405
0054,19:55,1195,11405
0054,20:00,1200,11405
0054,20:05,1205,11405
0054,20:10,1210,11405
0054,20:15,1215,11405
0054,20:20,1220,11405
0054,20:25,1225,11405
0054,20:30,1230,11405
0054,20:35,1235,11405
0054,20:40,1240,11405
0054,20:45,1245,11405
0054,20:50,1250,11405
0054,20:55,1255,11405
0054,21:00,1260,11405
0054,21:05,1265,11405
0054,21:10,1270,11405
0054,21:15,1275,11405
0054,21:20,1280,11405
0054,21:25,1285,11405
0054,21:30,1290,11405
0054,21:35,1295,11405
0054,21:40,1300,11405
0054,21:45,1305,11405
0054,21:50,1310,11405
0054,21:55,1315,11405
0054,22:00,1320,11405
0054,22:05,1325,11157
0054,22:10,1330,11157
0054,22:15,1335,11157
0054,22:20,1340,11157
0054,22:25,1345,11157
0054,22:30,1350,11157
0054,22:35,1355,11157
0054,22:40,1360,11157
0054,22:45,1365,11157
0054,22:50,1370,11157
0054,22:55,1375,11157
0054,23:00,1380,11157
0054,23:05,1385,11157
0054,23:10,1390,11157
0054,23:15,1395,11157
0054,23:16,1396,11157
0054,23:20,1400,11157
0055,09:00,540,0
0055,09:05,545,0
0055,09:10,550,0
0055,09:15,555,0
0055,09:20,560,0
0055,09:25,565,0
0055,09:30,570,0
0055,09:35,575,0
0055,09:40,580,0
0055,09:45,585,0
0055,09:50,590,0
0055,09:55,595,0
0055,10:00,600,0
0055,10:05,605,0
0055,10:10,610,0
0055,10:15,615,0
0055,10:20,620,0
0055,10:25,625,0
0055,10:30,630,0
0055,10:35,635,0
0055,10:40,640,0
0055,10:45,645,0
0055,10:50,650,0
0055,10:55,655,0
0055,11:00,660,-89
0055,11:05,665,-89
0055,11:10,670,-444
0055,11:15,675,-444
0055,11:20,680,-444
0055,11:25,685,-444
0055,11:30,690,1552
0055,11:35,695,1552
0055,11:40,700,1552
0055,11:45,705,86
0055,11:50,710,86
0055,11:55,715,86
0055,12:00,720,86
0055,12:05,725,-356
0055,12:10,730,-356
0055,12:15,735,-356
0055,12:20,740,-356
0055,12:25,745,-356
0055,12:30,750,-178
0055,12:35,755,-178
0055,12:40,760,-178
0055,12:45,765,-178
0055,12:50,770,-1333
0055,12:55,775,-1333
0055,13:00,780,-1333
0055,13:05,785,2500
0055,13:10,790,2500
0055,13:15,795,2500
0055,13:20,800,2500
0055,13:25,805,1207
0055,13:30,810,1207
0055,13:35,815,1207
0055,13:40,820,1207
0055,13:45,825,1207
0055,13:50,830,1897
0055,13:55,835,1897
0055,14:00,840,1897
0055,14:05,845,1897
0055,14:10,850,1207
0055,14:15,855,1207
0055,14:20,860,1207
0055,14:25,865,1207
0055,14:30,870,1034
0055,14:35,875,1034
0055,14:40,880,1034
0055,14:45,885,-267
0055,14:50,890,-267
0055,14:55,895,-267
0055,15:00,900,-267
0055,15:05,905,-267
0055,15:10,910,-1511
0055,15:15,915,-1511
0055,15:20,920,-1511
0055,15:25,925,-1511
0055,15:30,930,-2311
0055,15:35,935,-2311
0055,15:40,940,-2311
0055,15:45,945,-1867
0055,15:50,950,-1867
0055,15:55,955,-1867
0055,16:00,960,-1867
0055,16:05,965,-1867
0055,16:10,970,-2933
0055,16:15,975,-2933
0055,16:20,980,-2933
0055,16:25,985,-2933
0055,16:30,990,-4267
0055,16:35,995,-4267
0055,16:40,1000,-4267
0055,16:45,1005,-4267
0055,16:50,1010,-2044
0055,16:55,1015,-2044
0055,17:00,1020,-2044
0055,17:05,1025,-2578
0055,17:10,1030,-2578
0055,17:15,1035,-2578
0055,17:20,1040,-2578
0055,17:25,1045,-2578
0055,17:30,1050,-3733
0055,17:35,1055,-3733
0055,17:40,1060,-3733
0055,17:45,1065,-3733
0055,17:50,1070,-3733
0055,17:55,1075,-3733
0055,18:00,1080,-3733
0055,18:05,1085,-3733
0055,18:10,1090,-3733
0055,18:15,1095,-3733
0055,18:20,1100,-3733
0055,18:25,1105,-3733
0055,18:30,1110,-3733
0055,18:35,1115,-3733
0055,18:40,1120,-3733
0055,18:45,1125,-3733
0055,18:50,1130,-3733
0055,18:55,1135,-3733
0055,19:00,1140,-3733
0055,19:05,1145,-3733
0055,19:10,1150,-4622
0055,19:15,1155,-4622
0055,19:20,1160,-4622
0055,19:25,1165,-5244
0055,19:30,1170,-5244
0055,19:35,1175,-5244
0055,19:40,1180,-5244
0055,19:45,1185,-5422
0055,19:50,1190,-5422
0055,19:55,1195,-5422
0055,20:00,1200,-5422
0055,20:05,1205,-5422
0055,20:10,1210,-4889
0055,20:15,1215,-4889
0055,20:20,1220,-4889
0055,20:25,1225,-4889
0055,20:30,1230,-3289
0055,20:35,1235,-3289
0055,20:40,1240,-3289
0055,20:45,1245,-2667
0055,20:50,1250,-2667
0055,20:55,1255,-2667
0055,21:00,1260,-2667
0055,21:05,1265,-2667
0055,21:10,1270,-2667
0055,21:15,1275,-2667
0055,21:20,1280,-2667
0055,21:25,1285,-2667
0055,21:30,1290,-3111
0055,21:35,1295,-3111
0055,21:40,1300,-3111
0055,21:45,1305,-3111
0055,21:50,1310,-3111
0055,21:55,1315,-3111
0055,22:00,1320,-3111
0055,22:05,1325,-3111
0055,22:10,1330,-3111
0055,22:15,1335,-3111
0055,22:20,1340,-3111
0055,22:25,1345,-3111
0055,22:30,1350,-3111
0055,22:35,1355,-3111
0055,22:40,1360,-3111
0055,22:45,1365,-3111
0055,22:50,1370,-3111
0055,22:55,1375,-3111
0055,23:00,1380,-3111
0055,23:05,1385,-3111
0055,23:10,1390,-3111
0055,23:15,1395,-3111
0055,23:16,1396,-3111
0055,23:20,1400,-3111
0056,09:00,540,0
0056,09:05,545,0
0056,09:10,550,0
0056,09:15,555,0
0056,09:20,560,0
0056,09:25,565,0
0056,09:30,570,0
0056,09:35,575,0
0056,09:40,580,0
0056,09:45,585,0
0056,09:50,590,0
0056,09:55,595,0
0056,10:00,600,0
0056,10:05,605,0
0056,10:10,610,-260
0056,10:15,615,-260
0056,10:20,620,-260
0056,10:25,625,-1558
0056,10:30,630,-1558
0056,10:35,635,-1558
0056,10:40,640,-2597
0056,10:45,645,-2597
0056,10:50,650,-2597
0056,10:55,655,-2597
0056,11:00,660,-2597
0056,11:05,665,-2597
0056,11:10,670,-2597
0056,11:15,675,-2597
0056,11:20,680,-2597
0056,11:25,685,-2597
0056,11:30,690,-2597
0056,11:35,695,-2597
0056,11:40,700,-2597
0056,11:45,705,-2857
0056,11:50,710,-2857
0056,11:55,715,-2857
0056,12:00,720,-2857
0056,12:05,725,-2857
0056,12:10,730,-2857
0056,12:15,735,-2857
0056,12:20,740,-2857
0056,12:25,745,-2857
0056,12:30,750,-4416
0056,12:35,755,-4416
0056,12:40,760,-4416
0056,12:45,765,-4416
0056,12:50,770,-5974
0056,12:55,775,-5974
0056,13:00,780,-5974
0056,13:05,785,-6753
0056,13:10,790,-6753
0056,13:15,795,-6753
0056,13:20,800,-6753
0056,13:25,805,-8312
0056,13:30,810,-8312
0056,13:35,815,-8312
0056,13:40,820,-8312
0056,13:45,825,-8312
0056,13:50,830,-9610
0056,13:55,835,-9610
0056,14:00,840,-9610
0056,14:05,845,-9610
0056,14:10,850,-10130
0056,14:15,855,-10130
0056,14:20,860,-10130
0056,14:25,865,-10130
0056,14:30,870,-11688
0056,14:35,875,-11688
0056,14:40,880,-11688
0056,14:45,885,-13247
0056,14:50,890,-13247
0056,14:55,895,-13247
0056,15:00,900,-13247
0056,15:05,905,-13247
0056,15:10,910,-13766
0056,15:15,915,-13766
0056,15:20,920,-13766
0056,15:25,925,-13766
0056,15:30,930,-14545
0056,15:35,935,-14545
0056,15:40,940,-14545
0056,15:45,945,-15844
0056,15:50,950,-15844
0056,15:55,955,-15844
0056,16:00,960,-15844
0056,16:05,965,-15844
0056,16:10,970,-17143
0056,16:15,975,-17143
0056,16:20,980,-17143
0056,16:25,985,-17143
0056,16:30,990,-18442
0056,16:35,995,-18442
0056,16:40,1000,-18442
0056,16:45,1005,-18442
0056,16:50,1010,-20260
0056,16:55,1015,-20260
0056,17:00,1020,-20260
0056,17:05,1025,-21558
0056,17:10,1030,-21558
0056,17:15,1035,-21558
0056,17:20,1040,-21558
0056,17:25,1045,-21558
0056,17:30,1050,-23117
0056,17:35,1055,-23117
0056,17:40,1060,-23117
0056,17:45,1065,-23117
0056,17:50,1070,-23896
0056,17:55,1075,-23896
0056,18:00,1080,-23896
0056,18:05,1085,-23896
0056,18:10,1090,-23896
0056,18:15,1095,-23896
0056,18:20,1100,-23896
0056,18:25,1105,-24675
0056,18:30,1110,-24675
0056,18:35,1115,-24675
0056,18:40,1120,-24675
0056,18:45,1125,-24675
0056,18:50,1130,-26234
0056,18:55,1135,-26234
0056,19:00,1140,-26234
0056,19:05,1145,-26234
0056,19:10,1150,-27532
0056,19:15,1155,-27532
0056,19:20,1160,-27532
0056,19:25,1165,-28312
0056,19:30,1170,-28312
0056,19:35,1175,-28312
0056,19:40,1180,-28312
0056,19:45,1185,-28571
0056,19:50,1190,-28571
0056,19:55,1195,-28571
0056,20:00,1200,-28571
0056,20:05,1205,-28571
0056,20:10,1210,-29870
0056,20:15,1215,-29870
0056,20:20,1220,-29870
0056,20:25,1225,-29870
0056,20:30,1230,-29870
0056,20:35,1235,-29870
0056,20:40,1240,-29870
0056,20:45,1245,-30130
0056,20:50,1250,-30130
0056,20:55,1255,-30130
0056,21:00,1260,-30130
0056,21:05,1265,-30130
0056,21:10,1270,-31169
0056,21:15,1275,-31169
0056,21:20,1280,-31169
0056,21:25,1285,-31169
0056,21:30,1290,-31948
0056,21:35,1295,-31948
0056,21:40,1300,-31948
0056,21:45,1305,-31169
0056,21:50,1310,-31169
0056,21:55,1315,-31169
0056,22:00,1320,-31169
0056,22:05,1325,-31429
0056,22:10,1330,-31429
0056,22:15,1335,-31429
0056,22:20,1340,-31429
0056,22:25,1345,-31429
0056,22:30,1350,-31948
0056,22:35,1355,-31948
0056,22:40,1360,-31948
0056,22:45,1365,-31948
0056,22:50,1370,-31948
0056,22:55,1375,-31948
0056,23:00,1380,-31948
0056,23:05,1385,-31948
0056,23:10,1390,-31948
0056,23:15,1395,-31948
0056,23:16,1396,-31948
0056,23:20,1400,-31948
0057,09:00,540,0
0057,09:05,545,0
0057,09:10,550,0
0057,09:15,555,0
0057,09:20,560,0
0057,09:25,565,0
0057,09:30,570,0
0057,09:35,575,0
0057,09:40,580,0
0057,09:45,585,0
0057,09:50,590,0
0057,09:55,595,0
0057,10:00,600,0
0057,10:05,605,0
0057,10:10,610,-178
0057,10:15,615,-178
0057,10:20,620,-178
0057,10:25,625,-1422
0057,10:30,630,-1422
0057,10:35,635,-1422
0057,10:40,640,-2667
0057,10:45,645,-2667
0057,10:50,650,-2667
0057,10:55,655,-2667
0057,11:00,660,-3556
0057,11:05,665,-3556
0057,11:10,670,-4267
0057,11:15,675,-4267
0057,11:20,680,-4267
0057,11:25,685,-4267
0057,11:30,690,-6044
0057,11:35,695,-6044
0057,11:40,700,-6044
0057,11:45,705,-1956
0057,11:50,710,-1956
0057,11:55,715,-1956
0057,12:00,720,-1956
0057,12:05,725,-2133
0057,12:10,730,-2133
0057,12:15,735,-2133
0057,12:20,740,-2133
0057,12:25,745,-2133
0057,12:30,750,-1778
0057,12:35,755,-1778
0057,12:40,760,-1778
0057,12:45,765,-1778
0057,12:50,770,517
0057,12:55,775,517
0057,13:00,780,517
0057,13:05,785,8103
0057,13:10,790,8103
0057,13:15,795,8103
0057,13:20,800,8103
0057,13:25,805,11034
0057,13:30,810,11034
0057,13:35,815,11034
0057,13:40,820,11034
0057,13:45,825,11034
0057,13:50,830,14655
0057,13:55,835,14655
0057,14:00,840,14655
0057,14:05,845,14655
0057,14:10,850,15517
0057,14:15,855,15517
0057,14:20,860,15517
0057,14:25,865,15517
0057,14:30,870,14483
0057,14:35,875,14483
0057,14:40,880,14483
0057,14:45,885,13276
0057,14:50,890,13276
0057,14:55,895,13276
0057,15:00,900,13276
0057,15:05,905,13276
0057,15:10,910,12069
0057,15:15,915,12069
0057,15:20,920,12069
0057,15:25,925,12069
0057,15:30,930,10517
0057,15:35,935,10517
0057,15:40,940,10517
0057,15:45,945,9310
0057,15:50,950,9310
0057,15:55,955,9310
0057,16:00,960,9310
0057,16:05,965,9310
0057,16:10,970,8103
0057,16:15,975,8103
0057,16:20,980,8103
0057,16:25,985,8103
0057,16:30,990,6724
0057,16:35,995,6724
0057,16:40,1000,6724
0057,16:45,1005,6724
0057,16:50,1010,5517
0057,16:55,1015,5517
0057,17:00,1020,5517
0057,17:05,1025,4828
0057,17:10,1030,4828
0057,17:15,1035,4828
0057,17:20,1040,4828
0057,17:25,1045,4828
0057,17:30,1050,10690
0057,17:35,1055,10690
0057,17:40,1060,10690
0057,17:45,1065,10690
0057,17:50,1070,12069
0057,17:55,1075,12069
0057,18:00,1080,12069
0057,18:05,1085,12069
0057,18:10,1090,10862
0057,18:15,1095,10862
0057,18:20,1100,10862
0057,18:25,1105,9310
0057,18:30,1110,9310
0057,18:35,1115,9310
0057,18:40,1120,9310
0057,18:45,1125,9310
0057,18:50,1130,7931
0057,18:55,1135,7931
0057,19:00,1140,7931
0057,19:05,1145,7931
0057,19:10,1150,6897
0057,19:15,1155,6897
0057,19:20,1160,6897
0057,19:25,1165,5517
0057,19:30,1170,5517
0057,19:35,1175,5517
0057,19:40,1180,5517
0057,19:45,1185,5690
0057,19:50,1190,5690
0057,19:55,1195,5690
0057,20:00,1200,5690
0057,20:05,1205,5690
0057,20:10,1210,4483
0057,20:15,1215,4483
0057,20:20,1220,4483
0057,20:25,1225,4483
0057,20:30,1230,4655
0057,20:35,1235,4655
0057,20:40,1240,4655
0057,20:45,1245,3448
0057,20:50,1250,3448
0057,20:55,1255,3448
0057,21:00,1260,3448
0057,21:05,1265,3448
0057,21:10,1270,7241
0057,21:15,1275,7241
0057,21:20,1280,7241
0057,21:25,1285,7241
0057,21:30,1290,6897
0057,21:35,1295,6897
0057,21:40,1300,6897
0057,21:45,1305,6897
0057,21:50,1310,6897
0057,21:55,1315,6897
0057,22:00,1320,6897
0057,22:05,1325,6897
0057,22:10,1330,6897
0057,22:15,1335,6897
0057,22:20,1340,6897
0057,22:25,1345,6897
0057,22:30,1350,6897
0057,22:35,1355,6897
0057,22:40,1360,6897
0057,22:45,1365,6897
0057,22:50,1370,6897
0057,22:55,1375,6897
0057,23:00,1380,6897
0057,23:05,1385,6897
0057,23:10,1390,6897
0057,23:15,1395,6897
0057,23:16,1396,6897
0057,23:20,1400,6897
0058,09:00,540,0
0058,09:05,545,0
0058,09:10,550,0
0058,09:15,555,0
0058,09:20,560,0
0058,09:25,565,0
0058,09:30,570,0
0058,09:35,575,0
0058,09:40,580,0
0058,09:45,585,0
0058,09:50,590,0
0058,09:55,595,0
0058,10:00,600,0
0058,10:05,605,0
0058,10:10,610,-356
0058,10:15,615,-356
0058,10:20,620,-356
0058,10:25,625,-444
0058,10:30,630,-444
0058,10:35,635,-444
0058,10:40,640,-711
0058,10:45,645,-711
0058,10:50,650,-711
0058,10:55,655,-711
0058,11:00,660,-1511
0058,11:05,665,-1511
0058,11:10,670,-2044
0058,11:15,675,-2044
0058,11:20,680,-2044
0058,11:25,685,-2044
0058,11:30,690,-2489
0058,11:35,695,-2489
0058,11:40,700,-2489
0058,11:45,705,-2489
0058,11:50,710,-2489
0058,11:55,715,-2489
0058,12:00,720,-2489
0058,12:05,725,-2489
0058,12:10,730,-2489
0058,12:15,735,-2489
0058,12:20,740,-2489
0058,12:25,745,-2489
0058,12:30,750,-3822
0058,12:35,755,-3822
0058,12:40,760,-3822
0058,12:45,765,-3822
0058,12:50,770,-4889
0058,12:55,775,-4889
0058,13:00,780,-4889
0058,13:05,785,-6311
0058,13:10,790,-6311
0058,13:15,795,-6311
0058,13:20,800,-6311
0058,13:25,805,-4800
0058,13:30,810,-4800
0058,13:35,815,-4800
0058,13:40,820,-4800
0058,13:45,825,-4800
0058,13:50,830,690
0058,13:55,835,690
0058,14:00,840,690
0058,14:05,845,690
0058,14:10,850,3621
0058,14:15,855,3621
0058,14:20,860,3621
0058,14:25,865,3621
0058,14:30,870,2672
0058,14:35,875,2672
0058,14:40,880,2672
0058,14:45,885,1552
0058,14:50,890,1552
0058,14:55,895,1552
0058,15:00,900,1552
0058,15:05,905,1552
0058,15:10,910,1552
0058,15:15,915,1552
0058,15:20,920,1552
0058,15:25,925,1552
0058,15:30,930,517
0058,15:35,935,517
0058,15:40,940,517
0058,15:45,945,-178
0058,15:50,950,-178
0058,15:55,955,-178
0058,16:00,960,-178
0058,16:05,965,-178
0058,16:10,970,-178
0058,16:15,975,-178
0058,16:20,980,-178
0058,16:25,985,-178
0058,16:30,990,0
0058,16:35,995,0
0058,16:40,1000,0
0058,16:45,1005,0
0058,16:50,1010,690
0058,16:55,1015,690
0058,17:00,1020,690
0058,17:05,1025,-178
0058,17:10,1030,-178
0058,17:15,1035,-178
0058,17:20,1040,-178
0058,17:25,1045,-178
0058,17:30,1050,-1778
0058,17:35,1055,-1778
0058,17:40,1060,-1778
0058,17:45,1065,-1778
0058,17:50,1070,-3111
0058,17:55,1075,-3111
0058,18:00,1080,-3111
0058,18:05,1085,-3111
0058,18:10,1090,-4000
0058,18:15,1095,-4000
0058,18:20,1100,-4000
0058,18:25,1105,-3378
0058,18:30,1110,-3378
0058,18:35,1115,-3378
0058,18:40,1120,-3378
0058,18:45,1125,-3378
0058,18:50,1130,-2933
0058,18:55,1135,-2933
0058,19:00,1140,-2933
0058,19:05,1145,-2933
0058,19:10,1150,-2133
0058,19:15,1155,-2133
0058,19:20,1160,-2133
0058,19:25,1165,-3289
0058,19:30,1170,-3289
0058,19:35,1175,-3289
0058,19:40,1180,-3289
0058,19:45,1185,-3644
0058,19:50,1190,-3644
0058,19:55,1195,-3644
0058,20:00,1200,-3644
0058,20:05,1205,-3644
0058,20:10,1210,-3822
0058,20:15,1215,-3822
0058,20:20,1220,-3822
0058,20:25,1225,-3822
0058,20:30,1230,172
0058,20:35,1235,172
0058,20:40,1240,172
0058,20:45,1245,-89
0058,20:50,1250,-89
0058,20:55,1255,-89
0058,21:00,1260,-89
0058,21:05,1265,-89
0058,21:10,1270,-267
0058,21:15,1275,-267
0058,21:20,1280,-267
0058,21:25,1285,-267
0058,21:30,1290,-267
0058,21:35,1295,-267
0058,21:40,1300,-267
0058,21:45,1305,-267
0058,21:50,1310,-267
0058,21:55,1315,-267
0058,22:00,1320,-267
0058,22:05,1325,-267
0058,22:10,1330,-267
0058,22:15,1335,-267
0058,22:20,1340,-267
0058,22:25,1345,-267
0058,22:30,1350,-267
0058,22:35,1355,-267
0058,22:40,1360,-267
0058,22:45,1365,-267
0058,22:50,1370,-267
0058,22:55,1375,-267
0058,23:00,1380,-267
0058,23:05,1385,-267
0058,23:10,1390,-267
0058,23:15,1395,-267
0058,23:16,1396,-267
0058,23:20,1400,-267
0059,09:00,540,0
0059,09:05,545,0
0059,09:10,550,0
0059,09:15,555,0
0059,09:20,560,0
0059,09:25,565,0
0059,09:30,570,0
0059,09:35,575,0
0059,09:40,580,0
0059,09:45,585,0
0059,09:50,590,0
0059,09:55,595,0
0059,10:00,600,0
0059,10:05,605,0
0059,10:10,610,0
0059,10:15,615,0
0059,10:20,620,0
0059,10:25,625,0
0059,10:30,630,0
0059,10:35,635,0
0059,10:40,640,0
0059,10:45,645,0
0059,10:50,650,0
0059,10:55,655,0
0059,11:00,660,0
0059,11:05,665,0
0059,11:10,670,0
0059,11:15,675,0
0059,11:20,680,0
0059,11:25,685,0
0059,11:30,690,-889
0059,11:35,695,-889
0059,11:40,700,-889
0059,11:45,705,-1600
0059,11:50,710,-1600
0059,11:55,715,-1600
0059,12:00,720,-1600
0059,12:05,725,-2578
0059,12:10,730,-2578
0059,12:15,735,-2578
0059,12:20,740,-2578
0059,12:25,745,-2578
0059,12:30,750,-2578
0059,12:35,755,-2578
0059,12:40,760,-2578
0059,12:45,765,-2578
0059,12:50,770,-3644
0059,12:55,775,-3644
0059,13:00,780,-3644
0059,13:05,785,-4267
0059,13:10,790,-4267
0059,13:15,795,-4267
0059,13:20,800,-4267
0059,13:25,805,-4889
0059,13:30,810,-4889
0059,13:35,815,-4889
0059,13:40,820,-4889
0059,13:45,825,-4889
0059,13:50,830,-800
0059,13:55,835,-800
0059,14:00,840,-800
0059,14:05,845,-800
0059,14:10,850,-1689
0059,14:15,855,-1689
0059,14:20,860,-1689
0059,14:25,865,-1689
0059,14:30,870,-2578
0059,14:35,875,-2578
0059,14:40,880,-2578
0059,14:45,885,2069
0059,14:50,890,2069
0059,14:55,895,2069
0059,15:00,900,2069
0059,15:05,905,2069
0059,15:10,910,5948
0059,15:15,915,5948
0059,15:20,920,5948
0059,15:25,925,5948
0059,15:30,930,5345
0059,15:35,935,5345
0059,15:40,940,5345
0059,15:45,945,4138
0059,15:50,950,4138
0059,15:55,955,4138
0059,16:00,960,4138
0059,16:05,965,4138
0059,16:10,970,3276
0059,16:15,975,3276
0059,16:20,980,3276
0059,16:25,985,3276
0059,16:30,990,1983
0059,16:35,995,1983
0059,16:40,1000,1983
0059,16:45,1005,1983
0059,16:50,1010,948
0059,16:55,1015,948
0059,17:00,1020,948
0059,17:05,1025,0
0059,17:10,1030,0
0059,17:15,1035,0
0059,17:20,1040,0
0059,17:25,1045,0
0059,17:30,1050,-800
0059,17:35,1055,-800
0059,17:40,1060,-800
0059,17:45,1065,-800
0059,17:50,1070,-711
0059,17:55,1075,-711
0059,18:00,1080,-711
0059,18:05,1085,-711
0059,18:10,1090,-1956
0059,18:15,1095,-1956
0059,18:20,1100,-1956
0059,18:25,1105,-2667
0059,18:30,1110,-2667
0059,18:35,1115,-2667
0059,18:40,1120,-2667
0059,18:45,1125,-2667
0059,18:50,1130,-4267
0059,18:55,1135,-4267
0059,19:00,1140,-4267
0059,19:05,1145,-4267
0059,19:10,1150,-4533
0059,19:15,1155,-4533
0059,19:20,1160,-4533
0059,19:25,1165,-6222
0059,19:30,1170,-6222
0059,19:35,1175,-6222
0059,19:40,1180,-6222
0059,19:45,1185,-5067
0059,19:50,1190,-5067
0059,19:55,1195,-5067
0059,20:00,1200,-5067
0059,20:05,1205,-5067
0059,20:10,1210,-5067
0059,20:15,1215,-5067
0059,20:20,1220,-5067
0059,20:25,1225,-5067
0059,20:30,1230,-5067
0059,20:35,1235,-5067
0059,20:40,1240,-5067
0059,20:45,1245,-5067
0059,20:50,1250,-5067
0059,20:55,1255,-5067
0059,21:00,1260,-5067
0059,21:05,1265,-5067
0059,21:10,1270,-5067
0059,21:15,1275,-5067
0059,21:20,1280,-5067
0059,21:25,1285,-5067
0059,21:30,1290,-5067
0059,21:35,1295,-5067
0059,21:40,1300,-5067
0059,21:45,1305,-5067
0059,21:50,1310,-5067
0059,21:55,1315,-5067
0059,22:00,1320,-5067
0059,22:05,1325,-5156
0059,22:10,1330,-5156
0059,22:15,1335,-5156
0059,22:20,1340,-5156
0059,22:25,1345,-5156
0059,22:30,1350,-5156
0059,22:35,1355,-5156
0059,22:40,1360,-5156
0059,22:45,1365,-5156
0059,22:50,1370,-5156
0059,22:55,1375,-5156
0059,23:00,1380,-5156
0059,23:05,1385,-5156
0059,23:10,1390,-5156
0059,23:15,1395,-5156
0059,23:16,1396,-5156
0059,23:20,1400,-5156
0060,09:00,540,0
0060,09:05,545,0
0060,09:10,550,0
0060,09:15,555,0
0060,09:20,560,0
0060,09:25,565,0
0060,09:30,570,0
0060,09:35,575,0
0060,09:40,580,0
0060,09:45,585,0
0060,09:50,590,0
0060,09:55,595,0
0060,10:00,600,0
0060,10:05,605,0
0060,10:10,610,0
0060,10:15,615,0
0060,10:20,620,0
0060,10:25,625,-1244
0060,10:30,630,-1244
0060,10:35,635,-1244
0060,10:40,640,-2311
0060,10:45,645,-2311
0060,10:50,650,-2311
0060,10:55,655,-2311
0060,11:00,660,-3378
0060,11:05,665,-3378
0060,11:10,670,-3911
0060,11:15,675,-3911
0060,11:20,680,-3911
0060,11:25,685,-3911
0060,11:30,690,-3022
0060,11:35,695,-3022
0060,11:40,700,-3022
0060,11:45,705,-3556
0060,11:50,710,-3556
0060,11:55,715,-3556
0060,12:00,720,-3556
0060,12:05,725,-4978
0060,12:10,730,-4978
0060,12:15,735,-4978
0060,12:20,740,-4978
0060,12:25,745,-4978
0060,12:30,750,-178
0060,12:35,755,-178
0060,12:40,760,-178
0060,12:45,765,-178
0060,12:50,770,-711
0060,12:55,775,-711
0060,13:00,780,-711
0060,13:05,785,-1956
0060,13:10,790,-1956
0060,13:15,795,-1956
0060,13:20,800,-1956
0060,13:25,805,3448
0060,13:30,810,3448
0060,13:35,815,3448
0060,13:40,820,3448
0060,13:45,825,3448
0060,13:50,830,8276
0060,13:55,835,8276
0060,14:00,840,8276
0060,14:05,845,8276
0060,14:10,850,13621
0060,14:15,855,13621
0060,14:20,860,13621
0060,14:25,865,13621
0060,14:30,870,14138
0060,14:35,875,14138
0060,14:40,880,14138
0060,14:45,885,13621
0060,14:50,890,13621
0060,14:55,895,13621
0060,15:00,900,13621
0060,15:05,905,13621
0060,15:10,910,12414
0060,15:15,915,12414
0060,15:20,920,12414
0060,15:25,925,12414
0060,15:30,930,10690
0060,15:35,935,10690
0060,15:40,940,10690
0060,15:45,945,10172
0060,15:50,950,10172
0060,15:55,955,10172
0060,16:00,960,10172
0060,16:05,965,10172
0060,16:10,970,9310
0060,16:15,975,9310
0060,16:20,980,9310
0060,16:25,985,9310
0060,16:30,990,8103
0060,16:35,995,8103
0060,16:40,1000,8103
0060,16:45,1005,8103
0060,16:50,1010,8103
0060,16:55,1015,8103
0060,17:00,1020,8103
0060,17:05,1025,7931
0060,17:10,1030,7931
0060,17:15,1035,7931
0060,17:20,1040,7931
0060,17:25,1045,7931
0060,17:30,1050,7414
0060,17:35,1055,7414
0060,17:40,1060,7414
0060,17:45,1065,7414
0060,17:50,1070,9483
0060,17:55,1075,9483
0060,18:00,1080,9483
0060,18:05,1085,9483
0060,18:10,1090,13448
0060,18:15,1095,13448
0060,18:20,1100,13448
0060,18:25,1105,13103
0060,18:30,1110,13103
0060,18:35,1115,13103
0060,18:40,1120,13103
0060,18:45,1125,13103
0060,18:50,1130,13103
0060,18:55,1135,13103
0060,19:00,1140,13103
0060,19:05,1145,13103
0060,19:10,1150,13103
0060,19:15,1155,13103
0060,19:20,1160,13103
0060,19:25,1165,13103
0060,19:30,1170,13103
0060,19:35,1175,13103
0060,19:40,1180,13103
0060,19:45,1185,12759
0060,19:50,1190,12759
0060,19:55,1195,12759
0060,20:00,1200,12759
0060,20:05,1205,12759
0060,20:10,1210,16379
0060,20:15,1215,16379
0060,20:20,1220,16379
0060,20:25,1225,16379
0060,20:30,1230,16207
0060,20:35,1235,16207
0060,20:40,1240,16207
0060,20:45,1245,16207
0060,20:50,1250,16207
0060,20:55,1255,16207
0060,21:00,1260,16207
0060,21:05,1265,16207
0060,21:10,1270,16207
0060,21:15,1275,16207
0060,21:20,1280,16207
0060,21:25,1285,16207
0060,21:30,1290,16207
0060,21:35,1295,16207
0060,21:40,1300,16207
0060,21:45,1305,15517
0060,21:50,1310,15517
0060,21:55,1315,15517
0060,22:00,1320,15517
0060,22:05,1325,15000
0060,22:10,1330,15000
0060,22:15,1335,15000
0060,22:20,1340,15000
0060,22:25,1345,15000
0060,22:30,1350,14138
0060,22:35,1355,14138
0060,22:40,1360,14138
0060,22:45,1365,14138
0060,22:50,1370,14138
0060,22:55,1375,14138
0060,23:00,1380,14138
0060,23:05,1385,14138
0060,23:10,1390,14138
0060,23:15,1395,14138
0060,23:16,1396,14138
0060,23:20,1400,14138
0061,09:00,540,0
0061,09:05,545,0
0061,09:10,550,0
0061,09:15,555,0
0061,09:20,560,0
0061,09:25,565,0
0061,09:30,570,0
0061,09:35,575,0
0061,09:40,580,0
0061,09:45,585,0
0061,09:50,590,0
0061,09:55,595,0
0061,10:00,600,0
0061,10:05,605,0
0061,10:10,610,0
0061,10:15,615,0
0061,10:20,620,0
0061,10:25,625,0
0061,10:30,630,0
0061,10:35,635,0
0061,10:40,640,0
0061,10:45,645,0
0061,10:50,650,0
0061,10:55,655,0
0061,11:00,660,0
0061,11:05,665,0
0061,11:10,670,0
0061,11:15,675,0
0061,11:20,680,0
0061,11:25,685,0
0061,11:30,690,0
0061,11:35,695,0
0061,11:40,700,0
0061,11:45,705,0
0061,11:50,710,0
0061,11:55,715,0
0061,12:00,720,0
0061,12:05,725,0
0061,12:10,730,0
0061,12:15,735,0
0061,12:20,740,0
0061,12:25,745,0
0061,12:30,750,690
0061,12:35,755,690
0061,12:40,760,690
0061,12:45,765,690
0061,12:50,770,1897
0061,12:55,775,1897
0061,13:00,780,1897
0061,13:05,785,862
0061,13:10,790,862
0061,13:15,795,862
0061,13:20,800,862
0061,13:25,805,-889
0061,13:30,810,-889
0061,13:35,815,-889
0061,13:40,820,-889
0061,13:45,825,-889
0061,13:50,830,-2133
0061,13:55,835,-2133
0061,14:00,840,-2133
0061,14:05,845,-2133
0061,14:10,850,0
0061,14:15,855,0
0061,14:20,860,0
0061,14:25,865,0
0061,14:30,870,172
0061,14:35,875,172
0061,14:40,880,172
0061,14:45,885,-889
0061,14:50,890,-889
0061,14:55,895,-889
0061,15:00,900,-889
0061,15:05,905,-889
0061,15:10,910,-178
0061,15:15,915,-178
0061,15:20,920,-178
0061,15:25,925,-178
0061,15:30,930,-2133
0061,15:35,935,-2133
0061,15:40,940,-2133
0061,15:45,945,-3556
0061,15:50,950,-3556
0061,15:55,955,-3556
0061,16:00,960,-3556
0061,16:05,965,-3556
0061,16:10,970,-4800
0061,16:15,975,-4800
0061,16:20,980,-4800
0061,16:25,985,-4800
0061,16:30,990,-6044
0061,16:35,995,-6044
0061,16:40,1000,-6044
0061,16:45,1005,-6044
0061,16:50,1010,-6756
0061,16:55,1015,-6756
0061,17:00,1020,-6756
0061,17:05,1025,-7289
0061,17:10,1030,-7289
0061,17:15,1035,-7289
0061,17:20,1040,-7289
0061,17:25,1045,-7289
0061,17:30,1050,-8889
0061,17:35,1055,-8889
0061,17:40,1060,-8889
0061,17:45,1065,-8889
0061,17:50,1070,-9778
0061,17:55,1075,-9778
0061,18:00,1080,-9778
0061,18:05,1085,-9778
0061,18:10,1090,-10489
0061,18:15,1095,-10489
0061,18:20,1100,-10489
0061,18:25,1105,-11556
0061,18:30,1110,-11556
0061,18:35,1115,-11556
0061,18:40,1120,-11556
0061,18:45,1125,-11556
0061,18:50,1130,-12622
0061,18:55,1135,-12622
0061,19:00,1140,-12622
0061,19:05,1145,-12622
0061,19:10,1150,-12267
0061,19:15,1155,-12267
0061,19:20,1160,-12267
0061,19:25,1165,-7822
0061,19:30,1170,-7822
0061,19:35,1175,-7822
0061,19:40,1180,-7822
0061,19:45,1185,-7822
0061,19:50,1190,-7822
0061,19:55,1195,-7822
0061,20:00,1200,-7822
0061,20:05,1205,-7822
0061,20:10,1210,-7822
0061,20:15,1215,-7822
0061,20:20,1220,-7822
0061,20:25,1225,-7822
0061,20:30,1230,-7822
0061,20:35,1235,-7822
0061,20:40,1240,-7822
0061,20:45,1245,-7822
0061,20:50,1250,-7822
0061,20:55,1255,-7822
0061,21:00,1260,-7822
0061,21:05,1265,-7822
0061,21:10,1270,-7822
0061,21:15,1275,-7822
0061,21:20,1280,-7822
0061,21:25,1285,-7822
0061,21:30,1290,-8356
0061,21:35,1295,-8356
0061,21:40,1300,-8356
0061,21:45,1305,-8356
0061,21:50,1310,-8356
0061,21:55,1315,-8356
0061,22:00,1320,-8356
0061,22:05,1325,-8356
0061,22:10,1330,-8356
0061,22:15,1335,-8356
0061,22:20,1340,-8356
0061,22:25,1345,-8356
0061,22:30,1350,-8356
0061,22:35,1355,-8356
0061,22:40,1360,-8356
0061,22:45,1365,-8356
0061,22:50,1370,-8356
0061,22:55,1375,-8356
0061,23:00,1380,-8356
0061,23:05,1385,-8356
0061,23:10,1390,-8356
0061,23:15,1395,-8356
0061,23:16,1396,-8356
0061,23:20,1400,-8356
0062,09:00,540,0
0062,09:05,545,0
0062,09:10,550,0
0062,09:15,555,0
0062,09:20,560,0
0062,09:25,565,0
0062,09:30,570,0
0062,09:35,575,0
0062,09:40,580,0
0062,09:45,585,0
0062,09:50,590,0
0062,09:55,595,0
0062,10:00,600,0
0062,10:05,605,0
0062,10:10,610,0
0062,10:15,615,0
0062,10:20,620,0
0062,10:25,625,248
0062,10:30,630,248
0062,10:35,635,248
0062,10:40,640,4959
0062,10:45,645,4959
0062,10:50,650,4959
0062,10:55,655,4959
0062,11:00,660,8926
0062,11:05,665,8926
0062,11:10,670,8678
0062,11:15,675,8678
0062,11:20,680,8678
0062,11:25,685,8678
0062,11:30,690,6942
0062,11:35,695,6942
0062,11:40,700,6942
0062,11:45,705,5455
0062,11:50,710,5455
0062,11:55,715,5455
0062,12:00,720,5455
0062,12:05,725,4463
0062,12:10,730,4463
0062,12:15,735,4463
0062,12:20,740,4463
0062,12:25,745,4463
0062,12:30,750,4463
0062,12:35,755,4463
0062,12:40,760,4463
0062,12:45,765,4463
0062,12:50,770,6694
0062,12:55,775,6694
0062,13:00,780,6694
0062,13:05,785,12149
0062,13:10,790,12149
0062,13:15,795,12149
0062,13:20,800,12149
0062,13:25,805,10413
0062,13:30,810,10413
0062,13:35,815,10413
0062,13:40,820,10413
0062,13:45,825,10413
0062,13:50,830,8926
0062,13:55,835,8926
0062,14:00,840,8926
0062,14:05,845,8926
0062,14:10,850,9917
0062,14:15,855,9917
0062,14:20,860,9917
0062,14:25,865,9917
0062,14:30,870,8182
0062,14:35,875,8182
0062,14:40,880,8182
0062,14:45,885,8430
0062,14:50,890,8430
0062,14:55,895,8430
0062,15:00,900,8430
0062,15:05,905,8430
0062,15:10,910,7686
0062,15:15,915,7686
0062,15:20,920,7686
0062,15:25,925,7686
0062,15:30,930,7686
0062,15:35,935,7686
0062,15:40,940,7686
0062,15:45,945,7190
0062,15:50,950,7190
0062,15:55,955,7190
0062,16:00,960,7190
0062,16:05,965,7190
0062,16:10,970,7934
0062,16:15,975,7934
0062,16:20,980,7934
0062,16:25,985,7934
0062,16:30,990,14380
0062,16:35,995,14380
0062,16:40,1000,14380
0062,16:45,1005,14380
0062,16:50,1010,14628
0062,16:55,1015,14628
0062,17:00,1020,14628
0062,17:05,1025,22066
0062,17:10,1030,22066
0062,17:15,1035,22066
0062,17:20,1040,22066
0062,17:25,1045,22066
0062,17:30,1050,28017
0062,17:35,1055,28017
0062,17:40,1060,28017
0062,17:45,1065,28017
0062,17:50,1070,26777
0062,17:55,1075,26777
0062,18:00,1080,26777
0062,18:05,1085,26777
0062,18:10,1090,25785
0062,18:15,1095,25785
0062,18:20,1100,25785
0062,18:25,1105,25289
0062,18:30,1110,25289
0062,18:35,1115,25289
0062,18:40,1120,25289
0062,18:45,1125,25289
0062,18:50,1130,25289
0062,18:55,1135,25289
0062,19:00,1140,25289
0062,19:05,1145,25289
0062,19:10,1150,25289
0062,19:15,1155,25289
0062,19:20,1160,25289
0062,19:25,1165,25289
0062,19:30,1170,25289
0062,19:35,1175,25289
0062,19:40,1180,25289
0062,19:45,1185,25289
0062,19:50,1190,25289
0062,19:55,1195,25289
0062,20:00,1200,25289
0062,20:05,1205,25289
0062,20:10,1210,25289
0062,20:15,1215,25289
0062,20:20,1220,25289
0062,20:25,1225,25289
0062,20:30,1230,25289
0062,20:35,1235,25289
0062,20:40,1240,25289
0062,20:45,1245,25289
0062,20:50,1250,25289
0062,20:55,1255,25289
0062,21:00,1260,25289
0062,21:05,1265,25289
0062,21:10,1270,25289
0062,21:15,1275,25289
0062,21:20,1280,25289
0062,21:25,1285,25289
0062,21:30,1290,25289
0062,21:35,1295,25289
0062,21:40,1300,25289
0062,21:45,1305,25289
0062,21:50,1310,25289
0062,21:55,1315,25289
0062,22:00,1320,25289
0062,22:05,1325,25289
0062,22:10,1330,25289
0062,22:15,1335,25289
0062,22:20,1340,25289
0062,22:25,1345,25289
0062,22:30,1350,25041
0062,22:35,1355,25041
0062,22:40,1360,25041
0062,22:45,1365,25041
0062,22:50,1370,25041
0062,22:55,1375,25041
0062,23:00,1380,25041
0062,23:05,1385,25041
0062,23:10,1390,25041
0062,23:15,1395,25041
0062,23:16,1396,25041
0062,23:20,1400,25041
0063,09:00,540,0
0063,09:05,545,0
0063,09:10,550,0
0063,09:15,555,0
0063,09:20,560,0
0063,09:25,565,0
0063,09:30,570,0
0063,09:35,575,0
0063,09:40,580,0
0063,09:45,585,0
0063,09:50,590,0
0063,09:55,595,0
0063,10:00,600,0
0063,10:05,605,0
0063,10:10,610,0
0063,10:15,615,0
0063,10:20,620,0
0063,10:25,625,0
0063,10:30,630,0
0063,10:35,635,0
0063,10:40,640,0
0063,10:45,645,0
0063,10:50,650,0
0063,10:55,655,0
0063,11:00,660,-889
0063,11:05,665,-889
0063,11:10,670,-1422
0063,11:15,675,-1422
0063,11:20,680,-1422
0063,11:25,685,-1422
0063,11:30,690,-2667
0063,11:35,695,-2667
0063,11:40,700,-2667
0063,11:45,705,-3733
0063,11:50,710,-3733
0063,11:55,715,-3733
0063,12:00,720,-3733
0063,12:05,725,-3733
0063,12:10,730,-3733
0063,12:15,735,-3733
0063,12:20,740,-3733
0063,12:25,745,-3733
0063,12:30,750,-5156
0063,12:35,755,-5156
0063,12:40,760,-5156
0063,12:45,765,-5156
0063,12:50,770,-6222
0063,12:55,775,-6222
0063,13:00,780,-6222
0063,13:05,785,-6933
0063,13:10,790,-6933
0063,13:15,795,-6933
0063,13:20,800,-6933
0063,13:25,805,-8000
0063,13:30,810,-8000
0063,13:35,815,-8000
0063,13:40,820,-8000
0063,13:45,825,-8000
0063,13:50,830,-8356
0063,13:55,835,-8356
0063,14:00,840,-8356
0063,14:05,845,-8356
0063,14:10,850,-9600
0063,14:15,855,-9600
0063,14:20,860,-9600
0063,14:25,865,-9600
0063,14:30,870,-11200
0063,14:35,875,-11200
0063,14:40,880,-11200
0063,14:45,885,-6756
0063,14:50,890,-6756
0063,14:55,895,-6756
0063,15:00,900,-6756
0063,15:05,905,-6756
0063,15:10,910,-6400
0063,15:15,915,-6400
0063,15:20,920,-6400
0063,15:25,925,-6400
0063,15:30,930,-6400
0063,15:35,935,-6400
0063,15:40,940,-6400
0063,15:45,945,-6400
0063,15:50,950,-6400
0063,15:55,955,-6400
0063,16:00,960,-6400
0063,16:05,965,-6400
0063,16:10,970,-7822
0063,16:15,975,-7822
0063,16:20,980,-7822
0063,16:25,985,-7822
0063,16:30,990,-9067
0063,16:35,995,-9067
0063,16:40,1000,-9067
0063,16:45,1005,-9067
0063,16:50,1010,-10133
0063,16:55,1015,-10133
0063,17:00,1020,-10133
0063,17:05,1025,-9600
0063,17:10,1030,-9600
0063,17:15,1035,-9600
0063,17:20,1040,-9600
0063,17:25,1045,-9600
0063,17:30,1050,-8711
0063,17:35,1055,-8711
0063,17:40,1060,-8711
0063,17:45,1065,-8711
0063,17:50,1070,-9600
0063,17:55,1075,-9600
0063,18:00,1080,-9600
0063,18:05,1085,-9600
0063,18:10,1090,-9778
0063,18:15,1095,-9778
0063,18:20,1100,-9778
0063,18:25,1105,-9778
0063,18:30,1110,-9778
0063,18:35,1115,-9778
0063,18:40,1120,-9778
0063,18:45,1125,-9778
0063,18:50,1130,-10133
0063,18:55,1135,-10133
0063,19:00,1140,-10133
0063,19:05,1145,-10133
0063,19:10,1150,-10133
0063,19:15,1155,-10133
0063,19:20,1160,-10133
0063,19:25,1165,-11022
0063,19:30,1170,-11022
0063,19:35,1175,-11022
0063,19:40,1180,-11022
0063,19:45,1185,-11022
0063,19:50,1190,-11022
0063,19:55,1195,-11022
0063,20:00,1200,-11022
0063,20:05,1205,-11022
0063,20:10,1210,-11022
0063,20:15,1215,-11022
0063,20:20,1220,-11022
0063,20:25,1225,-11022
0063,20:30,1230,-11200
0063,20:35,1235,-11200
0063,20:40,1240,-11200
0063,20:45,1245,-11200
0063,20:50,1250,-11200
0063,20:55,1255,-11200
0063,21:00,1260,-11200
0063,21:05,1265,-11200
0063,21:10,1270,-11200
0063,21:15,1275,-11200
0063,21:20,1280,-11200
0063,21:25,1285,-11200
0063,21:30,1290,-11200
0063,21:35,1295,-11200
0063,21:40,1300,-11200
0063,21:45,1305,-11378
0063,21:50,1310,-11378
0063,21:55,1315,-11378
0063,22:00,1320,-11378
0063,22:05,1325,-11378
0063,22:10,1330,-11378
0063,22:15,1335,-11378
0063,22:20,1340,-11378
0063,22:25,1345,-11378
0063,22:30,1350,-11378
0063,22:35,1355,-11378
0063,22:40,1360,-11378
0063,22:45,1365,-11378
0063,22:50,1370,-11378
0063,22:55,1375,-11378
0063,23:00,1380,-11378
0063,23:05,1385,-11378
0063,23:10,1390,-11378
0063,23:15,1395,-11378
0063,23:16,1396,-11378
0063,23:20,1400,-11378
0064,09:00,540,0
0064,09:05,545,0
0064,09:10,550,0
0064,09:15,555,0
0064,09:20,560,0
0064,09:25,565,0
0064,09:30,570,0
0064,09:35,575,0
0064,09:40,580,0
0064,09:45,585,0
0064,09:50,590,0
0064,09:55,595,0
0064,10:00,600,0
0064,10:05,605,0
0064,10:10,610,0
0064,10:15,615,0
0064,10:20,620,0
0064,10:25,625,0
0064,10:30,630,0
0064,10:35,635,0
0064,10:40,640,0
0064,10:45,645,0
0064,10:50,650,0
0064,10:55,655,0
0064,11:00,660,-1067
0064,11:05,665,-1067
0064,11:10,670,-1600
0064,11:15,675,-1600
0064,11:20,680,-1600
0064,11:25,685,-1600
0064,11:30,690,-2489
0064,11:35,695,-2489
0064,11:40,700,-2489
0064,11:45,705,-2489
0064,11:50,710,-2489
0064,11:55,715,-2489
0064,12:00,720,-2489
0064,12:05,725,-2489
0064,12:10,730,-2489
0064,12:15,735,-2489
0064,12:20,740,-2489
0064,12:25,745,-2489
0064,12:30,750,-2489
0064,12:35,755,-2489
0064,12:40,760,-2489
0064,12:45,765,-2489
0064,12:50,770,-3022
0064,12:55,775,-3022
0064,13:00,780,-3022
0064,13:05,785,-4089
0064,13:10,790,-4089
0064,13:15,795,-4089
0064,13:20,800,-4089
0064,13:25,805,-4800
0064,13:30,810,-4800
0064,13:35,815,-4800
0064,13:40,820,-4800
0064,13:45,825,-4800
0064,13:50,830,-6400
0064,13:55,835,-6400
0064,14:00,840,-6400
0064,14:05,845,-6400
0064,14:10,850,-5867
0064,14:15,855,-5867
0064,14:20,860,-5867
0064,14:25,865,-5867
0064,14:30,870,-3200
0064,14:35,875,-3200
0064,14:40,880,-3200
0064,14:45,885,-3556
0064,14:50,890,-3556
0064,14:55,895,-3556
0064,15:00,900,-3556
0064,15:05,905,-3556
0064,15:10,910,-4622
0064,15:15,915,-4622
0064,15:20,920,-4622
0064,15:25,925,-4622
0064,15:30,930,-6400
0064,15:35,935,-6400
0064,15:40,940,-6400
0064,15:45,945,-8000
0064,15:50,950,-8000
0064,15:55,955,-8000
0064,16:00,960,-8000
0064,16:05,965,-8000
0064,16:10,970,-9244
0064,16:15,975,-9244
0064,16:20,980,-9244
0064,16:25,985,-9244
0064,16:30,990,-10844
0064,16:35,995,-10844
0064,16:40,1000,-10844
0064,16:45,1005,-10844
0064,16:50,1010,-12089
0064,16:55,1015,-12089
0064,17:00,1020,-12089
0064,17:05,1025,-12267
0064,17:10,1030,-12267
0064,17:15,1035,-12267
0064,17:20,1040,-12267
0064,17:25,1045,-12267
0064,17:30,1050,-8711
0064,17:35,1055,-8711
0064,17:40,1060,-8711
0064,17:45,1065,-8711
0064,17:50,1070,-9422
0064,17:55,1075,-9422
0064,18:00,1080,-9422
0064,18:05,1085,-9422
0064,18:10,1090,-10311
0064,18:15,1095,-10311
0064,18:20,1100,-10311
0064,18:25,1105,-11733
0064,18:30,1110,-11733
0064,18:35,1115,-11733
0064,18:40,1120,-11733
0064,18:45,1125,-11733
0064,18:50,1130,-12444
0064,18:55,1135,-12444
0064,19:00,1140,-12444
0064,19:05,1145,-12444
0064,19:10,1150,-12622
0064,19:15,1155,-12622
0064,19:20,1160,-12622
0064,19:25,1165,-13156
0064,19:30,1170,-13156
0064,19:35,1175,-13156
0064,19:40,1180,-13156
0064,19:45,1185,-13511
0064,19:50,1190,-13511
0064,19:55,1195,-13511
0064,20:00,1200,-13511
0064,20:05,1205,-13511
0064,20:10,1210,-13867
0064,20:15,1215,-13867
0064,20:20,1220,-13867
0064,20:25,1225,-13867
0064,20:30,1230,-14578
0064,20:35,1235,-14578
0064,20:40,1240,-14578
0064,20:45,1245,-14578
0064,20:50,1250,-14578
0064,20:55,1255,-14578
0064,21:00,1260,-14578
0064,21:05,1265,-14578
0064,21:10,1270,-14578
0064,21:15,1275,-14578
0064,21:20,1280,-14578
0064,21:25,1285,-14578
0064,21:30,1290,-14756
0064,21:35,1295,-14756
0064,21:40,1300,-14756
0064,21:45,1305,-14933
0064,21:50,1310,-14933
0064,21:55,1315,-14933
0064,22:00,1320,-14933
0064,22:05,1325,-15111
0064,22:10,1330,-15111
0064,22:15,1335,-15111
0064,22:20,1340,-15111
0064,22:25,1345,-15111
0064,22:30,1350,-15111
0064,22:35,1355,-15111
0064,22:40,1360,-15111
0064,22:45,1365,-15111
0064,22:50,1370,-15111
0064,22:55,1375,-15111
0064,23:00,1380,-15111
0064,23:05,1385,-15111
0064,23:10,1390,-15111
0064,23:15,1395,-15111
0064,23:16,1396,-15111
0064,23:20,1400,-15111
0065,09:00,540,0
0065,09:05,545,0
0065,09:10,550,0
0065,09:15,555,0
0065,09:20,560,0
0065,09:25,565,0
0065,09:30,570,0
0065,09:35,575,0
0065,09:40,580,0
0065,09:45,585,0
0065,09:50,590,0
0065,09:55,595,0
0065,10:00,600,0
0065,10:05,605,0
0065,10:10,610,0
0065,10:15,615,0
0065,10:20,620,0
0065,10:25,625,0
0065,10:30,630,0
0065,10:35,635,0
0065,10:40,640,-711
0065,10:45,645,-711
0065,10:50,650,-711
0065,10:55,655,-711
0065,11:00,660,-889
0065,11:05,665,-889
0065,11:10,670,-1422
0065,11:15,675,-1422
0065,11:20,680,-1422
0065,11:25,685,-1422
0065,11:30,690,1897
0065,11:35,695,1897
0065,11:40,700,1897
0065,11:45,705,4310
0065,11:50,710,4310
0065,11:55,715,4310
0065,12:00,720,4310
0065,12:05,725,3448
0065,12:10,730,3448
0065,12:15,735,3448
0065,12:20,740,3448
0065,12:25,745,3448
0065,12:30,750,9310
0065,12:35,755,9310
0065,12:40,760,9310
0065,12:45,765,9310
0065,12:50,770,16379
0065,12:55,775,16379
0065,13:00,780,16379
0065,13:05,785,19310
0065,13:10,790,19310
0065,13:15,795,19310
0065,13:20,800,19310
0065,13:25,805,18621
0065,13:30,810,18621
0065,13:35,815,18621
0065,13:40,820,18621
0065,13:45,825,18621
0065,13:50,830,17414
0065,13:55,835,17414
0065,14:00,840,17414
0065,14:05,845,17414
0065,14:10,850,16552
0065,14:15,855,16552
0065,14:20,860,16552
0065,14:25,865,16552
0065,14:30,870,15862
0065,14:35,875,15862
0065,14:40,880,15862
0065,14:45,885,15172
0065,14:50,890,15172
0065,14:55,895,15172
0065,15:00,900,15172
0065,15:05,905,15172
0065,15:10,910,16207
0065,15:15,915,16207
0065,15:20,920,16207
0065,15:25,925,16207
0065,15:30,930,18276
0065,15:35,935,18276
0065,15:40,940,18276
0065,15:45,945,16897
0065,15:50,950,16897
0065,15:55,955,16897
0065,16:00,960,16897
0065,16:05,965,16897
0065,16:10,970,15690
0065,16:15,975,15690
0065,16:20,980,15690
0065,16:25,985,15690
0065,16:30,990,13966
0065,16:35,995,13966
0065,16:40,1000,13966
0065,16:45,1005,13966
0065,16:50,1010,13448
0065,16:55,1015,13448
0065,17:00,1020,13448
0065,17:05,1025,12931
0065,17:10,1030,12931
0065,17:15,1035,12931
0065,17:20,1040,12931
0065,17:25,1045,12931
0065,17:30,1050,11552
0065,17:35,1055,11552
0065,17:40,1060,11552
0065,17:45,1065,11552
0065,17:50,1070,11034
0065,17:55,1075,11034
0065,18:00,1080,11034
0065,18:05,1085,11034
0065,18:10,1090,11034
0065,18:15,1095,11034
0065,18:20,1100,11034
0065,18:25,1105,10862
0065,18:30,1110,10862
0065,18:35,1115,10862
0065,18:40,1120,10862
0065,18:45,1125,10862
0065,18:50,1130,10172
0065,18:55,1135,10172
0065,19:00,1140,10172
0065,19:05,1145,10172
0065,19:10,1150,9828
0065,19:15,1155,9828
0065,19:20,1160,9828
0065,19:25,1165,9828
0065,19:30,1170,9828
0065,19:35,1175,9828
0065,19:40,1180,9828
0065,19:45,1185,9828
0065,19:50,1190,9828
0065,19:55,1195,9828
0065,20:00,1200,9828
0065,20:05,1205,9828
0065,20:10,1210,8793
0065,20:15,1215,8793
0065,20:20,1220,8793
0065,20:25,1225,8793
0065,20:30,1230,8621
0065,20:35,1235,8621
0065,20:40,1240,8621
0065,20:45,1245,8621
0065,20:50,1250,8621
0065,20:55,1255,8621
0065,21:00,1260,8621
0065,21:05,1265,8621
0065,21:10,1270,8621
0065,21:15,1275,8621
0065,21:20,1280,8621
0065,21:25,1285,8621
0065,21:30,1290,8276
0065,21:35,1295,8276
0065,21:40,1300,8276
0065,21:45,1305,7931
0065,21:50,1310,7931
0065,21:55,1315,7931
0065,22:00,1320,7931
0065,22:05,1325,7931
0065,22:10,1330,7931
0065,22:15,1335,7931
0065,22:20,1340,7931
0065,22:25,1345,7931
0065,22:30,1350,7931
0065,22:35,1355,7931
0065,22:40,1360,7931
0065,22:45,1365,7931
0065,22:50,1370,7931
0065,22:55,1375,7931
0065,23:00,1380,7931
0065,23:05,1385,7931
0065,23:10,1390,7931
0065,23:15,1395,7931
0065,23:16,1396,7931
0065,23:20,1400,7931
0066,09:00,540,0
0066,09:05,545,0
0066,09:10,550,0
0066,09:15,555,0
0066,09:20,560,0
0066,09:25,565,0
0066,09:30,570,0
0066,09:35,575,0
0066,09:40,580,0
0066,09:45,585,0
0066,09:50,590,0
0066,09:55,595,0
0066,10:00,600,0
0066,10:05,605,0
0066,10:10,610,0
0066,10:15,615,0
0066,10:20,620,0
0066,10:25,625,0
0066,10:30,630,0
0066,10:35,635,0
0066,10:40,640,-511
0066,10:45,645,-511
0066,10:50,650,-511
0066,10:55,655,-511
0066,11:00,660,-766
0066,11:05,665,-766
0066,11:10,670,-766
0066,11:15,675,-766
0066,11:20,680,-766
0066,11:25,685,-766
0066,11:30,690,-1787
0066,11:35,695,-1787
0066,11:40,700,-1787
0066,11:45,705,-3064
0066,11:50,710,-3064
0066,11:55,715,-3064
0066,12:00,720,-3064
0066,12:05,725,-3064
0066,12:10,730,-3064
0066,12:15,735,-3064
0066,12:20,740,-3064
0066,12:25,745,-3064
0066,12:30,750,-3064
0066,12:35,755,-3064
0066,12:40,760,-3064
0066,12:45,765,-3064
0066,12:50,770,-3830
0066,12:55,775,-3830
0066,13:00,780,-3830
0066,13:05,785,-4596
0066,13:10,790,-4596
0066,13:15,795,-4596
0066,13:20,800,-4596
0066,13:25,805,-6128
0066,13:30,810,-6128
0066,13:35,815,-6128
0066,13:40,820,-6128
0066,13:45,825,-6128
0066,13:50,830,-7149
0066,13:55,835,-7149
0066,14:00,840,-7149
0066,14:05,845,-7149
0066,14:10,850,-8170
0066,14:15,855,-8170
0066,14:20,860,-8170
0066,14:25,865,-8170
0066,14:30,870,-9447
0066,14:35,875,-9447
0066,14:40,880,-9447
0066,14:45,885,-10213
0066,14:50,890,-10213
0066,14:55,895,-10213
0066,15:00,900,-10213
0066,15:05,905,-10213
0066,15:10,910,-11234
0066,15:15,915,-11234
0066,15:20,920,-11234
0066,15:25,925,-11234
0066,15:30,930,-12511
0066,15:35,935,-12511
0066,15:40,940,-12511
0066,15:45,945,-13277
0066,15:50,950,-13277
0066,15:55,955,-13277
0066,16:00,960,-13277
0066,16:05,965,-13277
0066,16:10,970,-14553
0066,16:15,975,-14553
0066,16:20,980,-14553
0066,16:25,985,-14553
0066,16:30,990,-15830
0066,16:35,995,-15830
0066,16:40,1000,-15830
0066,16:45,1005,-15830
0066,16:50,1010,-17106
0066,16:55,1015,-17106
0066,17:00,1020,-17106
0066,17:05,1025,-17872
0066,17:10,1030,-17872
0066,17:15,1035,-17872
0066,17:20,1040,-17872
0066,17:25,1045,-17872
0066,17:30,1050,-18383
0066,17:35,1055,-18383
0066,17:40,1060,-18383
0066,17:45,1065,-18383
0066,17:50,1070,-19915
0066,17:55,1075,-19915
0066,18:00,1080,-19915
0066,18:05,1085,-19915
0066,18:10,1090,-20936
0066,18:15,1095,-20936
0066,18:20,1100,-20936
0066,18:25,1105,-22468
0066,18:30,1110,-22468
0066,18:35,1115,-22468
0066,18:40,1120,-22468
0066,18:45,1125,-22468
0066,18:50,1130,-22979
0066,18:55,1135,-22979
0066,19:00,1140,-22979
0066,19:05,1145,-22979
0066,19:10,1150,-23745
0066,19:15,1155,-23745
0066,19:20,1160,-23745
0066,19:25,1165,-24000
0066,19:30,1170,-24000
0066,19:35,1175,-24000
0066,19:40,1180,-24000
0066,19:45,1185,-24766
0066,19:50,1190,-24766
0066,19:55,1195,-24766
0066,20:00,1200,-24766
0066,20:05,1205,-24766
0066,20:10,1210,-24766
0066,20:15,1215,-24766
0066,20:20,1220,-24766
0066,20:25,1225,-24766
0066,20:30,1230,-25277
0066,20:35,1235,-25277
0066,20:40,1240,-25277
0066,20:45,1245,-25277
0066,20:50,1250,-25277
0066,20:55,1255,-25277
0066,21:00,1260,-25277
0066,21:05,1265,-25277
0066,21:10,1270,-25277
0066,21:15,1275,-25277
0066,21:20,1280,-25277
0066,21:25,1285,-25277
0066,21:30,1290,-25277
0066,21:35,1295,-25277
0066,21:40,1300,-25277
0066,21:45,1305,-25277
0066,21:50,1310,-25277
0066,21:55,1315,-25277
0066,22:00,1320,-25277
0066,22:05,1325,-25021
0066,22:10,1330,-25021
0066,22:15,1335,-25021
0066,22:20,1340,-25021
0066,22:25,1345,-25021
0066,22:30,1350,-22213
0066,22:35,1355,-22213
0066,22:40,1360,-22213
0066,22:45,1365,-22213
0066,22:50,1370,-22213
0066,22:55,1375,-22213
0066,23:00,1380,-22213
0066,23:05,1385,-22213
0066,23:10,1390,-22213
0066,23:15,1395,-22213
0066,23:16,1396,-22213
0066,23:20,1400,-22213
0067,09:00,540,0
0067,09:05,545,0
0067,09:10,550,0
0067,09:15,555,0
0067,09:20,560,0
0067,09:25,565,0
0067,09:30,570,0
0067,09:35,575,0
0067,09:40,580,0
0067,09:45,585,0
0067,09:50,590,0
0067,09:55,595,0
0067,10:00,600,0
0067,10:05,605,0
0067,10:10,610,0
0067,10:15,615,0
0067,10:20,620,0
0067,10:25,625,4138
0067,10:30,630,4138
0067,10:35,635,4138
0067,10:40,640,8103
0067,10:45,645,8103
0067,10:50,650,8103
0067,10:55,655,8103
0067,11:00,660,10862
0067,11:05,665,10862
0067,11:10,670,10862
0067,11:15,675,10862
0067,11:20,680,10862
0067,11:25,685,10862
0067,11:30,690,10517
0067,11:35,695,10517
0067,11:40,700,10517
0067,11:45,705,9138
0067,11:50,710,9138
0067,11:55,715,9138
0067,12:00,720,9138
0067,12:05,725,8276
0067,12:10,730,8276
0067,12:15,735,8276
0067,12:20,740,8276
0067,12:25,745,8276
0067,12:30,750,7414
0067,12:35,755,7414
0067,12:40,760,7414
0067,12:45,765,7414
0067,12:50,770,8103
0067,12:55,775,8103
0067,13:00,780,8103
0067,13:05,785,7931
0067,13:10,790,7931
0067,13:15,795,7931
0067,13:20,800,7931
0067,13:25,805,6379
0067,13:30,810,6379
0067,13:35,815,6379
0067,13:40,820,6379
0067,13:45,825,6379
0067,13:50,830,5517
0067,13:55,835,5517
0067,14:00,840,5517
0067,14:05,845,5517
0067,14:10,850,5517
0067,14:15,855,5517
0067,14:20,860,5517
0067,14:25,865,5517
0067,14:30,870,5517
0067,14:35,875,5517
0067,14:40,880,5517
0067,14:45,885,5345
0067,14:50,890,5345
0067,14:55,895,5345
0067,15:00,900,5345
0067,15:05,905,5345
0067,15:10,910,5862
0067,15:15,915,5862
0067,15:20,920,5862
0067,15:25,925,5862
0067,15:30,930,7241
0067,15:35,935,7241
0067,15:40,940,7241
0067,15:45,945,5862
0067,15:50,950,5862
0067,15:55,955,5862
0067,16:00,960,5862
0067,16:05,965,5862
0067,16:10,970,4828
0067,16:15,975,4828
0067,16:20,980,4828
0067,16:25,985,4828
0067,16:30,990,3448
0067,16:35,995,3448
0067,16:40,1000,3448
0067,16:45,1005,3448
0067,16:50,1010,6207
0067,16:55,1015,6207
0067,17:00,1020,6207
0067,17:05,1025,6207
0067,17:10,1030,6207
0067,17:15,1035,6207
0067,17:20,1040,6207
0067,17:25,1045,6207
0067,17:30,1050,5345
0067,17:35,1055,5345
0067,17:40,1060,5345
0067,17:45,1065,5345
0067,17:50,1070,4310
0067,17:55,1075,4310
0067,18:00,1080,4310
0067,18:05,1085,4310
0067,18:10,1090,4310
0067,18:15,1095,4310
0067,18:20,1100,4310
0067,18:25,1105,4310
0067,18:30,1110,4310
0067,18:35,1115,4310
0067,18:40,1120,4310
0067,18:45,1125,4310
0067,18:50,1130,4138
0067,18:55,1135,4138
0067,19:00,1140,4138
0067,19:05,1145,4138
0067,19:10,1150,4138
0067,19:15,1155,4138
0067,19:20,1160,4138
0067,19:25,1165,7759
0067,19:30,1170,7759
0067,19:35,1175,7759
0067,19:40,1180,7759
0067,19:45,1185,7759
0067,19:50,1190,7759
0067,19:55,1195,7759
0067,20:00,1200,7759
0067,20:05,1205,7759
0067,20:10,1210,7586
0067,20:15,1215,7586
0067,20:20,1220,7586
0067,20:25,1225,7586
0067,20:30,1230,7414
0067,20:35,1235,7414
0067,20:40,1240,7414
0067,20:45,1245,7241
0067,20:50,1250,7241
0067,20:55,1255,7241
0067,21:00,1260,7241
0067,21:05,1265,7241
0067,21:10,1270,8448
0067,21:15,1275,8448
0067,21:20,1280,8448
0067,21:25,1285,8448
0067,21:30,1290,10690
0067,21:35,1295,10690
0067,21:40,1300,10690
0067,21:45,1305,10517
0067,21:50,1310,10517
0067,21:55,1315,10517
0067,22:00,1320,10517
0067,22:05,1325,10000
0067,22:10,1330,10000
0067,22:15,1335,10000
0067,22:20,1340,10000
0067,22:25,1345,10000
0067,22:30,1350,9828
0067,22:35,1355,9828
0067,22:40,1360,9828
0067,22:45,1365,9828
0067,22:50,1370,9828
0067,22:55,1375,9828
0067,23:00,1380,9828
0067,23:05,1385,9828
0067,23:10,1390,9828
0067,23:15,1395,9828
0067,23:16,1396,9828
0067,23:20,1400,9828
0068,09:00,540,0
0068,09:05,545,0
0068,09:10,550,0
0068,09:15,555,0
0068,09:20,560,0
0068,09:25,565,0
0068,09:30,570,0
0068,09:35,575,0
0068,09:40,580,0
0068,09:45,585,0
0068,09:50,590,0
0068,09:55,595,0
0068,10:00,600,0
0068,10:05,605,0
0068,10:10,610,-178
0068,10:15,615,-178
0068,10:20,620,-178
0068,10:25,625,-1422
0068,10:30,630,-1422
0068,10:35,635,-1422
0068,10:40,640,-2311
0068,10:45,645,-2311
0068,10:50,650,-2311
0068,10:55,655,-2311
0068,11:00,660,-3378
0068,11:05,665,-3378
0068,11:10,670,-3911
0068,11:15,675,-3911
0068,11:20,680,-3911
0068,11:25,685,-3911
0068,11:30,690,-5511
0068,11:35,695,-5511
0068,11:40,700,-5511
0068,11:45,705,-1422
0068,11:50,710,-1422
0068,11:55,715,-1422
0068,12:00,720,-1422
0068,12:05,725,-1600
0068,12:10,730,-1600
0068,12:15,735,-1600
0068,12:20,740,-1600
0068,12:25,745,-1600
0068,12:30,750,-2667
0068,12:35,755,-2667
0068,12:40,760,-2667
0068,12:45,765,-2667
0068,12:50,770,-3200
0068,12:55,775,-3200
0068,13:00,780,-3200
0068,13:05,785,-3556
0068,13:10,790,-3556
0068,13:15,795,-3556
0068,13:20,800,-3556
0068,13:25,805,-4800
0068,13:30,810,-4800
0068,13:35,815,-4800
0068,13:40,820,-4800
0068,13:45,825,-4800
0068,13:50,830,-5689
0068,13:55,835,-5689
0068,14:00,840,-5689
0068,14:05,845,-5689
0068,14:10,850,-6578
0068,14:15,855,-6578
0068,14:20,860,-6578
0068,14:25,865,-6578
0068,14:30,870,-7289
0068,14:35,875,-7289
0068,14:40,880,-7289
0068,14:45,885,-8356
0068,14:50,890,-8356
0068,14:55,895,-8356
0068,15:00,900,-8356
0068,15:05,905,-8356
0068,15:10,910,-9422
0068,15:15,915,-9422
0068,15:20,920,-9422
0068,15:25,925,-9422
0068,15:30,930,-11200
0068,15:35,935,-11200
0068,15:40,940,-11200
0068,15:45,945,-7289
0068,15:50,950,-7289
0068,15:55,955,-7289
0068,16:00,960,-7289
0068,16:05,965,-7289
0068,16:10,970,-7111
0068,16:15,975,-7111
0068,16:20,980,-7111
0068,16:25,985,-7111
0068,16:30,990,-8711
0068,16:35,995,-8711
0068,16:40,1000,-8711
0068,16:45,1005,-8711
0068,16:50,1010,-8711
0068,16:55,1015,-8711
0068,17:00,1020,-8711
0068,17:05,1025,-9778
0068,17:10,1030,-9778
0068,17:15,1035,-9778
0068,17:20,1040,-9778
0068,17:25,1045,-9778
0068,17:30,1050,-3022
0068,17:35,1055,-3022
0068,17:40,1060,-3022
0068,17:45,1065,-3022
0068,17:50,1070,-3733
0068,17:55,1075,-3733
0068,18:00,1080,-3733
0068,18:05,1085,-3733
0068,18:10,1090,-3378
0068,18:15,1095,-3378
0068,18:20,1100,-3378
0068,18:25,1105,-4622
0068,18:30,1110,-4622
0068,18:35,1115,-4622
0068,18:40,1120,-4622
0068,18:45,1125,-4622
0068,18:50,1130,-4978
0068,18:55,1135,-4978
0068,19:00,1140,-4978
0068,19:05,1145,-4978
0068,19:10,1150,-6044
0068,19:15,1155,-6044
0068,19:20,1160,-6044
0068,19:25,1165,-7111
0068,19:30,1170,-7111
0068,19:35,1175,-7111
0068,19:40,1180,-7111
0068,19:45,1185,-7111
0068,19:50,1190,-7111
0068,19:55,1195,-7111
0068,20:00,1200,-7111
0068,20:05,1205,-7111
0068,20:10,1210,-7644
0068,20:15,1215,-7644
0068,20:20,1220,-7644
0068,20:25,1225,-7644
0068,20:30,1230,-8178
0068,20:35,1235,-8178
0068,20:40,1240,-8178
0068,20:45,1245,-9244
0068,20:50,1250,-9244
0068,20:55,1255,-9244
0068,21:00,1260,-9244
0068,21:05,1265,-9244
0068,21:10,1270,-10311
0068,21:15,1275,-10311
0068,21:20,1280,-10311
0068,21:25,1285,-10311
0068,21:30,1290,-11733
0068,21:35,1295,-11733
0068,21:40,1300,-11733
0068,21:45,1305,-13156
0068,21:50,1310,-13156
0068,21:55,1315,-13156
0068,22:00,1320,-13156
0068,22:05,1325,-13867
0068,22:10,1330,-13867
0068,22:15,1335,-13867
0068,22:20,1340,-13867
0068,22:25,1345,-13867
0068,22:30,1350,-14044
0068,22:35,1355,-14044
0068,22:40,1360,-14044
0068,22:45,1365,-14044
0068,22:50,1370,-14044
0068,22:55,1375,-14044
0068,23:00,1380,-14044
0068,23:05,1385,-14044
0068,23:10,1390,-14044
0068,23:15,1395,-14044
0068,23:16,1396,-14044
0068,23:20,1400,-14044
0069,09:00,540,0
0069,09:05,545,0
0069,09:10,550,0
0069,09:15,555,0
0069,09:20,560,0
0069,09:25,565,0
0069,09:30,570,0
0069,09:35,575,0
0069,09:40,580,0
0069,09:45,585,0
0069,09:50,590,0
0069,09:55,595,0
0069,10:00,600,0
0069,10:05,605,0
0069,10:10,610,0
0069,10:15,615,0
0069,10:20,620,0
0069,10:25,625,0
0069,10:30,630,0
0069,10:35,635,0
0069,10:40,640,-711
0069,10:45,645,-711
0069,10:50,650,-711
0069,10:55,655,-711
0069,11:00,660,-711
0069,11:05,665,-711
0069,11:10,670,-711
0069,11:15,675,-711
0069,11:20,680,-711
0069,11:25,685,-711
0069,11:30,690,-711
0069,11:35,695,-711
0069,11:40,700,-711
0069,11:45,705,-1244
0069,11:50,710,-1244
0069,11:55,715,-1244
0069,12:00,720,-1244
0069,12:05,725,-1244
0069,12:10,730,-1244
0069,12:15,735,-1244
0069,12:20,740,-1244
0069,12:25,745,-1244
0069,12:30,750,-2311
0069,12:35,755,-2311
0069,12:40,760,-2311
0069,12:45,765,-2311
0069,12:50,770,-1600
0069,12:55,775,-1600
0069,13:00,780,-1600
0069,13:05,785,-2489
0069,13:10,790,-2489
0069,13:15,795,-2489
0069,13:20,800,-2489
0069,13:25,805,-3378
0069,13:30,810,-3378
0069,13:35,815,-3378
0069,13:40,820,-3378
0069,13:45,825,-3378
0069,13:50,830,-4800
0069,13:55,835,-4800
0069,14:00,840,-4800
0069,14:05,845,-4800
0069,14:10,850,-4978
0069,14:15,855,-4978
0069,14:20,860,-4978
0069,14:25,865,-4978
0069,14:30,870,-6222
0069,14:35,875,-6222
0069,14:40,880,-6222
0069,14:45,885,-7467
0069,14:50,890,-7467
0069,14:55,895,-7467
0069,15:00,900,-7467
0069,15:05,905,-7467
0069,15:10,910,-5511
0069,15:15,915,-5511
0069,15:20,920,-5511
0069,15:25,925,-5511
0069,15:30,930,172
0069,15:35,935,172
0069,15:40,940,172
0069,15:45,945,-533
0069,15:50,950,-533
0069,15:55,955,-533
0069,16:00,960,-533
0069,16:05,965,-533
0069,16:10,970,-1244
0069,16:15,975,-1244
0069,16:20,980,-1244
0069,16:25,985,-1244
0069,16:30,990,-3022
0069,16:35,995,-3022
0069,16:40,1000,-3022
0069,16:45,1005,-3022
0069,16:50,1010,-4267
0069,16:55,1015,-4267
0069,17:00,1020,-4267
0069,17:05,1025,-3378
0069,17:10,1030,-3378
0069,17:15,1035,-3378
0069,17:20,1040,-3378
0069,17:25,1045,-3378
0069,17:30,1050,-4622
0069,17:35,1055,-4622
0069,17:40,1060,-4622
0069,17:45,1065,-4622
0069,17:50,1070,-4978
0069,17:55,1075,-4978
0069,18:00,1080,-4978
0069,18:05,1085,-4978
0069,18:10,1090,-6044
0069,18:15,1095,-6044
0069,18:20,1100,-6044
0069,18:25,1105,-7822
0069,18:30,1110,-7822
0069,18:35,1115,-7822
0069,18:40,1120,-7822
0069,18:45,1125,-7822
0069,18:50,1130,-8000
0069,18:55,1135,-8000
0069,19:00,1140,-8000
0069,19:05,1145,-8000
0069,19:10,1150,-8356
0069,19:15,1155,-8356
0069,19:20,1160,-8356
0069,19:25,1165,-8356
0069,19:30,1170,-8356
0069,19:35,1175,-8356
0069,19:40,1180,-8356
0069,19:45,1185,-9244
0069,19:50,1190,-9244
0069,19:55,1195,-9244
0069,20:00,1200,-9244
0069,20:05,1205,-9244
0069,20:10,1210,-9244
0069,20:15,1215,-9244
0069,20:20,1220,-9244
0069,20:25,1225,-9244
0069,20:30,1230,-9244
0069,20:35,1235,-9244
0069,20:40,1240,-9244
0069,20:45,1245,-9600
0069,20:50,1250,-9600
0069,20:55,1255,-9600
0069,21:00,1260,-9600
0069,21:05,1265,-9600
0069,21:10,1270,-10844
0069,21:15,1275,-10844
0069,21:20,1280,-10844
0069,21:25,1285,-10844
0069,21:30,1290,-10844
0069,21:35,1295,-10844
0069,21:40,1300,-10844
0069,21:45,1305,-10844
0069,21:50,1310,-10844
0069,21:55,1315,-10844
0069,22:00,1320,-10844
0069,22:05,1325,-10844
0069,22:10,1330,-10844
0069,22:15,1335,-10844
0069,22:20,1340,-10844
0069,22:25,1345,-10844
0069,22:30,1350,-10844
0069,22:35,1355,-10844
0069,22:40,1360,-10844
0069,22:45,1365,-10844
0069,22:50,1370,-10844
0069,22:55,1375,-10844
0069,23:00,1380,-10844
0069,23:05,1385,-10844
0069,23:10,1390,-10844
0069,23:15,1395,-10844
0069,23:16,1396,-10844
0069,23:20,1400,-10844
0070,09:00,540,0
0070,09:05,545,0
0070,09:10,550,0
0070,09:15,555,0
0070,09:20,560,0
0070,09:25,565,0
0070,09:30,570,0
0070,09:35,575,0
0070,09:40,580,0
0070,09:45,585,0
0070,09:50,590,0
0070,09:55,595,0
0070,10:00,600,0
0070,10:05,605,0
0070,10:10,610,0
0070,10:15,615,0
0070,10:20,620,0
0070,10:25,625,0
0070,10:30,630,0
0070,10:35,635,0
0070,10:40,640,0
0070,10:45,645,0
0070,10:50,650,0
0070,10:55,655,0
0070,11:00,660,0
0070,11:05,665,0
0070,11:10,670,0
0070,11:15,675,0
0070,11:20,680,0
0070,11:25,685,0
0070,11:30,690,-1277
0070,11:35,695,-1277
0070,11:40,700,-1277
0070,11:45,705,-2043
0070,11:50,710,-2043
0070,11:55,715,-2043
0070,12:00,720,-2043
0070,12:05,725,-2043
0070,12:10,730,-2043
0070,12:15,735,-2043
0070,12:20,740,-2043
0070,12:25,745,-2043
0070,12:30,750,-2043
0070,12:35,755,-2043
0070,12:40,760,-2043
0070,12:45,765,-2043
0070,12:50,770,-3574
0070,12:55,775,-3574
0070,13:00,780,-3574
0070,13:05,785,-3830
0070,13:10,790,-3830
0070,13:15,795,-3830
0070,13:20,800,-3830
0070,13:25,805,-5362
0070,13:30,810,-5362
0070,13:35,815,-5362
0070,13:40,820,-5362
0070,13:45,825,-5362
0070,13:50,830,-6128
0070,13:55,835,-6128
0070,14:00,840,-6128
0070,14:05,845,-6128
0070,14:10,850,-6894
0070,14:15,855,-6894
0070,14:20,860,-6894
0070,14:25,865,-6894
0070,14:30,870,-4340
0070,14:35,875,-4340
0070,14:40,880,-4340
0070,14:45,885,2231
0070,14:50,890,2231
0070,14:55,895,2231
0070,15:00,900,2231
0070,15:05,905,2231
0070,15:10,910,1983
0070,15:15,915,1983
0070,15:20,920,1983
0070,15:25,925,1983
0070,15:30,930,8678
0070,15:35,935,8678
0070,15:40,940,8678
0070,15:45,945,14628
0070,15:50,950,14628
0070,15:55,955,14628
0070,16:00,960,14628
0070,16:05,965,14628
0070,16:10,970,19587
0070,16:15,975,19587
0070,16:20,980,19587
0070,16:25,985,19587
0070,16:30,990,18843
0070,16:35,995,18843
0070,16:40,1000,18843
0070,16:45,1005,18843
0070,16:50,1010,18347
0070,16:55,1015,18347
0070,17:00,1020,18347
0070,17:05,1025,18099
0070,17:10,1030,18099
0070,17:15,1035,18099
0070,17:20,1040,18099
0070,17:25,1045,18099
0070,17:30,1050,18099
0070,17:35,1055,18099
0070,17:40,1060,18099
0070,17:45,1065,18099
0070,17:50,1070,21322
0070,17:55,1075,21322
0070,18:00,1080,21322
0070,18:05,1085,21322
0070,18:10,1090,20083
0070,18:15,1095,20083
0070,18:20,1100,20083
0070,18:25,1105,18843
0070,18:30,1110,18843
0070,18:35,1115,18843
0070,18:40,1120,18843
0070,18:45,1125,18843
0070,18:50,1130,18595
0070,18:55,1135,18595
0070,19:00,1140,18595
0070,19:05,1145,18595
0070,19:10,1150,18595
0070,19:15,1155,18595
0070,19:20,1160,18595
0070,19:25,1165,18595
0070,19:30,1170,18595
0070,19:35,1175,18595
0070,19:40,1180,18595
0070,19:45,1185,18595
0070,19:50,1190,18595
0070,19:55,1195,18595
0070,20:00,1200,18595
0070,20:05,1205,18595
0070,20:10,1210,18595
0070,20:15,1215,18595
0070,20:20,1220,18595
0070,20:25,1225,18595
0070,20:30,1230,18595
0070,20:35,1235,18595
0070,20:40,1240,18595
0070,20:45,1245,18595
0070,20:50,1250,18595
0070,20:55,1255,18595
0070,21:00,1260,18595
0070,21:05,1265,18595
0070,21:10,1270,18595
0070,21:15,1275,18595
0070,21:20,1280,18595
0070,21:25,1285,18595
0070,21:30,1290,18595
0070,21:35,1295,18595
0070,21:40,1300,18595
0070,21:45,1305,18595
0070,21:50,1310,18595
0070,21:55,1315,18595
0070,22:00,1320,18595
0070,22:05,1325,18099
0070,22:10,1330,18099
0070,22:15,1335,18099
0070,22:20,1340,18099
0070,22:25,1345,18099
0070,22:30,1350,18099
0070,22:35,1355,18099
0070,22:40,1360,18099
0070,22:45,1365,18099
0070,22:50,1370,18099
0070,22:55,1375,18099
0070,23:00,1380,18099
0070,23:05,1385,18099
0070,23:10,1390,18099
0070,23:15,1395,18099
0070,23:16,1396,18099
0070,23:20,1400,18099
0071,09:00,540,0
0071,09:05,545,0
0071,09:10,550,0
0071,09:15,555,0
0071,09:20,560,0
0071,09:25,565,0
0071,09:30,570,0
0071,09:35,575,0
0071,09:40,580,0
0071,09:45,585,0
0071,09:50,590,0
0071,09:55,595,0
0071,10:00,600,0
0071,10:05,605,0
0071,10:10,610,0
0071,10:15,615,0
0071,10:20,620,0
0071,10:25,625,-1277
0071,10:30,630,-1277
0071,10:35,635,-1277
0071,10:40,640,-1532
0071,10:45,645,-1532
0071,10:50,650,-1532
0071,10:55,655,-1532
0071,11:00,660,-2298
0071,11:05,665,-2298
0071,11:10,670,496
0071,11:15,675,496
0071,11:20,680,496
0071,11:25,685,496
0071,11:30,690,744
0071,11:35,695,744
0071,11:40,700,744
0071,11:45,705,-511
0071,11:50,710,-511
0071,11:55,715,-511
0071,12:00,720,-511
0071,12:05,725,3223
0071,12:10,730,3223
0071,12:15,735,3223
0071,12:20,740,3223
0071,12:25,745,3223
0071,12:30,750,11405
0071,12:35,755,11405
0071,12:40,760,11405
0071,12:45,765,11405
0071,12:50,770,18099
0071,12:55,775,18099
0071,13:00,780,18099
0071,13:05,785,20826
0071,13:10,790,20826
0071,13:15,795,20826
0071,13:20,800,20826
0071,13:25,805,19339
0071,13:30,810,19339
0071,13:35,815,19339
0071,13:40,820,19339
0071,13:45,825,19339
0071,13:50,830,17851
0071,13:55,835,17851
0071,14:00,840,17851
0071,14:05,845,17851
0071,14:10,850,19835
0071,14:15,855,19835
0071,14:20,860,19835
0071,14:25,865,19835
0071,14:30,870,20826
0071,14:35,875,20826
0071,14:40,880,20826
0071,14:45,885,19587
0071,14:50,890,19587
0071,14:55,895,19587
0071,15:00,900,19587
0071,15:05,905,19587
0071,15:10,910,21818
0071,15:15,915,21818
0071,15:20,920,21818
0071,15:25,925,21818
0071,15:30,930,20826
0071,15:35,935,20826
0071,15:40,940,20826
0071,15:45,945,20826
0071,15:50,950,20826
0071,15:55,955,20826
0071,16:00,960,20826
0071,16:05,965,20826
0071,16:10,970,20826
0071,16:15,975,20826
0071,16:20,980,20826
0071,16:25,985,20826
0071,16:30,990,20826
0071,16:35,995,20826
0071,16:40,1000,20826
0071,16:45,1005,20826
0071,16:50,1010,20826
0071,16:55,1015,20826
0071,17:00,1020,20826
0071,17:05,1025,20826
0071,17:10,1030,20826
0071,17:15,1035,20826
0071,17:20,1040,20826
0071,17:25,1045,20826
0071,17:30,1050,20331
0071,17:35,1055,20331
0071,17:40,1060,20331
0071,17:45,1065,20331
0071,17:50,1070,20331
0071,17:55,1075,20331
0071,18:00,1080,20331
0071,18:05,1085,20331
0071,18:10,1090,20331
0071,18:15,1095,20331
0071,18:20,1100,20331
0071,18:25,1105,20331
0071,18:30,1110,20331
0071,18:35,1115,20331
0071,18:40,1120,20331
0071,18:45,1125,20331
0071,18:50,1130,19835
0071,18:55,1135,19835
0071,19:00,1140,19835
0071,19:05,1145,19835
0071,19:10,1150,19339
0071,19:15,1155,19339
0071,19:20,1160,19339
0071,19:25,1165,19339
0071,19:30,1170,19339
0071,19:35,1175,19339
0071,19:40,1180,19339
0071,19:45,1185,19339
0071,19:50,1190,19339
0071,19:55,1195,19339
0071,20:00,1200,19339
0071,20:05,1205,19339
0071,20:10,1210,19339
0071,20:15,1215,19339
0071,20:20,1220,19339
0071,20:25,1225,19339
0071,20:30,1230,19339
0071,20:35,1235,19339
0071,20:40,1240,19339
0071,20:45,1245,19339
0071,20:50,1250,19339
0071,20:55,1255,19339
0071,21:00,1260,19339
0071,21:05,1265,19339
0071,21:10,1270,19339
0071,21:15,1275,19339
0071,21:20,1280,19339
0071,21:25,1285,19339
0071,21:30,1290,19339
0071,21:35,1295,19339
0071,21:40,1300,19339
0071,21:45,1305,19339
0071,21:50,1310,19339
0071,21:55,1315,19339
0071,22:00,1320,19339
0071,22:05,1325,19339
0071,22:10,1330,19339
0071,22:15,1335,19339
0071,22:20,1340,19339
0071,22:25,1345,19339
0071,22:30,1350,19339
0071,22:35,1355,19339
0071,22:40,1360,19339
0071,22:45,1365,19339
0071,22:50,1370,19339
0071,22:55,1375,19339
0071,23:00,1380,19339
0071,23:05,1385,19339
0071,23:10,1390,19339
0071,23:15,1395,19339
0071,23:16,1396,19339
0071,23:20,1400,19339
0072,09:00,540,0
0072,09:05,545,0
0072,09:10,550,0
0072,09:15,555,0
0072,09:20,560,0
0072,09:25,565,0
0072,09:30,570,0
0072,09:35,575,0
0072,09:40,580,0
0072,09:45,585,0
0072,09:50,590,0
0072,09:55,595,0
0072,10:00,600,0
0072,10:05,605,0
0072,10:10,610,0
0072,10:15,615,0
0072,10:20,620,0
0072,10:25,625,0
0072,10:30,630,0
0072,10:35,635,0
0072,10:40,640,0
0072,10:45,645,0
0072,10:50,650,0
0072,10:55,655,0
0072,11:00,660,0
0072,11:05,665,0
0072,11:10,670,0
0072,11:15,675,0
0072,11:20,680,0
0072,11:25,685,0
0072,11:30,690,0
0072,11:35,695,0
0072,11:40,700,0
0072,11:45,705,0
0072,11:50,710,0
0072,11:55,715,0
0072,12:00,720,0
0072,12:05,725,0
0072,12:10,730,0
0072,12:15,735,0
0072,12:20,740,0
0072,12:25,745,0
0072,12:30,750,0
0072,12:35,755,0
0072,12:40,760,0
0072,12:45,765,0
0072,12:50,770,3276
0072,12:55,775,3276
0072,13:00,780,3276
0072,13:05,785,9138
0072,13:10,790,9138
0072,13:15,795,9138
0072,13:20,800,9138
0072,13:25,805,7586
0072,13:30,810,7586
0072,13:35,815,7586
0072,13:40,820,7586
0072,13:45,825,7586
0072,13:50,830,10000
0072,13:55,835,10000
0072,14:00,840,10000
0072,14:05,845,10000
0072,14:10,850,8793
0072,14:15,855,8793
0072,14:20,860,8793
0072,14:25,865,8793
0072,14:30,870,7069
0072,14:35,875,7069
0072,14:40,880,7069
0072,14:45,885,9138
0072,14:50,890,9138
0072,14:55,895,9138
0072,15:00,900,9138
0072,15:05,905,9138
0072,15:10,910,9483
0072,15:15,915,9483
0072,15:20,920,9483
0072,15:25,925,9483
0072,15:30,930,10345
0072,15:35,935,10345
0072,15:40,940,10345
0072,15:45,945,11379
0072,15:50,950,11379
0072,15:55,955,11379
0072,16:00,960,11379
0072,16:05,965,11379
0072,16:10,970,10690
0072,16:15,975,10690
0072,16:20,980,10690
0072,16:25,985,10690
0072,16:30,990,9655
0072,16:35,995,9655
0072,16:40,1000,9655
0072,16:45,1005,9655
0072,16:50,1010,11897
0072,16:55,1015,11897
0072,17:00,1020,11897
0072,17:05,1025,12931
0072,17:10,1030,12931
0072,17:15,1035,12931
0072,17:20,1040,12931
0072,17:25,1045,12931
0072,17:30,1050,12931
0072,17:35,1055,12931
0072,17:40,1060,12931
0072,17:45,1065,12931
0072,17:50,1070,12931
0072,17:55,1075,12931
0072,18:00,1080,12931
0072,18:05,1085,12931
0072,18:10,1090,11552
0072,18:15,1095,11552
0072,18:20,1100,11552
0072,18:25,1105,10345
0072,18:30,1110,10345
0072,18:35,1115,10345
0072,18:40,1120,10345
0072,18:45,1125,10345
0072,18:50,1130,9310
0072,18:55,1135,9310
0072,19:00,1140,9310
0072,19:05,1145,9310
0072,19:10,1150,9138
0072,19:15,1155,9138
0072,19:20,1160,9138
0072,19:25,1165,13448
0072,19:30,1170,13448
0072,19:35,1175,13448
0072,19:40,1180,13448
0072,19:45,1185,15517
0072,19:50,1190,15517
0072,19:55,1195,15517
0072,20:00,1200,15517
0072,20:05,1205,15517
0072,20:10,1210,14655
0072,20:15,1215,14655
0072,20:20,1220,14655
0072,20:25,1225,14655
0072,20:30,1230,13103
0072,20:35,1235,13103
0072,20:40,1240,13103
0072,20:45,1245,12069
0072,20:50,1250,12069
0072,20:55,1255,12069
0072,21:00,1260,12069
0072,21:05,1265,12069
0072,21:10,1270,12586
0072,21:15,1275,12586
0072,21:20,1280,12586
0072,21:25,1285,12586
0072,21:30,1290,17931
0072,21:35,1295,17931
0072,21:40,1300,17931
0072,21:45,1305,18793
0072,21:50,1310,18793
0072,21:55,1315,18793
0072,22:00,1320,18793
0072,22:05,1325,19483
0072,22:10,1330,19483
0072,22:15,1335,19483
0072,22:20,1340,19483
0072,22:25,1345,19483
0072,22:30,1350,19310
0072,22:35,1355,19310
0072,22:40,1360,19310
0072,22:45,1365,19310
0072,22:50,1370,19310
0072,22:55,1375,19310
0072,23:00,1380,19310
0072,23:05,1385,19310
0072,23:10,1390,19310
0072,23:15,1395,19310
0072,23:16,1396,19310
0072,23:20,1400,19310
0073,09:00,540,0
0073,09:05,545,0
0073,09:10,550,0
0073,09:15,555,0
0073,09:20,560,0
0073,09:25,565,0
0073,09:30,570,0
0073,09:35,575,0
0073,09:40,580,0
0073,09:45,585,0
0073,09:50,590,0
0073,09:55,595,0
0073,10:00,600,0
0073,10:05,605,0
0073,10:10,610,0
0073,10:15,615,0
0073,10:20,620,0
0073,10:25,625,0
0073,10:30,630,0
0073,10:35,635,0
0073,10:40,640,0
0073,10:45,645,0
0073,10:50,650,0
0073,10:55,655,0
0073,11:00,660,0
0073,11:05,665,0
0073,11:10,670,-356
0073,11:15,675,-356
0073,11:20,680,-356
0073,11:25,685,-356
0073,11:30,690,6897
0073,11:35,695,6897
0073,11:40,700,6897
0073,11:45,705,10172
0073,11:50,710,10172
0073,11:55,715,10172
0073,12:00,720,10172
0073,12:05,725,11034
0073,12:10,730,11034
0073,12:15,735,11034
0073,12:20,740,11034
0073,12:25,745,11034
0073,12:30,750,14655
0073,12:35,755,14655
0073,12:40,760,14655
0073,12:45,765,14655
0073,12:50,770,13966
0073,12:55,775,13966
0073,13:00,780,13966
0073,13:05,785,13448
0073,13:10,790,13448
0073,13:15,795,13448
0073,13:20,800,13448
0073,13:25,805,11724
0073,13:30,810,11724
0073,13:35,815,11724
0073,13:40,820,11724
0073,13:45,825,11724
0073,13:50,830,10517
0073,13:55,835,10517
0073,14:00,840,10517
0073,14:05,845,10517
0073,14:10,850,12759
0073,14:15,855,12759
0073,14:20,860,12759
0073,14:25,865,12759
0073,14:30,870,11034
0073,14:35,875,11034
0073,14:40,880,11034
0073,14:45,885,9828
0073,14:50,890,9828
0073,14:55,895,9828
0073,15:00,900,9828
0073,15:05,905,9828
0073,15:10,910,8793
0073,15:15,915,8793
0073,15:20,920,8793
0073,15:25,925,8793
0073,15:30,930,7414
0073,15:35,935,7414
0073,15:40,940,7414
0073,15:45,945,6552
0073,15:50,950,6552
0073,15:55,955,6552
0073,16:00,960,6552
0073,16:05,965,6552
0073,16:10,970,5345
0073,16:15,975,5345
0073,16:20,980,5345
0073,16:25,985,5345
0073,16:30,990,4655
0073,16:35,995,4655
0073,16:40,1000,4655
0073,16:45,1005,4655
0073,16:50,1010,4483
0073,16:55,1015,4483
0073,17:00,1020,4483
0073,17:05,1025,3966
0073,17:10,1030,3966
0073,17:15,1035,3966
0073,17:20,1040,3966
0073,17:25,1045,3966
0073,17:30,1050,3276
0073,17:35,1055,3276
0073,17:40,1060,3276
0073,17:45,1065,3276
0073,17:50,1070,4138
0073,17:55,1075,4138
0073,18:00,1080,4138
0073,18:05,1085,4138
0073,18:10,1090,3621
0073,18:15,1095,3621
0073,18:20,1100,3621
0073,18:25,1105,3621
0073,18:30,1110,3621
0073,18:35,1115,3621
0073,18:40,1120,3621
0073,18:45,1125,3621
0073,18:50,1130,2414
0073,18:55,1135,2414
0073,19:00,1140,2414
0073,19:05,1145,2414
0073,19:10,1150,1552
0073,19:15,1155,1552
0073,19:20,1160,1552
0073,19:25,1165,1379
0073,19:30,1170,1379
0073,19:35,1175,1379
0073,19:40,1180,1379
0073,19:45,1185,1379
0073,19:50,1190,1379
0073,19:55,1195,1379
0073,20:00,1200,1379
0073,20:05,1205,1379
0073,20:10,1210,1207
0073,20:15,1215,1207
0073,20:20,1220,1207
0073,20:25,1225,1207
0073,20:30,1230,1207
0073,20:35,1235,1207
0073,20:40,1240,1207
0073,20:45,1245,0
0073,20:50,1250,0
0073,20:55,1255,0
0073,21:00,1260,0
0073,21:05,1265,0
0073,21:10,1270,0
0073,21:15,1275,0
0073,21:20,1280,0
0073,21:25,1285,0
0073,21:30,1290,0
0073,21:35,1295,0
0073,21:40,1300,0
0073,21:45,1305,0
0073,21:50,1310,0
0073,21:55,1315,0
0073,22:00,1320,0
0073,22:05,1325,0
0073,22:10,1330,0
0073,22:15,1335,0
0073,22:20,1340,0
0073,22:25,1345,0
0073,22:30,1350,0
0073,22:35,1355,0
0073,22:40,1360,0
0073,22:45,1365,0
0073,22:50,1370,0
0073,22:55,1375,0
0073,23:00,1380,0
0073,23:05,1385,0
0073,23:10,1390,0
0073,23:15,1395,0
0073,23:16,1396,0
0073,23:20,1400,0
0074,09:00,540,0
0074,09:05,545,0
0074,09:10,550,0
0074,09:15,555,0
0074,09:20,560,0
0074,09:25,565,0
0074,09:30,570,0
0074,09:35,575,0
0074,09:40,580,0
0074,09:45,585,0
0074,09:50,590,0
0074,09:55,595,0
0074,10:00,600,0
0074,10:05,605,0
0074,10:10,610,0
0074,10:15,615,0
0074,10:20,620,0
0074,10:25,625,-356
0074,10:30,630,-356
0074,10:35,635,-356
0074,10:40,640,-1333
0074,10:45,645,-1333
0074,10:50,650,-1333
0074,10:55,655,-1333
0074,11:00,660,-2222
0074,11:05,665,-2222
0074,11:10,670,-2311
0074,11:15,675,-2311
0074,11:20,680,-2311
0074,11:25,685,-2311
0074,11:30,690,-2311
0074,11:35,695,-2311
0074,11:40,700,-2311
0074,11:45,705,-2311
0074,11:50,710,-2311
0074,11:55,715,-2311
0074,12:00,720,-2311
0074,12:05,725,-3467
0074,12:10,730,-3467
0074,12:15,735,-3467
0074,12:20,740,-3467
0074,12:25,745,-3467
0074,12:30,750,1897
0074,12:35,755,1897
0074,12:40,760,1897
0074,12:45,765,1897
0074,12:50,770,7500
0074,12:55,775,7500
0074,13:00,780,7500
0074,13:05,785,6552
0074,13:10,790,6552
0074,13:15,795,6552
0074,13:20,800,6552
0074,13:25,805,5086
0074,13:30,810,5086
0074,13:35,815,5086
0074,13:40,820,5086
0074,13:45,825,5086
0074,13:50,830,3879
0074,13:55,835,3879
0074,14:00,840,3879
0074,14:05,845,3879
0074,14:10,850,2672
0074,14:15,855,2672
0074,14:20,860,2672
0074,14:25,865,2672
0074,14:30,870,1293
0074,14:35,875,1293
0074,14:40,880,1293
0074,14:45,885,345
0074,14:50,890,345
0074,14:55,895,345
0074,15:00,900,345
0074,15:05,905,345
0074,15:10,910,-533
0074,15:15,915,-533
0074,15:20,920,-533
0074,15:25,925,-533
0074,15:30,930,-2044
0074,15:35,935,-2044
0074,15:40,940,-2044
0074,15:45,945,-2756
0074,15:50,950,-2756
0074,15:55,955,-2756
0074,16:00,960,-2756
0074,16:05,965,-2756
0074,16:10,970,-2933
0074,16:15,975,-2933
0074,16:20,980,-2933
0074,16:25,985,-2933
0074,16:30,990,-4444
0074,16:35,995,-4444
0074,16:40,1000,-4444
0074,16:45,1005,-4444
0074,16:50,1010,-3911
0074,16:55,1015,-3911
0074,17:00,1020,-3911
0074,17:05,1025,1293
0074,17:10,1030,1293
0074,17:15,1035,1293
0074,17:20,1040,1293
0074,17:25,1045,1293
0074,17:30,1050,1552
0074,17:35,1055,1552
0074,17:40,1060,1552
0074,17:45,1065,1552
0074,17:50,1070,1552
0074,17:55,1075,1552
0074,18:00,1080,1552
0074,18:05,1085,1552
0074,18:10,1090,690
0074,18:15,1095,690
0074,18:20,1100,690
0074,18:25,1105,-444
0074,18:30,1110,-444
0074,18:35,1115,-444
0074,18:40,1120,-444
0074,18:45,1125,-444
0074,18:50,1130,-1244
0074,18:55,1135,-1244
0074,19:00,1140,-1244
0074,19:05,1145,-1244
0074,19:10,1150,-1422
0074,19:15,1155,-1422
0074,19:20,1160,-1422
0074,19:25,1165,-1600
0074,19:30,1170,-1600
0074,19:35,1175,-1600
0074,19:40,1180,-1600
0074,19:45,1185,-1778
0074,19:50,1190,-1778
0074,19:55,1195,-1778
0074,20:00,1200,-1778
0074,20:05,1205,-1778
0074,20:10,1210,-1867
0074,20:15,1215,-1867
0074,20:20,1220,-1867
0074,20:25,1225,-1867
0074,20:30,1230,-1867
0074,20:35,1235,-1867
0074,20:40,1240,-1867
0074,20:45,1245,-1867
0074,20:50,1250,-1867
0074,20:55,1255,-1867
0074,21:00,1260,-1867
0074,21:05,1265,-1867
0074,21:10,1270,-1867
0074,21:15,1275,-1867
0074,21:20,1280,-1867
0074,21:25,1285,-1867
0074,21:30,1290,-1867
0074,21:35,1295,-1867
0074,21:40,1300,-1867
0074,21:45,1305,-1867
0074,21:50,1310,-1867
0074,21:55,1315,-1867
0074,22:00,1320,-1867
0074,22:05,1325,-1867
0074,22:10,1330,-1867
0074,22:15,1335,-1867
0074,22:20,1340,-1867
0074,22:25,1345,-1867
0074,22:30,1350,-1867
0074,22:35,1355,-1867
0074,22:40,1360,-1867
0074,22:45,1365,-1867
0074,22:50,1370,-1867
0074,22:55,1375,-1867
0074,23:00,1380,-1867
0074,23:05,1385,-1867
0074,23:10,1390,-1867
0074,23:15,1395,-1867
0074,23:16,1396,-1867
0074,23:20,1400,-1867
0075,09:00,540,0
0075,09:05,545,0
0075,09:10,550,0
0075,09:15,555,0
0075,09:20,560,0
0075,09:25,565,0
0075,09:30,570,0
0075,09:35,575,0
0075,09:40,580,0
0075,09:45,585,0
0075,09:50,590,0
0075,09:55,595,0
0075,10:00,600,0
0075,10:05,605,0
0075,10:10,610,0
0075,10:15,615,0
0075,10:20,620,0
0075,10:25,625,0
0075,10:30,630,0
0075,10:35,635,0
0075,10:40,640,0
0075,10:45,645,0
0075,10:50,650,0
0075,10:55,655,0
0075,11:00,660,-711
0075,11:05,665,-711
0075,11:10,670,-1244
0075,11:15,675,-1244
0075,11:20,680,-1244
0075,11:25,685,-1244
0075,11:30,690,-3022
0075,11:35,695,-3022
0075,11:40,700,-3022
0075,11:45,705,-3911
0075,11:50,710,-3911
0075,11:55,715,-3911
0075,12:00,720,-3911
0075,12:05,725,-5333
0075,12:10,730,-5333
0075,12:15,735,-5333
0075,12:20,740,-5333
0075,12:25,745,-5333
0075,12:30,750,-6044
0075,12:35,755,-6044
0075,12:40,760,-6044
0075,12:45,765,-6044
0075,12:50,770,-7644
0075,12:55,775,-7644
0075,13:00,780,-7644
0075,13:05,785,-8356
0075,13:10,790,-8356
0075,13:15,795,-8356
0075,13:20,800,-8356
0075,13:25,805,-3378
0075,13:30,810,-3378
0075,13:35,815,-3378
0075,13:40,820,-3378
0075,13:45,825,-3378
0075,13:50,830,-1244
0075,13:55,835,-1244
0075,14:00,840,-1244
0075,14:05,845,-1244
0075,14:10,850,-1778
0075,14:15,855,-1778
0075,14:20,860,-1778
0075,14:25,865,-1778
0075,14:30,870,-3556
0075,14:35,875,-3556
0075,14:40,880,-3556
0075,14:45,885,-5156
0075,14:50,890,-5156
0075,14:55,895,-5156
0075,15:00,900,-5156
0075,15:05,905,-5156
0075,15:10,910,-5689
0075,15:15,915,-5689
0075,15:20,920,-5689
0075,15:25,925,-5689
0075,15:30,930,-6756
0075,15:35,935,-6756
0075,15:40,940,-6756
0075,15:45,945,-7644
0075,15:50,950,-7644
0075,15:55,955,-7644
0075,16:00,960,-7644
0075,16:05,965,-7644
0075,16:10,970,-4267
0075,16:15,975,-4267
0075,16:20,980,-4267
0075,16:25,985,-4267
0075,16:30,990,-2489
0075,16:35,995,-2489
0075,16:40,1000,-2489
0075,16:45,1005,-2489
0075,16:50,1010,-3200
0075,16:55,1015,-3200
0075,17:00,1020,-3200
0075,17:05,1025,-4089
0075,17:10,1030,-4089
0075,17:15,1035,-4089
0075,17:20,1040,-4089
0075,17:25,1045,-4089
0075,17:30,1050,-5156
0075,17:35,1055,-5156
0075,17:40,1060,-5156
0075,17:45,1065,-5156
0075,17:50,1070,-6222
0075,17:55,1075,-6222
0075,18:00,1080,-6222
0075,18:05,1085,-6222
0075,18:10,1090,-6578
0075,18:15,1095,-6578
0075,18:20,1100,-6578
0075,18:25,1105,-7467
0075,18:30,1110,-7467
0075,18:35,1115,-7467
0075,18:40,1120,-7467
0075,18:45,1125,-7467
0075,18:50,1130,-9067
0075,18:55,1135,-9067
0075,19:00,1140,-9067
0075,19:05,1145,-9067
0075,19:10,1150,-9956
0075,19:15,1155,-9956
0075,19:20,1160,-9956
0075,19:25,1165,-11556
0075,19:30,1170,-11556
0075,19:35,1175,-11556
0075,19:40,1180,-11556
0075,19:45,1185,-12800
0075,19:50,1190,-12800
0075,19:55,1195,-12800
0075,20:00,1200,-12800
0075,20:05,1205,-12800
0075,20:10,1210,-13689
0075,20:15,1215,-13689
0075,20:20,1220,-13689
0075,20:25,1225,-13689
0075,20:30,1230,-11911
0075,20:35,1235,-11911
0075,20:40,1240,-11911
0075,20:45,1245,-8000
0075,20:50,1250,-8000
0075,20:55,1255,-8000
0075,21:00,1260,-8000
0075,21:05,1265,-8000
0075,21:10,1270,-7822
0075,21:15,1275,-7822
0075,21:20,1280,-7822
0075,21:25,1285,-7822
0075,21:30,1290,-5689
0075,21:35,1295,-5689
0075,21:40,1300,-5689
0075,21:45,1305,0
0075,21:50,1310,0
0075,21:55,1315,0
0075,22:00,1320,0
0075,22:05,1325,5172
0075,22:10,1330,5172
0075,22:15,1335,5172
0075,22:20,1340,5172
0075,22:25,1345,5172
0075,22:30,1350,5172
0075,22:35,1355,5172
0075,22:40,1360,5172
0075,22:45,1365,5172
0075,22:50,1370,5172
0075,22:55,1375,5172
0075,23:00,1380,5172
0075,23:05,1385,5172
0075,23:10,1390,5172
0075,23:15,1395,5172
0075,23:16,1396,5172
0075,23:20,1400,5172
0076,09:00,540,0
0076,09:05,545,0
0076,09:10,550,0
0076,09:15,555,0
0076,09:20,560,0
0076,09:25,565,0
0076,09:30,570,0
0076,09:35,575,0
0076,09:40,580,0
0076,09:45,585,0
0076,09:50,590,0
0076,09:55,595,0
0076,10:00,600,0
0076,10:05,605,0
0076,10:10,610,0
0076,10:15,615,0
0076,10:20,620,0
0076,10:25,625,-1277
0076,10:30,630,-1277
0076,10:35,635,-1277
0076,10:40,640,-2298
0076,10:45,645,-2298
0076,10:50,650,-2298
0076,10:55,655,-2298
0076,11:00,660,-1532
0076,11:05,665,-1532
0076,11:10,670,0
0076,11:15,675,0
0076,11:20,680,0
0076,11:25,685,0
0076,11:30,690,9421
0076,11:35,695,9421
0076,11:40,700,9421
0076,11:45,705,14876
0076,11:50,710,14876
0076,11:55,715,14876
0076,12:00,720,14876
0076,12:05,725,14132
0076,12:10,730,14132
0076,12:15,735,14132
0076,12:20,740,14132
0076,12:25,745,14132
0076,12:30,750,12645
0076,12:35,755,12645
0076,12:40,760,12645
0076,12:45,765,12645
0076,12:50,770,12645
0076,12:55,775,12645
0076,13:00,780,12645
0076,13:05,785,11901
0076,13:10,790,11901
0076,13:15,795,11901
0076,13:20,800,11901
0076,13:25,805,11405
0076,13:30,810,11405
0076,13:35,815,11405
0076,13:40,820,11405
0076,13:45,825,11405
0076,13:50,830,10661
0076,13:55,835,10661
0076,14:00,840,10661
0076,14:05,845,10661
0076,14:10,850,12893
0076,14:15,855,12893
0076,14:20,860,12893
0076,14:25,865,12893
0076,14:30,870,15372
0076,14:35,875,15372
0076,14:40,880,15372
0076,14:45,885,14132
0076,14:50,890,14132
0076,14:55,895,14132
0076,15:00,900,14132
0076,15:05,905,14132
0076,15:10,910,14132
0076,15:15,915,14132
0076,15:20,920,14132
0076,15:25,925,14132
0076,15:30,930,13140
0076,15:35,935,13140
0076,15:40,940,13140
0076,15:45,945,13388
0076,15:50,950,13388
0076,15:55,955,13388
0076,16:00,960,13388
0076,16:05,965,13388
0076,16:10,970,14132
0076,16:15,975,14132
0076,16:20,980,14132
0076,16:25,985,14132
0076,16:30,990,12645
0076,16:35,995,12645
0076,16:40,1000,12645
0076,16:45,1005,12645
0076,16:50,1010,12149
0076,16:55,1015,12149
0076,17:00,1020,12149
0076,17:05,1025,11653
0076,17:10,1030,11653
0076,17:15,1035,11653
0076,17:20,1040,11653
0076,17:25,1045,11653
0076,17:30,1050,11157
0076,17:35,1055,11157
0076,17:40,1060,11157
0076,17:45,1065,11157
0076,17:50,1070,10909
0076,17:55,1075,10909
0076,18:00,1080,10909
0076,18:05,1085,10909
0076,18:10,1090,10413
0076,18:15,1095,10413
0076,18:20,1100,10413
0076,18:25,1105,18347
0076,18:30,1110,18347
0076,18:35,1115,18347
0076,18:40,1120,18347
0076,18:45,1125,18347
0076,18:50,1130,22562
0076,18:55,1135,22562
0076,19:00,1140,22562
0076,19:05,1145,22562
0076,19:10,1150,21570
0076,19:15,1155,21570
0076,19:20,1160,21570
0076,19:25,1165,21322
0076,19:30,1170,21322
0076,19:35,1175,21322
0076,19:40,1180,21322
0076,19:45,1185,21322
0076,19:50,1190,21322
0076,19:55,1195,21322
0076,20:00,1200,21322
0076,20:05,1205,21322
0076,20:10,1210,21322
0076,20:15,1215,21322
0076,20:20,1220,21322
0076,20:25,1225,21322
0076,20:30,1230,21322
0076,20:35,1235,21322
0076,20:40,1240,21322
0076,20:45,1245,20579
0076,20:50,1250,20579
0076,20:55,1255,20579
0076,21:00,1260,20579
0076,21:05,1265,20579
0076,21:10,1270,19835
0076,21:15,1275,19835
0076,21:20,1280,19835
0076,21:25,1285,19835
0076,21:30,1290,19835
0076,21:35,1295,19835
0076,21:40,1300,19835
0076,21:45,1305,19835
0076,21:50,1310,19835
0076,21:55,1315,19835
0076,22:00,1320,19835
0076,22:05,1325,19835
0076,22:10,1330,19835
0076,22:15,1335,19835
0076,22:20,1340,19835
0076,22:25,1345,19835
0076,22:30,1350,19835
0076,22:35,1355,19835
0076,22:40,1360,19835
0076,22:45,1365,19835
0076,22:50,1370,19835
0076,22:55,1375,19835
0076,23:00,1380,19835
0076,23:05,1385,19835
0076,23:10,1390,19835
0076,23:15,1395,19835
0076,23:16,1396,19835
0076,23:20,1400,19835
0077,09:00,540,0
0077,09:05,545,0
0077,09:10,550,0
0077,09:15,555,0
0077,09:20,560,0
0077,09:25,565,0
0077,09:30,570,0
0077,09:35,575,0
0077,09:40,580,0
0077,09:45,585,0
0077,09:50,590,0
0077,09:55,595,0
0077,10:00,600,0
0077,10:05,605,0
0077,10:10,610,0
0077,10:15,615,0
0077,10:20,620,0
0077,10:25,625,0
0077,10:30,630,0
0077,10:35,635,0
0077,10:40,640,-800
0077,10:45,645,-800
0077,10:50,650,-800
0077,10:55,655,-800
0077,11:00,660,-1067
0077,11:05,665,-1067
0077,11:10,670,-1333
0077,11:15,675,-1333
0077,11:20,680,-1333
0077,11:25,685,-1333
0077,11:30,690,1121
0077,11:35,695,1121
0077,11:40,700,1121
0077,11:45,705,5086
0077,11:50,710,5086
0077,11:55,715,5086
0077,12:00,720,5086
0077,12:05,725,4828
0077,12:10,730,4828
0077,12:15,735,4828
0077,12:20,740,4828
0077,12:25,745,4828
0077,12:30,750,3707
0077,12:35,755,3707
0077,12:40,760,3707
0077,12:45,765,3707
0077,12:50,770,3103
0077,12:55,775,3103
0077,13:00,780,3103
0077,13:05,785,1983
0077,13:10,790,1983
0077,13:15,795,1983
0077,13:20,800,1983
0077,13:25,805,948
0077,13:30,810,948
0077,13:35,815,948
0077,13:40,820,948
0077,13:45,825,948
0077,13:50,830,172
0077,13:55,835,172
0077,14:00,840,172
0077,14:05,845,172
0077,14:10,850,-889
0077,14:15,855,-889
0077,14:20,860,-889
0077,14:25,865,-889
0077,14:30,870,-1067
0077,14:35,875,-1067
0077,14:40,880,-1067
0077,14:45,885,-978
0077,14:50,890,-978
0077,14:55,895,-978
0077,15:00,900,-978
0077,15:05,905,-978
0077,15:10,910,-89
0077,15:15,915,-89
0077,15:20,920,-89
0077,15:25,925,-89
0077,15:30,930,-1422
0077,15:35,935,-1422
0077,15:40,940,-1422
0077,15:45,945,-2578
0077,15:50,950,-2578
0077,15:55,955,-2578
0077,16:00,960,-2578
0077,16:05,965,-2578
0077,16:10,970,-2933
0077,16:15,975,-2933
0077,16:20,980,-2933
0077,16:25,985,-2933
0077,16:30,990,-4178
0077,16:35,995,-4178
0077,16:40,1000,-4178
0077,16:45,1005,-4178
0077,16:50,1010,-4800
0077,16:55,1015,-4800
0077,17:00,1020,-4800
0077,17:05,1025,-3644
0077,17:10,1030,-3644
0077,17:15,1035,-3644
0077,17:20,1040,-3644
0077,17:25,1045,-3644
0077,17:30,1050,0
0077,17:35,1055,0
0077,17:40,1060,0
0077,17:45,1065,0
0077,17:50,1070,-1067
0077,17:55,1075,-1067
0077,18:00,1080,-1067
0077,18:05,1085,-1067
0077,18:10,1090,-1600
0077,18:15,1095,-1600
0077,18:20,1100,-1600
0077,18:25,1105,172
0077,18:30,1110,172
0077,18:35,1115,172
0077,18:40,1120,172
0077,18:45,1125,172
0077,18:50,1130,1638
0077,18:55,1135,1638
0077,19:00,1140,1638
0077,19:05,1145,1638
0077,19:10,1150,1638
0077,19:15,1155,1638
0077,19:20,1160,1638
0077,19:25,1165,1552
0077,19:30,1170,1552
0077,19:35,1175,1552
0077,19:40,1180,1552
0077,19:45,1185,1552
0077,19:50,1190,1552
0077,19:55,1195,1552
0077,20:00,1200,1552
0077,20:05,1205,1552
0077,20:10,1210,1552
0077,20:15,1215,1552
0077,20:20,1220,1552
0077,20:25,1225,1552
0077,20:30,1230,1034
0077,20:35,1235,1034
0077,20:40,1240,1034
0077,20:45,1245,776
0077,20:50,1250,776
0077,20:55,1255,776
0077,21:00,1260,776
0077,21:05,1265,776
0077,21:10,1270,776
0077,21:15,1275,776
0077,21:20,1280,776
0077,21:25,1285,776
0077,21:30,1290,517
0077,21:35,1295,517
0077,21:40,1300,517
0077,21:45,1305,517
0077,21:50,1310,517
0077,21:55,1315,517
0077,22:00,1320,517
0077,22:05,1325,517
0077,22:10,1330,517
0077,22:15,1335,517
0077,22:20,1340,517
0077,22:25,1345,517
0077,22:30,1350,517
0077,22:35,1355,517
0077,22:40,1360,517
0077,22:45,1365,517
0077,22:50,1370,517
0077,22:55,1375,517
0077,23:00,1380,517
0077,23:05,1385,517
0077,23:10,1390,517
0077,23:15,1395,517
0077,23:16,1396,517
0077,23:20,1400,517
