machine,time,minute,value
0039,09:00,540,0
0039,09:05,545,0
0039,09:10,550,0
0039,09:15,555,0
0039,09:20,560,0
0039,09:25,565,0
0039,09:30,570,0
0039,09:35,575,0
0039,09:40,580,0
0039,09:45,585,0
0039,09:50,590,0
0039,09:55,595,0
0039,10:00,600,0
0039,10:05,605,0
0039,10:10,610,0
0039,10:15,615,0
0039,10:20,620,0
0039,10:25,625,0
0039,10:30,630,0
0039,10:35,635,0
0039,10:40,640,0
0039,10:45,645,0
0039,10:50,650,0
0039,10:55,655,0
0039,11:00,660,0
0039,11:05,665,0
0039,11:10,670,0
0039,11:15,675,0
0039,11:20,680,0
0039,11:25,685,0
0039,11:30,690,-444
0039,11:35,695,-444
0039,11:40,700,-444
0039,11:45,705,-711
0039,11:50,710,-711
0039,11:55,715,-711
0039,12:00,720,-711
0039,12:05,725,-711
0039,12:10,730,-711
0039,12:15,735,-711
0039,12:20,740,-711
0039,12:25,745,-711
0039,12:30,750,-711
0039,12:35,755,-711
0039,12:40,760,-711
0039,12:45,765,-711
0039,12:50,770,-800
0039,12:55,775,-800
0039,13:00,780,-800
0039,13:05,785,-1333
0039,13:10,790,-1333
0039,13:15,795,-1333
0039,13:20,800,-1333
0039,13:25,805,-1956
0039,13:30,810,-1956
0039,13:35,815,-1956
0039,13:40,820,-1956
0039,13:45,825,-1956
0039,13:50,830,-2400
0039,13:55,835,-2400
0039,14:00,840,-2400
0039,14:05,845,-2400
0039,14:10,850,-2489
0039,14:15,855,-2489
0039,14:20,860,-2489
0039,14:25,865,-2489
0039,14:30,870,-3378
0039,14:35,875,-3378
0039,14:40,880,-3378
0039,14:45,885,-4711
0039,14:50,890,-4711
0039,14:55,895,-4711
0039,15:00,900,-4711
0039,15:05,905,-4711
0039,15:10,910,-5689
0039,15:15,915,-5689
0039,15:20,920,-5689
0039,15:25,925,-5689
0039,15:30,930,-7200
0039,15:35,935,-7200
0039,15:40,940,-7200
0039,15:45,945,-8356
0039,15:50,950,-8356
0039,15:55,955,-8356
0039,16:00,960,-8356
0039,16:05,965,-8356
0039,16:10,970,-3022
0039,16:15,975,-3022
0039,16:20,980,-3022
0039,16:25,985,-3022
0039,16:30,990,-2489
0039,16:35,995,-2489
0039,16:40,1000,-2489
0039,16:45,1005,-2489
0039,16:50,1010,-3111
0039,16:55,1015,-3111
0039,17:00,1020,-3111
0039,17:05,1025,-4000
0039,17:10,1030,-4000
0039,17:15,1035,-4000
0039,17:20,1040,-4000
0039,17:25,1045,-4000
0039,17:30,1050,2586
0039,17:35,1055,2586
0039,17:40,1060,2586
0039,17:45,1065,2586
0039,17:50,1070,1293
0039,17:55,1075,1293
0039,18:00,1080,1293
0039,18:05,1085,1293
0039,18:10,1090,86
0039,18:15,1095,86
0039,18:20,1100,86
0039,18:25,1105,-1689
0039,18:30,1110,-1689
0039,18:35,1115,-1689
0039,18:40,1120,-1689
0039,18:45,1125,-1689
0039,18:50,1130,-2222
0039,18:55,1135,-2222
0039,19:00,1140,-2222
0039,19:05,1145,-2222
0039,19:10,1150,-2222
0039,19:15,1155,-2222
0039,19:20,1160,-2222
0039,19:25,1165,-2489
0039,19:30,1170,-2489
0039,19:35,1175,-2489
0039,19:40,1180,-2489
0039,19:45,1185,-2489
0039,19:50,1190,-2489
0039,19:55,1195,-2489
0039,20:00,1200,-2489
0039,20:05,1205,-2489
0039,20:10,1210,-2489
0039,20:15,1215,-2489
0039,20:20,1220,-2489
0039,20:25,1225,-2489
0039,20:30,1230,-2578
0039,20:35,1235,-2578
0039,20:40,1240,-2578
0039,20:45,1245,-3556
0039,20:50,1250,-3556
0039,20:55,1255,-3556
0039,21:00,1260,-3556
0039,21:05,1265,-3556
0039,21:10,1270,-4089
0039,21:15,1275,-4089
0039,21:20,1280,-4089
0039,21:25,1285,-4089
0039,21:30,1290,-5156
0039,21:35,1295,-5156
0039,21:40,1300,-5156
0039,21:45,1305,-5156
0039,21:50,1310,-5156
0039,21:55,1315,-5156
0039,22:00,1320,-5156
0039,22:05,1325,-5156
0039,22:10,1330,-5156
0039,22:15,1335,-5156
0039,22:20,1340,-5156
0039,22:25,1345,-5156
0039,22:30,1350,-5422
0039,22:35,1355,-5422
0039,22:40,1360,-5422
0039,22:45,1365,-5422
0039,22:50,1370,-5422
0039,22:55,1375,-5422
0039,23:00,1380,-5422
0039,23:05,1385,-5422
0039,23:10,1390,-5422
0039,23:15,1395,-5422
0039,23:16,1396,-5422
0039,23:20,1400,-5422
0040,09:00,540,0
0040,09:05,545,0
0040,09:10,550,0
0040,09:15,555,0
0040,09:20,560,0
0040,09:25,565,0
0040,09:30,570,0
0040,09:35,575,0
0040,09:40,580,0
0040,09:45,585,0
0040,09:50,590,0
0040,09:55,595,0
0040,10:00,600,0
0040,10:05,605,0
0040,10:10,610,0
0040,10:15,615,0
0040,10:20,620,0
0040,10:25,625,0
0040,10:30,630,0
0040,10:35,635,0
0040,10:40,640,0
0040,10:45,645,0
0040,10:50,650,0
0040,10:55,655,0
0040,11:00,660,0
0040,11:05,665,0
0040,11:10,670,0
0040,11:15,675,0
0040,11:20,680,0
0040,11:25,685,0
0040,11:30,690,2586
0040,11:35,695,2586
0040,11:40,700,2586
0040,11:45,705,2586
0040,11:50,710,2586
0040,11:55,715,2586
0040,12:00,720,2586
0040,12:05,725,2586
0040,12:10,730,2586
0040,12:15,735,2586
0040,12:20,740,2586
0040,12:25,745,2586
0040,12:30,750,1034
0040,12:35,755,1034
0040,12:40,760,1034
0040,12:45,765,1034
0040,12:50,770,2759
0040,12:55,775,2759
0040,13:00,780,2759
0040,13:05,785,5517
0040,13:10,790,5517
0040,13:15,795,5517
0040,13:20,800,5517
0040,13:25,805,12241
0040,13:30,810,12241
0040,13:35,815,12241
0040,13:40,820,12241
0040,13:45,825,12241
0040,13:50,830,11724
0040,13:55,835,11724
0040,14:00,840,11724
0040,14:05,845,11724
0040,14:10,850,12586
0040,14:15,855,12586
0040,14:20,860,12586
0040,14:25,865,12586
0040,14:30,870,11379
0040,14:35,875,11379
0040,14:40,880,11379
0040,14:45,885,10690
0040,14:50,890,10690
0040,14:55,895,10690
0040,15:00,900,10690
0040,15:05,905,10690
0040,15:10,910,9828
0040,15:15,915,9828
0040,15:20,920,9828
0040,15:25,925,9828
0040,15:30,930,8448
0040,15:35,935,8448
0040,15:40,940,8448
0040,15:45,945,8276
0040,15:50,950,8276
0040,15:55,955,8276
0040,16:00,960,8276
0040,16:05,965,8276
0040,16:10,970,9138
0040,16:15,975,9138
0040,16:20,980,9138
0040,16:25,985,9138
0040,16:30,990,8103
0040,16:35,995,8103
0040,16:40,1000,8103
0040,16:45,1005,8103
0040,16:50,1010,7069
0040,16:55,1015,7069
0040,17:00,1020,7069
0040,17:05,1025,5690
0040,17:10,1030,5690
0040,17:15,1035,5690
0040,17:20,1040,5690
0040,17:25,1045,5690
0040,17:30,1050,5172
0040,17:35,1055,5172
0040,17:40,1060,5172
0040,17:45,1065,5172
0040,17:50,1070,4655
0040,17:55,1075,4655
0040,18:00,1080,4655
0040,18:05,1085,4655
0040,18:10,1090,3448
0040,18:15,1095,3448
0040,18:20,1100,3448
0040,18:25,1105,3448
0040,18:30,1110,3448
0040,18:35,1115,3448
0040,18:40,1120,3448
0040,18:45,1125,3448
0040,18:50,1130,2759
0040,18:55,1135,2759
0040,19:00,1140,2759
0040,19:05,1145,2759
0040,19:10,1150,2759
0040,19:15,1155,2759
0040,19:20,1160,2759
0040,19:25,1165,2414
0040,19:30,1170,2414
0040,19:35,1175,2414
0040,19:40,1180,2414
0040,19:45,1185,2414
0040,19:50,1190,2414
0040,19:55,1195,2414
0040,20:00,1200,2414
0040,20:05,1205,2414
0040,20:10,1210,2414
0040,20:15,1215,2414
0040,20:20,1220,2414
0040,20:25,1225,2414
0040,20:30,1230,2414
0040,20:35,1235,2414
0040,20:40,1240,2414
0040,20:45,1245,1552
0040,20:50,1250,1552
0040,20:55,1255,1552
0040,21:00,1260,1552
0040,21:05,1265,1552
0040,21:10,1270,1552
0040,21:15,1275,1552
0040,21:20,1280,1552
0040,21:25,1285,1552
0040,21:30,1290,2069
0040,21:35,1295,2069
0040,21:40,1300,2069
0040,21:45,1305,1897
0040,21:50,1310,1897
0040,21:55,1315,1897
0040,22:00,1320,1897
0040,22:05,1325,1552
0040,22:10,1330,1552
0040,22:15,1335,1552
0040,22:20,1340,1552
0040,22:25,1345,1552
0040,22:30,1350,1552
0040,22:35,1355,1552
0040,22:40,1360,1552
0040,22:45,1365,1552
0040,22:50,1370,1552
0040,22:55,1375,1552
0040,23:00,1380,1552
0040,23:05,1385,1552
0040,23:10,1390,1552
0040,23:15,1395,1552
0040,23:16,1396,1552
0040,23:20,1400,1552
0041,09:00,540,0
0041,09:05,545,0
0041,09:10,550,0
0041,09:15,555,0
0041,09:20,560,0
0041,09:25,565,0
0041,09:30,570,0
0041,09:35,575,0
0041,09:40,580,0
0041,09:45,585,0
0041,09:50,590,0
0041,09:55,595,0
0041,10:00,600,0
0041,10:05,605,0
0041,10:10,610,0
0041,10:15,615,0
0041,10:20,620,0
0041,10:25,625,0
0041,10:30,630,0
0041,10:35,635,0
0041,10:40,640,0
0041,10:45,645,0
0041,10:50,650,0
0041,10:55,655,0
0041,11:00,660,0
0041,11:05,665,0
0041,11:10,670,0
0041,11:15,675,0
0041,11:20,680,0
0041,11:25,685,0
0041,11:30,690,0
0041,11:35,695,0
0041,11:40,700,0
0041,11:45,705,0
0041,11:50,710,0
0041,11:55,715,0
0041,12:00,720,0
0041,12:05,725,0
0041,12:10,730,0
0041,12:15,735,0
0041,12:20,740,0
0041,12:25,745,0
0041,12:30,750,0
0041,12:35,755,0
0041,12:40,760,0
0041,12:45,765,0
0041,12:50,770,0
0041,12:55,775,0
0041,13:00,780,0
0041,13:05,785,0
0041,13:10,790,0
0041,13:15,795,0
0041,13:20,800,0
0041,13:25,805,0
0041,13:30,810,0
0041,13:35,815,0
0041,13:40,820,0
0041,13:45,825,0
0041,13:50,830,0
0041,13:55,835,0
0041,14:00,840,0
0041,14:05,845,0
0041,14:10,850,0
0041,14:15,855,0
0041,14:20,860,0
0041,14:25,865,0
0041,14:30,870,0
0041,14:35,875,0
0041,14:40,880,0
0041,14:45,885,0
0041,14:50,890,0
0041,14:55,895,0
0041,15:00,900,0
0041,15:05,905,0
0041,15:10,910,0
0041,15:15,915,0
0041,15:20,920,0
0041,15:25,925,0
0041,15:30,930,0
0041,15:35,935,0
0041,15:40,940,0
0041,15:45,945,0
0041,15:50,950,0
0041,15:55,955,0
0041,16:00,960,0
0041,16:05,965,0
0041,16:10,970,0
0041,16:15,975,0
0041,16:20,980,0
0041,16:25,985,0
0041,16:30,990,0
0041,16:35,995,0
0041,16:40,1000,0
0041,16:45,1005,0
0041,16:50,1010,0
0041,16:55,1015,0
0041,17:00,1020,0
0041,17:05,1025,0
0041,17:10,1030,0
0041,17:15,1035,0
0041,17:20,1040,0
0041,17:25,1045,0
0041,17:30,1050,-89
0041,17:35,1055,-89
0041,17:40,1060,-89
0041,17:45,1065,-89
0041,17:50,1070,-1600
0041,17:55,1075,-1600
0041,18:00,1080,-1600
0041,18:05,1085,-1600
0041,18:10,1090,-2933
0041,18:15,1095,-2933
0041,18:20,1100,-2933
0041,18:25,1105,-4622
0041,18:30,1110,-4622
0041,18:35,1115,-4622
0041,18:40,1120,-4622
0041,18:45,1125,-4622
0041,18:50,1130,-5067
0041,18:55,1135,-5067
0041,19:00,1140,-5067
0041,19:05,1145,-5067
0041,19:10,1150,-5156
0041,19:15,1155,-5156
0041,19:20,1160,-5156
0041,19:25,1165,-5333
0041,19:30,1170,-5333
0041,19:35,1175,-5333
0041,19:40,1180,-5333
0041,19:45,1185,-5689
0041,19:50,1190,-5689
0041,19:55,1195,-5689
0041,20:00,1200,-5689
0041,20:05,1205,-5689
0041,20:10,1210,-5689
0041,20:15,1215,-5689
0041,20:20,1220,-5689
0041,20:25,1225,-5689
0041,20:30,1230,-6933
0041,20:35,1235,-6933
0041,20:40,1240,-6933
0041,20:45,1245,-8533
0041,20:50,1250,-8533
0041,20:55,1255,-8533
0041,21:00,1260,-8533
0041,21:05,1265,-8533
0041,21:10,1270,-9600
0041,21:15,1275,-9600
0041,21:20,1280,-9600
0041,21:25,1285,-9600
0041,21:30,1290,-9511
0041,21:35,1295,-9511
0041,21:40,1300,-9511
0041,21:45,1305,-7022
0041,21:50,1310,-7022
0041,21:55,1315,-7022
0041,22:00,1320,-7022
0041,22:05,1325,-7289
0041,22:10,1330,-7289
0041,22:15,1335,-7289
0041,22:20,1340,-7289
0041,22:25,1345,-7289
0041,22:30,1350,-7289
0041,22:35,1355,-7289
0041,22:40,1360,-7289
0041,22:45,1365,-7289
0041,22:50,1370,-7289
0041,22:55,1375,-7289
0041,23:00,1380,-7289
0041,23:05,1385,-7289
0041,23:10,1390,-7289
0041,23:15,1395,-7289
0041,23:16,1396,-7289
0041,23:20,1400,-7289
0042,09:00,540,0
0042,09:05,545,0
0042,09:10,550,0
0042,09:15,555,0
0042,09:20,560,0
0042,09:25,565,0
0042,09:30,570,0
0042,09:35,575,0
0042,09:40,580,0
0042,09:45,585,0
0042,09:50,590,0
0042,09:55,595,0
0042,10:00,600,0
0042,10:05,605,0
0042,10:10,610,0
0042,10:15,615,0
0042,10:20,620,0
0042,10:25,625,0
0042,10:30,630,0
0042,10:35,635,0
0042,10:40,640,0
0042,10:45,645,0
0042,10:50,650,0
0042,10:55,655,0
0042,11:00,660,0
0042,11:05,665,0
0042,11:10,670,0
0042,11:15,675,0
0042,11:20,680,0
0042,11:25,685,0
0042,11:30,690,-356
0042,11:35,695,-356
0042,11:40,700,-356
0042,11:45,705,3448
0042,11:50,710,3448
0042,11:55,715,3448
0042,12:00,720,3448
0042,12:05,725,2759
0042,12:10,730,2759
0042,12:15,735,2759
0042,12:20,740,2759
0042,12:25,745,2759
0042,12:30,750,1897
0042,12:35,755,1897
0042,12:40,760,1897
0042,12:45,765,1897
0042,12:50,770,1207
0042,12:55,775,1207
0042,13:00,780,1207
0042,13:05,785,2241
0042,13:10,790,2241
0042,13:15,795,2241
0042,13:20,800,2241
0042,13:25,805,1207
0042,13:30,810,1207
0042,13:35,815,1207
0042,13:40,820,1207
0042,13:45,825,1207
0042,13:50,830,345
0042,13:55,835,345
0042,14:00,840,345
0042,14:05,845,345
0042,14:10,850,345
0042,14:15,855,345
0042,14:20,860,345
0042,14:25,865,345
0042,14:30,870,-889
0042,14:35,875,-889
0042,14:40,880,-889
0042,14:45,885,-1244
0042,14:50,890,-1244
0042,14:55,895,-1244
0042,15:00,900,-1244
0042,15:05,905,-1244
0042,15:10,910,-1778
0042,15:15,915,-1778
0042,15:20,920,-1778
0042,15:25,925,-1778
0042,15:30,930,-2667
0042,15:35,935,-2667
0042,15:40,940,-2667
0042,15:45,945,-4089
0042,15:50,950,-4089
0042,15:55,955,-4089
0042,16:00,960,-4089
0042,16:05,965,-4089
0042,16:10,970,-4267
0042,16:15,975,-4267
0042,16:20,980,-4267
0042,16:25,985,-4267
0042,16:30,990,-5511
0042,16:35,995,-5511
0042,16:40,1000,-5511
0042,16:45,1005,-5511
0042,16:50,1010,-6222
0042,16:55,1015,-6222
0042,17:00,1020,-6222
0042,17:05,1025,-7289
0042,17:10,1030,-7289
0042,17:15,1035,-7289
0042,17:20,1040,-7289
0042,17:25,1045,-7289
0042,17:30,1050,-8000
0042,17:35,1055,-8000
0042,17:40,1060,-8000
0042,17:45,1065,-8000
0042,17:50,1070,-9244
0042,17:55,1075,-9244
0042,18:00,1080,-9244
0042,18:05,1085,-9244
0042,18:10,1090,-10133
0042,18:15,1095,-10133
0042,18:20,1100,-10133
0042,18:25,1105,-5156
0042,18:30,1110,-5156
0042,18:35,1115,-5156
0042,18:40,1120,-5156
0042,18:45,1125,-5156
0042,18:50,1130,-6400
0042,18:55,1135,-6400
0042,19:00,1140,-6400
0042,19:05,1145,-6400
0042,19:10,1150,-7644
0042,19:15,1155,-7644
0042,19:20,1160,-7644
0042,19:25,1165,-7467
0042,19:30,1170,-7467
0042,19:35,1175,-7467
0042,19:40,1180,-7467
0042,19:45,1185,-8356
0042,19:50,1190,-8356
0042,19:55,1195,-8356
0042,20:00,1200,-8356
0042,20:05,1205,-8356
0042,20:10,1210,-8356
0042,20:15,1215,-8356
0042,20:20,1220,-8356
0042,20:25,1225,-8356
0042,20:30,1230,-8356
0042,20:35,1235,-8356
0042,20:40,1240,-8356
0042,20:45,1245,-8533
0042,20:50,1250,-8533
0042,20:55,1255,-8533
0042,21:00,1260,-8533
0042,21:05,1265,-8533
0042,21:10,1270,-8711
0042,21:15,1275,-8711
0042,21:20,1280,-8711
0042,21:25,1285,-8711
0042,21:30,1290,-8711
0042,21:35,1295,-8711
0042,21:40,1300,-8711
0042,21:45,1305,-8711
0042,21:50,1310,-8711
0042,21:55,1315,-8711
0042,22:00,1320,-8711
0042,22:05,1325,-8711
0042,22:10,1330,-8711
0042,22:15,1335,-8711
0042,22:20,1340,-8711
0042,22:25,1345,-8711
0042,22:30,1350,-8889
0042,22:35,1355,-8889
0042,22:40,1360,-8889
0042,22:45,1365,-8889
0042,22:50,1370,-8889
0042,22:55,1375,-8889
0042,23:00,1380,-8889
0042,23:05,1385,-8889
0042,23:10,1390,-8889
0042,23:15,1395,-8889
0042,23:16,1396,-8889
0042,23:20,1400,-8889
0043,09:00,540,0
0043,09:05,545,0
0043,09:10,550,0
0043,09:15,555,0
0043,09:20,560,0
0043,09:25,565,0
0043,09:30,570,0
0043,09:35,575,0
0043,09:40,580,0
0043,09:45,585,0
0043,09:50,590,0
0043,09:55,595,0
0043,10:00,600,0
0043,10:05,605,0
0043,10:10,610,0
0043,10:15,615,0
0043,10:20,620,0
0043,10:25,625,0
0043,10:30,630,0
0043,10:35,635,0
0043,10:40,640,0
0043,10:45,645,0
0043,10:50,650,0
0043,10:55,655,0
0043,11:00,660,0
0043,11:05,665,0
0043,11:10,670,0
0043,11:15,675,0
0043,11:20,680,0
0043,11:25,685,0
0043,11:30,690,0
0043,11:35,695,0
0043,11:40,700,0
0043,11:45,705,0
0043,11:50,710,0
0043,11:55,715,0
0043,12:00,720,0
0043,12:05,725,0
0043,12:10,730,0
0043,12:15,735,0
0043,12:20,740,0
0043,12:25,745,0
0043,12:30,750,-178
0043,12:35,755,-178
0043,12:40,760,-178
0043,12:45,765,-178
0043,12:50,770,-178
0043,12:55,775,-178
0043,13:00,780,-178
0043,13:05,785,-622
0043,13:10,790,-622
0043,13:15,795,-622
0043,13:20,800,-622
0043,13:25,805,-2044
0043,13:30,810,-2044
0043,13:35,815,-2044
0043,13:40,820,-2044
0043,13:45,825,-2044
0043,13:50,830,2069
0043,13:55,835,2069
0043,14:00,840,2069
0043,14:05,845,2069
0043,14:10,850,1466
0043,14:15,855,1466
0043,14:20,860,1466
0043,14:25,865,1466
0043,14:30,870,259
0043,14:35,875,259
0043,14:40,880,259
0043,14:45,885,-889
0043,14:50,890,-889
0043,14:55,895,-889
0043,15:00,900,-889
0043,15:05,905,-889
0043,15:10,910,-1867
0043,15:15,915,-1867
0043,15:20,920,-1867
0043,15:25,925,-1867
0043,15:30,930,-2311
0043,15:35,935,-2311
0043,15:40,940,-2311
0043,15:45,945,-3111
0043,15:50,950,-3111
0043,15:55,955,-3111
0043,16:00,960,-3111
0043,16:05,965,-3111
0043,16:10,970,-2489
0043,16:15,975,-2489
0043,16:20,980,-2489
0043,16:25,985,-2489
0043,16:30,990,-3378
0043,16:35,995,-3378
0043,16:40,1000,-3378
0043,16:45,1005,-3378
0043,16:50,1010,-4178
0043,16:55,1015,-4178
0043,17:00,1020,-4178
0043,17:05,1025,-3378
0043,17:10,1030,-3378
0043,17:15,1035,-3378
0043,17:20,1040,-3378
0043,17:25,1045,-3378
0043,17:30,1050,1724
0043,17:35,1055,1724
0043,17:40,1060,1724
0043,17:45,1065,1724
0043,17:50,1070,431
0043,17:55,1075,431
0043,18:00,1080,431
0043,18:05,1085,431
0043,18:10,1090,-178
0043,18:15,1095,-178
0043,18:20,1100,-178
0043,18:25,1105,-1156
0043,18:30,1110,-1156
0043,18:35,1115,-1156
0043,18:40,1120,-1156
0043,18:45,1125,-1156
0043,18:50,1130,-1956
0043,18:55,1135,-1956
0043,19:00,1140,-1956
0043,19:05,1145,-1956
0043,19:10,1150,345
0043,19:15,1155,345
0043,19:20,1160,345
0043,19:25,1165,-800
0043,19:30,1170,-800
0043,19:35,1175,-800
0043,19:40,1180,-800
0043,19:45,1185,-1778
0043,19:50,1190,-1778
0043,19:55,1195,-1778
0043,20:00,1200,-1778
0043,20:05,1205,-1778
0043,20:10,1210,-2844
0043,20:15,1215,-2844
0043,20:20,1220,-2844
0043,20:25,1225,-2844
0043,20:30,1230,-3111
0043,20:35,1235,-3111
0043,20:40,1240,-3111
0043,20:45,1245,-3111
0043,20:50,1250,-3111
0043,20:55,1255,-3111
0043,21:00,1260,-3111
0043,21:05,1265,-3111
0043,21:10,1270,-3111
0043,21:15,1275,-3111
0043,21:20,1280,-3111
0043,21:25,1285,-3111
0043,21:30,1290,-3111
0043,21:35,1295,-3111
0043,21:40,1300,-3111
0043,21:45,1305,-3467
0043,21:50,1310,-3467
0043,21:55,1315,-3467
0043,22:00,1320,-3467
0043,22:05,1325,-3467
0043,22:10,1330,-3467
0043,22:15,1335,-3467
0043,22:20,1340,-3467
0043,22:25,1345,-3467
0043,22:30,1350,-3556
0043,22:35,1355,-3556
0043,22:40,1360,-3556
0043,22:45,1365,-3556
0043,22:50,1370,-3556
0043,22:55,1375,-3556
0043,23:00,1380,-3556
0043,23:05,1385,-3556
0043,23:10,1390,-3556
0043,23:15,1395,-3556
0043,23:16,1396,-3556
0043,23:20,1400,-3556
0044,09:00,540,0
0044,09:05,545,0
0044,09:10,550,0
0044,09:15,555,0
0044,09:20,560,0
0044,09:25,565,0
0044,09:30,570,0
0044,09:35,575,0
0044,09:40,580,0
0044,09:45,585,0
0044,09:50,590,0
0044,09:55,595,0
0044,10:00,600,0
0044,10:05,605,0
0044,10:10,610,0
0044,10:15,615,0
0044,10:20,620,0
0044,10:25,625,0
0044,10:30,630,0
0044,10:35,635,0
0044,10:40,640,0
0044,10:45,645,0
0044,10:50,650,0
0044,10:55,655,0
0044,11:00,660,0
0044,11:05,665,0
0044,11:10,670,0
0044,11:15,675,0
0044,11:20,680,0
0044,11:25,685,0
0044,11:30,690,0
0044,11:35,695,0
0044,11:40,700,0
0044,11:45,705,0
0044,11:50,710,0
0044,11:55,715,0
0044,12:00,720,0
0044,12:05,725,0
0044,12:10,730,0
0044,12:15,735,0
0044,12:20,740,0
0044,12:25,745,0
0044,12:30,750,0
0044,12:35,755,0
0044,12:40,760,0
0044,12:45,765,0
0044,12:50,770,0
0044,12:55,775,0
0044,13:00,780,0
0044,13:05,785,0
0044,13:10,790,0
0044,13:15,795,0
0044,13:20,800,0
0044,13:25,805,-1244
0044,13:30,810,-1244
0044,13:35,815,-1244
0044,13:40,820,-1244
0044,13:45,825,-1244
0044,13:50,830,-1422
0044,13:55,835,-1422
0044,14:00,840,-1422
0044,14:05,845,-1422
0044,14:10,850,-1422
0044,14:15,855,-1422
0044,14:20,860,-1422
0044,14:25,865,-1422
0044,14:30,870,-1422
0044,14:35,875,-1422
0044,14:40,880,-1422
0044,14:45,885,-1422
0044,14:50,890,-1422
0044,14:55,895,-1422
0044,15:00,900,-1422
0044,15:05,905,-1422
0044,15:10,910,-1422
0044,15:15,915,-1422
0044,15:20,920,-1422
0044,15:25,925,-1422
0044,15:30,930,-1600
0044,15:35,935,-1600
0044,15:40,940,-1600
0044,15:45,945,-1778
0044,15:50,950,-1778
0044,15:55,955,-1778
0044,16:00,960,-1778
0044,16:05,965,-1778
0044,16:10,970,-1778
0044,16:15,975,-1778
0044,16:20,980,-1778
0044,16:25,985,-1778
0044,16:30,990,-1778
0044,16:35,995,-1778
0044,16:40,1000,-1778
0044,16:45,1005,-1778
0044,16:50,1010,-2489
0044,16:55,1015,-2489
0044,17:00,1020,-2489
0044,17:05,1025,-3200
0044,17:10,1030,-3200
0044,17:15,1035,-3200
0044,17:20,1040,-3200
0044,17:25,1045,-3200
0044,17:30,1050,-3200
0044,17:35,1055,-3200
0044,17:40,1060,-3200
0044,17:45,1065,-3200
0044,17:50,1070,-3378
0044,17:55,1075,-3378
0044,18:00,1080,-3378
0044,18:05,1085,-3378
0044,18:10,1090,-4622
0044,18:15,1095,-4622
0044,18:20,1100,-4622
0044,18:25,1105,-6578
0044,18:30,1110,-6578
0044,18:35,1115,-6578
0044,18:40,1120,-6578
0044,18:45,1125,-6578
0044,18:50,1130,-8178
0044,18:55,1135,-8178
0044,19:00,1140,-8178
0044,19:05,1145,-8178
0044,19:10,1150,-9422
0044,19:15,1155,-9422
0044,19:20,1160,-9422
0044,19:25,1165,-8356
0044,19:30,1170,-8356
0044,19:35,1175,-8356
0044,19:40,1180,-8356
0044,19:45,1185,-8889
0044,19:50,1190,-8889
0044,19:55,1195,-8889
0044,20:00,1200,-8889
0044,20:05,1205,-8889
0044,20:10,1210,-9422
0044,20:15,1215,-9422
0044,20:20,1220,-9422
0044,20:25,1225,-9422
0044,20:30,1230,-11200
0044,20:35,1235,-11200
0044,20:40,1240,-11200
0044,20:45,1245,-11556
0044,20:50,1250,-11556
0044,20:55,1255,-11556
0044,21:00,1260,-11556
0044,21:05,1265,-11556
0044,21:10,1270,-11733
0044,21:15,1275,-11733
0044,21:20,1280,-11733
0044,21:25,1285,-11733
0044,21:30,1290,-11733
0044,21:35,1295,-11733
0044,21:40,1300,-11733
0044,21:45,1305,-11733
0044,21:50,1310,-11733
0044,21:55,1315,-11733
0044,22:00,1320,-11733
0044,22:05,1325,-11733
0044,22:10,1330,-11733
0044,22:15,1335,-11733
0044,22:20,1340,-11733
0044,22:25,1345,-11733
0044,22:30,1350,-11733
0044,22:35,1355,-11733
0044,22:40,1360,-11733
0044,22:45,1365,-11733
0044,22:50,1370,-11733
0044,22:55,1375,-11733
0044,23:00,1380,-11733
0044,23:05,1385,-11733
0044,23:10,1390,-11733
0044,23:15,1395,-11733
0044,23:16,1396,-11733
0044,23:20,1400,-11733
0045,09:00,540,0
0045,09:05,545,0
0045,09:10,550,0
0045,09:15,555,0
0045,09:20,560,0
0045,09:25,565,0
0045,09:30,570,0
0045,09:35,575,0
0045,09:40,580,0
0045,09:45,585,0
0045,09:50,590,0
0045,09:55,595,0
0045,10:00,600,0
0045,10:05,605,0
0045,10:10,610,0
0045,10:15,615,0
0045,10:20,620,0
0045,10:25,625,0
0045,10:30,630,0
0045,10:35,635,0
0045,10:40,640,0
0045,10:45,645,0
0045,10:50,650,0
0045,10:55,655,0
0045,11:00,660,0
0045,11:05,665,0
0045,11:10,670,0
0045,11:15,675,0
0045,11:20,680,0
0045,11:25,685,0
0045,11:30,690,1026
0045,11:35,695,1026
0045,11:40,700,1026
0045,11:45,705,2051
0045,11:50,710,2051
0045,11:55,715,2051
0045,12:00,720,2051
0045,12:05,725,2051
0045,12:10,730,2051
0045,12:15,735,2051
0045,12:20,740,2051
0045,12:25,745,2051
0045,12:30,750,2051
0045,12:35,755,2051
0045,12:40,760,2051
0045,12:45,765,2051
0045,12:50,770,2821
0045,12:55,775,2821
0045,13:00,780,2821
0045,13:05,785,2308
0045,13:10,790,2308
0045,13:15,795,2308
0045,13:20,800,2308
0045,13:25,805,3846
0045,13:30,810,3846
0045,13:35,815,3846
0045,13:40,820,3846
0045,13:45,825,3846
0045,13:50,830,7949
0045,13:55,835,7949
0045,14:00,840,7949
0045,14:05,845,7949
0045,14:10,850,8974
0045,14:15,855,8974
0045,14:20,860,8974
0045,14:25,865,8974
0045,14:30,870,15641
0045,14:35,875,15641
0045,14:40,880,15641
0045,14:45,885,14103
0045,14:50,890,14103
0045,14:55,895,14103
0045,15:00,900,14103
0045,15:05,905,14103
0045,15:10,910,14359
0045,15:15,915,14359
0045,15:20,920,14359
0045,15:25,925,14359
0045,15:30,930,14359
0045,15:35,935,14359
0045,15:40,940,14359
0045,15:45,945,14103
0045,15:50,950,14103
0045,15:55,955,14103
0045,16:00,960,14103
0045,16:05,965,14103
0045,16:10,970,12564
0045,16:15,975,12564
0045,16:20,980,12564
0045,16:25,985,12564
0045,16:30,990,11026
0045,16:35,995,11026
0045,16:40,1000,11026
0045,16:45,1005,11026
0045,16:50,1010,10000
0045,16:55,1015,10000
0045,17:00,1020,10000
0045,17:05,1025,9231
0045,17:10,1030,9231
0045,17:15,1035,9231
0045,17:20,1040,9231
0045,17:25,1045,9231
0045,17:30,1050,7949
0045,17:35,1055,7949
0045,17:40,1060,7949
0045,17:45,1065,7949
0045,17:50,1070,6923
0045,17:55,1075,6923
0045,18:00,1080,6923
0045,18:05,1085,6923
0045,18:10,1090,6667
0045,18:15,1095,6667
0045,18:20,1100,6667
0045,18:25,1105,6667
0045,18:30,1110,6667
0045,18:35,1115,6667
0045,18:40,1120,6667
0045,18:45,1125,6667
0045,18:50,1130,6154
0045,18:55,1135,6154
0045,19:00,1140,6154
0045,19:05,1145,6154
0045,19:10,1150,6154
0045,19:15,1155,6154
0045,19:20,1160,6154
0045,19:25,1165,6154
0045,19:30,1170,6154
0045,19:35,1175,6154
0045,19:40,1180,6154
0045,19:45,1185,6154
0045,19:50,1190,6154
0045,19:55,1195,6154
0045,20:00,1200,6154
0045,20:05,1205,6154
0045,20:10,1210,6154
0045,20:15,1215,6154
0045,20:20,1220,6154
0045,20:25,1225,6154
0045,20:30,1230,5641
0045,20:35,1235,5641
0045,20:40,1240,5641
0045,20:45,1245,8718
0045,20:50,1250,8718
0045,20:55,1255,8718
0045,21:00,1260,8718
0045,21:05,1265,8718
0045,21:10,1270,14872
0045,21:15,1275,14872
0045,21:20,1280,14872
0045,21:25,1285,14872
0045,21:30,1290,24359
0045,21:35,1295,24359
0045,21:40,1300,24359
0045,21:45,1305,30000
0045,21:50,1310,30000
0045,21:55,1315,30000
0045,22:00,1320,30000
0045,22:05,1325,35385
0045,22:10,1330,35385
0045,22:15,1335,35385
0045,22:20,1340,35385
0045,22:25,1345,35385
0045,22:30,1350,34615
0045,22:35,1355,34615
0045,22:40,1360,34615
0045,22:45,1365,34615
0045,22:50,1370,34615
0045,22:55,1375,34615
0045,23:00,1380,34615
0045,23:05,1385,34615
0045,23:10,1390,34615
0045,23:15,1395,34615
0045,23:16,1396,34615
0045,23:20,1400,34615
0046,09:00,540,0
0046,09:05,545,0
0046,09:10,550,0
0046,09:15,555,0
0046,09:20,560,0
0046,09:25,565,0
0046,09:30,570,0
0046,09:35,575,0
0046,09:40,580,0
0046,09:45,585,0
0046,09:50,590,0
0046,09:55,595,0
0046,10:00,600,0
0046,10:05,605,0
0046,10:10,610,-178
0046,10:15,615,-178
0046,10:20,620,-178
0046,10:25,625,-178
0046,10:30,630,-178
0046,10:35,635,-178
0046,10:40,640,-178
0046,10:45,645,-178
0046,10:50,650,-178
0046,10:55,655,-178
0046,11:00,660,-178
0046,11:05,665,-178
0046,11:10,670,-178
0046,11:15,675,-178
0046,11:20,680,-178
0046,11:25,685,-178
0046,11:30,690,-178
0046,11:35,695,-178
0046,11:40,700,-178
0046,11:45,705,-178
0046,11:50,710,-178
0046,11:55,715,-178
0046,12:00,720,-178
0046,12:05,725,-1422
0046,12:10,730,-1422
0046,12:15,735,-1422
0046,12:20,740,-1422
0046,12:25,745,-1422
0046,12:30,750,-2667
0046,12:35,755,-2667
0046,12:40,760,-2667
0046,12:45,765,-2667
0046,12:50,770,-3022
0046,12:55,775,-3022
0046,13:00,780,-3022
0046,13:05,785,-3733
0046,13:10,790,-3733
0046,13:15,795,-3733
0046,13:20,800,-3733
0046,13:25,805,-4622
0046,13:30,810,-4622
0046,13:35,815,-4622
0046,13:40,820,-4622
0046,13:45,825,-4622
0046,13:50,830,-5156
0046,13:55,835,-5156
0046,14:00,840,-5156
0046,14:05,845,-5156
0046,14:10,850,-5689
0046,14:15,855,-5689
0046,14:20,860,-5689
0046,14:25,865,-5689
0046,14:30,870,-5867
0046,14:35,875,-5867
0046,14:40,880,-5867
0046,14:45,885,-6756
0046,14:50,890,-6756
0046,14:55,895,-6756
0046,15:00,900,-6756
0046,15:05,905,-6756
0046,15:10,910,-8178
0046,15:15,915,-8178
0046,15:20,920,-8178
0046,15:25,925,-8178
0046,15:30,930,-8889
0046,15:35,935,-8889
0046,15:40,940,-8889
0046,15:45,945,-9778
0046,15:50,950,-9778
0046,15:55,955,-9778
0046,16:00,960,-9778
0046,16:05,965,-9778
0046,16:10,970,-10133
0046,16:15,975,-10133
0046,16:20,980,-10133
0046,16:25,985,-10133
0046,16:30,990,-10133
0046,16:35,995,-10133
0046,16:40,1000,-10133
0046,16:45,1005,-10133
0046,16:50,1010,-10133
0046,16:55,1015,-10133
0046,17:00,1020,-10133
0046,17:05,1025,-10133
0046,17:10,1030,-10133
0046,17:15,1035,-10133
0046,17:20,1040,-10133
0046,17:25,1045,-10133
0046,17:30,1050,-11378
0046,17:35,1055,-11378
0046,17:40,1060,-11378
0046,17:45,1065,-11378
0046,17:50,1070,-11733
0046,17:55,1075,-11733
0046,18:00,1080,-11733
0046,18:05,1085,-11733
0046,18:10,1090,-11733
0046,18:15,1095,-11733
0046,18:20,1100,-11733
0046,18:25,1105,-11733
0046,18:30,1110,-11733
0046,18:35,1115,-11733
0046,18:40,1120,-11733
0046,18:45,1125,-11733
0046,18:50,1130,-10844
0046,18:55,1135,-10844
0046,19:00,1140,-10844
0046,19:05,1145,-10844
0046,19:10,1150,-11200
0046,19:15,1155,-11200
0046,19:20,1160,-11200
0046,19:25,1165,-11200
0046,19:30,1170,-11200
0046,19:35,1175,-11200
0046,19:40,1180,-11200
0046,19:45,1185,-11200
0046,19:50,1190,-11200
0046,19:55,1195,-11200
0046,20:00,1200,-11200
0046,20:05,1205,-11200
0046,20:10,1210,-11200
0046,20:15,1215,-11200
0046,20:20,1220,-11200
0046,20:25,1225,-11200
0046,20:30,1230,-11556
0046,20:35,1235,-11556
0046,20:40,1240,-11556
0046,20:45,1245,-11733
0046,20:50,1250,-11733
0046,20:55,1255,-11733
0046,21:00,1260,-11733
0046,21:05,1265,-11733
0046,21:10,1270,-11733
0046,21:15,1275,-11733
0046,21:20,1280,-11733
0046,21:25,1285,-11733
0046,21:30,1290,-11733
0046,21:35,1295,-11733
0046,21:40,1300,-11733
0046,21:45,1305,-11733
0046,21:50,1310,-11733
0046,21:55,1315,-11733
0046,22:00,1320,-11733
0046,22:05,1325,-11733
0046,22:10,1330,-11733
0046,22:15,1335,-11733
0046,22:20,1340,-11733
0046,22:25,1345,-11733
0046,22:30,1350,-11733
0046,22:35,1355,-11733
0046,22:40,1360,-11733
0046,22:45,1365,-11733
0046,22:50,1370,-11733
0046,22:55,1375,-11733
0046,23:00,1380,-11733
0046,23:05,1385,-11733
0046,23:10,1390,-11733
0046,23:15,1395,-11733
0046,23:16,1396,-11733
0046,23:20,1400,-11733
0047,09:00,540,0
0047,09:05,545,0
0047,09:10,550,0
0047,09:15,555,0
0047,09:20,560,0
0047,09:25,565,0
0047,09:30,570,0
0047,09:35,575,0
0047,09:40,580,0
0047,09:45,585,0
0047,09:50,590,0
0047,09:55,595,0
0047,10:00,600,0
0047,10:05,605,0
0047,10:10,610,0
0047,10:15,615,0
0047,10:20,620,0
0047,10:25,625,0
0047,10:30,630,0
0047,10:35,635,0
0047,10:40,640,0
0047,10:45,645,0
0047,10:50,650,0
0047,10:55,655,0
0047,11:00,660,0
0047,11:05,665,0
0047,11:10,670,0
0047,11:15,675,0
0047,11:20,680,0
0047,11:25,685,0
0047,11:30,690,0
0047,11:35,695,0
0047,11:40,700,0
0047,11:45,705,0
0047,11:50,710,0
0047,11:55,715,0
0047,12:00,720,0
0047,12:05,725,0
0047,12:10,730,0
0047,12:15,735,0
0047,12:20,740,0
0047,12:25,745,0
0047,12:30,750,0
0047,12:35,755,0
0047,12:40,760,0
0047,12:45,765,0
0047,12:50,770,0
0047,12:55,775,0
0047,13:00,780,0
0047,13:05,785,0
0047,13:10,790,0
0047,13:15,795,0
0047,13:20,800,0
0047,13:25,805,0
0047,13:30,810,0
0047,13:35,815,0
0047,13:40,820,0
0047,13:45,825,0
0047,13:50,830,-1277
0047,13:55,835,-1277
0047,14:00,840,-1277
0047,14:05,845,-1277
0047,14:10,850,-766
0047,14:15,855,-766
0047,14:20,860,-766
0047,14:25,865,-766
0047,14:30,870,-2043
0047,14:35,875,-2043
0047,14:40,880,-2043
0047,14:45,885,-2809
0047,14:50,890,-2809
0047,14:55,895,-2809
0047,15:00,900,-2809
0047,15:05,905,-2809
0047,15:10,910,-1021
0047,15:15,915,-1021
0047,15:20,920,-1021
0047,15:25,925,-1021
0047,15:30,930,-511
0047,15:35,935,-511
0047,15:40,940,-511
0047,15:45,945,-1021
0047,15:50,950,-1021
0047,15:55,955,-1021
0047,16:00,960,-1021
0047,16:05,965,-1021
0047,16:10,970,248
0047,16:15,975,248
0047,16:20,980,248
0047,16:25,985,248
0047,16:30,990,4215
0047,16:35,995,4215
0047,16:40,1000,4215
0047,16:45,1005,4215
0047,16:50,1010,13636
0047,16:55,1015,13636
0047,17:00,1020,13636
0047,17:05,1025,14628
0047,17:10,1030,14628
0047,17:15,1035,14628
0047,17:20,1040,14628
0047,17:25,1045,14628
0047,17:30,1050,13636
0047,17:35,1055,13636
0047,17:40,1060,13636
0047,17:45,1065,13636
0047,17:50,1070,17355
0047,17:55,1075,17355
0047,18:00,1080,17355
0047,18:05,1085,17355
0047,18:10,1090,20579
0047,18:15,1095,20579
0047,18:20,1100,20579
0047,18:25,1105,23306
0047,18:30,1110,23306
0047,18:35,1115,23306
0047,18:40,1120,23306
0047,18:45,1125,23306
0047,18:50,1130,22066
0047,18:55,1135,22066
0047,19:00,1140,22066
0047,19:05,1145,22066
0047,19:10,1150,20826
0047,19:15,1155,20826
0047,19:20,1160,20826
0047,19:25,1165,20826
0047,19:30,1170,20826
0047,19:35,1175,20826
0047,19:40,1180,20826
0047,19:45,1185,20826
0047,19:50,1190,20826
0047,19:55,1195,20826
0047,20:00,1200,20826
0047,20:05,1205,20826
0047,20:10,1210,20579
0047,20:15,1215,20579
0047,20:20,1220,20579
0047,20:25,1225,20579
0047,20:30,1230,19835
0047,20:35,1235,19835
0047,20:40,1240,19835
0047,20:45,1245,19835
0047,20:50,1250,19835
0047,20:55,1255,19835
0047,21:00,1260,19835
0047,21:05,1265,19835
0047,21:10,1270,19835
0047,21:15,1275,19835
0047,21:20,1280,19835
0047,21:25,1285,19835
0047,21:30,1290,19339
0047,21:35,1295,19339
0047,21:40,1300,19339
0047,21:45,1305,19339
0047,21:50,1310,19339
0047,21:55,1315,19339
0047,22:00,1320,19339
0047,22:05,1325,19339
0047,22:10,1330,19339
0047,22:15,1335,19339
0047,22:20,1340,19339
0047,22:25,1345,19339
0047,22:30,1350,19339
0047,22:35,1355,19339
0047,22:40,1360,19339
0047,22:45,1365,19339
0047,22:50,1370,19339
0047,22:55,1375,19339
0047,23:00,1380,19339
0047,23:05,1385,19339
0047,23:10,1390,19339
0047,23:15,1395,19339
0047,23:16,1396,19339
0047,23:20,1400,19339
0048,09:00,540,0
0048,09:05,545,0
0048,09:10,550,0
0048,09:15,555,0
0048,09:20,560,0
0048,09:25,565,0
0048,09:30,570,0
0048,09:35,575,0
0048,09:40,580,0
0048,09:45,585,0
0048,09:50,590,0
0048,09:55,595,0
0048,10:00,600,0
0048,10:05,605,0
0048,10:10,610,0
0048,10:15,615,0
0048,10:20,620,0
0048,10:25,625,0
0048,10:30,630,0
0048,10:35,635,0
0048,10:40,640,0
0048,10:45,645,0
0048,10:50,650,0
0048,10:55,655,0
0048,11:00,660,0
0048,11:05,665,0
0048,11:10,670,0
0048,11:15,675,0
0048,11:20,680,0
0048,11:25,685,0
0048,11:30,690,-356
0048,11:35,695,-356
0048,11:40,700,-356
0048,11:45,705,-533
0048,11:50,710,-533
0048,11:55,715,-533
0048,12:00,720,-533
0048,12:05,725,-711
0048,12:10,730,-711
0048,12:15,735,-711
0048,12:20,740,-711
0048,12:25,745,-711
0048,12:30,750,-1422
0048,12:35,755,-1422
0048,12:40,760,-1422
0048,12:45,765,-1422
0048,12:50,770,-2311
0048,12:55,775,-2311
0048,13:00,780,-2311
0048,13:05,785,-3378
0048,13:10,790,-3378
0048,13:15,795,-3378
0048,13:20,800,-3378
0048,13:25,805,-4800
0048,13:30,810,-4800
0048,13:35,815,-4800
0048,13:40,820,-4800
0048,13:45,825,-4800
0048,13:50,830,-2133
0048,13:55,835,-2133
0048,14:00,840,-2133
0048,14:05,845,-2133
0048,14:10,850,-2133
0048,14:15,855,-2133
0048,14:20,860,-2133
0048,14:25,865,-2133
0048,14:30,870,-3200
0048,14:35,875,-3200
0048,14:40,880,-3200
0048,14:45,885,-4800
0048,14:50,890,-4800
0048,14:55,895,-4800
0048,15:00,900,-4800
0048,15:05,905,-4800
0048,15:10,910,-5867
0048,15:15,915,-5867
0048,15:20,920,-5867
0048,15:25,925,-5867
0048,15:30,930,-7111
0048,15:35,935,-7111
0048,15:40,940,-7111
0048,15:45,945,-8533
0048,15:50,950,-8533
0048,15:55,955,-8533
0048,16:00,960,-8533
0048,16:05,965,-8533
0048,16:10,970,-9600
0048,16:15,975,-9600
0048,16:20,980,-9600
0048,16:25,985,-9600
0048,16:30,990,-9422
0048,16:35,995,-9422
0048,16:40,1000,-9422
0048,16:45,1005,-9422
0048,16:50,1010,-8178
0048,16:55,1015,-8178
0048,17:00,1020,-8178
0048,17:05,1025,-9067
0048,17:10,1030,-9067
0048,17:15,1035,-9067
0048,17:20,1040,-9067
0048,17:25,1045,-9067
0048,17:30,1050,-9600
0048,17:35,1055,-9600
0048,17:40,1060,-9600
0048,17:45,1065,-9600
0048,17:50,1070,-10489
0048,17:55,1075,-10489
0048,18:00,1080,-10489
0048,18:05,1085,-10489
0048,18:10,1090,-10667
0048,18:15,1095,-10667
0048,18:20,1100,-10667
0048,18:25,1105,-11556
0048,18:30,1110,-11556
0048,18:35,1115,-11556
0048,18:40,1120,-11556
0048,18:45,1125,-11556
0048,18:50,1130,-12444
0048,18:55,1135,-12444
0048,19:00,1140,-12444
0048,19:05,1145,-12444
0048,19:10,1150,-12978
0048,19:15,1155,-12978
0048,19:20,1160,-12978
0048,19:25,1165,-12444
0048,19:30,1170,-12444
0048,19:35,1175,-12444
0048,19:40,1180,-12444
0048,19:45,1185,-9600
0048,19:50,1190,-9600
0048,19:55,1195,-9600
0048,20:00,1200,-9600
0048,20:05,1205,-9600
0048,20:10,1210,-10667
0048,20:15,1215,-10667
0048,20:20,1220,-10667
0048,20:25,1225,-10667
0048,20:30,1230,-11378
0048,20:35,1235,-11378
0048,20:40,1240,-11378
0048,20:45,1245,-11378
0048,20:50,1250,-11378
0048,20:55,1255,-11378
0048,21:00,1260,-11378
0048,21:05,1265,-11378
0048,21:10,1270,-11378
0048,21:15,1275,-11378
0048,21:20,1280,-11378
0048,21:25,1285,-11378
0048,21:30,1290,-11556
0048,21:35,1295,-11556
0048,21:40,1300,-11556
0048,21:45,1305,-12089
0048,21:50,1310,-12089
0048,21:55,1315,-12089
0048,22:00,1320,-12089
0048,22:05,1325,-12089
0048,22:10,1330,-12089
0048,22:15,1335,-12089
0048,22:20,1340,-12089
0048,22:25,1345,-12089
0048,22:30,1350,-12089
0048,22:35,1355,-12089
0048,22:40,1360,-12089
0048,22:45,1365,-12089
0048,22:50,1370,-12089
0048,22:55,1375,-12089
0048,23:00,1380,-12089
0048,23:05,1385,-12089
0048,23:10,1390,-12089
0048,23:15,1395,-12089
0048,23:16,1396,-12089
0048,23:20,1400,-12089
0049,09:00,540,0
0049,09:05,545,0
0049,09:10,550,0
0049,09:15,555,0
0049,09:20,560,0
0049,09:25,565,0
0049,09:30,570,0
0049,09:35,575,0
0049,09:40,580,0
0049,09:45,585,0
0049,09:50,590,0
0049,09:55,595,0
0049,10:00,600,0
0049,10:05,605,0
0049,10:10,610,0
0049,10:15,615,0
0049,10:20,620,0
0049,10:25,625,0
0049,10:30,630,0
0049,10:35,635,0
0049,10:40,640,0
0049,10:45,645,0
0049,10:50,650,0
0049,10:55,655,0
0049,11:00,660,0
0049,11:05,665,0
0049,11:10,670,0
0049,11:15,675,0
0049,11:20,680,0
0049,11:25,685,0
0049,11:30,690,0
0049,11:35,695,0
0049,11:40,700,0
0049,11:45,705,0
0049,11:50,710,0
0049,11:55,715,0
0049,12:00,720,0
0049,12:05,725,0
0049,12:10,730,0
0049,12:15,735,0
0049,12:20,740,0
0049,12:25,745,0
0049,12:30,750,0
0049,12:35,755,0
0049,12:40,760,0
0049,12:45,765,0
0049,12:50,770,0
0049,12:55,775,0
0049,13:00,780,0
0049,13:05,785,0
0049,13:10,790,0
0049,13:15,795,0
0049,13:20,800,0
0049,13:25,805,0
0049,13:30,810,0
0049,13:35,815,0
0049,13:40,820,0
0049,13:45,825,0
0049,13:50,830,0
0049,13:55,835,0
0049,14:00,840,0
0049,14:05,845,0
0049,14:10,850,-178
0049,14:15,855,-178
0049,14:20,860,-178
0049,14:25,865,-178
0049,14:30,870,-622
0049,14:35,875,-622
0049,14:40,880,-622
0049,14:45,885,-622
0049,14:50,890,-622
0049,14:55,895,-622
0049,15:00,900,-622
0049,15:05,905,-622
0049,15:10,910,-622
0049,15:15,915,-622
0049,15:20,920,-622
0049,15:25,925,-622
0049,15:30,930,-1956
0049,15:35,935,-1956
0049,15:40,940,-1956
0049,15:45,945,-3467
0049,15:50,950,-3467
0049,15:55,955,-3467
0049,16:00,960,-3467
0049,16:05,965,-3467
0049,16:10,970,-4000
0049,16:15,975,-4000
0049,16:20,980,-4000
0049,16:25,985,-4000
0049,16:30,990,-4000
0049,16:35,995,-4000
0049,16:40,1000,-4000
0049,16:45,1005,-4000
0049,16:50,1010,-4000
0049,16:55,1015,-4000
0049,17:00,1020,-4000
0049,17:05,1025,-4000
0049,17:10,1030,-4000
0049,17:15,1035,-4000
0049,17:20,1040,-4000
0049,17:25,1045,-4000
0049,17:30,1050,-4000
0049,17:35,1055,-4000
0049,17:40,1060,-4000
0049,17:45,1065,-4000
0049,17:50,1070,-4000
0049,17:55,1075,-4000
0049,18:00,1080,-4000
0049,18:05,1085,-4000
0049,18:10,1090,-4089
0049,18:15,1095,-4089
0049,18:20,1100,-4089
0049,18:25,1105,-4711
0049,18:30,1110,-4711
0049,18:35,1115,-4711
0049,18:40,1120,-4711
0049,18:45,1125,-4711
0049,18:50,1130,-4711
0049,18:55,1135,-4711
0049,19:00,1140,-4711
0049,19:05,1145,-4711
0049,19:10,1150,-4800
0049,19:15,1155,-4800
0049,19:20,1160,-4800
0049,19:25,1165,-4889
0049,19:30,1170,-4889
0049,19:35,1175,-4889
0049,19:40,1180,-4889
0049,19:45,1185,-4889
0049,19:50,1190,-4889
0049,19:55,1195,-4889
0049,20:00,1200,-4889
0049,20:05,1205,-4889
0049,20:10,1210,-5422
0049,20:15,1215,-5422
0049,20:20,1220,-5422
0049,20:25,1225,-5422
0049,20:30,1230,-5689
0049,20:35,1235,-5689
0049,20:40,1240,-5689
0049,20:45,1245,-5689
0049,20:50,1250,-5689
0049,20:55,1255,-5689
0049,21:00,1260,-5689
0049,21:05,1265,-5689
0049,21:10,1270,-5689
0049,21:15,1275,-5689
0049,21:20,1280,-5689
0049,21:25,1285,-5689
0049,21:30,1290,-5689
0049,21:35,1295,-5689
0049,21:40,1300,-5689
0049,21:45,1305,-5689
0049,21:50,1310,-5689
0049,21:55,1315,-5689
0049,22:00,1320,-5689
0049,22:05,1325,-5689
0049,22:10,1330,-5689
0049,22:15,1335,-5689
0049,22:20,1340,-5689
0049,22:25,1345,-5689
0049,22:30,1350,-5689
0049,22:35,1355,-5689
0049,22:40,1360,-5689
0049,22:45,1365,-5689
0049,22:50,1370,-5689
0049,22:55,1375,-5689
0049,23:00,1380,-5689
0049,23:05,1385,-5689
0049,23:10,1390,-5689
0049,23:15,1395,-5689
0049,23:16,1396,-5689
0049,23:20,1400,-5689
0050,09:00,540,0
0050,09:05,545,0
0050,09:10,550,0
0050,09:15,555,0
0050,09:20,560,0
0050,09:25,565,0
0050,09:30,570,0
0050,09:35,575,0
0050,09:40,580,0
0050,09:45,585,0
0050,09:50,590,0
0050,09:55,595,0
0050,10:00,600,0
0050,10:05,605,0
0050,10:10,610,0
0050,10:15,615,0
0050,10:20,620,0
0050,10:25,625,0
0050,10:30,630,0
0050,10:35,635,0
0050,10:40,640,0
0050,10:45,645,0
0050,10:50,650,0
0050,10:55,655,0
0050,11:00,660,0
0050,11:05,665,0
0050,11:10,670,0
0050,11:15,675,0
0050,11:20,680,0
0050,11:25,685,0
0050,11:30,690,0
0050,11:35,695,0
0050,11:40,700,0
0050,11:45,705,0
0050,11:50,710,0
0050,11:55,715,0
0050,12:00,720,0
0050,12:05,725,-356
0050,12:10,730,-356
0050,12:15,735,-356
0050,12:20,740,-356
0050,12:25,745,-356
0050,12:30,750,-1600
0050,12:35,755,-1600
0050,12:40,760,-1600
0050,12:45,765,-1600
0050,12:50,770,-1600
0050,12:55,775,-1600
0050,13:00,780,-1600
0050,13:05,785,-2667
0050,13:10,790,-2667
0050,13:15,795,-2667
0050,13:20,800,-2667
0050,13:25,805,-4444
0050,13:30,810,-4444
0050,13:35,815,-4444
0050,13:40,820,-4444
0050,13:45,825,-4444
0050,13:50,830,-5867
0050,13:55,835,-5867
0050,14:00,840,-5867
0050,14:05,845,-5867
0050,14:10,850,-1778
0050,14:15,855,-1778
0050,14:20,860,-1778
0050,14:25,865,-1778
0050,14:30,870,-3556
0050,14:35,875,-3556
0050,14:40,880,-3556
0050,14:45,885,-5156
0050,14:50,890,-5156
0050,14:55,895,-5156
0050,15:00,900,-5156
0050,15:05,905,-5156
0050,15:10,910,-6578
0050,15:15,915,-6578
0050,15:20,920,-6578
0050,15:25,925,-6578
0050,15:30,930,-8000
0050,15:35,935,-8000
0050,15:40,940,-8000
0050,15:45,945,-7822
0050,15:50,950,-7822
0050,15:55,955,-7822
0050,16:00,960,-7822
0050,16:05,965,-7822
0050,16:10,970,-9067
0050,16:15,975,-9067
0050,16:20,980,-9067
0050,16:25,985,-9067
0050,16:30,990,-10844
0050,16:35,995,-10844
0050,16:40,1000,-10844
0050,16:45,1005,-10844
0050,16:50,1010,-12444
0050,16:55,1015,-12444
0050,17:00,1020,-12444
0050,17:05,1025,-13867
0050,17:10,1030,-13867
0050,17:15,1035,-13867
0050,17:20,1040,-13867
0050,17:25,1045,-13867
0050,17:30,1050,-12089
0050,17:35,1055,-12089
0050,17:40,1060,-12089
0050,17:45,1065,-12089
0050,17:50,1070,-9778
0050,17:55,1075,-9778
0050,18:00,1080,-9778
0050,18:05,1085,-9778
0050,18:10,1090,-10667
0050,18:15,1095,-10667
0050,18:20,1100,-10667
0050,18:25,1105,-12444
0050,18:30,1110,-12444
0050,18:35,1115,-12444
0050,18:40,1120,-12444
0050,18:45,1125,-12444
0050,18:50,1130,-13689
0050,18:55,1135,-13689
0050,19:00,1140,-13689
0050,19:05,1145,-13689
0050,19:10,1150,-13867
0050,19:15,1155,-13867
0050,19:20,1160,-13867
0050,19:25,1165,-14578
0050,19:30,1170,-14578
0050,19:35,1175,-14578
0050,19:40,1180,-14578
0050,19:45,1185,-14578
0050,19:50,1190,-14578
0050,19:55,1195,-14578
0050,20:00,1200,-14578
0050,20:05,1205,-14578
0050,20:10,1210,-15111
0050,20:15,1215,-15111
0050,20:20,1220,-15111
0050,20:25,1225,-15111
0050,20:30,1230,-12800
0050,20:35,1235,-12800
0050,20:40,1240,-12800
0050,20:45,1245,-12800
0050,20:50,1250,-12800
0050,20:55,1255,-12800
0050,21:00,1260,-12800
0050,21:05,1265,-12800
0050,21:10,1270,-12978
0050,21:15,1275,-12978
0050,21:20,1280,-12978
0050,21:25,1285,-12978
0050,21:30,1290,-12978
0050,21:35,1295,-12978
0050,21:40,1300,-12978
0050,21:45,1305,-13156
0050,21:50,1310,-13156
0050,21:55,1315,-13156
0050,22:00,1320,-13156
0050,22:05,1325,-13156
0050,22:10,1330,-13156
0050,22:15,1335,-13156
0050,22:20,1340,-13156
0050,22:25,1345,-13156
0050,22:30,1350,-13156
0050,22:35,1355,-13156
0050,22:40,1360,-13156
0050,22:45,1365,-13156
0050,22:50,1370,-13156
0050,22:55,1375,-13156
0050,23:00,1380,-13156
0050,23:05,1385,-13156
0050,23:10,1390,-13156
0050,23:15,1395,-13156
0050,23:16,1396,-13156
0050,23:20,1400,-13156
0051,09:00,540,0
0051,09:05,545,0
0051,09:10,550,0
0051,09:15,555,0
0051,09:20,560,0
0051,09:25,565,0
0051,09:30,570,0
0051,09:35,575,0
0051,09:40,580,0
0051,09:45,585,0
0051,09:50,590,0
0051,09:55,595,0
0051,10:00,600,0
0051,10:05,605,0
0051,10:10,610,0
0051,10:15,615,0
0051,10:20,620,0
0051,10:25,625,0
0051,10:30,630,0
0051,10:35,635,0
0051,10:40,640,0
0051,10:45,645,0
0051,10:50,650,0
0051,10:55,655,0
0051,11:00,660,0
0051,11:05,665,0
0051,11:10,670,0
0051,11:15,675,0
0051,11:20,680,0
0051,11:25,685,0
0051,11:30,690,0
0051,11:35,695,0
0051,11:40,700,0
0051,11:45,705,0
0051,11:50,710,0
0051,11:55,715,0
0051,12:00,720,0
0051,12:05,725,0
0051,12:10,730,0
0051,12:15,735,0
0051,12:20,740,0
0051,12:25,745,0
0051,12:30,750,0
0051,12:35,755,0
0051,12:40,760,0
0051,12:45,765,0
0051,12:50,770,0
0051,12:55,775,0
0051,13:00,780,0
0051,13:05,785,0
0051,13:10,790,0
0051,13:15,795,0
0051,13:20,800,0
0051,13:25,805,0
0051,13:30,810,0
0051,13:35,815,0
0051,13:40,820,0
0051,13:45,825,0
0051,13:50,830,-444
0051,13:55,835,-444
0051,14:00,840,-444
0051,14:05,845,-444
0051,14:10,850,2155
0051,14:15,855,2155
0051,14:20,860,2155
0051,14:25,865,2155
0051,14:30,870,3793
0051,14:35,875,3793
0051,14:40,880,3793
0051,14:45,885,4569
0051,14:50,890,4569
0051,14:55,895,4569
0051,15:00,900,4569
0051,15:05,905,4569
0051,15:10,910,3276
0051,15:15,915,3276
0051,15:20,920,3276
0051,15:25,925,3276
0051,15:30,930,1810
0051,15:35,935,1810
0051,15:40,940,1810
0051,15:45,945,431
0051,15:50,950,431
0051,15:55,955,431
0051,16:00,960,431
0051,16:05,965,431
0051,16:10,970,-889
0051,16:15,975,-889
0051,16:20,980,-889
0051,16:25,985,-889
0051,16:30,990,-2578
0051,16:35,995,-2578
0051,16:40,1000,-2578
0051,16:45,1005,-2578
0051,16:50,1010,-2133
0051,16:55,1015,-2133
0051,17:00,1020,-2133
0051,17:05,1025,345
0051,17:10,1030,345
0051,17:15,1035,345
0051,17:20,1040,345
0051,17:25,1045,345
0051,17:30,1050,5517
0051,17:35,1055,5517
0051,17:40,1060,5517
0051,17:45,1065,5517
0051,17:50,1070,6724
0051,17:55,1075,6724
0051,18:00,1080,6724
0051,18:05,1085,6724
0051,18:10,1090,6379
0051,18:15,1095,6379
0051,18:20,1100,6379
0051,18:25,1105,6379
0051,18:30,1110,6379
0051,18:35,1115,6379
0051,18:40,1120,6379
0051,18:45,1125,6379
0051,18:50,1130,6293
0051,18:55,1135,6293
0051,19:00,1140,6293
0051,19:05,1145,6293
0051,19:10,1150,6034
0051,19:15,1155,6034
0051,19:20,1160,6034
0051,19:25,1165,6034
0051,19:30,1170,6034
0051,19:35,1175,6034
0051,19:40,1180,6034
0051,19:45,1185,6034
0051,19:50,1190,6034
0051,19:55,1195,6034
0051,20:00,1200,6034
0051,20:05,1205,6034
0051,20:10,1210,5776
0051,20:15,1215,5776
0051,20:20,1220,5776
0051,20:25,1225,5776
0051,20:30,1230,5776
0051,20:35,1235,5776
0051,20:40,1240,5776
0051,20:45,1245,5776
0051,20:50,1250,5776
0051,20:55,1255,5776
0051,21:00,1260,5776
0051,21:05,1265,5776
0051,21:10,1270,5776
0051,21:15,1275,5776
0051,21:20,1280,5776
0051,21:25,1285,5776
0051,21:30,1290,5776
0051,21:35,1295,5776
0051,21:40,1300,5776
0051,21:45,1305,5776
0051,21:50,1310,5776
0051,21:55,1315,5776
0051,22:00,1320,5776
0051,22:05,1325,5776
0051,22:10,1330,5776
0051,22:15,1335,5776
0051,22:20,1340,5776
0051,22:25,1345,5776
0051,22:30,1350,5776
0051,22:35,1355,5776
0051,22:40,1360,5776
0051,22:45,1365,5776
0051,22:50,1370,5776
0051,22:55,1375,5776
0051,23:00,1380,5776
0051,23:05,1385,5776
0051,23:10,1390,5776
0051,23:15,1395,5776
0051,23:16,1396,5776
0051,23:20,1400,5776
0052,09:00,540,0
0052,09:05,545,0
0052,09:10,550,0
0052,09:15,555,0
0052,09:20,560,0
0052,09:25,565,0
0052,09:30,570,0
0052,09:35,575,0
0052,09:40,580,0
0052,09:45,585,0
0052,09:50,590,0
0052,09:55,595,0
0052,10:00,600,0
0052,10:05,605,0
0052,10:10,610,0
0052,10:15,615,0
0052,10:20,620,0
0052,10:25,625,0
0052,10:30,630,0
0052,10:35,635,0
0052,10:40,640,0
0052,10:45,645,0
0052,10:50,650,0
0052,10:55,655,0
0052,11:00,660,0
0052,11:05,665,0
0052,11:10,670,0
0052,11:15,675,0
0052,11:20,680,0
0052,11:25,685,0
0052,11:30,690,0
0052,11:35,695,0
0052,11:40,700,0
0052,11:45,705,0
0052,11:50,710,0
0052,11:55,715,0
0052,12:00,720,0
0052,12:05,725,0
0052,12:10,730,0
0052,12:15,735,0
0052,12:20,740,0
0052,12:25,745,0
0052,12:30,750,0
0052,12:35,755,0
0052,12:40,760,0
0052,12:45,765,0
0052,12:50,770,-1244
0052,12:55,775,-1244
0052,13:00,780,-1244
0052,13:05,785,-2667
0052,13:10,790,-2667
0052,13:15,795,-2667
0052,13:20,800,-2667
0052,13:25,805,-4444
0052,13:30,810,-4444
0052,13:35,815,-4444
0052,13:40,820,-4444
0052,13:45,825,-4444
0052,13:50,830,-6044
0052,13:55,835,-6044
0052,14:00,840,-6044
0052,14:05,845,-6044
0052,14:10,850,-6933
0052,14:15,855,-6933
0052,14:20,860,-6933
0052,14:25,865,-6933
0052,14:30,870,-8000
0052,14:35,875,-8000
0052,14:40,880,-8000
0052,14:45,885,-9422
0052,14:50,890,-9422
0052,14:55,895,-9422
0052,15:00,900,-9422
0052,15:05,905,-9422
0052,15:10,910,-9422
0052,15:15,915,-9422
0052,15:20,920,-9422
0052,15:25,925,-9422
0052,15:30,930,-11200
0052,15:35,935,-11200
0052,15:40,940,-11200
0052,15:45,945,-12089
0052,15:50,950,-12089
0052,15:55,955,-12089
0052,16:00,960,-12089
0052,16:05,965,-12089
0052,16:10,970,-12089
0052,16:15,975,-12089
0052,16:20,980,-12089
0052,16:25,985,-12089
0052,16:30,990,-13511
0052,16:35,995,-13511
0052,16:40,1000,-13511
0052,16:45,1005,-13511
0052,16:50,1010,-14756
0052,16:55,1015,-14756
0052,17:00,1020,-14756
0052,17:05,1025,-16178
0052,17:10,1030,-16178
0052,17:15,1035,-16178
0052,17:20,1040,-16178
0052,17:25,1045,-16178
0052,17:30,1050,-17778
0052,17:35,1055,-17778
0052,17:40,1060,-17778
0052,17:45,1065,-17778
0052,17:50,1070,-19200
0052,17:55,1075,-19200
0052,18:00,1080,-19200
0052,18:05,1085,-19200
0052,18:10,1090,-16711
0052,18:15,1095,-16711
0052,18:20,1100,-16711
0052,18:25,1105,-14578
0052,18:30,1110,-14578
0052,18:35,1115,-14578
0052,18:40,1120,-14578
0052,18:45,1125,-14578
0052,18:50,1130,-16000
0052,18:55,1135,-16000
0052,19:00,1140,-16000
0052,19:05,1145,-16000
0052,19:10,1150,-17244
0052,19:15,1155,-17244
0052,19:20,1160,-17244
0052,19:25,1165,-17778
0052,19:30,1170,-17778
0052,19:35,1175,-17778
0052,19:40,1180,-17778
0052,19:45,1185,-17778
0052,19:50,1190,-17778
0052,19:55,1195,-17778
0052,20:00,1200,-17778
0052,20:05,1205,-17778
0052,20:10,1210,-17600
0052,20:15,1215,-17600
0052,20:20,1220,-17600
0052,20:25,1225,-17600
0052,20:30,1230,-11733
0052,20:35,1235,-11733
0052,20:40,1240,-11733
0052,20:45,1245,-13156
0052,20:50,1250,-13156
0052,20:55,1255,-13156
0052,21:00,1260,-13156
0052,21:05,1265,-13156
0052,21:10,1270,-13333
0052,21:15,1275,-13333
0052,21:20,1280,-13333
0052,21:25,1285,-13333
0052,21:30,1290,-13333
0052,21:35,1295,-13333
0052,21:40,1300,-13333
0052,21:45,1305,-13333
0052,21:50,1310,-13333
0052,21:55,1315,-13333
0052,22:00,1320,-13333
0052,22:05,1325,-13511
0052,22:10,1330,-13511
0052,22:15,1335,-13511
0052,22:20,1340,-13511
0052,22:25,1345,-13511
0052,22:30,1350,-13511
0052,22:35,1355,-13511
0052,22:40,1360,-13511
0052,22:45,1365,-13511
0052,22:50,1370,-13511
0052,22:55,1375,-13511
0052,23:00,1380,-13511
0052,23:05,1385,-13511
0052,23:10,1390,-13511
0052,23:15,1395,-13511
0052,23:16,1396,-13511
0052,23:20,1400,-13511
0053,09:00,540,0
0053,09:05,545,0
0053,09:10,550,0
0053,09:15,555,0
0053,09:20,560,0
0053,09:25,565,0
0053,09:30,570,0
0053,09:35,575,0
0053,09:40,580,0
0053,09:45,585,0
0053,09:50,590,0
0053,09:55,595,0
0053,10:00,600,0
0053,10:05,605,0
0053,10:10,610,0
0053,10:15,615,0
0053,10:20,620,0
0053,10:25,625,0
0053,10:30,630,0
0053,10:35,635,0
0053,10:40,640,0
0053,10:45,645,0
0053,10:50,650,0
0053,10:55,655,0
0053,11:00,660,0
0053,11:05,665,0
0053,11:10,670,0
0053,11:15,675,0
0053,11:20,680,0
0053,11:25,685,0
0053,11:30,690,0
0053,11:35,695,0
0053,11:40,700,0
0053,11:45,705,0
0053,11:50,710,0
0053,11:55,715,0
0053,12:00,720,0
0053,12:05,725,0
0053,12:10,730,0
0053,12:15,735,0
0053,12:20,740,0
0053,12:25,745,0
0053,12:30,750,-766
0053,12:35,755,-766
0053,12:40,760,-766
0053,12:45,765,-766
0053,12:50,770,-2298
0053,12:55,775,-2298
0053,13:00,780,-2298
0053,13:05,785,-3064
0053,13:10,790,-3064
0053,13:15,795,-3064
0053,13:20,800,-3064
0053,13:25,805,-4851
0053,13:30,810,-4851
0053,13:35,815,-4851
0053,13:40,820,-4851
0053,13:45,825,-4851
0053,13:50,830,-4340
0053,13:55,835,-4340
0053,14:00,840,-4340
0053,14:05,845,-4340
0053,14:10,850,-5617
0053,14:15,855,-5617
0053,14:20,860,-5617
0053,14:25,865,-5617
0053,14:30,870,-5872
0053,14:35,875,-5872
0053,14:40,880,-5872
0053,14:45,885,-5106
0053,14:50,890,-5106
0053,14:55,895,-5106
0053,15:00,900,-5106
0053,15:05,905,-5106
0053,15:10,910,-6383
0053,15:15,915,-6383
0053,15:20,920,-6383
0053,15:25,925,-6383
0053,15:30,930,-7915
0053,15:35,935,-7915
0053,15:40,940,-7915
0053,15:45,945,-9447
0053,15:50,950,-9447
0053,15:55,955,-9447
0053,16:00,960,-9447
0053,16:05,965,-9447
0053,16:10,970,-10468
0053,16:15,975,-10468
0053,16:20,980,-10468
0053,16:25,985,-10468
0053,16:30,990,-12255
0053,16:35,995,-12255
0053,16:40,1000,-12255
0053,16:45,1005,-12255
0053,16:50,1010,-13787
0053,16:55,1015,-13787
0053,17:00,1020,-13787
0053,17:05,1025,-15064
0053,17:10,1030,-15064
0053,17:15,1035,-15064
0053,17:20,1040,-15064
0053,17:25,1045,-15064
0053,17:30,1050,-14809
0053,17:35,1055,-14809
0053,17:40,1060,-14809
0053,17:45,1065,-14809
0053,17:50,1070,-16340
0053,17:55,1075,-16340
0053,18:00,1080,-16340
0053,18:05,1085,-16340
0053,18:10,1090,-17617
0053,18:15,1095,-17617
0053,18:20,1100,-17617
0053,18:25,1105,-18128
0053,18:30,1110,-18128
0053,18:35,1115,-18128
0053,18:40,1120,-18128
0053,18:45,1125,-18128
0053,18:50,1130,-18383
0053,18:55,1135,-18383
0053,19:00,1140,-18383
0053,19:05,1145,-18383
0053,19:10,1150,-18894
0053,19:15,1155,-18894
0053,19:20,1160,-18894
0053,19:25,1165,-19915
0053,19:30,1170,-19915
0053,19:35,1175,-19915
0053,19:40,1180,-19915
0053,19:45,1185,-20426
0053,19:50,1190,-20426
0053,19:55,1195,-20426
0053,20:00,1200,-20426
0053,20:05,1205,-20426
0053,20:10,1210,-20936
0053,20:15,1215,-20936
0053,20:20,1220,-20936
0053,20:25,1225,-20936
0053,20:30,1230,-20936
0053,20:35,1235,-20936
0053,20:40,1240,-20936
0053,20:45,1245,-20936
0053,20:50,1250,-20936
0053,20:55,1255,-20936
0053,21:00,1260,-20936
0053,21:05,1265,-20936
0053,21:10,1270,-20936
0053,21:15,1275,-20936
0053,21:20,1280,-20936
0053,21:25,1285,-20936
0053,21:30,1290,-20936
0053,21:35,1295,-20936
0053,21:40,1300,-20936
0053,21:45,1305,-20936
0053,21:50,1310,-20936
0053,21:55,1315,-20936
0053,22:00,1320,-20936
0053,22:05,1325,-20936
0053,22:10,1330,-20936
0053,22:15,1335,-20936
0053,22:20,1340,-20936
0053,22:25,1345,-20936
0053,22:30,1350,-20936
0053,22:35,1355,-20936
0053,22:40,1360,-20936
0053,22:45,1365,-20936
0053,22:50,1370,-20936
0053,22:55,1375,-20936
0053,23:00,1380,-20936
0053,23:05,1385,-20936
0053,23:10,1390,-20936
0053,23:15,1395,-20936
0053,23:16,1396,-20936
0053,23:20,1400,-20936
0054,09:00,540,0
0054,09:05,545,0
0054,09:10,550,0
0054,09:15,555,0
0054,09:20,560,0
0054,09:25,565,0
0054,09:30,570,0
0054,09:35,575,0
0054,09:40,580,0
0054,09:45,585,0
0054,09:50,590,0
0054,09:55,595,0
0054,10:00,600,0
0054,10:05,605,0
0054,10:10,610,-178
0054,10:15,615,-178
0054,10:20,620,-178
0054,10:25,625,-356
0054,10:30,630,-356
0054,10:35,635,-356
0054,10:40,640,-356
0054,10:45,645,-356
0054,10:50,650,-356
0054,10:55,655,-356
0054,11:00,660,-356
0054,11:05,665,-356
0054,11:10,670,-356
0054,11:15,675,-356
0054,11:20,680,-356
0054,11:25,685,-356
0054,11:30,690,-356
0054,11:35,695,-356
0054,11:40,700,-356
0054,11:45,705,-622
0054,11:50,710,-622
0054,11:55,715,-622
0054,12:00,720,-622
0054,12:05,725,-800
0054,12:10,730,-800
0054,12:15,735,-800
0054,12:20,740,-800
0054,12:25,745,-800
0054,12:30,750,-1956
0054,12:35,755,-1956
0054,12:40,760,-1956
0054,12:45,765,-1956
0054,12:50,770,-2311
0054,12:55,775,-2311
0054,13:00,780,-2311
0054,13:05,785,-2933
0054,13:10,790,-2933
0054,13:15,795,-2933
0054,13:20,800,-2933
0054,13:25,805,-3911
0054,13:30,810,-3911
0054,13:35,815,-3911
0054,13:40,820,-3911
0054,13:45,825,-3911
0054,13:50,830,-4889
0054,13:55,835,-4889
0054,14:00,840,-4889
0054,14:05,845,-4889
0054,14:10,850,-5689
0054,14:15,855,-5689
0054,14:20,860,-5689
0054,14:25,865,-5689
0054,14:30,870,-6756
0054,14:35,875,-6756
0054,14:40,880,-6756
0054,14:45,885,-5778
0054,14:50,890,-5778
0054,14:55,895,-5778
0054,15:00,900,-5778
0054,15:05,905,-5778
0054,15:10,910,1121
0054,15:15,915,1121
0054,15:20,920,1121
0054,15:25,925,1121
0054,15:30,930,431
0054,15:35,935,431
0054,15:40,940,431
0054,15:45,945,-622
0054,15:50,950,-622
0054,15:55,955,-622
0054,16:00,960,-622
0054,16:05,965,-622
0054,16:10,970,-1156
0054,16:15,975,-1156
0054,16:20,980,-1156
0054,16:25,985,-1156
0054,16:30,990,-2222
0054,16:35,995,-2222
0054,16:40,1000,-2222
0054,16:45,1005,-2222
0054,16:50,1010,-3022
0054,16:55,1015,-3022
0054,17:00,1020,-3022
0054,17:05,1025,-4089
0054,17:10,1030,-4089
0054,17:15,1035,-4089
0054,17:20,1040,-4089
0054,17:25,1045,-4089
0054,17:30,1050,-1867
0054,17:35,1055,-1867
0054,17:40,1060,-1867
0054,17:45,1065,-1867
0054,17:50,1070,-3022
0054,17:55,1075,-3022
0054,18:00,1080,-3022
0054,18:05,1085,-3022
0054,18:10,1090,-3911
0054,18:15,1095,-3911
0054,18:20,1100,-3911
0054,18:25,1105,-4889
0054,18:30,1110,-4889
0054,18:35,1115,-4889
0054,18:40,1120,-4889
0054,18:45,1125,-4889
0054,18:50,1130,-5956
0054,18:55,1135,-5956
0054,19:00,1140,-5956
0054,19:05,1145,-5956
0054,19:10,1150,-6844
0054,19:15,1155,-6844
0054,19:20,1160,-6844
0054,19:25,1165,-7822
0054,19:30,1170,-7822
0054,19:35,1175,-7822
0054,19:40,1180,-7822
0054,19:45,1185,-8889
0054,19:50,1190,-8889
0054,19:55,1195,-8889
0054,20:00,1200,-8889
0054,20:05,1205,-8889
0054,20:10,1210,-9156
0054,20:15,1215,-9156
0054,20:20,1220,-9156
0054,20:25,1225,-9156
0054,20:30,1230,-2400
0054,20:35,1235,-2400
0054,20:40,1240,-2400
0054,20:45,1245,-3200
0054,20:50,1250,-3200
0054,20:55,1255,-3200
0054,21:00,1260,-3200
0054,21:05,1265,-3200
0054,21:10,1270,-4267
0054,21:15,1275,-4267
0054,21:20,1280,-4267
0054,21:25,1285,-4267
0054,21:30,1290,-5156
0054,21:35,1295,-5156
0054,21:40,1300,-5156
0054,21:45,1305,-5244
0054,21:50,1310,-5244
0054,21:55,1315,-5244
0054,22:00,1320,-5244
0054,22:05,1325,-5244
0054,22:10,1330,-5244
0054,22:15,1335,-5244
0054,22:20,1340,-5244
0054,22:25,1345,-5244
0054,22:30,1350,-5244
0054,22:35,1355,-5244
0054,22:40,1360,-5244
0054,22:45,1365,-5244
0054,22:50,1370,-5244
0054,22:55,1375,-5244
0054,23:00,1380,-5244
0054,23:05,1385,-5244
0054,23:10,1390,-5244
0054,23:15,1395,-5244
0054,23:16,1396,-5244
0054,23:20,1400,-5244
0055,09:00,540,0
0055,09:05,545,0
0055,09:10,550,0
0055,09:15,555,0
0055,09:20,560,0
0055,09:25,565,0
0055,09:30,570,0
0055,09:35,575,0
0055,09:40,580,0
0055,09:45,585,0
0055,09:50,590,0
0055,09:55,595,0
0055,10:00,600,0
0055,10:05,605,0
0055,10:10,610,0
0055,10:15,615,0
0055,10:20,620,0
0055,10:25,625,-711
0055,10:30,630,-711
0055,10:35,635,-711
0055,10:40,640,-1778
0055,10:45,645,-1778
0055,10:50,650,-1778
0055,10:55,655,-1778
0055,11:00,660,-2311
0055,11:05,665,-2311
0055,11:10,670,-2844
0055,11:15,675,-2844
0055,11:20,680,-2844
0055,11:25,685,-2844
0055,11:30,690,-2667
0055,11:35,695,-2667
0055,11:40,700,-2667
0055,11:45,705,-3022
0055,11:50,710,-3022
0055,11:55,715,-3022
0055,12:00,720,-3022
0055,12:05,725,-3733
0055,12:10,730,-3733
0055,12:15,735,-3733
0055,12:20,740,-3733
0055,12:25,745,-3733
0055,12:30,750,-3733
0055,12:35,755,-3733
0055,12:40,760,-3733
0055,12:45,765,-3733
0055,12:50,770,-3733
0055,12:55,775,-3733
0055,13:00,780,-3733
0055,13:05,785,-4267
0055,13:10,790,-4267
0055,13:15,795,-4267
0055,13:20,800,-4267
0055,13:25,805,-5333
0055,13:30,810,-5333
0055,13:35,815,-5333
0055,13:40,820,-5333
0055,13:45,825,-5333
0055,13:50,830,-6044
0055,13:55,835,-6044
0055,14:00,840,-6044
0055,14:05,845,-6044
0055,14:10,850,-6756
0055,14:15,855,-6756
0055,14:20,860,-6756
0055,14:25,865,-6756
0055,14:30,870,-7822
0055,14:35,875,-7822
0055,14:40,880,-7822
0055,14:45,885,-8711
0055,14:50,890,-8711
0055,14:55,895,-8711
0055,15:00,900,-8711
0055,15:05,905,-8711
0055,15:10,910,-8889
0055,15:15,915,-8889
0055,15:20,920,-8889
0055,15:25,925,-8889
0055,15:30,930,-9956
0055,15:35,935,-9956
0055,15:40,940,-9956
0055,15:45,945,-11022
0055,15:50,950,-11022
0055,15:55,955,-11022
0055,16:00,960,-11022
0055,16:05,965,-11022
0055,16:10,970,-11556
0055,16:15,975,-11556
0055,16:20,980,-11556
0055,16:25,985,-11556
0055,16:30,990,-12444
0055,16:35,995,-12444
0055,16:40,1000,-12444
0055,16:45,1005,-12444
0055,16:50,1010,-12800
0055,16:55,1015,-12800
0055,17:00,1020,-12800
0055,17:05,1025,-13689
0055,17:10,1030,-13689
0055,17:15,1035,-13689
0055,17:20,1040,-13689
0055,17:25,1045,-13689
0055,17:30,1050,-14400
0055,17:35,1055,-14400
0055,17:40,1060,-14400
0055,17:45,1065,-14400
0055,17:50,1070,-15289
0055,17:55,1075,-15289
0055,18:00,1080,-15289
0055,18:05,1085,-15289
0055,18:10,1090,-15822
0055,18:15,1095,-15822
0055,18:20,1100,-15822
0055,18:25,1105,-15111
0055,18:30,1110,-15111
0055,18:35,1115,-15111
0055,18:40,1120,-15111
0055,18:45,1125,-15111
0055,18:50,1130,-16178
0055,18:55,1135,-16178
0055,19:00,1140,-16178
0055,19:05,1145,-16178
0055,19:10,1150,-16711
0055,19:15,1155,-16711
0055,19:20,1160,-16711
0055,19:25,1165,-17422
0055,19:30,1170,-17422
0055,19:35,1175,-17422
0055,19:40,1180,-17422
0055,19:45,1185,-18311
0055,19:50,1190,-18311
0055,19:55,1195,-18311
0055,20:00,1200,-18311
0055,20:05,1205,-18311
0055,20:10,1210,-18489
0055,20:15,1215,-18489
0055,20:20,1220,-18489
0055,20:25,1225,-18489
0055,20:30,1230,-18311
0055,20:35,1235,-18311
0055,20:40,1240,-18311
0055,20:45,1245,-17778
0055,20:50,1250,-17778
0055,20:55,1255,-17778
0055,21:00,1260,-17778
0055,21:05,1265,-17778
0055,21:10,1270,-17956
0055,21:15,1275,-17956
0055,21:20,1280,-17956
0055,21:25,1285,-17956
0055,21:30,1290,-18311
0055,21:35,1295,-18311
0055,21:40,1300,-18311
0055,21:45,1305,-18667
0055,21:50,1310,-18667
0055,21:55,1315,-18667
0055,22:00,1320,-18667
0055,22:05,1325,-18667
0055,22:10,1330,-18667
0055,22:15,1335,-18667
0055,22:20,1340,-18667
0055,22:25,1345,-18667
0055,22:30,1350,-18667
0055,22:35,1355,-18667
0055,22:40,1360,-18667
0055,22:45,1365,-18667
0055,22:50,1370,-18667
0055,22:55,1375,-18667
0055,23:00,1380,-18667
0055,23:05,1385,-18667
0055,23:10,1390,-18667
0055,23:15,1395,-18667
0055,23:16,1396,-18667
0055,23:20,1400,-18667
0056,09:00,540,0
0056,09:05,545,0
0056,09:10,550,0
0056,09:15,555,0
0056,09:20,560,0
0056,09:25,565,0
0056,09:30,570,0
0056,09:35,575,0
0056,09:40,580,0
0056,09:45,585,0
0056,09:50,590,0
0056,09:55,595,0
0056,10:00,600,0
0056,10:05,605,0
0056,10:10,610,0
0056,10:15,615,0
0056,10:20,620,0
0056,10:25,625,0
0056,10:30,630,0
0056,10:35,635,0
0056,10:40,640,0
0056,10:45,645,0
0056,10:50,650,0
0056,10:55,655,0
0056,11:00,660,0
0056,11:05,665,0
0056,11:10,670,0
0056,11:15,675,0
0056,11:20,680,0
0056,11:25,685,0
0056,11:30,690,0
0056,11:35,695,0
0056,11:40,700,0
0056,11:45,705,0
0056,11:50,710,0
0056,11:55,715,0
0056,12:00,720,0
0056,12:05,725,0
0056,12:10,730,0
0056,12:15,735,0
0056,12:20,740,0
0056,12:25,745,0
0056,12:30,750,0
0056,12:35,755,0
0056,12:40,760,0
0056,12:45,765,0
0056,12:50,770,-711
0056,12:55,775,-711
0056,13:00,780,-711
0056,13:05,785,-1778
0056,13:10,790,-1778
0056,13:15,795,-1778
0056,13:20,800,-1778
0056,13:25,805,-3200
0056,13:30,810,-3200
0056,13:35,815,-3200
0056,13:40,820,-3200
0056,13:45,825,-3200
0056,13:50,830,-4800
0056,13:55,835,-4800
0056,14:00,840,-4800
0056,14:05,845,-4800
0056,14:10,850,-5867
0056,14:15,855,-5867
0056,14:20,860,-5867
0056,14:25,865,-5867
0056,14:30,870,-7289
0056,14:35,875,-7289
0056,14:40,880,-7289
0056,14:45,885,-7467
0056,14:50,890,-7467
0056,14:55,895,-7467
0056,15:00,900,-7467
0056,15:05,905,-7467
0056,15:10,910,-8356
0056,15:15,915,-8356
0056,15:20,920,-8356
0056,15:25,925,-8356
0056,15:30,930,-9422
0056,15:35,935,-9422
0056,15:40,940,-9422
0056,15:45,945,-10667
0056,15:50,950,-10667
0056,15:55,955,-10667
0056,16:00,960,-10667
0056,16:05,965,-10667
0056,16:10,970,-10667
0056,16:15,975,-10667
0056,16:20,980,-10667
0056,16:25,985,-10667
0056,16:30,990,-10667
0056,16:35,995,-10667
0056,16:40,1000,-10667
0056,16:45,1005,-10667
0056,16:50,1010,-11911
0056,16:55,1015,-11911
0056,17:00,1020,-11911
0056,17:05,1025,-11911
0056,17:10,1030,-11911
0056,17:15,1035,-11911
0056,17:20,1040,-11911
0056,17:25,1045,-11911
0056,17:30,1050,-11911
0056,17:35,1055,-11911
0056,17:40,1060,-11911
0056,17:45,1065,-11911
0056,17:50,1070,-12267
0056,17:55,1075,-12267
0056,18:00,1080,-12267
0056,18:05,1085,-12267
0056,18:10,1090,-12267
0056,18:15,1095,-12267
0056,18:20,1100,-12267
0056,18:25,1105,-13689
0056,18:30,1110,-13689
0056,18:35,1115,-13689
0056,18:40,1120,-13689
0056,18:45,1125,-13689
0056,18:50,1130,-14756
0056,18:55,1135,-14756
0056,19:00,1140,-14756
0056,19:05,1145,-14756
0056,19:10,1150,-15644
0056,19:15,1155,-15644
0056,19:20,1160,-15644
0056,19:25,1165,-17067
0056,19:30,1170,-17067
0056,19:35,1175,-17067
0056,19:40,1180,-17067
0056,19:45,1185,-17067
0056,19:50,1190,-17067
0056,19:55,1195,-17067
0056,20:00,1200,-17067
0056,20:05,1205,-17067
0056,20:10,1210,-17067
0056,20:15,1215,-17067
0056,20:20,1220,-17067
0056,20:25,1225,-17067
0056,20:30,1230,-17600
0056,20:35,1235,-17600
0056,20:40,1240,-17600
0056,20:45,1245,-17778
0056,20:50,1250,-17778
0056,20:55,1255,-17778
0056,21:00,1260,-17778
0056,21:05,1265,-17778
0056,21:10,1270,-17778
0056,21:15,1275,-17778
0056,21:20,1280,-17778
0056,21:25,1285,-17778
0056,21:30,1290,-17778
0056,21:35,1295,-17778
0056,21:40,1300,-17778
0056,21:45,1305,-18311
0056,21:50,1310,-18311
0056,21:55,1315,-18311
0056,22:00,1320,-18311
0056,22:05,1325,-18311
0056,22:10,1330,-18311
0056,22:15,1335,-18311
0056,22:20,1340,-18311
0056,22:25,1345,-18311
0056,22:30,1350,-19378
0056,22:35,1355,-19378
0056,22:40,1360,-19378
0056,22:45,1365,-19378
0056,22:50,1370,-19378
0056,22:55,1375,-19378
0056,23:00,1380,-19378
0056,23:05,1385,-19378
0056,23:10,1390,-19378
0056,23:15,1395,-19378
0056,23:16,1396,-19378
0056,23:20,1400,-19378
0057,09:00,540,0
0057,09:05,545,0
0057,09:10,550,0
0057,09:15,555,0
0057,09:20,560,0
0057,09:25,565,0
0057,09:30,570,0
0057,09:35,575,0
0057,09:40,580,0
0057,09:45,585,0
0057,09:50,590,0
0057,09:55,595,0
0057,10:00,600,0
0057,10:05,605,0
0057,10:10,610,0
0057,10:15,615,0
0057,10:20,620,0
0057,10:25,625,0
0057,10:30,630,0
0057,10:35,635,0
0057,10:40,640,0
0057,10:45,645,0
0057,10:50,650,0
0057,10:55,655,0
0057,11:00,660,0
0057,11:05,665,0
0057,11:10,670,0
0057,11:15,675,0
0057,11:20,680,0
0057,11:25,685,0
0057,11:30,690,0
0057,11:35,695,0
0057,11:40,700,0
0057,11:45,705,-255
0057,11:50,710,-255
0057,11:55,715,-255
0057,12:00,720,-255
0057,12:05,725,-255
0057,12:10,730,-255
0057,12:15,735,-255
0057,12:20,740,-255
0057,12:25,745,-255
0057,12:30,750,-255
0057,12:35,755,-255
0057,12:40,760,-255
0057,12:45,765,-255
0057,12:50,770,-255
0057,12:55,775,-255
0057,13:00,780,-255
0057,13:05,785,-255
0057,13:10,790,-255
0057,13:15,795,-255
0057,13:20,800,-255
0057,13:25,805,2479
0057,13:30,810,2479
0057,13:35,815,2479
0057,13:40,820,2479
0057,13:45,825,2479
0057,13:50,830,992
0057,13:55,835,992
0057,14:00,840,992
0057,14:05,845,992
0057,14:10,850,0
0057,14:15,855,0
0057,14:20,860,0
0057,14:25,865,0
0057,14:30,870,-1787
0057,14:35,875,-1787
0057,14:40,880,-1787
0057,14:45,885,-3064
0057,14:50,890,-3064
0057,14:55,895,-3064
0057,15:00,900,-3064
0057,15:05,905,-3064
0057,15:10,910,-4340
0057,15:15,915,-4340
0057,15:20,920,-4340
0057,15:25,925,-4340
0057,15:30,930,2479
0057,15:35,935,2479
0057,15:40,940,2479
0057,15:45,945,8182
0057,15:50,950,8182
0057,15:55,955,8182
0057,16:00,960,8182
0057,16:05,965,8182
0057,16:10,970,7190
0057,16:15,975,7190
0057,16:20,980,7190
0057,16:25,985,7190
0057,16:30,990,5455
0057,16:35,995,5455
0057,16:40,1000,5455
0057,16:45,1005,5455
0057,16:50,1010,8430
0057,16:55,1015,8430
0057,17:00,1020,8430
0057,17:05,1025,14876
0057,17:10,1030,14876
0057,17:15,1035,14876
0057,17:20,1040,14876
0057,17:25,1045,14876
0057,17:30,1050,15372
0057,17:35,1055,15372
0057,17:40,1060,15372
0057,17:45,1065,15372
0057,17:50,1070,16860
0057,17:55,1075,16860
0057,18:00,1080,16860
0057,18:05,1085,16860
0057,18:10,1090,23554
0057,18:15,1095,23554
0057,18:20,1100,23554
0057,18:25,1105,25537
0057,18:30,1110,25537
0057,18:35,1115,25537
0057,18:40,1120,25537
0057,18:45,1125,25537
0057,18:50,1130,24298
0057,18:55,1135,24298
0057,19:00,1140,24298
0057,19:05,1145,24298
0057,19:10,1150,23306
0057,19:15,1155,23306
0057,19:20,1160,23306
0057,19:25,1165,22810
0057,19:30,1170,22810
0057,19:35,1175,22810
0057,19:40,1180,22810
0057,19:45,1185,22066
0057,19:50,1190,22066
0057,19:55,1195,22066
0057,20:00,1200,22066
0057,20:05,1205,22066
0057,20:10,1210,21818
0057,20:15,1215,21818
0057,20:20,1220,21818
0057,20:25,1225,21818
0057,20:30,1230,21570
0057,20:35,1235,21570
0057,20:40,1240,21570
0057,20:45,1245,21570
0057,20:50,1250,21570
0057,20:55,1255,21570
0057,21:00,1260,21570
0057,21:05,1265,21570
0057,21:10,1270,22314
0057,21:15,1275,22314
0057,21:20,1280,22314
0057,21:25,1285,22314
0057,21:30,1290,21570
0057,21:35,1295,21570
0057,21:40,1300,21570
0057,21:45,1305,21074
0057,21:50,1310,21074
0057,21:55,1315,21074
0057,22:00,1320,21074
0057,22:05,1325,21074
0057,22:10,1330,21074
0057,22:15,1335,21074
0057,22:20,1340,21074
0057,22:25,1345,21074
0057,22:30,1350,21074
0057,22:35,1355,21074
0057,22:40,1360,21074
0057,22:45,1365,21074
0057,22:50,1370,21074
0057,22:55,1375,21074
0057,23:00,1380,21074
0057,23:05,1385,21074
0057,23:10,1390,21074
0057,23:15,1395,21074
0057,23:16,1396,21074
0057,23:20,1400,21074
0058,09:00,540,0
0058,09:05,545,0
0058,09:10,550,0
0058,09:15,555,0
0058,09:20,560,0
0058,09:25,565,0
0058,09:30,570,0
0058,09:35,575,0
0058,09:40,580,0
0058,09:45,585,0
0058,09:50,590,0
0058,09:55,595,0
0058,10:00,600,0
0058,10:05,605,0
0058,10:10,610,0
0058,10:15,615,0
0058,10:20,620,0
0058,10:25,625,-255
0058,10:30,630,-255
0058,10:35,635,-255
0058,10:40,640,-255
0058,10:45,645,-255
0058,10:50,650,-255
0058,10:55,655,-255
0058,11:00,660,-255
0058,11:05,665,-255
0058,11:10,670,-255
0058,11:15,675,-255
0058,11:20,680,-255
0058,11:25,685,-255
0058,11:30,690,-511
0058,11:35,695,-511
0058,11:40,700,-511
0058,11:45,705,-2298
0058,11:50,710,-2298
0058,11:55,715,-2298
0058,12:00,720,-2298
0058,12:05,725,-2553
0058,12:10,730,-2553
0058,12:15,735,-2553
0058,12:20,740,-2553
0058,12:25,745,-2553
0058,12:30,750,-3064
0058,12:35,755,-3064
0058,12:40,760,-3064
0058,12:45,765,-3064
0058,12:50,770,-3064
0058,12:55,775,-3064
0058,13:00,780,-3064
0058,13:05,785,-4085
0058,13:10,790,-4085
0058,13:15,795,-4085
0058,13:20,800,-4085
0058,13:25,805,-5872
0058,13:30,810,-5872
0058,13:35,815,-5872
0058,13:40,820,-5872
0058,13:45,825,-5872
0058,13:50,830,-6383
0058,13:55,835,-6383
0058,14:00,840,-6383
0058,14:05,845,-6383
0058,14:10,850,-1532
0058,14:15,855,-1532
0058,14:20,860,-1532
0058,14:25,865,-1532
0058,14:30,870,-2809
0058,14:35,875,-2809
0058,14:40,880,-2809
0058,14:45,885,-4340
0058,14:50,890,-4340
0058,14:55,895,-4340
0058,15:00,900,-4340
0058,15:05,905,-4340
0058,15:10,910,-5106
0058,15:15,915,-5106
0058,15:20,920,-5106
0058,15:25,925,-5106
0058,15:30,930,-6128
0058,15:35,935,-6128
0058,15:40,940,-6128
0058,15:45,945,-7149
0058,15:50,950,-7149
0058,15:55,955,-7149
0058,16:00,960,-7149
0058,16:05,965,-7149
0058,16:10,970,-7915
0058,16:15,975,-7915
0058,16:20,980,-7915
0058,16:25,985,-7915
0058,16:30,990,-8936
0058,16:35,995,-8936
0058,16:40,1000,-8936
0058,16:45,1005,-8936
0058,16:50,1010,-10213
0058,16:55,1015,-10213
0058,17:00,1020,-10213
0058,17:05,1025,-11489
0058,17:10,1030,-11489
0058,17:15,1035,-11489
0058,17:20,1040,-11489
0058,17:25,1045,-11489
0058,17:30,1050,-11745
0058,17:35,1055,-11745
0058,17:40,1060,-11745
0058,17:45,1065,-11745
0058,17:50,1070,-12511
0058,17:55,1075,-12511
0058,18:00,1080,-12511
0058,18:05,1085,-12511
0058,18:10,1090,-13532
0058,18:15,1095,-13532
0058,18:20,1100,-13532
0058,18:25,1105,-14043
0058,18:30,1110,-14043
0058,18:35,1115,-14043
0058,18:40,1120,-14043
0058,18:45,1125,-14043
0058,18:50,1130,-15064
0058,18:55,1135,-15064
0058,19:00,1140,-15064
0058,19:05,1145,-15064
0058,19:10,1150,-15574
0058,19:15,1155,-15574
0058,19:20,1160,-15574
0058,19:25,1165,-15830
0058,19:30,1170,-15830
0058,19:35,1175,-15830
0058,19:40,1180,-15830
0058,19:45,1185,-17106
0058,19:50,1190,-17106
0058,19:55,1195,-17106
0058,20:00,1200,-17106
0058,20:05,1205,-17106
0058,20:10,1210,-17872
0058,20:15,1215,-17872
0058,20:20,1220,-17872
0058,20:25,1225,-17872
0058,20:30,1230,-19149
0058,20:35,1235,-19149
0058,20:40,1240,-19149
0058,20:45,1245,-19915
0058,20:50,1250,-19915
0058,20:55,1255,-19915
0058,21:00,1260,-19915
0058,21:05,1265,-19915
0058,21:10,1270,-20681
0058,21:15,1275,-20681
0058,21:20,1280,-20681
0058,21:25,1285,-20681
0058,21:30,1290,-19660
0058,21:35,1295,-19660
0058,21:40,1300,-19660
0058,21:45,1305,-19915
0058,21:50,1310,-19915
0058,21:55,1315,-19915
0058,22:00,1320,-19915
0058,22:05,1325,-19915
0058,22:10,1330,-19915
0058,22:15,1335,-19915
0058,22:20,1340,-19915
0058,22:25,1345,-19915
0058,22:30,1350,-19915
0058,22:35,1355,-19915
0058,22:40,1360,-19915
0058,22:45,1365,-19915
0058,22:50,1370,-19915
0058,22:55,1375,-19915
0058,23:00,1380,-19915
0058,23:05,1385,-19915
0058,23:10,1390,-19915
0058,23:15,1395,-19915
0058,23:16,1396,-19915
0058,23:20,1400,-19915
0059,09:00,540,0
0059,09:05,545,0
0059,09:10,550,0
0059,09:15,555,0
0059,09:20,560,0
0059,09:25,565,0
0059,09:30,570,0
0059,09:35,575,0
0059,09:40,580,0
0059,09:45,585,0
0059,09:50,590,0
0059,09:55,595,0
0059,10:00,600,0
0059,10:05,605,0
0059,10:10,610,0
0059,10:15,615,0
0059,10:20,620,0
0059,10:25,625,0
0059,10:30,630,0
0059,10:35,635,0
0059,10:40,640,0
0059,10:45,645,0
0059,10:50,650,0
0059,10:55,655,0
0059,11:00,660,0
0059,11:05,665,0
0059,11:10,670,0
0059,11:15,675,0
0059,11:20,680,0
0059,11:25,685,0
0059,11:30,690,0
0059,11:35,695,0
0059,11:40,700,0
0059,11:45,705,0
0059,11:50,710,0
0059,11:55,715,0
0059,12:00,720,0
0059,12:05,725,-711
0059,12:10,730,-711
0059,12:15,735,-711
0059,12:20,740,-711
0059,12:25,745,-711
0059,12:30,750,-1244
0059,12:35,755,-1244
0059,12:40,760,-1244
0059,12:45,765,-1244
0059,12:50,770,-2489
0059,12:55,775,-2489
0059,13:00,780,-2489
0059,13:05,785,-3467
0059,13:10,790,-3467
0059,13:15,795,-3467
0059,13:20,800,-3467
0059,13:25,805,3017
0059,13:30,810,3017
0059,13:35,815,3017
0059,13:40,820,3017
0059,13:45,825,3017
0059,13:50,830,1897
0059,13:55,835,1897
0059,14:00,840,1897
0059,14:05,845,1897
0059,14:10,850,603
0059,14:15,855,603
0059,14:20,860,603
0059,14:25,865,603
0059,14:30,870,-889
0059,14:35,875,-889
0059,14:40,880,-889
0059,14:45,885,-1956
0059,14:50,890,-1956
0059,14:55,895,-1956
0059,15:00,900,-1956
0059,15:05,905,-1956
0059,15:10,910,603
0059,15:15,915,603
0059,15:20,920,603
0059,15:25,925,603
0059,15:30,930,-978
0059,15:35,935,-978
0059,15:40,940,-978
0059,15:45,945,-2222
0059,15:50,950,-2222
0059,15:55,955,-2222
0059,16:00,960,-2222
0059,16:05,965,-2222
0059,16:10,970,-3022
0059,16:15,975,-3022
0059,16:20,980,-3022
0059,16:25,985,-3022
0059,16:30,990,-4178
0059,16:35,995,-4178
0059,16:40,1000,-4178
0059,16:45,1005,-4178
0059,16:50,1010,-5156
0059,16:55,1015,-5156
0059,17:00,1020,-5156
0059,17:05,1025,-5156
0059,17:10,1030,-5156
0059,17:15,1035,-5156
0059,17:20,1040,-5156
0059,17:25,1045,-5156
0059,17:30,1050,-6933
0059,17:35,1055,-6933
0059,17:40,1060,-6933
0059,17:45,1065,-6933
0059,17:50,1070,-6311
0059,17:55,1075,-6311
0059,18:00,1080,-6311
0059,18:05,1085,-6311
0059,18:10,1090,-800
0059,18:15,1095,-800
0059,18:20,1100,-800
0059,18:25,1105,3707
0059,18:30,1110,3707
0059,18:35,1115,3707
0059,18:40,1120,3707
0059,18:45,1125,3707
0059,18:50,1130,2155
0059,18:55,1135,2155
0059,19:00,1140,2155
0059,19:05,1145,2155
0059,19:10,1150,1207
0059,19:15,1155,1207
0059,19:20,1160,1207
0059,19:25,1165,-444
0059,19:30,1170,-444
0059,19:35,1175,-444
0059,19:40,1180,-444
0059,19:45,1185,-1067
0059,19:50,1190,-1067
0059,19:55,1195,-1067
0059,20:00,1200,-1067
0059,20:05,1205,-1067
0059,20:10,1210,-1778
0059,20:15,1215,-1778
0059,20:20,1220,-1778
0059,20:25,1225,-1778
0059,20:30,1230,-1867
0059,20:35,1235,-1867
0059,20:40,1240,-1867
0059,20:45,1245,-1867
0059,20:50,1250,-1867
0059,20:55,1255,-1867
0059,21:00,1260,-1867
0059,21:05,1265,-1867
0059,21:10,1270,-2222
0059,21:15,1275,-2222
0059,21:20,1280,-2222
0059,21:25,1285,-2222
0059,21:30,1290,-2222
0059,21:35,1295,-2222
0059,21:40,1300,-2222
0059,21:45,1305,-2578
0059,21:50,1310,-2578
0059,21:55,1315,-2578
0059,22:00,1320,-2578
0059,22:05,1325,-2578
0059,22:10,1330,-2578
0059,22:15,1335,-2578
0059,22:20,1340,-2578
0059,22:25,1345,-2578
0059,22:30,1350,-2578
0059,22:35,1355,-2578
0059,22:40,1360,-2578
0059,22:45,1365,-2578
0059,22:50,1370,-2578
0059,22:55,1375,-2578
0059,23:00,1380,-2578
0059,23:05,1385,-2578
0059,23:10,1390,-2578
0059,23:15,1395,-2578
0059,23:16,1396,-2578
0059,23:20,1400,-2578
0060,09:00,540,0
0060,09:05,545,0
0060,09:10,550,0
0060,09:15,555,0
0060,09:20,560,0
0060,09:25,565,0
0060,09:30,570,0
0060,09:35,575,0
0060,09:40,580,0
0060,09:45,585,0
0060,09:50,590,0
0060,09:55,595,0
0060,10:00,600,0
0060,10:05,605,0
0060,10:10,610,0
0060,10:15,615,0
0060,10:20,620,0
0060,10:25,625,0
0060,10:30,630,0
0060,10:35,635,0
0060,10:40,640,0
0060,10:45,645,0
0060,10:50,650,0
0060,10:55,655,0
0060,11:00,660,0
0060,11:05,665,0
0060,11:10,670,0
0060,11:15,675,0
0060,11:20,680,0
0060,11:25,685,0
0060,11:30,690,0
0060,11:35,695,0
0060,11:40,700,0
0060,11:45,705,0
0060,11:50,710,0
0060,11:55,715,0
0060,12:00,720,0
0060,12:05,725,0
0060,12:10,730,0
0060,12:15,735,0
0060,12:20,740,0
0060,12:25,745,0
0060,12:30,750,0
0060,12:35,755,0
0060,12:40,760,0
0060,12:45,765,0
0060,12:50,770,-1067
0060,12:55,775,-1067
0060,13:00,780,-1067
0060,13:05,785,-2222
0060,13:10,790,-2222
0060,13:15,795,-2222
0060,13:20,800,-2222
0060,13:25,805,-2222
0060,13:30,810,-2222
0060,13:35,815,-2222
0060,13:40,820,-2222
0060,13:45,825,-2222
0060,13:50,830,2155
0060,13:55,835,2155
0060,14:00,840,2155
0060,14:05,845,2155
0060,14:10,850,1293
0060,14:15,855,1293
0060,14:20,860,1293
0060,14:25,865,1293
0060,14:30,870,1552
0060,14:35,875,1552
0060,14:40,880,1552
0060,14:45,885,172
0060,14:50,890,172
0060,14:55,895,172
0060,15:00,900,172
0060,15:05,905,172
0060,15:10,910,-533
0060,15:15,915,-533
0060,15:20,920,-533
0060,15:25,925,-533
0060,15:30,930,-1689
0060,15:35,935,-1689
0060,15:40,940,-1689
0060,15:45,945,1983
0060,15:50,950,1983
0060,15:55,955,1983
0060,16:00,960,1983
0060,16:05,965,1983
0060,16:10,970,690
0060,16:15,975,690
0060,16:20,980,690
0060,16:25,985,690
0060,16:30,990,-444
0060,16:35,995,-444
0060,16:40,1000,-444
0060,16:45,1005,-444
0060,16:50,1010,-1600
0060,16:55,1015,-1600
0060,17:00,1020,-1600
0060,17:05,1025,-2044
0060,17:10,1030,-2044
0060,17:15,1035,-2044
0060,17:20,1040,-2044
0060,17:25,1045,-2044
0060,17:30,1050,-3644
0060,17:35,1055,-3644
0060,17:40,1060,-3644
0060,17:45,1065,-3644
0060,17:50,1070,-4889
0060,17:55,1075,-4889
0060,18:00,1080,-4889
0060,18:05,1085,-4889
0060,18:10,1090,-5156
0060,18:15,1095,-5156
0060,18:20,1100,-5156
0060,18:25,1105,-5156
0060,18:30,1110,-5156
0060,18:35,1115,-5156
0060,18:40,1120,-5156
0060,18:45,1125,-5156
0060,18:50,1130,-5156
0060,18:55,1135,-5156
0060,19:00,1140,-5156
0060,19:05,1145,-5156
0060,19:10,1150,-5156
0060,19:15,1155,-5156
0060,19:20,1160,-5156
0060,19:25,1165,-4622
0060,19:30,1170,-4622
0060,19:35,1175,-4622
0060,19:40,1180,-4622
0060,19:45,1185,-5511
0060,19:50,1190,-5511
0060,19:55,1195,-5511
0060,20:00,1200,-5511
0060,20:05,1205,-5511
0060,20:10,1210,-5778
0060,20:15,1215,-5778
0060,20:20,1220,-5778
0060,20:25,1225,-5778
0060,20:30,1230,-5778
0060,20:35,1235,-5778
0060,20:40,1240,-5778
0060,20:45,1245,-5867
0060,20:50,1250,-5867
0060,20:55,1255,-5867
0060,21:00,1260,-5867
0060,21:05,1265,-5867
0060,21:10,1270,-5867
0060,21:15,1275,-5867
0060,21:20,1280,-5867
0060,21:25,1285,-5867
0060,21:30,1290,-5867
0060,21:35,1295,-5867
0060,21:40,1300,-5867
0060,21:45,1305,-6044
0060,21:50,1310,-6044
0060,21:55,1315,-6044
0060,22:00,1320,-6044
0060,22:05,1325,-6044
0060,22:10,1330,-6044
0060,22:15,1335,-6044
0060,22:20,1340,-6044
0060,22:25,1345,-6044
0060,22:30,1350,-6044
0060,22:35,1355,-6044
0060,22:40,1360,-6044
0060,22:45,1365,-6044
0060,22:50,1370,-6044
0060,22:55,1375,-6044
0060,23:00,1380,-6044
0060,23:05,1385,-6044
0060,23:10,1390,-6044
0060,23:15,1395,-6044
0060,23:16,1396,-6044
0060,23:20,1400,-6044
0061,09:00,540,0
0061,09:05,545,0
0061,09:10,550,0
0061,09:15,555,0
0061,09:20,560,0
0061,09:25,565,0
0061,09:30,570,0
0061,09:35,575,0
0061,09:40,580,0
0061,09:45,585,0
0061,09:50,590,0
0061,09:55,595,0
0061,10:00,600,0
0061,10:05,605,0
0061,10:10,610,0
0061,10:15,615,0
0061,10:20,620,0
0061,10:25,625,0
0061,10:30,630,0
0061,10:35,635,0
0061,10:40,640,0
0061,10:45,645,0
0061,10:50,650,0
0061,10:55,655,0
0061,11:00,660,0
0061,11:05,665,0
0061,11:10,670,0
0061,11:15,675,0
0061,11:20,680,0
0061,11:25,685,0
0061,11:30,690,0
0061,11:35,695,0
0061,11:40,700,0
0061,11:45,705,0
0061,11:50,710,0
0061,11:55,715,0
0061,12:00,720,0
0061,12:05,725,0
0061,12:10,730,0
0061,12:15,735,0
0061,12:20,740,0
0061,12:25,745,0
0061,12:30,750,0
0061,12:35,755,0
0061,12:40,760,0
0061,12:45,765,0
0061,12:50,770,0
0061,12:55,775,0
0061,13:00,780,0
0061,13:05,785,-178
0061,13:10,790,-178
0061,13:15,795,-178
0061,13:20,800,-178
0061,13:25,805,-1956
0061,13:30,810,-1956
0061,13:35,815,-1956
0061,13:40,820,-1956
0061,13:45,825,-1956
0061,13:50,830,-2933
0061,13:55,835,-2933
0061,14:00,840,-2933
0061,14:05,845,-2933
0061,14:10,850,-4178
0061,14:15,855,-4178
0061,14:20,860,-4178
0061,14:25,865,-4178
0061,14:30,870,-4711
0061,14:35,875,-4711
0061,14:40,880,-4711
0061,14:45,885,-4711
0061,14:50,890,-4711
0061,14:55,895,-4711
0061,15:00,900,-4711
0061,15:05,905,-4711
0061,15:10,910,-4711
0061,15:15,915,-4711
0061,15:20,920,-4711
0061,15:25,925,-4711
0061,15:30,930,-4978
0061,15:35,935,-4978
0061,15:40,940,-4978
0061,15:45,945,-5244
0061,15:50,950,-5244
0061,15:55,955,-5244
0061,16:00,960,-5244
0061,16:05,965,-5244
0061,16:10,970,-6044
0061,16:15,975,-6044
0061,16:20,980,-6044
0061,16:25,985,-6044
0061,16:30,990,-6044
0061,16:35,995,-6044
0061,16:40,1000,-6044
0061,16:45,1005,-6044
0061,16:50,1010,-6044
0061,16:55,1015,-6044
0061,17:00,1020,-6044
0061,17:05,1025,-6044
0061,17:10,1030,-6044
0061,17:15,1035,-6044
0061,17:20,1040,-6044
0061,17:25,1045,-6044
0061,17:30,1050,-6044
0061,17:35,1055,-6044
0061,17:40,1060,-6044
0061,17:45,1065,-6044
0061,17:50,1070,-6844
0061,17:55,1075,-6844
0061,18:00,1080,-6844
0061,18:05,1085,-6844
0061,18:10,1090,-8089
0061,18:15,1095,-8089
0061,18:20,1100,-8089
0061,18:25,1105,-8089
0061,18:30,1110,-8089
0061,18:35,1115,-8089
0061,18:40,1120,-8089
0061,18:45,1125,-8089
0061,18:50,1130,-8089
0061,18:55,1135,-8089
0061,19:00,1140,-8089
0061,19:05,1145,-8089
0061,19:10,1150,-8089
0061,19:15,1155,-8089
0061,19:20,1160,-8089
0061,19:25,1165,-8089
0061,19:30,1170,-8089
0061,19:35,1175,-8089
0061,19:40,1180,-8089
0061,19:45,1185,-8178
0061,19:50,1190,-8178
0061,19:55,1195,-8178
0061,20:00,1200,-8178
0061,20:05,1205,-8178
0061,20:10,1210,-8178
0061,20:15,1215,-8178
0061,20:20,1220,-8178
0061,20:25,1225,-8178
0061,20:30,1230,-8800
0061,20:35,1235,-8800
0061,20:40,1240,-8800
0061,20:45,1245,-8800
0061,20:50,1250,-8800
0061,20:55,1255,-8800
0061,21:00,1260,-8800
0061,21:05,1265,-8800
0061,21:10,1270,-8800
0061,21:15,1275,-8800
0061,21:20,1280,-8800
0061,21:25,1285,-8800
0061,21:30,1290,-8800
0061,21:35,1295,-8800
0061,21:40,1300,-8800
0061,21:45,1305,-8978
0061,21:50,1310,-8978
0061,21:55,1315,-8978
0061,22:00,1320,-8978
0061,22:05,1325,-8978
0061,22:10,1330,-8978
0061,22:15,1335,-8978
0061,22:20,1340,-8978
0061,22:25,1345,-8978
0061,22:30,1350,-8978
0061,22:35,1355,-8978
0061,22:40,1360,-8978
0061,22:45,1365,-8978
0061,22:50,1370,-8978
0061,22:55,1375,-8978
0061,23:00,1380,-8978
0061,23:05,1385,-8978
0061,23:10,1390,-8978
0061,23:15,1395,-8978
0061,23:16,1396,-8978
0061,23:20,1400,-8978
0062,09:00,540,0
0062,09:05,545,0
0062,09:10,550,0
0062,09:15,555,0
0062,09:20,560,0
0062,09:25,565,0
0062,09:30,570,0
0062,09:35,575,0
0062,09:40,580,0
0062,09:45,585,0
0062,09:50,590,0
0062,09:55,595,0
0062,10:00,600,0
0062,10:05,605,0
0062,10:10,610,0
0062,10:15,615,0
0062,10:20,620,0
0062,10:25,625,0
0062,10:30,630,0
0062,10:35,635,0
0062,10:40,640,0
0062,10:45,645,0
0062,10:50,650,0
0062,10:55,655,0
0062,11:00,660,0
0062,11:05,665,0
0062,11:10,670,0
0062,11:15,675,0
0062,11:20,680,0
0062,11:25,685,0
0062,11:30,690,0
0062,11:35,695,0
0062,11:40,700,0
0062,11:45,705,-255
0062,11:50,710,-255
0062,11:55,715,-255
0062,12:00,720,-255
0062,12:05,725,-255
0062,12:10,730,-255
0062,12:15,735,-255
0062,12:20,740,-255
0062,12:25,745,-255
0062,12:30,750,-255
0062,12:35,755,-255
0062,12:40,760,-255
0062,12:45,765,-255
0062,12:50,770,-255
0062,12:55,775,-255
0062,13:00,780,-255
0062,13:05,785,-766
0062,13:10,790,-766
0062,13:15,795,-766
0062,13:20,800,-766
0062,13:25,805,-2043
0062,13:30,810,-2043
0062,13:35,815,-2043
0062,13:40,820,-2043
0062,13:45,825,-2043
0062,13:50,830,-3319
0062,13:55,835,-3319
0062,14:00,840,-3319
0062,14:05,845,-3319
0062,14:10,850,-3830
0062,14:15,855,-3830
0062,14:20,860,-3830
0062,14:25,865,-3830
0062,14:30,870,-4085
0062,14:35,875,-4085
0062,14:40,880,-4085
0062,14:45,885,-3574
0062,14:50,890,-3574
0062,14:55,895,-3574
0062,15:00,900,-3574
0062,15:05,905,-3574
0062,15:10,910,-4851
0062,15:15,915,-4851
0062,15:20,920,-4851
0062,15:25,925,-4851
0062,15:30,930,-6128
0062,15:35,935,-6128
0062,15:40,940,-6128
0062,15:45,945,-7404
0062,15:50,950,-7404
0062,15:55,955,-7404
0062,16:00,960,-7404
0062,16:05,965,-7404
0062,16:10,970,-8426
0062,16:15,975,-8426
0062,16:20,980,-8426
0062,16:25,985,-8426
0062,16:30,990,-6383
0062,16:35,995,-6383
0062,16:40,1000,-6383
0062,16:45,1005,-6383
0062,16:50,1010,-7660
0062,16:55,1015,-7660
0062,17:00,1020,-7660
0062,17:05,1025,-8426
0062,17:10,1030,-8426
0062,17:15,1035,-8426
0062,17:20,1040,-8426
0062,17:25,1045,-8426
0062,17:30,1050,-9702
0062,17:35,1055,-9702
0062,17:40,1060,-9702
0062,17:45,1065,-9702
0062,17:50,1070,-7404
0062,17:55,1075,-7404
0062,18:00,1080,-7404
0062,18:05,1085,-7404
0062,18:10,1090,-1787
0062,18:15,1095,-1787
0062,18:20,1100,-1787
0062,18:25,1105,3471
0062,18:30,1110,3471
0062,18:35,1115,3471
0062,18:40,1120,3471
0062,18:45,1125,3471
0062,18:50,1130,2975
0062,18:55,1135,2975
0062,19:00,1140,2975
0062,19:05,1145,2975
0062,19:10,1150,5455
0062,19:15,1155,5455
0062,19:20,1160,5455
0062,19:25,1165,11901
0062,19:30,1170,11901
0062,19:35,1175,11901
0062,19:40,1180,11901
0062,19:45,1185,19339
0062,19:50,1190,19339
0062,19:55,1195,19339
0062,20:00,1200,19339
0062,20:05,1205,19339
0062,20:10,1210,21074
0062,20:15,1215,21074
0062,20:20,1220,21074
0062,20:25,1225,21074
0062,20:30,1230,21074
0062,20:35,1235,21074
0062,20:40,1240,21074
0062,20:45,1245,20826
0062,20:50,1250,20826
0062,20:55,1255,20826
0062,21:00,1260,20826
0062,21:05,1265,20826
0062,21:10,1270,20579
0062,21:15,1275,20579
0062,21:20,1280,20579
0062,21:25,1285,20579
0062,21:30,1290,20579
0062,21:35,1295,20579
0062,21:40,1300,20579
0062,21:45,1305,20331
0062,21:50,1310,20331
0062,21:55,1315,20331
0062,22:00,1320,20331
0062,22:05,1325,20331
0062,22:10,1330,20331
0062,22:15,1335,20331
0062,22:20,1340,20331
0062,22:25,1345,20331
0062,22:30,1350,20331
0062,22:35,1355,20331
0062,22:40,1360,20331
0062,22:45,1365,20331
0062,22:50,1370,20331
0062,22:55,1375,20331
0062,23:00,1380,20331
0062,23:05,1385,20331
0062,23:10,1390,20331
0062,23:15,1395,20331
0062,23:16,1396,20331
0062,23:20,1400,20331
0063,09:00,540,0
0063,09:05,545,0
0063,09:10,550,0
0063,09:15,555,0
0063,09:20,560,0
0063,09:25,565,0
0063,09:30,570,0
0063,09:35,575,0
0063,09:40,580,0
0063,09:45,585,0
0063,09:50,590,0
0063,09:55,595,0
0063,10:00,600,0
0063,10:05,605,0
0063,10:10,610,0
0063,10:15,615,0
0063,10:20,620,0
0063,10:25,625,0
0063,10:30,630,0
0063,10:35,635,0
0063,10:40,640,0
0063,10:45,645,0
0063,10:50,650,0
0063,10:55,655,0
0063,11:00,660,0
0063,11:05,665,0
0063,11:10,670,0
0063,11:15,675,0
0063,11:20,680,0
0063,11:25,685,0
0063,11:30,690,-356
0063,11:35,695,-356
0063,11:40,700,-356
0063,11:45,705,-356
0063,11:50,710,-356
0063,11:55,715,-356
0063,12:00,720,-356
0063,12:05,725,-356
0063,12:10,730,-356
0063,12:15,735,-356
0063,12:20,740,-356
0063,12:25,745,-356
0063,12:30,750,-356
0063,12:35,755,-356
0063,12:40,760,-356
0063,12:45,765,-356
0063,12:50,770,-356
0063,12:55,775,-356
0063,13:00,780,-356
0063,13:05,785,-356
0063,13:10,790,-356
0063,13:15,795,-356
0063,13:20,800,-356
0063,13:25,805,-889
0063,13:30,810,-889
0063,13:35,815,-889
0063,13:40,820,-889
0063,13:45,825,-889
0063,13:50,830,-1956
0063,13:55,835,-1956
0063,14:00,840,-1956
0063,14:05,845,-1956
0063,14:10,850,172
0063,14:15,855,172
0063,14:20,860,172
0063,14:25,865,172
0063,14:30,870,-533
0063,14:35,875,-533
0063,14:40,880,-533
0063,14:45,885,-1067
0063,14:50,890,-1067
0063,14:55,895,-1067
0063,15:00,900,-1067
0063,15:05,905,-1067
0063,15:10,910,-1067
0063,15:15,915,-1067
0063,15:20,920,-1067
0063,15:25,925,-1067
0063,15:30,930,-2311
0063,15:35,935,-2311
0063,15:40,940,-2311
0063,15:45,945,-3378
0063,15:50,950,-3378
0063,15:55,955,-3378
0063,16:00,960,-3378
0063,16:05,965,-3378
0063,16:10,970,-3733
0063,16:15,975,-3733
0063,16:20,980,-3733
0063,16:25,985,-3733
0063,16:30,990,-5156
0063,16:35,995,-5156
0063,16:40,1000,-5156
0063,16:45,1005,-5156
0063,16:50,1010,-6222
0063,16:55,1015,-6222
0063,17:00,1020,-6222
0063,17:05,1025,-7467
0063,17:10,1030,-7467
0063,17:15,1035,-7467
0063,17:20,1040,-7467
0063,17:25,1045,-7467
0063,17:30,1050,-8711
0063,17:35,1055,-8711
0063,17:40,1060,-8711
0063,17:45,1065,-8711
0063,17:50,1070,-8711
0063,17:55,1075,-8711
0063,18:00,1080,-8711
0063,18:05,1085,-8711
0063,18:10,1090,-9600
0063,18:15,1095,-9600
0063,18:20,1100,-9600
0063,18:25,1105,-9778
0063,18:30,1110,-9778
0063,18:35,1115,-9778
0063,18:40,1120,-9778
0063,18:45,1125,-9778
0063,18:50,1130,-9778
0063,18:55,1135,-9778
0063,19:00,1140,-9778
0063,19:05,1145,-9778
0063,19:10,1150,-9778
0063,19:15,1155,-9778
0063,19:20,1160,-9778
0063,19:25,1165,-10311
0063,19:30,1170,-10311
0063,19:35,1175,-10311
0063,19:40,1180,-10311
0063,19:45,1185,-10667
0063,19:50,1190,-10667
0063,19:55,1195,-10667
0063,20:00,1200,-10667
0063,20:05,1205,-10667
0063,20:10,1210,-10667
0063,20:15,1215,-10667
0063,20:20,1220,-10667
0063,20:25,1225,-10667
0063,20:30,1230,-10667
0063,20:35,1235,-10667
0063,20:40,1240,-10667
0063,20:45,1245,-10667
0063,20:50,1250,-10667
0063,20:55,1255,-10667
0063,21:00,1260,-10667
0063,21:05,1265,-10667
0063,21:10,1270,-10667
0063,21:15,1275,-10667
0063,21:20,1280,-10667
0063,21:25,1285,-10667
0063,21:30,1290,-10844
0063,21:35,1295,-10844
0063,21:40,1300,-10844
0063,21:45,1305,-10844
0063,21:50,1310,-10844
0063,21:55,1315,-10844
0063,22:00,1320,-10844
0063,22:05,1325,-10844
0063,22:10,1330,-10844
0063,22:15,1335,-10844
0063,22:20,1340,-10844
0063,22:25,1345,-10844
0063,22:30,1350,-10844
0063,22:35,1355,-10844
0063,22:40,1360,-10844
0063,22:45,1365,-10844
0063,22:50,1370,-10844
0063,22:55,1375,-10844
0063,23:00,1380,-10844
0063,23:05,1385,-10844
0063,23:10,1390,-10844
0063,23:15,1395,-10844
0063,23:16,1396,-10844
0063,23:20,1400,-10844
0064,09:00,540,0
0064,09:05,545,0
0064,09:10,550,0
0064,09:15,555,0
0064,09:20,560,0
0064,09:25,565,0
0064,09:30,570,0
0064,09:35,575,0
0064,09:40,580,0
0064,09:45,585,0
0064,09:50,590,0
0064,09:55,595,0
0064,10:00,600,0
0064,10:05,605,0
0064,10:10,610,0
0064,10:15,615,0
0064,10:20,620,0
0064,10:25,625,0
0064,10:30,630,0
0064,10:35,635,0
0064,10:40,640,0
0064,10:45,645,0
0064,10:50,650,0
0064,10:55,655,0
0064,11:00,660,0
0064,11:05,665,0
0064,11:10,670,0
0064,11:15,675,0
0064,11:20,680,0
0064,11:25,685,0
0064,11:30,690,0
0064,11:35,695,0
0064,11:40,700,0
0064,11:45,705,6552
0064,11:50,710,6552
0064,11:55,715,6552
0064,12:00,720,6552
0064,12:05,725,5690
0064,12:10,730,5690
0064,12:15,735,5690
0064,12:20,740,5690
0064,12:25,745,5690
0064,12:30,750,4310
0064,12:35,755,4310
0064,12:40,760,4310
0064,12:45,765,4310
0064,12:50,770,6379
0064,12:55,775,6379
0064,13:00,780,6379
0064,13:05,785,5345
0064,13:10,790,5345
0064,13:15,795,5345
0064,13:20,800,5345
0064,13:25,805,3793
0064,13:30,810,3793
0064,13:35,815,3793
0064,13:40,820,3793
0064,13:45,825,3793
0064,13:50,830,2500
0064,13:55,835,2500
0064,14:00,840,2500
0064,14:05,845,2500
0064,14:10,850,1207
0064,14:15,855,1207
0064,14:20,860,1207
0064,14:25,865,1207
0064,14:30,870,1983
0064,14:35,875,1983
0064,14:40,880,1983
0064,14:45,885,3621
0064,14:50,890,3621
0064,14:55,895,3621
0064,15:00,900,3621
0064,15:05,905,3621
0064,15:10,910,2586
0064,15:15,915,2586
0064,15:20,920,2586
0064,15:25,925,2586
0064,15:30,930,948
0064,15:35,935,948
0064,15:40,940,948
0064,15:45,945,1466
0064,15:50,950,1466
0064,15:55,955,1466
0064,16:00,960,1466
0064,16:05,965,1466
0064,16:10,970,345
0064,16:15,975,345
0064,16:20,980,345
0064,16:25,985,345
0064,16:30,990,-1244
0064,16:35,995,-1244
0064,16:40,1000,-1244
0064,16:45,1005,-1244
0064,16:50,1010,-2667
0064,16:55,1015,-2667
0064,17:00,1020,-2667
0064,17:05,1025,-1867
0064,17:10,1030,-1867
0064,17:15,1035,-1867
0064,17:20,1040,-1867
0064,17:25,1045,-1867
0064,17:30,1050,-1333
0064,17:35,1055,-1333
0064,17:40,1060,-1333
0064,17:45,1065,-1333
0064,17:50,1070,-711
0064,17:55,1075,-711
0064,18:00,1080,-711
0064,18:05,1085,-711
0064,18:10,1090,-1867
0064,18:15,1095,-1867
0064,18:20,1100,-1867
0064,18:25,1105,-3556
0064,18:30,1110,-3556
0064,18:35,1115,-3556
0064,18:40,1120,-3556
0064,18:45,1125,-3556
0064,18:50,1130,-2044
0064,18:55,1135,-2044
0064,19:00,1140,-2044
0064,19:05,1145,-2044
0064,19:10,1150,-711
0064,19:15,1155,-711
0064,19:20,1160,-711
0064,19:25,1165,-2311
0064,19:30,1170,-2311
0064,19:35,1175,-2311
0064,19:40,1180,-2311
0064,19:45,1185,-3733
0064,19:50,1190,-3733
0064,19:55,1195,-3733
0064,20:00,1200,-3733
0064,20:05,1205,-3733
0064,20:10,1210,345
0064,20:15,1215,345
0064,20:20,1220,345
0064,20:25,1225,345
0064,20:30,1230,2069
0064,20:35,1235,2069
0064,20:40,1240,2069
0064,20:45,1245,4052
0064,20:50,1250,4052
0064,20:55,1255,4052
0064,21:00,1260,4052
0064,21:05,1265,4052
0064,21:10,1270,5086
0064,21:15,1275,5086
0064,21:20,1280,5086
0064,21:25,1285,5086
0064,21:30,1290,3621
0064,21:35,1295,3621
0064,21:40,1300,3621
0064,21:45,1305,3621
0064,21:50,1310,3621
0064,21:55,1315,3621
0064,22:00,1320,3621
0064,22:05,1325,3621
0064,22:10,1330,3621
0064,22:15,1335,3621
0064,22:20,1340,3621
0064,22:25,1345,3621
0064,22:30,1350,3621
0064,22:35,1355,3621
0064,22:40,1360,3621
0064,22:45,1365,3621
0064,22:50,1370,3621
0064,22:55,1375,3621
0064,23:00,1380,3621
0064,23:05,1385,3621
0064,23:10,1390,3621
0064,23:15,1395,3621
0064,23:16,1396,3621
0064,23:20,1400,3621
0065,09:00,540,0
0065,09:05,545,0
0065,09:10,550,0
0065,09:15,555,0
0065,09:20,560,0
0065,09:25,565,0
0065,09:30,570,0
0065,09:35,575,0
0065,09:40,580,0
0065,09:45,585,0
0065,09:50,590,0
0065,09:55,595,0
0065,10:00,600,0
0065,10:05,605,0
0065,10:10,610,0
0065,10:15,615,0
0065,10:20,620,0
0065,10:25,625,0
0065,10:30,630,0
0065,10:35,635,0
0065,10:40,640,0
0065,10:45,645,0
0065,10:50,650,0
0065,10:55,655,0
0065,11:00,660,0
0065,11:05,665,0
0065,11:10,670,-356
0065,11:15,675,-356
0065,11:20,680,-356
0065,11:25,685,-356
0065,11:30,690,-1244
0065,11:35,695,-1244
0065,11:40,700,-1244
0065,11:45,705,-1244
0065,11:50,710,-1244
0065,11:55,715,-1244
0065,12:00,720,-1244
0065,12:05,725,-1244
0065,12:10,730,-1244
0065,12:15,735,-1244
0065,12:20,740,-1244
0065,12:25,745,-1244
0065,12:30,750,-1778
0065,12:35,755,-1778
0065,12:40,760,-1778
0065,12:45,765,-1778
0065,12:50,770,-3200
0065,12:55,775,-3200
0065,13:00,780,-3200
0065,13:05,785,-4444
0065,13:10,790,-4444
0065,13:15,795,-4444
0065,13:20,800,-4444
0065,13:25,805,-6044
0065,13:30,810,-6044
0065,13:35,815,-6044
0065,13:40,820,-6044
0065,13:45,825,-6044
0065,13:50,830,-6578
0065,13:55,835,-6578
0065,14:00,840,-6578
0065,14:05,845,-6578
0065,14:10,850,-7644
0065,14:15,855,-7644
0065,14:20,860,-7644
0065,14:25,865,-7644
0065,14:30,870,-9244
0065,14:35,875,-9244
0065,14:40,880,-9244
0065,14:45,885,-10489
0065,14:50,890,-10489
0065,14:55,895,-10489
0065,15:00,900,-10489
0065,15:05,905,-10489
0065,15:10,910,-11556
0065,15:15,915,-11556
0065,15:20,920,-11556
0065,15:25,925,-11556
0065,15:30,930,-9956
0065,15:35,935,-9956
0065,15:40,940,-9956
0065,15:45,945,-11378
0065,15:50,950,-11378
0065,15:55,955,-11378
0065,16:00,960,-11378
0065,16:05,965,-11378
0065,16:10,970,-12622
0065,16:15,975,-12622
0065,16:20,980,-12622
0065,16:25,985,-12622
0065,16:30,990,-7822
0065,16:35,995,-7822
0065,16:40,1000,-7822
0065,16:45,1005,-7822
0065,16:50,1010,-1956
0065,16:55,1015,-1956
0065,17:00,1020,-1956
0065,17:05,1025,-1067
0065,17:10,1030,-1067
0065,17:15,1035,-1067
0065,17:20,1040,-1067
0065,17:25,1045,-1067
0065,17:30,1050,-2667
0065,17:35,1055,-2667
0065,17:40,1060,-2667
0065,17:45,1065,-2667
0065,17:50,1070,2414
0065,17:55,1075,2414
0065,18:00,1080,2414
0065,18:05,1085,2414
0065,18:10,1090,1897
0065,18:15,1095,1897
0065,18:20,1100,1897
0065,18:25,1105,862
0065,18:30,1110,862
0065,18:35,1115,862
0065,18:40,1120,862
0065,18:45,1125,862
0065,18:50,1130,-533
0065,18:55,1135,-533
0065,19:00,1140,-533
0065,19:05,1145,-533
0065,19:10,1150,172
0065,19:15,1155,172
0065,19:20,1160,172
0065,19:25,1165,-1600
0065,19:30,1170,-1600
0065,19:35,1175,-1600
0065,19:40,1180,-1600
0065,19:45,1185,1724
0065,19:50,1190,1724
0065,19:55,1195,1724
0065,20:00,1200,1724
0065,20:05,1205,1724
0065,20:10,1210,3793
0065,20:15,1215,3793
0065,20:20,1220,3793
0065,20:25,1225,3793
0065,20:30,1230,5690
0065,20:35,1235,5690
0065,20:40,1240,5690
0065,20:45,1245,5690
0065,20:50,1250,5690
0065,20:55,1255,5690
0065,21:00,1260,5690
0065,21:05,1265,5690
0065,21:10,1270,5690
0065,21:15,1275,5690
0065,21:20,1280,5690
0065,21:25,1285,5690
0065,21:30,1290,5690
0065,21:35,1295,5690
0065,21:40,1300,5690
0065,21:45,1305,6379
0065,21:50,1310,6379
0065,21:55,1315,6379
0065,22:00,1320,6379
0065,22:05,1325,6207
0065,22:10,1330,6207
0065,22:15,1335,6207
0065,22:20,1340,6207
0065,22:25,1345,6207
0065,22:30,1350,6207
0065,22:35,1355,6207
0065,22:40,1360,6207
0065,22:45,1365,6207
0065,22:50,1370,6207
0065,22:55,1375,6207
0065,23:00,1380,6207
0065,23:05,1385,6207
0065,23:10,1390,6207
0065,23:15,1395,6207
0065,23:16,1396,6207
0065,23:20,1400,6207
0066,09:00,540,0
0066,09:05,545,0
0066,09:10,550,0
0066,09:15,555,0
0066,09:20,560,0
0066,09:25,565,0
0066,09:30,570,0
0066,09:35,575,0
0066,09:40,580,0
0066,09:45,585,0
0066,09:50,590,0
0066,09:55,595,0
0066,10:00,600,0
0066,10:05,605,0
0066,10:10,610,-89
0066,10:15,615,-89
0066,10:20,620,-89
0066,10:25,625,-800
0066,10:30,630,-800
0066,10:35,635,-800
0066,10:40,640,-1600
0066,10:45,645,-1600
0066,10:50,650,-1600
0066,10:55,655,-1600
0066,11:00,660,-1600
0066,11:05,665,-1600
0066,11:10,670,-1600
0066,11:15,675,-1600
0066,11:20,680,-1600
0066,11:25,685,-1600
0066,11:30,690,-1600
0066,11:35,695,-1600
0066,11:40,700,-1600
0066,11:45,705,-2044
0066,11:50,710,-2044
0066,11:55,715,-2044
0066,12:00,720,-2044
0066,12:05,725,-2756
0066,12:10,730,-2756
0066,12:15,735,-2756
0066,12:20,740,-2756
0066,12:25,745,-2756
0066,12:30,750,-3733
0066,12:35,755,-3733
0066,12:40,760,-3733
0066,12:45,765,-3733
0066,12:50,770,-4356
0066,12:55,775,-4356
0066,13:00,780,-4356
0066,13:05,785,-267
0066,13:10,790,-267
0066,13:15,795,-267
0066,13:20,800,-267
0066,13:25,805,5259
0066,13:30,810,5259
0066,13:35,815,5259
0066,13:40,820,5259
0066,13:45,825,5259
0066,13:50,830,5259
0066,13:55,835,5259
0066,14:00,840,5259
0066,14:05,845,5259
0066,14:10,850,4741
0066,14:15,855,4741
0066,14:20,860,4741
0066,14:25,865,4741
0066,14:30,870,3362
0066,14:35,875,3362
0066,14:40,880,3362
0066,14:45,885,2328
0066,14:50,890,2328
0066,14:55,895,2328
0066,15:00,900,2328
0066,15:05,905,2328
0066,15:10,910,1034
0066,15:15,915,1034
0066,15:20,920,1034
0066,15:25,925,1034
0066,15:30,930,0
0066,15:35,935,0
0066,15:40,940,0
0066,15:45,945,-1244
0066,15:50,950,-1244
0066,15:55,955,-1244
0066,16:00,960,-1244
0066,16:05,965,-1244
0066,16:10,970,-1067
0066,16:15,975,-1067
0066,16:20,980,-1067
0066,16:25,985,-1067
0066,16:30,990,-2044
0066,16:35,995,-2044
0066,16:40,1000,-2044
0066,16:45,1005,-2044
0066,16:50,1010,-3467
0066,16:55,1015,-3467
0066,17:00,1020,-3467
0066,17:05,1025,-4711
0066,17:10,1030,-4711
0066,17:15,1035,-4711
0066,17:20,1040,-4711
0066,17:25,1045,-4711
0066,17:30,1050,-2400
0066,17:35,1055,-2400
0066,17:40,1060,-2400
0066,17:45,1065,-2400
0066,17:50,1070,-4000
0066,17:55,1075,-4000
0066,18:00,1080,-4000
0066,18:05,1085,-4000
0066,18:10,1090,-1333
0066,18:15,1095,-1333
0066,18:20,1100,-1333
0066,18:25,1105,-2933
0066,18:30,1110,-2933
0066,18:35,1115,-2933
0066,18:40,1120,-2933
0066,18:45,1125,-2933
0066,18:50,1130,-3467
0066,18:55,1135,-3467
0066,19:00,1140,-3467
0066,19:05,1145,-3467
0066,19:10,1150,-533
0066,19:15,1155,-533
0066,19:20,1160,-533
0066,19:25,1165,-978
0066,19:30,1170,-978
0066,19:35,1175,-978
0066,19:40,1180,-978
0066,19:45,1185,-978
0066,19:50,1190,-978
0066,19:55,1195,-978
0066,20:00,1200,-978
0066,20:05,1205,-978
0066,20:10,1210,-978
0066,20:15,1215,-978
0066,20:20,1220,-978
0066,20:25,1225,-978
0066,20:30,1230,-1244
0066,20:35,1235,-1244
0066,20:40,1240,-1244
0066,20:45,1245,-1244
0066,20:50,1250,-1244
0066,20:55,1255,-1244
0066,21:00,1260,-1244
0066,21:05,1265,-1244
0066,21:10,1270,-1244
0066,21:15,1275,-1244
0066,21:20,1280,-1244
0066,21:25,1285,-1244
0066,21:30,1290,-1422
0066,21:35,1295,-1422
0066,21:40,1300,-1422
0066,21:45,1305,-1422
0066,21:50,1310,-1422
0066,21:55,1315,-1422
0066,22:00,1320,-1422
0066,22:05,1325,-1867
0066,22:10,1330,-1867
0066,22:15,1335,-1867
0066,22:20,1340,-1867
0066,22:25,1345,-1867
0066,22:30,1350,-1867
0066,22:35,1355,-1867
0066,22:40,1360,-1867
0066,22:45,1365,-1867
0066,22:50,1370,-1867
0066,22:55,1375,-1867
0066,23:00,1380,-1867
0066,23:05,1385,-1867
0066,23:10,1390,-1867
0066,23:15,1395,-1867
0066,23:16,1396,-1867
0066,23:20,1400,-1867
0067,09:00,540,0
0067,09:05,545,0
0067,09:10,550,0
0067,09:15,555,0
0067,09:20,560,0
0067,09:25,565,0
0067,09:30,570,0
0067,09:35,575,0
0067,09:40,580,0
0067,09:45,585,0
0067,09:50,590,0
0067,09:55,595,0
0067,10:00,600,0
0067,10:05,605,0
0067,10:10,610,0
0067,10:15,615,0
0067,10:20,620,0
0067,10:25,625,0
0067,10:30,630,0
0067,10:35,635,0
0067,10:40,640,0
0067,10:45,645,0
0067,10:50,650,0
0067,10:55,655,0
0067,11:00,660,0
0067,11:05,665,0
0067,11:10,670,0
0067,11:15,675,0
0067,11:20,680,0
0067,11:25,685,0
0067,11:30,690,-533
0067,11:35,695,-533
0067,11:40,700,-533
0067,11:45,705,-889
0067,11:50,710,-889
0067,11:55,715,-889
0067,12:00,720,-889
0067,12:05,725,-889
0067,12:10,730,-889
0067,12:15,735,-889
0067,12:20,740,-889
0067,12:25,745,-889
0067,12:30,750,-1244
0067,12:35,755,-1244
0067,12:40,760,-1244
0067,12:45,765,-1244
0067,12:50,770,5431
0067,12:55,775,5431
0067,13:00,780,5431
0067,13:05,785,7759
0067,13:10,790,7759
0067,13:15,795,7759
0067,13:20,800,7759
0067,13:25,805,7241
0067,13:30,810,7241
0067,13:35,815,7241
0067,13:40,820,7241
0067,13:45,825,7241
0067,13:50,830,6207
0067,13:55,835,6207
0067,14:00,840,6207
0067,14:05,845,6207
0067,14:10,850,5172
0067,14:15,855,5172
0067,14:20,860,5172
0067,14:25,865,5172
0067,14:30,870,4914
0067,14:35,875,4914
0067,14:40,880,4914
0067,14:45,885,4483
0067,14:50,890,4483
0067,14:55,895,4483
0067,15:00,900,4483
0067,15:05,905,4483
0067,15:10,910,4310
0067,15:15,915,4310
0067,15:20,920,4310
0067,15:25,925,4310
0067,15:30,930,3966
0067,15:35,935,3966
0067,15:40,940,3966
0067,15:45,945,2845
0067,15:50,950,2845
0067,15:55,955,2845
0067,16:00,960,2845
0067,16:05,965,2845
0067,16:10,970,1983
0067,16:15,975,1983
0067,16:20,980,1983
0067,16:25,985,1983
0067,16:30,990,1466
0067,16:35,995,1466
0067,16:40,1000,1466
0067,16:45,1005,1466
0067,16:50,1010,1379
0067,16:55,1015,1379
0067,17:00,1020,1379
0067,17:05,1025,1207
0067,17:10,1030,1207
0067,17:15,1035,1207
0067,17:20,1040,1207
0067,17:25,1045,1207
0067,17:30,1050,517
0067,17:35,1055,517
0067,17:40,1060,517
0067,17:45,1065,517
0067,17:50,1070,-444
0067,17:55,1075,-444
0067,18:00,1080,-444
0067,18:05,1085,-444
0067,18:10,1090,-1156
0067,18:15,1095,-1156
0067,18:20,1100,-1156
0067,18:25,1105,2414
0067,18:30,1110,2414
0067,18:35,1115,2414
0067,18:40,1120,2414
0067,18:45,1125,2414
0067,18:50,1130,5086
0067,18:55,1135,5086
0067,19:00,1140,5086
0067,19:05,1145,5086
0067,19:10,1150,4310
0067,19:15,1155,4310
0067,19:20,1160,4310
0067,19:25,1165,3879
0067,19:30,1170,3879
0067,19:35,1175,3879
0067,19:40,1180,3879
0067,19:45,1185,3621
0067,19:50,1190,3621
0067,19:55,1195,3621
0067,20:00,1200,3621
0067,20:05,1205,3621
0067,20:10,1210,2328
0067,20:15,1215,2328
0067,20:20,1220,2328
0067,20:25,1225,2328
0067,20:30,1230,1724
0067,20:35,1235,1724
0067,20:40,1240,1724
0067,20:45,1245,1724
0067,20:50,1250,1724
0067,20:55,1255,1724
0067,21:00,1260,1724
0067,21:05,1265,1724
0067,21:10,1270,1724
0067,21:15,1275,1724
0067,21:20,1280,1724
0067,21:25,1285,1724
0067,21:30,1290,1207
0067,21:35,1295,1207
0067,21:40,1300,1207
0067,21:45,1305,1034
0067,21:50,1310,1034
0067,21:55,1315,1034
0067,22:00,1320,1034
0067,22:05,1325,948
0067,22:10,1330,948
0067,22:15,1335,948
0067,22:20,1340,948
0067,22:25,1345,948
0067,22:30,1350,948
0067,22:35,1355,948
0067,22:40,1360,948
0067,22:45,1365,948
0067,22:50,1370,948
0067,22:55,1375,948
0067,23:00,1380,948
0067,23:05,1385,948
0067,23:10,1390,948
0067,23:15,1395,948
0067,23:16,1396,948
0067,23:20,1400,948
0068,09:00,540,0
0068,09:05,545,0
0068,09:10,550,0
0068,09:15,555,0
0068,09:20,560,0
0068,09:25,565,0
0068,09:30,570,0
0068,09:35,575,0
0068,09:40,580,0
0068,09:45,585,0
0068,09:50,590,0
0068,09:55,595,0
0068,10:00,600,0
0068,10:05,605,0
0068,10:10,610,0
0068,10:15,615,0
0068,10:20,620,0
0068,10:25,625,0
0068,10:30,630,0
0068,10:35,635,0
0068,10:40,640,0
0068,10:45,645,0
0068,10:50,650,0
0068,10:55,655,0
0068,11:00,660,0
0068,11:05,665,0
0068,11:10,670,0
0068,11:15,675,0
0068,11:20,680,0
0068,11:25,685,0
0068,11:30,690,0
0068,11:35,695,0
0068,11:40,700,0
0068,11:45,705,0
0068,11:50,710,0
0068,11:55,715,0
0068,12:00,720,0
0068,12:05,725,0
0068,12:10,730,0
0068,12:15,735,0
0068,12:20,740,0
0068,12:25,745,0
0068,12:30,750,0
0068,12:35,755,0
0068,12:40,760,0
0068,12:45,765,0
0068,12:50,770,0
0068,12:55,775,0
0068,13:00,780,0
0068,13:05,785,0
0068,13:10,790,0
0068,13:15,795,0
0068,13:20,800,0
0068,13:25,805,0
0068,13:30,810,0
0068,13:35,815,0
0068,13:40,820,0
0068,13:45,825,0
0068,13:50,830,-356
0068,13:55,835,-356
0068,14:00,840,-356
0068,14:05,845,-356
0068,14:10,850,-800
0068,14:15,855,-800
0068,14:20,860,-800
0068,14:25,865,-800
0068,14:30,870,-1067
0068,14:35,875,-1067
0068,14:40,880,-1067
0068,14:45,885,-1867
0068,14:50,890,-1867
0068,14:55,895,-1867
0068,15:00,900,-1867
0068,15:05,905,-1867
0068,15:10,910,-1867
0068,15:15,915,-1867
0068,15:20,920,-1867
0068,15:25,925,-1867
0068,15:30,930,-3022
0068,15:35,935,-3022
0068,15:40,940,-3022
0068,15:45,945,-3556
0068,15:50,950,-3556
0068,15:55,955,-3556
0068,16:00,960,-3556
0068,16:05,965,-3556
0068,16:10,970,-4356
0068,16:15,975,-4356
0068,16:20,980,-4356
0068,16:25,985,-4356
0068,16:30,990,-5156
0068,16:35,995,-5156
0068,16:40,1000,-5156
0068,16:45,1005,-5156
0068,16:50,1010,-5156
0068,16:55,1015,-5156
0068,17:00,1020,-5156
0068,17:05,1025,-5156
0068,17:10,1030,-5156
0068,17:15,1035,-5156
0068,17:20,1040,-5156
0068,17:25,1045,-5156
0068,17:30,1050,-5156
0068,17:35,1055,-5156
0068,17:40,1060,-5156
0068,17:45,1065,-5156
0068,17:50,1070,-5156
0068,17:55,1075,-5156
0068,18:00,1080,-5156
0068,18:05,1085,-5156
0068,18:10,1090,-5244
0068,18:15,1095,-5244
0068,18:20,1100,-5244
0068,18:25,1105,-6044
0068,18:30,1110,-6044
0068,18:35,1115,-6044
0068,18:40,1120,-6044
0068,18:45,1125,-6044
0068,18:50,1130,-6044
0068,18:55,1135,-6044
0068,19:00,1140,-6044
0068,19:05,1145,-6044
0068,19:10,1150,-6044
0068,19:15,1155,-6044
0068,19:20,1160,-6044
0068,19:25,1165,-6044
0068,19:30,1170,-6044
0068,19:35,1175,-6044
0068,19:40,1180,-6044
0068,19:45,1185,-2133
0068,19:50,1190,-2133
0068,19:55,1195,-2133
0068,20:00,1200,-2133
0068,20:05,1205,-2133
0068,20:10,1210,-2222
0068,20:15,1215,-2222
0068,20:20,1220,-2222
0068,20:25,1225,-2222
0068,20:30,1230,-3022
0068,20:35,1235,-3022
0068,20:40,1240,-3022
0068,20:45,1245,-3378
0068,20:50,1250,-3378
0068,20:55,1255,-3378
0068,21:00,1260,-3378
0068,21:05,1265,-3378
0068,21:10,1270,-4000
0068,21:15,1275,-4000
0068,21:20,1280,-4000
0068,21:25,1285,-4000
0068,21:30,1290,-4000
0068,21:35,1295,-4000
0068,21:40,1300,-4000
0068,21:45,1305,-4000
0068,21:50,1310,-4000
0068,21:55,1315,-4000
0068,22:00,1320,-4000
0068,22:05,1325,-4178
0068,22:10,1330,-4178
0068,22:15,1335,-4178
0068,22:20,1340,-4178
0068,22:25,1345,-4178
0068,22:30,1350,-4178
0068,22:35,1355,-4178
0068,22:40,1360,-4178
0068,22:45,1365,-4178
0068,22:50,1370,-4178
0068,22:55,1375,-4178
0068,23:00,1380,-4178
0068,23:05,1385,-4178
0068,23:10,1390,-4178
0068,23:15,1395,-4178
0068,23:16,1396,-4178
0068,23:20,1400,-4178
0069,09:00,540,0
0069,09:05,545,0
0069,09:10,550,0
0069,09:15,555,0
0069,09:20,560,0
0069,09:25,565,0
0069,09:30,570,0
0069,09:35,575,0
0069,09:40,580,0
0069,09:45,585,0
0069,09:50,590,0
0069,09:55,595,0
0069,10:00,600,0
0069,10:05,605,0
0069,10:10,610,0
0069,10:15,615,0
0069,10:20,620,0
0069,10:25,625,0
0069,10:30,630,0
0069,10:35,635,0
0069,10:40,640,0
0069,10:45,645,0
0069,10:50,650,0
0069,10:55,655,0
0069,11:00,660,0
0069,11:05,665,0
0069,11:10,670,0
0069,11:15,675,0
0069,11:20,680,0
0069,11:25,685,0
0069,11:30,690,0
0069,11:35,695,0
0069,11:40,700,0
0069,11:45,705,0
0069,11:50,710,0
0069,11:55,715,0
0069,12:00,720,0
0069,12:05,725,0
0069,12:10,730,0
0069,12:15,735,0
0069,12:20,740,0
0069,12:25,745,0
0069,12:30,750,-766
0069,12:35,755,-766
0069,12:40,760,-766
0069,12:45,765,-766
0069,12:50,770,-1532
0069,12:55,775,-1532
0069,13:00,780,-1532
0069,13:05,785,-2298
0069,13:10,790,-2298
0069,13:15,795,-2298
0069,13:20,800,-2298
0069,13:25,805,-3064
0069,13:30,810,-3064
0069,13:35,815,-3064
0069,13:40,820,-3064
0069,13:45,825,-3064
0069,13:50,830,-4340
0069,13:55,835,-4340
0069,14:00,840,-4340
0069,14:05,845,-4340
0069,14:10,850,-5362
0069,14:15,855,-5362
0069,14:20,860,-5362
0069,14:25,865,-5362
0069,14:30,870,-1532
0069,14:35,875,-1532
0069,14:40,880,-1532
0069,14:45,885,-2809
0069,14:50,890,-2809
0069,14:55,895,-2809
0069,15:00,900,-2809
0069,15:05,905,-2809
0069,15:10,910,-4085
0069,15:15,915,-4085
0069,15:20,920,-4085
0069,15:25,925,-4085
0069,15:30,930,-3319
0069,15:35,935,-3319
0069,15:40,940,-3319
0069,15:45,945,3471
0069,15:50,950,3471
0069,15:55,955,3471
0069,16:00,960,3471
0069,16:05,965,3471
0069,16:10,970,2727
0069,16:15,975,2727
0069,16:20,980,2727
0069,16:25,985,2727
0069,16:30,990,7190
0069,16:35,995,7190
0069,16:40,1000,7190
0069,16:45,1005,7190
0069,16:50,1010,11157
0069,16:55,1015,11157
0069,17:00,1020,11157
0069,17:05,1025,10165
0069,17:10,1030,10165
0069,17:15,1035,10165
0069,17:20,1040,10165
0069,17:25,1045,10165
0069,17:30,1050,10413
0069,17:35,1055,10413
0069,17:40,1060,10413
0069,17:45,1065,10413
0069,17:50,1070,13884
0069,17:55,1075,13884
0069,18:00,1080,13884
0069,18:05,1085,13884
0069,18:10,1090,15124
0069,18:15,1095,15124
0069,18:20,1100,15124
0069,18:25,1105,17355
0069,18:30,1110,17355
0069,18:35,1115,17355
0069,18:40,1120,17355
0069,18:45,1125,17355
0069,18:50,1130,16612
0069,18:55,1135,16612
0069,19:00,1140,16612
0069,19:05,1145,16612
0069,19:10,1150,15620
0069,19:15,1155,15620
0069,19:20,1160,15620
0069,19:25,1165,14628
0069,19:30,1170,14628
0069,19:35,1175,14628
0069,19:40,1180,14628
0069,19:45,1185,14628
0069,19:50,1190,14628
0069,19:55,1195,14628
0069,20:00,1200,14628
0069,20:05,1205,14628
0069,20:10,1210,14628
0069,20:15,1215,14628
0069,20:20,1220,14628
0069,20:25,1225,14628
0069,20:30,1230,16860
0069,20:35,1235,16860
0069,20:40,1240,16860
0069,20:45,1245,23554
0069,20:50,1250,23554
0069,20:55,1255,23554
0069,21:00,1260,23554
0069,21:05,1265,23554
0069,21:10,1270,24793
0069,21:15,1275,24793
0069,21:20,1280,24793
0069,21:25,1285,24793
0069,21:30,1290,23554
0069,21:35,1295,23554
0069,21:40,1300,23554
0069,21:45,1305,23306
0069,21:50,1310,23306
0069,21:55,1315,23306
0069,22:00,1320,23306
0069,22:05,1325,23306
0069,22:10,1330,23306
0069,22:15,1335,23306
0069,22:20,1340,23306
0069,22:25,1345,23306
0069,22:30,1350,23306
0069,22:35,1355,23306
0069,22:40,1360,23306
0069,22:45,1365,23306
0069,22:50,1370,23306
0069,22:55,1375,23306
0069,23:00,1380,23306
0069,23:05,1385,23306
0069,23:10,1390,23306
0069,23:15,1395,23306
0069,23:16,1396,23306
0069,23:20,1400,23306
0070,09:00,540,0
0070,09:05,545,0
0070,09:10,550,0
0070,09:15,555,0
0070,09:20,560,0
0070,09:25,565,0
0070,09:30,570,0
0070,09:35,575,0
0070,09:40,580,0
0070,09:45,585,0
0070,09:50,590,0
0070,09:55,595,0
0070,10:00,600,0
0070,10:05,605,0
0070,10:10,610,0
0070,10:15,615,0
0070,10:20,620,0
0070,10:25,625,0
0070,10:30,630,0
0070,10:35,635,0
0070,10:40,640,0
0070,10:45,645,0
0070,10:50,650,0
0070,10:55,655,0
0070,11:00,660,0
0070,11:05,665,0
0070,11:10,670,0
0070,11:15,675,0
0070,11:20,680,0
0070,11:25,685,0
0070,11:30,690,0
0070,11:35,695,0
0070,11:40,700,0
0070,11:45,705,0
0070,11:50,710,0
0070,11:55,715,0
0070,12:00,720,0
0070,12:05,725,0
0070,12:10,730,0
0070,12:15,735,0
0070,12:20,740,0
0070,12:25,745,0
0070,12:30,750,-444
0070,12:35,755,-444
0070,12:40,760,-444
0070,12:45,765,-444
0070,12:50,770,-711
0070,12:55,775,-711
0070,13:00,780,-711
0070,13:05,785,-1422
0070,13:10,790,-1422
0070,13:15,795,-1422
0070,13:20,800,-1422
0070,13:25,805,603
0070,13:30,810,603
0070,13:35,815,603
0070,13:40,820,603
0070,13:45,825,603
0070,13:50,830,431
0070,13:55,835,431
0070,14:00,840,431
0070,14:05,845,431
0070,14:10,850,-89
0070,14:15,855,-89
0070,14:20,860,-89
0070,14:25,865,-89
0070,14:30,870,-267
0070,14:35,875,-267
0070,14:40,880,-267
0070,14:45,885,-622
0070,14:50,890,-622
0070,14:55,895,-622
0070,15:00,900,-622
0070,15:05,905,-622
0070,15:10,910,-1956
0070,15:15,915,-1956
0070,15:20,920,-1956
0070,15:25,925,-1956
0070,15:30,930,-3644
0070,15:35,935,-3644
0070,15:40,940,-3644
0070,15:45,945,-5156
0070,15:50,950,-5156
0070,15:55,955,-5156
0070,16:00,960,-5156
0070,16:05,965,-5156
0070,16:10,970,-1156
0070,16:15,975,-1156
0070,16:20,980,-1156
0070,16:25,985,-1156
0070,16:30,990,-2311
0070,16:35,995,-2311
0070,16:40,1000,-2311
0070,16:45,1005,-2311
0070,16:50,1010,-3289
0070,16:55,1015,-3289
0070,17:00,1020,-3289
0070,17:05,1025,-3378
0070,17:10,1030,-3378
0070,17:15,1035,-3378
0070,17:20,1040,-3378
0070,17:25,1045,-3378
0070,17:30,1050,-3733
0070,17:35,1055,-3733
0070,17:40,1060,-3733
0070,17:45,1065,-3733
0070,17:50,1070,-4356
0070,17:55,1075,-4356
0070,18:00,1080,-4356
0070,18:05,1085,-4356
0070,18:10,1090,-4978
0070,18:15,1095,-4978
0070,18:20,1100,-4978
0070,18:25,1105,-4978
0070,18:30,1110,-4978
0070,18:35,1115,-4978
0070,18:40,1120,-4978
0070,18:45,1125,-4978
0070,18:50,1130,-4978
0070,18:55,1135,-4978
0070,19:00,1140,-4978
0070,19:05,1145,-4978
0070,19:10,1150,-4978
0070,19:15,1155,-4978
0070,19:20,1160,-4978
0070,19:25,1165,-5333
0070,19:30,1170,-5333
0070,19:35,1175,-5333
0070,19:40,1180,-5333
0070,19:45,1185,-5333
0070,19:50,1190,-5333
0070,19:55,1195,-5333
0070,20:00,1200,-5333
0070,20:05,1205,-5333
0070,20:10,1210,-6311
0070,20:15,1215,-6311
0070,20:20,1220,-6311
0070,20:25,1225,-6311
0070,20:30,1230,-6489
0070,20:35,1235,-6489
0070,20:40,1240,-6489
0070,20:45,1245,-6489
0070,20:50,1250,-6489
0070,20:55,1255,-6489
0070,21:00,1260,-6489
0070,21:05,1265,-6489
0070,21:10,1270,-6489
0070,21:15,1275,-6489
0070,21:20,1280,-6489
0070,21:25,1285,-6489
0070,21:30,1290,-6489
0070,21:35,1295,-6489
0070,21:40,1300,-6489
0070,21:45,1305,-6489
0070,21:50,1310,-6489
0070,21:55,1315,-6489
0070,22:00,1320,-6489
0070,22:05,1325,-6489
0070,22:10,1330,-6489
0070,22:15,1335,-6489
0070,22:20,1340,-6489
0070,22:25,1345,-6489
0070,22:30,1350,-6489
0070,22:35,1355,-6489
0070,22:40,1360,-6489
0070,22:45,1365,-6489
0070,22:50,1370,-6489
0070,22:55,1375,-6489
0070,23:00,1380,-6489
0070,23:05,1385,-6489
0070,23:10,1390,-6489
0070,23:15,1395,-6489
0070,23:16,1396,-6489
0070,23:20,1400,-6489
0071,09:00,540,0
0071,09:05,545,0
0071,09:10,550,0
0071,09:15,555,0
0071,09:20,560,0
0071,09:25,565,0
0071,09:30,570,0
0071,09:35,575,0
0071,09:40,580,0
0071,09:45,585,0
0071,09:50,590,0
0071,09:55,595,0
0071,10:00,600,0
0071,10:05,605,0
0071,10:10,610,0
0071,10:15,615,0
0071,10:20,620,0
0071,10:25,625,0
0071,10:30,630,0
0071,10:35,635,0
0071,10:40,640,0
0071,10:45,645,0
0071,10:50,650,0
0071,10:55,655,0
0071,11:00,660,0
0071,11:05,665,0
0071,11:10,670,0
0071,11:15,675,0
0071,11:20,680,0
0071,11:25,685,0
0071,11:30,690,0
0071,11:35,695,0
0071,11:40,700,0
0071,11:45,705,0
0071,11:50,710,0
0071,11:55,715,0
0071,12:00,720,0
0071,12:05,725,0
0071,12:10,730,0
0071,12:15,735,0
0071,12:20,740,0
0071,12:25,745,0
0071,12:30,750,3534
0071,12:35,755,3534
0071,12:40,760,3534
0071,12:45,765,3534
0071,12:50,770,2414
0071,12:55,775,2414
0071,13:00,780,2414
0071,13:05,785,1207
0071,13:10,790,1207
0071,13:15,795,1207
0071,13:20,800,1207
0071,13:25,805,-533
0071,13:30,810,-533
0071,13:35,815,-533
0071,13:40,820,-533
0071,13:45,825,-533
0071,13:50,830,-2044
0071,13:55,835,-2044
0071,14:00,840,-2044
0071,14:05,845,-2044
0071,14:10,850,-3289
0071,14:15,855,-3289
0071,14:20,860,-3289
0071,14:25,865,-3289
0071,14:30,870,-4800
0071,14:35,875,-4800
0071,14:40,880,-4800
0071,14:45,885,-5067
0071,14:50,890,-5067
0071,14:55,895,-5067
0071,15:00,900,-5067
0071,15:05,905,-5067
0071,15:10,910,-5867
0071,15:15,915,-5867
0071,15:20,920,-5867
0071,15:25,925,-5867
0071,15:30,930,-3289
0071,15:35,935,-3289
0071,15:40,940,-3289
0071,15:45,945,1207
0071,15:50,950,1207
0071,15:55,955,1207
0071,16:00,960,1207
0071,16:05,965,1207
0071,16:10,970,431
0071,16:15,975,431
0071,16:20,980,431
0071,16:25,985,431
0071,16:30,990,2241
0071,16:35,995,2241
0071,16:40,1000,2241
0071,16:45,1005,2241
0071,16:50,1010,776
0071,16:55,1015,776
0071,17:00,1020,776
0071,17:05,1025,-178
0071,17:10,1030,-178
0071,17:15,1035,-178
0071,17:20,1040,-178
0071,17:25,1045,-178
0071,17:30,1050,1810
0071,17:35,1055,1810
0071,17:40,1060,1810
0071,17:45,1065,1810
0071,17:50,1070,2500
0071,17:55,1075,2500
0071,18:00,1080,2500
0071,18:05,1085,2500
0071,18:10,1090,1207
0071,18:15,1095,1207
0071,18:20,1100,1207
0071,18:25,1105,-444
0071,18:30,1110,-444
0071,18:35,1115,-444
0071,18:40,1120,-444
0071,18:45,1125,-444
0071,18:50,1130,86
0071,18:55,1135,86
0071,19:00,1140,86
0071,19:05,1145,86
0071,19:10,1150,2586
0071,19:15,1155,2586
0071,19:20,1160,2586
0071,19:25,1165,2328
0071,19:30,1170,2328
0071,19:35,1175,2328
0071,19:40,1180,2328
0071,19:45,1185,1897
0071,19:50,1190,1897
0071,19:55,1195,1897
0071,20:00,1200,1897
0071,20:05,1205,1897
0071,20:10,1210,1638
0071,20:15,1215,1638
0071,20:20,1220,1638
0071,20:25,1225,1638
0071,20:30,1230,345
0071,20:35,1235,345
0071,20:40,1240,345
0071,20:45,1245,-622
0071,20:50,1250,-622
0071,20:55,1255,-622
0071,21:00,1260,-622
0071,21:05,1265,-622
0071,21:10,1270,-622
0071,21:15,1275,-622
0071,21:20,1280,-622
0071,21:25,1285,-622
0071,21:30,1290,-622
0071,21:35,1295,-622
0071,21:40,1300,-622
0071,21:45,1305,-622
0071,21:50,1310,-622
0071,21:55,1315,-622
0071,22:00,1320,-622
0071,22:05,1325,-622
0071,22:10,1330,-622
0071,22:15,1335,-622
0071,22:20,1340,-622
0071,22:25,1345,-622
0071,22:30,1350,-622
0071,22:35,1355,-622
0071,22:40,1360,-622
0071,22:45,1365,-622
0071,22:50,1370,-622
0071,22:55,1375,-622
0071,23:00,1380,-622
0071,23:05,1385,-622
0071,23:10,1390,-622
0071,23:15,1395,-622
0071,23:16,1396,-622
0071,23:20,1400,-622
0072,09:00,540,0
0072,09:05,545,0
0072,09:10,550,0
0072,09:15,555,0
0072,09:20,560,0
0072,09:25,565,0
0072,09:30,570,0
0072,09:35,575,0
0072,09:40,580,0
0072,09:45,585,0
0072,09:50,590,0
0072,09:55,595,0
0072,10:00,600,0
0072,10:05,605,0
0072,10:10,610,0
0072,10:15,615,0
0072,10:20,620,0
0072,10:25,625,0
0072,10:30,630,0
0072,10:35,635,0
0072,10:40,640,-89
0072,10:45,645,-89
0072,10:50,650,-89
0072,10:55,655,-89
0072,11:00,660,-1244
0072,11:05,665,-1244
0072,11:10,670,-178
0072,11:15,675,-178
0072,11:20,680,-178
0072,11:25,685,-178
0072,11:30,690,6552
0072,11:35,695,6552
0072,11:40,700,6552
0072,11:45,705,5776
0072,11:50,710,5776
0072,11:55,715,5776
0072,12:00,720,5776
0072,12:05,725,5259
0072,12:10,730,5259
0072,12:15,735,5259
0072,12:20,740,5259
0072,12:25,745,5259
0072,12:30,750,3621
0072,12:35,755,3621
0072,12:40,760,3621
0072,12:45,765,3621
0072,12:50,770,2931
0072,12:55,775,2931
0072,13:00,780,2931
0072,13:05,785,2931
0072,13:10,790,2931
0072,13:15,795,2931
0072,13:20,800,2931
0072,13:25,805,2155
0072,13:30,810,2155
0072,13:35,815,2155
0072,13:40,820,2155
0072,13:45,825,2155
0072,13:50,830,948
0072,13:55,835,948
0072,14:00,840,948
0072,14:05,845,948
0072,14:10,850,259
0072,14:15,855,259
0072,14:20,860,259
0072,14:25,865,259
0072,14:30,870,86
0072,14:35,875,86
0072,14:40,880,86
0072,14:45,885,86
0072,14:50,890,86
0072,14:55,895,86
0072,15:00,900,86
0072,15:05,905,86
0072,15:10,910,-622
0072,15:15,915,-622
0072,15:20,920,-622
0072,15:25,925,-622
0072,15:30,930,-2222
0072,15:35,935,-2222
0072,15:40,940,-2222
0072,15:45,945,-3644
0072,15:50,950,-3644
0072,15:55,955,-3644
0072,16:00,960,-3644
0072,16:05,965,-3644
0072,16:10,970,-4711
0072,16:15,975,-4711
0072,16:20,980,-4711
0072,16:25,985,-4711
0072,16:30,990,-3911
0072,16:35,995,-3911
0072,16:40,1000,-3911
0072,16:45,1005,-3911
0072,16:50,1010,-5511
0072,16:55,1015,-5511
0072,17:00,1020,-5511
0072,17:05,1025,-3556
0072,17:10,1030,-3556
0072,17:15,1035,-3556
0072,17:20,1040,-3556
0072,17:25,1045,-3556
0072,17:30,1050,-2311
0072,17:35,1055,-2311
0072,17:40,1060,-2311
0072,17:45,1065,-2311
0072,17:50,1070,-3644
0072,17:55,1075,-3644
0072,18:00,1080,-3644
0072,18:05,1085,-3644
0072,18:10,1090,-5067
0072,18:15,1095,-5067
0072,18:20,1100,-5067
0072,18:25,1105,-6756
0072,18:30,1110,-6756
0072,18:35,1115,-6756
0072,18:40,1120,-6756
0072,18:45,1125,-6756
0072,18:50,1130,-7200
0072,18:55,1135,-7200
0072,19:00,1140,-7200
0072,19:05,1145,-7200
0072,19:10,1150,-4711
0072,19:15,1155,-4711
0072,19:20,1160,-4711
0072,19:25,1165,-2044
0072,19:30,1170,-2044
0072,19:35,1175,-2044
0072,19:40,1180,-2044
0072,19:45,1185,-2933
0072,19:50,1190,-2933
0072,19:55,1195,-2933
0072,20:00,1200,-2933
0072,20:05,1205,-2933
0072,20:10,1210,-3022
0072,20:15,1215,-3022
0072,20:20,1220,-3022
0072,20:25,1225,-3022
0072,20:30,1230,-3022
0072,20:35,1235,-3022
0072,20:40,1240,-3022
0072,20:45,1245,-3467
0072,20:50,1250,-3467
0072,20:55,1255,-3467
0072,21:00,1260,-3467
0072,21:05,1265,-3467
0072,21:10,1270,-3467
0072,21:15,1275,-3467
0072,21:20,1280,-3467
0072,21:25,1285,-3467
0072,21:30,1290,-3467
0072,21:35,1295,-3467
0072,21:40,1300,-3467
0072,21:45,1305,-3467
0072,21:50,1310,-3467
0072,21:55,1315,-3467
0072,22:00,1320,-3467
0072,22:05,1325,-3467
0072,22:10,1330,-3467
0072,22:15,1335,-3467
0072,22:20,1340,-3467
0072,22:25,1345,-3467
0072,22:30,1350,-3467
0072,22:35,1355,-3467
0072,22:40,1360,-3467
0072,22:45,1365,-3467
0072,22:50,1370,-3467
0072,22:55,1375,-3467
0072,23:00,1380,-3467
0072,23:05,1385,-3467
0072,23:10,1390,-3467
0072,23:15,1395,-3467
0072,23:16,1396,-3467
0072,23:20,1400,-3467
0073,09:00,540,0
0073,09:05,545,0
0073,09:10,550,0
0073,09:15,555,0
0073,09:20,560,0
0073,09:25,565,0
0073,09:30,570,0
0073,09:35,575,0
0073,09:40,580,0
0073,09:45,585,0
0073,09:50,590,0
0073,09:55,595,0
0073,10:00,600,0
0073,10:05,605,0
0073,10:10,610,0
0073,10:15,615,0
0073,10:20,620,0
0073,10:25,625,-889
0073,10:30,630,-889
0073,10:35,635,-889
0073,10:40,640,-1600
0073,10:45,645,-1600
0073,10:50,650,-1600
0073,10:55,655,-1600
0073,11:00,660,-2489
0073,11:05,665,-2489
0073,11:10,670,-3022
0073,11:15,675,-3022
0073,11:20,680,-3022
0073,11:25,685,-3022
0073,11:30,690,-3911
0073,11:35,695,-3911
0073,11:40,700,-3911
0073,11:45,705,-3911
0073,11:50,710,-3911
0073,11:55,715,-3911
0073,12:00,720,-3911
0073,12:05,725,-4444
0073,12:10,730,-4444
0073,12:15,735,-4444
0073,12:20,740,-4444
0073,12:25,745,-4444
0073,12:30,750,-4089
0073,12:35,755,-4089
0073,12:40,760,-4089
0073,12:45,765,-4089
0073,12:50,770,-4978
0073,12:55,775,-4978
0073,13:00,780,-4978
0073,13:05,785,-5867
0073,13:10,790,-5867
0073,13:15,795,-5867
0073,13:20,800,-5867
0073,13:25,805,-6933
0073,13:30,810,-6933
0073,13:35,815,-6933
0073,13:40,820,-6933
0073,13:45,825,-6933
0073,13:50,830,-7289
0073,13:55,835,-7289
0073,14:00,840,-7289
0073,14:05,845,-7289
0073,14:10,850,-8178
0073,14:15,855,-8178
0073,14:20,860,-8178
0073,14:25,865,-8178
0073,14:30,870,-9422
0073,14:35,875,-9422
0073,14:40,880,-9422
0073,14:45,885,-10133
0073,14:50,890,-10133
0073,14:55,895,-10133
0073,15:00,900,-10133
0073,15:05,905,-10133
0073,15:10,910,-11022
0073,15:15,915,-11022
0073,15:20,920,-11022
0073,15:25,925,-11022
0073,15:30,930,-11733
0073,15:35,935,-11733
0073,15:40,940,-11733
0073,15:45,945,-11733
0073,15:50,950,-11733
0073,15:55,955,-11733
0073,16:00,960,-11733
0073,16:05,965,-11733
0073,16:10,970,-11733
0073,16:15,975,-11733
0073,16:20,980,-11733
0073,16:25,985,-11733
0073,16:30,990,-12089
0073,16:35,995,-12089
0073,16:40,1000,-12089
0073,16:45,1005,-12089
0073,16:50,1010,-12800
0073,16:55,1015,-12800
0073,17:00,1020,-12800
0073,17:05,1025,-13511
0073,17:10,1030,-13511
0073,17:15,1035,-13511
0073,17:20,1040,-13511
0073,17:25,1045,-13511
0073,17:30,1050,-15111
0073,17:35,1055,-15111
0073,17:40,1060,-15111
0073,17:45,1065,-15111
0073,17:50,1070,-15467
0073,17:55,1075,-15467
0073,18:00,1080,-15467
0073,18:05,1085,-15467
0073,18:10,1090,-16000
0073,18:15,1095,-16000
0073,18:20,1100,-16000
0073,18:25,1105,-15289
0073,18:30,1110,-15289
0073,18:35,1115,-15289
0073,18:40,1120,-15289
0073,18:45,1125,-15289
0073,18:50,1130,-14578
0073,18:55,1135,-14578
0073,19:00,1140,-14578
0073,19:05,1145,-14578
0073,19:10,1150,-10667
0073,19:15,1155,-10667
0073,19:20,1160,-10667
0073,19:25,1165,-11200
0073,19:30,1170,-11200
0073,19:35,1175,-11200
0073,19:40,1180,-11200
0073,19:45,1185,-11378
0073,19:50,1190,-11378
0073,19:55,1195,-11378
0073,20:00,1200,-11378
0073,20:05,1205,-11378
0073,20:10,1210,-12089
0073,20:15,1215,-12089
0073,20:20,1220,-12089
0073,20:25,1225,-12089
0073,20:30,1230,-12267
0073,20:35,1235,-12267
0073,20:40,1240,-12267
0073,20:45,1245,-12444
0073,20:50,1250,-12444
0073,20:55,1255,-12444
0073,21:00,1260,-12444
0073,21:05,1265,-12444
0073,21:10,1270,-12444
0073,21:15,1275,-12444
0073,21:20,1280,-12444
0073,21:25,1285,-12444
0073,21:30,1290,-12444
0073,21:35,1295,-12444
0073,21:40,1300,-12444
0073,21:45,1305,-12622
0073,21:50,1310,-12622
0073,21:55,1315,-12622
0073,22:00,1320,-12622
0073,22:05,1325,-12800
0073,22:10,1330,-12800
0073,22:15,1335,-12800
0073,22:20,1340,-12800
0073,22:25,1345,-12800
0073,22:30,1350,-12978
0073,22:35,1355,-12978
0073,22:40,1360,-12978
0073,22:45,1365,-12978
0073,22:50,1370,-12978
0073,22:55,1375,-12978
0073,23:00,1380,-12978
0073,23:05,1385,-12978
0073,23:10,1390,-12978
0073,23:15,1395,-12978
0073,23:16,1396,-12978
0073,23:20,1400,-12978
0074,09:00,540,0
0074,09:05,545,0
0074,09:10,550,0
0074,09:15,555,0
0074,09:20,560,0
0074,09:25,565,0
0074,09:30,570,0
0074,09:35,575,0
0074,09:40,580,0
0074,09:45,585,0
0074,09:50,590,0
0074,09:55,595,0
0074,10:00,600,0
0074,10:05,605,0
0074,10:10,610,0
0074,10:15,615,0
0074,10:20,620,0
0074,10:25,625,-1277
0074,10:30,630,-1277
0074,10:35,635,-1277
0074,10:40,640,-2043
0074,10:45,645,-2043
0074,10:50,650,-2043
0074,10:55,655,-2043
0074,11:00,660,-3319
0074,11:05,665,-3319
0074,11:10,670,-3574
0074,11:15,675,-3574
0074,11:20,680,-3574
0074,11:25,685,-3574
0074,11:30,690,-1532
0074,11:35,695,-1532
0074,11:40,700,-1532
0074,11:45,705,-2809
0074,11:50,710,-2809
0074,11:55,715,-2809
0074,12:00,720,-2809
0074,12:05,725,-1532
0074,12:10,730,-1532
0074,12:15,735,-1532
0074,12:20,740,-1532
0074,12:25,745,-1532
0074,12:30,750,-3319
0074,12:35,755,-3319
0074,12:40,760,-3319
0074,12:45,765,-3319
0074,12:50,770,-4596
0074,12:55,775,-4596
0074,13:00,780,-4596
0074,13:05,785,-5872
0074,13:10,790,-5872
0074,13:15,795,-5872
0074,13:20,800,-5872
0074,13:25,805,-7404
0074,13:30,810,-7404
0074,13:35,815,-7404
0074,13:40,820,-7404
0074,13:45,825,-7404
0074,13:50,830,-8426
0074,13:55,835,-8426
0074,14:00,840,-8426
0074,14:05,845,-8426
0074,14:10,850,-9191
0074,14:15,855,-9191
0074,14:20,860,-9191
0074,14:25,865,-9191
0074,14:30,870,-10723
0074,14:35,875,-10723
0074,14:40,880,-10723
0074,14:45,885,-11745
0074,14:50,890,-11745
0074,14:55,895,-11745
0074,15:00,900,-11745
0074,15:05,905,-11745
0074,15:10,910,-12511
0074,15:15,915,-12511
0074,15:20,920,-12511
0074,15:25,925,-12511
0074,15:30,930,-13532
0074,15:35,935,-13532
0074,15:40,940,-13532
0074,15:45,945,-14553
0074,15:50,950,-14553
0074,15:55,955,-14553
0074,16:00,960,-14553
0074,16:05,965,-14553
0074,16:10,970,-15319
0074,16:15,975,-15319
0074,16:20,980,-15319
0074,16:25,985,-15319
0074,16:30,990,-16340
0074,16:35,995,-16340
0074,16:40,1000,-16340
0074,16:45,1005,-16340
0074,16:50,1010,-17106
0074,16:55,1015,-17106
0074,17:00,1020,-17106
0074,17:05,1025,-17617
0074,17:10,1030,-17617
0074,17:15,1035,-17617
0074,17:20,1040,-17617
0074,17:25,1045,-17617
0074,17:30,1050,-18128
0074,17:35,1055,-18128
0074,17:40,1060,-18128
0074,17:45,1065,-18128
0074,17:50,1070,-19404
0074,17:55,1075,-19404
0074,18:00,1080,-19404
0074,18:05,1085,-19404
0074,18:10,1090,-19404
0074,18:15,1095,-19404
0074,18:20,1100,-19404
0074,18:25,1105,-19404
0074,18:30,1110,-19404
0074,18:35,1115,-19404
0074,18:40,1120,-19404
0074,18:45,1125,-19404
0074,18:50,1130,-19404
0074,18:55,1135,-19404
0074,19:00,1140,-19404
0074,19:05,1145,-19404
0074,19:10,1150,-19404
0074,19:15,1155,-19404
0074,19:20,1160,-19404
0074,19:25,1165,-19404
0074,19:30,1170,-19404
0074,19:35,1175,-19404
0074,19:40,1180,-19404
0074,19:45,1185,-19404
0074,19:50,1190,-19404
0074,19:55,1195,-19404
0074,20:00,1200,-19404
0074,20:05,1205,-19404
0074,20:10,1210,-19404
0074,20:15,1215,-19404
0074,20:20,1220,-19404
0074,20:25,1225,-19404
0074,20:30,1230,-20936
0074,20:35,1235,-20936
0074,20:40,1240,-20936
0074,20:45,1245,-20936
0074,20:50,1250,-20936
0074,20:55,1255,-20936
0074,21:00,1260,-20936
0074,21:05,1265,-20936
0074,21:10,1270,-20936
0074,21:15,1275,-20936
0074,21:20,1280,-20936
0074,21:25,1285,-20936
0074,21:30,1290,-20936
0074,21:35,1295,-20936
0074,21:40,1300,-20936
0074,21:45,1305,-21447
0074,21:50,1310,-21447
0074,21:55,1315,-21447
0074,22:00,1320,-21447
0074,22:05,1325,-22723
0074,22:10,1330,-22723
0074,22:15,1335,-22723
0074,22:20,1340,-22723
0074,22:25,1345,-22723
0074,22:30,1350,-24000
0074,22:35,1355,-24000
0074,22:40,1360,-24000
0074,22:45,1365,-24000
0074,22:50,1370,-24255
0074,22:55,1375,-24255
0074,23:00,1380,-24255
0074,23:05,1385,-24255
0074,23:10,1390,-24255
0074,23:15,1395,-24255
0074,23:16,1396,-24255
0074,23:20,1400,-24255
0075,09:00,540,0
0075,09:05,545,0
0075,09:10,550,0
0075,09:15,555,0
0075,09:20,560,0
0075,09:25,565,0
0075,09:30,570,0
0075,09:35,575,0
0075,09:40,580,0
0075,09:45,585,0
0075,09:50,590,0
0075,09:55,595,0
0075,10:00,600,0
0075,10:05,605,0
0075,10:10,610,0
0075,10:15,615,0
0075,10:20,620,0
0075,10:25,625,0
0075,10:30,630,0
0075,10:35,635,0
0075,10:40,640,0
0075,10:45,645,0
0075,10:50,650,0
0075,10:55,655,0
0075,11:00,660,0
0075,11:05,665,0
0075,11:10,670,0
0075,11:15,675,0
0075,11:20,680,0
0075,11:25,685,0
0075,11:30,690,-519
0075,11:35,695,-519
0075,11:40,700,-519
0075,11:45,705,-519
0075,11:50,710,-519
0075,11:55,715,-519
0075,12:00,720,-519
0075,12:05,725,-519
0075,12:10,730,-519
0075,12:15,735,-519
0075,12:20,740,-519
0075,12:25,745,-519
0075,12:30,750,-519
0075,12:35,755,-519
0075,12:40,760,-519
0075,12:45,765,-519
0075,12:50,770,-519
0075,12:55,775,-519
0075,13:00,780,-519
0075,13:05,785,-519
0075,13:10,790,-519
0075,13:15,795,-519
0075,13:20,800,-519
0075,13:25,805,-519
0075,13:30,810,-519
0075,13:35,815,-519
0075,13:40,820,-519
0075,13:45,825,-519
0075,13:50,830,-519
0075,13:55,835,-519
0075,14:00,840,-519
0075,14:05,845,-519
0075,14:10,850,-779
0075,14:15,855,-779
0075,14:20,860,-779
0075,14:25,865,-779
0075,14:30,870,2821
0075,14:35,875,2821
0075,14:40,880,2821
0075,14:45,885,8462
0075,14:50,890,8462
0075,14:55,895,8462
0075,15:00,900,8462
0075,15:05,905,8462
0075,15:10,910,12564
0075,15:15,915,12564
0075,15:20,920,12564
0075,15:25,925,12564
0075,15:30,930,11538
0075,15:35,935,11538
0075,15:40,940,11538
0075,15:45,945,10513
0075,15:50,950,10513
0075,15:55,955,10513
0075,16:00,960,10513
0075,16:05,965,10513
0075,16:10,970,11282
0075,16:15,975,11282
0075,16:20,980,11282
0075,16:25,985,11282
0075,16:30,990,18205
0075,16:35,995,18205
0075,16:40,1000,18205
0075,16:45,1005,18205
0075,16:50,1010,19487
0075,16:55,1015,19487
0075,17:00,1020,19487
0075,17:05,1025,18205
0075,17:10,1030,18205
0075,17:15,1035,18205
0075,17:20,1040,18205
0075,17:25,1045,18205
0075,17:30,1050,17179
0075,17:35,1055,17179
0075,17:40,1060,17179
0075,17:45,1065,17179
0075,17:50,1070,16923
0075,17:55,1075,16923
0075,18:00,1080,16923
0075,18:05,1085,16923
0075,18:10,1090,22308
0075,18:15,1095,22308
0075,18:20,1100,22308
0075,18:25,1105,29744
0075,18:30,1110,29744
0075,18:35,1115,29744
0075,18:40,1120,29744
0075,18:45,1125,29744
0075,18:50,1130,34615
0075,18:55,1135,34615
0075,19:00,1140,34615
0075,19:05,1145,34615
0075,19:10,1150,33846
0075,19:15,1155,33846
0075,19:20,1160,33846
0075,19:25,1165,32308
0075,19:30,1170,32308
0075,19:35,1175,32308
0075,19:40,1180,32308
0075,19:45,1185,32308
0075,19:50,1190,32308
0075,19:55,1195,32308
0075,20:00,1200,32308
0075,20:05,1205,32308
0075,20:10,1210,32308
0075,20:15,1215,32308
0075,20:20,1220,32308
0075,20:25,1225,32308
0075,20:30,1230,32308
0075,20:35,1235,32308
0075,20:40,1240,32308
0075,20:45,1245,30769
0075,20:50,1250,30769
0075,20:55,1255,30769
0075,21:00,1260,30769
0075,21:05,1265,30769
0075,21:10,1270,29744
0075,21:15,1275,29744
0075,21:20,1280,29744
0075,21:25,1285,29744
0075,21:30,1290,28462
0075,21:35,1295,28462
0075,21:40,1300,28462
0075,21:45,1305,27949
0075,21:50,1310,27949
0075,21:55,1315,27949
0075,22:00,1320,27949
0075,22:05,1325,27949
0075,22:10,1330,27949
0075,22:15,1335,27949
0075,22:20,1340,27949
0075,22:25,1345,27949
0075,22:30,1350,27949
0075,22:35,1355,27949
0075,22:40,1360,27949
0075,22:45,1365,27949
0075,22:50,1370,27949
0075,22:55,1375,27949
0075,23:00,1380,27949
0075,23:05,1385,27949
0075,23:10,1390,27949
0075,23:15,1395,27949
0075,23:16,1396,27949
0075,23:20,1400,27949
0076,09:00,540,0
0076,09:05,545,0
0076,09:10,550,0
0076,09:15,555,0
0076,09:20,560,0
0076,09:25,565,0
0076,09:30,570,0
0076,09:35,575,0
0076,09:40,580,0
0076,09:45,585,0
0076,09:50,590,0
0076,09:55,595,0
0076,10:00,600,0
0076,10:05,605,0
0076,10:10,610,0
0076,10:15,615,0
0076,10:20,620,0
0076,10:25,625,-178
0076,10:30,630,-178
0076,10:35,635,-178
0076,10:40,640,1034
0076,10:45,645,1034
0076,10:50,650,1034
0076,10:55,655,1034
0076,11:00,660,0
0076,11:05,665,0
0076,11:10,670,-533
0076,11:15,675,-533
0076,11:20,680,-533
0076,11:25,685,-533
0076,11:30,690,-1244
0076,11:35,695,-1244
0076,11:40,700,-1244
0076,11:45,705,-1244
0076,11:50,710,-1244
0076,11:55,715,-1244
0076,12:00,720,-1244
0076,12:05,725,-1422
0076,12:10,730,-1422
0076,12:15,735,-1422
0076,12:20,740,-1422
0076,12:25,745,-1422
0076,12:30,750,3793
0076,12:35,755,3793
0076,12:40,760,3793
0076,12:45,765,3793
0076,12:50,770,4138
0076,12:55,775,4138
0076,13:00,780,4138
0076,13:05,785,2931
0076,13:10,790,2931
0076,13:15,795,2931
0076,13:20,800,2931
0076,13:25,805,1207
0076,13:30,810,1207
0076,13:35,815,1207
0076,13:40,820,1207
0076,13:45,825,1207
0076,13:50,830,-178
0076,13:55,835,-178
0076,14:00,840,-178
0076,14:05,845,-178
0076,14:10,850,-1067
0076,14:15,855,-1067
0076,14:20,860,-1067
0076,14:25,865,-1067
0076,14:30,870,-1244
0076,14:35,875,-1244
0076,14:40,880,-1244
0076,14:45,885,-1422
0076,14:50,890,-1422
0076,14:55,895,-1422
0076,15:00,900,-1422
0076,15:05,905,-1422
0076,15:10,910,-2311
0076,15:15,915,-2311
0076,15:20,920,-2311
0076,15:25,925,-2311
0076,15:30,930,-3022
0076,15:35,935,-3022
0076,15:40,940,-3022
0076,15:45,945,-3378
0076,15:50,950,-3378
0076,15:55,955,-3378
0076,16:00,960,-3378
0076,16:05,965,-3378
0076,16:10,970,-4089
0076,16:15,975,-4089
0076,16:20,980,-4089
0076,16:25,985,-4089
0076,16:30,990,-4800
0076,16:35,995,-4800
0076,16:40,1000,-4800
0076,16:45,1005,-4800
0076,16:50,1010,-4800
0076,16:55,1015,-4800
0076,17:00,1020,-4800
0076,17:05,1025,-5689
0076,17:10,1030,-5689
0076,17:15,1035,-5689
0076,17:20,1040,-5689
0076,17:25,1045,-5689
0076,17:30,1050,-5867
0076,17:35,1055,-5867
0076,17:40,1060,-5867
0076,17:45,1065,-5867
0076,17:50,1070,-5867
0076,17:55,1075,-5867
0076,18:00,1080,-5867
0076,18:05,1085,-5867
0076,18:10,1090,-5867
0076,18:15,1095,-5867
0076,18:20,1100,-5867
0076,18:25,1105,-6756
0076,18:30,1110,-6756
0076,18:35,1115,-6756
0076,18:40,1120,-6756
0076,18:45,1125,-6756
0076,18:50,1130,-8000
0076,18:55,1135,-8000
0076,19:00,1140,-8000
0076,19:05,1145,-8000
0076,19:10,1150,-4444
0076,19:15,1155,-4444
0076,19:20,1160,-4444
0076,19:25,1165,-1600
0076,19:30,1170,-1600
0076,19:35,1175,-1600
0076,19:40,1180,-1600
0076,19:45,1185,-2667
0076,19:50,1190,-2667
0076,19:55,1195,-2667
0076,20:00,1200,-2667
0076,20:05,1205,-2667
0076,20:10,1210,-4089
0076,20:15,1215,-4089
0076,20:20,1220,-4089
0076,20:25,1225,-4089
0076,20:30,1230,-5867
0076,20:35,1235,-5867
0076,20:40,1240,-5867
0076,20:45,1245,-7111
0076,20:50,1250,-7111
0076,20:55,1255,-7111
0076,21:00,1260,-7111
0076,21:05,1265,-7111
0076,21:10,1270,-6222
0076,21:15,1275,-6222
0076,21:20,1280,-6222
0076,21:25,1285,-6222
0076,21:30,1290,-8000
0076,21:35,1295,-8000
0076,21:40,1300,-8000
0076,21:45,1305,-9244
0076,21:50,1310,-9244
0076,21:55,1315,-9244
0076,22:00,1320,-9244
0076,22:05,1325,-10311
0076,22:10,1330,-10311
0076,22:15,1335,-10311
0076,22:20,1340,-10311
0076,22:25,1345,-10311
0076,22:30,1350,-11911
0076,22:35,1355,-11911
0076,22:40,1360,-11911
0076,22:45,1365,-11911
0076,22:50,1370,-12267
0076,22:55,1375,-12267
0076,23:00,1380,-12267
0076,23:05,1385,-12267
0076,23:10,1390,-12267
0076,23:15,1395,-12267
0076,23:16,1396,-12267
0076,23:20,1400,-12267
0077,09:00,540,0
0077,09:05,545,0
0077,09:10,550,0
0077,09:15,555,0
0077,09:20,560,0
0077,09:25,565,0
0077,09:30,570,0
0077,09:35,575,0
0077,09:40,580,0
0077,09:45,585,0
0077,09:50,590,0
0077,09:55,595,0
0077,10:00,600,0
0077,10:05,605,0
0077,10:10,610,0
0077,10:15,615,0
0077,10:20,620,0
0077,10:25,625,-356
0077,10:30,630,-356
0077,10:35,635,-356
0077,10:40,640,-1244
0077,10:45,645,-1244
0077,10:50,650,-1244
0077,10:55,655,-1244
0077,11:00,660,-1956
0077,11:05,665,-1956
0077,11:10,670,-2311
0077,11:15,675,-2311
0077,11:20,680,-2311
0077,11:25,685,-2311
0077,11:30,690,-3200
0077,11:35,695,-3200
0077,11:40,700,-3200
0077,11:45,705,-3378
0077,11:50,710,-3378
0077,11:55,715,-3378
0077,12:00,720,-3378
0077,12:05,725,-3378
0077,12:10,730,-3378
0077,12:15,735,-3378
0077,12:20,740,-3378
0077,12:25,745,-3378
0077,12:30,750,-3378
0077,12:35,755,-3378
0077,12:40,760,-3378
0077,12:45,765,-3378
0077,12:50,770,-3911
0077,12:55,775,-3911
0077,13:00,780,-3911
0077,13:05,785,-1600
0077,13:10,790,-1600
0077,13:15,795,-1600
0077,13:20,800,-1600
0077,13:25,805,-3556
0077,13:30,810,-3556
0077,13:35,815,-3556
0077,13:40,820,-3556
0077,13:45,825,-3556
0077,13:50,830,-5156
0077,13:55,835,-5156
0077,14:00,840,-5156
0077,14:05,845,-5156
0077,14:10,850,-6400
0077,14:15,855,-6400
0077,14:20,860,-6400
0077,14:25,865,-6400
0077,14:30,870,-8178
0077,14:35,875,-8178
0077,14:40,880,-8178
0077,14:45,885,-7822
0077,14:50,890,-7822
0077,14:55,895,-7822
0077,15:00,900,-7822
0077,15:05,905,-7822
0077,15:10,910,-8889
0077,15:15,915,-8889
0077,15:20,920,-8889
0077,15:25,925,-8889
0077,15:30,930,-10667
0077,15:35,935,-10667
0077,15:40,940,-10667
0077,15:45,945,-12267
0077,15:50,950,-12267
0077,15:55,955,-12267
0077,16:00,960,-12267
0077,16:05,965,-12267
0077,16:10,970,-13333
0077,16:15,975,-13333
0077,16:20,980,-13333
0077,16:25,985,-13333
0077,16:30,990,-8711
0077,16:35,995,-8711
0077,16:40,1000,-8711
0077,16:45,1005,-8711
0077,16:50,1010,-5689
0077,16:55,1015,-5689
0077,17:00,1020,-5689
0077,17:05,1025,-6933
0077,17:10,1030,-6933
0077,17:15,1035,-6933
0077,17:20,1040,-6933
0077,17:25,1045,-6933
0077,17:30,1050,-8711
0077,17:35,1055,-8711
0077,17:40,1060,-8711
0077,17:45,1065,-8711
0077,17:50,1070,-10311
0077,17:55,1075,-10311
0077,18:00,1080,-10311
0077,18:05,1085,-10311
0077,18:10,1090,-10133
0077,18:15,1095,-10133
0077,18:20,1100,-10133
0077,18:25,1105,-11556
0077,18:30,1110,-11556
0077,18:35,1115,-11556
0077,18:40,1120,-11556
0077,18:45,1125,-11556
0077,18:50,1130,-13156
0077,18:55,1135,-13156
0077,19:00,1140,-13156
0077,19:05,1145,-13156
0077,19:10,1150,-14044
0077,19:15,1155,-14044
0077,19:20,1160,-14044
0077,19:25,1165,-9067
0077,19:30,1170,-9067
0077,19:35,1175,-9067
0077,19:40,1180,-9067
0077,19:45,1185,-10311
0077,19:50,1190,-10311
0077,19:55,1195,-10311
0077,20:00,1200,-10311
0077,20:05,1205,-10311
0077,20:10,1210,-10489
0077,20:15,1215,-10489
0077,20:20,1220,-10489
0077,20:25,1225,-10489
0077,20:30,1230,-10489
0077,20:35,1235,-10489
0077,20:40,1240,-10489
0077,20:45,1245,-10489
0077,20:50,1250,-10489
0077,20:55,1255,-10489
0077,21:00,1260,-10489
0077,21:05,1265,-10489
0077,21:10,1270,-10667
0077,21:15,1275,-10667
0077,21:20,1280,-10667
0077,21:25,1285,-10667
0077,21:30,1290,-10667
0077,21:35,1295,-10667
0077,21:40,1300,-10667
0077,21:45,1305,-10667
0077,21:50,1310,-10667
0077,21:55,1315,-10667
0077,22:00,1320,-10667
0077,22:05,1325,-10667
0077,22:10,1330,-10667
0077,22:15,1335,-10667
0077,22:20,1340,-10667
0077,22:25,1345,-10667
0077,22:30,1350,-11200
0077,22:35,1355,-11200
0077,22:40,1360,-11200
0077,22:45,1365,-11200
0077,22:50,1370,-11200
0077,22:55,1375,-11200
0077,23:00,1380,-11200
0077,23:05,1385,-11200
0077,23:10,1390,-11200
0077,23:15,1395,-11200
0077,23:16,1396,-11200
0077,23:20,1400,-11200
