machine,time,minute,value
0039,09:00,540,0
0039,09:05,545,0
0039,09:10,550,0
0039,09:15,555,0
0039,09:20,560,0
0039,09:25,565,0
0039,09:30,570,0
0039,09:35,575,0
0039,09:40,580,0
0039,09:45,585,0
0039,09:50,590,0
0039,09:55,595,0
0039,10:00,600,0
0039,10:05,605,0
0039,10:10,610,0
0039,10:15,615,0
0039,10:20,620,0
0039,10:25,625,-178
0039,10:30,630,-178
0039,10:35,635,-178
0039,10:40,640,862
0039,10:45,645,862
0039,10:50,650,862
0039,10:55,655,862
0039,11:00,660,5862
0039,11:05,665,5862
0039,11:10,670,7759
0039,11:15,675,7759
0039,11:20,680,7759
0039,11:25,685,7759
0039,11:30,690,7069
0039,11:35,695,7069
0039,11:40,700,7069
0039,11:45,705,6552
0039,11:50,710,6552
0039,11:55,715,6552
0039,12:00,720,6552
0039,12:05,725,10172
0039,12:10,730,10172
0039,12:15,735,10172
0039,12:20,740,10172
0039,12:25,745,10172
0039,12:30,750,10345
0039,12:35,755,10345
0039,12:40,760,10345
0039,12:45,765,10345
0039,12:50,770,9655
0039,12:55,775,9655
0039,13:00,780,9655
0039,13:05,785,8793
0039,13:10,790,8793
0039,13:15,795,8793
0039,13:20,800,8793
0039,13:25,805,7241
0039,13:30,810,7241
0039,13:35,815,7241
0039,13:40,820,7241
0039,13:45,825,7241
0039,13:50,830,5690
0039,13:55,835,5690
0039,14:00,840,5690
0039,14:05,845,5690
0039,14:10,850,4828
0039,14:15,855,4828
0039,14:20,860,4828
0039,14:25,865,4828
0039,14:30,870,3276
0039,14:35,875,3276
0039,14:40,880,3276
0039,14:45,885,2586
0039,14:50,890,2586
0039,14:55,895,2586
0039,15:00,900,2586
0039,15:05,905,2586
0039,15:10,910,2069
0039,15:15,915,2069
0039,15:20,920,2069
0039,15:25,925,2069
0039,15:30,930,1207
0039,15:35,935,1207
0039,15:40,940,1207
0039,15:45,945,172
0039,15:50,950,172
0039,15:55,955,172
0039,16:00,960,172
0039,16:05,965,172
0039,16:10,970,-356
0039,16:15,975,-356
0039,16:20,980,-356
0039,16:25,985,-356
0039,16:30,990,-356
0039,16:35,995,-356
0039,16:40,1000,-356
0039,16:45,1005,-356
0039,16:50,1010,-356
0039,16:55,1015,-356
0039,17:00,1020,-356
0039,17:05,1025,-356
0039,17:10,1030,-356
0039,17:15,1035,-356
0039,17:20,1040,-356
0039,17:25,1045,-356
0039,17:30,1050,-356
0039,17:35,1055,-356
0039,17:40,1060,-356
0039,17:45,1065,-356
0039,17:50,1070,-356
0039,17:55,1075,-356
0039,18:00,1080,-356
0039,18:05,1085,-356
0039,18:10,1090,-533
0039,18:15,1095,-533
0039,18:20,1100,-533
0039,18:25,1105,-1067
0039,18:30,1110,-1067
0039,18:35,1115,-1067
0039,18:40,1120,-1067
0039,18:45,1125,-1067
0039,18:50,1130,-2489
0039,18:55,1135,-2489
0039,19:00,1140,-2489
0039,19:05,1145,-2489
0039,19:10,1150,-3378
0039,19:15,1155,-3378
0039,19:20,1160,-3378
0039,19:25,1165,-4089
0039,19:30,1170,-4089
0039,19:35,1175,-4089
0039,19:40,1180,-4089
0039,19:45,1185,1207
0039,19:50,1190,1207
0039,19:55,1195,1207
0039,20:00,1200,1207
0039,20:05,1205,1207
0039,20:10,1210,6724
0039,20:15,1215,6724
0039,20:20,1220,6724
0039,20:25,1225,6724
0039,20:30,1230,7586
0039,20:35,1235,7586
0039,20:40,1240,7586
0039,20:45,1245,7586
0039,20:50,1250,7586
0039,20:55,1255,7586
0039,21:00,1260,7586
0039,21:05,1265,7586
0039,21:10,1270,6897
0039,21:15,1275,6897
0039,21:20,1280,6897
0039,21:25,1285,6897
0039,21:30,1290,6552
0039,21:35,1295,6552
0039,21:40,1300,6552
0039,21:45,1305,6552
0039,21:50,1310,6552
0039,21:55,1315,6552
0039,22:00,1320,6552
0039,22:05,1325,6552
0039,22:10,1330,6552
0039,22:15,1335,6552
0039,22:20,1340,6552
0039,22:25,1345,6552
0039,22:30,1350,6552
0039,22:35,1355,6552
0039,22:40,1360,6552
0039,22:45,1365,6552
0039,22:50,1370,6552
0039,22:55,1375,6552
0039,23:00,1380,6552
0039,23:05,1385,6552
0039,23:10,1390,6552
0039,23:15,1395,6552
0039,23:16,1396,6552
0039,23:20,1400,6552
0040,09:00,540,0
0040,09:05,545,0
0040,09:10,550,0
0040,09:15,555,0
0040,09:20,560,0
0040,09:25,565,0
0040,09:30,570,0
0040,09:35,575,0
0040,09:40,580,0
0040,09:45,585,0
0040,09:50,590,0
0040,09:55,595,0
0040,10:00,600,0
0040,10:05,605,0
0040,10:10,610,0
0040,10:15,615,0
0040,10:20,620,0
0040,10:25,625,0
0040,10:30,630,0
0040,10:35,635,0
0040,10:40,640,0
0040,10:45,645,0
0040,10:50,650,0
0040,10:55,655,0
0040,11:00,660,0
0040,11:05,665,0
0040,11:10,670,0
0040,11:15,675,0
0040,11:20,680,0
0040,11:25,685,0
0040,11:30,690,-622
0040,11:35,695,-622
0040,11:40,700,-622
0040,11:45,705,-1600
0040,11:50,710,-1600
0040,11:55,715,-1600
0040,12:00,720,-1600
0040,12:05,725,-2844
0040,12:10,730,-2844
0040,12:15,735,-2844
0040,12:20,740,-2844
0040,12:25,745,-2844
0040,12:30,750,-4444
0040,12:35,755,-4444
0040,12:40,760,-4444
0040,12:45,765,-4444
0040,12:50,770,-5689
0040,12:55,775,-5689
0040,13:00,780,-5689
0040,13:05,785,-6933
0040,13:10,790,-6933
0040,13:15,795,-6933
0040,13:20,800,-6933
0040,13:25,805,-6489
0040,13:30,810,-6489
0040,13:35,815,-6489
0040,13:40,820,-6489
0040,13:45,825,-6489
0040,13:50,830,-3733
0040,13:55,835,-3733
0040,14:00,840,-3733
0040,14:05,845,-3733
0040,14:10,850,-4267
0040,14:15,855,-4267
0040,14:20,860,-4267
0040,14:25,865,-4267
0040,14:30,870,-4533
0040,14:35,875,-4533
0040,14:40,880,-4533
0040,14:45,885,-5689
0040,14:50,890,-5689
0040,14:55,895,-5689
0040,15:00,900,-5689
0040,15:05,905,-5689
0040,15:10,910,-6400
0040,15:15,915,-6400
0040,15:20,920,-6400
0040,15:25,925,-6400
0040,15:30,930,-5067
0040,15:35,935,-5067
0040,15:40,940,-5067
0040,15:45,945,-2667
0040,15:50,950,-2667
0040,15:55,955,-2667
0040,16:00,960,-2667
0040,16:05,965,-2667
0040,16:10,970,-3733
0040,16:15,975,-3733
0040,16:20,980,-3733
0040,16:25,985,-3733
0040,16:30,990,-3644
0040,16:35,995,-3644
0040,16:40,1000,-3644
0040,16:45,1005,-3644
0040,16:50,1010,3190
0040,16:55,1015,3190
0040,17:00,1020,3190
0040,17:05,1025,3103
0040,17:10,1030,3103
0040,17:15,1035,3103
0040,17:20,1040,3103
0040,17:25,1045,3103
0040,17:30,1050,1466
0040,17:35,1055,1466
0040,17:40,1060,1466
0040,17:45,1065,1466
0040,17:50,1070,172
0040,17:55,1075,172
0040,18:00,1080,172
0040,18:05,1085,172
0040,18:10,1090,-89
0040,18:15,1095,-89
0040,18:20,1100,-89
0040,18:25,1105,-800
0040,18:30,1110,-800
0040,18:35,1115,-800
0040,18:40,1120,-800
0040,18:45,1125,-800
0040,18:50,1130,-1156
0040,18:55,1135,-1156
0040,19:00,1140,-1156
0040,19:05,1145,-1156
0040,19:10,1150,-1689
0040,19:15,1155,-1689
0040,19:20,1160,-1689
0040,19:25,1165,-2311
0040,19:30,1170,-2311
0040,19:35,1175,-2311
0040,19:40,1180,-2311
0040,19:45,1185,-2311
0040,19:50,1190,-2311
0040,19:55,1195,-2311
0040,20:00,1200,-2311
0040,20:05,1205,-2311
0040,20:10,1210,-2311
0040,20:15,1215,-2311
0040,20:20,1220,-2311
0040,20:25,1225,-2311
0040,20:30,1230,-2311
0040,20:35,1235,-2311
0040,20:40,1240,-2311
0040,20:45,1245,-2311
0040,20:50,1250,-2311
0040,20:55,1255,-2311
0040,21:00,1260,-2311
0040,21:05,1265,-2311
0040,21:10,1270,-2311
0040,21:15,1275,-2311
0040,21:20,1280,-2311
0040,21:25,1285,-2311
0040,21:30,1290,-2400
0040,21:35,1295,-2400
0040,21:40,1300,-2400
0040,21:45,1305,-2400
0040,21:50,1310,-2400
0040,21:55,1315,-2400
0040,22:00,1320,-2400
0040,22:05,1325,-2400
0040,22:10,1330,-2400
0040,22:15,1335,-2400
0040,22:20,1340,-2400
0040,22:25,1345,-2400
0040,22:30,1350,-2400
0040,22:35,1355,-2400
0040,22:40,1360,-2400
0040,22:45,1365,-2400
0040,22:50,1370,-2400
0040,22:55,1375,-2400
0040,23:00,1380,-2400
0040,23:05,1385,-2400
0040,23:10,1390,-2400
0040,23:15,1395,-2400
0040,23:16,1396,-2400
0040,23:20,1400,-2400
0041,09:00,540,0
0041,09:05,545,0
0041,09:10,550,0
0041,09:15,555,0
0041,09:20,560,0
0041,09:25,565,0
0041,09:30,570,0
0041,09:35,575,0
0041,09:40,580,0
0041,09:45,585,0
0041,09:50,590,0
0041,09:55,595,0
0041,10:00,600,0
0041,10:05,605,0
0041,10:10,610,0
0041,10:15,615,0
0041,10:20,620,0
0041,10:25,625,-260
0041,10:30,630,-260
0041,10:35,635,-260
0041,10:40,640,-1299
0041,10:45,645,-1299
0041,10:50,650,-1299
0041,10:55,655,-1299
0041,11:00,660,-1558
0041,11:05,665,-1558
0041,11:10,670,-1818
0041,11:15,675,-1818
0041,11:20,680,-1818
0041,11:25,685,-1818
0041,11:30,690,-3636
0041,11:35,695,-3636
0041,11:40,700,-3636
0041,11:45,705,-5195
0041,11:50,710,-5195
0041,11:55,715,-5195
0041,12:00,720,-5195
0041,12:05,725,-2857
0041,12:10,730,-2857
0041,12:15,735,-2857
0041,12:20,740,-2857
0041,12:25,745,-2857
0041,12:30,750,2308
0041,12:35,755,2308
0041,12:40,760,2308
0041,12:45,765,2308
0041,12:50,770,3333
0041,12:55,775,3333
0041,13:00,780,3333
0041,13:05,785,2051
0041,13:10,790,2051
0041,13:15,795,2051
0041,13:20,800,2051
0041,13:25,805,256
0041,13:30,810,256
0041,13:35,815,256
0041,13:40,820,256
0041,13:45,825,256
0041,13:50,830,-1558
0041,13:55,835,-1558
0041,14:00,840,-1558
0041,14:05,845,-1558
0041,14:10,850,-2857
0041,14:15,855,-2857
0041,14:20,860,-2857
0041,14:25,865,-2857
0041,14:30,870,2564
0041,14:35,875,2564
0041,14:40,880,2564
0041,14:45,885,1026
0041,14:50,890,1026
0041,14:55,895,1026
0041,15:00,900,1026
0041,15:05,905,1026
0041,15:10,910,-260
0041,15:15,915,-260
0041,15:20,920,-260
0041,15:25,925,-260
0041,15:30,930,3333
0041,15:35,935,3333
0041,15:40,940,3333
0041,15:45,945,1795
0041,15:50,950,1795
0041,15:55,955,1795
0041,16:00,960,1795
0041,16:05,965,1795
0041,16:10,970,513
0041,16:15,975,513
0041,16:20,980,513
0041,16:25,985,513
0041,16:30,990,-1299
0041,16:35,995,-1299
0041,16:40,1000,-1299
0041,16:45,1005,-1299
0041,16:50,1010,-2857
0041,16:55,1015,-2857
0041,17:00,1020,-2857
0041,17:05,1025,-4156
0041,17:10,1030,-4156
0041,17:15,1035,-4156
0041,17:20,1040,-4156
0041,17:25,1045,-4156
0041,17:30,1050,4615
0041,17:35,1055,4615
0041,17:40,1060,4615
0041,17:45,1065,4615
0041,17:50,1070,5641
0041,17:55,1075,5641
0041,18:00,1080,5641
0041,18:05,1085,5641
0041,18:10,1090,5641
0041,18:15,1095,5641
0041,18:20,1100,5641
0041,18:25,1105,5641
0041,18:30,1110,5641
0041,18:35,1115,5641
0041,18:40,1120,5641
0041,18:45,1125,5641
0041,18:50,1130,5128
0041,18:55,1135,5128
0041,19:00,1140,5128
0041,19:05,1145,5128
0041,19:10,1150,5128
0041,19:15,1155,5128
0041,19:20,1160,5128
0041,19:25,1165,8205
0041,19:30,1170,8205
0041,19:35,1175,8205
0041,19:40,1180,8205
0041,19:45,1185,16923
0041,19:50,1190,16923
0041,19:55,1195,16923
0041,20:00,1200,16923
0041,20:05,1205,16923
0041,20:10,1210,20769
0041,20:15,1215,20769
0041,20:20,1220,20769
0041,20:25,1225,20769
0041,20:30,1230,26154
0041,20:35,1235,26154
0041,20:40,1240,26154
0041,20:45,1245,31538
0041,20:50,1250,31538
0041,20:55,1255,31538
0041,21:00,1260,31538
0041,21:05,1265,31538
0041,21:10,1270,31282
0041,21:15,1275,31282
0041,21:20,1280,31282
0041,21:25,1285,31282
0041,21:30,1290,31282
0041,21:35,1295,31282
0041,21:40,1300,31282
0041,21:45,1305,31026
0041,21:50,1310,31026
0041,21:55,1315,31026
0041,22:00,1320,31026
0041,22:05,1325,30769
0041,22:10,1330,30769
0041,22:15,1335,30769
0041,22:20,1340,30769
0041,22:25,1345,30769
0041,22:30,1350,30769
0041,22:35,1355,30769
0041,22:40,1360,30769
0041,22:45,1365,30769
0041,22:50,1370,30769
0041,22:55,1375,30769
0041,23:00,1380,30769
0041,23:05,1385,30769
0041,23:10,1390,30769
0041,23:15,1395,30769
0041,23:16,1396,30769
0041,23:20,1400,30769
0042,09:00,540,0
0042,09:05,545,0
0042,09:10,550,0
0042,09:15,555,0
0042,09:20,560,0
0042,09:25,565,0
0042,09:30,570,0
0042,09:35,575,0
0042,09:40,580,0
0042,09:45,585,0
0042,09:50,590,0
0042,09:55,595,0
0042,10:00,600,0
0042,10:05,605,0
0042,10:10,610,0
0042,10:15,615,0
0042,10:20,620,0
0042,10:25,625,0
0042,10:30,630,0
0042,10:35,635,0
0042,10:40,640,0
0042,10:45,645,0
0042,10:50,650,0
0042,10:55,655,0
0042,11:00,660,-533
0042,11:05,665,-533
0042,11:10,670,-1067
0042,11:15,675,-1067
0042,11:20,680,-1067
0042,11:25,685,-1067
0042,11:30,690,-1067
0042,11:35,695,-1067
0042,11:40,700,-1067
0042,11:45,705,-1067
0042,11:50,710,-1067
0042,11:55,715,-1067
0042,12:00,720,-1067
0042,12:05,725,-1067
0042,12:10,730,-1067
0042,12:15,735,-1067
0042,12:20,740,-1067
0042,12:25,745,-1067
0042,12:30,750,-1778
0042,12:35,755,-1778
0042,12:40,760,-1778
0042,12:45,765,-1778
0042,12:50,770,690
0042,12:55,775,690
0042,13:00,780,690
0042,13:05,785,-533
0042,13:10,790,-533
0042,13:15,795,-533
0042,13:20,800,-533
0042,13:25,805,-2311
0042,13:30,810,-2311
0042,13:35,815,-2311
0042,13:40,820,-2311
0042,13:45,825,-2311
0042,13:50,830,-3733
0042,13:55,835,-3733
0042,14:00,840,-3733
0042,14:05,845,-3733
0042,14:10,850,-4978
0042,14:15,855,-4978
0042,14:20,860,-4978
0042,14:25,865,-4978
0042,14:30,870,-6400
0042,14:35,875,-6400
0042,14:40,880,-6400
0042,14:45,885,-7644
0042,14:50,890,-7644
0042,14:55,895,-7644
0042,15:00,900,-7644
0042,15:05,905,-7644
0042,15:10,910,-8889
0042,15:15,915,-8889
0042,15:20,920,-8889
0042,15:25,925,-8889
0042,15:30,930,-10133
0042,15:35,935,-10133
0042,15:40,940,-10133
0042,15:45,945,-6400
0042,15:50,950,-6400
0042,15:55,955,-6400
0042,16:00,960,-6400
0042,16:05,965,-6400
0042,16:10,970,-4800
0042,16:15,975,-4800
0042,16:20,980,-4800
0042,16:25,985,-4800
0042,16:30,990,-356
0042,16:35,995,-356
0042,16:40,1000,-356
0042,16:45,1005,-356
0042,16:50,1010,1034
0042,16:55,1015,1034
0042,17:00,1020,1034
0042,17:05,1025,-356
0042,17:10,1030,-356
0042,17:15,1035,-356
0042,17:20,1040,-356
0042,17:25,1045,-356
0042,17:30,1050,-1778
0042,17:35,1055,-1778
0042,17:40,1060,-1778
0042,17:45,1065,-1778
0042,17:50,1070,-3022
0042,17:55,1075,-3022
0042,18:00,1080,-3022
0042,18:05,1085,-3022
0042,18:10,1090,-4089
0042,18:15,1095,-4089
0042,18:20,1100,-4089
0042,18:25,1105,-2311
0042,18:30,1110,-2311
0042,18:35,1115,-2311
0042,18:40,1120,-2311
0042,18:45,1125,-2311
0042,18:50,1130,-3378
0042,18:55,1135,-3378
0042,19:00,1140,-3378
0042,19:05,1145,-3378
0042,19:10,1150,-4622
0042,19:15,1155,-4622
0042,19:20,1160,-4622
0042,19:25,1165,-6578
0042,19:30,1170,-6578
0042,19:35,1175,-6578
0042,19:40,1180,-6578
0042,19:45,1185,-8000
0042,19:50,1190,-8000
0042,19:55,1195,-8000
0042,20:00,1200,-8000
0042,20:05,1205,-8000
0042,20:10,1210,-9422
0042,20:15,1215,-9422
0042,20:20,1220,-9422
0042,20:25,1225,-9422
0042,20:30,1230,-10844
0042,20:35,1235,-10844
0042,20:40,1240,-10844
0042,20:45,1245,-11733
0042,20:50,1250,-11733
0042,20:55,1255,-11733
0042,21:00,1260,-11733
0042,21:05,1265,-11733
0042,21:10,1270,-13156
0042,21:15,1275,-13156
0042,21:20,1280,-13156
0042,21:25,1285,-13156
0042,21:30,1290,-14044
0042,21:35,1295,-14044
0042,21:40,1300,-14044
0042,21:45,1305,-15467
0042,21:50,1310,-15467
0042,21:55,1315,-15467
0042,22:00,1320,-15467
0042,22:05,1325,-16533
0042,22:10,1330,-16533
0042,22:15,1335,-16533
0042,22:20,1340,-16533
0042,22:25,1345,-16533
0042,22:30,1350,-17778
0042,22:35,1355,-17778
0042,22:40,1360,-17778
0042,22:45,1365,-17778
0042,22:50,1370,-15289
0042,22:55,1375,-15289
0042,23:00,1380,-15289
0042,23:05,1385,-15289
0042,23:10,1390,-15289
0042,23:15,1395,-15289
0042,23:16,1396,-15289
0042,23:20,1400,-15289
0043,09:00,540,0
0043,09:05,545,0
0043,09:10,550,0
0043,09:15,555,0
0043,09:20,560,0
0043,09:25,565,0
0043,09:30,570,0
0043,09:35,575,0
0043,09:40,580,0
0043,09:45,585,0
0043,09:50,590,0
0043,09:55,595,0
0043,10:00,600,0
0043,10:05,605,0
0043,10:10,610,0
0043,10:15,615,0
0043,10:20,620,0
0043,10:25,625,0
0043,10:30,630,0
0043,10:35,635,0
0043,10:40,640,0
0043,10:45,645,0
0043,10:50,650,0
0043,10:55,655,0
0043,11:00,660,0
0043,11:05,665,0
0043,11:10,670,0
0043,11:15,675,0
0043,11:20,680,0
0043,11:25,685,0
0043,11:30,690,6694
0043,11:35,695,6694
0043,11:40,700,6694
0043,11:45,705,5455
0043,11:50,710,5455
0043,11:55,715,5455
0043,12:00,720,5455
0043,12:05,725,7190
0043,12:10,730,7190
0043,12:15,735,7190
0043,12:20,740,7190
0043,12:25,745,7190
0043,12:30,750,6198
0043,12:35,755,6198
0043,12:40,760,6198
0043,12:45,765,6198
0043,12:50,770,9174
0043,12:55,775,9174
0043,13:00,780,9174
0043,13:05,785,8926
0043,13:10,790,8926
0043,13:15,795,8926
0043,13:20,800,8926
0043,13:25,805,7934
0043,13:30,810,7934
0043,13:35,815,7934
0043,13:40,820,7934
0043,13:45,825,7934
0043,13:50,830,11157
0043,13:55,835,11157
0043,14:00,840,11157
0043,14:05,845,11157
0043,14:10,850,10165
0043,14:15,855,10165
0043,14:20,860,10165
0043,14:25,865,10165
0043,14:30,870,13884
0043,14:35,875,13884
0043,14:40,880,13884
0043,14:45,885,19835
0043,14:50,890,19835
0043,14:55,895,19835
0043,15:00,900,19835
0043,15:05,905,19835
0043,15:10,910,23554
0043,15:15,915,23554
0043,15:20,920,23554
0043,15:25,925,23554
0043,15:30,930,23306
0043,15:35,935,23306
0043,15:40,940,23306
0043,15:45,945,22314
0043,15:50,950,22314
0043,15:55,955,22314
0043,16:00,960,22314
0043,16:05,965,22314
0043,16:10,970,21322
0043,16:15,975,21322
0043,16:20,980,21322
0043,16:25,985,21322
0043,16:30,990,19835
0043,16:35,995,19835
0043,16:40,1000,19835
0043,16:45,1005,19835
0043,16:50,1010,19339
0043,16:55,1015,19339
0043,17:00,1020,19339
0043,17:05,1025,19091
0043,17:10,1030,19091
0043,17:15,1035,19091
0043,17:20,1040,19091
0043,17:25,1045,19091
0043,17:30,1050,18843
0043,17:35,1055,18843
0043,17:40,1060,18843
0043,17:45,1065,18843
0043,17:50,1070,18843
0043,17:55,1075,18843
0043,18:00,1080,18843
0043,18:05,1085,18843
0043,18:10,1090,20826
0043,18:15,1095,20826
0043,18:20,1100,20826
0043,18:25,1105,20826
0043,18:30,1110,20826
0043,18:35,1115,20826
0043,18:40,1120,20826
0043,18:45,1125,20826
0043,18:50,1130,20331
0043,18:55,1135,20331
0043,19:00,1140,20331
0043,19:05,1145,20331
0043,19:10,1150,20083
0043,19:15,1155,20083
0043,19:20,1160,20083
0043,19:25,1165,20083
0043,19:30,1170,20083
0043,19:35,1175,20083
0043,19:40,1180,20083
0043,19:45,1185,19587
0043,19:50,1190,19587
0043,19:55,1195,19587
0043,20:00,1200,19587
0043,20:05,1205,19587
0043,20:10,1210,19835
0043,20:15,1215,19835
0043,20:20,1220,19835
0043,20:25,1225,19835
0043,20:30,1230,18347
0043,20:35,1235,18347
0043,20:40,1240,18347
0043,20:45,1245,21074
0043,20:50,1250,21074
0043,20:55,1255,21074
0043,21:00,1260,21074
0043,21:05,1265,21074
0043,21:10,1270,23058
0043,21:15,1275,23058
0043,21:20,1280,23058
0043,21:25,1285,23058
0043,21:30,1290,23058
0043,21:35,1295,23058
0043,21:40,1300,23058
0043,21:45,1305,22810
0043,21:50,1310,22810
0043,21:55,1315,22810
0043,22:00,1320,22810
0043,22:05,1325,22810
0043,22:10,1330,22810
0043,22:15,1335,22810
0043,22:20,1340,22810
0043,22:25,1345,22810
0043,22:30,1350,22810
0043,22:35,1355,22810
0043,22:40,1360,22810
0043,22:45,1365,22810
0043,22:50,1370,22810
0043,22:55,1375,22810
0043,23:00,1380,22810
0043,23:05,1385,22810
0043,23:10,1390,22810
0043,23:15,1395,22810
0043,23:16,1396,22810
0043,23:20,1400,22810
0044,09:00,540,0
0044,09:05,545,0
0044,09:10,550,0
0044,09:15,555,0
0044,09:20,560,0
0044,09:25,565,0
0044,09:30,570,0
0044,09:35,575,0
0044,09:40,580,0
0044,09:45,585,0
0044,09:50,590,0
0044,09:55,595,0
0044,10:00,600,0
0044,10:05,605,0
0044,10:10,610,0
0044,10:15,615,0
0044,10:20,620,0
0044,10:25,625,0
0044,10:30,630,0
0044,10:35,635,0
0044,10:40,640,0
0044,10:45,645,0
0044,10:50,650,0
0044,10:55,655,0
0044,11:00,660,0
0044,11:05,665,0
0044,11:10,670,0
0044,11:15,675,0
0044,11:20,680,0
0044,11:25,685,0
0044,11:30,690,0
0044,11:35,695,0
0044,11:40,700,0
0044,11:45,705,-356
0044,11:50,710,-356
0044,11:55,715,-356
0044,12:00,720,-356
0044,12:05,725,-1778
0044,12:10,730,-1778
0044,12:15,735,-1778
0044,12:20,740,-1778
0044,12:25,745,-1778
0044,12:30,750,-1778
0044,12:35,755,-1778
0044,12:40,760,-1778
0044,12:45,765,-1778
0044,12:50,770,-889
0044,12:55,775,-889
0044,13:00,780,-889
0044,13:05,785,0
0044,13:10,790,0
0044,13:15,795,0
0044,13:20,800,0
0044,13:25,805,-711
0044,13:30,810,-711
0044,13:35,815,-711
0044,13:40,820,-711
0044,13:45,825,-711
0044,13:50,830,-2133
0044,13:55,835,-2133
0044,14:00,840,-2133
0044,14:05,845,-2133
0044,14:10,850,-1422
0044,14:15,855,-1422
0044,14:20,860,-1422
0044,14:25,865,-1422
0044,14:30,870,-1244
0044,14:35,875,-1244
0044,14:40,880,-1244
0044,14:45,885,-2844
0044,14:50,890,-2844
0044,14:55,895,-2844
0044,15:00,900,-2844
0044,15:05,905,-2844
0044,15:10,910,-4089
0044,15:15,915,-4089
0044,15:20,920,-4089
0044,15:25,925,-4089
0044,15:30,930,-5867
0044,15:35,935,-5867
0044,15:40,940,-5867
0044,15:45,945,-6933
0044,15:50,950,-6933
0044,15:55,955,-6933
0044,16:00,960,-6933
0044,16:05,965,-6933
0044,16:10,970,-3022
0044,16:15,975,-3022
0044,16:20,980,-3022
0044,16:25,985,-3022
0044,16:30,990,5172
0044,16:35,995,5172
0044,16:40,1000,5172
0044,16:45,1005,5172
0044,16:50,1010,4310
0044,16:55,1015,4310
0044,17:00,1020,4310
0044,17:05,1025,3276
0044,17:10,1030,3276
0044,17:15,1035,3276
0044,17:20,1040,3276
0044,17:25,1045,3276
0044,17:30,1050,2414
0044,17:35,1055,2414
0044,17:40,1060,2414
0044,17:45,1065,2414
0044,17:50,1070,1034
0044,17:55,1075,1034
0044,18:00,1080,1034
0044,18:05,1085,1034
0044,18:10,1090,1034
0044,18:15,1095,1034
0044,18:20,1100,1034
0044,18:25,1105,862
0044,18:30,1110,862
0044,18:35,1115,862
0044,18:40,1120,862
0044,18:45,1125,862
0044,18:50,1130,-178
0044,18:55,1135,-178
0044,19:00,1140,-178
0044,19:05,1145,-178
0044,19:10,1150,-1600
0044,19:15,1155,-1600
0044,19:20,1160,-1600
0044,19:25,1165,-3378
0044,19:30,1170,-3378
0044,19:35,1175,-3378
0044,19:40,1180,-3378
0044,19:45,1185,-4978
0044,19:50,1190,-4978
0044,19:55,1195,-4978
0044,20:00,1200,-4978
0044,20:05,1205,-4978
0044,20:10,1210,-5689
0044,20:15,1215,-5689
0044,20:20,1220,-5689
0044,20:25,1225,-5689
0044,20:30,1230,-7644
0044,20:35,1235,-7644
0044,20:40,1240,-7644
0044,20:45,1245,-9067
0044,20:50,1250,-9067
0044,20:55,1255,-9067
0044,21:00,1260,-9067
0044,21:05,1265,-9067
0044,21:10,1270,-9956
0044,21:15,1275,-9956
0044,21:20,1280,-9956
0044,21:25,1285,-9956
0044,21:30,1290,-11911
0044,21:35,1295,-11911
0044,21:40,1300,-11911
0044,21:45,1305,-12978
0044,21:50,1310,-12978
0044,21:55,1315,-12978
0044,22:00,1320,-12978
0044,22:05,1325,-14400
0044,22:10,1330,-14400
0044,22:15,1335,-14400
0044,22:20,1340,-14400
0044,22:25,1345,-14400
0044,22:30,1350,-15289
0044,22:35,1355,-15289
0044,22:40,1360,-15289
0044,22:45,1365,-15289
0044,22:50,1370,-15289
0044,22:55,1375,-15289
0044,23:00,1380,-15289
0044,23:05,1385,-15289
0044,23:10,1390,-15289
0044,23:15,1395,-15289
0044,23:16,1396,-15289
0044,23:20,1400,-15289
0045,09:00,540,0
0045,09:05,545,0
0045,09:10,550,0
0045,09:15,555,0
0045,09:20,560,0
0045,09:25,565,0
0045,09:30,570,0
0045,09:35,575,0
0045,09:40,580,0
0045,09:45,585,0
0045,09:50,590,0
0045,09:55,595,0
0045,10:00,600,0
0045,10:05,605,0
0045,10:10,610,0
0045,10:15,615,0
0045,10:20,620,0
0045,10:25,625,1121
0045,10:30,630,1121
0045,10:35,635,1121
0045,10:40,640,4052
0045,10:45,645,4052
0045,10:50,650,4052
0045,10:55,655,4052
0045,11:00,660,7931
0045,11:05,665,7931
0045,11:10,670,7931
0045,11:15,675,7931
0045,11:20,680,7931
0045,11:25,685,7931
0045,11:30,690,6379
0045,11:35,695,6379
0045,11:40,700,6379
0045,11:45,705,5431
0045,11:50,710,5431
0045,11:55,715,5431
0045,12:00,720,5431
0045,12:05,725,6034
0045,12:10,730,6034
0045,12:15,735,6034
0045,12:20,740,6034
0045,12:25,745,6034
0045,12:30,750,5345
0045,12:35,755,5345
0045,12:40,760,5345
0045,12:45,765,5345
0045,12:50,770,4655
0045,12:55,775,4655
0045,13:00,780,4655
0045,13:05,785,3448
0045,13:10,790,3448
0045,13:15,795,3448
0045,13:20,800,3448
0045,13:25,805,2414
0045,13:30,810,2414
0045,13:35,815,2414
0045,13:40,820,2414
0045,13:45,825,2414
0045,13:50,830,1552
0045,13:55,835,1552
0045,14:00,840,1552
0045,14:05,845,1552
0045,14:10,850,517
0045,14:15,855,517
0045,14:20,860,517
0045,14:25,865,517
0045,14:30,870,-889
0045,14:35,875,-889
0045,14:40,880,-889
0045,14:45,885,2069
0045,14:50,890,2069
0045,14:55,895,2069
0045,15:00,900,2069
0045,15:05,905,2069
0045,15:10,910,6897
0045,15:15,915,6897
0045,15:20,920,6897
0045,15:25,925,6897
0045,15:30,930,5776
0045,15:35,935,5776
0045,15:40,940,5776
0045,15:45,945,4655
0045,15:50,950,4655
0045,15:55,955,4655
0045,16:00,960,4655
0045,16:05,965,4655
0045,16:10,970,3534
0045,16:15,975,3534
0045,16:20,980,3534
0045,16:25,985,3534
0045,16:30,990,4483
0045,16:35,995,4483
0045,16:40,1000,4483
0045,16:45,1005,4483
0045,16:50,1010,3276
0045,16:55,1015,3276
0045,17:00,1020,3276
0045,17:05,1025,2155
0045,17:10,1030,2155
0045,17:15,1035,2155
0045,17:20,1040,2155
0045,17:25,1045,2155
0045,17:30,1050,603
0045,17:35,1055,603
0045,17:40,1060,603
0045,17:45,1065,603
0045,17:50,1070,1121
0045,17:55,1075,1121
0045,18:00,1080,1121
0045,18:05,1085,1121
0045,18:10,1090,5000
0045,18:15,1095,5000
0045,18:20,1100,5000
0045,18:25,1105,5862
0045,18:30,1110,5862
0045,18:35,1115,5862
0045,18:40,1120,5862
0045,18:45,1125,5862
0045,18:50,1130,4741
0045,18:55,1135,4741
0045,19:00,1140,4741
0045,19:05,1145,4741
0045,19:10,1150,3793
0045,19:15,1155,3793
0045,19:20,1160,3793
0045,19:25,1165,2328
0045,19:30,1170,2328
0045,19:35,1175,2328
0045,19:40,1180,2328
0045,19:45,1185,948
0045,19:50,1190,948
0045,19:55,1195,948
0045,20:00,1200,948
0045,20:05,1205,948
0045,20:10,1210,0
0045,20:15,1215,0
0045,20:20,1220,0
0045,20:25,1225,0
0045,20:30,1230,-1422
0045,20:35,1235,-1422
0045,20:40,1240,-1422
0045,20:45,1245,-1956
0045,20:50,1250,-1956
0045,20:55,1255,-1956
0045,21:00,1260,-1956
0045,21:05,1265,-1956
0045,21:10,1270,-1956
0045,21:15,1275,-1956
0045,21:20,1280,-1956
0045,21:25,1285,-1956
0045,21:30,1290,-1956
0045,21:35,1295,-1956
0045,21:40,1300,-1956
0045,21:45,1305,-1956
0045,21:50,1310,-1956
0045,21:55,1315,-1956
0045,22:00,1320,-1956
0045,22:05,1325,-1956
0045,22:10,1330,-1956
0045,22:15,1335,-1956
0045,22:20,1340,-1956
0045,22:25,1345,-1956
0045,22:30,1350,-1956
0045,22:35,1355,-1956
0045,22:40,1360,-1956
0045,22:45,1365,-1956
0045,22:50,1370,-1956
0045,22:55,1375,-1956
0045,23:00,1380,-1956
0045,23:05,1385,-1956
0045,23:10,1390,-1956
0045,23:15,1395,-1956
0045,23:16,1396,-1956
0045,23:20,1400,-1956
0046,09:00,540,0
0046,09:05,545,0
0046,09:10,550,0
0046,09:15,555,0
0046,09:20,560,0
0046,09:25,565,0
0046,09:30,570,0
0046,09:35,575,0
0046,09:40,580,0
0046,09:45,585,0
0046,09:50,590,0
0046,09:55,595,0
0046,10:00,600,0
0046,10:05,605,0
0046,10:10,610,0
0046,10:15,615,0
0046,10:20,620,0
0046,10:25,625,0
0046,10:30,630,0
0046,10:35,635,0
0046,10:40,640,0
0046,10:45,645,0
0046,10:50,650,0
0046,10:55,655,0
0046,11:00,660,0
0046,11:05,665,0
0046,11:10,670,0
0046,11:15,675,0
0046,11:20,680,0
0046,11:25,685,0
0046,11:30,690,-533
0046,11:35,695,-533
0046,11:40,700,-533
0046,11:45,705,-1600
0046,11:50,710,-1600
0046,11:55,715,-1600
0046,12:00,720,-1600
0046,12:05,725,-1778
0046,12:10,730,-1778
0046,12:15,735,-1778
0046,12:20,740,-1778
0046,12:25,745,-1778
0046,12:30,750,-1956
0046,12:35,755,-1956
0046,12:40,760,-1956
0046,12:45,765,-1956
0046,12:50,770,-2844
0046,12:55,775,-2844
0046,13:00,780,-2844
0046,13:05,785,-3022
0046,13:10,790,-3022
0046,13:15,795,-3022
0046,13:20,800,-3022
0046,13:25,805,-4089
0046,13:30,810,-4089
0046,13:35,815,-4089
0046,13:40,820,-4089
0046,13:45,825,-4089
0046,13:50,830,-3733
0046,13:55,835,-3733
0046,14:00,840,-3733
0046,14:05,845,-3733
0046,14:10,850,-2844
0046,14:15,855,-2844
0046,14:20,860,-2844
0046,14:25,865,-2844
0046,14:30,870,-3911
0046,14:35,875,-3911
0046,14:40,880,-3911
0046,14:45,885,-178
0046,14:50,890,-178
0046,14:55,895,-178
0046,15:00,900,-178
0046,15:05,905,-178
0046,15:10,910,517
0046,15:15,915,517
0046,15:20,920,517
0046,15:25,925,517
0046,15:30,930,3103
0046,15:35,935,3103
0046,15:40,940,3103
0046,15:45,945,5517
0046,15:50,950,5517
0046,15:55,955,5517
0046,16:00,960,5517
0046,16:05,965,5517
0046,16:10,970,4483
0046,16:15,975,4483
0046,16:20,980,4483
0046,16:25,985,4483
0046,16:30,990,5000
0046,16:35,995,5000
0046,16:40,1000,5000
0046,16:45,1005,5000
0046,16:50,1010,3621
0046,16:55,1015,3621
0046,17:00,1020,3621
0046,17:05,1025,2414
0046,17:10,1030,2414
0046,17:15,1035,2414
0046,17:20,1040,2414
0046,17:25,1045,2414
0046,17:30,1050,1207
0046,17:35,1055,1207
0046,17:40,1060,1207
0046,17:45,1065,1207
0046,17:50,1070,0
0046,17:55,1075,0
0046,18:00,1080,0
0046,18:05,1085,0
0046,18:10,1090,-1067
0046,18:15,1095,-1067
0046,18:20,1100,-1067
0046,18:25,1105,-2667
0046,18:30,1110,-2667
0046,18:35,1115,-2667
0046,18:40,1120,-2667
0046,18:45,1125,-2667
0046,18:50,1130,-4089
0046,18:55,1135,-4089
0046,19:00,1140,-4089
0046,19:05,1145,-4089
0046,19:10,1150,-4978
0046,19:15,1155,-4978
0046,19:20,1160,-4978
0046,19:25,1165,-6578
0046,19:30,1170,-6578
0046,19:35,1175,-6578
0046,19:40,1180,-6578
0046,19:45,1185,-8178
0046,19:50,1190,-8178
0046,19:55,1195,-8178
0046,20:00,1200,-8178
0046,20:05,1205,-8178
0046,20:10,1210,-9244
0046,20:15,1215,-9244
0046,20:20,1220,-9244
0046,20:25,1225,-9244
0046,20:30,1230,-10844
0046,20:35,1235,-10844
0046,20:40,1240,-10844
0046,20:45,1245,-8178
0046,20:50,1250,-8178
0046,20:55,1255,-8178
0046,21:00,1260,-8178
0046,21:05,1265,-8178
0046,21:10,1270,-8889
0046,21:15,1275,-8889
0046,21:20,1280,-8889
0046,21:25,1285,-8889
0046,21:30,1290,-9244
0046,21:35,1295,-9244
0046,21:40,1300,-9244
0046,21:45,1305,-9244
0046,21:50,1310,-9244
0046,21:55,1315,-9244
0046,22:00,1320,-9244
0046,22:05,1325,-9244
0046,22:10,1330,-9244
0046,22:15,1335,-9244
0046,22:20,1340,-9244
0046,22:25,1345,-9244
0046,22:30,1350,-9244
0046,22:35,1355,-9244
0046,22:40,1360,-9244
0046,22:45,1365,-9244
0046,22:50,1370,-9244
0046,22:55,1375,-9244
0046,23:00,1380,-9244
0046,23:05,1385,-9244
0046,23:10,1390,-9244
0046,23:15,1395,-9244
0046,23:16,1396,-9244
0046,23:20,1400,-9244
0047,09:00,540,0
0047,09:05,545,0
0047,09:10,550,0
0047,09:15,555,0
0047,09:20,560,0
0047,09:25,565,0
0047,09:30,570,0
0047,09:35,575,0
0047,09:40,580,0
0047,09:45,585,0
0047,09:50,590,0
0047,09:55,595,0
0047,10:00,600,0
0047,10:05,605,0
0047,10:10,610,0
0047,10:15,615,0
0047,10:20,620,0
0047,10:25,625,1379
0047,10:30,630,1379
0047,10:35,635,1379
0047,10:40,640,690
0047,10:45,645,690
0047,10:50,650,690
0047,10:55,655,690
0047,11:00,660,-533
0047,11:05,665,-533
0047,11:10,670,-711
0047,11:15,675,-711
0047,11:20,680,-711
0047,11:25,685,-711
0047,11:30,690,-1956
0047,11:35,695,-1956
0047,11:40,700,-1956
0047,11:45,705,517
0047,11:50,710,517
0047,11:55,715,517
0047,12:00,720,517
0047,12:05,725,690
0047,12:10,730,690
0047,12:15,735,690
0047,12:20,740,690
0047,12:25,745,690
0047,12:30,750,-533
0047,12:35,755,-533
0047,12:40,760,-533
0047,12:45,765,-533
0047,12:50,770,-2133
0047,12:55,775,-2133
0047,13:00,780,-2133
0047,13:05,785,-3378
0047,13:10,790,-3378
0047,13:15,795,-3378
0047,13:20,800,-3378
0047,13:25,805,-4800
0047,13:30,810,-4800
0047,13:35,815,-4800
0047,13:40,820,-4800
0047,13:45,825,-4800
0047,13:50,830,-6044
0047,13:55,835,-6044
0047,14:00,840,-6044
0047,14:05,845,-6044
0047,14:10,850,-7111
0047,14:15,855,-7111
0047,14:20,860,-7111
0047,14:25,865,-7111
0047,14:30,870,-8000
0047,14:35,875,-8000
0047,14:40,880,-8000
0047,14:45,885,-5511
0047,14:50,890,-5511
0047,14:55,895,-5511
0047,15:00,900,-5511
0047,15:05,905,-5511
0047,15:10,910,-6756
0047,15:15,915,-6756
0047,15:20,920,-6756
0047,15:25,925,-6756
0047,15:30,930,-8356
0047,15:35,935,-8356
0047,15:40,940,-8356
0047,15:45,945,-5867
0047,15:50,950,-5867
0047,15:55,955,-5867
0047,16:00,960,-5867
0047,16:05,965,-5867
0047,16:10,970,-7111
0047,16:15,975,-7111
0047,16:20,980,-7111
0047,16:25,985,-7111
0047,16:30,990,-8889
0047,16:35,995,-8889
0047,16:40,1000,-8889
0047,16:45,1005,-8889
0047,16:50,1010,-8533
0047,16:55,1015,-8533
0047,17:00,1020,-8533
0047,17:05,1025,-9778
0047,17:10,1030,-9778
0047,17:15,1035,-9778
0047,17:20,1040,-9778
0047,17:25,1045,-9778
0047,17:30,1050,-10133
0047,17:35,1055,-10133
0047,17:40,1060,-10133
0047,17:45,1065,-10133
0047,17:50,1070,-11378
0047,17:55,1075,-11378
0047,18:00,1080,-11378
0047,18:05,1085,-11378
0047,18:10,1090,-12444
0047,18:15,1095,-12444
0047,18:20,1100,-12444
0047,18:25,1105,-10844
0047,18:30,1110,-10844
0047,18:35,1115,-10844
0047,18:40,1120,-10844
0047,18:45,1125,-10844
0047,18:50,1130,-9600
0047,18:55,1135,-9600
0047,19:00,1140,-9600
0047,19:05,1145,-9600
0047,19:10,1150,-10667
0047,19:15,1155,-10667
0047,19:20,1160,-10667
0047,19:25,1165,-8533
0047,19:30,1170,-8533
0047,19:35,1175,-8533
0047,19:40,1180,-8533
0047,19:45,1185,-10133
0047,19:50,1190,-10133
0047,19:55,1195,-10133
0047,20:00,1200,-10133
0047,20:05,1205,-10133
0047,20:10,1210,-11556
0047,20:15,1215,-11556
0047,20:20,1220,-11556
0047,20:25,1225,-11556
0047,20:30,1230,-13511
0047,20:35,1235,-13511
0047,20:40,1240,-13511
0047,20:45,1245,-13689
0047,20:50,1250,-13689
0047,20:55,1255,-13689
0047,21:00,1260,-13689
0047,21:05,1265,-13689
0047,21:10,1270,-13689
0047,21:15,1275,-13689
0047,21:20,1280,-13689
0047,21:25,1285,-13689
0047,21:30,1290,-12800
0047,21:35,1295,-12800
0047,21:40,1300,-12800
0047,21:45,1305,-5689
0047,21:50,1310,-5689
0047,21:55,1315,-5689
0047,22:00,1320,-5689
0047,22:05,1325,-6222
0047,22:10,1330,-6222
0047,22:15,1335,-6222
0047,22:20,1340,-6222
0047,22:25,1345,-6222
0047,22:30,1350,-6222
0047,22:35,1355,-6222
0047,22:40,1360,-6222
0047,22:45,1365,-6222
0047,22:50,1370,-6222
0047,22:55,1375,-6222
0047,23:00,1380,-6222
0047,23:05,1385,-6222
0047,23:10,1390,-6222
0047,23:15,1395,-6222
0047,23:16,1396,-6222
0047,23:20,1400,-6222
0048,09:00,540,0
0048,09:05,545,0
0048,09:10,550,0
0048,09:15,555,0
0048,09:20,560,0
0048,09:25,565,0
0048,09:30,570,0
0048,09:35,575,0
0048,09:40,580,0
0048,09:45,585,0
0048,09:50,590,0
0048,09:55,595,0
0048,10:00,600,0
0048,10:05,605,0
0048,10:10,610,0
0048,10:15,615,0
0048,10:20,620,0
0048,10:25,625,0
0048,10:30,630,0
0048,10:35,635,0
0048,10:40,640,-356
0048,10:45,645,-356
0048,10:50,650,-356
0048,10:55,655,-356
0048,11:00,660,-356
0048,11:05,665,-356
0048,11:10,670,-356
0048,11:15,675,-356
0048,11:20,680,-356
0048,11:25,685,-356
0048,11:30,690,-889
0048,11:35,695,-889
0048,11:40,700,-889
0048,11:45,705,-1422
0048,11:50,710,-1422
0048,11:55,715,-1422
0048,12:00,720,-1422
0048,12:05,725,-2489
0048,12:10,730,-2489
0048,12:15,735,-2489
0048,12:20,740,-2489
0048,12:25,745,-2489
0048,12:30,750,-3556
0048,12:35,755,-3556
0048,12:40,760,-3556
0048,12:45,765,-3556
0048,12:50,770,-4444
0048,12:55,775,-4444
0048,13:00,780,-4444
0048,13:05,785,-5867
0048,13:10,790,-5867
0048,13:15,795,-5867
0048,13:20,800,-5867
0048,13:25,805,-7467
0048,13:30,810,-7467
0048,13:35,815,-7467
0048,13:40,820,-7467
0048,13:45,825,-7467
0048,13:50,830,-8889
0048,13:55,835,-8889
0048,14:00,840,-8889
0048,14:05,845,-8889
0048,14:10,850,-10311
0048,14:15,855,-10311
0048,14:20,860,-10311
0048,14:25,865,-10311
0048,14:30,870,-11733
0048,14:35,875,-11733
0048,14:40,880,-11733
0048,14:45,885,-10844
0048,14:50,890,-10844
0048,14:55,895,-10844
0048,15:00,900,-10844
0048,15:05,905,-10844
0048,15:10,910,-12267
0048,15:15,915,-12267
0048,15:20,920,-12267
0048,15:25,925,-12267
0048,15:30,930,-10489
0048,15:35,935,-10489
0048,15:40,940,-10489
0048,15:45,945,-11733
0048,15:50,950,-11733
0048,15:55,955,-11733
0048,16:00,960,-11733
0048,16:05,965,-11733
0048,16:10,970,-12800
0048,16:15,975,-12800
0048,16:20,980,-12800
0048,16:25,985,-12800
0048,16:30,990,-5511
0048,16:35,995,-5511
0048,16:40,1000,-5511
0048,16:45,1005,-5511
0048,16:50,1010,-5689
0048,16:55,1015,-5689
0048,17:00,1020,-5689
0048,17:05,1025,-6756
0048,17:10,1030,-6756
0048,17:15,1035,-6756
0048,17:20,1040,-6756
0048,17:25,1045,-6756
0048,17:30,1050,-6756
0048,17:35,1055,-6756
0048,17:40,1060,-6756
0048,17:45,1065,-6756
0048,17:50,1070,-6756
0048,17:55,1075,-6756
0048,18:00,1080,-6756
0048,18:05,1085,-6756
0048,18:10,1090,-7467
0048,18:15,1095,-7467
0048,18:20,1100,-7467
0048,18:25,1105,-8178
0048,18:30,1110,-8178
0048,18:35,1115,-8178
0048,18:40,1120,-8178
0048,18:45,1125,-8178
0048,18:50,1130,-8711
0048,18:55,1135,-8711
0048,19:00,1140,-8711
0048,19:05,1145,-8711
0048,19:10,1150,-7644
0048,19:15,1155,-7644
0048,19:20,1160,-7644
0048,19:25,1165,-7644
0048,19:30,1170,-7644
0048,19:35,1175,-7644
0048,19:40,1180,-7644
0048,19:45,1185,-8000
0048,19:50,1190,-8000
0048,19:55,1195,-8000
0048,20:00,1200,-8000
0048,20:05,1205,-8000
0048,20:10,1210,-8000
0048,20:15,1215,-8000
0048,20:20,1220,-8000
0048,20:25,1225,-8000
0048,20:30,1230,-9067
0048,20:35,1235,-9067
0048,20:40,1240,-9067
0048,20:45,1245,-9956
0048,20:50,1250,-9956
0048,20:55,1255,-9956
0048,21:00,1260,-9956
0048,21:05,1265,-9956
0048,21:10,1270,-10133
0048,21:15,1275,-10133
0048,21:20,1280,-10133
0048,21:25,1285,-10133
0048,21:30,1290,-10489
0048,21:35,1295,-10489
0048,21:40,1300,-10489
0048,21:45,1305,-10667
0048,21:50,1310,-10667
0048,21:55,1315,-10667
0048,22:00,1320,-10667
0048,22:05,1325,-10667
0048,22:10,1330,-10667
0048,22:15,1335,-10667
0048,22:20,1340,-10667
0048,22:25,1345,-10667
0048,22:30,1350,-10667
0048,22:35,1355,-10667
0048,22:40,1360,-10667
0048,22:45,1365,-10667
0048,22:50,1370,-10667
0048,22:55,1375,-10667
0048,23:00,1380,-10667
0048,23:05,1385,-10667
0048,23:10,1390,-10667
0048,23:15,1395,-10667
0048,23:16,1396,-10667
0048,23:20,1400,-10667
0049,09:00,540,0
0049,09:05,545,0
0049,09:10,550,0
0049,09:15,555,0
0049,09:20,560,0
0049,09:25,565,0
0049,09:30,570,0
0049,09:35,575,0
0049,09:40,580,0
0049,09:45,585,0
0049,09:50,590,0
0049,09:55,595,0
0049,10:00,600,0
0049,10:05,605,0
0049,10:10,610,0
0049,10:15,615,0
0049,10:20,620,0
0049,10:25,625,-1021
0049,10:30,630,-1021
0049,10:35,635,-1021
0049,10:40,640,1488
0049,10:45,645,1488
0049,10:50,650,1488
0049,10:55,655,1488
0049,11:00,660,1240
0049,11:05,665,1240
0049,11:10,670,2231
0049,11:15,675,2231
0049,11:20,680,2231
0049,11:25,685,2231
0049,11:30,690,7686
0049,11:35,695,7686
0049,11:40,700,7686
0049,11:45,705,14380
0049,11:50,710,14380
0049,11:55,715,14380
0049,12:00,720,14380
0049,12:05,725,16860
0049,12:10,730,16860
0049,12:15,735,16860
0049,12:20,740,16860
0049,12:25,745,16860
0049,12:30,750,15372
0049,12:35,755,15372
0049,12:40,760,15372
0049,12:45,765,15372
0049,12:50,770,14628
0049,12:55,775,14628
0049,13:00,780,14628
0049,13:05,785,17603
0049,13:10,790,17603
0049,13:15,795,17603
0049,13:20,800,17603
0049,13:25,805,20083
0049,13:30,810,20083
0049,13:35,815,20083
0049,13:40,820,20083
0049,13:45,825,20083
0049,13:50,830,19091
0049,13:55,835,19091
0049,14:00,840,19091
0049,14:05,845,19091
0049,14:10,850,18099
0049,14:15,855,18099
0049,14:20,860,18099
0049,14:25,865,18099
0049,14:30,870,20331
0049,14:35,875,20331
0049,14:40,880,20331
0049,14:45,885,25785
0049,14:50,890,25785
0049,14:55,895,25785
0049,15:00,900,25785
0049,15:05,905,25785
0049,15:10,910,25041
0049,15:15,915,25041
0049,15:20,920,25041
0049,15:25,925,25041
0049,15:30,930,23802
0049,15:35,935,23802
0049,15:40,940,23802
0049,15:45,945,22562
0049,15:50,950,22562
0049,15:55,955,22562
0049,16:00,960,22562
0049,16:05,965,22562
0049,16:10,970,21322
0049,16:15,975,21322
0049,16:20,980,21322
0049,16:25,985,21322
0049,16:30,990,19835
0049,16:35,995,19835
0049,16:40,1000,19835
0049,16:45,1005,19835
0049,16:50,1010,18347
0049,16:55,1015,18347
0049,17:00,1020,18347
0049,17:05,1025,17107
0049,17:10,1030,17107
0049,17:15,1035,17107
0049,17:20,1040,17107
0049,17:25,1045,17107
0049,17:30,1050,15372
0049,17:35,1055,15372
0049,17:40,1060,15372
0049,17:45,1065,15372
0049,17:50,1070,13884
0049,17:55,1075,13884
0049,18:00,1080,13884
0049,18:05,1085,13884
0049,18:10,1090,12645
0049,18:15,1095,12645
0049,18:20,1100,12645
0049,18:25,1105,10909
0049,18:30,1110,10909
0049,18:35,1115,10909
0049,18:40,1120,10909
0049,18:45,1125,10909
0049,18:50,1130,14380
0049,18:55,1135,14380
0049,19:00,1140,14380
0049,19:05,1145,14380
0049,19:10,1150,13388
0049,19:15,1155,13388
0049,19:20,1160,13388
0049,19:25,1165,11653
0049,19:30,1170,11653
0049,19:35,1175,11653
0049,19:40,1180,11653
0049,19:45,1185,13636
0049,19:50,1190,13636
0049,19:55,1195,13636
0049,20:00,1200,13636
0049,20:05,1205,13636
0049,20:10,1210,12645
0049,20:15,1215,12645
0049,20:20,1220,12645
0049,20:25,1225,12645
0049,20:30,1230,12149
0049,20:35,1235,12149
0049,20:40,1240,12149
0049,20:45,1245,12149
0049,20:50,1250,12149
0049,20:55,1255,12149
0049,21:00,1260,12149
0049,21:05,1265,12149
0049,21:10,1270,12149
0049,21:15,1275,12149
0049,21:20,1280,12149
0049,21:25,1285,12149
0049,21:30,1290,13388
0049,21:35,1295,13388
0049,21:40,1300,13388
0049,21:45,1305,13388
0049,21:50,1310,13388
0049,21:55,1315,13388
0049,22:00,1320,13388
0049,22:05,1325,13388
0049,22:10,1330,13388
0049,22:15,1335,13388
0049,22:20,1340,13388
0049,22:25,1345,13388
0049,22:30,1350,13388
0049,22:35,1355,13388
0049,22:40,1360,13388
0049,22:45,1365,13388
0049,22:50,1370,13388
0049,22:55,1375,13388
0049,23:00,1380,13388
0049,23:05,1385,13388
0049,23:10,1390,13388
0049,23:15,1395,13388
0049,23:16,1396,13388
0049,23:20,1400,13388
0050,09:00,540,0
0050,09:05,545,0
0050,09:10,550,0
0050,09:15,555,0
0050,09:20,560,0
0050,09:25,565,0
0050,09:30,570,0
0050,09:35,575,0
0050,09:40,580,0
0050,09:45,585,0
0050,09:50,590,0
0050,09:55,595,0
0050,10:00,600,0
0050,10:05,605,0
0050,10:10,610,0
0050,10:15,615,0
0050,10:20,620,0
0050,10:25,625,-178
0050,10:30,630,-178
0050,10:35,635,-178
0050,10:40,640,-533
0050,10:45,645,-533
0050,10:50,650,-533
0050,10:55,655,-533
0050,11:00,660,-1600
0050,11:05,665,-1600
0050,11:10,670,-2133
0050,11:15,675,-2133
0050,11:20,680,-2133
0050,11:25,685,-2133
0050,11:30,690,-3733
0050,11:35,695,-3733
0050,11:40,700,-3733
0050,11:45,705,-4622
0050,11:50,710,-4622
0050,11:55,715,-4622
0050,12:00,720,-4622
0050,12:05,725,-5511
0050,12:10,730,-5511
0050,12:15,735,-5511
0050,12:20,740,-5511
0050,12:25,745,-5511
0050,12:30,750,-4978
0050,12:35,755,-4978
0050,12:40,760,-4978
0050,12:45,765,-4978
0050,12:50,770,-6578
0050,12:55,775,-6578
0050,13:00,780,-6578
0050,13:05,785,-8000
0050,13:10,790,-8000
0050,13:15,795,-8000
0050,13:20,800,-8000
0050,13:25,805,-9778
0050,13:30,810,-9778
0050,13:35,815,-9778
0050,13:40,820,-9778
0050,13:45,825,-9778
0050,13:50,830,-8711
0050,13:55,835,-8711
0050,14:00,840,-8711
0050,14:05,845,-8711
0050,14:10,850,-2667
0050,14:15,855,-2667
0050,14:20,860,-2667
0050,14:25,865,-2667
0050,14:30,870,2759
0050,14:35,875,2759
0050,14:40,880,2759
0050,14:45,885,5172
0050,14:50,890,5172
0050,14:55,895,5172
0050,15:00,900,5172
0050,15:05,905,5172
0050,15:10,910,4310
0050,15:15,915,4310
0050,15:20,920,4310
0050,15:25,925,4310
0050,15:30,930,3621
0050,15:35,935,3621
0050,15:40,940,3621
0050,15:45,945,4138
0050,15:50,950,4138
0050,15:55,955,4138
0050,16:00,960,4138
0050,16:05,965,4138
0050,16:10,970,10172
0050,16:15,975,10172
0050,16:20,980,10172
0050,16:25,985,10172
0050,16:30,990,14828
0050,16:35,995,14828
0050,16:40,1000,14828
0050,16:45,1005,14828
0050,16:50,1010,13793
0050,16:55,1015,13793
0050,17:00,1020,13793
0050,17:05,1025,13793
0050,17:10,1030,13793
0050,17:15,1035,13793
0050,17:20,1040,13793
0050,17:25,1045,13793
0050,17:30,1050,14483
0050,17:35,1055,14483
0050,17:40,1060,14483
0050,17:45,1065,14483
0050,17:50,1070,13966
0050,17:55,1075,13966
0050,18:00,1080,13966
0050,18:05,1085,13966
0050,18:10,1090,13966
0050,18:15,1095,13966
0050,18:20,1100,13966
0050,18:25,1105,13621
0050,18:30,1110,13621
0050,18:35,1115,13621
0050,18:40,1120,13621
0050,18:45,1125,13621
0050,18:50,1130,12759
0050,18:55,1135,12759
0050,19:00,1140,12759
0050,19:05,1145,12759
0050,19:10,1150,11724
0050,19:15,1155,11724
0050,19:20,1160,11724
0050,19:25,1165,11379
0050,19:30,1170,11379
0050,19:35,1175,11379
0050,19:40,1180,11379
0050,19:45,1185,11379
0050,19:50,1190,11379
0050,19:55,1195,11379
0050,20:00,1200,11379
0050,20:05,1205,11379
0050,20:10,1210,11379
0050,20:15,1215,11379
0050,20:20,1220,11379
0050,20:25,1225,11379
0050,20:30,1230,11379
0050,20:35,1235,11379
0050,20:40,1240,11379
0050,20:45,1245,11379
0050,20:50,1250,11379
0050,20:55,1255,11379
0050,21:00,1260,11379
0050,21:05,1265,11379
0050,21:10,1270,11379
0050,21:15,1275,11379
0050,21:20,1280,11379
0050,21:25,1285,11379
0050,21:30,1290,11379
0050,21:35,1295,11379
0050,21:40,1300,11379
0050,21:45,1305,11207
0050,21:50,1310,11207
0050,21:55,1315,11207
0050,22:00,1320,11207
0050,22:05,1325,11207
0050,22:10,1330,11207
0050,22:15,1335,11207
0050,22:20,1340,11207
0050,22:25,1345,11207
0050,22:30,1350,11207
0050,22:35,1355,11207
0050,22:40,1360,11207
0050,22:45,1365,11207
0050,22:50,1370,11207
0050,22:55,1375,11207
0050,23:00,1380,11207
0050,23:05,1385,11207
0050,23:10,1390,11207
0050,23:15,1395,11207
0050,23:16,1396,11207
0050,23:20,1400,11207
0051,09:00,540,0
0051,09:05,545,0
0051,09:10,550,0
0051,09:15,555,0
0051,09:20,560,0
0051,09:25,565,0
0051,09:30,570,0
0051,09:35,575,0
0051,09:40,580,0
0051,09:45,585,0
0051,09:50,590,0
0051,09:55,595,0
0051,10:00,600,0
0051,10:05,605,0
0051,10:10,610,0
0051,10:15,615,0
0051,10:20,620,0
0051,10:25,625,-711
0051,10:30,630,-711
0051,10:35,635,-711
0051,10:40,640,-1778
0051,10:45,645,-1778
0051,10:50,650,-1778
0051,10:55,655,-1778
0051,11:00,660,-1778
0051,11:05,665,-1778
0051,11:10,670,-1778
0051,11:15,675,-1778
0051,11:20,680,-1778
0051,11:25,685,-1778
0051,11:30,690,-2844
0051,11:35,695,-2844
0051,11:40,700,-2844
0051,11:45,705,-2489
0051,11:50,710,-2489
0051,11:55,715,-2489
0051,12:00,720,-2489
0051,12:05,725,3103
0051,12:10,730,3103
0051,12:15,735,3103
0051,12:20,740,3103
0051,12:25,745,3103
0051,12:30,750,1552
0051,12:35,755,1552
0051,12:40,760,1552
0051,12:45,765,1552
0051,12:50,770,1034
0051,12:55,775,1034
0051,13:00,780,1034
0051,13:05,785,0
0051,13:10,790,0
0051,13:15,795,0
0051,13:20,800,0
0051,13:25,805,-1600
0051,13:30,810,-1600
0051,13:35,815,-1600
0051,13:40,820,-1600
0051,13:45,825,-1600
0051,13:50,830,345
0051,13:55,835,345
0051,14:00,840,345
0051,14:05,845,345
0051,14:10,850,-533
0051,14:15,855,-533
0051,14:20,860,-533
0051,14:25,865,-533
0051,14:30,870,-1778
0051,14:35,875,-1778
0051,14:40,880,-1778
0051,14:45,885,-2844
0051,14:50,890,-2844
0051,14:55,895,-2844
0051,15:00,900,-2844
0051,15:05,905,-2844
0051,15:10,910,-4089
0051,15:15,915,-4089
0051,15:20,920,-4089
0051,15:25,925,-4089
0051,15:30,930,-5689
0051,15:35,935,-5689
0051,15:40,940,-5689
0051,15:45,945,-6933
0051,15:50,950,-6933
0051,15:55,955,-6933
0051,16:00,960,-6933
0051,16:05,965,-6933
0051,16:10,970,-7822
0051,16:15,975,-7822
0051,16:20,980,-7822
0051,16:25,985,-7822
0051,16:30,990,-7289
0051,16:35,995,-7289
0051,16:40,1000,-7289
0051,16:45,1005,-7289
0051,16:50,1010,-8711
0051,16:55,1015,-8711
0051,17:00,1020,-8711
0051,17:05,1025,-9778
0051,17:10,1030,-9778
0051,17:15,1035,-9778
0051,17:20,1040,-9778
0051,17:25,1045,-9778
0051,17:30,1050,-11200
0051,17:35,1055,-11200
0051,17:40,1060,-11200
0051,17:45,1065,-11200
0051,17:50,1070,-12267
0051,17:55,1075,-12267
0051,18:00,1080,-12267
0051,18:05,1085,-12267
0051,18:10,1090,-12089
0051,18:15,1095,-12089
0051,18:20,1100,-12089
0051,18:25,1105,-12622
0051,18:30,1110,-12622
0051,18:35,1115,-12622
0051,18:40,1120,-12622
0051,18:45,1125,-12622
0051,18:50,1130,-13867
0051,18:55,1135,-13867
0051,19:00,1140,-13867
0051,19:05,1145,-13867
0051,19:10,1150,-11200
0051,19:15,1155,-11200
0051,19:20,1160,-11200
0051,19:25,1165,-11911
0051,19:30,1170,-11911
0051,19:35,1175,-11911
0051,19:40,1180,-11911
0051,19:45,1185,-8356
0051,19:50,1190,-8356
0051,19:55,1195,-8356
0051,20:00,1200,-8356
0051,20:05,1205,-8356
0051,20:10,1210,-9244
0051,20:15,1215,-9244
0051,20:20,1220,-9244
0051,20:25,1225,-9244
0051,20:30,1230,-10667
0051,20:35,1235,-10667
0051,20:40,1240,-10667
0051,20:45,1245,-12089
0051,20:50,1250,-12089
0051,20:55,1255,-12089
0051,21:00,1260,-12089
0051,21:05,1265,-12089
0051,21:10,1270,-13156
0051,21:15,1275,-13156
0051,21:20,1280,-13156
0051,21:25,1285,-13156
0051,21:30,1290,-14578
0051,21:35,1295,-14578
0051,21:40,1300,-14578
0051,21:45,1305,-10667
0051,21:50,1310,-10667
0051,21:55,1315,-10667
0051,22:00,1320,-10667
0051,22:05,1325,-10844
0051,22:10,1330,-10844
0051,22:15,1335,-10844
0051,22:20,1340,-10844
0051,22:25,1345,-10844
0051,22:30,1350,-10844
0051,22:35,1355,-10844
0051,22:40,1360,-10844
0051,22:45,1365,-10844
0051,22:50,1370,-10844
0051,22:55,1375,-10844
0051,23:00,1380,-10844
0051,23:05,1385,-10844
0051,23:10,1390,-10844
0051,23:15,1395,-10844
0051,23:16,1396,-10844
0051,23:20,1400,-10844
0052,09:00,540,0
0052,09:05,545,0
0052,09:10,550,0
0052,09:15,555,0
0052,09:20,560,0
0052,09:25,565,0
0052,09:30,570,0
0052,09:35,575,0
0052,09:40,580,0
0052,09:45,585,0
0052,09:50,590,0
0052,09:55,595,0
0052,10:00,600,0
0052,10:05,605,0
0052,10:10,610,0
0052,10:15,615,0
0052,10:20,620,0
0052,10:25,625,-711
0052,10:30,630,-711
0052,10:35,635,-711
0052,10:40,640,-889
0052,10:45,645,-889
0052,10:50,650,-889
0052,10:55,655,-889
0052,11:00,660,-1067
0052,11:05,665,-1067
0052,11:10,670,-1600
0052,11:15,675,-1600
0052,11:20,680,-1600
0052,11:25,685,-1600
0052,11:30,690,-2133
0052,11:35,695,-2133
0052,11:40,700,-2133
0052,11:45,705,-3378
0052,11:50,710,-3378
0052,11:55,715,-3378
0052,12:00,720,-3378
0052,12:05,725,-4444
0052,12:10,730,-4444
0052,12:15,735,-4444
0052,12:20,740,-4444
0052,12:25,745,-4444
0052,12:30,750,-5689
0052,12:35,755,-5689
0052,12:40,760,-5689
0052,12:45,765,-5689
0052,12:50,770,-356
0052,12:55,775,-356
0052,13:00,780,-356
0052,13:05,785,-1244
0052,13:10,790,-1244
0052,13:15,795,-1244
0052,13:20,800,-1244
0052,13:25,805,-2489
0052,13:30,810,-2489
0052,13:35,815,-2489
0052,13:40,820,-2489
0052,13:45,825,-2489
0052,13:50,830,-3733
0052,13:55,835,-3733
0052,14:00,840,-3733
0052,14:05,845,-3733
0052,14:10,850,-1244
0052,14:15,855,-1244
0052,14:20,860,-1244
0052,14:25,865,-1244
0052,14:30,870,862
0052,14:35,875,862
0052,14:40,880,862
0052,14:45,885,-356
0052,14:50,890,-356
0052,14:55,895,-356
0052,15:00,900,-356
0052,15:05,905,-356
0052,15:10,910,-1422
0052,15:15,915,-1422
0052,15:20,920,-1422
0052,15:25,925,-1422
0052,15:30,930,-2133
0052,15:35,935,-2133
0052,15:40,940,-2133
0052,15:45,945,-3378
0052,15:50,950,-3378
0052,15:55,955,-3378
0052,16:00,960,-3378
0052,16:05,965,-3378
0052,16:10,970,-3733
0052,16:15,975,-3733
0052,16:20,980,-3733
0052,16:25,985,-3733
0052,16:30,990,-4978
0052,16:35,995,-4978
0052,16:40,1000,-4978
0052,16:45,1005,-4978
0052,16:50,1010,-6400
0052,16:55,1015,-6400
0052,17:00,1020,-6400
0052,17:05,1025,-7467
0052,17:10,1030,-7467
0052,17:15,1035,-7467
0052,17:20,1040,-7467
0052,17:25,1045,-7467
0052,17:30,1050,-8889
0052,17:35,1055,-8889
0052,17:40,1060,-8889
0052,17:45,1065,-8889
0052,17:50,1070,-9422
0052,17:55,1075,-9422
0052,18:00,1080,-9422
0052,18:05,1085,-9422
0052,18:10,1090,-9956
0052,18:15,1095,-9956
0052,18:20,1100,-9956
0052,18:25,1105,-9956
0052,18:30,1110,-9956
0052,18:35,1115,-9956
0052,18:40,1120,-9956
0052,18:45,1125,-9956
0052,18:50,1130,-9956
0052,18:55,1135,-9956
0052,19:00,1140,-9956
0052,19:05,1145,-9956
0052,19:10,1150,-10667
0052,19:15,1155,-10667
0052,19:20,1160,-10667
0052,19:25,1165,-12089
0052,19:30,1170,-12089
0052,19:35,1175,-12089
0052,19:40,1180,-12089
0052,19:45,1185,-12444
0052,19:50,1190,-12444
0052,19:55,1195,-12444
0052,20:00,1200,-12444
0052,20:05,1205,-12444
0052,20:10,1210,-12444
0052,20:15,1215,-12444
0052,20:20,1220,-12444
0052,20:25,1225,-12444
0052,20:30,1230,-14222
0052,20:35,1235,-14222
0052,20:40,1240,-14222
0052,20:45,1245,-15822
0052,20:50,1250,-15822
0052,20:55,1255,-15822
0052,21:00,1260,-15822
0052,21:05,1265,-15822
0052,21:10,1270,-17244
0052,21:15,1275,-17244
0052,21:20,1280,-17244
0052,21:25,1285,-17244
0052,21:30,1290,-19022
0052,21:35,1295,-19022
0052,21:40,1300,-19022
0052,21:45,1305,-19733
0052,21:50,1310,-19733
0052,21:55,1315,-19733
0052,22:00,1320,-19733
0052,22:05,1325,-19911
0052,22:10,1330,-19911
0052,22:15,1335,-19911
0052,22:20,1340,-19911
0052,22:25,1345,-19911
0052,22:30,1350,-19911
0052,22:35,1355,-19911
0052,22:40,1360,-19911
0052,22:45,1365,-19911
0052,22:50,1370,-19911
0052,22:55,1375,-19911
0052,23:00,1380,-19911
0052,23:05,1385,-19911
0052,23:10,1390,-19911
0052,23:15,1395,-19911
0052,23:16,1396,-19911
0052,23:20,1400,-19911
0053,09:00,540,0
0053,09:05,545,0
0053,09:10,550,0
0053,09:15,555,0
0053,09:20,560,0
0053,09:25,565,0
0053,09:30,570,0
0053,09:35,575,0
0053,09:40,580,0
0053,09:45,585,0
0053,09:50,590,0
0053,09:55,595,0
0053,10:00,600,0
0053,10:05,605,0
0053,10:10,610,-255
0053,10:15,615,-255
0053,10:20,620,-255
0053,10:25,625,-511
0053,10:30,630,-511
0053,10:35,635,-511
0053,10:40,640,-766
0053,10:45,645,-766
0053,10:50,650,-766
0053,10:55,655,-766
0053,11:00,660,-1277
0053,11:05,665,-1277
0053,11:10,670,-1277
0053,11:15,675,-1277
0053,11:20,680,-1277
0053,11:25,685,-1277
0053,11:30,690,-2298
0053,11:35,695,-2298
0053,11:40,700,-2298
0053,11:45,705,-2809
0053,11:50,710,-2809
0053,11:55,715,-2809
0053,12:00,720,-2809
0053,12:05,725,992
0053,12:10,730,992
0053,12:15,735,992
0053,12:20,740,992
0053,12:25,745,992
0053,12:30,750,6198
0053,12:35,755,6198
0053,12:40,760,6198
0053,12:45,765,6198
0053,12:50,770,5702
0053,12:55,775,5702
0053,13:00,780,5702
0053,13:05,785,8182
0053,13:10,790,8182
0053,13:15,795,8182
0053,13:20,800,8182
0053,13:25,805,9421
0053,13:30,810,9421
0053,13:35,815,9421
0053,13:40,820,9421
0053,13:45,825,9421
0053,13:50,830,7934
0053,13:55,835,7934
0053,14:00,840,7934
0053,14:05,845,7934
0053,14:10,850,6942
0053,14:15,855,6942
0053,14:20,860,6942
0053,14:25,865,6942
0053,14:30,870,6942
0053,14:35,875,6942
0053,14:40,880,6942
0053,14:45,885,6942
0053,14:50,890,6942
0053,14:55,895,6942
0053,15:00,900,6942
0053,15:05,905,6942
0053,15:10,910,6942
0053,15:15,915,6942
0053,15:20,920,6942
0053,15:25,925,6942
0053,15:30,930,5702
0053,15:35,935,5702
0053,15:40,940,5702
0053,15:45,945,8926
0053,15:50,950,8926
0053,15:55,955,8926
0053,16:00,960,8926
0053,16:05,965,8926
0053,16:10,970,16116
0053,16:15,975,16116
0053,16:20,980,16116
0053,16:25,985,16116
0053,16:30,990,21074
0053,16:35,995,21074
0053,16:40,1000,21074
0053,16:45,1005,21074
0053,16:50,1010,19835
0053,16:55,1015,19835
0053,17:00,1020,19835
0053,17:05,1025,19587
0053,17:10,1030,19587
0053,17:15,1035,19587
0053,17:20,1040,19587
0053,17:25,1045,19587
0053,17:30,1050,19091
0053,17:35,1055,19091
0053,17:40,1060,19091
0053,17:45,1065,19091
0053,17:50,1070,17851
0053,17:55,1075,17851
0053,18:00,1080,17851
0053,18:05,1085,17851
0053,18:10,1090,16860
0053,18:15,1095,16860
0053,18:20,1100,16860
0053,18:25,1105,16612
0053,18:30,1110,16612
0053,18:35,1115,16612
0053,18:40,1120,16612
0053,18:45,1125,16612
0053,18:50,1130,16364
0053,18:55,1135,16364
0053,19:00,1140,16364
0053,19:05,1145,16364
0053,19:10,1150,16364
0053,19:15,1155,16364
0053,19:20,1160,16364
0053,19:25,1165,16364
0053,19:30,1170,16364
0053,19:35,1175,16364
0053,19:40,1180,16364
0053,19:45,1185,15868
0053,19:50,1190,15868
0053,19:55,1195,15868
0053,20:00,1200,15868
0053,20:05,1205,15868
0053,20:10,1210,15620
0053,20:15,1215,15620
0053,20:20,1220,15620
0053,20:25,1225,15620
0053,20:30,1230,15620
0053,20:35,1235,15620
0053,20:40,1240,15620
0053,20:45,1245,15620
0053,20:50,1250,15620
0053,20:55,1255,15620
0053,21:00,1260,15620
0053,21:05,1265,15620
0053,21:10,1270,15620
0053,21:15,1275,15620
0053,21:20,1280,15620
0053,21:25,1285,15620
0053,21:30,1290,15620
0053,21:35,1295,15620
0053,21:40,1300,15620
0053,21:45,1305,15620
0053,21:50,1310,15620
0053,21:55,1315,15620
0053,22:00,1320,15620
0053,22:05,1325,15620
0053,22:10,1330,15620
0053,22:15,1335,15620
0053,22:20,1340,15620
0053,22:25,1345,15620
0053,22:30,1350,15620
0053,22:35,1355,15620
0053,22:40,1360,15620
0053,22:45,1365,15620
0053,22:50,1370,15620
0053,22:55,1375,15620
0053,23:00,1380,15620
0053,23:05,1385,15620
0053,23:10,1390,15620
0053,23:15,1395,15620
0053,23:16,1396,15620
0053,23:20,1400,15620
0054,09:00,540,0
0054,09:05,545,0
0054,09:10,550,0
0054,09:15,555,0
0054,09:20,560,0
0054,09:25,565,0
0054,09:30,570,0
0054,09:35,575,0
0054,09:40,580,0
0054,09:45,585,0
0054,09:50,590,0
0054,09:55,595,0
0054,10:00,600,0
0054,10:05,605,0
0054,10:10,610,0
0054,10:15,615,0
0054,10:20,620,0
0054,10:25,625,0
0054,10:30,630,0
0054,10:35,635,0
0054,10:40,640,0
0054,10:45,645,0
0054,10:50,650,0
0054,10:55,655,0
0054,11:00,660,0
0054,11:05,665,0
0054,11:10,670,0
0054,11:15,675,0
0054,11:20,680,0
0054,11:25,685,0
0054,11:30,690,0
0054,11:35,695,0
0054,11:40,700,0
0054,11:45,705,-178
0054,11:50,710,-178
0054,11:55,715,-178
0054,12:00,720,-178
0054,12:05,725,-1422
0054,12:10,730,-1422
0054,12:15,735,-1422
0054,12:20,740,-1422
0054,12:25,745,-1422
0054,12:30,750,1897
0054,12:35,755,1897
0054,12:40,760,1897
0054,12:45,765,1897
0054,12:50,770,1207
0054,12:55,775,1207
0054,13:00,780,1207
0054,13:05,785,0
0054,13:10,790,0
0054,13:15,795,0
0054,13:20,800,0
0054,13:25,805,-1956
0054,13:30,810,-1956
0054,13:35,815,-1956
0054,13:40,820,-1956
0054,13:45,825,-1956
0054,13:50,830,2414
0054,13:55,835,2414
0054,14:00,840,2414
0054,14:05,845,2414
0054,14:10,850,8448
0054,14:15,855,8448
0054,14:20,860,8448
0054,14:25,865,8448
0054,14:30,870,8448
0054,14:35,875,8448
0054,14:40,880,8448
0054,14:45,885,8448
0054,14:50,890,8448
0054,14:55,895,8448
0054,15:00,900,8448
0054,15:05,905,8448
0054,15:10,910,9828
0054,15:15,915,9828
0054,15:20,920,9828
0054,15:25,925,9828
0054,15:30,930,13793
0054,15:35,935,13793
0054,15:40,940,13793
0054,15:45,945,12586
0054,15:50,950,12586
0054,15:55,955,12586
0054,16:00,960,12586
0054,16:05,965,12586
0054,16:10,970,11207
0054,16:15,975,11207
0054,16:20,980,11207
0054,16:25,985,11207
0054,16:30,990,10517
0054,16:35,995,10517
0054,16:40,1000,10517
0054,16:45,1005,10517
0054,16:50,1010,10517
0054,16:55,1015,10517
0054,17:00,1020,10517
0054,17:05,1025,10172
0054,17:10,1030,10172
0054,17:15,1035,10172
0054,17:20,1040,10172
0054,17:25,1045,10172
0054,17:30,1050,10000
0054,17:35,1055,10000
0054,17:40,1060,10000
0054,17:45,1065,10000
0054,17:50,1070,10000
0054,17:55,1075,10000
0054,18:00,1080,10000
0054,18:05,1085,10000
0054,18:10,1090,9310
0054,18:15,1095,9310
0054,18:20,1100,9310
0054,18:25,1105,8448
0054,18:30,1110,8448
0054,18:35,1115,8448
0054,18:40,1120,8448
0054,18:45,1125,8448
0054,18:50,1130,7069
0054,18:55,1135,7069
0054,19:00,1140,7069
0054,19:05,1145,7069
0054,19:10,1150,8276
0054,19:15,1155,8276
0054,19:20,1160,8276
0054,19:25,1165,7069
0054,19:30,1170,7069
0054,19:35,1175,7069
0054,19:40,1180,7069
0054,19:45,1185,6897
0054,19:50,1190,6897
0054,19:55,1195,6897
0054,20:00,1200,6897
0054,20:05,1205,6897
0054,20:10,1210,6724
0054,20:15,1215,6724
0054,20:20,1220,6724
0054,20:25,1225,6724
0054,20:30,1230,6724
0054,20:35,1235,6724
0054,20:40,1240,6724
0054,20:45,1245,6724
0054,20:50,1250,6724
0054,20:55,1255,6724
0054,21:00,1260,6724
0054,21:05,1265,6724
0054,21:10,1270,6724
0054,21:15,1275,6724
0054,21:20,1280,6724
0054,21:25,1285,6724
0054,21:30,1290,6724
0054,21:35,1295,6724
0054,21:40,1300,6724
0054,21:45,1305,6724
0054,21:50,1310,6724
0054,21:55,1315,6724
0054,22:00,1320,6724
0054,22:05,1325,6724
0054,22:10,1330,6724
0054,22:15,1335,6724
0054,22:20,1340,6724
0054,22:25,1345,6724
0054,22:30,1350,6724
0054,22:35,1355,6724
0054,22:40,1360,6724
0054,22:45,1365,6724
0054,22:50,1370,6724
0054,22:55,1375,6724
0054,23:00,1380,6724
0054,23:05,1385,6724
0054,23:10,1390,6724
0054,23:15,1395,6724
0054,23:16,1396,6724
0054,23:20,1400,6724
0055,09:00,540,0
0055,09:05,545,0
0055,09:10,550,0
0055,09:15,555,0
0055,09:20,560,0
0055,09:25,565,0
0055,09:30,570,0
0055,09:35,575,0
0055,09:40,580,0
0055,09:45,585,0
0055,09:50,590,0
0055,09:55,595,0
0055,10:00,600,0
0055,10:05,605,0
0055,10:10,610,0
0055,10:15,615,0
0055,10:20,620,0
0055,10:25,625,1034
0055,10:30,630,1034
0055,10:35,635,1034
0055,10:40,640,6897
0055,10:45,645,6897
0055,10:50,650,6897
0055,10:55,655,6897
0055,11:00,660,7759
0055,11:05,665,7759
0055,11:10,670,7414
0055,11:15,675,7414
0055,11:20,680,7414
0055,11:25,685,7414
0055,11:30,690,11552
0055,11:35,695,11552
0055,11:40,700,11552
0055,11:45,705,12759
0055,11:50,710,12759
0055,11:55,715,12759
0055,12:00,720,12759
0055,12:05,725,11552
0055,12:10,730,11552
0055,12:15,735,11552
0055,12:20,740,11552
0055,12:25,745,11552
0055,12:30,750,11379
0055,12:35,755,11379
0055,12:40,760,11379
0055,12:45,765,11379
0055,12:50,770,11379
0055,12:55,775,11379
0055,13:00,780,11379
0055,13:05,785,11034
0055,13:10,790,11034
0055,13:15,795,11034
0055,13:20,800,11034
0055,13:25,805,14828
0055,13:30,810,14828
0055,13:35,815,14828
0055,13:40,820,14828
0055,13:45,825,14828
0055,13:50,830,14310
0055,13:55,835,14310
0055,14:00,840,14310
0055,14:05,845,14310
0055,14:10,850,12931
0055,14:15,855,12931
0055,14:20,860,12931
0055,14:25,865,12931
0055,14:30,870,11724
0055,14:35,875,11724
0055,14:40,880,11724
0055,14:45,885,10690
0055,14:50,890,10690
0055,14:55,895,10690
0055,15:00,900,10690
0055,15:05,905,10690
0055,15:10,910,13621
0055,15:15,915,13621
0055,15:20,920,13621
0055,15:25,925,13621
0055,15:30,930,17069
0055,15:35,935,17069
0055,15:40,940,17069
0055,15:45,945,16379
0055,15:50,950,16379
0055,15:55,955,16379
0055,16:00,960,16379
0055,16:05,965,16379
0055,16:10,970,15517
0055,16:15,975,15517
0055,16:20,980,15517
0055,16:25,985,15517
0055,16:30,990,13793
0055,16:35,995,13793
0055,16:40,1000,13793
0055,16:45,1005,13793
0055,16:50,1010,12241
0055,16:55,1015,12241
0055,17:00,1020,12241
0055,17:05,1025,11379
0055,17:10,1030,11379
0055,17:15,1035,11379
0055,17:20,1040,11379
0055,17:25,1045,11379
0055,17:30,1050,10862
0055,17:35,1055,10862
0055,17:40,1060,10862
0055,17:45,1065,10862
0055,17:50,1070,9828
0055,17:55,1075,9828
0055,18:00,1080,9828
0055,18:05,1085,9828
0055,18:10,1090,8966
0055,18:15,1095,8966
0055,18:20,1100,8966
0055,18:25,1105,8448
0055,18:30,1110,8448
0055,18:35,1115,8448
0055,18:40,1120,8448
0055,18:45,1125,8448
0055,18:50,1130,7586
0055,18:55,1135,7586
0055,19:00,1140,7586
0055,19:05,1145,7586
0055,19:10,1150,8276
0055,19:15,1155,8276
0055,19:20,1160,8276
0055,19:25,1165,8448
0055,19:30,1170,8448
0055,19:35,1175,8448
0055,19:40,1180,8448
0055,19:45,1185,10690
0055,19:50,1190,10690
0055,19:55,1195,10690
0055,20:00,1200,10690
0055,20:05,1205,10690
0055,20:10,1210,10345
0055,20:15,1215,10345
0055,20:20,1220,10345
0055,20:25,1225,10345
0055,20:30,1230,9828
0055,20:35,1235,9828
0055,20:40,1240,9828
0055,20:45,1245,9828
0055,20:50,1250,9828
0055,20:55,1255,9828
0055,21:00,1260,9828
0055,21:05,1265,9828
0055,21:10,1270,9828
0055,21:15,1275,9828
0055,21:20,1280,9828
0055,21:25,1285,9828
0055,21:30,1290,9828
0055,21:35,1295,9828
0055,21:40,1300,9828
0055,21:45,1305,9828
0055,21:50,1310,9828
0055,21:55,1315,9828
0055,22:00,1320,9828
0055,22:05,1325,9828
0055,22:10,1330,9828
0055,22:15,1335,9828
0055,22:20,1340,9828
0055,22:25,1345,9828
0055,22:30,1350,9828
0055,22:35,1355,9828
0055,22:40,1360,9828
0055,22:45,1365,9828
0055,22:50,1370,9828
0055,22:55,1375,9828
0055,23:00,1380,9828
0055,23:05,1385,9828
0055,23:10,1390,9828
0055,23:15,1395,9828
0055,23:16,1396,9828
0055,23:20,1400,9828
0056,09:00,540,0
0056,09:05,545,0
0056,09:10,550,0
0056,09:15,555,0
0056,09:20,560,0
0056,09:25,565,0
0056,09:30,570,0
0056,09:35,575,0
0056,09:40,580,0
0056,09:45,585,0
0056,09:50,590,0
0056,09:55,595,0
0056,10:00,600,0
0056,10:05,605,0
0056,10:10,610,0
0056,10:15,615,0
0056,10:20,620,0
0056,10:25,625,-255
0056,10:30,630,-255
0056,10:35,635,-255
0056,10:40,640,-1277
0056,10:45,645,-1277
0056,10:50,650,-1277
0056,10:55,655,-1277
0056,11:00,660,-2298
0056,11:05,665,-2298
0056,11:10,670,-2809
0056,11:15,675,-2809
0056,11:20,680,-2809
0056,11:25,685,-2809
0056,11:30,690,-4596
0056,11:35,695,-4596
0056,11:40,700,-4596
0056,11:45,705,-5872
0056,11:50,710,-5872
0056,11:55,715,-5872
0056,12:00,720,-5872
0056,12:05,725,-7149
0056,12:10,730,-7149
0056,12:15,735,-7149
0056,12:20,740,-7149
0056,12:25,745,-7149
0056,12:30,750,-8681
0056,12:35,755,-8681
0056,12:40,760,-8681
0056,12:45,765,-8681
0056,12:50,770,-9702
0056,12:55,775,-9702
0056,13:00,780,-9702
0056,13:05,785,-10979
0056,13:10,790,-10979
0056,13:15,795,-10979
0056,13:20,800,-10979
0056,13:25,805,-12511
0056,13:30,810,-12511
0056,13:35,815,-12511
0056,13:40,820,-12511
0056,13:45,825,-12511
0056,13:50,830,-13787
0056,13:55,835,-13787
0056,14:00,840,-13787
0056,14:05,845,-13787
0056,14:10,850,-15064
0056,14:15,855,-15064
0056,14:20,860,-15064
0056,14:25,865,-15064
0056,14:30,870,-16085
0056,14:35,875,-16085
0056,14:40,880,-16085
0056,14:45,885,-17362
0056,14:50,890,-17362
0056,14:55,895,-17362
0056,15:00,900,-17362
0056,15:05,905,-17362
0056,15:10,910,-18894
0056,15:15,915,-18894
0056,15:20,920,-18894
0056,15:25,925,-18894
0056,15:30,930,-18894
0056,15:35,935,-18894
0056,15:40,940,-18894
0056,15:45,945,-19915
0056,15:50,950,-19915
0056,15:55,955,-19915
0056,16:00,960,-19915
0056,16:05,965,-19915
0056,16:10,970,-20681
0056,16:15,975,-20681
0056,16:20,980,-20681
0056,16:25,985,-20681
0056,16:30,990,-21447
0056,16:35,995,-21447
0056,16:40,1000,-21447
0056,16:45,1005,-21447
0056,16:50,1010,-19660
0056,16:55,1015,-19660
0056,17:00,1020,-19660
0056,17:05,1025,-15574
0056,17:10,1030,-15574
0056,17:15,1035,-15574
0056,17:20,1040,-15574
0056,17:25,1045,-15574
0056,17:30,1050,-15064
0056,17:35,1055,-15064
0056,17:40,1060,-15064
0056,17:45,1065,-15064
0056,17:50,1070,-16085
0056,17:55,1075,-16085
0056,18:00,1080,-16085
0056,18:05,1085,-16085
0056,18:10,1090,-16851
0056,18:15,1095,-16851
0056,18:20,1100,-16851
0056,18:25,1105,-14553
0056,18:30,1110,-14553
0056,18:35,1115,-14553
0056,18:40,1120,-14553
0056,18:45,1125,-14553
0056,18:50,1130,-14043
0056,18:55,1135,-14043
0056,19:00,1140,-14043
0056,19:05,1145,-14043
0056,19:10,1150,-13277
0056,19:15,1155,-13277
0056,19:20,1160,-13277
0056,19:25,1165,-14553
0056,19:30,1170,-14553
0056,19:35,1175,-14553
0056,19:40,1180,-14553
0056,19:45,1185,-15574
0056,19:50,1190,-15574
0056,19:55,1195,-15574
0056,20:00,1200,-15574
0056,20:05,1205,-15574
0056,20:10,1210,-15830
0056,20:15,1215,-15830
0056,20:20,1220,-15830
0056,20:25,1225,-15830
0056,20:30,1230,-15830
0056,20:35,1235,-15830
0056,20:40,1240,-15830
0056,20:45,1245,-15830
0056,20:50,1250,-15830
0056,20:55,1255,-15830
0056,21:00,1260,-15830
0056,21:05,1265,-15830
0056,21:10,1270,-15830
0056,21:15,1275,-15830
0056,21:20,1280,-15830
0056,21:25,1285,-15830
0056,21:30,1290,-15830
0056,21:35,1295,-15830
0056,21:40,1300,-15830
0056,21:45,1305,-15830
0056,21:50,1310,-15830
0056,21:55,1315,-15830
0056,22:00,1320,-15830
0056,22:05,1325,-16340
0056,22:10,1330,-16340
0056,22:15,1335,-16340
0056,22:20,1340,-16340
0056,22:25,1345,-16340
0056,22:30,1350,-16340
0056,22:35,1355,-16340
0056,22:40,1360,-16340
0056,22:45,1365,-16340
0056,22:50,1370,-16340
0056,22:55,1375,-16340
0056,23:00,1380,-16340
0056,23:05,1385,-16340
0056,23:10,1390,-16340
0056,23:15,1395,-16340
0056,23:16,1396,-16340
0056,23:20,1400,-16340
0057,09:00,540,0
0057,09:05,545,0
0057,09:10,550,0
0057,09:15,555,0
0057,09:20,560,0
0057,09:25,565,0
0057,09:30,570,0
0057,09:35,575,0
0057,09:40,580,0
0057,09:45,585,0
0057,09:50,590,0
0057,09:55,595,0
0057,10:00,600,0
0057,10:05,605,0
0057,10:10,610,0
0057,10:15,615,0
0057,10:20,620,0
0057,10:25,625,0
0057,10:30,630,0
0057,10:35,635,0
0057,10:40,640,0
0057,10:45,645,0
0057,10:50,650,0
0057,10:55,655,0
0057,11:00,660,0
0057,11:05,665,0
0057,11:10,670,0
0057,11:15,675,0
0057,11:20,680,0
0057,11:25,685,0
0057,11:30,690,2479
0057,11:35,695,2479
0057,11:40,700,2479
0057,11:45,705,6694
0057,11:50,710,6694
0057,11:55,715,6694
0057,12:00,720,6694
0057,12:05,725,5207
0057,12:10,730,5207
0057,12:15,735,5207
0057,12:20,740,5207
0057,12:25,745,5207
0057,12:30,750,3967
0057,12:35,755,3967
0057,12:40,760,3967
0057,12:45,765,3967
0057,12:50,770,2727
0057,12:55,775,2727
0057,13:00,780,2727
0057,13:05,785,1983
0057,13:10,790,1983
0057,13:15,795,1983
0057,13:20,800,1983
0057,13:25,805,3967
0057,13:30,810,3967
0057,13:35,815,3967
0057,13:40,820,3967
0057,13:45,825,3967
0057,13:50,830,12149
0057,13:55,835,12149
0057,14:00,840,12149
0057,14:05,845,12149
0057,14:10,850,14628
0057,14:15,855,14628
0057,14:20,860,14628
0057,14:25,865,14628
0057,14:30,870,18843
0057,14:35,875,18843
0057,14:40,880,18843
0057,14:45,885,21322
0057,14:50,890,21322
0057,14:55,895,21322
0057,15:00,900,21322
0057,15:05,905,21322
0057,15:10,910,20083
0057,15:15,915,20083
0057,15:20,920,20083
0057,15:25,925,20083
0057,15:30,930,19091
0057,15:35,935,19091
0057,15:40,940,19091
0057,15:45,945,20083
0057,15:50,950,20083
0057,15:55,955,20083
0057,16:00,960,20083
0057,16:05,965,20083
0057,16:10,970,25537
0057,16:15,975,25537
0057,16:20,980,25537
0057,16:25,985,25537
0057,16:30,990,25785
0057,16:35,995,25785
0057,16:40,1000,25785
0057,16:45,1005,25785
0057,16:50,1010,25041
0057,16:55,1015,25041
0057,17:00,1020,25041
0057,17:05,1025,29008
0057,17:10,1030,29008
0057,17:15,1035,29008
0057,17:20,1040,29008
0057,17:25,1045,29008
0057,17:30,1050,28512
0057,17:35,1055,28512
0057,17:40,1060,28512
0057,17:45,1065,28512
0057,17:50,1070,28512
0057,17:55,1075,28512
0057,18:00,1080,28512
0057,18:05,1085,28512
0057,18:10,1090,28512
0057,18:15,1095,28512
0057,18:20,1100,28512
0057,18:25,1105,27025
0057,18:30,1110,27025
0057,18:35,1115,27025
0057,18:40,1120,27025
0057,18:45,1125,27025
0057,18:50,1130,26033
0057,18:55,1135,26033
0057,19:00,1140,26033
0057,19:05,1145,26033
0057,19:10,1150,25785
0057,19:15,1155,25785
0057,19:20,1160,25785
0057,19:25,1165,25785
0057,19:30,1170,25785
0057,19:35,1175,25785
0057,19:40,1180,25785
0057,19:45,1185,25289
0057,19:50,1190,25289
0057,19:55,1195,25289
0057,20:00,1200,25289
0057,20:05,1205,25289
0057,20:10,1210,25289
0057,20:15,1215,25289
0057,20:20,1220,25289
0057,20:25,1225,25289
0057,20:30,1230,25289
0057,20:35,1235,25289
0057,20:40,1240,25289
0057,20:45,1245,25289
0057,20:50,1250,25289
0057,20:55,1255,25289
0057,21:00,1260,25289
0057,21:05,1265,25289
0057,21:10,1270,25289
0057,21:15,1275,25289
0057,21:20,1280,25289
0057,21:25,1285,25289
0057,21:30,1290,25289
0057,21:35,1295,25289
0057,21:40,1300,25289
0057,21:45,1305,25289
0057,21:50,1310,25289
0057,21:55,1315,25289
0057,22:00,1320,25289
0057,22:05,1325,24793
0057,22:10,1330,24793
0057,22:15,1335,24793
0057,22:20,1340,24793
0057,22:25,1345,24793
0057,22:30,1350,24793
0057,22:35,1355,24793
0057,22:40,1360,24793
0057,22:45,1365,24793
0057,22:50,1370,24793
0057,22:55,1375,24793
0057,23:00,1380,24793
0057,23:05,1385,24793
0057,23:10,1390,24793
0057,23:15,1395,24793
0057,23:16,1396,24793
0057,23:20,1400,24793
0058,09:00,540,0
0058,09:05,545,0
0058,09:10,550,0
0058,09:15,555,0
0058,09:20,560,0
0058,09:25,565,0
0058,09:30,570,0
0058,09:35,575,0
0058,09:40,580,0
0058,09:45,585,0
0058,09:50,590,0
0058,09:55,595,0
0058,10:00,600,0
0058,10:05,605,0
0058,10:10,610,0
0058,10:15,615,0
0058,10:20,620,0
0058,10:25,625,0
0058,10:30,630,0
0058,10:35,635,0
0058,10:40,640,0
0058,10:45,645,0
0058,10:50,650,0
0058,10:55,655,0
0058,11:00,660,0
0058,11:05,665,0
0058,11:10,670,0
0058,11:15,675,0
0058,11:20,680,0
0058,11:25,685,0
0058,11:30,690,0
0058,11:35,695,0
0058,11:40,700,0
0058,11:45,705,-711
0058,11:50,710,-711
0058,11:55,715,-711
0058,12:00,720,-711
0058,12:05,725,-889
0058,12:10,730,-889
0058,12:15,735,-889
0058,12:20,740,-889
0058,12:25,745,-889
0058,12:30,750,-1067
0058,12:35,755,-1067
0058,12:40,760,-1067
0058,12:45,765,-1067
0058,12:50,770,2931
0058,12:55,775,2931
0058,13:00,780,2931
0058,13:05,785,5000
0058,13:10,790,5000
0058,13:15,795,5000
0058,13:20,800,5000
0058,13:25,805,8621
0058,13:30,810,8621
0058,13:35,815,8621
0058,13:40,820,8621
0058,13:45,825,8621
0058,13:50,830,9569
0058,13:55,835,9569
0058,14:00,840,9569
0058,14:05,845,9569
0058,14:10,850,8362
0058,14:15,855,8362
0058,14:20,860,8362
0058,14:25,865,8362
0058,14:30,870,7155
0058,14:35,875,7155
0058,14:40,880,7155
0058,14:45,885,5690
0058,14:50,890,5690
0058,14:55,895,5690
0058,15:00,900,5690
0058,15:05,905,5690
0058,15:10,910,4655
0058,15:15,915,4655
0058,15:20,920,4655
0058,15:25,925,4655
0058,15:30,930,2931
0058,15:35,935,2931
0058,15:40,940,2931
0058,15:45,945,1638
0058,15:50,950,1638
0058,15:55,955,1638
0058,16:00,960,1638
0058,16:05,965,1638
0058,16:10,970,517
0058,16:15,975,517
0058,16:20,980,517
0058,16:25,985,517
0058,16:30,990,-711
0058,16:35,995,-711
0058,16:40,1000,-711
0058,16:45,1005,-711
0058,16:50,1010,-1511
0058,16:55,1015,-1511
0058,17:00,1020,-1511
0058,17:05,1025,-1333
0058,17:10,1030,-1333
0058,17:15,1035,-1333
0058,17:20,1040,-1333
0058,17:25,1045,-1333
0058,17:30,1050,-1067
0058,17:35,1055,-1067
0058,17:40,1060,-1067
0058,17:45,1065,-1067
0058,17:50,1070,-978
0058,17:55,1075,-978
0058,18:00,1080,-978
0058,18:05,1085,-978
0058,18:10,1090,-1511
0058,18:15,1095,-1511
0058,18:20,1100,-1511
0058,18:25,1105,-2933
0058,18:30,1110,-2933
0058,18:35,1115,-2933
0058,18:40,1120,-2933
0058,18:45,1125,-2933
0058,18:50,1130,-3289
0058,18:55,1135,-3289
0058,19:00,1140,-3289
0058,19:05,1145,-3289
0058,19:10,1150,-3378
0058,19:15,1155,-3378
0058,19:20,1160,-3378
0058,19:25,1165,-3733
0058,19:30,1170,-3733
0058,19:35,1175,-3733
0058,19:40,1180,-3733
0058,19:45,1185,-4800
0058,19:50,1190,-4800
0058,19:55,1195,-4800
0058,20:00,1200,-4800
0058,20:05,1205,-4800
0058,20:10,1210,-4889
0058,20:15,1215,-4889
0058,20:20,1220,-4889
0058,20:25,1225,-4889
0058,20:30,1230,-4889
0058,20:35,1235,-4889
0058,20:40,1240,-4889
0058,20:45,1245,-4978
0058,20:50,1250,-4978
0058,20:55,1255,-4978
0058,21:00,1260,-4978
0058,21:05,1265,-4978
0058,21:10,1270,-6133
0058,21:15,1275,-6133
0058,21:20,1280,-6133
0058,21:25,1285,-6133
0058,21:30,1290,-6133
0058,21:35,1295,-6133
0058,21:40,1300,-6133
0058,21:45,1305,-6133
0058,21:50,1310,-6133
0058,21:55,1315,-6133
0058,22:00,1320,-6133
0058,22:05,1325,-6133
0058,22:10,1330,-6133
0058,22:15,1335,-6133
0058,22:20,1340,-6133
0058,22:25,1345,-6133
0058,22:30,1350,-6311
0058,22:35,1355,-6311
0058,22:40,1360,-6311
0058,22:45,1365,-6311
0058,22:50,1370,-6311
0058,22:55,1375,-6311
0058,23:00,1380,-6311
0058,23:05,1385,-6311
0058,23:10,1390,-6311
0058,23:15,1395,-6311
0058,23:16,1396,-6311
0058,23:20,1400,-6311
0059,09:00,540,0
0059,09:05,545,0
0059,09:10,550,0
0059,09:15,555,0
0059,09:20,560,0
0059,09:25,565,0
0059,09:30,570,0
0059,09:35,575,0
0059,09:40,580,0
0059,09:45,585,0
0059,09:50,590,0
0059,09:55,595,0
0059,10:00,600,0
0059,10:05,605,0
0059,10:10,610,0
0059,10:15,615,0
0059,10:20,620,0
0059,10:25,625,0
0059,10:30,630,0
0059,10:35,635,0
0059,10:40,640,0
0059,10:45,645,0
0059,10:50,650,0
0059,10:55,655,0
0059,11:00,660,0
0059,11:05,665,0
0059,11:10,670,0
0059,11:15,675,0
0059,11:20,680,0
0059,11:25,685,0
0059,11:30,690,-1021
0059,11:35,695,-1021
0059,11:40,700,-1021
0059,11:45,705,-766
0059,11:50,710,-766
0059,11:55,715,-766
0059,12:00,720,-766
0059,12:05,725,2975
0059,12:10,730,2975
0059,12:15,735,2975
0059,12:20,740,2975
0059,12:25,745,2975
0059,12:30,750,1488
0059,12:35,755,1488
0059,12:40,760,1488
0059,12:45,765,1488
0059,12:50,770,5207
0059,12:55,775,5207
0059,13:00,780,5207
0059,13:05,785,6942
0059,13:10,790,6942
0059,13:15,795,6942
0059,13:20,800,6942
0059,13:25,805,6446
0059,13:30,810,6446
0059,13:35,815,6446
0059,13:40,820,6446
0059,13:45,825,6446
0059,13:50,830,6198
0059,13:55,835,6198
0059,14:00,840,6198
0059,14:05,845,6198
0059,14:10,850,5950
0059,14:15,855,5950
0059,14:20,860,5950
0059,14:25,865,5950
0059,14:30,870,4215
0059,14:35,875,4215
0059,14:40,880,4215
0059,14:45,885,4711
0059,14:50,890,4711
0059,14:55,895,4711
0059,15:00,900,4711
0059,15:05,905,4711
0059,15:10,910,3223
0059,15:15,915,3223
0059,15:20,920,3223
0059,15:25,925,3223
0059,15:30,930,1488
0059,15:35,935,1488
0059,15:40,940,1488
0059,15:45,945,5950
0059,15:50,950,5950
0059,15:55,955,5950
0059,16:00,960,5950
0059,16:05,965,5950
0059,16:10,970,6446
0059,16:15,975,6446
0059,16:20,980,6446
0059,16:25,985,6446
0059,16:30,990,5207
0059,16:35,995,5207
0059,16:40,1000,5207
0059,16:45,1005,5207
0059,16:50,1010,3719
0059,16:55,1015,3719
0059,17:00,1020,3719
0059,17:05,1025,2727
0059,17:10,1030,2727
0059,17:15,1035,2727
0059,17:20,1040,2727
0059,17:25,1045,2727
0059,17:30,1050,1488
0059,17:35,1055,1488
0059,17:40,1060,1488
0059,17:45,1065,1488
0059,17:50,1070,1983
0059,17:55,1075,1983
0059,18:00,1080,1983
0059,18:05,1085,1983
0059,18:10,1090,2727
0059,18:15,1095,2727
0059,18:20,1100,2727
0059,18:25,1105,7934
0059,18:30,1110,7934
0059,18:35,1115,7934
0059,18:40,1120,7934
0059,18:45,1125,7934
0059,18:50,1130,14628
0059,18:55,1135,14628
0059,19:00,1140,14628
0059,19:05,1145,14628
0059,19:10,1150,17355
0059,19:15,1155,17355
0059,19:20,1160,17355
0059,19:25,1165,17355
0059,19:30,1170,17355
0059,19:35,1175,17355
0059,19:40,1180,17355
0059,19:45,1185,17355
0059,19:50,1190,17355
0059,19:55,1195,17355
0059,20:00,1200,17355
0059,20:05,1205,17355
0059,20:10,1210,17355
0059,20:15,1215,17355
0059,20:20,1220,17355
0059,20:25,1225,17355
0059,20:30,1230,17355
0059,20:35,1235,17355
0059,20:40,1240,17355
0059,20:45,1245,17355
0059,20:50,1250,17355
0059,20:55,1255,17355
0059,21:00,1260,17355
0059,21:05,1265,17355
0059,21:10,1270,17355
0059,21:15,1275,17355
0059,21:20,1280,17355
0059,21:25,1285,17355
0059,21:30,1290,23058
0059,21:35,1295,23058
0059,21:40,1300,23058
0059,21:45,1305,24545
0059,21:50,1310,24545
0059,21:55,1315,24545
0059,22:00,1320,24545
0059,22:05,1325,24545
0059,22:10,1330,24545
0059,22:15,1335,24545
0059,22:20,1340,24545
0059,22:25,1345,24545
0059,22:30,1350,24298
0059,22:35,1355,24298
0059,22:40,1360,24298
0059,22:45,1365,24298
0059,22:50,1370,24298
0059,22:55,1375,24298
0059,23:00,1380,24298
0059,23:05,1385,24298
0059,23:10,1390,24298
0059,23:15,1395,24298
0059,23:16,1396,24298
0059,23:20,1400,24298
0060,09:00,540,0
0060,09:05,545,0
0060,09:10,550,0
0060,09:15,555,0
0060,09:20,560,0
0060,09:25,565,0
0060,09:30,570,0
0060,09:35,575,0
0060,09:40,580,0
0060,09:45,585,0
0060,09:50,590,0
0060,09:55,595,0
0060,10:00,600,0
0060,10:05,605,0
0060,10:10,610,0
0060,10:15,615,0
0060,10:20,620,0
0060,10:25,625,0
0060,10:30,630,0
0060,10:35,635,0
0060,10:40,640,-178
0060,10:45,645,-178
0060,10:50,650,-178
0060,10:55,655,-178
0060,11:00,660,-356
0060,11:05,665,-356
0060,11:10,670,-356
0060,11:15,675,-356
0060,11:20,680,-356
0060,11:25,685,-356
0060,11:30,690,-356
0060,11:35,695,-356
0060,11:40,700,-356
0060,11:45,705,-1778
0060,11:50,710,-1778
0060,11:55,715,-1778
0060,12:00,720,-1778
0060,12:05,725,-3200
0060,12:10,730,-3200
0060,12:15,735,-3200
0060,12:20,740,-3200
0060,12:25,745,-3200
0060,12:30,750,-4978
0060,12:35,755,-4978
0060,12:40,760,-4978
0060,12:45,765,-4978
0060,12:50,770,-6400
0060,12:55,775,-6400
0060,13:00,780,-6400
0060,13:05,785,-7467
0060,13:10,790,-7467
0060,13:15,795,-7467
0060,13:20,800,-7467
0060,13:25,805,-8356
0060,13:30,810,-8356
0060,13:35,815,-8356
0060,13:40,820,-8356
0060,13:45,825,-8356
0060,13:50,830,-9422
0060,13:55,835,-9422
0060,14:00,840,-9422
0060,14:05,845,-9422
0060,14:10,850,-6933
0060,14:15,855,-6933
0060,14:20,860,-6933
0060,14:25,865,-6933
0060,14:30,870,-1778
0060,14:35,875,-1778
0060,14:40,880,-1778
0060,14:45,885,-3200
0060,14:50,890,-3200
0060,14:55,895,-3200
0060,15:00,900,-3200
0060,15:05,905,-3200
0060,15:10,910,-4267
0060,15:15,915,-4267
0060,15:20,920,-4267
0060,15:25,925,-4267
0060,15:30,930,-5867
0060,15:35,935,-5867
0060,15:40,940,-5867
0060,15:45,945,-7111
0060,15:50,950,-7111
0060,15:55,955,-7111
0060,16:00,960,-7111
0060,16:05,965,-7111
0060,16:10,970,-8356
0060,16:15,975,-8356
0060,16:20,980,-8356
0060,16:25,985,-8356
0060,16:30,990,-9067
0060,16:35,995,-9067
0060,16:40,1000,-9067
0060,16:45,1005,-9067
0060,16:50,1010,-10667
0060,16:55,1015,-10667
0060,17:00,1020,-10667
0060,17:05,1025,-11911
0060,17:10,1030,-11911
0060,17:15,1035,-11911
0060,17:20,1040,-11911
0060,17:25,1045,-11911
0060,17:30,1050,-12622
0060,17:35,1055,-12622
0060,17:40,1060,-12622
0060,17:45,1065,-12622
0060,17:50,1070,-11911
0060,17:55,1075,-11911
0060,18:00,1080,-11911
0060,18:05,1085,-11911
0060,18:10,1090,-12978
0060,18:15,1095,-12978
0060,18:20,1100,-12978
0060,18:25,1105,-13333
0060,18:30,1110,-13333
0060,18:35,1115,-13333
0060,18:40,1120,-13333
0060,18:45,1125,-13333
0060,18:50,1130,-13511
0060,18:55,1135,-13511
0060,19:00,1140,-13511
0060,19:05,1145,-13511
0060,19:10,1150,-13867
0060,19:15,1155,-13867
0060,19:20,1160,-13867
0060,19:25,1165,-14400
0060,19:30,1170,-14400
0060,19:35,1175,-14400
0060,19:40,1180,-14400
0060,19:45,1185,-15289
0060,19:50,1190,-15289
0060,19:55,1195,-15289
0060,20:00,1200,-15289
0060,20:05,1205,-15289
0060,20:10,1210,-15644
0060,20:15,1215,-15644
0060,20:20,1220,-15644
0060,20:25,1225,-15644
0060,20:30,1230,-16711
0060,20:35,1235,-16711
0060,20:40,1240,-16711
0060,20:45,1245,-17422
0060,20:50,1250,-17422
0060,20:55,1255,-17422
0060,21:00,1260,-17422
0060,21:05,1265,-17422
0060,21:10,1270,-17422
0060,21:15,1275,-17422
0060,21:20,1280,-17422
0060,21:25,1285,-17422
0060,21:30,1290,-17600
0060,21:35,1295,-17600
0060,21:40,1300,-17600
0060,21:45,1305,-17600
0060,21:50,1310,-17600
0060,21:55,1315,-17600
0060,22:00,1320,-17600
0060,22:05,1325,-17600
0060,22:10,1330,-17600
0060,22:15,1335,-17600
0060,22:20,1340,-17600
0060,22:25,1345,-17600
0060,22:30,1350,-17600
0060,22:35,1355,-17600
0060,22:40,1360,-17600
0060,22:45,1365,-17600
0060,22:50,1370,-17600
0060,22:55,1375,-17600
0060,23:00,1380,-17600
0060,23:05,1385,-17600
0060,23:10,1390,-17600
0060,23:15,1395,-17600
0060,23:16,1396,-17600
0060,23:20,1400,-17600
0061,09:00,540,0
0061,09:05,545,0
0061,09:10,550,0
0061,09:15,555,0
0061,09:20,560,0
0061,09:25,565,0
0061,09:30,570,0
0061,09:35,575,0
0061,09:40,580,0
0061,09:45,585,0
0061,09:50,590,0
0061,09:55,595,0
0061,10:00,600,0
0061,10:05,605,0
0061,10:10,610,-340
0061,10:15,615,-340
0061,10:20,620,-340
0061,10:25,625,-1532
0061,10:30,630,-1532
0061,10:35,635,-1532
0061,10:40,640,-2553
0061,10:45,645,-2553
0061,10:50,650,-2553
0061,10:55,655,-2553
0061,11:00,660,-3745
0061,11:05,665,-3745
0061,11:10,670,-4255
0061,11:15,675,-4255
0061,11:20,680,-4255
0061,11:25,685,-4255
0061,11:30,690,-5957
0061,11:35,695,-5957
0061,11:40,700,-5957
0061,11:45,705,-7319
0061,11:50,710,-7319
0061,11:55,715,-7319
0061,12:00,720,-7319
0061,12:05,725,-5106
0061,12:10,730,-5106
0061,12:15,735,-5106
0061,12:20,740,-5106
0061,12:25,745,-5106
0061,12:30,750,-6638
0061,12:35,755,-6638
0061,12:40,760,-6638
0061,12:45,765,-6638
0061,12:50,770,-5787
0061,12:55,775,-5787
0061,13:00,780,-5787
0061,13:05,785,-6809
0061,13:10,790,-6809
0061,13:15,795,-6809
0061,13:20,800,-6809
0061,13:25,805,-8000
0061,13:30,810,-8000
0061,13:35,815,-8000
0061,13:40,820,-8000
0061,13:45,825,-8000
0061,13:50,830,-9532
0061,13:55,835,-9532
0061,14:00,840,-9532
0061,14:05,845,-9532
0061,14:10,850,-10894
0061,14:15,855,-10894
0061,14:20,860,-10894
0061,14:25,865,-10894
0061,14:30,870,-11915
0061,14:35,875,-11915
0061,14:40,880,-11915
0061,14:45,885,-9021
0061,14:50,890,-9021
0061,14:55,895,-9021
0061,15:00,900,-9021
0061,15:05,905,-9021
0061,15:10,910,-6809
0061,15:15,915,-6809
0061,15:20,920,-6809
0061,15:25,925,-6809
0061,15:30,930,-4596
0061,15:35,935,-4596
0061,15:40,940,-4596
0061,15:45,945,-1872
0061,15:50,950,-1872
0061,15:55,955,-1872
0061,16:00,960,-1872
0061,16:05,965,-1872
0061,16:10,970,-511
0061,16:15,975,-511
0061,16:20,980,-511
0061,16:25,985,-511
0061,16:30,990,0
0061,16:35,995,0
0061,16:40,1000,0
0061,16:45,1005,0
0061,16:50,1010,-340
0061,16:55,1015,-340
0061,17:00,1020,-340
0061,17:05,1025,-1191
0061,17:10,1030,-1191
0061,17:15,1035,-1191
0061,17:20,1040,-1191
0061,17:25,1045,-1191
0061,17:30,1050,4298
0061,17:35,1055,4298
0061,17:40,1060,4298
0061,17:45,1065,4298
0061,17:50,1070,10744
0061,17:55,1075,10744
0061,18:00,1080,10744
0061,18:05,1085,10744
0061,18:10,1090,14876
0061,18:15,1095,14876
0061,18:20,1100,14876
0061,18:25,1105,14050
0061,18:30,1110,14050
0061,18:35,1115,14050
0061,18:40,1120,14050
0061,18:45,1125,14050
0061,18:50,1130,13388
0061,18:55,1135,13388
0061,19:00,1140,13388
0061,19:05,1145,13388
0061,19:10,1150,13388
0061,19:15,1155,13388
0061,19:20,1160,13388
0061,19:25,1165,13388
0061,19:30,1170,13388
0061,19:35,1175,13388
0061,19:40,1180,13388
0061,19:45,1185,13388
0061,19:50,1190,13388
0061,19:55,1195,13388
0061,20:00,1200,13388
0061,20:05,1205,13388
0061,20:10,1210,13388
0061,20:15,1215,13388
0061,20:20,1220,13388
0061,20:25,1225,13388
0061,20:30,1230,13223
0061,20:35,1235,13223
0061,20:40,1240,13223
0061,20:45,1245,12893
0061,20:50,1250,12893
0061,20:55,1255,12893
0061,21:00,1260,12893
0061,21:05,1265,12893
0061,21:10,1270,12893
0061,21:15,1275,12893
0061,21:20,1280,12893
0061,21:25,1285,12893
0061,21:30,1290,12893
0061,21:35,1295,12893
0061,21:40,1300,12893
0061,21:45,1305,12893
0061,21:50,1310,12893
0061,21:55,1315,12893
0061,22:00,1320,12893
0061,22:05,1325,12893
0061,22:10,1330,12893
0061,22:15,1335,12893
0061,22:20,1340,12893
0061,22:25,1345,12893
0061,22:30,1350,12893
0061,22:35,1355,12893
0061,22:40,1360,12893
0061,22:45,1365,12893
0061,22:50,1370,12893
0061,22:55,1375,12893
0061,23:00,1380,12893
0061,23:05,1385,12893
0061,23:10,1390,12893
0061,23:15,1395,12893
0061,23:16,1396,12893
0061,23:20,1400,12893
0062,09:00,540,0
0062,09:05,545,0
0062,09:10,550,0
0062,09:15,555,0
0062,09:20,560,0
0062,09:25,565,0
0062,09:30,570,0
0062,09:35,575,0
0062,09:40,580,0
0062,09:45,585,0
0062,09:50,590,0
0062,09:55,595,0
0062,10:00,600,0
0062,10:05,605,0
0062,10:10,610,0
0062,10:15,615,0
0062,10:20,620,0
0062,10:25,625,-533
0062,10:30,630,-533
0062,10:35,635,-533
0062,10:40,640,-1422
0062,10:45,645,-1422
0062,10:50,650,-1422
0062,10:55,655,-1422
0062,11:00,660,690
0062,11:05,665,690
0062,11:10,670,2241
0062,11:15,675,2241
0062,11:20,680,2241
0062,11:25,685,2241
0062,11:30,690,1379
0062,11:35,695,1379
0062,11:40,700,1379
0062,11:45,705,345
0062,11:50,710,345
0062,11:55,715,345
0062,12:00,720,345
0062,12:05,725,-711
0062,12:10,730,-711
0062,12:15,735,-711
0062,12:20,740,-711
0062,12:25,745,-711
0062,12:30,750,-889
0062,12:35,755,-889
0062,12:40,760,-889
0062,12:45,765,-889
0062,12:50,770,-889
0062,12:55,775,-889
0062,13:00,780,-889
0062,13:05,785,-1422
0062,13:10,790,-1422
0062,13:15,795,-1422
0062,13:20,800,-1422
0062,13:25,805,2414
0062,13:30,810,2414
0062,13:35,815,2414
0062,13:40,820,2414
0062,13:45,825,2414
0062,13:50,830,1379
0062,13:55,835,1379
0062,14:00,840,1379
0062,14:05,845,1379
0062,14:10,850,517
0062,14:15,855,517
0062,14:20,860,517
0062,14:25,865,517
0062,14:30,870,-889
0062,14:35,875,-889
0062,14:40,880,-889
0062,14:45,885,-2133
0062,14:50,890,-2133
0062,14:55,895,-2133
0062,15:00,900,-2133
0062,15:05,905,-2133
0062,15:10,910,-3378
0062,15:15,915,-3378
0062,15:20,920,-3378
0062,15:25,925,-3378
0062,15:30,930,-5156
0062,15:35,935,-5156
0062,15:40,940,-5156
0062,15:45,945,-6400
0062,15:50,950,-6400
0062,15:55,955,-6400
0062,16:00,960,-6400
0062,16:05,965,-6400
0062,16:10,970,-889
0062,16:15,975,-889
0062,16:20,980,-889
0062,16:25,985,-889
0062,16:30,990,-1956
0062,16:35,995,-1956
0062,16:40,1000,-1956
0062,16:45,1005,-1956
0062,16:50,1010,-3378
0062,16:55,1015,-3378
0062,17:00,1020,-3378
0062,17:05,1025,-889
0062,17:10,1030,-889
0062,17:15,1035,-889
0062,17:20,1040,-889
0062,17:25,1045,-889
0062,17:30,1050,4138
0062,17:35,1055,4138
0062,17:40,1060,4138
0062,17:45,1065,4138
0062,17:50,1070,4483
0062,17:55,1075,4483
0062,18:00,1080,4483
0062,18:05,1085,4483
0062,18:10,1090,3448
0062,18:15,1095,3448
0062,18:20,1100,3448
0062,18:25,1105,7241
0062,18:30,1110,7241
0062,18:35,1115,7241
0062,18:40,1120,7241
0062,18:45,1125,7241
0062,18:50,1130,9310
0062,18:55,1135,9310
0062,19:00,1140,9310
0062,19:05,1145,9310
0062,19:10,1150,9310
0062,19:15,1155,9310
0062,19:20,1160,9310
0062,19:25,1165,9138
0062,19:30,1170,9138
0062,19:35,1175,9138
0062,19:40,1180,9138
0062,19:45,1185,9828
0062,19:50,1190,9828
0062,19:55,1195,9828
0062,20:00,1200,9828
0062,20:05,1205,9828
0062,20:10,1210,15345
0062,20:15,1215,15345
0062,20:20,1220,15345
0062,20:25,1225,15345
0062,20:30,1230,14828
0062,20:35,1235,14828
0062,20:40,1240,14828
0062,20:45,1245,14310
0062,20:50,1250,14310
0062,20:55,1255,14310
0062,21:00,1260,14310
0062,21:05,1265,14310
0062,21:10,1270,14310
0062,21:15,1275,14310
0062,21:20,1280,14310
0062,21:25,1285,14310
0062,21:30,1290,14310
0062,21:35,1295,14310
0062,21:40,1300,14310
0062,21:45,1305,13966
0062,21:50,1310,13966
0062,21:55,1315,13966
0062,22:00,1320,13966
0062,22:05,1325,13966
0062,22:10,1330,13966
0062,22:15,1335,13966
0062,22:20,1340,13966
0062,22:25,1345,13966
0062,22:30,1350,13793
0062,22:35,1355,13793
0062,22:40,1360,13793
0062,22:45,1365,13793
0062,22:50,1370,13793
0062,22:55,1375,13793
0062,23:00,1380,13793
0062,23:05,1385,13793
0062,23:10,1390,13793
0062,23:15,1395,13793
0062,23:16,1396,13793
0062,23:20,1400,13793
0063,09:00,540,0
0063,09:05,545,0
0063,09:10,550,0
0063,09:15,555,0
0063,09:20,560,0
0063,09:25,565,0
0063,09:30,570,0
0063,09:35,575,0
0063,09:40,580,0
0063,09:45,585,0
0063,09:50,590,0
0063,09:55,595,0
0063,10:00,600,0
0063,10:05,605,0
0063,10:10,610,-267
0063,10:15,615,-267
0063,10:20,620,-267
0063,10:25,625,-1422
0063,10:30,630,-1422
0063,10:35,635,-1422
0063,10:40,640,-2578
0063,10:45,645,-2578
0063,10:50,650,-2578
0063,10:55,655,-2578
0063,11:00,660,-3733
0063,11:05,665,-3733
0063,11:10,670,-4267
0063,11:15,675,-4267
0063,11:20,680,-4267
0063,11:25,685,-4267
0063,11:30,690,-1689
0063,11:35,695,-1689
0063,11:40,700,-1689
0063,11:45,705,2845
0063,11:50,710,2845
0063,11:55,715,2845
0063,12:00,720,2845
0063,12:05,725,1810
0063,12:10,730,1810
0063,12:15,735,1810
0063,12:20,740,1810
0063,12:25,745,1810
0063,12:30,750,86
0063,12:35,755,86
0063,12:40,760,86
0063,12:45,765,86
0063,12:50,770,-1422
0063,12:55,775,-1422
0063,13:00,780,-1422
0063,13:05,785,-2667
0063,13:10,790,-2667
0063,13:15,795,-2667
0063,13:20,800,-2667
0063,13:25,805,-4444
0063,13:30,810,-4444
0063,13:35,815,-4444
0063,13:40,820,-4444
0063,13:45,825,-4444
0063,13:50,830,-5956
0063,13:55,835,-5956
0063,14:00,840,-5956
0063,14:05,845,-5956
0063,14:10,850,-356
0063,14:15,855,-356
0063,14:20,860,-356
0063,14:25,865,-356
0063,14:30,870,-1511
0063,14:35,875,-1511
0063,14:40,880,-1511
0063,14:45,885,-2933
0063,14:50,890,-2933
0063,14:55,895,-2933
0063,15:00,900,-2933
0063,15:05,905,-2933
0063,15:10,910,-178
0063,15:15,915,-178
0063,15:20,920,-178
0063,15:25,925,-178
0063,15:30,930,3534
0063,15:35,935,3534
0063,15:40,940,3534
0063,15:45,945,5603
0063,15:50,950,5603
0063,15:55,955,5603
0063,16:00,960,5603
0063,16:05,965,5603
0063,16:10,970,7845
0063,16:15,975,7845
0063,16:20,980,7845
0063,16:25,985,7845
0063,16:30,990,6121
0063,16:35,995,6121
0063,16:40,1000,6121
0063,16:45,1005,6121
0063,16:50,1010,5690
0063,16:55,1015,5690
0063,17:00,1020,5690
0063,17:05,1025,5690
0063,17:10,1030,5690
0063,17:15,1035,5690
0063,17:20,1040,5690
0063,17:25,1045,5690
0063,17:30,1050,5431
0063,17:35,1055,5431
0063,17:40,1060,5431
0063,17:45,1065,5431
0063,17:50,1070,4569
0063,17:55,1075,4569
0063,18:00,1080,4569
0063,18:05,1085,4569
0063,18:10,1090,3621
0063,18:15,1095,3621
0063,18:20,1100,3621
0063,18:25,1105,3621
0063,18:30,1110,3621
0063,18:35,1115,3621
0063,18:40,1120,3621
0063,18:45,1125,3621
0063,18:50,1130,3621
0063,18:55,1135,3621
0063,19:00,1140,3621
0063,19:05,1145,3621
0063,19:10,1150,3103
0063,19:15,1155,3103
0063,19:20,1160,3103
0063,19:25,1165,2586
0063,19:30,1170,2586
0063,19:35,1175,2586
0063,19:40,1180,2586
0063,19:45,1185,1207
0063,19:50,1190,1207
0063,19:55,1195,1207
0063,20:00,1200,1207
0063,20:05,1205,1207
0063,20:10,1210,1034
0063,20:15,1215,1034
0063,20:20,1220,1034
0063,20:25,1225,1034
0063,20:30,1230,1034
0063,20:35,1235,1034
0063,20:40,1240,1034
0063,20:45,1245,1034
0063,20:50,1250,1034
0063,20:55,1255,1034
0063,21:00,1260,1034
0063,21:05,1265,1034
0063,21:10,1270,1034
0063,21:15,1275,1034
0063,21:20,1280,1034
0063,21:25,1285,1034
0063,21:30,1290,1034
0063,21:35,1295,1034
0063,21:40,1300,1034
0063,21:45,1305,1034
0063,21:50,1310,1034
0063,21:55,1315,1034
0063,22:00,1320,1034
0063,22:05,1325,1034
0063,22:10,1330,1034
0063,22:15,1335,1034
0063,22:20,1340,1034
0063,22:25,1345,1034
0063,22:30,1350,690
0063,22:35,1355,690
0063,22:40,1360,690
0063,22:45,1365,690
0063,22:50,1370,690
0063,22:55,1375,690
0063,23:00,1380,690
0063,23:05,1385,690
0063,23:10,1390,690
0063,23:15,1395,690
0063,23:16,1396,690
0063,23:20,1400,690
0064,09:00,540,0
0064,09:05,545,0
0064,09:10,550,0
0064,09:15,555,0
0064,09:20,560,0
0064,09:25,565,0
0064,09:30,570,0
0064,09:35,575,0
0064,09:40,580,0
0064,09:45,585,0
0064,09:50,590,0
0064,09:55,595,0
0064,10:00,600,0
0064,10:05,605,0
0064,10:10,610,0
0064,10:15,615,0
0064,10:20,620,0
0064,10:25,625,0
0064,10:30,630,0
0064,10:35,635,0
0064,10:40,640,0
0064,10:45,645,0
0064,10:50,650,0
0064,10:55,655,0
0064,11:00,660,0
0064,11:05,665,0
0064,11:10,670,0
0064,11:15,675,0
0064,11:20,680,0
0064,11:25,685,0
0064,11:30,690,-511
0064,11:35,695,-511
0064,11:40,700,-511
0064,11:45,705,-2043
0064,11:50,710,-2043
0064,11:55,715,-2043
0064,12:00,720,-2043
0064,12:05,725,-3064
0064,12:10,730,-3064
0064,12:15,735,-3064
0064,12:20,740,-3064
0064,12:25,745,-3064
0064,12:30,750,-4596
0064,12:35,755,-4596
0064,12:40,760,-4596
0064,12:45,765,-4596
0064,12:50,770,-6128
0064,12:55,775,-6128
0064,13:00,780,-6128
0064,13:05,785,-7404
0064,13:10,790,-7404
0064,13:15,795,-7404
0064,13:20,800,-7404
0064,13:25,805,-8936
0064,13:30,810,-8936
0064,13:35,815,-8936
0064,13:40,820,-8936
0064,13:45,825,-8936
0064,13:50,830,-9702
0064,13:55,835,-9702
0064,14:00,840,-9702
0064,14:05,845,-9702
0064,14:10,850,-10723
0064,14:15,855,-10723
0064,14:20,860,-10723
0064,14:25,865,-10723
0064,14:30,870,-10468
0064,14:35,875,-10468
0064,14:40,880,-10468
0064,14:45,885,-11745
0064,14:50,890,-11745
0064,14:55,895,-11745
0064,15:00,900,-11745
0064,15:05,905,-11745
0064,15:10,910,-12766
0064,15:15,915,-12766
0064,15:20,920,-12766
0064,15:25,925,-12766
0064,15:30,930,-14298
0064,15:35,935,-14298
0064,15:40,940,-14298
0064,15:45,945,-15319
0064,15:50,950,-15319
0064,15:55,955,-15319
0064,16:00,960,-15319
0064,16:05,965,-15319
0064,16:10,970,-16596
0064,16:15,975,-16596
0064,16:20,980,-16596
0064,16:25,985,-16596
0064,16:30,990,-18128
0064,16:35,995,-18128
0064,16:40,1000,-18128
0064,16:45,1005,-18128
0064,16:50,1010,-19660
0064,16:55,1015,-19660
0064,17:00,1020,-19660
0064,17:05,1025,-20936
0064,17:10,1030,-20936
0064,17:15,1035,-20936
0064,17:20,1040,-20936
0064,17:25,1045,-20936
0064,17:30,1050,-22723
0064,17:35,1055,-22723
0064,17:40,1060,-22723
0064,17:45,1065,-22723
0064,17:50,1070,-24000
0064,17:55,1075,-24000
0064,18:00,1080,-24000
0064,18:05,1085,-24000
0064,18:10,1090,-25021
0064,18:15,1095,-25021
0064,18:20,1100,-25021
0064,18:25,1105,-26553
0064,18:30,1110,-26553
0064,18:35,1115,-26553
0064,18:40,1120,-26553
0064,18:45,1125,-26553
0064,18:50,1130,-27830
0064,18:55,1135,-27830
0064,19:00,1140,-27830
0064,19:05,1145,-27830
0064,19:10,1150,-25277
0064,19:15,1155,-25277
0064,19:20,1160,-25277
0064,19:25,1165,-27064
0064,19:30,1170,-27064
0064,19:35,1175,-27064
0064,19:40,1180,-27064
0064,19:45,1185,-28596
0064,19:50,1190,-28596
0064,19:55,1195,-28596
0064,20:00,1200,-28596
0064,20:05,1205,-28596
0064,20:10,1210,-29362
0064,20:15,1215,-29362
0064,20:20,1220,-29362
0064,20:25,1225,-29362
0064,20:30,1230,-29362
0064,20:35,1235,-29362
0064,20:40,1240,-29362
0064,20:45,1245,-29617
0064,20:50,1250,-29617
0064,20:55,1255,-29617
0064,21:00,1260,-29617
0064,21:05,1265,-29617
0064,21:10,1270,-29872
0064,21:15,1275,-29872
0064,21:20,1280,-29872
0064,21:25,1285,-29872
0064,21:30,1290,-29872
0064,21:35,1295,-29872
0064,21:40,1300,-29872
0064,21:45,1305,-29872
0064,21:50,1310,-29872
0064,21:55,1315,-29872
0064,22:00,1320,-29872
0064,22:05,1325,-29872
0064,22:10,1330,-29872
0064,22:15,1335,-29872
0064,22:20,1340,-29872
0064,22:25,1345,-29872
0064,22:30,1350,-29872
0064,22:35,1355,-29872
0064,22:40,1360,-29872
0064,22:45,1365,-29872
0064,22:50,1370,-29872
0064,22:55,1375,-29872
0064,23:00,1380,-29872
0064,23:05,1385,-29872
0064,23:10,1390,-29872
0064,23:15,1395,-29872
0064,23:16,1396,-29872
0064,23:20,1400,-29872
0065,09:00,540,0
0065,09:05,545,0
0065,09:10,550,0
0065,09:15,555,0
0065,09:20,560,0
0065,09:25,565,0
0065,09:30,570,0
0065,09:35,575,0
0065,09:40,580,0
0065,09:45,585,0
0065,09:50,590,0
0065,09:55,595,0
0065,10:00,600,0
0065,10:05,605,0
0065,10:10,610,0
0065,10:15,615,0
0065,10:20,620,0
0065,10:25,625,0
0065,10:30,630,0
0065,10:35,635,0
0065,10:40,640,0
0065,10:45,645,0
0065,10:50,650,0
0065,10:55,655,0
0065,11:00,660,0
0065,11:05,665,0
0065,11:10,670,0
0065,11:15,675,0
0065,11:20,680,0
0065,11:25,685,0
0065,11:30,690,0
0065,11:35,695,0
0065,11:40,700,0
0065,11:45,705,-178
0065,11:50,710,-178
0065,11:55,715,-178
0065,12:00,720,-178
0065,12:05,725,0
0065,12:10,730,0
0065,12:15,735,0
0065,12:20,740,0
0065,12:25,745,0
0065,12:30,750,-1422
0065,12:35,755,-1422
0065,12:40,760,-1422
0065,12:45,765,-1422
0065,12:50,770,517
0065,12:55,775,517
0065,13:00,780,517
0065,13:05,785,-533
0065,13:10,790,-533
0065,13:15,795,-533
0065,13:20,800,-533
0065,13:25,805,-1422
0065,13:30,810,-1422
0065,13:35,815,-1422
0065,13:40,820,-1422
0065,13:45,825,-1422
0065,13:50,830,-3022
0065,13:55,835,-3022
0065,14:00,840,-3022
0065,14:05,845,-3022
0065,14:10,850,-4267
0065,14:15,855,-4267
0065,14:20,860,-4267
0065,14:25,865,-4267
0065,14:30,870,-5867
0065,14:35,875,-5867
0065,14:40,880,-5867
0065,14:45,885,-7289
0065,14:50,890,-7289
0065,14:55,895,-7289
0065,15:00,900,-7289
0065,15:05,905,-7289
0065,15:10,910,-8356
0065,15:15,915,-8356
0065,15:20,920,-8356
0065,15:25,925,-8356
0065,15:30,930,-1422
0065,15:35,935,-1422
0065,15:40,940,-1422
0065,15:45,945,-2667
0065,15:50,950,-2667
0065,15:55,955,-2667
0065,16:00,960,-2667
0065,16:05,965,-2667
0065,16:10,970,-3911
0065,16:15,975,-3911
0065,16:20,980,-3911
0065,16:25,985,-3911
0065,16:30,990,-5511
0065,16:35,995,-5511
0065,16:40,1000,-5511
0065,16:45,1005,-5511
0065,16:50,1010,-6933
0065,16:55,1015,-6933
0065,17:00,1020,-6933
0065,17:05,1025,-8178
0065,17:10,1030,-8178
0065,17:15,1035,-8178
0065,17:20,1040,-8178
0065,17:25,1045,-8178
0065,17:30,1050,-9422
0065,17:35,1055,-9422
0065,17:40,1060,-9422
0065,17:45,1065,-9422
0065,17:50,1070,-10667
0065,17:55,1075,-10667
0065,18:00,1080,-10667
0065,18:05,1085,-10667
0065,18:10,1090,-8711
0065,18:15,1095,-8711
0065,18:20,1100,-8711
0065,18:25,1105,-1067
0065,18:30,1110,-1067
0065,18:35,1115,-1067
0065,18:40,1120,-1067
0065,18:45,1125,-1067
0065,18:50,1130,0
0065,18:55,1135,0
0065,19:00,1140,0
0065,19:05,1145,0
0065,19:10,1150,-356
0065,19:15,1155,-356
0065,19:20,1160,-356
0065,19:25,1165,-1778
0065,19:30,1170,-1778
0065,19:35,1175,-1778
0065,19:40,1180,-1778
0065,19:45,1185,-2311
0065,19:50,1190,-2311
0065,19:55,1195,-2311
0065,20:00,1200,-2311
0065,20:05,1205,-2311
0065,20:10,1210,-1244
0065,20:15,1215,-1244
0065,20:20,1220,-1244
0065,20:25,1225,-1244
0065,20:30,1230,-2667
0065,20:35,1235,-2667
0065,20:40,1240,-2667
0065,20:45,1245,-3200
0065,20:50,1250,-3200
0065,20:55,1255,-3200
0065,21:00,1260,-3200
0065,21:05,1265,-3200
0065,21:10,1270,-3200
0065,21:15,1275,-3200
0065,21:20,1280,-3200
0065,21:25,1285,-3200
0065,21:30,1290,-3200
0065,21:35,1295,-3200
0065,21:40,1300,-3200
0065,21:45,1305,-3200
0065,21:50,1310,-3200
0065,21:55,1315,-3200
0065,22:00,1320,-3200
0065,22:05,1325,-3200
0065,22:10,1330,-3200
0065,22:15,1335,-3200
0065,22:20,1340,-3200
0065,22:25,1345,-3200
0065,22:30,1350,-3378
0065,22:35,1355,-3378
0065,22:40,1360,-3378
0065,22:45,1365,-3378
0065,22:50,1370,-3378
0065,22:55,1375,-3378
0065,23:00,1380,-3378
0065,23:05,1385,-3378
0065,23:10,1390,-3378
0065,23:15,1395,-3378
0065,23:16,1396,-3378
0065,23:20,1400,-3378
0066,09:00,540,0
0066,09:05,545,0
0066,09:10,550,0
0066,09:15,555,0
0066,09:20,560,0
0066,09:25,565,0
0066,09:30,570,0
0066,09:35,575,0
0066,09:40,580,0
0066,09:45,585,0
0066,09:50,590,0
0066,09:55,595,0
0066,10:00,600,0
0066,10:05,605,0
0066,10:10,610,0
0066,10:15,615,0
0066,10:20,620,0
0066,10:25,625,-356
0066,10:30,630,-356
0066,10:35,635,-356
0066,10:40,640,-889
0066,10:45,645,-889
0066,10:50,650,-889
0066,10:55,655,-889
0066,11:00,660,-1511
0066,11:05,665,-1511
0066,11:10,670,-2133
0066,11:15,675,-2133
0066,11:20,680,-2133
0066,11:25,685,-2133
0066,11:30,690,-3911
0066,11:35,695,-3911
0066,11:40,700,-3911
0066,11:45,705,-4711
0066,11:50,710,-4711
0066,11:55,715,-4711
0066,12:00,720,-4711
0066,12:05,725,-6044
0066,12:10,730,-6044
0066,12:15,735,-6044
0066,12:20,740,-6044
0066,12:25,745,-6044
0066,12:30,750,-7467
0066,12:35,755,-7467
0066,12:40,760,-7467
0066,12:45,765,-7467
0066,12:50,770,-8533
0066,12:55,775,-8533
0066,13:00,780,-8533
0066,13:05,785,-8533
0066,13:10,790,-8533
0066,13:15,795,-8533
0066,13:20,800,-8533
0066,13:25,805,-2756
0066,13:30,810,-2756
0066,13:35,815,-2756
0066,13:40,820,-2756
0066,13:45,825,-2756
0066,13:50,830,-4000
0066,13:55,835,-4000
0066,14:00,840,-4000
0066,14:05,845,-4000
0066,14:10,850,-5333
0066,14:15,855,-5333
0066,14:20,860,-5333
0066,14:25,865,-5333
0066,14:30,870,-7289
0066,14:35,875,-7289
0066,14:40,880,-7289
0066,14:45,885,-8267
0066,14:50,890,-8267
0066,14:55,895,-8267
0066,15:00,900,-8267
0066,15:05,905,-8267
0066,15:10,910,-7378
0066,15:15,915,-7378
0066,15:20,920,-7378
0066,15:25,925,-7378
0066,15:30,930,-5422
0066,15:35,935,-5422
0066,15:40,940,-5422
0066,15:45,945,-5422
0066,15:50,950,-5422
0066,15:55,955,-5422
0066,16:00,960,-5422
0066,16:05,965,-5422
0066,16:10,970,-4622
0066,16:15,975,-4622
0066,16:20,980,-4622
0066,16:25,985,-4622
0066,16:30,990,-5067
0066,16:35,995,-5067
0066,16:40,1000,-5067
0066,16:45,1005,-5067
0066,16:50,1010,-3556
0066,16:55,1015,-3556
0066,17:00,1020,-3556
0066,17:05,1025,-4000
0066,17:10,1030,-4000
0066,17:15,1035,-4000
0066,17:20,1040,-4000
0066,17:25,1045,-4000
0066,17:30,1050,-5600
0066,17:35,1055,-5600
0066,17:40,1060,-5600
0066,17:45,1065,-5600
0066,17:50,1070,-7022
0066,17:55,1075,-7022
0066,18:00,1080,-7022
0066,18:05,1085,-7022
0066,18:10,1090,-1511
0066,18:15,1095,-1511
0066,18:20,1100,-1511
0066,18:25,1105,-267
0066,18:30,1110,-267
0066,18:35,1115,-267
0066,18:40,1120,-267
0066,18:45,1125,-267
0066,18:50,1130,-267
0066,18:55,1135,-267
0066,19:00,1140,-267
0066,19:05,1145,-267
0066,19:10,1150,-267
0066,19:15,1155,-267
0066,19:20,1160,-267
0066,19:25,1165,-800
0066,19:30,1170,-800
0066,19:35,1175,-800
0066,19:40,1180,-800
0066,19:45,1185,-1244
0066,19:50,1190,-1244
0066,19:55,1195,-1244
0066,20:00,1200,-1244
0066,20:05,1205,-1244
0066,20:10,1210,-2222
0066,20:15,1215,-2222
0066,20:20,1220,-2222
0066,20:25,1225,-2222
0066,20:30,1230,-2222
0066,20:35,1235,-2222
0066,20:40,1240,-2222
0066,20:45,1245,1724
0066,20:50,1250,1724
0066,20:55,1255,1724
0066,21:00,1260,1724
0066,21:05,1265,1724
0066,21:10,1270,2241
0066,21:15,1275,2241
0066,21:20,1280,2241
0066,21:25,1285,2241
0066,21:30,1290,5259
0066,21:35,1295,5259
0066,21:40,1300,5259
0066,21:45,1305,9052
0066,21:50,1310,9052
0066,21:55,1315,9052
0066,22:00,1320,9052
0066,22:05,1325,8276
0066,22:10,1330,8276
0066,22:15,1335,8276
0066,22:20,1340,8276
0066,22:25,1345,8276
0066,22:30,1350,8276
0066,22:35,1355,8276
0066,22:40,1360,8276
0066,22:45,1365,8276
0066,22:50,1370,8276
0066,22:55,1375,8276
0066,23:00,1380,8276
0066,23:05,1385,8276
0066,23:10,1390,8276
0066,23:15,1395,8276
0066,23:16,1396,8276
0066,23:20,1400,8276
0067,09:00,540,0
0067,09:05,545,0
0067,09:10,550,0
0067,09:15,555,0
0067,09:20,560,0
0067,09:25,565,0
0067,09:30,570,0
0067,09:35,575,0
0067,09:40,580,0
0067,09:45,585,0
0067,09:50,590,0
0067,09:55,595,0
0067,10:00,600,0
0067,10:05,605,0
0067,10:10,610,0
0067,10:15,615,0
0067,10:20,620,0
0067,10:25,625,0
0067,10:30,630,0
0067,10:35,635,0
0067,10:40,640,0
0067,10:45,645,0
0067,10:50,650,0
0067,10:55,655,0
0067,11:00,660,0
0067,11:05,665,0
0067,11:10,670,0
0067,11:15,675,0
0067,11:20,680,0
0067,11:25,685,0
0067,11:30,690,1207
0067,11:35,695,1207
0067,11:40,700,1207
0067,11:45,705,5000
0067,11:50,710,5000
0067,11:55,715,5000
0067,12:00,720,5000
0067,12:05,725,5690
0067,12:10,730,5690
0067,12:15,735,5690
0067,12:20,740,5690
0067,12:25,745,5690
0067,12:30,750,6034
0067,12:35,755,6034
0067,12:40,760,6034
0067,12:45,765,6034
0067,12:50,770,5172
0067,12:55,775,5172
0067,13:00,780,5172
0067,13:05,785,5862
0067,13:10,790,5862
0067,13:15,795,5862
0067,13:20,800,5862
0067,13:25,805,4138
0067,13:30,810,4138
0067,13:35,815,4138
0067,13:40,820,4138
0067,13:45,825,4138
0067,13:50,830,2586
0067,13:55,835,2586
0067,14:00,840,2586
0067,14:05,845,2586
0067,14:10,850,1379
0067,14:15,855,1379
0067,14:20,860,1379
0067,14:25,865,1379
0067,14:30,870,-178
0067,14:35,875,-178
0067,14:40,880,-178
0067,14:45,885,6724
0067,14:50,890,6724
0067,14:55,895,6724
0067,15:00,900,6724
0067,15:05,905,6724
0067,15:10,910,5690
0067,15:15,915,5690
0067,15:20,920,5690
0067,15:25,925,5690
0067,15:30,930,4138
0067,15:35,935,4138
0067,15:40,940,4138
0067,15:45,945,3103
0067,15:50,950,3103
0067,15:55,955,3103
0067,16:00,960,3103
0067,16:05,965,3103
0067,16:10,970,1724
0067,16:15,975,1724
0067,16:20,980,1724
0067,16:25,985,1724
0067,16:30,990,0
0067,16:35,995,0
0067,16:40,1000,0
0067,16:45,1005,0
0067,16:50,1010,-1067
0067,16:55,1015,-1067
0067,17:00,1020,-1067
0067,17:05,1025,-2133
0067,17:10,1030,-2133
0067,17:15,1035,-2133
0067,17:20,1040,-2133
0067,17:25,1045,-2133
0067,17:30,1050,690
0067,17:35,1055,690
0067,17:40,1060,690
0067,17:45,1065,690
0067,17:50,1070,4310
0067,17:55,1075,4310
0067,18:00,1080,4310
0067,18:05,1085,4310
0067,18:10,1090,9655
0067,18:15,1095,9655
0067,18:20,1100,9655
0067,18:25,1105,13793
0067,18:30,1110,13793
0067,18:35,1115,13793
0067,18:40,1120,13793
0067,18:45,1125,13793
0067,18:50,1130,15000
0067,18:55,1135,15000
0067,19:00,1140,15000
0067,19:05,1145,15000
0067,19:10,1150,14138
0067,19:15,1155,14138
0067,19:20,1160,14138
0067,19:25,1165,13103
0067,19:30,1170,13103
0067,19:35,1175,13103
0067,19:40,1180,13103
0067,19:45,1185,12931
0067,19:50,1190,12931
0067,19:55,1195,12931
0067,20:00,1200,12931
0067,20:05,1205,12931
0067,20:10,1210,12931
0067,20:15,1215,12931
0067,20:20,1220,12931
0067,20:25,1225,12931
0067,20:30,1230,12931
0067,20:35,1235,12931
0067,20:40,1240,12931
0067,20:45,1245,12931
0067,20:50,1250,12931
0067,20:55,1255,12931
0067,21:00,1260,12931
0067,21:05,1265,12931
0067,21:10,1270,12931
0067,21:15,1275,12931
0067,21:20,1280,12931
0067,21:25,1285,12931
0067,21:30,1290,12931
0067,21:35,1295,12931
0067,21:40,1300,12931
0067,21:45,1305,12931
0067,21:50,1310,12931
0067,21:55,1315,12931
0067,22:00,1320,12931
0067,22:05,1325,12931
0067,22:10,1330,12931
0067,22:15,1335,12931
0067,22:20,1340,12931
0067,22:25,1345,12931
0067,22:30,1350,12931
0067,22:35,1355,12931
0067,22:40,1360,12931
0067,22:45,1365,12931
0067,22:50,1370,12931
0067,22:55,1375,12931
0067,23:00,1380,12931
0067,23:05,1385,12931
0067,23:10,1390,12931
0067,23:15,1395,12931
0067,23:16,1396,12931
0067,23:20,1400,12931
0068,09:00,540,0
0068,09:05,545,0
0068,09:10,550,0
0068,09:15,555,0
0068,09:20,560,0
0068,09:25,565,0
0068,09:30,570,0
0068,09:35,575,0
0068,09:40,580,0
0068,09:45,585,0
0068,09:50,590,0
0068,09:55,595,0
0068,10:00,600,0
0068,10:05,605,0
0068,10:10,610,0
0068,10:15,615,0
0068,10:20,620,0
0068,10:25,625,-356
0068,10:30,630,-356
0068,10:35,635,-356
0068,10:40,640,-1067
0068,10:45,645,-1067
0068,10:50,650,-1067
0068,10:55,655,-1067
0068,11:00,660,-1067
0068,11:05,665,-1067
0068,11:10,670,-1067
0068,11:15,675,-1067
0068,11:20,680,-1067
0068,11:25,685,-1067
0068,11:30,690,-1422
0068,11:35,695,-1422
0068,11:40,700,-1422
0068,11:45,705,3621
0068,11:50,710,3621
0068,11:55,715,3621
0068,12:00,720,3621
0068,12:05,725,8276
0068,12:10,730,8276
0068,12:15,735,8276
0068,12:20,740,8276
0068,12:25,745,8276
0068,12:30,750,9655
0068,12:35,755,9655
0068,12:40,760,9655
0068,12:45,765,9655
0068,12:50,770,8793
0068,12:55,775,8793
0068,13:00,780,8793
0068,13:05,785,10862
0068,13:10,790,10862
0068,13:15,795,10862
0068,13:20,800,10862
0068,13:25,805,10345
0068,13:30,810,10345
0068,13:35,815,10345
0068,13:40,820,10345
0068,13:45,825,10345
0068,13:50,830,15517
0068,13:55,835,15517
0068,14:00,840,15517
0068,14:05,845,15517
0068,14:10,850,14828
0068,14:15,855,14828
0068,14:20,860,14828
0068,14:25,865,14828
0068,14:30,870,13276
0068,14:35,875,13276
0068,14:40,880,13276
0068,14:45,885,11897
0068,14:50,890,11897
0068,14:55,895,11897
0068,15:00,900,11897
0068,15:05,905,11897
0068,15:10,910,10690
0068,15:15,915,10690
0068,15:20,920,10690
0068,15:25,925,10690
0068,15:30,930,9310
0068,15:35,935,9310
0068,15:40,940,9310
0068,15:45,945,9655
0068,15:50,950,9655
0068,15:55,955,9655
0068,16:00,960,9655
0068,16:05,965,9655
0068,16:10,970,11897
0068,16:15,975,11897
0068,16:20,980,11897
0068,16:25,985,11897
0068,16:30,990,10345
0068,16:35,995,10345
0068,16:40,1000,10345
0068,16:45,1005,10345
0068,16:50,1010,10000
0068,16:55,1015,10000
0068,17:00,1020,10000
0068,17:05,1025,10690
0068,17:10,1030,10690
0068,17:15,1035,10690
0068,17:20,1040,10690
0068,17:25,1045,10690
0068,17:30,1050,9828
0068,17:35,1055,9828
0068,17:40,1060,9828
0068,17:45,1065,9828
0068,17:50,1070,9828
0068,17:55,1075,9828
0068,18:00,1080,9828
0068,18:05,1085,9828
0068,18:10,1090,9828
0068,18:15,1095,9828
0068,18:20,1100,9828
0068,18:25,1105,9483
0068,18:30,1110,9483
0068,18:35,1115,9483
0068,18:40,1120,9483
0068,18:45,1125,9483
0068,18:50,1130,9483
0068,18:55,1135,9483
0068,19:00,1140,9483
0068,19:05,1145,9483
0068,19:10,1150,9483
0068,19:15,1155,9483
0068,19:20,1160,9483
0068,19:25,1165,9138
0068,19:30,1170,9138
0068,19:35,1175,9138
0068,19:40,1180,9138
0068,19:45,1185,8966
0068,19:50,1190,8966
0068,19:55,1195,8966
0068,20:00,1200,8966
0068,20:05,1205,8966
0068,20:10,1210,8276
0068,20:15,1215,8276
0068,20:20,1220,8276
0068,20:25,1225,8276
0068,20:30,1230,8276
0068,20:35,1235,8276
0068,20:40,1240,8276
0068,20:45,1245,8276
0068,20:50,1250,8276
0068,20:55,1255,8276
0068,21:00,1260,8276
0068,21:05,1265,8276
0068,21:10,1270,8103
0068,21:15,1275,8103
0068,21:20,1280,8103
0068,21:25,1285,8103
0068,21:30,1290,7759
0068,21:35,1295,7759
0068,21:40,1300,7759
0068,21:45,1305,7759
0068,21:50,1310,7759
0068,21:55,1315,7759
0068,22:00,1320,7759
0068,22:05,1325,7759
0068,22:10,1330,7759
0068,22:15,1335,7759
0068,22:20,1340,7759
0068,22:25,1345,7759
0068,22:30,1350,7759
0068,22:35,1355,7759
0068,22:40,1360,7759
0068,22:45,1365,7759
0068,22:50,1370,7759
0068,22:55,1375,7759
0068,23:00,1380,7759
0068,23:05,1385,7759
0068,23:10,1390,7759
0068,23:15,1395,7759
0068,23:16,1396,7759
0068,23:20,1400,7759
0069,09:00,540,0
0069,09:05,545,0
0069,09:10,550,0
0069,09:15,555,0
0069,09:20,560,0
0069,09:25,565,0
0069,09:30,570,0
0069,09:35,575,0
0069,09:40,580,0
0069,09:45,585,0
0069,09:50,590,0
0069,09:55,595,0
0069,10:00,600,0
0069,10:05,605,0
0069,10:10,610,0
0069,10:15,615,0
0069,10:20,620,0
0069,10:25,625,0
0069,10:30,630,0
0069,10:35,635,0
0069,10:40,640,0
0069,10:45,645,0
0069,10:50,650,0
0069,10:55,655,0
0069,11:00,660,-255
0069,11:05,665,-255
0069,11:10,670,-766
0069,11:15,675,-766
0069,11:20,680,-766
0069,11:25,685,-766
0069,11:30,690,-1532
0069,11:35,695,-1532
0069,11:40,700,-1532
0069,11:45,705,-3064
0069,11:50,710,-3064
0069,11:55,715,-3064
0069,12:00,720,-3064
0069,12:05,725,-4340
0069,12:10,730,-4340
0069,12:15,735,-4340
0069,12:20,740,-4340
0069,12:25,745,-4340
0069,12:30,750,-5872
0069,12:35,755,-5872
0069,12:40,760,-5872
0069,12:45,765,-5872
0069,12:50,770,-7149
0069,12:55,775,-7149
0069,13:00,780,-7149
0069,13:05,785,-8426
0069,13:10,790,-8426
0069,13:15,795,-8426
0069,13:20,800,-8426
0069,13:25,805,-6638
0069,13:30,810,-6638
0069,13:35,815,-6638
0069,13:40,820,-6638
0069,13:45,825,-6638
0069,13:50,830,-7660
0069,13:55,835,-7660
0069,14:00,840,-7660
0069,14:05,845,-7660
0069,14:10,850,-8426
0069,14:15,855,-8426
0069,14:20,860,-8426
0069,14:25,865,-8426
0069,14:30,870,-10213
0069,14:35,875,-10213
0069,14:40,880,-10213
0069,14:45,885,-11745
0069,14:50,890,-11745
0069,14:55,895,-11745
0069,15:00,900,-11745
0069,15:05,905,-11745
0069,15:10,910,-13021
0069,15:15,915,-13021
0069,15:20,920,-13021
0069,15:25,925,-13021
0069,15:30,930,-14553
0069,15:35,935,-14553
0069,15:40,940,-14553
0069,15:45,945,-15830
0069,15:50,950,-15830
0069,15:55,955,-15830
0069,16:00,960,-15830
0069,16:05,965,-15830
0069,16:10,970,-16851
0069,16:15,975,-16851
0069,16:20,980,-16851
0069,16:25,985,-16851
0069,16:30,990,-17872
0069,16:35,995,-17872
0069,16:40,1000,-17872
0069,16:45,1005,-17872
0069,16:50,1010,-15319
0069,16:55,1015,-15319
0069,17:00,1020,-15319
0069,17:05,1025,-16085
0069,17:10,1030,-16085
0069,17:15,1035,-16085
0069,17:20,1040,-16085
0069,17:25,1045,-16085
0069,17:30,1050,-17362
0069,17:35,1055,-17362
0069,17:40,1060,-17362
0069,17:45,1065,-17362
0069,17:50,1070,-18383
0069,17:55,1075,-18383
0069,18:00,1080,-18383
0069,18:05,1085,-18383
0069,18:10,1090,-18128
0069,18:15,1095,-18128
0069,18:20,1100,-18128
0069,18:25,1105,-17362
0069,18:30,1110,-17362
0069,18:35,1115,-17362
0069,18:40,1120,-17362
0069,18:45,1125,-17362
0069,18:50,1130,-17617
0069,18:55,1135,-17617
0069,19:00,1140,-17617
0069,19:05,1145,-17617
0069,19:10,1150,-18128
0069,19:15,1155,-18128
0069,19:20,1160,-18128
0069,19:25,1165,-18638
0069,19:30,1170,-18638
0069,19:35,1175,-18638
0069,19:40,1180,-18638
0069,19:45,1185,-19149
0069,19:50,1190,-19149
0069,19:55,1195,-19149
0069,20:00,1200,-19149
0069,20:05,1205,-19149
0069,20:10,1210,-19660
0069,20:15,1215,-19660
0069,20:20,1220,-19660
0069,20:25,1225,-19660
0069,20:30,1230,-20681
0069,20:35,1235,-20681
0069,20:40,1240,-20681
0069,20:45,1245,-21702
0069,20:50,1250,-21702
0069,20:55,1255,-21702
0069,21:00,1260,-21702
0069,21:05,1265,-21702
0069,21:10,1270,-22213
0069,21:15,1275,-22213
0069,21:20,1280,-22213
0069,21:25,1285,-22213
0069,21:30,1290,-22723
0069,21:35,1295,-22723
0069,21:40,1300,-22723
0069,21:45,1305,-22723
0069,21:50,1310,-22723
0069,21:55,1315,-22723
0069,22:00,1320,-22723
0069,22:05,1325,-22723
0069,22:10,1330,-22723
0069,22:15,1335,-22723
0069,22:20,1340,-22723
0069,22:25,1345,-22723
0069,22:30,1350,-22723
0069,22:35,1355,-22723
0069,22:40,1360,-22723
0069,22:45,1365,-22723
0069,22:50,1370,-22723
0069,22:55,1375,-22723
0069,23:00,1380,-22723
0069,23:05,1385,-22723
0069,23:10,1390,-22723
0069,23:15,1395,-22723
0069,23:16,1396,-22723
0069,23:20,1400,-22723
0070,09:00,540,0
0070,09:05,545,0
0070,09:10,550,0
0070,09:15,555,0
0070,09:20,560,0
0070,09:25,565,0
0070,09:30,570,0
0070,09:35,575,0
0070,09:40,580,0
0070,09:45,585,0
0070,09:50,590,0
0070,09:55,595,0
0070,10:00,600,0
0070,10:05,605,0
0070,10:10,610,0
0070,10:15,615,0
0070,10:20,620,0
0070,10:25,625,0
0070,10:30,630,0
0070,10:35,635,0
0070,10:40,640,0
0070,10:45,645,0
0070,10:50,650,0
0070,10:55,655,0
0070,11:00,660,-178
0070,11:05,665,-178
0070,11:10,670,-711
0070,11:15,675,-711
0070,11:20,680,-711
0070,11:25,685,-711
0070,11:30,690,-1067
0070,11:35,695,-1067
0070,11:40,700,-1067
0070,11:45,705,-2667
0070,11:50,710,-2667
0070,11:55,715,-2667
0070,12:00,720,-2667
0070,12:05,725,-4089
0070,12:10,730,-4089
0070,12:15,735,-4089
0070,12:20,740,-4089
0070,12:25,745,-4089
0070,12:30,750,-711
0070,12:35,755,-711
0070,12:40,760,-711
0070,12:45,765,-711
0070,12:50,770,-1422
0070,12:55,775,-1422
0070,13:00,780,-1422
0070,13:05,785,-2844
0070,13:10,790,-2844
0070,13:15,795,-2844
0070,13:20,800,-2844
0070,13:25,805,-4622
0070,13:30,810,-4622
0070,13:35,815,-4622
0070,13:40,820,-4622
0070,13:45,825,-4622
0070,13:50,830,-6044
0070,13:55,835,-6044
0070,14:00,840,-6044
0070,14:05,845,-6044
0070,14:10,850,-7289
0070,14:15,855,-7289
0070,14:20,860,-7289
0070,14:25,865,-7289
0070,14:30,870,-7111
0070,14:35,875,-7111
0070,14:40,880,-7111
0070,14:45,885,-8711
0070,14:50,890,-8711
0070,14:55,895,-8711
0070,15:00,900,-8711
0070,15:05,905,-8711
0070,15:10,910,-9956
0070,15:15,915,-9956
0070,15:20,920,-9956
0070,15:25,925,-9956
0070,15:30,930,-11556
0070,15:35,935,-11556
0070,15:40,940,-11556
0070,15:45,945,-12978
0070,15:50,950,-12978
0070,15:55,955,-12978
0070,16:00,960,-12978
0070,16:05,965,-12978
0070,16:10,970,-14400
0070,16:15,975,-14400
0070,16:20,980,-14400
0070,16:25,985,-14400
0070,16:30,990,-15289
0070,16:35,995,-15289
0070,16:40,1000,-15289
0070,16:45,1005,-15289
0070,16:50,1010,-15289
0070,16:55,1015,-15289
0070,17:00,1020,-15289
0070,17:05,1025,-12978
0070,17:10,1030,-12978
0070,17:15,1035,-12978
0070,17:20,1040,-12978
0070,17:25,1045,-12978
0070,17:30,1050,-4622
0070,17:35,1055,-4622
0070,17:40,1060,-4622
0070,17:45,1065,-4622
0070,17:50,1070,-533
0070,17:55,1075,-533
0070,18:00,1080,-533
0070,18:05,1085,-533
0070,18:10,1090,-533
0070,18:15,1095,-533
0070,18:20,1100,-533
0070,18:25,1105,-889
0070,18:30,1110,-889
0070,18:35,1115,-889
0070,18:40,1120,-889
0070,18:45,1125,-889
0070,18:50,1130,-889
0070,18:55,1135,-889
0070,19:00,1140,-889
0070,19:05,1145,-889
0070,19:10,1150,-1244
0070,19:15,1155,-1244
0070,19:20,1160,-1244
0070,19:25,1165,-1244
0070,19:30,1170,-1244
0070,19:35,1175,-1244
0070,19:40,1180,-1244
0070,19:45,1185,-1244
0070,19:50,1190,-1244
0070,19:55,1195,-1244
0070,20:00,1200,-1244
0070,20:05,1205,-1244
0070,20:10,1210,-1244
0070,20:15,1215,-1244
0070,20:20,1220,-1244
0070,20:25,1225,-1244
0070,20:30,1230,-1422
0070,20:35,1235,-1422
0070,20:40,1240,-1422
0070,20:45,1245,-1422
0070,20:50,1250,-1422
0070,20:55,1255,-1422
0070,21:00,1260,-1422
0070,21:05,1265,-1422
0070,21:10,1270,-1422
0070,21:15,1275,-1422
0070,21:20,1280,-1422
0070,21:25,1285,-1422
0070,21:30,1290,-1422
0070,21:35,1295,-1422
0070,21:40,1300,-1422
0070,21:45,1305,-1422
0070,21:50,1310,-1422
0070,21:55,1315,-1422
0070,22:00,1320,-1422
0070,22:05,1325,-1422
0070,22:10,1330,-1422
0070,22:15,1335,-1422
0070,22:20,1340,-1422
0070,22:25,1345,-1422
0070,22:30,1350,-1422
0070,22:35,1355,-1422
0070,22:40,1360,-1422
0070,22:45,1365,-1422
0070,22:50,1370,-1422
0070,22:55,1375,-1422
0070,23:00,1380,-1422
0070,23:05,1385,-1422
0070,23:10,1390,-1422
0070,23:15,1395,-1422
0070,23:16,1396,-1422
0070,23:20,1400,-1422
0071,09:00,540,0
0071,09:05,545,0
0071,09:10,550,0
0071,09:15,555,0
0071,09:20,560,0
0071,09:25,565,0
0071,09:30,570,0
0071,09:35,575,0
0071,09:40,580,0
0071,09:45,585,0
0071,09:50,590,0
0071,09:55,595,0
0071,10:00,600,0
0071,10:05,605,0
0071,10:10,610,0
0071,10:15,615,0
0071,10:20,620,0
0071,10:25,625,517
0071,10:30,630,517
0071,10:35,635,517
0071,10:40,640,1207
0071,10:45,645,1207
0071,10:50,650,1207
0071,10:55,655,1207
0071,11:00,660,345
0071,11:05,665,345
0071,11:10,670,1379
0071,11:15,675,1379
0071,11:20,680,1379
0071,11:25,685,1379
0071,11:30,690,6552
0071,11:35,695,6552
0071,11:40,700,6552
0071,11:45,705,5172
0071,11:50,710,5172
0071,11:55,715,5172
0071,12:00,720,5172
0071,12:05,725,3966
0071,12:10,730,3966
0071,12:15,735,3966
0071,12:20,740,3966
0071,12:25,745,3966
0071,12:30,750,2586
0071,12:35,755,2586
0071,12:40,760,2586
0071,12:45,765,2586
0071,12:50,770,1034
0071,12:55,775,1034
0071,13:00,780,1034
0071,13:05,785,1897
0071,13:10,790,1897
0071,13:15,795,1897
0071,13:20,800,1897
0071,13:25,805,8793
0071,13:30,810,8793
0071,13:35,815,8793
0071,13:40,820,8793
0071,13:45,825,8793
0071,13:50,830,9310
0071,13:55,835,9310
0071,14:00,840,9310
0071,14:05,845,9310
0071,14:10,850,8276
0071,14:15,855,8276
0071,14:20,860,8276
0071,14:25,865,8276
0071,14:30,870,8793
0071,14:35,875,8793
0071,14:40,880,8793
0071,14:45,885,7759
0071,14:50,890,7759
0071,14:55,895,7759
0071,15:00,900,7759
0071,15:05,905,7759
0071,15:10,910,7241
0071,15:15,915,7241
0071,15:20,920,7241
0071,15:25,925,7241
0071,15:30,930,6379
0071,15:35,935,6379
0071,15:40,940,6379
0071,15:45,945,5517
0071,15:50,950,5517
0071,15:55,955,5517
0071,16:00,960,5517
0071,16:05,965,5517
0071,16:10,970,4655
0071,16:15,975,4655
0071,16:20,980,4655
0071,16:25,985,4655
0071,16:30,990,2931
0071,16:35,995,2931
0071,16:40,1000,2931
0071,16:45,1005,2931
0071,16:50,1010,1379
0071,16:55,1015,1379
0071,17:00,1020,1379
0071,17:05,1025,0
0071,17:10,1030,0
0071,17:15,1035,0
0071,17:20,1040,0
0071,17:25,1045,0
0071,17:30,1050,-1778
0071,17:35,1055,-1778
0071,17:40,1060,-1778
0071,17:45,1065,-1778
0071,17:50,1070,-1956
0071,17:55,1075,-1956
0071,18:00,1080,-1956
0071,18:05,1085,-1956
0071,18:10,1090,-2311
0071,18:15,1095,-2311
0071,18:20,1100,-2311
0071,18:25,1105,-2489
0071,18:30,1110,-2489
0071,18:35,1115,-2489
0071,18:40,1120,-2489
0071,18:45,1125,-2489
0071,18:50,1130,-3733
0071,18:55,1135,-3733
0071,19:00,1140,-3733
0071,19:05,1145,-3733
0071,19:10,1150,-4800
0071,19:15,1155,-4800
0071,19:20,1160,-4800
0071,19:25,1165,-711
0071,19:30,1170,-711
0071,19:35,1175,-711
0071,19:40,1180,-711
0071,19:45,1185,4483
0071,19:50,1190,4483
0071,19:55,1195,4483
0071,20:00,1200,4483
0071,20:05,1205,4483
0071,20:10,1210,3448
0071,20:15,1215,3448
0071,20:20,1220,3448
0071,20:25,1225,3448
0071,20:30,1230,3448
0071,20:35,1235,3448
0071,20:40,1240,3448
0071,20:45,1245,8793
0071,20:50,1250,8793
0071,20:55,1255,8793
0071,21:00,1260,8793
0071,21:05,1265,8793
0071,21:10,1270,12759
0071,21:15,1275,12759
0071,21:20,1280,12759
0071,21:25,1285,12759
0071,21:30,1290,12414
0071,21:35,1295,12414
0071,21:40,1300,12414
0071,21:45,1305,12414
0071,21:50,1310,12414
0071,21:55,1315,12414
0071,22:00,1320,12414
0071,22:05,1325,12414
0071,22:10,1330,12414
0071,22:15,1335,12414
0071,22:20,1340,12414
0071,22:25,1345,12414
0071,22:30,1350,12414
0071,22:35,1355,12414
0071,22:40,1360,12414
0071,22:45,1365,12414
0071,22:50,1370,12414
0071,22:55,1375,12414
0071,23:00,1380,12414
0071,23:05,1385,12414
0071,23:10,1390,12414
0071,23:15,1395,12414
0071,23:16,1396,12414
0071,23:20,1400,12414
0072,09:00,540,0
0072,09:05,545,0
0072,09:10,550,0
0072,09:15,555,0
0072,09:20,560,0
0072,09:25,565,0
0072,09:30,570,0
0072,09:35,575,0
0072,09:40,580,0
0072,09:45,585,0
0072,09:50,590,0
0072,09:55,595,0
0072,10:00,600,0
0072,10:05,605,0
0072,10:10,610,0
0072,10:15,615,0
0072,10:20,620,0
0072,10:25,625,-356
0072,10:30,630,-356
0072,10:35,635,-356
0072,10:40,640,-1600
0072,10:45,645,-1600
0072,10:50,650,-1600
0072,10:55,655,-1600
0072,11:00,660,-2311
0072,11:05,665,-2311
0072,11:10,670,-2844
0072,11:15,675,-2844
0072,11:20,680,-2844
0072,11:25,685,-2844
0072,11:30,690,-2844
0072,11:35,695,-2844
0072,11:40,700,-2844
0072,11:45,705,-3911
0072,11:50,710,-3911
0072,11:55,715,-3911
0072,12:00,720,-3911
0072,12:05,725,-5333
0072,12:10,730,-5333
0072,12:15,735,-5333
0072,12:20,740,-5333
0072,12:25,745,-5333
0072,12:30,750,-1422
0072,12:35,755,-1422
0072,12:40,760,-1422
0072,12:45,765,-1422
0072,12:50,770,862
0072,12:55,775,862
0072,13:00,780,862
0072,13:05,785,-178
0072,13:10,790,-178
0072,13:15,795,-178
0072,13:20,800,-178
0072,13:25,805,-1956
0072,13:30,810,-1956
0072,13:35,815,-1956
0072,13:40,820,-1956
0072,13:45,825,-1956
0072,13:50,830,-3022
0072,13:55,835,-3022
0072,14:00,840,-3022
0072,14:05,845,-3022
0072,14:10,850,-4444
0072,14:15,855,-4444
0072,14:20,860,-4444
0072,14:25,865,-4444
0072,14:30,870,862
0072,14:35,875,862
0072,14:40,880,862
0072,14:45,885,4655
0072,14:50,890,4655
0072,14:55,895,4655
0072,15:00,900,4655
0072,15:05,905,4655
0072,15:10,910,5000
0072,15:15,915,5000
0072,15:20,920,5000
0072,15:25,925,5000
0072,15:30,930,3966
0072,15:35,935,3966
0072,15:40,940,3966
0072,15:45,945,2759
0072,15:50,950,2759
0072,15:55,955,2759
0072,16:00,960,2759
0072,16:05,965,2759
0072,16:10,970,1552
0072,16:15,975,1552
0072,16:20,980,1552
0072,16:25,985,1552
0072,16:30,990,517
0072,16:35,995,517
0072,16:40,1000,517
0072,16:45,1005,517
0072,16:50,1010,-1067
0072,16:55,1015,-1067
0072,17:00,1020,-1067
0072,17:05,1025,2586
0072,17:10,1030,2586
0072,17:15,1035,2586
0072,17:20,1040,2586
0072,17:25,1045,2586
0072,17:30,1050,6379
0072,17:35,1055,6379
0072,17:40,1060,6379
0072,17:45,1065,6379
0072,17:50,1070,5345
0072,17:55,1075,5345
0072,18:00,1080,5345
0072,18:05,1085,5345
0072,18:10,1090,4138
0072,18:15,1095,4138
0072,18:20,1100,4138
0072,18:25,1105,7586
0072,18:30,1110,7586
0072,18:35,1115,7586
0072,18:40,1120,7586
0072,18:45,1125,7586
0072,18:50,1130,9828
0072,18:55,1135,9828
0072,19:00,1140,9828
0072,19:05,1145,9828
0072,19:10,1150,11897
0072,19:15,1155,11897
0072,19:20,1160,11897
0072,19:25,1165,11724
0072,19:30,1170,11724
0072,19:35,1175,11724
0072,19:40,1180,11724
0072,19:45,1185,11724
0072,19:50,1190,11724
0072,19:55,1195,11724
0072,20:00,1200,11724
0072,20:05,1205,11724
0072,20:10,1210,11724
0072,20:15,1215,11724
0072,20:20,1220,11724
0072,20:25,1225,11724
0072,20:30,1230,11379
0072,20:35,1235,11379
0072,20:40,1240,11379
0072,20:45,1245,11379
0072,20:50,1250,11379
0072,20:55,1255,11379
0072,21:00,1260,11379
0072,21:05,1265,11379
0072,21:10,1270,11379
0072,21:15,1275,11379
0072,21:20,1280,11379
0072,21:25,1285,11379
0072,21:30,1290,11034
0072,21:35,1295,11034
0072,21:40,1300,11034
0072,21:45,1305,10862
0072,21:50,1310,10862
0072,21:55,1315,10862
0072,22:00,1320,10862
0072,22:05,1325,10862
0072,22:10,1330,10862
0072,22:15,1335,10862
0072,22:20,1340,10862
0072,22:25,1345,10862
0072,22:30,1350,10862
0072,22:35,1355,10862
0072,22:40,1360,10862
0072,22:45,1365,10862
0072,22:50,1370,10862
0072,22:55,1375,10862
0072,23:00,1380,10862
0072,23:05,1385,10862
0072,23:10,1390,10862
0072,23:15,1395,10862
0072,23:16,1396,10862
0072,23:20,1400,10862
0073,09:00,540,0
0073,09:05,545,0
0073,09:10,550,0
0073,09:15,555,0
0073,09:20,560,0
0073,09:25,565,0
0073,09:30,570,0
0073,09:35,575,0
0073,09:40,580,0
0073,09:45,585,0
0073,09:50,590,0
0073,09:55,595,0
0073,10:00,600,0
0073,10:05,605,0
0073,10:10,610,0
0073,10:15,615,0
0073,10:20,620,0
0073,10:25,625,0
0073,10:30,630,0
0073,10:35,635,0
0073,10:40,640,0
0073,10:45,645,0
0073,10:50,650,0
0073,10:55,655,0
0073,11:00,660,-178
0073,11:05,665,-178
0073,11:10,670,-178
0073,11:15,675,-178
0073,11:20,680,-178
0073,11:25,685,-178
0073,11:30,690,-533
0073,11:35,695,-533
0073,11:40,700,-533
0073,11:45,705,-1244
0073,11:50,710,-1244
0073,11:55,715,-1244
0073,12:00,720,-1244
0073,12:05,725,-2667
0073,12:10,730,-2667
0073,12:15,735,-2667
0073,12:20,740,-2667
0073,12:25,745,-2667
0073,12:30,750,-4267
0073,12:35,755,-4267
0073,12:40,760,-4267
0073,12:45,765,-4267
0073,12:50,770,-5511
0073,12:55,775,-5511
0073,13:00,780,-5511
0073,13:05,785,-6756
0073,13:10,790,-6756
0073,13:15,795,-6756
0073,13:20,800,-6756
0073,13:25,805,-8356
0073,13:30,810,-8356
0073,13:35,815,-8356
0073,13:40,820,-8356
0073,13:45,825,-8356
0073,13:50,830,-9956
0073,13:55,835,-9956
0073,14:00,840,-9956
0073,14:05,845,-9956
0073,14:10,850,-11022
0073,14:15,855,-11022
0073,14:20,860,-11022
0073,14:25,865,-11022
0073,14:30,870,-7467
0073,14:35,875,-7467
0073,14:40,880,-7467
0073,14:45,885,-9067
0073,14:50,890,-9067
0073,14:55,895,-9067
0073,15:00,900,-9067
0073,15:05,905,-9067
0073,15:10,910,-10311
0073,15:15,915,-10311
0073,15:20,920,-10311
0073,15:25,925,-10311
0073,15:30,930,-11911
0073,15:35,935,-11911
0073,15:40,940,-11911
0073,15:45,945,-13333
0073,15:50,950,-13333
0073,15:55,955,-13333
0073,16:00,960,-13333
0073,16:05,965,-13333
0073,16:10,970,-12978
0073,16:15,975,-12978
0073,16:20,980,-12978
0073,16:25,985,-12978
0073,16:30,990,-10844
0073,16:35,995,-10844
0073,16:40,1000,-10844
0073,16:45,1005,-10844
0073,16:50,1010,-12089
0073,16:55,1015,-12089
0073,17:00,1020,-12089
0073,17:05,1025,-12978
0073,17:10,1030,-12978
0073,17:15,1035,-12978
0073,17:20,1040,-12978
0073,17:25,1045,-12978
0073,17:30,1050,-13333
0073,17:35,1055,-13333
0073,17:40,1060,-13333
0073,17:45,1065,-13333
0073,17:50,1070,-13333
0073,17:55,1075,-13333
0073,18:00,1080,-13333
0073,18:05,1085,-13333
0073,18:10,1090,-13333
0073,18:15,1095,-13333
0073,18:20,1100,-13333
0073,18:25,1105,-9956
0073,18:30,1110,-9956
0073,18:35,1115,-9956
0073,18:40,1120,-9956
0073,18:45,1125,-9956
0073,18:50,1130,-6756
0073,18:55,1135,-6756
0073,19:00,1140,-6756
0073,19:05,1145,-6756
0073,19:10,1150,-6756
0073,19:15,1155,-6756
0073,19:20,1160,-6756
0073,19:25,1165,-7467
0073,19:30,1170,-7467
0073,19:35,1175,-7467
0073,19:40,1180,-7467
0073,19:45,1185,-7644
0073,19:50,1190,-7644
0073,19:55,1195,-7644
0073,20:00,1200,-7644
0073,20:05,1205,-7644
0073,20:10,1210,-8889
0073,20:15,1215,-8889
0073,20:20,1220,-8889
0073,20:25,1225,-8889
0073,20:30,1230,-9422
0073,20:35,1235,-9422
0073,20:40,1240,-9422
0073,20:45,1245,-9422
0073,20:50,1250,-9422
0073,20:55,1255,-9422
0073,21:00,1260,-9422
0073,21:05,1265,-9422
0073,21:10,1270,-9778
0073,21:15,1275,-9778
0073,21:20,1280,-9778
0073,21:25,1285,-9778
0073,21:30,1290,-9778
0073,21:35,1295,-9778
0073,21:40,1300,-9778
0073,21:45,1305,-9778
0073,21:50,1310,-9778
0073,21:55,1315,-9778
0073,22:00,1320,-9778
0073,22:05,1325,-9778
0073,22:10,1330,-9778
0073,22:15,1335,-9778
0073,22:20,1340,-9778
0073,22:25,1345,-9778
0073,22:30,1350,-9778
0073,22:35,1355,-9778
0073,22:40,1360,-9778
0073,22:45,1365,-9778
0073,22:50,1370,-9778
0073,22:55,1375,-9778
0073,23:00,1380,-9778
0073,23:05,1385,-9778
0073,23:10,1390,-9778
0073,23:15,1395,-9778
0073,23:16,1396,-9778
0073,23:20,1400,-9778
0074,09:00,540,0
0074,09:05,545,0
0074,09:10,550,0
0074,09:15,555,0
0074,09:20,560,0
0074,09:25,565,0
0074,09:30,570,0
0074,09:35,575,0
0074,09:40,580,0
0074,09:45,585,0
0074,09:50,590,0
0074,09:55,595,0
0074,10:00,600,0
0074,10:05,605,0
0074,10:10,610,0
0074,10:15,615,0
0074,10:20,620,0
0074,10:25,625,0
0074,10:30,630,0
0074,10:35,635,0
0074,10:40,640,0
0074,10:45,645,0
0074,10:50,650,0
0074,10:55,655,0
0074,11:00,660,-356
0074,11:05,665,-356
0074,11:10,670,-533
0074,11:15,675,-533
0074,11:20,680,-533
0074,11:25,685,-533
0074,11:30,690,-1422
0074,11:35,695,-1422
0074,11:40,700,-1422
0074,11:45,705,-2667
0074,11:50,710,-2667
0074,11:55,715,-2667
0074,12:00,720,-2667
0074,12:05,725,-1778
0074,12:10,730,-1778
0074,12:15,735,-1778
0074,12:20,740,-1778
0074,12:25,745,-1778
0074,12:30,750,3276
0074,12:35,755,3276
0074,12:40,760,3276
0074,12:45,765,3276
0074,12:50,770,2241
0074,12:55,775,2241
0074,13:00,780,2241
0074,13:05,785,1034
0074,13:10,790,1034
0074,13:15,795,1034
0074,13:20,800,1034
0074,13:25,805,-711
0074,13:30,810,-711
0074,13:35,815,-711
0074,13:40,820,-711
0074,13:45,825,-711
0074,13:50,830,-2133
0074,13:55,835,-2133
0074,14:00,840,-2133
0074,14:05,845,-2133
0074,14:10,850,-3378
0074,14:15,855,-3378
0074,14:20,860,-3378
0074,14:25,865,-3378
0074,14:30,870,-5156
0074,14:35,875,-5156
0074,14:40,880,-5156
0074,14:45,885,-6578
0074,14:50,890,-6578
0074,14:55,895,-6578
0074,15:00,900,-6578
0074,15:05,905,-6578
0074,15:10,910,-7644
0074,15:15,915,-7644
0074,15:20,920,-7644
0074,15:25,925,-7644
0074,15:30,930,-8711
0074,15:35,935,-8711
0074,15:40,940,-8711
0074,15:45,945,-8000
0074,15:50,950,-8000
0074,15:55,955,-8000
0074,16:00,960,-8000
0074,16:05,965,-8000
0074,16:10,970,-8533
0074,16:15,975,-8533
0074,16:20,980,-8533
0074,16:25,985,-8533
0074,16:30,990,-9778
0074,16:35,995,-9778
0074,16:40,1000,-9778
0074,16:45,1005,-9778
0074,16:50,1010,-5867
0074,16:55,1015,-5867
0074,17:00,1020,-5867
0074,17:05,1025,-6578
0074,17:10,1030,-6578
0074,17:15,1035,-6578
0074,17:20,1040,-6578
0074,17:25,1045,-6578
0074,17:30,1050,-8000
0074,17:35,1055,-8000
0074,17:40,1060,-8000
0074,17:45,1065,-8000
0074,17:50,1070,-4089
0074,17:55,1075,-4089
0074,18:00,1080,-4089
0074,18:05,1085,-4089
0074,18:10,1090,-2667
0074,18:15,1095,-2667
0074,18:20,1100,-2667
0074,18:25,1105,-2133
0074,18:30,1110,-2133
0074,18:35,1115,-2133
0074,18:40,1120,-2133
0074,18:45,1125,-2133
0074,18:50,1130,-1244
0074,18:55,1135,-1244
0074,19:00,1140,-1244
0074,19:05,1145,-1244
0074,19:10,1150,-533
0074,19:15,1155,-533
0074,19:20,1160,-533
0074,19:25,1165,517
0074,19:30,1170,517
0074,19:35,1175,517
0074,19:40,1180,517
0074,19:45,1185,-356
0074,19:50,1190,-356
0074,19:55,1195,-356
0074,20:00,1200,-356
0074,20:05,1205,-356
0074,20:10,1210,-889
0074,20:15,1215,-889
0074,20:20,1220,-889
0074,20:25,1225,-889
0074,20:30,1230,-533
0074,20:35,1235,-533
0074,20:40,1240,-533
0074,20:45,1245,4828
0074,20:50,1250,4828
0074,20:55,1255,4828
0074,21:00,1260,4828
0074,21:05,1265,4828
0074,21:10,1270,8793
0074,21:15,1275,8793
0074,21:20,1280,8793
0074,21:25,1285,8793
0074,21:30,1290,10172
0074,21:35,1295,10172
0074,21:40,1300,10172
0074,21:45,1305,9655
0074,21:50,1310,9655
0074,21:55,1315,9655
0074,22:00,1320,9655
0074,22:05,1325,9655
0074,22:10,1330,9655
0074,22:15,1335,9655
0074,22:20,1340,9655
0074,22:25,1345,9655
0074,22:30,1350,9655
0074,22:35,1355,9655
0074,22:40,1360,9655
0074,22:45,1365,9655
0074,22:50,1370,9655
0074,22:55,1375,9655
0074,23:00,1380,9655
0074,23:05,1385,9655
0074,23:10,1390,9655
0074,23:15,1395,9655
0074,23:16,1396,9655
0074,23:20,1400,9655
0075,09:00,540,0
0075,09:05,545,0
0075,09:10,550,0
0075,09:15,555,0
0075,09:20,560,0
0075,09:25,565,0
0075,09:30,570,0
0075,09:35,575,0
0075,09:40,580,0
0075,09:45,585,0
0075,09:50,590,0
0075,09:55,595,0
0075,10:00,600,0
0075,10:05,605,0
0075,10:10,610,0
0075,10:15,615,0
0075,10:20,620,0
0075,10:25,625,0
0075,10:30,630,0
0075,10:35,635,0
0075,10:40,640,-533
0075,10:45,645,-533
0075,10:50,650,-533
0075,10:55,655,-533
0075,11:00,660,-889
0075,11:05,665,-889
0075,11:10,670,-1156
0075,11:15,675,-1156
0075,11:20,680,-1156
0075,11:25,685,-1156
0075,11:30,690,-1511
0075,11:35,695,-1511
0075,11:40,700,-1511
0075,11:45,705,-2578
0075,11:50,710,-2578
0075,11:55,715,-2578
0075,12:00,720,-2578
0075,12:05,725,-2933
0075,12:10,730,-2933
0075,12:15,735,-2933
0075,12:20,740,-2933
0075,12:25,745,-2933
0075,12:30,750,-3911
0075,12:35,755,-3911
0075,12:40,760,-3911
0075,12:45,765,-3911
0075,12:50,770,-4622
0075,12:55,775,-4622
0075,13:00,780,-4622
0075,13:05,785,-5422
0075,13:10,790,-5422
0075,13:15,795,-5422
0075,13:20,800,-5422
0075,13:25,805,-5956
0075,13:30,810,-5956
0075,13:35,815,-5956
0075,13:40,820,-5956
0075,13:45,825,-5956
0075,13:50,830,-1956
0075,13:55,835,-1956
0075,14:00,840,-1956
0075,14:05,845,-1956
0075,14:10,850,345
0075,14:15,855,345
0075,14:20,860,345
0075,14:25,865,345
0075,14:30,870,-1422
0075,14:35,875,-1422
0075,14:40,880,-1422
0075,14:45,885,-3022
0075,14:50,890,-3022
0075,14:55,895,-3022
0075,15:00,900,-3022
0075,15:05,905,-3022
0075,15:10,910,-4444
0075,15:15,915,-4444
0075,15:20,920,-4444
0075,15:25,925,-4444
0075,15:30,930,-6222
0075,15:35,935,-6222
0075,15:40,940,-6222
0075,15:45,945,-4356
0075,15:50,950,-4356
0075,15:55,955,-4356
0075,16:00,960,-4356
0075,16:05,965,-4356
0075,16:10,970,-3289
0075,16:15,975,-3289
0075,16:20,980,-3289
0075,16:25,985,-3289
0075,16:30,990,-4800
0075,16:35,995,-4800
0075,16:40,1000,-4800
0075,16:45,1005,-4800
0075,16:50,1010,-5956
0075,16:55,1015,-5956
0075,17:00,1020,-5956
0075,17:05,1025,-6667
0075,17:10,1030,-6667
0075,17:15,1035,-6667
0075,17:20,1040,-6667
0075,17:25,1045,-6667
0075,17:30,1050,-7200
0075,17:35,1055,-7200
0075,17:40,1060,-7200
0075,17:45,1065,-7200
0075,17:50,1070,-6578
0075,17:55,1075,-6578
0075,18:00,1080,-6578
0075,18:05,1085,-6578
0075,18:10,1090,-7200
0075,18:15,1095,-7200
0075,18:20,1100,-7200
0075,18:25,1105,-5244
0075,18:30,1110,-5244
0075,18:35,1115,-5244
0075,18:40,1120,-5244
0075,18:45,1125,-5244
0075,18:50,1130,-5956
0075,18:55,1135,-5956
0075,19:00,1140,-5956
0075,19:05,1145,-5956
0075,19:10,1150,-6489
0075,19:15,1155,-6489
0075,19:20,1160,-6489
0075,19:25,1165,-6489
0075,19:30,1170,-6489
0075,19:35,1175,-6489
0075,19:40,1180,-6489
0075,19:45,1185,-6489
0075,19:50,1190,-6489
0075,19:55,1195,-6489
0075,20:00,1200,-6489
0075,20:05,1205,-6489
0075,20:10,1210,-7644
0075,20:15,1215,-7644
0075,20:20,1220,-7644
0075,20:25,1225,-7644
0075,20:30,1230,-5600
0075,20:35,1235,-5600
0075,20:40,1240,-5600
0075,20:45,1245,-5778
0075,20:50,1250,-5778
0075,20:55,1255,-5778
0075,21:00,1260,-5778
0075,21:05,1265,-5778
0075,21:10,1270,-5867
0075,21:15,1275,-5867
0075,21:20,1280,-5867
0075,21:25,1285,-5867
0075,21:30,1290,-5956
0075,21:35,1295,-5956
0075,21:40,1300,-5956
0075,21:45,1305,-5956
0075,21:50,1310,-5956
0075,21:55,1315,-5956
0075,22:00,1320,-5956
0075,22:05,1325,-5956
0075,22:10,1330,-5956
0075,22:15,1335,-5956
0075,22:20,1340,-5956
0075,22:25,1345,-5956
0075,22:30,1350,-5956
0075,22:35,1355,-5956
0075,22:40,1360,-5956
0075,22:45,1365,-5956
0075,22:50,1370,-5956
0075,22:55,1375,-5956
0075,23:00,1380,-5956
0075,23:05,1385,-5956
0075,23:10,1390,-5956
0075,23:15,1395,-5956
0075,23:16,1396,-5956
0075,23:20,1400,-5956
0076,09:00,540,0
0076,09:05,545,0
0076,09:10,550,0
0076,09:15,555,0
0076,09:20,560,0
0076,09:25,565,0
0076,09:30,570,0
0076,09:35,575,0
0076,09:40,580,0
0076,09:45,585,0
0076,09:50,590,0
0076,09:55,595,0
0076,10:00,600,0
0076,10:05,605,0
0076,10:10,610,0
0076,10:15,615,0
0076,10:20,620,0
0076,10:25,625,0
0076,10:30,630,0
0076,10:35,635,0
0076,10:40,640,0
0076,10:45,645,0
0076,10:50,650,0
0076,10:55,655,0
0076,11:00,660,-1067
0076,11:05,665,-1067
0076,11:10,670,-1244
0076,11:15,675,-1244
0076,11:20,680,-1244
0076,11:25,685,-1244
0076,11:30,690,-1956
0076,11:35,695,-1956
0076,11:40,700,-1956
0076,11:45,705,-2311
0076,11:50,710,-2311
0076,11:55,715,-2311
0076,12:00,720,-2311
0076,12:05,725,-1244
0076,12:10,730,-1244
0076,12:15,735,-1244
0076,12:20,740,-1244
0076,12:25,745,-1244
0076,12:30,750,-2667
0076,12:35,755,-2667
0076,12:40,760,-2667
0076,12:45,765,-2667
0076,12:50,770,-3733
0076,12:55,775,-3733
0076,13:00,780,-3733
0076,13:05,785,-4622
0076,13:10,790,-4622
0076,13:15,795,-4622
0076,13:20,800,-4622
0076,13:25,805,-6222
0076,13:30,810,-6222
0076,13:35,815,-6222
0076,13:40,820,-6222
0076,13:45,825,-6222
0076,13:50,830,-6933
0076,13:55,835,-6933
0076,14:00,840,-6933
0076,14:05,845,-6933
0076,14:10,850,-5156
0076,14:15,855,-5156
0076,14:20,860,-5156
0076,14:25,865,-5156
0076,14:30,870,-6578
0076,14:35,875,-6578
0076,14:40,880,-6578
0076,14:45,885,-7289
0076,14:50,890,-7289
0076,14:55,895,-7289
0076,15:00,900,-7289
0076,15:05,905,-7289
0076,15:10,910,-8533
0076,15:15,915,-8533
0076,15:20,920,-8533
0076,15:25,925,-8533
0076,15:30,930,-9778
0076,15:35,935,-9778
0076,15:40,940,-9778
0076,15:45,945,-11200
0076,15:50,950,-11200
0076,15:55,955,-11200
0076,16:00,960,-11200
0076,16:05,965,-11200
0076,16:10,970,-6933
0076,16:15,975,-6933
0076,16:20,980,-6933
0076,16:25,985,-6933
0076,16:30,990,-5333
0076,16:35,995,-5333
0076,16:40,1000,-5333
0076,16:45,1005,-5333
0076,16:50,1010,-6756
0076,16:55,1015,-6756
0076,17:00,1020,-6756
0076,17:05,1025,-4089
0076,17:10,1030,-4089
0076,17:15,1035,-4089
0076,17:20,1040,-4089
0076,17:25,1045,-4089
0076,17:30,1050,4310
0076,17:35,1055,4310
0076,17:40,1060,4310
0076,17:45,1065,4310
0076,17:50,1070,5517
0076,17:55,1075,5517
0076,18:00,1080,5517
0076,18:05,1085,5517
0076,18:10,1090,4483
0076,18:15,1095,4483
0076,18:20,1100,4483
0076,18:25,1105,4655
0076,18:30,1110,4655
0076,18:35,1115,4655
0076,18:40,1120,4655
0076,18:45,1125,4655
0076,18:50,1130,3793
0076,18:55,1135,3793
0076,19:00,1140,3793
0076,19:05,1145,3793
0076,19:10,1150,3448
0076,19:15,1155,3448
0076,19:20,1160,3448
0076,19:25,1165,2759
0076,19:30,1170,2759
0076,19:35,1175,2759
0076,19:40,1180,2759
0076,19:45,1185,2759
0076,19:50,1190,2759
0076,19:55,1195,2759
0076,20:00,1200,2759
0076,20:05,1205,2759
0076,20:10,1210,2759
0076,20:15,1215,2759
0076,20:20,1220,2759
0076,20:25,1225,2759
0076,20:30,1230,2759
0076,20:35,1235,2759
0076,20:40,1240,2759
0076,20:45,1245,2759
0076,20:50,1250,2759
0076,20:55,1255,2759
0076,21:00,1260,2759
0076,21:05,1265,2759
0076,21:10,1270,2586
0076,21:15,1275,2586
0076,21:20,1280,2586
0076,21:25,1285,2586
0076,21:30,1290,2414
0076,21:35,1295,2414
0076,21:40,1300,2414
0076,21:45,1305,2414
0076,21:50,1310,2414
0076,21:55,1315,2414
0076,22:00,1320,2414
0076,22:05,1325,2414
0076,22:10,1330,2414
0076,22:15,1335,2414
0076,22:20,1340,2414
0076,22:25,1345,2414
0076,22:30,1350,2414
0076,22:35,1355,2414
0076,22:40,1360,2414
0076,22:45,1365,2414
0076,22:50,1370,2414
0076,22:55,1375,2414
0076,23:00,1380,2414
0076,23:05,1385,2414
0076,23:10,1390,2414
0076,23:15,1395,2414
0076,23:16,1396,2414
0076,23:20,1400,2414
0077,09:00,540,0
0077,09:05,545,0
0077,09:10,550,0
0077,09:15,555,0
0077,09:20,560,0
0077,09:25,565,0
0077,09:30,570,0
0077,09:35,575,0
0077,09:40,580,0
0077,09:45,585,0
0077,09:50,590,0
0077,09:55,595,0
0077,10:00,600,0
0077,10:05,605,0
0077,10:10,610,-178
0077,10:15,615,-178
0077,10:20,620,-178
0077,10:25,625,-1244
0077,10:30,630,-1244
0077,10:35,635,-1244
0077,10:40,640,-1422
0077,10:45,645,-1422
0077,10:50,650,-1422
0077,10:55,655,-1422
0077,11:00,660,-1778
0077,11:05,665,-1778
0077,11:10,670,-2311
0077,11:15,675,-2311
0077,11:20,680,-2311
0077,11:25,685,-2311
0077,11:30,690,-3556
0077,11:35,695,-3556
0077,11:40,700,-3556
0077,11:45,705,-4800
0077,11:50,710,-4800
0077,11:55,715,-4800
0077,12:00,720,-4800
0077,12:05,725,-5156
0077,12:10,730,-5156
0077,12:15,735,-5156
0077,12:20,740,-5156
0077,12:25,745,-5156
0077,12:30,750,-5333
0077,12:35,755,-5333
0077,12:40,760,-5333
0077,12:45,765,-5333
0077,12:50,770,-5333
0077,12:55,775,-5333
0077,13:00,780,-5333
0077,13:05,785,-5333
0077,13:10,790,-5333
0077,13:15,795,-5333
0077,13:20,800,-5333
0077,13:25,805,-6222
0077,13:30,810,-6222
0077,13:35,815,-6222
0077,13:40,820,-6222
0077,13:45,825,-6222
0077,13:50,830,-5689
0077,13:55,835,-5689
0077,14:00,840,-5689
0077,14:05,845,-5689
0077,14:10,850,-6578
0077,14:15,855,-6578
0077,14:20,860,-6578
0077,14:25,865,-6578
0077,14:30,870,-6578
0077,14:35,875,-6578
0077,14:40,880,-6578
0077,14:45,885,-2844
0077,14:50,890,-2844
0077,14:55,895,-2844
0077,15:00,900,-2844
0077,15:05,905,-2844
0077,15:10,910,-356
0077,15:15,915,-356
0077,15:20,920,-356
0077,15:25,925,-356
0077,15:30,930,-1956
0077,15:35,935,-1956
0077,15:40,940,-1956
0077,15:45,945,-3378
0077,15:50,950,-3378
0077,15:55,955,-3378
0077,16:00,960,-3378
0077,16:05,965,-3378
0077,16:10,970,-4089
0077,16:15,975,-4089
0077,16:20,980,-4089
0077,16:25,985,-4089
0077,16:30,990,-5689
0077,16:35,995,-5689
0077,16:40,1000,-5689
0077,16:45,1005,-5689
0077,16:50,1010,-6578
0077,16:55,1015,-6578
0077,17:00,1020,-6578
0077,17:05,1025,-6756
0077,17:10,1030,-6756
0077,17:15,1035,-6756
0077,17:20,1040,-6756
0077,17:25,1045,-6756
0077,17:30,1050,-7289
0077,17:35,1055,-7289
0077,17:40,1060,-7289
0077,17:45,1065,-7289
0077,17:50,1070,-8000
0077,17:55,1075,-8000
0077,18:00,1080,-8000
0077,18:05,1085,-8000
0077,18:10,1090,-9244
0077,18:15,1095,-9244
0077,18:20,1100,-9244
0077,18:25,1105,-10844
0077,18:30,1110,-10844
0077,18:35,1115,-10844
0077,18:40,1120,-10844
0077,18:45,1125,-10844
0077,18:50,1130,-6933
0077,18:55,1135,-6933
0077,19:00,1140,-6933
0077,19:05,1145,-6933
0077,19:10,1150,-4444
0077,19:15,1155,-4444
0077,19:20,1160,-4444
0077,19:25,1165,-5333
0077,19:30,1170,-5333
0077,19:35,1175,-5333
0077,19:40,1180,-5333
0077,19:45,1185,-6578
0077,19:50,1190,-6578
0077,19:55,1195,-6578
0077,20:00,1200,-6578
0077,20:05,1205,-6578
0077,20:10,1210,-8000
0077,20:15,1215,-8000
0077,20:20,1220,-8000
0077,20:25,1225,-8000
0077,20:30,1230,-8000
0077,20:35,1235,-8000
0077,20:40,1240,-8000
0077,20:45,1245,-9244
0077,20:50,1250,-9244
0077,20:55,1255,-9244
0077,21:00,1260,-9244
0077,21:05,1265,-9244
0077,21:10,1270,-10667
0077,21:15,1275,-10667
0077,21:20,1280,-10667
0077,21:25,1285,-10667
0077,21:30,1290,-11378
0077,21:35,1295,-11378
0077,21:40,1300,-11378
0077,21:45,1305,-11378
0077,21:50,1310,-11378
0077,21:55,1315,-11378
0077,22:00,1320,-11378
0077,22:05,1325,-11378
0077,22:10,1330,-11378
0077,22:15,1335,-11378
0077,22:20,1340,-11378
0077,22:25,1345,-11378
0077,22:30,1350,-11378
0077,22:35,1355,-11378
0077,22:40,1360,-11378
0077,22:45,1365,-11378
0077,22:50,1370,-11378
0077,22:55,1375,-11378
0077,23:00,1380,-11378
0077,23:05,1385,-11378
0077,23:10,1390,-11378
0077,23:15,1395,-11378
0077,23:16,1396,-11378
0077,23:20,1400,-11378
