machine,time,minute,value
0039,09:00,540,0
0039,09:05,545,0
0039,09:10,550,0
0039,09:15,555,0
0039,09:20,560,0
0039,09:25,565,0
0039,09:30,570,0
0039,09:35,575,0
0039,09:40,580,0
0039,09:45,585,0
0039,09:50,590,0
0039,09:55,595,0
0039,10:00,600,0
0039,10:05,605,0
0039,10:10,610,0
0039,10:15,615,0
0039,10:20,620,0
0039,10:25,625,0
0039,10:30,630,0
0039,10:35,635,0
0039,10:40,640,0
0039,10:45,645,0
0039,10:50,650,0
0039,10:55,655,0
0039,11:00,660,1379
0039,11:05,665,1379
0039,11:10,670,3621
0039,11:15,675,3621
0039,11:20,680,3621
0039,11:25,685,3621
0039,11:30,690,5776
0039,11:35,695,5776
0039,11:40,700,5776
0039,11:45,705,4138
0039,11:50,710,4138
0039,11:55,715,4138
0039,12:00,720,4138
0039,12:05,725,3448
0039,12:10,730,3448
0039,12:15,735,3448
0039,12:20,740,3448
0039,12:25,745,3448
0039,12:30,750,3793
0039,12:35,755,3793
0039,12:40,760,3793
0039,12:45,765,3793
0039,12:50,770,4052
0039,12:55,775,4052
0039,13:00,780,4052
0039,13:05,785,3276
0039,13:10,790,3276
0039,13:15,795,3276
0039,13:20,800,3276
0039,13:25,805,3276
0039,13:30,810,3276
0039,13:35,815,3276
0039,13:40,820,3276
0039,13:45,825,3276
0039,13:50,830,2931
0039,13:55,835,2931
0039,14:00,840,2931
0039,14:05,845,2931
0039,14:10,850,1638
0039,14:15,855,1638
0039,14:20,860,1638
0039,14:25,865,1638
0039,14:30,870,-178
0039,14:35,875,-178
0039,14:40,880,-178
0039,14:45,885,1552
0039,14:50,890,1552
0039,14:55,895,1552
0039,15:00,900,1552
0039,15:05,905,1552
0039,15:10,910,2155
0039,15:15,915,2155
0039,15:20,920,2155
0039,15:25,925,2155
0039,15:30,930,2414
0039,15:35,935,2414
0039,15:40,940,2414
0039,15:45,945,4569
0039,15:50,950,4569
0039,15:55,955,4569
0039,16:00,960,4569
0039,16:05,965,4569
0039,16:10,970,3448
0039,16:15,975,3448
0039,16:20,980,3448
0039,16:25,985,3448
0039,16:30,990,2241
0039,16:35,995,2241
0039,16:40,1000,2241
0039,16:45,1005,2241
0039,16:50,1010,1121
0039,16:55,1015,1121
0039,17:00,1020,1121
0039,17:05,1025,345
0039,17:10,1030,345
0039,17:15,1035,345
0039,17:20,1040,345
0039,17:25,1045,345
0039,17:30,1050,-1333
0039,17:35,1055,-1333
0039,17:40,1060,-1333
0039,17:45,1065,-1333
0039,17:50,1070,-2400
0039,17:55,1075,-2400
0039,18:00,1080,-2400
0039,18:05,1085,-2400
0039,18:10,1090,-2400
0039,18:15,1095,-2400
0039,18:20,1100,-2400
0039,18:25,1105,-3733
0039,18:30,1110,-3733
0039,18:35,1115,-3733
0039,18:40,1120,-3733
0039,18:45,1125,-3733
0039,18:50,1130,-4178
0039,18:55,1135,-4178
0039,19:00,1140,-4178
0039,19:05,1145,-4178
0039,19:10,1150,-4178
0039,19:15,1155,-4178
0039,19:20,1160,-4178
0039,19:25,1165,-4178
0039,19:30,1170,-4178
0039,19:35,1175,-4178
0039,19:40,1180,-4178
0039,19:45,1185,-5511
0039,19:50,1190,-5511
0039,19:55,1195,-5511
0039,20:00,1200,-5511
0039,20:05,1205,-5511
0039,20:10,1210,-4800
0039,20:15,1215,-4800
0039,20:20,1220,-4800
0039,20:25,1225,-4800
0039,20:30,1230,-6222
0039,20:35,1235,-6222
0039,20:40,1240,-6222
0039,20:45,1245,-6222
0039,20:50,1250,-6222
0039,20:55,1255,-6222
0039,21:00,1260,-6222
0039,21:05,1265,-6222
0039,21:10,1270,-6222
0039,21:15,1275,-6222
0039,21:20,1280,-6222
0039,21:25,1285,-6222
0039,21:30,1290,-6756
0039,21:35,1295,-6756
0039,21:40,1300,-6756
0039,21:45,1305,-6756
0039,21:50,1310,-6756
0039,21:55,1315,-6756
0039,22:00,1320,-6756
0039,22:05,1325,-6756
0039,22:10,1330,-6756
0039,22:15,1335,-6756
0039,22:20,1340,-6756
0039,22:25,1345,-6756
0039,22:30,1350,-6756
0039,22:35,1355,-6756
0039,22:40,1360,-6756
0039,22:45,1365,-6756
0039,22:50,1370,-6756
0039,22:55,1375,-6756
0039,23:00,1380,-6756
0039,23:05,1385,-6756
0039,23:10,1390,-6756
0039,23:15,1395,-6756
0039,23:16,1396,-6756
0039,23:20,1400,-6756
0040,09:00,540,0
0040,09:05,545,0
0040,09:10,550,0
0040,09:15,555,0
0040,09:20,560,0
0040,09:25,565,0
0040,09:30,570,0
0040,09:35,575,0
0040,09:40,580,0
0040,09:45,585,0
0040,09:50,590,0
0040,09:55,595,0
0040,10:00,600,0
0040,10:05,605,0
0040,10:10,610,0
0040,10:15,615,0
0040,10:20,620,0
0040,10:25,625,0
0040,10:30,630,0
0040,10:35,635,0
0040,10:40,640,-711
0040,10:45,645,-711
0040,10:50,650,-711
0040,10:55,655,-711
0040,11:00,660,-711
0040,11:05,665,-711
0040,11:10,670,-711
0040,11:15,675,-711
0040,11:20,680,-711
0040,11:25,685,-711
0040,11:30,690,2759
0040,11:35,695,2759
0040,11:40,700,2759
0040,11:45,705,5086
0040,11:50,710,5086
0040,11:55,715,5086
0040,12:00,720,5086
0040,12:05,725,3793
0040,12:10,730,3793
0040,12:15,735,3793
0040,12:20,740,3793
0040,12:25,745,3793
0040,12:30,750,5776
0040,12:35,755,5776
0040,12:40,760,5776
0040,12:45,765,5776
0040,12:50,770,6552
0040,12:55,775,6552
0040,13:00,780,6552
0040,13:05,785,5431
0040,13:10,790,5431
0040,13:15,795,5431
0040,13:20,800,5431
0040,13:25,805,5431
0040,13:30,810,5431
0040,13:35,815,5431
0040,13:40,820,5431
0040,13:45,825,5431
0040,13:50,830,5431
0040,13:55,835,5431
0040,14:00,840,5431
0040,14:05,845,5431
0040,14:10,850,5431
0040,14:15,855,5431
0040,14:20,860,5431
0040,14:25,865,5431
0040,14:30,870,4138
0040,14:35,875,4138
0040,14:40,880,4138
0040,14:45,885,2845
0040,14:50,890,2845
0040,14:55,895,2845
0040,15:00,900,2845
0040,15:05,905,2845
0040,15:10,910,2414
0040,15:15,915,2414
0040,15:20,920,2414
0040,15:25,925,2414
0040,15:30,930,1810
0040,15:35,935,1810
0040,15:40,940,1810
0040,15:45,945,1293
0040,15:50,950,1293
0040,15:55,955,1293
0040,16:00,960,1293
0040,16:05,965,1293
0040,16:10,970,1293
0040,16:15,975,1293
0040,16:20,980,1293
0040,16:25,985,1293
0040,16:30,990,431
0040,16:35,995,431
0040,16:40,1000,431
0040,16:45,1005,431
0040,16:50,1010,-978
0040,16:55,1015,-978
0040,17:00,1020,-978
0040,17:05,1025,-1422
0040,17:10,1030,-1422
0040,17:15,1035,-1422
0040,17:20,1040,-1422
0040,17:25,1045,-1422
0040,17:30,1050,-2578
0040,17:35,1055,-2578
0040,17:40,1060,-2578
0040,17:45,1065,-2578
0040,17:50,1070,-3378
0040,17:55,1075,-3378
0040,18:00,1080,-3378
0040,18:05,1085,-3378
0040,18:10,1090,-4356
0040,18:15,1095,-4356
0040,18:20,1100,-4356
0040,18:25,1105,-5333
0040,18:30,1110,-5333
0040,18:35,1115,-5333
0040,18:40,1120,-5333
0040,18:45,1125,-5333
0040,18:50,1130,-267
0040,18:55,1135,-267
0040,19:00,1140,-267
0040,19:05,1145,-267
0040,19:10,1150,6552
0040,19:15,1155,6552
0040,19:20,1160,6552
0040,19:25,1165,6466
0040,19:30,1170,6466
0040,19:35,1175,6466
0040,19:40,1180,6466
0040,19:45,1185,6466
0040,19:50,1190,6466
0040,19:55,1195,6466
0040,20:00,1200,6466
0040,20:05,1205,6466
0040,20:10,1210,6466
0040,20:15,1215,6466
0040,20:20,1220,6466
0040,20:25,1225,6466
0040,20:30,1230,6466
0040,20:35,1235,6466
0040,20:40,1240,6466
0040,20:45,1245,6466
0040,20:50,1250,6466
0040,20:55,1255,6466
0040,21:00,1260,6466
0040,21:05,1265,6466
0040,21:10,1270,6466
0040,21:15,1275,6466
0040,21:20,1280,6466
0040,21:25,1285,6466
0040,21:30,1290,6466
0040,21:35,1295,6466
0040,21:40,1300,6466
0040,21:45,1305,6466
0040,21:50,1310,6466
0040,21:55,1315,6466
0040,22:00,1320,6466
0040,22:05,1325,6466
0040,22:10,1330,6466
0040,22:15,1335,6466
0040,22:20,1340,6466
0040,22:25,1345,6466
0040,22:30,1350,6466
0040,22:35,1355,6466
0040,22:40,1360,6466
0040,22:45,1365,6466
0040,22:50,1370,6466
0040,22:55,1375,6466
0040,23:00,1380,6466
0040,23:05,1385,6466
0040,23:10,1390,6466
0040,23:15,1395,6466
0040,23:16,1396,6466
0040,23:20,1400,6466
0041,09:00,540,0
0041,09:05,545,0
0041,09:10,550,0
0041,09:15,555,0
0041,09:20,560,0
0041,09:25,565,0
0041,09:30,570,0
0041,09:35,575,0
0041,09:40,580,0
0041,09:45,585,0
0041,09:50,590,0
0041,09:55,595,0
0041,10:00,600,0
0041,10:05,605,0
0041,10:10,610,0
0041,10:15,615,0
0041,10:20,620,0
0041,10:25,625,-533
0041,10:30,630,-533
0041,10:35,635,-533
0041,10:40,640,-1778
0041,10:45,645,-1778
0041,10:50,650,-1778
0041,10:55,655,-1778
0041,11:00,660,-2489
0041,11:05,665,-2489
0041,11:10,670,-2844
0041,11:15,675,-2844
0041,11:20,680,-2844
0041,11:25,685,-2844
0041,11:30,690,-1422
0041,11:35,695,-1422
0041,11:40,700,-1422
0041,11:45,705,862
0041,11:50,710,862
0041,11:55,715,862
0041,12:00,720,862
0041,12:05,725,-356
0041,12:10,730,-356
0041,12:15,735,-356
0041,12:20,740,-356
0041,12:25,745,-356
0041,12:30,750,-2311
0041,12:35,755,-2311
0041,12:40,760,-2311
0041,12:45,765,-2311
0041,12:50,770,-3733
0041,12:55,775,-3733
0041,13:00,780,-3733
0041,13:05,785,-5156
0041,13:10,790,-5156
0041,13:15,795,-5156
0041,13:20,800,-5156
0041,13:25,805,-1600
0041,13:30,810,-1600
0041,13:35,815,-1600
0041,13:40,820,-1600
0041,13:45,825,-1600
0041,13:50,830,-3200
0041,13:55,835,-3200
0041,14:00,840,-3200
0041,14:05,845,-3200
0041,14:10,850,-2667
0041,14:15,855,-2667
0041,14:20,860,-2667
0041,14:25,865,-2667
0041,14:30,870,517
0041,14:35,875,517
0041,14:40,880,517
0041,14:45,885,1207
0041,14:50,890,1207
0041,14:55,895,1207
0041,15:00,900,1207
0041,15:05,905,1207
0041,15:10,910,0
0041,15:15,915,0
0041,15:20,920,0
0041,15:25,925,0
0041,15:30,930,-1778
0041,15:35,935,-1778
0041,15:40,940,-1778
0041,15:45,945,-3378
0041,15:50,950,-3378
0041,15:55,955,-3378
0041,16:00,960,-3378
0041,16:05,965,-3378
0041,16:10,970,-4444
0041,16:15,975,-4444
0041,16:20,980,-4444
0041,16:25,985,-4444
0041,16:30,990,-6222
0041,16:35,995,-6222
0041,16:40,1000,-6222
0041,16:45,1005,-6222
0041,16:50,1010,-7822
0041,16:55,1015,-7822
0041,17:00,1020,-7822
0041,17:05,1025,-8356
0041,17:10,1030,-8356
0041,17:15,1035,-8356
0041,17:20,1040,-8356
0041,17:25,1045,-8356
0041,17:30,1050,-9778
0041,17:35,1055,-9778
0041,17:40,1060,-9778
0041,17:45,1065,-9778
0041,17:50,1070,-11022
0041,17:55,1075,-11022
0041,18:00,1080,-11022
0041,18:05,1085,-11022
0041,18:10,1090,-11911
0041,18:15,1095,-11911
0041,18:20,1100,-11911
0041,18:25,1105,-12978
0041,18:30,1110,-12978
0041,18:35,1115,-12978
0041,18:40,1120,-12978
0041,18:45,1125,-12978
0041,18:50,1130,-13867
0041,18:55,1135,-13867
0041,19:00,1140,-13867
0041,19:05,1145,-13867
0041,19:10,1150,-14400
0041,19:15,1155,-14400
0041,19:20,1160,-14400
0041,19:25,1165,-14400
0041,19:30,1170,-14400
0041,19:35,1175,-14400
0041,19:40,1180,-14400
0041,19:45,1185,-14400
0041,19:50,1190,-14400
0041,19:55,1195,-14400
0041,20:00,1200,-14400
0041,20:05,1205,-14400
0041,20:10,1210,-14400
0041,20:15,1215,-14400
0041,20:20,1220,-14400
0041,20:25,1225,-14400
0041,20:30,1230,-14400
0041,20:35,1235,-14400
0041,20:40,1240,-14400
0041,20:45,1245,-14400
0041,20:50,1250,-14400
0041,20:55,1255,-14400
0041,21:00,1260,-14400
0041,21:05,1265,-14400
0041,21:10,1270,-14400
0041,21:15,1275,-14400
0041,21:20,1280,-14400
0041,21:25,1285,-14400
0041,21:30,1290,-14578
0041,21:35,1295,-14578
0041,21:40,1300,-14578
0041,21:45,1305,-15644
0041,21:50,1310,-15644
0041,21:55,1315,-15644
0041,22:00,1320,-15644
0041,22:05,1325,-17067
0041,22:10,1330,-17067
0041,22:15,1335,-17067
0041,22:20,1340,-17067
0041,22:25,1345,-17067
0041,22:30,1350,-17067
0041,22:35,1355,-17067
0041,22:40,1360,-17067
0041,22:45,1365,-17067
0041,22:50,1370,-17067
0041,22:55,1375,-17067
0041,23:00,1380,-17067
0041,23:05,1385,-17067
0041,23:10,1390,-17067
0041,23:15,1395,-17067
0041,23:16,1396,-17067
0041,23:20,1400,-17067
0042,09:00,540,0
0042,09:05,545,0
0042,09:10,550,0
0042,09:15,555,0
0042,09:20,560,0
0042,09:25,565,0
0042,09:30,570,0
0042,09:35,575,0
0042,09:40,580,0
0042,09:45,585,0
0042,09:50,590,0
0042,09:55,595,0
0042,10:00,600,0
0042,10:05,605,0
0042,10:10,610,0
0042,10:15,615,0
0042,10:20,620,0
0042,10:25,625,0
0042,10:30,630,0
0042,10:35,635,0
0042,10:40,640,0
0042,10:45,645,0
0042,10:50,650,0
0042,10:55,655,0
0042,11:00,660,0
0042,11:05,665,0
0042,11:10,670,-178
0042,11:15,675,-178
0042,11:20,680,-178
0042,11:25,685,-178
0042,11:30,690,-1600
0042,11:35,695,-1600
0042,11:40,700,-1600
0042,11:45,705,-2489
0042,11:50,710,-2489
0042,11:55,715,-2489
0042,12:00,720,-2489
0042,12:05,725,-3733
0042,12:10,730,-3733
0042,12:15,735,-3733
0042,12:20,740,-3733
0042,12:25,745,-3733
0042,12:30,750,-5511
0042,12:35,755,-5511
0042,12:40,760,-5511
0042,12:45,765,-5511
0042,12:50,770,-3200
0042,12:55,775,-3200
0042,13:00,780,-3200
0042,13:05,785,-4622
0042,13:10,790,-4622
0042,13:15,795,-4622
0042,13:20,800,-4622
0042,13:25,805,-6044
0042,13:30,810,-6044
0042,13:35,815,-6044
0042,13:40,820,-6044
0042,13:45,825,-6044
0042,13:50,830,-7467
0042,13:55,835,-7467
0042,14:00,840,-7467
0042,14:05,845,-7467
0042,14:10,850,-5511
0042,14:15,855,-5511
0042,14:20,860,-5511
0042,14:25,865,-5511
0042,14:30,870,2414
0042,14:35,875,2414
0042,14:40,880,2414
0042,14:45,885,7069
0042,14:50,890,7069
0042,14:55,895,7069
0042,15:00,900,7069
0042,15:05,905,7069
0042,15:10,910,6724
0042,15:15,915,6724
0042,15:20,920,6724
0042,15:25,925,6724
0042,15:30,930,8621
0042,15:35,935,8621
0042,15:40,940,8621
0042,15:45,945,7069
0042,15:50,950,7069
0042,15:55,955,7069
0042,16:00,960,7069
0042,16:05,965,7069
0042,16:10,970,10517
0042,16:15,975,10517
0042,16:20,980,10517
0042,16:25,985,10517
0042,16:30,990,8966
0042,16:35,995,8966
0042,16:40,1000,8966
0042,16:45,1005,8966
0042,16:50,1010,7241
0042,16:55,1015,7241
0042,17:00,1020,7241
0042,17:05,1025,7931
0042,17:10,1030,7931
0042,17:15,1035,7931
0042,17:20,1040,7931
0042,17:25,1045,7931
0042,17:30,1050,6379
0042,17:35,1055,6379
0042,17:40,1060,6379
0042,17:45,1065,6379
0042,17:50,1070,4828
0042,17:55,1075,4828
0042,18:00,1080,4828
0042,18:05,1085,4828
0042,18:10,1090,3621
0042,18:15,1095,3621
0042,18:20,1100,3621
0042,18:25,1105,3621
0042,18:30,1110,3621
0042,18:35,1115,3621
0042,18:40,1120,3621
0042,18:45,1125,3621
0042,18:50,1130,2931
0042,18:55,1135,2931
0042,19:00,1140,2931
0042,19:05,1145,2931
0042,19:10,1150,2931
0042,19:15,1155,2931
0042,19:20,1160,2931
0042,19:25,1165,2931
0042,19:30,1170,2931
0042,19:35,1175,2931
0042,19:40,1180,2931
0042,19:45,1185,2931
0042,19:50,1190,2931
0042,19:55,1195,2931
0042,20:00,1200,2931
0042,20:05,1205,2931
0042,20:10,1210,6724
0042,20:15,1215,6724
0042,20:20,1220,6724
0042,20:25,1225,6724
0042,20:30,1230,9310
0042,20:35,1235,9310
0042,20:40,1240,9310
0042,20:45,1245,9310
0042,20:50,1250,9310
0042,20:55,1255,9310
0042,21:00,1260,9310
0042,21:05,1265,9310
0042,21:10,1270,9310
0042,21:15,1275,9310
0042,21:20,1280,9310
0042,21:25,1285,9310
0042,21:30,1290,9310
0042,21:35,1295,9310
0042,21:40,1300,9310
0042,21:45,1305,9310
0042,21:50,1310,9310
0042,21:55,1315,9310
0042,22:00,1320,9310
0042,22:05,1325,9310
0042,22:10,1330,9310
0042,22:15,1335,9310
0042,22:20,1340,9310
0042,22:25,1345,9310
0042,22:30,1350,8793
0042,22:35,1355,8793
0042,22:40,1360,8793
0042,22:45,1365,8793
0042,22:50,1370,8793
0042,22:55,1375,8793
0042,23:00,1380,8793
0042,23:05,1385,8793
0042,23:10,1390,8793
0042,23:15,1395,8793
0042,23:16,1396,8793
0042,23:20,1400,8793
0043,09:00,540,0
0043,09:05,545,0
0043,09:10,550,0
0043,09:15,555,0
0043,09:20,560,0
0043,09:25,565,0
0043,09:30,570,0
0043,09:35,575,0
0043,09:40,580,0
0043,09:45,585,0
0043,09:50,590,0
0043,09:55,595,0
0043,10:00,600,0
0043,10:05,605,0
0043,10:10,610,0
0043,10:15,615,0
0043,10:20,620,0
0043,10:25,625,-533
0043,10:30,630,-533
0043,10:35,635,-533
0043,10:40,640,-1600
0043,10:45,645,-1600
0043,10:50,650,-1600
0043,10:55,655,-1600
0043,11:00,660,-889
0043,11:05,665,-889
0043,11:10,670,-1422
0043,11:15,675,-1422
0043,11:20,680,-1422
0043,11:25,685,-1422
0043,11:30,690,-3200
0043,11:35,695,-3200
0043,11:40,700,-3200
0043,11:45,705,-4800
0043,11:50,710,-4800
0043,11:55,715,-4800
0043,12:00,720,-4800
0043,12:05,725,-2133
0043,12:10,730,-2133
0043,12:15,735,-2133
0043,12:20,740,-2133
0043,12:25,745,-2133
0043,12:30,750,-711
0043,12:35,755,-711
0043,12:40,760,-711
0043,12:45,765,-711
0043,12:50,770,-2311
0043,12:55,775,-2311
0043,13:00,780,-2311
0043,13:05,785,-3556
0043,13:10,790,-3556
0043,13:15,795,-3556
0043,13:20,800,-3556
0043,13:25,805,-5333
0043,13:30,810,-5333
0043,13:35,815,-5333
0043,13:40,820,-5333
0043,13:45,825,-5333
0043,13:50,830,-4978
0043,13:55,835,-4978
0043,14:00,840,-4978
0043,14:05,845,-4978
0043,14:10,850,-6400
0043,14:15,855,-6400
0043,14:20,860,-6400
0043,14:25,865,-6400
0043,14:30,870,-7822
0043,14:35,875,-7822
0043,14:40,880,-7822
0043,14:45,885,-9067
0043,14:50,890,-9067
0043,14:55,895,-9067
0043,15:00,900,-9067
0043,15:05,905,-9067
0043,15:10,910,-9600
0043,15:15,915,-9600
0043,15:20,920,-9600
0043,15:25,925,-9600
0043,15:30,930,-10133
0043,15:35,935,-10133
0043,15:40,940,-10133
0043,15:45,945,-3200
0043,15:50,950,-3200
0043,15:55,955,-3200
0043,16:00,960,-3200
0043,16:05,965,-3200
0043,16:10,970,-2133
0043,16:15,975,-2133
0043,16:20,980,-2133
0043,16:25,985,-2133
0043,16:30,990,-4089
0043,16:35,995,-4089
0043,16:40,1000,-4089
0043,16:45,1005,-4089
0043,16:50,1010,-5689
0043,16:55,1015,-5689
0043,17:00,1020,-5689
0043,17:05,1025,-6933
0043,17:10,1030,-6933
0043,17:15,1035,-6933
0043,17:20,1040,-6933
0043,17:25,1045,-6933
0043,17:30,1050,-8533
0043,17:35,1055,-8533
0043,17:40,1060,-8533
0043,17:45,1065,-8533
0043,17:50,1070,-6400
0043,17:55,1075,-6400
0043,18:00,1080,-6400
0043,18:05,1085,-6400
0043,18:10,1090,-2311
0043,18:15,1095,-2311
0043,18:20,1100,-2311
0043,18:25,1105,1207
0043,18:30,1110,1207
0043,18:35,1115,1207
0043,18:40,1120,1207
0043,18:45,1125,1207
0043,18:50,1130,345
0043,18:55,1135,345
0043,19:00,1140,345
0043,19:05,1145,345
0043,19:10,1150,0
0043,19:15,1155,0
0043,19:20,1160,0
0043,19:25,1165,0
0043,19:30,1170,0
0043,19:35,1175,0
0043,19:40,1180,0
0043,19:45,1185,0
0043,19:50,1190,0
0043,19:55,1195,0
0043,20:00,1200,0
0043,20:05,1205,0
0043,20:10,1210,0
0043,20:15,1215,0
0043,20:20,1220,0
0043,20:25,1225,0
0043,20:30,1230,-178
0043,20:35,1235,-178
0043,20:40,1240,-178
0043,20:45,1245,-356
0043,20:50,1250,-356
0043,20:55,1255,-356
0043,21:00,1260,-356
0043,21:05,1265,-356
0043,21:10,1270,-356
0043,21:15,1275,-356
0043,21:20,1280,-356
0043,21:25,1285,-356
0043,21:30,1290,-356
0043,21:35,1295,-356
0043,21:40,1300,-356
0043,21:45,1305,-356
0043,21:50,1310,-356
0043,21:55,1315,-356
0043,22:00,1320,-356
0043,22:05,1325,-356
0043,22:10,1330,-356
0043,22:15,1335,-356
0043,22:20,1340,-356
0043,22:25,1345,-356
0043,22:30,1350,-356
0043,22:35,1355,-356
0043,22:40,1360,-356
0043,22:45,1365,-356
0043,22:50,1370,-356
0043,22:55,1375,-356
0043,23:00,1380,-356
0043,23:05,1385,-356
0043,23:10,1390,-356
0043,23:15,1395,-356
0043,23:16,1396,-356
0043,23:20,1400,-356
0044,09:00,540,0
0044,09:05,545,0
0044,09:10,550,0
0044,09:15,555,0
0044,09:20,560,0
0044,09:25,565,0
0044,09:30,570,0
0044,09:35,575,0
0044,09:40,580,0
0044,09:45,585,0
0044,09:50,590,0
0044,09:55,595,0
0044,10:00,600,0
0044,10:05,605,0
0044,10:10,610,0
0044,10:15,615,0
0044,10:20,620,0
0044,10:25,625,0
0044,10:30,630,0
0044,10:35,635,0
0044,10:40,640,0
0044,10:45,645,0
0044,10:50,650,0
0044,10:55,655,0
0044,11:00,660,0
0044,11:05,665,0
0044,11:10,670,-356
0044,11:15,675,-356
0044,11:20,680,-356
0044,11:25,685,-356
0044,11:30,690,0
0044,11:35,695,0
0044,11:40,700,0
0044,11:45,705,862
0044,11:50,710,862
0044,11:55,715,862
0044,12:00,720,862
0044,12:05,725,172
0044,12:10,730,172
0044,12:15,735,172
0044,12:20,740,172
0044,12:25,745,172
0044,12:30,750,517
0044,12:35,755,517
0044,12:40,760,517
0044,12:45,765,517
0044,12:50,770,-889
0044,12:55,775,-889
0044,13:00,780,-889
0044,13:05,785,-2133
0044,13:10,790,-2133
0044,13:15,795,-2133
0044,13:20,800,-2133
0044,13:25,805,-2311
0044,13:30,810,-2311
0044,13:35,815,-2311
0044,13:40,820,-2311
0044,13:45,825,-2311
0044,13:50,830,-2311
0044,13:55,835,-2311
0044,14:00,840,-2311
0044,14:05,845,-2311
0044,14:10,850,-3556
0044,14:15,855,-3556
0044,14:20,860,-3556
0044,14:25,865,-3556
0044,14:30,870,-3378
0044,14:35,875,-3378
0044,14:40,880,-3378
0044,14:45,885,-4800
0044,14:50,890,-4800
0044,14:55,895,-4800
0044,15:00,900,-4800
0044,15:05,905,-4800
0044,15:10,910,-5511
0044,15:15,915,-5511
0044,15:20,920,-5511
0044,15:25,925,-5511
0044,15:30,930,-5511
0044,15:35,935,-5511
0044,15:40,940,-5511
0044,15:45,945,0
0044,15:50,950,0
0044,15:55,955,0
0044,16:00,960,0
0044,16:05,965,0
0044,16:10,970,-1244
0044,16:15,975,-1244
0044,16:20,980,-1244
0044,16:25,985,-1244
0044,16:30,990,690
0044,16:35,995,690
0044,16:40,1000,690
0044,16:45,1005,690
0044,16:50,1010,2931
0044,16:55,1015,2931
0044,17:00,1020,2931
0044,17:05,1025,7414
0044,17:10,1030,7414
0044,17:15,1035,7414
0044,17:20,1040,7414
0044,17:25,1045,7414
0044,17:30,1050,6034
0044,17:35,1055,6034
0044,17:40,1060,6034
0044,17:45,1065,6034
0044,17:50,1070,5345
0044,17:55,1075,5345
0044,18:00,1080,5345
0044,18:05,1085,5345
0044,18:10,1090,5345
0044,18:15,1095,5345
0044,18:20,1100,5345
0044,18:25,1105,5345
0044,18:30,1110,5345
0044,18:35,1115,5345
0044,18:40,1120,5345
0044,18:45,1125,5345
0044,18:50,1130,5345
0044,18:55,1135,5345
0044,19:00,1140,5345
0044,19:05,1145,5345
0044,19:10,1150,4483
0044,19:15,1155,4483
0044,19:20,1160,4483
0044,19:25,1165,7931
0044,19:30,1170,7931
0044,19:35,1175,7931
0044,19:40,1180,7931
0044,19:45,1185,11897
0044,19:50,1190,11897
0044,19:55,1195,11897
0044,20:00,1200,11897
0044,20:05,1205,11897
0044,20:10,1210,11724
0044,20:15,1215,11724
0044,20:20,1220,11724
0044,20:25,1225,11724
0044,20:30,1230,11552
0044,20:35,1235,11552
0044,20:40,1240,11552
0044,20:45,1245,11552
0044,20:50,1250,11552
0044,20:55,1255,11552
0044,21:00,1260,11552
0044,21:05,1265,11552
0044,21:10,1270,11552
0044,21:15,1275,11552
0044,21:20,1280,11552
0044,21:25,1285,11552
0044,21:30,1290,11552
0044,21:35,1295,11552
0044,21:40,1300,11552
0044,21:45,1305,11552
0044,21:50,1310,11552
0044,21:55,1315,11552
0044,22:00,1320,11552
0044,22:05,1325,11552
0044,22:10,1330,11552
0044,22:15,1335,11552
0044,22:20,1340,11552
0044,22:25,1345,11552
0044,22:30,1350,11552
0044,22:35,1355,11552
0044,22:40,1360,11552
0044,22:45,1365,11552
0044,22:50,1370,11552
0044,22:55,1375,11552
0044,23:00,1380,11552
0044,23:05,1385,11552
0044,23:10,1390,11552
0044,23:15,1395,11552
0044,23:16,1396,11552
0044,23:20,1400,11552
0045,09:00,540,0
0045,09:05,545,0
0045,09:10,550,0
0045,09:15,555,0
0045,09:20,560,0
0045,09:25,565,0
0045,09:30,570,0
0045,09:35,575,0
0045,09:40,580,0
0045,09:45,585,0
0045,09:50,590,0
0045,09:55,595,0
0045,10:00,600,0
0045,10:05,605,0
0045,10:10,610,0
0045,10:15,615,0
0045,10:20,620,0
0045,10:25,625,0
0045,10:30,630,0
0045,10:35,635,0
0045,10:40,640,0
0045,10:45,645,0
0045,10:50,650,0
0045,10:55,655,0
0045,11:00,660,0
0045,11:05,665,0
0045,11:10,670,0
0045,11:15,675,0
0045,11:20,680,0
0045,11:25,685,0
0045,11:30,690,-178
0045,11:35,695,-178
0045,11:40,700,-178
0045,11:45,705,-178
0045,11:50,710,-178
0045,11:55,715,-178
0045,12:00,720,-178
0045,12:05,725,-178
0045,12:10,730,-178
0045,12:15,735,-178
0045,12:20,740,-178
0045,12:25,745,-178
0045,12:30,750,-889
0045,12:35,755,-889
0045,12:40,760,-889
0045,12:45,765,-889
0045,12:50,770,-1422
0045,12:55,775,-1422
0045,13:00,780,-1422
0045,13:05,785,-2222
0045,13:10,790,-2222
0045,13:15,795,-2222
0045,13:20,800,-2222
0045,13:25,805,-2311
0045,13:30,810,-2311
0045,13:35,815,-2311
0045,13:40,820,-2311
0045,13:45,825,-2311
0045,13:50,830,-2400
0045,13:55,835,-2400
0045,14:00,840,-2400
0045,14:05,845,-2400
0045,14:10,850,-2400
0045,14:15,855,-2400
0045,14:20,860,-2400
0045,14:25,865,-2400
0045,14:30,870,-2844
0045,14:35,875,-2844
0045,14:40,880,-2844
0045,14:45,885,-3111
0045,14:50,890,-3111
0045,14:55,895,-3111
0045,15:00,900,-3111
0045,15:05,905,-3111
0045,15:10,910,-711
0045,15:15,915,-711
0045,15:20,920,-711
0045,15:25,925,-711
0045,15:30,930,-2222
0045,15:35,935,-2222
0045,15:40,940,-2222
0045,15:45,945,-3644
0045,15:50,950,-3644
0045,15:55,955,-3644
0045,16:00,960,-3644
0045,16:05,965,-3644
0045,16:10,970,-4356
0045,16:15,975,-4356
0045,16:20,980,-4356
0045,16:25,985,-4356
0045,16:30,990,-5956
0045,16:35,995,-5956
0045,16:40,1000,-5956
0045,16:45,1005,-5956
0045,16:50,1010,-6933
0045,16:55,1015,-6933
0045,17:00,1020,-6933
0045,17:05,1025,-7200
0045,17:10,1030,-7200
0045,17:15,1035,-7200
0045,17:20,1040,-7200
0045,17:25,1045,-7200
0045,17:30,1050,-8444
0045,17:35,1055,-8444
0045,17:40,1060,-8444
0045,17:45,1065,-8444
0045,17:50,1070,-4533
0045,17:55,1075,-4533
0045,18:00,1080,-4533
0045,18:05,1085,-4533
0045,18:10,1090,517
0045,18:15,1095,517
0045,18:20,1100,517
0045,18:25,1105,-1156
0045,18:30,1110,-1156
0045,18:35,1115,-1156
0045,18:40,1120,-1156
0045,18:45,1125,-1156
0045,18:50,1130,-1956
0045,18:55,1135,-1956
0045,19:00,1140,-1956
0045,19:05,1145,-1956
0045,19:10,1150,-2044
0045,19:15,1155,-2044
0045,19:20,1160,-2044
0045,19:25,1165,-2044
0045,19:30,1170,-2044
0045,19:35,1175,-2044
0045,19:40,1180,-2044
0045,19:45,1185,-2044
0045,19:50,1190,-2044
0045,19:55,1195,-2044
0045,20:00,1200,-2044
0045,20:05,1205,-2044
0045,20:10,1210,-2044
0045,20:15,1215,-2044
0045,20:20,1220,-2044
0045,20:25,1225,-2044
0045,20:30,1230,-2044
0045,20:35,1235,-2044
0045,20:40,1240,-2044
0045,20:45,1245,-2044
0045,20:50,1250,-2044
0045,20:55,1255,-2044
0045,21:00,1260,-2044
0045,21:05,1265,-2044
0045,21:10,1270,-2044
0045,21:15,1275,-2044
0045,21:20,1280,-2044
0045,21:25,1285,-2044
0045,21:30,1290,-2044
0045,21:35,1295,-2044
0045,21:40,1300,-2044
0045,21:45,1305,-2044
0045,21:50,1310,-2044
0045,21:55,1315,-2044
0045,22:00,1320,-2044
0045,22:05,1325,-2044
0045,22:10,1330,-2044
0045,22:15,1335,-2044
0045,22:20,1340,-2044
0045,22:25,1345,-2044
0045,22:30,1350,-2044
0045,22:35,1355,-2044
0045,22:40,1360,-2044
0045,22:45,1365,-2044
0045,22:50,1370,-2044
0045,22:55,1375,-2044
0045,23:00,1380,-2044
0045,23:05,1385,-2044
0045,23:10,1390,-2044
0045,23:15,1395,-2044
0045,23:16,1396,-2044
0045,23:20,1400,-2044
0046,09:00,540,0
0046,09:05,545,0
0046,09:10,550,0
0046,09:15,555,0
0046,09:20,560,0
0046,09:25,565,0
0046,09:30,570,0
0046,09:35,575,0
0046,09:40,580,0
0046,09:45,585,0
0046,09:50,590,0
0046,09:55,595,0
0046,10:00,600,0
0046,10:05,605,0
0046,10:10,610,0
0046,10:15,615,0
0046,10:20,620,0
0046,10:25,625,0
0046,10:30,630,0
0046,10:35,635,0
0046,10:40,640,0
0046,10:45,645,0
0046,10:50,650,0
0046,10:55,655,0
0046,11:00,660,-356
0046,11:05,665,-356
0046,11:10,670,-356
0046,11:15,675,-356
0046,11:20,680,-356
0046,11:25,685,-356
0046,11:30,690,-356
0046,11:35,695,-356
0046,11:40,700,-356
0046,11:45,705,-622
0046,11:50,710,-622
0046,11:55,715,-622
0046,12:00,720,-622
0046,12:05,725,-2044
0046,12:10,730,-2044
0046,12:15,735,-2044
0046,12:20,740,-2044
0046,12:25,745,-2044
0046,12:30,750,-267
0046,12:35,755,-267
0046,12:40,760,-267
0046,12:45,765,-267
0046,12:50,770,1983
0046,12:55,775,1983
0046,13:00,780,1983
0046,13:05,785,1552
0046,13:10,790,1552
0046,13:15,795,1552
0046,13:20,800,1552
0046,13:25,805,3707
0046,13:30,810,3707
0046,13:35,815,3707
0046,13:40,820,3707
0046,13:45,825,3707
0046,13:50,830,2672
0046,13:55,835,2672
0046,14:00,840,2672
0046,14:05,845,2672
0046,14:10,850,1379
0046,14:15,855,1379
0046,14:20,860,1379
0046,14:25,865,1379
0046,14:30,870,517
0046,14:35,875,517
0046,14:40,880,517
0046,14:45,885,517
0046,14:50,890,517
0046,14:55,895,517
0046,15:00,900,517
0046,15:05,905,517
0046,15:10,910,6552
0046,15:15,915,6552
0046,15:20,920,6552
0046,15:25,925,6552
0046,15:30,930,8190
0046,15:35,935,8190
0046,15:40,940,8190
0046,15:45,945,6810
0046,15:50,950,6810
0046,15:55,955,6810
0046,16:00,960,6810
0046,16:05,965,6810
0046,16:10,970,7672
0046,16:15,975,7672
0046,16:20,980,7672
0046,16:25,985,7672
0046,16:30,990,6207
0046,16:35,995,6207
0046,16:40,1000,6207
0046,16:45,1005,6207
0046,16:50,1010,5000
0046,16:55,1015,5000
0046,17:00,1020,5000
0046,17:05,1025,4310
0046,17:10,1030,4310
0046,17:15,1035,4310
0046,17:20,1040,4310
0046,17:25,1045,4310
0046,17:30,1050,2931
0046,17:35,1055,2931
0046,17:40,1060,2931
0046,17:45,1065,2931
0046,17:50,1070,2414
0046,17:55,1075,2414
0046,18:00,1080,2414
0046,18:05,1085,2414
0046,18:10,1090,1983
0046,18:15,1095,1983
0046,18:20,1100,1983
0046,18:25,1105,431
0046,18:30,1110,431
0046,18:35,1115,431
0046,18:40,1120,431
0046,18:45,1125,431
0046,18:50,1130,259
0046,18:55,1135,259
0046,19:00,1140,259
0046,19:05,1145,259
0046,19:10,1150,-89
0046,19:15,1155,-89
0046,19:20,1160,-89
0046,19:25,1165,-89
0046,19:30,1170,-89
0046,19:35,1175,-89
0046,19:40,1180,-89
0046,19:45,1185,-89
0046,19:50,1190,-89
0046,19:55,1195,-89
0046,20:00,1200,-89
0046,20:05,1205,-89
0046,20:10,1210,-89
0046,20:15,1215,-89
0046,20:20,1220,-89
0046,20:25,1225,-89
0046,20:30,1230,-89
0046,20:35,1235,-89
0046,20:40,1240,-89
0046,20:45,1245,-89
0046,20:50,1250,-89
0046,20:55,1255,-89
0046,21:00,1260,-89
0046,21:05,1265,-89
0046,21:10,1270,-89
0046,21:15,1275,-89
0046,21:20,1280,-89
0046,21:25,1285,-89
0046,21:30,1290,-89
0046,21:35,1295,-89
0046,21:40,1300,-89
0046,21:45,1305,-89
0046,21:50,1310,-89
0046,21:55,1315,-89
0046,22:00,1320,-89
0046,22:05,1325,-89
0046,22:10,1330,-89
0046,22:15,1335,-89
0046,22:20,1340,-89
0046,22:25,1345,-89
0046,22:30,1350,-89
0046,22:35,1355,-89
0046,22:40,1360,-89
0046,22:45,1365,-89
0046,22:50,1370,-89
0046,22:55,1375,-89
0046,23:00,1380,-89
0046,23:05,1385,-89
0046,23:10,1390,-89
0046,23:15,1395,-89
0046,23:16,1396,-89
0046,23:20,1400,-89
0047,09:00,540,0
0047,09:05,545,0
0047,09:10,550,0
0047,09:15,555,0
0047,09:20,560,0
0047,09:25,565,0
0047,09:30,570,0
0047,09:35,575,0
0047,09:40,580,0
0047,09:45,585,0
0047,09:50,590,0
0047,09:55,595,0
0047,10:00,600,0
0047,10:05,605,0
0047,10:10,610,0
0047,10:15,615,0
0047,10:20,620,0
0047,10:25,625,0
0047,10:30,630,0
0047,10:35,635,0
0047,10:40,640,0
0047,10:45,645,0
0047,10:50,650,0
0047,10:55,655,0
0047,11:00,660,0
0047,11:05,665,0
0047,11:10,670,-356
0047,11:15,675,-356
0047,11:20,680,-356
0047,11:25,685,-356
0047,11:30,690,-1778
0047,11:35,695,-1778
0047,11:40,700,-1778
0047,11:45,705,-3200
0047,11:50,710,-3200
0047,11:55,715,-3200
0047,12:00,720,-3200
0047,12:05,725,-4267
0047,12:10,730,-4267
0047,12:15,735,-4267
0047,12:20,740,-4267
0047,12:25,745,-4267
0047,12:30,750,-4978
0047,12:35,755,-4978
0047,12:40,760,-4978
0047,12:45,765,-4978
0047,12:50,770,-5156
0047,12:55,775,-5156
0047,13:00,780,-5156
0047,13:05,785,-6578
0047,13:10,790,-6578
0047,13:15,795,-6578
0047,13:20,800,-6578
0047,13:25,805,-7467
0047,13:30,810,-7467
0047,13:35,815,-7467
0047,13:40,820,-7467
0047,13:45,825,-7467
0047,13:50,830,-7644
0047,13:55,835,-7644
0047,14:00,840,-7644
0047,14:05,845,-7644
0047,14:10,850,-7644
0047,14:15,855,-7644
0047,14:20,860,-7644
0047,14:25,865,-7644
0047,14:30,870,-8711
0047,14:35,875,-8711
0047,14:40,880,-8711
0047,14:45,885,-9600
0047,14:50,890,-9600
0047,14:55,895,-9600
0047,15:00,900,-9600
0047,15:05,905,-9600
0047,15:10,910,-10667
0047,15:15,915,-10667
0047,15:20,920,-10667
0047,15:25,925,-10667
0047,15:30,930,-9956
0047,15:35,935,-9956
0047,15:40,940,-9956
0047,15:45,945,-8711
0047,15:50,950,-8711
0047,15:55,955,-8711
0047,16:00,960,-8711
0047,16:05,965,-8711
0047,16:10,970,-6222
0047,16:15,975,-6222
0047,16:20,980,-6222
0047,16:25,985,-6222
0047,16:30,990,-711
0047,16:35,995,-711
0047,16:40,1000,-711
0047,16:45,1005,-711
0047,16:50,1010,-1600
0047,16:55,1015,-1600
0047,17:00,1020,-1600
0047,17:05,1025,-1600
0047,17:10,1030,-1600
0047,17:15,1035,-1600
0047,17:20,1040,-1600
0047,17:25,1045,-1600
0047,17:30,1050,-3378
0047,17:35,1055,-3378
0047,17:40,1060,-3378
0047,17:45,1065,-3378
0047,17:50,1070,-3378
0047,17:55,1075,-3378
0047,18:00,1080,-3378
0047,18:05,1085,-3378
0047,18:10,1090,-3378
0047,18:15,1095,-3378
0047,18:20,1100,-3378
0047,18:25,1105,-3733
0047,18:30,1110,-3733
0047,18:35,1115,-3733
0047,18:40,1120,-3733
0047,18:45,1125,-3733
0047,18:50,1130,-3733
0047,18:55,1135,-3733
0047,19:00,1140,-3733
0047,19:05,1145,-3733
0047,19:10,1150,-3733
0047,19:15,1155,-3733
0047,19:20,1160,-3733
0047,19:25,1165,-3733
0047,19:30,1170,-3733
0047,19:35,1175,-3733
0047,19:40,1180,-3733
0047,19:45,1185,-3733
0047,19:50,1190,-3733
0047,19:55,1195,-3733
0047,20:00,1200,-3733
0047,20:05,1205,-3733
0047,20:10,1210,-4267
0047,20:15,1215,-4267
0047,20:20,1220,-4267
0047,20:25,1225,-4267
0047,20:30,1230,-4622
0047,20:35,1235,-4622
0047,20:40,1240,-4622
0047,20:45,1245,-4622
0047,20:50,1250,-4622
0047,20:55,1255,-4622
0047,21:00,1260,-4622
0047,21:05,1265,-4622
0047,21:10,1270,-4622
0047,21:15,1275,-4622
0047,21:20,1280,-4622
0047,21:25,1285,-4622
0047,21:30,1290,-4622
0047,21:35,1295,-4622
0047,21:40,1300,-4622
0047,21:45,1305,-4622
0047,21:50,1310,-4622
0047,21:55,1315,-4622
0047,22:00,1320,-4622
0047,22:05,1325,-4622
0047,22:10,1330,-4622
0047,22:15,1335,-4622
0047,22:20,1340,-4622
0047,22:25,1345,-4622
0047,22:30,1350,-4622
0047,22:35,1355,-4622
0047,22:40,1360,-4622
0047,22:45,1365,-4622
0047,22:50,1370,-4622
0047,22:55,1375,-4622
0047,23:00,1380,-4622
0047,23:05,1385,-4622
0047,23:10,1390,-4622
0047,23:15,1395,-4622
0047,23:16,1396,-4622
0047,23:20,1400,-4622
0048,09:00,540,0
0048,09:05,545,0
0048,09:10,550,0
0048,09:15,555,0
0048,09:20,560,0
0048,09:25,565,0
0048,09:30,570,0
0048,09:35,575,0
0048,09:40,580,0
0048,09:45,585,0
0048,09:50,590,0
0048,09:55,595,0
0048,10:00,600,0
0048,10:05,605,0
0048,10:10,610,0
0048,10:15,615,0
0048,10:20,620,0
0048,10:25,625,-511
0048,10:30,630,-511
0048,10:35,635,-511
0048,10:40,640,-1787
0048,10:45,645,-1787
0048,10:50,650,-1787
0048,10:55,655,-1787
0048,11:00,660,-1021
0048,11:05,665,-1021
0048,11:10,670,-1787
0048,11:15,675,-1787
0048,11:20,680,-1787
0048,11:25,685,-1787
0048,11:30,690,-2298
0048,11:35,695,-2298
0048,11:40,700,-2298
0048,11:45,705,-2298
0048,11:50,710,-2298
0048,11:55,715,-2298
0048,12:00,720,-2298
0048,12:05,725,-2809
0048,12:10,730,-2809
0048,12:15,735,-2809
0048,12:20,740,-2809
0048,12:25,745,-2809
0048,12:30,750,-4085
0048,12:35,755,-4085
0048,12:40,760,-4085
0048,12:45,765,-4085
0048,12:50,770,-5362
0048,12:55,775,-5362
0048,13:00,780,-5362
0048,13:05,785,-6638
0048,13:10,790,-6638
0048,13:15,795,-6638
0048,13:20,800,-6638
0048,13:25,805,-8170
0048,13:30,810,-8170
0048,13:35,815,-8170
0048,13:40,820,-8170
0048,13:45,825,-8170
0048,13:50,830,-9191
0048,13:55,835,-9191
0048,14:00,840,-9191
0048,14:05,845,-9191
0048,14:10,850,-10468
0048,14:15,855,-10468
0048,14:20,860,-10468
0048,14:25,865,-10468
0048,14:30,870,-12000
0048,14:35,875,-12000
0048,14:40,880,-12000
0048,14:45,885,-13021
0048,14:50,890,-13021
0048,14:55,895,-13021
0048,15:00,900,-13021
0048,15:05,905,-13021
0048,15:10,910,-12511
0048,15:15,915,-12511
0048,15:20,920,-12511
0048,15:25,925,-12511
0048,15:30,930,-12000
0048,15:35,935,-12000
0048,15:40,940,-12000
0048,15:45,945,-11489
0048,15:50,950,-11489
0048,15:55,955,-11489
0048,16:00,960,-11489
0048,16:05,965,-11489
0048,16:10,970,-12511
0048,16:15,975,-12511
0048,16:20,980,-12511
0048,16:25,985,-12511
0048,16:30,990,-14043
0048,16:35,995,-14043
0048,16:40,1000,-14043
0048,16:45,1005,-14043
0048,16:50,1010,-15319
0048,16:55,1015,-15319
0048,17:00,1020,-15319
0048,17:05,1025,-16085
0048,17:10,1030,-16085
0048,17:15,1035,-16085
0048,17:20,1040,-16085
0048,17:25,1045,-16085
0048,17:30,1050,-17362
0048,17:35,1055,-17362
0048,17:40,1060,-17362
0048,17:45,1065,-17362
0048,17:50,1070,-19149
0048,17:55,1075,-19149
0048,18:00,1080,-19149
0048,18:05,1085,-19149
0048,18:10,1090,-19915
0048,18:15,1095,-19915
0048,18:20,1100,-19915
0048,18:25,1105,-20426
0048,18:30,1110,-20426
0048,18:35,1115,-20426
0048,18:40,1120,-20426
0048,18:45,1125,-20426
0048,18:50,1130,-21191
0048,18:55,1135,-21191
0048,19:00,1140,-21191
0048,19:05,1145,-21191
0048,19:10,1150,-21191
0048,19:15,1155,-21191
0048,19:20,1160,-21191
0048,19:25,1165,-21191
0048,19:30,1170,-21191
0048,19:35,1175,-21191
0048,19:40,1180,-21191
0048,19:45,1185,-21191
0048,19:50,1190,-21191
0048,19:55,1195,-21191
0048,20:00,1200,-21191
0048,20:05,1205,-21191
0048,20:10,1210,-21191
0048,20:15,1215,-21191
0048,20:20,1220,-21191
0048,20:25,1225,-21191
0048,20:30,1230,-21191
0048,20:35,1235,-21191
0048,20:40,1240,-21191
0048,20:45,1245,-21191
0048,20:50,1250,-21191
0048,20:55,1255,-21191
0048,21:00,1260,-21191
0048,21:05,1265,-21191
0048,21:10,1270,-21191
0048,21:15,1275,-21191
0048,21:20,1280,-21191
0048,21:25,1285,-21191
0048,21:30,1290,-21191
0048,21:35,1295,-21191
0048,21:40,1300,-21191
0048,21:45,1305,-21191
0048,21:50,1310,-21191
0048,21:55,1315,-21191
0048,22:00,1320,-21191
0048,22:05,1325,-21191
0048,22:10,1330,-21191
0048,22:15,1335,-21191
0048,22:20,1340,-21191
0048,22:25,1345,-21191
0048,22:30,1350,-21191
0048,22:35,1355,-21191
0048,22:40,1360,-21191
0048,22:45,1365,-21191
0048,22:50,1370,-21191
0048,22:55,1375,-21191
0048,23:00,1380,-21191
0048,23:05,1385,-21191
0048,23:10,1390,-21191
0048,23:15,1395,-21191
0048,23:16,1396,-21191
0048,23:20,1400,-21191
0049,09:00,540,0
0049,09:05,545,0
0049,09:10,550,0
0049,09:15,555,0
0049,09:20,560,0
0049,09:25,565,0
0049,09:30,570,0
0049,09:35,575,0
0049,09:40,580,0
0049,09:45,585,0
0049,09:50,590,0
0049,09:55,595,0
0049,10:00,600,0
0049,10:05,605,0
0049,10:10,610,0
0049,10:15,615,0
0049,10:20,620,0
0049,10:25,625,0
0049,10:30,630,0
0049,10:35,635,0
0049,10:40,640,0
0049,10:45,645,0
0049,10:50,650,0
0049,10:55,655,0
0049,11:00,660,0
0049,11:05,665,0
0049,11:10,670,0
0049,11:15,675,0
0049,11:20,680,0
0049,11:25,685,0
0049,11:30,690,0
0049,11:35,695,0
0049,11:40,700,0
0049,11:45,705,0
0049,11:50,710,0
0049,11:55,715,0
0049,12:00,720,0
0049,12:05,725,0
0049,12:10,730,0
0049,12:15,735,0
0049,12:20,740,0
0049,12:25,745,0
0049,12:30,750,-889
0049,12:35,755,-889
0049,12:40,760,-889
0049,12:45,765,-889
0049,12:50,770,-2133
0049,12:55,775,-2133
0049,13:00,780,-2133
0049,13:05,785,-3556
0049,13:10,790,-3556
0049,13:15,795,-3556
0049,13:20,800,-3556
0049,13:25,805,-5156
0049,13:30,810,-5156
0049,13:35,815,-5156
0049,13:40,820,-5156
0049,13:45,825,-5156
0049,13:50,830,-5156
0049,13:55,835,-5156
0049,14:00,840,-5156
0049,14:05,845,-5156
0049,14:10,850,-5689
0049,14:15,855,-5689
0049,14:20,860,-5689
0049,14:25,865,-5689
0049,14:30,870,-7111
0049,14:35,875,-7111
0049,14:40,880,-7111
0049,14:45,885,-7289
0049,14:50,890,-7289
0049,14:55,895,-7289
0049,15:00,900,-7289
0049,15:05,905,-7289
0049,15:10,910,-8711
0049,15:15,915,-8711
0049,15:20,920,-8711
0049,15:25,925,-8711
0049,15:30,930,-10489
0049,15:35,935,-10489
0049,15:40,940,-10489
0049,15:45,945,-10311
0049,15:50,950,-10311
0049,15:55,955,-10311
0049,16:00,960,-10311
0049,16:05,965,-10311
0049,16:10,970,-8000
0049,16:15,975,-8000
0049,16:20,980,-8000
0049,16:25,985,-8000
0049,16:30,990,-6400
0049,16:35,995,-6400
0049,16:40,1000,-6400
0049,16:45,1005,-6400
0049,16:50,1010,-4089
0049,16:55,1015,-4089
0049,17:00,1020,-4089
0049,17:05,1025,-5333
0049,17:10,1030,-5333
0049,17:15,1035,-5333
0049,17:20,1040,-5333
0049,17:25,1045,-5333
0049,17:30,1050,-7111
0049,17:35,1055,-7111
0049,17:40,1060,-7111
0049,17:45,1065,-7111
0049,17:50,1070,-6578
0049,17:55,1075,-6578
0049,18:00,1080,-6578
0049,18:05,1085,-6578
0049,18:10,1090,-7822
0049,18:15,1095,-7822
0049,18:20,1100,-7822
0049,18:25,1105,-9067
0049,18:30,1110,-9067
0049,18:35,1115,-9067
0049,18:40,1120,-9067
0049,18:45,1125,-9067
0049,18:50,1130,-10133
0049,18:55,1135,-10133
0049,19:00,1140,-10133
0049,19:05,1145,-10133
0049,19:10,1150,-10133
0049,19:15,1155,-10133
0049,19:20,1160,-10133
0049,19:25,1165,-10133
0049,19:30,1170,-10133
0049,19:35,1175,-10133
0049,19:40,1180,-10133
0049,19:45,1185,-10133
0049,19:50,1190,-10133
0049,19:55,1195,-10133
0049,20:00,1200,-10133
0049,20:05,1205,-10133
0049,20:10,1210,-10133
0049,20:15,1215,-10133
0049,20:20,1220,-10133
0049,20:25,1225,-10133
0049,20:30,1230,-10311
0049,20:35,1235,-10311
0049,20:40,1240,-10311
0049,20:45,1245,-10311
0049,20:50,1250,-10311
0049,20:55,1255,-10311
0049,21:00,1260,-10311
0049,21:05,1265,-10311
0049,21:10,1270,-10311
0049,21:15,1275,-10311
0049,21:20,1280,-10311
0049,21:25,1285,-10311
0049,21:30,1290,-10311
0049,21:35,1295,-10311
0049,21:40,1300,-10311
0049,21:45,1305,-10311
0049,21:50,1310,-10311
0049,21:55,1315,-10311
0049,22:00,1320,-10311
0049,22:05,1325,-10311
0049,22:10,1330,-10311
0049,22:15,1335,-10311
0049,22:20,1340,-10311
0049,22:25,1345,-10311
0049,22:30,1350,-10311
0049,22:35,1355,-10311
0049,22:40,1360,-10311
0049,22:45,1365,-10311
0049,22:50,1370,-10311
0049,22:55,1375,-10311
0049,23:00,1380,-10311
0049,23:05,1385,-10311
0049,23:10,1390,-10311
0049,23:15,1395,-10311
0049,23:16,1396,-10311
0049,23:20,1400,-10311
0050,09:00,540,0
0050,09:05,545,0
0050,09:10,550,0
0050,09:15,555,0
0050,09:20,560,0
0050,09:25,565,0
0050,09:30,570,0
0050,09:35,575,0
0050,09:40,580,0
0050,09:45,585,0
0050,09:50,590,0
0050,09:55,595,0
0050,10:00,600,0
0050,10:05,605,0
0050,10:10,610,0
0050,10:15,615,0
0050,10:20,620,0
0050,10:25,625,0
0050,10:30,630,0
0050,10:35,635,0
0050,10:40,640,0
0050,10:45,645,0
0050,10:50,650,0
0050,10:55,655,0
0050,11:00,660,0
0050,11:05,665,0
0050,11:10,670,0
0050,11:15,675,0
0050,11:20,680,0
0050,11:25,685,0
0050,11:30,690,-1067
0050,11:35,695,-1067
0050,11:40,700,-1067
0050,11:45,705,-2489
0050,11:50,710,-2489
0050,11:55,715,-2489
0050,12:00,720,-2489
0050,12:05,725,-3200
0050,12:10,730,-3200
0050,12:15,735,-3200
0050,12:20,740,-3200
0050,12:25,745,-3200
0050,12:30,750,-889
0050,12:35,755,-889
0050,12:40,760,-889
0050,12:45,765,-889
0050,12:50,770,2586
0050,12:55,775,2586
0050,13:00,780,2586
0050,13:05,785,7931
0050,13:10,790,7931
0050,13:15,795,7931
0050,13:20,800,7931
0050,13:25,805,7414
0050,13:30,810,7414
0050,13:35,815,7414
0050,13:40,820,7414
0050,13:45,825,7414
0050,13:50,830,5862
0050,13:55,835,5862
0050,14:00,840,5862
0050,14:05,845,5862
0050,14:10,850,5517
0050,14:15,855,5517
0050,14:20,860,5517
0050,14:25,865,5517
0050,14:30,870,5345
0050,14:35,875,5345
0050,14:40,880,5345
0050,14:45,885,6379
0050,14:50,890,6379
0050,14:55,895,6379
0050,15:00,900,6379
0050,15:05,905,6379
0050,15:10,910,8276
0050,15:15,915,8276
0050,15:20,920,8276
0050,15:25,925,8276
0050,15:30,930,10000
0050,15:35,935,10000
0050,15:40,940,10000
0050,15:45,945,8793
0050,15:50,950,8793
0050,15:55,955,8793
0050,16:00,960,8793
0050,16:05,965,8793
0050,16:10,970,7759
0050,16:15,975,7759
0050,16:20,980,7759
0050,16:25,985,7759
0050,16:30,990,6034
0050,16:35,995,6034
0050,16:40,1000,6034
0050,16:45,1005,6034
0050,16:50,1010,7931
0050,16:55,1015,7931
0050,17:00,1020,7931
0050,17:05,1025,6897
0050,17:10,1030,6897
0050,17:15,1035,6897
0050,17:20,1040,6897
0050,17:25,1045,6897
0050,17:30,1050,5172
0050,17:35,1055,5172
0050,17:40,1060,5172
0050,17:45,1065,5172
0050,17:50,1070,3448
0050,17:55,1075,3448
0050,18:00,1080,3448
0050,18:05,1085,3448
0050,18:10,1090,2586
0050,18:15,1095,2586
0050,18:20,1100,2586
0050,18:25,1105,862
0050,18:30,1110,862
0050,18:35,1115,862
0050,18:40,1120,862
0050,18:45,1125,862
0050,18:50,1130,1207
0050,18:55,1135,1207
0050,19:00,1140,1207
0050,19:05,1145,1207
0050,19:10,1150,0
0050,19:15,1155,0
0050,19:20,1160,0
0050,19:25,1165,0
0050,19:30,1170,0
0050,19:35,1175,0
0050,19:40,1180,0
0050,19:45,1185,0
0050,19:50,1190,0
0050,19:55,1195,0
0050,20:00,1200,0
0050,20:05,1205,0
0050,20:10,1210,0
0050,20:15,1215,0
0050,20:20,1220,0
0050,20:25,1225,0
0050,20:30,1230,0
0050,20:35,1235,0
0050,20:40,1240,0
0050,20:45,1245,-178
0050,20:50,1250,-178
0050,20:55,1255,-178
0050,21:00,1260,-178
0050,21:05,1265,-178
0050,21:10,1270,-178
0050,21:15,1275,-178
0050,21:20,1280,-178
0050,21:25,1285,-178
0050,21:30,1290,-178
0050,21:35,1295,-178
0050,21:40,1300,-178
0050,21:45,1305,-178
0050,21:50,1310,-178
0050,21:55,1315,-178
0050,22:00,1320,-178
0050,22:05,1325,-178
0050,22:10,1330,-178
0050,22:15,1335,-178
0050,22:20,1340,-178
0050,22:25,1345,-178
0050,22:30,1350,-178
0050,22:35,1355,-178
0050,22:40,1360,-178
0050,22:45,1365,-178
0050,22:50,1370,-178
0050,22:55,1375,-178
0050,23:00,1380,-178
0050,23:05,1385,-178
0050,23:10,1390,-178
0050,23:15,1395,-178
0050,23:16,1396,-178
0050,23:20,1400,-178
0051,09:00,540,0
0051,09:05,545,0
0051,09:10,550,0
0051,09:15,555,0
0051,09:20,560,0
0051,09:25,565,0
0051,09:30,570,0
0051,09:35,575,0
0051,09:40,580,0
0051,09:45,585,0
0051,09:50,590,0
0051,09:55,595,0
0051,10:00,600,0
0051,10:05,605,0
0051,10:10,610,0
0051,10:15,615,0
0051,10:20,620,0
0051,10:25,625,0
0051,10:30,630,0
0051,10:35,635,0
0051,10:40,640,0
0051,10:45,645,0
0051,10:50,650,0
0051,10:55,655,0
0051,11:00,660,-1067
0051,11:05,665,-1067
0051,11:10,670,-1244
0051,11:15,675,-1244
0051,11:20,680,-1244
0051,11:25,685,-1244
0051,11:30,690,-356
0051,11:35,695,-356
0051,11:40,700,-356
0051,11:45,705,-1600
0051,11:50,710,-1600
0051,11:55,715,-1600
0051,12:00,720,-1600
0051,12:05,725,-2667
0051,12:10,730,-2667
0051,12:15,735,-2667
0051,12:20,740,-2667
0051,12:25,745,-2667
0051,12:30,750,-3733
0051,12:35,755,-3733
0051,12:40,760,-3733
0051,12:45,765,-3733
0051,12:50,770,-4267
0051,12:55,775,-4267
0051,13:00,780,-4267
0051,13:05,785,-4267
0051,13:10,790,-4267
0051,13:15,795,-4267
0051,13:20,800,-4267
0051,13:25,805,-4800
0051,13:30,810,-4800
0051,13:35,815,-4800
0051,13:40,820,-4800
0051,13:45,825,-4800
0051,13:50,830,-5511
0051,13:55,835,-5511
0051,14:00,840,-5511
0051,14:05,845,-5511
0051,14:10,850,-5867
0051,14:15,855,-5867
0051,14:20,860,-5867
0051,14:25,865,-5867
0051,14:30,870,-6933
0051,14:35,875,-6933
0051,14:40,880,-6933
0051,14:45,885,-7289
0051,14:50,890,-7289
0051,14:55,895,-7289
0051,15:00,900,-7289
0051,15:05,905,-7289
0051,15:10,910,-8356
0051,15:15,915,-8356
0051,15:20,920,-8356
0051,15:25,925,-8356
0051,15:30,930,-7644
0051,15:35,935,-7644
0051,15:40,940,-7644
0051,15:45,945,-8711
0051,15:50,950,-8711
0051,15:55,955,-8711
0051,16:00,960,-8711
0051,16:05,965,-8711
0051,16:10,970,-9600
0051,16:15,975,-9600
0051,16:20,980,-9600
0051,16:25,985,-9600
0051,16:30,990,-11378
0051,16:35,995,-11378
0051,16:40,1000,-11378
0051,16:45,1005,-11378
0051,16:50,1010,-12800
0051,16:55,1015,-12800
0051,17:00,1020,-12800
0051,17:05,1025,-10667
0051,17:10,1030,-10667
0051,17:15,1035,-10667
0051,17:20,1040,-10667
0051,17:25,1045,-10667
0051,17:30,1050,-8356
0051,17:35,1055,-8356
0051,17:40,1060,-8356
0051,17:45,1065,-8356
0051,17:50,1070,-9778
0051,17:55,1075,-9778
0051,18:00,1080,-9778
0051,18:05,1085,-9778
0051,18:10,1090,-11200
0051,18:15,1095,-11200
0051,18:20,1100,-11200
0051,18:25,1105,-11556
0051,18:30,1110,-11556
0051,18:35,1115,-11556
0051,18:40,1120,-11556
0051,18:45,1125,-11556
0051,18:50,1130,-11911
0051,18:55,1135,-11911
0051,19:00,1140,-11911
0051,19:05,1145,-11911
0051,19:10,1150,-9956
0051,19:15,1155,-9956
0051,19:20,1160,-9956
0051,19:25,1165,-3556
0051,19:30,1170,-3556
0051,19:35,1175,-3556
0051,19:40,1180,-3556
0051,19:45,1185,-3022
0051,19:50,1190,-3022
0051,19:55,1195,-3022
0051,20:00,1200,-3022
0051,20:05,1205,-3022
0051,20:10,1210,-3200
0051,20:15,1215,-3200
0051,20:20,1220,-3200
0051,20:25,1225,-3200
0051,20:30,1230,-3556
0051,20:35,1235,-3556
0051,20:40,1240,-3556
0051,20:45,1245,-3733
0051,20:50,1250,-3733
0051,20:55,1255,-3733
0051,21:00,1260,-3733
0051,21:05,1265,-3733
0051,21:10,1270,-3733
0051,21:15,1275,-3733
0051,21:20,1280,-3733
0051,21:25,1285,-3733
0051,21:30,1290,-3733
0051,21:35,1295,-3733
0051,21:40,1300,-3733
0051,21:45,1305,-3733
0051,21:50,1310,-3733
0051,21:55,1315,-3733
0051,22:00,1320,-3733
0051,22:05,1325,-3733
0051,22:10,1330,-3733
0051,22:15,1335,-3733
0051,22:20,1340,-3733
0051,22:25,1345,-3733
0051,22:30,1350,-3733
0051,22:35,1355,-3733
0051,22:40,1360,-3733
0051,22:45,1365,-3733
0051,22:50,1370,-3733
0051,22:55,1375,-3733
0051,23:00,1380,-3733
0051,23:05,1385,-3733
0051,23:10,1390,-3733
0051,23:15,1395,-3733
0051,23:16,1396,-3733
0051,23:20,1400,-3733
0052,09:00,540,0
0052,09:05,545,0
0052,09:10,550,0
0052,09:15,555,0
0052,09:20,560,0
0052,09:25,565,0
0052,09:30,570,0
0052,09:35,575,0
0052,09:40,580,0
0052,09:45,585,0
0052,09:50,590,0
0052,09:55,595,0
0052,10:00,600,0
0052,10:05,605,0
0052,10:10,610,0
0052,10:15,615,0
0052,10:20,620,0
0052,10:25,625,1302
0052,10:30,630,1302
0052,10:35,635,1302
0052,10:40,640,2604
0052,10:45,645,2604
0052,10:50,650,2604
0052,10:55,655,2604
0052,11:00,660,1562
0052,11:05,665,1562
0052,11:10,670,1562
0052,11:15,675,1562
0052,11:20,680,1562
0052,11:25,685,1562
0052,11:30,690,2083
0052,11:35,695,2083
0052,11:40,700,2083
0052,11:45,705,4688
0052,11:50,710,4688
0052,11:55,715,4688
0052,12:00,720,4688
0052,12:05,725,3646
0052,12:10,730,3646
0052,12:15,735,3646
0052,12:20,740,3646
0052,12:25,745,3646
0052,12:30,750,2344
0052,12:35,755,2344
0052,12:40,760,2344
0052,12:45,765,2344
0052,12:50,770,1302
0052,12:55,775,1302
0052,13:00,780,1302
0052,13:05,785,4948
0052,13:10,790,4948
0052,13:15,795,4948
0052,13:20,800,4948
0052,13:25,805,6250
0052,13:30,810,6250
0052,13:35,815,6250
0052,13:40,820,6250
0052,13:45,825,6250
0052,13:50,830,4948
0052,13:55,835,4948
0052,14:00,840,4948
0052,14:05,845,4948
0052,14:10,850,4427
0052,14:15,855,4427
0052,14:20,860,4427
0052,14:25,865,4427
0052,14:30,870,3646
0052,14:35,875,3646
0052,14:40,880,3646
0052,14:45,885,4427
0052,14:50,890,4427
0052,14:55,895,4427
0052,15:00,900,4427
0052,15:05,905,4427
0052,15:10,910,6771
0052,15:15,915,6771
0052,15:20,920,6771
0052,15:25,925,6771
0052,15:30,930,5469
0052,15:35,935,5469
0052,15:40,940,5469
0052,15:45,945,4427
0052,15:50,950,4427
0052,15:55,955,4427
0052,16:00,960,4427
0052,16:05,965,4427
0052,16:10,970,3646
0052,16:15,975,3646
0052,16:20,980,3646
0052,16:25,985,3646
0052,16:30,990,4167
0052,16:35,995,4167
0052,16:40,1000,4167
0052,16:45,1005,4167
0052,16:50,1010,9635
0052,16:55,1015,9635
0052,17:00,1020,9635
0052,17:05,1025,15104
0052,17:10,1030,15104
0052,17:15,1035,15104
0052,17:20,1040,15104
0052,17:25,1045,15104
0052,17:30,1050,15104
0052,17:35,1055,15104
0052,17:40,1060,15104
0052,17:45,1065,15104
0052,17:50,1070,14323
0052,17:55,1075,14323
0052,18:00,1080,14323
0052,18:05,1085,14323
0052,18:10,1090,17708
0052,18:15,1095,17708
0052,18:20,1100,17708
0052,18:25,1105,16927
0052,18:30,1110,16927
0052,18:35,1115,16927
0052,18:40,1120,16927
0052,18:45,1125,16927
0052,18:50,1130,15625
0052,18:55,1135,15625
0052,19:00,1140,15625
0052,19:05,1145,15625
0052,19:10,1150,21094
0052,19:15,1155,21094
0052,19:20,1160,21094
0052,19:25,1165,27865
0052,19:30,1170,27865
0052,19:35,1175,27865
0052,19:40,1180,27865
0052,19:45,1185,34635
0052,19:50,1190,34635
0052,19:55,1195,34635
0052,20:00,1200,34635
0052,20:05,1205,34635
0052,20:10,1210,41406
0052,20:15,1215,41406
0052,20:20,1220,41406
0052,20:25,1225,41406
0052,20:30,1230,45312
0052,20:35,1235,45312
0052,20:40,1240,45312
0052,20:45,1245,45312
0052,20:50,1250,45312
0052,20:55,1255,45312
0052,21:00,1260,45312
0052,21:05,1265,45312
0052,21:10,1270,45312
0052,21:15,1275,45312
0052,21:20,1280,45312
0052,21:25,1285,45312
0052,21:30,1290,45312
0052,21:35,1295,45312
0052,21:40,1300,45312
0052,21:45,1305,45312
0052,21:50,1310,45312
0052,21:55,1315,45312
0052,22:00,1320,45312
0052,22:05,1325,45312
0052,22:10,1330,45312
0052,22:15,1335,45312
0052,22:20,1340,45312
0052,22:25,1345,45312
0052,22:30,1350,45312
0052,22:35,1355,45312
0052,22:40,1360,45312
0052,22:45,1365,45312
0052,22:50,1370,45312
0052,22:55,1375,45312
0052,23:00,1380,45312
0052,23:05,1385,45312
0052,23:10,1390,45312
0052,23:15,1395,45312
0052,23:16,1396,45312
0052,23:20,1400,45312
0053,09:00,540,0
0053,09:05,545,0
0053,09:10,550,0
0053,09:15,555,0
0053,09:20,560,0
0053,09:25,565,0
0053,09:30,570,0
0053,09:35,575,0
0053,09:40,580,0
0053,09:45,585,0
0053,09:50,590,0
0053,09:55,595,0
0053,10:00,600,0
0053,10:05,605,0
0053,10:10,610,0
0053,10:15,615,0
0053,10:20,620,0
0053,10:25,625,0
0053,10:30,630,0
0053,10:35,635,0
0053,10:40,640,0
0053,10:45,645,0
0053,10:50,650,0
0053,10:55,655,0
0053,11:00,660,0
0053,11:05,665,0
0053,11:10,670,0
0053,11:15,675,0
0053,11:20,680,0
0053,11:25,685,0
0053,11:30,690,-1778
0053,11:35,695,-1778
0053,11:40,700,-1778
0053,11:45,705,-3200
0053,11:50,710,-3200
0053,11:55,715,-3200
0053,12:00,720,-3200
0053,12:05,725,-3733
0053,12:10,730,-3733
0053,12:15,735,-3733
0053,12:20,740,-3733
0053,12:25,745,-3733
0053,12:30,750,-4622
0053,12:35,755,-4622
0053,12:40,760,-4622
0053,12:45,765,-4622
0053,12:50,770,-533
0053,12:55,775,-533
0053,13:00,780,-533
0053,13:05,785,-1689
0053,13:10,790,-1689
0053,13:15,795,-1689
0053,13:20,800,-1689
0053,13:25,805,-1511
0053,13:30,810,-1511
0053,13:35,815,-1511
0053,13:40,820,-1511
0053,13:45,825,-1511
0053,13:50,830,-2578
0053,13:55,835,-2578
0053,14:00,840,-2578
0053,14:05,845,-2578
0053,14:10,850,-3111
0053,14:15,855,-3111
0053,14:20,860,-3111
0053,14:25,865,-3111
0053,14:30,870,-3111
0053,14:35,875,-3111
0053,14:40,880,-3111
0053,14:45,885,-2044
0053,14:50,890,-2044
0053,14:55,895,-2044
0053,15:00,900,-2044
0053,15:05,905,-2044
0053,15:10,910,345
0053,15:15,915,345
0053,15:20,920,345
0053,15:25,925,345
0053,15:30,930,-1422
0053,15:35,935,-1422
0053,15:40,940,-1422
0053,15:45,945,-3022
0053,15:50,950,-3022
0053,15:55,955,-3022
0053,16:00,960,-3022
0053,16:05,965,-3022
0053,16:10,970,-4444
0053,16:15,975,-4444
0053,16:20,980,-4444
0053,16:25,985,-4444
0053,16:30,990,-2044
0053,16:35,995,-2044
0053,16:40,1000,-2044
0053,16:45,1005,-2044
0053,16:50,1010,-1244
0053,16:55,1015,-1244
0053,17:00,1020,-1244
0053,17:05,1025,-889
0053,17:10,1030,-889
0053,17:15,1035,-889
0053,17:20,1040,-889
0053,17:25,1045,-889
0053,17:30,1050,4224
0053,17:35,1055,4224
0053,17:40,1060,4224
0053,17:45,1065,4224
0053,17:50,1070,3534
0053,17:55,1075,3534
0053,18:00,1080,3534
0053,18:05,1085,3534
0053,18:10,1090,3534
0053,18:15,1095,3534
0053,18:20,1100,3534
0053,18:25,1105,3534
0053,18:30,1110,3534
0053,18:35,1115,3534
0053,18:40,1120,3534
0053,18:45,1125,3534
0053,18:50,1130,3534
0053,18:55,1135,3534
0053,19:00,1140,3534
0053,19:05,1145,3534
0053,19:10,1150,3534
0053,19:15,1155,3534
0053,19:20,1160,3534
0053,19:25,1165,3534
0053,19:30,1170,3534
0053,19:35,1175,3534
0053,19:40,1180,3534
0053,19:45,1185,2931
0053,19:50,1190,2931
0053,19:55,1195,2931
0053,20:00,1200,2931
0053,20:05,1205,2931
0053,20:10,1210,2931
0053,20:15,1215,2931
0053,20:20,1220,2931
0053,20:25,1225,2931
0053,20:30,1230,2931
0053,20:35,1235,2931
0053,20:40,1240,2931
0053,20:45,1245,2931
0053,20:50,1250,2931
0053,20:55,1255,2931
0053,21:00,1260,2931
0053,21:05,1265,2931
0053,21:10,1270,2931
0053,21:15,1275,2931
0053,21:20,1280,2931
0053,21:25,1285,2931
0053,21:30,1290,2931
0053,21:35,1295,2931
0053,21:40,1300,2931
0053,21:45,1305,2931
0053,21:50,1310,2931
0053,21:55,1315,2931
0053,22:00,1320,2931
0053,22:05,1325,2931
0053,22:10,1330,2931
0053,22:15,1335,2931
0053,22:20,1340,2931
0053,22:25,1345,2931
0053,22:30,1350,2931
0053,22:35,1355,2931
0053,22:40,1360,2931
0053,22:45,1365,2931
0053,22:50,1370,2931
0053,22:55,1375,2931
0053,23:00,1380,2931
0053,23:05,1385,2931
0053,23:10,1390,2931
0053,23:15,1395,2931
0053,23:16,1396,2931
0053,23:20,1400,2931
0054,09:00,540,0
0054,09:05,545,0
0054,09:10,550,0
0054,09:15,555,0
0054,09:20,560,0
0054,09:25,565,0
0054,09:30,570,0
0054,09:35,575,0
0054,09:40,580,0
0054,09:45,585,0
0054,09:50,590,0
0054,09:55,595,0
0054,10:00,600,0
0054,10:05,605,0
0054,10:10,610,0
0054,10:15,615,0
0054,10:20,620,0
0054,10:25,625,0
0054,10:30,630,0
0054,10:35,635,0
0054,10:40,640,0
0054,10:45,645,0
0054,10:50,650,0
0054,10:55,655,0
0054,11:00,660,0
0054,11:05,665,0
0054,11:10,670,0
0054,11:15,675,0
0054,11:20,680,0
0054,11:25,685,0
0054,11:30,690,0
0054,11:35,695,0
0054,11:40,700,0
0054,11:45,705,0
0054,11:50,710,0
0054,11:55,715,0
0054,12:00,720,0
0054,12:05,725,-711
0054,12:10,730,-711
0054,12:15,735,-711
0054,12:20,740,-711
0054,12:25,745,-711
0054,12:30,750,-2133
0054,12:35,755,-2133
0054,12:40,760,-2133
0054,12:45,765,-2133
0054,12:50,770,-3556
0054,12:55,775,-3556
0054,13:00,780,-3556
0054,13:05,785,-2844
0054,13:10,790,-2844
0054,13:15,795,-2844
0054,13:20,800,-2844
0054,13:25,805,-4267
0054,13:30,810,-4267
0054,13:35,815,-4267
0054,13:40,820,-4267
0054,13:45,825,-4267
0054,13:50,830,1897
0054,13:55,835,1897
0054,14:00,840,1897
0054,14:05,845,1897
0054,14:10,850,6379
0054,14:15,855,6379
0054,14:20,860,6379
0054,14:25,865,6379
0054,14:30,870,8448
0054,14:35,875,8448
0054,14:40,880,8448
0054,14:45,885,10172
0054,14:50,890,10172
0054,14:55,895,10172
0054,15:00,900,10172
0054,15:05,905,10172
0054,15:10,910,18276
0054,15:15,915,18276
0054,15:20,920,18276
0054,15:25,925,18276
0054,15:30,930,18966
0054,15:35,935,18966
0054,15:40,940,18966
0054,15:45,945,17759
0054,15:50,950,17759
0054,15:55,955,17759
0054,16:00,960,17759
0054,16:05,965,17759
0054,16:10,970,16552
0054,16:15,975,16552
0054,16:20,980,16552
0054,16:25,985,16552
0054,16:30,990,15172
0054,16:35,995,15172
0054,16:40,1000,15172
0054,16:45,1005,15172
0054,16:50,1010,13793
0054,16:55,1015,13793
0054,17:00,1020,13793
0054,17:05,1025,13103
0054,17:10,1030,13103
0054,17:15,1035,13103
0054,17:20,1040,13103
0054,17:25,1045,13103
0054,17:30,1050,11207
0054,17:35,1055,11207
0054,17:40,1060,11207
0054,17:45,1065,11207
0054,17:50,1070,11552
0054,17:55,1075,11552
0054,18:00,1080,11552
0054,18:05,1085,11552
0054,18:10,1090,11034
0054,18:15,1095,11034
0054,18:20,1100,11034
0054,18:25,1105,13276
0054,18:30,1110,13276
0054,18:35,1115,13276
0054,18:40,1120,13276
0054,18:45,1125,13276
0054,18:50,1130,17414
0054,18:55,1135,17414
0054,19:00,1140,17414
0054,19:05,1145,17414
0054,19:10,1150,17759
0054,19:15,1155,17759
0054,19:20,1160,17759
0054,19:25,1165,17069
0054,19:30,1170,17069
0054,19:35,1175,17069
0054,19:40,1180,17069
0054,19:45,1185,17069
0054,19:50,1190,17069
0054,19:55,1195,17069
0054,20:00,1200,17069
0054,20:05,1205,17069
0054,20:10,1210,17069
0054,20:15,1215,17069
0054,20:20,1220,17069
0054,20:25,1225,17069
0054,20:30,1230,17069
0054,20:35,1235,17069
0054,20:40,1240,17069
0054,20:45,1245,17069
0054,20:50,1250,17069
0054,20:55,1255,17069
0054,21:00,1260,17069
0054,21:05,1265,17069
0054,21:10,1270,17069
0054,21:15,1275,17069
0054,21:20,1280,17069
0054,21:25,1285,17069
0054,21:30,1290,17069
0054,21:35,1295,17069
0054,21:40,1300,17069
0054,21:45,1305,17069
0054,21:50,1310,17069
0054,21:55,1315,17069
0054,22:00,1320,17069
0054,22:05,1325,17069
0054,22:10,1330,17069
0054,22:15,1335,17069
0054,22:20,1340,17069
0054,22:25,1345,17069
0054,22:30,1350,17069
0054,22:35,1355,17069
0054,22:40,1360,17069
0054,22:45,1365,17069
0054,22:50,1370,17069
0054,22:55,1375,17069
0054,23:00,1380,17069
0054,23:05,1385,17069
0054,23:10,1390,17069
0054,23:15,1395,17069
0054,23:16,1396,17069
0054,23:20,1400,17069
0055,09:00,540,0
0055,09:05,545,0
0055,09:10,550,0
0055,09:15,555,0
0055,09:20,560,0
0055,09:25,565,0
0055,09:30,570,0
0055,09:35,575,0
0055,09:40,580,0
0055,09:45,585,0
0055,09:50,590,0
0055,09:55,595,0
0055,10:00,600,0
0055,10:05,605,0
0055,10:10,610,-178
0055,10:15,615,-178
0055,10:20,620,-178
0055,10:25,625,862
0055,10:30,630,862
0055,10:35,635,862
0055,10:40,640,-178
0055,10:45,645,-178
0055,10:50,650,-178
0055,10:55,655,-178
0055,11:00,660,-1244
0055,11:05,665,-1244
0055,11:10,670,-1600
0055,11:15,675,-1600
0055,11:20,680,-1600
0055,11:25,685,-1600
0055,11:30,690,-3022
0055,11:35,695,-3022
0055,11:40,700,-3022
0055,11:45,705,690
0055,11:50,710,690
0055,11:55,715,690
0055,12:00,720,690
0055,12:05,725,-533
0055,12:10,730,-533
0055,12:15,735,-533
0055,12:20,740,-533
0055,12:25,745,-533
0055,12:30,750,-2133
0055,12:35,755,-2133
0055,12:40,760,-2133
0055,12:45,765,-2133
0055,12:50,770,-2844
0055,12:55,775,-2844
0055,13:00,780,-2844
0055,13:05,785,-3200
0055,13:10,790,-3200
0055,13:15,795,-3200
0055,13:20,800,-3200
0055,13:25,805,-4800
0055,13:30,810,-4800
0055,13:35,815,-4800
0055,13:40,820,-4800
0055,13:45,825,-4800
0055,13:50,830,-6044
0055,13:55,835,-6044
0055,14:00,840,-6044
0055,14:05,845,-6044
0055,14:10,850,-6756
0055,14:15,855,-6756
0055,14:20,860,-6756
0055,14:25,865,-6756
0055,14:30,870,-7467
0055,14:35,875,-7467
0055,14:40,880,-7467
0055,14:45,885,-8178
0055,14:50,890,-8178
0055,14:55,895,-8178
0055,15:00,900,-8178
0055,15:05,905,-8178
0055,15:10,910,-7289
0055,15:15,915,-7289
0055,15:20,920,-7289
0055,15:25,925,-7289
0055,15:30,930,-8178
0055,15:35,935,-8178
0055,15:40,940,-8178
0055,15:45,945,-9067
0055,15:50,950,-9067
0055,15:55,955,-9067
0055,16:00,960,-9067
0055,16:05,965,-9067
0055,16:10,970,-9956
0055,16:15,975,-9956
0055,16:20,980,-9956
0055,16:25,985,-9956
0055,16:30,990,-4444
0055,16:35,995,-4444
0055,16:40,1000,-4444
0055,16:45,1005,-4444
0055,16:50,1010,-5867
0055,16:55,1015,-5867
0055,17:00,1020,-5867
0055,17:05,1025,-6400
0055,17:10,1030,-6400
0055,17:15,1035,-6400
0055,17:20,1040,-6400
0055,17:25,1045,-6400
0055,17:30,1050,-8000
0055,17:35,1055,-8000
0055,17:40,1060,-8000
0055,17:45,1065,-8000
0055,17:50,1070,-9067
0055,17:55,1075,-9067
0055,18:00,1080,-9067
0055,18:05,1085,-9067
0055,18:10,1090,-9600
0055,18:15,1095,-9600
0055,18:20,1100,-9600
0055,18:25,1105,-10133
0055,18:30,1110,-10133
0055,18:35,1115,-10133
0055,18:40,1120,-10133
0055,18:45,1125,-10133
0055,18:50,1130,-10133
0055,18:55,1135,-10133
0055,19:00,1140,-10133
0055,19:05,1145,-10133
0055,19:10,1150,-10133
0055,19:15,1155,-10133
0055,19:20,1160,-10133
0055,19:25,1165,-10133
0055,19:30,1170,-10133
0055,19:35,1175,-10133
0055,19:40,1180,-10133
0055,19:45,1185,-10133
0055,19:50,1190,-10133
0055,19:55,1195,-10133
0055,20:00,1200,-10133
0055,20:05,1205,-10133
0055,20:10,1210,-10133
0055,20:15,1215,-10133
0055,20:20,1220,-10133
0055,20:25,1225,-10133
0055,20:30,1230,-10133
0055,20:35,1235,-10133
0055,20:40,1240,-10133
0055,20:45,1245,-10133
0055,20:50,1250,-10133
0055,20:55,1255,-10133
0055,21:00,1260,-10133
0055,21:05,1265,-10133
0055,21:10,1270,-10133
0055,21:15,1275,-10133
0055,21:20,1280,-10133
0055,21:25,1285,-10133
0055,21:30,1290,-10133
0055,21:35,1295,-10133
0055,21:40,1300,-10133
0055,21:45,1305,-10133
0055,21:50,1310,-10133
0055,21:55,1315,-10133
0055,22:00,1320,-10133
0055,22:05,1325,-10133
0055,22:10,1330,-10133
0055,22:15,1335,-10133
0055,22:20,1340,-10133
0055,22:25,1345,-10133
0055,22:30,1350,-10133
0055,22:35,1355,-10133
0055,22:40,1360,-10133
0055,22:45,1365,-10133
0055,22:50,1370,-10133
0055,22:55,1375,-10133
0055,23:00,1380,-10133
0055,23:05,1385,-10133
0055,23:10,1390,-10133
0055,23:15,1395,-10133
0055,23:16,1396,-10133
0055,23:20,1400,-10133
0056,09:00,540,0
0056,09:05,545,0
0056,09:10,550,0
0056,09:15,555,0
0056,09:20,560,0
0056,09:25,565,0
0056,09:30,570,0
0056,09:35,575,0
0056,09:40,580,0
0056,09:45,585,0
0056,09:50,590,0
0056,09:55,595,0
0056,10:00,600,0
0056,10:05,605,0
0056,10:10,610,0
0056,10:15,615,0
0056,10:20,620,0
0056,10:25,625,0
0056,10:30,630,0
0056,10:35,635,0
0056,10:40,640,0
0056,10:45,645,0
0056,10:50,650,0
0056,10:55,655,0
0056,11:00,660,0
0056,11:05,665,0
0056,11:10,670,0
0056,11:15,675,0
0056,11:20,680,0
0056,11:25,685,0
0056,11:30,690,0
0056,11:35,695,0
0056,11:40,700,0
0056,11:45,705,0
0056,11:50,710,0
0056,11:55,715,0
0056,12:00,720,0
0056,12:05,725,0
0056,12:10,730,0
0056,12:15,735,0
0056,12:20,740,0
0056,12:25,745,0
0056,12:30,750,-356
0056,12:35,755,-356
0056,12:40,760,-356
0056,12:45,765,-356
0056,12:50,770,-800
0056,12:55,775,-800
0056,13:00,780,-800
0056,13:05,785,-1067
0056,13:10,790,-1067
0056,13:15,795,-1067
0056,13:20,800,-1067
0056,13:25,805,-1333
0056,13:30,810,-1333
0056,13:35,815,-1333
0056,13:40,820,-1333
0056,13:45,825,-1333
0056,13:50,830,-1333
0056,13:55,835,-1333
0056,14:00,840,-1333
0056,14:05,845,-1333
0056,14:10,850,-1600
0056,14:15,855,-1600
0056,14:20,860,-1600
0056,14:25,865,-1600
0056,14:30,870,-1600
0056,14:35,875,-1600
0056,14:40,880,-1600
0056,14:45,885,-1600
0056,14:50,890,-1600
0056,14:55,895,-1600
0056,15:00,900,-1600
0056,15:05,905,-1600
0056,15:10,910,-1333
0056,15:15,915,-1333
0056,15:20,920,-1333
0056,15:25,925,-1333
0056,15:30,930,-1333
0056,15:35,935,-1333
0056,15:40,940,-1333
0056,15:45,945,690
0056,15:50,950,690
0056,15:55,955,690
0056,16:00,960,690
0056,16:05,965,690
0056,16:10,970,-89
0056,16:15,975,-89
0056,16:20,980,-89
0056,16:25,985,-89
0056,16:30,990,-1156
0056,16:35,995,-1156
0056,16:40,1000,-1156
0056,16:45,1005,-1156
0056,16:50,1010,-2222
0056,16:55,1015,-2222
0056,17:00,1020,-2222
0056,17:05,1025,-2933
0056,17:10,1030,-2933
0056,17:15,1035,-2933
0056,17:20,1040,-2933
0056,17:25,1045,-2933
0056,17:30,1050,-2756
0056,17:35,1055,-2756
0056,17:40,1060,-2756
0056,17:45,1065,-2756
0056,17:50,1070,-4000
0056,17:55,1075,-4000
0056,18:00,1080,-4000
0056,18:05,1085,-4000
0056,18:10,1090,-1511
0056,18:15,1095,-1511
0056,18:20,1100,-1511
0056,18:25,1105,776
0056,18:30,1110,776
0056,18:35,1115,776
0056,18:40,1120,776
0056,18:45,1125,776
0056,18:50,1130,690
0056,18:55,1135,690
0056,19:00,1140,690
0056,19:05,1145,690
0056,19:10,1150,690
0056,19:15,1155,690
0056,19:20,1160,690
0056,19:25,1165,690
0056,19:30,1170,690
0056,19:35,1175,690
0056,19:40,1180,690
0056,19:45,1185,690
0056,19:50,1190,690
0056,19:55,1195,690
0056,20:00,1200,690
0056,20:05,1205,690
0056,20:10,1210,690
0056,20:15,1215,690
0056,20:20,1220,690
0056,20:25,1225,690
0056,20:30,1230,690
0056,20:35,1235,690
0056,20:40,1240,690
0056,20:45,1245,690
0056,20:50,1250,690
0056,20:55,1255,690
0056,21:00,1260,690
0056,21:05,1265,690
0056,21:10,1270,690
0056,21:15,1275,690
0056,21:20,1280,690
0056,21:25,1285,690
0056,21:30,1290,690
0056,21:35,1295,690
0056,21:40,1300,690
0056,21:45,1305,690
0056,21:50,1310,690
0056,21:55,1315,690
0056,22:00,1320,690
0056,22:05,1325,690
0056,22:10,1330,690
0056,22:15,1335,690
0056,22:20,1340,690
0056,22:25,1345,690
0056,22:30,1350,690
0056,22:35,1355,690
0056,22:40,1360,690
0056,22:45,1365,690
0056,22:50,1370,690
0056,22:55,1375,690
0056,23:00,1380,690
0056,23:05,1385,690
0056,23:10,1390,690
0056,23:15,1395,690
0056,23:16,1396,690
0056,23:20,1400,690
0057,09:00,540,0
0057,09:05,545,0
0057,09:10,550,0
0057,09:15,555,0
0057,09:20,560,0
0057,09:25,565,0
0057,09:30,570,0
0057,09:35,575,0
0057,09:40,580,0
0057,09:45,585,0
0057,09:50,590,0
0057,09:55,595,0
0057,10:00,600,0
0057,10:05,605,0
0057,10:10,610,0
0057,10:15,615,0
0057,10:20,620,0
0057,10:25,625,0
0057,10:30,630,0
0057,10:35,635,0
0057,10:40,640,0
0057,10:45,645,0
0057,10:50,650,0
0057,10:55,655,0
0057,11:00,660,0
0057,11:05,665,0
0057,11:10,670,0
0057,11:15,675,0
0057,11:20,680,0
0057,11:25,685,0
0057,11:30,690,-1316
0057,11:35,695,-1316
0057,11:40,700,-1316
0057,11:45,705,3385
0057,11:50,710,3385
0057,11:55,715,3385
0057,12:00,720,3385
0057,12:05,725,4427
0057,12:10,730,4427
0057,12:15,735,4427
0057,12:20,740,4427
0057,12:25,745,4427
0057,12:30,750,9635
0057,12:35,755,9635
0057,12:40,760,9635
0057,12:45,765,9635
0057,12:50,770,8594
0057,12:55,775,8594
0057,13:00,780,8594
0057,13:05,785,10417
0057,13:10,790,10417
0057,13:15,795,10417
0057,13:20,800,10417
0057,13:25,805,14583
0057,13:30,810,14583
0057,13:35,815,14583
0057,13:40,820,14583
0057,13:45,825,14583
0057,13:50,830,13542
0057,13:55,835,13542
0057,14:00,840,13542
0057,14:05,845,13542
0057,14:10,850,13802
0057,14:15,855,13802
0057,14:20,860,13802
0057,14:25,865,13802
0057,14:30,870,17448
0057,14:35,875,17448
0057,14:40,880,17448
0057,14:45,885,15885
0057,14:50,890,15885
0057,14:55,895,15885
0057,15:00,900,15885
0057,15:05,905,15885
0057,15:10,910,14583
0057,15:15,915,14583
0057,15:20,920,14583
0057,15:25,925,14583
0057,15:30,930,13542
0057,15:35,935,13542
0057,15:40,940,13542
0057,15:45,945,13542
0057,15:50,950,13542
0057,15:55,955,13542
0057,16:00,960,13542
0057,16:05,965,13542
0057,16:10,970,13542
0057,16:15,975,13542
0057,16:20,980,13542
0057,16:25,985,13542
0057,16:30,990,15625
0057,16:35,995,15625
0057,16:40,1000,15625
0057,16:45,1005,15625
0057,16:50,1010,14062
0057,16:55,1015,14062
0057,17:00,1020,14062
0057,17:05,1025,14583
0057,17:10,1030,14583
0057,17:15,1035,14583
0057,17:20,1040,14583
0057,17:25,1045,14583
0057,17:30,1050,19531
0057,17:35,1055,19531
0057,17:40,1060,19531
0057,17:45,1065,19531
0057,17:50,1070,23958
0057,17:55,1075,23958
0057,18:00,1080,23958
0057,18:05,1085,23958
0057,18:10,1090,28125
0057,18:15,1095,28125
0057,18:20,1100,28125
0057,18:25,1105,27344
0057,18:30,1110,27344
0057,18:35,1115,27344
0057,18:40,1120,27344
0057,18:45,1125,27344
0057,18:50,1130,26042
0057,18:55,1135,26042
0057,19:00,1140,26042
0057,19:05,1145,26042
0057,19:10,1150,25000
0057,19:15,1155,25000
0057,19:20,1160,25000
0057,19:25,1165,34375
0057,19:30,1170,34375
0057,19:35,1175,34375
0057,19:40,1180,34375
0057,19:45,1185,42448
0057,19:50,1190,42448
0057,19:55,1195,42448
0057,20:00,1200,42448
0057,20:05,1205,42448
0057,20:10,1210,43750
0057,20:15,1215,43750
0057,20:20,1220,43750
0057,20:25,1225,43750
0057,20:30,1230,43750
0057,20:35,1235,43750
0057,20:40,1240,43750
0057,20:45,1245,43750
0057,20:50,1250,43750
0057,20:55,1255,43750
0057,21:00,1260,43750
0057,21:05,1265,43750
0057,21:10,1270,43750
0057,21:15,1275,43750
0057,21:20,1280,43750
0057,21:25,1285,43750
0057,21:30,1290,43750
0057,21:35,1295,43750
0057,21:40,1300,43750
0057,21:45,1305,43750
0057,21:50,1310,43750
0057,21:55,1315,43750
0057,22:00,1320,43750
0057,22:05,1325,43750
0057,22:10,1330,43750
0057,22:15,1335,43750
0057,22:20,1340,43750
0057,22:25,1345,43750
0057,22:30,1350,43750
0057,22:35,1355,43750
0057,22:40,1360,43750
0057,22:45,1365,43750
0057,22:50,1370,43750
0057,22:55,1375,43750
0057,23:00,1380,43750
0057,23:05,1385,43750
0057,23:10,1390,43750
0057,23:15,1395,43750
0057,23:16,1396,43750
0057,23:20,1400,43750
0058,09:00,540,0
0058,09:05,545,0
0058,09:10,550,0
0058,09:15,555,0
0058,09:20,560,0
0058,09:25,565,0
0058,09:30,570,0
0058,09:35,575,0
0058,09:40,580,0
0058,09:45,585,0
0058,09:50,590,0
0058,09:55,595,0
0058,10:00,600,0
0058,10:05,605,0
0058,10:10,610,-178
0058,10:15,615,-178
0058,10:20,620,-178
0058,10:25,625,-1333
0058,10:30,630,-1333
0058,10:35,635,-1333
0058,10:40,640,-2489
0058,10:45,645,-2489
0058,10:50,650,-2489
0058,10:55,655,-2489
0058,11:00,660,-3467
0058,11:05,665,-3467
0058,11:10,670,-3556
0058,11:15,675,-3556
0058,11:20,680,-3556
0058,11:25,685,-3556
0058,11:30,690,-3556
0058,11:35,695,-3556
0058,11:40,700,-3556
0058,11:45,705,-4356
0058,11:50,710,-4356
0058,11:55,715,-4356
0058,12:00,720,-4356
0058,12:05,725,-4800
0058,12:10,730,-4800
0058,12:15,735,-4800
0058,12:20,740,-4800
0058,12:25,745,-4800
0058,12:30,750,-5156
0058,12:35,755,-5156
0058,12:40,760,-5156
0058,12:45,765,-5156
0058,12:50,770,-5689
0058,12:55,775,-5689
0058,13:00,780,-5689
0058,13:05,785,-5689
0058,13:10,790,-5689
0058,13:15,795,-5689
0058,13:20,800,-5689
0058,13:25,805,-5956
0058,13:30,810,-5956
0058,13:35,815,-5956
0058,13:40,820,-5956
0058,13:45,825,-5956
0058,13:50,830,-5956
0058,13:55,835,-5956
0058,14:00,840,-5956
0058,14:05,845,-5956
0058,14:10,850,-6311
0058,14:15,855,-6311
0058,14:20,860,-6311
0058,14:25,865,-6311
0058,14:30,870,-6578
0058,14:35,875,-6578
0058,14:40,880,-6578
0058,14:45,885,-7111
0058,14:50,890,-7111
0058,14:55,895,-7111
0058,15:00,900,-7111
0058,15:05,905,-7111
0058,15:10,910,-8178
0058,15:15,915,-8178
0058,15:20,920,-8178
0058,15:25,925,-8178
0058,15:30,930,-4533
0058,15:35,935,-4533
0058,15:40,940,-4533
0058,15:45,945,-3556
0058,15:50,950,-3556
0058,15:55,955,-3556
0058,16:00,960,-3556
0058,16:05,965,-3556
0058,16:10,970,-3822
0058,16:15,975,-3822
0058,16:20,980,-3822
0058,16:25,985,-3822
0058,16:30,990,-3556
0058,16:35,995,-3556
0058,16:40,1000,-3556
0058,16:45,1005,-3556
0058,16:50,1010,-5244
0058,16:55,1015,-5244
0058,17:00,1020,-5244
0058,17:05,1025,-6578
0058,17:10,1030,-6578
0058,17:15,1035,-6578
0058,17:20,1040,-6578
0058,17:25,1045,-6578
0058,17:30,1050,-6667
0058,17:35,1055,-6667
0058,17:40,1060,-6667
0058,17:45,1065,-6667
0058,17:50,1070,-4444
0058,17:55,1075,-4444
0058,18:00,1080,-4444
0058,18:05,1085,-4444
0058,18:10,1090,-4267
0058,18:15,1095,-4267
0058,18:20,1100,-4267
0058,18:25,1105,-5067
0058,18:30,1110,-5067
0058,18:35,1115,-5067
0058,18:40,1120,-5067
0058,18:45,1125,-5067
0058,18:50,1130,-5067
0058,18:55,1135,-5067
0058,19:00,1140,-5067
0058,19:05,1145,-5067
0058,19:10,1150,-6133
0058,19:15,1155,-6133
0058,19:20,1160,-6133
0058,19:25,1165,-6222
0058,19:30,1170,-6222
0058,19:35,1175,-6222
0058,19:40,1180,-6222
0058,19:45,1185,-6222
0058,19:50,1190,-6222
0058,19:55,1195,-6222
0058,20:00,1200,-6222
0058,20:05,1205,-6222
0058,20:10,1210,-6222
0058,20:15,1215,-6222
0058,20:20,1220,-6222
0058,20:25,1225,-6222
0058,20:30,1230,-6222
0058,20:35,1235,-6222
0058,20:40,1240,-6222
0058,20:45,1245,-6222
0058,20:50,1250,-6222
0058,20:55,1255,-6222
0058,21:00,1260,-6222
0058,21:05,1265,-6222
0058,21:10,1270,-6222
0058,21:15,1275,-6222
0058,21:20,1280,-6222
0058,21:25,1285,-6222
0058,21:30,1290,-6222
0058,21:35,1295,-6222
0058,21:40,1300,-6222
0058,21:45,1305,-6222
0058,21:50,1310,-6222
0058,21:55,1315,-6222
0058,22:00,1320,-6222
0058,22:05,1325,-6222
0058,22:10,1330,-6222
0058,22:15,1335,-6222
0058,22:20,1340,-6222
0058,22:25,1345,-6222
0058,22:30,1350,-6222
0058,22:35,1355,-6222
0058,22:40,1360,-6222
0058,22:45,1365,-6222
0058,22:50,1370,-6222
0058,22:55,1375,-6222
0058,23:00,1380,-6222
0058,23:05,1385,-6222
0058,23:10,1390,-6222
0058,23:15,1395,-6222
0058,23:16,1396,-6222
0058,23:20,1400,-6222
0059,09:00,540,0
0059,09:05,545,0
0059,09:10,550,0
0059,09:15,555,0
0059,09:20,560,0
0059,09:25,565,0
0059,09:30,570,0
0059,09:35,575,0
0059,09:40,580,0
0059,09:45,585,0
0059,09:50,590,0
0059,09:55,595,0
0059,10:00,600,0
0059,10:05,605,0
0059,10:10,610,0
0059,10:15,615,0
0059,10:20,620,0
0059,10:25,625,0
0059,10:30,630,0
0059,10:35,635,0
0059,10:40,640,-622
0059,10:45,645,-622
0059,10:50,650,-622
0059,10:55,655,-622
0059,11:00,660,-1778
0059,11:05,665,-1778
0059,11:10,670,-2222
0059,11:15,675,-2222
0059,11:20,680,-2222
0059,11:25,685,-2222
0059,11:30,690,-3644
0059,11:35,695,-3644
0059,11:40,700,-3644
0059,11:45,705,-4267
0059,11:50,710,-4267
0059,11:55,715,-4267
0059,12:00,720,-4267
0059,12:05,725,-1156
0059,12:10,730,-1156
0059,12:15,735,-1156
0059,12:20,740,-1156
0059,12:25,745,-1156
0059,12:30,750,-1689
0059,12:35,755,-1689
0059,12:40,760,-1689
0059,12:45,765,-1689
0059,12:50,770,-2400
0059,12:55,775,-2400
0059,13:00,780,-2400
0059,13:05,785,-2400
0059,13:10,790,-2400
0059,13:15,795,-2400
0059,13:20,800,-2400
0059,13:25,805,-3022
0059,13:30,810,-3022
0059,13:35,815,-3022
0059,13:40,820,-3022
0059,13:45,825,-3022
0059,13:50,830,-4089
0059,13:55,835,-4089
0059,14:00,840,-4089
0059,14:05,845,-4089
0059,14:10,850,-2222
0059,14:15,855,-2222
0059,14:20,860,-2222
0059,14:25,865,-2222
0059,14:30,870,4397
0059,14:35,875,4397
0059,14:40,880,4397
0059,14:45,885,8362
0059,14:50,890,8362
0059,14:55,895,8362
0059,15:00,900,8362
0059,15:05,905,8362
0059,15:10,910,7586
0059,15:15,915,7586
0059,15:20,920,7586
0059,15:25,925,7586
0059,15:30,930,5862
0059,15:35,935,5862
0059,15:40,940,5862
0059,15:45,945,4397
0059,15:50,950,4397
0059,15:55,955,4397
0059,16:00,960,4397
0059,16:05,965,4397
0059,16:10,970,3793
0059,16:15,975,3793
0059,16:20,980,3793
0059,16:25,985,3793
0059,16:30,990,3966
0059,16:35,995,3966
0059,16:40,1000,3966
0059,16:45,1005,3966
0059,16:50,1010,7759
0059,16:55,1015,7759
0059,17:00,1020,7759
0059,17:05,1025,9828
0059,17:10,1030,9828
0059,17:15,1035,9828
0059,17:20,1040,9828
0059,17:25,1045,9828
0059,17:30,1050,8621
0059,17:35,1055,8621
0059,17:40,1060,8621
0059,17:45,1065,8621
0059,17:50,1070,8103
0059,17:55,1075,8103
0059,18:00,1080,8103
0059,18:05,1085,8103
0059,18:10,1090,6983
0059,18:15,1095,6983
0059,18:20,1100,6983
0059,18:25,1105,5690
0059,18:30,1110,5690
0059,18:35,1115,5690
0059,18:40,1120,5690
0059,18:45,1125,5690
0059,18:50,1130,4655
0059,18:55,1135,4655
0059,19:00,1140,4655
0059,19:05,1145,4655
0059,19:10,1150,4138
0059,19:15,1155,4138
0059,19:20,1160,4138
0059,19:25,1165,3707
0059,19:30,1170,3707
0059,19:35,1175,3707
0059,19:40,1180,3707
0059,19:45,1185,3707
0059,19:50,1190,3707
0059,19:55,1195,3707
0059,20:00,1200,3707
0059,20:05,1205,3707
0059,20:10,1210,3707
0059,20:15,1215,3707
0059,20:20,1220,3707
0059,20:25,1225,3707
0059,20:30,1230,3707
0059,20:35,1235,3707
0059,20:40,1240,3707
0059,20:45,1245,3707
0059,20:50,1250,3707
0059,20:55,1255,3707
0059,21:00,1260,3707
0059,21:05,1265,3707
0059,21:10,1270,3707
0059,21:15,1275,3707
0059,21:20,1280,3707
0059,21:25,1285,3707
0059,21:30,1290,3448
0059,21:35,1295,3448
0059,21:40,1300,3448
0059,21:45,1305,3448
0059,21:50,1310,3448
0059,21:55,1315,3448
0059,22:00,1320,3448
0059,22:05,1325,3448
0059,22:10,1330,3448
0059,22:15,1335,3448
0059,22:20,1340,3448
0059,22:25,1345,3448
0059,22:30,1350,3448
0059,22:35,1355,3448
0059,22:40,1360,3448
0059,22:45,1365,3448
0059,22:50,1370,3448
0059,22:55,1375,3448
0059,23:00,1380,3448
0059,23:05,1385,3448
0059,23:10,1390,3448
0059,23:15,1395,3448
0059,23:16,1396,3448
0059,23:20,1400,3448
0060,09:00,540,0
0060,09:05,545,0
0060,09:10,550,0
0060,09:15,555,0
0060,09:20,560,0
0060,09:25,565,0
0060,09:30,570,0
0060,09:35,575,0
0060,09:40,580,0
0060,09:45,585,0
0060,09:50,590,0
0060,09:55,595,0
0060,10:00,600,0
0060,10:05,605,0
0060,10:10,610,0
0060,10:15,615,0
0060,10:20,620,0
0060,10:25,625,0
0060,10:30,630,0
0060,10:35,635,0
0060,10:40,640,-533
0060,10:45,645,-533
0060,10:50,650,-533
0060,10:55,655,-533
0060,11:00,660,-978
0060,11:05,665,-978
0060,11:10,670,-978
0060,11:15,675,-978
0060,11:20,680,-978
0060,11:25,685,-978
0060,11:30,690,-978
0060,11:35,695,-978
0060,11:40,700,-978
0060,11:45,705,-1867
0060,11:50,710,-1867
0060,11:55,715,-1867
0060,12:00,720,-1867
0060,12:05,725,-1956
0060,12:10,730,-1956
0060,12:15,735,-1956
0060,12:20,740,-1956
0060,12:25,745,-1956
0060,12:30,750,3966
0060,12:35,755,3966
0060,12:40,760,3966
0060,12:45,765,3966
0060,12:50,770,6466
0060,12:55,775,6466
0060,13:00,780,6466
0060,13:05,785,5345
0060,13:10,790,5345
0060,13:15,795,5345
0060,13:20,800,5345
0060,13:25,805,5172
0060,13:30,810,5172
0060,13:35,815,5172
0060,13:40,820,5172
0060,13:45,825,5172
0060,13:50,830,5172
0060,13:55,835,5172
0060,14:00,840,5172
0060,14:05,845,5172
0060,14:10,850,5172
0060,14:15,855,5172
0060,14:20,860,5172
0060,14:25,865,5172
0060,14:30,870,5172
0060,14:35,875,5172
0060,14:40,880,5172
0060,14:45,885,4569
0060,14:50,890,4569
0060,14:55,895,4569
0060,15:00,900,4569
0060,15:05,905,4569
0060,15:10,910,3276
0060,15:15,915,3276
0060,15:20,920,3276
0060,15:25,925,3276
0060,15:30,930,1638
0060,15:35,935,1638
0060,15:40,940,1638
0060,15:45,945,3534
0060,15:50,950,3534
0060,15:55,955,3534
0060,16:00,960,3534
0060,16:05,965,3534
0060,16:10,970,2328
0060,16:15,975,2328
0060,16:20,980,2328
0060,16:25,985,2328
0060,16:30,990,862
0060,16:35,995,862
0060,16:40,1000,862
0060,16:45,1005,862
0060,16:50,1010,-711
0060,16:55,1015,-711
0060,17:00,1020,-711
0060,17:05,1025,-889
0060,17:10,1030,-889
0060,17:15,1035,-889
0060,17:20,1040,-889
0060,17:25,1045,-889
0060,17:30,1050,-1689
0060,17:35,1055,-1689
0060,17:40,1060,-1689
0060,17:45,1065,-1689
0060,17:50,1070,-2133
0060,17:55,1075,-2133
0060,18:00,1080,-2133
0060,18:05,1085,-2133
0060,18:10,1090,-2578
0060,18:15,1095,-2578
0060,18:20,1100,-2578
0060,18:25,1105,-3467
0060,18:30,1110,-3467
0060,18:35,1115,-3467
0060,18:40,1120,-3467
0060,18:45,1125,-3467
0060,18:50,1130,-3556
0060,18:55,1135,-3556
0060,19:00,1140,-3556
0060,19:05,1145,-3556
0060,19:10,1150,-3556
0060,19:15,1155,-3556
0060,19:20,1160,-3556
0060,19:25,1165,-4533
0060,19:30,1170,-4533
0060,19:35,1175,-4533
0060,19:40,1180,-4533
0060,19:45,1185,-5067
0060,19:50,1190,-5067
0060,19:55,1195,-5067
0060,20:00,1200,-5067
0060,20:05,1205,-5067
0060,20:10,1210,-5067
0060,20:15,1215,-5067
0060,20:20,1220,-5067
0060,20:25,1225,-5067
0060,20:30,1230,-5067
0060,20:35,1235,-5067
0060,20:40,1240,-5067
0060,20:45,1245,-5067
0060,20:50,1250,-5067
0060,20:55,1255,-5067
0060,21:00,1260,-5067
0060,21:05,1265,-5067
0060,21:10,1270,-5067
0060,21:15,1275,-5067
0060,21:20,1280,-5067
0060,21:25,1285,-5067
0060,21:30,1290,-5067
0060,21:35,1295,-5067
0060,21:40,1300,-5067
0060,21:45,1305,-5067
0060,21:50,1310,-5067
0060,21:55,1315,-5067
0060,22:00,1320,-5067
0060,22:05,1325,-5067
0060,22:10,1330,-5067
0060,22:15,1335,-5067
0060,22:20,1340,-5067
0060,22:25,1345,-5067
0060,22:30,1350,-5067
0060,22:35,1355,-5067
0060,22:40,1360,-5067
0060,22:45,1365,-5067
0060,22:50,1370,-5067
0060,22:55,1375,-5067
0060,23:00,1380,-5067
0060,23:05,1385,-5067
0060,23:10,1390,-5067
0060,23:15,1395,-5067
0060,23:16,1396,-5067
0060,23:20,1400,-5067
0061,09:00,540,0
0061,09:05,545,0
0061,09:10,550,0
0061,09:15,555,0
0061,09:20,560,0
0061,09:25,565,0
0061,09:30,570,0
0061,09:35,575,0
0061,09:40,580,0
0061,09:45,585,0
0061,09:50,590,0
0061,09:55,595,0
0061,10:00,600,0
0061,10:05,605,0
0061,10:10,610,0
0061,10:15,615,0
0061,10:20,620,0
0061,10:25,625,0
0061,10:30,630,0
0061,10:35,635,0
0061,10:40,640,0
0061,10:45,645,0
0061,10:50,650,0
0061,10:55,655,0
0061,11:00,660,0
0061,11:05,665,0
0061,11:10,670,0
0061,11:15,675,0
0061,11:20,680,0
0061,11:25,685,0
0061,11:30,690,0
0061,11:35,695,0
0061,11:40,700,0
0061,11:45,705,-178
0061,11:50,710,-178
0061,11:55,715,-178
0061,12:00,720,-178
0061,12:05,725,-178
0061,12:10,730,-178
0061,12:15,735,-178
0061,12:20,740,-178
0061,12:25,745,-178
0061,12:30,750,-178
0061,12:35,755,-178
0061,12:40,760,-178
0061,12:45,765,-178
0061,12:50,770,-178
0061,12:55,775,-178
0061,13:00,780,-178
0061,13:05,785,-178
0061,13:10,790,-178
0061,13:15,795,-178
0061,13:20,800,-178
0061,13:25,805,-444
0061,13:30,810,-444
0061,13:35,815,-444
0061,13:40,820,-444
0061,13:45,825,-444
0061,13:50,830,-1778
0061,13:55,835,-1778
0061,14:00,840,-1778
0061,14:05,845,-1778
0061,14:10,850,-2311
0061,14:15,855,-2311
0061,14:20,860,-2311
0061,14:25,865,-2311
0061,14:30,870,-3289
0061,14:35,875,-3289
0061,14:40,880,-3289
0061,14:45,885,-3556
0061,14:50,890,-3556
0061,14:55,895,-3556
0061,15:00,900,-3556
0061,15:05,905,-3556
0061,15:10,910,-3022
0061,15:15,915,-3022
0061,15:20,920,-3022
0061,15:25,925,-3022
0061,15:30,930,-4622
0061,15:35,935,-4622
0061,15:40,940,-4622
0061,15:45,945,-5867
0061,15:50,950,-5867
0061,15:55,955,-5867
0061,16:00,960,-5867
0061,16:05,965,-5867
0061,16:10,970,-7022
0061,16:15,975,-7022
0061,16:20,980,-7022
0061,16:25,985,-7022
0061,16:30,990,-7911
0061,16:35,995,-7911
0061,16:40,1000,-7911
0061,16:45,1005,-7911
0061,16:50,1010,-1778
0061,16:55,1015,-1778
0061,17:00,1020,-1778
0061,17:05,1025,1379
0061,17:10,1030,1379
0061,17:15,1035,1379
0061,17:20,1040,1379
0061,17:25,1045,1379
0061,17:30,1050,172
0061,17:35,1055,172
0061,17:40,1060,172
0061,17:45,1065,172
0061,17:50,1070,-1067
0061,17:55,1075,-1067
0061,18:00,1080,-1067
0061,18:05,1085,-1067
0061,18:10,1090,-1867
0061,18:15,1095,-1867
0061,18:20,1100,-1867
0061,18:25,1105,1121
0061,18:30,1110,1121
0061,18:35,1115,1121
0061,18:40,1120,1121
0061,18:45,1125,1121
0061,18:50,1130,2500
0061,18:55,1135,2500
0061,19:00,1140,2500
0061,19:05,1145,2500
0061,19:10,1150,1810
0061,19:15,1155,1810
0061,19:20,1160,1810
0061,19:25,1165,1810
0061,19:30,1170,1810
0061,19:35,1175,1810
0061,19:40,1180,1810
0061,19:45,1185,1466
0061,19:50,1190,1466
0061,19:55,1195,1466
0061,20:00,1200,1466
0061,20:05,1205,1466
0061,20:10,1210,1121
0061,20:15,1215,1121
0061,20:20,1220,1121
0061,20:25,1225,1121
0061,20:30,1230,1121
0061,20:35,1235,1121
0061,20:40,1240,1121
0061,20:45,1245,1121
0061,20:50,1250,1121
0061,20:55,1255,1121
0061,21:00,1260,1121
0061,21:05,1265,1121
0061,21:10,1270,1121
0061,21:15,1275,1121
0061,21:20,1280,1121
0061,21:25,1285,1121
0061,21:30,1290,1121
0061,21:35,1295,1121
0061,21:40,1300,1121
0061,21:45,1305,1121
0061,21:50,1310,1121
0061,21:55,1315,1121
0061,22:00,1320,1121
0061,22:05,1325,1121
0061,22:10,1330,1121
0061,22:15,1335,1121
0061,22:20,1340,1121
0061,22:25,1345,1121
0061,22:30,1350,1121
0061,22:35,1355,1121
0061,22:40,1360,1121
0061,22:45,1365,1121
0061,22:50,1370,1121
0061,22:55,1375,1121
0061,23:00,1380,1121
0061,23:05,1385,1121
0061,23:10,1390,1121
0061,23:15,1395,1121
0061,23:16,1396,1121
0061,23:20,1400,1121
0062,09:00,540,0
0062,09:05,545,0
0062,09:10,550,0
0062,09:15,555,0
0062,09:20,560,0
0062,09:25,565,0
0062,09:30,570,0
0062,09:35,575,0
0062,09:40,580,0
0062,09:45,585,0
0062,09:50,590,0
0062,09:55,595,0
0062,10:00,600,0
0062,10:05,605,0
0062,10:10,610,0
0062,10:15,615,0
0062,10:20,620,0
0062,10:25,625,0
0062,10:30,630,0
0062,10:35,635,0
0062,10:40,640,0
0062,10:45,645,0
0062,10:50,650,0
0062,10:55,655,0
0062,11:00,660,0
0062,11:05,665,0
0062,11:10,670,0
0062,11:15,675,0
0062,11:20,680,0
0062,11:25,685,0
0062,11:30,690,0
0062,11:35,695,0
0062,11:40,700,0
0062,11:45,705,0
0062,11:50,710,0
0062,11:55,715,0
0062,12:00,720,0
0062,12:05,725,-711
0062,12:10,730,-711
0062,12:15,735,-711
0062,12:20,740,-711
0062,12:25,745,-711
0062,12:30,750,517
0062,12:35,755,517
0062,12:40,760,517
0062,12:45,765,517
0062,12:50,770,4483
0062,12:55,775,4483
0062,13:00,780,4483
0062,13:05,785,4397
0062,13:10,790,4397
0062,13:15,795,4397
0062,13:20,800,4397
0062,13:25,805,4397
0062,13:30,810,4397
0062,13:35,815,4397
0062,13:40,820,4397
0062,13:45,825,4397
0062,13:50,830,4397
0062,13:55,835,4397
0062,14:00,840,4397
0062,14:05,845,4397
0062,14:10,850,3879
0062,14:15,855,3879
0062,14:20,860,3879
0062,14:25,865,3879
0062,14:30,870,5603
0062,14:35,875,5603
0062,14:40,880,5603
0062,14:45,885,7845
0062,14:50,890,7845
0062,14:55,895,7845
0062,15:00,900,7845
0062,15:05,905,7845
0062,15:10,910,6638
0062,15:15,915,6638
0062,15:20,920,6638
0062,15:25,925,6638
0062,15:30,930,5776
0062,15:35,935,5776
0062,15:40,940,5776
0062,15:45,945,5776
0062,15:50,950,5776
0062,15:55,955,5776
0062,16:00,960,5776
0062,16:05,965,5776
0062,16:10,970,5776
0062,16:15,975,5776
0062,16:20,980,5776
0062,16:25,985,5776
0062,16:30,990,5000
0062,16:35,995,5000
0062,16:40,1000,5000
0062,16:45,1005,5000
0062,16:50,1010,3534
0062,16:55,1015,3534
0062,17:00,1020,3534
0062,17:05,1025,3190
0062,17:10,1030,3190
0062,17:15,1035,3190
0062,17:20,1040,3190
0062,17:25,1045,3190
0062,17:30,1050,2155
0062,17:35,1055,2155
0062,17:40,1060,2155
0062,17:45,1065,2155
0062,17:50,1070,1466
0062,17:55,1075,1466
0062,18:00,1080,1466
0062,18:05,1085,1466
0062,18:10,1090,172
0062,18:15,1095,172
0062,18:20,1100,172
0062,18:25,1105,2241
0062,18:30,1110,2241
0062,18:35,1115,2241
0062,18:40,1120,2241
0062,18:45,1125,2241
0062,18:50,1130,7586
0062,18:55,1135,7586
0062,19:00,1140,7586
0062,19:05,1145,7586
0062,19:10,1150,7586
0062,19:15,1155,7586
0062,19:20,1160,7586
0062,19:25,1165,7328
0062,19:30,1170,7328
0062,19:35,1175,7328
0062,19:40,1180,7328
0062,19:45,1185,5862
0062,19:50,1190,5862
0062,19:55,1195,5862
0062,20:00,1200,5862
0062,20:05,1205,5862
0062,20:10,1210,5517
0062,20:15,1215,5517
0062,20:20,1220,5517
0062,20:25,1225,5517
0062,20:30,1230,5517
0062,20:35,1235,5517
0062,20:40,1240,5517
0062,20:45,1245,5517
0062,20:50,1250,5517
0062,20:55,1255,5517
0062,21:00,1260,5517
0062,21:05,1265,5517
0062,21:10,1270,5517
0062,21:15,1275,5517
0062,21:20,1280,5517
0062,21:25,1285,5517
0062,21:30,1290,5517
0062,21:35,1295,5517
0062,21:40,1300,5517
0062,21:45,1305,5517
0062,21:50,1310,5517
0062,21:55,1315,5517
0062,22:00,1320,5517
0062,22:05,1325,5517
0062,22:10,1330,5517
0062,22:15,1335,5517
0062,22:20,1340,5517
0062,22:25,1345,5517
0062,22:30,1350,5517
0062,22:35,1355,5517
0062,22:40,1360,5517
0062,22:45,1365,5517
0062,22:50,1370,5517
0062,22:55,1375,5517
0062,23:00,1380,5517
0062,23:05,1385,5517
0062,23:10,1390,5517
0062,23:15,1395,5517
0062,23:16,1396,5517
0062,23:20,1400,5517
0063,09:00,540,0
0063,09:05,545,0
0063,09:10,550,0
0063,09:15,555,0
0063,09:20,560,0
0063,09:25,565,0
0063,09:30,570,0
0063,09:35,575,0
0063,09:40,580,0
0063,09:45,585,0
0063,09:50,590,0
0063,09:55,595,0
0063,10:00,600,0
0063,10:05,605,0
0063,10:10,610,0
0063,10:15,615,0
0063,10:20,620,0
0063,10:25,625,-1277
0063,10:30,630,-1277
0063,10:35,635,-1277
0063,10:40,640,-2553
0063,10:45,645,-2553
0063,10:50,650,-2553
0063,10:55,655,-2553
0063,11:00,660,-3574
0063,11:05,665,-3574
0063,11:10,670,-2553
0063,11:15,675,-2553
0063,11:20,680,-2553
0063,11:25,685,-2553
0063,11:30,690,-2553
0063,11:35,695,-2553
0063,11:40,700,-2553
0063,11:45,705,-4085
0063,11:50,710,-4085
0063,11:55,715,-4085
0063,12:00,720,-4085
0063,12:05,725,-5362
0063,12:10,730,-5362
0063,12:15,735,-5362
0063,12:20,740,-5362
0063,12:25,745,-5362
0063,12:30,750,-7149
0063,12:35,755,-7149
0063,12:40,760,-7149
0063,12:45,765,-7149
0063,12:50,770,-8681
0063,12:55,775,-8681
0063,13:00,780,-8681
0063,13:05,785,-9957
0063,13:10,790,-9957
0063,13:15,795,-9957
0063,13:20,800,-9957
0063,13:25,805,-11745
0063,13:30,810,-11745
0063,13:35,815,-11745
0063,13:40,820,-11745
0063,13:45,825,-11745
0063,13:50,830,-12511
0063,13:55,835,-12511
0063,14:00,840,-12511
0063,14:05,845,-12511
0063,14:10,850,-13787
0063,14:15,855,-13787
0063,14:20,860,-13787
0063,14:25,865,-13787
0063,14:30,870,-14809
0063,14:35,875,-14809
0063,14:40,880,-14809
0063,14:45,885,-16340
0063,14:50,890,-16340
0063,14:55,895,-16340
0063,15:00,900,-16340
0063,15:05,905,-16340
0063,15:10,910,-17106
0063,15:15,915,-17106
0063,15:20,920,-17106
0063,15:25,925,-17106
0063,15:30,930,-18128
0063,15:35,935,-18128
0063,15:40,940,-18128
0063,15:45,945,-19149
0063,15:50,950,-19149
0063,15:55,955,-19149
0063,16:00,960,-19149
0063,16:05,965,-19149
0063,16:10,970,-19915
0063,16:15,975,-19915
0063,16:20,980,-19915
0063,16:25,985,-19915
0063,16:30,990,-16085
0063,16:35,995,-16085
0063,16:40,1000,-16085
0063,16:45,1005,-16085
0063,16:50,1010,-17106
0063,16:55,1015,-17106
0063,17:00,1020,-17106
0063,17:05,1025,-18128
0063,17:10,1030,-18128
0063,17:15,1035,-18128
0063,17:20,1040,-18128
0063,17:25,1045,-18128
0063,17:30,1050,-18894
0063,17:35,1055,-18894
0063,17:40,1060,-18894
0063,17:45,1065,-18894
0063,17:50,1070,-19404
0063,17:55,1075,-19404
0063,18:00,1080,-19404
0063,18:05,1085,-19404
0063,18:10,1090,-19404
0063,18:15,1095,-19404
0063,18:20,1100,-19404
0063,18:25,1105,-19404
0063,18:30,1110,-19404
0063,18:35,1115,-19404
0063,18:40,1120,-19404
0063,18:45,1125,-19404
0063,18:50,1130,-20936
0063,18:55,1135,-20936
0063,19:00,1140,-20936
0063,19:05,1145,-20936
0063,19:10,1150,-21191
0063,19:15,1155,-21191
0063,19:20,1160,-21191
0063,19:25,1165,-21191
0063,19:30,1170,-21191
0063,19:35,1175,-21191
0063,19:40,1180,-21191
0063,19:45,1185,-21191
0063,19:50,1190,-21191
0063,19:55,1195,-21191
0063,20:00,1200,-21191
0063,20:05,1205,-21191
0063,20:10,1210,-21447
0063,20:15,1215,-21447
0063,20:20,1220,-21447
0063,20:25,1225,-21447
0063,20:30,1230,-21447
0063,20:35,1235,-21447
0063,20:40,1240,-21447
0063,20:45,1245,-21447
0063,20:50,1250,-21447
0063,20:55,1255,-21447
0063,21:00,1260,-21447
0063,21:05,1265,-21447
0063,21:10,1270,-21447
0063,21:15,1275,-21447
0063,21:20,1280,-21447
0063,21:25,1285,-21447
0063,21:30,1290,-21447
0063,21:35,1295,-21447
0063,21:40,1300,-21447
0063,21:45,1305,-21447
0063,21:50,1310,-21447
0063,21:55,1315,-21447
0063,22:00,1320,-21447
0063,22:05,1325,-21702
0063,22:10,1330,-21702
0063,22:15,1335,-21702
0063,22:20,1340,-21702
0063,22:25,1345,-21702
0063,22:30,1350,-18128
0063,22:35,1355,-18128
0063,22:40,1360,-18128
0063,22:45,1365,-18128
0063,22:50,1370,-18128
0063,22:55,1375,-18128
0063,23:00,1380,-18128
0063,23:05,1385,-18128
0063,23:10,1390,-18128
0063,23:15,1395,-18128
0063,23:16,1396,-18128
0063,23:20,1400,-18128
0064,09:00,540,0
0064,09:05,545,0
0064,09:10,550,0
0064,09:15,555,0
0064,09:20,560,0
0064,09:25,565,0
0064,09:30,570,0
0064,09:35,575,0
0064,09:40,580,0
0064,09:45,585,0
0064,09:50,590,0
0064,09:55,595,0
0064,10:00,600,0
0064,10:05,605,0
0064,10:10,610,0
0064,10:15,615,0
0064,10:20,620,0
0064,10:25,625,0
0064,10:30,630,0
0064,10:35,635,0
0064,10:40,640,0
0064,10:45,645,0
0064,10:50,650,0
0064,10:55,655,0
0064,11:00,660,-260
0064,11:05,665,-260
0064,11:10,670,-260
0064,11:15,675,-260
0064,11:20,680,-260
0064,11:25,685,-260
0064,11:30,690,-260
0064,11:35,695,-260
0064,11:40,700,-260
0064,11:45,705,-260
0064,11:50,710,-260
0064,11:55,715,-260
0064,12:00,720,-260
0064,12:05,725,-260
0064,12:10,730,-260
0064,12:15,735,-260
0064,12:20,740,-260
0064,12:25,745,-260
0064,12:30,750,-1818
0064,12:35,755,-1818
0064,12:40,760,-1818
0064,12:45,765,-1818
0064,12:50,770,-3377
0064,12:55,775,-3377
0064,13:00,780,-3377
0064,13:05,785,-4416
0064,13:10,790,-4416
0064,13:15,795,-4416
0064,13:20,800,-4416
0064,13:25,805,-4416
0064,13:30,810,-4416
0064,13:35,815,-4416
0064,13:40,820,-4416
0064,13:45,825,-4416
0064,13:50,830,-4416
0064,13:55,835,-4416
0064,14:00,840,-4416
0064,14:05,845,-4416
0064,14:10,850,-4416
0064,14:15,855,-4416
0064,14:20,860,-4416
0064,14:25,865,-4416
0064,14:30,870,-5974
0064,14:35,875,-5974
0064,14:40,880,-5974
0064,14:45,885,-2338
0064,14:50,890,-2338
0064,14:55,895,-2338
0064,15:00,900,-2338
0064,15:05,905,-2338
0064,15:10,910,2564
0064,15:15,915,2564
0064,15:20,920,2564
0064,15:25,925,2564
0064,15:30,930,8462
0064,15:35,935,8462
0064,15:40,940,8462
0064,15:45,945,10513
0064,15:50,950,10513
0064,15:55,955,10513
0064,16:00,960,10513
0064,16:05,965,10513
0064,16:10,970,10256
0064,16:15,975,10256
0064,16:20,980,10256
0064,16:25,985,10256
0064,16:30,990,8974
0064,16:35,995,8974
0064,16:40,1000,8974
0064,16:45,1005,8974
0064,16:50,1010,7692
0064,16:55,1015,7692
0064,17:00,1020,7692
0064,17:05,1025,6667
0064,17:10,1030,6667
0064,17:15,1035,6667
0064,17:20,1040,6667
0064,17:25,1045,6667
0064,17:30,1050,10256
0064,17:35,1055,10256
0064,17:40,1060,10256
0064,17:45,1065,10256
0064,17:50,1070,11026
0064,17:55,1075,11026
0064,18:00,1080,11026
0064,18:05,1085,11026
0064,18:10,1090,14872
0064,18:15,1095,14872
0064,18:20,1100,14872
0064,18:25,1105,23333
0064,18:30,1110,23333
0064,18:35,1115,23333
0064,18:40,1120,23333
0064,18:45,1125,23333
0064,18:50,1130,30000
0064,18:55,1135,30000
0064,19:00,1140,30000
0064,19:05,1145,30000
0064,19:10,1150,29231
0064,19:15,1155,29231
0064,19:20,1160,29231
0064,19:25,1165,36410
0064,19:30,1170,36410
0064,19:35,1175,36410
0064,19:40,1180,36410
0064,19:45,1185,36923
0064,19:50,1190,36923
0064,19:55,1195,36923
0064,20:00,1200,36923
0064,20:05,1205,36923
0064,20:10,1210,36923
0064,20:15,1215,36923
0064,20:20,1220,36923
0064,20:25,1225,36923
0064,20:30,1230,36923
0064,20:35,1235,36923
0064,20:40,1240,36923
0064,20:45,1245,36923
0064,20:50,1250,36923
0064,20:55,1255,36923
0064,21:00,1260,36923
0064,21:05,1265,36923
0064,21:10,1270,36923
0064,21:15,1275,36923
0064,21:20,1280,36923
0064,21:25,1285,36923
0064,21:30,1290,36923
0064,21:35,1295,36923
0064,21:40,1300,36923
0064,21:45,1305,36923
0064,21:50,1310,36923
0064,21:55,1315,36923
0064,22:00,1320,36923
0064,22:05,1325,36923
0064,22:10,1330,36923
0064,22:15,1335,36923
0064,22:20,1340,36923
0064,22:25,1345,36923
0064,22:30,1350,36923
0064,22:35,1355,36923
0064,22:40,1360,36923
0064,22:45,1365,36923
0064,22:50,1370,36923
0064,22:55,1375,36923
0064,23:00,1380,36923
0064,23:05,1385,36923
0064,23:10,1390,36923
0064,23:15,1395,36923
0064,23:16,1396,36923
0064,23:20,1400,36923
0065,09:00,540,0
0065,09:05,545,0
0065,09:10,550,0
0065,09:15,555,0
0065,09:20,560,0
0065,09:25,565,0
0065,09:30,570,0
0065,09:35,575,0
0065,09:40,580,0
0065,09:45,585,0
0065,09:50,590,0
0065,09:55,595,0
0065,10:00,600,0
0065,10:05,605,0
0065,10:10,610,0
0065,10:15,615,0
0065,10:20,620,0
0065,10:25,625,0
0065,10:30,630,0
0065,10:35,635,0
0065,10:40,640,-533
0065,10:45,645,-533
0065,10:50,650,-533
0065,10:55,655,-533
0065,11:00,660,-889
0065,11:05,665,-889
0065,11:10,670,-889
0065,11:15,675,-889
0065,11:20,680,-889
0065,11:25,685,-889
0065,11:30,690,-178
0065,11:35,695,-178
0065,11:40,700,-178
0065,11:45,705,-1244
0065,11:50,710,-1244
0065,11:55,715,-1244
0065,12:00,720,-1244
0065,12:05,725,-1956
0065,12:10,730,-1956
0065,12:15,735,-1956
0065,12:20,740,-1956
0065,12:25,745,-1956
0065,12:30,750,-2667
0065,12:35,755,-2667
0065,12:40,760,-2667
0065,12:45,765,-2667
0065,12:50,770,-711
0065,12:55,775,-711
0065,13:00,780,-711
0065,13:05,785,-1778
0065,13:10,790,-1778
0065,13:15,795,-1778
0065,13:20,800,-1778
0065,13:25,805,-1956
0065,13:30,810,-1956
0065,13:35,815,-1956
0065,13:40,820,-1956
0065,13:45,825,-1956
0065,13:50,830,-1956
0065,13:55,835,-1956
0065,14:00,840,-1956
0065,14:05,845,-1956
0065,14:10,850,-1956
0065,14:15,855,-1956
0065,14:20,860,-1956
0065,14:25,865,-1956
0065,14:30,870,-2311
0065,14:35,875,-2311
0065,14:40,880,-2311
0065,14:45,885,-2844
0065,14:50,890,-2844
0065,14:55,895,-2844
0065,15:00,900,-2844
0065,15:05,905,-2844
0065,15:10,910,-4089
0065,15:15,915,-4089
0065,15:20,920,-4089
0065,15:25,925,-4089
0065,15:30,930,862
0065,15:35,935,862
0065,15:40,940,862
0065,15:45,945,6207
0065,15:50,950,6207
0065,15:55,955,6207
0065,16:00,960,6207
0065,16:05,965,6207
0065,16:10,970,10172
0065,16:15,975,10172
0065,16:20,980,10172
0065,16:25,985,10172
0065,16:30,990,8966
0065,16:35,995,8966
0065,16:40,1000,8966
0065,16:45,1005,8966
0065,16:50,1010,10517
0065,16:55,1015,10517
0065,17:00,1020,10517
0065,17:05,1025,14138
0065,17:10,1030,14138
0065,17:15,1035,14138
0065,17:20,1040,14138
0065,17:25,1045,14138
0065,17:30,1050,13621
0065,17:35,1055,13621
0065,17:40,1060,13621
0065,17:45,1065,13621
0065,17:50,1070,12759
0065,17:55,1075,12759
0065,18:00,1080,12759
0065,18:05,1085,12759
0065,18:10,1090,13276
0065,18:15,1095,13276
0065,18:20,1100,13276
0065,18:25,1105,11724
0065,18:30,1110,11724
0065,18:35,1115,11724
0065,18:40,1120,11724
0065,18:45,1125,11724
0065,18:50,1130,10517
0065,18:55,1135,10517
0065,19:00,1140,10517
0065,19:05,1145,10517
0065,19:10,1150,10000
0065,19:15,1155,10000
0065,19:20,1160,10000
0065,19:25,1165,10000
0065,19:30,1170,10000
0065,19:35,1175,10000
0065,19:40,1180,10000
0065,19:45,1185,10000
0065,19:50,1190,10000
0065,19:55,1195,10000
0065,20:00,1200,10000
0065,20:05,1205,10000
0065,20:10,1210,10000
0065,20:15,1215,10000
0065,20:20,1220,10000
0065,20:25,1225,10000
0065,20:30,1230,10000
0065,20:35,1235,10000
0065,20:40,1240,10000
0065,20:45,1245,9828
0065,20:50,1250,9828
0065,20:55,1255,9828
0065,21:00,1260,9828
0065,21:05,1265,9828
0065,21:10,1270,9828
0065,21:15,1275,9828
0065,21:20,1280,9828
0065,21:25,1285,9828
0065,21:30,1290,9655
0065,21:35,1295,9655
0065,21:40,1300,9655
0065,21:45,1305,9655
0065,21:50,1310,9655
0065,21:55,1315,9655
0065,22:00,1320,9655
0065,22:05,1325,9655
0065,22:10,1330,9655
0065,22:15,1335,9655
0065,22:20,1340,9655
0065,22:25,1345,9655
0065,22:30,1350,9655
0065,22:35,1355,9655
0065,22:40,1360,9655
0065,22:45,1365,9655
0065,22:50,1370,9655
0065,22:55,1375,9655
0065,23:00,1380,9655
0065,23:05,1385,9655
0065,23:10,1390,9655
0065,23:15,1395,9655
0065,23:16,1396,9655
0065,23:20,1400,9655
0066,09:00,540,0
0066,09:05,545,0
0066,09:10,550,0
0066,09:15,555,0
0066,09:20,560,0
0066,09:25,565,0
0066,09:30,570,0
0066,09:35,575,0
0066,09:40,580,0
0066,09:45,585,0
0066,09:50,590,0
0066,09:55,595,0
0066,10:00,600,0
0066,10:05,605,0
0066,10:10,610,-178
0066,10:15,615,-178
0066,10:20,620,-178
0066,10:25,625,-1244
0066,10:30,630,-1244
0066,10:35,635,-1244
0066,10:40,640,-2311
0066,10:45,645,-2311
0066,10:50,650,-2311
0066,10:55,655,-2311
0066,11:00,660,-3378
0066,11:05,665,-3378
0066,11:10,670,-4089
0066,11:15,675,-4089
0066,11:20,680,-4089
0066,11:25,685,-4089
0066,11:30,690,-1600
0066,11:35,695,-1600
0066,11:40,700,-1600
0066,11:45,705,4483
0066,11:50,710,4483
0066,11:55,715,4483
0066,12:00,720,4483
0066,12:05,725,3621
0066,12:10,730,3621
0066,12:15,735,3621
0066,12:20,740,3621
0066,12:25,745,3621
0066,12:30,750,2241
0066,12:35,755,2241
0066,12:40,760,2241
0066,12:45,765,2241
0066,12:50,770,1552
0066,12:55,775,1552
0066,13:00,780,1552
0066,13:05,785,345
0066,13:10,790,345
0066,13:15,795,345
0066,13:20,800,345
0066,13:25,805,-533
0066,13:30,810,-533
0066,13:35,815,-533
0066,13:40,820,-533
0066,13:45,825,-533
0066,13:50,830,-711
0066,13:55,835,-711
0066,14:00,840,-711
0066,14:05,845,-711
0066,14:10,850,-889
0066,14:15,855,-889
0066,14:20,860,-889
0066,14:25,865,-889
0066,14:30,870,-1956
0066,14:35,875,-1956
0066,14:40,880,-1956
0066,14:45,885,-3200
0066,14:50,890,-3200
0066,14:55,895,-3200
0066,15:00,900,-3200
0066,15:05,905,-3200
0066,15:10,910,-4267
0066,15:15,915,-4267
0066,15:20,920,-4267
0066,15:25,925,-4267
0066,15:30,930,-6044
0066,15:35,935,-6044
0066,15:40,940,-6044
0066,15:45,945,-7289
0066,15:50,950,-7289
0066,15:55,955,-7289
0066,16:00,960,-7289
0066,16:05,965,-7289
0066,16:10,970,-8356
0066,16:15,975,-8356
0066,16:20,980,-8356
0066,16:25,985,-8356
0066,16:30,990,-4800
0066,16:35,995,-4800
0066,16:40,1000,-4800
0066,16:45,1005,-4800
0066,16:50,1010,-3556
0066,16:55,1015,-3556
0066,17:00,1020,-3556
0066,17:05,1025,-1422
0066,17:10,1030,-1422
0066,17:15,1035,-1422
0066,17:20,1040,-1422
0066,17:25,1045,-1422
0066,17:30,1050,-3200
0066,17:35,1055,-3200
0066,17:40,1060,-3200
0066,17:45,1065,-3200
0066,17:50,1070,517
0066,17:55,1075,517
0066,18:00,1080,517
0066,18:05,1085,517
0066,18:10,1090,3103
0066,18:15,1095,3103
0066,18:20,1100,3103
0066,18:25,1105,3448
0066,18:30,1110,3448
0066,18:35,1115,3448
0066,18:40,1120,3448
0066,18:45,1125,3448
0066,18:50,1130,4138
0066,18:55,1135,4138
0066,19:00,1140,4138
0066,19:05,1145,4138
0066,19:10,1150,2931
0066,19:15,1155,2931
0066,19:20,1160,2931
0066,19:25,1165,2414
0066,19:30,1170,2414
0066,19:35,1175,2414
0066,19:40,1180,2414
0066,19:45,1185,9310
0066,19:50,1190,9310
0066,19:55,1195,9310
0066,20:00,1200,9310
0066,20:05,1205,9310
0066,20:10,1210,13276
0066,20:15,1215,13276
0066,20:20,1220,13276
0066,20:25,1225,13276
0066,20:30,1230,12414
0066,20:35,1235,12414
0066,20:40,1240,12414
0066,20:45,1245,12069
0066,20:50,1250,12069
0066,20:55,1255,12069
0066,21:00,1260,12069
0066,21:05,1265,12069
0066,21:10,1270,12069
0066,21:15,1275,12069
0066,21:20,1280,12069
0066,21:25,1285,12069
0066,21:30,1290,12069
0066,21:35,1295,12069
0066,21:40,1300,12069
0066,21:45,1305,12069
0066,21:50,1310,12069
0066,21:55,1315,12069
0066,22:00,1320,12069
0066,22:05,1325,12069
0066,22:10,1330,12069
0066,22:15,1335,12069
0066,22:20,1340,12069
0066,22:25,1345,12069
0066,22:30,1350,12069
0066,22:35,1355,12069
0066,22:40,1360,12069
0066,22:45,1365,12069
0066,22:50,1370,12069
0066,22:55,1375,12069
0066,23:00,1380,12069
0066,23:05,1385,12069
0066,23:10,1390,12069
0066,23:15,1395,12069
0066,23:16,1396,12069
0066,23:20,1400,12069
0067,09:00,540,0
0067,09:05,545,0
0067,09:10,550,0
0067,09:15,555,0
0067,09:20,560,0
0067,09:25,565,0
0067,09:30,570,0
0067,09:35,575,0
0067,09:40,580,0
0067,09:45,585,0
0067,09:50,590,0
0067,09:55,595,0
0067,10:00,600,0
0067,10:05,605,0
0067,10:10,610,0
0067,10:15,615,0
0067,10:20,620,0
0067,10:25,625,0
0067,10:30,630,0
0067,10:35,635,0
0067,10:40,640,0
0067,10:45,645,0
0067,10:50,650,0
0067,10:55,655,0
0067,11:00,660,0
0067,11:05,665,0
0067,11:10,670,0
0067,11:15,675,0
0067,11:20,680,0
0067,11:25,685,0
0067,11:30,690,-267
0067,11:35,695,-267
0067,11:40,700,-267
0067,11:45,705,-1244
0067,11:50,710,-1244
0067,11:55,715,-1244
0067,12:00,720,-1244
0067,12:05,725,-2311
0067,12:10,730,-2311
0067,12:15,735,-2311
0067,12:20,740,-2311
0067,12:25,745,-2311
0067,12:30,750,-267
0067,12:35,755,-267
0067,12:40,760,-267
0067,12:45,765,-267
0067,12:50,770,2069
0067,12:55,775,2069
0067,13:00,780,2069
0067,13:05,785,948
0067,13:10,790,948
0067,13:15,795,948
0067,13:20,800,948
0067,13:25,805,-89
0067,13:30,810,-89
0067,13:35,815,-89
0067,13:40,820,-89
0067,13:45,825,-89
0067,13:50,830,-178
0067,13:55,835,-178
0067,14:00,840,-178
0067,14:05,845,-178
0067,14:10,850,-889
0067,14:15,855,-889
0067,14:20,860,-889
0067,14:25,865,-889
0067,14:30,870,-356
0067,14:35,875,-356
0067,14:40,880,-356
0067,14:45,885,-1956
0067,14:50,890,-1956
0067,14:55,895,-1956
0067,15:00,900,-1956
0067,15:05,905,-1956
0067,15:10,910,-3022
0067,15:15,915,-3022
0067,15:20,920,-3022
0067,15:25,925,-3022
0067,15:30,930,-4267
0067,15:35,935,-4267
0067,15:40,940,-4267
0067,15:45,945,-5422
0067,15:50,950,-5422
0067,15:55,955,-5422
0067,16:00,960,-5422
0067,16:05,965,-5422
0067,16:10,970,-4800
0067,16:15,975,-4800
0067,16:20,980,-4800
0067,16:25,985,-4800
0067,16:30,990,-6311
0067,16:35,995,-6311
0067,16:40,1000,-6311
0067,16:45,1005,-6311
0067,16:50,1010,-3822
0067,16:55,1015,-3822
0067,17:00,1020,-3822
0067,17:05,1025,-4444
0067,17:10,1030,-4444
0067,17:15,1035,-4444
0067,17:20,1040,-4444
0067,17:25,1045,-4444
0067,17:30,1050,-5956
0067,17:35,1055,-5956
0067,17:40,1060,-5956
0067,17:45,1065,-5956
0067,17:50,1070,-7022
0067,17:55,1075,-7022
0067,18:00,1080,-7022
0067,18:05,1085,-7022
0067,18:10,1090,-7556
0067,18:15,1095,-7556
0067,18:20,1100,-7556
0067,18:25,1105,-8178
0067,18:30,1110,-8178
0067,18:35,1115,-8178
0067,18:40,1120,-8178
0067,18:45,1125,-8178
0067,18:50,1130,-8356
0067,18:55,1135,-8356
0067,19:00,1140,-8356
0067,19:05,1145,-8356
0067,19:10,1150,-8356
0067,19:15,1155,-8356
0067,19:20,1160,-8356
0067,19:25,1165,-8356
0067,19:30,1170,-8356
0067,19:35,1175,-8356
0067,19:40,1180,-8356
0067,19:45,1185,-8356
0067,19:50,1190,-8356
0067,19:55,1195,-8356
0067,20:00,1200,-8356
0067,20:05,1205,-8356
0067,20:10,1210,-8356
0067,20:15,1215,-8356
0067,20:20,1220,-8356
0067,20:25,1225,-8356
0067,20:30,1230,-8533
0067,20:35,1235,-8533
0067,20:40,1240,-8533
0067,20:45,1245,-8533
0067,20:50,1250,-8533
0067,20:55,1255,-8533
0067,21:00,1260,-8533
0067,21:05,1265,-8533
0067,21:10,1270,-8533
0067,21:15,1275,-8533
0067,21:20,1280,-8533
0067,21:25,1285,-8533
0067,21:30,1290,-8533
0067,21:35,1295,-8533
0067,21:40,1300,-8533
0067,21:45,1305,-8533
0067,21:50,1310,-8533
0067,21:55,1315,-8533
0067,22:00,1320,-8533
0067,22:05,1325,-8533
0067,22:10,1330,-8533
0067,22:15,1335,-8533
0067,22:20,1340,-8533
0067,22:25,1345,-8533
0067,22:30,1350,-8533
0067,22:35,1355,-8533
0067,22:40,1360,-8533
0067,22:45,1365,-8533
0067,22:50,1370,-8533
0067,22:55,1375,-8533
0067,23:00,1380,-8533
0067,23:05,1385,-8533
0067,23:10,1390,-8533
0067,23:15,1395,-8533
0067,23:16,1396,-8533
0067,23:20,1400,-8533
0068,09:00,540,0
0068,09:05,545,0
0068,09:10,550,0
0068,09:15,555,0
0068,09:20,560,0
0068,09:25,565,0
0068,09:30,570,0
0068,09:35,575,0
0068,09:40,580,0
0068,09:45,585,0
0068,09:50,590,0
0068,09:55,595,0
0068,10:00,600,0
0068,10:05,605,0
0068,10:10,610,0
0068,10:15,615,0
0068,10:20,620,0
0068,10:25,625,0
0068,10:30,630,0
0068,10:35,635,0
0068,10:40,640,0
0068,10:45,645,0
0068,10:50,650,0
0068,10:55,655,0
0068,11:00,660,-356
0068,11:05,665,-356
0068,11:10,670,-533
0068,11:15,675,-533
0068,11:20,680,-533
0068,11:25,685,-533
0068,11:30,690,1207
0068,11:35,695,1207
0068,11:40,700,1207
0068,11:45,705,6552
0068,11:50,710,6552
0068,11:55,715,6552
0068,12:00,720,6552
0068,12:05,725,5690
0068,12:10,730,5690
0068,12:15,735,5690
0068,12:20,740,5690
0068,12:25,745,5690
0068,12:30,750,5172
0068,12:35,755,5172
0068,12:40,760,5172
0068,12:45,765,5172
0068,12:50,770,6552
0068,12:55,775,6552
0068,13:00,780,6552
0068,13:05,785,5345
0068,13:10,790,5345
0068,13:15,795,5345
0068,13:20,800,5345
0068,13:25,805,3793
0068,13:30,810,3793
0068,13:35,815,3793
0068,13:40,820,3793
0068,13:45,825,3793
0068,13:50,830,2586
0068,13:55,835,2586
0068,14:00,840,2586
0068,14:05,845,2586
0068,14:10,850,1379
0068,14:15,855,1379
0068,14:20,860,1379
0068,14:25,865,1379
0068,14:30,870,0
0068,14:35,875,0
0068,14:40,880,0
0068,14:45,885,-1422
0068,14:50,890,-1422
0068,14:55,895,-1422
0068,15:00,900,-1422
0068,15:05,905,-1422
0068,15:10,910,-2667
0068,15:15,915,-2667
0068,15:20,920,-2667
0068,15:25,925,-2667
0068,15:30,930,-4267
0068,15:35,935,-4267
0068,15:40,940,-4267
0068,15:45,945,-5689
0068,15:50,950,-5689
0068,15:55,955,-5689
0068,16:00,960,-5689
0068,16:05,965,-5689
0068,16:10,970,-6756
0068,16:15,975,-6756
0068,16:20,980,-6756
0068,16:25,985,-6756
0068,16:30,990,-8356
0068,16:35,995,-8356
0068,16:40,1000,-8356
0068,16:45,1005,-8356
0068,16:50,1010,-7644
0068,16:55,1015,-7644
0068,17:00,1020,-7644
0068,17:05,1025,-2133
0068,17:10,1030,-2133
0068,17:15,1035,-2133
0068,17:20,1040,-2133
0068,17:25,1045,-2133
0068,17:30,1050,4655
0068,17:35,1055,4655
0068,17:40,1060,4655
0068,17:45,1065,4655
0068,17:50,1070,6897
0068,17:55,1075,6897
0068,18:00,1080,6897
0068,18:05,1085,6897
0068,18:10,1090,7586
0068,18:15,1095,7586
0068,18:20,1100,7586
0068,18:25,1105,6034
0068,18:30,1110,6034
0068,18:35,1115,6034
0068,18:40,1120,6034
0068,18:45,1125,6034
0068,18:50,1130,10000
0068,18:55,1135,10000
0068,19:00,1140,10000
0068,19:05,1145,10000
0068,19:10,1150,9138
0068,19:15,1155,9138
0068,19:20,1160,9138
0068,19:25,1165,7586
0068,19:30,1170,7586
0068,19:35,1175,7586
0068,19:40,1180,7586
0068,19:45,1185,8103
0068,19:50,1190,8103
0068,19:55,1195,8103
0068,20:00,1200,8103
0068,20:05,1205,8103
0068,20:10,1210,7069
0068,20:15,1215,7069
0068,20:20,1220,7069
0068,20:25,1225,7069
0068,20:30,1230,6034
0068,20:35,1235,6034
0068,20:40,1240,6034
0068,20:45,1245,6034
0068,20:50,1250,6034
0068,20:55,1255,6034
0068,21:00,1260,6034
0068,21:05,1265,6034
0068,21:10,1270,6034
0068,21:15,1275,6034
0068,21:20,1280,6034
0068,21:25,1285,6034
0068,21:30,1290,6034
0068,21:35,1295,6034
0068,21:40,1300,6034
0068,21:45,1305,6034
0068,21:50,1310,6034
0068,21:55,1315,6034
0068,22:00,1320,6034
0068,22:05,1325,6034
0068,22:10,1330,6034
0068,22:15,1335,6034
0068,22:20,1340,6034
0068,22:25,1345,6034
0068,22:30,1350,6034
0068,22:35,1355,6034
0068,22:40,1360,6034
0068,22:45,1365,6034
0068,22:50,1370,6034
0068,22:55,1375,6034
0068,23:00,1380,6034
0068,23:05,1385,6034
0068,23:10,1390,6034
0068,23:15,1395,6034
0068,23:16,1396,6034
0068,23:20,1400,6034
0069,09:00,540,0
0069,09:05,545,0
0069,09:10,550,0
0069,09:15,555,0
0069,09:20,560,0
0069,09:25,565,0
0069,09:30,570,0
0069,09:35,575,0
0069,09:40,580,0
0069,09:45,585,0
0069,09:50,590,0
0069,09:55,595,0
0069,10:00,600,0
0069,10:05,605,0
0069,10:10,610,0
0069,10:15,615,0
0069,10:20,620,0
0069,10:25,625,0
0069,10:30,630,0
0069,10:35,635,0
0069,10:40,640,0
0069,10:45,645,0
0069,10:50,650,0
0069,10:55,655,0
0069,11:00,660,0
0069,11:05,665,0
0069,11:10,670,0
0069,11:15,675,0
0069,11:20,680,0
0069,11:25,685,0
0069,11:30,690,0
0069,11:35,695,0
0069,11:40,700,0
0069,11:45,705,-178
0069,11:50,710,-178
0069,11:55,715,-178
0069,12:00,720,-178
0069,12:05,725,-1422
0069,12:10,730,-1422
0069,12:15,735,-1422
0069,12:20,740,-1422
0069,12:25,745,-1422
0069,12:30,750,-3378
0069,12:35,755,-3378
0069,12:40,760,-3378
0069,12:45,765,-3378
0069,12:50,770,-4978
0069,12:55,775,-4978
0069,13:00,780,-4978
0069,13:05,785,-6222
0069,13:10,790,-6222
0069,13:15,795,-6222
0069,13:20,800,-6222
0069,13:25,805,-7822
0069,13:30,810,-7822
0069,13:35,815,-7822
0069,13:40,820,-7822
0069,13:45,825,-7822
0069,13:50,830,-9244
0069,13:55,835,-9244
0069,14:00,840,-9244
0069,14:05,845,-9244
0069,14:10,850,-10489
0069,14:15,855,-10489
0069,14:20,860,-10489
0069,14:25,865,-10489
0069,14:30,870,-8889
0069,14:35,875,-8889
0069,14:40,880,-8889
0069,14:45,885,-6578
0069,14:50,890,-6578
0069,14:55,895,-6578
0069,15:00,900,-6578
0069,15:05,905,-6578
0069,15:10,910,-1067
0069,15:15,915,-1067
0069,15:20,920,-1067
0069,15:25,925,-1067
0069,15:30,930,2759
0069,15:35,935,2759
0069,15:40,940,2759
0069,15:45,945,3448
0069,15:50,950,3448
0069,15:55,955,3448
0069,16:00,960,3448
0069,16:05,965,3448
0069,16:10,970,2414
0069,16:15,975,2414
0069,16:20,980,2414
0069,16:25,985,2414
0069,16:30,990,862
0069,16:35,995,862
0069,16:40,1000,862
0069,16:45,1005,862
0069,16:50,1010,-356
0069,16:55,1015,-356
0069,17:00,1020,-356
0069,17:05,1025,-1422
0069,17:10,1030,-1422
0069,17:15,1035,-1422
0069,17:20,1040,-1422
0069,17:25,1045,-1422
0069,17:30,1050,-2489
0069,17:35,1055,-2489
0069,17:40,1060,-2489
0069,17:45,1065,-2489
0069,17:50,1070,-3556
0069,17:55,1075,-3556
0069,18:00,1080,-3556
0069,18:05,1085,-3556
0069,18:10,1090,-1067
0069,18:15,1095,-1067
0069,18:20,1100,-1067
0069,18:25,1105,-2311
0069,18:30,1110,-2311
0069,18:35,1115,-2311
0069,18:40,1120,-2311
0069,18:45,1125,-2311
0069,18:50,1130,-3556
0069,18:55,1135,-3556
0069,19:00,1140,-3556
0069,19:05,1145,-3556
0069,19:10,1150,-4978
0069,19:15,1155,-4978
0069,19:20,1160,-4978
0069,19:25,1165,-6756
0069,19:30,1170,-6756
0069,19:35,1175,-6756
0069,19:40,1180,-6756
0069,19:45,1185,-6756
0069,19:50,1190,-6756
0069,19:55,1195,-6756
0069,20:00,1200,-6756
0069,20:05,1205,-6756
0069,20:10,1210,-2489
0069,20:15,1215,-2489
0069,20:20,1220,-2489
0069,20:25,1225,-2489
0069,20:30,1230,1552
0069,20:35,1235,1552
0069,20:40,1240,1552
0069,20:45,1245,2069
0069,20:50,1250,2069
0069,20:55,1255,2069
0069,21:00,1260,2069
0069,21:05,1265,2069
0069,21:10,1270,1034
0069,21:15,1275,1034
0069,21:20,1280,1034
0069,21:25,1285,1034
0069,21:30,1290,-889
0069,21:35,1295,-889
0069,21:40,1300,-889
0069,21:45,1305,-1244
0069,21:50,1310,-1244
0069,21:55,1315,-1244
0069,22:00,1320,-1244
0069,22:05,1325,-1244
0069,22:10,1330,-1244
0069,22:15,1335,-1244
0069,22:20,1340,-1244
0069,22:25,1345,-1244
0069,22:30,1350,-1244
0069,22:35,1355,-1244
0069,22:40,1360,-1244
0069,22:45,1365,-1244
0069,22:50,1370,-1244
0069,22:55,1375,-1244
0069,23:00,1380,-1244
0069,23:05,1385,-1244
0069,23:10,1390,-1244
0069,23:15,1395,-1244
0069,23:16,1396,-1244
0069,23:20,1400,-1244
0070,09:00,540,0
0070,09:05,545,0
0070,09:10,550,0
0070,09:15,555,0
0070,09:20,560,0
0070,09:25,565,0
0070,09:30,570,0
0070,09:35,575,0
0070,09:40,580,0
0070,09:45,585,0
0070,09:50,590,0
0070,09:55,595,0
0070,10:00,600,0
0070,10:05,605,0
0070,10:10,610,0
0070,10:15,615,0
0070,10:20,620,0
0070,10:25,625,0
0070,10:30,630,0
0070,10:35,635,0
0070,10:40,640,0
0070,10:45,645,0
0070,10:50,650,0
0070,10:55,655,0
0070,11:00,660,0
0070,11:05,665,0
0070,11:10,670,0
0070,11:15,675,0
0070,11:20,680,0
0070,11:25,685,0
0070,11:30,690,0
0070,11:35,695,0
0070,11:40,700,0
0070,11:45,705,0
0070,11:50,710,0
0070,11:55,715,0
0070,12:00,720,0
0070,12:05,725,-356
0070,12:10,730,-356
0070,12:15,735,-356
0070,12:20,740,-356
0070,12:25,745,-356
0070,12:30,750,-356
0070,12:35,755,-356
0070,12:40,760,-356
0070,12:45,765,-356
0070,12:50,770,-356
0070,12:55,775,-356
0070,13:00,780,-356
0070,13:05,785,-356
0070,13:10,790,-356
0070,13:15,795,-356
0070,13:20,800,-356
0070,13:25,805,-356
0070,13:30,810,-356
0070,13:35,815,-356
0070,13:40,820,-356
0070,13:45,825,-356
0070,13:50,830,-711
0070,13:55,835,-711
0070,14:00,840,-711
0070,14:05,845,-711
0070,14:10,850,-1422
0070,14:15,855,-1422
0070,14:20,860,-1422
0070,14:25,865,-1422
0070,14:30,870,-3289
0070,14:35,875,-3289
0070,14:40,880,-3289
0070,14:45,885,-3289
0070,14:50,890,-3289
0070,14:55,895,-3289
0070,15:00,900,-3289
0070,15:05,905,-3289
0070,15:10,910,-3289
0070,15:15,915,-3289
0070,15:20,920,-3289
0070,15:25,925,-3289
0070,15:30,930,-3733
0070,15:35,935,-3733
0070,15:40,940,-3733
0070,15:45,945,-4533
0070,15:50,950,-4533
0070,15:55,955,-4533
0070,16:00,960,-4533
0070,16:05,965,-4533
0070,16:10,970,-4622
0070,16:15,975,-4622
0070,16:20,980,-4622
0070,16:25,985,-4622
0070,16:30,990,-4267
0070,16:35,995,-4267
0070,16:40,1000,-4267
0070,16:45,1005,-4267
0070,16:50,1010,-1867
0070,16:55,1015,-1867
0070,17:00,1020,-1867
0070,17:05,1025,-1156
0070,17:10,1030,-1156
0070,17:15,1035,-1156
0070,17:20,1040,-1156
0070,17:25,1045,-1156
0070,17:30,1050,-1422
0070,17:35,1055,-1422
0070,17:40,1060,-1422
0070,17:45,1065,-1422
0070,17:50,1070,-2400
0070,17:55,1075,-2400
0070,18:00,1080,-2400
0070,18:05,1085,-2400
0070,18:10,1090,-2933
0070,18:15,1095,-2933
0070,18:20,1100,-2933
0070,18:25,1105,-2933
0070,18:30,1110,-2933
0070,18:35,1115,-2933
0070,18:40,1120,-2933
0070,18:45,1125,-2933
0070,18:50,1130,-2933
0070,18:55,1135,-2933
0070,19:00,1140,-2933
0070,19:05,1145,-2933
0070,19:10,1150,-2933
0070,19:15,1155,-2933
0070,19:20,1160,-2933
0070,19:25,1165,-2933
0070,19:30,1170,-2933
0070,19:35,1175,-2933
0070,19:40,1180,-2933
0070,19:45,1185,-2933
0070,19:50,1190,-2933
0070,19:55,1195,-2933
0070,20:00,1200,-2933
0070,20:05,1205,-2933
0070,20:10,1210,-2933
0070,20:15,1215,-2933
0070,20:20,1220,-2933
0070,20:25,1225,-2933
0070,20:30,1230,-2933
0070,20:35,1235,-2933
0070,20:40,1240,-2933
0070,20:45,1245,-2933
0070,20:50,1250,-2933
0070,20:55,1255,-2933
0070,21:00,1260,-2933
0070,21:05,1265,-2933
0070,21:10,1270,-2933
0070,21:15,1275,-2933
0070,21:20,1280,-2933
0070,21:25,1285,-2933
0070,21:30,1290,-2933
0070,21:35,1295,-2933
0070,21:40,1300,-2933
0070,21:45,1305,-2933
0070,21:50,1310,-2933
0070,21:55,1315,-2933
0070,22:00,1320,-2933
0070,22:05,1325,-2933
0070,22:10,1330,-2933
0070,22:15,1335,-2933
0070,22:20,1340,-2933
0070,22:25,1345,-2933
0070,22:30,1350,-2933
0070,22:35,1355,-2933
0070,22:40,1360,-2933
0070,22:45,1365,-2933
0070,22:50,1370,-2933
0070,22:55,1375,-2933
0070,23:00,1380,-2933
0070,23:05,1385,-2933
0070,23:10,1390,-2933
0070,23:15,1395,-2933
0070,23:16,1396,-2933
0070,23:20,1400,-2933
0071,09:00,540,0
0071,09:05,545,0
0071,09:10,550,0
0071,09:15,555,0
0071,09:20,560,0
0071,09:25,565,0
0071,09:30,570,0
0071,09:35,575,0
0071,09:40,580,0
0071,09:45,585,0
0071,09:50,590,0
0071,09:55,595,0
0071,10:00,600,0
0071,10:05,605,0
0071,10:10,610,0
0071,10:15,615,0
0071,10:20,620,0
0071,10:25,625,0
0071,10:30,630,0
0071,10:35,635,0
0071,10:40,640,0
0071,10:45,645,0
0071,10:50,650,0
0071,10:55,655,0
0071,11:00,660,-533
0071,11:05,665,-533
0071,11:10,670,-533
0071,11:15,675,-533
0071,11:20,680,-533
0071,11:25,685,-533
0071,11:30,690,-1778
0071,11:35,695,-1778
0071,11:40,700,-1778
0071,11:45,705,2414
0071,11:50,710,2414
0071,11:55,715,2414
0071,12:00,720,2414
0071,12:05,725,6034
0071,12:10,730,6034
0071,12:15,735,6034
0071,12:20,740,6034
0071,12:25,745,6034
0071,12:30,750,4483
0071,12:35,755,4483
0071,12:40,760,4483
0071,12:45,765,4483
0071,12:50,770,3448
0071,12:55,775,3448
0071,13:00,780,3448
0071,13:05,785,2069
0071,13:10,790,2069
0071,13:15,795,2069
0071,13:20,800,2069
0071,13:25,805,862
0071,13:30,810,862
0071,13:35,815,862
0071,13:40,820,862
0071,13:45,825,862
0071,13:50,830,-356
0071,13:55,835,-356
0071,14:00,840,-356
0071,14:05,845,-356
0071,14:10,850,-889
0071,14:15,855,-889
0071,14:20,860,-889
0071,14:25,865,-889
0071,14:30,870,-1600
0071,14:35,875,-1600
0071,14:40,880,-1600
0071,14:45,885,-2489
0071,14:50,890,-2489
0071,14:55,895,-2489
0071,15:00,900,-2489
0071,15:05,905,-2489
0071,15:10,910,-3556
0071,15:15,915,-3556
0071,15:20,920,-3556
0071,15:25,925,-3556
0071,15:30,930,-4622
0071,15:35,935,-4622
0071,15:40,940,-4622
0071,15:45,945,-5511
0071,15:50,950,-5511
0071,15:55,955,-5511
0071,16:00,960,-5511
0071,16:05,965,-5511
0071,16:10,970,-6933
0071,16:15,975,-6933
0071,16:20,980,-6933
0071,16:25,985,-6933
0071,16:30,990,-8178
0071,16:35,995,-8178
0071,16:40,1000,-8178
0071,16:45,1005,-8178
0071,16:50,1010,-9422
0071,16:55,1015,-9422
0071,17:00,1020,-9422
0071,17:05,1025,-10311
0071,17:10,1030,-10311
0071,17:15,1035,-10311
0071,17:20,1040,-10311
0071,17:25,1045,-10311
0071,17:30,1050,-11200
0071,17:35,1055,-11200
0071,17:40,1060,-11200
0071,17:45,1065,-11200
0071,17:50,1070,-11200
0071,17:55,1075,-11200
0071,18:00,1080,-11200
0071,18:05,1085,-11200
0071,18:10,1090,-11200
0071,18:15,1095,-11200
0071,18:20,1100,-11200
0071,18:25,1105,-11200
0071,18:30,1110,-11200
0071,18:35,1115,-11200
0071,18:40,1120,-11200
0071,18:45,1125,-11200
0071,18:50,1130,-9244
0071,18:55,1135,-9244
0071,19:00,1140,-9244
0071,19:05,1145,-9244
0071,19:10,1150,-9600
0071,19:15,1155,-9600
0071,19:20,1160,-9600
0071,19:25,1165,-10489
0071,19:30,1170,-10489
0071,19:35,1175,-10489
0071,19:40,1180,-10489
0071,19:45,1185,-11733
0071,19:50,1190,-11733
0071,19:55,1195,-11733
0071,20:00,1200,-11733
0071,20:05,1205,-11733
0071,20:10,1210,-12800
0071,20:15,1215,-12800
0071,20:20,1220,-12800
0071,20:25,1225,-12800
0071,20:30,1230,-13867
0071,20:35,1235,-13867
0071,20:40,1240,-13867
0071,20:45,1245,-6933
0071,20:50,1250,-6933
0071,20:55,1255,-6933
0071,21:00,1260,-6933
0071,21:05,1265,-6933
0071,21:10,1270,-7822
0071,21:15,1275,-7822
0071,21:20,1280,-7822
0071,21:25,1285,-7822
0071,21:30,1290,-9067
0071,21:35,1295,-9067
0071,21:40,1300,-9067
0071,21:45,1305,-9956
0071,21:50,1310,-9956
0071,21:55,1315,-9956
0071,22:00,1320,-9956
0071,22:05,1325,-9956
0071,22:10,1330,-9956
0071,22:15,1335,-9956
0071,22:20,1340,-9956
0071,22:25,1345,-9956
0071,22:30,1350,-9956
0071,22:35,1355,-9956
0071,22:40,1360,-9956
0071,22:45,1365,-9956
0071,22:50,1370,-9956
0071,22:55,1375,-9956
0071,23:00,1380,-9956
0071,23:05,1385,-9956
0071,23:10,1390,-9956
0071,23:15,1395,-9956
0071,23:16,1396,-9956
0071,23:20,1400,-9956
0072,09:00,540,0
0072,09:05,545,0
0072,09:10,550,0
0072,09:15,555,0
0072,09:20,560,0
0072,09:25,565,0
0072,09:30,570,0
0072,09:35,575,0
0072,09:40,580,0
0072,09:45,585,0
0072,09:50,590,0
0072,09:55,595,0
0072,10:00,600,0
0072,10:05,605,0
0072,10:10,610,0
0072,10:15,615,0
0072,10:20,620,0
0072,10:25,625,0
0072,10:30,630,0
0072,10:35,635,0
0072,10:40,640,0
0072,10:45,645,0
0072,10:50,650,0
0072,10:55,655,0
0072,11:00,660,0
0072,11:05,665,0
0072,11:10,670,0
0072,11:15,675,0
0072,11:20,680,0
0072,11:25,685,0
0072,11:30,690,-711
0072,11:35,695,-711
0072,11:40,700,-711
0072,11:45,705,-267
0072,11:50,710,-267
0072,11:55,715,-267
0072,12:00,720,-267
0072,12:05,725,-1600
0072,12:10,730,-1600
0072,12:15,735,-1600
0072,12:20,740,-1600
0072,12:25,745,-1600
0072,12:30,750,-2756
0072,12:35,755,-2756
0072,12:40,760,-2756
0072,12:45,765,-2756
0072,12:50,770,2586
0072,12:55,775,2586
0072,13:00,780,2586
0072,13:05,785,3621
0072,13:10,790,3621
0072,13:15,795,3621
0072,13:20,800,3621
0072,13:25,805,6897
0072,13:30,810,6897
0072,13:35,815,6897
0072,13:40,820,6897
0072,13:45,825,6897
0072,13:50,830,5776
0072,13:55,835,5776
0072,14:00,840,5776
0072,14:05,845,5776
0072,14:10,850,4741
0072,14:15,855,4741
0072,14:20,860,4741
0072,14:25,865,4741
0072,14:30,870,3103
0072,14:35,875,3103
0072,14:40,880,3103
0072,14:45,885,1638
0072,14:50,890,1638
0072,14:55,895,1638
0072,15:00,900,1638
0072,15:05,905,1638
0072,15:10,910,517
0072,15:15,915,517
0072,15:20,920,517
0072,15:25,925,517
0072,15:30,930,-889
0072,15:35,935,-889
0072,15:40,940,-889
0072,15:45,945,-2311
0072,15:50,950,-2311
0072,15:55,955,-2311
0072,16:00,960,-2311
0072,16:05,965,-2311
0072,16:10,970,-3556
0072,16:15,975,-3556
0072,16:20,980,-3556
0072,16:25,985,-3556
0072,16:30,990,-1867
0072,16:35,995,-1867
0072,16:40,1000,-1867
0072,16:45,1005,-1867
0072,16:50,1010,-889
0072,16:55,1015,-889
0072,17:00,1020,-889
0072,17:05,1025,-444
0072,17:10,1030,-444
0072,17:15,1035,-444
0072,17:20,1040,-444
0072,17:25,1045,-444
0072,17:30,1050,-1422
0072,17:35,1055,-1422
0072,17:40,1060,-1422
0072,17:45,1065,-1422
0072,17:50,1070,-2844
0072,17:55,1075,-2844
0072,18:00,1080,-2844
0072,18:05,1085,-2844
0072,18:10,1090,-3822
0072,18:15,1095,-3822
0072,18:20,1100,-3822
0072,18:25,1105,-4089
0072,18:30,1110,-4089
0072,18:35,1115,-4089
0072,18:40,1120,-4089
0072,18:45,1125,-4089
0072,18:50,1130,-4089
0072,18:55,1135,-4089
0072,19:00,1140,-4089
0072,19:05,1145,-4089
0072,19:10,1150,-4089
0072,19:15,1155,-4089
0072,19:20,1160,-4089
0072,19:25,1165,-4089
0072,19:30,1170,-4089
0072,19:35,1175,-4089
0072,19:40,1180,-4089
0072,19:45,1185,-4089
0072,19:50,1190,-4089
0072,19:55,1195,-4089
0072,20:00,1200,-4089
0072,20:05,1205,-4089
0072,20:10,1210,-4089
0072,20:15,1215,-4089
0072,20:20,1220,-4089
0072,20:25,1225,-4089
0072,20:30,1230,-4089
0072,20:35,1235,-4089
0072,20:40,1240,-4089
0072,20:45,1245,-4089
0072,20:50,1250,-4089
0072,20:55,1255,-4089
0072,21:00,1260,-4089
0072,21:05,1265,-4089
0072,21:10,1270,-4089
0072,21:15,1275,-4089
0072,21:20,1280,-4089
0072,21:25,1285,-4089
0072,21:30,1290,-4089
0072,21:35,1295,-4089
0072,21:40,1300,-4089
0072,21:45,1305,-4089
0072,21:50,1310,-4089
0072,21:55,1315,-4089
0072,22:00,1320,-4089
0072,22:05,1325,-4089
0072,22:10,1330,-4089
0072,22:15,1335,-4089
0072,22:20,1340,-4089
0072,22:25,1345,-4089
0072,22:30,1350,-4089
0072,22:35,1355,-4089
0072,22:40,1360,-4089
0072,22:45,1365,-4089
0072,22:50,1370,-4089
0072,22:55,1375,-4089
0072,23:00,1380,-4089
0072,23:05,1385,-4089
0072,23:10,1390,-4089
0072,23:15,1395,-4089
0072,23:16,1396,-4089
0072,23:20,1400,-4089
0073,09:00,540,0
0073,09:05,545,0
0073,09:10,550,0
0073,09:15,555,0
0073,09:20,560,0
0073,09:25,565,0
0073,09:30,570,0
0073,09:35,575,0
0073,09:40,580,0
0073,09:45,585,0
0073,09:50,590,0
0073,09:55,595,0
0073,10:00,600,0
0073,10:05,605,0
0073,10:10,610,0
0073,10:15,615,0
0073,10:20,620,0
0073,10:25,625,0
0073,10:30,630,0
0073,10:35,635,0
0073,10:40,640,0
0073,10:45,645,0
0073,10:50,650,0
0073,10:55,655,0
0073,11:00,660,0
0073,11:05,665,0
0073,11:10,670,0
0073,11:15,675,0
0073,11:20,680,0
0073,11:25,685,0
0073,11:30,690,1810
0073,11:35,695,1810
0073,11:40,700,1810
0073,11:45,705,862
0073,11:50,710,862
0073,11:55,715,862
0073,12:00,720,862
0073,12:05,725,-533
0073,12:10,730,-533
0073,12:15,735,-533
0073,12:20,740,-533
0073,12:25,745,-533
0073,12:30,750,-2044
0073,12:35,755,-2044
0073,12:40,760,-2044
0073,12:45,765,-2044
0073,12:50,770,-3111
0073,12:55,775,-3111
0073,13:00,780,-3111
0073,13:05,785,-3111
0073,13:10,790,-3111
0073,13:15,795,-3111
0073,13:20,800,-3111
0073,13:25,805,-3111
0073,13:30,810,-3111
0073,13:35,815,-3111
0073,13:40,820,-3111
0073,13:45,825,-3111
0073,13:50,830,-3111
0073,13:55,835,-3111
0073,14:00,840,-3111
0073,14:05,845,-3111
0073,14:10,850,-4267
0073,14:15,855,-4267
0073,14:20,860,-4267
0073,14:25,865,-4267
0073,14:30,870,-5867
0073,14:35,875,-5867
0073,14:40,880,-5867
0073,14:45,885,-3467
0073,14:50,890,-3467
0073,14:55,895,-3467
0073,15:00,900,-3467
0073,15:05,905,-3467
0073,15:10,910,-1244
0073,15:15,915,-1244
0073,15:20,920,-1244
0073,15:25,925,-1244
0073,15:30,930,776
0073,15:35,935,776
0073,15:40,940,776
0073,15:45,945,0
0073,15:50,950,0
0073,15:55,955,0
0073,16:00,960,0
0073,16:05,965,0
0073,16:10,970,-1156
0073,16:15,975,-1156
0073,16:20,980,-1156
0073,16:25,985,-1156
0073,16:30,990,1293
0073,16:35,995,1293
0073,16:40,1000,1293
0073,16:45,1005,1293
0073,16:50,1010,1121
0073,16:55,1015,1121
0073,17:00,1020,1121
0073,17:05,1025,517
0073,17:10,1030,517
0073,17:15,1035,517
0073,17:20,1040,517
0073,17:25,1045,517
0073,17:30,1050,-622
0073,17:35,1055,-622
0073,17:40,1060,-622
0073,17:45,1065,-622
0073,17:50,1070,-1778
0073,17:55,1075,-1778
0073,18:00,1080,-1778
0073,18:05,1085,-1778
0073,18:10,1090,1638
0073,18:15,1095,1638
0073,18:20,1100,1638
0073,18:25,1105,7069
0073,18:30,1110,7069
0073,18:35,1115,7069
0073,18:40,1120,7069
0073,18:45,1125,7069
0073,18:50,1130,5517
0073,18:55,1135,5517
0073,19:00,1140,5517
0073,19:05,1145,5517
0073,19:10,1150,4224
0073,19:15,1155,4224
0073,19:20,1160,4224
0073,19:25,1165,2500
0073,19:30,1170,2500
0073,19:35,1175,2500
0073,19:40,1180,2500
0073,19:45,1185,2500
0073,19:50,1190,2500
0073,19:55,1195,2500
0073,20:00,1200,2500
0073,20:05,1205,2500
0073,20:10,1210,2500
0073,20:15,1215,2500
0073,20:20,1220,2500
0073,20:25,1225,2500
0073,20:30,1230,2500
0073,20:35,1235,2500
0073,20:40,1240,2500
0073,20:45,1245,2500
0073,20:50,1250,2500
0073,20:55,1255,2500
0073,21:00,1260,2500
0073,21:05,1265,2500
0073,21:10,1270,2500
0073,21:15,1275,2500
0073,21:20,1280,2500
0073,21:25,1285,2500
0073,21:30,1290,2500
0073,21:35,1295,2500
0073,21:40,1300,2500
0073,21:45,1305,2500
0073,21:50,1310,2500
0073,21:55,1315,2500
0073,22:00,1320,2500
0073,22:05,1325,2500
0073,22:10,1330,2500
0073,22:15,1335,2500
0073,22:20,1340,2500
0073,22:25,1345,2500
0073,22:30,1350,2500
0073,22:35,1355,2500
0073,22:40,1360,2500
0073,22:45,1365,2500
0073,22:50,1370,2500
0073,22:55,1375,2500
0073,23:00,1380,2500
0073,23:05,1385,2500
0073,23:10,1390,2500
0073,23:15,1395,2500
0073,23:16,1396,2500
0073,23:20,1400,2500
0074,09:00,540,0
0074,09:05,545,0
0074,09:10,550,0
0074,09:15,555,0
0074,09:20,560,0
0074,09:25,565,0
0074,09:30,570,0
0074,09:35,575,0
0074,09:40,580,0
0074,09:45,585,0
0074,09:50,590,0
0074,09:55,595,0
0074,10:00,600,0
0074,10:05,605,0
0074,10:10,610,0
0074,10:15,615,0
0074,10:20,620,0
0074,10:25,625,0
0074,10:30,630,0
0074,10:35,635,0
0074,10:40,640,0
0074,10:45,645,0
0074,10:50,650,0
0074,10:55,655,0
0074,11:00,660,-89
0074,11:05,665,-89
0074,11:10,670,-533
0074,11:15,675,-533
0074,11:20,680,-533
0074,11:25,685,-533
0074,11:30,690,-1956
0074,11:35,695,-1956
0074,11:40,700,-1956
0074,11:45,705,-2933
0074,11:50,710,-2933
0074,11:55,715,-2933
0074,12:00,720,-2933
0074,12:05,725,-3556
0074,12:10,730,-3556
0074,12:15,735,-3556
0074,12:20,740,-3556
0074,12:25,745,-3556
0074,12:30,750,-5511
0074,12:35,755,-5511
0074,12:40,760,-5511
0074,12:45,765,-5511
0074,12:50,770,-6489
0074,12:55,775,-6489
0074,13:00,780,-6489
0074,13:05,785,-6222
0074,13:10,790,-6222
0074,13:15,795,-6222
0074,13:20,800,-6222
0074,13:25,805,-1333
0074,13:30,810,-1333
0074,13:35,815,-1333
0074,13:40,820,-1333
0074,13:45,825,-1333
0074,13:50,830,-2756
0074,13:55,835,-2756
0074,14:00,840,-2756
0074,14:05,845,-2756
0074,14:10,850,-3378
0074,14:15,855,-3378
0074,14:20,860,-3378
0074,14:25,865,-3378
0074,14:30,870,-4356
0074,14:35,875,-4356
0074,14:40,880,-4356
0074,14:45,885,-5867
0074,14:50,890,-5867
0074,14:55,895,-5867
0074,15:00,900,-5867
0074,15:05,905,-5867
0074,15:10,910,-6222
0074,15:15,915,-6222
0074,15:20,920,-6222
0074,15:25,925,-6222
0074,15:30,930,-7644
0074,15:35,935,-7644
0074,15:40,940,-7644
0074,15:45,945,-8800
0074,15:50,950,-8800
0074,15:55,955,-8800
0074,16:00,960,-8800
0074,16:05,965,-8800
0074,16:10,970,-9778
0074,16:15,975,-9778
0074,16:20,980,-9778
0074,16:25,985,-9778
0074,16:30,990,-2667
0074,16:35,995,-2667
0074,16:40,1000,-2667
0074,16:45,1005,-2667
0074,16:50,1010,-444
0074,16:55,1015,-444
0074,17:00,1020,-444
0074,17:05,1025,5000
0074,17:10,1030,5000
0074,17:15,1035,5000
0074,17:20,1040,5000
0074,17:25,1045,5000
0074,17:30,1050,4052
0074,17:35,1055,4052
0074,17:40,1060,4052
0074,17:45,1065,4052
0074,17:50,1070,2759
0074,17:55,1075,2759
0074,18:00,1080,2759
0074,18:05,1085,2759
0074,18:10,1090,2759
0074,18:15,1095,2759
0074,18:20,1100,2759
0074,18:25,1105,2414
0074,18:30,1110,2414
0074,18:35,1115,2414
0074,18:40,1120,2414
0074,18:45,1125,2414
0074,18:50,1130,2414
0074,18:55,1135,2414
0074,19:00,1140,2414
0074,19:05,1145,2414
0074,19:10,1150,1983
0074,19:15,1155,1983
0074,19:20,1160,1983
0074,19:25,1165,1724
0074,19:30,1170,1724
0074,19:35,1175,1724
0074,19:40,1180,1724
0074,19:45,1185,1379
0074,19:50,1190,1379
0074,19:55,1195,1379
0074,20:00,1200,1379
0074,20:05,1205,1379
0074,20:10,1210,1379
0074,20:15,1215,1379
0074,20:20,1220,1379
0074,20:25,1225,1379
0074,20:30,1230,1379
0074,20:35,1235,1379
0074,20:40,1240,1379
0074,20:45,1245,1379
0074,20:50,1250,1379
0074,20:55,1255,1379
0074,21:00,1260,1379
0074,21:05,1265,1379
0074,21:10,1270,1379
0074,21:15,1275,1379
0074,21:20,1280,1379
0074,21:25,1285,1379
0074,21:30,1290,1379
0074,21:35,1295,1379
0074,21:40,1300,1379
0074,21:45,1305,1379
0074,21:50,1310,1379
0074,21:55,1315,1379
0074,22:00,1320,1379
0074,22:05,1325,1379
0074,22:10,1330,1379
0074,22:15,1335,1379
0074,22:20,1340,1379
0074,22:25,1345,1379
0074,22:30,1350,1379
0074,22:35,1355,1379
0074,22:40,1360,1379
0074,22:45,1365,1379
0074,22:50,1370,1379
0074,22:55,1375,1379
0074,23:00,1380,1379
0074,23:05,1385,1379
0074,23:10,1390,1379
0074,23:15,1395,1379
0074,23:16,1396,1379
0074,23:20,1400,1379
0075,09:00,540,0
0075,09:05,545,0
0075,09:10,550,0
0075,09:15,555,0
0075,09:20,560,0
0075,09:25,565,0
0075,09:30,570,0
0075,09:35,575,0
0075,09:40,580,0
0075,09:45,585,0
0075,09:50,590,0
0075,09:55,595,0
0075,10:00,600,0
0075,10:05,605,0
0075,10:10,610,0
0075,10:15,615,0
0075,10:20,620,0
0075,10:25,625,0
0075,10:30,630,0
0075,10:35,635,0
0075,10:40,640,0
0075,10:45,645,0
0075,10:50,650,0
0075,10:55,655,0
0075,11:00,660,0
0075,11:05,665,0
0075,11:10,670,0
0075,11:15,675,0
0075,11:20,680,0
0075,11:25,685,0
0075,11:30,690,-444
0075,11:35,695,-444
0075,11:40,700,-444
0075,11:45,705,431
0075,11:50,710,431
0075,11:55,715,431
0075,12:00,720,431
0075,12:05,725,5603
0075,12:10,730,5603
0075,12:15,735,5603
0075,12:20,740,5603
0075,12:25,745,5603
0075,12:30,750,8362
0075,12:35,755,8362
0075,12:40,760,8362
0075,12:45,765,8362
0075,12:50,770,7931
0075,12:55,775,7931
0075,13:00,780,7931
0075,13:05,785,6638
0075,13:10,790,6638
0075,13:15,795,6638
0075,13:20,800,6638
0075,13:25,805,5000
0075,13:30,810,5000
0075,13:35,815,5000
0075,13:40,820,5000
0075,13:45,825,5000
0075,13:50,830,3879
0075,13:55,835,3879
0075,14:00,840,3879
0075,14:05,845,3879
0075,14:10,850,3362
0075,14:15,855,3362
0075,14:20,860,3362
0075,14:25,865,3362
0075,14:30,870,3190
0075,14:35,875,3190
0075,14:40,880,3190
0075,14:45,885,3190
0075,14:50,890,3190
0075,14:55,895,3190
0075,15:00,900,3190
0075,15:05,905,3190
0075,15:10,910,2931
0075,15:15,915,2931
0075,15:20,920,2931
0075,15:25,925,2931
0075,15:30,930,1552
0075,15:35,935,1552
0075,15:40,940,1552
0075,15:45,945,172
0075,15:50,950,172
0075,15:55,955,172
0075,16:00,960,172
0075,16:05,965,172
0075,16:10,970,-1156
0075,16:15,975,-1156
0075,16:20,980,-1156
0075,16:25,985,-1156
0075,16:30,990,-2311
0075,16:35,995,-2311
0075,16:40,1000,-2311
0075,16:45,1005,-2311
0075,16:50,1010,-3644
0075,16:55,1015,-3644
0075,17:00,1020,-3644
0075,17:05,1025,-4978
0075,17:10,1030,-4978
0075,17:15,1035,-4978
0075,17:20,1040,-4978
0075,17:25,1045,-4978
0075,17:30,1050,-2756
0075,17:35,1055,-2756
0075,17:40,1060,-2756
0075,17:45,1065,-2756
0075,17:50,1070,-4000
0075,17:55,1075,-4000
0075,18:00,1080,-4000
0075,18:05,1085,-4000
0075,18:10,1090,-4267
0075,18:15,1095,-4267
0075,18:20,1100,-4267
0075,18:25,1105,-5511
0075,18:30,1110,-5511
0075,18:35,1115,-5511
0075,18:40,1120,-5511
0075,18:45,1125,-5511
0075,18:50,1130,-2667
0075,18:55,1135,-2667
0075,19:00,1140,-2667
0075,19:05,1145,-2667
0075,19:10,1150,-2311
0075,19:15,1155,-2311
0075,19:20,1160,-2311
0075,19:25,1165,-2400
0075,19:30,1170,-2400
0075,19:35,1175,-2400
0075,19:40,1180,-2400
0075,19:45,1185,-2578
0075,19:50,1190,-2578
0075,19:55,1195,-2578
0075,20:00,1200,-2578
0075,20:05,1205,-2578
0075,20:10,1210,-2578
0075,20:15,1215,-2578
0075,20:20,1220,-2578
0075,20:25,1225,-2578
0075,20:30,1230,-2578
0075,20:35,1235,-2578
0075,20:40,1240,-2578
0075,20:45,1245,-2578
0075,20:50,1250,-2578
0075,20:55,1255,-2578
0075,21:00,1260,-2578
0075,21:05,1265,-2578
0075,21:10,1270,-2578
0075,21:15,1275,-2578
0075,21:20,1280,-2578
0075,21:25,1285,-2578
0075,21:30,1290,-2578
0075,21:35,1295,-2578
0075,21:40,1300,-2578
0075,21:45,1305,-2578
0075,21:50,1310,-2578
0075,21:55,1315,-2578
0075,22:00,1320,-2578
0075,22:05,1325,-2578
0075,22:10,1330,-2578
0075,22:15,1335,-2578
0075,22:20,1340,-2578
0075,22:25,1345,-2578
0075,22:30,1350,-2578
0075,22:35,1355,-2578
0075,22:40,1360,-2578
0075,22:45,1365,-2578
0075,22:50,1370,-2578
0075,22:55,1375,-2578
0075,23:00,1380,-2578
0075,23:05,1385,-2578
0075,23:10,1390,-2578
0075,23:15,1395,-2578
0075,23:16,1396,-2578
0075,23:20,1400,-2578
0076,09:00,540,0
0076,09:05,545,0
0076,09:10,550,0
0076,09:15,555,0
0076,09:20,560,0
0076,09:25,565,0
0076,09:30,570,0
0076,09:35,575,0
0076,09:40,580,0
0076,09:45,585,0
0076,09:50,590,0
0076,09:55,595,0
0076,10:00,600,0
0076,10:05,605,0
0076,10:10,610,0
0076,10:15,615,0
0076,10:20,620,0
0076,10:25,625,0
0076,10:30,630,0
0076,10:35,635,0
0076,10:40,640,0
0076,10:45,645,0
0076,10:50,650,0
0076,10:55,655,0
0076,11:00,660,0
0076,11:05,665,0
0076,11:10,670,-622
0076,11:15,675,-622
0076,11:20,680,-622
0076,11:25,685,-622
0076,11:30,690,-1511
0076,11:35,695,-1511
0076,11:40,700,-1511
0076,11:45,705,-1511
0076,11:50,710,-1511
0076,11:55,715,-1511
0076,12:00,720,-1511
0076,12:05,725,-1511
0076,12:10,730,-1511
0076,12:15,735,-1511
0076,12:20,740,-1511
0076,12:25,745,-1511
0076,12:30,750,-1511
0076,12:35,755,-1511
0076,12:40,760,-1511
0076,12:45,765,-1511
0076,12:50,770,-1511
0076,12:55,775,-1511
0076,13:00,780,-1511
0076,13:05,785,-1511
0076,13:10,790,-1511
0076,13:15,795,-1511
0076,13:20,800,-1511
0076,13:25,805,-1600
0076,13:30,810,-1600
0076,13:35,815,-1600
0076,13:40,820,-1600
0076,13:45,825,-1600
0076,13:50,830,-3022
0076,13:55,835,-3022
0076,14:00,840,-3022
0076,14:05,845,-3022
0076,14:10,850,-2667
0076,14:15,855,-2667
0076,14:20,860,-2667
0076,14:25,865,-2667
0076,14:30,870,-444
0076,14:35,875,-444
0076,14:40,880,-444
0076,14:45,885,-2044
0076,14:50,890,-2044
0076,14:55,895,-2044
0076,15:00,900,-2044
0076,15:05,905,-2044
0076,15:10,910,1983
0076,15:15,915,1983
0076,15:20,920,1983
0076,15:25,925,1983
0076,15:30,930,431
0076,15:35,935,431
0076,15:40,940,431
0076,15:45,945,-1067
0076,15:50,950,-1067
0076,15:55,955,-1067
0076,16:00,960,-1067
0076,16:05,965,-1067
0076,16:10,970,-1956
0076,16:15,975,-1956
0076,16:20,980,-1956
0076,16:25,985,-1956
0076,16:30,990,-178
0076,16:35,995,-178
0076,16:40,1000,-178
0076,16:45,1005,-178
0076,16:50,1010,-1511
0076,16:55,1015,-1511
0076,17:00,1020,-1511
0076,17:05,1025,-2489
0076,17:10,1030,-2489
0076,17:15,1035,-2489
0076,17:20,1040,-2489
0076,17:25,1045,-2489
0076,17:30,1050,-4178
0076,17:35,1055,-4178
0076,17:40,1060,-4178
0076,17:45,1065,-4178
0076,17:50,1070,-3289
0076,17:55,1075,-3289
0076,18:00,1080,-3289
0076,18:05,1085,-3289
0076,18:10,1090,-2400
0076,18:15,1095,-2400
0076,18:20,1100,-2400
0076,18:25,1105,-4178
0076,18:30,1110,-4178
0076,18:35,1115,-4178
0076,18:40,1120,-4178
0076,18:45,1125,-4178
0076,18:50,1130,-4800
0076,18:55,1135,-4800
0076,19:00,1140,-4800
0076,19:05,1145,-4800
0076,19:10,1150,-4800
0076,19:15,1155,-4800
0076,19:20,1160,-4800
0076,19:25,1165,-4800
0076,19:30,1170,-4800
0076,19:35,1175,-4800
0076,19:40,1180,-4800
0076,19:45,1185,-4800
0076,19:50,1190,-4800
0076,19:55,1195,-4800
0076,20:00,1200,-4800
0076,20:05,1205,-4800
0076,20:10,1210,-4800
0076,20:15,1215,-4800
0076,20:20,1220,-4800
0076,20:25,1225,-4800
0076,20:30,1230,-4978
0076,20:35,1235,-4978
0076,20:40,1240,-4978
0076,20:45,1245,-4978
0076,20:50,1250,-4978
0076,20:55,1255,-4978
0076,21:00,1260,-4978
0076,21:05,1265,-4978
0076,21:10,1270,-4978
0076,21:15,1275,-4978
0076,21:20,1280,-4978
0076,21:25,1285,-4978
0076,21:30,1290,-4978
0076,21:35,1295,-4978
0076,21:40,1300,-4978
0076,21:45,1305,-4978
0076,21:50,1310,-4978
0076,21:55,1315,-4978
0076,22:00,1320,-4978
0076,22:05,1325,-4978
0076,22:10,1330,-4978
0076,22:15,1335,-4978
0076,22:20,1340,-4978
0076,22:25,1345,-4978
0076,22:30,1350,-4978
0076,22:35,1355,-4978
0076,22:40,1360,-4978
0076,22:45,1365,-4978
0076,22:50,1370,-4978
0076,22:55,1375,-4978
0076,23:00,1380,-4978
0076,23:05,1385,-4978
0076,23:10,1390,-4978
0076,23:15,1395,-4978
0076,23:16,1396,-4978
0076,23:20,1400,-4978
0077,09:00,540,0
0077,09:05,545,0
0077,09:10,550,0
0077,09:15,555,0
0077,09:20,560,0
0077,09:25,565,0
0077,09:30,570,0
0077,09:35,575,0
0077,09:40,580,0
0077,09:45,585,0
0077,09:50,590,0
0077,09:55,595,0
0077,10:00,600,0
0077,10:05,605,0
0077,10:10,610,-255
0077,10:15,615,-255
0077,10:20,620,-255
0077,10:25,625,-1532
0077,10:30,630,-1532
0077,10:35,635,-1532
0077,10:40,640,-2809
0077,10:45,645,-2809
0077,10:50,650,-2809
0077,10:55,655,-2809
0077,11:00,660,-3830
0077,11:05,665,-3830
0077,11:10,670,-4596
0077,11:15,675,-4596
0077,11:20,680,-4596
0077,11:25,685,-4596
0077,11:30,690,-6128
0077,11:35,695,-6128
0077,11:40,700,-6128
0077,11:45,705,-7660
0077,11:50,710,-7660
0077,11:55,715,-7660
0077,12:00,720,-7660
0077,12:05,725,-8936
0077,12:10,730,-8936
0077,12:15,735,-8936
0077,12:20,740,-8936
0077,12:25,745,-8936
0077,12:30,750,-10723
0077,12:35,755,-10723
0077,12:40,760,-10723
0077,12:45,765,-10723
0077,12:50,770,-12511
0077,12:55,775,-12511
0077,13:00,780,-12511
0077,13:05,785,-13787
0077,13:10,790,-13787
0077,13:15,795,-13787
0077,13:20,800,-13787
0077,13:25,805,-15064
0077,13:30,810,-15064
0077,13:35,815,-15064
0077,13:40,820,-15064
0077,13:45,825,-15064
0077,13:50,830,-13021
0077,13:55,835,-13021
0077,14:00,840,-13021
0077,14:05,845,-13021
0077,14:10,850,-12000
0077,14:15,855,-12000
0077,14:20,860,-12000
0077,14:25,865,-12000
0077,14:30,870,-13787
0077,14:35,875,-13787
0077,14:40,880,-13787
0077,14:45,885,-15064
0077,14:50,890,-15064
0077,14:55,895,-15064
0077,15:00,900,-15064
0077,15:05,905,-15064
0077,15:10,910,-16085
0077,15:15,915,-16085
0077,15:20,920,-16085
0077,15:25,925,-16085
0077,15:30,930,-17872
0077,15:35,935,-17872
0077,15:40,940,-17872
0077,15:45,945,-18638
0077,15:50,950,-18638
0077,15:55,955,-18638
0077,16:00,960,-18638
0077,16:05,965,-18638
0077,16:10,970,-19915
0077,16:15,975,-19915
0077,16:20,980,-19915
0077,16:25,985,-19915
0077,16:30,990,-21191
0077,16:35,995,-21191
0077,16:40,1000,-21191
0077,16:45,1005,-21191
0077,16:50,1010,-21957
0077,16:55,1015,-21957
0077,17:00,1020,-21957
0077,17:05,1025,-18383
0077,17:10,1030,-18383
0077,17:15,1035,-18383
0077,17:20,1040,-18383
0077,17:25,1045,-18383
0077,17:30,1050,-13021
0077,17:35,1055,-13021
0077,17:40,1060,-13021
0077,17:45,1065,-13021
0077,17:50,1070,-14553
0077,17:55,1075,-14553
0077,18:00,1080,-14553
0077,18:05,1085,-14553
0077,18:10,1090,-14809
0077,18:15,1095,-14809
0077,18:20,1100,-14809
0077,18:25,1105,-15319
0077,18:30,1110,-15319
0077,18:35,1115,-15319
0077,18:40,1120,-15319
0077,18:45,1125,-15319
0077,18:50,1130,-16085
0077,18:55,1135,-16085
0077,19:00,1140,-16085
0077,19:05,1145,-16085
0077,19:10,1150,-10468
0077,19:15,1155,-10468
0077,19:20,1160,-10468
0077,19:25,1165,-2553
0077,19:30,1170,-2553
0077,19:35,1175,-2553
0077,19:40,1180,-2553
0077,19:45,1185,-2553
0077,19:50,1190,-2553
0077,19:55,1195,-2553
0077,20:00,1200,-2553
0077,20:05,1205,-2553
0077,20:10,1210,-2553
0077,20:15,1215,-2553
0077,20:20,1220,-2553
0077,20:25,1225,-2553
0077,20:30,1230,-2553
0077,20:35,1235,-2553
0077,20:40,1240,-2553
0077,20:45,1245,-2553
0077,20:50,1250,-2553
0077,20:55,1255,-2553
0077,21:00,1260,-2553
0077,21:05,1265,-2553
0077,21:10,1270,-2553
0077,21:15,1275,-2553
0077,21:20,1280,-2553
0077,21:25,1285,-2553
0077,21:30,1290,-2553
0077,21:35,1295,-2553
0077,21:40,1300,-2553
0077,21:45,1305,-2553
0077,21:50,1310,-2553
0077,21:55,1315,-2553
0077,22:00,1320,-2553
0077,22:05,1325,-2553
0077,22:10,1330,-2553
0077,22:15,1335,-2553
0077,22:20,1340,-2553
0077,22:25,1345,-2553
0077,22:30,1350,-2553
0077,22:35,1355,-2553
0077,22:40,1360,-2553
0077,22:45,1365,-2553
0077,22:50,1370,-2553
0077,22:55,1375,-2553
0077,23:00,1380,-2553
0077,23:05,1385,-2553
0077,23:10,1390,-2553
0077,23:15,1395,-2553
0077,23:16,1396,-2553
0077,23:20,1400,-2553
