machine,time,minute,value
0039,09:00,540,0
0039,09:05,545,0
0039,09:10,550,0
0039,09:15,555,0
0039,09:20,560,0
0039,09:25,565,0
0039,09:30,570,0
0039,09:35,575,0
0039,09:40,580,0
0039,09:45,585,0
0039,09:50,590,0
0039,09:55,595,0
0039,10:00,600,0
0039,10:05,605,0
0039,10:10,610,0
0039,10:15,615,0
0039,10:20,620,0
0039,10:25,625,0
0039,10:30,630,0
0039,10:35,635,0
0039,10:40,640,0
0039,10:45,645,0
0039,10:50,650,0
0039,10:55,655,0
0039,11:00,660,0
0039,11:05,665,0
0039,11:10,670,0
0039,11:15,675,0
0039,11:20,680,0
0039,11:25,685,0
0039,11:30,690,-178
0039,11:35,695,-178
0039,11:40,700,-178
0039,11:45,705,-1778
0039,11:50,710,-1778
0039,11:55,715,-1778
0039,12:00,720,-1778
0039,12:05,725,-2844
0039,12:10,730,-2844
0039,12:15,735,-2844
0039,12:20,740,-2844
0039,12:25,745,-2844
0039,12:30,750,-3911
0039,12:35,755,-3911
0039,12:40,760,-3911
0039,12:45,765,-3911
0039,12:50,770,-5156
0039,12:55,775,-5156
0039,13:00,780,-5156
0039,13:05,785,-6044
0039,13:10,790,-6044
0039,13:15,795,-6044
0039,13:20,800,-6044
0039,13:25,805,-7644
0039,13:30,810,-7644
0039,13:35,815,-7644
0039,13:40,820,-7644
0039,13:45,825,-7644
0039,13:50,830,-8533
0039,13:55,835,-8533
0039,14:00,840,-8533
0039,14:05,845,-8533
0039,14:10,850,-9778
0039,14:15,855,-9778
0039,14:20,860,-9778
0039,14:25,865,-9778
0039,14:30,870,-11022
0039,14:35,875,-11022
0039,14:40,880,-11022
0039,14:45,885,-12267
0039,14:50,890,-12267
0039,14:55,895,-12267
0039,15:00,900,-12267
0039,15:05,905,-12267
0039,15:10,910,-13333
0039,15:15,915,-13333
0039,15:20,920,-13333
0039,15:25,925,-13333
0039,15:30,930,-11378
0039,15:35,935,-11378
0039,15:40,940,-11378
0039,15:45,945,-10844
0039,15:50,950,-10844
0039,15:55,955,-10844
0039,16:00,960,-10844
0039,16:05,965,-10844
0039,16:10,970,-12089
0039,16:15,975,-12089
0039,16:20,980,-12089
0039,16:25,985,-12089
0039,16:30,990,-12267
0039,16:35,995,-12267
0039,16:40,1000,-12267
0039,16:45,1005,-12267
0039,16:50,1010,-12267
0039,16:55,1015,-12267
0039,17:00,1020,-12267
0039,17:05,1025,-12267
0039,17:10,1030,-12267
0039,17:15,1035,-12267
0039,17:20,1040,-12267
0039,17:25,1045,-12267
0039,17:30,1050,-12267
0039,17:35,1055,-12267
0039,17:40,1060,-12267
0039,17:45,1065,-12267
0039,17:50,1070,-12267
0039,17:55,1075,-12267
0039,18:00,1080,-12267
0039,18:05,1085,-12267
0039,18:10,1090,-12267
0039,18:15,1095,-12267
0039,18:20,1100,-12267
0039,18:25,1105,-12267
0039,18:30,1110,-12267
0039,18:35,1115,-12267
0039,18:40,1120,-12267
0039,18:45,1125,-12267
0039,18:50,1130,-12267
0039,18:55,1135,-12267
0039,19:00,1140,-12267
0039,19:05,1145,-12267
0039,19:10,1150,-12800
0039,19:15,1155,-12800
0039,19:20,1160,-12800
0039,19:25,1165,-4267
0039,19:30,1170,-4267
0039,19:35,1175,-4267
0039,19:40,1180,-4267
0039,19:45,1185,-4622
0039,19:50,1190,-4622
0039,19:55,1195,-4622
0039,20:00,1200,-4622
0039,20:05,1205,-4622
0039,20:10,1210,-4622
0039,20:15,1215,-4622
0039,20:20,1220,-4622
0039,20:25,1225,-4622
0039,20:30,1230,-4622
0039,20:35,1235,-4622
0039,20:40,1240,-4622
0039,20:45,1245,-4978
0039,20:50,1250,-4978
0039,20:55,1255,-4978
0039,21:00,1260,-4978
0039,21:05,1265,-4978
0039,21:10,1270,-4978
0039,21:15,1275,-4978
0039,21:20,1280,-4978
0039,21:25,1285,-4978
0039,21:30,1290,-4978
0039,21:35,1295,-4978
0039,21:40,1300,-4978
0039,21:45,1305,-4978
0039,21:50,1310,-4978
0039,21:55,1315,-4978
0039,22:00,1320,-4978
0039,22:05,1325,-4978
0039,22:10,1330,-4978
0039,22:15,1335,-4978
0039,22:20,1340,-4978
0039,22:25,1345,-4978
0039,22:30,1350,-4978
0039,22:35,1355,-4978
0039,22:40,1360,-4978
0039,22:45,1365,-4978
0039,22:50,1370,-4978
0039,22:55,1375,-4978
0039,23:00,1380,-4978
0039,23:05,1385,-4978
0039,23:10,1390,-4978
0039,23:15,1395,-4978
0039,23:16,1396,-4978
0039,23:20,1400,-4978
0040,09:00,540,0
0040,09:05,545,0
0040,09:10,550,0
0040,09:15,555,0
0040,09:20,560,0
0040,09:25,565,0
0040,09:30,570,0
0040,09:35,575,0
0040,09:40,580,0
0040,09:45,585,0
0040,09:50,590,0
0040,09:55,595,0
0040,10:00,600,0
0040,10:05,605,0
0040,10:10,610,0
0040,10:15,615,0
0040,10:20,620,0
0040,10:25,625,0
0040,10:30,630,0
0040,10:35,635,0
0040,10:40,640,0
0040,10:45,645,0
0040,10:50,650,0
0040,10:55,655,0
0040,11:00,660,0
0040,11:05,665,0
0040,11:10,670,0
0040,11:15,675,0
0040,11:20,680,0
0040,11:25,685,0
0040,11:30,690,0
0040,11:35,695,0
0040,11:40,700,0
0040,11:45,705,0
0040,11:50,710,0
0040,11:55,715,0
0040,12:00,720,0
0040,12:05,725,0
0040,12:10,730,0
0040,12:15,735,0
0040,12:20,740,0
0040,12:25,745,0
0040,12:30,750,0
0040,12:35,755,0
0040,12:40,760,0
0040,12:45,765,0
0040,12:50,770,-533
0040,12:55,775,-533
0040,13:00,780,-533
0040,13:05,785,-978
0040,13:10,790,-978
0040,13:15,795,-978
0040,13:20,800,-978
0040,13:25,805,-1244
0040,13:30,810,-1244
0040,13:35,815,-1244
0040,13:40,820,-1244
0040,13:45,825,-1244
0040,13:50,830,-1422
0040,13:55,835,-1422
0040,14:00,840,-1422
0040,14:05,845,-1422
0040,14:10,850,-1422
0040,14:15,855,-1422
0040,14:20,860,-1422
0040,14:25,865,-1422
0040,14:30,870,-1956
0040,14:35,875,-1956
0040,14:40,880,-1956
0040,14:45,885,-2400
0040,14:50,890,-2400
0040,14:55,895,-2400
0040,15:00,900,-2400
0040,15:05,905,-2400
0040,15:10,910,-3289
0040,15:15,915,-3289
0040,15:20,920,-3289
0040,15:25,925,-3289
0040,15:30,930,-3289
0040,15:35,935,-3289
0040,15:40,940,-3289
0040,15:45,945,-3289
0040,15:50,950,-3289
0040,15:55,955,-3289
0040,16:00,960,-3289
0040,16:05,965,-3289
0040,16:10,970,-3467
0040,16:15,975,-3467
0040,16:20,980,-3467
0040,16:25,985,-3467
0040,16:30,990,-3467
0040,16:35,995,-3467
0040,16:40,1000,-3467
0040,16:45,1005,-3467
0040,16:50,1010,-3467
0040,16:55,1015,-3467
0040,17:00,1020,-3467
0040,17:05,1025,-3467
0040,17:10,1030,-3467
0040,17:15,1035,-3467
0040,17:20,1040,-3467
0040,17:25,1045,-3467
0040,17:30,1050,-3467
0040,17:35,1055,-3467
0040,17:40,1060,-3467
0040,17:45,1065,-3467
0040,17:50,1070,-3467
0040,17:55,1075,-3467
0040,18:00,1080,-3467
0040,18:05,1085,-3467
0040,18:10,1090,-3467
0040,18:15,1095,-3467
0040,18:20,1100,-3467
0040,18:25,1105,-2400
0040,18:30,1110,-2400
0040,18:35,1115,-2400
0040,18:40,1120,-2400
0040,18:45,1125,-2400
0040,18:50,1130,-2667
0040,18:55,1135,-2667
0040,19:00,1140,-2667
0040,19:05,1145,-2667
0040,19:10,1150,1121
0040,19:15,1155,1121
0040,19:20,1160,1121
0040,19:25,1165,-444
0040,19:30,1170,-444
0040,19:35,1175,-444
0040,19:40,1180,-444
0040,19:45,1185,-1244
0040,19:50,1190,-1244
0040,19:55,1195,-1244
0040,20:00,1200,-1244
0040,20:05,1205,-1244
0040,20:10,1210,-1333
0040,20:15,1215,-1333
0040,20:20,1220,-1333
0040,20:25,1225,-1333
0040,20:30,1230,-1333
0040,20:35,1235,-1333
0040,20:40,1240,-1333
0040,20:45,1245,-1333
0040,20:50,1250,-1333
0040,20:55,1255,-1333
0040,21:00,1260,-1333
0040,21:05,1265,-1333
0040,21:10,1270,-1333
0040,21:15,1275,-1333
0040,21:20,1280,-1333
0040,21:25,1285,-1333
0040,21:30,1290,-1333
0040,21:35,1295,-1333
0040,21:40,1300,-1333
0040,21:45,1305,-1333
0040,21:50,1310,-1333
0040,21:55,1315,-1333
0040,22:00,1320,-1333
0040,22:05,1325,-1333
0040,22:10,1330,-1333
0040,22:15,1335,-1333
0040,22:20,1340,-1333
0040,22:25,1345,-1333
0040,22:30,1350,-1333
0040,22:35,1355,-1333
0040,22:40,1360,-1333
0040,22:45,1365,-1333
0040,22:50,1370,-1333
0040,22:55,1375,-1333
0040,23:00,1380,-1333
0040,23:05,1385,-1333
0040,23:10,1390,-1333
0040,23:15,1395,-1333
0040,23:16,1396,-1333
0040,23:20,1400,-1333
0041,09:00,540,0
0041,09:05,545,0
0041,09:10,550,0
0041,09:15,555,0
0041,09:20,560,0
0041,09:25,565,0
0041,09:30,570,0
0041,09:35,575,0
0041,09:40,580,0
0041,09:45,585,0
0041,09:50,590,0
0041,09:55,595,0
0041,10:00,600,0
0041,10:05,605,0
0041,10:10,610,0
0041,10:15,615,0
0041,10:20,620,0
0041,10:25,625,0
0041,10:30,630,0
0041,10:35,635,0
0041,10:40,640,0
0041,10:45,645,0
0041,10:50,650,0
0041,10:55,655,0
0041,11:00,660,0
0041,11:05,665,0
0041,11:10,670,-533
0041,11:15,675,-533
0041,11:20,680,-533
0041,11:25,685,-533
0041,11:30,690,-1600
0041,11:35,695,-1600
0041,11:40,700,-1600
0041,11:45,705,-1956
0041,11:50,710,-1956
0041,11:55,715,-1956
0041,12:00,720,-1956
0041,12:05,725,-1956
0041,12:10,730,-1956
0041,12:15,735,-1956
0041,12:20,740,-1956
0041,12:25,745,-1956
0041,12:30,750,-2133
0041,12:35,755,-2133
0041,12:40,760,-2133
0041,12:45,765,-2133
0041,12:50,770,-2311
0041,12:55,775,-2311
0041,13:00,780,-2311
0041,13:05,785,-2489
0041,13:10,790,-2489
0041,13:15,795,-2489
0041,13:20,800,-2489
0041,13:25,805,-2667
0041,13:30,810,-2667
0041,13:35,815,-2667
0041,13:40,820,-2667
0041,13:45,825,-2667
0041,13:50,830,-2667
0041,13:55,835,-2667
0041,14:00,840,-2667
0041,14:05,845,-2667
0041,14:10,850,-2667
0041,14:15,855,-2667
0041,14:20,860,-2667
0041,14:25,865,-2667
0041,14:30,870,-3022
0041,14:35,875,-3022
0041,14:40,880,-3022
0041,14:45,885,-3022
0041,14:50,890,-3022
0041,14:55,895,-3022
0041,15:00,900,-3022
0041,15:05,905,-3022
0041,15:10,910,-3911
0041,15:15,915,-3911
0041,15:20,920,-3911
0041,15:25,925,-3911
0041,15:30,930,-4800
0041,15:35,935,-4800
0041,15:40,940,-4800
0041,15:45,945,-6222
0041,15:50,950,-6222
0041,15:55,955,-6222
0041,16:00,960,-6222
0041,16:05,965,-6222
0041,16:10,970,-7467
0041,16:15,975,-7467
0041,16:20,980,-7467
0041,16:25,985,-7467
0041,16:30,990,-9067
0041,16:35,995,-9067
0041,16:40,1000,-9067
0041,16:45,1005,-9067
0041,16:50,1010,-10489
0041,16:55,1015,-10489
0041,17:00,1020,-10489
0041,17:05,1025,-11733
0041,17:10,1030,-11733
0041,17:15,1035,-11733
0041,17:20,1040,-11733
0041,17:25,1045,-11733
0041,17:30,1050,-12800
0041,17:35,1055,-12800
0041,17:40,1060,-12800
0041,17:45,1065,-12800
0041,17:50,1070,-14044
0041,17:55,1075,-14044
0041,18:00,1080,-14044
0041,18:05,1085,-14044
0041,18:10,1090,-14222
0041,18:15,1095,-14222
0041,18:20,1100,-14222
0041,18:25,1105,-14222
0041,18:30,1110,-14222
0041,18:35,1115,-14222
0041,18:40,1120,-14222
0041,18:45,1125,-14222
0041,18:50,1130,-14400
0041,18:55,1135,-14400
0041,19:00,1140,-14400
0041,19:05,1145,-14400
0041,19:10,1150,-14400
0041,19:15,1155,-14400
0041,19:20,1160,-14400
0041,19:25,1165,-14400
0041,19:30,1170,-14400
0041,19:35,1175,-14400
0041,19:40,1180,-14400
0041,19:45,1185,-14400
0041,19:50,1190,-14400
0041,19:55,1195,-14400
0041,20:00,1200,-14400
0041,20:05,1205,-14400
0041,20:10,1210,-14756
0041,20:15,1215,-14756
0041,20:20,1220,-14756
0041,20:25,1225,-14756
0041,20:30,1230,-15467
0041,20:35,1235,-15467
0041,20:40,1240,-15467
0041,20:45,1245,-10133
0041,20:50,1250,-10133
0041,20:55,1255,-10133
0041,21:00,1260,-10133
0041,21:05,1265,-10133
0041,21:10,1270,-8889
0041,21:15,1275,-8889
0041,21:20,1280,-8889
0041,21:25,1285,-8889
0041,21:30,1290,-9600
0041,21:35,1295,-9600
0041,21:40,1300,-9600
0041,21:45,1305,-9778
0041,21:50,1310,-9778
0041,21:55,1315,-9778
0041,22:00,1320,-9778
0041,22:05,1325,-9778
0041,22:10,1330,-9778
0041,22:15,1335,-9778
0041,22:20,1340,-9778
0041,22:25,1345,-9778
0041,22:30,1350,-9778
0041,22:35,1355,-9778
0041,22:40,1360,-9778
0041,22:45,1365,-9778
0041,22:50,1370,-9778
0041,22:55,1375,-9778
0041,23:00,1380,-9778
0041,23:05,1385,-9778
0041,23:10,1390,-9778
0041,23:15,1395,-9778
0041,23:16,1396,-9778
0041,23:20,1400,-9778
0042,09:00,540,0
0042,09:05,545,0
0042,09:10,550,0
0042,09:15,555,0
0042,09:20,560,0
0042,09:25,565,0
0042,09:30,570,0
0042,09:35,575,0
0042,09:40,580,0
0042,09:45,585,0
0042,09:50,590,0
0042,09:55,595,0
0042,10:00,600,0
0042,10:05,605,0
0042,10:10,610,0
0042,10:15,615,0
0042,10:20,620,0
0042,10:25,625,0
0042,10:30,630,0
0042,10:35,635,0
0042,10:40,640,0
0042,10:45,645,0
0042,10:50,650,0
0042,10:55,655,0
0042,11:00,660,0
0042,11:05,665,0
0042,11:10,670,0
0042,11:15,675,0
0042,11:20,680,0
0042,11:25,685,0
0042,11:30,690,0
0042,11:35,695,0
0042,11:40,700,0
0042,11:45,705,0
0042,11:50,710,0
0042,11:55,715,0
0042,12:00,720,0
0042,12:05,725,0
0042,12:10,730,0
0042,12:15,735,0
0042,12:20,740,0
0042,12:25,745,0
0042,12:30,750,0
0042,12:35,755,0
0042,12:40,760,0
0042,12:45,765,0
0042,12:50,770,0
0042,12:55,775,0
0042,13:00,780,0
0042,13:05,785,0
0042,13:10,790,0
0042,13:15,795,0
0042,13:20,800,0
0042,13:25,805,0
0042,13:30,810,0
0042,13:35,815,0
0042,13:40,820,0
0042,13:45,825,0
0042,13:50,830,0
0042,13:55,835,0
0042,14:00,840,0
0042,14:05,845,0
0042,14:10,850,0
0042,14:15,855,0
0042,14:20,860,0
0042,14:25,865,0
0042,14:30,870,-1689
0042,14:35,875,-1689
0042,14:40,880,-1689
0042,14:45,885,-2756
0042,14:50,890,-2756
0042,14:55,895,-2756
0042,15:00,900,-2756
0042,15:05,905,-2756
0042,15:10,910,-2756
0042,15:15,915,-2756
0042,15:20,920,-2756
0042,15:25,925,-2756
0042,15:30,930,-2756
0042,15:35,935,-2756
0042,15:40,940,-2756
0042,15:45,945,-2756
0042,15:50,950,-2756
0042,15:55,955,-2756
0042,16:00,960,-2756
0042,16:05,965,-2756
0042,16:10,970,-2756
0042,16:15,975,-2756
0042,16:20,980,-2756
0042,16:25,985,-2756
0042,16:30,990,-2756
0042,16:35,995,-2756
0042,16:40,1000,-2756
0042,16:45,1005,-2756
0042,16:50,1010,-2756
0042,16:55,1015,-2756
0042,17:00,1020,-2756
0042,17:05,1025,-2756
0042,17:10,1030,-2756
0042,17:15,1035,-2756
0042,17:20,1040,-2756
0042,17:25,1045,-2756
0042,17:30,1050,-2756
0042,17:35,1055,-2756
0042,17:40,1060,-2756
0042,17:45,1065,-2756
0042,17:50,1070,-2756
0042,17:55,1075,-2756
0042,18:00,1080,-2756
0042,18:05,1085,-2756
0042,18:10,1090,-2756
0042,18:15,1095,-2756
0042,18:20,1100,-2756
0042,18:25,1105,-3733
0042,18:30,1110,-3733
0042,18:35,1115,-3733
0042,18:40,1120,-3733
0042,18:45,1125,-3733
0042,18:50,1130,-4000
0042,18:55,1135,-4000
0042,19:00,1140,-4000
0042,19:05,1145,-4000
0042,19:10,1150,-4000
0042,19:15,1155,-4000
0042,19:20,1160,-4000
0042,19:25,1165,-4178
0042,19:30,1170,-4178
0042,19:35,1175,-4178
0042,19:40,1180,-4178
0042,19:45,1185,-4178
0042,19:50,1190,-4178
0042,19:55,1195,-4178
0042,20:00,1200,-4178
0042,20:05,1205,-4178
0042,20:10,1210,-4178
0042,20:15,1215,-4178
0042,20:20,1220,-4178
0042,20:25,1225,-4178
0042,20:30,1230,-4178
0042,20:35,1235,-4178
0042,20:40,1240,-4178
0042,20:45,1245,-4178
0042,20:50,1250,-4178
0042,20:55,1255,-4178
0042,21:00,1260,-4178
0042,21:05,1265,-4178
0042,21:10,1270,-4178
0042,21:15,1275,-4178
0042,21:20,1280,-4178
0042,21:25,1285,-4178
0042,21:30,1290,-4178
0042,21:35,1295,-4178
0042,21:40,1300,-4178
0042,21:45,1305,-4178
0042,21:50,1310,-4178
0042,21:55,1315,-4178
0042,22:00,1320,-4178
0042,22:05,1325,-4178
0042,22:10,1330,-4178
0042,22:15,1335,-4178
0042,22:20,1340,-4178
0042,22:25,1345,-4178
0042,22:30,1350,-4178
0042,22:35,1355,-4178
0042,22:40,1360,-4178
0042,22:45,1365,-4178
0042,22:50,1370,-4178
0042,22:55,1375,-4178
0042,23:00,1380,-4178
0042,23:05,1385,-4178
0042,23:10,1390,-4178
0042,23:15,1395,-4178
0042,23:16,1396,-4178
0042,23:20,1400,-4178
0043,09:00,540,0
0043,09:05,545,0
0043,09:10,550,0
0043,09:15,555,0
0043,09:20,560,0
0043,09:25,565,0
0043,09:30,570,0
0043,09:35,575,0
0043,09:40,580,0
0043,09:45,585,0
0043,09:50,590,0
0043,09:55,595,0
0043,10:00,600,0
0043,10:05,605,0
0043,10:10,610,0
0043,10:15,615,0
0043,10:20,620,0
0043,10:25,625,0
0043,10:30,630,0
0043,10:35,635,0
0043,10:40,640,0
0043,10:45,645,0
0043,10:50,650,0
0043,10:55,655,0
0043,11:00,660,0
0043,11:05,665,0
0043,11:10,670,0
0043,11:15,675,0
0043,11:20,680,0
0043,11:25,685,0
0043,11:30,690,0
0043,11:35,695,0
0043,11:40,700,0
0043,11:45,705,0
0043,11:50,710,0
0043,11:55,715,0
0043,12:00,720,0
0043,12:05,725,0
0043,12:10,730,0
0043,12:15,735,0
0043,12:20,740,0
0043,12:25,745,0
0043,12:30,750,0
0043,12:35,755,0
0043,12:40,760,0
0043,12:45,765,0
0043,12:50,770,0
0043,12:55,775,0
0043,13:00,780,0
0043,13:05,785,0
0043,13:10,790,0
0043,13:15,795,0
0043,13:20,800,0
0043,13:25,805,0
0043,13:30,810,0
0043,13:35,815,0
0043,13:40,820,0
0043,13:45,825,0
0043,13:50,830,0
0043,13:55,835,0
0043,14:00,840,0
0043,14:05,845,0
0043,14:10,850,345
0043,14:15,855,345
0043,14:20,860,345
0043,14:25,865,345
0043,14:30,870,-1067
0043,14:35,875,-1067
0043,14:40,880,-1067
0043,14:45,885,-2133
0043,14:50,890,-2133
0043,14:55,895,-2133
0043,15:00,900,-2133
0043,15:05,905,-2133
0043,15:10,910,-1244
0043,15:15,915,-1244
0043,15:20,920,-1244
0043,15:25,925,-1244
0043,15:30,930,1724
0043,15:35,935,1724
0043,15:40,940,1724
0043,15:45,945,1724
0043,15:50,950,1724
0043,15:55,955,1724
0043,16:00,960,1724
0043,16:05,965,1724
0043,16:10,970,3103
0043,16:15,975,3103
0043,16:20,980,3103
0043,16:25,985,3103
0043,16:30,990,10517
0043,16:35,995,10517
0043,16:40,1000,10517
0043,16:45,1005,10517
0043,16:50,1010,10517
0043,16:55,1015,10517
0043,17:00,1020,10517
0043,17:05,1025,10517
0043,17:10,1030,10517
0043,17:15,1035,10517
0043,17:20,1040,10517
0043,17:25,1045,10517
0043,17:30,1050,10517
0043,17:35,1055,10517
0043,17:40,1060,10517
0043,17:45,1065,10517
0043,17:50,1070,10517
0043,17:55,1075,10517
0043,18:00,1080,10517
0043,18:05,1085,10517
0043,18:10,1090,10517
0043,18:15,1095,10517
0043,18:20,1100,10517
0043,18:25,1105,10172
0043,18:30,1110,10172
0043,18:35,1115,10172
0043,18:40,1120,10172
0043,18:45,1125,10172
0043,18:50,1130,9828
0043,18:55,1135,9828
0043,19:00,1140,9828
0043,19:05,1145,9828
0043,19:10,1150,9828
0043,19:15,1155,9828
0043,19:20,1160,9828
0043,19:25,1165,9828
0043,19:30,1170,9828
0043,19:35,1175,9828
0043,19:40,1180,9828
0043,19:45,1185,9138
0043,19:50,1190,9138
0043,19:55,1195,9138
0043,20:00,1200,9138
0043,20:05,1205,9138
0043,20:10,1210,8966
0043,20:15,1215,8966
0043,20:20,1220,8966
0043,20:25,1225,8966
0043,20:30,1230,8966
0043,20:35,1235,8966
0043,20:40,1240,8966
0043,20:45,1245,8966
0043,20:50,1250,8966
0043,20:55,1255,8966
0043,21:00,1260,8966
0043,21:05,1265,8966
0043,21:10,1270,8966
0043,21:15,1275,8966
0043,21:20,1280,8966
0043,21:25,1285,8966
0043,21:30,1290,8966
0043,21:35,1295,8966
0043,21:40,1300,8966
0043,21:45,1305,8966
0043,21:50,1310,8966
0043,21:55,1315,8966
0043,22:00,1320,8966
0043,22:05,1325,8966
0043,22:10,1330,8966
0043,22:15,1335,8966
0043,22:20,1340,8966
0043,22:25,1345,8966
0043,22:30,1350,8966
0043,22:35,1355,8966
0043,22:40,1360,8966
0043,22:45,1365,8966
0043,22:50,1370,8966
0043,22:55,1375,8966
0043,23:00,1380,8966
0043,23:05,1385,8966
0043,23:10,1390,8966
0043,23:15,1395,8966
0043,23:16,1396,8966
0043,23:20,1400,8966
0044,09:00,540,0
0044,09:05,545,0
0044,09:10,550,0
0044,09:15,555,0
0044,09:20,560,0
0044,09:25,565,0
0044,09:30,570,0
0044,09:35,575,0
0044,09:40,580,0
0044,09:45,585,0
0044,09:50,590,0
0044,09:55,595,0
0044,10:00,600,0
0044,10:05,605,0
0044,10:10,610,0
0044,10:15,615,0
0044,10:20,620,0
0044,10:25,625,0
0044,10:30,630,0
0044,10:35,635,0
0044,10:40,640,0
0044,10:45,645,0
0044,10:50,650,0
0044,10:55,655,0
0044,11:00,660,0
0044,11:05,665,0
0044,11:10,670,0
0044,11:15,675,0
0044,11:20,680,0
0044,11:25,685,0
0044,11:30,690,0
0044,11:35,695,0
0044,11:40,700,0
0044,11:45,705,0
0044,11:50,710,0
0044,11:55,715,0
0044,12:00,720,0
0044,12:05,725,0
0044,12:10,730,0
0044,12:15,735,0
0044,12:20,740,0
0044,12:25,745,0
0044,12:30,750,0
0044,12:35,755,0
0044,12:40,760,0
0044,12:45,765,0
0044,12:50,770,0
0044,12:55,775,0
0044,13:00,780,0
0044,13:05,785,0
0044,13:10,790,0
0044,13:15,795,0
0044,13:20,800,0
0044,13:25,805,-178
0044,13:30,810,-178
0044,13:35,815,-178
0044,13:40,820,-178
0044,13:45,825,-178
0044,13:50,830,-1067
0044,13:55,835,-1067
0044,14:00,840,-1067
0044,14:05,845,-1067
0044,14:10,850,-1778
0044,14:15,855,-1778
0044,14:20,860,-1778
0044,14:25,865,-1778
0044,14:30,870,1552
0044,14:35,875,1552
0044,14:40,880,1552
0044,14:45,885,862
0044,14:50,890,862
0044,14:55,895,862
0044,15:00,900,862
0044,15:05,905,862
0044,15:10,910,-356
0044,15:15,915,-356
0044,15:20,920,-356
0044,15:25,925,-356
0044,15:30,930,-1956
0044,15:35,935,-1956
0044,15:40,940,-1956
0044,15:45,945,-3022
0044,15:50,950,-3022
0044,15:55,955,-3022
0044,16:00,960,-3022
0044,16:05,965,-3022
0044,16:10,970,-3911
0044,16:15,975,-3911
0044,16:20,980,-3911
0044,16:25,985,-3911
0044,16:30,990,-3378
0044,16:35,995,-3378
0044,16:40,1000,-3378
0044,16:45,1005,-3378
0044,16:50,1010,3448
0044,16:55,1015,3448
0044,17:00,1020,3448
0044,17:05,1025,10000
0044,17:10,1030,10000
0044,17:15,1035,10000
0044,17:20,1040,10000
0044,17:25,1045,10000
0044,17:30,1050,12931
0044,17:35,1055,12931
0044,17:40,1060,12931
0044,17:45,1065,12931
0044,17:50,1070,19655
0044,17:55,1075,19655
0044,18:00,1080,19655
0044,18:05,1085,19655
0044,18:10,1090,18966
0044,18:15,1095,18966
0044,18:20,1100,18966
0044,18:25,1105,18621
0044,18:30,1110,18621
0044,18:35,1115,18621
0044,18:40,1120,18621
0044,18:45,1125,18621
0044,18:50,1130,18621
0044,18:55,1135,18621
0044,19:00,1140,18621
0044,19:05,1145,18621
0044,19:10,1150,18621
0044,19:15,1155,18621
0044,19:20,1160,18621
0044,19:25,1165,18621
0044,19:30,1170,18621
0044,19:35,1175,18621
0044,19:40,1180,18621
0044,19:45,1185,18103
0044,19:50,1190,18103
0044,19:55,1195,18103
0044,20:00,1200,18103
0044,20:05,1205,18103
0044,20:10,1210,18103
0044,20:15,1215,18103
0044,20:20,1220,18103
0044,20:25,1225,18103
0044,20:30,1230,17931
0044,20:35,1235,17931
0044,20:40,1240,17931
0044,20:45,1245,17931
0044,20:50,1250,17931
0044,20:55,1255,17931
0044,21:00,1260,17931
0044,21:05,1265,17931
0044,21:10,1270,17931
0044,21:15,1275,17931
0044,21:20,1280,17931
0044,21:25,1285,17931
0044,21:30,1290,17931
0044,21:35,1295,17931
0044,21:40,1300,17931
0044,21:45,1305,17931
0044,21:50,1310,17931
0044,21:55,1315,17931
0044,22:00,1320,17931
0044,22:05,1325,17931
0044,22:10,1330,17931
0044,22:15,1335,17931
0044,22:20,1340,17931
0044,22:25,1345,17931
0044,22:30,1350,17931
0044,22:35,1355,17931
0044,22:40,1360,17931
0044,22:45,1365,17931
0044,22:50,1370,17931
0044,22:55,1375,17931
0044,23:00,1380,17931
0044,23:05,1385,17931
0044,23:10,1390,17931
0044,23:15,1395,17931
0044,23:16,1396,17931
0044,23:20,1400,17931
0045,09:00,540,0
0045,09:05,545,0
0045,09:10,550,0
0045,09:15,555,0
0045,09:20,560,0
0045,09:25,565,0
0045,09:30,570,0
0045,09:35,575,0
0045,09:40,580,0
0045,09:45,585,0
0045,09:50,590,0
0045,09:55,595,0
0045,10:00,600,0
0045,10:05,605,0
0045,10:10,610,0
0045,10:15,615,0
0045,10:20,620,0
0045,10:25,625,0
0045,10:30,630,0
0045,10:35,635,0
0045,10:40,640,0
0045,10:45,645,0
0045,10:50,650,0
0045,10:55,655,0
0045,11:00,660,0
0045,11:05,665,0
0045,11:10,670,0
0045,11:15,675,0
0045,11:20,680,0
0045,11:25,685,0
0045,11:30,690,0
0045,11:35,695,0
0045,11:40,700,0
0045,11:45,705,0
0045,11:50,710,0
0045,11:55,715,0
0045,12:00,720,0
0045,12:05,725,0
0045,12:10,730,0
0045,12:15,735,0
0045,12:20,740,0
0045,12:25,745,0
0045,12:30,750,0
0045,12:35,755,0
0045,12:40,760,0
0045,12:45,765,0
0045,12:50,770,-178
0045,12:55,775,-178
0045,13:00,780,-178
0045,13:05,785,-178
0045,13:10,790,-178
0045,13:15,795,-178
0045,13:20,800,-178
0045,13:25,805,-178
0045,13:30,810,-178
0045,13:35,815,-178
0045,13:40,820,-178
0045,13:45,825,-178
0045,13:50,830,-178
0045,13:55,835,-178
0045,14:00,840,-178
0045,14:05,845,-178
0045,14:10,850,-178
0045,14:15,855,-178
0045,14:20,860,-178
0045,14:25,865,-178
0045,14:30,870,517
0045,14:35,875,517
0045,14:40,880,517
0045,14:45,885,1034
0045,14:50,890,1034
0045,14:55,895,1034
0045,15:00,900,1034
0045,15:05,905,1034
0045,15:10,910,-178
0045,15:15,915,-178
0045,15:20,920,-178
0045,15:25,925,-178
0045,15:30,930,-356
0045,15:35,935,-356
0045,15:40,940,-356
0045,15:45,945,-356
0045,15:50,950,-356
0045,15:55,955,-356
0045,16:00,960,-356
0045,16:05,965,-356
0045,16:10,970,-356
0045,16:15,975,-356
0045,16:20,980,-356
0045,16:25,985,-356
0045,16:30,990,-356
0045,16:35,995,-356
0045,16:40,1000,-356
0045,16:45,1005,-356
0045,16:50,1010,-356
0045,16:55,1015,-356
0045,17:00,1020,-356
0045,17:05,1025,-356
0045,17:10,1030,-356
0045,17:15,1035,-356
0045,17:20,1040,-356
0045,17:25,1045,-356
0045,17:30,1050,-356
0045,17:35,1055,-356
0045,17:40,1060,-356
0045,17:45,1065,-356
0045,17:50,1070,-356
0045,17:55,1075,-356
0045,18:00,1080,-356
0045,18:05,1085,-356
0045,18:10,1090,-1067
0045,18:15,1095,-1067
0045,18:20,1100,-1067
0045,18:25,1105,-1778
0045,18:30,1110,-1778
0045,18:35,1115,-1778
0045,18:40,1120,-1778
0045,18:45,1125,-1778
0045,18:50,1130,-2489
0045,18:55,1135,-2489
0045,19:00,1140,-2489
0045,19:05,1145,-2489
0045,19:10,1150,3966
0045,19:15,1155,3966
0045,19:20,1160,3966
0045,19:25,1165,10690
0045,19:30,1170,10690
0045,19:35,1175,10690
0045,19:40,1180,10690
0045,19:45,1185,10345
0045,19:50,1190,10345
0045,19:55,1195,10345
0045,20:00,1200,10345
0045,20:05,1205,10345
0045,20:10,1210,10345
0045,20:15,1215,10345
0045,20:20,1220,10345
0045,20:25,1225,10345
0045,20:30,1230,9483
0045,20:35,1235,9483
0045,20:40,1240,9483
0045,20:45,1245,9483
0045,20:50,1250,9483
0045,20:55,1255,9483
0045,21:00,1260,9483
0045,21:05,1265,9483
0045,21:10,1270,8793
0045,21:15,1275,8793
0045,21:20,1280,8793
0045,21:25,1285,8793
0045,21:30,1290,8793
0045,21:35,1295,8793
0045,21:40,1300,8793
0045,21:45,1305,8793
0045,21:50,1310,8793
0045,21:55,1315,8793
0045,22:00,1320,8793
0045,22:05,1325,8793
0045,22:10,1330,8793
0045,22:15,1335,8793
0045,22:20,1340,8793
0045,22:25,1345,8793
0045,22:30,1350,8793
0045,22:35,1355,8793
0045,22:40,1360,8793
0045,22:45,1365,8793
0045,22:50,1370,8793
0045,22:55,1375,8793
0045,23:00,1380,8793
0045,23:05,1385,8793
0045,23:10,1390,8793
0045,23:15,1395,8793
0045,23:16,1396,8793
0045,23:20,1400,8793
0046,09:00,540,0
0046,09:05,545,0
0046,09:10,550,0
0046,09:15,555,0
0046,09:20,560,0
0046,09:25,565,0
0046,09:30,570,0
0046,09:35,575,0
0046,09:40,580,0
0046,09:45,585,0
0046,09:50,590,0
0046,09:55,595,0
0046,10:00,600,0
0046,10:05,605,0
0046,10:10,610,0
0046,10:15,615,0
0046,10:20,620,0
0046,10:25,625,0
0046,10:30,630,0
0046,10:35,635,0
0046,10:40,640,0
0046,10:45,645,0
0046,10:50,650,0
0046,10:55,655,0
0046,11:00,660,0
0046,11:05,665,0
0046,11:10,670,0
0046,11:15,675,0
0046,11:20,680,0
0046,11:25,685,0
0046,11:30,690,0
0046,11:35,695,0
0046,11:40,700,0
0046,11:45,705,0
0046,11:50,710,0
0046,11:55,715,0
0046,12:00,720,0
0046,12:05,725,0
0046,12:10,730,0
0046,12:15,735,0
0046,12:20,740,0
0046,12:25,745,0
0046,12:30,750,0
0046,12:35,755,0
0046,12:40,760,0
0046,12:45,765,0
0046,12:50,770,0
0046,12:55,775,0
0046,13:00,780,0
0046,13:05,785,0
0046,13:10,790,0
0046,13:15,795,0
0046,13:20,800,0
0046,13:25,805,-444
0046,13:30,810,-444
0046,13:35,815,-444
0046,13:40,820,-444
0046,13:45,825,-444
0046,13:50,830,-444
0046,13:55,835,-444
0046,14:00,840,-444
0046,14:05,845,-444
0046,14:10,850,-622
0046,14:15,855,-622
0046,14:20,860,-622
0046,14:25,865,-622
0046,14:30,870,-622
0046,14:35,875,-622
0046,14:40,880,-622
0046,14:45,885,-622
0046,14:50,890,-622
0046,14:55,895,-622
0046,15:00,900,-622
0046,15:05,905,-622
0046,15:10,910,-1511
0046,15:15,915,-1511
0046,15:20,920,-1511
0046,15:25,925,-1511
0046,15:30,930,-1689
0046,15:35,935,-1689
0046,15:40,940,-1689
0046,15:45,945,-1689
0046,15:50,950,-1689
0046,15:55,955,-1689
0046,16:00,960,-1689
0046,16:05,965,-1689
0046,16:10,970,-1689
0046,16:15,975,-1689
0046,16:20,980,-1689
0046,16:25,985,-1689
0046,16:30,990,-1689
0046,16:35,995,-1689
0046,16:40,1000,-1689
0046,16:45,1005,-1689
0046,16:50,1010,-1689
0046,16:55,1015,-1689
0046,17:00,1020,-1689
0046,17:05,1025,-1689
0046,17:10,1030,-1689
0046,17:15,1035,-1689
0046,17:20,1040,-1689
0046,17:25,1045,-1689
0046,17:30,1050,-1689
0046,17:35,1055,-1689
0046,17:40,1060,-1689
0046,17:45,1065,-1689
0046,17:50,1070,-1689
0046,17:55,1075,-1689
0046,18:00,1080,-1689
0046,18:05,1085,-1689
0046,18:10,1090,-1867
0046,18:15,1095,-1867
0046,18:20,1100,-1867
0046,18:25,1105,-1867
0046,18:30,1110,-1867
0046,18:35,1115,-1867
0046,18:40,1120,-1867
0046,18:45,1125,-1867
0046,18:50,1130,-1867
0046,18:55,1135,-1867
0046,19:00,1140,-1867
0046,19:05,1145,-1867
0046,19:10,1150,-1867
0046,19:15,1155,-1867
0046,19:20,1160,-1867
0046,19:25,1165,-1867
0046,19:30,1170,-1867
0046,19:35,1175,-1867
0046,19:40,1180,-1867
0046,19:45,1185,-1867
0046,19:50,1190,-1867
0046,19:55,1195,-1867
0046,20:00,1200,-1867
0046,20:05,1205,-1867
0046,20:10,1210,-2133
0046,20:15,1215,-2133
0046,20:20,1220,-2133
0046,20:25,1225,-2133
0046,20:30,1230,-2133
0046,20:35,1235,-2133
0046,20:40,1240,-2133
0046,20:45,1245,-2933
0046,20:50,1250,-2933
0046,20:55,1255,-2933
0046,21:00,1260,-2933
0046,21:05,1265,-2933
0046,21:10,1270,-3022
0046,21:15,1275,-3022
0046,21:20,1280,-3022
0046,21:25,1285,-3022
0046,21:30,1290,-3022
0046,21:35,1295,-3022
0046,21:40,1300,-3022
0046,21:45,1305,-3022
0046,21:50,1310,-3022
0046,21:55,1315,-3022
0046,22:00,1320,-3022
0046,22:05,1325,-3022
0046,22:10,1330,-3022
0046,22:15,1335,-3022
0046,22:20,1340,-3022
0046,22:25,1345,-3022
0046,22:30,1350,-3022
0046,22:35,1355,-3022
0046,22:40,1360,-3022
0046,22:45,1365,-3022
0046,22:50,1370,-3022
0046,22:55,1375,-3022
0046,23:00,1380,-3022
0046,23:05,1385,-3022
0046,23:10,1390,-3022
0046,23:15,1395,-3022
0046,23:16,1396,-3022
0046,23:20,1400,-3022
0047,09:00,540,0
0047,09:05,545,0
0047,09:10,550,0
0047,09:15,555,0
0047,09:20,560,0
0047,09:25,565,0
0047,09:30,570,0
0047,09:35,575,0
0047,09:40,580,0
0047,09:45,585,0
0047,09:50,590,0
0047,09:55,595,0
0047,10:00,600,0
0047,10:05,605,0
0047,10:10,610,-533
0047,10:15,615,-533
0047,10:20,620,-533
0047,10:25,625,-1600
0047,10:30,630,-1600
0047,10:35,635,-1600
0047,10:40,640,-2844
0047,10:45,645,-2844
0047,10:50,650,-2844
0047,10:55,655,-2844
0047,11:00,660,-3911
0047,11:05,665,-3911
0047,11:10,670,-4444
0047,11:15,675,-4444
0047,11:20,680,-4444
0047,11:25,685,-4444
0047,11:30,690,-5511
0047,11:35,695,-5511
0047,11:40,700,-5511
0047,11:45,705,-6044
0047,11:50,710,-6044
0047,11:55,715,-6044
0047,12:00,720,-6044
0047,12:05,725,-6222
0047,12:10,730,-6222
0047,12:15,735,-6222
0047,12:20,740,-6222
0047,12:25,745,-6222
0047,12:30,750,-7467
0047,12:35,755,-7467
0047,12:40,760,-7467
0047,12:45,765,-7467
0047,12:50,770,-8889
0047,12:55,775,-8889
0047,13:00,780,-8889
0047,13:05,785,-9067
0047,13:10,790,-9067
0047,13:15,795,-9067
0047,13:20,800,-9067
0047,13:25,805,-8533
0047,13:30,810,-8533
0047,13:35,815,-8533
0047,13:40,820,-8533
0047,13:45,825,-8533
0047,13:50,830,-8356
0047,13:55,835,-8356
0047,14:00,840,-8356
0047,14:05,845,-8356
0047,14:10,850,-9244
0047,14:15,855,-9244
0047,14:20,860,-9244
0047,14:25,865,-9244
0047,14:30,870,-2489
0047,14:35,875,-2489
0047,14:40,880,-2489
0047,14:45,885,-3733
0047,14:50,890,-3733
0047,14:55,895,-3733
0047,15:00,900,-3733
0047,15:05,905,-3733
0047,15:10,910,-3911
0047,15:15,915,-3911
0047,15:20,920,-3911
0047,15:25,925,-3911
0047,15:30,930,-4444
0047,15:35,935,-4444
0047,15:40,940,-4444
0047,15:45,945,-5867
0047,15:50,950,-5867
0047,15:55,955,-5867
0047,16:00,960,-5867
0047,16:05,965,-5867
0047,16:10,970,-7111
0047,16:15,975,-7111
0047,16:20,980,-7111
0047,16:25,985,-7111
0047,16:30,990,-8711
0047,16:35,995,-8711
0047,16:40,1000,-8711
0047,16:45,1005,-8711
0047,16:50,1010,-6756
0047,16:55,1015,-6756
0047,17:00,1020,-6756
0047,17:05,1025,-7467
0047,17:10,1030,-7467
0047,17:15,1035,-7467
0047,17:20,1040,-7467
0047,17:25,1045,-7467
0047,17:30,1050,-6044
0047,17:35,1055,-6044
0047,17:40,1060,-6044
0047,17:45,1065,-6044
0047,17:50,1070,-7111
0047,17:55,1075,-7111
0047,18:00,1080,-7111
0047,18:05,1085,-7111
0047,18:10,1090,-6400
0047,18:15,1095,-6400
0047,18:20,1100,-6400
0047,18:25,1105,-1067
0047,18:30,1110,-1067
0047,18:35,1115,-1067
0047,18:40,1120,-1067
0047,18:45,1125,-1067
0047,18:50,1130,-533
0047,18:55,1135,-533
0047,19:00,1140,-533
0047,19:05,1145,-533
0047,19:10,1150,2586
0047,19:15,1155,2586
0047,19:20,1160,2586
0047,19:25,1165,11034
0047,19:30,1170,11034
0047,19:35,1175,11034
0047,19:40,1180,11034
0047,19:45,1185,15000
0047,19:50,1190,15000
0047,19:55,1195,15000
0047,20:00,1200,15000
0047,20:05,1205,15000
0047,20:10,1210,15000
0047,20:15,1215,15000
0047,20:20,1220,15000
0047,20:25,1225,15000
0047,20:30,1230,15000
0047,20:35,1235,15000
0047,20:40,1240,15000
0047,20:45,1245,15000
0047,20:50,1250,15000
0047,20:55,1255,15000
0047,21:00,1260,15000
0047,21:05,1265,15000
0047,21:10,1270,15000
0047,21:15,1275,15000
0047,21:20,1280,15000
0047,21:25,1285,15000
0047,21:30,1290,15000
0047,21:35,1295,15000
0047,21:40,1300,15000
0047,21:45,1305,15000
0047,21:50,1310,15000
0047,21:55,1315,15000
0047,22:00,1320,15000
0047,22:05,1325,15000
0047,22:10,1330,15000
0047,22:15,1335,15000
0047,22:20,1340,15000
0047,22:25,1345,15000
0047,22:30,1350,15000
0047,22:35,1355,15000
0047,22:40,1360,15000
0047,22:45,1365,15000
0047,22:50,1370,15000
0047,22:55,1375,15000
0047,23:00,1380,15000
0047,23:05,1385,15000
0047,23:10,1390,15000
0047,23:15,1395,15000
0047,23:16,1396,15000
0047,23:20,1400,15000
0048,09:00,540,0
0048,09:05,545,0
0048,09:10,550,0
0048,09:15,555,0
0048,09:20,560,0
0048,09:25,565,0
0048,09:30,570,0
0048,09:35,575,0
0048,09:40,580,0
0048,09:45,585,0
0048,09:50,590,0
0048,09:55,595,0
0048,10:00,600,0
0048,10:05,605,0
0048,10:10,610,0
0048,10:15,615,0
0048,10:20,620,0
0048,10:25,625,0
0048,10:30,630,0
0048,10:35,635,0
0048,10:40,640,0
0048,10:45,645,0
0048,10:50,650,0
0048,10:55,655,0
0048,11:00,660,0
0048,11:05,665,0
0048,11:10,670,0
0048,11:15,675,0
0048,11:20,680,0
0048,11:25,685,0
0048,11:30,690,0
0048,11:35,695,0
0048,11:40,700,0
0048,11:45,705,-622
0048,11:50,710,-622
0048,11:55,715,-622
0048,12:00,720,-622
0048,12:05,725,-622
0048,12:10,730,-622
0048,12:15,735,-622
0048,12:20,740,-622
0048,12:25,745,-622
0048,12:30,750,-800
0048,12:35,755,-800
0048,12:40,760,-800
0048,12:45,765,-800
0048,12:50,770,-889
0048,12:55,775,-889
0048,13:00,780,-889
0048,13:05,785,-889
0048,13:10,790,-889
0048,13:15,795,-889
0048,13:20,800,-889
0048,13:25,805,-1867
0048,13:30,810,-1867
0048,13:35,815,-1867
0048,13:40,820,-1867
0048,13:45,825,-1867
0048,13:50,830,-3022
0048,13:55,835,-3022
0048,14:00,840,-3022
0048,14:05,845,-3022
0048,14:10,850,-3378
0048,14:15,855,-3378
0048,14:20,860,-3378
0048,14:25,865,-3378
0048,14:30,870,-3378
0048,14:35,875,-3378
0048,14:40,880,-3378
0048,14:45,885,-3467
0048,14:50,890,-3467
0048,14:55,895,-3467
0048,15:00,900,-3467
0048,15:05,905,-3467
0048,15:10,910,-3822
0048,15:15,915,-3822
0048,15:20,920,-3822
0048,15:25,925,-3822
0048,15:30,930,-4267
0048,15:35,935,-4267
0048,15:40,940,-4267
0048,15:45,945,-5867
0048,15:50,950,-5867
0048,15:55,955,-5867
0048,16:00,960,-5867
0048,16:05,965,-5867
0048,16:10,970,-5156
0048,16:15,975,-5156
0048,16:20,980,-5156
0048,16:25,985,-5156
0048,16:30,990,-6933
0048,16:35,995,-6933
0048,16:40,1000,-6933
0048,16:45,1005,-6933
0048,16:50,1010,-6933
0048,16:55,1015,-6933
0048,17:00,1020,-6933
0048,17:05,1025,-6933
0048,17:10,1030,-6933
0048,17:15,1035,-6933
0048,17:20,1040,-6933
0048,17:25,1045,-6933
0048,17:30,1050,-6933
0048,17:35,1055,-6933
0048,17:40,1060,-6933
0048,17:45,1065,-6933
0048,17:50,1070,-6933
0048,17:55,1075,-6933
0048,18:00,1080,-6933
0048,18:05,1085,-6933
0048,18:10,1090,-7911
0048,18:15,1095,-7911
0048,18:20,1100,-7911
0048,18:25,1105,-8444
0048,18:30,1110,-8444
0048,18:35,1115,-8444
0048,18:40,1120,-8444
0048,18:45,1125,-8444
0048,18:50,1130,-8444
0048,18:55,1135,-8444
0048,19:00,1140,-8444
0048,19:05,1145,-8444
0048,19:10,1150,-8444
0048,19:15,1155,-8444
0048,19:20,1160,-8444
0048,19:25,1165,-8444
0048,19:30,1170,-8444
0048,19:35,1175,-8444
0048,19:40,1180,-8444
0048,19:45,1185,-8444
0048,19:50,1190,-8444
0048,19:55,1195,-8444
0048,20:00,1200,-8444
0048,20:05,1205,-8444
0048,20:10,1210,-8800
0048,20:15,1215,-8800
0048,20:20,1220,-8800
0048,20:25,1225,-8800
0048,20:30,1230,-8800
0048,20:35,1235,-8800
0048,20:40,1240,-8800
0048,20:45,1245,-8800
0048,20:50,1250,-8800
0048,20:55,1255,-8800
0048,21:00,1260,-8800
0048,21:05,1265,-8800
0048,21:10,1270,-8800
0048,21:15,1275,-8800
0048,21:20,1280,-8800
0048,21:25,1285,-8800
0048,21:30,1290,-8800
0048,21:35,1295,-8800
0048,21:40,1300,-8800
0048,21:45,1305,-8800
0048,21:50,1310,-8800
0048,21:55,1315,-8800
0048,22:00,1320,-8800
0048,22:05,1325,-8889
0048,22:10,1330,-8889
0048,22:15,1335,-8889
0048,22:20,1340,-8889
0048,22:25,1345,-8889
0048,22:30,1350,-8889
0048,22:35,1355,-8889
0048,22:40,1360,-8889
0048,22:45,1365,-8889
0048,22:50,1370,-8889
0048,22:55,1375,-8889
0048,23:00,1380,-8889
0048,23:05,1385,-8889
0048,23:10,1390,-8889
0048,23:15,1395,-8889
0048,23:16,1396,-8889
0048,23:20,1400,-8889
0049,09:00,540,0
0049,09:05,545,0
0049,09:10,550,0
0049,09:15,555,0
0049,09:20,560,0
0049,09:25,565,0
0049,09:30,570,0
0049,09:35,575,0
0049,09:40,580,0
0049,09:45,585,0
0049,09:50,590,0
0049,09:55,595,0
0049,10:00,600,0
0049,10:05,605,0
0049,10:10,610,0
0049,10:15,615,0
0049,10:20,620,0
0049,10:25,625,0
0049,10:30,630,0
0049,10:35,635,0
0049,10:40,640,-267
0049,10:45,645,-267
0049,10:50,650,-267
0049,10:55,655,-267
0049,11:00,660,-267
0049,11:05,665,-267
0049,11:10,670,-267
0049,11:15,675,-267
0049,11:20,680,-267
0049,11:25,685,-267
0049,11:30,690,-622
0049,11:35,695,-622
0049,11:40,700,-622
0049,11:45,705,-978
0049,11:50,710,-978
0049,11:55,715,-978
0049,12:00,720,-978
0049,12:05,725,-2044
0049,12:10,730,-2044
0049,12:15,735,-2044
0049,12:20,740,-2044
0049,12:25,745,-2044
0049,12:30,750,-3467
0049,12:35,755,-3467
0049,12:40,760,-3467
0049,12:45,765,-3467
0049,12:50,770,603
0049,12:55,775,603
0049,13:00,780,603
0049,13:05,785,2759
0049,13:10,790,2759
0049,13:15,795,2759
0049,13:20,800,2759
0049,13:25,805,4914
0049,13:30,810,4914
0049,13:35,815,4914
0049,13:40,820,4914
0049,13:45,825,4914
0049,13:50,830,3534
0049,13:55,835,3534
0049,14:00,840,3534
0049,14:05,845,3534
0049,14:10,850,3103
0049,14:15,855,3103
0049,14:20,860,3103
0049,14:25,865,3103
0049,14:30,870,2759
0049,14:35,875,2759
0049,14:40,880,2759
0049,14:45,885,1379
0049,14:50,890,1379
0049,14:55,895,1379
0049,15:00,900,1379
0049,15:05,905,1379
0049,15:10,910,172
0049,15:15,915,172
0049,15:20,920,172
0049,15:25,925,172
0049,15:30,930,3793
0049,15:35,935,3793
0049,15:40,940,3793
0049,15:45,945,7759
0049,15:50,950,7759
0049,15:55,955,7759
0049,16:00,960,7759
0049,16:05,965,7759
0049,16:10,970,7155
0049,16:15,975,7155
0049,16:20,980,7155
0049,16:25,985,7155
0049,16:30,990,5862
0049,16:35,995,5862
0049,16:40,1000,5862
0049,16:45,1005,5862
0049,16:50,1010,4655
0049,16:55,1015,4655
0049,17:00,1020,4655
0049,17:05,1025,3621
0049,17:10,1030,3621
0049,17:15,1035,3621
0049,17:20,1040,3621
0049,17:25,1045,3621
0049,17:30,1050,8621
0049,17:35,1055,8621
0049,17:40,1060,8621
0049,17:45,1065,8621
0049,17:50,1070,8621
0049,17:55,1075,8621
0049,18:00,1080,8621
0049,18:05,1085,8621
0049,18:10,1090,8621
0049,18:15,1095,8621
0049,18:20,1100,8621
0049,18:25,1105,8621
0049,18:30,1110,8621
0049,18:35,1115,8621
0049,18:40,1120,8621
0049,18:45,1125,8621
0049,18:50,1130,8621
0049,18:55,1135,8621
0049,19:00,1140,8621
0049,19:05,1145,8621
0049,19:10,1150,8621
0049,19:15,1155,8621
0049,19:20,1160,8621
0049,19:25,1165,8621
0049,19:30,1170,8621
0049,19:35,1175,8621
0049,19:40,1180,8621
0049,19:45,1185,8621
0049,19:50,1190,8621
0049,19:55,1195,8621
0049,20:00,1200,8621
0049,20:05,1205,8621
0049,20:10,1210,8621
0049,20:15,1215,8621
0049,20:20,1220,8621
0049,20:25,1225,8621
0049,20:30,1230,8621
0049,20:35,1235,8621
0049,20:40,1240,8621
0049,20:45,1245,8621
0049,20:50,1250,8621
0049,20:55,1255,8621
0049,21:00,1260,8621
0049,21:05,1265,8621
0049,21:10,1270,8621
0049,21:15,1275,8621
0049,21:20,1280,8621
0049,21:25,1285,8621
0049,21:30,1290,8621
0049,21:35,1295,8621
0049,21:40,1300,8621
0049,21:45,1305,8621
0049,21:50,1310,8621
0049,21:55,1315,8621
0049,22:00,1320,8621
0049,22:05,1325,8621
0049,22:10,1330,8621
0049,22:15,1335,8621
0049,22:20,1340,8621
0049,22:25,1345,8621
0049,22:30,1350,8621
0049,22:35,1355,8621
0049,22:40,1360,8621
0049,22:45,1365,8621
0049,22:50,1370,8621
0049,22:55,1375,8621
0049,23:00,1380,8621
0049,23:05,1385,8621
0049,23:10,1390,8621
0049,23:15,1395,8621
0049,23:16,1396,8621
0049,23:20,1400,8621
0050,09:00,540,0
0050,09:05,545,0
0050,09:10,550,0
0050,09:15,555,0
0050,09:20,560,0
0050,09:25,565,0
0050,09:30,570,0
0050,09:35,575,0
0050,09:40,580,0
0050,09:45,585,0
0050,09:50,590,0
0050,09:55,595,0
0050,10:00,600,0
0050,10:05,605,0
0050,10:10,610,0
0050,10:15,615,0
0050,10:20,620,0
0050,10:25,625,0
0050,10:30,630,0
0050,10:35,635,0
0050,10:40,640,0
0050,10:45,645,0
0050,10:50,650,0
0050,10:55,655,0
0050,11:00,660,0
0050,11:05,665,0
0050,11:10,670,0
0050,11:15,675,0
0050,11:20,680,0
0050,11:25,685,0
0050,11:30,690,0
0050,11:35,695,0
0050,11:40,700,0
0050,11:45,705,-267
0050,11:50,710,-267
0050,11:55,715,-267
0050,12:00,720,-267
0050,12:05,725,-1511
0050,12:10,730,-1511
0050,12:15,735,-1511
0050,12:20,740,-1511
0050,12:25,745,-1511
0050,12:30,750,-3200
0050,12:35,755,-3200
0050,12:40,760,-3200
0050,12:45,765,-3200
0050,12:50,770,-4356
0050,12:55,775,-4356
0050,13:00,780,-4356
0050,13:05,785,-4356
0050,13:10,790,-4356
0050,13:15,795,-4356
0050,13:20,800,-4356
0050,13:25,805,-4356
0050,13:30,810,-4356
0050,13:35,815,-4356
0050,13:40,820,-4356
0050,13:45,825,-4356
0050,13:50,830,-4356
0050,13:55,835,-4356
0050,14:00,840,-4356
0050,14:05,845,-4356
0050,14:10,850,-5067
0050,14:15,855,-5067
0050,14:20,860,-5067
0050,14:25,865,-5067
0050,14:30,870,-6489
0050,14:35,875,-6489
0050,14:40,880,-6489
0050,14:45,885,-6578
0050,14:50,890,-6578
0050,14:55,895,-6578
0050,15:00,900,-6578
0050,15:05,905,-6578
0050,15:10,910,-5244
0050,15:15,915,-5244
0050,15:20,920,-5244
0050,15:25,925,-5244
0050,15:30,930,-711
0050,15:35,935,-711
0050,15:40,940,-711
0050,15:45,945,-1778
0050,15:50,950,-1778
0050,15:55,955,-1778
0050,16:00,960,-1778
0050,16:05,965,-1778
0050,16:10,970,-2844
0050,16:15,975,-2844
0050,16:20,980,-2844
0050,16:25,985,-2844
0050,16:30,990,-2933
0050,16:35,995,-2933
0050,16:40,1000,-2933
0050,16:45,1005,-2933
0050,16:50,1010,-2933
0050,16:55,1015,-2933
0050,17:00,1020,-2933
0050,17:05,1025,-2933
0050,17:10,1030,-2933
0050,17:15,1035,-2933
0050,17:20,1040,-2933
0050,17:25,1045,-2933
0050,17:30,1050,-2933
0050,17:35,1055,-2933
0050,17:40,1060,-2933
0050,17:45,1065,-2933
0050,17:50,1070,-2933
0050,17:55,1075,-2933
0050,18:00,1080,-2933
0050,18:05,1085,-2933
0050,18:10,1090,-2933
0050,18:15,1095,-2933
0050,18:20,1100,-2933
0050,18:25,1105,-2933
0050,18:30,1110,-2933
0050,18:35,1115,-2933
0050,18:40,1120,-2933
0050,18:45,1125,-2933
0050,18:50,1130,-2933
0050,18:55,1135,-2933
0050,19:00,1140,-2933
0050,19:05,1145,-2933
0050,19:10,1150,-2933
0050,19:15,1155,-2933
0050,19:20,1160,-2933
0050,19:25,1165,-2933
0050,19:30,1170,-2933
0050,19:35,1175,-2933
0050,19:40,1180,-2933
0050,19:45,1185,-2933
0050,19:50,1190,-2933
0050,19:55,1195,-2933
0050,20:00,1200,-2933
0050,20:05,1205,-2933
0050,20:10,1210,-2933
0050,20:15,1215,-2933
0050,20:20,1220,-2933
0050,20:25,1225,-2933
0050,20:30,1230,-2933
0050,20:35,1235,-2933
0050,20:40,1240,-2933
0050,20:45,1245,-2933
0050,20:50,1250,-2933
0050,20:55,1255,-2933
0050,21:00,1260,-2933
0050,21:05,1265,-2933
0050,21:10,1270,-2933
0050,21:15,1275,-2933
0050,21:20,1280,-2933
0050,21:25,1285,-2933
0050,21:30,1290,-2933
0050,21:35,1295,-2933
0050,21:40,1300,-2933
0050,21:45,1305,-2933
0050,21:50,1310,-2933
0050,21:55,1315,-2933
0050,22:00,1320,-2933
0050,22:05,1325,-2933
0050,22:10,1330,-2933
0050,22:15,1335,-2933
0050,22:20,1340,-2933
0050,22:25,1345,-2933
0050,22:30,1350,-2933
0050,22:35,1355,-2933
0050,22:40,1360,-2933
0050,22:45,1365,-2933
0050,22:50,1370,-2933
0050,22:55,1375,-2933
0050,23:00,1380,-2933
0050,23:05,1385,-2933
0050,23:10,1390,-2933
0050,23:15,1395,-2933
0050,23:16,1396,-2933
0050,23:20,1400,-2933
0051,09:00,540,0
0051,09:05,545,0
0051,09:10,550,0
0051,09:15,555,0
0051,09:20,560,0
0051,09:25,565,0
0051,09:30,570,0
0051,09:35,575,0
0051,09:40,580,0
0051,09:45,585,0
0051,09:50,590,0
0051,09:55,595,0
0051,10:00,600,0
0051,10:05,605,0
0051,10:10,610,0
0051,10:15,615,0
0051,10:20,620,0
0051,10:25,625,0
0051,10:30,630,0
0051,10:35,635,0
0051,10:40,640,-889
0051,10:45,645,-889
0051,10:50,650,-889
0051,10:55,655,-889
0051,11:00,660,-1422
0051,11:05,665,-1422
0051,11:10,670,-1956
0051,11:15,675,-1956
0051,11:20,680,-1956
0051,11:25,685,-1956
0051,11:30,690,-3733
0051,11:35,695,-3733
0051,11:40,700,-3733
0051,11:45,705,-5333
0051,11:50,710,-5333
0051,11:55,715,-5333
0051,12:00,720,-5333
0051,12:05,725,-6578
0051,12:10,730,-6578
0051,12:15,735,-6578
0051,12:20,740,-6578
0051,12:25,745,-6578
0051,12:30,750,-6578
0051,12:35,755,-6578
0051,12:40,760,-6578
0051,12:45,765,-6578
0051,12:50,770,-8000
0051,12:55,775,-8000
0051,13:00,780,-8000
0051,13:05,785,-9244
0051,13:10,790,-9244
0051,13:15,795,-9244
0051,13:20,800,-9244
0051,13:25,805,-9600
0051,13:30,810,-9600
0051,13:35,815,-9600
0051,13:40,820,-9600
0051,13:45,825,-9600
0051,13:50,830,-9600
0051,13:55,835,-9600
0051,14:00,840,-9600
0051,14:05,845,-9600
0051,14:10,850,-9778
0051,14:15,855,-9778
0051,14:20,860,-9778
0051,14:25,865,-9778
0051,14:30,870,-11378
0051,14:35,875,-11378
0051,14:40,880,-11378
0051,14:45,885,-12978
0051,14:50,890,-12978
0051,14:55,895,-12978
0051,15:00,900,-12978
0051,15:05,905,-12978
0051,15:10,910,-14222
0051,15:15,915,-14222
0051,15:20,920,-14222
0051,15:25,925,-14222
0051,15:30,930,-15822
0051,15:35,935,-15822
0051,15:40,940,-15822
0051,15:45,945,-16356
0051,15:50,950,-16356
0051,15:55,955,-16356
0051,16:00,960,-16356
0051,16:05,965,-16356
0051,16:10,970,-17422
0051,16:15,975,-17422
0051,16:20,980,-17422
0051,16:25,985,-17422
0051,16:30,990,-17422
0051,16:35,995,-17422
0051,16:40,1000,-17422
0051,16:45,1005,-17422
0051,16:50,1010,-18311
0051,16:55,1015,-18311
0051,17:00,1020,-18311
0051,17:05,1025,-18489
0051,17:10,1030,-18489
0051,17:15,1035,-18489
0051,17:20,1040,-18489
0051,17:25,1045,-18489
0051,17:30,1050,-11911
0051,17:35,1055,-11911
0051,17:40,1060,-11911
0051,17:45,1065,-11911
0051,17:50,1070,-5333
0051,17:55,1075,-5333
0051,18:00,1080,-5333
0051,18:05,1085,-5333
0051,18:10,1090,-5511
0051,18:15,1095,-5511
0051,18:20,1100,-5511
0051,18:25,1105,-6933
0051,18:30,1110,-6933
0051,18:35,1115,-6933
0051,18:40,1120,-6933
0051,18:45,1125,-6933
0051,18:50,1130,-6933
0051,18:55,1135,-6933
0051,19:00,1140,-6933
0051,19:05,1145,-6933
0051,19:10,1150,-6933
0051,19:15,1155,-6933
0051,19:20,1160,-6933
0051,19:25,1165,-6933
0051,19:30,1170,-6933
0051,19:35,1175,-6933
0051,19:40,1180,-6933
0051,19:45,1185,-6933
0051,19:50,1190,-6933
0051,19:55,1195,-6933
0051,20:00,1200,-6933
0051,20:05,1205,-6933
0051,20:10,1210,-7467
0051,20:15,1215,-7467
0051,20:20,1220,-7467
0051,20:25,1225,-7467
0051,20:30,1230,-8000
0051,20:35,1235,-8000
0051,20:40,1240,-8000
0051,20:45,1245,-8000
0051,20:50,1250,-8000
0051,20:55,1255,-8000
0051,21:00,1260,-8000
0051,21:05,1265,-8000
0051,21:10,1270,-8000
0051,21:15,1275,-8000
0051,21:20,1280,-8000
0051,21:25,1285,-8000
0051,21:30,1290,-8000
0051,21:35,1295,-8000
0051,21:40,1300,-8000
0051,21:45,1305,-8000
0051,21:50,1310,-8000
0051,21:55,1315,-8000
0051,22:00,1320,-8000
0051,22:05,1325,-8000
0051,22:10,1330,-8000
0051,22:15,1335,-8000
0051,22:20,1340,-8000
0051,22:25,1345,-8000
0051,22:30,1350,-8000
0051,22:35,1355,-8000
0051,22:40,1360,-8000
0051,22:45,1365,-8000
0051,22:50,1370,-8000
0051,22:55,1375,-8000
0051,23:00,1380,-8000
0051,23:05,1385,-8000
0051,23:10,1390,-8000
0051,23:15,1395,-8000
0051,23:16,1396,-8000
0051,23:20,1400,-8000
0052,09:00,540,0
0052,09:05,545,0
0052,09:10,550,0
0052,09:15,555,0
0052,09:20,560,0
0052,09:25,565,0
0052,09:30,570,0
0052,09:35,575,0
0052,09:40,580,0
0052,09:45,585,0
0052,09:50,590,0
0052,09:55,595,0
0052,10:00,600,0
0052,10:05,605,0
0052,10:10,610,0
0052,10:15,615,0
0052,10:20,620,0
0052,10:25,625,0
0052,10:30,630,0
0052,10:35,635,0
0052,10:40,640,0
0052,10:45,645,0
0052,10:50,650,0
0052,10:55,655,0
0052,11:00,660,0
0052,11:05,665,0
0052,11:10,670,0
0052,11:15,675,0
0052,11:20,680,0
0052,11:25,685,0
0052,11:30,690,0
0052,11:35,695,0
0052,11:40,700,0
0052,11:45,705,0
0052,11:50,710,0
0052,11:55,715,0
0052,12:00,720,0
0052,12:05,725,0
0052,12:10,730,0
0052,12:15,735,0
0052,12:20,740,0
0052,12:25,745,0
0052,12:30,750,0
0052,12:35,755,0
0052,12:40,760,0
0052,12:45,765,0
0052,12:50,770,0
0052,12:55,775,0
0052,13:00,780,0
0052,13:05,785,-444
0052,13:10,790,-444
0052,13:15,795,-444
0052,13:20,800,-444
0052,13:25,805,-622
0052,13:30,810,-622
0052,13:35,815,-622
0052,13:40,820,-622
0052,13:45,825,-622
0052,13:50,830,-622
0052,13:55,835,-622
0052,14:00,840,-622
0052,14:05,845,-622
0052,14:10,850,-1778
0052,14:15,855,-1778
0052,14:20,860,-1778
0052,14:25,865,-1778
0052,14:30,870,-3022
0052,14:35,875,-3022
0052,14:40,880,-3022
0052,14:45,885,-4356
0052,14:50,890,-4356
0052,14:55,895,-4356
0052,15:00,900,-4356
0052,15:05,905,-4356
0052,15:10,910,-2311
0052,15:15,915,-2311
0052,15:20,920,-2311
0052,15:25,925,-2311
0052,15:30,930,-3644
0052,15:35,935,-3644
0052,15:40,940,-3644
0052,15:45,945,-2133
0052,15:50,950,-2133
0052,15:55,955,-2133
0052,16:00,960,-2133
0052,16:05,965,-2133
0052,16:10,970,0
0052,16:15,975,0
0052,16:20,980,0
0052,16:25,985,0
0052,16:30,990,-1333
0052,16:35,995,-1333
0052,16:40,1000,-1333
0052,16:45,1005,-1333
0052,16:50,1010,-2756
0052,16:55,1015,-2756
0052,17:00,1020,-2756
0052,17:05,1025,-2756
0052,17:10,1030,-2756
0052,17:15,1035,-2756
0052,17:20,1040,-2756
0052,17:25,1045,-2756
0052,17:30,1050,-3022
0052,17:35,1055,-3022
0052,17:40,1060,-3022
0052,17:45,1065,-3022
0052,17:50,1070,-3022
0052,17:55,1075,-3022
0052,18:00,1080,-3022
0052,18:05,1085,-3022
0052,18:10,1090,-3022
0052,18:15,1095,-3022
0052,18:20,1100,-3022
0052,18:25,1105,-3022
0052,18:30,1110,-3022
0052,18:35,1115,-3022
0052,18:40,1120,-3022
0052,18:45,1125,-3022
0052,18:50,1130,-3556
0052,18:55,1135,-3556
0052,19:00,1140,-3556
0052,19:05,1145,-3556
0052,19:10,1150,-3644
0052,19:15,1155,-3644
0052,19:20,1160,-3644
0052,19:25,1165,-4178
0052,19:30,1170,-4178
0052,19:35,1175,-4178
0052,19:40,1180,-4178
0052,19:45,1185,-4533
0052,19:50,1190,-4533
0052,19:55,1195,-4533
0052,20:00,1200,-4533
0052,20:05,1205,-4533
0052,20:10,1210,-5867
0052,20:15,1215,-5867
0052,20:20,1220,-5867
0052,20:25,1225,-5867
0052,20:30,1230,-6133
0052,20:35,1235,-6133
0052,20:40,1240,-6133
0052,20:45,1245,-6133
0052,20:50,1250,-6133
0052,20:55,1255,-6133
0052,21:00,1260,-6133
0052,21:05,1265,-6133
0052,21:10,1270,-6133
0052,21:15,1275,-6133
0052,21:20,1280,-6133
0052,21:25,1285,-6133
0052,21:30,1290,-6933
0052,21:35,1295,-6933
0052,21:40,1300,-6933
0052,21:45,1305,-6933
0052,21:50,1310,-6933
0052,21:55,1315,-6933
0052,22:00,1320,-6933
0052,22:05,1325,-6933
0052,22:10,1330,-6933
0052,22:15,1335,-6933
0052,22:20,1340,-6933
0052,22:25,1345,-6933
0052,22:30,1350,-6933
0052,22:35,1355,-6933
0052,22:40,1360,-6933
0052,22:45,1365,-6933
0052,22:50,1370,-6933
0052,22:55,1375,-6933
0052,23:00,1380,-6933
0052,23:05,1385,-6933
0052,23:10,1390,-6933
0052,23:15,1395,-6933
0052,23:16,1396,-6933
0052,23:20,1400,-6933
0053,09:00,540,0
0053,09:05,545,0
0053,09:10,550,0
0053,09:15,555,0
0053,09:20,560,0
0053,09:25,565,0
0053,09:30,570,0
0053,09:35,575,0
0053,09:40,580,0
0053,09:45,585,0
0053,09:50,590,0
0053,09:55,595,0
0053,10:00,600,0
0053,10:05,605,0
0053,10:10,610,0
0053,10:15,615,0
0053,10:20,620,0
0053,10:25,625,0
0053,10:30,630,0
0053,10:35,635,0
0053,10:40,640,-267
0053,10:45,645,-267
0053,10:50,650,-267
0053,10:55,655,-267
0053,11:00,660,-1067
0053,11:05,665,-1067
0053,11:10,670,-1067
0053,11:15,675,-1067
0053,11:20,680,-1067
0053,11:25,685,-1067
0053,11:30,690,-1067
0053,11:35,695,-1067
0053,11:40,700,-1067
0053,11:45,705,-1422
0053,11:50,710,-1422
0053,11:55,715,-1422
0053,12:00,720,-1422
0053,12:05,725,3362
0053,12:10,730,3362
0053,12:15,735,3362
0053,12:20,740,3362
0053,12:25,745,3362
0053,12:30,750,9310
0053,12:35,755,9310
0053,12:40,760,9310
0053,12:45,765,9310
0053,12:50,770,8190
0053,12:55,775,8190
0053,13:00,780,8190
0053,13:05,785,7155
0053,13:10,790,7155
0053,13:15,795,7155
0053,13:20,800,7155
0053,13:25,805,6983
0053,13:30,810,6983
0053,13:35,815,6983
0053,13:40,820,6983
0053,13:45,825,6983
0053,13:50,830,6983
0053,13:55,835,6983
0053,14:00,840,6983
0053,14:05,845,6983
0053,14:10,850,6983
0053,14:15,855,6983
0053,14:20,860,6983
0053,14:25,865,6983
0053,14:30,870,5776
0053,14:35,875,5776
0053,14:40,880,5776
0053,14:45,885,5000
0053,14:50,890,5000
0053,14:55,895,5000
0053,15:00,900,5000
0053,15:05,905,5000
0053,15:10,910,5000
0053,15:15,915,5000
0053,15:20,920,5000
0053,15:25,925,5000
0053,15:30,930,3534
0053,15:35,935,3534
0053,15:40,940,3534
0053,15:45,945,3276
0053,15:50,950,3276
0053,15:55,955,3276
0053,16:00,960,3276
0053,16:05,965,3276
0053,16:10,970,3276
0053,16:15,975,3276
0053,16:20,980,3276
0053,16:25,985,3276
0053,16:30,990,3879
0053,16:35,995,3879
0053,16:40,1000,3879
0053,16:45,1005,3879
0053,16:50,1010,3103
0053,16:55,1015,3103
0053,17:00,1020,3103
0053,17:05,1025,3103
0053,17:10,1030,3103
0053,17:15,1035,3103
0053,17:20,1040,3103
0053,17:25,1045,3103
0053,17:30,1050,2931
0053,17:35,1055,2931
0053,17:40,1060,2931
0053,17:45,1065,2931
0053,17:50,1070,2328
0053,17:55,1075,2328
0053,18:00,1080,2328
0053,18:05,1085,2328
0053,18:10,1090,2328
0053,18:15,1095,2328
0053,18:20,1100,2328
0053,18:25,1105,2328
0053,18:30,1110,2328
0053,18:35,1115,2328
0053,18:40,1120,2328
0053,18:45,1125,2328
0053,18:50,1130,1983
0053,18:55,1135,1983
0053,19:00,1140,1983
0053,19:05,1145,1983
0053,19:10,1150,1897
0053,19:15,1155,1897
0053,19:20,1160,1897
0053,19:25,1165,1897
0053,19:30,1170,1897
0053,19:35,1175,1897
0053,19:40,1180,1897
0053,19:45,1185,1638
0053,19:50,1190,1638
0053,19:55,1195,1638
0053,20:00,1200,1638
0053,20:05,1205,1638
0053,20:10,1210,1638
0053,20:15,1215,1638
0053,20:20,1220,1638
0053,20:25,1225,1638
0053,20:30,1230,1121
0053,20:35,1235,1121
0053,20:40,1240,1121
0053,20:45,1245,1121
0053,20:50,1250,1121
0053,20:55,1255,1121
0053,21:00,1260,1121
0053,21:05,1265,1121
0053,21:10,1270,603
0053,21:15,1275,603
0053,21:20,1280,603
0053,21:25,1285,603
0053,21:30,1290,431
0053,21:35,1295,431
0053,21:40,1300,431
0053,21:45,1305,431
0053,21:50,1310,431
0053,21:55,1315,431
0053,22:00,1320,431
0053,22:05,1325,431
0053,22:10,1330,431
0053,22:15,1335,431
0053,22:20,1340,431
0053,22:25,1345,431
0053,22:30,1350,431
0053,22:35,1355,431
0053,22:40,1360,431
0053,22:45,1365,431
0053,22:50,1370,431
0053,22:55,1375,431
0053,23:00,1380,431
0053,23:05,1385,431
0053,23:10,1390,431
0053,23:15,1395,431
0053,23:16,1396,431
0053,23:20,1400,431
0054,09:00,540,0
0054,09:05,545,0
0054,09:10,550,0
0054,09:15,555,0
0054,09:20,560,0
0054,09:25,565,0
0054,09:30,570,0
0054,09:35,575,0
0054,09:40,580,0
0054,09:45,585,0
0054,09:50,590,0
0054,09:55,595,0
0054,10:00,600,0
0054,10:05,605,0
0054,10:10,610,0
0054,10:15,615,0
0054,10:20,620,0
0054,10:25,625,-533
0054,10:30,630,-533
0054,10:35,635,-533
0054,10:40,640,-711
0054,10:45,645,-711
0054,10:50,650,-711
0054,10:55,655,-711
0054,11:00,660,-1067
0054,11:05,665,-1067
0054,11:10,670,-1422
0054,11:15,675,-1422
0054,11:20,680,-1422
0054,11:25,685,-1422
0054,11:30,690,-1600
0054,11:35,695,-1600
0054,11:40,700,-1600
0054,11:45,705,-1600
0054,11:50,710,-1600
0054,11:55,715,-1600
0054,12:00,720,-1600
0054,12:05,725,-1600
0054,12:10,730,-1600
0054,12:15,735,-1600
0054,12:20,740,-1600
0054,12:25,745,-1600
0054,12:30,750,-2489
0054,12:35,755,-2489
0054,12:40,760,-2489
0054,12:45,765,-2489
0054,12:50,770,-2489
0054,12:55,775,-2489
0054,13:00,780,-2489
0054,13:05,785,-2133
0054,13:10,790,-2133
0054,13:15,795,-2133
0054,13:20,800,-2133
0054,13:25,805,1724
0054,13:30,810,1724
0054,13:35,815,1724
0054,13:40,820,1724
0054,13:45,825,1724
0054,13:50,830,517
0054,13:55,835,517
0054,14:00,840,517
0054,14:05,845,517
0054,14:10,850,-889
0054,14:15,855,-889
0054,14:20,860,-889
0054,14:25,865,-889
0054,14:30,870,-711
0054,14:35,875,-711
0054,14:40,880,-711
0054,14:45,885,-2133
0054,14:50,890,-2133
0054,14:55,895,-2133
0054,15:00,900,-2133
0054,15:05,905,-2133
0054,15:10,910,-3378
0054,15:15,915,-3378
0054,15:20,920,-3378
0054,15:25,925,-3378
0054,15:30,930,-1422
0054,15:35,935,-1422
0054,15:40,940,-1422
0054,15:45,945,-3022
0054,15:50,950,-3022
0054,15:55,955,-3022
0054,16:00,960,-3022
0054,16:05,965,-3022
0054,16:10,970,-2311
0054,16:15,975,-2311
0054,16:20,980,-2311
0054,16:25,985,-2311
0054,16:30,990,-2489
0054,16:35,995,-2489
0054,16:40,1000,-2489
0054,16:45,1005,-2489
0054,16:50,1010,-2489
0054,16:55,1015,-2489
0054,17:00,1020,-2489
0054,17:05,1025,-2667
0054,17:10,1030,-2667
0054,17:15,1035,-2667
0054,17:20,1040,-2667
0054,17:25,1045,-2667
0054,17:30,1050,-2667
0054,17:35,1055,-2667
0054,17:40,1060,-2667
0054,17:45,1065,-2667
0054,17:50,1070,-2667
0054,17:55,1075,-2667
0054,18:00,1080,-2667
0054,18:05,1085,-2667
0054,18:10,1090,-2667
0054,18:15,1095,-2667
0054,18:20,1100,-2667
0054,18:25,1105,-2667
0054,18:30,1110,-2667
0054,18:35,1115,-2667
0054,18:40,1120,-2667
0054,18:45,1125,-2667
0054,18:50,1130,-2844
0054,18:55,1135,-2844
0054,19:00,1140,-2844
0054,19:05,1145,-2844
0054,19:10,1150,2759
0054,19:15,1155,2759
0054,19:20,1160,2759
0054,19:25,1165,11552
0054,19:30,1170,11552
0054,19:35,1175,11552
0054,19:40,1180,11552
0054,19:45,1185,14483
0054,19:50,1190,14483
0054,19:55,1195,14483
0054,20:00,1200,14483
0054,20:05,1205,14483
0054,20:10,1210,13448
0054,20:15,1215,13448
0054,20:20,1220,13448
0054,20:25,1225,13448
0054,20:30,1230,13103
0054,20:35,1235,13103
0054,20:40,1240,13103
0054,20:45,1245,13103
0054,20:50,1250,13103
0054,20:55,1255,13103
0054,21:00,1260,13103
0054,21:05,1265,13103
0054,21:10,1270,13103
0054,21:15,1275,13103
0054,21:20,1280,13103
0054,21:25,1285,13103
0054,21:30,1290,13103
0054,21:35,1295,13103
0054,21:40,1300,13103
0054,21:45,1305,13103
0054,21:50,1310,13103
0054,21:55,1315,13103
0054,22:00,1320,13103
0054,22:05,1325,13103
0054,22:10,1330,13103
0054,22:15,1335,13103
0054,22:20,1340,13103
0054,22:25,1345,13103
0054,22:30,1350,13103
0054,22:35,1355,13103
0054,22:40,1360,13103
0054,22:45,1365,13103
0054,22:50,1370,13103
0054,22:55,1375,13103
0054,23:00,1380,13103
0054,23:05,1385,13103
0054,23:10,1390,13103
0054,23:15,1395,13103
0054,23:16,1396,13103
0054,23:20,1400,13103
0055,09:00,540,0
0055,09:05,545,0
0055,09:10,550,0
0055,09:15,555,0
0055,09:20,560,0
0055,09:25,565,0
0055,09:30,570,0
0055,09:35,575,0
0055,09:40,580,0
0055,09:45,585,0
0055,09:50,590,0
0055,09:55,595,0
0055,10:00,600,0
0055,10:05,605,0
0055,10:10,610,0
0055,10:15,615,0
0055,10:20,620,0
0055,10:25,625,0
0055,10:30,630,0
0055,10:35,635,0
0055,10:40,640,0
0055,10:45,645,0
0055,10:50,650,0
0055,10:55,655,0
0055,11:00,660,0
0055,11:05,665,0
0055,11:10,670,0
0055,11:15,675,0
0055,11:20,680,0
0055,11:25,685,0
0055,11:30,690,0
0055,11:35,695,0
0055,11:40,700,0
0055,11:45,705,0
0055,11:50,710,0
0055,11:55,715,0
0055,12:00,720,0
0055,12:05,725,0
0055,12:10,730,0
0055,12:15,735,0
0055,12:20,740,0
0055,12:25,745,0
0055,12:30,750,0
0055,12:35,755,0
0055,12:40,760,0
0055,12:45,765,0
0055,12:50,770,0
0055,12:55,775,0
0055,13:00,780,0
0055,13:05,785,0
0055,13:10,790,0
0055,13:15,795,0
0055,13:20,800,0
0055,13:25,805,0
0055,13:30,810,0
0055,13:35,815,0
0055,13:40,820,0
0055,13:45,825,0
0055,13:50,830,0
0055,13:55,835,0
0055,14:00,840,0
0055,14:05,845,0
0055,14:10,850,2672
0055,14:15,855,2672
0055,14:20,860,2672
0055,14:25,865,2672
0055,14:30,870,1552
0055,14:35,875,1552
0055,14:40,880,1552
0055,14:45,885,172
0055,14:50,890,172
0055,14:55,895,172
0055,15:00,900,172
0055,15:05,905,172
0055,15:10,910,172
0055,15:15,915,172
0055,15:20,920,172
0055,15:25,925,172
0055,15:30,930,-267
0055,15:35,935,-267
0055,15:40,940,-267
0055,15:45,945,-267
0055,15:50,950,-267
0055,15:55,955,-267
0055,16:00,960,-267
0055,16:05,965,-267
0055,16:10,970,-267
0055,16:15,975,-267
0055,16:20,980,-267
0055,16:25,985,-267
0055,16:30,990,-267
0055,16:35,995,-267
0055,16:40,1000,-267
0055,16:45,1005,-267
0055,16:50,1010,-267
0055,16:55,1015,-267
0055,17:00,1020,-267
0055,17:05,1025,-267
0055,17:10,1030,-267
0055,17:15,1035,-267
0055,17:20,1040,-267
0055,17:25,1045,-267
0055,17:30,1050,3362
0055,17:35,1055,3362
0055,17:40,1060,3362
0055,17:45,1065,3362
0055,17:50,1070,1983
0055,17:55,1075,1983
0055,18:00,1080,1983
0055,18:05,1085,1983
0055,18:10,1090,5862
0055,18:15,1095,5862
0055,18:20,1100,5862
0055,18:25,1105,5862
0055,18:30,1110,5862
0055,18:35,1115,5862
0055,18:40,1120,5862
0055,18:45,1125,5862
0055,18:50,1130,6552
0055,18:55,1135,6552
0055,19:00,1140,6552
0055,19:05,1145,6552
0055,19:10,1150,5948
0055,19:15,1155,5948
0055,19:20,1160,5948
0055,19:25,1165,5948
0055,19:30,1170,5948
0055,19:35,1175,5948
0055,19:40,1180,5948
0055,19:45,1185,5948
0055,19:50,1190,5948
0055,19:55,1195,5948
0055,20:00,1200,5948
0055,20:05,1205,5948
0055,20:10,1210,5172
0055,20:15,1215,5172
0055,20:20,1220,5172
0055,20:25,1225,5172
0055,20:30,1230,4741
0055,20:35,1235,4741
0055,20:40,1240,4741
0055,20:45,1245,4741
0055,20:50,1250,4741
0055,20:55,1255,4741
0055,21:00,1260,4741
0055,21:05,1265,4741
0055,21:10,1270,4741
0055,21:15,1275,4741
0055,21:20,1280,4741
0055,21:25,1285,4741
0055,21:30,1290,4741
0055,21:35,1295,4741
0055,21:40,1300,4741
0055,21:45,1305,4741
0055,21:50,1310,4741
0055,21:55,1315,4741
0055,22:00,1320,4741
0055,22:05,1325,4741
0055,22:10,1330,4741
0055,22:15,1335,4741
0055,22:20,1340,4741
0055,22:25,1345,4741
0055,22:30,1350,4741
0055,22:35,1355,4741
0055,22:40,1360,4741
0055,22:45,1365,4741
0055,22:50,1370,4741
0055,22:55,1375,4741
0055,23:00,1380,4741
0055,23:05,1385,4741
0055,23:10,1390,4741
0055,23:15,1395,4741
0055,23:16,1396,4741
0055,23:20,1400,4741
0056,09:00,540,0
0056,09:05,545,0
0056,09:10,550,0
0056,09:15,555,0
0056,09:20,560,0
0056,09:25,565,0
0056,09:30,570,0
0056,09:35,575,0
0056,09:40,580,0
0056,09:45,585,0
0056,09:50,590,0
0056,09:55,595,0
0056,10:00,600,0
0056,10:05,605,0
0056,10:10,610,0
0056,10:15,615,0
0056,10:20,620,0
0056,10:25,625,0
0056,10:30,630,0
0056,10:35,635,0
0056,10:40,640,0
0056,10:45,645,0
0056,10:50,650,0
0056,10:55,655,0
0056,11:00,660,0
0056,11:05,665,0
0056,11:10,670,0
0056,11:15,675,0
0056,11:20,680,0
0056,11:25,685,0
0056,11:30,690,0
0056,11:35,695,0
0056,11:40,700,0
0056,11:45,705,0
0056,11:50,710,0
0056,11:55,715,0
0056,12:00,720,0
0056,12:05,725,0
0056,12:10,730,0
0056,12:15,735,0
0056,12:20,740,0
0056,12:25,745,0
0056,12:30,750,0
0056,12:35,755,0
0056,12:40,760,0
0056,12:45,765,0
0056,12:50,770,-1067
0056,12:55,775,-1067
0056,13:00,780,-1067
0056,13:05,785,-711
0056,13:10,790,-711
0056,13:15,795,-711
0056,13:20,800,-711
0056,13:25,805,1379
0056,13:30,810,1379
0056,13:35,815,1379
0056,13:40,820,1379
0056,13:45,825,1379
0056,13:50,830,690
0056,13:55,835,690
0056,14:00,840,690
0056,14:05,845,690
0056,14:10,850,-178
0056,14:15,855,-178
0056,14:20,860,-178
0056,14:25,865,-178
0056,14:30,870,-889
0056,14:35,875,-889
0056,14:40,880,-889
0056,14:45,885,2759
0056,14:50,890,2759
0056,14:55,895,2759
0056,15:00,900,2759
0056,15:05,905,2759
0056,15:10,910,9483
0056,15:15,915,9483
0056,15:20,920,9483
0056,15:25,925,9483
0056,15:30,930,11724
0056,15:35,935,11724
0056,15:40,940,11724
0056,15:45,945,10862
0056,15:50,950,10862
0056,15:55,955,10862
0056,16:00,960,10862
0056,16:05,965,10862
0056,16:10,970,10862
0056,16:15,975,10862
0056,16:20,980,10862
0056,16:25,985,10862
0056,16:30,990,10517
0056,16:35,995,10517
0056,16:40,1000,10517
0056,16:45,1005,10517
0056,16:50,1010,10172
0056,16:55,1015,10172
0056,17:00,1020,10172
0056,17:05,1025,10172
0056,17:10,1030,10172
0056,17:15,1035,10172
0056,17:20,1040,10172
0056,17:25,1045,10172
0056,17:30,1050,10172
0056,17:35,1055,10172
0056,17:40,1060,10172
0056,17:45,1065,10172
0056,17:50,1070,10000
0056,17:55,1075,10000
0056,18:00,1080,10000
0056,18:05,1085,10000
0056,18:10,1090,10000
0056,18:15,1095,10000
0056,18:20,1100,10000
0056,18:25,1105,10000
0056,18:30,1110,10000
0056,18:35,1115,10000
0056,18:40,1120,10000
0056,18:45,1125,10000
0056,18:50,1130,10000
0056,18:55,1135,10000
0056,19:00,1140,10000
0056,19:05,1145,10000
0056,19:10,1150,10000
0056,19:15,1155,10000
0056,19:20,1160,10000
0056,19:25,1165,9655
0056,19:30,1170,9655
0056,19:35,1175,9655
0056,19:40,1180,9655
0056,19:45,1185,9655
0056,19:50,1190,9655
0056,19:55,1195,9655
0056,20:00,1200,9655
0056,20:05,1205,9655
0056,20:10,1210,11207
0056,20:15,1215,11207
0056,20:20,1220,11207
0056,20:25,1225,11207
0056,20:30,1230,9483
0056,20:35,1235,9483
0056,20:40,1240,9483
0056,20:45,1245,7931
0056,20:50,1250,7931
0056,20:55,1255,7931
0056,21:00,1260,7931
0056,21:05,1265,7931
0056,21:10,1270,8621
0056,21:15,1275,8621
0056,21:20,1280,8621
0056,21:25,1285,8621
0056,21:30,1290,7069
0056,21:35,1295,7069
0056,21:40,1300,7069
0056,21:45,1305,7069
0056,21:50,1310,7069
0056,21:55,1315,7069
0056,22:00,1320,7069
0056,22:05,1325,7069
0056,22:10,1330,7069
0056,22:15,1335,7069
0056,22:20,1340,7069
0056,22:25,1345,7069
0056,22:30,1350,7069
0056,22:35,1355,7069
0056,22:40,1360,7069
0056,22:45,1365,7069
0056,22:50,1370,7069
0056,22:55,1375,7069
0056,23:00,1380,7069
0056,23:05,1385,7069
0056,23:10,1390,7069
0056,23:15,1395,7069
0056,23:16,1396,7069
0056,23:20,1400,7069
0057,09:00,540,0
0057,09:05,545,0
0057,09:10,550,0
0057,09:15,555,0
0057,09:20,560,0
0057,09:25,565,0
0057,09:30,570,0
0057,09:35,575,0
0057,09:40,580,0
0057,09:45,585,0
0057,09:50,590,0
0057,09:55,595,0
0057,10:00,600,0
0057,10:05,605,0
0057,10:10,610,-178
0057,10:15,615,-178
0057,10:20,620,-178
0057,10:25,625,-1067
0057,10:30,630,-1067
0057,10:35,635,-1067
0057,10:40,640,-2311
0057,10:45,645,-2311
0057,10:50,650,-2311
0057,10:55,655,-2311
0057,11:00,660,172
0057,11:05,665,172
0057,11:10,670,-178
0057,11:15,675,-178
0057,11:20,680,-178
0057,11:25,685,-178
0057,11:30,690,-1600
0057,11:35,695,-1600
0057,11:40,700,-1600
0057,11:45,705,-3022
0057,11:50,710,-3022
0057,11:55,715,-3022
0057,12:00,720,-3022
0057,12:05,725,-4267
0057,12:10,730,-4267
0057,12:15,735,-4267
0057,12:20,740,-4267
0057,12:25,745,-4267
0057,12:30,750,-4622
0057,12:35,755,-4622
0057,12:40,760,-4622
0057,12:45,765,-4622
0057,12:50,770,-4089
0057,12:55,775,-4089
0057,13:00,780,-4089
0057,13:05,785,-5333
0057,13:10,790,-5333
0057,13:15,795,-5333
0057,13:20,800,-5333
0057,13:25,805,-5333
0057,13:30,810,-5333
0057,13:35,815,-5333
0057,13:40,820,-5333
0057,13:45,825,-5333
0057,13:50,830,-5333
0057,13:55,835,-5333
0057,14:00,840,-5333
0057,14:05,845,-5333
0057,14:10,850,-5511
0057,14:15,855,-5511
0057,14:20,860,-5511
0057,14:25,865,-5511
0057,14:30,870,-6756
0057,14:35,875,-6756
0057,14:40,880,-6756
0057,14:45,885,-6578
0057,14:50,890,-6578
0057,14:55,895,-6578
0057,15:00,900,-6578
0057,15:05,905,-6578
0057,15:10,910,-3200
0057,15:15,915,-3200
0057,15:20,920,-3200
0057,15:25,925,-3200
0057,15:30,930,-4267
0057,15:35,935,-4267
0057,15:40,940,-4267
0057,15:45,945,-5333
0057,15:50,950,-5333
0057,15:55,955,-5333
0057,16:00,960,-5333
0057,16:05,965,-5333
0057,16:10,970,-5511
0057,16:15,975,-5511
0057,16:20,980,-5511
0057,16:25,985,-5511
0057,16:30,990,-6044
0057,16:35,995,-6044
0057,16:40,1000,-6044
0057,16:45,1005,-6044
0057,16:50,1010,-6044
0057,16:55,1015,-6044
0057,17:00,1020,-6044
0057,17:05,1025,-6044
0057,17:10,1030,-6044
0057,17:15,1035,-6044
0057,17:20,1040,-6044
0057,17:25,1045,-6044
0057,17:30,1050,-6044
0057,17:35,1055,-6044
0057,17:40,1060,-6044
0057,17:45,1065,-6044
0057,17:50,1070,-6400
0057,17:55,1075,-6400
0057,18:00,1080,-6400
0057,18:05,1085,-6400
0057,18:10,1090,-6400
0057,18:15,1095,-6400
0057,18:20,1100,-6400
0057,18:25,1105,-6400
0057,18:30,1110,-6400
0057,18:35,1115,-6400
0057,18:40,1120,-6400
0057,18:45,1125,-6400
0057,18:50,1130,-6400
0057,18:55,1135,-6400
0057,19:00,1140,-6400
0057,19:05,1145,-6400
0057,19:10,1150,-6933
0057,19:15,1155,-6933
0057,19:20,1160,-6933
0057,19:25,1165,-7289
0057,19:30,1170,-7289
0057,19:35,1175,-7289
0057,19:40,1180,-7289
0057,19:45,1185,-8356
0057,19:50,1190,-8356
0057,19:55,1195,-8356
0057,20:00,1200,-8356
0057,20:05,1205,-8356
0057,20:10,1210,-8356
0057,20:15,1215,-8356
0057,20:20,1220,-8356
0057,20:25,1225,-8356
0057,20:30,1230,-8711
0057,20:35,1235,-8711
0057,20:40,1240,-8711
0057,20:45,1245,-9244
0057,20:50,1250,-9244
0057,20:55,1255,-9244
0057,21:00,1260,-9244
0057,21:05,1265,-9244
0057,21:10,1270,-9956
0057,21:15,1275,-9956
0057,21:20,1280,-9956
0057,21:25,1285,-9956
0057,21:30,1290,-10489
0057,21:35,1295,-10489
0057,21:40,1300,-10489
0057,21:45,1305,-11022
0057,21:50,1310,-11022
0057,21:55,1315,-11022
0057,22:00,1320,-11022
0057,22:05,1325,-11022
0057,22:10,1330,-11022
0057,22:15,1335,-11022
0057,22:20,1340,-11022
0057,22:25,1345,-11022
0057,22:30,1350,-11022
0057,22:35,1355,-11022
0057,22:40,1360,-11022
0057,22:45,1365,-11022
0057,22:50,1370,-11022
0057,22:55,1375,-11022
0057,23:00,1380,-11022
0057,23:05,1385,-11022
0057,23:10,1390,-11022
0057,23:15,1395,-11022
0057,23:16,1396,-11022
0057,23:20,1400,-11022
0058,09:00,540,0
0058,09:05,545,0
0058,09:10,550,0
0058,09:15,555,0
0058,09:20,560,0
0058,09:25,565,0
0058,09:30,570,0
0058,09:35,575,0
0058,09:40,580,0
0058,09:45,585,0
0058,09:50,590,0
0058,09:55,595,0
0058,10:00,600,0
0058,10:05,605,0
0058,10:10,610,0
0058,10:15,615,0
0058,10:20,620,0
0058,10:25,625,-889
0058,10:30,630,-889
0058,10:35,635,-889
0058,10:40,640,-1956
0058,10:45,645,-1956
0058,10:50,650,-1956
0058,10:55,655,-1956
0058,11:00,660,-3022
0058,11:05,665,-3022
0058,11:10,670,-3378
0058,11:15,675,-3378
0058,11:20,680,-3378
0058,11:25,685,-3378
0058,11:30,690,-4800
0058,11:35,695,-4800
0058,11:40,700,-4800
0058,11:45,705,-4978
0058,11:50,710,-4978
0058,11:55,715,-4978
0058,12:00,720,-4978
0058,12:05,725,-4978
0058,12:10,730,-4978
0058,12:15,735,-4978
0058,12:20,740,-4978
0058,12:25,745,-4978
0058,12:30,750,-4978
0058,12:35,755,-4978
0058,12:40,760,-4978
0058,12:45,765,-4978
0058,12:50,770,-5156
0058,12:55,775,-5156
0058,13:00,780,-5156
0058,13:05,785,-5511
0058,13:10,790,-5511
0058,13:15,795,-5511
0058,13:20,800,-5511
0058,13:25,805,-5867
0058,13:30,810,-5867
0058,13:35,815,-5867
0058,13:40,820,-5867
0058,13:45,825,-5867
0058,13:50,830,-7289
0058,13:55,835,-7289
0058,14:00,840,-7289
0058,14:05,845,-7289
0058,14:10,850,-7822
0058,14:15,855,-7822
0058,14:20,860,-7822
0058,14:25,865,-7822
0058,14:30,870,-8889
0058,14:35,875,-8889
0058,14:40,880,-8889
0058,14:45,885,-8000
0058,14:50,890,-8000
0058,14:55,895,-8000
0058,15:00,900,-8000
0058,15:05,905,-8000
0058,15:10,910,-9067
0058,15:15,915,-9067
0058,15:20,920,-9067
0058,15:25,925,-9067
0058,15:30,930,-10133
0058,15:35,935,-10133
0058,15:40,940,-10133
0058,15:45,945,-10133
0058,15:50,950,-10133
0058,15:55,955,-10133
0058,16:00,960,-10133
0058,16:05,965,-10133
0058,16:10,970,-10844
0058,16:15,975,-10844
0058,16:20,980,-10844
0058,16:25,985,-10844
0058,16:30,990,-11378
0058,16:35,995,-11378
0058,16:40,1000,-11378
0058,16:45,1005,-11378
0058,16:50,1010,-11378
0058,16:55,1015,-11378
0058,17:00,1020,-11378
0058,17:05,1025,-11378
0058,17:10,1030,-11378
0058,17:15,1035,-11378
0058,17:20,1040,-11378
0058,17:25,1045,-11378
0058,17:30,1050,-12089
0058,17:35,1055,-12089
0058,17:40,1060,-12089
0058,17:45,1065,-12089
0058,17:50,1070,-12622
0058,17:55,1075,-12622
0058,18:00,1080,-12622
0058,18:05,1085,-12622
0058,18:10,1090,-12800
0058,18:15,1095,-12800
0058,18:20,1100,-12800
0058,18:25,1105,-12800
0058,18:30,1110,-12800
0058,18:35,1115,-12800
0058,18:40,1120,-12800
0058,18:45,1125,-12800
0058,18:50,1130,-12800
0058,18:55,1135,-12800
0058,19:00,1140,-12800
0058,19:05,1145,-12800
0058,19:10,1150,-12800
0058,19:15,1155,-12800
0058,19:20,1160,-12800
0058,19:25,1165,-12800
0058,19:30,1170,-12800
0058,19:35,1175,-12800
0058,19:40,1180,-12800
0058,19:45,1185,-12800
0058,19:50,1190,-12800
0058,19:55,1195,-12800
0058,20:00,1200,-12800
0058,20:05,1205,-12800
0058,20:10,1210,-12800
0058,20:15,1215,-12800
0058,20:20,1220,-12800
0058,20:25,1225,-12800
0058,20:30,1230,-8000
0058,20:35,1235,-8000
0058,20:40,1240,-8000
0058,20:45,1245,-2489
0058,20:50,1250,-2489
0058,20:55,1255,-2489
0058,21:00,1260,-2489
0058,21:05,1265,-2489
0058,21:10,1270,2759
0058,21:15,1275,2759
0058,21:20,1280,2759
0058,21:25,1285,2759
0058,21:30,1290,1897
0058,21:35,1295,1897
0058,21:40,1300,1897
0058,21:45,1305,1897
0058,21:50,1310,1897
0058,21:55,1315,1897
0058,22:00,1320,1897
0058,22:05,1325,1897
0058,22:10,1330,1897
0058,22:15,1335,1897
0058,22:20,1340,1897
0058,22:25,1345,1897
0058,22:30,1350,1897
0058,22:35,1355,1897
0058,22:40,1360,1897
0058,22:45,1365,1897
0058,22:50,1370,1897
0058,22:55,1375,1897
0058,23:00,1380,1897
0058,23:05,1385,1897
0058,23:10,1390,1897
0058,23:15,1395,1897
0058,23:16,1396,1897
0058,23:20,1400,1897
0059,09:00,540,0
0059,09:05,545,0
0059,09:10,550,0
0059,09:15,555,0
0059,09:20,560,0
0059,09:25,565,0
0059,09:30,570,0
0059,09:35,575,0
0059,09:40,580,0
0059,09:45,585,0
0059,09:50,590,0
0059,09:55,595,0
0059,10:00,600,0
0059,10:05,605,0
0059,10:10,610,0
0059,10:15,615,0
0059,10:20,620,0
0059,10:25,625,0
0059,10:30,630,0
0059,10:35,635,0
0059,10:40,640,0
0059,10:45,645,0
0059,10:50,650,0
0059,10:55,655,0
0059,11:00,660,0
0059,11:05,665,0
0059,11:10,670,0
0059,11:15,675,0
0059,11:20,680,0
0059,11:25,685,0
0059,11:30,690,0
0059,11:35,695,0
0059,11:40,700,0
0059,11:45,705,-511
0059,11:50,710,-511
0059,11:55,715,-511
0059,12:00,720,-511
0059,12:05,725,-766
0059,12:10,730,-766
0059,12:15,735,-766
0059,12:20,740,-766
0059,12:25,745,-766
0059,12:30,750,-2553
0059,12:35,755,-2553
0059,12:40,760,-2553
0059,12:45,765,-2553
0059,12:50,770,-3319
0059,12:55,775,-3319
0059,13:00,780,-3319
0059,13:05,785,-4085
0059,13:10,790,-4085
0059,13:15,795,-4085
0059,13:20,800,-4085
0059,13:25,805,-5362
0059,13:30,810,-5362
0059,13:35,815,-5362
0059,13:40,820,-5362
0059,13:45,825,-5362
0059,13:50,830,-6638
0059,13:55,835,-6638
0059,14:00,840,-6638
0059,14:05,845,-6638
0059,14:10,850,-7404
0059,14:15,855,-7404
0059,14:20,860,-7404
0059,14:25,865,-7404
0059,14:30,870,-9447
0059,14:35,875,-9447
0059,14:40,880,-9447
0059,14:45,885,-10723
0059,14:50,890,-10723
0059,14:55,895,-10723
0059,15:00,900,-10723
0059,15:05,905,-10723
0059,15:10,910,-12000
0059,15:15,915,-12000
0059,15:20,920,-12000
0059,15:25,925,-12000
0059,15:30,930,-13787
0059,15:35,935,-13787
0059,15:40,940,-13787
0059,15:45,945,-14553
0059,15:50,950,-14553
0059,15:55,955,-14553
0059,16:00,960,-14553
0059,16:05,965,-14553
0059,16:10,970,-15830
0059,16:15,975,-15830
0059,16:20,980,-15830
0059,16:25,985,-15830
0059,16:30,990,-17617
0059,16:35,995,-17617
0059,16:40,1000,-17617
0059,16:45,1005,-17617
0059,16:50,1010,-19404
0059,16:55,1015,-19404
0059,17:00,1020,-19404
0059,17:05,1025,-19915
0059,17:10,1030,-19915
0059,17:15,1035,-19915
0059,17:20,1040,-19915
0059,17:25,1045,-19915
0059,17:30,1050,-21702
0059,17:35,1055,-21702
0059,17:40,1060,-21702
0059,17:45,1065,-21702
0059,17:50,1070,-23489
0059,17:55,1075,-23489
0059,18:00,1080,-23489
0059,18:05,1085,-23489
0059,18:10,1090,-24766
0059,18:15,1095,-24766
0059,18:20,1100,-24766
0059,18:25,1105,-26553
0059,18:30,1110,-26553
0059,18:35,1115,-26553
0059,18:40,1120,-26553
0059,18:45,1125,-26553
0059,18:50,1130,-25021
0059,18:55,1135,-25021
0059,19:00,1140,-25021
0059,19:05,1145,-25021
0059,19:10,1150,-24000
0059,19:15,1155,-24000
0059,19:20,1160,-24000
0059,19:25,1165,-25787
0059,19:30,1170,-25787
0059,19:35,1175,-25787
0059,19:40,1180,-25787
0059,19:45,1185,-27064
0059,19:50,1190,-27064
0059,19:55,1195,-27064
0059,20:00,1200,-27064
0059,20:05,1205,-27064
0059,20:10,1210,-27064
0059,20:15,1215,-27064
0059,20:20,1220,-27064
0059,20:25,1225,-27064
0059,20:30,1230,-27574
0059,20:35,1235,-27574
0059,20:40,1240,-27574
0059,20:45,1245,-27574
0059,20:50,1250,-27574
0059,20:55,1255,-27574
0059,21:00,1260,-27574
0059,21:05,1265,-27574
0059,21:10,1270,-27574
0059,21:15,1275,-27574
0059,21:20,1280,-27574
0059,21:25,1285,-27574
0059,21:30,1290,-27574
0059,21:35,1295,-27574
0059,21:40,1300,-27574
0059,21:45,1305,-28085
0059,21:50,1310,-28085
0059,21:55,1315,-28085
0059,22:00,1320,-28085
0059,22:05,1325,-28596
0059,22:10,1330,-28596
0059,22:15,1335,-28596
0059,22:20,1340,-28596
0059,22:25,1345,-28596
0059,22:30,1350,-28596
0059,22:35,1355,-28596
0059,22:40,1360,-28596
0059,22:45,1365,-28596
0059,22:50,1370,-28596
0059,22:55,1375,-28596
0059,23:00,1380,-28596
0059,23:05,1385,-28596
0059,23:10,1390,-28596
0059,23:15,1395,-28596
0059,23:16,1396,-28596
0059,23:20,1400,-28596
0060,09:00,540,0
0060,09:05,545,0
0060,09:10,550,0
0060,09:15,555,0
0060,09:20,560,0
0060,09:25,565,0
0060,09:30,570,0
0060,09:35,575,0
0060,09:40,580,0
0060,09:45,585,0
0060,09:50,590,0
0060,09:55,595,0
0060,10:00,600,0
0060,10:05,605,0
0060,10:10,610,0
0060,10:15,615,0
0060,10:20,620,0
0060,10:25,625,-711
0060,10:30,630,-711
0060,10:35,635,-711
0060,10:40,640,-711
0060,10:45,645,-711
0060,10:50,650,-711
0060,10:55,655,-711
0060,11:00,660,-711
0060,11:05,665,-711
0060,11:10,670,-711
0060,11:15,675,-711
0060,11:20,680,-711
0060,11:25,685,-711
0060,11:30,690,-711
0060,11:35,695,-711
0060,11:40,700,-711
0060,11:45,705,-711
0060,11:50,710,-711
0060,11:55,715,-711
0060,12:00,720,-711
0060,12:05,725,-711
0060,12:10,730,-711
0060,12:15,735,-711
0060,12:20,740,-711
0060,12:25,745,-711
0060,12:30,750,-711
0060,12:35,755,-711
0060,12:40,760,-711
0060,12:45,765,-711
0060,12:50,770,-711
0060,12:55,775,-711
0060,13:00,780,-711
0060,13:05,785,-800
0060,13:10,790,-800
0060,13:15,795,-800
0060,13:20,800,-800
0060,13:25,805,-800
0060,13:30,810,-800
0060,13:35,815,-800
0060,13:40,820,-800
0060,13:45,825,-800
0060,13:50,830,-1067
0060,13:55,835,-1067
0060,14:00,840,-1067
0060,14:05,845,-1067
0060,14:10,850,-1956
0060,14:15,855,-1956
0060,14:20,860,-1956
0060,14:25,865,-1956
0060,14:30,870,-3200
0060,14:35,875,-3200
0060,14:40,880,-3200
0060,14:45,885,-3378
0060,14:50,890,-3378
0060,14:55,895,-3378
0060,15:00,900,-3378
0060,15:05,905,-3378
0060,15:10,910,-3378
0060,15:15,915,-3378
0060,15:20,920,-3378
0060,15:25,925,-3378
0060,15:30,930,-3733
0060,15:35,935,-3733
0060,15:40,940,-3733
0060,15:45,945,-4089
0060,15:50,950,-4089
0060,15:55,955,-4089
0060,16:00,960,-4089
0060,16:05,965,-4089
0060,16:10,970,-4089
0060,16:15,975,-4089
0060,16:20,980,-4089
0060,16:25,985,-4089
0060,16:30,990,-5244
0060,16:35,995,-5244
0060,16:40,1000,-5244
0060,16:45,1005,-5244
0060,16:50,1010,-5244
0060,16:55,1015,-5244
0060,17:00,1020,-5244
0060,17:05,1025,-5778
0060,17:10,1030,-5778
0060,17:15,1035,-5778
0060,17:20,1040,-5778
0060,17:25,1045,-5778
0060,17:30,1050,-6222
0060,17:35,1055,-6222
0060,17:40,1060,-6222
0060,17:45,1065,-6222
0060,17:50,1070,-6222
0060,17:55,1075,-6222
0060,18:00,1080,-6222
0060,18:05,1085,-6222
0060,18:10,1090,-6222
0060,18:15,1095,-6222
0060,18:20,1100,-6222
0060,18:25,1105,-7467
0060,18:30,1110,-7467
0060,18:35,1115,-7467
0060,18:40,1120,-7467
0060,18:45,1125,-7467
0060,18:50,1130,-7467
0060,18:55,1135,-7467
0060,19:00,1140,-7467
0060,19:05,1145,-7467
0060,19:10,1150,-4978
0060,19:15,1155,-4978
0060,19:20,1160,-4978
0060,19:25,1165,-5067
0060,19:30,1170,-5067
0060,19:35,1175,-5067
0060,19:40,1180,-5067
0060,19:45,1185,-5333
0060,19:50,1190,-5333
0060,19:55,1195,-5333
0060,20:00,1200,-5333
0060,20:05,1205,-5333
0060,20:10,1210,-6489
0060,20:15,1215,-6489
0060,20:20,1220,-6489
0060,20:25,1225,-6489
0060,20:30,1230,-6489
0060,20:35,1235,-6489
0060,20:40,1240,-6489
0060,20:45,1245,-1244
0060,20:50,1250,-1244
0060,20:55,1255,-1244
0060,21:00,1260,-1244
0060,21:05,1265,-1244
0060,21:10,1270,2500
0060,21:15,1275,2500
0060,21:20,1280,2500
0060,21:25,1285,2500
0060,21:30,1290,2155
0060,21:35,1295,2155
0060,21:40,1300,2155
0060,21:45,1305,2155
0060,21:50,1310,2155
0060,21:55,1315,2155
0060,22:00,1320,2155
0060,22:05,1325,1638
0060,22:10,1330,1638
0060,22:15,1335,1638
0060,22:20,1340,1638
0060,22:25,1345,1638
0060,22:30,1350,1638
0060,22:35,1355,1638
0060,22:40,1360,1638
0060,22:45,1365,1638
0060,22:50,1370,1638
0060,22:55,1375,1638
0060,23:00,1380,1638
0060,23:05,1385,1638
0060,23:10,1390,1638
0060,23:15,1395,1638
0060,23:16,1396,1638
0060,23:20,1400,1638
0061,09:00,540,0
0061,09:05,545,0
0061,09:10,550,0
0061,09:15,555,0
0061,09:20,560,0
0061,09:25,565,0
0061,09:30,570,0
0061,09:35,575,0
0061,09:40,580,0
0061,09:45,585,0
0061,09:50,590,0
0061,09:55,595,0
0061,10:00,600,0
0061,10:05,605,0
0061,10:10,610,0
0061,10:15,615,0
0061,10:20,620,0
0061,10:25,625,0
0061,10:30,630,0
0061,10:35,635,0
0061,10:40,640,0
0061,10:45,645,0
0061,10:50,650,0
0061,10:55,655,0
0061,11:00,660,0
0061,11:05,665,0
0061,11:10,670,0
0061,11:15,675,0
0061,11:20,680,0
0061,11:25,685,0
0061,11:30,690,0
0061,11:35,695,0
0061,11:40,700,0
0061,11:45,705,0
0061,11:50,710,0
0061,11:55,715,0
0061,12:00,720,0
0061,12:05,725,0
0061,12:10,730,0
0061,12:15,735,0
0061,12:20,740,0
0061,12:25,745,0
0061,12:30,750,0
0061,12:35,755,0
0061,12:40,760,0
0061,12:45,765,0
0061,12:50,770,0
0061,12:55,775,0
0061,13:00,780,0
0061,13:05,785,-178
0061,13:10,790,-178
0061,13:15,795,-178
0061,13:20,800,-178
0061,13:25,805,-178
0061,13:30,810,-178
0061,13:35,815,-178
0061,13:40,820,-178
0061,13:45,825,-178
0061,13:50,830,-178
0061,13:55,835,-178
0061,14:00,840,-178
0061,14:05,845,-178
0061,14:10,850,-178
0061,14:15,855,-178
0061,14:20,860,-178
0061,14:25,865,-178
0061,14:30,870,-178
0061,14:35,875,-178
0061,14:40,880,-178
0061,14:45,885,-1511
0061,14:50,890,-1511
0061,14:55,895,-1511
0061,15:00,900,-1511
0061,15:05,905,-1511
0061,15:10,910,-2133
0061,15:15,915,-2133
0061,15:20,920,-2133
0061,15:25,925,-2133
0061,15:30,930,-2933
0061,15:35,935,-2933
0061,15:40,940,-2933
0061,15:45,945,-3733
0061,15:50,950,-3733
0061,15:55,955,-3733
0061,16:00,960,-3733
0061,16:05,965,-3733
0061,16:10,970,-4711
0061,16:15,975,-4711
0061,16:20,980,-4711
0061,16:25,985,-4711
0061,16:30,990,-2933
0061,16:35,995,-2933
0061,16:40,1000,-2933
0061,16:45,1005,-2933
0061,16:50,1010,-3467
0061,16:55,1015,-3467
0061,17:00,1020,-3467
0061,17:05,1025,-4089
0061,17:10,1030,-4089
0061,17:15,1035,-4089
0061,17:20,1040,-4089
0061,17:25,1045,-4089
0061,17:30,1050,-3200
0061,17:35,1055,-3200
0061,17:40,1060,-3200
0061,17:45,1065,-3200
0061,17:50,1070,-4356
0061,17:55,1075,-4356
0061,18:00,1080,-4356
0061,18:05,1085,-4356
0061,18:10,1090,-5156
0061,18:15,1095,-5156
0061,18:20,1100,-5156
0061,18:25,1105,-5156
0061,18:30,1110,-5156
0061,18:35,1115,-5156
0061,18:40,1120,-5156
0061,18:45,1125,-5156
0061,18:50,1130,-5156
0061,18:55,1135,-5156
0061,19:00,1140,-5156
0061,19:05,1145,-5156
0061,19:10,1150,-5156
0061,19:15,1155,-5156
0061,19:20,1160,-5156
0061,19:25,1165,-6667
0061,19:30,1170,-6667
0061,19:35,1175,-6667
0061,19:40,1180,-6667
0061,19:45,1185,-7822
0061,19:50,1190,-7822
0061,19:55,1195,-7822
0061,20:00,1200,-7822
0061,20:05,1205,-7822
0061,20:10,1210,-8533
0061,20:15,1215,-8533
0061,20:20,1220,-8533
0061,20:25,1225,-8533
0061,20:30,1230,-8800
0061,20:35,1235,-8800
0061,20:40,1240,-8800
0061,20:45,1245,-8800
0061,20:50,1250,-8800
0061,20:55,1255,-8800
0061,21:00,1260,-8800
0061,21:05,1265,-8800
0061,21:10,1270,-8800
0061,21:15,1275,-8800
0061,21:20,1280,-8800
0061,21:25,1285,-8800
0061,21:30,1290,-8800
0061,21:35,1295,-8800
0061,21:40,1300,-8800
0061,21:45,1305,-8800
0061,21:50,1310,-8800
0061,21:55,1315,-8800
0061,22:00,1320,-8800
0061,22:05,1325,-8800
0061,22:10,1330,-8800
0061,22:15,1335,-8800
0061,22:20,1340,-8800
0061,22:25,1345,-8800
0061,22:30,1350,-8800
0061,22:35,1355,-8800
0061,22:40,1360,-8800
0061,22:45,1365,-8800
0061,22:50,1370,-8800
0061,22:55,1375,-8800
0061,23:00,1380,-8800
0061,23:05,1385,-8800
0061,23:10,1390,-8800
0061,23:15,1395,-8800
0061,23:16,1396,-8800
0061,23:20,1400,-8800
0062,09:00,540,0
0062,09:05,545,0
0062,09:10,550,0
0062,09:15,555,0
0062,09:20,560,0
0062,09:25,565,0
0062,09:30,570,0
0062,09:35,575,0
0062,09:40,580,0
0062,09:45,585,0
0062,09:50,590,0
0062,09:55,595,0
0062,10:00,600,0
0062,10:05,605,0
0062,10:10,610,0
0062,10:15,615,0
0062,10:20,620,0
0062,10:25,625,690
0062,10:30,630,690
0062,10:35,635,690
0062,10:40,640,3103
0062,10:45,645,3103
0062,10:50,650,3103
0062,10:55,655,3103
0062,11:00,660,1983
0062,11:05,665,1983
0062,11:10,670,1379
0062,11:15,675,1379
0062,11:20,680,1379
0062,11:25,685,1379
0062,11:30,690,-356
0062,11:35,695,-356
0062,11:40,700,-356
0062,11:45,705,1810
0062,11:50,710,1810
0062,11:55,715,1810
0062,12:00,720,1810
0062,12:05,725,5862
0062,12:10,730,5862
0062,12:15,735,5862
0062,12:20,740,5862
0062,12:25,745,5862
0062,12:30,750,6552
0062,12:35,755,6552
0062,12:40,760,6552
0062,12:45,765,6552
0062,12:50,770,5259
0062,12:55,775,5259
0062,13:00,780,5259
0062,13:05,785,4741
0062,13:10,790,4741
0062,13:15,795,4741
0062,13:20,800,4741
0062,13:25,805,3017
0062,13:30,810,3017
0062,13:35,815,3017
0062,13:40,820,3017
0062,13:45,825,3017
0062,13:50,830,1466
0062,13:55,835,1466
0062,14:00,840,1466
0062,14:05,845,1466
0062,14:10,850,3362
0062,14:15,855,3362
0062,14:20,860,3362
0062,14:25,865,3362
0062,14:30,870,3276
0062,14:35,875,3276
0062,14:40,880,3276
0062,14:45,885,1810
0062,14:50,890,1810
0062,14:55,895,1810
0062,15:00,900,1810
0062,15:05,905,1810
0062,15:10,910,1552
0062,15:15,915,1552
0062,15:20,920,1552
0062,15:25,925,1552
0062,15:30,930,776
0062,15:35,935,776
0062,15:40,940,776
0062,15:45,945,517
0062,15:50,950,517
0062,15:55,955,517
0062,16:00,960,517
0062,16:05,965,517
0062,16:10,970,345
0062,16:15,975,345
0062,16:20,980,345
0062,16:25,985,345
0062,16:30,990,259
0062,16:35,995,259
0062,16:40,1000,259
0062,16:45,1005,259
0062,16:50,1010,0
0062,16:55,1015,0
0062,17:00,1020,0
0062,17:05,1025,0
0062,17:10,1030,0
0062,17:15,1035,0
0062,17:20,1040,0
0062,17:25,1045,0
0062,17:30,1050,0
0062,17:35,1055,0
0062,17:40,1060,0
0062,17:45,1065,0
0062,17:50,1070,-444
0062,17:55,1075,-444
0062,18:00,1080,-444
0062,18:05,1085,-444
0062,18:10,1090,-444
0062,18:15,1095,-444
0062,18:20,1100,-444
0062,18:25,1105,-444
0062,18:30,1110,-444
0062,18:35,1115,-444
0062,18:40,1120,-444
0062,18:45,1125,-444
0062,18:50,1130,-711
0062,18:55,1135,-711
0062,19:00,1140,-711
0062,19:05,1145,-711
0062,19:10,1150,-711
0062,19:15,1155,-711
0062,19:20,1160,-711
0062,19:25,1165,-711
0062,19:30,1170,-711
0062,19:35,1175,-711
0062,19:40,1180,-711
0062,19:45,1185,-978
0062,19:50,1190,-978
0062,19:55,1195,-978
0062,20:00,1200,-978
0062,20:05,1205,-978
0062,20:10,1210,-1156
0062,20:15,1215,-1156
0062,20:20,1220,-1156
0062,20:25,1225,-1156
0062,20:30,1230,-1156
0062,20:35,1235,-1156
0062,20:40,1240,-1156
0062,20:45,1245,-1156
0062,20:50,1250,-1156
0062,20:55,1255,-1156
0062,21:00,1260,-1156
0062,21:05,1265,-1156
0062,21:10,1270,1207
0062,21:15,1275,1207
0062,21:20,1280,1207
0062,21:25,1285,1207
0062,21:30,1290,4138
0062,21:35,1295,4138
0062,21:40,1300,4138
0062,21:45,1305,4138
0062,21:50,1310,4138
0062,21:55,1315,4138
0062,22:00,1320,4138
0062,22:05,1325,5259
0062,22:10,1330,5259
0062,22:15,1335,5259
0062,22:20,1340,5259
0062,22:25,1345,5259
0062,22:30,1350,7931
0062,22:35,1355,7931
0062,22:40,1360,7931
0062,22:45,1365,7931
0062,22:50,1370,7931
0062,22:55,1375,7931
0062,23:00,1380,7931
0062,23:05,1385,7931
0062,23:10,1390,7931
0062,23:15,1395,7931
0062,23:16,1396,7931
0062,23:20,1400,7931
0063,09:00,540,0
0063,09:05,545,0
0063,09:10,550,0
0063,09:15,555,0
0063,09:20,560,0
0063,09:25,565,0
0063,09:30,570,0
0063,09:35,575,0
0063,09:40,580,0
0063,09:45,585,0
0063,09:50,590,0
0063,09:55,595,0
0063,10:00,600,0
0063,10:05,605,0
0063,10:10,610,0
0063,10:15,615,0
0063,10:20,620,0
0063,10:25,625,0
0063,10:30,630,0
0063,10:35,635,0
0063,10:40,640,0
0063,10:45,645,0
0063,10:50,650,0
0063,10:55,655,0
0063,11:00,660,0
0063,11:05,665,0
0063,11:10,670,0
0063,11:15,675,0
0063,11:20,680,0
0063,11:25,685,0
0063,11:30,690,0
0063,11:35,695,0
0063,11:40,700,0
0063,11:45,705,0
0063,11:50,710,0
0063,11:55,715,0
0063,12:00,720,0
0063,12:05,725,0
0063,12:10,730,0
0063,12:15,735,0
0063,12:20,740,0
0063,12:25,745,0
0063,12:30,750,0
0063,12:35,755,0
0063,12:40,760,0
0063,12:45,765,0
0063,12:50,770,0
0063,12:55,775,0
0063,13:00,780,0
0063,13:05,785,0
0063,13:10,790,0
0063,13:15,795,0
0063,13:20,800,0
0063,13:25,805,0
0063,13:30,810,0
0063,13:35,815,0
0063,13:40,820,0
0063,13:45,825,0
0063,13:50,830,0
0063,13:55,835,0
0063,14:00,840,0
0063,14:05,845,0
0063,14:10,850,0
0063,14:15,855,0
0063,14:20,860,0
0063,14:25,865,0
0063,14:30,870,0
0063,14:35,875,0
0063,14:40,880,0
0063,14:45,885,-800
0063,14:50,890,-800
0063,14:55,895,-800
0063,15:00,900,-800
0063,15:05,905,-800
0063,15:10,910,-1244
0063,15:15,915,-1244
0063,15:20,920,-1244
0063,15:25,925,-1244
0063,15:30,930,-1689
0063,15:35,935,-1689
0063,15:40,940,-1689
0063,15:45,945,-1867
0063,15:50,950,-1867
0063,15:55,955,-1867
0063,16:00,960,-1867
0063,16:05,965,-1867
0063,16:10,970,-1867
0063,16:15,975,-1867
0063,16:20,980,-1867
0063,16:25,985,-1867
0063,16:30,990,-1867
0063,16:35,995,-1867
0063,16:40,1000,-1867
0063,16:45,1005,-1867
0063,16:50,1010,-1867
0063,16:55,1015,-1867
0063,17:00,1020,-1867
0063,17:05,1025,-1867
0063,17:10,1030,-1867
0063,17:15,1035,-1867
0063,17:20,1040,-1867
0063,17:25,1045,-1867
0063,17:30,1050,-1867
0063,17:35,1055,-1867
0063,17:40,1060,-1867
0063,17:45,1065,-1867
0063,17:50,1070,-2756
0063,17:55,1075,-2756
0063,18:00,1080,-2756
0063,18:05,1085,-2756
0063,18:10,1090,-3200
0063,18:15,1095,-3200
0063,18:20,1100,-3200
0063,18:25,1105,-3200
0063,18:30,1110,-3200
0063,18:35,1115,-3200
0063,18:40,1120,-3200
0063,18:45,1125,-3200
0063,18:50,1130,-3822
0063,18:55,1135,-3822
0063,19:00,1140,-3822
0063,19:05,1145,-3822
0063,19:10,1150,-4533
0063,19:15,1155,-4533
0063,19:20,1160,-4533
0063,19:25,1165,-4533
0063,19:30,1170,-4533
0063,19:35,1175,-4533
0063,19:40,1180,-4533
0063,19:45,1185,-4533
0063,19:50,1190,-4533
0063,19:55,1195,-4533
0063,20:00,1200,-4533
0063,20:05,1205,-4533
0063,20:10,1210,-4800
0063,20:15,1215,-4800
0063,20:20,1220,-4800
0063,20:25,1225,-4800
0063,20:30,1230,-6222
0063,20:35,1235,-6222
0063,20:40,1240,-6222
0063,20:45,1245,-7111
0063,20:50,1250,-7111
0063,20:55,1255,-7111
0063,21:00,1260,-7111
0063,21:05,1265,-7111
0063,21:10,1270,-7111
0063,21:15,1275,-7111
0063,21:20,1280,-7111
0063,21:25,1285,-7111
0063,21:30,1290,-7111
0063,21:35,1295,-7111
0063,21:40,1300,-7111
0063,21:45,1305,-7111
0063,21:50,1310,-7111
0063,21:55,1315,-7111
0063,22:00,1320,-7111
0063,22:05,1325,-7111
0063,22:10,1330,-7111
0063,22:15,1335,-7111
0063,22:20,1340,-7111
0063,22:25,1345,-7111
0063,22:30,1350,-7111
0063,22:35,1355,-7111
0063,22:40,1360,-7111
0063,22:45,1365,-7111
0063,22:50,1370,-7111
0063,22:55,1375,-7111
0063,23:00,1380,-7111
0063,23:05,1385,-7111
0063,23:10,1390,-7111
0063,23:15,1395,-7111
0063,23:16,1396,-7111
0063,23:20,1400,-7111
0064,09:00,540,0
0064,09:05,545,0
0064,09:10,550,0
0064,09:15,555,0
0064,09:20,560,0
0064,09:25,565,0
0064,09:30,570,0
0064,09:35,575,0
0064,09:40,580,0
0064,09:45,585,0
0064,09:50,590,0
0064,09:55,595,0
0064,10:00,600,0
0064,10:05,605,0
0064,10:10,610,0
0064,10:15,615,0
0064,10:20,620,0
0064,10:25,625,0
0064,10:30,630,0
0064,10:35,635,0
0064,10:40,640,0
0064,10:45,645,0
0064,10:50,650,0
0064,10:55,655,0
0064,11:00,660,-356
0064,11:05,665,-356
0064,11:10,670,-800
0064,11:15,675,-800
0064,11:20,680,-800
0064,11:25,685,-800
0064,11:30,690,-1244
0064,11:35,695,-1244
0064,11:40,700,-1244
0064,11:45,705,-1244
0064,11:50,710,-1244
0064,11:55,715,-1244
0064,12:00,720,-1244
0064,12:05,725,-2133
0064,12:10,730,-2133
0064,12:15,735,-2133
0064,12:20,740,-2133
0064,12:25,745,-2133
0064,12:30,750,-2311
0064,12:35,755,-2311
0064,12:40,760,-2311
0064,12:45,765,-2311
0064,12:50,770,-2311
0064,12:55,775,-2311
0064,13:00,780,-2311
0064,13:05,785,-3467
0064,13:10,790,-3467
0064,13:15,795,-3467
0064,13:20,800,-3467
0064,13:25,805,-5244
0064,13:30,810,-5244
0064,13:35,815,-5244
0064,13:40,820,-5244
0064,13:45,825,-5244
0064,13:50,830,-3200
0064,13:55,835,-3200
0064,14:00,840,-3200
0064,14:05,845,-3200
0064,14:10,850,-2311
0064,14:15,855,-2311
0064,14:20,860,-2311
0064,14:25,865,-2311
0064,14:30,870,-444
0064,14:35,875,-444
0064,14:40,880,-444
0064,14:45,885,259
0064,14:50,890,259
0064,14:55,895,259
0064,15:00,900,259
0064,15:05,905,259
0064,15:10,910,2241
0064,15:15,915,2241
0064,15:20,920,2241
0064,15:25,925,2241
0064,15:30,930,1810
0064,15:35,935,1810
0064,15:40,940,1810
0064,15:45,945,1552
0064,15:50,950,1552
0064,15:55,955,1552
0064,16:00,960,1552
0064,16:05,965,1552
0064,16:10,970,1552
0064,16:15,975,1552
0064,16:20,980,1552
0064,16:25,985,1552
0064,16:30,990,1552
0064,16:35,995,1552
0064,16:40,1000,1552
0064,16:45,1005,1552
0064,16:50,1010,1034
0064,16:55,1015,1034
0064,17:00,1020,1034
0064,17:05,1025,1034
0064,17:10,1030,1034
0064,17:15,1035,1034
0064,17:20,1040,1034
0064,17:25,1045,1034
0064,17:30,1050,1034
0064,17:35,1055,1034
0064,17:40,1060,1034
0064,17:45,1065,1034
0064,17:50,1070,1034
0064,17:55,1075,1034
0064,18:00,1080,1034
0064,18:05,1085,1034
0064,18:10,1090,345
0064,18:15,1095,345
0064,18:20,1100,345
0064,18:25,1105,-178
0064,18:30,1110,-178
0064,18:35,1115,-178
0064,18:40,1120,-178
0064,18:45,1125,-178
0064,18:50,1130,-178
0064,18:55,1135,-178
0064,19:00,1140,-178
0064,19:05,1145,-178
0064,19:10,1150,-178
0064,19:15,1155,-178
0064,19:20,1160,-178
0064,19:25,1165,-178
0064,19:30,1170,-178
0064,19:35,1175,-178
0064,19:40,1180,-178
0064,19:45,1185,-178
0064,19:50,1190,-178
0064,19:55,1195,-178
0064,20:00,1200,-178
0064,20:05,1205,-178
0064,20:10,1210,-178
0064,20:15,1215,-178
0064,20:20,1220,-178
0064,20:25,1225,-178
0064,20:30,1230,-178
0064,20:35,1235,-178
0064,20:40,1240,-178
0064,20:45,1245,-178
0064,20:50,1250,-178
0064,20:55,1255,-178
0064,21:00,1260,-178
0064,21:05,1265,-178
0064,21:10,1270,-444
0064,21:15,1275,-444
0064,21:20,1280,-444
0064,21:25,1285,-444
0064,21:30,1290,-444
0064,21:35,1295,-444
0064,21:40,1300,-444
0064,21:45,1305,-444
0064,21:50,1310,-444
0064,21:55,1315,-444
0064,22:00,1320,-444
0064,22:05,1325,-444
0064,22:10,1330,-444
0064,22:15,1335,-444
0064,22:20,1340,-444
0064,22:25,1345,-444
0064,22:30,1350,1552
0064,22:35,1355,1552
0064,22:40,1360,1552
0064,22:45,1365,1552
0064,22:50,1370,1552
0064,22:55,1375,1552
0064,23:00,1380,1552
0064,23:05,1385,1552
0064,23:10,1390,1552
0064,23:15,1395,1552
0064,23:16,1396,1552
0064,23:20,1400,1552
0065,09:00,540,0
0065,09:05,545,0
0065,09:10,550,0
0065,09:15,555,0
0065,09:20,560,0
0065,09:25,565,0
0065,09:30,570,0
0065,09:35,575,0
0065,09:40,580,0
0065,09:45,585,0
0065,09:50,590,0
0065,09:55,595,0
0065,10:00,600,0
0065,10:05,605,0
0065,10:10,610,0
0065,10:15,615,0
0065,10:20,620,0
0065,10:25,625,3621
0065,10:30,630,3621
0065,10:35,635,3621
0065,10:40,640,6207
0065,10:45,645,6207
0065,10:50,650,6207
0065,10:55,655,6207
0065,11:00,660,6207
0065,11:05,665,6207
0065,11:10,670,6207
0065,11:15,675,6207
0065,11:20,680,6207
0065,11:25,685,6207
0065,11:30,690,5345
0065,11:35,695,5345
0065,11:40,700,5345
0065,11:45,705,3966
0065,11:50,710,3966
0065,11:55,715,3966
0065,12:00,720,3966
0065,12:05,725,3448
0065,12:10,730,3448
0065,12:15,735,3448
0065,12:20,740,3448
0065,12:25,745,3448
0065,12:30,750,2759
0065,12:35,755,2759
0065,12:40,760,2759
0065,12:45,765,2759
0065,12:50,770,2759
0065,12:55,775,2759
0065,13:00,780,2759
0065,13:05,785,2586
0065,13:10,790,2586
0065,13:15,795,2586
0065,13:20,800,2586
0065,13:25,805,1724
0065,13:30,810,1724
0065,13:35,815,1724
0065,13:40,820,1724
0065,13:45,825,1724
0065,13:50,830,1379
0065,13:55,835,1379
0065,14:00,840,1379
0065,14:05,845,1379
0065,14:10,850,5000
0065,14:15,855,5000
0065,14:20,860,5000
0065,14:25,865,5000
0065,14:30,870,3793
0065,14:35,875,3793
0065,14:40,880,3793
0065,14:45,885,5517
0065,14:50,890,5517
0065,14:55,895,5517
0065,15:00,900,5517
0065,15:05,905,5517
0065,15:10,910,7586
0065,15:15,915,7586
0065,15:20,920,7586
0065,15:25,925,7586
0065,15:30,930,7586
0065,15:35,935,7586
0065,15:40,940,7586
0065,15:45,945,6379
0065,15:50,950,6379
0065,15:55,955,6379
0065,16:00,960,6379
0065,16:05,965,6379
0065,16:10,970,9483
0065,16:15,975,9483
0065,16:20,980,9483
0065,16:25,985,9483
0065,16:30,990,11897
0065,16:35,995,11897
0065,16:40,1000,11897
0065,16:45,1005,11897
0065,16:50,1010,12069
0065,16:55,1015,12069
0065,17:00,1020,12069
0065,17:05,1025,15690
0065,17:10,1030,15690
0065,17:15,1035,15690
0065,17:20,1040,15690
0065,17:25,1045,15690
0065,17:30,1050,17586
0065,17:35,1055,17586
0065,17:40,1060,17586
0065,17:45,1065,17586
0065,17:50,1070,17586
0065,17:55,1075,17586
0065,18:00,1080,17586
0065,18:05,1085,17586
0065,18:10,1090,17586
0065,18:15,1095,17586
0065,18:20,1100,17586
0065,18:25,1105,17586
0065,18:30,1110,17586
0065,18:35,1115,17586
0065,18:40,1120,17586
0065,18:45,1125,17586
0065,18:50,1130,17586
0065,18:55,1135,17586
0065,19:00,1140,17586
0065,19:05,1145,17586
0065,19:10,1150,17586
0065,19:15,1155,17586
0065,19:20,1160,17586
0065,19:25,1165,17586
0065,19:30,1170,17586
0065,19:35,1175,17586
0065,19:40,1180,17586
0065,19:45,1185,17241
0065,19:50,1190,17241
0065,19:55,1195,17241
0065,20:00,1200,17241
0065,20:05,1205,17241
0065,20:10,1210,17241
0065,20:15,1215,17241
0065,20:20,1220,17241
0065,20:25,1225,17241
0065,20:30,1230,17241
0065,20:35,1235,17241
0065,20:40,1240,17241
0065,20:45,1245,16207
0065,20:50,1250,16207
0065,20:55,1255,16207
0065,21:00,1260,16207
0065,21:05,1265,16207
0065,21:10,1270,16034
0065,21:15,1275,16034
0065,21:20,1280,16034
0065,21:25,1285,16034
0065,21:30,1290,16034
0065,21:35,1295,16034
0065,21:40,1300,16034
0065,21:45,1305,16034
0065,21:50,1310,16034
0065,21:55,1315,16034
0065,22:00,1320,16034
0065,22:05,1325,16034
0065,22:10,1330,16034
0065,22:15,1335,16034
0065,22:20,1340,16034
0065,22:25,1345,16034
0065,22:30,1350,16034
0065,22:35,1355,16034
0065,22:40,1360,16034
0065,22:45,1365,16034
0065,22:50,1370,16034
0065,22:55,1375,16034
0065,23:00,1380,16034
0065,23:05,1385,16034
0065,23:10,1390,16034
0065,23:15,1395,16034
0065,23:16,1396,16034
0065,23:20,1400,16034
0066,09:00,540,0
0066,09:05,545,0
0066,09:10,550,0
0066,09:15,555,0
0066,09:20,560,0
0066,09:25,565,0
0066,09:30,570,0
0066,09:35,575,0
0066,09:40,580,0
0066,09:45,585,0
0066,09:50,590,0
0066,09:55,595,0
0066,10:00,600,0
0066,10:05,605,0
0066,10:10,610,0
0066,10:15,615,0
0066,10:20,620,0
0066,10:25,625,0
0066,10:30,630,0
0066,10:35,635,0
0066,10:40,640,0
0066,10:45,645,0
0066,10:50,650,0
0066,10:55,655,0
0066,11:00,660,0
0066,11:05,665,0
0066,11:10,670,0
0066,11:15,675,0
0066,11:20,680,0
0066,11:25,685,0
0066,11:30,690,0
0066,11:35,695,0
0066,11:40,700,0
0066,11:45,705,0
0066,11:50,710,0
0066,11:55,715,0
0066,12:00,720,0
0066,12:05,725,0
0066,12:10,730,0
0066,12:15,735,0
0066,12:20,740,0
0066,12:25,745,0
0066,12:30,750,0
0066,12:35,755,0
0066,12:40,760,0
0066,12:45,765,0
0066,12:50,770,0
0066,12:55,775,0
0066,13:00,780,0
0066,13:05,785,0
0066,13:10,790,0
0066,13:15,795,0
0066,13:20,800,0
0066,13:25,805,0
0066,13:30,810,0
0066,13:35,815,0
0066,13:40,820,0
0066,13:45,825,0
0066,13:50,830,-356
0066,13:55,835,-356
0066,14:00,840,-356
0066,14:05,845,-356
0066,14:10,850,-1067
0066,14:15,855,-1067
0066,14:20,860,-1067
0066,14:25,865,-1067
0066,14:30,870,-2667
0066,14:35,875,-2667
0066,14:40,880,-2667
0066,14:45,885,-3733
0066,14:50,890,-3733
0066,14:55,895,-3733
0066,15:00,900,-3733
0066,15:05,905,-3733
0066,15:10,910,-4622
0066,15:15,915,-4622
0066,15:20,920,-4622
0066,15:25,925,-4622
0066,15:30,930,-6044
0066,15:35,935,-6044
0066,15:40,940,-6044
0066,15:45,945,-6933
0066,15:50,950,-6933
0066,15:55,955,-6933
0066,16:00,960,-6933
0066,16:05,965,-6933
0066,16:10,970,-7111
0066,16:15,975,-7111
0066,16:20,980,-7111
0066,16:25,985,-7111
0066,16:30,990,-8000
0066,16:35,995,-8000
0066,16:40,1000,-8000
0066,16:45,1005,-8000
0066,16:50,1010,-8000
0066,16:55,1015,-8000
0066,17:00,1020,-8000
0066,17:05,1025,-8000
0066,17:10,1030,-8000
0066,17:15,1035,-8000
0066,17:20,1040,-8000
0066,17:25,1045,-8000
0066,17:30,1050,-8000
0066,17:35,1055,-8000
0066,17:40,1060,-8000
0066,17:45,1065,-8000
0066,17:50,1070,-8000
0066,17:55,1075,-8000
0066,18:00,1080,-8000
0066,18:05,1085,-8000
0066,18:10,1090,-8000
0066,18:15,1095,-8000
0066,18:20,1100,-8000
0066,18:25,1105,-8178
0066,18:30,1110,-8178
0066,18:35,1115,-8178
0066,18:40,1120,-8178
0066,18:45,1125,-8178
0066,18:50,1130,-8178
0066,18:55,1135,-8178
0066,19:00,1140,-8178
0066,19:05,1145,-8178
0066,19:10,1150,-8178
0066,19:15,1155,-8178
0066,19:20,1160,-8178
0066,19:25,1165,-9244
0066,19:30,1170,-9244
0066,19:35,1175,-9244
0066,19:40,1180,-9244
0066,19:45,1185,-9956
0066,19:50,1190,-9956
0066,19:55,1195,-9956
0066,20:00,1200,-9956
0066,20:05,1205,-9956
0066,20:10,1210,-11200
0066,20:15,1215,-11200
0066,20:20,1220,-11200
0066,20:25,1225,-11200
0066,20:30,1230,-12622
0066,20:35,1235,-12622
0066,20:40,1240,-12622
0066,20:45,1245,-13867
0066,20:50,1250,-13867
0066,20:55,1255,-13867
0066,21:00,1260,-13867
0066,21:05,1265,-13867
0066,21:10,1270,-6933
0066,21:15,1275,-6933
0066,21:20,1280,-6933
0066,21:25,1285,-6933
0066,21:30,1290,-6933
0066,21:35,1295,-6933
0066,21:40,1300,-6933
0066,21:45,1305,-6933
0066,21:50,1310,-6933
0066,21:55,1315,-6933
0066,22:00,1320,-6933
0066,22:05,1325,-6933
0066,22:10,1330,-6933
0066,22:15,1335,-6933
0066,22:20,1340,-6933
0066,22:25,1345,-6933
0066,22:30,1350,-6933
0066,22:35,1355,-6933
0066,22:40,1360,-6933
0066,22:45,1365,-6933
0066,22:50,1370,-6933
0066,22:55,1375,-6933
0066,23:00,1380,-6933
0066,23:05,1385,-6933
0066,23:10,1390,-6933
0066,23:15,1395,-6933
0066,23:16,1396,-6933
0066,23:20,1400,-6933
0067,09:00,540,0
0067,09:05,545,0
0067,09:10,550,0
0067,09:15,555,0
0067,09:20,560,0
0067,09:25,565,0
0067,09:30,570,0
0067,09:35,575,0
0067,09:40,580,0
0067,09:45,585,0
0067,09:50,590,0
0067,09:55,595,0
0067,10:00,600,0
0067,10:05,605,0
0067,10:10,610,-356
0067,10:15,615,-356
0067,10:20,620,-356
0067,10:25,625,-889
0067,10:30,630,-889
0067,10:35,635,-889
0067,10:40,640,-1778
0067,10:45,645,-1778
0067,10:50,650,-1778
0067,10:55,655,-1778
0067,11:00,660,-2489
0067,11:05,665,-2489
0067,11:10,670,-2489
0067,11:15,675,-2489
0067,11:20,680,-2489
0067,11:25,685,-2489
0067,11:30,690,-3556
0067,11:35,695,-3556
0067,11:40,700,-3556
0067,11:45,705,-4622
0067,11:50,710,-4622
0067,11:55,715,-4622
0067,12:00,720,-4622
0067,12:05,725,-5867
0067,12:10,730,-5867
0067,12:15,735,-5867
0067,12:20,740,-5867
0067,12:25,745,-5867
0067,12:30,750,-7644
0067,12:35,755,-7644
0067,12:40,760,-7644
0067,12:45,765,-7644
0067,12:50,770,-8000
0067,12:55,775,-8000
0067,13:00,780,-8000
0067,13:05,785,-8533
0067,13:10,790,-8533
0067,13:15,795,-8533
0067,13:20,800,-8533
0067,13:25,805,-9600
0067,13:30,810,-9600
0067,13:35,815,-9600
0067,13:40,820,-9600
0067,13:45,825,-9600
0067,13:50,830,-8711
0067,13:55,835,-8711
0067,14:00,840,-8711
0067,14:05,845,-8711
0067,14:10,850,-9600
0067,14:15,855,-9600
0067,14:20,860,-9600
0067,14:25,865,-9600
0067,14:30,870,-10667
0067,14:35,875,-10667
0067,14:40,880,-10667
0067,14:45,885,-11200
0067,14:50,890,-11200
0067,14:55,895,-11200
0067,15:00,900,-11200
0067,15:05,905,-11200
0067,15:10,910,-11556
0067,15:15,915,-11556
0067,15:20,920,-11556
0067,15:25,925,-11556
0067,15:30,930,-11911
0067,15:35,935,-11911
0067,15:40,940,-11911
0067,15:45,945,-12267
0067,15:50,950,-12267
0067,15:55,955,-12267
0067,16:00,960,-12267
0067,16:05,965,-12267
0067,16:10,970,-12267
0067,16:15,975,-12267
0067,16:20,980,-12267
0067,16:25,985,-12267
0067,16:30,990,-13333
0067,16:35,995,-13333
0067,16:40,1000,-13333
0067,16:45,1005,-13333
0067,16:50,1010,-13333
0067,16:55,1015,-13333
0067,17:00,1020,-13333
0067,17:05,1025,-13333
0067,17:10,1030,-13333
0067,17:15,1035,-13333
0067,17:20,1040,-13333
0067,17:25,1045,-13333
0067,17:30,1050,-14222
0067,17:35,1055,-14222
0067,17:40,1060,-14222
0067,17:45,1065,-14222
0067,17:50,1070,-14044
0067,17:55,1075,-14044
0067,18:00,1080,-14044
0067,18:05,1085,-14044
0067,18:10,1090,-14222
0067,18:15,1095,-14222
0067,18:20,1100,-14222
0067,18:25,1105,-15111
0067,18:30,1110,-15111
0067,18:35,1115,-15111
0067,18:40,1120,-15111
0067,18:45,1125,-15111
0067,18:50,1130,-15467
0067,18:55,1135,-15467
0067,19:00,1140,-15467
0067,19:05,1145,-15467
0067,19:10,1150,-15467
0067,19:15,1155,-15467
0067,19:20,1160,-15467
0067,19:25,1165,-15467
0067,19:30,1170,-15467
0067,19:35,1175,-15467
0067,19:40,1180,-15467
0067,19:45,1185,-15467
0067,19:50,1190,-15467
0067,19:55,1195,-15467
0067,20:00,1200,-15467
0067,20:05,1205,-15467
0067,20:10,1210,-15644
0067,20:15,1215,-15644
0067,20:20,1220,-15644
0067,20:25,1225,-15644
0067,20:30,1230,-15644
0067,20:35,1235,-15644
0067,20:40,1240,-15644
0067,20:45,1245,-15644
0067,20:50,1250,-15644
0067,20:55,1255,-15644
0067,21:00,1260,-15644
0067,21:05,1265,-15644
0067,21:10,1270,-15644
0067,21:15,1275,-15644
0067,21:20,1280,-15644
0067,21:25,1285,-15644
0067,21:30,1290,-15644
0067,21:35,1295,-15644
0067,21:40,1300,-15644
0067,21:45,1305,-15644
0067,21:50,1310,-15644
0067,21:55,1315,-15644
0067,22:00,1320,-15644
0067,22:05,1325,-15644
0067,22:10,1330,-15644
0067,22:15,1335,-15644
0067,22:20,1340,-15644
0067,22:25,1345,-15644
0067,22:30,1350,-15644
0067,22:35,1355,-15644
0067,22:40,1360,-15644
0067,22:45,1365,-15644
0067,22:50,1370,-15644
0067,22:55,1375,-15644
0067,23:00,1380,-15644
0067,23:05,1385,-15644
0067,23:10,1390,-15644
0067,23:15,1395,-15644
0067,23:16,1396,-15644
0067,23:20,1400,-15644
0068,09:00,540,0
0068,09:05,545,0
0068,09:10,550,0
0068,09:15,555,0
0068,09:20,560,0
0068,09:25,565,0
0068,09:30,570,0
0068,09:35,575,0
0068,09:40,580,0
0068,09:45,585,0
0068,09:50,590,0
0068,09:55,595,0
0068,10:00,600,0
0068,10:05,605,0
0068,10:10,610,0
0068,10:15,615,0
0068,10:20,620,0
0068,10:25,625,0
0068,10:30,630,0
0068,10:35,635,0
0068,10:40,640,-178
0068,10:45,645,-178
0068,10:50,650,-178
0068,10:55,655,-178
0068,11:00,660,-178
0068,11:05,665,-178
0068,11:10,670,-178
0068,11:15,675,-178
0068,11:20,680,-178
0068,11:25,685,-178
0068,11:30,690,-178
0068,11:35,695,-178
0068,11:40,700,-178
0068,11:45,705,-178
0068,11:50,710,-178
0068,11:55,715,-178
0068,12:00,720,-178
0068,12:05,725,-178
0068,12:10,730,-178
0068,12:15,735,-178
0068,12:20,740,-178
0068,12:25,745,-178
0068,12:30,750,-178
0068,12:35,755,-178
0068,12:40,760,-178
0068,12:45,765,-178
0068,12:50,770,-978
0068,12:55,775,-978
0068,13:00,780,-978
0068,13:05,785,-1600
0068,13:10,790,-1600
0068,13:15,795,-1600
0068,13:20,800,-1600
0068,13:25,805,-2489
0068,13:30,810,-2489
0068,13:35,815,-2489
0068,13:40,820,-2489
0068,13:45,825,-2489
0068,13:50,830,-2578
0068,13:55,835,-2578
0068,14:00,840,-2578
0068,14:05,845,-2578
0068,14:10,850,-3200
0068,14:15,855,-3200
0068,14:20,860,-3200
0068,14:25,865,-3200
0068,14:30,870,-4622
0068,14:35,875,-4622
0068,14:40,880,-4622
0068,14:45,885,-5067
0068,14:50,890,-5067
0068,14:55,895,-5067
0068,15:00,900,-5067
0068,15:05,905,-5067
0068,15:10,910,-5778
0068,15:15,915,-5778
0068,15:20,920,-5778
0068,15:25,925,-5778
0068,15:30,930,-6933
0068,15:35,935,-6933
0068,15:40,940,-6933
0068,15:45,945,-8089
0068,15:50,950,-8089
0068,15:55,955,-8089
0068,16:00,960,-8089
0068,16:05,965,-8089
0068,16:10,970,-9244
0068,16:15,975,-9244
0068,16:20,980,-9244
0068,16:25,985,-9244
0068,16:30,990,-8356
0068,16:35,995,-8356
0068,16:40,1000,-8356
0068,16:45,1005,-8356
0068,16:50,1010,-6044
0068,16:55,1015,-6044
0068,17:00,1020,-6044
0068,17:05,1025,-5156
0068,17:10,1030,-5156
0068,17:15,1035,-5156
0068,17:20,1040,-5156
0068,17:25,1045,-5156
0068,17:30,1050,-6044
0068,17:35,1055,-6044
0068,17:40,1060,-6044
0068,17:45,1065,-6044
0068,17:50,1070,-6044
0068,17:55,1075,-6044
0068,18:00,1080,-6044
0068,18:05,1085,-6044
0068,18:10,1090,-6578
0068,18:15,1095,-6578
0068,18:20,1100,-6578
0068,18:25,1105,-7200
0068,18:30,1110,-7200
0068,18:35,1115,-7200
0068,18:40,1120,-7200
0068,18:45,1125,-7200
0068,18:50,1130,-7200
0068,18:55,1135,-7200
0068,19:00,1140,-7200
0068,19:05,1145,-7200
0068,19:10,1150,-7200
0068,19:15,1155,-7200
0068,19:20,1160,-7200
0068,19:25,1165,-7200
0068,19:30,1170,-7200
0068,19:35,1175,-7200
0068,19:40,1180,-7200
0068,19:45,1185,-7200
0068,19:50,1190,-7200
0068,19:55,1195,-7200
0068,20:00,1200,-7200
0068,20:05,1205,-7200
0068,20:10,1210,-7378
0068,20:15,1215,-7378
0068,20:20,1220,-7378
0068,20:25,1225,-7378
0068,20:30,1230,-7467
0068,20:35,1235,-7467
0068,20:40,1240,-7467
0068,20:45,1245,-7644
0068,20:50,1250,-7644
0068,20:55,1255,-7644
0068,21:00,1260,-7644
0068,21:05,1265,-7644
0068,21:10,1270,-7644
0068,21:15,1275,-7644
0068,21:20,1280,-7644
0068,21:25,1285,-7644
0068,21:30,1290,-7911
0068,21:35,1295,-7911
0068,21:40,1300,-7911
0068,21:45,1305,-7911
0068,21:50,1310,-7911
0068,21:55,1315,-7911
0068,22:00,1320,-7911
0068,22:05,1325,-7911
0068,22:10,1330,-7911
0068,22:15,1335,-7911
0068,22:20,1340,-7911
0068,22:25,1345,-7911
0068,22:30,1350,-7911
0068,22:35,1355,-7911
0068,22:40,1360,-7911
0068,22:45,1365,-7911
0068,22:50,1370,-7911
0068,22:55,1375,-7911
0068,23:00,1380,-7911
0068,23:05,1385,-7911
0068,23:10,1390,-7911
0068,23:15,1395,-7911
0068,23:16,1396,-7911
0068,23:20,1400,-7911
0069,09:00,540,0
0069,09:05,545,0
0069,09:10,550,0
0069,09:15,555,0
0069,09:20,560,0
0069,09:25,565,0
0069,09:30,570,0
0069,09:35,575,0
0069,09:40,580,0
0069,09:45,585,0
0069,09:50,590,0
0069,09:55,595,0
0069,10:00,600,0
0069,10:05,605,0
0069,10:10,610,0
0069,10:15,615,0
0069,10:20,620,0
0069,10:25,625,0
0069,10:30,630,0
0069,10:35,635,0
0069,10:40,640,0
0069,10:45,645,0
0069,10:50,650,0
0069,10:55,655,0
0069,11:00,660,0
0069,11:05,665,0
0069,11:10,670,0
0069,11:15,675,0
0069,11:20,680,0
0069,11:25,685,0
0069,11:30,690,0
0069,11:35,695,0
0069,11:40,700,0
0069,11:45,705,0
0069,11:50,710,0
0069,11:55,715,0
0069,12:00,720,0
0069,12:05,725,0
0069,12:10,730,0
0069,12:15,735,0
0069,12:20,740,0
0069,12:25,745,0
0069,12:30,750,-267
0069,12:35,755,-267
0069,12:40,760,-267
0069,12:45,765,-267
0069,12:50,770,-356
0069,12:55,775,-356
0069,13:00,780,-356
0069,13:05,785,-356
0069,13:10,790,-356
0069,13:15,795,-356
0069,13:20,800,-356
0069,13:25,805,-356
0069,13:30,810,-356
0069,13:35,815,-356
0069,13:40,820,-356
0069,13:45,825,-356
0069,13:50,830,-356
0069,13:55,835,-356
0069,14:00,840,-356
0069,14:05,845,-356
0069,14:10,850,-711
0069,14:15,855,-711
0069,14:20,860,-711
0069,14:25,865,-711
0069,14:30,870,-711
0069,14:35,875,-711
0069,14:40,880,-711
0069,14:45,885,-1867
0069,14:50,890,-1867
0069,14:55,895,-1867
0069,15:00,900,-1867
0069,15:05,905,-1867
0069,15:10,910,-1867
0069,15:15,915,-1867
0069,15:20,920,-1867
0069,15:25,925,-1867
0069,15:30,930,-1867
0069,15:35,935,-1867
0069,15:40,940,-1867
0069,15:45,945,-1867
0069,15:50,950,-1867
0069,15:55,955,-1867
0069,16:00,960,-1867
0069,16:05,965,-1867
0069,16:10,970,-1867
0069,16:15,975,-1867
0069,16:20,980,-1867
0069,16:25,985,-1867
0069,16:30,990,-2044
0069,16:35,995,-2044
0069,16:40,1000,-2044
0069,16:45,1005,-2044
0069,16:50,1010,-2044
0069,16:55,1015,-2044
0069,17:00,1020,-2044
0069,17:05,1025,-2044
0069,17:10,1030,-2044
0069,17:15,1035,-2044
0069,17:20,1040,-2044
0069,17:25,1045,-2044
0069,17:30,1050,-2044
0069,17:35,1055,-2044
0069,17:40,1060,-2044
0069,17:45,1065,-2044
0069,17:50,1070,-2044
0069,17:55,1075,-2044
0069,18:00,1080,-2044
0069,18:05,1085,-2044
0069,18:10,1090,-2044
0069,18:15,1095,-2044
0069,18:20,1100,-2044
0069,18:25,1105,-2311
0069,18:30,1110,-2311
0069,18:35,1115,-2311
0069,18:40,1120,-2311
0069,18:45,1125,-2311
0069,18:50,1130,-3556
0069,18:55,1135,-3556
0069,19:00,1140,-3556
0069,19:05,1145,-3556
0069,19:10,1150,-4533
0069,19:15,1155,-4533
0069,19:20,1160,-4533
0069,19:25,1165,-4533
0069,19:30,1170,-4533
0069,19:35,1175,-4533
0069,19:40,1180,-4533
0069,19:45,1185,-4533
0069,19:50,1190,-4533
0069,19:55,1195,-4533
0069,20:00,1200,-4533
0069,20:05,1205,-4533
0069,20:10,1210,-4533
0069,20:15,1215,-4533
0069,20:20,1220,-4533
0069,20:25,1225,-4533
0069,20:30,1230,-4533
0069,20:35,1235,-4533
0069,20:40,1240,-4533
0069,20:45,1245,-4533
0069,20:50,1250,-4533
0069,20:55,1255,-4533
0069,21:00,1260,-4533
0069,21:05,1265,-4533
0069,21:10,1270,-4533
0069,21:15,1275,-4533
0069,21:20,1280,-4533
0069,21:25,1285,-4533
0069,21:30,1290,-4533
0069,21:35,1295,-4533
0069,21:40,1300,-4533
0069,21:45,1305,-4533
0069,21:50,1310,-4533
0069,21:55,1315,-4533
0069,22:00,1320,-4533
0069,22:05,1325,-4533
0069,22:10,1330,-4533
0069,22:15,1335,-4533
0069,22:20,1340,-4533
0069,22:25,1345,-4533
0069,22:30,1350,-4533
0069,22:35,1355,-4533
0069,22:40,1360,-4533
0069,22:45,1365,-4533
0069,22:50,1370,-4533
0069,22:55,1375,-4533
0069,23:00,1380,-4533
0069,23:05,1385,-4533
0069,23:10,1390,-4533
0069,23:15,1395,-4533
0069,23:16,1396,-4533
0069,23:20,1400,-4533
0070,09:00,540,0
0070,09:05,545,0
0070,09:10,550,0
0070,09:15,555,0
0070,09:20,560,0
0070,09:25,565,0
0070,09:30,570,0
0070,09:35,575,0
0070,09:40,580,0
0070,09:45,585,0
0070,09:50,590,0
0070,09:55,595,0
0070,10:00,600,0
0070,10:05,605,0
0070,10:10,610,-89
0070,10:15,615,-89
0070,10:20,620,-89
0070,10:25,625,-1156
0070,10:30,630,-1156
0070,10:35,635,-1156
0070,10:40,640,-2222
0070,10:45,645,-2222
0070,10:50,650,-2222
0070,10:55,655,-2222
0070,11:00,660,-3289
0070,11:05,665,-3289
0070,11:10,670,-3378
0070,11:15,675,-3378
0070,11:20,680,-3378
0070,11:25,685,-3378
0070,11:30,690,1638
0070,11:35,695,1638
0070,11:40,700,1638
0070,11:45,705,603
0070,11:50,710,603
0070,11:55,715,603
0070,12:00,720,603
0070,12:05,725,259
0070,12:10,730,259
0070,12:15,735,259
0070,12:20,740,259
0070,12:25,745,259
0070,12:30,750,3707
0070,12:35,755,3707
0070,12:40,760,3707
0070,12:45,765,3707
0070,12:50,770,2328
0070,12:55,775,2328
0070,13:00,780,2328
0070,13:05,785,1207
0070,13:10,790,1207
0070,13:15,795,1207
0070,13:20,800,1207
0070,13:25,805,603
0070,13:30,810,603
0070,13:35,815,603
0070,13:40,820,603
0070,13:45,825,603
0070,13:50,830,2586
0070,13:55,835,2586
0070,14:00,840,2586
0070,14:05,845,2586
0070,14:10,850,6466
0070,14:15,855,6466
0070,14:20,860,6466
0070,14:25,865,6466
0070,14:30,870,7155
0070,14:35,875,7155
0070,14:40,880,7155
0070,14:45,885,5690
0070,14:50,890,5690
0070,14:55,895,5690
0070,15:00,900,5690
0070,15:05,905,5690
0070,15:10,910,4483
0070,15:15,915,4483
0070,15:20,920,4483
0070,15:25,925,4483
0070,15:30,930,2845
0070,15:35,935,2845
0070,15:40,940,2845
0070,15:45,945,1293
0070,15:50,950,1293
0070,15:55,955,1293
0070,16:00,960,1293
0070,16:05,965,1293
0070,16:10,970,86
0070,16:15,975,86
0070,16:20,980,86
0070,16:25,985,86
0070,16:30,990,4224
0070,16:35,995,4224
0070,16:40,1000,4224
0070,16:45,1005,4224
0070,16:50,1010,3793
0070,16:55,1015,3793
0070,17:00,1020,3793
0070,17:05,1025,5086
0070,17:10,1030,5086
0070,17:15,1035,5086
0070,17:20,1040,5086
0070,17:25,1045,5086
0070,17:30,1050,4397
0070,17:35,1055,4397
0070,17:40,1060,4397
0070,17:45,1065,4397
0070,17:50,1070,2931
0070,17:55,1075,2931
0070,18:00,1080,2931
0070,18:05,1085,2931
0070,18:10,1090,2500
0070,18:15,1095,2500
0070,18:20,1100,2500
0070,18:25,1105,1724
0070,18:30,1110,1724
0070,18:35,1115,1724
0070,18:40,1120,1724
0070,18:45,1125,1724
0070,18:50,1130,1724
0070,18:55,1135,1724
0070,19:00,1140,1724
0070,19:05,1145,1724
0070,19:10,1150,1724
0070,19:15,1155,1724
0070,19:20,1160,1724
0070,19:25,1165,1724
0070,19:30,1170,1724
0070,19:35,1175,1724
0070,19:40,1180,1724
0070,19:45,1185,603
0070,19:50,1190,603
0070,19:55,1195,603
0070,20:00,1200,603
0070,20:05,1205,603
0070,20:10,1210,-711
0070,20:15,1215,-711
0070,20:20,1220,-711
0070,20:25,1225,-711
0070,20:30,1230,-2311
0070,20:35,1235,-2311
0070,20:40,1240,-2311
0070,20:45,1245,-2311
0070,20:50,1250,-2311
0070,20:55,1255,-2311
0070,21:00,1260,-2311
0070,21:05,1265,-2311
0070,21:10,1270,-2311
0070,21:15,1275,-2311
0070,21:20,1280,-2311
0070,21:25,1285,-2311
0070,21:30,1290,-2311
0070,21:35,1295,-2311
0070,21:40,1300,-2311
0070,21:45,1305,-2311
0070,21:50,1310,-2311
0070,21:55,1315,-2311
0070,22:00,1320,-2311
0070,22:05,1325,-2311
0070,22:10,1330,-2311
0070,22:15,1335,-2311
0070,22:20,1340,-2311
0070,22:25,1345,-2311
0070,22:30,1350,-2311
0070,22:35,1355,-2311
0070,22:40,1360,-2311
0070,22:45,1365,-2311
0070,22:50,1370,-2311
0070,22:55,1375,-2311
0070,23:00,1380,-2311
0070,23:05,1385,-2311
0070,23:10,1390,-2311
0070,23:15,1395,-2311
0070,23:16,1396,-2311
0070,23:20,1400,-2311
0071,09:00,540,0
0071,09:05,545,0
0071,09:10,550,0
0071,09:15,555,0
0071,09:20,560,0
0071,09:25,565,0
0071,09:30,570,0
0071,09:35,575,0
0071,09:40,580,0
0071,09:45,585,0
0071,09:50,590,0
0071,09:55,595,0
0071,10:00,600,0
0071,10:05,605,0
0071,10:10,610,0
0071,10:15,615,0
0071,10:20,620,0
0071,10:25,625,0
0071,10:30,630,0
0071,10:35,635,0
0071,10:40,640,0
0071,10:45,645,0
0071,10:50,650,0
0071,10:55,655,0
0071,11:00,660,0
0071,11:05,665,0
0071,11:10,670,0
0071,11:15,675,0
0071,11:20,680,0
0071,11:25,685,0
0071,11:30,690,0
0071,11:35,695,0
0071,11:40,700,0
0071,11:45,705,0
0071,11:50,710,0
0071,11:55,715,0
0071,12:00,720,0
0071,12:05,725,0
0071,12:10,730,0
0071,12:15,735,0
0071,12:20,740,0
0071,12:25,745,0
0071,12:30,750,0
0071,12:35,755,0
0071,12:40,760,0
0071,12:45,765,0
0071,12:50,770,0
0071,12:55,775,0
0071,13:00,780,0
0071,13:05,785,0
0071,13:10,790,0
0071,13:15,795,0
0071,13:20,800,0
0071,13:25,805,0
0071,13:30,810,0
0071,13:35,815,0
0071,13:40,820,0
0071,13:45,825,0
0071,13:50,830,0
0071,13:55,835,0
0071,14:00,840,0
0071,14:05,845,0
0071,14:10,850,-800
0071,14:15,855,-800
0071,14:20,860,-800
0071,14:25,865,-800
0071,14:30,870,-2044
0071,14:35,875,-2044
0071,14:40,880,-2044
0071,14:45,885,-2756
0071,14:50,890,-2756
0071,14:55,895,-2756
0071,15:00,900,-2756
0071,15:05,905,-2756
0071,15:10,910,-3822
0071,15:15,915,-3822
0071,15:20,920,-3822
0071,15:25,925,-3822
0071,15:30,930,-3822
0071,15:35,935,-3822
0071,15:40,940,-3822
0071,15:45,945,-3822
0071,15:50,950,-3822
0071,15:55,955,-3822
0071,16:00,960,-3822
0071,16:05,965,-3822
0071,16:10,970,-3822
0071,16:15,975,-3822
0071,16:20,980,-3822
0071,16:25,985,-3822
0071,16:30,990,-3822
0071,16:35,995,-3822
0071,16:40,1000,-3822
0071,16:45,1005,-3822
0071,16:50,1010,-3822
0071,16:55,1015,-3822
0071,17:00,1020,-3822
0071,17:05,1025,-3822
0071,17:10,1030,-3822
0071,17:15,1035,-3822
0071,17:20,1040,-3822
0071,17:25,1045,-3822
0071,17:30,1050,-3822
0071,17:35,1055,-3822
0071,17:40,1060,-3822
0071,17:45,1065,-3822
0071,17:50,1070,-3822
0071,17:55,1075,-3822
0071,18:00,1080,-3822
0071,18:05,1085,-3822
0071,18:10,1090,-3822
0071,18:15,1095,-3822
0071,18:20,1100,-3822
0071,18:25,1105,-4000
0071,18:30,1110,-4000
0071,18:35,1115,-4000
0071,18:40,1120,-4000
0071,18:45,1125,-4000
0071,18:50,1130,-4000
0071,18:55,1135,-4000
0071,19:00,1140,-4000
0071,19:05,1145,-4000
0071,19:10,1150,-4000
0071,19:15,1155,-4000
0071,19:20,1160,-4000
0071,19:25,1165,-4000
0071,19:30,1170,-4000
0071,19:35,1175,-4000
0071,19:40,1180,-4000
0071,19:45,1185,-4000
0071,19:50,1190,-4000
0071,19:55,1195,-4000
0071,20:00,1200,-4000
0071,20:05,1205,-4000
0071,20:10,1210,-4000
0071,20:15,1215,-4000
0071,20:20,1220,-4000
0071,20:25,1225,-4000
0071,20:30,1230,-4889
0071,20:35,1235,-4889
0071,20:40,1240,-4889
0071,20:45,1245,-6400
0071,20:50,1250,-6400
0071,20:55,1255,-6400
0071,21:00,1260,-6400
0071,21:05,1265,-6400
0071,21:10,1270,-7822
0071,21:15,1275,-7822
0071,21:20,1280,-7822
0071,21:25,1285,-7822
0071,21:30,1290,-8267
0071,21:35,1295,-8267
0071,21:40,1300,-8267
0071,21:45,1305,-8267
0071,21:50,1310,-8267
0071,21:55,1315,-8267
0071,22:00,1320,-8267
0071,22:05,1325,-8267
0071,22:10,1330,-8267
0071,22:15,1335,-8267
0071,22:20,1340,-8267
0071,22:25,1345,-8267
0071,22:30,1350,-8267
0071,22:35,1355,-8267
0071,22:40,1360,-8267
0071,22:45,1365,-8267
0071,22:50,1370,-8267
0071,22:55,1375,-8267
0071,23:00,1380,-8267
0071,23:05,1385,-8267
0071,23:10,1390,-8267
0071,23:15,1395,-8267
0071,23:16,1396,-8267
0071,23:20,1400,-8267
0072,09:00,540,0
0072,09:05,545,0
0072,09:10,550,0
0072,09:15,555,0
0072,09:20,560,0
0072,09:25,565,0
0072,09:30,570,0
0072,09:35,575,0
0072,09:40,580,0
0072,09:45,585,0
0072,09:50,590,0
0072,09:55,595,0
0072,10:00,600,0
0072,10:05,605,0
0072,10:10,610,0
0072,10:15,615,0
0072,10:20,620,0
0072,10:25,625,0
0072,10:30,630,0
0072,10:35,635,0
0072,10:40,640,0
0072,10:45,645,0
0072,10:50,650,0
0072,10:55,655,0
0072,11:00,660,0
0072,11:05,665,0
0072,11:10,670,0
0072,11:15,675,0
0072,11:20,680,0
0072,11:25,685,0
0072,11:30,690,0
0072,11:35,695,0
0072,11:40,700,0
0072,11:45,705,0
0072,11:50,710,0
0072,11:55,715,0
0072,12:00,720,0
0072,12:05,725,0
0072,12:10,730,0
0072,12:15,735,0
0072,12:20,740,0
0072,12:25,745,0
0072,12:30,750,0
0072,12:35,755,0
0072,12:40,760,0
0072,12:45,765,0
0072,12:50,770,0
0072,12:55,775,0
0072,13:00,780,0
0072,13:05,785,0
0072,13:10,790,0
0072,13:15,795,0
0072,13:20,800,0
0072,13:25,805,0
0072,13:30,810,0
0072,13:35,815,0
0072,13:40,820,0
0072,13:45,825,0
0072,13:50,830,0
0072,13:55,835,0
0072,14:00,840,0
0072,14:05,845,0
0072,14:10,850,0
0072,14:15,855,0
0072,14:20,860,0
0072,14:25,865,0
0072,14:30,870,-356
0072,14:35,875,-356
0072,14:40,880,-356
0072,14:45,885,-1067
0072,14:50,890,-1067
0072,14:55,895,-1067
0072,15:00,900,-1067
0072,15:05,905,-1067
0072,15:10,910,-1067
0072,15:15,915,-1067
0072,15:20,920,-1067
0072,15:25,925,-1067
0072,15:30,930,3966
0072,15:35,935,3966
0072,15:40,940,3966
0072,15:45,945,10690
0072,15:50,950,10690
0072,15:55,955,10690
0072,16:00,960,10690
0072,16:05,965,10690
0072,16:10,970,10517
0072,16:15,975,10517
0072,16:20,980,10517
0072,16:25,985,10517
0072,16:30,990,10517
0072,16:35,995,10517
0072,16:40,1000,10517
0072,16:45,1005,10517
0072,16:50,1010,10517
0072,16:55,1015,10517
0072,17:00,1020,10517
0072,17:05,1025,10517
0072,17:10,1030,10517
0072,17:15,1035,10517
0072,17:20,1040,10517
0072,17:25,1045,10517
0072,17:30,1050,10517
0072,17:35,1055,10517
0072,17:40,1060,10517
0072,17:45,1065,10517
0072,17:50,1070,10517
0072,17:55,1075,10517
0072,18:00,1080,10517
0072,18:05,1085,10517
0072,18:10,1090,10517
0072,18:15,1095,10517
0072,18:20,1100,10517
0072,18:25,1105,10172
0072,18:30,1110,10172
0072,18:35,1115,10172
0072,18:40,1120,10172
0072,18:45,1125,10172
0072,18:50,1130,10172
0072,18:55,1135,10172
0072,19:00,1140,10172
0072,19:05,1145,10172
0072,19:10,1150,10172
0072,19:15,1155,10172
0072,19:20,1160,10172
0072,19:25,1165,9655
0072,19:30,1170,9655
0072,19:35,1175,9655
0072,19:40,1180,9655
0072,19:45,1185,9655
0072,19:50,1190,9655
0072,19:55,1195,9655
0072,20:00,1200,9655
0072,20:05,1205,9655
0072,20:10,1210,9310
0072,20:15,1215,9310
0072,20:20,1220,9310
0072,20:25,1225,9310
0072,20:30,1230,9310
0072,20:35,1235,9310
0072,20:40,1240,9310
0072,20:45,1245,8448
0072,20:50,1250,8448
0072,20:55,1255,8448
0072,21:00,1260,8448
0072,21:05,1265,8448
0072,21:10,1270,8448
0072,21:15,1275,8448
0072,21:20,1280,8448
0072,21:25,1285,8448
0072,21:30,1290,8448
0072,21:35,1295,8448
0072,21:40,1300,8448
0072,21:45,1305,8448
0072,21:50,1310,8448
0072,21:55,1315,8448
0072,22:00,1320,8448
0072,22:05,1325,8448
0072,22:10,1330,8448
0072,22:15,1335,8448
0072,22:20,1340,8448
0072,22:25,1345,8448
0072,22:30,1350,8448
0072,22:35,1355,8448
0072,22:40,1360,8448
0072,22:45,1365,8448
0072,22:50,1370,8448
0072,22:55,1375,8448
0072,23:00,1380,8448
0072,23:05,1385,8448
0072,23:10,1390,8448
0072,23:15,1395,8448
0072,23:16,1396,8448
0072,23:20,1400,8448
0073,09:00,540,0
0073,09:05,545,0
0073,09:10,550,0
0073,09:15,555,0
0073,09:20,560,0
0073,09:25,565,0
0073,09:30,570,0
0073,09:35,575,0
0073,09:40,580,0
0073,09:45,585,0
0073,09:50,590,0
0073,09:55,595,0
0073,10:00,600,0
0073,10:05,605,0
0073,10:10,610,0
0073,10:15,615,0
0073,10:20,620,0
0073,10:25,625,0
0073,10:30,630,0
0073,10:35,635,0
0073,10:40,640,0
0073,10:45,645,0
0073,10:50,650,0
0073,10:55,655,0
0073,11:00,660,-178
0073,11:05,665,-178
0073,11:10,670,-711
0073,11:15,675,-711
0073,11:20,680,-711
0073,11:25,685,-711
0073,11:30,690,-1689
0073,11:35,695,-1689
0073,11:40,700,-1689
0073,11:45,705,-2044
0073,11:50,710,-2044
0073,11:55,715,-2044
0073,12:00,720,-2044
0073,12:05,725,2931
0073,12:10,730,2931
0073,12:15,735,2931
0073,12:20,740,2931
0073,12:25,745,2931
0073,12:30,750,6638
0073,12:35,755,6638
0073,12:40,760,6638
0073,12:45,765,6638
0073,12:50,770,6638
0073,12:55,775,6638
0073,13:00,780,6638
0073,13:05,785,6638
0073,13:10,790,6638
0073,13:15,795,6638
0073,13:20,800,6638
0073,13:25,805,4828
0073,13:30,810,4828
0073,13:35,815,4828
0073,13:40,820,4828
0073,13:45,825,4828
0073,13:50,830,3362
0073,13:55,835,3362
0073,14:00,840,3362
0073,14:05,845,3362
0073,14:10,850,1983
0073,14:15,855,1983
0073,14:20,860,1983
0073,14:25,865,1983
0073,14:30,870,948
0073,14:35,875,948
0073,14:40,880,948
0073,14:45,885,172
0073,14:50,890,172
0073,14:55,895,172
0073,15:00,900,172
0073,15:05,905,172
0073,15:10,910,-444
0073,15:15,915,-444
0073,15:20,920,-444
0073,15:25,925,-444
0073,15:30,930,-444
0073,15:35,935,-444
0073,15:40,940,-444
0073,15:45,945,-533
0073,15:50,950,-533
0073,15:55,955,-533
0073,16:00,960,-533
0073,16:05,965,-533
0073,16:10,970,-711
0073,16:15,975,-711
0073,16:20,980,-711
0073,16:25,985,-711
0073,16:30,990,-711
0073,16:35,995,-711
0073,16:40,1000,-711
0073,16:45,1005,-711
0073,16:50,1010,-711
0073,16:55,1015,-711
0073,17:00,1020,-711
0073,17:05,1025,-889
0073,17:10,1030,-889
0073,17:15,1035,-889
0073,17:20,1040,-889
0073,17:25,1045,-889
0073,17:30,1050,-1333
0073,17:35,1055,-1333
0073,17:40,1060,-1333
0073,17:45,1065,-1333
0073,17:50,1070,-1333
0073,17:55,1075,-1333
0073,18:00,1080,-1333
0073,18:05,1085,-1333
0073,18:10,1090,2414
0073,18:15,1095,2414
0073,18:20,1100,2414
0073,18:25,1105,2328
0073,18:30,1110,2328
0073,18:35,1115,2328
0073,18:40,1120,2328
0073,18:45,1125,2328
0073,18:50,1130,2328
0073,18:55,1135,2328
0073,19:00,1140,2328
0073,19:05,1145,2328
0073,19:10,1150,1207
0073,19:15,1155,1207
0073,19:20,1160,1207
0073,19:25,1165,948
0073,19:30,1170,948
0073,19:35,1175,948
0073,19:40,1180,948
0073,19:45,1185,3017
0073,19:50,1190,3017
0073,19:55,1195,3017
0073,20:00,1200,3017
0073,20:05,1205,3017
0073,20:10,1210,2069
0073,20:15,1215,2069
0073,20:20,1220,2069
0073,20:25,1225,2069
0073,20:30,1230,1724
0073,20:35,1235,1724
0073,20:40,1240,1724
0073,20:45,1245,1724
0073,20:50,1250,1724
0073,20:55,1255,1724
0073,21:00,1260,1724
0073,21:05,1265,1724
0073,21:10,1270,1724
0073,21:15,1275,1724
0073,21:20,1280,1724
0073,21:25,1285,1724
0073,21:30,1290,1724
0073,21:35,1295,1724
0073,21:40,1300,1724
0073,21:45,1305,1724
0073,21:50,1310,1724
0073,21:55,1315,1724
0073,22:00,1320,1724
0073,22:05,1325,1724
0073,22:10,1330,1724
0073,22:15,1335,1724
0073,22:20,1340,1724
0073,22:25,1345,1724
0073,22:30,1350,1724
0073,22:35,1355,1724
0073,22:40,1360,1724
0073,22:45,1365,1724
0073,22:50,1370,1724
0073,22:55,1375,1724
0073,23:00,1380,1724
0073,23:05,1385,1724
0073,23:10,1390,1724
0073,23:15,1395,1724
0073,23:16,1396,1724
0073,23:20,1400,1724
0074,09:00,540,0
0074,09:05,545,0
0074,09:10,550,0
0074,09:15,555,0
0074,09:20,560,0
0074,09:25,565,0
0074,09:30,570,0
0074,09:35,575,0
0074,09:40,580,0
0074,09:45,585,0
0074,09:50,590,0
0074,09:55,595,0
0074,10:00,600,0
0074,10:05,605,0
0074,10:10,610,0
0074,10:15,615,0
0074,10:20,620,0
0074,10:25,625,0
0074,10:30,630,0
0074,10:35,635,0
0074,10:40,640,0
0074,10:45,645,0
0074,10:50,650,0
0074,10:55,655,0
0074,11:00,660,0
0074,11:05,665,0
0074,11:10,670,0
0074,11:15,675,0
0074,11:20,680,0
0074,11:25,685,0
0074,11:30,690,0
0074,11:35,695,0
0074,11:40,700,0
0074,11:45,705,0
0074,11:50,710,0
0074,11:55,715,0
0074,12:00,720,0
0074,12:05,725,0
0074,12:10,730,0
0074,12:15,735,0
0074,12:20,740,0
0074,12:25,745,0
0074,12:30,750,0
0074,12:35,755,0
0074,12:40,760,0
0074,12:45,765,0
0074,12:50,770,0
0074,12:55,775,0
0074,13:00,780,0
0074,13:05,785,-711
0074,13:10,790,-711
0074,13:15,795,-711
0074,13:20,800,-711
0074,13:25,805,-889
0074,13:30,810,-889
0074,13:35,815,-889
0074,13:40,820,-889
0074,13:45,825,-889
0074,13:50,830,4655
0074,13:55,835,4655
0074,14:00,840,4655
0074,14:05,845,4655
0074,14:10,850,3793
0074,14:15,855,3793
0074,14:20,860,3793
0074,14:25,865,3793
0074,14:30,870,2759
0074,14:35,875,2759
0074,14:40,880,2759
0074,14:45,885,1552
0074,14:50,890,1552
0074,14:55,895,1552
0074,15:00,900,1552
0074,15:05,905,1552
0074,15:10,910,6552
0074,15:15,915,6552
0074,15:20,920,6552
0074,15:25,925,6552
0074,15:30,930,10517
0074,15:35,935,10517
0074,15:40,940,10517
0074,15:45,945,14655
0074,15:50,950,14655
0074,15:55,955,14655
0074,16:00,960,14655
0074,16:05,965,14655
0074,16:10,970,13793
0074,16:15,975,13793
0074,16:20,980,13793
0074,16:25,985,13793
0074,16:30,990,14655
0074,16:35,995,14655
0074,16:40,1000,14655
0074,16:45,1005,14655
0074,16:50,1010,14655
0074,16:55,1015,14655
0074,17:00,1020,14655
0074,17:05,1025,14655
0074,17:10,1030,14655
0074,17:15,1035,14655
0074,17:20,1040,14655
0074,17:25,1045,14655
0074,17:30,1050,14655
0074,17:35,1055,14655
0074,17:40,1060,14655
0074,17:45,1065,14655
0074,17:50,1070,14655
0074,17:55,1075,14655
0074,18:00,1080,14655
0074,18:05,1085,14655
0074,18:10,1090,14655
0074,18:15,1095,14655
0074,18:20,1100,14655
0074,18:25,1105,14655
0074,18:30,1110,14655
0074,18:35,1115,14655
0074,18:40,1120,14655
0074,18:45,1125,14655
0074,18:50,1130,14310
0074,18:55,1135,14310
0074,19:00,1140,14310
0074,19:05,1145,14310
0074,19:10,1150,14310
0074,19:15,1155,14310
0074,19:20,1160,14310
0074,19:25,1165,14310
0074,19:30,1170,14310
0074,19:35,1175,14310
0074,19:40,1180,14310
0074,19:45,1185,14310
0074,19:50,1190,14310
0074,19:55,1195,14310
0074,20:00,1200,14310
0074,20:05,1205,14310
0074,20:10,1210,14310
0074,20:15,1215,14310
0074,20:20,1220,14310
0074,20:25,1225,14310
0074,20:30,1230,14310
0074,20:35,1235,14310
0074,20:40,1240,14310
0074,20:45,1245,14310
0074,20:50,1250,14310
0074,20:55,1255,14310
0074,21:00,1260,14310
0074,21:05,1265,14310
0074,21:10,1270,14310
0074,21:15,1275,14310
0074,21:20,1280,14310
0074,21:25,1285,14310
0074,21:30,1290,14310
0074,21:35,1295,14310
0074,21:40,1300,14310
0074,21:45,1305,14310
0074,21:50,1310,14310
0074,21:55,1315,14310
0074,22:00,1320,14310
0074,22:05,1325,14310
0074,22:10,1330,14310
0074,22:15,1335,14310
0074,22:20,1340,14310
0074,22:25,1345,14310
0074,22:30,1350,14310
0074,22:35,1355,14310
0074,22:40,1360,14310
0074,22:45,1365,14310
0074,22:50,1370,14310
0074,22:55,1375,14310
0074,23:00,1380,14310
0074,23:05,1385,14310
0074,23:10,1390,14310
0074,23:15,1395,14310
0074,23:16,1396,14310
0074,23:20,1400,14310
0075,09:00,540,0
0075,09:05,545,0
0075,09:10,550,0
0075,09:15,555,0
0075,09:20,560,0
0075,09:25,565,0
0075,09:30,570,0
0075,09:35,575,0
0075,09:40,580,0
0075,09:45,585,0
0075,09:50,590,0
0075,09:55,595,0
0075,10:00,600,0
0075,10:05,605,0
0075,10:10,610,0
0075,10:15,615,0
0075,10:20,620,0
0075,10:25,625,0
0075,10:30,630,0
0075,10:35,635,0
0075,10:40,640,0
0075,10:45,645,0
0075,10:50,650,0
0075,10:55,655,0
0075,11:00,660,0
0075,11:05,665,0
0075,11:10,670,0
0075,11:15,675,0
0075,11:20,680,0
0075,11:25,685,0
0075,11:30,690,-622
0075,11:35,695,-622
0075,11:40,700,-622
0075,11:45,705,-1956
0075,11:50,710,-1956
0075,11:55,715,-1956
0075,12:00,720,-1956
0075,12:05,725,517
0075,12:10,730,517
0075,12:15,735,517
0075,12:20,740,517
0075,12:25,745,517
0075,12:30,750,-267
0075,12:35,755,-267
0075,12:40,760,-267
0075,12:45,765,-267
0075,12:50,770,-711
0075,12:55,775,-711
0075,13:00,780,-711
0075,13:05,785,-1422
0075,13:10,790,-1422
0075,13:15,795,-1422
0075,13:20,800,-1422
0075,13:25,805,-1422
0075,13:30,810,-1422
0075,13:35,815,-1422
0075,13:40,820,-1422
0075,13:45,825,-1422
0075,13:50,830,-1422
0075,13:55,835,-1422
0075,14:00,840,-1422
0075,14:05,845,-1422
0075,14:10,850,-2311
0075,14:15,855,-2311
0075,14:20,860,-2311
0075,14:25,865,-2311
0075,14:30,870,-533
0075,14:35,875,-533
0075,14:40,880,-533
0075,14:45,885,-1778
0075,14:50,890,-1778
0075,14:55,895,-1778
0075,15:00,900,-1778
0075,15:05,905,-1778
0075,15:10,910,-1778
0075,15:15,915,-1778
0075,15:20,920,-1778
0075,15:25,925,-1778
0075,15:30,930,-1956
0075,15:35,935,-1956
0075,15:40,940,-1956
0075,15:45,945,-2400
0075,15:50,950,-2400
0075,15:55,955,-2400
0075,16:00,960,-2400
0075,16:05,965,-2400
0075,16:10,970,-2667
0075,16:15,975,-2667
0075,16:20,980,-2667
0075,16:25,985,-2667
0075,16:30,990,-2667
0075,16:35,995,-2667
0075,16:40,1000,-2667
0075,16:45,1005,-2667
0075,16:50,1010,-2667
0075,16:55,1015,-2667
0075,17:00,1020,-2667
0075,17:05,1025,-2667
0075,17:10,1030,-2667
0075,17:15,1035,-2667
0075,17:20,1040,-2667
0075,17:25,1045,-2667
0075,17:30,1050,-2667
0075,17:35,1055,-2667
0075,17:40,1060,-2667
0075,17:45,1065,-2667
0075,17:50,1070,-2667
0075,17:55,1075,-2667
0075,18:00,1080,-2667
0075,18:05,1085,-2667
0075,18:10,1090,-2667
0075,18:15,1095,-2667
0075,18:20,1100,-2667
0075,18:25,1105,-2756
0075,18:30,1110,-2756
0075,18:35,1115,-2756
0075,18:40,1120,-2756
0075,18:45,1125,-2756
0075,18:50,1130,-2844
0075,18:55,1135,-2844
0075,19:00,1140,-2844
0075,19:05,1145,-2844
0075,19:10,1150,-3644
0075,19:15,1155,-3644
0075,19:20,1160,-3644
0075,19:25,1165,517
0075,19:30,1170,517
0075,19:35,1175,517
0075,19:40,1180,517
0075,19:45,1185,6983
0075,19:50,1190,6983
0075,19:55,1195,6983
0075,20:00,1200,6983
0075,20:05,1205,6983
0075,20:10,1210,5690
0075,20:15,1215,5690
0075,20:20,1220,5690
0075,20:25,1225,5690
0075,20:30,1230,3966
0075,20:35,1235,3966
0075,20:40,1240,3966
0075,20:45,1245,4741
0075,20:50,1250,4741
0075,20:55,1255,4741
0075,21:00,1260,4741
0075,21:05,1265,4741
0075,21:10,1270,3362
0075,21:15,1275,3362
0075,21:20,1280,3362
0075,21:25,1285,3362
0075,21:30,1290,3103
0075,21:35,1295,3103
0075,21:40,1300,3103
0075,21:45,1305,2672
0075,21:50,1310,2672
0075,21:55,1315,2672
0075,22:00,1320,2672
0075,22:05,1325,2672
0075,22:10,1330,2672
0075,22:15,1335,2672
0075,22:20,1340,2672
0075,22:25,1345,2672
0075,22:30,1350,2672
0075,22:35,1355,2672
0075,22:40,1360,2672
0075,22:45,1365,2672
0075,22:50,1370,2672
0075,22:55,1375,2672
0075,23:00,1380,2672
0075,23:05,1385,2672
0075,23:10,1390,2672
0075,23:15,1395,2672
0075,23:16,1396,2672
0075,23:20,1400,2672
0076,09:00,540,0
0076,09:05,545,0
0076,09:10,550,0
0076,09:15,555,0
0076,09:20,560,0
0076,09:25,565,0
0076,09:30,570,0
0076,09:35,575,0
0076,09:40,580,0
0076,09:45,585,0
0076,09:50,590,0
0076,09:55,595,0
0076,10:00,600,0
0076,10:05,605,0
0076,10:10,610,0
0076,10:15,615,0
0076,10:20,620,0
0076,10:25,625,-89
0076,10:30,630,-89
0076,10:35,635,-89
0076,10:40,640,-89
0076,10:45,645,-89
0076,10:50,650,-89
0076,10:55,655,-89
0076,11:00,660,-89
0076,11:05,665,-89
0076,11:10,670,-89
0076,11:15,675,-89
0076,11:20,680,-89
0076,11:25,685,-89
0076,11:30,690,-89
0076,11:35,695,-89
0076,11:40,700,-89
0076,11:45,705,-978
0076,11:50,710,-978
0076,11:55,715,-978
0076,12:00,720,-978
0076,12:05,725,-978
0076,12:10,730,-978
0076,12:15,735,-978
0076,12:20,740,-978
0076,12:25,745,-978
0076,12:30,750,-978
0076,12:35,755,-978
0076,12:40,760,-978
0076,12:45,765,-978
0076,12:50,770,-1333
0076,12:55,775,-1333
0076,13:00,780,-1333
0076,13:05,785,-1333
0076,13:10,790,-1333
0076,13:15,795,-1333
0076,13:20,800,-1333
0076,13:25,805,-1333
0076,13:30,810,-1333
0076,13:35,815,-1333
0076,13:40,820,-1333
0076,13:45,825,-1333
0076,13:50,830,-1333
0076,13:55,835,-1333
0076,14:00,840,-1333
0076,14:05,845,-1333
0076,14:10,850,-1867
0076,14:15,855,-1867
0076,14:20,860,-1867
0076,14:25,865,-1867
0076,14:30,870,-2044
0076,14:35,875,-2044
0076,14:40,880,-2044
0076,14:45,885,-1422
0076,14:50,890,-1422
0076,14:55,895,-1422
0076,15:00,900,-1422
0076,15:05,905,-1422
0076,15:10,910,-889
0076,15:15,915,-889
0076,15:20,920,-889
0076,15:25,925,-889
0076,15:30,930,-2489
0076,15:35,935,-2489
0076,15:40,940,-2489
0076,15:45,945,-2933
0076,15:50,950,-2933
0076,15:55,955,-2933
0076,16:00,960,-2933
0076,16:05,965,-2933
0076,16:10,970,-3200
0076,16:15,975,-3200
0076,16:20,980,-3200
0076,16:25,985,-3200
0076,16:30,990,-3733
0076,16:35,995,-3733
0076,16:40,1000,-3733
0076,16:45,1005,-3733
0076,16:50,1010,-3911
0076,16:55,1015,-3911
0076,17:00,1020,-3911
0076,17:05,1025,-3911
0076,17:10,1030,-3911
0076,17:15,1035,-3911
0076,17:20,1040,-3911
0076,17:25,1045,-3911
0076,17:30,1050,-3911
0076,17:35,1055,-3911
0076,17:40,1060,-3911
0076,17:45,1065,-3911
0076,17:50,1070,-4178
0076,17:55,1075,-4178
0076,18:00,1080,-4178
0076,18:05,1085,-4178
0076,18:10,1090,-4178
0076,18:15,1095,-4178
0076,18:20,1100,-4178
0076,18:25,1105,-4178
0076,18:30,1110,-4178
0076,18:35,1115,-4178
0076,18:40,1120,-4178
0076,18:45,1125,-4178
0076,18:50,1130,-4178
0076,18:55,1135,-4178
0076,19:00,1140,-4178
0076,19:05,1145,-4178
0076,19:10,1150,-4178
0076,19:15,1155,-4178
0076,19:20,1160,-4178
0076,19:25,1165,-4178
0076,19:30,1170,-4178
0076,19:35,1175,-4178
0076,19:40,1180,-4178
0076,19:45,1185,-4178
0076,19:50,1190,-4178
0076,19:55,1195,-4178
0076,20:00,1200,-4178
0076,20:05,1205,-4178
0076,20:10,1210,-4178
0076,20:15,1215,-4178
0076,20:20,1220,-4178
0076,20:25,1225,-4178
0076,20:30,1230,-4178
0076,20:35,1235,-4178
0076,20:40,1240,-4178
0076,20:45,1245,-4178
0076,20:50,1250,-4178
0076,20:55,1255,-4178
0076,21:00,1260,-4178
0076,21:05,1265,-4178
0076,21:10,1270,-4178
0076,21:15,1275,-4178
0076,21:20,1280,-4178
0076,21:25,1285,-4178
0076,21:30,1290,-4178
0076,21:35,1295,-4178
0076,21:40,1300,-4178
0076,21:45,1305,-4178
0076,21:50,1310,-4178
0076,21:55,1315,-4178
0076,22:00,1320,-4178
0076,22:05,1325,-4178
0076,22:10,1330,-4178
0076,22:15,1335,-4178
0076,22:20,1340,-4178
0076,22:25,1345,-4178
0076,22:30,1350,-4178
0076,22:35,1355,-4178
0076,22:40,1360,-4178
0076,22:45,1365,-4178
0076,22:50,1370,-4178
0076,22:55,1375,-4178
0076,23:00,1380,-4178
0076,23:05,1385,-4178
0076,23:10,1390,-4178
0076,23:15,1395,-4178
0076,23:16,1396,-4178
0076,23:20,1400,-4178
0077,09:00,540,0
0077,09:05,545,0
0077,09:10,550,0
0077,09:15,555,0
0077,09:20,560,0
0077,09:25,565,0
0077,09:30,570,0
0077,09:35,575,0
0077,09:40,580,0
0077,09:45,585,0
0077,09:50,590,0
0077,09:55,595,0
0077,10:00,600,0
0077,10:05,605,0
0077,10:10,610,0
0077,10:15,615,0
0077,10:20,620,0
0077,10:25,625,0
0077,10:30,630,0
0077,10:35,635,0
0077,10:40,640,0
0077,10:45,645,0
0077,10:50,650,0
0077,10:55,655,0
0077,11:00,660,-178
0077,11:05,665,-178
0077,11:10,670,-178
0077,11:15,675,-178
0077,11:20,680,-178
0077,11:25,685,-178
0077,11:30,690,-178
0077,11:35,695,-178
0077,11:40,700,-178
0077,11:45,705,-178
0077,11:50,710,-178
0077,11:55,715,-178
0077,12:00,720,-178
0077,12:05,725,-178
0077,12:10,730,-178
0077,12:15,735,-178
0077,12:20,740,-178
0077,12:25,745,-178
0077,12:30,750,-1067
0077,12:35,755,-1067
0077,12:40,760,-1067
0077,12:45,765,-1067
0077,12:50,770,-2667
0077,12:55,775,-2667
0077,13:00,780,-2667
0077,13:05,785,-2756
0077,13:10,790,-2756
0077,13:15,795,-2756
0077,13:20,800,-2756
0077,13:25,805,-3022
0077,13:30,810,-3022
0077,13:35,815,-3022
0077,13:40,820,-3022
0077,13:45,825,-3022
0077,13:50,830,-3022
0077,13:55,835,-3022
0077,14:00,840,-3022
0077,14:05,845,-3022
0077,14:10,850,-3022
0077,14:15,855,-3022
0077,14:20,860,-3022
0077,14:25,865,-3022
0077,14:30,870,-3911
0077,14:35,875,-3911
0077,14:40,880,-3911
0077,14:45,885,-4622
0077,14:50,890,-4622
0077,14:55,895,-4622
0077,15:00,900,-4622
0077,15:05,905,-4622
0077,15:10,910,-5156
0077,15:15,915,-5156
0077,15:20,920,-5156
0077,15:25,925,-5156
0077,15:30,930,-6044
0077,15:35,935,-6044
0077,15:40,940,-6044
0077,15:45,945,-7200
0077,15:50,950,-7200
0077,15:55,955,-7200
0077,16:00,960,-7200
0077,16:05,965,-7200
0077,16:10,970,-7289
0077,16:15,975,-7289
0077,16:20,980,-7289
0077,16:25,985,-7289
0077,16:30,990,-7289
0077,16:35,995,-7289
0077,16:40,1000,-7289
0077,16:45,1005,-7289
0077,16:50,1010,-7289
0077,16:55,1015,-7289
0077,17:00,1020,-7289
0077,17:05,1025,-7289
0077,17:10,1030,-7289
0077,17:15,1035,-7289
0077,17:20,1040,-7289
0077,17:25,1045,-7289
0077,17:30,1050,-7289
0077,17:35,1055,-7289
0077,17:40,1060,-7289
0077,17:45,1065,-7289
0077,17:50,1070,-7289
0077,17:55,1075,-7289
0077,18:00,1080,-7289
0077,18:05,1085,-7289
0077,18:10,1090,-7289
0077,18:15,1095,-7289
0077,18:20,1100,-7289
0077,18:25,1105,-7289
0077,18:30,1110,-7289
0077,18:35,1115,-7289
0077,18:40,1120,-7289
0077,18:45,1125,-7289
0077,18:50,1130,-7289
0077,18:55,1135,-7289
0077,19:00,1140,-7289
0077,19:05,1145,-7289
0077,19:10,1150,-7467
0077,19:15,1155,-7467
0077,19:20,1160,-7467
0077,19:25,1165,-2756
0077,19:30,1170,-2756
0077,19:35,1175,-2756
0077,19:40,1180,-2756
0077,19:45,1185,-2844
0077,19:50,1190,-2844
0077,19:55,1195,-2844
0077,20:00,1200,-2844
0077,20:05,1205,-2844
0077,20:10,1210,-2844
0077,20:15,1215,-2844
0077,20:20,1220,-2844
0077,20:25,1225,-2844
0077,20:30,1230,-3200
0077,20:35,1235,-3200
0077,20:40,1240,-3200
0077,20:45,1245,-3467
0077,20:50,1250,-3467
0077,20:55,1255,-3467
0077,21:00,1260,-3467
0077,21:05,1265,-3467
0077,21:10,1270,-3467
0077,21:15,1275,-3467
0077,21:20,1280,-3467
0077,21:25,1285,-3467
0077,21:30,1290,-3467
0077,21:35,1295,-3467
0077,21:40,1300,-3467
0077,21:45,1305,-3467
0077,21:50,1310,-3467
0077,21:55,1315,-3467
0077,22:00,1320,-3467
0077,22:05,1325,-3467
0077,22:10,1330,-3467
0077,22:15,1335,-3467
0077,22:20,1340,-3467
0077,22:25,1345,-3467
0077,22:30,1350,-3467
0077,22:35,1355,-3467
0077,22:40,1360,-3467
0077,22:45,1365,-3467
0077,22:50,1370,-3467
0077,22:55,1375,-3467
0077,23:00,1380,-3467
0077,23:05,1385,-3467
0077,23:10,1390,-3467
0077,23:15,1395,-3467
0077,23:16,1396,-3467
0077,23:20,1400,-3467
