machine,time,minute,value
0039,09:00,540,0
0039,09:05,545,0
0039,09:10,550,0
0039,09:15,555,0
0039,09:20,560,0
0039,09:25,565,0
0039,09:30,570,0
0039,09:35,575,0
0039,09:40,580,0
0039,09:45,585,0
0039,09:50,590,0
0039,09:55,595,0
0039,10:00,600,0
0039,10:05,605,0
0039,10:10,610,-444
0039,10:15,615,-444
0039,10:20,620,-444
0039,10:25,625,-800
0039,10:30,630,-800
0039,10:35,635,-800
0039,10:40,640,-1156
0039,10:45,645,-1156
0039,10:50,650,-1156
0039,10:55,655,-1156
0039,11:00,660,-1511
0039,11:05,665,-1511
0039,11:10,670,-1511
0039,11:15,675,-1511
0039,11:20,680,-1511
0039,11:25,685,-1511
0039,11:30,690,-1511
0039,11:35,695,-1511
0039,11:40,700,-1511
0039,11:45,705,-1511
0039,11:50,710,-1511
0039,11:55,715,-1511
0039,12:00,720,-1511
0039,12:05,725,-1689
0039,12:10,730,-1689
0039,12:15,735,-1689
0039,12:20,740,-1689
0039,12:25,745,-1689
0039,12:30,750,-2400
0039,12:35,755,-2400
0039,12:40,760,-2400
0039,12:45,765,-2400
0039,12:50,770,-2400
0039,12:55,775,-2400
0039,13:00,780,-2400
0039,13:05,785,-2400
0039,13:10,790,-2400
0039,13:15,795,-2400
0039,13:20,800,-2400
0039,13:25,805,-2667
0039,13:30,810,-2667
0039,13:35,815,-2667
0039,13:40,820,-2667
0039,13:45,825,-2667
0039,13:50,830,-4267
0039,13:55,835,-4267
0039,14:00,840,-4267
0039,14:05,845,-4267
0039,14:10,850,-4978
0039,14:15,855,-4978
0039,14:20,860,-4978
0039,14:25,865,-4978
0039,14:30,870,-5867
0039,14:35,875,-5867
0039,14:40,880,-5867
0039,14:45,885,-6044
0039,14:50,890,-6044
0039,14:55,895,-6044
0039,15:00,900,-6044
0039,15:05,905,-6044
0039,15:10,910,-6044
0039,15:15,915,-6044
0039,15:20,920,-6044
0039,15:25,925,-6044
0039,15:30,930,-6044
0039,15:35,935,-6044
0039,15:40,940,-6044
0039,15:45,945,-5333
0039,15:50,950,-5333
0039,15:55,955,-5333
0039,16:00,960,-5333
0039,16:05,965,-5333
0039,16:10,970,-6400
0039,16:15,975,-6400
0039,16:20,980,-6400
0039,16:25,985,-6400
0039,16:30,990,-7022
0039,16:35,995,-7022
0039,16:40,1000,-7022
0039,16:45,1005,-7022
0039,16:50,1010,-5422
0039,16:55,1015,-5422
0039,17:00,1020,-5422
0039,17:05,1025,-800
0039,17:10,1030,-800
0039,17:15,1035,-800
0039,17:20,1040,-800
0039,17:25,1045,-800
0039,17:30,1050,431
0039,17:35,1055,431
0039,17:40,1060,431
0039,17:45,1065,431
0039,17:50,1070,431
0039,17:55,1075,431
0039,18:00,1080,431
0039,18:05,1085,431
0039,18:10,1090,431
0039,18:15,1095,431
0039,18:20,1100,431
0039,18:25,1105,-1333
0039,18:30,1110,-1333
0039,18:35,1115,-1333
0039,18:40,1120,-1333
0039,18:45,1125,-1333
0039,18:50,1130,-2489
0039,18:55,1135,-2489
0039,19:00,1140,-2489
0039,19:05,1145,-2489
0039,19:10,1150,-2489
0039,19:15,1155,-2489
0039,19:20,1160,-2489
0039,19:25,1165,-2489
0039,19:30,1170,-2489
0039,19:35,1175,-2489
0039,19:40,1180,-2489
0039,19:45,1185,-2489
0039,19:50,1190,-2489
0039,19:55,1195,-2489
0039,20:00,1200,-2489
0039,20:05,1205,-2489
0039,20:10,1210,-3111
0039,20:15,1215,-3111
0039,20:20,1220,-3111
0039,20:25,1225,-3111
0039,20:30,1230,-3289
0039,20:35,1235,-3289
0039,20:40,1240,-3289
0039,20:45,1245,-3289
0039,20:50,1250,-3289
0039,20:55,1255,-3289
0039,21:00,1260,-3289
0039,21:05,1265,-3289
0039,21:10,1270,-3467
0039,21:15,1275,-3467
0039,21:20,1280,-3467
0039,21:25,1285,-3467
0039,21:30,1290,-3644
0039,21:35,1295,-3644
0039,21:40,1300,-3644
0039,21:45,1305,-3644
0039,21:50,1310,-3644
0039,21:55,1315,-3644
0039,22:00,1320,-3644
0039,22:05,1325,-3644
0039,22:10,1330,-3644
0039,22:15,1335,-3644
0039,22:20,1340,-3644
0039,22:25,1345,-3644
0039,22:30,1350,-3644
0039,22:35,1355,-3644
0039,22:40,1360,-3644
0039,22:45,1365,-3644
0039,22:50,1370,-3644
0039,22:55,1375,-3644
0039,23:00,1380,-3644
0039,23:05,1385,-3644
0039,23:10,1390,-3644
0039,23:15,1395,-3644
0039,23:16,1396,-3644
0039,23:20,1400,-3644
0040,09:00,540,0
0040,09:05,545,0
0040,09:10,550,0
0040,09:15,555,0
0040,09:20,560,0
0040,09:25,565,0
0040,09:30,570,0
0040,09:35,575,0
0040,09:40,580,0
0040,09:45,585,0
0040,09:50,590,0
0040,09:55,595,0
0040,10:00,600,0
0040,10:05,605,0
0040,10:10,610,-356
0040,10:15,615,-356
0040,10:20,620,-356
0040,10:25,625,-533
0040,10:30,630,-533
0040,10:35,635,-533
0040,10:40,640,-711
0040,10:45,645,-711
0040,10:50,650,-711
0040,10:55,655,-711
0040,11:00,660,-889
0040,11:05,665,-889
0040,11:10,670,-889
0040,11:15,675,-889
0040,11:20,680,-889
0040,11:25,685,-889
0040,11:30,690,-889
0040,11:35,695,-889
0040,11:40,700,-889
0040,11:45,705,-889
0040,11:50,710,-889
0040,11:55,715,-889
0040,12:00,720,-889
0040,12:05,725,-889
0040,12:10,730,-889
0040,12:15,735,-889
0040,12:20,740,-889
0040,12:25,745,-889
0040,12:30,750,-889
0040,12:35,755,-889
0040,12:40,760,-889
0040,12:45,765,-889
0040,12:50,770,-889
0040,12:55,775,-889
0040,13:00,780,-889
0040,13:05,785,-889
0040,13:10,790,-889
0040,13:15,795,-889
0040,13:20,800,-889
0040,13:25,805,172
0040,13:30,810,172
0040,13:35,815,172
0040,13:40,820,172
0040,13:45,825,172
0040,13:50,830,1379
0040,13:55,835,1379
0040,14:00,840,1379
0040,14:05,845,1379
0040,14:10,850,345
0040,14:15,855,345
0040,14:20,860,345
0040,14:25,865,345
0040,14:30,870,2069
0040,14:35,875,2069
0040,14:40,880,2069
0040,14:45,885,3448
0040,14:50,890,3448
0040,14:55,895,3448
0040,15:00,900,3448
0040,15:05,905,3448
0040,15:10,910,2414
0040,15:15,915,2414
0040,15:20,920,2414
0040,15:25,925,2414
0040,15:30,930,1034
0040,15:35,935,1034
0040,15:40,940,1034
0040,15:45,945,-356
0040,15:50,950,-356
0040,15:55,955,-356
0040,16:00,960,-356
0040,16:05,965,-356
0040,16:10,970,-1600
0040,16:15,975,-1600
0040,16:20,980,-1600
0040,16:25,985,-1600
0040,16:30,990,-2844
0040,16:35,995,-2844
0040,16:40,1000,-2844
0040,16:45,1005,-2844
0040,16:50,1010,-2844
0040,16:55,1015,-2844
0040,17:00,1020,-2844
0040,17:05,1025,-2844
0040,17:10,1030,-2844
0040,17:15,1035,-2844
0040,17:20,1040,-2844
0040,17:25,1045,-2844
0040,17:30,1050,-3022
0040,17:35,1055,-3022
0040,17:40,1060,-3022
0040,17:45,1065,-3022
0040,17:50,1070,-3556
0040,17:55,1075,-3556
0040,18:00,1080,-3556
0040,18:05,1085,-3556
0040,18:10,1090,-4444
0040,18:15,1095,-4444
0040,18:20,1100,-4444
0040,18:25,1105,-4800
0040,18:30,1110,-4800
0040,18:35,1115,-4800
0040,18:40,1120,-4800
0040,18:45,1125,-4800
0040,18:50,1130,-6400
0040,18:55,1135,-6400
0040,19:00,1140,-6400
0040,19:05,1145,-6400
0040,19:10,1150,-6756
0040,19:15,1155,-6756
0040,19:20,1160,-6756
0040,19:25,1165,-6756
0040,19:30,1170,-6756
0040,19:35,1175,-6756
0040,19:40,1180,-6756
0040,19:45,1185,-6756
0040,19:50,1190,-6756
0040,19:55,1195,-6756
0040,20:00,1200,-6756
0040,20:05,1205,-6756
0040,20:10,1210,-6756
0040,20:15,1215,-6756
0040,20:20,1220,-6756
0040,20:25,1225,-6756
0040,20:30,1230,-7289
0040,20:35,1235,-7289
0040,20:40,1240,-7289
0040,20:45,1245,-8889
0040,20:50,1250,-8889
0040,20:55,1255,-8889
0040,21:00,1260,-8889
0040,21:05,1265,-8889
0040,21:10,1270,-10311
0040,21:15,1275,-10311
0040,21:20,1280,-10311
0040,21:25,1285,-10311
0040,21:30,1290,-10133
0040,21:35,1295,-10133
0040,21:40,1300,-10133
0040,21:45,1305,-11200
0040,21:50,1310,-11200
0040,21:55,1315,-11200
0040,22:00,1320,-11200
0040,22:05,1325,-11200
0040,22:10,1330,-11200
0040,22:15,1335,-11200
0040,22:20,1340,-11200
0040,22:25,1345,-11200
0040,22:30,1350,-11200
0040,22:35,1355,-11200
0040,22:40,1360,-11200
0040,22:45,1365,-11200
0040,22:50,1370,-11200
0040,22:55,1375,-11200
0040,23:00,1380,-11200
0040,23:05,1385,-11200
0040,23:10,1390,-11200
0040,23:15,1395,-11200
0040,23:16,1396,-11200
0040,23:20,1400,-11200
0041,09:00,540,0
0041,09:05,545,0
0041,09:10,550,0
0041,09:15,555,0
0041,09:20,560,0
0041,09:25,565,0
0041,09:30,570,0
0041,09:35,575,0
0041,09:40,580,0
0041,09:45,585,0
0041,09:50,590,0
0041,09:55,595,0
0041,10:00,600,0
0041,10:05,605,0
0041,10:10,610,0
0041,10:15,615,0
0041,10:20,620,0
0041,10:25,625,0
0041,10:30,630,0
0041,10:35,635,0
0041,10:40,640,0
0041,10:45,645,0
0041,10:50,650,0
0041,10:55,655,0
0041,11:00,660,-356
0041,11:05,665,-356
0041,11:10,670,-356
0041,11:15,675,-356
0041,11:20,680,-356
0041,11:25,685,-356
0041,11:30,690,-889
0041,11:35,695,-889
0041,11:40,700,-889
0041,11:45,705,-1244
0041,11:50,710,-1244
0041,11:55,715,-1244
0041,12:00,720,-1244
0041,12:05,725,-1600
0041,12:10,730,-1600
0041,12:15,735,-1600
0041,12:20,740,-1600
0041,12:25,745,-1600
0041,12:30,750,-2311
0041,12:35,755,-2311
0041,12:40,760,-2311
0041,12:45,765,-2311
0041,12:50,770,-2311
0041,12:55,775,-2311
0041,13:00,780,-2311
0041,13:05,785,-3200
0041,13:10,790,-3200
0041,13:15,795,-3200
0041,13:20,800,-3200
0041,13:25,805,-3200
0041,13:30,810,-3200
0041,13:35,815,-3200
0041,13:40,820,-3200
0041,13:45,825,-3200
0041,13:50,830,-4089
0041,13:55,835,-4089
0041,14:00,840,-4089
0041,14:05,845,-4089
0041,14:10,850,-4089
0041,14:15,855,-4089
0041,14:20,860,-4089
0041,14:25,865,-4089
0041,14:30,870,-4444
0041,14:35,875,-4444
0041,14:40,880,-4444
0041,14:45,885,-4978
0041,14:50,890,-4978
0041,14:55,895,-4978
0041,15:00,900,-4978
0041,15:05,905,-4978
0041,15:10,910,-4978
0041,15:15,915,-4978
0041,15:20,920,-4978
0041,15:25,925,-4978
0041,15:30,930,-4978
0041,15:35,935,-4978
0041,15:40,940,-4978
0041,15:45,945,-4978
0041,15:50,950,-4978
0041,15:55,955,-4978
0041,16:00,960,-4978
0041,16:05,965,-4978
0041,16:10,970,-4978
0041,16:15,975,-4978
0041,16:20,980,-4978
0041,16:25,985,-4978
0041,16:30,990,-4978
0041,16:35,995,-4978
0041,16:40,1000,-4978
0041,16:45,1005,-4978
0041,16:50,1010,-6400
0041,16:55,1015,-6400
0041,17:00,1020,-6400
0041,17:05,1025,-6400
0041,17:10,1030,-6400
0041,17:15,1035,-6400
0041,17:20,1040,-6400
0041,17:25,1045,-6400
0041,17:30,1050,-7289
0041,17:35,1055,-7289
0041,17:40,1060,-7289
0041,17:45,1065,-7289
0041,17:50,1070,-8533
0041,17:55,1075,-8533
0041,18:00,1080,-8533
0041,18:05,1085,-8533
0041,18:10,1090,-9422
0041,18:15,1095,-9422
0041,18:20,1100,-9422
0041,18:25,1105,-9778
0041,18:30,1110,-9778
0041,18:35,1115,-9778
0041,18:40,1120,-9778
0041,18:45,1125,-9778
0041,18:50,1130,-9778
0041,18:55,1135,-9778
0041,19:00,1140,-9778
0041,19:05,1145,-9778
0041,19:10,1150,-10844
0041,19:15,1155,-10844
0041,19:20,1160,-10844
0041,19:25,1165,-11556
0041,19:30,1170,-11556
0041,19:35,1175,-11556
0041,19:40,1180,-11556
0041,19:45,1185,-12978
0041,19:50,1190,-12978
0041,19:55,1195,-12978
0041,20:00,1200,-12978
0041,20:05,1205,-12978
0041,20:10,1210,-13511
0041,20:15,1215,-13511
0041,20:20,1220,-13511
0041,20:25,1225,-13511
0041,20:30,1230,-13511
0041,20:35,1235,-13511
0041,20:40,1240,-13511
0041,20:45,1245,-13511
0041,20:50,1250,-13511
0041,20:55,1255,-13511
0041,21:00,1260,-13511
0041,21:05,1265,-13511
0041,21:10,1270,-13511
0041,21:15,1275,-13511
0041,21:20,1280,-13511
0041,21:25,1285,-13511
0041,21:30,1290,-12444
0041,21:35,1295,-12444
0041,21:40,1300,-12444
0041,21:45,1305,-12622
0041,21:50,1310,-12622
0041,21:55,1315,-12622
0041,22:00,1320,-12622
0041,22:05,1325,-12622
0041,22:10,1330,-12622
0041,22:15,1335,-12622
0041,22:20,1340,-12622
0041,22:25,1345,-12622
0041,22:30,1350,-12622
0041,22:35,1355,-12622
0041,22:40,1360,-12622
0041,22:45,1365,-12622
0041,22:50,1370,-12622
0041,22:55,1375,-12622
0041,23:00,1380,-12622
0041,23:05,1385,-12622
0041,23:10,1390,-12622
0041,23:15,1395,-12622
0041,23:16,1396,-12622
0041,23:20,1400,-12622
0042,09:00,540,0
0042,09:05,545,0
0042,09:10,550,0
0042,09:15,555,0
0042,09:20,560,0
0042,09:25,565,0
0042,09:30,570,0
0042,09:35,575,0
0042,09:40,580,0
0042,09:45,585,0
0042,09:50,590,0
0042,09:55,595,0
0042,10:00,600,0
0042,10:05,605,0
0042,10:10,610,0
0042,10:15,615,0
0042,10:20,620,0
0042,10:25,625,0
0042,10:30,630,0
0042,10:35,635,0
0042,10:40,640,0
0042,10:45,645,0
0042,10:50,650,0
0042,10:55,655,0
0042,11:00,660,-89
0042,11:05,665,-89
0042,11:10,670,-89
0042,11:15,675,-89
0042,11:20,680,-89
0042,11:25,685,-89
0042,11:30,690,-178
0042,11:35,695,-178
0042,11:40,700,-178
0042,11:45,705,-178
0042,11:50,710,-178
0042,11:55,715,-178
0042,12:00,720,-178
0042,12:05,725,-178
0042,12:10,730,-178
0042,12:15,735,-178
0042,12:20,740,-178
0042,12:25,745,-178
0042,12:30,750,-178
0042,12:35,755,-178
0042,12:40,760,-178
0042,12:45,765,-178
0042,12:50,770,-889
0042,12:55,775,-889
0042,13:00,780,-889
0042,13:05,785,172
0042,13:10,790,172
0042,13:15,795,172
0042,13:20,800,172
0042,13:25,805,-800
0042,13:30,810,-800
0042,13:35,815,-800
0042,13:40,820,-800
0042,13:45,825,-800
0042,13:50,830,-1600
0042,13:55,835,-1600
0042,14:00,840,-1600
0042,14:05,845,-1600
0042,14:10,850,-2844
0042,14:15,855,-2844
0042,14:20,860,-2844
0042,14:25,865,-2844
0042,14:30,870,-4444
0042,14:35,875,-4444
0042,14:40,880,-4444
0042,14:45,885,-4444
0042,14:50,890,-4444
0042,14:55,895,-4444
0042,15:00,900,-4444
0042,15:05,905,-4444
0042,15:10,910,-4444
0042,15:15,915,-4444
0042,15:20,920,-4444
0042,15:25,925,-4444
0042,15:30,930,-5956
0042,15:35,935,-5956
0042,15:40,940,-5956
0042,15:45,945,-7467
0042,15:50,950,-7467
0042,15:55,955,-7467
0042,16:00,960,-7467
0042,16:05,965,-7467
0042,16:10,970,-8444
0042,16:15,975,-8444
0042,16:20,980,-8444
0042,16:25,985,-8444
0042,16:30,990,-9067
0042,16:35,995,-9067
0042,16:40,1000,-9067
0042,16:45,1005,-9067
0042,16:50,1010,-6933
0042,16:55,1015,-6933
0042,17:00,1020,-6933
0042,17:05,1025,-1244
0042,17:10,1030,-1244
0042,17:15,1035,-1244
0042,17:20,1040,-1244
0042,17:25,1045,-1244
0042,17:30,1050,-1600
0042,17:35,1055,-1600
0042,17:40,1060,-1600
0042,17:45,1065,-1600
0042,17:50,1070,-1600
0042,17:55,1075,-1600
0042,18:00,1080,-1600
0042,18:05,1085,-1600
0042,18:10,1090,-1600
0042,18:15,1095,-1600
0042,18:20,1100,-1600
0042,18:25,1105,-1956
0042,18:30,1110,-1956
0042,18:35,1115,-1956
0042,18:40,1120,-1956
0042,18:45,1125,-1956
0042,18:50,1130,-3289
0042,18:55,1135,-3289
0042,19:00,1140,-3289
0042,19:05,1145,-3289
0042,19:10,1150,-4622
0042,19:15,1155,-4622
0042,19:20,1160,-4622
0042,19:25,1165,-4711
0042,19:30,1170,-4711
0042,19:35,1175,-4711
0042,19:40,1180,-4711
0042,19:45,1185,-4711
0042,19:50,1190,-4711
0042,19:55,1195,-4711
0042,20:00,1200,-4711
0042,20:05,1205,-4711
0042,20:10,1210,-4711
0042,20:15,1215,-4711
0042,20:20,1220,-4711
0042,20:25,1225,-4711
0042,20:30,1230,-4711
0042,20:35,1235,-4711
0042,20:40,1240,-4711
0042,20:45,1245,-4711
0042,20:50,1250,-4711
0042,20:55,1255,-4711
0042,21:00,1260,-4711
0042,21:05,1265,-4711
0042,21:10,1270,-4711
0042,21:15,1275,-4711
0042,21:20,1280,-4711
0042,21:25,1285,-4711
0042,21:30,1290,-4711
0042,21:35,1295,-4711
0042,21:40,1300,-4711
0042,21:45,1305,-4711
0042,21:50,1310,-4711
0042,21:55,1315,-4711
0042,22:00,1320,-4711
0042,22:05,1325,-4711
0042,22:10,1330,-4711
0042,22:15,1335,-4711
0042,22:20,1340,-4711
0042,22:25,1345,-4711
0042,22:30,1350,-4711
0042,22:35,1355,-4711
0042,22:40,1360,-4711
0042,22:45,1365,-4711
0042,22:50,1370,-4711
0042,22:55,1375,-4711
0042,23:00,1380,-4711
0042,23:05,1385,-4711
0042,23:10,1390,-4711
0042,23:15,1395,-4711
0042,23:16,1396,-4711
0042,23:20,1400,-4711
0043,09:00,540,0
0043,09:05,545,0
0043,09:10,550,0
0043,09:15,555,0
0043,09:20,560,0
0043,09:25,565,0
0043,09:30,570,0
0043,09:35,575,0
0043,09:40,580,0
0043,09:45,585,0
0043,09:50,590,0
0043,09:55,595,0
0043,10:00,600,0
0043,10:05,605,0
0043,10:10,610,0
0043,10:15,615,0
0043,10:20,620,0
0043,10:25,625,0
0043,10:30,630,0
0043,10:35,635,0
0043,10:40,640,0
0043,10:45,645,0
0043,10:50,650,0
0043,10:55,655,0
0043,11:00,660,0
0043,11:05,665,0
0043,11:10,670,0
0043,11:15,675,0
0043,11:20,680,0
0043,11:25,685,0
0043,11:30,690,0
0043,11:35,695,0
0043,11:40,700,0
0043,11:45,705,0
0043,11:50,710,0
0043,11:55,715,0
0043,12:00,720,0
0043,12:05,725,0
0043,12:10,730,0
0043,12:15,735,0
0043,12:20,740,0
0043,12:25,745,0
0043,12:30,750,0
0043,12:35,755,0
0043,12:40,760,0
0043,12:45,765,0
0043,12:50,770,0
0043,12:55,775,0
0043,13:00,780,0
0043,13:05,785,0
0043,13:10,790,0
0043,13:15,795,0
0043,13:20,800,0
0043,13:25,805,0
0043,13:30,810,0
0043,13:35,815,0
0043,13:40,820,0
0043,13:45,825,0
0043,13:50,830,0
0043,13:55,835,0
0043,14:00,840,0
0043,14:05,845,0
0043,14:10,850,0
0043,14:15,855,0
0043,14:20,860,0
0043,14:25,865,0
0043,14:30,870,0
0043,14:35,875,0
0043,14:40,880,0
0043,14:45,885,0
0043,14:50,890,0
0043,14:55,895,0
0043,15:00,900,0
0043,15:05,905,0
0043,15:10,910,0
0043,15:15,915,0
0043,15:20,920,0
0043,15:25,925,0
0043,15:30,930,0
0043,15:35,935,0
0043,15:40,940,0
0043,15:45,945,0
0043,15:50,950,0
0043,15:55,955,0
0043,16:00,960,0
0043,16:05,965,0
0043,16:10,970,0
0043,16:15,975,0
0043,16:20,980,0
0043,16:25,985,0
0043,16:30,990,0
0043,16:35,995,0
0043,16:40,1000,0
0043,16:45,1005,0
0043,16:50,1010,0
0043,16:55,1015,0
0043,17:00,1020,0
0043,17:05,1025,0
0043,17:10,1030,0
0043,17:15,1035,0
0043,17:20,1040,0
0043,17:25,1045,0
0043,17:30,1050,2069
0043,17:35,1055,2069
0043,17:40,1060,2069
0043,17:45,1065,2069
0043,17:50,1070,1034
0043,17:55,1075,1034
0043,18:00,1080,1034
0043,18:05,1085,1034
0043,18:10,1090,-89
0043,18:15,1095,-89
0043,18:20,1100,-89
0043,18:25,1105,-89
0043,18:30,1110,-89
0043,18:35,1115,-89
0043,18:40,1120,-89
0043,18:45,1125,-89
0043,18:50,1130,-89
0043,18:55,1135,-89
0043,19:00,1140,-89
0043,19:05,1145,-89
0043,19:10,1150,-89
0043,19:15,1155,-89
0043,19:20,1160,-89
0043,19:25,1165,4828
0043,19:30,1170,4828
0043,19:35,1175,4828
0043,19:40,1180,4828
0043,19:45,1185,5259
0043,19:50,1190,5259
0043,19:55,1195,5259
0043,20:00,1200,5259
0043,20:05,1205,5259
0043,20:10,1210,5172
0043,20:15,1215,5172
0043,20:20,1220,5172
0043,20:25,1225,5172
0043,20:30,1230,6293
0043,20:35,1235,6293
0043,20:40,1240,6293
0043,20:45,1245,8017
0043,20:50,1250,8017
0043,20:55,1255,8017
0043,21:00,1260,8017
0043,21:05,1265,8017
0043,21:10,1270,7845
0043,21:15,1275,7845
0043,21:20,1280,7845
0043,21:25,1285,7845
0043,21:30,1290,7328
0043,21:35,1295,7328
0043,21:40,1300,7328
0043,21:45,1305,7328
0043,21:50,1310,7328
0043,21:55,1315,7328
0043,22:00,1320,7328
0043,22:05,1325,7328
0043,22:10,1330,7328
0043,22:15,1335,7328
0043,22:20,1340,7328
0043,22:25,1345,7328
0043,22:30,1350,7328
0043,22:35,1355,7328
0043,22:40,1360,7328
0043,22:45,1365,7328
0043,22:50,1370,7328
0043,22:55,1375,7328
0043,23:00,1380,7328
0043,23:05,1385,7328
0043,23:10,1390,7328
0043,23:15,1395,7328
0043,23:16,1396,7328
0043,23:20,1400,7328
0044,09:00,540,0
0044,09:05,545,0
0044,09:10,550,0
0044,09:15,555,0
0044,09:20,560,0
0044,09:25,565,0
0044,09:30,570,0
0044,09:35,575,0
0044,09:40,580,0
0044,09:45,585,0
0044,09:50,590,0
0044,09:55,595,0
0044,10:00,600,0
0044,10:05,605,0
0044,10:10,610,0
0044,10:15,615,0
0044,10:20,620,0
0044,10:25,625,0
0044,10:30,630,0
0044,10:35,635,0
0044,10:40,640,-178
0044,10:45,645,-178
0044,10:50,650,-178
0044,10:55,655,-178
0044,11:00,660,948
0044,11:05,665,948
0044,11:10,670,517
0044,11:15,675,517
0044,11:20,680,517
0044,11:25,685,517
0044,11:30,690,-1067
0044,11:35,695,-1067
0044,11:40,700,-1067
0044,11:45,705,-2578
0044,11:50,710,-2578
0044,11:55,715,-2578
0044,12:00,720,-2578
0044,12:05,725,-3467
0044,12:10,730,-3467
0044,12:15,735,-3467
0044,12:20,740,-3467
0044,12:25,745,-3467
0044,12:30,750,-4267
0044,12:35,755,-4267
0044,12:40,760,-4267
0044,12:45,765,-4267
0044,12:50,770,-267
0044,12:55,775,-267
0044,13:00,780,-267
0044,13:05,785,-889
0044,13:10,790,-889
0044,13:15,795,-889
0044,13:20,800,-889
0044,13:25,805,-978
0044,13:30,810,-978
0044,13:35,815,-978
0044,13:40,820,-978
0044,13:45,825,-978
0044,13:50,830,2672
0044,13:55,835,2672
0044,14:00,840,2672
0044,14:05,845,2672
0044,14:10,850,3621
0044,14:15,855,3621
0044,14:20,860,3621
0044,14:25,865,3621
0044,14:30,870,6293
0044,14:35,875,6293
0044,14:40,880,6293
0044,14:45,885,5603
0044,14:50,890,5603
0044,14:55,895,5603
0044,15:00,900,5603
0044,15:05,905,5603
0044,15:10,910,4741
0044,15:15,915,4741
0044,15:20,920,4741
0044,15:25,925,4741
0044,15:30,930,4741
0044,15:35,935,4741
0044,15:40,940,4741
0044,15:45,945,3621
0044,15:50,950,3621
0044,15:55,955,3621
0044,16:00,960,3621
0044,16:05,965,3621
0044,16:10,970,2759
0044,16:15,975,2759
0044,16:20,980,2759
0044,16:25,985,2759
0044,16:30,990,1897
0044,16:35,995,1897
0044,16:40,1000,1897
0044,16:45,1005,1897
0044,16:50,1010,1810
0044,16:55,1015,1810
0044,17:00,1020,1810
0044,17:05,1025,862
0044,17:10,1030,862
0044,17:15,1035,862
0044,17:20,1040,862
0044,17:25,1045,862
0044,17:30,1050,1207
0044,17:35,1055,1207
0044,17:40,1060,1207
0044,17:45,1065,1207
0044,17:50,1070,1207
0044,17:55,1075,1207
0044,18:00,1080,1207
0044,18:05,1085,1207
0044,18:10,1090,1207
0044,18:15,1095,1207
0044,18:20,1100,1207
0044,18:25,1105,776
0044,18:30,1110,776
0044,18:35,1115,776
0044,18:40,1120,776
0044,18:45,1125,776
0044,18:50,1130,345
0044,18:55,1135,345
0044,19:00,1140,345
0044,19:05,1145,345
0044,19:10,1150,345
0044,19:15,1155,345
0044,19:20,1160,345
0044,19:25,1165,345
0044,19:30,1170,345
0044,19:35,1175,345
0044,19:40,1180,345
0044,19:45,1185,345
0044,19:50,1190,345
0044,19:55,1195,345
0044,20:00,1200,345
0044,20:05,1205,345
0044,20:10,1210,172
0044,20:15,1215,172
0044,20:20,1220,172
0044,20:25,1225,172
0044,20:30,1230,-178
0044,20:35,1235,-178
0044,20:40,1240,-178
0044,20:45,1245,-178
0044,20:50,1250,-178
0044,20:55,1255,-178
0044,21:00,1260,-178
0044,21:05,1265,-178
0044,21:10,1270,-178
0044,21:15,1275,-178
0044,21:20,1280,-178
0044,21:25,1285,-178
0044,21:30,1290,-356
0044,21:35,1295,-356
0044,21:40,1300,-356
0044,21:45,1305,-356
0044,21:50,1310,-356
0044,21:55,1315,-356
0044,22:00,1320,-356
0044,22:05,1325,-356
0044,22:10,1330,-356
0044,22:15,1335,-356
0044,22:20,1340,-356
0044,22:25,1345,-356
0044,22:30,1350,-356
0044,22:35,1355,-356
0044,22:40,1360,-356
0044,22:45,1365,-356
0044,22:50,1370,-356
0044,22:55,1375,-356
0044,23:00,1380,-356
0044,23:05,1385,-356
0044,23:10,1390,-356
0044,23:15,1395,-356
0044,23:16,1396,-356
0044,23:20,1400,-356
0045,09:00,540,0
0045,09:05,545,0
0045,09:10,550,0
0045,09:15,555,0
0045,09:20,560,0
0045,09:25,565,0
0045,09:30,570,0
0045,09:35,575,0
0045,09:40,580,0
0045,09:45,585,0
0045,09:50,590,0
0045,09:55,595,0
0045,10:00,600,0
0045,10:05,605,0
0045,10:10,610,0
0045,10:15,615,0
0045,10:20,620,0
0045,10:25,625,0
0045,10:30,630,0
0045,10:35,635,0
0045,10:40,640,0
0045,10:45,645,0
0045,10:50,650,0
0045,10:55,655,0
0045,11:00,660,0
0045,11:05,665,0
0045,11:10,670,0
0045,11:15,675,0
0045,11:20,680,0
0045,11:25,685,0
0045,11:30,690,0
0045,11:35,695,0
0045,11:40,700,0
0045,11:45,705,0
0045,11:50,710,0
0045,11:55,715,0
0045,12:00,720,0
0045,12:05,725,0
0045,12:10,730,0
0045,12:15,735,0
0045,12:20,740,0
0045,12:25,745,0
0045,12:30,750,0
0045,12:35,755,0
0045,12:40,760,0
0045,12:45,765,0
0045,12:50,770,0
0045,12:55,775,0
0045,13:00,780,0
0045,13:05,785,0
0045,13:10,790,0
0045,13:15,795,0
0045,13:20,800,0
0045,13:25,805,0
0045,13:30,810,0
0045,13:35,815,0
0045,13:40,820,0
0045,13:45,825,0
0045,13:50,830,0
0045,13:55,835,0
0045,14:00,840,0
0045,14:05,845,0
0045,14:10,850,0
0045,14:15,855,0
0045,14:20,860,0
0045,14:25,865,0
0045,14:30,870,0
0045,14:35,875,0
0045,14:40,880,0
0045,14:45,885,-356
0045,14:50,890,-356
0045,14:55,895,-356
0045,15:00,900,-356
0045,15:05,905,-356
0045,15:10,910,-356
0045,15:15,915,-356
0045,15:20,920,-356
0045,15:25,925,-356
0045,15:30,930,-356
0045,15:35,935,-356
0045,15:40,940,-356
0045,15:45,945,-356
0045,15:50,950,-356
0045,15:55,955,-356
0045,16:00,960,-356
0045,16:05,965,-356
0045,16:10,970,-356
0045,16:15,975,-356
0045,16:20,980,-356
0045,16:25,985,-356
0045,16:30,990,-356
0045,16:35,995,-356
0045,16:40,1000,-356
0045,16:45,1005,-356
0045,16:50,1010,-356
0045,16:55,1015,-356
0045,17:00,1020,-356
0045,17:05,1025,-356
0045,17:10,1030,-356
0045,17:15,1035,-356
0045,17:20,1040,-356
0045,17:25,1045,-356
0045,17:30,1050,-356
0045,17:35,1055,-356
0045,17:40,1060,-356
0045,17:45,1065,-356
0045,17:50,1070,-356
0045,17:55,1075,-356
0045,18:00,1080,-356
0045,18:05,1085,-356
0045,18:10,1090,-356
0045,18:15,1095,-356
0045,18:20,1100,-356
0045,18:25,1105,-356
0045,18:30,1110,-356
0045,18:35,1115,-356
0045,18:40,1120,-356
0045,18:45,1125,-356
0045,18:50,1130,-356
0045,18:55,1135,-356
0045,19:00,1140,-356
0045,19:05,1145,-356
0045,19:10,1150,-356
0045,19:15,1155,-356
0045,19:20,1160,-356
0045,19:25,1165,-356
0045,19:30,1170,-356
0045,19:35,1175,-356
0045,19:40,1180,-356
0045,19:45,1185,-356
0045,19:50,1190,-356
0045,19:55,1195,-356
0045,20:00,1200,-356
0045,20:05,1205,-356
0045,20:10,1210,-356
0045,20:15,1215,-356
0045,20:20,1220,-356
0045,20:25,1225,-356
0045,20:30,1230,-356
0045,20:35,1235,-356
0045,20:40,1240,-356
0045,20:45,1245,-356
0045,20:50,1250,-356
0045,20:55,1255,-356
0045,21:00,1260,-356
0045,21:05,1265,-356
0045,21:10,1270,-356
0045,21:15,1275,-356
0045,21:20,1280,-356
0045,21:25,1285,-356
0045,21:30,1290,-356
0045,21:35,1295,-356
0045,21:40,1300,-356
0045,21:45,1305,-356
0045,21:50,1310,-356
0045,21:55,1315,-356
0045,22:00,1320,-356
0045,22:05,1325,-356
0045,22:10,1330,-356
0045,22:15,1335,-356
0045,22:20,1340,-356
0045,22:25,1345,-356
0045,22:30,1350,-356
0045,22:35,1355,-356
0045,22:40,1360,-356
0045,22:45,1365,-356
0045,22:50,1370,-356
0045,22:55,1375,-356
0045,23:00,1380,-356
0045,23:05,1385,-356
0045,23:10,1390,-356
0045,23:15,1395,-356
0045,23:16,1396,-356
0045,23:20,1400,-356
0046,09:00,540,0
0046,09:05,545,0
0046,09:10,550,0
0046,09:15,555,0
0046,09:20,560,0
0046,09:25,565,0
0046,09:30,570,0
0046,09:35,575,0
0046,09:40,580,0
0046,09:45,585,0
0046,09:50,590,0
0046,09:55,595,0
0046,10:00,600,0
0046,10:05,605,0
0046,10:10,610,0
0046,10:15,615,0
0046,10:20,620,0
0046,10:25,625,0
0046,10:30,630,0
0046,10:35,635,0
0046,10:40,640,0
0046,10:45,645,0
0046,10:50,650,0
0046,10:55,655,0
0046,11:00,660,0
0046,11:05,665,0
0046,11:10,670,-511
0046,11:15,675,-511
0046,11:20,680,-511
0046,11:25,685,-511
0046,11:30,690,5950
0046,11:35,695,5950
0046,11:40,700,5950
0046,11:45,705,5702
0046,11:50,710,5702
0046,11:55,715,5702
0046,12:00,720,5702
0046,12:05,725,4463
0046,12:10,730,4463
0046,12:15,735,4463
0046,12:20,740,4463
0046,12:25,745,4463
0046,12:30,750,3471
0046,12:35,755,3471
0046,12:40,760,3471
0046,12:45,765,3471
0046,12:50,770,3223
0046,12:55,775,3223
0046,13:00,780,3223
0046,13:05,785,2975
0046,13:10,790,2975
0046,13:15,795,2975
0046,13:20,800,2975
0046,13:25,805,2975
0046,13:30,810,2975
0046,13:35,815,2975
0046,13:40,820,2975
0046,13:45,825,2975
0046,13:50,830,2727
0046,13:55,835,2727
0046,14:00,840,2727
0046,14:05,845,2727
0046,14:10,850,7934
0046,14:15,855,7934
0046,14:20,860,7934
0046,14:25,865,7934
0046,14:30,870,12645
0046,14:35,875,12645
0046,14:40,880,12645
0046,14:45,885,11405
0046,14:50,890,11405
0046,14:55,895,11405
0046,15:00,900,11405
0046,15:05,905,11405
0046,15:10,910,10909
0046,15:15,915,10909
0046,15:20,920,10909
0046,15:25,925,10909
0046,15:30,930,13388
0046,15:35,935,13388
0046,15:40,940,13388
0046,15:45,945,12149
0046,15:50,950,12149
0046,15:55,955,12149
0046,16:00,960,12149
0046,16:05,965,12149
0046,16:10,970,12893
0046,16:15,975,12893
0046,16:20,980,12893
0046,16:25,985,12893
0046,16:30,990,13636
0046,16:35,995,13636
0046,16:40,1000,13636
0046,16:45,1005,13636
0046,16:50,1010,12397
0046,16:55,1015,12397
0046,17:00,1020,12397
0046,17:05,1025,11653
0046,17:10,1030,11653
0046,17:15,1035,11653
0046,17:20,1040,11653
0046,17:25,1045,11653
0046,17:30,1050,10661
0046,17:35,1055,10661
0046,17:40,1060,10661
0046,17:45,1065,10661
0046,17:50,1070,10661
0046,17:55,1075,10661
0046,18:00,1080,10661
0046,18:05,1085,10661
0046,18:10,1090,10661
0046,18:15,1095,10661
0046,18:20,1100,10661
0046,18:25,1105,11405
0046,18:30,1110,11405
0046,18:35,1115,11405
0046,18:40,1120,11405
0046,18:45,1125,11405
0046,18:50,1130,17107
0046,18:55,1135,17107
0046,19:00,1140,17107
0046,19:05,1145,17107
0046,19:10,1150,16116
0046,19:15,1155,16116
0046,19:20,1160,16116
0046,19:25,1165,17107
0046,19:30,1170,17107
0046,19:35,1175,17107
0046,19:40,1180,17107
0046,19:45,1185,19835
0046,19:50,1190,19835
0046,19:55,1195,19835
0046,20:00,1200,19835
0046,20:05,1205,19835
0046,20:10,1210,18595
0046,20:15,1215,18595
0046,20:20,1220,18595
0046,20:25,1225,18595
0046,20:30,1230,20331
0046,20:35,1235,20331
0046,20:40,1240,20331
0046,20:45,1245,21570
0046,20:50,1250,21570
0046,20:55,1255,21570
0046,21:00,1260,21570
0046,21:05,1265,21570
0046,21:10,1270,21570
0046,21:15,1275,21570
0046,21:20,1280,21570
0046,21:25,1285,21570
0046,21:30,1290,21570
0046,21:35,1295,21570
0046,21:40,1300,21570
0046,21:45,1305,21570
0046,21:50,1310,21570
0046,21:55,1315,21570
0046,22:00,1320,21570
0046,22:05,1325,21570
0046,22:10,1330,21570
0046,22:15,1335,21570
0046,22:20,1340,21570
0046,22:25,1345,21570
0046,22:30,1350,21570
0046,22:35,1355,21570
0046,22:40,1360,21570
0046,22:45,1365,21570
0046,22:50,1370,21570
0046,22:55,1375,21570
0046,23:00,1380,21570
0046,23:05,1385,21570
0046,23:10,1390,21570
0046,23:15,1395,21570
0046,23:16,1396,21570
0046,23:20,1400,21570
0047,09:00,540,0
0047,09:05,545,0
0047,09:10,550,0
0047,09:15,555,0
0047,09:20,560,0
0047,09:25,565,0
0047,09:30,570,0
0047,09:35,575,0
0047,09:40,580,0
0047,09:45,585,0
0047,09:50,590,0
0047,09:55,595,0
0047,10:00,600,0
0047,10:05,605,0
0047,10:10,610,0
0047,10:15,615,0
0047,10:20,620,0
0047,10:25,625,0
0047,10:30,630,0
0047,10:35,635,0
0047,10:40,640,0
0047,10:45,645,0
0047,10:50,650,0
0047,10:55,655,0
0047,11:00,660,0
0047,11:05,665,0
0047,11:10,670,0
0047,11:15,675,0
0047,11:20,680,0
0047,11:25,685,0
0047,11:30,690,-356
0047,11:35,695,-356
0047,11:40,700,-356
0047,11:45,705,-1778
0047,11:50,710,-1778
0047,11:55,715,-1778
0047,12:00,720,-1778
0047,12:05,725,-2311
0047,12:10,730,-2311
0047,12:15,735,-2311
0047,12:20,740,-2311
0047,12:25,745,-2311
0047,12:30,750,-3733
0047,12:35,755,-3733
0047,12:40,760,-3733
0047,12:45,765,-3733
0047,12:50,770,-4800
0047,12:55,775,-4800
0047,13:00,780,-4800
0047,13:05,785,-1244
0047,13:10,790,-1244
0047,13:15,795,-1244
0047,13:20,800,-1244
0047,13:25,805,-2667
0047,13:30,810,-2667
0047,13:35,815,-2667
0047,13:40,820,-2667
0047,13:45,825,-2667
0047,13:50,830,-4267
0047,13:55,835,-4267
0047,14:00,840,-4267
0047,14:05,845,-4267
0047,14:10,850,-5511
0047,14:15,855,-5511
0047,14:20,860,-5511
0047,14:25,865,-5511
0047,14:30,870,-7111
0047,14:35,875,-7111
0047,14:40,880,-7111
0047,14:45,885,-7822
0047,14:50,890,-7822
0047,14:55,895,-7822
0047,15:00,900,-7822
0047,15:05,905,-7822
0047,15:10,910,-8356
0047,15:15,915,-8356
0047,15:20,920,-8356
0047,15:25,925,-8356
0047,15:30,930,-8533
0047,15:35,935,-8533
0047,15:40,940,-8533
0047,15:45,945,-8533
0047,15:50,950,-8533
0047,15:55,955,-8533
0047,16:00,960,-8533
0047,16:05,965,-8533
0047,16:10,970,-9422
0047,16:15,975,-9422
0047,16:20,980,-9422
0047,16:25,985,-9422
0047,16:30,990,-10489
0047,16:35,995,-10489
0047,16:40,1000,-10489
0047,16:45,1005,-10489
0047,16:50,1010,-8178
0047,16:55,1015,-8178
0047,17:00,1020,-8178
0047,17:05,1025,-9067
0047,17:10,1030,-9067
0047,17:15,1035,-9067
0047,17:20,1040,-9067
0047,17:25,1045,-9067
0047,17:30,1050,-2311
0047,17:35,1055,-2311
0047,17:40,1060,-2311
0047,17:45,1065,-2311
0047,17:50,1070,-3556
0047,17:55,1075,-3556
0047,18:00,1080,-3556
0047,18:05,1085,-3556
0047,18:10,1090,-4978
0047,18:15,1095,-4978
0047,18:20,1100,-4978
0047,18:25,1105,-6400
0047,18:30,1110,-6400
0047,18:35,1115,-6400
0047,18:40,1120,-6400
0047,18:45,1125,-6400
0047,18:50,1130,-6400
0047,18:55,1135,-6400
0047,19:00,1140,-6400
0047,19:05,1145,-6400
0047,19:10,1150,-6400
0047,19:15,1155,-6400
0047,19:20,1160,-6400
0047,19:25,1165,-5867
0047,19:30,1170,-5867
0047,19:35,1175,-5867
0047,19:40,1180,-5867
0047,19:45,1185,-6933
0047,19:50,1190,-6933
0047,19:55,1195,-6933
0047,20:00,1200,-6933
0047,20:05,1205,-6933
0047,20:10,1210,-7467
0047,20:15,1215,-7467
0047,20:20,1220,-7467
0047,20:25,1225,-7467
0047,20:30,1230,-7467
0047,20:35,1235,-7467
0047,20:40,1240,-7467
0047,20:45,1245,-7467
0047,20:50,1250,-7467
0047,20:55,1255,-7467
0047,21:00,1260,-7467
0047,21:05,1265,-7467
0047,21:10,1270,-7467
0047,21:15,1275,-7467
0047,21:20,1280,-7467
0047,21:25,1285,-7467
0047,21:30,1290,-7467
0047,21:35,1295,-7467
0047,21:40,1300,-7467
0047,21:45,1305,-7467
0047,21:50,1310,-7467
0047,21:55,1315,-7467
0047,22:00,1320,-7467
0047,22:05,1325,-7467
0047,22:10,1330,-7467
0047,22:15,1335,-7467
0047,22:20,1340,-7467
0047,22:25,1345,-7467
0047,22:30,1350,-7467
0047,22:35,1355,-7467
0047,22:40,1360,-7467
0047,22:45,1365,-7467
0047,22:50,1370,-7467
0047,22:55,1375,-7467
0047,23:00,1380,-7467
0047,23:05,1385,-7467
0047,23:10,1390,-7467
0047,23:15,1395,-7467
0047,23:16,1396,-7467
0047,23:20,1400,-7467
0048,09:00,540,0
0048,09:05,545,0
0048,09:10,550,0
0048,09:15,555,0
0048,09:20,560,0
0048,09:25,565,0
0048,09:30,570,0
0048,09:35,575,0
0048,09:40,580,0
0048,09:45,585,0
0048,09:50,590,0
0048,09:55,595,0
0048,10:00,600,0
0048,10:05,605,0
0048,10:10,610,0
0048,10:15,615,0
0048,10:20,620,0
0048,10:25,625,1207
0048,10:30,630,1207
0048,10:35,635,1207
0048,10:40,640,2069
0048,10:45,645,2069
0048,10:50,650,2069
0048,10:55,655,2069
0048,11:00,660,862
0048,11:05,665,862
0048,11:10,670,345
0048,11:15,675,345
0048,11:20,680,345
0048,11:25,685,345
0048,11:30,690,-1422
0048,11:35,695,-1422
0048,11:40,700,-1422
0048,11:45,705,-1244
0048,11:50,710,-1244
0048,11:55,715,-1244
0048,12:00,720,-1244
0048,12:05,725,-2311
0048,12:10,730,-2311
0048,12:15,735,-2311
0048,12:20,740,-2311
0048,12:25,745,-2311
0048,12:30,750,-4089
0048,12:35,755,-4089
0048,12:40,760,-4089
0048,12:45,765,-4089
0048,12:50,770,862
0048,12:55,775,862
0048,13:00,780,862
0048,13:05,785,345
0048,13:10,790,345
0048,13:15,795,345
0048,13:20,800,345
0048,13:25,805,172
0048,13:30,810,172
0048,13:35,815,172
0048,13:40,820,172
0048,13:45,825,172
0048,13:50,830,1034
0048,13:55,835,1034
0048,14:00,840,1034
0048,14:05,845,1034
0048,14:10,850,-178
0048,14:15,855,-178
0048,14:20,860,-178
0048,14:25,865,-178
0048,14:30,870,-1956
0048,14:35,875,-1956
0048,14:40,880,-1956
0048,14:45,885,-3378
0048,14:50,890,-3378
0048,14:55,895,-3378
0048,15:00,900,-3378
0048,15:05,905,-3378
0048,15:10,910,-3556
0048,15:15,915,-3556
0048,15:20,920,-3556
0048,15:25,925,-3556
0048,15:30,930,-3911
0048,15:35,935,-3911
0048,15:40,940,-3911
0048,15:45,945,-4978
0048,15:50,950,-4978
0048,15:55,955,-4978
0048,16:00,960,-4978
0048,16:05,965,-4978
0048,16:10,970,-6044
0048,16:15,975,-6044
0048,16:20,980,-6044
0048,16:25,985,-6044
0048,16:30,990,-7467
0048,16:35,995,-7467
0048,16:40,1000,-7467
0048,16:45,1005,-7467
0048,16:50,1010,-7644
0048,16:55,1015,-7644
0048,17:00,1020,-7644
0048,17:05,1025,-7822
0048,17:10,1030,-7822
0048,17:15,1035,-7822
0048,17:20,1040,-7822
0048,17:25,1045,-7822
0048,17:30,1050,-7467
0048,17:35,1055,-7467
0048,17:40,1060,-7467
0048,17:45,1065,-7467
0048,17:50,1070,-8889
0048,17:55,1075,-8889
0048,18:00,1080,-8889
0048,18:05,1085,-8889
0048,18:10,1090,-8889
0048,18:15,1095,-8889
0048,18:20,1100,-8889
0048,18:25,1105,-9778
0048,18:30,1110,-9778
0048,18:35,1115,-9778
0048,18:40,1120,-9778
0048,18:45,1125,-9778
0048,18:50,1130,-10133
0048,18:55,1135,-10133
0048,19:00,1140,-10133
0048,19:05,1145,-10133
0048,19:10,1150,-10133
0048,19:15,1155,-10133
0048,19:20,1160,-10133
0048,19:25,1165,-10133
0048,19:30,1170,-10133
0048,19:35,1175,-10133
0048,19:40,1180,-10133
0048,19:45,1185,-10311
0048,19:50,1190,-10311
0048,19:55,1195,-10311
0048,20:00,1200,-10311
0048,20:05,1205,-10311
0048,20:10,1210,-11556
0048,20:15,1215,-11556
0048,20:20,1220,-11556
0048,20:25,1225,-11556
0048,20:30,1230,-12800
0048,20:35,1235,-12800
0048,20:40,1240,-12800
0048,20:45,1245,-13511
0048,20:50,1250,-13511
0048,20:55,1255,-13511
0048,21:00,1260,-13511
0048,21:05,1265,-13511
0048,21:10,1270,-13511
0048,21:15,1275,-13511
0048,21:20,1280,-13511
0048,21:25,1285,-13511
0048,21:30,1290,-13867
0048,21:35,1295,-13867
0048,21:40,1300,-13867
0048,21:45,1305,-13867
0048,21:50,1310,-13867
0048,21:55,1315,-13867
0048,22:00,1320,-13867
0048,22:05,1325,-13867
0048,22:10,1330,-13867
0048,22:15,1335,-13867
0048,22:20,1340,-13867
0048,22:25,1345,-13867
0048,22:30,1350,-13867
0048,22:35,1355,-13867
0048,22:40,1360,-13867
0048,22:45,1365,-13867
0048,22:50,1370,-13867
0048,22:55,1375,-13867
0048,23:00,1380,-13867
0048,23:05,1385,-13867
0048,23:10,1390,-13867
0048,23:15,1395,-13867
0048,23:16,1396,-13867
0048,23:20,1400,-13867
0049,09:00,540,0
0049,09:05,545,0
0049,09:10,550,0
0049,09:15,555,0
0049,09:20,560,0
0049,09:25,565,0
0049,09:30,570,0
0049,09:35,575,0
0049,09:40,580,0
0049,09:45,585,0
0049,09:50,590,0
0049,09:55,595,0
0049,10:00,600,0
0049,10:05,605,0
0049,10:10,610,0
0049,10:15,615,0
0049,10:20,620,0
0049,10:25,625,0
0049,10:30,630,0
0049,10:35,635,0
0049,10:40,640,0
0049,10:45,645,0
0049,10:50,650,0
0049,10:55,655,0
0049,11:00,660,0
0049,11:05,665,0
0049,11:10,670,0
0049,11:15,675,0
0049,11:20,680,0
0049,11:25,685,0
0049,11:30,690,0
0049,11:35,695,0
0049,11:40,700,0
0049,11:45,705,0
0049,11:50,710,0
0049,11:55,715,0
0049,12:00,720,0
0049,12:05,725,0
0049,12:10,730,0
0049,12:15,735,0
0049,12:20,740,0
0049,12:25,745,0
0049,12:30,750,-622
0049,12:35,755,-622
0049,12:40,760,-622
0049,12:45,765,-622
0049,12:50,770,-622
0049,12:55,775,-622
0049,13:00,780,-622
0049,13:05,785,-622
0049,13:10,790,-622
0049,13:15,795,-622
0049,13:20,800,-622
0049,13:25,805,-622
0049,13:30,810,-622
0049,13:35,815,-622
0049,13:40,820,-622
0049,13:45,825,-622
0049,13:50,830,-622
0049,13:55,835,-622
0049,14:00,840,-622
0049,14:05,845,-622
0049,14:10,850,-800
0049,14:15,855,-800
0049,14:20,860,-800
0049,14:25,865,-800
0049,14:30,870,-800
0049,14:35,875,-800
0049,14:40,880,-800
0049,14:45,885,-978
0049,14:50,890,-978
0049,14:55,895,-978
0049,15:00,900,-978
0049,15:05,905,-978
0049,15:10,910,-978
0049,15:15,915,-978
0049,15:20,920,-978
0049,15:25,925,-978
0049,15:30,930,-978
0049,15:35,935,-978
0049,15:40,940,-978
0049,15:45,945,-1511
0049,15:50,950,-1511
0049,15:55,955,-1511
0049,16:00,960,-1511
0049,16:05,965,-1511
0049,16:10,970,-2667
0049,16:15,975,-2667
0049,16:20,980,-2667
0049,16:25,985,-2667
0049,16:30,990,-2667
0049,16:35,995,-2667
0049,16:40,1000,-2667
0049,16:45,1005,-2667
0049,16:50,1010,-2667
0049,16:55,1015,-2667
0049,17:00,1020,-2667
0049,17:05,1025,-2667
0049,17:10,1030,-2667
0049,17:15,1035,-2667
0049,17:20,1040,-2667
0049,17:25,1045,-2667
0049,17:30,1050,-2667
0049,17:35,1055,-2667
0049,17:40,1060,-2667
0049,17:45,1065,-2667
0049,17:50,1070,-2667
0049,17:55,1075,-2667
0049,18:00,1080,-2667
0049,18:05,1085,-2667
0049,18:10,1090,-2667
0049,18:15,1095,-2667
0049,18:20,1100,-2667
0049,18:25,1105,-2667
0049,18:30,1110,-2667
0049,18:35,1115,-2667
0049,18:40,1120,-2667
0049,18:45,1125,-2667
0049,18:50,1130,-2667
0049,18:55,1135,-2667
0049,19:00,1140,-2667
0049,19:05,1145,-2667
0049,19:10,1150,-2667
0049,19:15,1155,-2667
0049,19:20,1160,-2667
0049,19:25,1165,-2667
0049,19:30,1170,-2667
0049,19:35,1175,-2667
0049,19:40,1180,-2667
0049,19:45,1185,-2667
0049,19:50,1190,-2667
0049,19:55,1195,-2667
0049,20:00,1200,-2667
0049,20:05,1205,-2667
0049,20:10,1210,-2756
0049,20:15,1215,-2756
0049,20:20,1220,-2756
0049,20:25,1225,-2756
0049,20:30,1230,-2756
0049,20:35,1235,-2756
0049,20:40,1240,-2756
0049,20:45,1245,-2756
0049,20:50,1250,-2756
0049,20:55,1255,-2756
0049,21:00,1260,-2756
0049,21:05,1265,-2756
0049,21:10,1270,-2756
0049,21:15,1275,-2756
0049,21:20,1280,-2756
0049,21:25,1285,-2756
0049,21:30,1290,-2756
0049,21:35,1295,-2756
0049,21:40,1300,-2756
0049,21:45,1305,-2756
0049,21:50,1310,-2756
0049,21:55,1315,-2756
0049,22:00,1320,-2756
0049,22:05,1325,-2756
0049,22:10,1330,-2756
0049,22:15,1335,-2756
0049,22:20,1340,-2756
0049,22:25,1345,-2756
0049,22:30,1350,-2756
0049,22:35,1355,-2756
0049,22:40,1360,-2756
0049,22:45,1365,-2756
0049,22:50,1370,-2756
0049,22:55,1375,-2756
0049,23:00,1380,-2756
0049,23:05,1385,-2756
0049,23:10,1390,-2756
0049,23:15,1395,-2756
0049,23:16,1396,-2756
0049,23:20,1400,-2756
0050,09:00,540,0
0050,09:05,545,0
0050,09:10,550,0
0050,09:15,555,0
0050,09:20,560,0
0050,09:25,565,0
0050,09:30,570,0
0050,09:35,575,0
0050,09:40,580,0
0050,09:45,585,0
0050,09:50,590,0
0050,09:55,595,0
0050,10:00,600,0
0050,10:05,605,0
0050,10:10,610,0
0050,10:15,615,0
0050,10:20,620,0
0050,10:25,625,0
0050,10:30,630,0
0050,10:35,635,0
0050,10:40,640,2069
0050,10:45,645,2069
0050,10:50,650,2069
0050,10:55,655,2069
0050,11:00,660,4828
0050,11:05,665,4828
0050,11:10,670,4655
0050,11:15,675,4655
0050,11:20,680,4655
0050,11:25,685,4655
0050,11:30,690,3448
0050,11:35,695,3448
0050,11:40,700,3448
0050,11:45,705,2414
0050,11:50,710,2414
0050,11:55,715,2414
0050,12:00,720,2414
0050,12:05,725,1034
0050,12:10,730,1034
0050,12:15,735,1034
0050,12:20,740,1034
0050,12:25,745,1034
0050,12:30,750,0
0050,12:35,755,0
0050,12:40,760,0
0050,12:45,765,0
0050,12:50,770,0
0050,12:55,775,0
0050,13:00,780,0
0050,13:05,785,-533
0050,13:10,790,-533
0050,13:15,795,-533
0050,13:20,800,-533
0050,13:25,805,-2311
0050,13:30,810,-2311
0050,13:35,815,-2311
0050,13:40,820,-2311
0050,13:45,825,-2311
0050,13:50,830,-2844
0050,13:55,835,-2844
0050,14:00,840,-2844
0050,14:05,845,-2844
0050,14:10,850,-3733
0050,14:15,855,-3733
0050,14:20,860,-3733
0050,14:25,865,-3733
0050,14:30,870,-4622
0050,14:35,875,-4622
0050,14:40,880,-4622
0050,14:45,885,-5333
0050,14:50,890,-5333
0050,14:55,895,-5333
0050,15:00,900,-5333
0050,15:05,905,-5333
0050,15:10,910,-6578
0050,15:15,915,-6578
0050,15:20,920,-6578
0050,15:25,925,-6578
0050,15:30,930,-8356
0050,15:35,935,-8356
0050,15:40,940,-8356
0050,15:45,945,-9778
0050,15:50,950,-9778
0050,15:55,955,-9778
0050,16:00,960,-9778
0050,16:05,965,-9778
0050,16:10,970,-11200
0050,16:15,975,-11200
0050,16:20,980,-11200
0050,16:25,985,-11200
0050,16:30,990,-10667
0050,16:35,995,-10667
0050,16:40,1000,-10667
0050,16:45,1005,-10667
0050,16:50,1010,-12089
0050,16:55,1015,-12089
0050,17:00,1020,-12089
0050,17:05,1025,-13333
0050,17:10,1030,-13333
0050,17:15,1035,-13333
0050,17:20,1040,-13333
0050,17:25,1045,-13333
0050,17:30,1050,-14933
0050,17:35,1055,-14933
0050,17:40,1060,-14933
0050,17:45,1065,-14933
0050,17:50,1070,-16356
0050,17:55,1075,-16356
0050,18:00,1080,-16356
0050,18:05,1085,-16356
0050,18:10,1090,-16000
0050,18:15,1095,-16000
0050,18:20,1100,-16000
0050,18:25,1105,-12089
0050,18:30,1110,-12089
0050,18:35,1115,-12089
0050,18:40,1120,-12089
0050,18:45,1125,-12089
0050,18:50,1130,-11733
0050,18:55,1135,-11733
0050,19:00,1140,-11733
0050,19:05,1145,-11733
0050,19:10,1150,-11378
0050,19:15,1155,-11378
0050,19:20,1160,-11378
0050,19:25,1165,-9778
0050,19:30,1170,-9778
0050,19:35,1175,-9778
0050,19:40,1180,-9778
0050,19:45,1185,-11200
0050,19:50,1190,-11200
0050,19:55,1195,-11200
0050,20:00,1200,-11200
0050,20:05,1205,-11200
0050,20:10,1210,-10667
0050,20:15,1215,-10667
0050,20:20,1220,-10667
0050,20:25,1225,-10667
0050,20:30,1230,-10844
0050,20:35,1235,-10844
0050,20:40,1240,-10844
0050,20:45,1245,-6578
0050,20:50,1250,-6578
0050,20:55,1255,-6578
0050,21:00,1260,-6578
0050,21:05,1265,-6578
0050,21:10,1270,-2311
0050,21:15,1275,-2311
0050,21:20,1280,-2311
0050,21:25,1285,-2311
0050,21:30,1290,-3378
0050,21:35,1295,-3378
0050,21:40,1300,-3378
0050,21:45,1305,-3556
0050,21:50,1310,-3556
0050,21:55,1315,-3556
0050,22:00,1320,-3556
0050,22:05,1325,-3556
0050,22:10,1330,-3556
0050,22:15,1335,-3556
0050,22:20,1340,-3556
0050,22:25,1345,-3556
0050,22:30,1350,-3556
0050,22:35,1355,-3556
0050,22:40,1360,-3556
0050,22:45,1365,-3556
0050,22:50,1370,-3556
0050,22:55,1375,-3556
0050,23:00,1380,-3556
0050,23:05,1385,-3556
0050,23:10,1390,-3556
0050,23:15,1395,-3556
0050,23:16,1396,-3556
0050,23:20,1400,-3556
0051,09:00,540,0
0051,09:05,545,0
0051,09:10,550,0
0051,09:15,555,0
0051,09:20,560,0
0051,09:25,565,0
0051,09:30,570,0
0051,09:35,575,0
0051,09:40,580,0
0051,09:45,585,0
0051,09:50,590,0
0051,09:55,595,0
0051,10:00,600,0
0051,10:05,605,0
0051,10:10,610,0
0051,10:15,615,0
0051,10:20,620,0
0051,10:25,625,-889
0051,10:30,630,-889
0051,10:35,635,-889
0051,10:40,640,-2133
0051,10:45,645,-2133
0051,10:50,650,-2133
0051,10:55,655,-2133
0051,11:00,660,-3200
0051,11:05,665,-3200
0051,11:10,670,-3911
0051,11:15,675,-3911
0051,11:20,680,-3911
0051,11:25,685,-3911
0051,11:30,690,-4978
0051,11:35,695,-4978
0051,11:40,700,-4978
0051,11:45,705,-4978
0051,11:50,710,-4978
0051,11:55,715,-4978
0051,12:00,720,-4978
0051,12:05,725,-5689
0051,12:10,730,-5689
0051,12:15,735,-5689
0051,12:20,740,-5689
0051,12:25,745,-5689
0051,12:30,750,-6044
0051,12:35,755,-6044
0051,12:40,760,-6044
0051,12:45,765,-6044
0051,12:50,770,-6044
0051,12:55,775,-6044
0051,13:00,780,-6044
0051,13:05,785,-6222
0051,13:10,790,-6222
0051,13:15,795,-6222
0051,13:20,800,-6222
0051,13:25,805,-7289
0051,13:30,810,-7289
0051,13:35,815,-7289
0051,13:40,820,-7289
0051,13:45,825,-7289
0051,13:50,830,-8000
0051,13:55,835,-8000
0051,14:00,840,-8000
0051,14:05,845,-8000
0051,14:10,850,-8000
0051,14:15,855,-8000
0051,14:20,860,-8000
0051,14:25,865,-8000
0051,14:30,870,-9067
0051,14:35,875,-9067
0051,14:40,880,-9067
0051,14:45,885,-10133
0051,14:50,890,-10133
0051,14:55,895,-10133
0051,15:00,900,-10133
0051,15:05,905,-10133
0051,15:10,910,-8711
0051,15:15,915,-8711
0051,15:20,920,-8711
0051,15:25,925,-8711
0051,15:30,930,-10311
0051,15:35,935,-10311
0051,15:40,940,-10311
0051,15:45,945,-11022
0051,15:50,950,-11022
0051,15:55,955,-11022
0051,16:00,960,-11022
0051,16:05,965,-11022
0051,16:10,970,-11022
0051,16:15,975,-11022
0051,16:20,980,-11022
0051,16:25,985,-11022
0051,16:30,990,-11556
0051,16:35,995,-11556
0051,16:40,1000,-11556
0051,16:45,1005,-11556
0051,16:50,1010,-11556
0051,16:55,1015,-11556
0051,17:00,1020,-11556
0051,17:05,1025,-11911
0051,17:10,1030,-11911
0051,17:15,1035,-11911
0051,17:20,1040,-11911
0051,17:25,1045,-11911
0051,17:30,1050,-11911
0051,17:35,1055,-11911
0051,17:40,1060,-11911
0051,17:45,1065,-11911
0051,17:50,1070,-11911
0051,17:55,1075,-11911
0051,18:00,1080,-11911
0051,18:05,1085,-11911
0051,18:10,1090,-11911
0051,18:15,1095,-11911
0051,18:20,1100,-11911
0051,18:25,1105,-12267
0051,18:30,1110,-12267
0051,18:35,1115,-12267
0051,18:40,1120,-12267
0051,18:45,1125,-12267
0051,18:50,1130,-12444
0051,18:55,1135,-12444
0051,19:00,1140,-12444
0051,19:05,1145,-12444
0051,19:10,1150,-12444
0051,19:15,1155,-12444
0051,19:20,1160,-12444
0051,19:25,1165,-12444
0051,19:30,1170,-12444
0051,19:35,1175,-12444
0051,19:40,1180,-12444
0051,19:45,1185,-13156
0051,19:50,1190,-13156
0051,19:55,1195,-13156
0051,20:00,1200,-13156
0051,20:05,1205,-13156
0051,20:10,1210,-13156
0051,20:15,1215,-13156
0051,20:20,1220,-13156
0051,20:25,1225,-13156
0051,20:30,1230,-13156
0051,20:35,1235,-13156
0051,20:40,1240,-13156
0051,20:45,1245,-13867
0051,20:50,1250,-13867
0051,20:55,1255,-13867
0051,21:00,1260,-13867
0051,21:05,1265,-13867
0051,21:10,1270,-13867
0051,21:15,1275,-13867
0051,21:20,1280,-13867
0051,21:25,1285,-13867
0051,21:30,1290,-13867
0051,21:35,1295,-13867
0051,21:40,1300,-13867
0051,21:45,1305,-13867
0051,21:50,1310,-13867
0051,21:55,1315,-13867
0051,22:00,1320,-13867
0051,22:05,1325,-13867
0051,22:10,1330,-13867
0051,22:15,1335,-13867
0051,22:20,1340,-13867
0051,22:25,1345,-13867
0051,22:30,1350,-13867
0051,22:35,1355,-13867
0051,22:40,1360,-13867
0051,22:45,1365,-13867
0051,22:50,1370,-13867
0051,22:55,1375,-13867
0051,23:00,1380,-13867
0051,23:05,1385,-13867
0051,23:10,1390,-13867
0051,23:15,1395,-13867
0051,23:16,1396,-13867
0051,23:20,1400,-13867
0052,09:00,540,0
0052,09:05,545,0
0052,09:10,550,0
0052,09:15,555,0
0052,09:20,560,0
0052,09:25,565,0
0052,09:30,570,0
0052,09:35,575,0
0052,09:40,580,0
0052,09:45,585,0
0052,09:50,590,0
0052,09:55,595,0
0052,10:00,600,0
0052,10:05,605,0
0052,10:10,610,0
0052,10:15,615,0
0052,10:20,620,0
0052,10:25,625,0
0052,10:30,630,0
0052,10:35,635,0
0052,10:40,640,0
0052,10:45,645,0
0052,10:50,650,0
0052,10:55,655,0
0052,11:00,660,0
0052,11:05,665,0
0052,11:10,670,0
0052,11:15,675,0
0052,11:20,680,0
0052,11:25,685,0
0052,11:30,690,-533
0052,11:35,695,-533
0052,11:40,700,-533
0052,11:45,705,-1244
0052,11:50,710,-1244
0052,11:55,715,-1244
0052,12:00,720,-1244
0052,12:05,725,-1244
0052,12:10,730,-1244
0052,12:15,735,-1244
0052,12:20,740,-1244
0052,12:25,745,-1244
0052,12:30,750,-1333
0052,12:35,755,-1333
0052,12:40,760,-1333
0052,12:45,765,-1333
0052,12:50,770,-1333
0052,12:55,775,-1333
0052,13:00,780,-1333
0052,13:05,785,-1333
0052,13:10,790,-1333
0052,13:15,795,-1333
0052,13:20,800,-1333
0052,13:25,805,-1333
0052,13:30,810,-1333
0052,13:35,815,-1333
0052,13:40,820,-1333
0052,13:45,825,-1333
0052,13:50,830,-1333
0052,13:55,835,-1333
0052,14:00,840,-1333
0052,14:05,845,-1333
0052,14:10,850,-1333
0052,14:15,855,-1333
0052,14:20,860,-1333
0052,14:25,865,-1333
0052,14:30,870,-1333
0052,14:35,875,-1333
0052,14:40,880,-1333
0052,14:45,885,-1333
0052,14:50,890,-1333
0052,14:55,895,-1333
0052,15:00,900,-1333
0052,15:05,905,-1333
0052,15:10,910,-1333
0052,15:15,915,-1333
0052,15:20,920,-1333
0052,15:25,925,-1333
0052,15:30,930,-1333
0052,15:35,935,-1333
0052,15:40,940,-1333
0052,15:45,945,-1333
0052,15:50,950,-1333
0052,15:55,955,-1333
0052,16:00,960,-1333
0052,16:05,965,-1333
0052,16:10,970,-1333
0052,16:15,975,-1333
0052,16:20,980,-1333
0052,16:25,985,-1333
0052,16:30,990,-1333
0052,16:35,995,-1333
0052,16:40,1000,-1333
0052,16:45,1005,-1333
0052,16:50,1010,-1333
0052,16:55,1015,-1333
0052,17:00,1020,-1333
0052,17:05,1025,-1422
0052,17:10,1030,-1422
0052,17:15,1035,-1422
0052,17:20,1040,-1422
0052,17:25,1045,-1422
0052,17:30,1050,-1511
0052,17:35,1055,-1511
0052,17:40,1060,-1511
0052,17:45,1065,-1511
0052,17:50,1070,-1867
0052,17:55,1075,-1867
0052,18:00,1080,-1867
0052,18:05,1085,-1867
0052,18:10,1090,-3111
0052,18:15,1095,-3111
0052,18:20,1100,-3111
0052,18:25,1105,-4533
0052,18:30,1110,-4533
0052,18:35,1115,-4533
0052,18:40,1120,-4533
0052,18:45,1125,-4533
0052,18:50,1130,-4533
0052,18:55,1135,-4533
0052,19:00,1140,-4533
0052,19:05,1145,-4533
0052,19:10,1150,-4533
0052,19:15,1155,-4533
0052,19:20,1160,-4533
0052,19:25,1165,-4978
0052,19:30,1170,-4978
0052,19:35,1175,-4978
0052,19:40,1180,-4978
0052,19:45,1185,-5333
0052,19:50,1190,-5333
0052,19:55,1195,-5333
0052,20:00,1200,-5333
0052,20:05,1205,-5333
0052,20:10,1210,-5778
0052,20:15,1215,-5778
0052,20:20,1220,-5778
0052,20:25,1225,-5778
0052,20:30,1230,-5956
0052,20:35,1235,-5956
0052,20:40,1240,-5956
0052,20:45,1245,-5956
0052,20:50,1250,-5956
0052,20:55,1255,-5956
0052,21:00,1260,-5956
0052,21:05,1265,-5956
0052,21:10,1270,-5956
0052,21:15,1275,-5956
0052,21:20,1280,-5956
0052,21:25,1285,-5956
0052,21:30,1290,-5956
0052,21:35,1295,-5956
0052,21:40,1300,-5956
0052,21:45,1305,-5956
0052,21:50,1310,-5956
0052,21:55,1315,-5956
0052,22:00,1320,-5956
0052,22:05,1325,-5956
0052,22:10,1330,-5956
0052,22:15,1335,-5956
0052,22:20,1340,-5956
0052,22:25,1345,-5956
0052,22:30,1350,-5956
0052,22:35,1355,-5956
0052,22:40,1360,-5956
0052,22:45,1365,-5956
0052,22:50,1370,-5956
0052,22:55,1375,-5956
0052,23:00,1380,-5956
0052,23:05,1385,-5956
0052,23:10,1390,-5956
0052,23:15,1395,-5956
0052,23:16,1396,-5956
0052,23:20,1400,-5956
0053,09:00,540,0
0053,09:05,545,0
0053,09:10,550,0
0053,09:15,555,0
0053,09:20,560,0
0053,09:25,565,0
0053,09:30,570,0
0053,09:35,575,0
0053,09:40,580,0
0053,09:45,585,0
0053,09:50,590,0
0053,09:55,595,0
0053,10:00,600,0
0053,10:05,605,0
0053,10:10,610,0
0053,10:15,615,0
0053,10:20,620,0
0053,10:25,625,0
0053,10:30,630,0
0053,10:35,635,0
0053,10:40,640,0
0053,10:45,645,0
0053,10:50,650,0
0053,10:55,655,0
0053,11:00,660,-178
0053,11:05,665,-178
0053,11:10,670,-356
0053,11:15,675,-356
0053,11:20,680,-356
0053,11:25,685,-356
0053,11:30,690,-356
0053,11:35,695,-356
0053,11:40,700,-356
0053,11:45,705,-356
0053,11:50,710,-356
0053,11:55,715,-356
0053,12:00,720,-356
0053,12:05,725,-356
0053,12:10,730,-356
0053,12:15,735,-356
0053,12:20,740,-356
0053,12:25,745,-356
0053,12:30,750,-622
0053,12:35,755,-622
0053,12:40,760,-622
0053,12:45,765,-622
0053,12:50,770,-622
0053,12:55,775,-622
0053,13:00,780,-622
0053,13:05,785,-622
0053,13:10,790,-622
0053,13:15,795,-622
0053,13:20,800,-622
0053,13:25,805,-622
0053,13:30,810,-622
0053,13:35,815,-622
0053,13:40,820,-622
0053,13:45,825,-622
0053,13:50,830,-1244
0053,13:55,835,-1244
0053,14:00,840,-1244
0053,14:05,845,-1244
0053,14:10,850,-2667
0053,14:15,855,-2667
0053,14:20,860,-2667
0053,14:25,865,-2667
0053,14:30,870,-4444
0053,14:35,875,-4444
0053,14:40,880,-4444
0053,14:45,885,-4000
0053,14:50,890,-4000
0053,14:55,895,-4000
0053,15:00,900,-4000
0053,15:05,905,-4000
0053,15:10,910,-5333
0053,15:15,915,-5333
0053,15:20,920,-5333
0053,15:25,925,-5333
0053,15:30,930,-7200
0053,15:35,935,-7200
0053,15:40,940,-7200
0053,15:45,945,-8711
0053,15:50,950,-8711
0053,15:55,955,-8711
0053,16:00,960,-8711
0053,16:05,965,-8711
0053,16:10,970,-10044
0053,16:15,975,-10044
0053,16:20,980,-10044
0053,16:25,985,-10044
0053,16:30,990,-1156
0053,16:35,995,-1156
0053,16:40,1000,-1156
0053,16:45,1005,-1156
0053,16:50,1010,4914
0053,16:55,1015,4914
0053,17:00,1020,4914
0053,17:05,1025,4914
0053,17:10,1030,4914
0053,17:15,1035,4914
0053,17:20,1040,4914
0053,17:25,1045,4914
0053,17:30,1050,4914
0053,17:35,1055,4914
0053,17:40,1060,4914
0053,17:45,1065,4914
0053,17:50,1070,3707
0053,17:55,1075,3707
0053,18:00,1080,3707
0053,18:05,1085,3707
0053,18:10,1090,3707
0053,18:15,1095,3707
0053,18:20,1100,3707
0053,18:25,1105,3707
0053,18:30,1110,3707
0053,18:35,1115,3707
0053,18:40,1120,3707
0053,18:45,1125,3707
0053,18:50,1130,4397
0053,18:55,1135,4397
0053,19:00,1140,4397
0053,19:05,1145,4397
0053,19:10,1150,3103
0053,19:15,1155,3103
0053,19:20,1160,3103
0053,19:25,1165,2672
0053,19:30,1170,2672
0053,19:35,1175,2672
0053,19:40,1180,2672
0053,19:45,1185,2672
0053,19:50,1190,2672
0053,19:55,1195,2672
0053,20:00,1200,2672
0053,20:05,1205,2672
0053,20:10,1210,2672
0053,20:15,1215,2672
0053,20:20,1220,2672
0053,20:25,1225,2672
0053,20:30,1230,2672
0053,20:35,1235,2672
0053,20:40,1240,2672
0053,20:45,1245,2672
0053,20:50,1250,2672
0053,20:55,1255,2672
0053,21:00,1260,2672
0053,21:05,1265,2672
0053,21:10,1270,2672
0053,21:15,1275,2672
0053,21:20,1280,2672
0053,21:25,1285,2672
0053,21:30,1290,2500
0053,21:35,1295,2500
0053,21:40,1300,2500
0053,21:45,1305,2414
0053,21:50,1310,2414
0053,21:55,1315,2414
0053,22:00,1320,2414
0053,22:05,1325,2414
0053,22:10,1330,2414
0053,22:15,1335,2414
0053,22:20,1340,2414
0053,22:25,1345,2414
0053,22:30,1350,2414
0053,22:35,1355,2414
0053,22:40,1360,2414
0053,22:45,1365,2414
0053,22:50,1370,2414
0053,22:55,1375,2414
0053,23:00,1380,2414
0053,23:05,1385,2414
0053,23:10,1390,2414
0053,23:15,1395,2414
0053,23:16,1396,2414
0053,23:20,1400,2414
0054,09:00,540,0
0054,09:05,545,0
0054,09:10,550,0
0054,09:15,555,0
0054,09:20,560,0
0054,09:25,565,0
0054,09:30,570,0
0054,09:35,575,0
0054,09:40,580,0
0054,09:45,585,0
0054,09:50,590,0
0054,09:55,595,0
0054,10:00,600,0
0054,10:05,605,0
0054,10:10,610,0
0054,10:15,615,0
0054,10:20,620,0
0054,10:25,625,0
0054,10:30,630,0
0054,10:35,635,0
0054,10:40,640,0
0054,10:45,645,0
0054,10:50,650,0
0054,10:55,655,0
0054,11:00,660,0
0054,11:05,665,0
0054,11:10,670,0
0054,11:15,675,0
0054,11:20,680,0
0054,11:25,685,0
0054,11:30,690,-1067
0054,11:35,695,-1067
0054,11:40,700,-1067
0054,11:45,705,-1244
0054,11:50,710,-1244
0054,11:55,715,-1244
0054,12:00,720,-1244
0054,12:05,725,-1244
0054,12:10,730,-1244
0054,12:15,735,-1244
0054,12:20,740,-1244
0054,12:25,745,-1244
0054,12:30,750,-1244
0054,12:35,755,-1244
0054,12:40,760,-1244
0054,12:45,765,-1244
0054,12:50,770,-1244
0054,12:55,775,-1244
0054,13:00,780,-1244
0054,13:05,785,-1600
0054,13:10,790,-1600
0054,13:15,795,-1600
0054,13:20,800,-1600
0054,13:25,805,-2311
0054,13:30,810,-2311
0054,13:35,815,-2311
0054,13:40,820,-2311
0054,13:45,825,-2311
0054,13:50,830,-3378
0054,13:55,835,-3378
0054,14:00,840,-3378
0054,14:05,845,-3378
0054,14:10,850,-3378
0054,14:15,855,-3378
0054,14:20,860,-3378
0054,14:25,865,-3378
0054,14:30,870,-4978
0054,14:35,875,-4978
0054,14:40,880,-4978
0054,14:45,885,-6222
0054,14:50,890,-6222
0054,14:55,895,-6222
0054,15:00,900,-6222
0054,15:05,905,-6222
0054,15:10,910,-6756
0054,15:15,915,-6756
0054,15:20,920,-6756
0054,15:25,925,-6756
0054,15:30,930,-8000
0054,15:35,935,-8000
0054,15:40,940,-8000
0054,15:45,945,-9422
0054,15:50,950,-9422
0054,15:55,955,-9422
0054,16:00,960,-9422
0054,16:05,965,-9422
0054,16:10,970,-9956
0054,16:15,975,-9956
0054,16:20,980,-9956
0054,16:25,985,-9956
0054,16:30,990,-10844
0054,16:35,995,-10844
0054,16:40,1000,-10844
0054,16:45,1005,-10844
0054,16:50,1010,-8178
0054,16:55,1015,-8178
0054,17:00,1020,-8178
0054,17:05,1025,-711
0054,17:10,1030,-711
0054,17:15,1035,-711
0054,17:20,1040,-711
0054,17:25,1045,-711
0054,17:30,1050,2759
0054,17:35,1055,2759
0054,17:40,1060,2759
0054,17:45,1065,2759
0054,17:50,1070,1897
0054,17:55,1075,1897
0054,18:00,1080,1897
0054,18:05,1085,1897
0054,18:10,1090,1897
0054,18:15,1095,1897
0054,18:20,1100,1897
0054,18:25,1105,1552
0054,18:30,1110,1552
0054,18:35,1115,1552
0054,18:40,1120,1552
0054,18:45,1125,1552
0054,18:50,1130,1379
0054,18:55,1135,1379
0054,19:00,1140,1379
0054,19:05,1145,1379
0054,19:10,1150,1379
0054,19:15,1155,1379
0054,19:20,1160,1379
0054,19:25,1165,2069
0054,19:30,1170,2069
0054,19:35,1175,2069
0054,19:40,1180,2069
0054,19:45,1185,5862
0054,19:50,1190,5862
0054,19:55,1195,5862
0054,20:00,1200,5862
0054,20:05,1205,5862
0054,20:10,1210,5000
0054,20:15,1215,5000
0054,20:20,1220,5000
0054,20:25,1225,5000
0054,20:30,1230,5000
0054,20:35,1235,5000
0054,20:40,1240,5000
0054,20:45,1245,5000
0054,20:50,1250,5000
0054,20:55,1255,5000
0054,21:00,1260,5000
0054,21:05,1265,5000
0054,21:10,1270,5000
0054,21:15,1275,5000
0054,21:20,1280,5000
0054,21:25,1285,5000
0054,21:30,1290,5000
0054,21:35,1295,5000
0054,21:40,1300,5000
0054,21:45,1305,5000
0054,21:50,1310,5000
0054,21:55,1315,5000
0054,22:00,1320,5000
0054,22:05,1325,5000
0054,22:10,1330,5000
0054,22:15,1335,5000
0054,22:20,1340,5000
0054,22:25,1345,5000
0054,22:30,1350,5000
0054,22:35,1355,5000
0054,22:40,1360,5000
0054,22:45,1365,5000
0054,22:50,1370,5000
0054,22:55,1375,5000
0054,23:00,1380,5000
0054,23:05,1385,5000
0054,23:10,1390,5000
0054,23:15,1395,5000
0054,23:16,1396,5000
0054,23:20,1400,5000
0055,09:00,540,0
0055,09:05,545,0
0055,09:10,550,0
0055,09:15,555,0
0055,09:20,560,0
0055,09:25,565,0
0055,09:30,570,0
0055,09:35,575,0
0055,09:40,580,0
0055,09:45,585,0
0055,09:50,590,0
0055,09:55,595,0
0055,10:00,600,0
0055,10:05,605,0
0055,10:10,610,0
0055,10:15,615,0
0055,10:20,620,0
0055,10:25,625,0
0055,10:30,630,0
0055,10:35,635,0
0055,10:40,640,-511
0055,10:45,645,-511
0055,10:50,650,-511
0055,10:55,655,-511
0055,11:00,660,-1021
0055,11:05,665,-1021
0055,11:10,670,-1021
0055,11:15,675,-1021
0055,11:20,680,-1021
0055,11:25,685,-1021
0055,11:30,690,-1277
0055,11:35,695,-1277
0055,11:40,700,-1277
0055,11:45,705,-2043
0055,11:50,710,-2043
0055,11:55,715,-2043
0055,12:00,720,-2043
0055,12:05,725,-3319
0055,12:10,730,-3319
0055,12:15,735,-3319
0055,12:20,740,-3319
0055,12:25,745,-3319
0055,12:30,750,-5106
0055,12:35,755,-5106
0055,12:40,760,-5106
0055,12:45,765,-5106
0055,12:50,770,-5106
0055,12:55,775,-5106
0055,13:00,780,-5106
0055,13:05,785,-5872
0055,13:10,790,-5872
0055,13:15,795,-5872
0055,13:20,800,-5872
0055,13:25,805,-7660
0055,13:30,810,-7660
0055,13:35,815,-7660
0055,13:40,820,-7660
0055,13:45,825,-7660
0055,13:50,830,-5362
0055,13:55,835,-5362
0055,14:00,840,-5362
0055,14:05,845,-5362
0055,14:10,850,-4851
0055,14:15,855,-4851
0055,14:20,860,-4851
0055,14:25,865,-4851
0055,14:30,870,-4851
0055,14:35,875,-4851
0055,14:40,880,-4851
0055,14:45,885,-4851
0055,14:50,890,-4851
0055,14:55,895,-4851
0055,15:00,900,-4851
0055,15:05,905,-4851
0055,15:10,910,-1787
0055,15:15,915,-1787
0055,15:20,920,-1787
0055,15:25,925,-1787
0055,15:30,930,8926
0055,15:35,935,8926
0055,15:40,940,8926
0055,15:45,945,15620
0055,15:50,950,15620
0055,15:55,955,15620
0055,16:00,960,15620
0055,16:05,965,15620
0055,16:10,970,15620
0055,16:15,975,15620
0055,16:20,980,15620
0055,16:25,985,15620
0055,16:30,990,15620
0055,16:35,995,15620
0055,16:40,1000,15620
0055,16:45,1005,15620
0055,16:50,1010,15620
0055,16:55,1015,15620
0055,17:00,1020,15620
0055,17:05,1025,15620
0055,17:10,1030,15620
0055,17:15,1035,15620
0055,17:20,1040,15620
0055,17:25,1045,15620
0055,17:30,1050,15620
0055,17:35,1055,15620
0055,17:40,1060,15620
0055,17:45,1065,15620
0055,17:50,1070,15620
0055,17:55,1075,15620
0055,18:00,1080,15620
0055,18:05,1085,15620
0055,18:10,1090,15372
0055,18:15,1095,15372
0055,18:20,1100,15372
0055,18:25,1105,14876
0055,18:30,1110,14876
0055,18:35,1115,14876
0055,18:40,1120,14876
0055,18:45,1125,14876
0055,18:50,1130,14380
0055,18:55,1135,14380
0055,19:00,1140,14380
0055,19:05,1145,14380
0055,19:10,1150,13884
0055,19:15,1155,13884
0055,19:20,1160,13884
0055,19:25,1165,13884
0055,19:30,1170,13884
0055,19:35,1175,13884
0055,19:40,1180,13884
0055,19:45,1185,18843
0055,19:50,1190,18843
0055,19:55,1195,18843
0055,20:00,1200,18843
0055,20:05,1205,18843
0055,20:10,1210,20331
0055,20:15,1215,20331
0055,20:20,1220,20331
0055,20:25,1225,20331
0055,20:30,1230,21322
0055,20:35,1235,21322
0055,20:40,1240,21322
0055,20:45,1245,21322
0055,20:50,1250,21322
0055,20:55,1255,21322
0055,21:00,1260,21322
0055,21:05,1265,21322
0055,21:10,1270,21322
0055,21:15,1275,21322
0055,21:20,1280,21322
0055,21:25,1285,21322
0055,21:30,1290,21322
0055,21:35,1295,21322
0055,21:40,1300,21322
0055,21:45,1305,21322
0055,21:50,1310,21322
0055,21:55,1315,21322
0055,22:00,1320,21322
0055,22:05,1325,21322
0055,22:10,1330,21322
0055,22:15,1335,21322
0055,22:20,1340,21322
0055,22:25,1345,21322
0055,22:30,1350,21322
0055,22:35,1355,21322
0055,22:40,1360,21322
0055,22:45,1365,21322
0055,22:50,1370,21322
0055,22:55,1375,21322
0055,23:00,1380,21322
0055,23:05,1385,21322
0055,23:10,1390,21322
0055,23:15,1395,21322
0055,23:16,1396,21322
0055,23:20,1400,21322
0056,09:00,540,0
0056,09:05,545,0
0056,09:10,550,0
0056,09:15,555,0
0056,09:20,560,0
0056,09:25,565,0
0056,09:30,570,0
0056,09:35,575,0
0056,09:40,580,0
0056,09:45,585,0
0056,09:50,590,0
0056,09:55,595,0
0056,10:00,600,0
0056,10:05,605,0
0056,10:10,610,0
0056,10:15,615,0
0056,10:20,620,0
0056,10:25,625,0
0056,10:30,630,0
0056,10:35,635,0
0056,10:40,640,0
0056,10:45,645,0
0056,10:50,650,0
0056,10:55,655,0
0056,11:00,660,0
0056,11:05,665,0
0056,11:10,670,0
0056,11:15,675,0
0056,11:20,680,0
0056,11:25,685,0
0056,11:30,690,-622
0056,11:35,695,-622
0056,11:40,700,-622
0056,11:45,705,-1156
0056,11:50,710,-1156
0056,11:55,715,-1156
0056,12:00,720,-1156
0056,12:05,725,-2489
0056,12:10,730,-2489
0056,12:15,735,-2489
0056,12:20,740,-2489
0056,12:25,745,-2489
0056,12:30,750,2672
0056,12:35,755,2672
0056,12:40,760,2672
0056,12:45,765,2672
0056,12:50,770,1121
0056,12:55,775,1121
0056,13:00,780,1121
0056,13:05,785,603
0056,13:10,790,603
0056,13:15,795,603
0056,13:20,800,603
0056,13:25,805,603
0056,13:30,810,603
0056,13:35,815,603
0056,13:40,820,603
0056,13:45,825,603
0056,13:50,830,-89
0056,13:55,835,-89
0056,14:00,840,-89
0056,14:05,845,-89
0056,14:10,850,-89
0056,14:15,855,-89
0056,14:20,860,-89
0056,14:25,865,-89
0056,14:30,870,-267
0056,14:35,875,-267
0056,14:40,880,-267
0056,14:45,885,3707
0056,14:50,890,3707
0056,14:55,895,3707
0056,15:00,900,3707
0056,15:05,905,3707
0056,15:10,910,3017
0056,15:15,915,3017
0056,15:20,920,3017
0056,15:25,925,3017
0056,15:30,930,3362
0056,15:35,935,3362
0056,15:40,940,3362
0056,15:45,945,2328
0056,15:50,950,2328
0056,15:55,955,2328
0056,16:00,960,2328
0056,16:05,965,2328
0056,16:10,970,2241
0056,16:15,975,2241
0056,16:20,980,2241
0056,16:25,985,2241
0056,16:30,990,1983
0056,16:35,995,1983
0056,16:40,1000,1983
0056,16:45,1005,1983
0056,16:50,1010,1379
0056,16:55,1015,1379
0056,17:00,1020,1379
0056,17:05,1025,603
0056,17:10,1030,603
0056,17:15,1035,603
0056,17:20,1040,603
0056,17:25,1045,603
0056,17:30,1050,0
0056,17:35,1055,0
0056,17:40,1060,0
0056,17:45,1065,0
0056,17:50,1070,0
0056,17:55,1075,0
0056,18:00,1080,0
0056,18:05,1085,0
0056,18:10,1090,-978
0056,18:15,1095,-978
0056,18:20,1100,-978
0056,18:25,1105,4224
0056,18:30,1110,4224
0056,18:35,1115,4224
0056,18:40,1120,4224
0056,18:45,1125,4224
0056,18:50,1130,3793
0056,18:55,1135,3793
0056,19:00,1140,3793
0056,19:05,1145,3793
0056,19:10,1150,3448
0056,19:15,1155,3448
0056,19:20,1160,3448
0056,19:25,1165,3103
0056,19:30,1170,3103
0056,19:35,1175,3103
0056,19:40,1180,3103
0056,19:45,1185,3103
0056,19:50,1190,3103
0056,19:55,1195,3103
0056,20:00,1200,3103
0056,20:05,1205,3103
0056,20:10,1210,3017
0056,20:15,1215,3017
0056,20:20,1220,3017
0056,20:25,1225,3017
0056,20:30,1230,3017
0056,20:35,1235,3017
0056,20:40,1240,3017
0056,20:45,1245,3017
0056,20:50,1250,3017
0056,20:55,1255,3017
0056,21:00,1260,3017
0056,21:05,1265,3017
0056,21:10,1270,3017
0056,21:15,1275,3017
0056,21:20,1280,3017
0056,21:25,1285,3017
0056,21:30,1290,3017
0056,21:35,1295,3017
0056,21:40,1300,3017
0056,21:45,1305,3017
0056,21:50,1310,3017
0056,21:55,1315,3017
0056,22:00,1320,3017
0056,22:05,1325,2931
0056,22:10,1330,2931
0056,22:15,1335,2931
0056,22:20,1340,2931
0056,22:25,1345,2931
0056,22:30,1350,2931
0056,22:35,1355,2931
0056,22:40,1360,2931
0056,22:45,1365,2931
0056,22:50,1370,2931
0056,22:55,1375,2931
0056,23:00,1380,2931
0056,23:05,1385,2931
0056,23:10,1390,2931
0056,23:15,1395,2931
0056,23:16,1396,2931
0056,23:20,1400,2931
0057,09:00,540,0
0057,09:05,545,0
0057,09:10,550,0
0057,09:15,555,0
0057,09:20,560,0
0057,09:25,565,0
0057,09:30,570,0
0057,09:35,575,0
0057,09:40,580,0
0057,09:45,585,0
0057,09:50,590,0
0057,09:55,595,0
0057,10:00,600,0
0057,10:05,605,0
0057,10:10,610,0
0057,10:15,615,0
0057,10:20,620,0
0057,10:25,625,-178
0057,10:30,630,-178
0057,10:35,635,-178
0057,10:40,640,-711
0057,10:45,645,-711
0057,10:50,650,-711
0057,10:55,655,-711
0057,11:00,660,-1244
0057,11:05,665,-1244
0057,11:10,670,-1778
0057,11:15,675,-1778
0057,11:20,680,-1778
0057,11:25,685,-1778
0057,11:30,690,-2489
0057,11:35,695,-2489
0057,11:40,700,-2489
0057,11:45,705,2586
0057,11:50,710,2586
0057,11:55,715,2586
0057,12:00,720,2586
0057,12:05,725,2069
0057,12:10,730,2069
0057,12:15,735,2069
0057,12:20,740,2069
0057,12:25,745,2069
0057,12:30,750,2069
0057,12:35,755,2069
0057,12:40,760,2069
0057,12:45,765,2069
0057,12:50,770,2069
0057,12:55,775,2069
0057,13:00,780,2069
0057,13:05,785,2069
0057,13:10,790,2069
0057,13:15,795,2069
0057,13:20,800,2069
0057,13:25,805,2069
0057,13:30,810,2069
0057,13:35,815,2069
0057,13:40,820,2069
0057,13:45,825,2069
0057,13:50,830,1207
0057,13:55,835,1207
0057,14:00,840,1207
0057,14:05,845,1207
0057,14:10,850,1724
0057,14:15,855,1724
0057,14:20,860,1724
0057,14:25,865,1724
0057,14:30,870,345
0057,14:35,875,345
0057,14:40,880,345
0057,14:45,885,862
0057,14:50,890,862
0057,14:55,895,862
0057,15:00,900,862
0057,15:05,905,862
0057,15:10,910,5517
0057,15:15,915,5517
0057,15:20,920,5517
0057,15:25,925,5517
0057,15:30,930,12931
0057,15:35,935,12931
0057,15:40,940,12931
0057,15:45,945,12414
0057,15:50,950,12414
0057,15:55,955,12414
0057,16:00,960,12414
0057,16:05,965,12414
0057,16:10,970,11207
0057,16:15,975,11207
0057,16:20,980,11207
0057,16:25,985,11207
0057,16:30,990,10517
0057,16:35,995,10517
0057,16:40,1000,10517
0057,16:45,1005,10517
0057,16:50,1010,10000
0057,16:55,1015,10000
0057,17:00,1020,10000
0057,17:05,1025,8621
0057,17:10,1030,8621
0057,17:15,1035,8621
0057,17:20,1040,8621
0057,17:25,1045,8621
0057,17:30,1050,7931
0057,17:35,1055,7931
0057,17:40,1060,7931
0057,17:45,1065,7931
0057,17:50,1070,7414
0057,17:55,1075,7414
0057,18:00,1080,7414
0057,18:05,1085,7414
0057,18:10,1090,6897
0057,18:15,1095,6897
0057,18:20,1100,6897
0057,18:25,1105,6724
0057,18:30,1110,6724
0057,18:35,1115,6724
0057,18:40,1120,6724
0057,18:45,1125,6724
0057,18:50,1130,6724
0057,18:55,1135,6724
0057,19:00,1140,6724
0057,19:05,1145,6724
0057,19:10,1150,6724
0057,19:15,1155,6724
0057,19:20,1160,6724
0057,19:25,1165,6552
0057,19:30,1170,6552
0057,19:35,1175,6552
0057,19:40,1180,6552
0057,19:45,1185,6379
0057,19:50,1190,6379
0057,19:55,1195,6379
0057,20:00,1200,6379
0057,20:05,1205,6379
0057,20:10,1210,6379
0057,20:15,1215,6379
0057,20:20,1220,6379
0057,20:25,1225,6379
0057,20:30,1230,5345
0057,20:35,1235,5345
0057,20:40,1240,5345
0057,20:45,1245,4483
0057,20:50,1250,4483
0057,20:55,1255,4483
0057,21:00,1260,4483
0057,21:05,1265,4483
0057,21:10,1270,4483
0057,21:15,1275,4483
0057,21:20,1280,4483
0057,21:25,1285,4483
0057,21:30,1290,4483
0057,21:35,1295,4483
0057,21:40,1300,4483
0057,21:45,1305,4483
0057,21:50,1310,4483
0057,21:55,1315,4483
0057,22:00,1320,4483
0057,22:05,1325,4483
0057,22:10,1330,4483
0057,22:15,1335,4483
0057,22:20,1340,4483
0057,22:25,1345,4483
0057,22:30,1350,4483
0057,22:35,1355,4483
0057,22:40,1360,4483
0057,22:45,1365,4483
0057,22:50,1370,4483
0057,22:55,1375,4483
0057,23:00,1380,4483
0057,23:05,1385,4483
0057,23:10,1390,4483
0057,23:15,1395,4483
0057,23:16,1396,4483
0057,23:20,1400,4483
0058,09:00,540,0
0058,09:05,545,0
0058,09:10,550,0
0058,09:15,555,0
0058,09:20,560,0
0058,09:25,565,0
0058,09:30,570,0
0058,09:35,575,0
0058,09:40,580,0
0058,09:45,585,0
0058,09:50,590,0
0058,09:55,595,0
0058,10:00,600,0
0058,10:05,605,0
0058,10:10,610,0
0058,10:15,615,0
0058,10:20,620,0
0058,10:25,625,0
0058,10:30,630,0
0058,10:35,635,0
0058,10:40,640,0
0058,10:45,645,0
0058,10:50,650,0
0058,10:55,655,0
0058,11:00,660,0
0058,11:05,665,0
0058,11:10,670,0
0058,11:15,675,0
0058,11:20,680,0
0058,11:25,685,0
0058,11:30,690,-178
0058,11:35,695,-178
0058,11:40,700,-178
0058,11:45,705,-356
0058,11:50,710,-356
0058,11:55,715,-356
0058,12:00,720,-356
0058,12:05,725,-711
0058,12:10,730,-711
0058,12:15,735,-711
0058,12:20,740,-711
0058,12:25,745,-711
0058,12:30,750,-2311
0058,12:35,755,-2311
0058,12:40,760,-2311
0058,12:45,765,-2311
0058,12:50,770,3966
0058,12:55,775,3966
0058,13:00,780,3966
0058,13:05,785,6897
0058,13:10,790,6897
0058,13:15,795,6897
0058,13:20,800,6897
0058,13:25,805,7931
0058,13:30,810,7931
0058,13:35,815,7931
0058,13:40,820,7931
0058,13:45,825,7931
0058,13:50,830,7931
0058,13:55,835,7931
0058,14:00,840,7931
0058,14:05,845,7931
0058,14:10,850,10000
0058,14:15,855,10000
0058,14:20,860,10000
0058,14:25,865,10000
0058,14:30,870,11897
0058,14:35,875,11897
0058,14:40,880,11897
0058,14:45,885,11034
0058,14:50,890,11034
0058,14:55,895,11034
0058,15:00,900,11034
0058,15:05,905,11034
0058,15:10,910,9828
0058,15:15,915,9828
0058,15:20,920,9828
0058,15:25,925,9828
0058,15:30,930,8276
0058,15:35,935,8276
0058,15:40,940,8276
0058,15:45,945,12069
0058,15:50,950,12069
0058,15:55,955,12069
0058,16:00,960,12069
0058,16:05,965,12069
0058,16:10,970,10862
0058,16:15,975,10862
0058,16:20,980,10862
0058,16:25,985,10862
0058,16:30,990,9483
0058,16:35,995,9483
0058,16:40,1000,9483
0058,16:45,1005,9483
0058,16:50,1010,9310
0058,16:55,1015,9310
0058,17:00,1020,9310
0058,17:05,1025,9138
0058,17:10,1030,9138
0058,17:15,1035,9138
0058,17:20,1040,9138
0058,17:25,1045,9138
0058,17:30,1050,10690
0058,17:35,1055,10690
0058,17:40,1060,10690
0058,17:45,1065,10690
0058,17:50,1070,10172
0058,17:55,1075,10172
0058,18:00,1080,10172
0058,18:05,1085,10172
0058,18:10,1090,9655
0058,18:15,1095,9655
0058,18:20,1100,9655
0058,18:25,1105,8966
0058,18:30,1110,8966
0058,18:35,1115,8966
0058,18:40,1120,8966
0058,18:45,1125,8966
0058,18:50,1130,8966
0058,18:55,1135,8966
0058,19:00,1140,8966
0058,19:05,1145,8966
0058,19:10,1150,8966
0058,19:15,1155,8966
0058,19:20,1160,8966
0058,19:25,1165,8966
0058,19:30,1170,8966
0058,19:35,1175,8966
0058,19:40,1180,8966
0058,19:45,1185,8966
0058,19:50,1190,8966
0058,19:55,1195,8966
0058,20:00,1200,8966
0058,20:05,1205,8966
0058,20:10,1210,8966
0058,20:15,1215,8966
0058,20:20,1220,8966
0058,20:25,1225,8966
0058,20:30,1230,8966
0058,20:35,1235,8966
0058,20:40,1240,8966
0058,20:45,1245,8966
0058,20:50,1250,8966
0058,20:55,1255,8966
0058,21:00,1260,8966
0058,21:05,1265,8966
0058,21:10,1270,8966
0058,21:15,1275,8966
0058,21:20,1280,8966
0058,21:25,1285,8966
0058,21:30,1290,8966
0058,21:35,1295,8966
0058,21:40,1300,8966
0058,21:45,1305,9655
0058,21:50,1310,9655
0058,21:55,1315,9655
0058,22:00,1320,9655
0058,22:05,1325,9655
0058,22:10,1330,9655
0058,22:15,1335,9655
0058,22:20,1340,9655
0058,22:25,1345,9655
0058,22:30,1350,9655
0058,22:35,1355,9655
0058,22:40,1360,9655
0058,22:45,1365,9655
0058,22:50,1370,9655
0058,22:55,1375,9655
0058,23:00,1380,9655
0058,23:05,1385,9655
0058,23:10,1390,9655
0058,23:15,1395,9655
0058,23:16,1396,9655
0058,23:20,1400,9655
0059,09:00,540,0
0059,09:05,545,0
0059,09:10,550,0
0059,09:15,555,0
0059,09:20,560,0
0059,09:25,565,0
0059,09:30,570,0
0059,09:35,575,0
0059,09:40,580,0
0059,09:45,585,0
0059,09:50,590,0
0059,09:55,595,0
0059,10:00,600,0
0059,10:05,605,0
0059,10:10,610,0
0059,10:15,615,0
0059,10:20,620,0
0059,10:25,625,0
0059,10:30,630,0
0059,10:35,635,0
0059,10:40,640,0
0059,10:45,645,0
0059,10:50,650,0
0059,10:55,655,0
0059,11:00,660,0
0059,11:05,665,0
0059,11:10,670,-89
0059,11:15,675,-89
0059,11:20,680,-89
0059,11:25,685,-89
0059,11:30,690,-533
0059,11:35,695,-533
0059,11:40,700,-533
0059,11:45,705,-533
0059,11:50,710,-533
0059,11:55,715,-533
0059,12:00,720,-533
0059,12:05,725,-800
0059,12:10,730,-800
0059,12:15,735,-800
0059,12:20,740,-800
0059,12:25,745,-800
0059,12:30,750,-1067
0059,12:35,755,-1067
0059,12:40,760,-1067
0059,12:45,765,-1067
0059,12:50,770,-1067
0059,12:55,775,-1067
0059,13:00,780,-1067
0059,13:05,785,-1067
0059,13:10,790,-1067
0059,13:15,795,-1067
0059,13:20,800,-1067
0059,13:25,805,-1067
0059,13:30,810,-1067
0059,13:35,815,-1067
0059,13:40,820,-1067
0059,13:45,825,-1067
0059,13:50,830,-1067
0059,13:55,835,-1067
0059,14:00,840,-1067
0059,14:05,845,-1067
0059,14:10,850,-1067
0059,14:15,855,-1067
0059,14:20,860,-1067
0059,14:25,865,-1067
0059,14:30,870,-1067
0059,14:35,875,-1067
0059,14:40,880,-1067
0059,14:45,885,-1422
0059,14:50,890,-1422
0059,14:55,895,-1422
0059,15:00,900,-1422
0059,15:05,905,-1422
0059,15:10,910,-2044
0059,15:15,915,-2044
0059,15:20,920,-2044
0059,15:25,925,-2044
0059,15:30,930,-2133
0059,15:35,935,-2133
0059,15:40,940,-2133
0059,15:45,945,-2133
0059,15:50,950,-2133
0059,15:55,955,-2133
0059,16:00,960,-2133
0059,16:05,965,-2133
0059,16:10,970,-2133
0059,16:15,975,-2133
0059,16:20,980,-2133
0059,16:25,985,-2133
0059,16:30,990,-2133
0059,16:35,995,-2133
0059,16:40,1000,-2133
0059,16:45,1005,-2133
0059,16:50,1010,-2133
0059,16:55,1015,-2133
0059,17:00,1020,-2133
0059,17:05,1025,-2133
0059,17:10,1030,-2133
0059,17:15,1035,-2133
0059,17:20,1040,-2133
0059,17:25,1045,-2133
0059,17:30,1050,-2133
0059,17:35,1055,-2133
0059,17:40,1060,-2133
0059,17:45,1065,-2133
0059,17:50,1070,-2667
0059,17:55,1075,-2667
0059,18:00,1080,-2667
0059,18:05,1085,-2667
0059,18:10,1090,-2756
0059,18:15,1095,-2756
0059,18:20,1100,-2756
0059,18:25,1105,-2756
0059,18:30,1110,-2756
0059,18:35,1115,-2756
0059,18:40,1120,-2756
0059,18:45,1125,-2756
0059,18:50,1130,-2756
0059,18:55,1135,-2756
0059,19:00,1140,-2756
0059,19:05,1145,-2756
0059,19:10,1150,-2756
0059,19:15,1155,-2756
0059,19:20,1160,-2756
0059,19:25,1165,-3733
0059,19:30,1170,-3733
0059,19:35,1175,-3733
0059,19:40,1180,-3733
0059,19:45,1185,-4711
0059,19:50,1190,-4711
0059,19:55,1195,-4711
0059,20:00,1200,-4711
0059,20:05,1205,-4711
0059,20:10,1210,-5867
0059,20:15,1215,-5867
0059,20:20,1220,-5867
0059,20:25,1225,-5867
0059,20:30,1230,-6133
0059,20:35,1235,-6133
0059,20:40,1240,-6133
0059,20:45,1245,-6222
0059,20:50,1250,-6222
0059,20:55,1255,-6222
0059,21:00,1260,-6222
0059,21:05,1265,-6222
0059,21:10,1270,-7022
0059,21:15,1275,-7022
0059,21:20,1280,-7022
0059,21:25,1285,-7022
0059,21:30,1290,-7644
0059,21:35,1295,-7644
0059,21:40,1300,-7644
0059,21:45,1305,-7644
0059,21:50,1310,-7644
0059,21:55,1315,-7644
0059,22:00,1320,-7644
0059,22:05,1325,-7644
0059,22:10,1330,-7644
0059,22:15,1335,-7644
0059,22:20,1340,-7644
0059,22:25,1345,-7644
0059,22:30,1350,-7644
0059,22:35,1355,-7644
0059,22:40,1360,-7644
0059,22:45,1365,-7644
0059,22:50,1370,-7644
0059,22:55,1375,-7644
0059,23:00,1380,-7644
0059,23:05,1385,-7644
0059,23:10,1390,-7644
0059,23:15,1395,-7644
0059,23:16,1396,-7644
0059,23:20,1400,-7644
0060,09:00,540,0
0060,09:05,545,0
0060,09:10,550,0
0060,09:15,555,0
0060,09:20,560,0
0060,09:25,565,0
0060,09:30,570,0
0060,09:35,575,0
0060,09:40,580,0
0060,09:45,585,0
0060,09:50,590,0
0060,09:55,595,0
0060,10:00,600,0
0060,10:05,605,0
0060,10:10,610,0
0060,10:15,615,0
0060,10:20,620,0
0060,10:25,625,0
0060,10:30,630,0
0060,10:35,635,0
0060,10:40,640,0
0060,10:45,645,0
0060,10:50,650,0
0060,10:55,655,0
0060,11:00,660,0
0060,11:05,665,0
0060,11:10,670,0
0060,11:15,675,0
0060,11:20,680,0
0060,11:25,685,0
0060,11:30,690,-711
0060,11:35,695,-711
0060,11:40,700,-711
0060,11:45,705,-978
0060,11:50,710,-978
0060,11:55,715,-978
0060,12:00,720,-978
0060,12:05,725,-978
0060,12:10,730,-978
0060,12:15,735,-978
0060,12:20,740,-978
0060,12:25,745,-978
0060,12:30,750,-978
0060,12:35,755,-978
0060,12:40,760,-978
0060,12:45,765,-978
0060,12:50,770,-978
0060,12:55,775,-978
0060,13:00,780,-978
0060,13:05,785,-1600
0060,13:10,790,-1600
0060,13:15,795,-1600
0060,13:20,800,-1600
0060,13:25,805,-1600
0060,13:30,810,-1600
0060,13:35,815,-1600
0060,13:40,820,-1600
0060,13:45,825,-1600
0060,13:50,830,-2044
0060,13:55,835,-2044
0060,14:00,840,-2044
0060,14:05,845,-2044
0060,14:10,850,-3111
0060,14:15,855,-3111
0060,14:20,860,-3111
0060,14:25,865,-3111
0060,14:30,870,-4000
0060,14:35,875,-4000
0060,14:40,880,-4000
0060,14:45,885,-4089
0060,14:50,890,-4089
0060,14:55,895,-4089
0060,15:00,900,-4089
0060,15:05,905,-4089
0060,15:10,910,-4089
0060,15:15,915,-4089
0060,15:20,920,-4089
0060,15:25,925,-4089
0060,15:30,930,-4178
0060,15:35,935,-4178
0060,15:40,940,-4178
0060,15:45,945,-4178
0060,15:50,950,-4178
0060,15:55,955,-4178
0060,16:00,960,-4178
0060,16:05,965,-4178
0060,16:10,970,-4178
0060,16:15,975,-4178
0060,16:20,980,-4178
0060,16:25,985,-4178
0060,16:30,990,-5778
0060,16:35,995,-5778
0060,16:40,1000,-5778
0060,16:45,1005,-5778
0060,16:50,1010,-6489
0060,16:55,1015,-6489
0060,17:00,1020,-6489
0060,17:05,1025,-7022
0060,17:10,1030,-7022
0060,17:15,1035,-7022
0060,17:20,1040,-7022
0060,17:25,1045,-7022
0060,17:30,1050,-7378
0060,17:35,1055,-7378
0060,17:40,1060,-7378
0060,17:45,1065,-7378
0060,17:50,1070,-7378
0060,17:55,1075,-7378
0060,18:00,1080,-7378
0060,18:05,1085,-7378
0060,18:10,1090,-7378
0060,18:15,1095,-7378
0060,18:20,1100,-7378
0060,18:25,1105,-7378
0060,18:30,1110,-7378
0060,18:35,1115,-7378
0060,18:40,1120,-7378
0060,18:45,1125,-7378
0060,18:50,1130,-7378
0060,18:55,1135,-7378
0060,19:00,1140,-7378
0060,19:05,1145,-7378
0060,19:10,1150,-7644
0060,19:15,1155,-7644
0060,19:20,1160,-7644
0060,19:25,1165,-7644
0060,19:30,1170,-7644
0060,19:35,1175,-7644
0060,19:40,1180,-7644
0060,19:45,1185,-8267
0060,19:50,1190,-8267
0060,19:55,1195,-8267
0060,20:00,1200,-8267
0060,20:05,1205,-8267
0060,20:10,1210,-8533
0060,20:15,1215,-8533
0060,20:20,1220,-8533
0060,20:25,1225,-8533
0060,20:30,1230,-8533
0060,20:35,1235,-8533
0060,20:40,1240,-8533
0060,20:45,1245,-8533
0060,20:50,1250,-8533
0060,20:55,1255,-8533
0060,21:00,1260,-8533
0060,21:05,1265,-8533
0060,21:10,1270,-8533
0060,21:15,1275,-8533
0060,21:20,1280,-8533
0060,21:25,1285,-8533
0060,21:30,1290,-8533
0060,21:35,1295,-8533
0060,21:40,1300,-8533
0060,21:45,1305,-8889
0060,21:50,1310,-8889
0060,21:55,1315,-8889
0060,22:00,1320,-8889
0060,22:05,1325,-8889
0060,22:10,1330,-8889
0060,22:15,1335,-8889
0060,22:20,1340,-8889
0060,22:25,1345,-8889
0060,22:30,1350,-8889
0060,22:35,1355,-8889
0060,22:40,1360,-8889
0060,22:45,1365,-8889
0060,22:50,1370,-8889
0060,22:55,1375,-8889
0060,23:00,1380,-8889
0060,23:05,1385,-8889
0060,23:10,1390,-8889
0060,23:15,1395,-8889
0060,23:16,1396,-8889
0060,23:20,1400,-8889
0061,09:00,540,0
0061,09:05,545,0
0061,09:10,550,0
0061,09:15,555,0
0061,09:20,560,0
0061,09:25,565,0
0061,09:30,570,0
0061,09:35,575,0
0061,09:40,580,0
0061,09:45,585,0
0061,09:50,590,0
0061,09:55,595,0
0061,10:00,600,0
0061,10:05,605,0
0061,10:10,610,0
0061,10:15,615,0
0061,10:20,620,0
0061,10:25,625,0
0061,10:30,630,0
0061,10:35,635,0
0061,10:40,640,0
0061,10:45,645,0
0061,10:50,650,0
0061,10:55,655,0
0061,11:00,660,0
0061,11:05,665,0
0061,11:10,670,0
0061,11:15,675,0
0061,11:20,680,0
0061,11:25,685,0
0061,11:30,690,-789
0061,11:35,695,-789
0061,11:40,700,-789
0061,11:45,705,-789
0061,11:50,710,-789
0061,11:55,715,-789
0061,12:00,720,-789
0061,12:05,725,-1579
0061,12:10,730,-1579
0061,12:15,735,-1579
0061,12:20,740,-1579
0061,12:25,745,-1579
0061,12:30,750,-1316
0061,12:35,755,-1316
0061,12:40,760,-1316
0061,12:45,765,-1316
0061,12:50,770,4167
0061,12:55,775,4167
0061,13:00,780,4167
0061,13:05,785,3385
0061,13:10,790,3385
0061,13:15,795,3385
0061,13:20,800,3385
0061,13:25,805,2344
0061,13:30,810,2344
0061,13:35,815,2344
0061,13:40,820,2344
0061,13:45,825,2344
0061,13:50,830,3125
0061,13:55,835,3125
0061,14:00,840,3125
0061,14:05,845,3125
0061,14:10,850,4948
0061,14:15,855,4948
0061,14:20,860,4948
0061,14:25,865,4948
0061,14:30,870,10156
0061,14:35,875,10156
0061,14:40,880,10156
0061,14:45,885,16927
0061,14:50,890,16927
0061,14:55,895,16927
0061,15:00,900,16927
0061,15:05,905,16927
0061,15:10,910,16667
0061,15:15,915,16667
0061,15:20,920,16667
0061,15:25,925,16667
0061,15:30,930,15104
0061,15:35,935,15104
0061,15:40,940,15104
0061,15:45,945,14062
0061,15:50,950,14062
0061,15:55,955,14062
0061,16:00,960,14062
0061,16:05,965,14062
0061,16:10,970,13281
0061,16:15,975,13281
0061,16:20,980,13281
0061,16:25,985,13281
0061,16:30,990,16146
0061,16:35,995,16146
0061,16:40,1000,16146
0061,16:45,1005,16146
0061,16:50,1010,19531
0061,16:55,1015,19531
0061,17:00,1020,19531
0061,17:05,1025,24479
0061,17:10,1030,24479
0061,17:15,1035,24479
0061,17:20,1040,24479
0061,17:25,1045,24479
0061,17:30,1050,33073
0061,17:35,1055,33073
0061,17:40,1060,33073
0061,17:45,1065,33073
0061,17:50,1070,40365
0061,17:55,1075,40365
0061,18:00,1080,40365
0061,18:05,1085,40365
0061,18:10,1090,45052
0061,18:15,1095,45052
0061,18:20,1100,45052
0061,18:25,1105,48958
0061,18:30,1110,48958
0061,18:35,1115,48958
0061,18:40,1120,48958
0061,18:45,1125,48958
0061,18:50,1130,48958
0061,18:55,1135,48958
0061,19:00,1140,48958
0061,19:05,1145,48958
0061,19:10,1150,48958
0061,19:15,1155,48958
0061,19:20,1160,48958
0061,19:25,1165,48958
0061,19:30,1170,48958
0061,19:35,1175,48958
0061,19:40,1180,48958
0061,19:45,1185,48698
0061,19:50,1190,48698
0061,19:55,1195,48698
0061,20:00,1200,48698
0061,20:05,1205,48698
0061,20:10,1210,48698
0061,20:15,1215,48698
0061,20:20,1220,48698
0061,20:25,1225,48698
0061,20:30,1230,48698
0061,20:35,1235,48698
0061,20:40,1240,48698
0061,20:45,1245,48698
0061,20:50,1250,48698
0061,20:55,1255,48698
0061,21:00,1260,48698
0061,21:05,1265,48698
0061,21:10,1270,48698
0061,21:15,1275,48698
0061,21:20,1280,48698
0061,21:25,1285,48698
0061,21:30,1290,48698
0061,21:35,1295,48698
0061,21:40,1300,48698
0061,21:45,1305,48698
0061,21:50,1310,48698
0061,21:55,1315,48698
0061,22:00,1320,48698
0061,22:05,1325,48698
0061,22:10,1330,48698
0061,22:15,1335,48698
0061,22:20,1340,48698
0061,22:25,1345,48698
0061,22:30,1350,48698
0061,22:35,1355,48698
0061,22:40,1360,48698
0061,22:45,1365,48698
0061,22:50,1370,48698
0061,22:55,1375,48698
0061,23:00,1380,48698
0061,23:05,1385,48698
0061,23:10,1390,48698
0061,23:15,1395,48698
0061,23:16,1396,48698
0061,23:20,1400,48698
0062,09:00,540,0
0062,09:05,545,0
0062,09:10,550,0
0062,09:15,555,0
0062,09:20,560,0
0062,09:25,565,0
0062,09:30,570,0
0062,09:35,575,0
0062,09:40,580,0
0062,09:45,585,0
0062,09:50,590,0
0062,09:55,595,0
0062,10:00,600,0
0062,10:05,605,0
0062,10:10,610,0
0062,10:15,615,0
0062,10:20,620,0
0062,10:25,625,0
0062,10:30,630,0
0062,10:35,635,0
0062,10:40,640,0
0062,10:45,645,0
0062,10:50,650,0
0062,10:55,655,0
0062,11:00,660,0
0062,11:05,665,0
0062,11:10,670,0
0062,11:15,675,0
0062,11:20,680,0
0062,11:25,685,0
0062,11:30,690,0
0062,11:35,695,0
0062,11:40,700,0
0062,11:45,705,0
0062,11:50,710,0
0062,11:55,715,0
0062,12:00,720,0
0062,12:05,725,-267
0062,12:10,730,-267
0062,12:15,735,-267
0062,12:20,740,-267
0062,12:25,745,-267
0062,12:30,750,-1956
0062,12:35,755,-1956
0062,12:40,760,-1956
0062,12:45,765,-1956
0062,12:50,770,-3378
0062,12:55,775,-3378
0062,13:00,780,-3378
0062,13:05,785,-4711
0062,13:10,790,-4711
0062,13:15,795,-4711
0062,13:20,800,-4711
0062,13:25,805,-889
0062,13:30,810,-889
0062,13:35,815,-889
0062,13:40,820,-889
0062,13:45,825,-889
0062,13:50,830,345
0062,13:55,835,345
0062,14:00,840,345
0062,14:05,845,345
0062,14:10,850,-267
0062,14:15,855,-267
0062,14:20,860,-267
0062,14:25,865,-267
0062,14:30,870,-1333
0062,14:35,875,-1333
0062,14:40,880,-1333
0062,14:45,885,-1333
0062,14:50,890,-1333
0062,14:55,895,-1333
0062,15:00,900,-1333
0062,15:05,905,-1333
0062,15:10,910,-1333
0062,15:15,915,-1333
0062,15:20,920,-1333
0062,15:25,925,-1333
0062,15:30,930,-1333
0062,15:35,935,-1333
0062,15:40,940,-1333
0062,15:45,945,-1333
0062,15:50,950,-1333
0062,15:55,955,-1333
0062,16:00,960,-1333
0062,16:05,965,-1333
0062,16:10,970,-1333
0062,16:15,975,-1333
0062,16:20,980,-1333
0062,16:25,985,-1333
0062,16:30,990,-1867
0062,16:35,995,-1867
0062,16:40,1000,-1867
0062,16:45,1005,-1867
0062,16:50,1010,-2933
0062,16:55,1015,-2933
0062,17:00,1020,-2933
0062,17:05,1025,-3378
0062,17:10,1030,-3378
0062,17:15,1035,-3378
0062,17:20,1040,-3378
0062,17:25,1045,-3378
0062,17:30,1050,-3378
0062,17:35,1055,-3378
0062,17:40,1060,-3378
0062,17:45,1065,-3378
0062,17:50,1070,-3378
0062,17:55,1075,-3378
0062,18:00,1080,-3378
0062,18:05,1085,-3378
0062,18:10,1090,-3378
0062,18:15,1095,-3378
0062,18:20,1100,-3378
0062,18:25,1105,-3378
0062,18:30,1110,-3378
0062,18:35,1115,-3378
0062,18:40,1120,-3378
0062,18:45,1125,-3378
0062,18:50,1130,-3378
0062,18:55,1135,-3378
0062,19:00,1140,-3378
0062,19:05,1145,-3378
0062,19:10,1150,-3378
0062,19:15,1155,-3378
0062,19:20,1160,-3378
0062,19:25,1165,-3378
0062,19:30,1170,-3378
0062,19:35,1175,-3378
0062,19:40,1180,-3378
0062,19:45,1185,-3378
0062,19:50,1190,-3378
0062,19:55,1195,-3378
0062,20:00,1200,-3378
0062,20:05,1205,-3378
0062,20:10,1210,-3378
0062,20:15,1215,-3378
0062,20:20,1220,-3378
0062,20:25,1225,-3378
0062,20:30,1230,-3556
0062,20:35,1235,-3556
0062,20:40,1240,-3556
0062,20:45,1245,-3556
0062,20:50,1250,-3556
0062,20:55,1255,-3556
0062,21:00,1260,-3556
0062,21:05,1265,-3556
0062,21:10,1270,-3556
0062,21:15,1275,-3556
0062,21:20,1280,-3556
0062,21:25,1285,-3556
0062,21:30,1290,-3556
0062,21:35,1295,-3556
0062,21:40,1300,-3556
0062,21:45,1305,-3556
0062,21:50,1310,-3556
0062,21:55,1315,-3556
0062,22:00,1320,-3556
0062,22:05,1325,-3556
0062,22:10,1330,-3556
0062,22:15,1335,-3556
0062,22:20,1340,-3556
0062,22:25,1345,-3556
0062,22:30,1350,-3556
0062,22:35,1355,-3556
0062,22:40,1360,-3556
0062,22:45,1365,-3556
0062,22:50,1370,-3556
0062,22:55,1375,-3556
0062,23:00,1380,-3556
0062,23:05,1385,-3556
0062,23:10,1390,-3556
0062,23:15,1395,-3556
0062,23:16,1396,-3556
0062,23:20,1400,-3556
0063,09:00,540,0
0063,09:05,545,0
0063,09:10,550,0
0063,09:15,555,0
0063,09:20,560,0
0063,09:25,565,0
0063,09:30,570,0
0063,09:35,575,0
0063,09:40,580,0
0063,09:45,585,0
0063,09:50,590,0
0063,09:55,595,0
0063,10:00,600,0
0063,10:05,605,0
0063,10:10,610,0
0063,10:15,615,0
0063,10:20,620,0
0063,10:25,625,-889
0063,10:30,630,-889
0063,10:35,635,-889
0063,10:40,640,-1778
0063,10:45,645,-1778
0063,10:50,650,-1778
0063,10:55,655,-1778
0063,11:00,660,690
0063,11:05,665,690
0063,11:10,670,3362
0063,11:15,675,3362
0063,11:20,680,3362
0063,11:25,685,3362
0063,11:30,690,2672
0063,11:35,695,2672
0063,11:40,700,2672
0063,11:45,705,1983
0063,11:50,710,1983
0063,11:55,715,1983
0063,12:00,720,1983
0063,12:05,725,1207
0063,12:10,730,1207
0063,12:15,735,1207
0063,12:20,740,1207
0063,12:25,745,1207
0063,12:30,750,259
0063,12:35,755,259
0063,12:40,760,259
0063,12:45,765,259
0063,12:50,770,259
0063,12:55,775,259
0063,13:00,780,259
0063,13:05,785,259
0063,13:10,790,259
0063,13:15,795,259
0063,13:20,800,259
0063,13:25,805,-800
0063,13:30,810,-800
0063,13:35,815,-800
0063,13:40,820,-800
0063,13:45,825,-800
0063,13:50,830,-2044
0063,13:55,835,-2044
0063,14:00,840,-2044
0063,14:05,845,-2044
0063,14:10,850,-3289
0063,14:15,855,-3289
0063,14:20,860,-3289
0063,14:25,865,-3289
0063,14:30,870,-3289
0063,14:35,875,-3289
0063,14:40,880,-3289
0063,14:45,885,-4356
0063,14:50,890,-4356
0063,14:55,895,-4356
0063,15:00,900,-4356
0063,15:05,905,-4356
0063,15:10,910,-5600
0063,15:15,915,-5600
0063,15:20,920,-5600
0063,15:25,925,-5600
0063,15:30,930,-533
0063,15:35,935,-533
0063,15:40,940,-533
0063,15:45,945,6207
0063,15:50,950,6207
0063,15:55,955,6207
0063,16:00,960,6207
0063,16:05,965,6207
0063,16:10,970,5690
0063,16:15,975,5690
0063,16:20,980,5690
0063,16:25,985,5690
0063,16:30,990,5690
0063,16:35,995,5690
0063,16:40,1000,5690
0063,16:45,1005,5690
0063,16:50,1010,5086
0063,16:55,1015,5086
0063,17:00,1020,5086
0063,17:05,1025,3879
0063,17:10,1030,3879
0063,17:15,1035,3879
0063,17:20,1040,3879
0063,17:25,1045,3879
0063,17:30,1050,3017
0063,17:35,1055,3017
0063,17:40,1060,3017
0063,17:45,1065,3017
0063,17:50,1070,3017
0063,17:55,1075,3017
0063,18:00,1080,3017
0063,18:05,1085,3017
0063,18:10,1090,2500
0063,18:15,1095,2500
0063,18:20,1100,2500
0063,18:25,1105,1983
0063,18:30,1110,1983
0063,18:35,1115,1983
0063,18:40,1120,1983
0063,18:45,1125,1983
0063,18:50,1130,1983
0063,18:55,1135,1983
0063,19:00,1140,1983
0063,19:05,1145,1983
0063,19:10,1150,1724
0063,19:15,1155,1724
0063,19:20,1160,1724
0063,19:25,1165,1466
0063,19:30,1170,1466
0063,19:35,1175,1466
0063,19:40,1180,1466
0063,19:45,1185,1724
0063,19:50,1190,1724
0063,19:55,1195,1724
0063,20:00,1200,1724
0063,20:05,1205,1724
0063,20:10,1210,2931
0063,20:15,1215,2931
0063,20:20,1220,2931
0063,20:25,1225,2931
0063,20:30,1230,2069
0063,20:35,1235,2069
0063,20:40,1240,2069
0063,20:45,1245,1293
0063,20:50,1250,1293
0063,20:55,1255,1293
0063,21:00,1260,1293
0063,21:05,1265,1293
0063,21:10,1270,948
0063,21:15,1275,948
0063,21:20,1280,948
0063,21:25,1285,948
0063,21:30,1290,948
0063,21:35,1295,948
0063,21:40,1300,948
0063,21:45,1305,948
0063,21:50,1310,948
0063,21:55,1315,948
0063,22:00,1320,948
0063,22:05,1325,948
0063,22:10,1330,948
0063,22:15,1335,948
0063,22:20,1340,948
0063,22:25,1345,948
0063,22:30,1350,948
0063,22:35,1355,948
0063,22:40,1360,948
0063,22:45,1365,948
0063,22:50,1370,948
0063,22:55,1375,948
0063,23:00,1380,948
0063,23:05,1385,948
0063,23:10,1390,948
0063,23:15,1395,948
0063,23:16,1396,948
0063,23:20,1400,948
0064,09:00,540,0
0064,09:05,545,0
0064,09:10,550,0
0064,09:15,555,0
0064,09:20,560,0
0064,09:25,565,0
0064,09:30,570,0
0064,09:35,575,0
0064,09:40,580,0
0064,09:45,585,0
0064,09:50,590,0
0064,09:55,595,0
0064,10:00,600,0
0064,10:05,605,0
0064,10:10,610,0
0064,10:15,615,0
0064,10:20,620,0
0064,10:25,625,0
0064,10:30,630,0
0064,10:35,635,0
0064,10:40,640,0
0064,10:45,645,0
0064,10:50,650,0
0064,10:55,655,0
0064,11:00,660,0
0064,11:05,665,0
0064,11:10,670,0
0064,11:15,675,0
0064,11:20,680,0
0064,11:25,685,0
0064,11:30,690,0
0064,11:35,695,0
0064,11:40,700,0
0064,11:45,705,0
0064,11:50,710,0
0064,11:55,715,0
0064,12:00,720,0
0064,12:05,725,0
0064,12:10,730,0
0064,12:15,735,0
0064,12:20,740,0
0064,12:25,745,0
0064,12:30,750,-1067
0064,12:35,755,-1067
0064,12:40,760,-1067
0064,12:45,765,-1067
0064,12:50,770,-1956
0064,12:55,775,-1956
0064,13:00,780,-1956
0064,13:05,785,-2844
0064,13:10,790,-2844
0064,13:15,795,-2844
0064,13:20,800,-2844
0064,13:25,805,-3911
0064,13:30,810,-3911
0064,13:35,815,-3911
0064,13:40,820,-3911
0064,13:45,825,-3911
0064,13:50,830,-356
0064,13:55,835,-356
0064,14:00,840,-356
0064,14:05,845,-356
0064,14:10,850,-533
0064,14:15,855,-533
0064,14:20,860,-533
0064,14:25,865,-533
0064,14:30,870,-1778
0064,14:35,875,-1778
0064,14:40,880,-1778
0064,14:45,885,-2133
0064,14:50,890,-2133
0064,14:55,895,-2133
0064,15:00,900,-2133
0064,15:05,905,-2133
0064,15:10,910,-3378
0064,15:15,915,-3378
0064,15:20,920,-3378
0064,15:25,925,-3378
0064,15:30,930,-4622
0064,15:35,935,-4622
0064,15:40,940,-4622
0064,15:45,945,-4800
0064,15:50,950,-4800
0064,15:55,955,-4800
0064,16:00,960,-4800
0064,16:05,965,-4800
0064,16:10,970,-5867
0064,16:15,975,-5867
0064,16:20,980,-5867
0064,16:25,985,-5867
0064,16:30,990,-7289
0064,16:35,995,-7289
0064,16:40,1000,-7289
0064,16:45,1005,-7289
0064,16:50,1010,-8889
0064,16:55,1015,-8889
0064,17:00,1020,-8889
0064,17:05,1025,-10133
0064,17:10,1030,-10133
0064,17:15,1035,-10133
0064,17:20,1040,-10133
0064,17:25,1045,-10133
0064,17:30,1050,-11733
0064,17:35,1055,-11733
0064,17:40,1060,-11733
0064,17:45,1065,-11733
0064,17:50,1070,-12444
0064,17:55,1075,-12444
0064,18:00,1080,-12444
0064,18:05,1085,-12444
0064,18:10,1090,-12800
0064,18:15,1095,-12800
0064,18:20,1100,-12800
0064,18:25,1105,-12800
0064,18:30,1110,-12800
0064,18:35,1115,-12800
0064,18:40,1120,-12800
0064,18:45,1125,-12800
0064,18:50,1130,-13689
0064,18:55,1135,-13689
0064,19:00,1140,-13689
0064,19:05,1145,-13689
0064,19:10,1150,-13867
0064,19:15,1155,-13867
0064,19:20,1160,-13867
0064,19:25,1165,-6933
0064,19:30,1170,-6933
0064,19:35,1175,-6933
0064,19:40,1180,-6933
0064,19:45,1185,-7111
0064,19:50,1190,-7111
0064,19:55,1195,-7111
0064,20:00,1200,-7111
0064,20:05,1205,-7111
0064,20:10,1210,-7289
0064,20:15,1215,-7289
0064,20:20,1220,-7289
0064,20:25,1225,-7289
0064,20:30,1230,-7289
0064,20:35,1235,-7289
0064,20:40,1240,-7289
0064,20:45,1245,-7289
0064,20:50,1250,-7289
0064,20:55,1255,-7289
0064,21:00,1260,-7289
0064,21:05,1265,-7289
0064,21:10,1270,-7289
0064,21:15,1275,-7289
0064,21:20,1280,-7289
0064,21:25,1285,-7289
0064,21:30,1290,-7467
0064,21:35,1295,-7467
0064,21:40,1300,-7467
0064,21:45,1305,-7467
0064,21:50,1310,-7467
0064,21:55,1315,-7467
0064,22:00,1320,-7467
0064,22:05,1325,-7467
0064,22:10,1330,-7467
0064,22:15,1335,-7467
0064,22:20,1340,-7467
0064,22:25,1345,-7467
0064,22:30,1350,-7467
0064,22:35,1355,-7467
0064,22:40,1360,-7467
0064,22:45,1365,-7467
0064,22:50,1370,-7467
0064,22:55,1375,-7467
0064,23:00,1380,-7467
0064,23:05,1385,-7467
0064,23:10,1390,-7467
0064,23:15,1395,-7467
0064,23:16,1396,-7467
0064,23:20,1400,-7467
0065,09:00,540,0
0065,09:05,545,0
0065,09:10,550,0
0065,09:15,555,0
0065,09:20,560,0
0065,09:25,565,0
0065,09:30,570,0
0065,09:35,575,0
0065,09:40,580,0
0065,09:45,585,0
0065,09:50,590,0
0065,09:55,595,0
0065,10:00,600,0
0065,10:05,605,0
0065,10:10,610,0
0065,10:15,615,0
0065,10:20,620,0
0065,10:25,625,0
0065,10:30,630,0
0065,10:35,635,0
0065,10:40,640,0
0065,10:45,645,0
0065,10:50,650,0
0065,10:55,655,0
0065,11:00,660,0
0065,11:05,665,0
0065,11:10,670,0
0065,11:15,675,0
0065,11:20,680,0
0065,11:25,685,0
0065,11:30,690,0
0065,11:35,695,0
0065,11:40,700,0
0065,11:45,705,0
0065,11:50,710,0
0065,11:55,715,0
0065,12:00,720,0
0065,12:05,725,0
0065,12:10,730,0
0065,12:15,735,0
0065,12:20,740,0
0065,12:25,745,0
0065,12:30,750,0
0065,12:35,755,0
0065,12:40,760,0
0065,12:45,765,0
0065,12:50,770,0
0065,12:55,775,0
0065,13:00,780,0
0065,13:05,785,0
0065,13:10,790,0
0065,13:15,795,0
0065,13:20,800,0
0065,13:25,805,0
0065,13:30,810,0
0065,13:35,815,0
0065,13:40,820,0
0065,13:45,825,0
0065,13:50,830,0
0065,13:55,835,0
0065,14:00,840,0
0065,14:05,845,0
0065,14:10,850,0
0065,14:15,855,0
0065,14:20,860,0
0065,14:25,865,0
0065,14:30,870,-89
0065,14:35,875,-89
0065,14:40,880,-89
0065,14:45,885,-1600
0065,14:50,890,-1600
0065,14:55,895,-1600
0065,15:00,900,-1600
0065,15:05,905,-1600
0065,15:10,910,-2756
0065,15:15,915,-2756
0065,15:20,920,-2756
0065,15:25,925,-2756
0065,15:30,930,-2756
0065,15:35,935,-2756
0065,15:40,940,-2756
0065,15:45,945,-2756
0065,15:50,950,-2756
0065,15:55,955,-2756
0065,16:00,960,-2756
0065,16:05,965,-2756
0065,16:10,970,-3733
0065,16:15,975,-3733
0065,16:20,980,-3733
0065,16:25,985,-3733
0065,16:30,990,4397
0065,16:35,995,4397
0065,16:40,1000,4397
0065,16:45,1005,4397
0065,16:50,1010,5776
0065,16:55,1015,5776
0065,17:00,1020,5776
0065,17:05,1025,5776
0065,17:10,1030,5776
0065,17:15,1035,5776
0065,17:20,1040,5776
0065,17:25,1045,5776
0065,17:30,1050,5603
0065,17:35,1055,5603
0065,17:40,1060,5603
0065,17:45,1065,5603
0065,17:50,1070,5603
0065,17:55,1075,5603
0065,18:00,1080,5603
0065,18:05,1085,5603
0065,18:10,1090,5603
0065,18:15,1095,5603
0065,18:20,1100,5603
0065,18:25,1105,5603
0065,18:30,1110,5603
0065,18:35,1115,5603
0065,18:40,1120,5603
0065,18:45,1125,5603
0065,18:50,1130,5517
0065,18:55,1135,5517
0065,19:00,1140,5517
0065,19:05,1145,5517
0065,19:10,1150,6552
0065,19:15,1155,6552
0065,19:20,1160,6552
0065,19:25,1165,6552
0065,19:30,1170,6552
0065,19:35,1175,6552
0065,19:40,1180,6552
0065,19:45,1185,6379
0065,19:50,1190,6379
0065,19:55,1195,6379
0065,20:00,1200,6379
0065,20:05,1205,6379
0065,20:10,1210,6379
0065,20:15,1215,6379
0065,20:20,1220,6379
0065,20:25,1225,6379
0065,20:30,1230,6379
0065,20:35,1235,6379
0065,20:40,1240,6379
0065,20:45,1245,6379
0065,20:50,1250,6379
0065,20:55,1255,6379
0065,21:00,1260,6379
0065,21:05,1265,6379
0065,21:10,1270,6379
0065,21:15,1275,6379
0065,21:20,1280,6379
0065,21:25,1285,6379
0065,21:30,1290,6379
0065,21:35,1295,6379
0065,21:40,1300,6379
0065,21:45,1305,6379
0065,21:50,1310,6379
0065,21:55,1315,6379
0065,22:00,1320,6379
0065,22:05,1325,6379
0065,22:10,1330,6379
0065,22:15,1335,6379
0065,22:20,1340,6379
0065,22:25,1345,6379
0065,22:30,1350,6379
0065,22:35,1355,6379
0065,22:40,1360,6379
0065,22:45,1365,6379
0065,22:50,1370,6379
0065,22:55,1375,6379
0065,23:00,1380,6379
0065,23:05,1385,6379
0065,23:10,1390,6379
0065,23:15,1395,6379
0065,23:16,1396,6379
0065,23:20,1400,6379
0066,09:00,540,0
0066,09:05,545,0
0066,09:10,550,0
0066,09:15,555,0
0066,09:20,560,0
0066,09:25,565,0
0066,09:30,570,0
0066,09:35,575,0
0066,09:40,580,0
0066,09:45,585,0
0066,09:50,590,0
0066,09:55,595,0
0066,10:00,600,0
0066,10:05,605,0
0066,10:10,610,0
0066,10:15,615,0
0066,10:20,620,0
0066,10:25,625,-444
0066,10:30,630,-444
0066,10:35,635,-444
0066,10:40,640,-444
0066,10:45,645,-444
0066,10:50,650,-444
0066,10:55,655,-444
0066,11:00,660,-444
0066,11:05,665,-444
0066,11:10,670,-444
0066,11:15,675,-444
0066,11:20,680,-444
0066,11:25,685,-444
0066,11:30,690,-711
0066,11:35,695,-711
0066,11:40,700,-711
0066,11:45,705,-711
0066,11:50,710,-711
0066,11:55,715,-711
0066,12:00,720,-711
0066,12:05,725,-711
0066,12:10,730,-711
0066,12:15,735,-711
0066,12:20,740,-711
0066,12:25,745,-711
0066,12:30,750,-2400
0066,12:35,755,-2400
0066,12:40,760,-2400
0066,12:45,765,-2400
0066,12:50,770,-3911
0066,12:55,775,-3911
0066,13:00,780,-3911
0066,13:05,785,-5156
0066,13:10,790,-5156
0066,13:15,795,-5156
0066,13:20,800,-5156
0066,13:25,805,-1511
0066,13:30,810,-1511
0066,13:35,815,-1511
0066,13:40,820,-1511
0066,13:45,825,-1511
0066,13:50,830,-2311
0066,13:55,835,-2311
0066,14:00,840,-2311
0066,14:05,845,-2311
0066,14:10,850,-3644
0066,14:15,855,-3644
0066,14:20,860,-3644
0066,14:25,865,-3644
0066,14:30,870,-5422
0066,14:35,875,-5422
0066,14:40,880,-5422
0066,14:45,885,172
0066,14:50,890,172
0066,14:55,895,172
0066,15:00,900,172
0066,15:05,905,172
0066,15:10,910,-1156
0066,15:15,915,-1156
0066,15:20,920,-1156
0066,15:25,925,-1156
0066,15:30,930,-3022
0066,15:35,935,-3022
0066,15:40,940,-3022
0066,15:45,945,-4444
0066,15:50,950,-4444
0066,15:55,955,-4444
0066,16:00,960,-4444
0066,16:05,965,-4444
0066,16:10,970,-5689
0066,16:15,975,-5689
0066,16:20,980,-5689
0066,16:25,985,-5689
0066,16:30,990,-7200
0066,16:35,995,-7200
0066,16:40,1000,-7200
0066,16:45,1005,-7200
0066,16:50,1010,-7556
0066,16:55,1015,-7556
0066,17:00,1020,-7556
0066,17:05,1025,-7556
0066,17:10,1030,-7556
0066,17:15,1035,-7556
0066,17:20,1040,-7556
0066,17:25,1045,-7556
0066,17:30,1050,-7556
0066,17:35,1055,-7556
0066,17:40,1060,-7556
0066,17:45,1065,-7556
0066,17:50,1070,-1689
0066,17:55,1075,-1689
0066,18:00,1080,-1689
0066,18:05,1085,-1689
0066,18:10,1090,3621
0066,18:15,1095,3621
0066,18:20,1100,3621
0066,18:25,1105,8966
0066,18:30,1110,8966
0066,18:35,1115,8966
0066,18:40,1120,8966
0066,18:45,1125,8966
0066,18:50,1130,8966
0066,18:55,1135,8966
0066,19:00,1140,8966
0066,19:05,1145,8966
0066,19:10,1150,8966
0066,19:15,1155,8966
0066,19:20,1160,8966
0066,19:25,1165,8966
0066,19:30,1170,8966
0066,19:35,1175,8966
0066,19:40,1180,8966
0066,19:45,1185,8966
0066,19:50,1190,8966
0066,19:55,1195,8966
0066,20:00,1200,8966
0066,20:05,1205,8966
0066,20:10,1210,8966
0066,20:15,1215,8966
0066,20:20,1220,8966
0066,20:25,1225,8966
0066,20:30,1230,8707
0066,20:35,1235,8707
0066,20:40,1240,8707
0066,20:45,1245,8707
0066,20:50,1250,8707
0066,20:55,1255,8707
0066,21:00,1260,8707
0066,21:05,1265,8707
0066,21:10,1270,8707
0066,21:15,1275,8707
0066,21:20,1280,8707
0066,21:25,1285,8707
0066,21:30,1290,8707
0066,21:35,1295,8707
0066,21:40,1300,8707
0066,21:45,1305,8707
0066,21:50,1310,8707
0066,21:55,1315,8707
0066,22:00,1320,8707
0066,22:05,1325,8707
0066,22:10,1330,8707
0066,22:15,1335,8707
0066,22:20,1340,8707
0066,22:25,1345,8707
0066,22:30,1350,8707
0066,22:35,1355,8707
0066,22:40,1360,8707
0066,22:45,1365,8707
0066,22:50,1370,8707
0066,22:55,1375,8707
0066,23:00,1380,8707
0066,23:05,1385,8707
0066,23:10,1390,8707
0066,23:15,1395,8707
0066,23:16,1396,8707
0066,23:20,1400,8707
0067,09:00,540,0
0067,09:05,545,0
0067,09:10,550,0
0067,09:15,555,0
0067,09:20,560,0
0067,09:25,565,0
0067,09:30,570,0
0067,09:35,575,0
0067,09:40,580,0
0067,09:45,585,0
0067,09:50,590,0
0067,09:55,595,0
0067,10:00,600,0
0067,10:05,605,0
0067,10:10,610,0
0067,10:15,615,0
0067,10:20,620,0
0067,10:25,625,0
0067,10:30,630,0
0067,10:35,635,0
0067,10:40,640,0
0067,10:45,645,0
0067,10:50,650,0
0067,10:55,655,0
0067,11:00,660,0
0067,11:05,665,0
0067,11:10,670,0
0067,11:15,675,0
0067,11:20,680,0
0067,11:25,685,0
0067,11:30,690,-178
0067,11:35,695,-178
0067,11:40,700,-178
0067,11:45,705,-178
0067,11:50,710,-178
0067,11:55,715,-178
0067,12:00,720,-178
0067,12:05,725,-533
0067,12:10,730,-533
0067,12:15,735,-533
0067,12:20,740,-533
0067,12:25,745,-533
0067,12:30,750,-978
0067,12:35,755,-978
0067,12:40,760,-978
0067,12:45,765,-978
0067,12:50,770,2586
0067,12:55,775,2586
0067,13:00,780,2586
0067,13:05,785,2069
0067,13:10,790,2069
0067,13:15,795,2069
0067,13:20,800,2069
0067,13:25,805,1379
0067,13:30,810,1379
0067,13:35,815,1379
0067,13:40,820,1379
0067,13:45,825,1379
0067,13:50,830,1379
0067,13:55,835,1379
0067,14:00,840,1379
0067,14:05,845,1379
0067,14:10,850,345
0067,14:15,855,345
0067,14:20,860,345
0067,14:25,865,345
0067,14:30,870,-1333
0067,14:35,875,-1333
0067,14:40,880,-1333
0067,14:45,885,-1956
0067,14:50,890,-1956
0067,14:55,895,-1956
0067,15:00,900,-1956
0067,15:05,905,-1956
0067,15:10,910,-1956
0067,15:15,915,-1956
0067,15:20,920,-1956
0067,15:25,925,-1956
0067,15:30,930,-1956
0067,15:35,935,-1956
0067,15:40,940,-1956
0067,15:45,945,-1956
0067,15:50,950,-1956
0067,15:55,955,-1956
0067,16:00,960,-1956
0067,16:05,965,-1956
0067,16:10,970,0
0067,16:15,975,0
0067,16:20,980,0
0067,16:25,985,0
0067,16:30,990,-89
0067,16:35,995,-89
0067,16:40,1000,-89
0067,16:45,1005,-89
0067,16:50,1010,-1333
0067,16:55,1015,-1333
0067,17:00,1020,-1333
0067,17:05,1025,-2311
0067,17:10,1030,-2311
0067,17:15,1035,-2311
0067,17:20,1040,-2311
0067,17:25,1045,-2311
0067,17:30,1050,-3378
0067,17:35,1055,-3378
0067,17:40,1060,-3378
0067,17:45,1065,-3378
0067,17:50,1070,-3733
0067,17:55,1075,-3733
0067,18:00,1080,-3733
0067,18:05,1085,-3733
0067,18:10,1090,-3733
0067,18:15,1095,-3733
0067,18:20,1100,-3733
0067,18:25,1105,-3733
0067,18:30,1110,-3733
0067,18:35,1115,-3733
0067,18:40,1120,-3733
0067,18:45,1125,-3733
0067,18:50,1130,-4178
0067,18:55,1135,-4178
0067,19:00,1140,-4178
0067,19:05,1145,-4178
0067,19:10,1150,-4356
0067,19:15,1155,-4356
0067,19:20,1160,-4356
0067,19:25,1165,-4356
0067,19:30,1170,-4356
0067,19:35,1175,-4356
0067,19:40,1180,-4356
0067,19:45,1185,-4800
0067,19:50,1190,-4800
0067,19:55,1195,-4800
0067,20:00,1200,-4800
0067,20:05,1205,-4800
0067,20:10,1210,-4178
0067,20:15,1215,-4178
0067,20:20,1220,-4178
0067,20:25,1225,-4178
0067,20:30,1230,-4978
0067,20:35,1235,-4978
0067,20:40,1240,-4978
0067,20:45,1245,431
0067,20:50,1250,431
0067,20:55,1255,431
0067,21:00,1260,431
0067,21:05,1265,431
0067,21:10,1270,1207
0067,21:15,1275,1207
0067,21:20,1280,1207
0067,21:25,1285,1207
0067,21:30,1290,431
0067,21:35,1295,431
0067,21:40,1300,431
0067,21:45,1305,0
0067,21:50,1310,0
0067,21:55,1315,0
0067,22:00,1320,0
0067,22:05,1325,0
0067,22:10,1330,0
0067,22:15,1335,0
0067,22:20,1340,0
0067,22:25,1345,0
0067,22:30,1350,0
0067,22:35,1355,0
0067,22:40,1360,0
0067,22:45,1365,0
0067,22:50,1370,0
0067,22:55,1375,0
0067,23:00,1380,0
0067,23:05,1385,0
0067,23:10,1390,0
0067,23:15,1395,0
0067,23:16,1396,0
0067,23:20,1400,0
0068,09:00,540,0
0068,09:05,545,0
0068,09:10,550,0
0068,09:15,555,0
0068,09:20,560,0
0068,09:25,565,0
0068,09:30,570,0
0068,09:35,575,0
0068,09:40,580,0
0068,09:45,585,0
0068,09:50,590,0
0068,09:55,595,0
0068,10:00,600,0
0068,10:05,605,0
0068,10:10,610,0
0068,10:15,615,0
0068,10:20,620,0
0068,10:25,625,-533
0068,10:30,630,-533
0068,10:35,635,-533
0068,10:40,640,-1156
0068,10:45,645,-1156
0068,10:50,650,-1156
0068,10:55,655,-1156
0068,11:00,660,862
0068,11:05,665,862
0068,11:10,670,690
0068,11:15,675,690
0068,11:20,680,690
0068,11:25,685,690
0068,11:30,690,-889
0068,11:35,695,-889
0068,11:40,700,-889
0068,11:45,705,-2222
0068,11:50,710,-2222
0068,11:55,715,-2222
0068,12:00,720,-2222
0068,12:05,725,-1422
0068,12:10,730,-1422
0068,12:15,735,-1422
0068,12:20,740,-1422
0068,12:25,745,-1422
0068,12:30,750,-533
0068,12:35,755,-533
0068,12:40,760,-533
0068,12:45,765,-533
0068,12:50,770,-1156
0068,12:55,775,-1156
0068,13:00,780,-1156
0068,13:05,785,-1156
0068,13:10,790,-1156
0068,13:15,795,-1156
0068,13:20,800,-1156
0068,13:25,805,-2311
0068,13:30,810,-2311
0068,13:35,815,-2311
0068,13:40,820,-2311
0068,13:45,825,-2311
0068,13:50,830,-711
0068,13:55,835,-711
0068,14:00,840,-711
0068,14:05,845,-711
0068,14:10,850,1293
0068,14:15,855,1293
0068,14:20,860,1293
0068,14:25,865,1293
0068,14:30,870,3793
0068,14:35,875,3793
0068,14:40,880,3793
0068,14:45,885,2414
0068,14:50,890,2414
0068,14:55,895,2414
0068,15:00,900,2414
0068,15:05,905,2414
0068,15:10,910,2414
0068,15:15,915,2414
0068,15:20,920,2414
0068,15:25,925,2414
0068,15:30,930,2845
0068,15:35,935,2845
0068,15:40,940,2845
0068,15:45,945,6983
0068,15:50,950,6983
0068,15:55,955,6983
0068,16:00,960,6983
0068,16:05,965,6983
0068,16:10,970,6638
0068,16:15,975,6638
0068,16:20,980,6638
0068,16:25,985,6638
0068,16:30,990,7672
0068,16:35,995,7672
0068,16:40,1000,7672
0068,16:45,1005,7672
0068,16:50,1010,6638
0068,16:55,1015,6638
0068,17:00,1020,6638
0068,17:05,1025,7241
0068,17:10,1030,7241
0068,17:15,1035,7241
0068,17:20,1040,7241
0068,17:25,1045,7241
0068,17:30,1050,5431
0068,17:35,1055,5431
0068,17:40,1060,5431
0068,17:45,1065,5431
0068,17:50,1070,5172
0068,17:55,1075,5172
0068,18:00,1080,5172
0068,18:05,1085,5172
0068,18:10,1090,4052
0068,18:15,1095,4052
0068,18:20,1100,4052
0068,18:25,1105,2586
0068,18:30,1110,2586
0068,18:35,1115,2586
0068,18:40,1120,2586
0068,18:45,1125,2586
0068,18:50,1130,6034
0068,18:55,1135,6034
0068,19:00,1140,6034
0068,19:05,1145,6034
0068,19:10,1150,5000
0068,19:15,1155,5000
0068,19:20,1160,5000
0068,19:25,1165,4397
0068,19:30,1170,4397
0068,19:35,1175,4397
0068,19:40,1180,4397
0068,19:45,1185,4397
0068,19:50,1190,4397
0068,19:55,1195,4397
0068,20:00,1200,4397
0068,20:05,1205,4397
0068,20:10,1210,4397
0068,20:15,1215,4397
0068,20:20,1220,4397
0068,20:25,1225,4397
0068,20:30,1230,4397
0068,20:35,1235,4397
0068,20:40,1240,4397
0068,20:45,1245,4397
0068,20:50,1250,4397
0068,20:55,1255,4397
0068,21:00,1260,4397
0068,21:05,1265,4397
0068,21:10,1270,4397
0068,21:15,1275,4397
0068,21:20,1280,4397
0068,21:25,1285,4397
0068,21:30,1290,4397
0068,21:35,1295,4397
0068,21:40,1300,4397
0068,21:45,1305,4397
0068,21:50,1310,4397
0068,21:55,1315,4397
0068,22:00,1320,4397
0068,22:05,1325,4397
0068,22:10,1330,4397
0068,22:15,1335,4397
0068,22:20,1340,4397
0068,22:25,1345,4397
0068,22:30,1350,4397
0068,22:35,1355,4397
0068,22:40,1360,4397
0068,22:45,1365,4397
0068,22:50,1370,4397
0068,22:55,1375,4397
0068,23:00,1380,4397
0068,23:05,1385,4397
0068,23:10,1390,4397
0068,23:15,1395,4397
0068,23:16,1396,4397
0068,23:20,1400,4397
0069,09:00,540,0
0069,09:05,545,0
0069,09:10,550,0
0069,09:15,555,0
0069,09:20,560,0
0069,09:25,565,0
0069,09:30,570,0
0069,09:35,575,0
0069,09:40,580,0
0069,09:45,585,0
0069,09:50,590,0
0069,09:55,595,0
0069,10:00,600,0
0069,10:05,605,0
0069,10:10,610,0
0069,10:15,615,0
0069,10:20,620,0
0069,10:25,625,0
0069,10:30,630,0
0069,10:35,635,0
0069,10:40,640,0
0069,10:45,645,0
0069,10:50,650,0
0069,10:55,655,0
0069,11:00,660,0
0069,11:05,665,0
0069,11:10,670,0
0069,11:15,675,0
0069,11:20,680,0
0069,11:25,685,0
0069,11:30,690,0
0069,11:35,695,0
0069,11:40,700,0
0069,11:45,705,0
0069,11:50,710,0
0069,11:55,715,0
0069,12:00,720,0
0069,12:05,725,0
0069,12:10,730,0
0069,12:15,735,0
0069,12:20,740,0
0069,12:25,745,0
0069,12:30,750,0
0069,12:35,755,0
0069,12:40,760,0
0069,12:45,765,0
0069,12:50,770,0
0069,12:55,775,0
0069,13:00,780,0
0069,13:05,785,-89
0069,13:10,790,-89
0069,13:15,795,-89
0069,13:20,800,-89
0069,13:25,805,-978
0069,13:30,810,-978
0069,13:35,815,-978
0069,13:40,820,-978
0069,13:45,825,-978
0069,13:50,830,-978
0069,13:55,835,-978
0069,14:00,840,-978
0069,14:05,845,-978
0069,14:10,850,-978
0069,14:15,855,-978
0069,14:20,860,-978
0069,14:25,865,-978
0069,14:30,870,-978
0069,14:35,875,-978
0069,14:40,880,-978
0069,14:45,885,-1956
0069,14:50,890,-1956
0069,14:55,895,-1956
0069,15:00,900,-1956
0069,15:05,905,-1956
0069,15:10,910,-1956
0069,15:15,915,-1956
0069,15:20,920,-1956
0069,15:25,925,-1956
0069,15:30,930,-1956
0069,15:35,935,-1956
0069,15:40,940,-1956
0069,15:45,945,-2400
0069,15:50,950,-2400
0069,15:55,955,-2400
0069,16:00,960,-2400
0069,16:05,965,-2400
0069,16:10,970,-2400
0069,16:15,975,-2400
0069,16:20,980,-2400
0069,16:25,985,-2400
0069,16:30,990,-2400
0069,16:35,995,-2400
0069,16:40,1000,-2400
0069,16:45,1005,-2400
0069,16:50,1010,-3111
0069,16:55,1015,-3111
0069,17:00,1020,-3111
0069,17:05,1025,-3822
0069,17:10,1030,-3822
0069,17:15,1035,-3822
0069,17:20,1040,-3822
0069,17:25,1045,-3822
0069,17:30,1050,-5511
0069,17:35,1055,-5511
0069,17:40,1060,-5511
0069,17:45,1065,-5511
0069,17:50,1070,0
0069,17:55,1075,0
0069,18:00,1080,0
0069,18:05,1085,0
0069,18:10,1090,-978
0069,18:15,1095,-978
0069,18:20,1100,-978
0069,18:25,1105,-2844
0069,18:30,1110,-2844
0069,18:35,1115,-2844
0069,18:40,1120,-2844
0069,18:45,1125,-2844
0069,18:50,1130,-2400
0069,18:55,1135,-2400
0069,19:00,1140,-2400
0069,19:05,1145,-2400
0069,19:10,1150,-3733
0069,19:15,1155,-3733
0069,19:20,1160,-3733
0069,19:25,1165,-5511
0069,19:30,1170,-5511
0069,19:35,1175,-5511
0069,19:40,1180,-5511
0069,19:45,1185,-5511
0069,19:50,1190,-5511
0069,19:55,1195,-5511
0069,20:00,1200,-5511
0069,20:05,1205,-5511
0069,20:10,1210,-5511
0069,20:15,1215,-5511
0069,20:20,1220,-5511
0069,20:25,1225,-5511
0069,20:30,1230,-5511
0069,20:35,1235,-5511
0069,20:40,1240,-5511
0069,20:45,1245,-5511
0069,20:50,1250,-5511
0069,20:55,1255,-5511
0069,21:00,1260,-5511
0069,21:05,1265,-5511
0069,21:10,1270,-5511
0069,21:15,1275,-5511
0069,21:20,1280,-5511
0069,21:25,1285,-5511
0069,21:30,1290,-5511
0069,21:35,1295,-5511
0069,21:40,1300,-5511
0069,21:45,1305,-5511
0069,21:50,1310,-5511
0069,21:55,1315,-5511
0069,22:00,1320,-5511
0069,22:05,1325,-5511
0069,22:10,1330,-5511
0069,22:15,1335,-5511
0069,22:20,1340,-5511
0069,22:25,1345,-5511
0069,22:30,1350,-5511
0069,22:35,1355,-5511
0069,22:40,1360,-5511
0069,22:45,1365,-5511
0069,22:50,1370,-5511
0069,22:55,1375,-5511
0069,23:00,1380,-5511
0069,23:05,1385,-5511
0069,23:10,1390,-5511
0069,23:15,1395,-5511
0069,23:16,1396,-5511
0069,23:20,1400,-5511
0070,09:00,540,0
0070,09:05,545,0
0070,09:10,550,0
0070,09:15,555,0
0070,09:20,560,0
0070,09:25,565,0
0070,09:30,570,0
0070,09:35,575,0
0070,09:40,580,0
0070,09:45,585,0
0070,09:50,590,0
0070,09:55,595,0
0070,10:00,600,0
0070,10:05,605,0
0070,10:10,610,0
0070,10:15,615,0
0070,10:20,620,0
0070,10:25,625,0
0070,10:30,630,0
0070,10:35,635,0
0070,10:40,640,0
0070,10:45,645,0
0070,10:50,650,0
0070,10:55,655,0
0070,11:00,660,0
0070,11:05,665,0
0070,11:10,670,0
0070,11:15,675,0
0070,11:20,680,0
0070,11:25,685,0
0070,11:30,690,0
0070,11:35,695,0
0070,11:40,700,0
0070,11:45,705,0
0070,11:50,710,0
0070,11:55,715,0
0070,12:00,720,0
0070,12:05,725,0
0070,12:10,730,0
0070,12:15,735,0
0070,12:20,740,0
0070,12:25,745,0
0070,12:30,750,0
0070,12:35,755,0
0070,12:40,760,0
0070,12:45,765,0
0070,12:50,770,0
0070,12:55,775,0
0070,13:00,780,0
0070,13:05,785,0
0070,13:10,790,0
0070,13:15,795,0
0070,13:20,800,0
0070,13:25,805,0
0070,13:30,810,0
0070,13:35,815,0
0070,13:40,820,0
0070,13:45,825,0
0070,13:50,830,-533
0070,13:55,835,-533
0070,14:00,840,-533
0070,14:05,845,-533
0070,14:10,850,1207
0070,14:15,855,1207
0070,14:20,860,1207
0070,14:25,865,1207
0070,14:30,870,9483
0070,14:35,875,9483
0070,14:40,880,9483
0070,14:45,885,10517
0070,14:50,890,10517
0070,14:55,895,10517
0070,15:00,900,10517
0070,15:05,905,10517
0070,15:10,910,10345
0070,15:15,915,10345
0070,15:20,920,10345
0070,15:25,925,10345
0070,15:30,930,10172
0070,15:35,935,10172
0070,15:40,940,10172
0070,15:45,945,9655
0070,15:50,950,9655
0070,15:55,955,9655
0070,16:00,960,9655
0070,16:05,965,9655
0070,16:10,970,8448
0070,16:15,975,8448
0070,16:20,980,8448
0070,16:25,985,8448
0070,16:30,990,10345
0070,16:35,995,10345
0070,16:40,1000,10345
0070,16:45,1005,10345
0070,16:50,1010,9310
0070,16:55,1015,9310
0070,17:00,1020,9310
0070,17:05,1025,9310
0070,17:10,1030,9310
0070,17:15,1035,9310
0070,17:20,1040,9310
0070,17:25,1045,9310
0070,17:30,1050,9310
0070,17:35,1055,9310
0070,17:40,1060,9310
0070,17:45,1065,9310
0070,17:50,1070,9310
0070,17:55,1075,9310
0070,18:00,1080,9310
0070,18:05,1085,9310
0070,18:10,1090,9310
0070,18:15,1095,9310
0070,18:20,1100,9310
0070,18:25,1105,9310
0070,18:30,1110,9310
0070,18:35,1115,9310
0070,18:40,1120,9310
0070,18:45,1125,9310
0070,18:50,1130,9310
0070,18:55,1135,9310
0070,19:00,1140,9310
0070,19:05,1145,9310
0070,19:10,1150,9310
0070,19:15,1155,9310
0070,19:20,1160,9310
0070,19:25,1165,8966
0070,19:30,1170,8966
0070,19:35,1175,8966
0070,19:40,1180,8966
0070,19:45,1185,10172
0070,19:50,1190,10172
0070,19:55,1195,10172
0070,20:00,1200,10172
0070,20:05,1205,10172
0070,20:10,1210,12759
0070,20:15,1215,12759
0070,20:20,1220,12759
0070,20:25,1225,12759
0070,20:30,1230,19483
0070,20:35,1235,19483
0070,20:40,1240,19483
0070,20:45,1245,18793
0070,20:50,1250,18793
0070,20:55,1255,18793
0070,21:00,1260,18793
0070,21:05,1265,18793
0070,21:10,1270,18448
0070,21:15,1275,18448
0070,21:20,1280,18448
0070,21:25,1285,18448
0070,21:30,1290,18448
0070,21:35,1295,18448
0070,21:40,1300,18448
0070,21:45,1305,18448
0070,21:50,1310,18448
0070,21:55,1315,18448
0070,22:00,1320,18448
0070,22:05,1325,18448
0070,22:10,1330,18448
0070,22:15,1335,18448
0070,22:20,1340,18448
0070,22:25,1345,18448
0070,22:30,1350,18448
0070,22:35,1355,18448
0070,22:40,1360,18448
0070,22:45,1365,18448
0070,22:50,1370,18448
0070,22:55,1375,18448
0070,23:00,1380,18448
0070,23:05,1385,18448
0070,23:10,1390,18448
0070,23:15,1395,18448
0070,23:16,1396,18448
0070,23:20,1400,18448
0071,09:00,540,0
0071,09:05,545,0
0071,09:10,550,0
0071,09:15,555,0
0071,09:20,560,0
0071,09:25,565,0
0071,09:30,570,0
0071,09:35,575,0
0071,09:40,580,0
0071,09:45,585,0
0071,09:50,590,0
0071,09:55,595,0
0071,10:00,600,0
0071,10:05,605,0
0071,10:10,610,0
0071,10:15,615,0
0071,10:20,620,0
0071,10:25,625,0
0071,10:30,630,0
0071,10:35,635,0
0071,10:40,640,0
0071,10:45,645,0
0071,10:50,650,0
0071,10:55,655,0
0071,11:00,660,0
0071,11:05,665,0
0071,11:10,670,0
0071,11:15,675,0
0071,11:20,680,0
0071,11:25,685,0
0071,11:30,690,0
0071,11:35,695,0
0071,11:40,700,0
0071,11:45,705,0
0071,11:50,710,0
0071,11:55,715,0
0071,12:00,720,0
0071,12:05,725,0
0071,12:10,730,0
0071,12:15,735,0
0071,12:20,740,0
0071,12:25,745,0
0071,12:30,750,0
0071,12:35,755,0
0071,12:40,760,0
0071,12:45,765,0
0071,12:50,770,0
0071,12:55,775,0
0071,13:00,780,0
0071,13:05,785,0
0071,13:10,790,0
0071,13:15,795,0
0071,13:20,800,0
0071,13:25,805,0
0071,13:30,810,0
0071,13:35,815,0
0071,13:40,820,0
0071,13:45,825,0
0071,13:50,830,0
0071,13:55,835,0
0071,14:00,840,0
0071,14:05,845,0
0071,14:10,850,0
0071,14:15,855,0
0071,14:20,860,0
0071,14:25,865,0
0071,14:30,870,0
0071,14:35,875,0
0071,14:40,880,0
0071,14:45,885,-356
0071,14:50,890,-356
0071,14:55,895,-356
0071,15:00,900,-356
0071,15:05,905,-356
0071,15:10,910,-356
0071,15:15,915,-356
0071,15:20,920,-356
0071,15:25,925,-356
0071,15:30,930,-356
0071,15:35,935,-356
0071,15:40,940,-356
0071,15:45,945,-356
0071,15:50,950,-356
0071,15:55,955,-356
0071,16:00,960,-356
0071,16:05,965,-356
0071,16:10,970,-356
0071,16:15,975,-356
0071,16:20,980,-356
0071,16:25,985,-356
0071,16:30,990,-356
0071,16:35,995,-356
0071,16:40,1000,-356
0071,16:45,1005,-356
0071,16:50,1010,-533
0071,16:55,1015,-533
0071,17:00,1020,-533
0071,17:05,1025,-1156
0071,17:10,1030,-1156
0071,17:15,1035,-1156
0071,17:20,1040,-1156
0071,17:25,1045,-1156
0071,17:30,1050,-2756
0071,17:35,1055,-2756
0071,17:40,1060,-2756
0071,17:45,1065,-2756
0071,17:50,1070,-4267
0071,17:55,1075,-4267
0071,18:00,1080,-4267
0071,18:05,1085,-4267
0071,18:10,1090,1897
0071,18:15,1095,1897
0071,18:20,1100,1897
0071,18:25,1105,6293
0071,18:30,1110,6293
0071,18:35,1115,6293
0071,18:40,1120,6293
0071,18:45,1125,6293
0071,18:50,1130,5172
0071,18:55,1135,5172
0071,19:00,1140,5172
0071,19:05,1145,5172
0071,19:10,1150,3793
0071,19:15,1155,3793
0071,19:20,1160,3793
0071,19:25,1165,3793
0071,19:30,1170,3793
0071,19:35,1175,3793
0071,19:40,1180,3793
0071,19:45,1185,3793
0071,19:50,1190,3793
0071,19:55,1195,3793
0071,20:00,1200,3793
0071,20:05,1205,3793
0071,20:10,1210,3793
0071,20:15,1215,3793
0071,20:20,1220,3793
0071,20:25,1225,3793
0071,20:30,1230,3793
0071,20:35,1235,3793
0071,20:40,1240,3793
0071,20:45,1245,3793
0071,20:50,1250,3793
0071,20:55,1255,3793
0071,21:00,1260,3793
0071,21:05,1265,3793
0071,21:10,1270,3793
0071,21:15,1275,3793
0071,21:20,1280,3793
0071,21:25,1285,3793
0071,21:30,1290,3793
0071,21:35,1295,3793
0071,21:40,1300,3793
0071,21:45,1305,3793
0071,21:50,1310,3793
0071,21:55,1315,3793
0071,22:00,1320,3793
0071,22:05,1325,3793
0071,22:10,1330,3793
0071,22:15,1335,3793
0071,22:20,1340,3793
0071,22:25,1345,3793
0071,22:30,1350,3793
0071,22:35,1355,3793
0071,22:40,1360,3793
0071,22:45,1365,3793
0071,22:50,1370,3793
0071,22:55,1375,3793
0071,23:00,1380,3793
0071,23:05,1385,3793
0071,23:10,1390,3793
0071,23:15,1395,3793
0071,23:16,1396,3793
0071,23:20,1400,3793
0072,09:00,540,0
0072,09:05,545,0
0072,09:10,550,0
0072,09:15,555,0
0072,09:20,560,0
0072,09:25,565,0
0072,09:30,570,0
0072,09:35,575,0
0072,09:40,580,0
0072,09:45,585,0
0072,09:50,590,0
0072,09:55,595,0
0072,10:00,600,0
0072,10:05,605,0
0072,10:10,610,0
0072,10:15,615,0
0072,10:20,620,0
0072,10:25,625,0
0072,10:30,630,0
0072,10:35,635,0
0072,10:40,640,0
0072,10:45,645,0
0072,10:50,650,0
0072,10:55,655,0
0072,11:00,660,-255
0072,11:05,665,-255
0072,11:10,670,-511
0072,11:15,675,-511
0072,11:20,680,-511
0072,11:25,685,-511
0072,11:30,690,-255
0072,11:35,695,-255
0072,11:40,700,-255
0072,11:45,705,4711
0072,11:50,710,4711
0072,11:55,715,4711
0072,12:00,720,4711
0072,12:05,725,8926
0072,12:10,730,8926
0072,12:15,735,8926
0072,12:20,740,8926
0072,12:25,745,8926
0072,12:30,750,14132
0072,12:35,755,14132
0072,12:40,760,14132
0072,12:45,765,14132
0072,12:50,770,20826
0072,12:55,775,20826
0072,13:00,780,20826
0072,13:05,785,23554
0072,13:10,790,23554
0072,13:15,795,23554
0072,13:20,800,23554
0072,13:25,805,22066
0072,13:30,810,22066
0072,13:35,815,22066
0072,13:40,820,22066
0072,13:45,825,22066
0072,13:50,830,22810
0072,13:55,835,22810
0072,14:00,840,22810
0072,14:05,845,22810
0072,14:10,850,22066
0072,14:15,855,22066
0072,14:20,860,22066
0072,14:25,865,22066
0072,14:30,870,20826
0072,14:35,875,20826
0072,14:40,880,20826
0072,14:45,885,20083
0072,14:50,890,20083
0072,14:55,895,20083
0072,15:00,900,20083
0072,15:05,905,20083
0072,15:10,910,20826
0072,15:15,915,20826
0072,15:20,920,20826
0072,15:25,925,20826
0072,15:30,930,19339
0072,15:35,935,19339
0072,15:40,940,19339
0072,15:45,945,17851
0072,15:50,950,17851
0072,15:55,955,17851
0072,16:00,960,17851
0072,16:05,965,17851
0072,16:10,970,16612
0072,16:15,975,16612
0072,16:20,980,16612
0072,16:25,985,16612
0072,16:30,990,16612
0072,16:35,995,16612
0072,16:40,1000,16612
0072,16:45,1005,16612
0072,16:50,1010,16612
0072,16:55,1015,16612
0072,17:00,1020,16612
0072,17:05,1025,19339
0072,17:10,1030,19339
0072,17:15,1035,19339
0072,17:20,1040,19339
0072,17:25,1045,19339
0072,17:30,1050,17851
0072,17:35,1055,17851
0072,17:40,1060,17851
0072,17:45,1065,17851
0072,17:50,1070,16364
0072,17:55,1075,16364
0072,18:00,1080,16364
0072,18:05,1085,16364
0072,18:10,1090,15372
0072,18:15,1095,15372
0072,18:20,1100,15372
0072,18:25,1105,15372
0072,18:30,1110,15372
0072,18:35,1115,15372
0072,18:40,1120,15372
0072,18:45,1125,15372
0072,18:50,1130,15372
0072,18:55,1135,15372
0072,19:00,1140,15372
0072,19:05,1145,15372
0072,19:10,1150,15372
0072,19:15,1155,15372
0072,19:20,1160,15372
0072,19:25,1165,14380
0072,19:30,1170,14380
0072,19:35,1175,14380
0072,19:40,1180,14380
0072,19:45,1185,14380
0072,19:50,1190,14380
0072,19:55,1195,14380
0072,20:00,1200,14380
0072,20:05,1205,14380
0072,20:10,1210,14380
0072,20:15,1215,14380
0072,20:20,1220,14380
0072,20:25,1225,14380
0072,20:30,1230,14380
0072,20:35,1235,14380
0072,20:40,1240,14380
0072,20:45,1245,12893
0072,20:50,1250,12893
0072,20:55,1255,12893
0072,21:00,1260,12893
0072,21:05,1265,12893
0072,21:10,1270,12893
0072,21:15,1275,12893
0072,21:20,1280,12893
0072,21:25,1285,12893
0072,21:30,1290,13140
0072,21:35,1295,13140
0072,21:40,1300,13140
0072,21:45,1305,11653
0072,21:50,1310,11653
0072,21:55,1315,11653
0072,22:00,1320,11653
0072,22:05,1325,10413
0072,22:10,1330,10413
0072,22:15,1335,10413
0072,22:20,1340,10413
0072,22:25,1345,10413
0072,22:30,1350,8678
0072,22:35,1355,8678
0072,22:40,1360,8678
0072,22:45,1365,8678
0072,22:50,1370,8678
0072,22:55,1375,8678
0072,23:00,1380,8678
0072,23:05,1385,8678
0072,23:10,1390,8678
0072,23:15,1395,8678
0072,23:16,1396,8678
0072,23:20,1400,8678
0073,09:00,540,0
0073,09:05,545,0
0073,09:10,550,0
0073,09:15,555,0
0073,09:20,560,0
0073,09:25,565,0
0073,09:30,570,0
0073,09:35,575,0
0073,09:40,580,0
0073,09:45,585,0
0073,09:50,590,0
0073,09:55,595,0
0073,10:00,600,0
0073,10:05,605,0
0073,10:10,610,0
0073,10:15,615,0
0073,10:20,620,0
0073,10:25,625,-444
0073,10:30,630,-444
0073,10:35,635,-444
0073,10:40,640,-444
0073,10:45,645,-444
0073,10:50,650,-444
0073,10:55,655,-444
0073,11:00,660,-978
0073,11:05,665,-978
0073,11:10,670,-1244
0073,11:15,675,-1244
0073,11:20,680,-1244
0073,11:25,685,-1244
0073,11:30,690,-444
0073,11:35,695,-444
0073,11:40,700,-444
0073,11:45,705,4914
0073,11:50,710,4914
0073,11:55,715,4914
0073,12:00,720,4914
0073,12:05,725,5862
0073,12:10,730,5862
0073,12:15,735,5862
0073,12:20,740,5862
0073,12:25,745,5862
0073,12:30,750,5345
0073,12:35,755,5345
0073,12:40,760,5345
0073,12:45,765,5345
0073,12:50,770,4569
0073,12:55,775,4569
0073,13:00,780,4569
0073,13:05,785,3448
0073,13:10,790,3448
0073,13:15,795,3448
0073,13:20,800,3448
0073,13:25,805,2069
0073,13:30,810,2069
0073,13:35,815,2069
0073,13:40,820,2069
0073,13:45,825,2069
0073,13:50,830,2241
0073,13:55,835,2241
0073,14:00,840,2241
0073,14:05,845,2241
0073,14:10,850,4741
0073,14:15,855,4741
0073,14:20,860,4741
0073,14:25,865,4741
0073,14:30,870,3966
0073,14:35,875,3966
0073,14:40,880,3966
0073,14:45,885,3621
0073,14:50,890,3621
0073,14:55,895,3621
0073,15:00,900,3621
0073,15:05,905,3621
0073,15:10,910,3621
0073,15:15,915,3621
0073,15:20,920,3621
0073,15:25,925,3621
0073,15:30,930,3621
0073,15:35,935,3621
0073,15:40,940,3621
0073,15:45,945,3621
0073,15:50,950,3621
0073,15:55,955,3621
0073,16:00,960,3621
0073,16:05,965,3621
0073,16:10,970,3621
0073,16:15,975,3621
0073,16:20,980,3621
0073,16:25,985,3621
0073,16:30,990,1897
0073,16:35,995,1897
0073,16:40,1000,1897
0073,16:45,1005,1897
0073,16:50,1010,1121
0073,16:55,1015,1121
0073,17:00,1020,1121
0073,17:05,1025,948
0073,17:10,1030,948
0073,17:15,1035,948
0073,17:20,1040,948
0073,17:25,1045,948
0073,17:30,1050,3362
0073,17:35,1055,3362
0073,17:40,1060,3362
0073,17:45,1065,3362
0073,17:50,1070,4052
0073,17:55,1075,4052
0073,18:00,1080,4052
0073,18:05,1085,4052
0073,18:10,1090,3707
0073,18:15,1095,3707
0073,18:20,1100,3707
0073,18:25,1105,3707
0073,18:30,1110,3707
0073,18:35,1115,3707
0073,18:40,1120,3707
0073,18:45,1125,3707
0073,18:50,1130,3707
0073,18:55,1135,3707
0073,19:00,1140,3707
0073,19:05,1145,3707
0073,19:10,1150,3707
0073,19:15,1155,3707
0073,19:20,1160,3707
0073,19:25,1165,3707
0073,19:30,1170,3707
0073,19:35,1175,3707
0073,19:40,1180,3707
0073,19:45,1185,3707
0073,19:50,1190,3707
0073,19:55,1195,3707
0073,20:00,1200,3707
0073,20:05,1205,3707
0073,20:10,1210,3707
0073,20:15,1215,3707
0073,20:20,1220,3707
0073,20:25,1225,3707
0073,20:30,1230,3707
0073,20:35,1235,3707
0073,20:40,1240,3707
0073,20:45,1245,3707
0073,20:50,1250,3707
0073,20:55,1255,3707
0073,21:00,1260,3707
0073,21:05,1265,3707
0073,21:10,1270,3707
0073,21:15,1275,3707
0073,21:20,1280,3707
0073,21:25,1285,3707
0073,21:30,1290,3707
0073,21:35,1295,3707
0073,21:40,1300,3707
0073,21:45,1305,3707
0073,21:50,1310,3707
0073,21:55,1315,3707
0073,22:00,1320,3707
0073,22:05,1325,3707
0073,22:10,1330,3707
0073,22:15,1335,3707
0073,22:20,1340,3707
0073,22:25,1345,3707
0073,22:30,1350,3707
0073,22:35,1355,3707
0073,22:40,1360,3707
0073,22:45,1365,3707
0073,22:50,1370,3707
0073,22:55,1375,3707
0073,23:00,1380,3707
0073,23:05,1385,3707
0073,23:10,1390,3707
0073,23:15,1395,3707
0073,23:16,1396,3707
0073,23:20,1400,3707
0074,09:00,540,0
0074,09:05,545,0
0074,09:10,550,0
0074,09:15,555,0
0074,09:20,560,0
0074,09:25,565,0
0074,09:30,570,0
0074,09:35,575,0
0074,09:40,580,0
0074,09:45,585,0
0074,09:50,590,0
0074,09:55,595,0
0074,10:00,600,0
0074,10:05,605,0
0074,10:10,610,172
0074,10:15,615,172
0074,10:20,620,172
0074,10:25,625,2586
0074,10:30,630,2586
0074,10:35,635,2586
0074,10:40,640,2069
0074,10:45,645,2069
0074,10:50,650,2069
0074,10:55,655,2069
0074,11:00,660,7241
0074,11:05,665,7241
0074,11:10,670,7241
0074,11:15,675,7241
0074,11:20,680,7241
0074,11:25,685,7241
0074,11:30,690,9483
0074,11:35,695,9483
0074,11:40,700,9483
0074,11:45,705,11034
0074,11:50,710,11034
0074,11:55,715,11034
0074,12:00,720,11034
0074,12:05,725,15345
0074,12:10,730,15345
0074,12:15,735,15345
0074,12:20,740,15345
0074,12:25,745,15345
0074,12:30,750,18966
0074,12:35,755,18966
0074,12:40,760,18966
0074,12:45,765,18966
0074,12:50,770,18621
0074,12:55,775,18621
0074,13:00,780,18621
0074,13:05,785,18621
0074,13:10,790,18621
0074,13:15,795,18621
0074,13:20,800,18621
0074,13:25,805,16897
0074,13:30,810,16897
0074,13:35,815,16897
0074,13:40,820,16897
0074,13:45,825,16897
0074,13:50,830,15862
0074,13:55,835,15862
0074,14:00,840,15862
0074,14:05,845,15862
0074,14:10,850,14655
0074,14:15,855,14655
0074,14:20,860,14655
0074,14:25,865,14655
0074,14:30,870,13448
0074,14:35,875,13448
0074,14:40,880,13448
0074,14:45,885,13793
0074,14:50,890,13793
0074,14:55,895,13793
0074,15:00,900,13793
0074,15:05,905,13793
0074,15:10,910,13276
0074,15:15,915,13276
0074,15:20,920,13276
0074,15:25,925,13276
0074,15:30,930,12241
0074,15:35,935,12241
0074,15:40,940,12241
0074,15:45,945,10690
0074,15:50,950,10690
0074,15:55,955,10690
0074,16:00,960,10690
0074,16:05,965,10690
0074,16:10,970,9310
0074,16:15,975,9310
0074,16:20,980,9310
0074,16:25,985,9310
0074,16:30,990,11034
0074,16:35,995,11034
0074,16:40,1000,11034
0074,16:45,1005,11034
0074,16:50,1010,9483
0074,16:55,1015,9483
0074,17:00,1020,9483
0074,17:05,1025,8276
0074,17:10,1030,8276
0074,17:15,1035,8276
0074,17:20,1040,8276
0074,17:25,1045,8276
0074,17:30,1050,8103
0074,17:35,1055,8103
0074,17:40,1060,8103
0074,17:45,1065,8103
0074,17:50,1070,6897
0074,17:55,1075,6897
0074,18:00,1080,6897
0074,18:05,1085,6897
0074,18:10,1090,5517
0074,18:15,1095,5517
0074,18:20,1100,5517
0074,18:25,1105,7414
0074,18:30,1110,7414
0074,18:35,1115,7414
0074,18:40,1120,7414
0074,18:45,1125,7414
0074,18:50,1130,6034
0074,18:55,1135,6034
0074,19:00,1140,6034
0074,19:05,1145,6034
0074,19:10,1150,4655
0074,19:15,1155,4655
0074,19:20,1160,4655
0074,19:25,1165,3448
0074,19:30,1170,3448
0074,19:35,1175,3448
0074,19:40,1180,3448
0074,19:45,1185,3966
0074,19:50,1190,3966
0074,19:55,1195,3966
0074,20:00,1200,3966
0074,20:05,1205,3966
0074,20:10,1210,3276
0074,20:15,1215,3276
0074,20:20,1220,3276
0074,20:25,1225,3276
0074,20:30,1230,1552
0074,20:35,1235,1552
0074,20:40,1240,1552
0074,20:45,1245,1552
0074,20:50,1250,1552
0074,20:55,1255,1552
0074,21:00,1260,1552
0074,21:05,1265,1552
0074,21:10,1270,2759
0074,21:15,1275,2759
0074,21:20,1280,2759
0074,21:25,1285,2759
0074,21:30,1290,4310
0074,21:35,1295,4310
0074,21:40,1300,4310
0074,21:45,1305,4310
0074,21:50,1310,4310
0074,21:55,1315,4310
0074,22:00,1320,4310
0074,22:05,1325,4310
0074,22:10,1330,4310
0074,22:15,1335,4310
0074,22:20,1340,4310
0074,22:25,1345,4310
0074,22:30,1350,4310
0074,22:35,1355,4310
0074,22:40,1360,4310
0074,22:45,1365,4310
0074,22:50,1370,4310
0074,22:55,1375,4310
0074,23:00,1380,4310
0074,23:05,1385,4310
0074,23:10,1390,4310
0074,23:15,1395,4310
0074,23:16,1396,4310
0074,23:20,1400,4310
0075,09:00,540,0
0075,09:05,545,0
0075,09:10,550,0
0075,09:15,555,0
0075,09:20,560,0
0075,09:25,565,0
0075,09:30,570,0
0075,09:35,575,0
0075,09:40,580,0
0075,09:45,585,0
0075,09:50,590,0
0075,09:55,595,0
0075,10:00,600,0
0075,10:05,605,0
0075,10:10,610,0
0075,10:15,615,0
0075,10:20,620,0
0075,10:25,625,0
0075,10:30,630,0
0075,10:35,635,0
0075,10:40,640,0
0075,10:45,645,0
0075,10:50,650,0
0075,10:55,655,0
0075,11:00,660,0
0075,11:05,665,0
0075,11:10,670,0
0075,11:15,675,0
0075,11:20,680,0
0075,11:25,685,0
0075,11:30,690,0
0075,11:35,695,0
0075,11:40,700,0
0075,11:45,705,0
0075,11:50,710,0
0075,11:55,715,0
0075,12:00,720,0
0075,12:05,725,0
0075,12:10,730,0
0075,12:15,735,0
0075,12:20,740,0
0075,12:25,745,0
0075,12:30,750,0
0075,12:35,755,0
0075,12:40,760,0
0075,12:45,765,0
0075,12:50,770,0
0075,12:55,775,0
0075,13:00,780,0
0075,13:05,785,-978
0075,13:10,790,-978
0075,13:15,795,-978
0075,13:20,800,-978
0075,13:25,805,-1689
0075,13:30,810,-1689
0075,13:35,815,-1689
0075,13:40,820,-1689
0075,13:45,825,-1689
0075,13:50,830,-2578
0075,13:55,835,-2578
0075,14:00,840,-2578
0075,14:05,845,-2578
0075,14:10,850,-3911
0075,14:15,855,-3911
0075,14:20,860,-3911
0075,14:25,865,-3911
0075,14:30,870,-3467
0075,14:35,875,-3467
0075,14:40,880,-3467
0075,14:45,885,-4533
0075,14:50,890,-4533
0075,14:55,895,-4533
0075,15:00,900,-4533
0075,15:05,905,-4533
0075,15:10,910,-5244
0075,15:15,915,-5244
0075,15:20,920,-5244
0075,15:25,925,-5244
0075,15:30,930,-5244
0075,15:35,935,-5244
0075,15:40,940,-5244
0075,15:45,945,-5244
0075,15:50,950,-5244
0075,15:55,955,-5244
0075,16:00,960,-5244
0075,16:05,965,-5244
0075,16:10,970,-5244
0075,16:15,975,-5244
0075,16:20,980,-5244
0075,16:25,985,-5244
0075,16:30,990,-5244
0075,16:35,995,-5244
0075,16:40,1000,-5244
0075,16:45,1005,-5244
0075,16:50,1010,-5244
0075,16:55,1015,-5244
0075,17:00,1020,-5244
0075,17:05,1025,-5244
0075,17:10,1030,-5244
0075,17:15,1035,-5244
0075,17:20,1040,-5244
0075,17:25,1045,-5244
0075,17:30,1050,-6222
0075,17:35,1055,-6222
0075,17:40,1060,-6222
0075,17:45,1065,-6222
0075,17:50,1070,-6222
0075,17:55,1075,-6222
0075,18:00,1080,-6222
0075,18:05,1085,-6222
0075,18:10,1090,-6222
0075,18:15,1095,-6222
0075,18:20,1100,-6222
0075,18:25,1105,-6400
0075,18:30,1110,-6400
0075,18:35,1115,-6400
0075,18:40,1120,-6400
0075,18:45,1125,-6400
0075,18:50,1130,-5156
0075,18:55,1135,-5156
0075,19:00,1140,-5156
0075,19:05,1145,-5156
0075,19:10,1150,-5156
0075,19:15,1155,-5156
0075,19:20,1160,-5156
0075,19:25,1165,-5156
0075,19:30,1170,-5156
0075,19:35,1175,-5156
0075,19:40,1180,-5156
0075,19:45,1185,-5156
0075,19:50,1190,-5156
0075,19:55,1195,-5156
0075,20:00,1200,-5156
0075,20:05,1205,-5156
0075,20:10,1210,-5156
0075,20:15,1215,-5156
0075,20:20,1220,-5156
0075,20:25,1225,-5156
0075,20:30,1230,-5156
0075,20:35,1235,-5156
0075,20:40,1240,-5156
0075,20:45,1245,-5156
0075,20:50,1250,-5156
0075,20:55,1255,-5156
0075,21:00,1260,-5156
0075,21:05,1265,-5156
0075,21:10,1270,-5156
0075,21:15,1275,-5156
0075,21:20,1280,-5156
0075,21:25,1285,-5156
0075,21:30,1290,-5156
0075,21:35,1295,-5156
0075,21:40,1300,-5156
0075,21:45,1305,-5156
0075,21:50,1310,-5156
0075,21:55,1315,-5156
0075,22:00,1320,-5156
0075,22:05,1325,-5156
0075,22:10,1330,-5156
0075,22:15,1335,-5156
0075,22:20,1340,-5156
0075,22:25,1345,-5156
0075,22:30,1350,-5156
0075,22:35,1355,-5156
0075,22:40,1360,-5156
0075,22:45,1365,-5156
0075,22:50,1370,-5156
0075,22:55,1375,-5156
0075,23:00,1380,-5156
0075,23:05,1385,-5156
0075,23:10,1390,-5156
0075,23:15,1395,-5156
0075,23:16,1396,-5156
0075,23:20,1400,-5156
0076,09:00,540,0
0076,09:05,545,0
0076,09:10,550,0
0076,09:15,555,0
0076,09:20,560,0
0076,09:25,565,0
0076,09:30,570,0
0076,09:35,575,0
0076,09:40,580,0
0076,09:45,585,0
0076,09:50,590,0
0076,09:55,595,0
0076,10:00,600,0
0076,10:05,605,0
0076,10:10,610,0
0076,10:15,615,0
0076,10:20,620,0
0076,10:25,625,-851
0076,10:30,630,-851
0076,10:35,635,-851
0076,10:40,640,-851
0076,10:45,645,-851
0076,10:50,650,-851
0076,10:55,655,-851
0076,11:00,660,-1532
0076,11:05,665,-1532
0076,11:10,670,-1872
0076,11:15,675,-1872
0076,11:20,680,-1872
0076,11:25,685,-1872
0076,11:30,690,-3234
0076,11:35,695,-3234
0076,11:40,700,-3234
0076,11:45,705,-4255
0076,11:50,710,-4255
0076,11:55,715,-4255
0076,12:00,720,-4255
0076,12:05,725,-4936
0076,12:10,730,-4936
0076,12:15,735,-4936
0076,12:20,740,-4936
0076,12:25,745,-4936
0076,12:30,750,-5617
0076,12:35,755,-5617
0076,12:40,760,-5617
0076,12:45,765,-5617
0076,12:50,770,-5957
0076,12:55,775,-5957
0076,13:00,780,-5957
0076,13:05,785,-5957
0076,13:10,790,-5957
0076,13:15,795,-5957
0076,13:20,800,-5957
0076,13:25,805,-7149
0076,13:30,810,-7149
0076,13:35,815,-7149
0076,13:40,820,-7149
0076,13:45,825,-7149
0076,13:50,830,-8170
0076,13:55,835,-8170
0076,14:00,840,-8170
0076,14:05,845,-8170
0076,14:10,850,-9021
0076,14:15,855,-9021
0076,14:20,860,-9021
0076,14:25,865,-9021
0076,14:30,870,-10213
0076,14:35,875,-10213
0076,14:40,880,-10213
0076,14:45,885,-11234
0076,14:50,890,-11234
0076,14:55,895,-11234
0076,15:00,900,-11234
0076,15:05,905,-11234
0076,15:10,910,-11745
0076,15:15,915,-11745
0076,15:20,920,-11745
0076,15:25,925,-11745
0076,15:30,930,-12766
0076,15:35,935,-12766
0076,15:40,940,-12766
0076,15:45,945,-9021
0076,15:50,950,-9021
0076,15:55,955,-9021
0076,16:00,960,-9021
0076,16:05,965,-9021
0076,16:10,970,-3404
0076,16:15,975,-3404
0076,16:20,980,-3404
0076,16:25,985,-3404
0076,16:30,990,-3234
0076,16:35,995,-3234
0076,16:40,1000,-3234
0076,16:45,1005,-3234
0076,16:50,1010,-4085
0076,16:55,1015,-4085
0076,17:00,1020,-4085
0076,17:05,1025,-4085
0076,17:10,1030,-4085
0076,17:15,1035,-4085
0076,17:20,1040,-4085
0076,17:25,1045,-4085
0076,17:30,1050,-4085
0076,17:35,1055,-4085
0076,17:40,1060,-4085
0076,17:45,1065,-4085
0076,17:50,1070,-4085
0076,17:55,1075,-4085
0076,18:00,1080,-4085
0076,18:05,1085,-4085
0076,18:10,1090,-4085
0076,18:15,1095,-4085
0076,18:20,1100,-4085
0076,18:25,1105,-4085
0076,18:30,1110,-4085
0076,18:35,1115,-4085
0076,18:40,1120,-4085
0076,18:45,1125,-4085
0076,18:50,1130,-4255
0076,18:55,1135,-4255
0076,19:00,1140,-4255
0076,19:05,1145,-4255
0076,19:10,1150,-170
0076,19:15,1155,-170
0076,19:20,1160,-170
0076,19:25,1165,331
0076,19:30,1170,331
0076,19:35,1175,331
0076,19:40,1180,331
0076,19:45,1185,2975
0076,19:50,1190,2975
0076,19:55,1195,2975
0076,20:00,1200,2975
0076,20:05,1205,2975
0076,20:10,1210,6942
0076,20:15,1215,6942
0076,20:20,1220,6942
0076,20:25,1225,6942
0076,20:30,1230,12231
0076,20:35,1235,12231
0076,20:40,1240,12231
0076,20:45,1245,13223
0076,20:50,1250,13223
0076,20:55,1255,13223
0076,21:00,1260,13223
0076,21:05,1265,13223
0076,21:10,1270,12231
0076,21:15,1275,12231
0076,21:20,1280,12231
0076,21:25,1285,12231
0076,21:30,1290,12231
0076,21:35,1295,12231
0076,21:40,1300,12231
0076,21:45,1305,12231
0076,21:50,1310,12231
0076,21:55,1315,12231
0076,22:00,1320,12231
0076,22:05,1325,12231
0076,22:10,1330,12231
0076,22:15,1335,12231
0076,22:20,1340,12231
0076,22:25,1345,12231
0076,22:30,1350,12231
0076,22:35,1355,12231
0076,22:40,1360,12231
0076,22:45,1365,12231
0076,22:50,1370,12231
0076,22:55,1375,12231
0076,23:00,1380,12231
0076,23:05,1385,12231
0076,23:10,1390,12231
0076,23:15,1395,12231
0076,23:16,1396,12231
0076,23:20,1400,12231
0077,09:00,540,0
0077,09:05,545,0
0077,09:10,550,0
0077,09:15,555,0
0077,09:20,560,0
0077,09:25,565,0
0077,09:30,570,0
0077,09:35,575,0
0077,09:40,580,0
0077,09:45,585,0
0077,09:50,590,0
0077,09:55,595,0
0077,10:00,600,0
0077,10:05,605,0
0077,10:10,610,0
0077,10:15,615,0
0077,10:20,620,0
0077,10:25,625,-178
0077,10:30,630,-178
0077,10:35,635,-178
0077,10:40,640,-1067
0077,10:45,645,-1067
0077,10:50,650,-1067
0077,10:55,655,-1067
0077,11:00,660,-2311
0077,11:05,665,-2311
0077,11:10,670,-2489
0077,11:15,675,-2489
0077,11:20,680,-2489
0077,11:25,685,-2489
0077,11:30,690,-3911
0077,11:35,695,-3911
0077,11:40,700,-3911
0077,11:45,705,-5511
0077,11:50,710,-5511
0077,11:55,715,-5511
0077,12:00,720,-5511
0077,12:05,725,-6933
0077,12:10,730,-6933
0077,12:15,735,-6933
0077,12:20,740,-6933
0077,12:25,745,-6933
0077,12:30,750,-6933
0077,12:35,755,-6933
0077,12:40,760,-6933
0077,12:45,765,-6933
0077,12:50,770,-8356
0077,12:55,775,-8356
0077,13:00,780,-8356
0077,13:05,785,-9244
0077,13:10,790,-9244
0077,13:15,795,-9244
0077,13:20,800,-9244
0077,13:25,805,-10844
0077,13:30,810,-10844
0077,13:35,815,-10844
0077,13:40,820,-10844
0077,13:45,825,-10844
0077,13:50,830,-12444
0077,13:55,835,-12444
0077,14:00,840,-12444
0077,14:05,845,-12444
0077,14:10,850,-13156
0077,14:15,855,-13156
0077,14:20,860,-13156
0077,14:25,865,-13156
0077,14:30,870,-14578
0077,14:35,875,-14578
0077,14:40,880,-14578
0077,14:45,885,-11022
0077,14:50,890,-11022
0077,14:55,895,-11022
0077,15:00,900,-11022
0077,15:05,905,-11022
0077,15:10,910,-11200
0077,15:15,915,-11200
0077,15:20,920,-11200
0077,15:25,925,-11200
0077,15:30,930,-11200
0077,15:35,935,-11200
0077,15:40,940,-11200
0077,15:45,945,-11200
0077,15:50,950,-11200
0077,15:55,955,-11200
0077,16:00,960,-11200
0077,16:05,965,-11200
0077,16:10,970,-11200
0077,16:15,975,-11200
0077,16:20,980,-11200
0077,16:25,985,-11200
0077,16:30,990,-12444
0077,16:35,995,-12444
0077,16:40,1000,-12444
0077,16:45,1005,-12444
0077,16:50,1010,-14044
0077,16:55,1015,-14044
0077,17:00,1020,-14044
0077,17:05,1025,-15289
0077,17:10,1030,-15289
0077,17:15,1035,-15289
0077,17:20,1040,-15289
0077,17:25,1045,-15289
0077,17:30,1050,-16178
0077,17:35,1055,-16178
0077,17:40,1060,-16178
0077,17:45,1065,-16178
0077,17:50,1070,-16178
0077,17:55,1075,-16178
0077,18:00,1080,-16178
0077,18:05,1085,-16178
0077,18:10,1090,-16178
0077,18:15,1095,-16178
0077,18:20,1100,-16178
0077,18:25,1105,-16178
0077,18:30,1110,-16178
0077,18:35,1115,-16178
0077,18:40,1120,-16178
0077,18:45,1125,-16178
0077,18:50,1130,-16889
0077,18:55,1135,-16889
0077,19:00,1140,-16889
0077,19:05,1145,-16889
0077,19:10,1150,-16356
0077,19:15,1155,-16356
0077,19:20,1160,-16356
0077,19:25,1165,-17422
0077,19:30,1170,-17422
0077,19:35,1175,-17422
0077,19:40,1180,-17422
0077,19:45,1185,-18844
0077,19:50,1190,-18844
0077,19:55,1195,-18844
0077,20:00,1200,-18844
0077,20:05,1205,-18844
0077,20:10,1210,-18844
0077,20:15,1215,-18844
0077,20:20,1220,-18844
0077,20:25,1225,-18844
0077,20:30,1230,-18844
0077,20:35,1235,-18844
0077,20:40,1240,-18844
0077,20:45,1245,-18844
0077,20:50,1250,-18844
0077,20:55,1255,-18844
0077,21:00,1260,-18844
0077,21:05,1265,-18844
0077,21:10,1270,-18844
0077,21:15,1275,-18844
0077,21:20,1280,-18844
0077,21:25,1285,-18844
0077,21:30,1290,-19733
0077,21:35,1295,-19733
0077,21:40,1300,-19733
0077,21:45,1305,-19911
0077,21:50,1310,-19911
0077,21:55,1315,-19911
0077,22:00,1320,-19911
0077,22:05,1325,-19911
0077,22:10,1330,-19911
0077,22:15,1335,-19911
0077,22:20,1340,-19911
0077,22:25,1345,-19911
0077,22:30,1350,-19911
0077,22:35,1355,-19911
0077,22:40,1360,-19911
0077,22:45,1365,-19911
0077,22:50,1370,-19911
0077,22:55,1375,-19911
0077,23:00,1380,-19911
0077,23:05,1385,-19911
0077,23:10,1390,-19911
0077,23:15,1395,-19911
0077,23:16,1396,-19911
0077,23:20,1400,-19911
