machine,time,minute,value
0039,09:00,540,0
0039,09:05,545,0
0039,09:10,550,0
0039,09:15,555,0
0039,09:20,560,0
0039,09:25,565,0
0039,09:30,570,0
0039,09:35,575,0
0039,09:40,580,0
0039,09:45,585,0
0039,09:50,590,0
0039,09:55,595,0
0039,10:00,600,0
0039,10:05,605,0
0039,10:10,610,0
0039,10:15,615,0
0039,10:20,620,0
0039,10:25,625,0
0039,10:30,630,0
0039,10:35,635,0
0039,10:40,640,-178
0039,10:45,645,-178
0039,10:50,650,-178
0039,10:55,655,-178
0039,11:00,660,-711
0039,11:05,665,-711
0039,11:10,670,-711
0039,11:15,675,-711
0039,11:20,680,-711
0039,11:25,685,-711
0039,11:30,690,-711
0039,11:35,695,-711
0039,11:40,700,-711
0039,11:45,705,-1067
0039,11:50,710,-1067
0039,11:55,715,-1067
0039,12:00,720,-1067
0039,12:05,725,2586
0039,12:10,730,2586
0039,12:15,735,2586
0039,12:20,740,2586
0039,12:25,745,2586
0039,12:30,750,3621
0039,12:35,755,3621
0039,12:40,760,3621
0039,12:45,765,3621
0039,12:50,770,7414
0039,12:55,775,7414
0039,13:00,780,7414
0039,13:05,785,6724
0039,13:10,790,6724
0039,13:15,795,6724
0039,13:20,800,6724
0039,13:25,805,6552
0039,13:30,810,6552
0039,13:35,815,6552
0039,13:40,820,6552
0039,13:45,825,6552
0039,13:50,830,5862
0039,13:55,835,5862
0039,14:00,840,5862
0039,14:05,845,5862
0039,14:10,850,5345
0039,14:15,855,5345
0039,14:20,860,5345
0039,14:25,865,5345
0039,14:30,870,3793
0039,14:35,875,3793
0039,14:40,880,3793
0039,14:45,885,3448
0039,14:50,890,3448
0039,14:55,895,3448
0039,15:00,900,3448
0039,15:05,905,3448
0039,15:10,910,3103
0039,15:15,915,3103
0039,15:20,920,3103
0039,15:25,925,3103
0039,15:30,930,3621
0039,15:35,935,3621
0039,15:40,940,3621
0039,15:45,945,6034
0039,15:50,950,6034
0039,15:55,955,6034
0039,16:00,960,6034
0039,16:05,965,6034
0039,16:10,970,4828
0039,16:15,975,4828
0039,16:20,980,4828
0039,16:25,985,4828
0039,16:30,990,3276
0039,16:35,995,3276
0039,16:40,1000,3276
0039,16:45,1005,3276
0039,16:50,1010,1897
0039,16:55,1015,1897
0039,17:00,1020,1897
0039,17:05,1025,5862
0039,17:10,1030,5862
0039,17:15,1035,5862
0039,17:20,1040,5862
0039,17:25,1045,5862
0039,17:30,1050,12586
0039,17:35,1055,12586
0039,17:40,1060,12586
0039,17:45,1065,12586
0039,17:50,1070,16552
0039,17:55,1075,16552
0039,18:00,1080,16552
0039,18:05,1085,16552
0039,18:10,1090,18793
0039,18:15,1095,18793
0039,18:20,1100,18793
0039,18:25,1105,18621
0039,18:30,1110,18621
0039,18:35,1115,18621
0039,18:40,1120,18621
0039,18:45,1125,18621
0039,18:50,1130,18448
0039,18:55,1135,18448
0039,19:00,1140,18448
0039,19:05,1145,18448
0039,19:10,1150,17414
0039,19:15,1155,17414
0039,19:20,1160,17414
0039,19:25,1165,16034
0039,19:30,1170,16034
0039,19:35,1175,16034
0039,19:40,1180,16034
0039,19:45,1185,14483
0039,19:50,1190,14483
0039,19:55,1195,14483
0039,20:00,1200,14483
0039,20:05,1205,14483
0039,20:10,1210,14483
0039,20:15,1215,14483
0039,20:20,1220,14483
0039,20:25,1225,14483
0039,20:30,1230,13621
0039,20:35,1235,13621
0039,20:40,1240,13621
0039,20:45,1245,13276
0039,20:50,1250,13276
0039,20:55,1255,13276
0039,21:00,1260,13276
0039,21:05,1265,13276
0039,21:10,1270,13276
0039,21:15,1275,13276
0039,21:20,1280,13276
0039,21:25,1285,13276
0039,21:30,1290,13276
0039,21:35,1295,13276
0039,21:40,1300,13276
0039,21:45,1305,13103
0039,21:50,1310,13103
0039,21:55,1315,13103
0039,22:00,1320,13103
0039,22:05,1325,13103
0039,22:10,1330,13103
0039,22:15,1335,13103
0039,22:20,1340,13103
0039,22:25,1345,13103
0039,22:30,1350,13103
0039,22:35,1355,13103
0039,22:40,1360,13103
0039,22:45,1365,13103
0039,22:50,1370,13103
0039,22:55,1375,13103
0039,23:00,1380,13103
0039,23:05,1385,13103
0039,23:10,1390,13103
0039,23:15,1395,13103
0039,23:16,1396,13103
0039,23:20,1400,13103
0040,09:00,540,0
0040,09:05,545,0
0040,09:10,550,0
0040,09:15,555,0
0040,09:20,560,0
0040,09:25,565,0
0040,09:30,570,0
0040,09:35,575,0
0040,09:40,580,0
0040,09:45,585,0
0040,09:50,590,0
0040,09:55,595,0
0040,10:00,600,0
0040,10:05,605,0
0040,10:10,610,-178
0040,10:15,615,-178
0040,10:20,620,-178
0040,10:25,625,3621
0040,10:30,630,3621
0040,10:35,635,3621
0040,10:40,640,4741
0040,10:45,645,4741
0040,10:50,650,4741
0040,10:55,655,4741
0040,11:00,660,3621
0040,11:05,665,3621
0040,11:10,670,3190
0040,11:15,675,3190
0040,11:20,680,3190
0040,11:25,685,3190
0040,11:30,690,2241
0040,11:35,695,2241
0040,11:40,700,2241
0040,11:45,705,1207
0040,11:50,710,1207
0040,11:55,715,1207
0040,12:00,720,1207
0040,12:05,725,172
0040,12:10,730,172
0040,12:15,735,172
0040,12:20,740,172
0040,12:25,745,172
0040,12:30,750,-267
0040,12:35,755,-267
0040,12:40,760,-267
0040,12:45,765,-267
0040,12:50,770,603
0040,12:55,775,603
0040,13:00,780,603
0040,13:05,785,603
0040,13:10,790,603
0040,13:15,795,603
0040,13:20,800,603
0040,13:25,805,-89
0040,13:30,810,-89
0040,13:35,815,-89
0040,13:40,820,-89
0040,13:45,825,-89
0040,13:50,830,-622
0040,13:55,835,-622
0040,14:00,840,-622
0040,14:05,845,-622
0040,14:10,850,-1244
0040,14:15,855,-1244
0040,14:20,860,-1244
0040,14:25,865,-1244
0040,14:30,870,-2489
0040,14:35,875,-2489
0040,14:40,880,-2489
0040,14:45,885,-3467
0040,14:50,890,-3467
0040,14:55,895,-3467
0040,15:00,900,-3467
0040,15:05,905,-3467
0040,15:10,910,-4267
0040,15:15,915,-4267
0040,15:20,920,-4267
0040,15:25,925,-4267
0040,15:30,930,-5244
0040,15:35,935,-5244
0040,15:40,940,-5244
0040,15:45,945,-4978
0040,15:50,950,-4978
0040,15:55,955,-4978
0040,16:00,960,-4978
0040,16:05,965,-4978
0040,16:10,970,-5689
0040,16:15,975,-5689
0040,16:20,980,-5689
0040,16:25,985,-5689
0040,16:30,990,-5333
0040,16:35,995,-5333
0040,16:40,1000,-5333
0040,16:45,1005,-5333
0040,16:50,1010,-5689
0040,16:55,1015,-5689
0040,17:00,1020,-5689
0040,17:05,1025,-5689
0040,17:10,1030,-5689
0040,17:15,1035,-5689
0040,17:20,1040,-5689
0040,17:25,1045,-5689
0040,17:30,1050,-7289
0040,17:35,1055,-7289
0040,17:40,1060,-7289
0040,17:45,1065,-7289
0040,17:50,1070,-7467
0040,17:55,1075,-7467
0040,18:00,1080,-7467
0040,18:05,1085,-7467
0040,18:10,1090,-7467
0040,18:15,1095,-7467
0040,18:20,1100,-7467
0040,18:25,1105,-7467
0040,18:30,1110,-7467
0040,18:35,1115,-7467
0040,18:40,1120,-7467
0040,18:45,1125,-7467
0040,18:50,1130,-8444
0040,18:55,1135,-8444
0040,19:00,1140,-8444
0040,19:05,1145,-8444
0040,19:10,1150,-8711
0040,19:15,1155,-8711
0040,19:20,1160,-8711
0040,19:25,1165,-8711
0040,19:30,1170,-8711
0040,19:35,1175,-8711
0040,19:40,1180,-8711
0040,19:45,1185,-8889
0040,19:50,1190,-8889
0040,19:55,1195,-8889
0040,20:00,1200,-8889
0040,20:05,1205,-8889
0040,20:10,1210,-8889
0040,20:15,1215,-8889
0040,20:20,1220,-8889
0040,20:25,1225,-8889
0040,20:30,1230,-8889
0040,20:35,1235,-8889
0040,20:40,1240,-8889
0040,20:45,1245,-8889
0040,20:50,1250,-8889
0040,20:55,1255,-8889
0040,21:00,1260,-8889
0040,21:05,1265,-8889
0040,21:10,1270,-8889
0040,21:15,1275,-8889
0040,21:20,1280,-8889
0040,21:25,1285,-8889
0040,21:30,1290,-8889
0040,21:35,1295,-8889
0040,21:40,1300,-8889
0040,21:45,1305,-8889
0040,21:50,1310,-8889
0040,21:55,1315,-8889
0040,22:00,1320,-8889
0040,22:05,1325,-8889
0040,22:10,1330,-8889
0040,22:15,1335,-8889
0040,22:20,1340,-8889
0040,22:25,1345,-8889
0040,22:30,1350,-8889
0040,22:35,1355,-8889
0040,22:40,1360,-8889
0040,22:45,1365,-8889
0040,22:50,1370,-8889
0040,22:55,1375,-8889
0040,23:00,1380,-8889
0040,23:05,1385,-8889
0040,23:10,1390,-8889
0040,23:15,1395,-8889
0040,23:16,1396,-8889
0040,23:20,1400,-8889
0041,09:00,540,0
0041,09:05,545,0
0041,09:10,550,0
0041,09:15,555,0
0041,09:20,560,0
0041,09:25,565,0
0041,09:30,570,0
0041,09:35,575,0
0041,09:40,580,0
0041,09:45,585,0
0041,09:50,590,0
0041,09:55,595,0
0041,10:00,600,0
0041,10:05,605,0
0041,10:10,610,0
0041,10:15,615,0
0041,10:20,620,0
0041,10:25,625,0
0041,10:30,630,0
0041,10:35,635,0
0041,10:40,640,0
0041,10:45,645,0
0041,10:50,650,0
0041,10:55,655,0
0041,11:00,660,0
0041,11:05,665,0
0041,11:10,670,0
0041,11:15,675,0
0041,11:20,680,0
0041,11:25,685,0
0041,11:30,690,0
0041,11:35,695,0
0041,11:40,700,0
0041,11:45,705,0
0041,11:50,710,0
0041,11:55,715,0
0041,12:00,720,0
0041,12:05,725,0
0041,12:10,730,0
0041,12:15,735,0
0041,12:20,740,0
0041,12:25,745,0
0041,12:30,750,-533
0041,12:35,755,-533
0041,12:40,760,-533
0041,12:45,765,-533
0041,12:50,770,-533
0041,12:55,775,-533
0041,13:00,780,-533
0041,13:05,785,-533
0041,13:10,790,-533
0041,13:15,795,-533
0041,13:20,800,-533
0041,13:25,805,-533
0041,13:30,810,-533
0041,13:35,815,-533
0041,13:40,820,-533
0041,13:45,825,-533
0041,13:50,830,-533
0041,13:55,835,-533
0041,14:00,840,-533
0041,14:05,845,-533
0041,14:10,850,-533
0041,14:15,855,-533
0041,14:20,860,-533
0041,14:25,865,-533
0041,14:30,870,-533
0041,14:35,875,-533
0041,14:40,880,-533
0041,14:45,885,-1067
0041,14:50,890,-1067
0041,14:55,895,-1067
0041,15:00,900,-1067
0041,15:05,905,-1067
0041,15:10,910,-2133
0041,15:15,915,-2133
0041,15:20,920,-2133
0041,15:25,925,-2133
0041,15:30,930,-3733
0041,15:35,935,-3733
0041,15:40,940,-3733
0041,15:45,945,-4978
0041,15:50,950,-4978
0041,15:55,955,-4978
0041,16:00,960,-4978
0041,16:05,965,-4978
0041,16:10,970,-3022
0041,16:15,975,-3022
0041,16:20,980,-3022
0041,16:25,985,-3022
0041,16:30,990,2069
0041,16:35,995,2069
0041,16:40,1000,2069
0041,16:45,1005,2069
0041,16:50,1010,10345
0041,16:55,1015,10345
0041,17:00,1020,10345
0041,17:05,1025,9655
0041,17:10,1030,9655
0041,17:15,1035,9655
0041,17:20,1040,9655
0041,17:25,1045,9655
0041,17:30,1050,8276
0041,17:35,1055,8276
0041,17:40,1060,8276
0041,17:45,1065,8276
0041,17:50,1070,6724
0041,17:55,1075,6724
0041,18:00,1080,6724
0041,18:05,1085,6724
0041,18:10,1090,5862
0041,18:15,1095,5862
0041,18:20,1100,5862
0041,18:25,1105,5862
0041,18:30,1110,5862
0041,18:35,1115,5862
0041,18:40,1120,5862
0041,18:45,1125,5862
0041,18:50,1130,5862
0041,18:55,1135,5862
0041,19:00,1140,5862
0041,19:05,1145,5862
0041,19:10,1150,5862
0041,19:15,1155,5862
0041,19:20,1160,5862
0041,19:25,1165,5862
0041,19:30,1170,5862
0041,19:35,1175,5862
0041,19:40,1180,5862
0041,19:45,1185,5690
0041,19:50,1190,5690
0041,19:55,1195,5690
0041,20:00,1200,5690
0041,20:05,1205,5690
0041,20:10,1210,5345
0041,20:15,1215,5345
0041,20:20,1220,5345
0041,20:25,1225,5345
0041,20:30,1230,5345
0041,20:35,1235,5345
0041,20:40,1240,5345
0041,20:45,1245,5345
0041,20:50,1250,5345
0041,20:55,1255,5345
0041,21:00,1260,5345
0041,21:05,1265,5345
0041,21:10,1270,5345
0041,21:15,1275,5345
0041,21:20,1280,5345
0041,21:25,1285,5345
0041,21:30,1290,5345
0041,21:35,1295,5345
0041,21:40,1300,5345
0041,21:45,1305,5345
0041,21:50,1310,5345
0041,21:55,1315,5345
0041,22:00,1320,5345
0041,22:05,1325,5345
0041,22:10,1330,5345
0041,22:15,1335,5345
0041,22:20,1340,5345
0041,22:25,1345,5345
0041,22:30,1350,5345
0041,22:35,1355,5345
0041,22:40,1360,5345
0041,22:45,1365,5345
0041,22:50,1370,5345
0041,22:55,1375,5345
0041,23:00,1380,5345
0041,23:05,1385,5345
0041,23:10,1390,5345
0041,23:15,1395,5345
0041,23:16,1396,5345
0041,23:20,1400,5345
0042,09:00,540,0
0042,09:05,545,0
0042,09:10,550,0
0042,09:15,555,0
0042,09:20,560,0
0042,09:25,565,0
0042,09:30,570,0
0042,09:35,575,0
0042,09:40,580,0
0042,09:45,585,0
0042,09:50,590,0
0042,09:55,595,0
0042,10:00,600,0
0042,10:05,605,0
0042,10:10,610,0
0042,10:15,615,0
0042,10:20,620,0
0042,10:25,625,0
0042,10:30,630,0
0042,10:35,635,0
0042,10:40,640,-178
0042,10:45,645,-178
0042,10:50,650,-178
0042,10:55,655,-178
0042,11:00,660,-889
0042,11:05,665,-889
0042,11:10,670,-889
0042,11:15,675,-889
0042,11:20,680,-889
0042,11:25,685,-889
0042,11:30,690,4138
0042,11:35,695,4138
0042,11:40,700,4138
0042,11:45,705,10862
0042,11:50,710,10862
0042,11:55,715,10862
0042,12:00,720,10862
0042,12:05,725,13276
0042,12:10,730,13276
0042,12:15,735,13276
0042,12:20,740,13276
0042,12:25,745,13276
0042,12:30,750,15000
0042,12:35,755,15000
0042,12:40,760,15000
0042,12:45,765,15000
0042,12:50,770,14655
0042,12:55,775,14655
0042,13:00,780,14655
0042,13:05,785,13793
0042,13:10,790,13793
0042,13:15,795,13793
0042,13:20,800,13793
0042,13:25,805,12069
0042,13:30,810,12069
0042,13:35,815,12069
0042,13:40,820,12069
0042,13:45,825,12069
0042,13:50,830,12586
0042,13:55,835,12586
0042,14:00,840,12586
0042,14:05,845,12586
0042,14:10,850,11379
0042,14:15,855,11379
0042,14:20,860,11379
0042,14:25,865,11379
0042,14:30,870,9655
0042,14:35,875,9655
0042,14:40,880,9655
0042,14:45,885,8276
0042,14:50,890,8276
0042,14:55,895,8276
0042,15:00,900,8276
0042,15:05,905,8276
0042,15:10,910,6897
0042,15:15,915,6897
0042,15:20,920,6897
0042,15:25,925,6897
0042,15:30,930,5517
0042,15:35,935,5517
0042,15:40,940,5517
0042,15:45,945,5517
0042,15:50,950,5517
0042,15:55,955,5517
0042,16:00,960,5517
0042,16:05,965,5517
0042,16:10,970,5517
0042,16:15,975,5517
0042,16:20,980,5517
0042,16:25,985,5517
0042,16:30,990,5172
0042,16:35,995,5172
0042,16:40,1000,5172
0042,16:45,1005,5172
0042,16:50,1010,4483
0042,16:55,1015,4483
0042,17:00,1020,4483
0042,17:05,1025,3276
0042,17:10,1030,3276
0042,17:15,1035,3276
0042,17:20,1040,3276
0042,17:25,1045,3276
0042,17:30,1050,2931
0042,17:35,1055,2931
0042,17:40,1060,2931
0042,17:45,1065,2931
0042,17:50,1070,2931
0042,17:55,1075,2931
0042,18:00,1080,2931
0042,18:05,1085,2931
0042,18:10,1090,2759
0042,18:15,1095,2759
0042,18:20,1100,2759
0042,18:25,1105,2069
0042,18:30,1110,2069
0042,18:35,1115,2069
0042,18:40,1120,2069
0042,18:45,1125,2069
0042,18:50,1130,2069
0042,18:55,1135,2069
0042,19:00,1140,2069
0042,19:05,1145,2069
0042,19:10,1150,2069
0042,19:15,1155,2069
0042,19:20,1160,2069
0042,19:25,1165,690
0042,19:30,1170,690
0042,19:35,1175,690
0042,19:40,1180,690
0042,19:45,1185,-356
0042,19:50,1190,-356
0042,19:55,1195,-356
0042,20:00,1200,-356
0042,20:05,1205,-356
0042,20:10,1210,3448
0042,20:15,1215,3448
0042,20:20,1220,3448
0042,20:25,1225,3448
0042,20:30,1230,7414
0042,20:35,1235,7414
0042,20:40,1240,7414
0042,20:45,1245,6897
0042,20:50,1250,6897
0042,20:55,1255,6897
0042,21:00,1260,6897
0042,21:05,1265,6897
0042,21:10,1270,5862
0042,21:15,1275,5862
0042,21:20,1280,5862
0042,21:25,1285,5862
0042,21:30,1290,5862
0042,21:35,1295,5862
0042,21:40,1300,5862
0042,21:45,1305,5862
0042,21:50,1310,5862
0042,21:55,1315,5862
0042,22:00,1320,5862
0042,22:05,1325,5862
0042,22:10,1330,5862
0042,22:15,1335,5862
0042,22:20,1340,5862
0042,22:25,1345,5862
0042,22:30,1350,5862
0042,22:35,1355,5862
0042,22:40,1360,5862
0042,22:45,1365,5862
0042,22:50,1370,5862
0042,22:55,1375,5862
0042,23:00,1380,5862
0042,23:05,1385,5862
0042,23:10,1390,5862
0042,23:15,1395,5862
0042,23:16,1396,5862
0042,23:20,1400,5862
0043,09:00,540,0
0043,09:05,545,0
0043,09:10,550,0
0043,09:15,555,0
0043,09:20,560,0
0043,09:25,565,0
0043,09:30,570,0
0043,09:35,575,0
0043,09:40,580,0
0043,09:45,585,0
0043,09:50,590,0
0043,09:55,595,0
0043,10:00,600,0
0043,10:05,605,0
0043,10:10,610,0
0043,10:15,615,0
0043,10:20,620,0
0043,10:25,625,0
0043,10:30,630,0
0043,10:35,635,0
0043,10:40,640,0
0043,10:45,645,0
0043,10:50,650,0
0043,10:55,655,0
0043,11:00,660,0
0043,11:05,665,0
0043,11:10,670,0
0043,11:15,675,0
0043,11:20,680,0
0043,11:25,685,0
0043,11:30,690,0
0043,11:35,695,0
0043,11:40,700,0
0043,11:45,705,0
0043,11:50,710,0
0043,11:55,715,0
0043,12:00,720,0
0043,12:05,725,0
0043,12:10,730,0
0043,12:15,735,0
0043,12:20,740,0
0043,12:25,745,0
0043,12:30,750,0
0043,12:35,755,0
0043,12:40,760,0
0043,12:45,765,0
0043,12:50,770,0
0043,12:55,775,0
0043,13:00,780,0
0043,13:05,785,0
0043,13:10,790,0
0043,13:15,795,0
0043,13:20,800,0
0043,13:25,805,0
0043,13:30,810,0
0043,13:35,815,0
0043,13:40,820,0
0043,13:45,825,0
0043,13:50,830,0
0043,13:55,835,0
0043,14:00,840,0
0043,14:05,845,0
0043,14:10,850,-533
0043,14:15,855,-533
0043,14:20,860,-533
0043,14:25,865,-533
0043,14:30,870,-622
0043,14:35,875,-622
0043,14:40,880,-622
0043,14:45,885,-1956
0043,14:50,890,-1956
0043,14:55,895,-1956
0043,15:00,900,-1956
0043,15:05,905,-1956
0043,15:10,910,-3289
0043,15:15,915,-3289
0043,15:20,920,-3289
0043,15:25,925,-3289
0043,15:30,930,-2933
0043,15:35,935,-2933
0043,15:40,940,-2933
0043,15:45,945,-2667
0043,15:50,950,-2667
0043,15:55,955,-2667
0043,16:00,960,-2667
0043,16:05,965,-2667
0043,16:10,970,0
0043,16:15,975,0
0043,16:20,980,0
0043,16:25,985,0
0043,16:30,990,-1511
0043,16:35,995,-1511
0043,16:40,1000,-1511
0043,16:45,1005,-1511
0043,16:50,1010,-2756
0043,16:55,1015,-2756
0043,17:00,1020,-2756
0043,17:05,1025,-3467
0043,17:10,1030,-3467
0043,17:15,1035,-3467
0043,17:20,1040,-3467
0043,17:25,1045,-3467
0043,17:30,1050,-4533
0043,17:35,1055,-4533
0043,17:40,1060,-4533
0043,17:45,1065,-4533
0043,17:50,1070,-4533
0043,17:55,1075,-4533
0043,18:00,1080,-4533
0043,18:05,1085,-4533
0043,18:10,1090,-4533
0043,18:15,1095,-4533
0043,18:20,1100,-4533
0043,18:25,1105,-4533
0043,18:30,1110,-4533
0043,18:35,1115,-4533
0043,18:40,1120,-4533
0043,18:45,1125,-4533
0043,18:50,1130,-5333
0043,18:55,1135,-5333
0043,19:00,1140,-5333
0043,19:05,1145,-5333
0043,19:10,1150,-6044
0043,19:15,1155,-6044
0043,19:20,1160,-6044
0043,19:25,1165,-6489
0043,19:30,1170,-6489
0043,19:35,1175,-6489
0043,19:40,1180,-6489
0043,19:45,1185,-6489
0043,19:50,1190,-6489
0043,19:55,1195,-6489
0043,20:00,1200,-6489
0043,20:05,1205,-6489
0043,20:10,1210,-6489
0043,20:15,1215,-6489
0043,20:20,1220,-6489
0043,20:25,1225,-6489
0043,20:30,1230,-6489
0043,20:35,1235,-6489
0043,20:40,1240,-6489
0043,20:45,1245,-6489
0043,20:50,1250,-6489
0043,20:55,1255,-6489
0043,21:00,1260,-6489
0043,21:05,1265,-6489
0043,21:10,1270,-6489
0043,21:15,1275,-6489
0043,21:20,1280,-6489
0043,21:25,1285,-6489
0043,21:30,1290,-7111
0043,21:35,1295,-7111
0043,21:40,1300,-7111
0043,21:45,1305,-7111
0043,21:50,1310,-7111
0043,21:55,1315,-7111
0043,22:00,1320,-7111
0043,22:05,1325,-7111
0043,22:10,1330,-7111
0043,22:15,1335,-7111
0043,22:20,1340,-7111
0043,22:25,1345,-7111
0043,22:30,1350,-7111
0043,22:35,1355,-7111
0043,22:40,1360,-7111
0043,22:45,1365,-7111
0043,22:50,1370,-7111
0043,22:55,1375,-7111
0043,23:00,1380,-7111
0043,23:05,1385,-7111
0043,23:10,1390,-7111
0043,23:15,1395,-7111
0043,23:16,1396,-7111
0043,23:20,1400,-7111
0044,09:00,540,0
0044,09:05,545,0
0044,09:10,550,0
0044,09:15,555,0
0044,09:20,560,0
0044,09:25,565,0
0044,09:30,570,0
0044,09:35,575,0
0044,09:40,580,0
0044,09:45,585,0
0044,09:50,590,0
0044,09:55,595,0
0044,10:00,600,0
0044,10:05,605,0
0044,10:10,610,0
0044,10:15,615,0
0044,10:20,620,0
0044,10:25,625,0
0044,10:30,630,0
0044,10:35,635,0
0044,10:40,640,0
0044,10:45,645,0
0044,10:50,650,0
0044,10:55,655,0
0044,11:00,660,0
0044,11:05,665,0
0044,11:10,670,0
0044,11:15,675,0
0044,11:20,680,0
0044,11:25,685,0
0044,11:30,690,0
0044,11:35,695,0
0044,11:40,700,0
0044,11:45,705,-89
0044,11:50,710,-89
0044,11:55,715,-89
0044,12:00,720,-89
0044,12:05,725,-444
0044,12:10,730,-444
0044,12:15,735,-444
0044,12:20,740,-444
0044,12:25,745,-444
0044,12:30,750,-1244
0044,12:35,755,-1244
0044,12:40,760,-1244
0044,12:45,765,-1244
0044,12:50,770,-2667
0044,12:55,775,-2667
0044,13:00,780,-2667
0044,13:05,785,-3733
0044,13:10,790,-3733
0044,13:15,795,-3733
0044,13:20,800,-3733
0044,13:25,805,-3733
0044,13:30,810,-3733
0044,13:35,815,-3733
0044,13:40,820,-3733
0044,13:45,825,-3733
0044,13:50,830,-4000
0044,13:55,835,-4000
0044,14:00,840,-4000
0044,14:05,845,-4000
0044,14:10,850,-5333
0044,14:15,855,-5333
0044,14:20,860,-5333
0044,14:25,865,-5333
0044,14:30,870,-6222
0044,14:35,875,-6222
0044,14:40,880,-6222
0044,14:45,885,-7378
0044,14:50,890,-7378
0044,14:55,895,-7378
0044,15:00,900,-7378
0044,15:05,905,-7378
0044,15:10,910,-7911
0044,15:15,915,-7911
0044,15:20,920,-7911
0044,15:25,925,-7911
0044,15:30,930,-8711
0044,15:35,935,-8711
0044,15:40,940,-8711
0044,15:45,945,-3733
0044,15:50,950,-3733
0044,15:55,955,-3733
0044,16:00,960,-3733
0044,16:05,965,-3733
0044,16:10,970,-4356
0044,16:15,975,-4356
0044,16:20,980,-4356
0044,16:25,985,-4356
0044,16:30,990,-4356
0044,16:35,995,-4356
0044,16:40,1000,-4356
0044,16:45,1005,-4356
0044,16:50,1010,-3111
0044,16:55,1015,-3111
0044,17:00,1020,-3111
0044,17:05,1025,-3556
0044,17:10,1030,-3556
0044,17:15,1035,-3556
0044,17:20,1040,-3556
0044,17:25,1045,-3556
0044,17:30,1050,-4533
0044,17:35,1055,-4533
0044,17:40,1060,-4533
0044,17:45,1065,-4533
0044,17:50,1070,-5867
0044,17:55,1075,-5867
0044,18:00,1080,-5867
0044,18:05,1085,-5867
0044,18:10,1090,-5867
0044,18:15,1095,-5867
0044,18:20,1100,-5867
0044,18:25,1105,-6756
0044,18:30,1110,-6756
0044,18:35,1115,-6756
0044,18:40,1120,-6756
0044,18:45,1125,-6756
0044,18:50,1130,-6844
0044,18:55,1135,-6844
0044,19:00,1140,-6844
0044,19:05,1145,-6844
0044,19:10,1150,-7467
0044,19:15,1155,-7467
0044,19:20,1160,-7467
0044,19:25,1165,-7644
0044,19:30,1170,-7644
0044,19:35,1175,-7644
0044,19:40,1180,-7644
0044,19:45,1185,-7644
0044,19:50,1190,-7644
0044,19:55,1195,-7644
0044,20:00,1200,-7644
0044,20:05,1205,-7644
0044,20:10,1210,-8000
0044,20:15,1215,-8000
0044,20:20,1220,-8000
0044,20:25,1225,-8000
0044,20:30,1230,-8000
0044,20:35,1235,-8000
0044,20:40,1240,-8000
0044,20:45,1245,-8000
0044,20:50,1250,-8000
0044,20:55,1255,-8000
0044,21:00,1260,-8000
0044,21:05,1265,-8000
0044,21:10,1270,-8000
0044,21:15,1275,-8000
0044,21:20,1280,-8000
0044,21:25,1285,-8000
0044,21:30,1290,-8089
0044,21:35,1295,-8089
0044,21:40,1300,-8089
0044,21:45,1305,-8089
0044,21:50,1310,-8089
0044,21:55,1315,-8089
0044,22:00,1320,-8089
0044,22:05,1325,-8089
0044,22:10,1330,-8089
0044,22:15,1335,-8089
0044,22:20,1340,-8089
0044,22:25,1345,-8089
0044,22:30,1350,-8089
0044,22:35,1355,-8089
0044,22:40,1360,-8089
0044,22:45,1365,-8089
0044,22:50,1370,-8089
0044,22:55,1375,-8089
0044,23:00,1380,-8089
0044,23:05,1385,-8089
0044,23:10,1390,-8089
0044,23:15,1395,-8089
0044,23:16,1396,-8089
0044,23:20,1400,-8089
0045,09:00,540,0
0045,09:05,545,0
0045,09:10,550,0
0045,09:15,555,0
0045,09:20,560,0
0045,09:25,565,0
0045,09:30,570,0
0045,09:35,575,0
0045,09:40,580,0
0045,09:45,585,0
0045,09:50,590,0
0045,09:55,595,0
0045,10:00,600,0
0045,10:05,605,0
0045,10:10,610,0
0045,10:15,615,0
0045,10:20,620,0
0045,10:25,625,0
0045,10:30,630,0
0045,10:35,635,0
0045,10:40,640,0
0045,10:45,645,0
0045,10:50,650,0
0045,10:55,655,0
0045,11:00,660,-889
0045,11:05,665,-889
0045,11:10,670,-889
0045,11:15,675,-889
0045,11:20,680,-889
0045,11:25,685,-889
0045,11:30,690,-889
0045,11:35,695,-889
0045,11:40,700,-889
0045,11:45,705,-1244
0045,11:50,710,-1244
0045,11:55,715,-1244
0045,12:00,720,-1244
0045,12:05,725,-1422
0045,12:10,730,-1422
0045,12:15,735,-1422
0045,12:20,740,-1422
0045,12:25,745,-1422
0045,12:30,750,-1778
0045,12:35,755,-1778
0045,12:40,760,-1778
0045,12:45,765,-1778
0045,12:50,770,-2667
0045,12:55,775,-2667
0045,13:00,780,-2667
0045,13:05,785,-2667
0045,13:10,790,-2667
0045,13:15,795,-2667
0045,13:20,800,-2667
0045,13:25,805,-2667
0045,13:30,810,-2667
0045,13:35,815,-2667
0045,13:40,820,-2667
0045,13:45,825,-2667
0045,13:50,830,-3378
0045,13:55,835,-3378
0045,14:00,840,-3378
0045,14:05,845,-3378
0045,14:10,850,-3378
0045,14:15,855,-3378
0045,14:20,860,-3378
0045,14:25,865,-3378
0045,14:30,870,-3911
0045,14:35,875,-3911
0045,14:40,880,-3911
0045,14:45,885,-3911
0045,14:50,890,-3911
0045,14:55,895,-3911
0045,15:00,900,-3911
0045,15:05,905,-3911
0045,15:10,910,-4089
0045,15:15,915,-4089
0045,15:20,920,-4089
0045,15:25,925,-4089
0045,15:30,930,-4444
0045,15:35,935,-4444
0045,15:40,940,-4444
0045,15:45,945,-5156
0045,15:50,950,-5156
0045,15:55,955,-5156
0045,16:00,960,-5156
0045,16:05,965,-5156
0045,16:10,970,-6400
0045,16:15,975,-6400
0045,16:20,980,-6400
0045,16:25,985,-6400
0045,16:30,990,-7111
0045,16:35,995,-7111
0045,16:40,1000,-7111
0045,16:45,1005,-7111
0045,16:50,1010,-8356
0045,16:55,1015,-8356
0045,17:00,1020,-8356
0045,17:05,1025,-8711
0045,17:10,1030,-8711
0045,17:15,1035,-8711
0045,17:20,1040,-8711
0045,17:25,1045,-8711
0045,17:30,1050,-10311
0045,17:35,1055,-10311
0045,17:40,1060,-10311
0045,17:45,1065,-10311
0045,17:50,1070,-10311
0045,17:55,1075,-10311
0045,18:00,1080,-10311
0045,18:05,1085,-10311
0045,18:10,1090,-10311
0045,18:15,1095,-10311
0045,18:20,1100,-10311
0045,18:25,1105,-10667
0045,18:30,1110,-10667
0045,18:35,1115,-10667
0045,18:40,1120,-10667
0045,18:45,1125,-10667
0045,18:50,1130,-10844
0045,18:55,1135,-10844
0045,19:00,1140,-10844
0045,19:05,1145,-10844
0045,19:10,1150,-10844
0045,19:15,1155,-10844
0045,19:20,1160,-10844
0045,19:25,1165,-11200
0045,19:30,1170,-11200
0045,19:35,1175,-11200
0045,19:40,1180,-11200
0045,19:45,1185,-11200
0045,19:50,1190,-11200
0045,19:55,1195,-11200
0045,20:00,1200,-11200
0045,20:05,1205,-11200
0045,20:10,1210,-11200
0045,20:15,1215,-11200
0045,20:20,1220,-11200
0045,20:25,1225,-11200
0045,20:30,1230,-11200
0045,20:35,1235,-11200
0045,20:40,1240,-11200
0045,20:45,1245,-11200
0045,20:50,1250,-11200
0045,20:55,1255,-11200
0045,21:00,1260,-11200
0045,21:05,1265,-11200
0045,21:10,1270,-11200
0045,21:15,1275,-11200
0045,21:20,1280,-11200
0045,21:25,1285,-11200
0045,21:30,1290,-12267
0045,21:35,1295,-12267
0045,21:40,1300,-12267
0045,21:45,1305,-13511
0045,21:50,1310,-13511
0045,21:55,1315,-13511
0045,22:00,1320,-13511
0045,22:05,1325,-13689
0045,22:10,1330,-13689
0045,22:15,1335,-13689
0045,22:20,1340,-13689
0045,22:25,1345,-13689
0045,22:30,1350,-13689
0045,22:35,1355,-13689
0045,22:40,1360,-13689
0045,22:45,1365,-13689
0045,22:50,1370,-13689
0045,22:55,1375,-13689
0045,23:00,1380,-13689
0045,23:05,1385,-13689
0045,23:10,1390,-13689
0045,23:15,1395,-13689
0045,23:16,1396,-13689
0045,23:20,1400,-13689
0046,09:00,540,0
0046,09:05,545,0
0046,09:10,550,0
0046,09:15,555,0
0046,09:20,560,0
0046,09:25,565,0
0046,09:30,570,0
0046,09:35,575,0
0046,09:40,580,0
0046,09:45,585,0
0046,09:50,590,0
0046,09:55,595,0
0046,10:00,600,0
0046,10:05,605,0
0046,10:10,610,0
0046,10:15,615,0
0046,10:20,620,0
0046,10:25,625,0
0046,10:30,630,0
0046,10:35,635,0
0046,10:40,640,0
0046,10:45,645,0
0046,10:50,650,0
0046,10:55,655,0
0046,11:00,660,-1244
0046,11:05,665,-1244
0046,11:10,670,-1600
0046,11:15,675,-1600
0046,11:20,680,-1600
0046,11:25,685,-1600
0046,11:30,690,517
0046,11:35,695,517
0046,11:40,700,517
0046,11:45,705,-889
0046,11:50,710,-889
0046,11:55,715,-889
0046,12:00,720,-889
0046,12:05,725,-2311
0046,12:10,730,-2311
0046,12:15,735,-2311
0046,12:20,740,-2311
0046,12:25,745,-2311
0046,12:30,750,-1956
0046,12:35,755,-1956
0046,12:40,760,-1956
0046,12:45,765,-1956
0046,12:50,770,-1422
0046,12:55,775,-1422
0046,13:00,780,-1422
0046,13:05,785,-1956
0046,13:10,790,-1956
0046,13:15,795,-1956
0046,13:20,800,-1956
0046,13:25,805,-2311
0046,13:30,810,-2311
0046,13:35,815,-2311
0046,13:40,820,-2311
0046,13:45,825,-2311
0046,13:50,830,-2667
0046,13:55,835,-2667
0046,14:00,840,-2667
0046,14:05,845,-2667
0046,14:10,850,-3378
0046,14:15,855,-3378
0046,14:20,860,-3378
0046,14:25,865,-3378
0046,14:30,870,-4089
0046,14:35,875,-4089
0046,14:40,880,-4089
0046,14:45,885,-3022
0046,14:50,890,-3022
0046,14:55,895,-3022
0046,15:00,900,-3022
0046,15:05,905,-3022
0046,15:10,910,-711
0046,15:15,915,-711
0046,15:20,920,-711
0046,15:25,925,-711
0046,15:30,930,-533
0046,15:35,935,-533
0046,15:40,940,-533
0046,15:45,945,-1422
0046,15:50,950,-1422
0046,15:55,955,-1422
0046,16:00,960,-1422
0046,16:05,965,-1422
0046,16:10,970,-2844
0046,16:15,975,-2844
0046,16:20,980,-2844
0046,16:25,985,-2844
0046,16:30,990,-4622
0046,16:35,995,-4622
0046,16:40,1000,-4622
0046,16:45,1005,-4622
0046,16:50,1010,-6044
0046,16:55,1015,-6044
0046,17:00,1020,-6044
0046,17:05,1025,-7289
0046,17:10,1030,-7289
0046,17:15,1035,-7289
0046,17:20,1040,-7289
0046,17:25,1045,-7289
0046,17:30,1050,-8889
0046,17:35,1055,-8889
0046,17:40,1060,-8889
0046,17:45,1065,-8889
0046,17:50,1070,-10311
0046,17:55,1075,-10311
0046,18:00,1080,-10311
0046,18:05,1085,-10311
0046,18:10,1090,-11733
0046,18:15,1095,-11733
0046,18:20,1100,-11733
0046,18:25,1105,-13511
0046,18:30,1110,-13511
0046,18:35,1115,-13511
0046,18:40,1120,-13511
0046,18:45,1125,-13511
0046,18:50,1130,-9600
0046,18:55,1135,-9600
0046,19:00,1140,-9600
0046,19:05,1145,-9600
0046,19:10,1150,-11022
0046,19:15,1155,-11022
0046,19:20,1160,-11022
0046,19:25,1165,-3378
0046,19:30,1170,-3378
0046,19:35,1175,-3378
0046,19:40,1180,-3378
0046,19:45,1185,-3200
0046,19:50,1190,-3200
0046,19:55,1195,-3200
0046,20:00,1200,-3200
0046,20:05,1205,-3200
0046,20:10,1210,-4444
0046,20:15,1215,-4444
0046,20:20,1220,-4444
0046,20:25,1225,-4444
0046,20:30,1230,-5156
0046,20:35,1235,-5156
0046,20:40,1240,-5156
0046,20:45,1245,-5156
0046,20:50,1250,-5156
0046,20:55,1255,-5156
0046,21:00,1260,-5156
0046,21:05,1265,-5156
0046,21:10,1270,-5156
0046,21:15,1275,-5156
0046,21:20,1280,-5156
0046,21:25,1285,-5156
0046,21:30,1290,-5156
0046,21:35,1295,-5156
0046,21:40,1300,-5156
0046,21:45,1305,-5156
0046,21:50,1310,-5156
0046,21:55,1315,-5156
0046,22:00,1320,-5156
0046,22:05,1325,-5156
0046,22:10,1330,-5156
0046,22:15,1335,-5156
0046,22:20,1340,-5156
0046,22:25,1345,-5156
0046,22:30,1350,-5156
0046,22:35,1355,-5156
0046,22:40,1360,-5156
0046,22:45,1365,-5156
0046,22:50,1370,-5156
0046,22:55,1375,-5156
0046,23:00,1380,-5156
0046,23:05,1385,-5156
0046,23:10,1390,-5156
0046,23:15,1395,-5156
0046,23:16,1396,-5156
0046,23:20,1400,-5156
0047,09:00,540,0
0047,09:05,545,0
0047,09:10,550,0
0047,09:15,555,0
0047,09:20,560,0
0047,09:25,565,0
0047,09:30,570,0
0047,09:35,575,0
0047,09:40,580,0
0047,09:45,585,0
0047,09:50,590,0
0047,09:55,595,0
0047,10:00,600,0
0047,10:05,605,0
0047,10:10,610,0
0047,10:15,615,0
0047,10:20,620,0
0047,10:25,625,0
0047,10:30,630,0
0047,10:35,635,0
0047,10:40,640,0
0047,10:45,645,0
0047,10:50,650,0
0047,10:55,655,0
0047,11:00,660,0
0047,11:05,665,0
0047,11:10,670,0
0047,11:15,675,0
0047,11:20,680,0
0047,11:25,685,0
0047,11:30,690,0
0047,11:35,695,0
0047,11:40,700,0
0047,11:45,705,0
0047,11:50,710,0
0047,11:55,715,0
0047,12:00,720,0
0047,12:05,725,0
0047,12:10,730,0
0047,12:15,735,0
0047,12:20,740,0
0047,12:25,745,0
0047,12:30,750,0
0047,12:35,755,0
0047,12:40,760,0
0047,12:45,765,0
0047,12:50,770,0
0047,12:55,775,0
0047,13:00,780,0
0047,13:05,785,0
0047,13:10,790,0
0047,13:15,795,0
0047,13:20,800,0
0047,13:25,805,0
0047,13:30,810,0
0047,13:35,815,0
0047,13:40,820,0
0047,13:45,825,0
0047,13:50,830,-533
0047,13:55,835,-533
0047,14:00,840,-533
0047,14:05,845,-533
0047,14:10,850,-978
0047,14:15,855,-978
0047,14:20,860,-978
0047,14:25,865,-978
0047,14:30,870,-1956
0047,14:35,875,-1956
0047,14:40,880,-1956
0047,14:45,885,-2311
0047,14:50,890,-2311
0047,14:55,895,-2311
0047,15:00,900,-2311
0047,15:05,905,-2311
0047,15:10,910,-2311
0047,15:15,915,-2311
0047,15:20,920,-2311
0047,15:25,925,-2311
0047,15:30,930,-3022
0047,15:35,935,-3022
0047,15:40,940,-3022
0047,15:45,945,1983
0047,15:50,950,1983
0047,15:55,955,1983
0047,16:00,960,1983
0047,16:05,965,1983
0047,16:10,970,4397
0047,16:15,975,4397
0047,16:20,980,4397
0047,16:25,985,4397
0047,16:30,990,2672
0047,16:35,995,2672
0047,16:40,1000,2672
0047,16:45,1005,2672
0047,16:50,1010,1121
0047,16:55,1015,1121
0047,17:00,1020,1121
0047,17:05,1025,-267
0047,17:10,1030,-267
0047,17:15,1035,-267
0047,17:20,1040,-267
0047,17:25,1045,-267
0047,17:30,1050,1638
0047,17:35,1055,1638
0047,17:40,1060,1638
0047,17:45,1065,1638
0047,17:50,1070,6466
0047,17:55,1075,6466
0047,18:00,1080,6466
0047,18:05,1085,6466
0047,18:10,1090,9138
0047,18:15,1095,9138
0047,18:20,1100,9138
0047,18:25,1105,8017
0047,18:30,1110,8017
0047,18:35,1115,8017
0047,18:40,1120,8017
0047,18:45,1125,8017
0047,18:50,1130,8017
0047,18:55,1135,8017
0047,19:00,1140,8017
0047,19:05,1145,8017
0047,19:10,1150,8017
0047,19:15,1155,8017
0047,19:20,1160,8017
0047,19:25,1165,8017
0047,19:30,1170,8017
0047,19:35,1175,8017
0047,19:40,1180,8017
0047,19:45,1185,8017
0047,19:50,1190,8017
0047,19:55,1195,8017
0047,20:00,1200,8017
0047,20:05,1205,8017
0047,20:10,1210,7672
0047,20:15,1215,7672
0047,20:20,1220,7672
0047,20:25,1225,7672
0047,20:30,1230,7672
0047,20:35,1235,7672
0047,20:40,1240,7672
0047,20:45,1245,7672
0047,20:50,1250,7672
0047,20:55,1255,7672
0047,21:00,1260,7672
0047,21:05,1265,7672
0047,21:10,1270,7672
0047,21:15,1275,7672
0047,21:20,1280,7672
0047,21:25,1285,7672
0047,21:30,1290,7069
0047,21:35,1295,7069
0047,21:40,1300,7069
0047,21:45,1305,7069
0047,21:50,1310,7069
0047,21:55,1315,7069
0047,22:00,1320,7069
0047,22:05,1325,6207
0047,22:10,1330,6207
0047,22:15,1335,6207
0047,22:20,1340,6207
0047,22:25,1345,6207
0047,22:30,1350,6207
0047,22:35,1355,6207
0047,22:40,1360,6207
0047,22:45,1365,6207
0047,22:50,1370,6207
0047,22:55,1375,6207
0047,23:00,1380,6207
0047,23:05,1385,6207
0047,23:10,1390,6207
0047,23:15,1395,6207
0047,23:16,1396,6207
0047,23:20,1400,6207
0048,09:00,540,0
0048,09:05,545,0
0048,09:10,550,0
0048,09:15,555,0
0048,09:20,560,0
0048,09:25,565,0
0048,09:30,570,0
0048,09:35,575,0
0048,09:40,580,0
0048,09:45,585,0
0048,09:50,590,0
0048,09:55,595,0
0048,10:00,600,0
0048,10:05,605,0
0048,10:10,610,0
0048,10:15,615,0
0048,10:20,620,0
0048,10:25,625,0
0048,10:30,630,0
0048,10:35,635,0
0048,10:40,640,0
0048,10:45,645,0
0048,10:50,650,0
0048,10:55,655,0
0048,11:00,660,0
0048,11:05,665,0
0048,11:10,670,0
0048,11:15,675,0
0048,11:20,680,0
0048,11:25,685,0
0048,11:30,690,0
0048,11:35,695,0
0048,11:40,700,0
0048,11:45,705,-178
0048,11:50,710,-178
0048,11:55,715,-178
0048,12:00,720,-178
0048,12:05,725,-178
0048,12:10,730,-178
0048,12:15,735,-178
0048,12:20,740,-178
0048,12:25,745,-178
0048,12:30,750,-178
0048,12:35,755,-178
0048,12:40,760,-178
0048,12:45,765,-178
0048,12:50,770,-178
0048,12:55,775,-178
0048,13:00,780,-178
0048,13:05,785,-178
0048,13:10,790,-178
0048,13:15,795,-178
0048,13:20,800,-178
0048,13:25,805,-178
0048,13:30,810,-178
0048,13:35,815,-178
0048,13:40,820,-178
0048,13:45,825,-178
0048,13:50,830,-711
0048,13:55,835,-711
0048,14:00,840,-711
0048,14:05,845,-711
0048,14:10,850,-1956
0048,14:15,855,-1956
0048,14:20,860,-1956
0048,14:25,865,-1956
0048,14:30,870,-2667
0048,14:35,875,-2667
0048,14:40,880,-2667
0048,14:45,885,-3556
0048,14:50,890,-3556
0048,14:55,895,-3556
0048,15:00,900,-3556
0048,15:05,905,-3556
0048,15:10,910,-3733
0048,15:15,915,-3733
0048,15:20,920,-3733
0048,15:25,925,-3733
0048,15:30,930,-3911
0048,15:35,935,-3911
0048,15:40,940,-3911
0048,15:45,945,-3378
0048,15:50,950,-3378
0048,15:55,955,-3378
0048,16:00,960,-3378
0048,16:05,965,-3378
0048,16:10,970,-4444
0048,16:15,975,-4444
0048,16:20,980,-4444
0048,16:25,985,-4444
0048,16:30,990,-6044
0048,16:35,995,-6044
0048,16:40,1000,-6044
0048,16:45,1005,-6044
0048,16:50,1010,-6933
0048,16:55,1015,-6933
0048,17:00,1020,-6933
0048,17:05,1025,-8178
0048,17:10,1030,-8178
0048,17:15,1035,-8178
0048,17:20,1040,-8178
0048,17:25,1045,-8178
0048,17:30,1050,-9956
0048,17:35,1055,-9956
0048,17:40,1060,-9956
0048,17:45,1065,-9956
0048,17:50,1070,-10489
0048,17:55,1075,-10489
0048,18:00,1080,-10489
0048,18:05,1085,-10489
0048,18:10,1090,-10489
0048,18:15,1095,-10489
0048,18:20,1100,-10489
0048,18:25,1105,-9956
0048,18:30,1110,-9956
0048,18:35,1115,-9956
0048,18:40,1120,-9956
0048,18:45,1125,-9956
0048,18:50,1130,-9600
0048,18:55,1135,-9600
0048,19:00,1140,-9600
0048,19:05,1145,-9600
0048,19:10,1150,-9600
0048,19:15,1155,-9600
0048,19:20,1160,-9600
0048,19:25,1165,-9600
0048,19:30,1170,-9600
0048,19:35,1175,-9600
0048,19:40,1180,-9600
0048,19:45,1185,-10489
0048,19:50,1190,-10489
0048,19:55,1195,-10489
0048,20:00,1200,-10489
0048,20:05,1205,-10489
0048,20:10,1210,-10667
0048,20:15,1215,-10667
0048,20:20,1220,-10667
0048,20:25,1225,-10667
0048,20:30,1230,-10667
0048,20:35,1235,-10667
0048,20:40,1240,-10667
0048,20:45,1245,-10844
0048,20:50,1250,-10844
0048,20:55,1255,-10844
0048,21:00,1260,-10844
0048,21:05,1265,-10844
0048,21:10,1270,-10844
0048,21:15,1275,-10844
0048,21:20,1280,-10844
0048,21:25,1285,-10844
0048,21:30,1290,-11022
0048,21:35,1295,-11022
0048,21:40,1300,-11022
0048,21:45,1305,-11022
0048,21:50,1310,-11022
0048,21:55,1315,-11022
0048,22:00,1320,-11022
0048,22:05,1325,-11022
0048,22:10,1330,-11022
0048,22:15,1335,-11022
0048,22:20,1340,-11022
0048,22:25,1345,-11022
0048,22:30,1350,-11022
0048,22:35,1355,-11022
0048,22:40,1360,-11022
0048,22:45,1365,-11022
0048,22:50,1370,-11022
0048,22:55,1375,-11022
0048,23:00,1380,-11022
0048,23:05,1385,-11022
0048,23:10,1390,-11022
0048,23:15,1395,-11022
0048,23:16,1396,-11022
0048,23:20,1400,-11022
0049,09:00,540,0
0049,09:05,545,0
0049,09:10,550,0
0049,09:15,555,0
0049,09:20,560,0
0049,09:25,565,0
0049,09:30,570,0
0049,09:35,575,0
0049,09:40,580,0
0049,09:45,585,0
0049,09:50,590,0
0049,09:55,595,0
0049,10:00,600,0
0049,10:05,605,0
0049,10:10,610,-267
0049,10:15,615,-267
0049,10:20,620,-267
0049,10:25,625,431
0049,10:30,630,431
0049,10:35,635,431
0049,10:40,640,1207
0049,10:45,645,1207
0049,10:50,650,1207
0049,10:55,655,1207
0049,11:00,660,6379
0049,11:05,665,6379
0049,11:10,670,7845
0049,11:15,675,7845
0049,11:20,680,7845
0049,11:25,685,7845
0049,11:30,690,8103
0049,11:35,695,8103
0049,11:40,700,8103
0049,11:45,705,6810
0049,11:50,710,6810
0049,11:55,715,6810
0049,12:00,720,6810
0049,12:05,725,5431
0049,12:10,730,5431
0049,12:15,735,5431
0049,12:20,740,5431
0049,12:25,745,5431
0049,12:30,750,3793
0049,12:35,755,3793
0049,12:40,760,3793
0049,12:45,765,3793
0049,12:50,770,2241
0049,12:55,775,2241
0049,13:00,780,2241
0049,13:05,785,862
0049,13:10,790,862
0049,13:15,795,862
0049,13:20,800,862
0049,13:25,805,776
0049,13:30,810,776
0049,13:35,815,776
0049,13:40,820,776
0049,13:45,825,776
0049,13:50,830,345
0049,13:55,835,345
0049,14:00,840,345
0049,14:05,845,345
0049,14:10,850,-356
0049,14:15,855,-356
0049,14:20,860,-356
0049,14:25,865,-356
0049,14:30,870,-1778
0049,14:35,875,-1778
0049,14:40,880,-1778
0049,14:45,885,-2222
0049,14:50,890,-2222
0049,14:55,895,-2222
0049,15:00,900,-2222
0049,15:05,905,-2222
0049,15:10,910,-2667
0049,15:15,915,-2667
0049,15:20,920,-2667
0049,15:25,925,-2667
0049,15:30,930,-3289
0049,15:35,935,-3289
0049,15:40,940,-3289
0049,15:45,945,-3378
0049,15:50,950,-3378
0049,15:55,955,-3378
0049,16:00,960,-3378
0049,16:05,965,-3378
0049,16:10,970,-4267
0049,16:15,975,-4267
0049,16:20,980,-4267
0049,16:25,985,-4267
0049,16:30,990,86
0049,16:35,995,86
0049,16:40,1000,86
0049,16:45,1005,86
0049,16:50,1010,6724
0049,16:55,1015,6724
0049,17:00,1020,6724
0049,17:05,1025,7328
0049,17:10,1030,7328
0049,17:15,1035,7328
0049,17:20,1040,7328
0049,17:25,1045,7328
0049,17:30,1050,5862
0049,17:35,1055,5862
0049,17:40,1060,5862
0049,17:45,1065,5862
0049,17:50,1070,4741
0049,17:55,1075,4741
0049,18:00,1080,4741
0049,18:05,1085,4741
0049,18:10,1090,4741
0049,18:15,1095,4741
0049,18:20,1100,4741
0049,18:25,1105,4483
0049,18:30,1110,4483
0049,18:35,1115,4483
0049,18:40,1120,4483
0049,18:45,1125,4483
0049,18:50,1130,4483
0049,18:55,1135,4483
0049,19:00,1140,4483
0049,19:05,1145,4483
0049,19:10,1150,4483
0049,19:15,1155,4483
0049,19:20,1160,4483
0049,19:25,1165,4483
0049,19:30,1170,4483
0049,19:35,1175,4483
0049,19:40,1180,4483
0049,19:45,1185,4310
0049,19:50,1190,4310
0049,19:55,1195,4310
0049,20:00,1200,4310
0049,20:05,1205,4310
0049,20:10,1210,4310
0049,20:15,1215,4310
0049,20:20,1220,4310
0049,20:25,1225,4310
0049,20:30,1230,4310
0049,20:35,1235,4310
0049,20:40,1240,4310
0049,20:45,1245,6638
0049,20:50,1250,6638
0049,20:55,1255,6638
0049,21:00,1260,6638
0049,21:05,1265,6638
0049,21:10,1270,6552
0049,21:15,1275,6552
0049,21:20,1280,6552
0049,21:25,1285,6552
0049,21:30,1290,6552
0049,21:35,1295,6552
0049,21:40,1300,6552
0049,21:45,1305,6552
0049,21:50,1310,6552
0049,21:55,1315,6552
0049,22:00,1320,6552
0049,22:05,1325,6552
0049,22:10,1330,6552
0049,22:15,1335,6552
0049,22:20,1340,6552
0049,22:25,1345,6552
0049,22:30,1350,6552
0049,22:35,1355,6552
0049,22:40,1360,6552
0049,22:45,1365,6552
0049,22:50,1370,6552
0049,22:55,1375,6552
0049,23:00,1380,6552
0049,23:05,1385,6552
0049,23:10,1390,6552
0049,23:15,1395,6552
0049,23:16,1396,6552
0049,23:20,1400,6552
0050,09:00,540,0
0050,09:05,545,0
0050,09:10,550,0
0050,09:15,555,0
0050,09:20,560,0
0050,09:25,565,0
0050,09:30,570,0
0050,09:35,575,0
0050,09:40,580,0
0050,09:45,585,0
0050,09:50,590,0
0050,09:55,595,0
0050,10:00,600,0
0050,10:05,605,0
0050,10:10,610,0
0050,10:15,615,0
0050,10:20,620,0
0050,10:25,625,0
0050,10:30,630,0
0050,10:35,635,0
0050,10:40,640,0
0050,10:45,645,0
0050,10:50,650,0
0050,10:55,655,0
0050,11:00,660,0
0050,11:05,665,0
0050,11:10,670,0
0050,11:15,675,0
0050,11:20,680,0
0050,11:25,685,0
0050,11:30,690,0
0050,11:35,695,0
0050,11:40,700,0
0050,11:45,705,-89
0050,11:50,710,-89
0050,11:55,715,-89
0050,12:00,720,-89
0050,12:05,725,-89
0050,12:10,730,-89
0050,12:15,735,-89
0050,12:20,740,-89
0050,12:25,745,-89
0050,12:30,750,-89
0050,12:35,755,-89
0050,12:40,760,-89
0050,12:45,765,-89
0050,12:50,770,-356
0050,12:55,775,-356
0050,13:00,780,-356
0050,13:05,785,-533
0050,13:10,790,-533
0050,13:15,795,-533
0050,13:20,800,-533
0050,13:25,805,1466
0050,13:30,810,1466
0050,13:35,815,1466
0050,13:40,820,1466
0050,13:45,825,1466
0050,13:50,830,2328
0050,13:55,835,2328
0050,14:00,840,2328
0050,14:05,845,2328
0050,14:10,850,1034
0050,14:15,855,1034
0050,14:20,860,1034
0050,14:25,865,1034
0050,14:30,870,2672
0050,14:35,875,2672
0050,14:40,880,2672
0050,14:45,885,4741
0050,14:50,890,4741
0050,14:55,895,4741
0050,15:00,900,4741
0050,15:05,905,4741
0050,15:10,910,4483
0050,15:15,915,4483
0050,15:20,920,4483
0050,15:25,925,4483
0050,15:30,930,2845
0050,15:35,935,2845
0050,15:40,940,2845
0050,15:45,945,1466
0050,15:50,950,1466
0050,15:55,955,1466
0050,16:00,960,1466
0050,16:05,965,1466
0050,16:10,970,431
0050,16:15,975,431
0050,16:20,980,431
0050,16:25,985,431
0050,16:30,990,-622
0050,16:35,995,-622
0050,16:40,1000,-622
0050,16:45,1005,-622
0050,16:50,1010,-2044
0050,16:55,1015,-2044
0050,17:00,1020,-2044
0050,17:05,1025,-3200
0050,17:10,1030,-3200
0050,17:15,1035,-3200
0050,17:20,1040,-3200
0050,17:25,1045,-3200
0050,17:30,1050,-4800
0050,17:35,1055,-4800
0050,17:40,1060,-4800
0050,17:45,1065,-4800
0050,17:50,1070,-6133
0050,17:55,1075,-6133
0050,18:00,1080,-6133
0050,18:05,1085,-6133
0050,18:10,1090,-3733
0050,18:15,1095,-3733
0050,18:20,1100,-3733
0050,18:25,1105,3190
0050,18:30,1110,3190
0050,18:35,1115,3190
0050,18:40,1120,3190
0050,18:45,1125,3190
0050,18:50,1130,3017
0050,18:55,1135,3017
0050,19:00,1140,3017
0050,19:05,1145,3017
0050,19:10,1150,2759
0050,19:15,1155,2759
0050,19:20,1160,2759
0050,19:25,1165,1810
0050,19:30,1170,1810
0050,19:35,1175,1810
0050,19:40,1180,1810
0050,19:45,1185,517
0050,19:50,1190,517
0050,19:55,1195,517
0050,20:00,1200,517
0050,20:05,1205,517
0050,20:10,1210,-622
0050,20:15,1215,-622
0050,20:20,1220,-622
0050,20:25,1225,-622
0050,20:30,1230,-2044
0050,20:35,1235,-2044
0050,20:40,1240,-2044
0050,20:45,1245,-2133
0050,20:50,1250,-2133
0050,20:55,1255,-2133
0050,21:00,1260,-2133
0050,21:05,1265,-2133
0050,21:10,1270,-2400
0050,21:15,1275,-2400
0050,21:20,1280,-2400
0050,21:25,1285,-2400
0050,21:30,1290,-2400
0050,21:35,1295,-2400
0050,21:40,1300,-2400
0050,21:45,1305,-2400
0050,21:50,1310,-2400
0050,21:55,1315,-2400
0050,22:00,1320,-2400
0050,22:05,1325,-2400
0050,22:10,1330,-2400
0050,22:15,1335,-2400
0050,22:20,1340,-2400
0050,22:25,1345,-2400
0050,22:30,1350,-2400
0050,22:35,1355,-2400
0050,22:40,1360,-2400
0050,22:45,1365,-2400
0050,22:50,1370,-2400
0050,22:55,1375,-2400
0050,23:00,1380,-2400
0050,23:05,1385,-2400
0050,23:10,1390,-2400
0050,23:15,1395,-2400
0050,23:16,1396,-2400
0050,23:20,1400,-2400
0051,09:00,540,0
0051,09:05,545,0
0051,09:10,550,0
0051,09:15,555,0
0051,09:20,560,0
0051,09:25,565,0
0051,09:30,570,0
0051,09:35,575,0
0051,09:40,580,0
0051,09:45,585,0
0051,09:50,590,0
0051,09:55,595,0
0051,10:00,600,0
0051,10:05,605,0
0051,10:10,610,0
0051,10:15,615,0
0051,10:20,620,0
0051,10:25,625,0
0051,10:30,630,0
0051,10:35,635,0
0051,10:40,640,0
0051,10:45,645,0
0051,10:50,650,0
0051,10:55,655,0
0051,11:00,660,0
0051,11:05,665,0
0051,11:10,670,0
0051,11:15,675,0
0051,11:20,680,0
0051,11:25,685,0
0051,11:30,690,-267
0051,11:35,695,-267
0051,11:40,700,-267
0051,11:45,705,-356
0051,11:50,710,-356
0051,11:55,715,-356
0051,12:00,720,-356
0051,12:05,725,-356
0051,12:10,730,-356
0051,12:15,735,-356
0051,12:20,740,-356
0051,12:25,745,-356
0051,12:30,750,-356
0051,12:35,755,-356
0051,12:40,760,-356
0051,12:45,765,-356
0051,12:50,770,-356
0051,12:55,775,-356
0051,13:00,780,-356
0051,13:05,785,-356
0051,13:10,790,-356
0051,13:15,795,-356
0051,13:20,800,-356
0051,13:25,805,-356
0051,13:30,810,-356
0051,13:35,815,-356
0051,13:40,820,-356
0051,13:45,825,-356
0051,13:50,830,-1511
0051,13:55,835,-1511
0051,14:00,840,-1511
0051,14:05,845,-1511
0051,14:10,850,776
0051,14:15,855,776
0051,14:20,860,776
0051,14:25,865,776
0051,14:30,870,-1067
0051,14:35,875,-1067
0051,14:40,880,-1067
0051,14:45,885,2414
0051,14:50,890,2414
0051,14:55,895,2414
0051,15:00,900,2414
0051,15:05,905,2414
0051,15:10,910,3103
0051,15:15,915,3103
0051,15:20,920,3103
0051,15:25,925,3103
0051,15:30,930,3621
0051,15:35,935,3621
0051,15:40,940,3621
0051,15:45,945,3190
0051,15:50,950,3190
0051,15:55,955,3190
0051,16:00,960,3190
0051,16:05,965,3190
0051,16:10,970,3103
0051,16:15,975,3103
0051,16:20,980,3103
0051,16:25,985,3103
0051,16:30,990,3017
0051,16:35,995,3017
0051,16:40,1000,3017
0051,16:45,1005,3017
0051,16:50,1010,2759
0051,16:55,1015,2759
0051,17:00,1020,2759
0051,17:05,1025,1724
0051,17:10,1030,1724
0051,17:15,1035,1724
0051,17:20,1040,1724
0051,17:25,1045,1724
0051,17:30,1050,948
0051,17:35,1055,948
0051,17:40,1060,948
0051,17:45,1065,948
0051,17:50,1070,517
0051,17:55,1075,517
0051,18:00,1080,517
0051,18:05,1085,517
0051,18:10,1090,345
0051,18:15,1095,345
0051,18:20,1100,345
0051,18:25,1105,259
0051,18:30,1110,259
0051,18:35,1115,259
0051,18:40,1120,259
0051,18:45,1125,259
0051,18:50,1130,259
0051,18:55,1135,259
0051,19:00,1140,259
0051,19:05,1145,259
0051,19:10,1150,0
0051,19:15,1155,0
0051,19:20,1160,0
0051,19:25,1165,0
0051,19:30,1170,0
0051,19:35,1175,0
0051,19:40,1180,0
0051,19:45,1185,2328
0051,19:50,1190,2328
0051,19:55,1195,2328
0051,20:00,1200,2328
0051,20:05,1205,2328
0051,20:10,1210,4914
0051,20:15,1215,4914
0051,20:20,1220,4914
0051,20:25,1225,4914
0051,20:30,1230,4828
0051,20:35,1235,4828
0051,20:40,1240,4828
0051,20:45,1245,4828
0051,20:50,1250,4828
0051,20:55,1255,4828
0051,21:00,1260,4828
0051,21:05,1265,4828
0051,21:10,1270,4655
0051,21:15,1275,4655
0051,21:20,1280,4655
0051,21:25,1285,4655
0051,21:30,1290,4655
0051,21:35,1295,4655
0051,21:40,1300,4655
0051,21:45,1305,4655
0051,21:50,1310,4655
0051,21:55,1315,4655
0051,22:00,1320,4655
0051,22:05,1325,4655
0051,22:10,1330,4655
0051,22:15,1335,4655
0051,22:20,1340,4655
0051,22:25,1345,4655
0051,22:30,1350,4655
0051,22:35,1355,4655
0051,22:40,1360,4655
0051,22:45,1365,4655
0051,22:50,1370,4655
0051,22:55,1375,4655
0051,23:00,1380,4655
0051,23:05,1385,4655
0051,23:10,1390,4655
0051,23:15,1395,4655
0051,23:16,1396,4655
0051,23:20,1400,4655
0052,09:00,540,0
0052,09:05,545,0
0052,09:10,550,0
0052,09:15,555,0
0052,09:20,560,0
0052,09:25,565,0
0052,09:30,570,0
0052,09:35,575,0
0052,09:40,580,0
0052,09:45,585,0
0052,09:50,590,0
0052,09:55,595,0
0052,10:00,600,0
0052,10:05,605,0
0052,10:10,610,0
0052,10:15,615,0
0052,10:20,620,0
0052,10:25,625,0
0052,10:30,630,0
0052,10:35,635,0
0052,10:40,640,0
0052,10:45,645,0
0052,10:50,650,0
0052,10:55,655,0
0052,11:00,660,0
0052,11:05,665,0
0052,11:10,670,0
0052,11:15,675,0
0052,11:20,680,0
0052,11:25,685,0
0052,11:30,690,-533
0052,11:35,695,-533
0052,11:40,700,-533
0052,11:45,705,-1778
0052,11:50,710,-1778
0052,11:55,715,-1778
0052,12:00,720,-1778
0052,12:05,725,-3022
0052,12:10,730,-3022
0052,12:15,735,-3022
0052,12:20,740,-3022
0052,12:25,745,-3022
0052,12:30,750,-3556
0052,12:35,755,-3556
0052,12:40,760,-3556
0052,12:45,765,-3556
0052,12:50,770,-3556
0052,12:55,775,-3556
0052,13:00,780,-3556
0052,13:05,785,-4089
0052,13:10,790,-4089
0052,13:15,795,-4089
0052,13:20,800,-4089
0052,13:25,805,-4622
0052,13:30,810,-4622
0052,13:35,815,-4622
0052,13:40,820,-4622
0052,13:45,825,-4622
0052,13:50,830,-4622
0052,13:55,835,-4622
0052,14:00,840,-4622
0052,14:05,845,-4622
0052,14:10,850,-5689
0052,14:15,855,-5689
0052,14:20,860,-5689
0052,14:25,865,-5689
0052,14:30,870,-6933
0052,14:35,875,-6933
0052,14:40,880,-6933
0052,14:45,885,-8533
0052,14:50,890,-8533
0052,14:55,895,-8533
0052,15:00,900,-8533
0052,15:05,905,-8533
0052,15:10,910,-9067
0052,15:15,915,-9067
0052,15:20,920,-9067
0052,15:25,925,-9067
0052,15:30,930,-3556
0052,15:35,935,-3556
0052,15:40,940,-3556
0052,15:45,945,-4089
0052,15:50,950,-4089
0052,15:55,955,-4089
0052,16:00,960,-4089
0052,16:05,965,-4089
0052,16:10,970,-4978
0052,16:15,975,-4978
0052,16:20,980,-4978
0052,16:25,985,-4978
0052,16:30,990,-6756
0052,16:35,995,-6756
0052,16:40,1000,-6756
0052,16:45,1005,-6756
0052,16:50,1010,-7822
0052,16:55,1015,-7822
0052,17:00,1020,-7822
0052,17:05,1025,-8533
0052,17:10,1030,-8533
0052,17:15,1035,-8533
0052,17:20,1040,-8533
0052,17:25,1045,-8533
0052,17:30,1050,-9422
0052,17:35,1055,-9422
0052,17:40,1060,-9422
0052,17:45,1065,-9422
0052,17:50,1070,-9956
0052,17:55,1075,-9956
0052,18:00,1080,-9956
0052,18:05,1085,-9956
0052,18:10,1090,-10133
0052,18:15,1095,-10133
0052,18:20,1100,-10133
0052,18:25,1105,-9778
0052,18:30,1110,-9778
0052,18:35,1115,-9778
0052,18:40,1120,-9778
0052,18:45,1125,-9778
0052,18:50,1130,-11022
0052,18:55,1135,-11022
0052,19:00,1140,-11022
0052,19:05,1145,-11022
0052,19:10,1150,-11556
0052,19:15,1155,-11556
0052,19:20,1160,-11556
0052,19:25,1165,-12444
0052,19:30,1170,-12444
0052,19:35,1175,-12444
0052,19:40,1180,-12444
0052,19:45,1185,-12800
0052,19:50,1190,-12800
0052,19:55,1195,-12800
0052,20:00,1200,-12800
0052,20:05,1205,-12800
0052,20:10,1210,-13156
0052,20:15,1215,-13156
0052,20:20,1220,-13156
0052,20:25,1225,-13156
0052,20:30,1230,-13511
0052,20:35,1235,-13511
0052,20:40,1240,-13511
0052,20:45,1245,-13511
0052,20:50,1250,-13511
0052,20:55,1255,-13511
0052,21:00,1260,-13511
0052,21:05,1265,-13511
0052,21:10,1270,-13511
0052,21:15,1275,-13511
0052,21:20,1280,-13511
0052,21:25,1285,-13511
0052,21:30,1290,-13511
0052,21:35,1295,-13511
0052,21:40,1300,-13511
0052,21:45,1305,-13511
0052,21:50,1310,-13511
0052,21:55,1315,-13511
0052,22:00,1320,-13511
0052,22:05,1325,-13511
0052,22:10,1330,-13511
0052,22:15,1335,-13511
0052,22:20,1340,-13511
0052,22:25,1345,-13511
0052,22:30,1350,-13511
0052,22:35,1355,-13511
0052,22:40,1360,-13511
0052,22:45,1365,-13511
0052,22:50,1370,-13511
0052,22:55,1375,-13511
0052,23:00,1380,-13511
0052,23:05,1385,-13511
0052,23:10,1390,-13511
0052,23:15,1395,-13511
0052,23:16,1396,-13511
0052,23:20,1400,-13511
0053,09:00,540,0
0053,09:05,545,0
0053,09:10,550,0
0053,09:15,555,0
0053,09:20,560,0
0053,09:25,565,0
0053,09:30,570,0
0053,09:35,575,0
0053,09:40,580,0
0053,09:45,585,0
0053,09:50,590,0
0053,09:55,595,0
0053,10:00,600,0
0053,10:05,605,0
0053,10:10,610,0
0053,10:15,615,0
0053,10:20,620,0
0053,10:25,625,0
0053,10:30,630,0
0053,10:35,635,0
0053,10:40,640,0
0053,10:45,645,0
0053,10:50,650,0
0053,10:55,655,0
0053,11:00,660,0
0053,11:05,665,0
0053,11:10,670,0
0053,11:15,675,0
0053,11:20,680,0
0053,11:25,685,0
0053,11:30,690,-622
0053,11:35,695,-622
0053,11:40,700,-622
0053,11:45,705,1121
0053,11:50,710,1121
0053,11:55,715,1121
0053,12:00,720,1121
0053,12:05,725,6379
0053,12:10,730,6379
0053,12:15,735,6379
0053,12:20,740,6379
0053,12:25,745,6379
0053,12:30,750,8966
0053,12:35,755,8966
0053,12:40,760,8966
0053,12:45,765,8966
0053,12:50,770,7672
0053,12:55,775,7672
0053,13:00,780,7672
0053,13:05,785,6552
0053,13:10,790,6552
0053,13:15,795,6552
0053,13:20,800,6552
0053,13:25,805,6552
0053,13:30,810,6552
0053,13:35,815,6552
0053,13:40,820,6552
0053,13:45,825,6552
0053,13:50,830,6552
0053,13:55,835,6552
0053,14:00,840,6552
0053,14:05,845,6552
0053,14:10,850,5517
0053,14:15,855,5517
0053,14:20,860,5517
0053,14:25,865,5517
0053,14:30,870,4052
0053,14:35,875,4052
0053,14:40,880,4052
0053,14:45,885,2672
0053,14:50,890,2672
0053,14:55,895,2672
0053,15:00,900,2672
0053,15:05,905,2672
0053,15:10,910,2069
0053,15:15,915,2069
0053,15:20,920,2069
0053,15:25,925,2069
0053,15:30,930,1810
0053,15:35,935,1810
0053,15:40,940,1810
0053,15:45,945,1207
0053,15:50,950,1207
0053,15:55,955,1207
0053,16:00,960,1207
0053,16:05,965,1207
0053,16:10,970,948
0053,16:15,975,948
0053,16:20,980,948
0053,16:25,985,948
0053,16:30,990,948
0053,16:35,995,948
0053,16:40,1000,948
0053,16:45,1005,948
0053,16:50,1010,690
0053,16:55,1015,690
0053,17:00,1020,690
0053,17:05,1025,-267
0053,17:10,1030,-267
0053,17:15,1035,-267
0053,17:20,1040,-267
0053,17:25,1045,-267
0053,17:30,1050,-444
0053,17:35,1055,-444
0053,17:40,1060,-444
0053,17:45,1065,-444
0053,17:50,1070,-1067
0053,17:55,1075,-1067
0053,18:00,1080,-1067
0053,18:05,1085,-1067
0053,18:10,1090,-1956
0053,18:15,1095,-1956
0053,18:20,1100,-1956
0053,18:25,1105,-2044
0053,18:30,1110,-2044
0053,18:35,1115,-2044
0053,18:40,1120,-2044
0053,18:45,1125,-2044
0053,18:50,1130,-2756
0053,18:55,1135,-2756
0053,19:00,1140,-2756
0053,19:05,1145,-2756
0053,19:10,1150,-3289
0053,19:15,1155,-3289
0053,19:20,1160,-3289
0053,19:25,1165,-3911
0053,19:30,1170,-3911
0053,19:35,1175,-3911
0053,19:40,1180,-3911
0053,19:45,1185,-3911
0053,19:50,1190,-3911
0053,19:55,1195,-3911
0053,20:00,1200,-3911
0053,20:05,1205,-3911
0053,20:10,1210,-2844
0053,20:15,1215,-2844
0053,20:20,1220,-2844
0053,20:25,1225,-2844
0053,20:30,1230,-4000
0053,20:35,1235,-4000
0053,20:40,1240,-4000
0053,20:45,1245,-4000
0053,20:50,1250,-4000
0053,20:55,1255,-4000
0053,21:00,1260,-4000
0053,21:05,1265,-4000
0053,21:10,1270,-4000
0053,21:15,1275,-4000
0053,21:20,1280,-4000
0053,21:25,1285,-4000
0053,21:30,1290,-4089
0053,21:35,1295,-4089
0053,21:40,1300,-4089
0053,21:45,1305,-4089
0053,21:50,1310,-4089
0053,21:55,1315,-4089
0053,22:00,1320,-4089
0053,22:05,1325,-4089
0053,22:10,1330,-4089
0053,22:15,1335,-4089
0053,22:20,1340,-4089
0053,22:25,1345,-4089
0053,22:30,1350,-4089
0053,22:35,1355,-4089
0053,22:40,1360,-4089
0053,22:45,1365,-4089
0053,22:50,1370,-4089
0053,22:55,1375,-4089
0053,23:00,1380,-4089
0053,23:05,1385,-4089
0053,23:10,1390,-4089
0053,23:15,1395,-4089
0053,23:16,1396,-4089
0053,23:20,1400,-4089
0054,09:00,540,0
0054,09:05,545,0
0054,09:10,550,0
0054,09:15,555,0
0054,09:20,560,0
0054,09:25,565,0
0054,09:30,570,0
0054,09:35,575,0
0054,09:40,580,0
0054,09:45,585,0
0054,09:50,590,0
0054,09:55,595,0
0054,10:00,600,0
0054,10:05,605,0
0054,10:10,610,0
0054,10:15,615,0
0054,10:20,620,0
0054,10:25,625,0
0054,10:30,630,0
0054,10:35,635,0
0054,10:40,640,0
0054,10:45,645,0
0054,10:50,650,0
0054,10:55,655,0
0054,11:00,660,0
0054,11:05,665,0
0054,11:10,670,0
0054,11:15,675,0
0054,11:20,680,0
0054,11:25,685,0
0054,11:30,690,0
0054,11:35,695,0
0054,11:40,700,0
0054,11:45,705,0
0054,11:50,710,0
0054,11:55,715,0
0054,12:00,720,0
0054,12:05,725,0
0054,12:10,730,0
0054,12:15,735,0
0054,12:20,740,0
0054,12:25,745,0
0054,12:30,750,-356
0054,12:35,755,-356
0054,12:40,760,-356
0054,12:45,765,-356
0054,12:50,770,-1778
0054,12:55,775,-1778
0054,13:00,780,-1778
0054,13:05,785,-1778
0054,13:10,790,-1778
0054,13:15,795,-1778
0054,13:20,800,-1778
0054,13:25,805,-2311
0054,13:30,810,-2311
0054,13:35,815,-2311
0054,13:40,820,-2311
0054,13:45,825,-2311
0054,13:50,830,-2311
0054,13:55,835,-2311
0054,14:00,840,-2311
0054,14:05,845,-2311
0054,14:10,850,-2667
0054,14:15,855,-2667
0054,14:20,860,-2667
0054,14:25,865,-2667
0054,14:30,870,-2667
0054,14:35,875,-2667
0054,14:40,880,-2667
0054,14:45,885,-3200
0054,14:50,890,-3200
0054,14:55,895,-3200
0054,15:00,900,-3200
0054,15:05,905,-3200
0054,15:10,910,-4444
0054,15:15,915,-4444
0054,15:20,920,-4444
0054,15:25,925,-4444
0054,15:30,930,-5156
0054,15:35,935,-5156
0054,15:40,940,-5156
0054,15:45,945,-6044
0054,15:50,950,-6044
0054,15:55,955,-6044
0054,16:00,960,-6044
0054,16:05,965,-6044
0054,16:10,970,-7111
0054,16:15,975,-7111
0054,16:20,980,-7111
0054,16:25,985,-7111
0054,16:30,990,-8533
0054,16:35,995,-8533
0054,16:40,1000,-8533
0054,16:45,1005,-8533
0054,16:50,1010,-9956
0054,16:55,1015,-9956
0054,17:00,1020,-9956
0054,17:05,1025,-11200
0054,17:10,1030,-11200
0054,17:15,1035,-11200
0054,17:20,1040,-11200
0054,17:25,1045,-11200
0054,17:30,1050,-9600
0054,17:35,1055,-9600
0054,17:40,1060,-9600
0054,17:45,1065,-9600
0054,17:50,1070,-10489
0054,17:55,1075,-10489
0054,18:00,1080,-10489
0054,18:05,1085,-10489
0054,18:10,1090,-10844
0054,18:15,1095,-10844
0054,18:20,1100,-10844
0054,18:25,1105,-11200
0054,18:30,1110,-11200
0054,18:35,1115,-11200
0054,18:40,1120,-11200
0054,18:45,1125,-11200
0054,18:50,1130,-11200
0054,18:55,1135,-11200
0054,19:00,1140,-11200
0054,19:05,1145,-11200
0054,19:10,1150,-11200
0054,19:15,1155,-11200
0054,19:20,1160,-11200
0054,19:25,1165,-11378
0054,19:30,1170,-11378
0054,19:35,1175,-11378
0054,19:40,1180,-11378
0054,19:45,1185,-11378
0054,19:50,1190,-11378
0054,19:55,1195,-11378
0054,20:00,1200,-11378
0054,20:05,1205,-11378
0054,20:10,1210,-11378
0054,20:15,1215,-11378
0054,20:20,1220,-11378
0054,20:25,1225,-11378
0054,20:30,1230,-11378
0054,20:35,1235,-11378
0054,20:40,1240,-11378
0054,20:45,1245,-11378
0054,20:50,1250,-11378
0054,20:55,1255,-11378
0054,21:00,1260,-11378
0054,21:05,1265,-11378
0054,21:10,1270,-11378
0054,21:15,1275,-11378
0054,21:20,1280,-11378
0054,21:25,1285,-11378
0054,21:30,1290,-11378
0054,21:35,1295,-11378
0054,21:40,1300,-11378
0054,21:45,1305,-11378
0054,21:50,1310,-11378
0054,21:55,1315,-11378
0054,22:00,1320,-11378
0054,22:05,1325,-11378
0054,22:10,1330,-11378
0054,22:15,1335,-11378
0054,22:20,1340,-11378
0054,22:25,1345,-11378
0054,22:30,1350,-11378
0054,22:35,1355,-11378
0054,22:40,1360,-11378
0054,22:45,1365,-11378
0054,22:50,1370,-11378
0054,22:55,1375,-11378
0054,23:00,1380,-11378
0054,23:05,1385,-11378
0054,23:10,1390,-11378
0054,23:15,1395,-11378
0054,23:16,1396,-11378
0054,23:20,1400,-11378
0055,09:00,540,0
0055,09:05,545,0
0055,09:10,550,0
0055,09:15,555,0
0055,09:20,560,0
0055,09:25,565,0
0055,09:30,570,0
0055,09:35,575,0
0055,09:40,580,0
0055,09:45,585,0
0055,09:50,590,0
0055,09:55,595,0
0055,10:00,600,0
0055,10:05,605,0
0055,10:10,610,0
0055,10:15,615,0
0055,10:20,620,0
0055,10:25,625,-1021
0055,10:30,630,-1021
0055,10:35,635,-1021
0055,10:40,640,-1277
0055,10:45,645,-1277
0055,10:50,650,-1277
0055,10:55,655,-1277
0055,11:00,660,-1277
0055,11:05,665,-1277
0055,11:10,670,-1787
0055,11:15,675,-1787
0055,11:20,680,-1787
0055,11:25,685,-1787
0055,11:30,690,3471
0055,11:35,695,3471
0055,11:40,700,3471
0055,11:45,705,3223
0055,11:50,710,3223
0055,11:55,715,3223
0055,12:00,720,3223
0055,12:05,725,3223
0055,12:10,730,3223
0055,12:15,735,3223
0055,12:20,740,3223
0055,12:25,745,3223
0055,12:30,750,3223
0055,12:35,755,3223
0055,12:40,760,3223
0055,12:45,765,3223
0055,12:50,770,4959
0055,12:55,775,4959
0055,13:00,780,4959
0055,13:05,785,7686
0055,13:10,790,7686
0055,13:15,795,7686
0055,13:20,800,7686
0055,13:25,805,11901
0055,13:30,810,11901
0055,13:35,815,11901
0055,13:40,820,11901
0055,13:45,825,11901
0055,13:50,830,17107
0055,13:55,835,17107
0055,14:00,840,17107
0055,14:05,845,17107
0055,14:10,850,18347
0055,14:15,855,18347
0055,14:20,860,18347
0055,14:25,865,18347
0055,14:30,870,17107
0055,14:35,875,17107
0055,14:40,880,17107
0055,14:45,885,15620
0055,14:50,890,15620
0055,14:55,895,15620
0055,15:00,900,15620
0055,15:05,905,15620
0055,15:10,910,15124
0055,15:15,915,15124
0055,15:20,920,15124
0055,15:25,925,15124
0055,15:30,930,14876
0055,15:35,935,14876
0055,15:40,940,14876
0055,15:45,945,14876
0055,15:50,950,14876
0055,15:55,955,14876
0055,16:00,960,14876
0055,16:05,965,14876
0055,16:10,970,14380
0055,16:15,975,14380
0055,16:20,980,14380
0055,16:25,985,14380
0055,16:30,990,13636
0055,16:35,995,13636
0055,16:40,1000,13636
0055,16:45,1005,13636
0055,16:50,1010,17355
0055,16:55,1015,17355
0055,17:00,1020,17355
0055,17:05,1025,16860
0055,17:10,1030,16860
0055,17:15,1035,16860
0055,17:20,1040,16860
0055,17:25,1045,16860
0055,17:30,1050,15124
0055,17:35,1055,15124
0055,17:40,1060,15124
0055,17:45,1065,15124
0055,17:50,1070,15868
0055,17:55,1075,15868
0055,18:00,1080,15868
0055,18:05,1085,15868
0055,18:10,1090,20826
0055,18:15,1095,20826
0055,18:20,1100,20826
0055,18:25,1105,20083
0055,18:30,1110,20083
0055,18:35,1115,20083
0055,18:40,1120,20083
0055,18:45,1125,20083
0055,18:50,1130,26777
0055,18:55,1135,26777
0055,19:00,1140,26777
0055,19:05,1145,26777
0055,19:10,1150,26529
0055,19:15,1155,26529
0055,19:20,1160,26529
0055,19:25,1165,26033
0055,19:30,1170,26033
0055,19:35,1175,26033
0055,19:40,1180,26033
0055,19:45,1185,25289
0055,19:50,1190,25289
0055,19:55,1195,25289
0055,20:00,1200,25289
0055,20:05,1205,25289
0055,20:10,1210,25289
0055,20:15,1215,25289
0055,20:20,1220,25289
0055,20:25,1225,25289
0055,20:30,1230,25041
0055,20:35,1235,25041
0055,20:40,1240,25041
0055,20:45,1245,25041
0055,20:50,1250,25041
0055,20:55,1255,25041
0055,21:00,1260,25041
0055,21:05,1265,25041
0055,21:10,1270,25041
0055,21:15,1275,25041
0055,21:20,1280,25041
0055,21:25,1285,25041
0055,21:30,1290,25041
0055,21:35,1295,25041
0055,21:40,1300,25041
0055,21:45,1305,25041
0055,21:50,1310,25041
0055,21:55,1315,25041
0055,22:00,1320,25041
0055,22:05,1325,25041
0055,22:10,1330,25041
0055,22:15,1335,25041
0055,22:20,1340,25041
0055,22:25,1345,25041
0055,22:30,1350,25041
0055,22:35,1355,25041
0055,22:40,1360,25041
0055,22:45,1365,25041
0055,22:50,1370,25041
0055,22:55,1375,25041
0055,23:00,1380,25041
0055,23:05,1385,25041
0055,23:10,1390,25041
0055,23:15,1395,25041
0055,23:16,1396,25041
0055,23:20,1400,25041
0056,09:00,540,0
0056,09:05,545,0
0056,09:10,550,0
0056,09:15,555,0
0056,09:20,560,0
0056,09:25,565,0
0056,09:30,570,0
0056,09:35,575,0
0056,09:40,580,0
0056,09:45,585,0
0056,09:50,590,0
0056,09:55,595,0
0056,10:00,600,0
0056,10:05,605,0
0056,10:10,610,0
0056,10:15,615,0
0056,10:20,620,0
0056,10:25,625,0
0056,10:30,630,0
0056,10:35,635,0
0056,10:40,640,0
0056,10:45,645,0
0056,10:50,650,0
0056,10:55,655,0
0056,11:00,660,0
0056,11:05,665,0
0056,11:10,670,0
0056,11:15,675,0
0056,11:20,680,0
0056,11:25,685,0
0056,11:30,690,0
0056,11:35,695,0
0056,11:40,700,0
0056,11:45,705,0
0056,11:50,710,0
0056,11:55,715,0
0056,12:00,720,0
0056,12:05,725,0
0056,12:10,730,0
0056,12:15,735,0
0056,12:20,740,0
0056,12:25,745,0
0056,12:30,750,0
0056,12:35,755,0
0056,12:40,760,0
0056,12:45,765,0
0056,12:50,770,0
0056,12:55,775,0
0056,13:00,780,0
0056,13:05,785,0
0056,13:10,790,0
0056,13:15,795,0
0056,13:20,800,0
0056,13:25,805,-178
0056,13:30,810,-178
0056,13:35,815,-178
0056,13:40,820,-178
0056,13:45,825,-178
0056,13:50,830,-178
0056,13:55,835,-178
0056,14:00,840,-178
0056,14:05,845,-178
0056,14:10,850,-178
0056,14:15,855,-178
0056,14:20,860,-178
0056,14:25,865,-178
0056,14:30,870,-178
0056,14:35,875,-178
0056,14:40,880,-178
0056,14:45,885,-178
0056,14:50,890,-178
0056,14:55,895,-178
0056,15:00,900,-178
0056,15:05,905,-178
0056,15:10,910,2328
0056,15:15,915,2328
0056,15:20,920,2328
0056,15:25,925,2328
0056,15:30,930,3017
0056,15:35,935,3017
0056,15:40,940,3017
0056,15:45,945,3793
0056,15:50,950,3793
0056,15:55,955,3793
0056,16:00,960,3793
0056,16:05,965,3793
0056,16:10,970,2759
0056,16:15,975,2759
0056,16:20,980,2759
0056,16:25,985,2759
0056,16:30,990,2759
0056,16:35,995,2759
0056,16:40,1000,2759
0056,16:45,1005,2759
0056,16:50,1010,2759
0056,16:55,1015,2759
0056,17:00,1020,2759
0056,17:05,1025,2759
0056,17:10,1030,2759
0056,17:15,1035,2759
0056,17:20,1040,2759
0056,17:25,1045,2759
0056,17:30,1050,2500
0056,17:35,1055,2500
0056,17:40,1060,2500
0056,17:45,1065,2500
0056,17:50,1070,2500
0056,17:55,1075,2500
0056,18:00,1080,2500
0056,18:05,1085,2500
0056,18:10,1090,2500
0056,18:15,1095,2500
0056,18:20,1100,2500
0056,18:25,1105,2414
0056,18:30,1110,2414
0056,18:35,1115,2414
0056,18:40,1120,2414
0056,18:45,1125,2414
0056,18:50,1130,2414
0056,18:55,1135,2414
0056,19:00,1140,2414
0056,19:05,1145,2414
0056,19:10,1150,2414
0056,19:15,1155,2414
0056,19:20,1160,2414
0056,19:25,1165,2414
0056,19:30,1170,2414
0056,19:35,1175,2414
0056,19:40,1180,2414
0056,19:45,1185,2414
0056,19:50,1190,2414
0056,19:55,1195,2414
0056,20:00,1200,2414
0056,20:05,1205,2414
0056,20:10,1210,2414
0056,20:15,1215,2414
0056,20:20,1220,2414
0056,20:25,1225,2414
0056,20:30,1230,2414
0056,20:35,1235,2414
0056,20:40,1240,2414
0056,20:45,1245,2414
0056,20:50,1250,2414
0056,20:55,1255,2414
0056,21:00,1260,2414
0056,21:05,1265,2414
0056,21:10,1270,2414
0056,21:15,1275,2414
0056,21:20,1280,2414
0056,21:25,1285,2414
0056,21:30,1290,2414
0056,21:35,1295,2414
0056,21:40,1300,2414
0056,21:45,1305,2414
0056,21:50,1310,2414
0056,21:55,1315,2414
0056,22:00,1320,2414
0056,22:05,1325,2414
0056,22:10,1330,2414
0056,22:15,1335,2414
0056,22:20,1340,2414
0056,22:25,1345,2414
0056,22:30,1350,2414
0056,22:35,1355,2414
0056,22:40,1360,2414
0056,22:45,1365,2414
0056,22:50,1370,2414
0056,22:55,1375,2414
0056,23:00,1380,2414
0056,23:05,1385,2414
0056,23:10,1390,2414
0056,23:15,1395,2414
0056,23:16,1396,2414
0056,23:20,1400,2414
0057,09:00,540,0
0057,09:05,545,0
0057,09:10,550,0
0057,09:15,555,0
0057,09:20,560,0
0057,09:25,565,0
0057,09:30,570,0
0057,09:35,575,0
0057,09:40,580,0
0057,09:45,585,0
0057,09:50,590,0
0057,09:55,595,0
0057,10:00,600,0
0057,10:05,605,0
0057,10:10,610,-533
0057,10:15,615,-533
0057,10:20,620,-533
0057,10:25,625,-1156
0057,10:30,630,-1156
0057,10:35,635,-1156
0057,10:40,640,-1156
0057,10:45,645,-1156
0057,10:50,650,-1156
0057,10:55,655,-1156
0057,11:00,660,-1156
0057,11:05,665,-1156
0057,11:10,670,-1244
0057,11:15,675,-1244
0057,11:20,680,-1244
0057,11:25,685,-1244
0057,11:30,690,2759
0057,11:35,695,2759
0057,11:40,700,2759
0057,11:45,705,2155
0057,11:50,710,2155
0057,11:55,715,2155
0057,12:00,720,2155
0057,12:05,725,4569
0057,12:10,730,4569
0057,12:15,735,4569
0057,12:20,740,4569
0057,12:25,745,4569
0057,12:30,750,5345
0057,12:35,755,5345
0057,12:40,760,5345
0057,12:45,765,5345
0057,12:50,770,4397
0057,12:55,775,4397
0057,13:00,780,4397
0057,13:05,785,3793
0057,13:10,790,3793
0057,13:15,795,3793
0057,13:20,800,3793
0057,13:25,805,2931
0057,13:30,810,2931
0057,13:35,815,2931
0057,13:40,820,2931
0057,13:45,825,2931
0057,13:50,830,1983
0057,13:55,835,1983
0057,14:00,840,1983
0057,14:05,845,1983
0057,14:10,850,1207
0057,14:15,855,1207
0057,14:20,860,1207
0057,14:25,865,1207
0057,14:30,870,431
0057,14:35,875,431
0057,14:40,880,431
0057,14:45,885,-800
0057,14:50,890,-800
0057,14:55,895,-800
0057,15:00,900,-800
0057,15:05,905,-800
0057,15:10,910,-1333
0057,15:15,915,-1333
0057,15:20,920,-1333
0057,15:25,925,-1333
0057,15:30,930,-2044
0057,15:35,935,-2044
0057,15:40,940,-2044
0057,15:45,945,-2489
0057,15:50,950,-2489
0057,15:55,955,-2489
0057,16:00,960,-2489
0057,16:05,965,-2489
0057,16:10,970,-1956
0057,16:15,975,-1956
0057,16:20,980,-1956
0057,16:25,985,-1956
0057,16:30,990,776
0057,16:35,995,776
0057,16:40,1000,776
0057,16:45,1005,776
0057,16:50,1010,-178
0057,16:55,1015,-178
0057,17:00,1020,-178
0057,17:05,1025,-978
0057,17:10,1030,-978
0057,17:15,1035,-978
0057,17:20,1040,-978
0057,17:25,1045,-978
0057,17:30,1050,-1600
0057,17:35,1055,-1600
0057,17:40,1060,-1600
0057,17:45,1065,-1600
0057,17:50,1070,-1867
0057,17:55,1075,-1867
0057,18:00,1080,-1867
0057,18:05,1085,-1867
0057,18:10,1090,-2400
0057,18:15,1095,-2400
0057,18:20,1100,-2400
0057,18:25,1105,-2933
0057,18:30,1110,-2933
0057,18:35,1115,-2933
0057,18:40,1120,-2933
0057,18:45,1125,-2933
0057,18:50,1130,-3289
0057,18:55,1135,-3289
0057,19:00,1140,-3289
0057,19:05,1145,-3289
0057,19:10,1150,-3378
0057,19:15,1155,-3378
0057,19:20,1160,-3378
0057,19:25,1165,-3556
0057,19:30,1170,-3556
0057,19:35,1175,-3556
0057,19:40,1180,-3556
0057,19:45,1185,-3822
0057,19:50,1190,-3822
0057,19:55,1195,-3822
0057,20:00,1200,-3822
0057,20:05,1205,-3822
0057,20:10,1210,-3822
0057,20:15,1215,-3822
0057,20:20,1220,-3822
0057,20:25,1225,-3822
0057,20:30,1230,-4089
0057,20:35,1235,-4089
0057,20:40,1240,-4089
0057,20:45,1245,1379
0057,20:50,1250,1379
0057,20:55,1255,1379
0057,21:00,1260,1379
0057,21:05,1265,1379
0057,21:10,1270,4052
0057,21:15,1275,4052
0057,21:20,1280,4052
0057,21:25,1285,4052
0057,21:30,1290,3793
0057,21:35,1295,3793
0057,21:40,1300,3793
0057,21:45,1305,3793
0057,21:50,1310,3793
0057,21:55,1315,3793
0057,22:00,1320,3793
0057,22:05,1325,3793
0057,22:10,1330,3793
0057,22:15,1335,3793
0057,22:20,1340,3793
0057,22:25,1345,3793
0057,22:30,1350,3793
0057,22:35,1355,3793
0057,22:40,1360,3793
0057,22:45,1365,3793
0057,22:50,1370,3793
0057,22:55,1375,3793
0057,23:00,1380,3793
0057,23:05,1385,3793
0057,23:10,1390,3793
0057,23:15,1395,3793
0057,23:16,1396,3793
0057,23:20,1400,3793
0058,09:00,540,0
0058,09:05,545,0
0058,09:10,550,0
0058,09:15,555,0
0058,09:20,560,0
0058,09:25,565,0
0058,09:30,570,0
0058,09:35,575,0
0058,09:40,580,0
0058,09:45,585,0
0058,09:50,590,0
0058,09:55,595,0
0058,10:00,600,0
0058,10:05,605,0
0058,10:10,610,0
0058,10:15,615,0
0058,10:20,620,0
0058,10:25,625,0
0058,10:30,630,0
0058,10:35,635,0
0058,10:40,640,0
0058,10:45,645,0
0058,10:50,650,0
0058,10:55,655,0
0058,11:00,660,0
0058,11:05,665,0
0058,11:10,670,0
0058,11:15,675,0
0058,11:20,680,0
0058,11:25,685,0
0058,11:30,690,-1191
0058,11:35,695,-1191
0058,11:40,700,-1191
0058,11:45,705,-2043
0058,11:50,710,-2043
0058,11:55,715,-2043
0058,12:00,720,-2043
0058,12:05,725,-3064
0058,12:10,730,-3064
0058,12:15,735,-3064
0058,12:20,740,-3064
0058,12:25,745,-3064
0058,12:30,750,-4085
0058,12:35,755,-4085
0058,12:40,760,-4085
0058,12:45,765,-4085
0058,12:50,770,-5617
0058,12:55,775,-5617
0058,13:00,780,-5617
0058,13:05,785,-3574
0058,13:10,790,-3574
0058,13:15,795,-3574
0058,13:20,800,-3574
0058,13:25,805,-5106
0058,13:30,810,-5106
0058,13:35,815,-5106
0058,13:40,820,-5106
0058,13:45,825,-5106
0058,13:50,830,-6298
0058,13:55,835,-6298
0058,14:00,840,-6298
0058,14:05,845,-6298
0058,14:10,850,-6298
0058,14:15,855,-6298
0058,14:20,860,-6298
0058,14:25,865,-6298
0058,14:30,870,-7319
0058,14:35,875,-7319
0058,14:40,880,-7319
0058,14:45,885,-8340
0058,14:50,890,-8340
0058,14:55,895,-8340
0058,15:00,900,-8340
0058,15:05,905,-8340
0058,15:10,910,-9191
0058,15:15,915,-9191
0058,15:20,920,-9191
0058,15:25,925,-9191
0058,15:30,930,-9362
0058,15:35,935,-9362
0058,15:40,940,-9362
0058,15:45,945,-10383
0058,15:50,950,-10383
0058,15:55,955,-10383
0058,16:00,960,-10383
0058,16:05,965,-10383
0058,16:10,970,-10723
0058,16:15,975,-10723
0058,16:20,980,-10723
0058,16:25,985,-10723
0058,16:30,990,-12596
0058,16:35,995,-12596
0058,16:40,1000,-12596
0058,16:45,1005,-12596
0058,16:50,1010,-14128
0058,16:55,1015,-14128
0058,17:00,1020,-14128
0058,17:05,1025,-15489
0058,17:10,1030,-15489
0058,17:15,1035,-15489
0058,17:20,1040,-15489
0058,17:25,1045,-15489
0058,17:30,1050,-11745
0058,17:35,1055,-11745
0058,17:40,1060,-11745
0058,17:45,1065,-11745
0058,17:50,1070,-12596
0058,17:55,1075,-12596
0058,18:00,1080,-12596
0058,18:05,1085,-12596
0058,18:10,1090,-13277
0058,18:15,1095,-13277
0058,18:20,1100,-13277
0058,18:25,1105,-13787
0058,18:30,1110,-13787
0058,18:35,1115,-13787
0058,18:40,1120,-13787
0058,18:45,1125,-13787
0058,18:50,1130,-13787
0058,18:55,1135,-13787
0058,19:00,1140,-13787
0058,19:05,1145,-13787
0058,19:10,1150,-13787
0058,19:15,1155,-13787
0058,19:20,1160,-13787
0058,19:25,1165,-13787
0058,19:30,1170,-13787
0058,19:35,1175,-13787
0058,19:40,1180,-13787
0058,19:45,1185,-13787
0058,19:50,1190,-13787
0058,19:55,1195,-13787
0058,20:00,1200,-13787
0058,20:05,1205,-13787
0058,20:10,1210,-13787
0058,20:15,1215,-13787
0058,20:20,1220,-13787
0058,20:25,1225,-13787
0058,20:30,1230,-13787
0058,20:35,1235,-13787
0058,20:40,1240,-13787
0058,20:45,1245,-11404
0058,20:50,1250,-11404
0058,20:55,1255,-11404
0058,21:00,1260,-11404
0058,21:05,1265,-11404
0058,21:10,1270,-5957
0058,21:15,1275,-5957
0058,21:20,1280,-5957
0058,21:25,1285,-5957
0058,21:30,1290,-511
0058,21:35,1295,-511
0058,21:40,1300,-511
0058,21:45,1305,6281
0058,21:50,1310,6281
0058,21:55,1315,6281
0058,22:00,1320,6281
0058,22:05,1325,13223
0058,22:10,1330,13223
0058,22:15,1335,13223
0058,22:20,1340,13223
0058,22:25,1345,13223
0058,22:30,1350,15702
0058,22:35,1355,15702
0058,22:40,1360,15702
0058,22:45,1365,15702
0058,22:50,1370,15702
0058,22:55,1375,15702
0058,23:00,1380,15702
0058,23:05,1385,15702
0058,23:10,1390,15702
0058,23:15,1395,15702
0058,23:16,1396,15702
0058,23:20,1400,15702
0059,09:00,540,0
0059,09:05,545,0
0059,09:10,550,0
0059,09:15,555,0
0059,09:20,560,0
0059,09:25,565,0
0059,09:30,570,0
0059,09:35,575,0
0059,09:40,580,0
0059,09:45,585,0
0059,09:50,590,0
0059,09:55,595,0
0059,10:00,600,0
0059,10:05,605,0
0059,10:10,610,0
0059,10:15,615,0
0059,10:20,620,0
0059,10:25,625,-178
0059,10:30,630,-178
0059,10:35,635,-178
0059,10:40,640,-711
0059,10:45,645,-711
0059,10:50,650,-711
0059,10:55,655,-711
0059,11:00,660,-711
0059,11:05,665,-711
0059,11:10,670,-711
0059,11:15,675,-711
0059,11:20,680,-711
0059,11:25,685,-711
0059,11:30,690,-889
0059,11:35,695,-889
0059,11:40,700,-889
0059,11:45,705,-1244
0059,11:50,710,-1244
0059,11:55,715,-1244
0059,12:00,720,-1244
0059,12:05,725,-1244
0059,12:10,730,-1244
0059,12:15,735,-1244
0059,12:20,740,-1244
0059,12:25,745,-1244
0059,12:30,750,-1244
0059,12:35,755,-1244
0059,12:40,760,-1244
0059,12:45,765,-1244
0059,12:50,770,-2133
0059,12:55,775,-2133
0059,13:00,780,-2133
0059,13:05,785,-3378
0059,13:10,790,-3378
0059,13:15,795,-3378
0059,13:20,800,-3378
0059,13:25,805,-3378
0059,13:30,810,-3378
0059,13:35,815,-3378
0059,13:40,820,-3378
0059,13:45,825,-3378
0059,13:50,830,-4800
0059,13:55,835,-4800
0059,14:00,840,-4800
0059,14:05,845,-4800
0059,14:10,850,-5511
0059,14:15,855,-5511
0059,14:20,860,-5511
0059,14:25,865,-5511
0059,14:30,870,-4800
0059,14:35,875,-4800
0059,14:40,880,-4800
0059,14:45,885,-5867
0059,14:50,890,-5867
0059,14:55,895,-5867
0059,15:00,900,-5867
0059,15:05,905,-5867
0059,15:10,910,-6400
0059,15:15,915,-6400
0059,15:20,920,-6400
0059,15:25,925,-6400
0059,15:30,930,-7822
0059,15:35,935,-7822
0059,15:40,940,-7822
0059,15:45,945,-8178
0059,15:50,950,-8178
0059,15:55,955,-8178
0059,16:00,960,-8178
0059,16:05,965,-8178
0059,16:10,970,-8356
0059,16:15,975,-8356
0059,16:20,980,-8356
0059,16:25,985,-8356
0059,16:30,990,-8711
0059,16:35,995,-8711
0059,16:40,1000,-8711
0059,16:45,1005,-8711
0059,16:50,1010,-8889
0059,16:55,1015,-8889
0059,17:00,1020,-8889
0059,17:05,1025,-9067
0059,17:10,1030,-9067
0059,17:15,1035,-9067
0059,17:20,1040,-9067
0059,17:25,1045,-9067
0059,17:30,1050,-9778
0059,17:35,1055,-9778
0059,17:40,1060,-9778
0059,17:45,1065,-9778
0059,17:50,1070,-10844
0059,17:55,1075,-10844
0059,18:00,1080,-10844
0059,18:05,1085,-10844
0059,18:10,1090,-11378
0059,18:15,1095,-11378
0059,18:20,1100,-11378
0059,18:25,1105,-2489
0059,18:30,1110,-2489
0059,18:35,1115,-2489
0059,18:40,1120,-2489
0059,18:45,1125,-2489
0059,18:50,1130,5172
0059,18:55,1135,5172
0059,19:00,1140,5172
0059,19:05,1145,5172
0059,19:10,1150,9655
0059,19:15,1155,9655
0059,19:20,1160,9655
0059,19:25,1165,9483
0059,19:30,1170,9483
0059,19:35,1175,9483
0059,19:40,1180,9483
0059,19:45,1185,9483
0059,19:50,1190,9483
0059,19:55,1195,9483
0059,20:00,1200,9483
0059,20:05,1205,9483
0059,20:10,1210,9483
0059,20:15,1215,9483
0059,20:20,1220,9483
0059,20:25,1225,9483
0059,20:30,1230,9483
0059,20:35,1235,9483
0059,20:40,1240,9483
0059,20:45,1245,9483
0059,20:50,1250,9483
0059,20:55,1255,9483
0059,21:00,1260,9483
0059,21:05,1265,9483
0059,21:10,1270,9483
0059,21:15,1275,9483
0059,21:20,1280,9483
0059,21:25,1285,9483
0059,21:30,1290,9483
0059,21:35,1295,9483
0059,21:40,1300,9483
0059,21:45,1305,9483
0059,21:50,1310,9483
0059,21:55,1315,9483
0059,22:00,1320,9483
0059,22:05,1325,9483
0059,22:10,1330,9483
0059,22:15,1335,9483
0059,22:20,1340,9483
0059,22:25,1345,9483
0059,22:30,1350,9483
0059,22:35,1355,9483
0059,22:40,1360,9483
0059,22:45,1365,9483
0059,22:50,1370,9483
0059,22:55,1375,9483
0059,23:00,1380,9483
0059,23:05,1385,9483
0059,23:10,1390,9483
0059,23:15,1395,9483
0059,23:16,1396,9483
0059,23:20,1400,9483
0060,09:00,540,0
0060,09:05,545,0
0060,09:10,550,0
0060,09:15,555,0
0060,09:20,560,0
0060,09:25,565,0
0060,09:30,570,0
0060,09:35,575,0
0060,09:40,580,0
0060,09:45,585,0
0060,09:50,590,0
0060,09:55,595,0
0060,10:00,600,0
0060,10:05,605,0
0060,10:10,610,0
0060,10:15,615,0
0060,10:20,620,0
0060,10:25,625,0
0060,10:30,630,0
0060,10:35,635,0
0060,10:40,640,0
0060,10:45,645,0
0060,10:50,650,0
0060,10:55,655,0
0060,11:00,660,0
0060,11:05,665,0
0060,11:10,670,0
0060,11:15,675,0
0060,11:20,680,0
0060,11:25,685,0
0060,11:30,690,-267
0060,11:35,695,-267
0060,11:40,700,-267
0060,11:45,705,-1156
0060,11:50,710,-1156
0060,11:55,715,-1156
0060,12:00,720,-1156
0060,12:05,725,-1156
0060,12:10,730,-1156
0060,12:15,735,-1156
0060,12:20,740,-1156
0060,12:25,745,-1156
0060,12:30,750,-1156
0060,12:35,755,-1156
0060,12:40,760,-1156
0060,12:45,765,-1156
0060,12:50,770,-1156
0060,12:55,775,-1156
0060,13:00,780,-1156
0060,13:05,785,-2311
0060,13:10,790,-2311
0060,13:15,795,-2311
0060,13:20,800,-2311
0060,13:25,805,-2044
0060,13:30,810,-2044
0060,13:35,815,-2044
0060,13:40,820,-2044
0060,13:45,825,-2044
0060,13:50,830,-2044
0060,13:55,835,-2044
0060,14:00,840,-2044
0060,14:05,845,-2044
0060,14:10,850,-2311
0060,14:15,855,-2311
0060,14:20,860,-2311
0060,14:25,865,-2311
0060,14:30,870,-178
0060,14:35,875,-178
0060,14:40,880,-178
0060,14:45,885,3879
0060,14:50,890,3879
0060,14:55,895,3879
0060,15:00,900,3879
0060,15:05,905,3879
0060,15:10,910,4828
0060,15:15,915,4828
0060,15:20,920,4828
0060,15:25,925,4828
0060,15:30,930,3448
0060,15:35,935,3448
0060,15:40,940,3448
0060,15:45,945,2241
0060,15:50,950,2241
0060,15:55,955,2241
0060,16:00,960,2241
0060,16:05,965,2241
0060,16:10,970,1810
0060,16:15,975,1810
0060,16:20,980,1810
0060,16:25,985,1810
0060,16:30,990,259
0060,16:35,995,259
0060,16:40,1000,259
0060,16:45,1005,259
0060,16:50,1010,-978
0060,16:55,1015,-978
0060,17:00,1020,-978
0060,17:05,1025,1121
0060,17:10,1030,1121
0060,17:15,1035,1121
0060,17:20,1040,1121
0060,17:25,1045,1121
0060,17:30,1050,259
0060,17:35,1055,259
0060,17:40,1060,259
0060,17:45,1065,259
0060,17:50,1070,259
0060,17:55,1075,259
0060,18:00,1080,259
0060,18:05,1085,259
0060,18:10,1090,259
0060,18:15,1095,259
0060,18:20,1100,259
0060,18:25,1105,259
0060,18:30,1110,259
0060,18:35,1115,259
0060,18:40,1120,259
0060,18:45,1125,259
0060,18:50,1130,259
0060,18:55,1135,259
0060,19:00,1140,259
0060,19:05,1145,259
0060,19:10,1150,259
0060,19:15,1155,259
0060,19:20,1160,259
0060,19:25,1165,259
0060,19:30,1170,259
0060,19:35,1175,259
0060,19:40,1180,259
0060,19:45,1185,259
0060,19:50,1190,259
0060,19:55,1195,259
0060,20:00,1200,259
0060,20:05,1205,259
0060,20:10,1210,259
0060,20:15,1215,259
0060,20:20,1220,259
0060,20:25,1225,259
0060,20:30,1230,259
0060,20:35,1235,259
0060,20:40,1240,259
0060,20:45,1245,259
0060,20:50,1250,259
0060,20:55,1255,259
0060,21:00,1260,259
0060,21:05,1265,259
0060,21:10,1270,172
0060,21:15,1275,172
0060,21:20,1280,172
0060,21:25,1285,172
0060,21:30,1290,172
0060,21:35,1295,172
0060,21:40,1300,172
0060,21:45,1305,172
0060,21:50,1310,172
0060,21:55,1315,172
0060,22:00,1320,172
0060,22:05,1325,172
0060,22:10,1330,172
0060,22:15,1335,172
0060,22:20,1340,172
0060,22:25,1345,172
0060,22:30,1350,172
0060,22:35,1355,172
0060,22:40,1360,172
0060,22:45,1365,172
0060,22:50,1370,172
0060,22:55,1375,172
0060,23:00,1380,172
0060,23:05,1385,172
0060,23:10,1390,172
0060,23:15,1395,172
0060,23:16,1396,172
0060,23:20,1400,172
0061,09:00,540,0
0061,09:05,545,0
0061,09:10,550,0
0061,09:15,555,0
0061,09:20,560,0
0061,09:25,565,0
0061,09:30,570,0
0061,09:35,575,0
0061,09:40,580,0
0061,09:45,585,0
0061,09:50,590,0
0061,09:55,595,0
0061,10:00,600,0
0061,10:05,605,0
0061,10:10,610,0
0061,10:15,615,0
0061,10:20,620,0
0061,10:25,625,0
0061,10:30,630,0
0061,10:35,635,0
0061,10:40,640,0
0061,10:45,645,0
0061,10:50,650,0
0061,10:55,655,0
0061,11:00,660,0
0061,11:05,665,0
0061,11:10,670,0
0061,11:15,675,0
0061,11:20,680,0
0061,11:25,685,0
0061,11:30,690,0
0061,11:35,695,0
0061,11:40,700,0
0061,11:45,705,-178
0061,11:50,710,-178
0061,11:55,715,-178
0061,12:00,720,-178
0061,12:05,725,-356
0061,12:10,730,-356
0061,12:15,735,-356
0061,12:20,740,-356
0061,12:25,745,-356
0061,12:30,750,-356
0061,12:35,755,-356
0061,12:40,760,-356
0061,12:45,765,-356
0061,12:50,770,-356
0061,12:55,775,-356
0061,13:00,780,-356
0061,13:05,785,-356
0061,13:10,790,-356
0061,13:15,795,-356
0061,13:20,800,-356
0061,13:25,805,-356
0061,13:30,810,-356
0061,13:35,815,-356
0061,13:40,820,-356
0061,13:45,825,-356
0061,13:50,830,517
0061,13:55,835,517
0061,14:00,840,517
0061,14:05,845,517
0061,14:10,850,-267
0061,14:15,855,-267
0061,14:20,860,-267
0061,14:25,865,-267
0061,14:30,870,-444
0061,14:35,875,-444
0061,14:40,880,-444
0061,14:45,885,-1600
0061,14:50,890,-1600
0061,14:55,895,-1600
0061,15:00,900,-1600
0061,15:05,905,-1600
0061,15:10,910,-1956
0061,15:15,915,-1956
0061,15:20,920,-1956
0061,15:25,925,-1956
0061,15:30,930,-1956
0061,15:35,935,-1956
0061,15:40,940,-1956
0061,15:45,945,-3022
0061,15:50,950,-3022
0061,15:55,955,-3022
0061,16:00,960,-3022
0061,16:05,965,-3022
0061,16:10,970,-4089
0061,16:15,975,-4089
0061,16:20,980,-4089
0061,16:25,985,-4089
0061,16:30,990,-4889
0061,16:35,995,-4889
0061,16:40,1000,-4889
0061,16:45,1005,-4889
0061,16:50,1010,-1956
0061,16:55,1015,-1956
0061,17:00,1020,-1956
0061,17:05,1025,1293
0061,17:10,1030,1293
0061,17:15,1035,1293
0061,17:20,1040,1293
0061,17:25,1045,1293
0061,17:30,1050,5172
0061,17:35,1055,5172
0061,17:40,1060,5172
0061,17:45,1065,5172
0061,17:50,1070,4224
0061,17:55,1075,4224
0061,18:00,1080,4224
0061,18:05,1085,4224
0061,18:10,1090,3621
0061,18:15,1095,3621
0061,18:20,1100,3621
0061,18:25,1105,1983
0061,18:30,1110,1983
0061,18:35,1115,1983
0061,18:40,1120,1983
0061,18:45,1125,1983
0061,18:50,1130,948
0061,18:55,1135,948
0061,19:00,1140,948
0061,19:05,1145,948
0061,19:10,1150,172
0061,19:15,1155,172
0061,19:20,1160,172
0061,19:25,1165,-711
0061,19:30,1170,-711
0061,19:35,1175,-711
0061,19:40,1180,-711
0061,19:45,1185,-1689
0061,19:50,1190,-1689
0061,19:55,1195,-1689
0061,20:00,1200,-1689
0061,20:05,1205,-1689
0061,20:10,1210,-2489
0061,20:15,1215,-2489
0061,20:20,1220,-2489
0061,20:25,1225,-2489
0061,20:30,1230,1724
0061,20:35,1235,1724
0061,20:40,1240,1724
0061,20:45,1245,3190
0061,20:50,1250,3190
0061,20:55,1255,3190
0061,21:00,1260,3190
0061,21:05,1265,3190
0061,21:10,1270,2931
0061,21:15,1275,2931
0061,21:20,1280,2931
0061,21:25,1285,2931
0061,21:30,1290,2931
0061,21:35,1295,2931
0061,21:40,1300,2931
0061,21:45,1305,2931
0061,21:50,1310,2931
0061,21:55,1315,2931
0061,22:00,1320,2931
0061,22:05,1325,2931
0061,22:10,1330,2931
0061,22:15,1335,2931
0061,22:20,1340,2931
0061,22:25,1345,2931
0061,22:30,1350,2931
0061,22:35,1355,2931
0061,22:40,1360,2931
0061,22:45,1365,2931
0061,22:50,1370,2931
0061,22:55,1375,2931
0061,23:00,1380,2931
0061,23:05,1385,2931
0061,23:10,1390,2931
0061,23:15,1395,2931
0061,23:16,1396,2931
0061,23:20,1400,2931
0062,09:00,540,0
0062,09:05,545,0
0062,09:10,550,0
0062,09:15,555,0
0062,09:20,560,0
0062,09:25,565,0
0062,09:30,570,0
0062,09:35,575,0
0062,09:40,580,0
0062,09:45,585,0
0062,09:50,590,0
0062,09:55,595,0
0062,10:00,600,0
0062,10:05,605,0
0062,10:10,610,0
0062,10:15,615,0
0062,10:20,620,0
0062,10:25,625,0
0062,10:30,630,0
0062,10:35,635,0
0062,10:40,640,0
0062,10:45,645,0
0062,10:50,650,0
0062,10:55,655,0
0062,11:00,660,0
0062,11:05,665,0
0062,11:10,670,-356
0062,11:15,675,-356
0062,11:20,680,-356
0062,11:25,685,-356
0062,11:30,690,-356
0062,11:35,695,-356
0062,11:40,700,-356
0062,11:45,705,-889
0062,11:50,710,-889
0062,11:55,715,-889
0062,12:00,720,-889
0062,12:05,725,-889
0062,12:10,730,-889
0062,12:15,735,-889
0062,12:20,740,-889
0062,12:25,745,-889
0062,12:30,750,-1422
0062,12:35,755,-1422
0062,12:40,760,-1422
0062,12:45,765,-1422
0062,12:50,770,-2489
0062,12:55,775,-2489
0062,13:00,780,-2489
0062,13:05,785,-3556
0062,13:10,790,-3556
0062,13:15,795,-3556
0062,13:20,800,-3556
0062,13:25,805,-5156
0062,13:30,810,-5156
0062,13:35,815,-5156
0062,13:40,820,-5156
0062,13:45,825,-5156
0062,13:50,830,-5511
0062,13:55,835,-5511
0062,14:00,840,-5511
0062,14:05,845,-5511
0062,14:10,850,-5156
0062,14:15,855,-5156
0062,14:20,860,-5156
0062,14:25,865,-5156
0062,14:30,870,-1600
0062,14:35,875,-1600
0062,14:40,880,-1600
0062,14:45,885,-2844
0062,14:50,890,-2844
0062,14:55,895,-2844
0062,15:00,900,-2844
0062,15:05,905,-2844
0062,15:10,910,-3022
0062,15:15,915,-3022
0062,15:20,920,-3022
0062,15:25,925,-3022
0062,15:30,930,-3911
0062,15:35,935,-3911
0062,15:40,940,-3911
0062,15:45,945,-2844
0062,15:50,950,-2844
0062,15:55,955,-2844
0062,16:00,960,-2844
0062,16:05,965,-2844
0062,16:10,970,-3022
0062,16:15,975,-3022
0062,16:20,980,-3022
0062,16:25,985,-3022
0062,16:30,990,-3556
0062,16:35,995,-3556
0062,16:40,1000,-3556
0062,16:45,1005,-3556
0062,16:50,1010,-3378
0062,16:55,1015,-3378
0062,17:00,1020,-3378
0062,17:05,1025,-889
0062,17:10,1030,-889
0062,17:15,1035,-889
0062,17:20,1040,-889
0062,17:25,1045,-889
0062,17:30,1050,-2133
0062,17:35,1055,-2133
0062,17:40,1060,-2133
0062,17:45,1065,-2133
0062,17:50,1070,-3022
0062,17:55,1075,-3022
0062,18:00,1080,-3022
0062,18:05,1085,-3022
0062,18:10,1090,-4267
0062,18:15,1095,-4267
0062,18:20,1100,-4267
0062,18:25,1105,-4978
0062,18:30,1110,-4978
0062,18:35,1115,-4978
0062,18:40,1120,-4978
0062,18:45,1125,-4978
0062,18:50,1130,-5156
0062,18:55,1135,-5156
0062,19:00,1140,-5156
0062,19:05,1145,-5156
0062,19:10,1150,-6044
0062,19:15,1155,-6044
0062,19:20,1160,-6044
0062,19:25,1165,-7111
0062,19:30,1170,-7111
0062,19:35,1175,-7111
0062,19:40,1180,-7111
0062,19:45,1185,-8000
0062,19:50,1190,-8000
0062,19:55,1195,-8000
0062,20:00,1200,-8000
0062,20:05,1205,-8000
0062,20:10,1210,-9067
0062,20:15,1215,-9067
0062,20:20,1220,-9067
0062,20:25,1225,-9067
0062,20:30,1230,-10844
0062,20:35,1235,-10844
0062,20:40,1240,-10844
0062,20:45,1245,-12444
0062,20:50,1250,-12444
0062,20:55,1255,-12444
0062,21:00,1260,-12444
0062,21:05,1265,-12444
0062,21:10,1270,-13689
0062,21:15,1275,-13689
0062,21:20,1280,-13689
0062,21:25,1285,-13689
0062,21:30,1290,-14933
0062,21:35,1295,-14933
0062,21:40,1300,-14933
0062,21:45,1305,-16356
0062,21:50,1310,-16356
0062,21:55,1315,-16356
0062,22:00,1320,-16356
0062,22:05,1325,-17422
0062,22:10,1330,-17422
0062,22:15,1335,-17422
0062,22:20,1340,-17422
0062,22:25,1345,-17422
0062,22:30,1350,-17422
0062,22:35,1355,-17422
0062,22:40,1360,-17422
0062,22:45,1365,-17422
0062,22:50,1370,-17422
0062,22:55,1375,-17422
0062,23:00,1380,-17422
0062,23:05,1385,-17422
0062,23:10,1390,-17422
0062,23:15,1395,-17422
0062,23:16,1396,-17422
0062,23:20,1400,-17422
0063,09:00,540,0
0063,09:05,545,0
0063,09:10,550,0
0063,09:15,555,0
0063,09:20,560,0
0063,09:25,565,0
0063,09:30,570,0
0063,09:35,575,0
0063,09:40,580,0
0063,09:45,585,0
0063,09:50,590,0
0063,09:55,595,0
0063,10:00,600,0
0063,10:05,605,0
0063,10:10,610,0
0063,10:15,615,0
0063,10:20,620,0
0063,10:25,625,0
0063,10:30,630,0
0063,10:35,635,0
0063,10:40,640,0
0063,10:45,645,0
0063,10:50,650,0
0063,10:55,655,0
0063,11:00,660,-178
0063,11:05,665,-178
0063,11:10,670,-178
0063,11:15,675,-178
0063,11:20,680,-178
0063,11:25,685,-178
0063,11:30,690,-178
0063,11:35,695,-178
0063,11:40,700,-178
0063,11:45,705,-178
0063,11:50,710,-178
0063,11:55,715,-178
0063,12:00,720,-178
0063,12:05,725,-178
0063,12:10,730,-178
0063,12:15,735,-178
0063,12:20,740,-178
0063,12:25,745,-178
0063,12:30,750,-178
0063,12:35,755,-178
0063,12:40,760,-178
0063,12:45,765,-178
0063,12:50,770,-711
0063,12:55,775,-711
0063,13:00,780,-711
0063,13:05,785,-1067
0063,13:10,790,-1067
0063,13:15,795,-1067
0063,13:20,800,-1067
0063,13:25,805,-1067
0063,13:30,810,-1067
0063,13:35,815,-1067
0063,13:40,820,-1067
0063,13:45,825,-1067
0063,13:50,830,-1600
0063,13:55,835,-1600
0063,14:00,840,-1600
0063,14:05,845,-1600
0063,14:10,850,3448
0063,14:15,855,3448
0063,14:20,860,3448
0063,14:25,865,3448
0063,14:30,870,3793
0063,14:35,875,3793
0063,14:40,880,3793
0063,14:45,885,3966
0063,14:50,890,3966
0063,14:55,895,3966
0063,15:00,900,3966
0063,15:05,905,3966
0063,15:10,910,9310
0063,15:15,915,9310
0063,15:20,920,9310
0063,15:25,925,9310
0063,15:30,930,16034
0063,15:35,935,16034
0063,15:40,940,16034
0063,15:45,945,15345
0063,15:50,950,15345
0063,15:55,955,15345
0063,16:00,960,15345
0063,16:05,965,15345
0063,16:10,970,14828
0063,16:15,975,14828
0063,16:20,980,14828
0063,16:25,985,14828
0063,16:30,990,13793
0063,16:35,995,13793
0063,16:40,1000,13793
0063,16:45,1005,13793
0063,16:50,1010,13621
0063,16:55,1015,13621
0063,17:00,1020,13621
0063,17:05,1025,12931
0063,17:10,1030,12931
0063,17:15,1035,12931
0063,17:20,1040,12931
0063,17:25,1045,12931
0063,17:30,1050,11724
0063,17:35,1055,11724
0063,17:40,1060,11724
0063,17:45,1065,11724
0063,17:50,1070,11552
0063,17:55,1075,11552
0063,18:00,1080,11552
0063,18:05,1085,11552
0063,18:10,1090,11552
0063,18:15,1095,11552
0063,18:20,1100,11552
0063,18:25,1105,11207
0063,18:30,1110,11207
0063,18:35,1115,11207
0063,18:40,1120,11207
0063,18:45,1125,11207
0063,18:50,1130,11207
0063,18:55,1135,11207
0063,19:00,1140,11207
0063,19:05,1145,11207
0063,19:10,1150,11207
0063,19:15,1155,11207
0063,19:20,1160,11207
0063,19:25,1165,11207
0063,19:30,1170,11207
0063,19:35,1175,11207
0063,19:40,1180,11207
0063,19:45,1185,11207
0063,19:50,1190,11207
0063,19:55,1195,11207
0063,20:00,1200,11207
0063,20:05,1205,11207
0063,20:10,1210,10862
0063,20:15,1215,10862
0063,20:20,1220,10862
0063,20:25,1225,10862
0063,20:30,1230,10690
0063,20:35,1235,10690
0063,20:40,1240,10690
0063,20:45,1245,10690
0063,20:50,1250,10690
0063,20:55,1255,10690
0063,21:00,1260,10690
0063,21:05,1265,10690
0063,21:10,1270,10690
0063,21:15,1275,10690
0063,21:20,1280,10690
0063,21:25,1285,10690
0063,21:30,1290,10690
0063,21:35,1295,10690
0063,21:40,1300,10690
0063,21:45,1305,10690
0063,21:50,1310,10690
0063,21:55,1315,10690
0063,22:00,1320,10690
0063,22:05,1325,10690
0063,22:10,1330,10690
0063,22:15,1335,10690
0063,22:20,1340,10690
0063,22:25,1345,10690
0063,22:30,1350,10690
0063,22:35,1355,10690
0063,22:40,1360,10690
0063,22:45,1365,10690
0063,22:50,1370,10690
0063,22:55,1375,10690
0063,23:00,1380,10690
0063,23:05,1385,10690
0063,23:10,1390,10690
0063,23:15,1395,10690
0063,23:16,1396,10690
0063,23:20,1400,10690
0064,09:00,540,0
0064,09:05,545,0
0064,09:10,550,0
0064,09:15,555,0
0064,09:20,560,0
0064,09:25,565,0
0064,09:30,570,0
0064,09:35,575,0
0064,09:40,580,0
0064,09:45,585,0
0064,09:50,590,0
0064,09:55,595,0
0064,10:00,600,0
0064,10:05,605,0
0064,10:10,610,0
0064,10:15,615,0
0064,10:20,620,0
0064,10:25,625,0
0064,10:30,630,0
0064,10:35,635,0
0064,10:40,640,0
0064,10:45,645,0
0064,10:50,650,0
0064,10:55,655,0
0064,11:00,660,0
0064,11:05,665,0
0064,11:10,670,0
0064,11:15,675,0
0064,11:20,680,0
0064,11:25,685,0
0064,11:30,690,0
0064,11:35,695,0
0064,11:40,700,0
0064,11:45,705,0
0064,11:50,710,0
0064,11:55,715,0
0064,12:00,720,0
0064,12:05,725,0
0064,12:10,730,0
0064,12:15,735,0
0064,12:20,740,0
0064,12:25,745,0
0064,12:30,750,0
0064,12:35,755,0
0064,12:40,760,0
0064,12:45,765,0
0064,12:50,770,0
0064,12:55,775,0
0064,13:00,780,0
0064,13:05,785,0
0064,13:10,790,0
0064,13:15,795,0
0064,13:20,800,0
0064,13:25,805,0
0064,13:30,810,0
0064,13:35,815,0
0064,13:40,820,0
0064,13:45,825,0
0064,13:50,830,0
0064,13:55,835,0
0064,14:00,840,0
0064,14:05,845,0
0064,14:10,850,517
0064,14:15,855,517
0064,14:20,860,517
0064,14:25,865,517
0064,14:30,870,6034
0064,14:35,875,6034
0064,14:40,880,6034
0064,14:45,885,4741
0064,14:50,890,4741
0064,14:55,895,4741
0064,15:00,900,4741
0064,15:05,905,4741
0064,15:10,910,5345
0064,15:15,915,5345
0064,15:20,920,5345
0064,15:25,925,5345
0064,15:30,930,3966
0064,15:35,935,3966
0064,15:40,940,3966
0064,15:45,945,2414
0064,15:50,950,2414
0064,15:55,955,2414
0064,16:00,960,2414
0064,16:05,965,2414
0064,16:10,970,1121
0064,16:15,975,1121
0064,16:20,980,1121
0064,16:25,985,1121
0064,16:30,990,-444
0064,16:35,995,-444
0064,16:40,1000,-444
0064,16:45,1005,-444
0064,16:50,1010,-1956
0064,16:55,1015,-1956
0064,17:00,1020,-1956
0064,17:05,1025,-2311
0064,17:10,1030,-2311
0064,17:15,1035,-2311
0064,17:20,1040,-2311
0064,17:25,1045,-2311
0064,17:30,1050,-2311
0064,17:35,1055,-2311
0064,17:40,1060,-2311
0064,17:45,1065,-2311
0064,17:50,1070,-2311
0064,17:55,1075,-2311
0064,18:00,1080,-2311
0064,18:05,1085,-2311
0064,18:10,1090,172
0064,18:15,1095,172
0064,18:20,1100,172
0064,18:25,1105,2500
0064,18:30,1110,2500
0064,18:35,1115,2500
0064,18:40,1120,2500
0064,18:45,1125,2500
0064,18:50,1130,1897
0064,18:55,1135,1897
0064,19:00,1140,1897
0064,19:05,1145,1897
0064,19:10,1150,1897
0064,19:15,1155,1897
0064,19:20,1160,1897
0064,19:25,1165,1293
0064,19:30,1170,1293
0064,19:35,1175,1293
0064,19:40,1180,1293
0064,19:45,1185,1293
0064,19:50,1190,1293
0064,19:55,1195,1293
0064,20:00,1200,1293
0064,20:05,1205,1293
0064,20:10,1210,1293
0064,20:15,1215,1293
0064,20:20,1220,1293
0064,20:25,1225,1293
0064,20:30,1230,1293
0064,20:35,1235,1293
0064,20:40,1240,1293
0064,20:45,1245,690
0064,20:50,1250,690
0064,20:55,1255,690
0064,21:00,1260,690
0064,21:05,1265,690
0064,21:10,1270,603
0064,21:15,1275,603
0064,21:20,1280,603
0064,21:25,1285,603
0064,21:30,1290,603
0064,21:35,1295,603
0064,21:40,1300,603
0064,21:45,1305,603
0064,21:50,1310,603
0064,21:55,1315,603
0064,22:00,1320,603
0064,22:05,1325,603
0064,22:10,1330,603
0064,22:15,1335,603
0064,22:20,1340,603
0064,22:25,1345,603
0064,22:30,1350,603
0064,22:35,1355,603
0064,22:40,1360,603
0064,22:45,1365,603
0064,22:50,1370,603
0064,22:55,1375,603
0064,23:00,1380,603
0064,23:05,1385,603
0064,23:10,1390,603
0064,23:15,1395,603
0064,23:16,1396,603
0064,23:20,1400,603
0065,09:00,540,0
0065,09:05,545,0
0065,09:10,550,0
0065,09:15,555,0
0065,09:20,560,0
0065,09:25,565,0
0065,09:30,570,0
0065,09:35,575,0
0065,09:40,580,0
0065,09:45,585,0
0065,09:50,590,0
0065,09:55,595,0
0065,10:00,600,0
0065,10:05,605,0
0065,10:10,610,0
0065,10:15,615,0
0065,10:20,620,0
0065,10:25,625,0
0065,10:30,630,0
0065,10:35,635,0
0065,10:40,640,0
0065,10:45,645,0
0065,10:50,650,0
0065,10:55,655,0
0065,11:00,660,0
0065,11:05,665,0
0065,11:10,670,0
0065,11:15,675,0
0065,11:20,680,0
0065,11:25,685,0
0065,11:30,690,-89
0065,11:35,695,-89
0065,11:40,700,-89
0065,11:45,705,-1689
0065,11:50,710,-1689
0065,11:55,715,-1689
0065,12:00,720,-1689
0065,12:05,725,2069
0065,12:10,730,2069
0065,12:15,735,2069
0065,12:20,740,2069
0065,12:25,745,2069
0065,12:30,750,259
0065,12:35,755,259
0065,12:40,760,259
0065,12:45,765,259
0065,12:50,770,2241
0065,12:55,775,2241
0065,13:00,780,2241
0065,13:05,785,4052
0065,13:10,790,4052
0065,13:15,795,4052
0065,13:20,800,4052
0065,13:25,805,5690
0065,13:30,810,5690
0065,13:35,815,5690
0065,13:40,820,5690
0065,13:45,825,5690
0065,13:50,830,4138
0065,13:55,835,4138
0065,14:00,840,4138
0065,14:05,845,4138
0065,14:10,850,2845
0065,14:15,855,2845
0065,14:20,860,2845
0065,14:25,865,2845
0065,14:30,870,2845
0065,14:35,875,2845
0065,14:40,880,2845
0065,14:45,885,2241
0065,14:50,890,2241
0065,14:55,895,2241
0065,15:00,900,2241
0065,15:05,905,2241
0065,15:10,910,1724
0065,15:15,915,1724
0065,15:20,920,1724
0065,15:25,925,1724
0065,15:30,930,1034
0065,15:35,935,1034
0065,15:40,940,1034
0065,15:45,945,776
0065,15:50,950,776
0065,15:55,955,776
0065,16:00,960,776
0065,16:05,965,776
0065,16:10,970,948
0065,16:15,975,948
0065,16:20,980,948
0065,16:25,985,948
0065,16:30,990,6293
0065,16:35,995,6293
0065,16:40,1000,6293
0065,16:45,1005,6293
0065,16:50,1010,4914
0065,16:55,1015,4914
0065,17:00,1020,4914
0065,17:05,1025,4914
0065,17:10,1030,4914
0065,17:15,1035,4914
0065,17:20,1040,4914
0065,17:25,1045,4914
0065,17:30,1050,4914
0065,17:35,1055,4914
0065,17:40,1060,4914
0065,17:45,1065,4914
0065,17:50,1070,3793
0065,17:55,1075,3793
0065,18:00,1080,3793
0065,18:05,1085,3793
0065,18:10,1090,3190
0065,18:15,1095,3190
0065,18:20,1100,3190
0065,18:25,1105,2931
0065,18:30,1110,2931
0065,18:35,1115,2931
0065,18:40,1120,2931
0065,18:45,1125,2931
0065,18:50,1130,2931
0065,18:55,1135,2931
0065,19:00,1140,2931
0065,19:05,1145,2931
0065,19:10,1150,2931
0065,19:15,1155,2931
0065,19:20,1160,2931
0065,19:25,1165,2931
0065,19:30,1170,2931
0065,19:35,1175,2931
0065,19:40,1180,2931
0065,19:45,1185,2931
0065,19:50,1190,2931
0065,19:55,1195,2931
0065,20:00,1200,2931
0065,20:05,1205,2931
0065,20:10,1210,2931
0065,20:15,1215,2931
0065,20:20,1220,2931
0065,20:25,1225,2931
0065,20:30,1230,2759
0065,20:35,1235,2759
0065,20:40,1240,2759
0065,20:45,1245,2759
0065,20:50,1250,2759
0065,20:55,1255,2759
0065,21:00,1260,2759
0065,21:05,1265,2759
0065,21:10,1270,2759
0065,21:15,1275,2759
0065,21:20,1280,2759
0065,21:25,1285,2759
0065,21:30,1290,2759
0065,21:35,1295,2759
0065,21:40,1300,2759
0065,21:45,1305,2759
0065,21:50,1310,2759
0065,21:55,1315,2759
0065,22:00,1320,2759
0065,22:05,1325,2759
0065,22:10,1330,2759
0065,22:15,1335,2759
0065,22:20,1340,2759
0065,22:25,1345,2759
0065,22:30,1350,2759
0065,22:35,1355,2759
0065,22:40,1360,2759
0065,22:45,1365,2759
0065,22:50,1370,2759
0065,22:55,1375,2759
0065,23:00,1380,2759
0065,23:05,1385,2759
0065,23:10,1390,2759
0065,23:15,1395,2759
0065,23:16,1396,2759
0065,23:20,1400,2759
0066,09:00,540,0
0066,09:05,545,0
0066,09:10,550,0
0066,09:15,555,0
0066,09:20,560,0
0066,09:25,565,0
0066,09:30,570,0
0066,09:35,575,0
0066,09:40,580,0
0066,09:45,585,0
0066,09:50,590,0
0066,09:55,595,0
0066,10:00,600,0
0066,10:05,605,0
0066,10:10,610,0
0066,10:15,615,0
0066,10:20,620,0
0066,10:25,625,0
0066,10:30,630,0
0066,10:35,635,0
0066,10:40,640,0
0066,10:45,645,0
0066,10:50,650,0
0066,10:55,655,0
0066,11:00,660,-178
0066,11:05,665,-178
0066,11:10,670,-356
0066,11:15,675,-356
0066,11:20,680,-356
0066,11:25,685,-356
0066,11:30,690,-1422
0066,11:35,695,-1422
0066,11:40,700,-1422
0066,11:45,705,2241
0066,11:50,710,2241
0066,11:55,715,2241
0066,12:00,720,2241
0066,12:05,725,1207
0066,12:10,730,1207
0066,12:15,735,1207
0066,12:20,740,1207
0066,12:25,745,1207
0066,12:30,750,-444
0066,12:35,755,-444
0066,12:40,760,-444
0066,12:45,765,-444
0066,12:50,770,-1333
0066,12:55,775,-1333
0066,13:00,780,-1333
0066,13:05,785,517
0066,13:10,790,517
0066,13:15,795,517
0066,13:20,800,517
0066,13:25,805,5603
0066,13:30,810,5603
0066,13:35,815,5603
0066,13:40,820,5603
0066,13:45,825,5603
0066,13:50,830,7845
0066,13:55,835,7845
0066,14:00,840,7845
0066,14:05,845,7845
0066,14:10,850,9052
0066,14:15,855,9052
0066,14:20,860,9052
0066,14:25,865,9052
0066,14:30,870,7759
0066,14:35,875,7759
0066,14:40,880,7759
0066,14:45,885,6379
0066,14:50,890,6379
0066,14:55,895,6379
0066,15:00,900,6379
0066,15:05,905,6379
0066,15:10,910,5259
0066,15:15,915,5259
0066,15:20,920,5259
0066,15:25,925,5259
0066,15:30,930,3793
0066,15:35,935,3793
0066,15:40,940,3793
0066,15:45,945,4224
0066,15:50,950,4224
0066,15:55,955,4224
0066,16:00,960,4224
0066,16:05,965,4224
0066,16:10,970,3190
0066,16:15,975,3190
0066,16:20,980,3190
0066,16:25,985,3190
0066,16:30,990,1724
0066,16:35,995,1724
0066,16:40,1000,1724
0066,16:45,1005,1724
0066,16:50,1010,172
0066,16:55,1015,172
0066,17:00,1020,172
0066,17:05,1025,-1067
0066,17:10,1030,-1067
0066,17:15,1035,-1067
0066,17:20,1040,-1067
0066,17:25,1045,-1067
0066,17:30,1050,-2578
0066,17:35,1055,-2578
0066,17:40,1060,-2578
0066,17:45,1065,-2578
0066,17:50,1070,-3822
0066,17:55,1075,-3822
0066,18:00,1080,-3822
0066,18:05,1085,-3822
0066,18:10,1090,-4711
0066,18:15,1095,-4711
0066,18:20,1100,-4711
0066,18:25,1105,-4978
0066,18:30,1110,-4978
0066,18:35,1115,-4978
0066,18:40,1120,-4978
0066,18:45,1125,-4978
0066,18:50,1130,-4978
0066,18:55,1135,-4978
0066,19:00,1140,-4978
0066,19:05,1145,-4978
0066,19:10,1150,-5689
0066,19:15,1155,-5689
0066,19:20,1160,-5689
0066,19:25,1165,-3289
0066,19:30,1170,-3289
0066,19:35,1175,-3289
0066,19:40,1180,-3289
0066,19:45,1185,-4533
0066,19:50,1190,-4533
0066,19:55,1195,-4533
0066,20:00,1200,-4533
0066,20:05,1205,-4533
0066,20:10,1210,-622
0066,20:15,1215,-622
0066,20:20,1220,-622
0066,20:25,1225,-622
0066,20:30,1230,-1156
0066,20:35,1235,-1156
0066,20:40,1240,-1156
0066,20:45,1245,-1156
0066,20:50,1250,-1156
0066,20:55,1255,-1156
0066,21:00,1260,-1156
0066,21:05,1265,-1156
0066,21:10,1270,-1511
0066,21:15,1275,-1511
0066,21:20,1280,-1511
0066,21:25,1285,-1511
0066,21:30,1290,-1778
0066,21:35,1295,-1778
0066,21:40,1300,-1778
0066,21:45,1305,-1778
0066,21:50,1310,-1778
0066,21:55,1315,-1778
0066,22:00,1320,-1778
0066,22:05,1325,-1778
0066,22:10,1330,-1778
0066,22:15,1335,-1778
0066,22:20,1340,-1778
0066,22:25,1345,-1778
0066,22:30,1350,-1778
0066,22:35,1355,-1778
0066,22:40,1360,-1778
0066,22:45,1365,-1778
0066,22:50,1370,-1778
0066,22:55,1375,-1778
0066,23:00,1380,-1778
0066,23:05,1385,-1778
0066,23:10,1390,-1778
0066,23:15,1395,-1778
0066,23:16,1396,-1778
0066,23:20,1400,-1778
0067,09:00,540,0
0067,09:05,545,0
0067,09:10,550,0
0067,09:15,555,0
0067,09:20,560,0
0067,09:25,565,0
0067,09:30,570,0
0067,09:35,575,0
0067,09:40,580,0
0067,09:45,585,0
0067,09:50,590,0
0067,09:55,595,0
0067,10:00,600,0
0067,10:05,605,0
0067,10:10,610,0
0067,10:15,615,0
0067,10:20,620,0
0067,10:25,625,0
0067,10:30,630,0
0067,10:35,635,0
0067,10:40,640,0
0067,10:45,645,0
0067,10:50,650,0
0067,10:55,655,0
0067,11:00,660,0
0067,11:05,665,0
0067,11:10,670,0
0067,11:15,675,0
0067,11:20,680,0
0067,11:25,685,0
0067,11:30,690,-1244
0067,11:35,695,-1244
0067,11:40,700,-1244
0067,11:45,705,-1778
0067,11:50,710,-1778
0067,11:55,715,-1778
0067,12:00,720,-1778
0067,12:05,725,-2667
0067,12:10,730,-2667
0067,12:15,735,-2667
0067,12:20,740,-2667
0067,12:25,745,-2667
0067,12:30,750,862
0067,12:35,755,862
0067,12:40,760,862
0067,12:45,765,862
0067,12:50,770,-711
0067,12:55,775,-711
0067,13:00,780,-711
0067,13:05,785,1379
0067,13:10,790,1379
0067,13:15,795,1379
0067,13:20,800,1379
0067,13:25,805,1724
0067,13:30,810,1724
0067,13:35,815,1724
0067,13:40,820,1724
0067,13:45,825,1724
0067,13:50,830,345
0067,13:55,835,345
0067,14:00,840,345
0067,14:05,845,345
0067,14:10,850,-1067
0067,14:15,855,-1067
0067,14:20,860,-1067
0067,14:25,865,-1067
0067,14:30,870,-2844
0067,14:35,875,-2844
0067,14:40,880,-2844
0067,14:45,885,-4444
0067,14:50,890,-4444
0067,14:55,895,-4444
0067,15:00,900,-4444
0067,15:05,905,-4444
0067,15:10,910,-5689
0067,15:15,915,-5689
0067,15:20,920,-5689
0067,15:25,925,-5689
0067,15:30,930,-2311
0067,15:35,935,-2311
0067,15:40,940,-2311
0067,15:45,945,-3911
0067,15:50,950,-3911
0067,15:55,955,-3911
0067,16:00,960,-3911
0067,16:05,965,-3911
0067,16:10,970,-5156
0067,16:15,975,-5156
0067,16:20,980,-5156
0067,16:25,985,-5156
0067,16:30,990,-6933
0067,16:35,995,-6933
0067,16:40,1000,-6933
0067,16:45,1005,-6933
0067,16:50,1010,-3022
0067,16:55,1015,-3022
0067,17:00,1020,-3022
0067,17:05,1025,-3378
0067,17:10,1030,-3378
0067,17:15,1035,-3378
0067,17:20,1040,-3378
0067,17:25,1045,-3378
0067,17:30,1050,-2844
0067,17:35,1055,-2844
0067,17:40,1060,-2844
0067,17:45,1065,-2844
0067,17:50,1070,-4267
0067,17:55,1075,-4267
0067,18:00,1080,-4267
0067,18:05,1085,-4267
0067,18:10,1090,-5156
0067,18:15,1095,-5156
0067,18:20,1100,-5156
0067,18:25,1105,-6578
0067,18:30,1110,-6578
0067,18:35,1115,-6578
0067,18:40,1120,-6578
0067,18:45,1125,-6578
0067,18:50,1130,-8000
0067,18:55,1135,-8000
0067,19:00,1140,-8000
0067,19:05,1145,-8000
0067,19:10,1150,-9067
0067,19:15,1155,-9067
0067,19:20,1160,-9067
0067,19:25,1165,-9778
0067,19:30,1170,-9778
0067,19:35,1175,-9778
0067,19:40,1180,-9778
0067,19:45,1185,-10311
0067,19:50,1190,-10311
0067,19:55,1195,-10311
0067,20:00,1200,-10311
0067,20:05,1205,-10311
0067,20:10,1210,-10311
0067,20:15,1215,-10311
0067,20:20,1220,-10311
0067,20:25,1225,-10311
0067,20:30,1230,-10311
0067,20:35,1235,-10311
0067,20:40,1240,-10311
0067,20:45,1245,-10311
0067,20:50,1250,-10311
0067,20:55,1255,-10311
0067,21:00,1260,-10311
0067,21:05,1265,-10311
0067,21:10,1270,-10311
0067,21:15,1275,-10311
0067,21:20,1280,-10311
0067,21:25,1285,-10311
0067,21:30,1290,-10667
0067,21:35,1295,-10667
0067,21:40,1300,-10667
0067,21:45,1305,-10667
0067,21:50,1310,-10667
0067,21:55,1315,-10667
0067,22:00,1320,-10667
0067,22:05,1325,-10667
0067,22:10,1330,-10667
0067,22:15,1335,-10667
0067,22:20,1340,-10667
0067,22:25,1345,-10667
0067,22:30,1350,-10667
0067,22:35,1355,-10667
0067,22:40,1360,-10667
0067,22:45,1365,-10667
0067,22:50,1370,-10667
0067,22:55,1375,-10667
0067,23:00,1380,-10667
0067,23:05,1385,-10667
0067,23:10,1390,-10667
0067,23:15,1395,-10667
0067,23:16,1396,-10667
0067,23:20,1400,-10667
0068,09:00,540,0
0068,09:05,545,0
0068,09:10,550,0
0068,09:15,555,0
0068,09:20,560,0
0068,09:25,565,0
0068,09:30,570,0
0068,09:35,575,0
0068,09:40,580,0
0068,09:45,585,0
0068,09:50,590,0
0068,09:55,595,0
0068,10:00,600,0
0068,10:05,605,0
0068,10:10,610,0
0068,10:15,615,0
0068,10:20,620,0
0068,10:25,625,0
0068,10:30,630,0
0068,10:35,635,0
0068,10:40,640,0
0068,10:45,645,0
0068,10:50,650,0
0068,10:55,655,0
0068,11:00,660,0
0068,11:05,665,0
0068,11:10,670,0
0068,11:15,675,0
0068,11:20,680,0
0068,11:25,685,0
0068,11:30,690,0
0068,11:35,695,0
0068,11:40,700,0
0068,11:45,705,-89
0068,11:50,710,-89
0068,11:55,715,-89
0068,12:00,720,-89
0068,12:05,725,-89
0068,12:10,730,-89
0068,12:15,735,-89
0068,12:20,740,-89
0068,12:25,745,-89
0068,12:30,750,-89
0068,12:35,755,-89
0068,12:40,760,-89
0068,12:45,765,-89
0068,12:50,770,-89
0068,12:55,775,-89
0068,13:00,780,-89
0068,13:05,785,-89
0068,13:10,790,-89
0068,13:15,795,-89
0068,13:20,800,-89
0068,13:25,805,-89
0068,13:30,810,-89
0068,13:35,815,-89
0068,13:40,820,-89
0068,13:45,825,-89
0068,13:50,830,-89
0068,13:55,835,-89
0068,14:00,840,-89
0068,14:05,845,-89
0068,14:10,850,862
0068,14:15,855,862
0068,14:20,860,862
0068,14:25,865,862
0068,14:30,870,-533
0068,14:35,875,-533
0068,14:40,880,-533
0068,14:45,885,-2133
0068,14:50,890,-2133
0068,14:55,895,-2133
0068,15:00,900,-2133
0068,15:05,905,-2133
0068,15:10,910,-3200
0068,15:15,915,-3200
0068,15:20,920,-3200
0068,15:25,925,-3200
0068,15:30,930,776
0068,15:35,935,776
0068,15:40,940,776
0068,15:45,945,-533
0068,15:50,950,-533
0068,15:55,955,-533
0068,16:00,960,-533
0068,16:05,965,-533
0068,16:10,970,-533
0068,16:15,975,-533
0068,16:20,980,-533
0068,16:25,985,-533
0068,16:30,990,-1067
0068,16:35,995,-1067
0068,16:40,1000,-1067
0068,16:45,1005,-1067
0068,16:50,1010,-1333
0068,16:55,1015,-1333
0068,17:00,1020,-1333
0068,17:05,1025,-1778
0068,17:10,1030,-1778
0068,17:15,1035,-1778
0068,17:20,1040,-1778
0068,17:25,1045,-1778
0068,17:30,1050,-2133
0068,17:35,1055,-2133
0068,17:40,1060,-2133
0068,17:45,1065,-2133
0068,17:50,1070,-2133
0068,17:55,1075,-2133
0068,18:00,1080,-2133
0068,18:05,1085,-2133
0068,18:10,1090,-2133
0068,18:15,1095,-2133
0068,18:20,1100,-2133
0068,18:25,1105,-2133
0068,18:30,1110,-2133
0068,18:35,1115,-2133
0068,18:40,1120,-2133
0068,18:45,1125,-2133
0068,18:50,1130,-2133
0068,18:55,1135,-2133
0068,19:00,1140,-2133
0068,19:05,1145,-2133
0068,19:10,1150,-2133
0068,19:15,1155,-2133
0068,19:20,1160,-2133
0068,19:25,1165,-3022
0068,19:30,1170,-3022
0068,19:35,1175,-3022
0068,19:40,1180,-3022
0068,19:45,1185,-3022
0068,19:50,1190,-3022
0068,19:55,1195,-3022
0068,20:00,1200,-3022
0068,20:05,1205,-3022
0068,20:10,1210,-3022
0068,20:15,1215,-3022
0068,20:20,1220,-3022
0068,20:25,1225,-3022
0068,20:30,1230,-3022
0068,20:35,1235,-3022
0068,20:40,1240,-3022
0068,20:45,1245,-3289
0068,20:50,1250,-3289
0068,20:55,1255,-3289
0068,21:00,1260,-3289
0068,21:05,1265,-3289
0068,21:10,1270,-3289
0068,21:15,1275,-3289
0068,21:20,1280,-3289
0068,21:25,1285,-3289
0068,21:30,1290,-3289
0068,21:35,1295,-3289
0068,21:40,1300,-3289
0068,21:45,1305,-3467
0068,21:50,1310,-3467
0068,21:55,1315,-3467
0068,22:00,1320,-3467
0068,22:05,1325,-3467
0068,22:10,1330,-3467
0068,22:15,1335,-3467
0068,22:20,1340,-3467
0068,22:25,1345,-3467
0068,22:30,1350,-3467
0068,22:35,1355,-3467
0068,22:40,1360,-3467
0068,22:45,1365,-3467
0068,22:50,1370,-3467
0068,22:55,1375,-3467
0068,23:00,1380,-3467
0068,23:05,1385,-3467
0068,23:10,1390,-3467
0068,23:15,1395,-3467
0068,23:16,1396,-3467
0068,23:20,1400,-3467
0069,09:00,540,0
0069,09:05,545,0
0069,09:10,550,0
0069,09:15,555,0
0069,09:20,560,0
0069,09:25,565,0
0069,09:30,570,0
0069,09:35,575,0
0069,09:40,580,0
0069,09:45,585,0
0069,09:50,590,0
0069,09:55,595,0
0069,10:00,600,0
0069,10:05,605,0
0069,10:10,610,0
0069,10:15,615,0
0069,10:20,620,0
0069,10:25,625,0
0069,10:30,630,0
0069,10:35,635,0
0069,10:40,640,0
0069,10:45,645,0
0069,10:50,650,0
0069,10:55,655,0
0069,11:00,660,0
0069,11:05,665,0
0069,11:10,670,0
0069,11:15,675,0
0069,11:20,680,0
0069,11:25,685,0
0069,11:30,690,-178
0069,11:35,695,-178
0069,11:40,700,-178
0069,11:45,705,603
0069,11:50,710,603
0069,11:55,715,603
0069,12:00,720,603
0069,12:05,725,7069
0069,12:10,730,7069
0069,12:15,735,7069
0069,12:20,740,7069
0069,12:25,745,7069
0069,12:30,750,6207
0069,12:35,755,6207
0069,12:40,760,6207
0069,12:45,765,6207
0069,12:50,770,5603
0069,12:55,775,5603
0069,13:00,780,5603
0069,13:05,785,5259
0069,13:10,790,5259
0069,13:15,795,5259
0069,13:20,800,5259
0069,13:25,805,4741
0069,13:30,810,4741
0069,13:35,815,4741
0069,13:40,820,4741
0069,13:45,825,4741
0069,13:50,830,4741
0069,13:55,835,4741
0069,14:00,840,4741
0069,14:05,845,4741
0069,14:10,850,4224
0069,14:15,855,4224
0069,14:20,860,4224
0069,14:25,865,4224
0069,14:30,870,3448
0069,14:35,875,3448
0069,14:40,880,3448
0069,14:45,885,2586
0069,14:50,890,2586
0069,14:55,895,2586
0069,15:00,900,2586
0069,15:05,905,2586
0069,15:10,910,1983
0069,15:15,915,1983
0069,15:20,920,1983
0069,15:25,925,1983
0069,15:30,930,1983
0069,15:35,935,1983
0069,15:40,940,1983
0069,15:45,945,1724
0069,15:50,950,1724
0069,15:55,955,1724
0069,16:00,960,1724
0069,16:05,965,1724
0069,16:10,970,1724
0069,16:15,975,1724
0069,16:20,980,1724
0069,16:25,985,1724
0069,16:30,990,1724
0069,16:35,995,1724
0069,16:40,1000,1724
0069,16:45,1005,1724
0069,16:50,1010,1724
0069,16:55,1015,1724
0069,17:00,1020,1724
0069,17:05,1025,862
0069,17:10,1030,862
0069,17:15,1035,862
0069,17:20,1040,862
0069,17:25,1045,862
0069,17:30,1050,-356
0069,17:35,1055,-356
0069,17:40,1060,-356
0069,17:45,1065,-356
0069,17:50,1070,-444
0069,17:55,1075,-444
0069,18:00,1080,-444
0069,18:05,1085,-444
0069,18:10,1090,-444
0069,18:15,1095,-444
0069,18:20,1100,-444
0069,18:25,1105,-1422
0069,18:30,1110,-1422
0069,18:35,1115,-1422
0069,18:40,1120,-1422
0069,18:45,1125,-1422
0069,18:50,1130,-1422
0069,18:55,1135,-1422
0069,19:00,1140,-1422
0069,19:05,1145,-1422
0069,19:10,1150,-1867
0069,19:15,1155,-1867
0069,19:20,1160,-1867
0069,19:25,1165,-1867
0069,19:30,1170,-1867
0069,19:35,1175,-1867
0069,19:40,1180,-1867
0069,19:45,1185,-1867
0069,19:50,1190,-1867
0069,19:55,1195,-1867
0069,20:00,1200,-1867
0069,20:05,1205,-1867
0069,20:10,1210,-1867
0069,20:15,1215,-1867
0069,20:20,1220,-1867
0069,20:25,1225,-1867
0069,20:30,1230,-2489
0069,20:35,1235,-2489
0069,20:40,1240,-2489
0069,20:45,1245,-2489
0069,20:50,1250,-2489
0069,20:55,1255,-2489
0069,21:00,1260,-2489
0069,21:05,1265,-2489
0069,21:10,1270,-2489
0069,21:15,1275,-2489
0069,21:20,1280,-2489
0069,21:25,1285,-2489
0069,21:30,1290,-2489
0069,21:35,1295,-2489
0069,21:40,1300,-2489
0069,21:45,1305,-2489
0069,21:50,1310,-2489
0069,21:55,1315,-2489
0069,22:00,1320,-2489
0069,22:05,1325,-2489
0069,22:10,1330,-2489
0069,22:15,1335,-2489
0069,22:20,1340,-2489
0069,22:25,1345,-2489
0069,22:30,1350,-2489
0069,22:35,1355,-2489
0069,22:40,1360,-2489
0069,22:45,1365,-2489
0069,22:50,1370,-2489
0069,22:55,1375,-2489
0069,23:00,1380,-2489
0069,23:05,1385,-2489
0069,23:10,1390,-2489
0069,23:15,1395,-2489
0069,23:16,1396,-2489
0069,23:20,1400,-2489
0070,09:00,540,0
0070,09:05,545,0
0070,09:10,550,0
0070,09:15,555,0
0070,09:20,560,0
0070,09:25,565,0
0070,09:30,570,0
0070,09:35,575,0
0070,09:40,580,0
0070,09:45,585,0
0070,09:50,590,0
0070,09:55,595,0
0070,10:00,600,0
0070,10:05,605,0
0070,10:10,610,0
0070,10:15,615,0
0070,10:20,620,0
0070,10:25,625,0
0070,10:30,630,0
0070,10:35,635,0
0070,10:40,640,0
0070,10:45,645,0
0070,10:50,650,0
0070,10:55,655,0
0070,11:00,660,0
0070,11:05,665,0
0070,11:10,670,0
0070,11:15,675,0
0070,11:20,680,0
0070,11:25,685,0
0070,11:30,690,0
0070,11:35,695,0
0070,11:40,700,0
0070,11:45,705,-356
0070,11:50,710,-356
0070,11:55,715,-356
0070,12:00,720,-356
0070,12:05,725,-889
0070,12:10,730,-889
0070,12:15,735,-889
0070,12:20,740,-889
0070,12:25,745,-889
0070,12:30,750,-2133
0070,12:35,755,-2133
0070,12:40,760,-2133
0070,12:45,765,-2133
0070,12:50,770,-2844
0070,12:55,775,-2844
0070,13:00,780,-2844
0070,13:05,785,-3733
0070,13:10,790,-3733
0070,13:15,795,-3733
0070,13:20,800,-3733
0070,13:25,805,-4622
0070,13:30,810,-4622
0070,13:35,815,-4622
0070,13:40,820,-4622
0070,13:45,825,-4622
0070,13:50,830,-6222
0070,13:55,835,-6222
0070,14:00,840,-6222
0070,14:05,845,-6222
0070,14:10,850,-5333
0070,14:15,855,-5333
0070,14:20,860,-5333
0070,14:25,865,-5333
0070,14:30,870,-3556
0070,14:35,875,-3556
0070,14:40,880,-3556
0070,14:45,885,-4800
0070,14:50,890,-4800
0070,14:55,895,-4800
0070,15:00,900,-4800
0070,15:05,905,-4800
0070,15:10,910,-6044
0070,15:15,915,-6044
0070,15:20,920,-6044
0070,15:25,925,-6044
0070,15:30,930,-7289
0070,15:35,935,-7289
0070,15:40,940,-7289
0070,15:45,945,-8178
0070,15:50,950,-8178
0070,15:55,955,-8178
0070,16:00,960,-8178
0070,16:05,965,-8178
0070,16:10,970,-9244
0070,16:15,975,-9244
0070,16:20,980,-9244
0070,16:25,985,-9244
0070,16:30,990,-10133
0070,16:35,995,-10133
0070,16:40,1000,-10133
0070,16:45,1005,-10133
0070,16:50,1010,-10667
0070,16:55,1015,-10667
0070,17:00,1020,-10667
0070,17:05,1025,-11022
0070,17:10,1030,-11022
0070,17:15,1035,-11022
0070,17:20,1040,-11022
0070,17:25,1045,-11022
0070,17:30,1050,-11022
0070,17:35,1055,-11022
0070,17:40,1060,-11022
0070,17:45,1065,-11022
0070,17:50,1070,-12267
0070,17:55,1075,-12267
0070,18:00,1080,-12267
0070,18:05,1085,-12267
0070,18:10,1090,-12267
0070,18:15,1095,-12267
0070,18:20,1100,-12267
0070,18:25,1105,-12267
0070,18:30,1110,-12267
0070,18:35,1115,-12267
0070,18:40,1120,-12267
0070,18:45,1125,-12267
0070,18:50,1130,-12444
0070,18:55,1135,-12444
0070,19:00,1140,-12444
0070,19:05,1145,-12444
0070,19:10,1150,-9600
0070,19:15,1155,-9600
0070,19:20,1160,-9600
0070,19:25,1165,-9600
0070,19:30,1170,-9600
0070,19:35,1175,-9600
0070,19:40,1180,-9600
0070,19:45,1185,-8178
0070,19:50,1190,-8178
0070,19:55,1195,-8178
0070,20:00,1200,-8178
0070,20:05,1205,-8178
0070,20:10,1210,-4978
0070,20:15,1215,-4978
0070,20:20,1220,-4978
0070,20:25,1225,-4978
0070,20:30,1230,-4800
0070,20:35,1235,-4800
0070,20:40,1240,-4800
0070,20:45,1245,-5689
0070,20:50,1250,-5689
0070,20:55,1255,-5689
0070,21:00,1260,-5689
0070,21:05,1265,-5689
0070,21:10,1270,-6756
0070,21:15,1275,-6756
0070,21:20,1280,-6756
0070,21:25,1285,-6756
0070,21:30,1290,-5511
0070,21:35,1295,-5511
0070,21:40,1300,-5511
0070,21:45,1305,-5156
0070,21:50,1310,-5156
0070,21:55,1315,-5156
0070,22:00,1320,-5156
0070,22:05,1325,-5156
0070,22:10,1330,-5156
0070,22:15,1335,-5156
0070,22:20,1340,-5156
0070,22:25,1345,-5156
0070,22:30,1350,-5156
0070,22:35,1355,-5156
0070,22:40,1360,-5156
0070,22:45,1365,-5156
0070,22:50,1370,-5156
0070,22:55,1375,-5156
0070,23:00,1380,-5156
0070,23:05,1385,-5156
0070,23:10,1390,-5156
0070,23:15,1395,-5156
0070,23:16,1396,-5156
0070,23:20,1400,-5156
0071,09:00,540,0
0071,09:05,545,0
0071,09:10,550,0
0071,09:15,555,0
0071,09:20,560,0
0071,09:25,565,0
0071,09:30,570,0
0071,09:35,575,0
0071,09:40,580,0
0071,09:45,585,0
0071,09:50,590,0
0071,09:55,595,0
0071,10:00,600,0
0071,10:05,605,0
0071,10:10,610,0
0071,10:15,615,0
0071,10:20,620,0
0071,10:25,625,0
0071,10:30,630,0
0071,10:35,635,0
0071,10:40,640,0
0071,10:45,645,0
0071,10:50,650,0
0071,10:55,655,0
0071,11:00,660,0
0071,11:05,665,0
0071,11:10,670,0
0071,11:15,675,0
0071,11:20,680,0
0071,11:25,685,0
0071,11:30,690,0
0071,11:35,695,0
0071,11:40,700,0
0071,11:45,705,0
0071,11:50,710,0
0071,11:55,715,0
0071,12:00,720,0
0071,12:05,725,-356
0071,12:10,730,-356
0071,12:15,735,-356
0071,12:20,740,-356
0071,12:25,745,-356
0071,12:30,750,-1156
0071,12:35,755,-1156
0071,12:40,760,-1156
0071,12:45,765,-1156
0071,12:50,770,-1511
0071,12:55,775,-1511
0071,13:00,780,-1511
0071,13:05,785,-1600
0071,13:10,790,-1600
0071,13:15,795,-1600
0071,13:20,800,-1600
0071,13:25,805,-2222
0071,13:30,810,-2222
0071,13:35,815,-2222
0071,13:40,820,-2222
0071,13:45,825,-2222
0071,13:50,830,-2222
0071,13:55,835,-2222
0071,14:00,840,-2222
0071,14:05,845,-2222
0071,14:10,850,-3111
0071,14:15,855,-3111
0071,14:20,860,-3111
0071,14:25,865,-3111
0071,14:30,870,-4267
0071,14:35,875,-4267
0071,14:40,880,-4267
0071,14:45,885,-4267
0071,14:50,890,-4267
0071,14:55,895,-4267
0071,15:00,900,-4267
0071,15:05,905,-4267
0071,15:10,910,-4356
0071,15:15,915,-4356
0071,15:20,920,-4356
0071,15:25,925,-4356
0071,15:30,930,-5244
0071,15:35,935,-5244
0071,15:40,940,-5244
0071,15:45,945,-6044
0071,15:50,950,-6044
0071,15:55,955,-6044
0071,16:00,960,-6044
0071,16:05,965,-6044
0071,16:10,970,-6667
0071,16:15,975,-6667
0071,16:20,980,-6667
0071,16:25,985,-6667
0071,16:30,990,-7378
0071,16:35,995,-7378
0071,16:40,1000,-7378
0071,16:45,1005,-7378
0071,16:50,1010,-6578
0071,16:55,1015,-6578
0071,17:00,1020,-6578
0071,17:05,1025,-2400
0071,17:10,1030,-2400
0071,17:15,1035,-2400
0071,17:20,1040,-2400
0071,17:25,1045,-2400
0071,17:30,1050,5948
0071,17:35,1055,5948
0071,17:40,1060,5948
0071,17:45,1065,5948
0071,17:50,1070,7069
0071,17:55,1075,7069
0071,18:00,1080,7069
0071,18:05,1085,7069
0071,18:10,1090,6810
0071,18:15,1095,6810
0071,18:20,1100,6810
0071,18:25,1105,6379
0071,18:30,1110,6379
0071,18:35,1115,6379
0071,18:40,1120,6379
0071,18:45,1125,6379
0071,18:50,1130,6379
0071,18:55,1135,6379
0071,19:00,1140,6379
0071,19:05,1145,6379
0071,19:10,1150,6379
0071,19:15,1155,6379
0071,19:20,1160,6379
0071,19:25,1165,5948
0071,19:30,1170,5948
0071,19:35,1175,5948
0071,19:40,1180,5948
0071,19:45,1185,5948
0071,19:50,1190,5948
0071,19:55,1195,5948
0071,20:00,1200,5948
0071,20:05,1205,5948
0071,20:10,1210,5948
0071,20:15,1215,5948
0071,20:20,1220,5948
0071,20:25,1225,5948
0071,20:30,1230,5948
0071,20:35,1235,5948
0071,20:40,1240,5948
0071,20:45,1245,5948
0071,20:50,1250,5948
0071,20:55,1255,5948
0071,21:00,1260,5948
0071,21:05,1265,5948
0071,21:10,1270,5948
0071,21:15,1275,5948
0071,21:20,1280,5948
0071,21:25,1285,5948
0071,21:30,1290,5948
0071,21:35,1295,5948
0071,21:40,1300,5948
0071,21:45,1305,5948
0071,21:50,1310,5948
0071,21:55,1315,5948
0071,22:00,1320,5948
0071,22:05,1325,5948
0071,22:10,1330,5948
0071,22:15,1335,5948
0071,22:20,1340,5948
0071,22:25,1345,5948
0071,22:30,1350,5948
0071,22:35,1355,5948
0071,22:40,1360,5948
0071,22:45,1365,5948
0071,22:50,1370,5948
0071,22:55,1375,5948
0071,23:00,1380,5948
0071,23:05,1385,5948
0071,23:10,1390,5948
0071,23:15,1395,5948
0071,23:16,1396,5948
0071,23:20,1400,5948
0072,09:00,540,0
0072,09:05,545,0
0072,09:10,550,0
0072,09:15,555,0
0072,09:20,560,0
0072,09:25,565,0
0072,09:30,570,0
0072,09:35,575,0
0072,09:40,580,0
0072,09:45,585,0
0072,09:50,590,0
0072,09:55,595,0
0072,10:00,600,0
0072,10:05,605,0
0072,10:10,610,0
0072,10:15,615,0
0072,10:20,620,0
0072,10:25,625,0
0072,10:30,630,0
0072,10:35,635,0
0072,10:40,640,-356
0072,10:45,645,-356
0072,10:50,650,-356
0072,10:55,655,-356
0072,11:00,660,-1422
0072,11:05,665,-1422
0072,11:10,670,-1956
0072,11:15,675,-1956
0072,11:20,680,-1956
0072,11:25,685,-1956
0072,11:30,690,-3556
0072,11:35,695,-3556
0072,11:40,700,-3556
0072,11:45,705,-4800
0072,11:50,710,-4800
0072,11:55,715,-4800
0072,12:00,720,-4800
0072,12:05,725,-5867
0072,12:10,730,-5867
0072,12:15,735,-5867
0072,12:20,740,-5867
0072,12:25,745,-5867
0072,12:30,750,-6578
0072,12:35,755,-6578
0072,12:40,760,-6578
0072,12:45,765,-6578
0072,12:50,770,-7467
0072,12:55,775,-7467
0072,13:00,780,-7467
0072,13:05,785,-7644
0072,13:10,790,-7644
0072,13:15,795,-7644
0072,13:20,800,-7644
0072,13:25,805,-7644
0072,13:30,810,-7644
0072,13:35,815,-7644
0072,13:40,820,-7644
0072,13:45,825,-7644
0072,13:50,830,-8000
0072,13:55,835,-8000
0072,14:00,840,-8000
0072,14:05,845,-8000
0072,14:10,850,-9422
0072,14:15,855,-9422
0072,14:20,860,-9422
0072,14:25,865,-9422
0072,14:30,870,-11200
0072,14:35,875,-11200
0072,14:40,880,-11200
0072,14:45,885,-12622
0072,14:50,890,-12622
0072,14:55,895,-12622
0072,15:00,900,-12622
0072,15:05,905,-12622
0072,15:10,910,-13156
0072,15:15,915,-13156
0072,15:20,920,-13156
0072,15:25,925,-13156
0072,15:30,930,-14044
0072,15:35,935,-14044
0072,15:40,940,-14044
0072,15:45,945,-15467
0072,15:50,950,-15467
0072,15:55,955,-15467
0072,16:00,960,-15467
0072,16:05,965,-15467
0072,16:10,970,-15644
0072,16:15,975,-15644
0072,16:20,980,-15644
0072,16:25,985,-15644
0072,16:30,990,-17422
0072,16:35,995,-17422
0072,16:40,1000,-17422
0072,16:45,1005,-17422
0072,16:50,1010,-18667
0072,16:55,1015,-18667
0072,17:00,1020,-18667
0072,17:05,1025,-16356
0072,17:10,1030,-16356
0072,17:15,1035,-16356
0072,17:20,1040,-16356
0072,17:25,1045,-16356
0072,17:30,1050,-17067
0072,17:35,1055,-17067
0072,17:40,1060,-17067
0072,17:45,1065,-17067
0072,17:50,1070,-14756
0072,17:55,1075,-14756
0072,18:00,1080,-14756
0072,18:05,1085,-14756
0072,18:10,1090,-15822
0072,18:15,1095,-15822
0072,18:20,1100,-15822
0072,18:25,1105,-15822
0072,18:30,1110,-15822
0072,18:35,1115,-15822
0072,18:40,1120,-15822
0072,18:45,1125,-15822
0072,18:50,1130,-15822
0072,18:55,1135,-15822
0072,19:00,1140,-15822
0072,19:05,1145,-15822
0072,19:10,1150,-15822
0072,19:15,1155,-15822
0072,19:20,1160,-15822
0072,19:25,1165,-16356
0072,19:30,1170,-16356
0072,19:35,1175,-16356
0072,19:40,1180,-16356
0072,19:45,1185,-16356
0072,19:50,1190,-16356
0072,19:55,1195,-16356
0072,20:00,1200,-16356
0072,20:05,1205,-16356
0072,20:10,1210,-16356
0072,20:15,1215,-16356
0072,20:20,1220,-16356
0072,20:25,1225,-16356
0072,20:30,1230,-16356
0072,20:35,1235,-16356
0072,20:40,1240,-16356
0072,20:45,1245,-16356
0072,20:50,1250,-16356
0072,20:55,1255,-16356
0072,21:00,1260,-16356
0072,21:05,1265,-16356
0072,21:10,1270,-16356
0072,21:15,1275,-16356
0072,21:20,1280,-16356
0072,21:25,1285,-16356
0072,21:30,1290,-16356
0072,21:35,1295,-16356
0072,21:40,1300,-16356
0072,21:45,1305,-16356
0072,21:50,1310,-16356
0072,21:55,1315,-16356
0072,22:00,1320,-16356
0072,22:05,1325,-16356
0072,22:10,1330,-16356
0072,22:15,1335,-16356
0072,22:20,1340,-16356
0072,22:25,1345,-16356
0072,22:30,1350,-16356
0072,22:35,1355,-16356
0072,22:40,1360,-16356
0072,22:45,1365,-16356
0072,22:50,1370,-16356
0072,22:55,1375,-16356
0072,23:00,1380,-16356
0072,23:05,1385,-16356
0072,23:10,1390,-16356
0072,23:15,1395,-16356
0072,23:16,1396,-16356
0072,23:20,1400,-16356
0073,09:00,540,0
0073,09:05,545,0
0073,09:10,550,0
0073,09:15,555,0
0073,09:20,560,0
0073,09:25,565,0
0073,09:30,570,0
0073,09:35,575,0
0073,09:40,580,0
0073,09:45,585,0
0073,09:50,590,0
0073,09:55,595,0
0073,10:00,600,0
0073,10:05,605,0
0073,10:10,610,0
0073,10:15,615,0
0073,10:20,620,0
0073,10:25,625,0
0073,10:30,630,0
0073,10:35,635,0
0073,10:40,640,0
0073,10:45,645,0
0073,10:50,650,0
0073,10:55,655,0
0073,11:00,660,0
0073,11:05,665,0
0073,11:10,670,0
0073,11:15,675,0
0073,11:20,680,0
0073,11:25,685,0
0073,11:30,690,0
0073,11:35,695,0
0073,11:40,700,0
0073,11:45,705,-766
0073,11:50,710,-766
0073,11:55,715,-766
0073,12:00,720,-766
0073,12:05,725,-1787
0073,12:10,730,-1787
0073,12:15,735,-1787
0073,12:20,740,-1787
0073,12:25,745,-1787
0073,12:30,750,-2809
0073,12:35,755,-2809
0073,12:40,760,-2809
0073,12:45,765,-2809
0073,12:50,770,-4085
0073,12:55,775,-4085
0073,13:00,780,-4085
0073,13:05,785,-5362
0073,13:10,790,-5362
0073,13:15,795,-5362
0073,13:20,800,-5362
0073,13:25,805,-6638
0073,13:30,810,-6638
0073,13:35,815,-6638
0073,13:40,820,-6638
0073,13:45,825,-6638
0073,13:50,830,-5872
0073,13:55,835,-5872
0073,14:00,840,-5872
0073,14:05,845,-5872
0073,14:10,850,-6638
0073,14:15,855,-6638
0073,14:20,860,-6638
0073,14:25,865,-6638
0073,14:30,870,-7915
0073,14:35,875,-7915
0073,14:40,880,-7915
0073,14:45,885,-8681
0073,14:50,890,-8681
0073,14:55,895,-8681
0073,15:00,900,-8681
0073,15:05,905,-8681
0073,15:10,910,-9702
0073,15:15,915,-9702
0073,15:20,920,-9702
0073,15:25,925,-9702
0073,15:30,930,-9191
0073,15:35,935,-9191
0073,15:40,940,-9191
0073,15:45,945,-6383
0073,15:50,950,-6383
0073,15:55,955,-6383
0073,16:00,960,-6383
0073,16:05,965,-6383
0073,16:10,970,-4596
0073,16:15,975,-4596
0073,16:20,980,-4596
0073,16:25,985,-4596
0073,16:30,990,992
0073,16:35,995,992
0073,16:40,1000,992
0073,16:45,1005,992
0073,16:50,1010,7438
0073,16:55,1015,7438
0073,17:00,1020,7438
0073,17:05,1025,9917
0073,17:10,1030,9917
0073,17:15,1035,9917
0073,17:20,1040,9917
0073,17:25,1045,9917
0073,17:30,1050,10413
0073,17:35,1055,10413
0073,17:40,1060,10413
0073,17:45,1065,10413
0073,17:50,1070,11405
0073,17:55,1075,11405
0073,18:00,1080,11405
0073,18:05,1085,11405
0073,18:10,1090,10413
0073,18:15,1095,10413
0073,18:20,1100,10413
0073,18:25,1105,13884
0073,18:30,1110,13884
0073,18:35,1115,13884
0073,18:40,1120,13884
0073,18:45,1125,13884
0073,18:50,1130,12645
0073,18:55,1135,12645
0073,19:00,1140,12645
0073,19:05,1145,12645
0073,19:10,1150,12149
0073,19:15,1155,12149
0073,19:20,1160,12149
0073,19:25,1165,16612
0073,19:30,1170,16612
0073,19:35,1175,16612
0073,19:40,1180,16612
0073,19:45,1185,16116
0073,19:50,1190,16116
0073,19:55,1195,16116
0073,20:00,1200,16116
0073,20:05,1205,16116
0073,20:10,1210,15372
0073,20:15,1215,15372
0073,20:20,1220,15372
0073,20:25,1225,15372
0073,20:30,1230,20083
0073,20:35,1235,20083
0073,20:40,1240,20083
0073,20:45,1245,23058
0073,20:50,1250,23058
0073,20:55,1255,23058
0073,21:00,1260,23058
0073,21:05,1265,23058
0073,21:10,1270,23802
0073,21:15,1275,23802
0073,21:20,1280,23802
0073,21:25,1285,23802
0073,21:30,1290,22314
0073,21:35,1295,22314
0073,21:40,1300,22314
0073,21:45,1305,21074
0073,21:50,1310,21074
0073,21:55,1315,21074
0073,22:00,1320,21074
0073,22:05,1325,20083
0073,22:10,1330,20083
0073,22:15,1335,20083
0073,22:20,1340,20083
0073,22:25,1345,20083
0073,22:30,1350,18595
0073,22:35,1355,18595
0073,22:40,1360,18595
0073,22:45,1365,18595
0073,22:50,1370,20083
0073,22:55,1375,20083
0073,23:00,1380,20083
0073,23:05,1385,20083
0073,23:10,1390,20083
0073,23:15,1395,20083
0073,23:16,1396,20083
0073,23:20,1400,20083
0074,09:00,540,0
0074,09:05,545,0
0074,09:10,550,0
0074,09:15,555,0
0074,09:20,560,0
0074,09:25,565,0
0074,09:30,570,0
0074,09:35,575,0
0074,09:40,580,0
0074,09:45,585,0
0074,09:50,590,0
0074,09:55,595,0
0074,10:00,600,0
0074,10:05,605,0
0074,10:10,610,0
0074,10:15,615,0
0074,10:20,620,0
0074,10:25,625,0
0074,10:30,630,0
0074,10:35,635,0
0074,10:40,640,0
0074,10:45,645,0
0074,10:50,650,0
0074,10:55,655,0
0074,11:00,660,0
0074,11:05,665,0
0074,11:10,670,0
0074,11:15,675,0
0074,11:20,680,0
0074,11:25,685,0
0074,11:30,690,0
0074,11:35,695,0
0074,11:40,700,0
0074,11:45,705,0
0074,11:50,710,0
0074,11:55,715,0
0074,12:00,720,0
0074,12:05,725,0
0074,12:10,730,0
0074,12:15,735,0
0074,12:20,740,0
0074,12:25,745,0
0074,12:30,750,0
0074,12:35,755,0
0074,12:40,760,0
0074,12:45,765,0
0074,12:50,770,0
0074,12:55,775,0
0074,13:00,780,0
0074,13:05,785,1638
0074,13:10,790,1638
0074,13:15,795,1638
0074,13:20,800,1638
0074,13:25,805,6466
0074,13:30,810,6466
0074,13:35,815,6466
0074,13:40,820,6466
0074,13:45,825,6466
0074,13:50,830,6379
0074,13:55,835,6379
0074,14:00,840,6379
0074,14:05,845,6379
0074,14:10,850,6293
0074,14:15,855,6293
0074,14:20,860,6293
0074,14:25,865,6293
0074,14:30,870,6293
0074,14:35,875,6293
0074,14:40,880,6293
0074,14:45,885,5086
0074,14:50,890,5086
0074,14:55,895,5086
0074,15:00,900,5086
0074,15:05,905,5086
0074,15:10,910,3966
0074,15:15,915,3966
0074,15:20,920,3966
0074,15:25,925,3966
0074,15:30,930,5603
0074,15:35,935,5603
0074,15:40,940,5603
0074,15:45,945,6638
0074,15:50,950,6638
0074,15:55,955,6638
0074,16:00,960,6638
0074,16:05,965,6638
0074,16:10,970,5431
0074,16:15,975,5431
0074,16:20,980,5431
0074,16:25,985,5431
0074,16:30,990,9310
0074,16:35,995,9310
0074,16:40,1000,9310
0074,16:45,1005,9310
0074,16:50,1010,9224
0074,16:55,1015,9224
0074,17:00,1020,9224
0074,17:05,1025,8707
0074,17:10,1030,8707
0074,17:15,1035,8707
0074,17:20,1040,8707
0074,17:25,1045,8707
0074,17:30,1050,7155
0074,17:35,1055,7155
0074,17:40,1060,7155
0074,17:45,1065,7155
0074,17:50,1070,5690
0074,17:55,1075,5690
0074,18:00,1080,5690
0074,18:05,1085,5690
0074,18:10,1090,4741
0074,18:15,1095,4741
0074,18:20,1100,4741
0074,18:25,1105,3362
0074,18:30,1110,3362
0074,18:35,1115,3362
0074,18:40,1120,3362
0074,18:45,1125,3362
0074,18:50,1130,3879
0074,18:55,1135,3879
0074,19:00,1140,3879
0074,19:05,1145,3879
0074,19:10,1150,8017
0074,19:15,1155,8017
0074,19:20,1160,8017
0074,19:25,1165,7069
0074,19:30,1170,7069
0074,19:35,1175,7069
0074,19:40,1180,7069
0074,19:45,1185,6034
0074,19:50,1190,6034
0074,19:55,1195,6034
0074,20:00,1200,6034
0074,20:05,1205,6034
0074,20:10,1210,8103
0074,20:15,1215,8103
0074,20:20,1220,8103
0074,20:25,1225,8103
0074,20:30,1230,9310
0074,20:35,1235,9310
0074,20:40,1240,9310
0074,20:45,1245,9310
0074,20:50,1250,9310
0074,20:55,1255,9310
0074,21:00,1260,9310
0074,21:05,1265,9310
0074,21:10,1270,9310
0074,21:15,1275,9310
0074,21:20,1280,9310
0074,21:25,1285,9310
0074,21:30,1290,9310
0074,21:35,1295,9310
0074,21:40,1300,9310
0074,21:45,1305,9310
0074,21:50,1310,9310
0074,21:55,1315,9310
0074,22:00,1320,9310
0074,22:05,1325,9310
0074,22:10,1330,9310
0074,22:15,1335,9310
0074,22:20,1340,9310
0074,22:25,1345,9310
0074,22:30,1350,9310
0074,22:35,1355,9310
0074,22:40,1360,9310
0074,22:45,1365,9310
0074,22:50,1370,9310
0074,22:55,1375,9310
0074,23:00,1380,9310
0074,23:05,1385,9310
0074,23:10,1390,9310
0074,23:15,1395,9310
0074,23:16,1396,9310
0074,23:20,1400,9310
0075,09:00,540,0
0075,09:05,545,0
0075,09:10,550,0
0075,09:15,555,0
0075,09:20,560,0
0075,09:25,565,0
0075,09:30,570,0
0075,09:35,575,0
0075,09:40,580,0
0075,09:45,585,0
0075,09:50,590,0
0075,09:55,595,0
0075,10:00,600,0
0075,10:05,605,0
0075,10:10,610,0
0075,10:15,615,0
0075,10:20,620,0
0075,10:25,625,0
0075,10:30,630,0
0075,10:35,635,0
0075,10:40,640,0
0075,10:45,645,0
0075,10:50,650,0
0075,10:55,655,0
0075,11:00,660,0
0075,11:05,665,0
0075,11:10,670,-267
0075,11:15,675,-267
0075,11:20,680,-267
0075,11:25,685,-267
0075,11:30,690,-356
0075,11:35,695,-356
0075,11:40,700,-356
0075,11:45,705,-889
0075,11:50,710,-889
0075,11:55,715,-889
0075,12:00,720,-889
0075,12:05,725,-1600
0075,12:10,730,-1600
0075,12:15,735,-1600
0075,12:20,740,-1600
0075,12:25,745,-1600
0075,12:30,750,3621
0075,12:35,755,3621
0075,12:40,760,3621
0075,12:45,765,3621
0075,12:50,770,2500
0075,12:55,775,2500
0075,13:00,780,2500
0075,13:05,785,1897
0075,13:10,790,1897
0075,13:15,795,1897
0075,13:20,800,1897
0075,13:25,805,1897
0075,13:30,810,1897
0075,13:35,815,1897
0075,13:40,820,1897
0075,13:45,825,1897
0075,13:50,830,1552
0075,13:55,835,1552
0075,14:00,840,1552
0075,14:05,845,1552
0075,14:10,850,431
0075,14:15,855,431
0075,14:20,860,431
0075,14:25,865,431
0075,14:30,870,-889
0075,14:35,875,-889
0075,14:40,880,-889
0075,14:45,885,-2222
0075,14:50,890,-2222
0075,14:55,895,-2222
0075,15:00,900,-2222
0075,15:05,905,-2222
0075,15:10,910,-2667
0075,15:15,915,-2667
0075,15:20,920,-2667
0075,15:25,925,-2667
0075,15:30,930,-2667
0075,15:35,935,-2667
0075,15:40,940,-2667
0075,15:45,945,-2933
0075,15:50,950,-2933
0075,15:55,955,-2933
0075,16:00,960,-2933
0075,16:05,965,-2933
0075,16:10,970,-2933
0075,16:15,975,-2933
0075,16:20,980,-2933
0075,16:25,985,-2933
0075,16:30,990,-2933
0075,16:35,995,-2933
0075,16:40,1000,-2933
0075,16:45,1005,-2933
0075,16:50,1010,-1511
0075,16:55,1015,-1511
0075,17:00,1020,-1511
0075,17:05,1025,4052
0075,17:10,1030,4052
0075,17:15,1035,4052
0075,17:20,1040,4052
0075,17:25,1045,4052
0075,17:30,1050,4138
0075,17:35,1055,4138
0075,17:40,1060,4138
0075,17:45,1065,4138
0075,17:50,1070,2586
0075,17:55,1075,2586
0075,18:00,1080,2586
0075,18:05,1085,2586
0075,18:10,1090,1293
0075,18:15,1095,1293
0075,18:20,1100,1293
0075,18:25,1105,1034
0075,18:30,1110,1034
0075,18:35,1115,1034
0075,18:40,1120,1034
0075,18:45,1125,1034
0075,18:50,1130,948
0075,18:55,1135,948
0075,19:00,1140,948
0075,19:05,1145,948
0075,19:10,1150,862
0075,19:15,1155,862
0075,19:20,1160,862
0075,19:25,1165,862
0075,19:30,1170,862
0075,19:35,1175,862
0075,19:40,1180,862
0075,19:45,1185,862
0075,19:50,1190,862
0075,19:55,1195,862
0075,20:00,1200,862
0075,20:05,1205,862
0075,20:10,1210,862
0075,20:15,1215,862
0075,20:20,1220,862
0075,20:25,1225,862
0075,20:30,1230,862
0075,20:35,1235,862
0075,20:40,1240,862
0075,20:45,1245,862
0075,20:50,1250,862
0075,20:55,1255,862
0075,21:00,1260,862
0075,21:05,1265,862
0075,21:10,1270,862
0075,21:15,1275,862
0075,21:20,1280,862
0075,21:25,1285,862
0075,21:30,1290,862
0075,21:35,1295,862
0075,21:40,1300,862
0075,21:45,1305,862
0075,21:50,1310,862
0075,21:55,1315,862
0075,22:00,1320,862
0075,22:05,1325,862
0075,22:10,1330,862
0075,22:15,1335,862
0075,22:20,1340,862
0075,22:25,1345,862
0075,22:30,1350,862
0075,22:35,1355,862
0075,22:40,1360,862
0075,22:45,1365,862
0075,22:50,1370,862
0075,22:55,1375,862
0075,23:00,1380,862
0075,23:05,1385,862
0075,23:10,1390,862
0075,23:15,1395,862
0075,23:16,1396,862
0075,23:20,1400,862
0076,09:00,540,0
0076,09:05,545,0
0076,09:10,550,0
0076,09:15,555,0
0076,09:20,560,0
0076,09:25,565,0
0076,09:30,570,0
0076,09:35,575,0
0076,09:40,580,0
0076,09:45,585,0
0076,09:50,590,0
0076,09:55,595,0
0076,10:00,600,0
0076,10:05,605,0
0076,10:10,610,0
0076,10:15,615,0
0076,10:20,620,0
0076,10:25,625,0
0076,10:30,630,0
0076,10:35,635,0
0076,10:40,640,0
0076,10:45,645,0
0076,10:50,650,0
0076,10:55,655,0
0076,11:00,660,0
0076,11:05,665,0
0076,11:10,670,0
0076,11:15,675,0
0076,11:20,680,0
0076,11:25,685,0
0076,11:30,690,0
0076,11:35,695,0
0076,11:40,700,0
0076,11:45,705,0
0076,11:50,710,0
0076,11:55,715,0
0076,12:00,720,0
0076,12:05,725,0
0076,12:10,730,0
0076,12:15,735,0
0076,12:20,740,0
0076,12:25,745,0
0076,12:30,750,-178
0076,12:35,755,-178
0076,12:40,760,-178
0076,12:45,765,-178
0076,12:50,770,-1244
0076,12:55,775,-1244
0076,13:00,780,-1244
0076,13:05,785,-1689
0076,13:10,790,-1689
0076,13:15,795,-1689
0076,13:20,800,-1689
0076,13:25,805,-1689
0076,13:30,810,-1689
0076,13:35,815,-1689
0076,13:40,820,-1689
0076,13:45,825,-1689
0076,13:50,830,-2044
0076,13:55,835,-2044
0076,14:00,840,-2044
0076,14:05,845,-2044
0076,14:10,850,-3467
0076,14:15,855,-3467
0076,14:20,860,-3467
0076,14:25,865,-3467
0076,14:30,870,-5156
0076,14:35,875,-5156
0076,14:40,880,-5156
0076,14:45,885,-6311
0076,14:50,890,-6311
0076,14:55,895,-6311
0076,15:00,900,-6311
0076,15:05,905,-6311
0076,15:10,910,-2667
0076,15:15,915,-2667
0076,15:20,920,-2667
0076,15:25,925,-2667
0076,15:30,930,2672
0076,15:35,935,2672
0076,15:40,940,2672
0076,15:45,945,2155
0076,15:50,950,2155
0076,15:55,955,2155
0076,16:00,960,2155
0076,16:05,965,2155
0076,16:10,970,2759
0076,16:15,975,2759
0076,16:20,980,2759
0076,16:25,985,2759
0076,16:30,990,1034
0076,16:35,995,1034
0076,16:40,1000,1034
0076,16:45,1005,1034
0076,16:50,1010,172
0076,16:55,1015,172
0076,17:00,1020,172
0076,17:05,1025,-1156
0076,17:10,1030,-1156
0076,17:15,1035,-1156
0076,17:20,1040,-1156
0076,17:25,1045,-1156
0076,17:30,1050,-2489
0076,17:35,1055,-2489
0076,17:40,1060,-2489
0076,17:45,1065,-2489
0076,17:50,1070,2500
0076,17:55,1075,2500
0076,18:00,1080,2500
0076,18:05,1085,2500
0076,18:10,1090,2328
0076,18:15,1095,2328
0076,18:20,1100,2328
0076,18:25,1105,1638
0076,18:30,1110,1638
0076,18:35,1115,1638
0076,18:40,1120,1638
0076,18:45,1125,1638
0076,18:50,1130,1638
0076,18:55,1135,1638
0076,19:00,1140,1638
0076,19:05,1145,1638
0076,19:10,1150,1638
0076,19:15,1155,1638
0076,19:20,1160,1638
0076,19:25,1165,948
0076,19:30,1170,948
0076,19:35,1175,948
0076,19:40,1180,948
0076,19:45,1185,948
0076,19:50,1190,948
0076,19:55,1195,948
0076,20:00,1200,948
0076,20:05,1205,948
0076,20:10,1210,948
0076,20:15,1215,948
0076,20:20,1220,948
0076,20:25,1225,948
0076,20:30,1230,948
0076,20:35,1235,948
0076,20:40,1240,948
0076,20:45,1245,948
0076,20:50,1250,948
0076,20:55,1255,948
0076,21:00,1260,948
0076,21:05,1265,948
0076,21:10,1270,948
0076,21:15,1275,948
0076,21:20,1280,948
0076,21:25,1285,948
0076,21:30,1290,603
0076,21:35,1295,603
0076,21:40,1300,603
0076,21:45,1305,431
0076,21:50,1310,431
0076,21:55,1315,431
0076,22:00,1320,431
0076,22:05,1325,431
0076,22:10,1330,431
0076,22:15,1335,431
0076,22:20,1340,431
0076,22:25,1345,431
0076,22:30,1350,431
0076,22:35,1355,431
0076,22:40,1360,431
0076,22:45,1365,431
0076,22:50,1370,431
0076,22:55,1375,431
0076,23:00,1380,431
0076,23:05,1385,431
0076,23:10,1390,431
0076,23:15,1395,431
0076,23:16,1396,431
0076,23:20,1400,431
0077,09:00,540,0
0077,09:05,545,0
0077,09:10,550,0
0077,09:15,555,0
0077,09:20,560,0
0077,09:25,565,0
0077,09:30,570,0
0077,09:35,575,0
0077,09:40,580,0
0077,09:45,585,0
0077,09:50,590,0
0077,09:55,595,0
0077,10:00,600,0
0077,10:05,605,0
0077,10:10,610,0
0077,10:15,615,0
0077,10:20,620,0
0077,10:25,625,0
0077,10:30,630,0
0077,10:35,635,0
0077,10:40,640,0
0077,10:45,645,0
0077,10:50,650,0
0077,10:55,655,0
0077,11:00,660,0
0077,11:05,665,0
0077,11:10,670,0
0077,11:15,675,0
0077,11:20,680,0
0077,11:25,685,0
0077,11:30,690,-178
0077,11:35,695,-178
0077,11:40,700,-178
0077,11:45,705,-889
0077,11:50,710,-889
0077,11:55,715,-889
0077,12:00,720,-889
0077,12:05,725,-1600
0077,12:10,730,-1600
0077,12:15,735,-1600
0077,12:20,740,-1600
0077,12:25,745,-1600
0077,12:30,750,-2844
0077,12:35,755,-2844
0077,12:40,760,-2844
0077,12:45,765,-2844
0077,12:50,770,-2844
0077,12:55,775,-2844
0077,13:00,780,-2844
0077,13:05,785,-2844
0077,13:10,790,-2844
0077,13:15,795,-2844
0077,13:20,800,-2844
0077,13:25,805,-2844
0077,13:30,810,-2844
0077,13:35,815,-2844
0077,13:40,820,-2844
0077,13:45,825,-2844
0077,13:50,830,-3911
0077,13:55,835,-3911
0077,14:00,840,-3911
0077,14:05,845,-3911
0077,14:10,850,-4089
0077,14:15,855,-4089
0077,14:20,860,-4089
0077,14:25,865,-4089
0077,14:30,870,-5867
0077,14:35,875,-5867
0077,14:40,880,-5867
0077,14:45,885,-5511
0077,14:50,890,-5511
0077,14:55,895,-5511
0077,15:00,900,-5511
0077,15:05,905,-5511
0077,15:10,910,-6933
0077,15:15,915,-6933
0077,15:20,920,-6933
0077,15:25,925,-6933
0077,15:30,930,-7644
0077,15:35,935,-7644
0077,15:40,940,-7644
0077,15:45,945,-7644
0077,15:50,950,-7644
0077,15:55,955,-7644
0077,16:00,960,-7644
0077,16:05,965,-7644
0077,16:10,970,-8178
0077,16:15,975,-8178
0077,16:20,980,-8178
0077,16:25,985,-8178
0077,16:30,990,-9956
0077,16:35,995,-9956
0077,16:40,1000,-9956
0077,16:45,1005,-9956
0077,16:50,1010,-11200
0077,16:55,1015,-11200
0077,17:00,1020,-11200
0077,17:05,1025,-11556
0077,17:10,1030,-11556
0077,17:15,1035,-11556
0077,17:20,1040,-11556
0077,17:25,1045,-11556
0077,17:30,1050,-13333
0077,17:35,1055,-13333
0077,17:40,1060,-13333
0077,17:45,1065,-13333
0077,17:50,1070,-9244
0077,17:55,1075,-9244
0077,18:00,1080,-9244
0077,18:05,1085,-9244
0077,18:10,1090,-10133
0077,18:15,1095,-10133
0077,18:20,1100,-10133
0077,18:25,1105,-9244
0077,18:30,1110,-9244
0077,18:35,1115,-9244
0077,18:40,1120,-9244
0077,18:45,1125,-9244
0077,18:50,1130,-10844
0077,18:55,1135,-10844
0077,19:00,1140,-10844
0077,19:05,1145,-10844
0077,19:10,1150,-11200
0077,19:15,1155,-11200
0077,19:20,1160,-11200
0077,19:25,1165,-11200
0077,19:30,1170,-11200
0077,19:35,1175,-11200
0077,19:40,1180,-11200
0077,19:45,1185,-11200
0077,19:50,1190,-11200
0077,19:55,1195,-11200
0077,20:00,1200,-11200
0077,20:05,1205,-11200
0077,20:10,1210,-11378
0077,20:15,1215,-11378
0077,20:20,1220,-11378
0077,20:25,1225,-11378
0077,20:30,1230,-11378
0077,20:35,1235,-11378
0077,20:40,1240,-11378
0077,20:45,1245,-11378
0077,20:50,1250,-11378
0077,20:55,1255,-11378
0077,21:00,1260,-11378
0077,21:05,1265,-11378
0077,21:10,1270,-11378
0077,21:15,1275,-11378
0077,21:20,1280,-11378
0077,21:25,1285,-11378
0077,21:30,1290,-11378
0077,21:35,1295,-11378
0077,21:40,1300,-11378
0077,21:45,1305,-11378
0077,21:50,1310,-11378
0077,21:55,1315,-11378
0077,22:00,1320,-11378
0077,22:05,1325,-11378
0077,22:10,1330,-11378
0077,22:15,1335,-11378
0077,22:20,1340,-11378
0077,22:25,1345,-11378
0077,22:30,1350,-11378
0077,22:35,1355,-11378
0077,22:40,1360,-11378
0077,22:45,1365,-11378
0077,22:50,1370,-11378
0077,22:55,1375,-11378
0077,23:00,1380,-11378
0077,23:05,1385,-11378
0077,23:10,1390,-11378
0077,23:15,1395,-11378
0077,23:16,1396,-11378
0077,23:20,1400,-11378
