machine,time,minute,value
0039,09:00,540,0
0039,09:05,545,0
0039,09:10,550,0
0039,09:15,555,0
0039,09:20,560,0
0039,09:25,565,0
0039,09:30,570,0
0039,09:35,575,0
0039,09:40,580,0
0039,09:45,585,0
0039,09:50,590,0
0039,09:55,595,0
0039,10:00,600,0
0039,10:05,605,0
0039,10:10,610,0
0039,10:15,615,0
0039,10:20,620,0
0039,10:25,625,0
0039,10:30,630,0
0039,10:35,635,0
0039,10:40,640,0
0039,10:45,645,0
0039,10:50,650,0
0039,10:55,655,0
0039,11:00,660,-89
0039,11:05,665,-89
0039,11:10,670,-178
0039,11:15,675,-178
0039,11:20,680,-178
0039,11:25,685,-178
0039,11:30,690,-1511
0039,11:35,695,-1511
0039,11:40,700,-1511
0039,11:45,705,-2756
0039,11:50,710,-2756
0039,11:55,715,-2756
0039,12:00,720,-2756
0039,12:05,725,86
0039,12:10,730,86
0039,12:15,735,86
0039,12:20,740,86
0039,12:25,745,86
0039,12:30,750,0
0039,12:35,755,0
0039,12:40,760,0
0039,12:45,765,0
0039,12:50,770,-1511
0039,12:55,775,-1511
0039,13:00,780,-1511
0039,13:05,785,-1689
0039,13:10,790,-1689
0039,13:15,795,-1689
0039,13:20,800,-1689
0039,13:25,805,-3111
0039,13:30,810,-3111
0039,13:35,815,-3111
0039,13:40,820,-3111
0039,13:45,825,-3111
0039,13:50,830,-4178
0039,13:55,835,-4178
0039,14:00,840,-4178
0039,14:05,845,-4178
0039,14:10,850,-5422
0039,14:15,855,-5422
0039,14:20,860,-5422
0039,14:25,865,-5422
0039,14:30,870,-7022
0039,14:35,875,-7022
0039,14:40,880,-7022
0039,14:45,885,-8000
0039,14:50,890,-8000
0039,14:55,895,-8000
0039,15:00,900,-8000
0039,15:05,905,-8000
0039,15:10,910,-3911
0039,15:15,915,-3911
0039,15:20,920,-3911
0039,15:25,925,-3911
0039,15:30,930,-3644
0039,15:35,935,-3644
0039,15:40,940,-3644
0039,15:45,945,-4889
0039,15:50,950,-4889
0039,15:55,955,-4889
0039,16:00,960,-4889
0039,16:05,965,-4889
0039,16:10,970,-6044
0039,16:15,975,-6044
0039,16:20,980,-6044
0039,16:25,985,-6044
0039,16:30,990,-7467
0039,16:35,995,-7467
0039,16:40,1000,-7467
0039,16:45,1005,-7467
0039,16:50,1010,-8444
0039,16:55,1015,-8444
0039,17:00,1020,-8444
0039,17:05,1025,-8000
0039,17:10,1030,-8000
0039,17:15,1035,-8000
0039,17:20,1040,-8000
0039,17:25,1045,-8000
0039,17:30,1050,-7200
0039,17:35,1055,-7200
0039,17:40,1060,-7200
0039,17:45,1065,-7200
0039,17:50,1070,-1867
0039,17:55,1075,-1867
0039,18:00,1080,-1867
0039,18:05,1085,-1867
0039,18:10,1090,517
0039,18:15,1095,517
0039,18:20,1100,517
0039,18:25,1105,172
0039,18:30,1110,172
0039,18:35,1115,172
0039,18:40,1120,172
0039,18:45,1125,172
0039,18:50,1130,-1156
0039,18:55,1135,-1156
0039,19:00,1140,-1156
0039,19:05,1145,-1156
0039,19:10,1150,-1511
0039,19:15,1155,-1511
0039,19:20,1160,-1511
0039,19:25,1165,-1511
0039,19:30,1170,-1511
0039,19:35,1175,-1511
0039,19:40,1180,-1511
0039,19:45,1185,-1511
0039,19:50,1190,-1511
0039,19:55,1195,-1511
0039,20:00,1200,-1511
0039,20:05,1205,-1511
0039,20:10,1210,-1511
0039,20:15,1215,-1511
0039,20:20,1220,-1511
0039,20:25,1225,-1511
0039,20:30,1230,-1511
0039,20:35,1235,-1511
0039,20:40,1240,-1511
0039,20:45,1245,-1600
0039,20:50,1250,-1600
0039,20:55,1255,-1600
0039,21:00,1260,-1600
0039,21:05,1265,-1600
0039,21:10,1270,-1600
0039,21:15,1275,-1600
0039,21:20,1280,-1600
0039,21:25,1285,-1600
0039,21:30,1290,-1600
0039,21:35,1295,-1600
0039,21:40,1300,-1600
0039,21:45,1305,-1600
0039,21:50,1310,-1600
0039,21:55,1315,-1600
0039,22:00,1320,-1600
0039,22:05,1325,-1600
0039,22:10,1330,-1600
0039,22:15,1335,-1600
0039,22:20,1340,-1600
0039,22:25,1345,-1600
0039,22:30,1350,-1600
0039,22:35,1355,-1600
0039,22:40,1360,-1600
0039,22:45,1365,-1600
0039,22:50,1370,-1600
0039,22:55,1375,-1600
0039,23:00,1380,-1600
0039,23:05,1385,-1600
0039,23:10,1390,-1600
0039,23:15,1395,-1600
0039,23:16,1396,-1600
0039,23:20,1400,-1600
0040,09:00,540,0
0040,09:05,545,0
0040,09:10,550,0
0040,09:15,555,0
0040,09:20,560,0
0040,09:25,565,0
0040,09:30,570,0
0040,09:35,575,0
0040,09:40,580,0
0040,09:45,585,0
0040,09:50,590,0
0040,09:55,595,0
0040,10:00,600,0
0040,10:05,605,0
0040,10:10,610,0
0040,10:15,615,0
0040,10:20,620,0
0040,10:25,625,-267
0040,10:30,630,-267
0040,10:35,635,-267
0040,10:40,640,-444
0040,10:45,645,-444
0040,10:50,650,-444
0040,10:55,655,-444
0040,11:00,660,-444
0040,11:05,665,-444
0040,11:10,670,-444
0040,11:15,675,-444
0040,11:20,680,-444
0040,11:25,685,-444
0040,11:30,690,-889
0040,11:35,695,-889
0040,11:40,700,-889
0040,11:45,705,-2400
0040,11:50,710,-2400
0040,11:55,715,-2400
0040,12:00,720,-2400
0040,12:05,725,-2844
0040,12:10,730,-2844
0040,12:15,735,-2844
0040,12:20,740,-2844
0040,12:25,745,-2844
0040,12:30,750,-3911
0040,12:35,755,-3911
0040,12:40,760,-3911
0040,12:45,765,-3911
0040,12:50,770,-4000
0040,12:55,775,-4000
0040,13:00,780,-4000
0040,13:05,785,-4000
0040,13:10,790,-4000
0040,13:15,795,-4000
0040,13:20,800,-4000
0040,13:25,805,948
0040,13:30,810,948
0040,13:35,815,948
0040,13:40,820,948
0040,13:45,825,948
0040,13:50,830,172
0040,13:55,835,172
0040,14:00,840,172
0040,14:05,845,172
0040,14:10,850,-978
0040,14:15,855,-978
0040,14:20,860,-978
0040,14:25,865,-978
0040,14:30,870,-2756
0040,14:35,875,-2756
0040,14:40,880,-2756
0040,14:45,885,-2578
0040,14:50,890,-2578
0040,14:55,895,-2578
0040,15:00,900,-2578
0040,15:05,905,-2578
0040,15:10,910,1466
0040,15:15,915,1466
0040,15:20,920,1466
0040,15:25,925,1466
0040,15:30,930,172
0040,15:35,935,172
0040,15:40,940,172
0040,15:45,945,172
0040,15:50,950,172
0040,15:55,955,172
0040,16:00,960,172
0040,16:05,965,172
0040,16:10,970,-178
0040,16:15,975,-178
0040,16:20,980,-178
0040,16:25,985,-178
0040,16:30,990,-622
0040,16:35,995,-622
0040,16:40,1000,-622
0040,16:45,1005,-622
0040,16:50,1010,-1778
0040,16:55,1015,-1778
0040,17:00,1020,-1778
0040,17:05,1025,-2311
0040,17:10,1030,-2311
0040,17:15,1035,-2311
0040,17:20,1040,-2311
0040,17:25,1045,-2311
0040,17:30,1050,-2311
0040,17:35,1055,-2311
0040,17:40,1060,-2311
0040,17:45,1065,-2311
0040,17:50,1070,-2489
0040,17:55,1075,-2489
0040,18:00,1080,-2489
0040,18:05,1085,-2489
0040,18:10,1090,-2489
0040,18:15,1095,-2489
0040,18:20,1100,-2489
0040,18:25,1105,-2578
0040,18:30,1110,-2578
0040,18:35,1115,-2578
0040,18:40,1120,-2578
0040,18:45,1125,-2578
0040,18:50,1130,-2578
0040,18:55,1135,-2578
0040,19:00,1140,-2578
0040,19:05,1145,-2578
0040,19:10,1150,-2756
0040,19:15,1155,-2756
0040,19:20,1160,-2756
0040,19:25,1165,-3289
0040,19:30,1170,-3289
0040,19:35,1175,-3289
0040,19:40,1180,-3289
0040,19:45,1185,-3733
0040,19:50,1190,-3733
0040,19:55,1195,-3733
0040,20:00,1200,-3733
0040,20:05,1205,-3733
0040,20:10,1210,-3733
0040,20:15,1215,-3733
0040,20:20,1220,-3733
0040,20:25,1225,-3733
0040,20:30,1230,-3733
0040,20:35,1235,-3733
0040,20:40,1240,-3733
0040,20:45,1245,-4089
0040,20:50,1250,-4089
0040,20:55,1255,-4089
0040,21:00,1260,-4089
0040,21:05,1265,-4089
0040,21:10,1270,-4533
0040,21:15,1275,-4533
0040,21:20,1280,-4533
0040,21:25,1285,-4533
0040,21:30,1290,-4533
0040,21:35,1295,-4533
0040,21:40,1300,-4533
0040,21:45,1305,-4533
0040,21:50,1310,-4533
0040,21:55,1315,-4533
0040,22:00,1320,-4533
0040,22:05,1325,-4533
0040,22:10,1330,-4533
0040,22:15,1335,-4533
0040,22:20,1340,-4533
0040,22:25,1345,-4533
0040,22:30,1350,-4533
0040,22:35,1355,-4533
0040,22:40,1360,-4533
0040,22:45,1365,-4533
0040,22:50,1370,-4533
0040,22:55,1375,-4533
0040,23:00,1380,-4533
0040,23:05,1385,-4533
0040,23:10,1390,-4533
0040,23:15,1395,-4533
0040,23:16,1396,-4533
0040,23:20,1400,-4533
0041,09:00,540,0
0041,09:05,545,0
0041,09:10,550,0
0041,09:15,555,0
0041,09:20,560,0
0041,09:25,565,0
0041,09:30,570,0
0041,09:35,575,0
0041,09:40,580,0
0041,09:45,585,0
0041,09:50,590,0
0041,09:55,595,0
0041,10:00,600,0
0041,10:05,605,0
0041,10:10,610,0
0041,10:15,615,0
0041,10:20,620,0
0041,10:25,625,0
0041,10:30,630,0
0041,10:35,635,0
0041,10:40,640,-711
0041,10:45,645,-711
0041,10:50,650,-711
0041,10:55,655,-711
0041,11:00,660,-1778
0041,11:05,665,-1778
0041,11:10,670,-2311
0041,11:15,675,-2311
0041,11:20,680,-2311
0041,11:25,685,-2311
0041,11:30,690,-3200
0041,11:35,695,-3200
0041,11:40,700,-3200
0041,11:45,705,-3200
0041,11:50,710,-3200
0041,11:55,715,-3200
0041,12:00,720,-3200
0041,12:05,725,-3556
0041,12:10,730,-3556
0041,12:15,735,-3556
0041,12:20,740,-3556
0041,12:25,745,-3556
0041,12:30,750,-3556
0041,12:35,755,-3556
0041,12:40,760,-3556
0041,12:45,765,-3556
0041,12:50,770,-3733
0041,12:55,775,-3733
0041,13:00,780,-3733
0041,13:05,785,-4622
0041,13:10,790,-4622
0041,13:15,795,-4622
0041,13:20,800,-4622
0041,13:25,805,-4267
0041,13:30,810,-4267
0041,13:35,815,-4267
0041,13:40,820,-4267
0041,13:45,825,-4267
0041,13:50,830,-2489
0041,13:55,835,-2489
0041,14:00,840,-2489
0041,14:05,845,-2489
0041,14:10,850,-1600
0041,14:15,855,-1600
0041,14:20,860,-1600
0041,14:25,865,-1600
0041,14:30,870,3793
0041,14:35,875,3793
0041,14:40,880,3793
0041,14:45,885,7759
0041,14:50,890,7759
0041,14:55,895,7759
0041,15:00,900,7759
0041,15:05,905,7759
0041,15:10,910,10172
0041,15:15,915,10172
0041,15:20,920,10172
0041,15:25,925,10172
0041,15:30,930,8448
0041,15:35,935,8448
0041,15:40,940,8448
0041,15:45,945,6897
0041,15:50,950,6897
0041,15:55,955,6897
0041,16:00,960,6897
0041,16:05,965,6897
0041,16:10,970,8793
0041,16:15,975,8793
0041,16:20,980,8793
0041,16:25,985,8793
0041,16:30,990,13793
0041,16:35,995,13793
0041,16:40,1000,13793
0041,16:45,1005,13793
0041,16:50,1010,18276
0041,16:55,1015,18276
0041,17:00,1020,18276
0041,17:05,1025,18793
0041,17:10,1030,18793
0041,17:15,1035,18793
0041,17:20,1040,18793
0041,17:25,1045,18793
0041,17:30,1050,17069
0041,17:35,1055,17069
0041,17:40,1060,17069
0041,17:45,1065,17069
0041,17:50,1070,17931
0041,17:55,1075,17931
0041,18:00,1080,17931
0041,18:05,1085,17931
0041,18:10,1090,17414
0041,18:15,1095,17414
0041,18:20,1100,17414
0041,18:25,1105,17069
0041,18:30,1110,17069
0041,18:35,1115,17069
0041,18:40,1120,17069
0041,18:45,1125,17069
0041,18:50,1130,17069
0041,18:55,1135,17069
0041,19:00,1140,17069
0041,19:05,1145,17069
0041,19:10,1150,16724
0041,19:15,1155,16724
0041,19:20,1160,16724
0041,19:25,1165,16207
0041,19:30,1170,16207
0041,19:35,1175,16207
0041,19:40,1180,16207
0041,19:45,1185,16207
0041,19:50,1190,16207
0041,19:55,1195,16207
0041,20:00,1200,16207
0041,20:05,1205,16207
0041,20:10,1210,16207
0041,20:15,1215,16207
0041,20:20,1220,16207
0041,20:25,1225,16207
0041,20:30,1230,16207
0041,20:35,1235,16207
0041,20:40,1240,16207
0041,20:45,1245,16034
0041,20:50,1250,16034
0041,20:55,1255,16034
0041,21:00,1260,16034
0041,21:05,1265,16034
0041,21:10,1270,16034
0041,21:15,1275,16034
0041,21:20,1280,16034
0041,21:25,1285,16034
0041,21:30,1290,16034
0041,21:35,1295,16034
0041,21:40,1300,16034
0041,21:45,1305,16034
0041,21:50,1310,16034
0041,21:55,1315,16034
0041,22:00,1320,16034
0041,22:05,1325,16034
0041,22:10,1330,16034
0041,22:15,1335,16034
0041,22:20,1340,16034
0041,22:25,1345,16034
0041,22:30,1350,15862
0041,22:35,1355,15862
0041,22:40,1360,15862
0041,22:45,1365,15862
0041,22:50,1370,15862
0041,22:55,1375,15862
0041,23:00,1380,15862
0041,23:05,1385,15862
0041,23:10,1390,15862
0041,23:15,1395,15862
0041,23:16,1396,15862
0041,23:20,1400,15862
0042,09:00,540,0
0042,09:05,545,0
0042,09:10,550,0
0042,09:15,555,0
0042,09:20,560,0
0042,09:25,565,0
0042,09:30,570,0
0042,09:35,575,0
0042,09:40,580,0
0042,09:45,585,0
0042,09:50,590,0
0042,09:55,595,0
0042,10:00,600,0
0042,10:05,605,0
0042,10:10,610,0
0042,10:15,615,0
0042,10:20,620,0
0042,10:25,625,0
0042,10:30,630,0
0042,10:35,635,0
0042,10:40,640,-533
0042,10:45,645,-533
0042,10:50,650,-533
0042,10:55,655,-533
0042,11:00,660,-889
0042,11:05,665,-889
0042,11:10,670,-178
0042,11:15,675,-178
0042,11:20,680,-178
0042,11:25,685,-178
0042,11:30,690,-1956
0042,11:35,695,-1956
0042,11:40,700,-1956
0042,11:45,705,-3556
0042,11:50,710,-3556
0042,11:55,715,-3556
0042,12:00,720,-3556
0042,12:05,725,-4800
0042,12:10,730,-4800
0042,12:15,735,-4800
0042,12:20,740,-4800
0042,12:25,745,-4800
0042,12:30,750,-4444
0042,12:35,755,-4444
0042,12:40,760,-4444
0042,12:45,765,-4444
0042,12:50,770,-2667
0042,12:55,775,-2667
0042,13:00,780,-2667
0042,13:05,785,-3200
0042,13:10,790,-3200
0042,13:15,795,-3200
0042,13:20,800,-3200
0042,13:25,805,-3556
0042,13:30,810,-3556
0042,13:35,815,-3556
0042,13:40,820,-3556
0042,13:45,825,-3556
0042,13:50,830,-3556
0042,13:55,835,-3556
0042,14:00,840,-3556
0042,14:05,845,-3556
0042,14:10,850,-3911
0042,14:15,855,-3911
0042,14:20,860,-3911
0042,14:25,865,-3911
0042,14:30,870,-4267
0042,14:35,875,-4267
0042,14:40,880,-4267
0042,14:45,885,-5156
0042,14:50,890,-5156
0042,14:55,895,-5156
0042,15:00,900,-5156
0042,15:05,905,-5156
0042,15:10,910,-5867
0042,15:15,915,-5867
0042,15:20,920,-5867
0042,15:25,925,-5867
0042,15:30,930,-7111
0042,15:35,935,-7111
0042,15:40,940,-7111
0042,15:45,945,-6400
0042,15:50,950,-6400
0042,15:55,955,-6400
0042,16:00,960,-6400
0042,16:05,965,-6400
0042,16:10,970,-6933
0042,16:15,975,-6933
0042,16:20,980,-6933
0042,16:25,985,-6933
0042,16:30,990,-8356
0042,16:35,995,-8356
0042,16:40,1000,-8356
0042,16:45,1005,-8356
0042,16:50,1010,-8889
0042,16:55,1015,-8889
0042,17:00,1020,-8889
0042,17:05,1025,-9778
0042,17:10,1030,-9778
0042,17:15,1035,-9778
0042,17:20,1040,-9778
0042,17:25,1045,-9778
0042,17:30,1050,-10489
0042,17:35,1055,-10489
0042,17:40,1060,-10489
0042,17:45,1065,-10489
0042,17:50,1070,-10489
0042,17:55,1075,-10489
0042,18:00,1080,-10489
0042,18:05,1085,-10489
0042,18:10,1090,-10489
0042,18:15,1095,-10489
0042,18:20,1100,-10489
0042,18:25,1105,-10489
0042,18:30,1110,-10489
0042,18:35,1115,-10489
0042,18:40,1120,-10489
0042,18:45,1125,-10489
0042,18:50,1130,-10844
0042,18:55,1135,-10844
0042,19:00,1140,-10844
0042,19:05,1145,-10844
0042,19:10,1150,-11378
0042,19:15,1155,-11378
0042,19:20,1160,-11378
0042,19:25,1165,-12800
0042,19:30,1170,-12800
0042,19:35,1175,-12800
0042,19:40,1180,-12800
0042,19:45,1185,-13156
0042,19:50,1190,-13156
0042,19:55,1195,-13156
0042,20:00,1200,-13156
0042,20:05,1205,-13156
0042,20:10,1210,-13156
0042,20:15,1215,-13156
0042,20:20,1220,-13156
0042,20:25,1225,-13156
0042,20:30,1230,-13156
0042,20:35,1235,-13156
0042,20:40,1240,-13156
0042,20:45,1245,-13333
0042,20:50,1250,-13333
0042,20:55,1255,-13333
0042,21:00,1260,-13333
0042,21:05,1265,-13333
0042,21:10,1270,-13333
0042,21:15,1275,-13333
0042,21:20,1280,-13333
0042,21:25,1285,-13333
0042,21:30,1290,-13333
0042,21:35,1295,-13333
0042,21:40,1300,-13333
0042,21:45,1305,-13333
0042,21:50,1310,-13333
0042,21:55,1315,-13333
0042,22:00,1320,-13333
0042,22:05,1325,-13333
0042,22:10,1330,-13333
0042,22:15,1335,-13333
0042,22:20,1340,-13333
0042,22:25,1345,-13333
0042,22:30,1350,-13333
0042,22:35,1355,-13333
0042,22:40,1360,-13333
0042,22:45,1365,-13333
0042,22:50,1370,-13333
0042,22:55,1375,-13333
0042,23:00,1380,-13333
0042,23:05,1385,-13333
0042,23:10,1390,-13333
0042,23:15,1395,-13333
0042,23:16,1396,-13333
0042,23:20,1400,-13333
0043,09:00,540,0
0043,09:05,545,0
0043,09:10,550,0
0043,09:15,555,0
0043,09:20,560,0
0043,09:25,565,0
0043,09:30,570,0
0043,09:35,575,0
0043,09:40,580,0
0043,09:45,585,0
0043,09:50,590,0
0043,09:55,595,0
0043,10:00,600,0
0043,10:05,605,0
0043,10:10,610,0
0043,10:15,615,0
0043,10:20,620,0
0043,10:25,625,0
0043,10:30,630,0
0043,10:35,635,0
0043,10:40,640,0
0043,10:45,645,0
0043,10:50,650,0
0043,10:55,655,0
0043,11:00,660,-444
0043,11:05,665,-444
0043,11:10,670,-1067
0043,11:15,675,-1067
0043,11:20,680,-1067
0043,11:25,685,-1067
0043,11:30,690,-1689
0043,11:35,695,-1689
0043,11:40,700,-1689
0043,11:45,705,-1689
0043,11:50,710,-1689
0043,11:55,715,-1689
0043,12:00,720,-1689
0043,12:05,725,-1689
0043,12:10,730,-1689
0043,12:15,735,-1689
0043,12:20,740,-1689
0043,12:25,745,-1689
0043,12:30,750,-1689
0043,12:35,755,-1689
0043,12:40,760,-1689
0043,12:45,765,-1689
0043,12:50,770,-1689
0043,12:55,775,-1689
0043,13:00,780,-1689
0043,13:05,785,-1689
0043,13:10,790,-1689
0043,13:15,795,-1689
0043,13:20,800,-1689
0043,13:25,805,-1689
0043,13:30,810,-1689
0043,13:35,815,-1689
0043,13:40,820,-1689
0043,13:45,825,-1689
0043,13:50,830,-1689
0043,13:55,835,-1689
0043,14:00,840,-1689
0043,14:05,845,-1689
0043,14:10,850,-1689
0043,14:15,855,-1689
0043,14:20,860,-1689
0043,14:25,865,-1689
0043,14:30,870,-2489
0043,14:35,875,-2489
0043,14:40,880,-2489
0043,14:45,885,-2489
0043,14:50,890,-2489
0043,14:55,895,-2489
0043,15:00,900,-2489
0043,15:05,905,-2489
0043,15:10,910,-3111
0043,15:15,915,-3111
0043,15:20,920,-3111
0043,15:25,925,-3111
0043,15:30,930,-4622
0043,15:35,935,-4622
0043,15:40,940,-4622
0043,15:45,945,-5067
0043,15:50,950,-5067
0043,15:55,955,-5067
0043,16:00,960,-5067
0043,16:05,965,-5067
0043,16:10,970,-6311
0043,16:15,975,-6311
0043,16:20,980,-6311
0043,16:25,985,-6311
0043,16:30,990,-8089
0043,16:35,995,-8089
0043,16:40,1000,-8089
0043,16:45,1005,-8089
0043,16:50,1010,-8800
0043,16:55,1015,-8800
0043,17:00,1020,-8800
0043,17:05,1025,-8889
0043,17:10,1030,-8889
0043,17:15,1035,-8889
0043,17:20,1040,-8889
0043,17:25,1045,-8889
0043,17:30,1050,-5867
0043,17:35,1055,-5867
0043,17:40,1060,-5867
0043,17:45,1065,-5867
0043,17:50,1070,-356
0043,17:55,1075,-356
0043,18:00,1080,-356
0043,18:05,1085,-356
0043,18:10,1090,2241
0043,18:15,1095,2241
0043,18:20,1100,2241
0043,18:25,1105,862
0043,18:30,1110,862
0043,18:35,1115,862
0043,18:40,1120,862
0043,18:45,1125,862
0043,18:50,1130,776
0043,18:55,1135,776
0043,19:00,1140,776
0043,19:05,1145,776
0043,19:10,1150,776
0043,19:15,1155,776
0043,19:20,1160,776
0043,19:25,1165,776
0043,19:30,1170,776
0043,19:35,1175,776
0043,19:40,1180,776
0043,19:45,1185,3103
0043,19:50,1190,3103
0043,19:55,1195,3103
0043,20:00,1200,3103
0043,20:05,1205,3103
0043,20:10,1210,1983
0043,20:15,1215,1983
0043,20:20,1220,1983
0043,20:25,1225,1983
0043,20:30,1230,603
0043,20:35,1235,603
0043,20:40,1240,603
0043,20:45,1245,345
0043,20:50,1250,345
0043,20:55,1255,345
0043,21:00,1260,345
0043,21:05,1265,345
0043,21:10,1270,-622
0043,21:15,1275,-622
0043,21:20,1280,-622
0043,21:25,1285,-622
0043,21:30,1290,-622
0043,21:35,1295,-622
0043,21:40,1300,-622
0043,21:45,1305,-622
0043,21:50,1310,-622
0043,21:55,1315,-622
0043,22:00,1320,-622
0043,22:05,1325,-622
0043,22:10,1330,-622
0043,22:15,1335,-622
0043,22:20,1340,-622
0043,22:25,1345,-622
0043,22:30,1350,-622
0043,22:35,1355,-622
0043,22:40,1360,-622
0043,22:45,1365,-622
0043,22:50,1370,-622
0043,22:55,1375,-622
0043,23:00,1380,-622
0043,23:05,1385,-622
0043,23:10,1390,-622
0043,23:15,1395,-622
0043,23:16,1396,-622
0043,23:20,1400,-622
0044,09:00,540,0
0044,09:05,545,0
0044,09:10,550,0
0044,09:15,555,0
0044,09:20,560,0
0044,09:25,565,0
0044,09:30,570,0
0044,09:35,575,0
0044,09:40,580,0
0044,09:45,585,0
0044,09:50,590,0
0044,09:55,595,0
0044,10:00,600,0
0044,10:05,605,0
0044,10:10,610,0
0044,10:15,615,0
0044,10:20,620,0
0044,10:25,625,0
0044,10:30,630,0
0044,10:35,635,0
0044,10:40,640,0
0044,10:45,645,0
0044,10:50,650,0
0044,10:55,655,0
0044,11:00,660,0
0044,11:05,665,0
0044,11:10,670,0
0044,11:15,675,0
0044,11:20,680,0
0044,11:25,685,0
0044,11:30,690,0
0044,11:35,695,0
0044,11:40,700,0
0044,11:45,705,0
0044,11:50,710,0
0044,11:55,715,0
0044,12:00,720,0
0044,12:05,725,0
0044,12:10,730,0
0044,12:15,735,0
0044,12:20,740,0
0044,12:25,745,0
0044,12:30,750,-889
0044,12:35,755,-889
0044,12:40,760,-889
0044,12:45,765,-889
0044,12:50,770,-889
0044,12:55,775,-889
0044,13:00,780,-889
0044,13:05,785,-889
0044,13:10,790,-889
0044,13:15,795,-889
0044,13:20,800,-889
0044,13:25,805,-2844
0044,13:30,810,-2844
0044,13:35,815,-2844
0044,13:40,820,-2844
0044,13:45,825,-2844
0044,13:50,830,-3556
0044,13:55,835,-3556
0044,14:00,840,-3556
0044,14:05,845,-3556
0044,14:10,850,-4267
0044,14:15,855,-4267
0044,14:20,860,-4267
0044,14:25,865,-4267
0044,14:30,870,-4978
0044,14:35,875,-4978
0044,14:40,880,-4978
0044,14:45,885,-6222
0044,14:50,890,-6222
0044,14:55,895,-6222
0044,15:00,900,-6222
0044,15:05,905,-6222
0044,15:10,910,-7467
0044,15:15,915,-7467
0044,15:20,920,-7467
0044,15:25,925,-7467
0044,15:30,930,-9067
0044,15:35,935,-9067
0044,15:40,940,-9067
0044,15:45,945,-10311
0044,15:50,950,-10311
0044,15:55,955,-10311
0044,16:00,960,-10311
0044,16:05,965,-10311
0044,16:10,970,-9956
0044,16:15,975,-9956
0044,16:20,980,-9956
0044,16:25,985,-9956
0044,16:30,990,-1600
0044,16:35,995,-1600
0044,16:40,1000,-1600
0044,16:45,1005,-1600
0044,16:50,1010,-1067
0044,16:55,1015,-1067
0044,17:00,1020,-1067
0044,17:05,1025,-1778
0044,17:10,1030,-1778
0044,17:15,1035,-1778
0044,17:20,1040,-1778
0044,17:25,1045,-1778
0044,17:30,1050,517
0044,17:35,1055,517
0044,17:40,1060,517
0044,17:45,1065,517
0044,17:50,1070,-1067
0044,17:55,1075,-1067
0044,18:00,1080,-1067
0044,18:05,1085,-1067
0044,18:10,1090,-2133
0044,18:15,1095,-2133
0044,18:20,1100,-2133
0044,18:25,1105,-2133
0044,18:30,1110,-2133
0044,18:35,1115,-2133
0044,18:40,1120,-2133
0044,18:45,1125,-2133
0044,18:50,1130,-2667
0044,18:55,1135,-2667
0044,19:00,1140,-2667
0044,19:05,1145,-2667
0044,19:10,1150,-2667
0044,19:15,1155,-2667
0044,19:20,1160,-2667
0044,19:25,1165,-2667
0044,19:30,1170,-2667
0044,19:35,1175,-2667
0044,19:40,1180,-2667
0044,19:45,1185,-2667
0044,19:50,1190,-2667
0044,19:55,1195,-2667
0044,20:00,1200,-2667
0044,20:05,1205,-2667
0044,20:10,1210,-2667
0044,20:15,1215,-2667
0044,20:20,1220,-2667
0044,20:25,1225,-2667
0044,20:30,1230,-3022
0044,20:35,1235,-3022
0044,20:40,1240,-3022
0044,20:45,1245,-3200
0044,20:50,1250,-3200
0044,20:55,1255,-3200
0044,21:00,1260,-3200
0044,21:05,1265,-3200
0044,21:10,1270,-3200
0044,21:15,1275,-3200
0044,21:20,1280,-3200
0044,21:25,1285,-3200
0044,21:30,1290,-3200
0044,21:35,1295,-3200
0044,21:40,1300,-3200
0044,21:45,1305,-3200
0044,21:50,1310,-3200
0044,21:55,1315,-3200
0044,22:00,1320,-3200
0044,22:05,1325,-3200
0044,22:10,1330,-3200
0044,22:15,1335,-3200
0044,22:20,1340,-3200
0044,22:25,1345,-3200
0044,22:30,1350,-3200
0044,22:35,1355,-3200
0044,22:40,1360,-3200
0044,22:45,1365,-3200
0044,22:50,1370,-3200
0044,22:55,1375,-3200
0044,23:00,1380,-3200
0044,23:05,1385,-3200
0044,23:10,1390,-3200
0044,23:15,1395,-3200
0044,23:16,1396,-3200
0044,23:20,1400,-3200
0045,09:00,540,0
0045,09:05,545,0
0045,09:10,550,0
0045,09:15,555,0
0045,09:20,560,0
0045,09:25,565,0
0045,09:30,570,0
0045,09:35,575,0
0045,09:40,580,0
0045,09:45,585,0
0045,09:50,590,0
0045,09:55,595,0
0045,10:00,600,0
0045,10:05,605,0
0045,10:10,610,0
0045,10:15,615,0
0045,10:20,620,0
0045,10:25,625,0
0045,10:30,630,0
0045,10:35,635,0
0045,10:40,640,0
0045,10:45,645,0
0045,10:50,650,0
0045,10:55,655,0
0045,11:00,660,0
0045,11:05,665,0
0045,11:10,670,0
0045,11:15,675,0
0045,11:20,680,0
0045,11:25,685,0
0045,11:30,690,0
0045,11:35,695,0
0045,11:40,700,0
0045,11:45,705,0
0045,11:50,710,0
0045,11:55,715,0
0045,12:00,720,0
0045,12:05,725,0
0045,12:10,730,0
0045,12:15,735,0
0045,12:20,740,0
0045,12:25,745,0
0045,12:30,750,-711
0045,12:35,755,-711
0045,12:40,760,-711
0045,12:45,765,-711
0045,12:50,770,-178
0045,12:55,775,-178
0045,13:00,780,-178
0045,13:05,785,-178
0045,13:10,790,-178
0045,13:15,795,-178
0045,13:20,800,-178
0045,13:25,805,-178
0045,13:30,810,-178
0045,13:35,815,-178
0045,13:40,820,-178
0045,13:45,825,-178
0045,13:50,830,-533
0045,13:55,835,-533
0045,14:00,840,-533
0045,14:05,845,-533
0045,14:10,850,-711
0045,14:15,855,-711
0045,14:20,860,-711
0045,14:25,865,-711
0045,14:30,870,-1600
0045,14:35,875,-1600
0045,14:40,880,-1600
0045,14:45,885,-1956
0045,14:50,890,-1956
0045,14:55,895,-1956
0045,15:00,900,-1956
0045,15:05,905,-1956
0045,15:10,910,-2489
0045,15:15,915,-2489
0045,15:20,920,-2489
0045,15:25,925,-2489
0045,15:30,930,-3733
0045,15:35,935,-3733
0045,15:40,940,-3733
0045,15:45,945,-3733
0045,15:50,950,-3733
0045,15:55,955,-3733
0045,16:00,960,-3733
0045,16:05,965,-3733
0045,16:10,970,-1244
0045,16:15,975,-1244
0045,16:20,980,-1244
0045,16:25,985,-1244
0045,16:30,990,7586
0045,16:35,995,7586
0045,16:40,1000,7586
0045,16:45,1005,7586
0045,16:50,1010,10345
0045,16:55,1015,10345
0045,17:00,1020,10345
0045,17:05,1025,14138
0045,17:10,1030,14138
0045,17:15,1035,14138
0045,17:20,1040,14138
0045,17:25,1045,14138
0045,17:30,1050,13793
0045,17:35,1055,13793
0045,17:40,1060,13793
0045,17:45,1065,13793
0045,17:50,1070,13276
0045,17:55,1075,13276
0045,18:00,1080,13276
0045,18:05,1085,13276
0045,18:10,1090,13103
0045,18:15,1095,13103
0045,18:20,1100,13103
0045,18:25,1105,11724
0045,18:30,1110,11724
0045,18:35,1115,11724
0045,18:40,1120,11724
0045,18:45,1125,11724
0045,18:50,1130,11724
0045,18:55,1135,11724
0045,19:00,1140,11724
0045,19:05,1145,11724
0045,19:10,1150,11207
0045,19:15,1155,11207
0045,19:20,1160,11207
0045,19:25,1165,10862
0045,19:30,1170,10862
0045,19:35,1175,10862
0045,19:40,1180,10862
0045,19:45,1185,10690
0045,19:50,1190,10690
0045,19:55,1195,10690
0045,20:00,1200,10690
0045,20:05,1205,10690
0045,20:10,1210,10517
0045,20:15,1215,10517
0045,20:20,1220,10517
0045,20:25,1225,10517
0045,20:30,1230,10517
0045,20:35,1235,10517
0045,20:40,1240,10517
0045,20:45,1245,10517
0045,20:50,1250,10517
0045,20:55,1255,10517
0045,21:00,1260,10517
0045,21:05,1265,10517
0045,21:10,1270,10517
0045,21:15,1275,10517
0045,21:20,1280,10517
0045,21:25,1285,10517
0045,21:30,1290,10517
0045,21:35,1295,10517
0045,21:40,1300,10517
0045,21:45,1305,10517
0045,21:50,1310,10517
0045,21:55,1315,10517
0045,22:00,1320,10517
0045,22:05,1325,10517
0045,22:10,1330,10517
0045,22:15,1335,10517
0045,22:20,1340,10517
0045,22:25,1345,10517
0045,22:30,1350,10345
0045,22:35,1355,10345
0045,22:40,1360,10345
0045,22:45,1365,10345
0045,22:50,1370,10345
0045,22:55,1375,10345
0045,23:00,1380,10345
0045,23:05,1385,10345
0045,23:10,1390,10345
0045,23:15,1395,10345
0045,23:16,1396,10345
0045,23:20,1400,10345
0046,09:00,540,0
0046,09:05,545,0
0046,09:10,550,0
0046,09:15,555,0
0046,09:20,560,0
0046,09:25,565,0
0046,09:30,570,0
0046,09:35,575,0
0046,09:40,580,0
0046,09:45,585,0
0046,09:50,590,0
0046,09:55,595,0
0046,10:00,600,0
0046,10:05,605,0
0046,10:10,610,0
0046,10:15,615,0
0046,10:20,620,0
0046,10:25,625,0
0046,10:30,630,0
0046,10:35,635,0
0046,10:40,640,0
0046,10:45,645,0
0046,10:50,650,0
0046,10:55,655,0
0046,11:00,660,0
0046,11:05,665,0
0046,11:10,670,0
0046,11:15,675,0
0046,11:20,680,0
0046,11:25,685,0
0046,11:30,690,0
0046,11:35,695,0
0046,11:40,700,0
0046,11:45,705,0
0046,11:50,710,0
0046,11:55,715,0
0046,12:00,720,0
0046,12:05,725,0
0046,12:10,730,0
0046,12:15,735,0
0046,12:20,740,0
0046,12:25,745,0
0046,12:30,750,0
0046,12:35,755,0
0046,12:40,760,0
0046,12:45,765,0
0046,12:50,770,0
0046,12:55,775,0
0046,13:00,780,0
0046,13:05,785,0
0046,13:10,790,0
0046,13:15,795,0
0046,13:20,800,0
0046,13:25,805,0
0046,13:30,810,0
0046,13:35,815,0
0046,13:40,820,0
0046,13:45,825,0
0046,13:50,830,0
0046,13:55,835,0
0046,14:00,840,0
0046,14:05,845,0
0046,14:10,850,-89
0046,14:15,855,-89
0046,14:20,860,-89
0046,14:25,865,-89
0046,14:30,870,-1067
0046,14:35,875,-1067
0046,14:40,880,-1067
0046,14:45,885,-1244
0046,14:50,890,-1244
0046,14:55,895,-1244
0046,15:00,900,-1244
0046,15:05,905,-1244
0046,15:10,910,-1244
0046,15:15,915,-1244
0046,15:20,920,-1244
0046,15:25,925,-1244
0046,15:30,930,-1956
0046,15:35,935,-1956
0046,15:40,940,-1956
0046,15:45,945,-1956
0046,15:50,950,-1956
0046,15:55,955,-1956
0046,16:00,960,-1956
0046,16:05,965,-1956
0046,16:10,970,-1956
0046,16:15,975,-1956
0046,16:20,980,-1956
0046,16:25,985,-1956
0046,16:30,990,-1956
0046,16:35,995,-1956
0046,16:40,1000,-1956
0046,16:45,1005,-1956
0046,16:50,1010,-1956
0046,16:55,1015,-1956
0046,17:00,1020,-1956
0046,17:05,1025,-1956
0046,17:10,1030,-1956
0046,17:15,1035,-1956
0046,17:20,1040,-1956
0046,17:25,1045,-1956
0046,17:30,1050,-800
0046,17:35,1055,-800
0046,17:40,1060,-800
0046,17:45,1065,-800
0046,17:50,1070,431
0046,17:55,1075,431
0046,18:00,1080,431
0046,18:05,1085,431
0046,18:10,1090,86
0046,18:15,1095,86
0046,18:20,1100,86
0046,18:25,1105,86
0046,18:30,1110,86
0046,18:35,1115,86
0046,18:40,1120,86
0046,18:45,1125,86
0046,18:50,1130,86
0046,18:55,1135,86
0046,19:00,1140,86
0046,19:05,1145,86
0046,19:10,1150,86
0046,19:15,1155,86
0046,19:20,1160,86
0046,19:25,1165,-1333
0046,19:30,1170,-1333
0046,19:35,1175,-1333
0046,19:40,1180,-1333
0046,19:45,1185,-1600
0046,19:50,1190,-1600
0046,19:55,1195,-1600
0046,20:00,1200,-1600
0046,20:05,1205,-1600
0046,20:10,1210,-1689
0046,20:15,1215,-1689
0046,20:20,1220,-1689
0046,20:25,1225,-1689
0046,20:30,1230,-1778
0046,20:35,1235,-1778
0046,20:40,1240,-1778
0046,20:45,1245,-1778
0046,20:50,1250,-1778
0046,20:55,1255,-1778
0046,21:00,1260,-1778
0046,21:05,1265,-1778
0046,21:10,1270,-1778
0046,21:15,1275,-1778
0046,21:20,1280,-1778
0046,21:25,1285,-1778
0046,21:30,1290,-1778
0046,21:35,1295,-1778
0046,21:40,1300,-1778
0046,21:45,1305,-1778
0046,21:50,1310,-1778
0046,21:55,1315,-1778
0046,22:00,1320,-1778
0046,22:05,1325,-1778
0046,22:10,1330,-1778
0046,22:15,1335,-1778
0046,22:20,1340,-1778
0046,22:25,1345,-1778
0046,22:30,1350,-2222
0046,22:35,1355,-2222
0046,22:40,1360,-2222
0046,22:45,1365,-2222
0046,22:50,1370,-2222
0046,22:55,1375,-2222
0046,23:00,1380,-2222
0046,23:05,1385,-2222
0046,23:10,1390,-2222
0046,23:15,1395,-2222
0046,23:16,1396,-2222
0046,23:20,1400,-2222
0047,09:00,540,0
0047,09:05,545,0
0047,09:10,550,0
0047,09:15,555,0
0047,09:20,560,0
0047,09:25,565,0
0047,09:30,570,0
0047,09:35,575,0
0047,09:40,580,0
0047,09:45,585,0
0047,09:50,590,0
0047,09:55,595,0
0047,10:00,600,0
0047,10:05,605,0
0047,10:10,610,0
0047,10:15,615,0
0047,10:20,620,0
0047,10:25,625,0
0047,10:30,630,0
0047,10:35,635,0
0047,10:40,640,0
0047,10:45,645,0
0047,10:50,650,0
0047,10:55,655,0
0047,11:00,660,0
0047,11:05,665,0
0047,11:10,670,0
0047,11:15,675,0
0047,11:20,680,0
0047,11:25,685,0
0047,11:30,690,0
0047,11:35,695,0
0047,11:40,700,0
0047,11:45,705,-711
0047,11:50,710,-711
0047,11:55,715,-711
0047,12:00,720,-711
0047,12:05,725,-1244
0047,12:10,730,-1244
0047,12:15,735,-1244
0047,12:20,740,-1244
0047,12:25,745,-1244
0047,12:30,750,-1244
0047,12:35,755,-1244
0047,12:40,760,-1244
0047,12:45,765,-1244
0047,12:50,770,-1244
0047,12:55,775,-1244
0047,13:00,780,-1244
0047,13:05,785,-1689
0047,13:10,790,-1689
0047,13:15,795,-1689
0047,13:20,800,-1689
0047,13:25,805,-3556
0047,13:30,810,-3556
0047,13:35,815,-3556
0047,13:40,820,-3556
0047,13:45,825,-3556
0047,13:50,830,-5156
0047,13:55,835,-5156
0047,14:00,840,-5156
0047,14:05,845,-5156
0047,14:10,850,-6400
0047,14:15,855,-6400
0047,14:20,860,-6400
0047,14:25,865,-6400
0047,14:30,870,-7289
0047,14:35,875,-7289
0047,14:40,880,-7289
0047,14:45,885,-8622
0047,14:50,890,-8622
0047,14:55,895,-8622
0047,15:00,900,-8622
0047,15:05,905,-8622
0047,15:10,910,-8889
0047,15:15,915,-8889
0047,15:20,920,-8889
0047,15:25,925,-8889
0047,15:30,930,-5689
0047,15:35,935,-5689
0047,15:40,940,-5689
0047,15:45,945,-6844
0047,15:50,950,-6844
0047,15:55,955,-6844
0047,16:00,960,-6844
0047,16:05,965,-6844
0047,16:10,970,-8178
0047,16:15,975,-8178
0047,16:20,980,-8178
0047,16:25,985,-8178
0047,16:30,990,-9778
0047,16:35,995,-9778
0047,16:40,1000,-9778
0047,16:45,1005,-9778
0047,16:50,1010,-9511
0047,16:55,1015,-9511
0047,17:00,1020,-9511
0047,17:05,1025,-10044
0047,17:10,1030,-10044
0047,17:15,1035,-10044
0047,17:20,1040,-10044
0047,17:25,1045,-10044
0047,17:30,1050,-9244
0047,17:35,1055,-9244
0047,17:40,1060,-9244
0047,17:45,1065,-9244
0047,17:50,1070,-6578
0047,17:55,1075,-6578
0047,18:00,1080,-6578
0047,18:05,1085,-6578
0047,18:10,1090,-6667
0047,18:15,1095,-6667
0047,18:20,1100,-6667
0047,18:25,1105,-6667
0047,18:30,1110,-6667
0047,18:35,1115,-6667
0047,18:40,1120,-6667
0047,18:45,1125,-6667
0047,18:50,1130,-6667
0047,18:55,1135,-6667
0047,19:00,1140,-6667
0047,19:05,1145,-6667
0047,19:10,1150,-6222
0047,19:15,1155,-6222
0047,19:20,1160,-6222
0047,19:25,1165,-7022
0047,19:30,1170,-7022
0047,19:35,1175,-7022
0047,19:40,1180,-7022
0047,19:45,1185,-7733
0047,19:50,1190,-7733
0047,19:55,1195,-7733
0047,20:00,1200,-7733
0047,20:05,1205,-7733
0047,20:10,1210,-7733
0047,20:15,1215,-7733
0047,20:20,1220,-7733
0047,20:25,1225,-7733
0047,20:30,1230,-8356
0047,20:35,1235,-8356
0047,20:40,1240,-8356
0047,20:45,1245,-8356
0047,20:50,1250,-8356
0047,20:55,1255,-8356
0047,21:00,1260,-8356
0047,21:05,1265,-8356
0047,21:10,1270,-8356
0047,21:15,1275,-8356
0047,21:20,1280,-8356
0047,21:25,1285,-8356
0047,21:30,1290,-8356
0047,21:35,1295,-8356
0047,21:40,1300,-8356
0047,21:45,1305,-8356
0047,21:50,1310,-8356
0047,21:55,1315,-8356
0047,22:00,1320,-8356
0047,22:05,1325,-8356
0047,22:10,1330,-8356
0047,22:15,1335,-8356
0047,22:20,1340,-8356
0047,22:25,1345,-8356
0047,22:30,1350,-8622
0047,22:35,1355,-8622
0047,22:40,1360,-8622
0047,22:45,1365,-8622
0047,22:50,1370,-8622
0047,22:55,1375,-8622
0047,23:00,1380,-8622
0047,23:05,1385,-8622
0047,23:10,1390,-8622
0047,23:15,1395,-8622
0047,23:16,1396,-8622
0047,23:20,1400,-8622
0048,09:00,540,0
0048,09:05,545,0
0048,09:10,550,0
0048,09:15,555,0
0048,09:20,560,0
0048,09:25,565,0
0048,09:30,570,0
0048,09:35,575,0
0048,09:40,580,0
0048,09:45,585,0
0048,09:50,590,0
0048,09:55,595,0
0048,10:00,600,0
0048,10:05,605,0
0048,10:10,610,0
0048,10:15,615,0
0048,10:20,620,0
0048,10:25,625,-889
0048,10:30,630,-889
0048,10:35,635,-889
0048,10:40,640,-1600
0048,10:45,645,-1600
0048,10:50,650,-1600
0048,10:55,655,-1600
0048,11:00,660,-1600
0048,11:05,665,-1600
0048,11:10,670,-1600
0048,11:15,675,-1600
0048,11:20,680,-1600
0048,11:25,685,-1600
0048,11:30,690,-3022
0048,11:35,695,-3022
0048,11:40,700,-3022
0048,11:45,705,-4267
0048,11:50,710,-4267
0048,11:55,715,-4267
0048,12:00,720,-4267
0048,12:05,725,-4622
0048,12:10,730,-4622
0048,12:15,735,-4622
0048,12:20,740,-4622
0048,12:25,745,-4622
0048,12:30,750,-6222
0048,12:35,755,-6222
0048,12:40,760,-6222
0048,12:45,765,-6222
0048,12:50,770,-7644
0048,12:55,775,-7644
0048,13:00,780,-7644
0048,13:05,785,-7822
0048,13:10,790,-7822
0048,13:15,795,-7822
0048,13:20,800,-7822
0048,13:25,805,-7822
0048,13:30,810,-7822
0048,13:35,815,-7822
0048,13:40,820,-7822
0048,13:45,825,-7822
0048,13:50,830,-5156
0048,13:55,835,-5156
0048,14:00,840,-5156
0048,14:05,845,-5156
0048,14:10,850,1207
0048,14:15,855,1207
0048,14:20,860,1207
0048,14:25,865,1207
0048,14:30,870,7586
0048,14:35,875,7586
0048,14:40,880,7586
0048,14:45,885,15517
0048,14:50,890,15517
0048,14:55,895,15517
0048,15:00,900,15517
0048,15:05,905,15517
0048,15:10,910,18276
0048,15:15,915,18276
0048,15:20,920,18276
0048,15:25,925,18276
0048,15:30,930,18276
0048,15:35,935,18276
0048,15:40,940,18276
0048,15:45,945,18276
0048,15:50,950,18276
0048,15:55,955,18276
0048,16:00,960,18276
0048,16:05,965,18276
0048,16:10,970,18276
0048,16:15,975,18276
0048,16:20,980,18276
0048,16:25,985,18276
0048,16:30,990,17759
0048,16:35,995,17759
0048,16:40,1000,17759
0048,16:45,1005,17759
0048,16:50,1010,16379
0048,16:55,1015,16379
0048,17:00,1020,16379
0048,17:05,1025,15172
0048,17:10,1030,15172
0048,17:15,1035,15172
0048,17:20,1040,15172
0048,17:25,1045,15172
0048,17:30,1050,14483
0048,17:35,1055,14483
0048,17:40,1060,14483
0048,17:45,1065,14483
0048,17:50,1070,14483
0048,17:55,1075,14483
0048,18:00,1080,14483
0048,18:05,1085,14483
0048,18:10,1090,14483
0048,18:15,1095,14483
0048,18:20,1100,14483
0048,18:25,1105,14310
0048,18:30,1110,14310
0048,18:35,1115,14310
0048,18:40,1120,14310
0048,18:45,1125,14310
0048,18:50,1130,13793
0048,18:55,1135,13793
0048,19:00,1140,13793
0048,19:05,1145,13793
0048,19:10,1150,13793
0048,19:15,1155,13793
0048,19:20,1160,13793
0048,19:25,1165,13793
0048,19:30,1170,13793
0048,19:35,1175,13793
0048,19:40,1180,13793
0048,19:45,1185,13793
0048,19:50,1190,13793
0048,19:55,1195,13793
0048,20:00,1200,13793
0048,20:05,1205,13793
0048,20:10,1210,13793
0048,20:15,1215,13793
0048,20:20,1220,13793
0048,20:25,1225,13793
0048,20:30,1230,13103
0048,20:35,1235,13103
0048,20:40,1240,13103
0048,20:45,1245,11552
0048,20:50,1250,11552
0048,20:55,1255,11552
0048,21:00,1260,11552
0048,21:05,1265,11552
0048,21:10,1270,10345
0048,21:15,1275,10345
0048,21:20,1280,10345
0048,21:25,1285,10345
0048,21:30,1290,9655
0048,21:35,1295,9655
0048,21:40,1300,9655
0048,21:45,1305,9655
0048,21:50,1310,9655
0048,21:55,1315,9655
0048,22:00,1320,9655
0048,22:05,1325,9655
0048,22:10,1330,9655
0048,22:15,1335,9655
0048,22:20,1340,9655
0048,22:25,1345,9655
0048,22:30,1350,9655
0048,22:35,1355,9655
0048,22:40,1360,9655
0048,22:45,1365,9655
0048,22:50,1370,9655
0048,22:55,1375,9655
0048,23:00,1380,9655
0048,23:05,1385,9655
0048,23:10,1390,9655
0048,23:15,1395,9655
0048,23:16,1396,9655
0048,23:20,1400,9655
0049,09:00,540,0
0049,09:05,545,0
0049,09:10,550,0
0049,09:15,555,0
0049,09:20,560,0
0049,09:25,565,0
0049,09:30,570,0
0049,09:35,575,0
0049,09:40,580,0
0049,09:45,585,0
0049,09:50,590,0
0049,09:55,595,0
0049,10:00,600,0
0049,10:05,605,0
0049,10:10,610,0
0049,10:15,615,0
0049,10:20,620,0
0049,10:25,625,0
0049,10:30,630,0
0049,10:35,635,0
0049,10:40,640,0
0049,10:45,645,0
0049,10:50,650,0
0049,10:55,655,0
0049,11:00,660,0
0049,11:05,665,0
0049,11:10,670,0
0049,11:15,675,0
0049,11:20,680,0
0049,11:25,685,0
0049,11:30,690,-1067
0049,11:35,695,-1067
0049,11:40,700,-1067
0049,11:45,705,-1333
0049,11:50,710,-1333
0049,11:55,715,-1333
0049,12:00,720,-1333
0049,12:05,725,-1333
0049,12:10,730,-1333
0049,12:15,735,-1333
0049,12:20,740,-1333
0049,12:25,745,-1333
0049,12:30,750,-1333
0049,12:35,755,-1333
0049,12:40,760,-1333
0049,12:45,765,-1333
0049,12:50,770,-1956
0049,12:55,775,-1956
0049,13:00,780,-1956
0049,13:05,785,-1956
0049,13:10,790,-1956
0049,13:15,795,-1956
0049,13:20,800,-1956
0049,13:25,805,-1956
0049,13:30,810,-1956
0049,13:35,815,-1956
0049,13:40,820,-1956
0049,13:45,825,-1956
0049,13:50,830,-1511
0049,13:55,835,-1511
0049,14:00,840,-1511
0049,14:05,845,-1511
0049,14:10,850,-622
0049,14:15,855,-622
0049,14:20,860,-622
0049,14:25,865,-622
0049,14:30,870,-2222
0049,14:35,875,-2222
0049,14:40,880,-2222
0049,14:45,885,-3644
0049,14:50,890,-3644
0049,14:55,895,-3644
0049,15:00,900,-3644
0049,15:05,905,-3644
0049,15:10,910,-4178
0049,15:15,915,-4178
0049,15:20,920,-4178
0049,15:25,925,-4178
0049,15:30,930,-4267
0049,15:35,935,-4267
0049,15:40,940,-4267
0049,15:45,945,-4711
0049,15:50,950,-4711
0049,15:55,955,-4711
0049,16:00,960,-4711
0049,16:05,965,-4711
0049,16:10,970,-533
0049,16:15,975,-533
0049,16:20,980,-533
0049,16:25,985,-533
0049,16:30,990,-1333
0049,16:35,995,-1333
0049,16:40,1000,-1333
0049,16:45,1005,-1333
0049,16:50,1010,-2222
0049,16:55,1015,-2222
0049,17:00,1020,-2222
0049,17:05,1025,-3467
0049,17:10,1030,-3467
0049,17:15,1035,-3467
0049,17:20,1040,-3467
0049,17:25,1045,-3467
0049,17:30,1050,-4267
0049,17:35,1055,-4267
0049,17:40,1060,-4267
0049,17:45,1065,-4267
0049,17:50,1070,-4267
0049,17:55,1075,-4267
0049,18:00,1080,-4267
0049,18:05,1085,-4267
0049,18:10,1090,-4800
0049,18:15,1095,-4800
0049,18:20,1100,-4800
0049,18:25,1105,-4800
0049,18:30,1110,-4800
0049,18:35,1115,-4800
0049,18:40,1120,-4800
0049,18:45,1125,-4800
0049,18:50,1130,-5156
0049,18:55,1135,-5156
0049,19:00,1140,-5156
0049,19:05,1145,-5156
0049,19:10,1150,-5689
0049,19:15,1155,-5689
0049,19:20,1160,-5689
0049,19:25,1165,-7111
0049,19:30,1170,-7111
0049,19:35,1175,-7111
0049,19:40,1180,-7111
0049,19:45,1185,-7378
0049,19:50,1190,-7378
0049,19:55,1195,-7378
0049,20:00,1200,-7378
0049,20:05,1205,-7378
0049,20:10,1210,-7378
0049,20:15,1215,-7378
0049,20:20,1220,-7378
0049,20:25,1225,-7378
0049,20:30,1230,-7378
0049,20:35,1235,-7378
0049,20:40,1240,-7378
0049,20:45,1245,-7378
0049,20:50,1250,-7378
0049,20:55,1255,-7378
0049,21:00,1260,-7378
0049,21:05,1265,-7378
0049,21:10,1270,-7378
0049,21:15,1275,-7378
0049,21:20,1280,-7378
0049,21:25,1285,-7378
0049,21:30,1290,-6667
0049,21:35,1295,-6667
0049,21:40,1300,-6667
0049,21:45,1305,-7022
0049,21:50,1310,-7022
0049,21:55,1315,-7022
0049,22:00,1320,-7022
0049,22:05,1325,-7111
0049,22:10,1330,-7111
0049,22:15,1335,-7111
0049,22:20,1340,-7111
0049,22:25,1345,-7111
0049,22:30,1350,-7111
0049,22:35,1355,-7111
0049,22:40,1360,-7111
0049,22:45,1365,-7111
0049,22:50,1370,-7111
0049,22:55,1375,-7111
0049,23:00,1380,-7111
0049,23:05,1385,-7111
0049,23:10,1390,-7111
0049,23:15,1395,-7111
0049,23:16,1396,-7111
0049,23:20,1400,-7111
0050,09:00,540,0
0050,09:05,545,0
0050,09:10,550,0
0050,09:15,555,0
0050,09:20,560,0
0050,09:25,565,0
0050,09:30,570,0
0050,09:35,575,0
0050,09:40,580,0
0050,09:45,585,0
0050,09:50,590,0
0050,09:55,595,0
0050,10:00,600,0
0050,10:05,605,0
0050,10:10,610,0
0050,10:15,615,0
0050,10:20,620,0
0050,10:25,625,0
0050,10:30,630,0
0050,10:35,635,0
0050,10:40,640,0
0050,10:45,645,0
0050,10:50,650,0
0050,10:55,655,0
0050,11:00,660,0
0050,11:05,665,0
0050,11:10,670,0
0050,11:15,675,0
0050,11:20,680,0
0050,11:25,685,0
0050,11:30,690,-89
0050,11:35,695,-89
0050,11:40,700,-89
0050,11:45,705,-356
0050,11:50,710,-356
0050,11:55,715,-356
0050,12:00,720,-356
0050,12:05,725,-1689
0050,12:10,730,-1689
0050,12:15,735,-1689
0050,12:20,740,-1689
0050,12:25,745,-1689
0050,12:30,750,-2844
0050,12:35,755,-2844
0050,12:40,760,-2844
0050,12:45,765,-2844
0050,12:50,770,-2400
0050,12:55,775,-2400
0050,13:00,780,-2400
0050,13:05,785,-1956
0050,13:10,790,-1956
0050,13:15,795,-1956
0050,13:20,800,-1956
0050,13:25,805,-1689
0050,13:30,810,-1689
0050,13:35,815,-1689
0050,13:40,820,-1689
0050,13:45,825,-1689
0050,13:50,830,-3200
0050,13:55,835,-3200
0050,14:00,840,-3200
0050,14:05,845,-3200
0050,14:10,850,-4444
0050,14:15,855,-4444
0050,14:20,860,-4444
0050,14:25,865,-4444
0050,14:30,870,-4533
0050,14:35,875,-4533
0050,14:40,880,-4533
0050,14:45,885,-4533
0050,14:50,890,-4533
0050,14:55,895,-4533
0050,15:00,900,-4533
0050,15:05,905,-4533
0050,15:10,910,-4533
0050,15:15,915,-4533
0050,15:20,920,-4533
0050,15:25,925,-4533
0050,15:30,930,-5778
0050,15:35,935,-5778
0050,15:40,940,-5778
0050,15:45,945,-3733
0050,15:50,950,-3733
0050,15:55,955,-3733
0050,16:00,960,-3733
0050,16:05,965,-3733
0050,16:10,970,-4533
0050,16:15,975,-4533
0050,16:20,980,-4533
0050,16:25,985,-4533
0050,16:30,990,-6044
0050,16:35,995,-6044
0050,16:40,1000,-6044
0050,16:45,1005,-6044
0050,16:50,1010,-6578
0050,16:55,1015,-6578
0050,17:00,1020,-6578
0050,17:05,1025,-6578
0050,17:10,1030,-6578
0050,17:15,1035,-6578
0050,17:20,1040,-6578
0050,17:25,1045,-6578
0050,17:30,1050,-7467
0050,17:35,1055,-7467
0050,17:40,1060,-7467
0050,17:45,1065,-7467
0050,17:50,1070,-7556
0050,17:55,1075,-7556
0050,18:00,1080,-7556
0050,18:05,1085,-7556
0050,18:10,1090,-7822
0050,18:15,1095,-7822
0050,18:20,1100,-7822
0050,18:25,1105,-8356
0050,18:30,1110,-8356
0050,18:35,1115,-8356
0050,18:40,1120,-8356
0050,18:45,1125,-8356
0050,18:50,1130,-8800
0050,18:55,1135,-8800
0050,19:00,1140,-8800
0050,19:05,1145,-8800
0050,19:10,1150,-8800
0050,19:15,1155,-8800
0050,19:20,1160,-8800
0050,19:25,1165,-8800
0050,19:30,1170,-8800
0050,19:35,1175,-8800
0050,19:40,1180,-8800
0050,19:45,1185,-9333
0050,19:50,1190,-9333
0050,19:55,1195,-9333
0050,20:00,1200,-9333
0050,20:05,1205,-9333
0050,20:10,1210,-9422
0050,20:15,1215,-9422
0050,20:20,1220,-9422
0050,20:25,1225,-9422
0050,20:30,1230,-9422
0050,20:35,1235,-9422
0050,20:40,1240,-9422
0050,20:45,1245,-9422
0050,20:50,1250,-9422
0050,20:55,1255,-9422
0050,21:00,1260,-9422
0050,21:05,1265,-9422
0050,21:10,1270,-9422
0050,21:15,1275,-9422
0050,21:20,1280,-9422
0050,21:25,1285,-9422
0050,21:30,1290,-9422
0050,21:35,1295,-9422
0050,21:40,1300,-9422
0050,21:45,1305,-9422
0050,21:50,1310,-9422
0050,21:55,1315,-9422
0050,22:00,1320,-9422
0050,22:05,1325,-9422
0050,22:10,1330,-9422
0050,22:15,1335,-9422
0050,22:20,1340,-9422
0050,22:25,1345,-9422
0050,22:30,1350,-9422
0050,22:35,1355,-9422
0050,22:40,1360,-9422
0050,22:45,1365,-9422
0050,22:50,1370,-9422
0050,22:55,1375,-9422
0050,23:00,1380,-9422
0050,23:05,1385,-9422
0050,23:10,1390,-9422
0050,23:15,1395,-9422
0050,23:16,1396,-9422
0050,23:20,1400,-9422
0051,09:00,540,0
0051,09:05,545,0
0051,09:10,550,0
0051,09:15,555,0
0051,09:20,560,0
0051,09:25,565,0
0051,09:30,570,0
0051,09:35,575,0
0051,09:40,580,0
0051,09:45,585,0
0051,09:50,590,0
0051,09:55,595,0
0051,10:00,600,0
0051,10:05,605,0
0051,10:10,610,0
0051,10:15,615,0
0051,10:20,620,0
0051,10:25,625,0
0051,10:30,630,0
0051,10:35,635,0
0051,10:40,640,0
0051,10:45,645,0
0051,10:50,650,0
0051,10:55,655,0
0051,11:00,660,0
0051,11:05,665,0
0051,11:10,670,0
0051,11:15,675,0
0051,11:20,680,0
0051,11:25,685,0
0051,11:30,690,172
0051,11:35,695,172
0051,11:40,700,172
0051,11:45,705,-1422
0051,11:50,710,-1422
0051,11:55,715,-1422
0051,12:00,720,-1422
0051,12:05,725,-2844
0051,12:10,730,-2844
0051,12:15,735,-2844
0051,12:20,740,-2844
0051,12:25,745,-2844
0051,12:30,750,-3644
0051,12:35,755,-3644
0051,12:40,760,-3644
0051,12:45,765,-3644
0051,12:50,770,1552
0051,12:55,775,1552
0051,13:00,780,1552
0051,13:05,785,4828
0051,13:10,790,4828
0051,13:15,795,4828
0051,13:20,800,4828
0051,13:25,805,6897
0051,13:30,810,6897
0051,13:35,815,6897
0051,13:40,820,6897
0051,13:45,825,6897
0051,13:50,830,6897
0051,13:55,835,6897
0051,14:00,840,6897
0051,14:05,845,6897
0051,14:10,850,6897
0051,14:15,855,6897
0051,14:20,860,6897
0051,14:25,865,6897
0051,14:30,870,5345
0051,14:35,875,5345
0051,14:40,880,5345
0051,14:45,885,3879
0051,14:50,890,3879
0051,14:55,895,3879
0051,15:00,900,3879
0051,15:05,905,3879
0051,15:10,910,2672
0051,15:15,915,2672
0051,15:20,920,2672
0051,15:25,925,2672
0051,15:30,930,2155
0051,15:35,935,2155
0051,15:40,940,2155
0051,15:45,945,1552
0051,15:50,950,1552
0051,15:55,955,1552
0051,16:00,960,1552
0051,16:05,965,1552
0051,16:10,970,862
0051,16:15,975,862
0051,16:20,980,862
0051,16:25,985,862
0051,16:30,990,1552
0051,16:35,995,1552
0051,16:40,1000,1552
0051,16:45,1005,1552
0051,16:50,1010,690
0051,16:55,1015,690
0051,17:00,1020,690
0051,17:05,1025,-89
0051,17:10,1030,-89
0051,17:15,1035,-89
0051,17:20,1040,-89
0051,17:25,1045,-89
0051,17:30,1050,-356
0051,17:35,1055,-356
0051,17:40,1060,-356
0051,17:45,1065,-356
0051,17:50,1070,-1067
0051,17:55,1075,-1067
0051,18:00,1080,-1067
0051,18:05,1085,-1067
0051,18:10,1090,-1067
0051,18:15,1095,-1067
0051,18:20,1100,-1067
0051,18:25,1105,-1600
0051,18:30,1110,-1600
0051,18:35,1115,-1600
0051,18:40,1120,-1600
0051,18:45,1125,-1600
0051,18:50,1130,-2756
0051,18:55,1135,-2756
0051,19:00,1140,-2756
0051,19:05,1145,-2756
0051,19:10,1150,-3200
0051,19:15,1155,-3200
0051,19:20,1160,-3200
0051,19:25,1165,-3200
0051,19:30,1170,-3200
0051,19:35,1175,-3200
0051,19:40,1180,-3200
0051,19:45,1185,-3378
0051,19:50,1190,-3378
0051,19:55,1195,-3378
0051,20:00,1200,-3378
0051,20:05,1205,-3378
0051,20:10,1210,-3467
0051,20:15,1215,-3467
0051,20:20,1220,-3467
0051,20:25,1225,-3467
0051,20:30,1230,-3733
0051,20:35,1235,-3733
0051,20:40,1240,-3733
0051,20:45,1245,-1689
0051,20:50,1250,-1689
0051,20:55,1255,-1689
0051,21:00,1260,-1689
0051,21:05,1265,-1689
0051,21:10,1270,2069
0051,21:15,1275,2069
0051,21:20,1280,2069
0051,21:25,1285,2069
0051,21:30,1290,5690
0051,21:35,1295,5690
0051,21:40,1300,5690
0051,21:45,1305,5431
0051,21:50,1310,5431
0051,21:55,1315,5431
0051,22:00,1320,5431
0051,22:05,1325,5431
0051,22:10,1330,5431
0051,22:15,1335,5431
0051,22:20,1340,5431
0051,22:25,1345,5431
0051,22:30,1350,5431
0051,22:35,1355,5431
0051,22:40,1360,5431
0051,22:45,1365,5431
0051,22:50,1370,5431
0051,22:55,1375,5431
0051,23:00,1380,5431
0051,23:05,1385,5431
0051,23:10,1390,5431
0051,23:15,1395,5431
0051,23:16,1396,5431
0051,23:20,1400,5431
0052,09:00,540,0
0052,09:05,545,0
0052,09:10,550,0
0052,09:15,555,0
0052,09:20,560,0
0052,09:25,565,0
0052,09:30,570,0
0052,09:35,575,0
0052,09:40,580,0
0052,09:45,585,0
0052,09:50,590,0
0052,09:55,595,0
0052,10:00,600,0
0052,10:05,605,0
0052,10:10,610,0
0052,10:15,615,0
0052,10:20,620,0
0052,10:25,625,0
0052,10:30,630,0
0052,10:35,635,0
0052,10:40,640,0
0052,10:45,645,0
0052,10:50,650,0
0052,10:55,655,0
0052,11:00,660,0
0052,11:05,665,0
0052,11:10,670,0
0052,11:15,675,0
0052,11:20,680,0
0052,11:25,685,0
0052,11:30,690,0
0052,11:35,695,0
0052,11:40,700,0
0052,11:45,705,0
0052,11:50,710,0
0052,11:55,715,0
0052,12:00,720,0
0052,12:05,725,0
0052,12:10,730,0
0052,12:15,735,0
0052,12:20,740,0
0052,12:25,745,0
0052,12:30,750,0
0052,12:35,755,0
0052,12:40,760,0
0052,12:45,765,0
0052,12:50,770,0
0052,12:55,775,0
0052,13:00,780,0
0052,13:05,785,-622
0052,13:10,790,-622
0052,13:15,795,-622
0052,13:20,800,-622
0052,13:25,805,-622
0052,13:30,810,-622
0052,13:35,815,-622
0052,13:40,820,-622
0052,13:45,825,-622
0052,13:50,830,-622
0052,13:55,835,-622
0052,14:00,840,-622
0052,14:05,845,-622
0052,14:10,850,-622
0052,14:15,855,-622
0052,14:20,860,-622
0052,14:25,865,-622
0052,14:30,870,-1867
0052,14:35,875,-1867
0052,14:40,880,-1867
0052,14:45,885,-3200
0052,14:50,890,-3200
0052,14:55,895,-3200
0052,15:00,900,-3200
0052,15:05,905,-3200
0052,15:10,910,-4533
0052,15:15,915,-4533
0052,15:20,920,-4533
0052,15:25,925,-4533
0052,15:30,930,-5689
0052,15:35,935,-5689
0052,15:40,940,-5689
0052,15:45,945,-6400
0052,15:50,950,-6400
0052,15:55,955,-6400
0052,16:00,960,-6400
0052,16:05,965,-6400
0052,16:10,970,-7289
0052,16:15,975,-7289
0052,16:20,980,-7289
0052,16:25,985,-7289
0052,16:30,990,-2489
0052,16:35,995,-2489
0052,16:40,1000,-2489
0052,16:45,1005,-2489
0052,16:50,1010,2931
0052,16:55,1015,2931
0052,17:00,1020,2931
0052,17:05,1025,2931
0052,17:10,1030,2931
0052,17:15,1035,2931
0052,17:20,1040,2931
0052,17:25,1045,2931
0052,17:30,1050,2586
0052,17:35,1055,2586
0052,17:40,1060,2586
0052,17:45,1065,2586
0052,17:50,1070,2586
0052,17:55,1075,2586
0052,18:00,1080,2586
0052,18:05,1085,2586
0052,18:10,1090,2586
0052,18:15,1095,2586
0052,18:20,1100,2586
0052,18:25,1105,2586
0052,18:30,1110,2586
0052,18:35,1115,2586
0052,18:40,1120,2586
0052,18:45,1125,2586
0052,18:50,1130,2586
0052,18:55,1135,2586
0052,19:00,1140,2586
0052,19:05,1145,2586
0052,19:10,1150,2586
0052,19:15,1155,2586
0052,19:20,1160,2586
0052,19:25,1165,2586
0052,19:30,1170,2586
0052,19:35,1175,2586
0052,19:40,1180,2586
0052,19:45,1185,2586
0052,19:50,1190,2586
0052,19:55,1195,2586
0052,20:00,1200,2586
0052,20:05,1205,2586
0052,20:10,1210,2414
0052,20:15,1215,2414
0052,20:20,1220,2414
0052,20:25,1225,2414
0052,20:30,1230,2414
0052,20:35,1235,2414
0052,20:40,1240,2414
0052,20:45,1245,2414
0052,20:50,1250,2414
0052,20:55,1255,2414
0052,21:00,1260,2414
0052,21:05,1265,2414
0052,21:10,1270,2414
0052,21:15,1275,2414
0052,21:20,1280,2414
0052,21:25,1285,2414
0052,21:30,1290,2414
0052,21:35,1295,2414
0052,21:40,1300,2414
0052,21:45,1305,2414
0052,21:50,1310,2414
0052,21:55,1315,2414
0052,22:00,1320,2414
0052,22:05,1325,2414
0052,22:10,1330,2414
0052,22:15,1335,2414
0052,22:20,1340,2414
0052,22:25,1345,2414
0052,22:30,1350,2414
0052,22:35,1355,2414
0052,22:40,1360,2414
0052,22:45,1365,2414
0052,22:50,1370,2414
0052,22:55,1375,2414
0052,23:00,1380,2414
0052,23:05,1385,2414
0052,23:10,1390,2414
0052,23:15,1395,2414
0052,23:16,1396,2414
0052,23:20,1400,2414
0053,09:00,540,0
0053,09:05,545,0
0053,09:10,550,0
0053,09:15,555,0
0053,09:20,560,0
0053,09:25,565,0
0053,09:30,570,0
0053,09:35,575,0
0053,09:40,580,0
0053,09:45,585,0
0053,09:50,590,0
0053,09:55,595,0
0053,10:00,600,0
0053,10:05,605,0
0053,10:10,610,0
0053,10:15,615,0
0053,10:20,620,0
0053,10:25,625,0
0053,10:30,630,0
0053,10:35,635,0
0053,10:40,640,0
0053,10:45,645,0
0053,10:50,650,0
0053,10:55,655,0
0053,11:00,660,0
0053,11:05,665,0
0053,11:10,670,0
0053,11:15,675,0
0053,11:20,680,0
0053,11:25,685,0
0053,11:30,690,-340
0053,11:35,695,-340
0053,11:40,700,-340
0053,11:45,705,-1532
0053,11:50,710,-1532
0053,11:55,715,-1532
0053,12:00,720,-1532
0053,12:05,725,-2723
0053,12:10,730,-2723
0053,12:15,735,-2723
0053,12:20,740,-2723
0053,12:25,745,-2723
0053,12:30,750,-4085
0053,12:35,755,-4085
0053,12:40,760,-4085
0053,12:45,765,-4085
0053,12:50,770,-5447
0053,12:55,775,-5447
0053,13:00,780,-5447
0053,13:05,785,-6638
0053,13:10,790,-6638
0053,13:15,795,-6638
0053,13:20,800,-6638
0053,13:25,805,-6638
0053,13:30,810,-6638
0053,13:35,815,-6638
0053,13:40,820,-6638
0053,13:45,825,-6638
0053,13:50,830,-6638
0053,13:55,835,-6638
0053,14:00,840,-6638
0053,14:05,845,-6638
0053,14:10,850,-8000
0053,14:15,855,-8000
0053,14:20,860,-8000
0053,14:25,865,-8000
0053,14:30,870,-9362
0053,14:35,875,-9362
0053,14:40,880,-9362
0053,14:45,885,-8851
0053,14:50,890,-8851
0053,14:55,895,-8851
0053,15:00,900,-8851
0053,15:05,905,-8851
0053,15:10,910,-10043
0053,15:15,915,-10043
0053,15:20,920,-10043
0053,15:25,925,-10043
0053,15:30,930,-11064
0053,15:35,935,-11064
0053,15:40,940,-11064
0053,15:45,945,-10553
0053,15:50,950,-10553
0053,15:55,955,-10553
0053,16:00,960,-10553
0053,16:05,965,-10553
0053,16:10,970,-11574
0053,16:15,975,-11574
0053,16:20,980,-11574
0053,16:25,985,-11574
0053,16:30,990,-8170
0053,16:35,995,-8170
0053,16:40,1000,-8170
0053,16:45,1005,-8170
0053,16:50,1010,-2723
0053,16:55,1015,-2723
0053,17:00,1020,-2723
0053,17:05,1025,165
0053,17:10,1030,165
0053,17:15,1035,165
0053,17:20,1040,165
0053,17:25,1045,165
0053,17:30,1050,2314
0053,17:35,1055,2314
0053,17:40,1060,2314
0053,17:45,1065,2314
0053,17:50,1070,8099
0053,17:55,1075,8099
0053,18:00,1080,8099
0053,18:05,1085,8099
0053,18:10,1090,13719
0053,18:15,1095,13719
0053,18:20,1100,13719
0053,18:25,1105,15537
0053,18:30,1110,15537
0053,18:35,1115,15537
0053,18:40,1120,15537
0053,18:45,1125,15537
0053,18:50,1130,15537
0053,18:55,1135,15537
0053,19:00,1140,15537
0053,19:05,1145,15537
0053,19:10,1150,15537
0053,19:15,1155,15537
0053,19:20,1160,15537
0053,19:25,1165,15537
0053,19:30,1170,15537
0053,19:35,1175,15537
0053,19:40,1180,15537
0053,19:45,1185,15041
0053,19:50,1190,15041
0053,19:55,1195,15041
0053,20:00,1200,15041
0053,20:05,1205,15041
0053,20:10,1210,14711
0053,20:15,1215,14711
0053,20:20,1220,14711
0053,20:25,1225,14711
0053,20:30,1230,14711
0053,20:35,1235,14711
0053,20:40,1240,14711
0053,20:45,1245,14711
0053,20:50,1250,14711
0053,20:55,1255,14711
0053,21:00,1260,14711
0053,21:05,1265,14711
0053,21:10,1270,14711
0053,21:15,1275,14711
0053,21:20,1280,14711
0053,21:25,1285,14711
0053,21:30,1290,14711
0053,21:35,1295,14711
0053,21:40,1300,14711
0053,21:45,1305,14711
0053,21:50,1310,14711
0053,21:55,1315,14711
0053,22:00,1320,14711
0053,22:05,1325,14711
0053,22:10,1330,14711
0053,22:15,1335,14711
0053,22:20,1340,14711
0053,22:25,1345,14711
0053,22:30,1350,14711
0053,22:35,1355,14711
0053,22:40,1360,14711
0053,22:45,1365,14711
0053,22:50,1370,14711
0053,22:55,1375,14711
0053,23:00,1380,14711
0053,23:05,1385,14711
0053,23:10,1390,14711
0053,23:15,1395,14711
0053,23:16,1396,14711
0053,23:20,1400,14711
0054,09:00,540,0
0054,09:05,545,0
0054,09:10,550,0
0054,09:15,555,0
0054,09:20,560,0
0054,09:25,565,0
0054,09:30,570,0
0054,09:35,575,0
0054,09:40,580,0
0054,09:45,585,0
0054,09:50,590,0
0054,09:55,595,0
0054,10:00,600,0
0054,10:05,605,0
0054,10:10,610,-178
0054,10:15,615,-178
0054,10:20,620,-178
0054,10:25,625,-711
0054,10:30,630,-711
0054,10:35,635,-711
0054,10:40,640,-711
0054,10:45,645,-711
0054,10:50,650,-711
0054,10:55,655,-711
0054,11:00,660,-711
0054,11:05,665,-711
0054,11:10,670,-711
0054,11:15,675,-711
0054,11:20,680,-711
0054,11:25,685,-711
0054,11:30,690,-1600
0054,11:35,695,-1600
0054,11:40,700,-1600
0054,11:45,705,-3200
0054,11:50,710,-3200
0054,11:55,715,-3200
0054,12:00,720,-3200
0054,12:05,725,-4444
0054,12:10,730,-4444
0054,12:15,735,-4444
0054,12:20,740,-4444
0054,12:25,745,-4444
0054,12:30,750,-4978
0054,12:35,755,-4978
0054,12:40,760,-4978
0054,12:45,765,-4978
0054,12:50,770,-5333
0054,12:55,775,-5333
0054,13:00,780,-5333
0054,13:05,785,-6400
0054,13:10,790,-6400
0054,13:15,795,-6400
0054,13:20,800,-6400
0054,13:25,805,-4978
0054,13:30,810,-4978
0054,13:35,815,-4978
0054,13:40,820,-4978
0054,13:45,825,-4978
0054,13:50,830,-3733
0054,13:55,835,-3733
0054,14:00,840,-3733
0054,14:05,845,-3733
0054,14:10,850,-4978
0054,14:15,855,-4978
0054,14:20,860,-4978
0054,14:25,865,-4978
0054,14:30,870,-6400
0054,14:35,875,-6400
0054,14:40,880,-6400
0054,14:45,885,-2311
0054,14:50,890,-2311
0054,14:55,895,-2311
0054,15:00,900,-2311
0054,15:05,905,-2311
0054,15:10,910,-3022
0054,15:15,915,-3022
0054,15:20,920,-3022
0054,15:25,925,-3022
0054,15:30,930,-2844
0054,15:35,935,-2844
0054,15:40,940,-2844
0054,15:45,945,1207
0054,15:50,950,1207
0054,15:55,955,1207
0054,16:00,960,1207
0054,16:05,965,1207
0054,16:10,970,517
0054,16:15,975,517
0054,16:20,980,517
0054,16:25,985,517
0054,16:30,990,-1067
0054,16:35,995,-1067
0054,16:40,1000,-1067
0054,16:45,1005,-1067
0054,16:50,1010,-1778
0054,16:55,1015,-1778
0054,17:00,1020,-1778
0054,17:05,1025,-2311
0054,17:10,1030,-2311
0054,17:15,1035,-2311
0054,17:20,1040,-2311
0054,17:25,1045,-2311
0054,17:30,1050,-3022
0054,17:35,1055,-3022
0054,17:40,1060,-3022
0054,17:45,1065,-3022
0054,17:50,1070,-4622
0054,17:55,1075,-4622
0054,18:00,1080,-4622
0054,18:05,1085,-4622
0054,18:10,1090,-5867
0054,18:15,1095,-5867
0054,18:20,1100,-5867
0054,18:25,1105,-5867
0054,18:30,1110,-5867
0054,18:35,1115,-5867
0054,18:40,1120,-5867
0054,18:45,1125,-5867
0054,18:50,1130,-6222
0054,18:55,1135,-6222
0054,19:00,1140,-6222
0054,19:05,1145,-6222
0054,19:10,1150,-7289
0054,19:15,1155,-7289
0054,19:20,1160,-7289
0054,19:25,1165,-9067
0054,19:30,1170,-9067
0054,19:35,1175,-9067
0054,19:40,1180,-9067
0054,19:45,1185,-10844
0054,19:50,1190,-10844
0054,19:55,1195,-10844
0054,20:00,1200,-10844
0054,20:05,1205,-10844
0054,20:10,1210,-11378
0054,20:15,1215,-11378
0054,20:20,1220,-11378
0054,20:25,1225,-11378
0054,20:30,1230,-12978
0054,20:35,1235,-12978
0054,20:40,1240,-12978
0054,20:45,1245,-14222
0054,20:50,1250,-14222
0054,20:55,1255,-14222
0054,21:00,1260,-14222
0054,21:05,1265,-14222
0054,21:10,1270,-14756
0054,21:15,1275,-14756
0054,21:20,1280,-14756
0054,21:25,1285,-14756
0054,21:30,1290,-14756
0054,21:35,1295,-14756
0054,21:40,1300,-14756
0054,21:45,1305,-14756
0054,21:50,1310,-14756
0054,21:55,1315,-14756
0054,22:00,1320,-14756
0054,22:05,1325,-14756
0054,22:10,1330,-14756
0054,22:15,1335,-14756
0054,22:20,1340,-14756
0054,22:25,1345,-14756
0054,22:30,1350,-14756
0054,22:35,1355,-14756
0054,22:40,1360,-14756
0054,22:45,1365,-14756
0054,22:50,1370,-14756
0054,22:55,1375,-14756
0054,23:00,1380,-14756
0054,23:05,1385,-14756
0054,23:10,1390,-14756
0054,23:15,1395,-14756
0054,23:16,1396,-14756
0054,23:20,1400,-14756
0055,09:00,540,0
0055,09:05,545,0
0055,09:10,550,0
0055,09:15,555,0
0055,09:20,560,0
0055,09:25,565,0
0055,09:30,570,0
0055,09:35,575,0
0055,09:40,580,0
0055,09:45,585,0
0055,09:50,590,0
0055,09:55,595,0
0055,10:00,600,0
0055,10:05,605,0
0055,10:10,610,0
0055,10:15,615,0
0055,10:20,620,0
0055,10:25,625,0
0055,10:30,630,0
0055,10:35,635,0
0055,10:40,640,0
0055,10:45,645,0
0055,10:50,650,0
0055,10:55,655,0
0055,11:00,660,0
0055,11:05,665,0
0055,11:10,670,0
0055,11:15,675,0
0055,11:20,680,0
0055,11:25,685,0
0055,11:30,690,0
0055,11:35,695,0
0055,11:40,700,0
0055,11:45,705,0
0055,11:50,710,0
0055,11:55,715,0
0055,12:00,720,0
0055,12:05,725,0
0055,12:10,730,0
0055,12:15,735,0
0055,12:20,740,0
0055,12:25,745,0
0055,12:30,750,-178
0055,12:35,755,-178
0055,12:40,760,-178
0055,12:45,765,-178
0055,12:50,770,-178
0055,12:55,775,-178
0055,13:00,780,-178
0055,13:05,785,-178
0055,13:10,790,-178
0055,13:15,795,-178
0055,13:20,800,-178
0055,13:25,805,-178
0055,13:30,810,-178
0055,13:35,815,-178
0055,13:40,820,-178
0055,13:45,825,-178
0055,13:50,830,-178
0055,13:55,835,-178
0055,14:00,840,-178
0055,14:05,845,-178
0055,14:10,850,-178
0055,14:15,855,-178
0055,14:20,860,-178
0055,14:25,865,-178
0055,14:30,870,-178
0055,14:35,875,-178
0055,14:40,880,-178
0055,14:45,885,-178
0055,14:50,890,-178
0055,14:55,895,-178
0055,15:00,900,-178
0055,15:05,905,-178
0055,15:10,910,-178
0055,15:15,915,-178
0055,15:20,920,-178
0055,15:25,925,-178
0055,15:30,930,-178
0055,15:35,935,-178
0055,15:40,940,-178
0055,15:45,945,-178
0055,15:50,950,-178
0055,15:55,955,-178
0055,16:00,960,-178
0055,16:05,965,-178
0055,16:10,970,-178
0055,16:15,975,-178
0055,16:20,980,-178
0055,16:25,985,-178
0055,16:30,990,-178
0055,16:35,995,-178
0055,16:40,1000,-178
0055,16:45,1005,-178
0055,16:50,1010,-178
0055,16:55,1015,-178
0055,17:00,1020,-178
0055,17:05,1025,-800
0055,17:10,1030,-800
0055,17:15,1035,-800
0055,17:20,1040,-800
0055,17:25,1045,-800
0055,17:30,1050,-711
0055,17:35,1055,-711
0055,17:40,1060,-711
0055,17:45,1065,-711
0055,17:50,1070,1379
0055,17:55,1075,1379
0055,18:00,1080,1379
0055,18:05,1085,1379
0055,18:10,1090,431
0055,18:15,1095,431
0055,18:20,1100,431
0055,18:25,1105,259
0055,18:30,1110,259
0055,18:35,1115,259
0055,18:40,1120,259
0055,18:45,1125,259
0055,18:50,1130,259
0055,18:55,1135,259
0055,19:00,1140,259
0055,19:05,1145,259
0055,19:10,1150,259
0055,19:15,1155,259
0055,19:20,1160,259
0055,19:25,1165,-89
0055,19:30,1170,-89
0055,19:35,1175,-89
0055,19:40,1180,-89
0055,19:45,1185,-533
0055,19:50,1190,-533
0055,19:55,1195,-533
0055,20:00,1200,-533
0055,20:05,1205,-533
0055,20:10,1210,-533
0055,20:15,1215,-533
0055,20:20,1220,-533
0055,20:25,1225,-533
0055,20:30,1230,-533
0055,20:35,1235,-533
0055,20:40,1240,-533
0055,20:45,1245,-533
0055,20:50,1250,-533
0055,20:55,1255,-533
0055,21:00,1260,-533
0055,21:05,1265,-533
0055,21:10,1270,-533
0055,21:15,1275,-533
0055,21:20,1280,-533
0055,21:25,1285,-533
0055,21:30,1290,-533
0055,21:35,1295,-533
0055,21:40,1300,-533
0055,21:45,1305,-533
0055,21:50,1310,-533
0055,21:55,1315,-533
0055,22:00,1320,-533
0055,22:05,1325,-533
0055,22:10,1330,-533
0055,22:15,1335,-533
0055,22:20,1340,-533
0055,22:25,1345,-533
0055,22:30,1350,-533
0055,22:35,1355,-533
0055,22:40,1360,-533
0055,22:45,1365,-533
0055,22:50,1370,-533
0055,22:55,1375,-533
0055,23:00,1380,-533
0055,23:05,1385,-533
0055,23:10,1390,-533
0055,23:15,1395,-533
0055,23:16,1396,-533
0055,23:20,1400,-533
0056,09:00,540,0
0056,09:05,545,0
0056,09:10,550,0
0056,09:15,555,0
0056,09:20,560,0
0056,09:25,565,0
0056,09:30,570,0
0056,09:35,575,0
0056,09:40,580,0
0056,09:45,585,0
0056,09:50,590,0
0056,09:55,595,0
0056,10:00,600,0
0056,10:05,605,0
0056,10:10,610,-178
0056,10:15,615,-178
0056,10:20,620,-178
0056,10:25,625,-1422
0056,10:30,630,-1422
0056,10:35,635,-1422
0056,10:40,640,-1600
0056,10:45,645,-1600
0056,10:50,650,-1600
0056,10:55,655,-1600
0056,11:00,660,-1600
0056,11:05,665,-1600
0056,11:10,670,-1600
0056,11:15,675,-1600
0056,11:20,680,-1600
0056,11:25,685,-1600
0056,11:30,690,-2311
0056,11:35,695,-2311
0056,11:40,700,-2311
0056,11:45,705,-2311
0056,11:50,710,-2311
0056,11:55,715,-2311
0056,12:00,720,-2311
0056,12:05,725,-2667
0056,12:10,730,-2667
0056,12:15,735,-2667
0056,12:20,740,-2667
0056,12:25,745,-2667
0056,12:30,750,-2667
0056,12:35,755,-2667
0056,12:40,760,-2667
0056,12:45,765,-2667
0056,12:50,770,-3378
0056,12:55,775,-3378
0056,13:00,780,-3378
0056,13:05,785,-3378
0056,13:10,790,-3378
0056,13:15,795,-3378
0056,13:20,800,-3378
0056,13:25,805,-3733
0056,13:30,810,-3733
0056,13:35,815,-3733
0056,13:40,820,-3733
0056,13:45,825,-3733
0056,13:50,830,-4089
0056,13:55,835,-4089
0056,14:00,840,-4089
0056,14:05,845,-4089
0056,14:10,850,-4978
0056,14:15,855,-4978
0056,14:20,860,-4978
0056,14:25,865,-4978
0056,14:30,870,-4978
0056,14:35,875,-4978
0056,14:40,880,-4978
0056,14:45,885,-6222
0056,14:50,890,-6222
0056,14:55,895,-6222
0056,15:00,900,-6222
0056,15:05,905,-6222
0056,15:10,910,-7289
0056,15:15,915,-7289
0056,15:20,920,-7289
0056,15:25,925,-7289
0056,15:30,930,-7111
0056,15:35,935,-7111
0056,15:40,940,-7111
0056,15:45,945,-4800
0056,15:50,950,-4800
0056,15:55,955,-4800
0056,16:00,960,-4800
0056,16:05,965,-4800
0056,16:10,970,-5867
0056,16:15,975,-5867
0056,16:20,980,-5867
0056,16:25,985,-5867
0056,16:30,990,-7644
0056,16:35,995,-7644
0056,16:40,1000,-7644
0056,16:45,1005,-7644
0056,16:50,1010,-8889
0056,16:55,1015,-8889
0056,17:00,1020,-8889
0056,17:05,1025,-6578
0056,17:10,1030,-6578
0056,17:15,1035,-6578
0056,17:20,1040,-6578
0056,17:25,1045,-6578
0056,17:30,1050,-7822
0056,17:35,1055,-7822
0056,17:40,1060,-7822
0056,17:45,1065,-7822
0056,17:50,1070,-9244
0056,17:55,1075,-9244
0056,18:00,1080,-9244
0056,18:05,1085,-9244
0056,18:10,1090,-10133
0056,18:15,1095,-10133
0056,18:20,1100,-10133
0056,18:25,1105,-10311
0056,18:30,1110,-10311
0056,18:35,1115,-10311
0056,18:40,1120,-10311
0056,18:45,1125,-10311
0056,18:50,1130,-11378
0056,18:55,1135,-11378
0056,19:00,1140,-11378
0056,19:05,1145,-11378
0056,19:10,1150,-11556
0056,19:15,1155,-11556
0056,19:20,1160,-11556
0056,19:25,1165,-11556
0056,19:30,1170,-11556
0056,19:35,1175,-11556
0056,19:40,1180,-11556
0056,19:45,1185,-11733
0056,19:50,1190,-11733
0056,19:55,1195,-11733
0056,20:00,1200,-11733
0056,20:05,1205,-11733
0056,20:10,1210,-11911
0056,20:15,1215,-11911
0056,20:20,1220,-11911
0056,20:25,1225,-11911
0056,20:30,1230,-3556
0056,20:35,1235,-3556
0056,20:40,1240,-3556
0056,20:45,1245,2931
0056,20:50,1250,2931
0056,20:55,1255,2931
0056,21:00,1260,2931
0056,21:05,1265,2931
0056,21:10,1270,4310
0056,21:15,1275,4310
0056,21:20,1280,4310
0056,21:25,1285,4310
0056,21:30,1290,4310
0056,21:35,1295,4310
0056,21:40,1300,4310
0056,21:45,1305,3793
0056,21:50,1310,3793
0056,21:55,1315,3793
0056,22:00,1320,3793
0056,22:05,1325,3793
0056,22:10,1330,3793
0056,22:15,1335,3793
0056,22:20,1340,3793
0056,22:25,1345,3793
0056,22:30,1350,3793
0056,22:35,1355,3793
0056,22:40,1360,3793
0056,22:45,1365,3793
0056,22:50,1370,3793
0056,22:55,1375,3793
0056,23:00,1380,3793
0056,23:05,1385,3793
0056,23:10,1390,3793
0056,23:15,1395,3793
0056,23:16,1396,3793
0056,23:20,1400,3793
0057,09:00,540,0
0057,09:05,545,0
0057,09:10,550,0
0057,09:15,555,0
0057,09:20,560,0
0057,09:25,565,0
0057,09:30,570,0
0057,09:35,575,0
0057,09:40,580,0
0057,09:45,585,0
0057,09:50,590,0
0057,09:55,595,0
0057,10:00,600,0
0057,10:05,605,0
0057,10:10,610,0
0057,10:15,615,0
0057,10:20,620,0
0057,10:25,625,0
0057,10:30,630,0
0057,10:35,635,0
0057,10:40,640,0
0057,10:45,645,0
0057,10:50,650,0
0057,10:55,655,0
0057,11:00,660,0
0057,11:05,665,0
0057,11:10,670,-622
0057,11:15,675,-622
0057,11:20,680,-622
0057,11:25,685,-622
0057,11:30,690,-2311
0057,11:35,695,-2311
0057,11:40,700,-2311
0057,11:45,705,-2578
0057,11:50,710,-2578
0057,11:55,715,-2578
0057,12:00,720,-2578
0057,12:05,725,-3022
0057,12:10,730,-3022
0057,12:15,735,-3022
0057,12:20,740,-3022
0057,12:25,745,-3022
0057,12:30,750,-3289
0057,12:35,755,-3289
0057,12:40,760,-3289
0057,12:45,765,-3289
0057,12:50,770,-3822
0057,12:55,775,-3822
0057,13:00,780,-3822
0057,13:05,785,-1333
0057,13:10,790,-1333
0057,13:15,795,-1333
0057,13:20,800,-1333
0057,13:25,805,-2222
0057,13:30,810,-2222
0057,13:35,815,-2222
0057,13:40,820,-2222
0057,13:45,825,-2222
0057,13:50,830,-2222
0057,13:55,835,-2222
0057,14:00,840,-2222
0057,14:05,845,-2222
0057,14:10,850,-3200
0057,14:15,855,-3200
0057,14:20,860,-3200
0057,14:25,865,-3200
0057,14:30,870,-3733
0057,14:35,875,-3733
0057,14:40,880,-3733
0057,14:45,885,-3733
0057,14:50,890,-3733
0057,14:55,895,-3733
0057,15:00,900,-3733
0057,15:05,905,-3733
0057,15:10,910,-3733
0057,15:15,915,-3733
0057,15:20,920,-3733
0057,15:25,925,-3733
0057,15:30,930,-4800
0057,15:35,935,-4800
0057,15:40,940,-4800
0057,15:45,945,-6133
0057,15:50,950,-6133
0057,15:55,955,-6133
0057,16:00,960,-6133
0057,16:05,965,-6133
0057,16:10,970,-6489
0057,16:15,975,-6489
0057,16:20,980,-6489
0057,16:25,985,-6489
0057,16:30,990,-6933
0057,16:35,995,-6933
0057,16:40,1000,-6933
0057,16:45,1005,-6933
0057,16:50,1010,-6933
0057,16:55,1015,-6933
0057,17:00,1020,-6933
0057,17:05,1025,-6933
0057,17:10,1030,-6933
0057,17:15,1035,-6933
0057,17:20,1040,-6933
0057,17:25,1045,-6933
0057,17:30,1050,-7467
0057,17:35,1055,-7467
0057,17:40,1060,-7467
0057,17:45,1065,-7467
0057,17:50,1070,-7467
0057,17:55,1075,-7467
0057,18:00,1080,-7467
0057,18:05,1085,-7467
0057,18:10,1090,-7467
0057,18:15,1095,-7467
0057,18:20,1100,-7467
0057,18:25,1105,-7467
0057,18:30,1110,-7467
0057,18:35,1115,-7467
0057,18:40,1120,-7467
0057,18:45,1125,-7467
0057,18:50,1130,-7467
0057,18:55,1135,-7467
0057,19:00,1140,-7467
0057,19:05,1145,-7467
0057,19:10,1150,-7467
0057,19:15,1155,-7467
0057,19:20,1160,-7467
0057,19:25,1165,-8178
0057,19:30,1170,-8178
0057,19:35,1175,-8178
0057,19:40,1180,-8178
0057,19:45,1185,-8533
0057,19:50,1190,-8533
0057,19:55,1195,-8533
0057,20:00,1200,-8533
0057,20:05,1205,-8533
0057,20:10,1210,-9244
0057,20:15,1215,-9244
0057,20:20,1220,-9244
0057,20:25,1225,-9244
0057,20:30,1230,-9333
0057,20:35,1235,-9333
0057,20:40,1240,-9333
0057,20:45,1245,-9333
0057,20:50,1250,-9333
0057,20:55,1255,-9333
0057,21:00,1260,-9333
0057,21:05,1265,-9333
0057,21:10,1270,-9333
0057,21:15,1275,-9333
0057,21:20,1280,-9333
0057,21:25,1285,-9333
0057,21:30,1290,-9333
0057,21:35,1295,-9333
0057,21:40,1300,-9333
0057,21:45,1305,-9511
0057,21:50,1310,-9511
0057,21:55,1315,-9511
0057,22:00,1320,-9511
0057,22:05,1325,-9511
0057,22:10,1330,-9511
0057,22:15,1335,-9511
0057,22:20,1340,-9511
0057,22:25,1345,-9511
0057,22:30,1350,-9600
0057,22:35,1355,-9600
0057,22:40,1360,-9600
0057,22:45,1365,-9600
0057,22:50,1370,-9600
0057,22:55,1375,-9600
0057,23:00,1380,-9600
0057,23:05,1385,-9600
0057,23:10,1390,-9600
0057,23:15,1395,-9600
0057,23:16,1396,-9600
0057,23:20,1400,-9600
0058,09:00,540,0
0058,09:05,545,0
0058,09:10,550,0
0058,09:15,555,0
0058,09:20,560,0
0058,09:25,565,0
0058,09:30,570,0
0058,09:35,575,0
0058,09:40,580,0
0058,09:45,585,0
0058,09:50,590,0
0058,09:55,595,0
0058,10:00,600,0
0058,10:05,605,0
0058,10:10,610,0
0058,10:15,615,0
0058,10:20,620,0
0058,10:25,625,0
0058,10:30,630,0
0058,10:35,635,0
0058,10:40,640,0
0058,10:45,645,0
0058,10:50,650,0
0058,10:55,655,0
0058,11:00,660,0
0058,11:05,665,0
0058,11:10,670,0
0058,11:15,675,0
0058,11:20,680,0
0058,11:25,685,0
0058,11:30,690,690
0058,11:35,695,690
0058,11:40,700,690
0058,11:45,705,1897
0058,11:50,710,1897
0058,11:55,715,1897
0058,12:00,720,1897
0058,12:05,725,3966
0058,12:10,730,3966
0058,12:15,735,3966
0058,12:20,740,3966
0058,12:25,745,3966
0058,12:30,750,4483
0058,12:35,755,4483
0058,12:40,760,4483
0058,12:45,765,4483
0058,12:50,770,3103
0058,12:55,775,3103
0058,13:00,780,3103
0058,13:05,785,2155
0058,13:10,790,2155
0058,13:15,795,2155
0058,13:20,800,2155
0058,13:25,805,776
0058,13:30,810,776
0058,13:35,815,776
0058,13:40,820,776
0058,13:45,825,776
0058,13:50,830,-267
0058,13:55,835,-267
0058,14:00,840,-267
0058,14:05,845,-267
0058,14:10,850,-711
0058,14:15,855,-711
0058,14:20,860,-711
0058,14:25,865,-711
0058,14:30,870,1293
0058,14:35,875,1293
0058,14:40,880,1293
0058,14:45,885,-267
0058,14:50,890,-267
0058,14:55,895,-267
0058,15:00,900,-267
0058,15:05,905,-267
0058,15:10,910,-1600
0058,15:15,915,-1600
0058,15:20,920,-1600
0058,15:25,925,-1600
0058,15:30,930,-2844
0058,15:35,935,-2844
0058,15:40,940,-2844
0058,15:45,945,-4000
0058,15:50,950,-4000
0058,15:55,955,-4000
0058,16:00,960,-4000
0058,16:05,965,-4000
0058,16:10,970,-4800
0058,16:15,975,-4800
0058,16:20,980,-4800
0058,16:25,985,-4800
0058,16:30,990,-4089
0058,16:35,995,-4089
0058,16:40,1000,-4089
0058,16:45,1005,-4089
0058,16:50,1010,-1689
0058,16:55,1015,-1689
0058,17:00,1020,-1689
0058,17:05,1025,603
0058,17:10,1030,603
0058,17:15,1035,603
0058,17:20,1040,603
0058,17:25,1045,603
0058,17:30,1050,-444
0058,17:35,1055,-444
0058,17:40,1060,-444
0058,17:45,1065,-444
0058,17:50,1070,-444
0058,17:55,1075,-444
0058,18:00,1080,-444
0058,18:05,1085,-444
0058,18:10,1090,-1689
0058,18:15,1095,-1689
0058,18:20,1100,-1689
0058,18:25,1105,517
0058,18:30,1110,517
0058,18:35,1115,517
0058,18:40,1120,517
0058,18:45,1125,517
0058,18:50,1130,3017
0058,18:55,1135,3017
0058,19:00,1140,3017
0058,19:05,1145,3017
0058,19:10,1150,2155
0058,19:15,1155,2155
0058,19:20,1160,2155
0058,19:25,1165,1638
0058,19:30,1170,1638
0058,19:35,1175,1638
0058,19:40,1180,1638
0058,19:45,1185,1638
0058,19:50,1190,1638
0058,19:55,1195,1638
0058,20:00,1200,1638
0058,20:05,1205,1638
0058,20:10,1210,1638
0058,20:15,1215,1638
0058,20:20,1220,1638
0058,20:25,1225,1638
0058,20:30,1230,948
0058,20:35,1235,948
0058,20:40,1240,948
0058,20:45,1245,948
0058,20:50,1250,948
0058,20:55,1255,948
0058,21:00,1260,948
0058,21:05,1265,948
0058,21:10,1270,948
0058,21:15,1275,948
0058,21:20,1280,948
0058,21:25,1285,948
0058,21:30,1290,948
0058,21:35,1295,948
0058,21:40,1300,948
0058,21:45,1305,948
0058,21:50,1310,948
0058,21:55,1315,948
0058,22:00,1320,948
0058,22:05,1325,345
0058,22:10,1330,345
0058,22:15,1335,345
0058,22:20,1340,345
0058,22:25,1345,345
0058,22:30,1350,345
0058,22:35,1355,345
0058,22:40,1360,345
0058,22:45,1365,345
0058,22:50,1370,345
0058,22:55,1375,345
0058,23:00,1380,345
0058,23:05,1385,345
0058,23:10,1390,345
0058,23:15,1395,345
0058,23:16,1396,345
0058,23:20,1400,345
0059,09:00,540,0
0059,09:05,545,0
0059,09:10,550,0
0059,09:15,555,0
0059,09:20,560,0
0059,09:25,565,0
0059,09:30,570,0
0059,09:35,575,0
0059,09:40,580,0
0059,09:45,585,0
0059,09:50,590,0
0059,09:55,595,0
0059,10:00,600,0
0059,10:05,605,0
0059,10:10,610,-444
0059,10:15,615,-444
0059,10:20,620,-444
0059,10:25,625,-1422
0059,10:30,630,-1422
0059,10:35,635,-1422
0059,10:40,640,-2489
0059,10:45,645,-2489
0059,10:50,650,-2489
0059,10:55,655,-2489
0059,11:00,660,-3644
0059,11:05,665,-3644
0059,11:10,670,-4089
0059,11:15,675,-4089
0059,11:20,680,-4089
0059,11:25,685,-4089
0059,11:30,690,-356
0059,11:35,695,-356
0059,11:40,700,-356
0059,11:45,705,2672
0059,11:50,710,2672
0059,11:55,715,2672
0059,12:00,720,2672
0059,12:05,725,1810
0059,12:10,730,1810
0059,12:15,735,1810
0059,12:20,740,1810
0059,12:25,745,1810
0059,12:30,750,1207
0059,12:35,755,1207
0059,12:40,760,1207
0059,12:45,765,1207
0059,12:50,770,603
0059,12:55,775,603
0059,13:00,780,603
0059,13:05,785,-533
0059,13:10,790,-533
0059,13:15,795,-533
0059,13:20,800,-533
0059,13:25,805,1293
0059,13:30,810,1293
0059,13:35,815,1293
0059,13:40,820,1293
0059,13:45,825,1293
0059,13:50,830,-178
0059,13:55,835,-178
0059,14:00,840,-178
0059,14:05,845,-178
0059,14:10,850,-1422
0059,14:15,855,-1422
0059,14:20,860,-1422
0059,14:25,865,-1422
0059,14:30,870,-3111
0059,14:35,875,-3111
0059,14:40,880,-3111
0059,14:45,885,-4533
0059,14:50,890,-4533
0059,14:55,895,-4533
0059,15:00,900,-4533
0059,15:05,905,-4533
0059,15:10,910,-711
0059,15:15,915,-711
0059,15:20,920,-711
0059,15:25,925,-711
0059,15:30,930,1034
0059,15:35,935,1034
0059,15:40,940,1034
0059,15:45,945,948
0059,15:50,950,948
0059,15:55,955,948
0059,16:00,960,948
0059,16:05,965,948
0059,16:10,970,948
0059,16:15,975,948
0059,16:20,980,948
0059,16:25,985,948
0059,16:30,990,0
0059,16:35,995,0
0059,16:40,1000,0
0059,16:45,1005,0
0059,16:50,1010,-1511
0059,16:55,1015,-1511
0059,17:00,1020,-1511
0059,17:05,1025,-2756
0059,17:10,1030,-2756
0059,17:15,1035,-2756
0059,17:20,1040,-2756
0059,17:25,1045,-2756
0059,17:30,1050,-4356
0059,17:35,1055,-4356
0059,17:40,1060,-4356
0059,17:45,1065,-4356
0059,17:50,1070,-5689
0059,17:55,1075,-5689
0059,18:00,1080,-5689
0059,18:05,1085,-5689
0059,18:10,1090,-4978
0059,18:15,1095,-4978
0059,18:20,1100,-4978
0059,18:25,1105,-6489
0059,18:30,1110,-6489
0059,18:35,1115,-6489
0059,18:40,1120,-6489
0059,18:45,1125,-6489
0059,18:50,1130,-6667
0059,18:55,1135,-6667
0059,19:00,1140,-6667
0059,19:05,1145,-6667
0059,19:10,1150,-6667
0059,19:15,1155,-6667
0059,19:20,1160,-6667
0059,19:25,1165,-7467
0059,19:30,1170,-7467
0059,19:35,1175,-7467
0059,19:40,1180,-7467
0059,19:45,1185,-8178
0059,19:50,1190,-8178
0059,19:55,1195,-8178
0059,20:00,1200,-8178
0059,20:05,1205,-8178
0059,20:10,1210,-8444
0059,20:15,1215,-8444
0059,20:20,1220,-8444
0059,20:25,1225,-8444
0059,20:30,1230,-8444
0059,20:35,1235,-8444
0059,20:40,1240,-8444
0059,20:45,1245,-8444
0059,20:50,1250,-8444
0059,20:55,1255,-8444
0059,21:00,1260,-8444
0059,21:05,1265,-8444
0059,21:10,1270,-8444
0059,21:15,1275,-8444
0059,21:20,1280,-8444
0059,21:25,1285,-8444
0059,21:30,1290,-8444
0059,21:35,1295,-8444
0059,21:40,1300,-8444
0059,21:45,1305,-8444
0059,21:50,1310,-8444
0059,21:55,1315,-8444
0059,22:00,1320,-8444
0059,22:05,1325,-8711
0059,22:10,1330,-8711
0059,22:15,1335,-8711
0059,22:20,1340,-8711
0059,22:25,1345,-8711
0059,22:30,1350,-8711
0059,22:35,1355,-8711
0059,22:40,1360,-8711
0059,22:45,1365,-8711
0059,22:50,1370,-8711
0059,22:55,1375,-8711
0059,23:00,1380,-8711
0059,23:05,1385,-8711
0059,23:10,1390,-8711
0059,23:15,1395,-8711
0059,23:16,1396,-8711
0059,23:20,1400,-8711
0060,09:00,540,0
0060,09:05,545,0
0060,09:10,550,0
0060,09:15,555,0
0060,09:20,560,0
0060,09:25,565,0
0060,09:30,570,0
0060,09:35,575,0
0060,09:40,580,0
0060,09:45,585,0
0060,09:50,590,0
0060,09:55,595,0
0060,10:00,600,0
0060,10:05,605,0
0060,10:10,610,0
0060,10:15,615,0
0060,10:20,620,0
0060,10:25,625,0
0060,10:30,630,0
0060,10:35,635,0
0060,10:40,640,0
0060,10:45,645,0
0060,10:50,650,0
0060,10:55,655,0
0060,11:00,660,0
0060,11:05,665,0
0060,11:10,670,0
0060,11:15,675,0
0060,11:20,680,0
0060,11:25,685,0
0060,11:30,690,0
0060,11:35,695,0
0060,11:40,700,0
0060,11:45,705,0
0060,11:50,710,0
0060,11:55,715,0
0060,12:00,720,0
0060,12:05,725,-89
0060,12:10,730,-89
0060,12:15,735,-89
0060,12:20,740,-89
0060,12:25,745,-89
0060,12:30,750,603
0060,12:35,755,603
0060,12:40,760,603
0060,12:45,765,603
0060,12:50,770,-978
0060,12:55,775,-978
0060,13:00,780,-978
0060,13:05,785,-1156
0060,13:10,790,-1156
0060,13:15,795,-1156
0060,13:20,800,-1156
0060,13:25,805,-1156
0060,13:30,810,-1156
0060,13:35,815,-1156
0060,13:40,820,-1156
0060,13:45,825,-1156
0060,13:50,830,-1333
0060,13:55,835,-1333
0060,14:00,840,-1333
0060,14:05,845,-1333
0060,14:10,850,-2133
0060,14:15,855,-2133
0060,14:20,860,-2133
0060,14:25,865,-2133
0060,14:30,870,-3111
0060,14:35,875,-3111
0060,14:40,880,-3111
0060,14:45,885,-3111
0060,14:50,890,-3111
0060,14:55,895,-3111
0060,15:00,900,-3111
0060,15:05,905,-3111
0060,15:10,910,-3111
0060,15:15,915,-3111
0060,15:20,920,-3111
0060,15:25,925,-3111
0060,15:30,930,-3556
0060,15:35,935,-3556
0060,15:40,940,-3556
0060,15:45,945,-4178
0060,15:50,950,-4178
0060,15:55,955,-4178
0060,16:00,960,-4178
0060,16:05,965,-4178
0060,16:10,970,-4622
0060,16:15,975,-4622
0060,16:20,980,-4622
0060,16:25,985,-4622
0060,16:30,990,-4622
0060,16:35,995,-4622
0060,16:40,1000,-4622
0060,16:45,1005,-4622
0060,16:50,1010,-4622
0060,16:55,1015,-4622
0060,17:00,1020,-4622
0060,17:05,1025,-4978
0060,17:10,1030,-4978
0060,17:15,1035,-4978
0060,17:20,1040,-4978
0060,17:25,1045,-4978
0060,17:30,1050,-5156
0060,17:35,1055,-5156
0060,17:40,1060,-5156
0060,17:45,1065,-5156
0060,17:50,1070,-5156
0060,17:55,1075,-5156
0060,18:00,1080,-5156
0060,18:05,1085,-5156
0060,18:10,1090,-5156
0060,18:15,1095,-5156
0060,18:20,1100,-5156
0060,18:25,1105,-5156
0060,18:30,1110,-5156
0060,18:35,1115,-5156
0060,18:40,1120,-5156
0060,18:45,1125,-5156
0060,18:50,1130,-5156
0060,18:55,1135,-5156
0060,19:00,1140,-5156
0060,19:05,1145,-5156
0060,19:10,1150,-5156
0060,19:15,1155,-5156
0060,19:20,1160,-5156
0060,19:25,1165,-5156
0060,19:30,1170,-5156
0060,19:35,1175,-5156
0060,19:40,1180,-5156
0060,19:45,1185,-5156
0060,19:50,1190,-5156
0060,19:55,1195,-5156
0060,20:00,1200,-5156
0060,20:05,1205,-5156
0060,20:10,1210,-5778
0060,20:15,1215,-5778
0060,20:20,1220,-5778
0060,20:25,1225,-5778
0060,20:30,1230,-5778
0060,20:35,1235,-5778
0060,20:40,1240,-5778
0060,20:45,1245,-5778
0060,20:50,1250,-5778
0060,20:55,1255,-5778
0060,21:00,1260,-5778
0060,21:05,1265,-5778
0060,21:10,1270,-5778
0060,21:15,1275,-5778
0060,21:20,1280,-5778
0060,21:25,1285,-5778
0060,21:30,1290,-5778
0060,21:35,1295,-5778
0060,21:40,1300,-5778
0060,21:45,1305,-5778
0060,21:50,1310,-5778
0060,21:55,1315,-5778
0060,22:00,1320,-5778
0060,22:05,1325,-5778
0060,22:10,1330,-5778
0060,22:15,1335,-5778
0060,22:20,1340,-5778
0060,22:25,1345,-5778
0060,22:30,1350,-5778
0060,22:35,1355,-5778
0060,22:40,1360,-5778
0060,22:45,1365,-5778
0060,22:50,1370,-5778
0060,22:55,1375,-5778
0060,23:00,1380,-5778
0060,23:05,1385,-5778
0060,23:10,1390,-5778
0060,23:15,1395,-5778
0060,23:16,1396,-5778
0060,23:20,1400,-5778
0061,09:00,540,0
0061,09:05,545,0
0061,09:10,550,0
0061,09:15,555,0
0061,09:20,560,0
0061,09:25,565,0
0061,09:30,570,0
0061,09:35,575,0
0061,09:40,580,0
0061,09:45,585,0
0061,09:50,590,0
0061,09:55,595,0
0061,10:00,600,0
0061,10:05,605,0
0061,10:10,610,0
0061,10:15,615,0
0061,10:20,620,0
0061,10:25,625,-356
0061,10:30,630,-356
0061,10:35,635,-356
0061,10:40,640,-800
0061,10:45,645,-800
0061,10:50,650,-800
0061,10:55,655,-800
0061,11:00,660,-800
0061,11:05,665,-800
0061,11:10,670,-800
0061,11:15,675,-800
0061,11:20,680,-800
0061,11:25,685,-800
0061,11:30,690,-800
0061,11:35,695,-800
0061,11:40,700,-800
0061,11:45,705,-1511
0061,11:50,710,-1511
0061,11:55,715,-1511
0061,12:00,720,-1511
0061,12:05,725,-1511
0061,12:10,730,-1511
0061,12:15,735,-1511
0061,12:20,740,-1511
0061,12:25,745,-1511
0061,12:30,750,-1511
0061,12:35,755,-1511
0061,12:40,760,-1511
0061,12:45,765,-1511
0061,12:50,770,-1511
0061,12:55,775,-1511
0061,13:00,780,-1511
0061,13:05,785,-1511
0061,13:10,790,-1511
0061,13:15,795,-1511
0061,13:20,800,-1511
0061,13:25,805,-3289
0061,13:30,810,-3289
0061,13:35,815,-3289
0061,13:40,820,-3289
0061,13:45,825,-3289
0061,13:50,830,-1333
0061,13:55,835,-1333
0061,14:00,840,-1333
0061,14:05,845,-1333
0061,14:10,850,2672
0061,14:15,855,2672
0061,14:20,860,2672
0061,14:25,865,2672
0061,14:30,870,1121
0061,14:35,875,1121
0061,14:40,880,1121
0061,14:45,885,-89
0061,14:50,890,-89
0061,14:55,895,-89
0061,15:00,900,-89
0061,15:05,905,-89
0061,15:10,910,172
0061,15:15,915,172
0061,15:20,920,172
0061,15:25,925,172
0061,15:30,930,5862
0061,15:35,935,5862
0061,15:40,940,5862
0061,15:45,945,9741
0061,15:50,950,9741
0061,15:55,955,9741
0061,16:00,960,9741
0061,16:05,965,9741
0061,16:10,970,9741
0061,16:15,975,9741
0061,16:20,980,9741
0061,16:25,985,9741
0061,16:30,990,9741
0061,16:35,995,9741
0061,16:40,1000,9741
0061,16:45,1005,9741
0061,16:50,1010,8793
0061,16:55,1015,8793
0061,17:00,1020,8793
0061,17:05,1025,7586
0061,17:10,1030,7586
0061,17:15,1035,7586
0061,17:20,1040,7586
0061,17:25,1045,7586
0061,17:30,1050,8103
0061,17:35,1055,8103
0061,17:40,1060,8103
0061,17:45,1065,8103
0061,17:50,1070,7069
0061,17:55,1075,7069
0061,18:00,1080,7069
0061,18:05,1085,7069
0061,18:10,1090,7069
0061,18:15,1095,7069
0061,18:20,1100,7069
0061,18:25,1105,7069
0061,18:30,1110,7069
0061,18:35,1115,7069
0061,18:40,1120,7069
0061,18:45,1125,7069
0061,18:50,1130,6810
0061,18:55,1135,6810
0061,19:00,1140,6810
0061,19:05,1145,6810
0061,19:10,1150,6207
0061,19:15,1155,6207
0061,19:20,1160,6207
0061,19:25,1165,5948
0061,19:30,1170,5948
0061,19:35,1175,5948
0061,19:40,1180,5948
0061,19:45,1185,5259
0061,19:50,1190,5259
0061,19:55,1195,5259
0061,20:00,1200,5259
0061,20:05,1205,5259
0061,20:10,1210,5172
0061,20:15,1215,5172
0061,20:20,1220,5172
0061,20:25,1225,5172
0061,20:30,1230,5172
0061,20:35,1235,5172
0061,20:40,1240,5172
0061,20:45,1245,5172
0061,20:50,1250,5172
0061,20:55,1255,5172
0061,21:00,1260,5172
0061,21:05,1265,5172
0061,21:10,1270,5172
0061,21:15,1275,5172
0061,21:20,1280,5172
0061,21:25,1285,5172
0061,21:30,1290,5172
0061,21:35,1295,5172
0061,21:40,1300,5172
0061,21:45,1305,5000
0061,21:50,1310,5000
0061,21:55,1315,5000
0061,22:00,1320,5000
0061,22:05,1325,5000
0061,22:10,1330,5000
0061,22:15,1335,5000
0061,22:20,1340,5000
0061,22:25,1345,5000
0061,22:30,1350,4828
0061,22:35,1355,4828
0061,22:40,1360,4828
0061,22:45,1365,4828
0061,22:50,1370,4828
0061,22:55,1375,4828
0061,23:00,1380,4828
0061,23:05,1385,4828
0061,23:10,1390,4828
0061,23:15,1395,4828
0061,23:16,1396,4828
0061,23:20,1400,4828
0062,09:00,540,0
0062,09:05,545,0
0062,09:10,550,0
0062,09:15,555,0
0062,09:20,560,0
0062,09:25,565,0
0062,09:30,570,0
0062,09:35,575,0
0062,09:40,580,0
0062,09:45,585,0
0062,09:50,590,0
0062,09:55,595,0
0062,10:00,600,0
0062,10:05,605,0
0062,10:10,610,0
0062,10:15,615,0
0062,10:20,620,0
0062,10:25,625,0
0062,10:30,630,0
0062,10:35,635,0
0062,10:40,640,0
0062,10:45,645,0
0062,10:50,650,0
0062,10:55,655,0
0062,11:00,660,0
0062,11:05,665,0
0062,11:10,670,0
0062,11:15,675,0
0062,11:20,680,0
0062,11:25,685,0
0062,11:30,690,0
0062,11:35,695,0
0062,11:40,700,0
0062,11:45,705,-889
0062,11:50,710,-889
0062,11:55,715,-889
0062,12:00,720,-889
0062,12:05,725,-1067
0062,12:10,730,-1067
0062,12:15,735,-1067
0062,12:20,740,-1067
0062,12:25,745,-1067
0062,12:30,750,-1067
0062,12:35,755,-1067
0062,12:40,760,-1067
0062,12:45,765,-1067
0062,12:50,770,-2133
0062,12:55,775,-2133
0062,13:00,780,-2133
0062,13:05,785,-2667
0062,13:10,790,-2667
0062,13:15,795,-2667
0062,13:20,800,-2667
0062,13:25,805,-3911
0062,13:30,810,-3911
0062,13:35,815,-3911
0062,13:40,820,-3911
0062,13:45,825,-3911
0062,13:50,830,-4444
0062,13:55,835,-4444
0062,14:00,840,-4444
0062,14:05,845,-4444
0062,14:10,850,-5689
0062,14:15,855,-5689
0062,14:20,860,-5689
0062,14:25,865,-5689
0062,14:30,870,-6578
0062,14:35,875,-6578
0062,14:40,880,-6578
0062,14:45,885,-7467
0062,14:50,890,-7467
0062,14:55,895,-7467
0062,15:00,900,-7467
0062,15:05,905,-7467
0062,15:10,910,-8889
0062,15:15,915,-8889
0062,15:20,920,-8889
0062,15:25,925,-8889
0062,15:30,930,-8889
0062,15:35,935,-8889
0062,15:40,940,-8889
0062,15:45,945,-6578
0062,15:50,950,-6578
0062,15:55,955,-6578
0062,16:00,960,-6578
0062,16:05,965,-6578
0062,16:10,970,-7111
0062,16:15,975,-7111
0062,16:20,980,-7111
0062,16:25,985,-7111
0062,16:30,990,-8356
0062,16:35,995,-8356
0062,16:40,1000,-8356
0062,16:45,1005,-8356
0062,16:50,1010,-9600
0062,16:55,1015,-9600
0062,17:00,1020,-9600
0062,17:05,1025,-10667
0062,17:10,1030,-10667
0062,17:15,1035,-10667
0062,17:20,1040,-10667
0062,17:25,1045,-10667
0062,17:30,1050,-11022
0062,17:35,1055,-11022
0062,17:40,1060,-11022
0062,17:45,1065,-11022
0062,17:50,1070,-11022
0062,17:55,1075,-11022
0062,18:00,1080,-11022
0062,18:05,1085,-11022
0062,18:10,1090,-11733
0062,18:15,1095,-11733
0062,18:20,1100,-11733
0062,18:25,1105,-12444
0062,18:30,1110,-12444
0062,18:35,1115,-12444
0062,18:40,1120,-12444
0062,18:45,1125,-12444
0062,18:50,1130,-12800
0062,18:55,1135,-12800
0062,19:00,1140,-12800
0062,19:05,1145,-12800
0062,19:10,1150,-12800
0062,19:15,1155,-12800
0062,19:20,1160,-12800
0062,19:25,1165,-12800
0062,19:30,1170,-12800
0062,19:35,1175,-12800
0062,19:40,1180,-12800
0062,19:45,1185,-12800
0062,19:50,1190,-12800
0062,19:55,1195,-12800
0062,20:00,1200,-12800
0062,20:05,1205,-12800
0062,20:10,1210,-12800
0062,20:15,1215,-12800
0062,20:20,1220,-12800
0062,20:25,1225,-12800
0062,20:30,1230,-12800
0062,20:35,1235,-12800
0062,20:40,1240,-12800
0062,20:45,1245,-12800
0062,20:50,1250,-12800
0062,20:55,1255,-12800
0062,21:00,1260,-12800
0062,21:05,1265,-12800
0062,21:10,1270,-12800
0062,21:15,1275,-12800
0062,21:20,1280,-12800
0062,21:25,1285,-12800
0062,21:30,1290,-12800
0062,21:35,1295,-12800
0062,21:40,1300,-12800
0062,21:45,1305,-13333
0062,21:50,1310,-13333
0062,21:55,1315,-13333
0062,22:00,1320,-13333
0062,22:05,1325,-13333
0062,22:10,1330,-13333
0062,22:15,1335,-13333
0062,22:20,1340,-13333
0062,22:25,1345,-13333
0062,22:30,1350,-13333
0062,22:35,1355,-13333
0062,22:40,1360,-13333
0062,22:45,1365,-13333
0062,22:50,1370,-13333
0062,22:55,1375,-13333
0062,23:00,1380,-13333
0062,23:05,1385,-13333
0062,23:10,1390,-13333
0062,23:15,1395,-13333
0062,23:16,1396,-13333
0062,23:20,1400,-13333
0063,09:00,540,0
0063,09:05,545,0
0063,09:10,550,0
0063,09:15,555,0
0063,09:20,560,0
0063,09:25,565,0
0063,09:30,570,0
0063,09:35,575,0
0063,09:40,580,0
0063,09:45,585,0
0063,09:50,590,0
0063,09:55,595,0
0063,10:00,600,0
0063,10:05,605,0
0063,10:10,610,0
0063,10:15,615,0
0063,10:20,620,0
0063,10:25,625,0
0063,10:30,630,0
0063,10:35,635,0
0063,10:40,640,0
0063,10:45,645,0
0063,10:50,650,0
0063,10:55,655,0
0063,11:00,660,0
0063,11:05,665,0
0063,11:10,670,0
0063,11:15,675,0
0063,11:20,680,0
0063,11:25,685,0
0063,11:30,690,0
0063,11:35,695,0
0063,11:40,700,0
0063,11:45,705,0
0063,11:50,710,0
0063,11:55,715,0
0063,12:00,720,0
0063,12:05,725,-533
0063,12:10,730,-533
0063,12:15,735,-533
0063,12:20,740,-533
0063,12:25,745,-533
0063,12:30,750,-1067
0063,12:35,755,-1067
0063,12:40,760,-1067
0063,12:45,765,-1067
0063,12:50,770,-2489
0063,12:55,775,-2489
0063,13:00,780,-2489
0063,13:05,785,-3022
0063,13:10,790,-3022
0063,13:15,795,-3022
0063,13:20,800,-3022
0063,13:25,805,-3022
0063,13:30,810,-3022
0063,13:35,815,-3022
0063,13:40,820,-3022
0063,13:45,825,-3022
0063,13:50,830,-3378
0063,13:55,835,-3378
0063,14:00,840,-3378
0063,14:05,845,-3378
0063,14:10,850,-2844
0063,14:15,855,-2844
0063,14:20,860,-2844
0063,14:25,865,-2844
0063,14:30,870,-3556
0063,14:35,875,-3556
0063,14:40,880,-3556
0063,14:45,885,-3556
0063,14:50,890,-3556
0063,14:55,895,-3556
0063,15:00,900,-3556
0063,15:05,905,-3556
0063,15:10,910,-4267
0063,15:15,915,-4267
0063,15:20,920,-4267
0063,15:25,925,-4267
0063,15:30,930,-5156
0063,15:35,935,-5156
0063,15:40,940,-5156
0063,15:45,945,-5867
0063,15:50,950,-5867
0063,15:55,955,-5867
0063,16:00,960,-5867
0063,16:05,965,-5867
0063,16:10,970,-6933
0063,16:15,975,-6933
0063,16:20,980,-6933
0063,16:25,985,-6933
0063,16:30,990,-3911
0063,16:35,995,-3911
0063,16:40,1000,-3911
0063,16:45,1005,-3911
0063,16:50,1010,4310
0063,16:55,1015,4310
0063,17:00,1020,4310
0063,17:05,1025,7414
0063,17:10,1030,7414
0063,17:15,1035,7414
0063,17:20,1040,7414
0063,17:25,1045,7414
0063,17:30,1050,17069
0063,17:35,1055,17069
0063,17:40,1060,17069
0063,17:45,1065,17069
0063,17:50,1070,16207
0063,17:55,1075,16207
0063,18:00,1080,16207
0063,18:05,1085,16207
0063,18:10,1090,15517
0063,18:15,1095,15517
0063,18:20,1100,15517
0063,18:25,1105,15000
0063,18:30,1110,15000
0063,18:35,1115,15000
0063,18:40,1120,15000
0063,18:45,1125,15000
0063,18:50,1130,15000
0063,18:55,1135,15000
0063,19:00,1140,15000
0063,19:05,1145,15000
0063,19:10,1150,15000
0063,19:15,1155,15000
0063,19:20,1160,15000
0063,19:25,1165,15000
0063,19:30,1170,15000
0063,19:35,1175,15000
0063,19:40,1180,15000
0063,19:45,1185,16207
0063,19:50,1190,16207
0063,19:55,1195,16207
0063,20:00,1200,16207
0063,20:05,1205,16207
0063,20:10,1210,15517
0063,20:15,1215,15517
0063,20:20,1220,15517
0063,20:25,1225,15517
0063,20:30,1230,15517
0063,20:35,1235,15517
0063,20:40,1240,15517
0063,20:45,1245,15517
0063,20:50,1250,15517
0063,20:55,1255,15517
0063,21:00,1260,15517
0063,21:05,1265,15517
0063,21:10,1270,15517
0063,21:15,1275,15517
0063,21:20,1280,15517
0063,21:25,1285,15517
0063,21:30,1290,15517
0063,21:35,1295,15517
0063,21:40,1300,15517
0063,21:45,1305,15517
0063,21:50,1310,15517
0063,21:55,1315,15517
0063,22:00,1320,15517
0063,22:05,1325,15517
0063,22:10,1330,15517
0063,22:15,1335,15517
0063,22:20,1340,15517
0063,22:25,1345,15517
0063,22:30,1350,15517
0063,22:35,1355,15517
0063,22:40,1360,15517
0063,22:45,1365,15517
0063,22:50,1370,15517
0063,22:55,1375,15517
0063,23:00,1380,15517
0063,23:05,1385,15517
0063,23:10,1390,15517
0063,23:15,1395,15517
0063,23:16,1396,15517
0063,23:20,1400,15517
0064,09:00,540,0
0064,09:05,545,0
0064,09:10,550,0
0064,09:15,555,0
0064,09:20,560,0
0064,09:25,565,0
0064,09:30,570,0
0064,09:35,575,0
0064,09:40,580,0
0064,09:45,585,0
0064,09:50,590,0
0064,09:55,595,0
0064,10:00,600,0
0064,10:05,605,0
0064,10:10,610,0
0064,10:15,615,0
0064,10:20,620,0
0064,10:25,625,0
0064,10:30,630,0
0064,10:35,635,0
0064,10:40,640,0
0064,10:45,645,0
0064,10:50,650,0
0064,10:55,655,0
0064,11:00,660,0
0064,11:05,665,0
0064,11:10,670,0
0064,11:15,675,0
0064,11:20,680,0
0064,11:25,685,0
0064,11:30,690,0
0064,11:35,695,0
0064,11:40,700,0
0064,11:45,705,0
0064,11:50,710,0
0064,11:55,715,0
0064,12:00,720,0
0064,12:05,725,0
0064,12:10,730,0
0064,12:15,735,0
0064,12:20,740,0
0064,12:25,745,0
0064,12:30,750,-356
0064,12:35,755,-356
0064,12:40,760,-356
0064,12:45,765,-356
0064,12:50,770,-356
0064,12:55,775,-356
0064,13:00,780,-356
0064,13:05,785,-356
0064,13:10,790,-356
0064,13:15,795,-356
0064,13:20,800,-356
0064,13:25,805,-356
0064,13:30,810,-356
0064,13:35,815,-356
0064,13:40,820,-356
0064,13:45,825,-356
0064,13:50,830,-356
0064,13:55,835,-356
0064,14:00,840,-356
0064,14:05,845,-356
0064,14:10,850,-622
0064,14:15,855,-622
0064,14:20,860,-622
0064,14:25,865,-622
0064,14:30,870,-622
0064,14:35,875,-622
0064,14:40,880,-622
0064,14:45,885,-1867
0064,14:50,890,-1867
0064,14:55,895,-1867
0064,15:00,900,-1867
0064,15:05,905,-1867
0064,15:10,910,-1867
0064,15:15,915,-1867
0064,15:20,920,-1867
0064,15:25,925,-1867
0064,15:30,930,-1867
0064,15:35,935,-1867
0064,15:40,940,-1867
0064,15:45,945,1810
0064,15:50,950,1810
0064,15:55,955,1810
0064,16:00,960,1810
0064,16:05,965,1810
0064,16:10,970,5690
0064,16:15,975,5690
0064,16:20,980,5690
0064,16:25,985,5690
0064,16:30,990,4052
0064,16:35,995,4052
0064,16:40,1000,4052
0064,16:45,1005,4052
0064,16:50,1010,4052
0064,16:55,1015,4052
0064,17:00,1020,4052
0064,17:05,1025,3017
0064,17:10,1030,3017
0064,17:15,1035,3017
0064,17:20,1040,3017
0064,17:25,1045,3017
0064,17:30,1050,1897
0064,17:35,1055,1897
0064,17:40,1060,1897
0064,17:45,1065,1897
0064,17:50,1070,1121
0064,17:55,1075,1121
0064,18:00,1080,1121
0064,18:05,1085,1121
0064,18:10,1090,776
0064,18:15,1095,776
0064,18:20,1100,776
0064,18:25,1105,776
0064,18:30,1110,776
0064,18:35,1115,776
0064,18:40,1120,776
0064,18:45,1125,776
0064,18:50,1130,3190
0064,18:55,1135,3190
0064,19:00,1140,3190
0064,19:05,1145,3190
0064,19:10,1150,7069
0064,19:15,1155,7069
0064,19:20,1160,7069
0064,19:25,1165,5948
0064,19:30,1170,5948
0064,19:35,1175,5948
0064,19:40,1180,5948
0064,19:45,1185,5172
0064,19:50,1190,5172
0064,19:55,1195,5172
0064,20:00,1200,5172
0064,20:05,1205,5172
0064,20:10,1210,5172
0064,20:15,1215,5172
0064,20:20,1220,5172
0064,20:25,1225,5172
0064,20:30,1230,5172
0064,20:35,1235,5172
0064,20:40,1240,5172
0064,20:45,1245,5172
0064,20:50,1250,5172
0064,20:55,1255,5172
0064,21:00,1260,5172
0064,21:05,1265,5172
0064,21:10,1270,5172
0064,21:15,1275,5172
0064,21:20,1280,5172
0064,21:25,1285,5172
0064,21:30,1290,5172
0064,21:35,1295,5172
0064,21:40,1300,5172
0064,21:45,1305,5172
0064,21:50,1310,5172
0064,21:55,1315,5172
0064,22:00,1320,5172
0064,22:05,1325,5086
0064,22:10,1330,5086
0064,22:15,1335,5086
0064,22:20,1340,5086
0064,22:25,1345,5086
0064,22:30,1350,5086
0064,22:35,1355,5086
0064,22:40,1360,5086
0064,22:45,1365,5086
0064,22:50,1370,5086
0064,22:55,1375,5086
0064,23:00,1380,5086
0064,23:05,1385,5086
0064,23:10,1390,5086
0064,23:15,1395,5086
0064,23:16,1396,5086
0064,23:20,1400,5086
0065,09:00,540,0
0065,09:05,545,0
0065,09:10,550,0
0065,09:15,555,0
0065,09:20,560,0
0065,09:25,565,0
0065,09:30,570,0
0065,09:35,575,0
0065,09:40,580,0
0065,09:45,585,0
0065,09:50,590,0
0065,09:55,595,0
0065,10:00,600,0
0065,10:05,605,0
0065,10:10,610,0
0065,10:15,615,0
0065,10:20,620,0
0065,10:25,625,0
0065,10:30,630,0
0065,10:35,635,0
0065,10:40,640,-356
0065,10:45,645,-356
0065,10:50,650,-356
0065,10:55,655,-356
0065,11:00,660,2069
0065,11:05,665,2069
0065,11:10,670,3103
0065,11:15,675,3103
0065,11:20,680,3103
0065,11:25,685,3103
0065,11:30,690,6552
0065,11:35,695,6552
0065,11:40,700,6552
0065,11:45,705,5517
0065,11:50,710,5517
0065,11:55,715,5517
0065,12:00,720,5517
0065,12:05,725,8966
0065,12:10,730,8966
0065,12:15,735,8966
0065,12:20,740,8966
0065,12:25,745,8966
0065,12:30,750,15690
0065,12:35,755,15690
0065,12:40,760,15690
0065,12:45,765,15690
0065,12:50,770,14310
0065,12:55,775,14310
0065,13:00,780,14310
0065,13:05,785,13103
0065,13:10,790,13103
0065,13:15,795,13103
0065,13:20,800,13103
0065,13:25,805,11207
0065,13:30,810,11207
0065,13:35,815,11207
0065,13:40,820,11207
0065,13:45,825,11207
0065,13:50,830,12759
0065,13:55,835,12759
0065,14:00,840,12759
0065,14:05,845,12759
0065,14:10,850,13276
0065,14:15,855,13276
0065,14:20,860,13276
0065,14:25,865,13276
0065,14:30,870,12069
0065,14:35,875,12069
0065,14:40,880,12069
0065,14:45,885,10517
0065,14:50,890,10517
0065,14:55,895,10517
0065,15:00,900,10517
0065,15:05,905,10517
0065,15:10,910,9138
0065,15:15,915,9138
0065,15:20,920,9138
0065,15:25,925,9138
0065,15:30,930,8793
0065,15:35,935,8793
0065,15:40,940,8793
0065,15:45,945,8276
0065,15:50,950,8276
0065,15:55,955,8276
0065,16:00,960,8276
0065,16:05,965,8276
0065,16:10,970,7931
0065,16:15,975,7931
0065,16:20,980,7931
0065,16:25,985,7931
0065,16:30,990,7241
0065,16:35,995,7241
0065,16:40,1000,7241
0065,16:45,1005,7241
0065,16:50,1010,6897
0065,16:55,1015,6897
0065,17:00,1020,6897
0065,17:05,1025,5862
0065,17:10,1030,5862
0065,17:15,1035,5862
0065,17:20,1040,5862
0065,17:25,1045,5862
0065,17:30,1050,5517
0065,17:35,1055,5517
0065,17:40,1060,5517
0065,17:45,1065,5517
0065,17:50,1070,5000
0065,17:55,1075,5000
0065,18:00,1080,5000
0065,18:05,1085,5000
0065,18:10,1090,4655
0065,18:15,1095,4655
0065,18:20,1100,4655
0065,18:25,1105,4655
0065,18:30,1110,4655
0065,18:35,1115,4655
0065,18:40,1120,4655
0065,18:45,1125,4655
0065,18:50,1130,4655
0065,18:55,1135,4655
0065,19:00,1140,4655
0065,19:05,1145,4655
0065,19:10,1150,4655
0065,19:15,1155,4655
0065,19:20,1160,4655
0065,19:25,1165,4655
0065,19:30,1170,4655
0065,19:35,1175,4655
0065,19:40,1180,4655
0065,19:45,1185,4310
0065,19:50,1190,4310
0065,19:55,1195,4310
0065,20:00,1200,4310
0065,20:05,1205,4310
0065,20:10,1210,3103
0065,20:15,1215,3103
0065,20:20,1220,3103
0065,20:25,1225,3103
0065,20:30,1230,2586
0065,20:35,1235,2586
0065,20:40,1240,2586
0065,20:45,1245,2586
0065,20:50,1250,2586
0065,20:55,1255,2586
0065,21:00,1260,2586
0065,21:05,1265,2586
0065,21:10,1270,2586
0065,21:15,1275,2586
0065,21:20,1280,2586
0065,21:25,1285,2586
0065,21:30,1290,2414
0065,21:35,1295,2414
0065,21:40,1300,2414
0065,21:45,1305,862
0065,21:50,1310,862
0065,21:55,1315,862
0065,22:00,1320,862
0065,22:05,1325,862
0065,22:10,1330,862
0065,22:15,1335,862
0065,22:20,1340,862
0065,22:25,1345,862
0065,22:30,1350,345
0065,22:35,1355,345
0065,22:40,1360,345
0065,22:45,1365,345
0065,22:50,1370,345
0065,22:55,1375,345
0065,23:00,1380,345
0065,23:05,1385,345
0065,23:10,1390,345
0065,23:15,1395,345
0065,23:16,1396,345
0065,23:20,1400,345
0066,09:00,540,0
0066,09:05,545,0
0066,09:10,550,0
0066,09:15,555,0
0066,09:20,560,0
0066,09:25,565,0
0066,09:30,570,0
0066,09:35,575,0
0066,09:40,580,0
0066,09:45,585,0
0066,09:50,590,0
0066,09:55,595,0
0066,10:00,600,0
0066,10:05,605,0
0066,10:10,610,0
0066,10:15,615,0
0066,10:20,620,0
0066,10:25,625,0
0066,10:30,630,0
0066,10:35,635,0
0066,10:40,640,0
0066,10:45,645,0
0066,10:50,650,0
0066,10:55,655,0
0066,11:00,660,0
0066,11:05,665,0
0066,11:10,670,0
0066,11:15,675,0
0066,11:20,680,0
0066,11:25,685,0
0066,11:30,690,0
0066,11:35,695,0
0066,11:40,700,0
0066,11:45,705,0
0066,11:50,710,0
0066,11:55,715,0
0066,12:00,720,0
0066,12:05,725,0
0066,12:10,730,0
0066,12:15,735,0
0066,12:20,740,0
0066,12:25,745,0
0066,12:30,750,0
0066,12:35,755,0
0066,12:40,760,0
0066,12:45,765,0
0066,12:50,770,0
0066,12:55,775,0
0066,13:00,780,0
0066,13:05,785,-1244
0066,13:10,790,-1244
0066,13:15,795,-1244
0066,13:20,800,-1244
0066,13:25,805,-2667
0066,13:30,810,-2667
0066,13:35,815,-2667
0066,13:40,820,-2667
0066,13:45,825,-2667
0066,13:50,830,-4089
0066,13:55,835,-4089
0066,14:00,840,-4089
0066,14:05,845,-4089
0066,14:10,850,-5511
0066,14:15,855,-5511
0066,14:20,860,-5511
0066,14:25,865,-5511
0066,14:30,870,-6578
0066,14:35,875,-6578
0066,14:40,880,-6578
0066,14:45,885,-6578
0066,14:50,890,-6578
0066,14:55,895,-6578
0066,15:00,900,-6578
0066,15:05,905,-6578
0066,15:10,910,-6578
0066,15:15,915,-6578
0066,15:20,920,-6578
0066,15:25,925,-6578
0066,15:30,930,-6578
0066,15:35,935,-6578
0066,15:40,940,-6578
0066,15:45,945,-7467
0066,15:50,950,-7467
0066,15:55,955,-7467
0066,16:00,960,-7467
0066,16:05,965,-7467
0066,16:10,970,-7467
0066,16:15,975,-7467
0066,16:20,980,-7467
0066,16:25,985,-7467
0066,16:30,990,-7467
0066,16:35,995,-7467
0066,16:40,1000,-7467
0066,16:45,1005,-7467
0066,16:50,1010,-7467
0066,16:55,1015,-7467
0066,17:00,1020,-7467
0066,17:05,1025,-7467
0066,17:10,1030,-7467
0066,17:15,1035,-7467
0066,17:20,1040,-7467
0066,17:25,1045,-7467
0066,17:30,1050,-8533
0066,17:35,1055,-8533
0066,17:40,1060,-8533
0066,17:45,1065,-8533
0066,17:50,1070,-8533
0066,17:55,1075,-8533
0066,18:00,1080,-8533
0066,18:05,1085,-8533
0066,18:10,1090,-8711
0066,18:15,1095,-8711
0066,18:20,1100,-8711
0066,18:25,1105,-8711
0066,18:30,1110,-8711
0066,18:35,1115,-8711
0066,18:40,1120,-8711
0066,18:45,1125,-8711
0066,18:50,1130,-8889
0066,18:55,1135,-8889
0066,19:00,1140,-8889
0066,19:05,1145,-8889
0066,19:10,1150,-8356
0066,19:15,1155,-8356
0066,19:20,1160,-8356
0066,19:25,1165,-9778
0066,19:30,1170,-9778
0066,19:35,1175,-9778
0066,19:40,1180,-9778
0066,19:45,1185,-10489
0066,19:50,1190,-10489
0066,19:55,1195,-10489
0066,20:00,1200,-10489
0066,20:05,1205,-10489
0066,20:10,1210,-11200
0066,20:15,1215,-11200
0066,20:20,1220,-11200
0066,20:25,1225,-11200
0066,20:30,1230,-11200
0066,20:35,1235,-11200
0066,20:40,1240,-11200
0066,20:45,1245,-11200
0066,20:50,1250,-11200
0066,20:55,1255,-11200
0066,21:00,1260,-11200
0066,21:05,1265,-11200
0066,21:10,1270,-11200
0066,21:15,1275,-11200
0066,21:20,1280,-11200
0066,21:25,1285,-11200
0066,21:30,1290,-11200
0066,21:35,1295,-11200
0066,21:40,1300,-11200
0066,21:45,1305,-11200
0066,21:50,1310,-11200
0066,21:55,1315,-11200
0066,22:00,1320,-11200
0066,22:05,1325,-11200
0066,22:10,1330,-11200
0066,22:15,1335,-11200
0066,22:20,1340,-11200
0066,22:25,1345,-11200
0066,22:30,1350,-11200
0066,22:35,1355,-11200
0066,22:40,1360,-11200
0066,22:45,1365,-11200
0066,22:50,1370,-11200
0066,22:55,1375,-11200
0066,23:00,1380,-11200
0066,23:05,1385,-11200
0066,23:10,1390,-11200
0066,23:15,1395,-11200
0066,23:16,1396,-11200
0066,23:20,1400,-11200
0067,09:00,540,0
0067,09:05,545,0
0067,09:10,550,0
0067,09:15,555,0
0067,09:20,560,0
0067,09:25,565,0
0067,09:30,570,0
0067,09:35,575,0
0067,09:40,580,0
0067,09:45,585,0
0067,09:50,590,0
0067,09:55,595,0
0067,10:00,600,0
0067,10:05,605,0
0067,10:10,610,0
0067,10:15,615,0
0067,10:20,620,0
0067,10:25,625,0
0067,10:30,630,0
0067,10:35,635,0
0067,10:40,640,-267
0067,10:45,645,-267
0067,10:50,650,-267
0067,10:55,655,-267
0067,11:00,660,-1333
0067,11:05,665,-1333
0067,11:10,670,-1689
0067,11:15,675,-1689
0067,11:20,680,-1689
0067,11:25,685,-1689
0067,11:30,690,-2844
0067,11:35,695,-2844
0067,11:40,700,-2844
0067,11:45,705,-4089
0067,11:50,710,-4089
0067,11:55,715,-4089
0067,12:00,720,-4089
0067,12:05,725,-4889
0067,12:10,730,-4889
0067,12:15,735,-4889
0067,12:20,740,-4889
0067,12:25,745,-4889
0067,12:30,750,-6044
0067,12:35,755,-6044
0067,12:40,760,-6044
0067,12:45,765,-6044
0067,12:50,770,-6933
0067,12:55,775,-6933
0067,13:00,780,-6933
0067,13:05,785,-7822
0067,13:10,790,-7822
0067,13:15,795,-7822
0067,13:20,800,-7822
0067,13:25,805,-8889
0067,13:30,810,-8889
0067,13:35,815,-8889
0067,13:40,820,-8889
0067,13:45,825,-8889
0067,13:50,830,-9689
0067,13:55,835,-9689
0067,14:00,840,-9689
0067,14:05,845,-9689
0067,14:10,850,-8800
0067,14:15,855,-8800
0067,14:20,860,-8800
0067,14:25,865,-8800
0067,14:30,870,-4622
0067,14:35,875,-4622
0067,14:40,880,-4622
0067,14:45,885,-267
0067,14:50,890,-267
0067,14:55,895,-267
0067,15:00,900,-267
0067,15:05,905,-267
0067,15:10,910,2328
0067,15:15,915,2328
0067,15:20,920,2328
0067,15:25,925,2328
0067,15:30,930,1810
0067,15:35,935,1810
0067,15:40,940,1810
0067,15:45,945,690
0067,15:50,950,690
0067,15:55,955,690
0067,16:00,960,690
0067,16:05,965,690
0067,16:10,970,-356
0067,16:15,975,-356
0067,16:20,980,-356
0067,16:25,985,-356
0067,16:30,990,-889
0067,16:35,995,-889
0067,16:40,1000,-889
0067,16:45,1005,-889
0067,16:50,1010,-1600
0067,16:55,1015,-1600
0067,17:00,1020,-1600
0067,17:05,1025,-2578
0067,17:10,1030,-2578
0067,17:15,1035,-2578
0067,17:20,1040,-2578
0067,17:25,1045,-2578
0067,17:30,1050,-2667
0067,17:35,1055,-2667
0067,17:40,1060,-2667
0067,17:45,1065,-2667
0067,17:50,1070,-2667
0067,17:55,1075,-2667
0067,18:00,1080,-2667
0067,18:05,1085,-2667
0067,18:10,1090,-2933
0067,18:15,1095,-2933
0067,18:20,1100,-2933
0067,18:25,1105,-2933
0067,18:30,1110,-2933
0067,18:35,1115,-2933
0067,18:40,1120,-2933
0067,18:45,1125,-2933
0067,18:50,1130,-3200
0067,18:55,1135,-3200
0067,19:00,1140,-3200
0067,19:05,1145,-3200
0067,19:10,1150,-3200
0067,19:15,1155,-3200
0067,19:20,1160,-3200
0067,19:25,1165,-3200
0067,19:30,1170,-3200
0067,19:35,1175,-3200
0067,19:40,1180,-3200
0067,19:45,1185,-3289
0067,19:50,1190,-3289
0067,19:55,1195,-3289
0067,20:00,1200,-3289
0067,20:05,1205,-3289
0067,20:10,1210,-2578
0067,20:15,1215,-2578
0067,20:20,1220,-2578
0067,20:25,1225,-2578
0067,20:30,1230,-2667
0067,20:35,1235,-2667
0067,20:40,1240,-2667
0067,20:45,1245,-2667
0067,20:50,1250,-2667
0067,20:55,1255,-2667
0067,21:00,1260,-2667
0067,21:05,1265,-2667
0067,21:10,1270,-2667
0067,21:15,1275,-2667
0067,21:20,1280,-2667
0067,21:25,1285,-2667
0067,21:30,1290,-2667
0067,21:35,1295,-2667
0067,21:40,1300,-2667
0067,21:45,1305,-2667
0067,21:50,1310,-2667
0067,21:55,1315,-2667
0067,22:00,1320,-2667
0067,22:05,1325,-2667
0067,22:10,1330,-2667
0067,22:15,1335,-2667
0067,22:20,1340,-2667
0067,22:25,1345,-2667
0067,22:30,1350,-2667
0067,22:35,1355,-2667
0067,22:40,1360,-2667
0067,22:45,1365,-2667
0067,22:50,1370,-2667
0067,22:55,1375,-2667
0067,23:00,1380,-2667
0067,23:05,1385,-2667
0067,23:10,1390,-2667
0067,23:15,1395,-2667
0067,23:16,1396,-2667
0067,23:20,1400,-2667
0068,09:00,540,0
0068,09:05,545,0
0068,09:10,550,0
0068,09:15,555,0
0068,09:20,560,0
0068,09:25,565,0
0068,09:30,570,0
0068,09:35,575,0
0068,09:40,580,0
0068,09:45,585,0
0068,09:50,590,0
0068,09:55,595,0
0068,10:00,600,0
0068,10:05,605,0
0068,10:10,610,0
0068,10:15,615,0
0068,10:20,620,0
0068,10:25,625,0
0068,10:30,630,0
0068,10:35,635,0
0068,10:40,640,0
0068,10:45,645,0
0068,10:50,650,0
0068,10:55,655,0
0068,11:00,660,0
0068,11:05,665,0
0068,11:10,670,0
0068,11:15,675,0
0068,11:20,680,0
0068,11:25,685,0
0068,11:30,690,0
0068,11:35,695,0
0068,11:40,700,0
0068,11:45,705,-1067
0068,11:50,710,-1067
0068,11:55,715,-1067
0068,12:00,720,-1067
0068,12:05,725,-2133
0068,12:10,730,-2133
0068,12:15,735,-2133
0068,12:20,740,-2133
0068,12:25,745,-2133
0068,12:30,750,-2133
0068,12:35,755,-2133
0068,12:40,760,-2133
0068,12:45,765,-2133
0068,12:50,770,-3378
0068,12:55,775,-3378
0068,13:00,780,-3378
0068,13:05,785,-3911
0068,13:10,790,-3911
0068,13:15,795,-3911
0068,13:20,800,-3911
0068,13:25,805,-4978
0068,13:30,810,-4978
0068,13:35,815,-4978
0068,13:40,820,-4978
0068,13:45,825,-4978
0068,13:50,830,-6578
0068,13:55,835,-6578
0068,14:00,840,-6578
0068,14:05,845,-6578
0068,14:10,850,-6933
0068,14:15,855,-6933
0068,14:20,860,-6933
0068,14:25,865,-6933
0068,14:30,870,-8533
0068,14:35,875,-8533
0068,14:40,880,-8533
0068,14:45,885,-9600
0068,14:50,890,-9600
0068,14:55,895,-9600
0068,15:00,900,-9600
0068,15:05,905,-9600
0068,15:10,910,-9600
0068,15:15,915,-9600
0068,15:20,920,-9600
0068,15:25,925,-9600
0068,15:30,930,-9600
0068,15:35,935,-9600
0068,15:40,940,-9600
0068,15:45,945,-10489
0068,15:50,950,-10489
0068,15:55,955,-10489
0068,16:00,960,-10489
0068,16:05,965,-10489
0068,16:10,970,-11556
0068,16:15,975,-11556
0068,16:20,980,-11556
0068,16:25,985,-11556
0068,16:30,990,-12267
0068,16:35,995,-12267
0068,16:40,1000,-12267
0068,16:45,1005,-12267
0068,16:50,1010,-13156
0068,16:55,1015,-13156
0068,17:00,1020,-13156
0068,17:05,1025,-14044
0068,17:10,1030,-14044
0068,17:15,1035,-14044
0068,17:20,1040,-14044
0068,17:25,1045,-14044
0068,17:30,1050,-15289
0068,17:35,1055,-15289
0068,17:40,1060,-15289
0068,17:45,1065,-15289
0068,17:50,1070,-14756
0068,17:55,1075,-14756
0068,18:00,1080,-14756
0068,18:05,1085,-14756
0068,18:10,1090,-10311
0068,18:15,1095,-10311
0068,18:20,1100,-10311
0068,18:25,1105,-10844
0068,18:30,1110,-10844
0068,18:35,1115,-10844
0068,18:40,1120,-10844
0068,18:45,1125,-10844
0068,18:50,1130,-11911
0068,18:55,1135,-11911
0068,19:00,1140,-11911
0068,19:05,1145,-11911
0068,19:10,1150,-12978
0068,19:15,1155,-12978
0068,19:20,1160,-12978
0068,19:25,1165,-13333
0068,19:30,1170,-13333
0068,19:35,1175,-13333
0068,19:40,1180,-13333
0068,19:45,1185,-13689
0068,19:50,1190,-13689
0068,19:55,1195,-13689
0068,20:00,1200,-13689
0068,20:05,1205,-13689
0068,20:10,1210,-14933
0068,20:15,1215,-14933
0068,20:20,1220,-14933
0068,20:25,1225,-14933
0068,20:30,1230,-14933
0068,20:35,1235,-14933
0068,20:40,1240,-14933
0068,20:45,1245,-15111
0068,20:50,1250,-15111
0068,20:55,1255,-15111
0068,21:00,1260,-15111
0068,21:05,1265,-15111
0068,21:10,1270,-15111
0068,21:15,1275,-15111
0068,21:20,1280,-15111
0068,21:25,1285,-15111
0068,21:30,1290,-15111
0068,21:35,1295,-15111
0068,21:40,1300,-15111
0068,21:45,1305,-15111
0068,21:50,1310,-15111
0068,21:55,1315,-15111
0068,22:00,1320,-15111
0068,22:05,1325,-15467
0068,22:10,1330,-15467
0068,22:15,1335,-15467
0068,22:20,1340,-15467
0068,22:25,1345,-15467
0068,22:30,1350,-15822
0068,22:35,1355,-15822
0068,22:40,1360,-15822
0068,22:45,1365,-15822
0068,22:50,1370,-15822
0068,22:55,1375,-15822
0068,23:00,1380,-15822
0068,23:05,1385,-15822
0068,23:10,1390,-15822
0068,23:15,1395,-15822
0068,23:16,1396,-15822
0068,23:20,1400,-15822
0069,09:00,540,0
0069,09:05,545,0
0069,09:10,550,0
0069,09:15,555,0
0069,09:20,560,0
0069,09:25,565,0
0069,09:30,570,0
0069,09:35,575,0
0069,09:40,580,0
0069,09:45,585,0
0069,09:50,590,0
0069,09:55,595,0
0069,10:00,600,0
0069,10:05,605,0
0069,10:10,610,0
0069,10:15,615,0
0069,10:20,620,0
0069,10:25,625,0
0069,10:30,630,0
0069,10:35,635,0
0069,10:40,640,0
0069,10:45,645,0
0069,10:50,650,0
0069,10:55,655,0
0069,11:00,660,0
0069,11:05,665,0
0069,11:10,670,0
0069,11:15,675,0
0069,11:20,680,0
0069,11:25,685,0
0069,11:30,690,0
0069,11:35,695,0
0069,11:40,700,0
0069,11:45,705,0
0069,11:50,710,0
0069,11:55,715,0
0069,12:00,720,0
0069,12:05,725,0
0069,12:10,730,0
0069,12:15,735,0
0069,12:20,740,0
0069,12:25,745,0
0069,12:30,750,0
0069,12:35,755,0
0069,12:40,760,0
0069,12:45,765,0
0069,12:50,770,0
0069,12:55,775,0
0069,13:00,780,0
0069,13:05,785,-1333
0069,13:10,790,-1333
0069,13:15,795,-1333
0069,13:20,800,-1333
0069,13:25,805,-1422
0069,13:30,810,-1422
0069,13:35,815,-1422
0069,13:40,820,-1422
0069,13:45,825,-1422
0069,13:50,830,-2222
0069,13:55,835,-2222
0069,14:00,840,-2222
0069,14:05,845,-2222
0069,14:10,850,-3022
0069,14:15,855,-3022
0069,14:20,860,-3022
0069,14:25,865,-3022
0069,14:30,870,517
0069,14:35,875,517
0069,14:40,880,517
0069,14:45,885,-533
0069,14:50,890,-533
0069,14:55,895,-533
0069,15:00,900,-533
0069,15:05,905,-533
0069,15:10,910,-1689
0069,15:15,915,-1689
0069,15:20,920,-1689
0069,15:25,925,-1689
0069,15:30,930,431
0069,15:35,935,431
0069,15:40,940,431
0069,15:45,945,3966
0069,15:50,950,3966
0069,15:55,955,3966
0069,16:00,960,3966
0069,16:05,965,3966
0069,16:10,970,6466
0069,16:15,975,6466
0069,16:20,980,6466
0069,16:25,985,6466
0069,16:30,990,4828
0069,16:35,995,4828
0069,16:40,1000,4828
0069,16:45,1005,4828
0069,16:50,1010,3448
0069,16:55,1015,3448
0069,17:00,1020,3448
0069,17:05,1025,2328
0069,17:10,1030,2328
0069,17:15,1035,2328
0069,17:20,1040,2328
0069,17:25,1045,2328
0069,17:30,1050,1897
0069,17:35,1055,1897
0069,17:40,1060,1897
0069,17:45,1065,1897
0069,17:50,1070,1897
0069,17:55,1075,1897
0069,18:00,1080,1897
0069,18:05,1085,1897
0069,18:10,1090,1897
0069,18:15,1095,1897
0069,18:20,1100,1897
0069,18:25,1105,1897
0069,18:30,1110,1897
0069,18:35,1115,1897
0069,18:40,1120,1897
0069,18:45,1125,1897
0069,18:50,1130,1724
0069,18:55,1135,1724
0069,19:00,1140,1724
0069,19:05,1145,1724
0069,19:10,1150,1724
0069,19:15,1155,1724
0069,19:20,1160,1724
0069,19:25,1165,1466
0069,19:30,1170,1466
0069,19:35,1175,1466
0069,19:40,1180,1466
0069,19:45,1185,1466
0069,19:50,1190,1466
0069,19:55,1195,1466
0069,20:00,1200,1466
0069,20:05,1205,1466
0069,20:10,1210,1466
0069,20:15,1215,1466
0069,20:20,1220,1466
0069,20:25,1225,1466
0069,20:30,1230,776
0069,20:35,1235,776
0069,20:40,1240,776
0069,20:45,1245,1121
0069,20:50,1250,1121
0069,20:55,1255,1121
0069,21:00,1260,1121
0069,21:05,1265,1121
0069,21:10,1270,431
0069,21:15,1275,431
0069,21:20,1280,431
0069,21:25,1285,431
0069,21:30,1290,431
0069,21:35,1295,431
0069,21:40,1300,431
0069,21:45,1305,431
0069,21:50,1310,431
0069,21:55,1315,431
0069,22:00,1320,431
0069,22:05,1325,431
0069,22:10,1330,431
0069,22:15,1335,431
0069,22:20,1340,431
0069,22:25,1345,431
0069,22:30,1350,431
0069,22:35,1355,431
0069,22:40,1360,431
0069,22:45,1365,431
0069,22:50,1370,431
0069,22:55,1375,431
0069,23:00,1380,431
0069,23:05,1385,431
0069,23:10,1390,431
0069,23:15,1395,431
0069,23:16,1396,431
0069,23:20,1400,431
0070,09:00,540,0
0070,09:05,545,0
0070,09:10,550,0
0070,09:15,555,0
0070,09:20,560,0
0070,09:25,565,0
0070,09:30,570,0
0070,09:35,575,0
0070,09:40,580,0
0070,09:45,585,0
0070,09:50,590,0
0070,09:55,595,0
0070,10:00,600,0
0070,10:05,605,0
0070,10:10,610,0
0070,10:15,615,0
0070,10:20,620,0
0070,10:25,625,0
0070,10:30,630,0
0070,10:35,635,0
0070,10:40,640,0
0070,10:45,645,0
0070,10:50,650,0
0070,10:55,655,0
0070,11:00,660,0
0070,11:05,665,0
0070,11:10,670,0
0070,11:15,675,0
0070,11:20,680,0
0070,11:25,685,0
0070,11:30,690,0
0070,11:35,695,0
0070,11:40,700,0
0070,11:45,705,-800
0070,11:50,710,-800
0070,11:55,715,-800
0070,12:00,720,-800
0070,12:05,725,-533
0070,12:10,730,-533
0070,12:15,735,-533
0070,12:20,740,-533
0070,12:25,745,-533
0070,12:30,750,6207
0070,12:35,755,6207
0070,12:40,760,6207
0070,12:45,765,6207
0070,12:50,770,5345
0070,12:55,775,5345
0070,13:00,780,5345
0070,13:05,785,4483
0070,13:10,790,4483
0070,13:15,795,4483
0070,13:20,800,4483
0070,13:25,805,3276
0070,13:30,810,3276
0070,13:35,815,3276
0070,13:40,820,3276
0070,13:45,825,3276
0070,13:50,830,2328
0070,13:55,835,2328
0070,14:00,840,2328
0070,14:05,845,2328
0070,14:10,850,1552
0070,14:15,855,1552
0070,14:20,860,1552
0070,14:25,865,1552
0070,14:30,870,517
0070,14:35,875,517
0070,14:40,880,517
0070,14:45,885,431
0070,14:50,890,431
0070,14:55,895,431
0070,15:00,900,431
0070,15:05,905,431
0070,15:10,910,-444
0070,15:15,915,-444
0070,15:20,920,-444
0070,15:25,925,-444
0070,15:30,930,-1600
0070,15:35,935,-1600
0070,15:40,940,-1600
0070,15:45,945,-2400
0070,15:50,950,-2400
0070,15:55,955,-2400
0070,16:00,960,-2400
0070,16:05,965,-2400
0070,16:10,970,-3289
0070,16:15,975,-3289
0070,16:20,980,-3289
0070,16:25,985,-3289
0070,16:30,990,-3467
0070,16:35,995,-3467
0070,16:40,1000,-3467
0070,16:45,1005,-3467
0070,16:50,1010,-4622
0070,16:55,1015,-4622
0070,17:00,1020,-4622
0070,17:05,1025,-5778
0070,17:10,1030,-5778
0070,17:15,1035,-5778
0070,17:20,1040,-5778
0070,17:25,1045,-5778
0070,17:30,1050,-5511
0070,17:35,1055,-5511
0070,17:40,1060,-5511
0070,17:45,1065,-5511
0070,17:50,1070,-89
0070,17:55,1075,-89
0070,18:00,1080,-89
0070,18:05,1085,-89
0070,18:10,1090,-1244
0070,18:15,1095,-1244
0070,18:20,1100,-1244
0070,18:25,1105,-1867
0070,18:30,1110,-1867
0070,18:35,1115,-1867
0070,18:40,1120,-1867
0070,18:45,1125,-1867
0070,18:50,1130,-3111
0070,18:55,1135,-3111
0070,19:00,1140,-3111
0070,19:05,1145,-3111
0070,19:10,1150,-3733
0070,19:15,1155,-3733
0070,19:20,1160,-3733
0070,19:25,1165,1293
0070,19:30,1170,1293
0070,19:35,1175,1293
0070,19:40,1180,1293
0070,19:45,1185,-178
0070,19:50,1190,-178
0070,19:55,1195,-178
0070,20:00,1200,-178
0070,20:05,1205,-178
0070,20:10,1210,-178
0070,20:15,1215,-178
0070,20:20,1220,-178
0070,20:25,1225,-178
0070,20:30,1230,-178
0070,20:35,1235,-178
0070,20:40,1240,-178
0070,20:45,1245,-178
0070,20:50,1250,-178
0070,20:55,1255,-178
0070,21:00,1260,-178
0070,21:05,1265,-178
0070,21:10,1270,-178
0070,21:15,1275,-178
0070,21:20,1280,-178
0070,21:25,1285,-178
0070,21:30,1290,-267
0070,21:35,1295,-267
0070,21:40,1300,-267
0070,21:45,1305,-444
0070,21:50,1310,-444
0070,21:55,1315,-444
0070,22:00,1320,-444
0070,22:05,1325,-533
0070,22:10,1330,-533
0070,22:15,1335,-533
0070,22:20,1340,-533
0070,22:25,1345,-533
0070,22:30,1350,-533
0070,22:35,1355,-533
0070,22:40,1360,-533
0070,22:45,1365,-533
0070,22:50,1370,-533
0070,22:55,1375,-533
0070,23:00,1380,-533
0070,23:05,1385,-533
0070,23:10,1390,-533
0070,23:15,1395,-533
0070,23:16,1396,-533
0070,23:20,1400,-533
0071,09:00,540,0
0071,09:05,545,0
0071,09:10,550,0
0071,09:15,555,0
0071,09:20,560,0
0071,09:25,565,0
0071,09:30,570,0
0071,09:35,575,0
0071,09:40,580,0
0071,09:45,585,0
0071,09:50,590,0
0071,09:55,595,0
0071,10:00,600,0
0071,10:05,605,0
0071,10:10,610,0
0071,10:15,615,0
0071,10:20,620,0
0071,10:25,625,0
0071,10:30,630,0
0071,10:35,635,0
0071,10:40,640,0
0071,10:45,645,0
0071,10:50,650,0
0071,10:55,655,0
0071,11:00,660,0
0071,11:05,665,0
0071,11:10,670,0
0071,11:15,675,0
0071,11:20,680,0
0071,11:25,685,0
0071,11:30,690,0
0071,11:35,695,0
0071,11:40,700,0
0071,11:45,705,0
0071,11:50,710,0
0071,11:55,715,0
0071,12:00,720,0
0071,12:05,725,0
0071,12:10,730,0
0071,12:15,735,0
0071,12:20,740,0
0071,12:25,745,0
0071,12:30,750,0
0071,12:35,755,0
0071,12:40,760,0
0071,12:45,765,0
0071,12:50,770,0
0071,12:55,775,0
0071,13:00,780,0
0071,13:05,785,0
0071,13:10,790,0
0071,13:15,795,0
0071,13:20,800,0
0071,13:25,805,0
0071,13:30,810,0
0071,13:35,815,0
0071,13:40,820,0
0071,13:45,825,0
0071,13:50,830,0
0071,13:55,835,0
0071,14:00,840,0
0071,14:05,845,0
0071,14:10,850,948
0071,14:15,855,948
0071,14:20,860,948
0071,14:25,865,948
0071,14:30,870,690
0071,14:35,875,690
0071,14:40,880,690
0071,14:45,885,-356
0071,14:50,890,-356
0071,14:55,895,-356
0071,15:00,900,-356
0071,15:05,905,-356
0071,15:10,910,-1333
0071,15:15,915,-1333
0071,15:20,920,-1333
0071,15:25,925,-1333
0071,15:30,930,-1511
0071,15:35,935,-1511
0071,15:40,940,-1511
0071,15:45,945,-2933
0071,15:50,950,-2933
0071,15:55,955,-2933
0071,16:00,960,-2933
0071,16:05,965,-2933
0071,16:10,970,-3289
0071,16:15,975,-3289
0071,16:20,980,-3289
0071,16:25,985,-3289
0071,16:30,990,-3467
0071,16:35,995,-3467
0071,16:40,1000,-3467
0071,16:45,1005,-3467
0071,16:50,1010,-4800
0071,16:55,1015,-4800
0071,17:00,1020,-4800
0071,17:05,1025,-4800
0071,17:10,1030,-4800
0071,17:15,1035,-4800
0071,17:20,1040,-4800
0071,17:25,1045,-4800
0071,17:30,1050,-4800
0071,17:35,1055,-4800
0071,17:40,1060,-4800
0071,17:45,1065,-4800
0071,17:50,1070,-5422
0071,17:55,1075,-5422
0071,18:00,1080,-5422
0071,18:05,1085,-5422
0071,18:10,1090,-5422
0071,18:15,1095,-5422
0071,18:20,1100,-5422
0071,18:25,1105,-5422
0071,18:30,1110,-5422
0071,18:35,1115,-5422
0071,18:40,1120,-5422
0071,18:45,1125,-5422
0071,18:50,1130,-5422
0071,18:55,1135,-5422
0071,19:00,1140,-5422
0071,19:05,1145,-5422
0071,19:10,1150,-6311
0071,19:15,1155,-6311
0071,19:20,1160,-6311
0071,19:25,1165,-6400
0071,19:30,1170,-6400
0071,19:35,1175,-6400
0071,19:40,1180,-6400
0071,19:45,1185,-7022
0071,19:50,1190,-7022
0071,19:55,1195,-7022
0071,20:00,1200,-7022
0071,20:05,1205,-7022
0071,20:10,1210,-7022
0071,20:15,1215,-7022
0071,20:20,1220,-7022
0071,20:25,1225,-7022
0071,20:30,1230,-4267
0071,20:35,1235,-4267
0071,20:40,1240,-4267
0071,20:45,1245,-4356
0071,20:50,1250,-4356
0071,20:55,1255,-4356
0071,21:00,1260,-4356
0071,21:05,1265,-4356
0071,21:10,1270,-4800
0071,21:15,1275,-4800
0071,21:20,1280,-4800
0071,21:25,1285,-4800
0071,21:30,1290,-6578
0071,21:35,1295,-6578
0071,21:40,1300,-6578
0071,21:45,1305,-6756
0071,21:50,1310,-6756
0071,21:55,1315,-6756
0071,22:00,1320,-6756
0071,22:05,1325,-6844
0071,22:10,1330,-6844
0071,22:15,1335,-6844
0071,22:20,1340,-6844
0071,22:25,1345,-6844
0071,22:30,1350,-6933
0071,22:35,1355,-6933
0071,22:40,1360,-6933
0071,22:45,1365,-6933
0071,22:50,1370,-6933
0071,22:55,1375,-6933
0071,23:00,1380,-6933
0071,23:05,1385,-6933
0071,23:10,1390,-6933
0071,23:15,1395,-6933
0071,23:16,1396,-6933
0071,23:20,1400,-6933
0072,09:00,540,0
0072,09:05,545,0
0072,09:10,550,0
0072,09:15,555,0
0072,09:20,560,0
0072,09:25,565,0
0072,09:30,570,0
0072,09:35,575,0
0072,09:40,580,0
0072,09:45,585,0
0072,09:50,590,0
0072,09:55,595,0
0072,10:00,600,0
0072,10:05,605,0
0072,10:10,610,0
0072,10:15,615,0
0072,10:20,620,0
0072,10:25,625,0
0072,10:30,630,0
0072,10:35,635,0
0072,10:40,640,0
0072,10:45,645,0
0072,10:50,650,0
0072,10:55,655,0
0072,11:00,660,0
0072,11:05,665,0
0072,11:10,670,0
0072,11:15,675,0
0072,11:20,680,0
0072,11:25,685,0
0072,11:30,690,0
0072,11:35,695,0
0072,11:40,700,0
0072,11:45,705,0
0072,11:50,710,0
0072,11:55,715,0
0072,12:00,720,0
0072,12:05,725,-1067
0072,12:10,730,-1067
0072,12:15,735,-1067
0072,12:20,740,-1067
0072,12:25,745,-1067
0072,12:30,750,-1422
0072,12:35,755,-1422
0072,12:40,760,-1422
0072,12:45,765,-1422
0072,12:50,770,-1422
0072,12:55,775,-1422
0072,13:00,780,-1422
0072,13:05,785,-1422
0072,13:10,790,-1422
0072,13:15,795,-1422
0072,13:20,800,-1422
0072,13:25,805,-1422
0072,13:30,810,-1422
0072,13:35,815,-1422
0072,13:40,820,-1422
0072,13:45,825,-1422
0072,13:50,830,-2400
0072,13:55,835,-2400
0072,14:00,840,-2400
0072,14:05,845,-2400
0072,14:10,850,-3644
0072,14:15,855,-3644
0072,14:20,860,-3644
0072,14:25,865,-3644
0072,14:30,870,-4889
0072,14:35,875,-4889
0072,14:40,880,-4889
0072,14:45,885,-5689
0072,14:50,890,-5689
0072,14:55,895,-5689
0072,15:00,900,-5689
0072,15:05,905,-5689
0072,15:10,910,-4711
0072,15:15,915,-4711
0072,15:20,920,-4711
0072,15:25,925,-4711
0072,15:30,930,-6489
0072,15:35,935,-6489
0072,15:40,940,-6489
0072,15:45,945,-7556
0072,15:50,950,-7556
0072,15:55,955,-7556
0072,16:00,960,-7556
0072,16:05,965,-7556
0072,16:10,970,-8800
0072,16:15,975,-8800
0072,16:20,980,-8800
0072,16:25,985,-8800
0072,16:30,990,-8978
0072,16:35,995,-8978
0072,16:40,1000,-8978
0072,16:45,1005,-8978
0072,16:50,1010,-3289
0072,16:55,1015,-3289
0072,17:00,1020,-3289
0072,17:05,1025,-2756
0072,17:10,1030,-2756
0072,17:15,1035,-2756
0072,17:20,1040,-2756
0072,17:25,1045,-2756
0072,17:30,1050,-4533
0072,17:35,1055,-4533
0072,17:40,1060,-4533
0072,17:45,1065,-4533
0072,17:50,1070,-5244
0072,17:55,1075,-5244
0072,18:00,1080,-5244
0072,18:05,1085,-5244
0072,18:10,1090,-5244
0072,18:15,1095,-5244
0072,18:20,1100,-5244
0072,18:25,1105,-5244
0072,18:30,1110,-5244
0072,18:35,1115,-5244
0072,18:40,1120,-5244
0072,18:45,1125,-5244
0072,18:50,1130,-5244
0072,18:55,1135,-5244
0072,19:00,1140,-5244
0072,19:05,1145,-5244
0072,19:10,1150,-5600
0072,19:15,1155,-5600
0072,19:20,1160,-5600
0072,19:25,1165,-5600
0072,19:30,1170,-5600
0072,19:35,1175,-5600
0072,19:40,1180,-5600
0072,19:45,1185,-5600
0072,19:50,1190,-5600
0072,19:55,1195,-5600
0072,20:00,1200,-5600
0072,20:05,1205,-5600
0072,20:10,1210,-6311
0072,20:15,1215,-6311
0072,20:20,1220,-6311
0072,20:25,1225,-6311
0072,20:30,1230,-6667
0072,20:35,1235,-6667
0072,20:40,1240,-6667
0072,20:45,1245,-6667
0072,20:50,1250,-6667
0072,20:55,1255,-6667
0072,21:00,1260,-6667
0072,21:05,1265,-6667
0072,21:10,1270,-7200
0072,21:15,1275,-7200
0072,21:20,1280,-7200
0072,21:25,1285,-7200
0072,21:30,1290,-6400
0072,21:35,1295,-6400
0072,21:40,1300,-6400
0072,21:45,1305,-7378
0072,21:50,1310,-7378
0072,21:55,1315,-7378
0072,22:00,1320,-7378
0072,22:05,1325,-7556
0072,22:10,1330,-7556
0072,22:15,1335,-7556
0072,22:20,1340,-7556
0072,22:25,1345,-7556
0072,22:30,1350,-7733
0072,22:35,1355,-7733
0072,22:40,1360,-7733
0072,22:45,1365,-7733
0072,22:50,1370,-7733
0072,22:55,1375,-7733
0072,23:00,1380,-7733
0072,23:05,1385,-7733
0072,23:10,1390,-7733
0072,23:15,1395,-7733
0072,23:16,1396,-7733
0072,23:20,1400,-7733
0073,09:00,540,0
0073,09:05,545,0
0073,09:10,550,0
0073,09:15,555,0
0073,09:20,560,0
0073,09:25,565,0
0073,09:30,570,0
0073,09:35,575,0
0073,09:40,580,0
0073,09:45,585,0
0073,09:50,590,0
0073,09:55,595,0
0073,10:00,600,0
0073,10:05,605,0
0073,10:10,610,0
0073,10:15,615,0
0073,10:20,620,0
0073,10:25,625,0
0073,10:30,630,0
0073,10:35,635,0
0073,10:40,640,0
0073,10:45,645,0
0073,10:50,650,0
0073,10:55,655,0
0073,11:00,660,0
0073,11:05,665,0
0073,11:10,670,0
0073,11:15,675,0
0073,11:20,680,0
0073,11:25,685,0
0073,11:30,690,0
0073,11:35,695,0
0073,11:40,700,0
0073,11:45,705,0
0073,11:50,710,0
0073,11:55,715,0
0073,12:00,720,0
0073,12:05,725,5000
0073,12:10,730,5000
0073,12:15,735,5000
0073,12:20,740,5000
0073,12:25,745,5000
0073,12:30,750,13621
0073,12:35,755,13621
0073,12:40,760,13621
0073,12:45,765,13621
0073,12:50,770,17759
0073,12:55,775,17759
0073,13:00,780,17759
0073,13:05,785,17414
0073,13:10,790,17414
0073,13:15,795,17414
0073,13:20,800,17414
0073,13:25,805,16897
0073,13:30,810,16897
0073,13:35,815,16897
0073,13:40,820,16897
0073,13:45,825,16897
0073,13:50,830,16897
0073,13:55,835,16897
0073,14:00,840,16897
0073,14:05,845,16897
0073,14:10,850,16379
0073,14:15,855,16379
0073,14:20,860,16379
0073,14:25,865,16379
0073,14:30,870,14655
0073,14:35,875,14655
0073,14:40,880,14655
0073,14:45,885,13103
0073,14:50,890,13103
0073,14:55,895,13103
0073,15:00,900,13103
0073,15:05,905,13103
0073,15:10,910,12586
0073,15:15,915,12586
0073,15:20,920,12586
0073,15:25,925,12586
0073,15:30,930,12586
0073,15:35,935,12586
0073,15:40,940,12586
0073,15:45,945,12241
0073,15:50,950,12241
0073,15:55,955,12241
0073,16:00,960,12241
0073,16:05,965,12241
0073,16:10,970,12241
0073,16:15,975,12241
0073,16:20,980,12241
0073,16:25,985,12241
0073,16:30,990,12241
0073,16:35,995,12241
0073,16:40,1000,12241
0073,16:45,1005,12241
0073,16:50,1010,12241
0073,16:55,1015,12241
0073,17:00,1020,12241
0073,17:05,1025,12241
0073,17:10,1030,12241
0073,17:15,1035,12241
0073,17:20,1040,12241
0073,17:25,1045,12241
0073,17:30,1050,12241
0073,17:35,1055,12241
0073,17:40,1060,12241
0073,17:45,1065,12241
0073,17:50,1070,12241
0073,17:55,1075,12241
0073,18:00,1080,12241
0073,18:05,1085,12241
0073,18:10,1090,12241
0073,18:15,1095,12241
0073,18:20,1100,12241
0073,18:25,1105,12241
0073,18:30,1110,12241
0073,18:35,1115,12241
0073,18:40,1120,12241
0073,18:45,1125,12241
0073,18:50,1130,11379
0073,18:55,1135,11379
0073,19:00,1140,11379
0073,19:05,1145,11379
0073,19:10,1150,11034
0073,19:15,1155,11034
0073,19:20,1160,11034
0073,19:25,1165,10862
0073,19:30,1170,10862
0073,19:35,1175,10862
0073,19:40,1180,10862
0073,19:45,1185,12931
0073,19:50,1190,12931
0073,19:55,1195,12931
0073,20:00,1200,12931
0073,20:05,1205,12931
0073,20:10,1210,12069
0073,20:15,1215,12069
0073,20:20,1220,12069
0073,20:25,1225,12069
0073,20:30,1230,10345
0073,20:35,1235,10345
0073,20:40,1240,10345
0073,20:45,1245,9310
0073,20:50,1250,9310
0073,20:55,1255,9310
0073,21:00,1260,9310
0073,21:05,1265,9310
0073,21:10,1270,9310
0073,21:15,1275,9310
0073,21:20,1280,9310
0073,21:25,1285,9310
0073,21:30,1290,9310
0073,21:35,1295,9310
0073,21:40,1300,9310
0073,21:45,1305,9310
0073,21:50,1310,9310
0073,21:55,1315,9310
0073,22:00,1320,9310
0073,22:05,1325,9310
0073,22:10,1330,9310
0073,22:15,1335,9310
0073,22:20,1340,9310
0073,22:25,1345,9310
0073,22:30,1350,9310
0073,22:35,1355,9310
0073,22:40,1360,9310
0073,22:45,1365,9310
0073,22:50,1370,9310
0073,22:55,1375,9310
0073,23:00,1380,9310
0073,23:05,1385,9310
0073,23:10,1390,9310
0073,23:15,1395,9310
0073,23:16,1396,9310
0073,23:20,1400,9310
0074,09:00,540,0
0074,09:05,545,0
0074,09:10,550,0
0074,09:15,555,0
0074,09:20,560,0
0074,09:25,565,0
0074,09:30,570,0
0074,09:35,575,0
0074,09:40,580,0
0074,09:45,585,0
0074,09:50,590,0
0074,09:55,595,0
0074,10:00,600,0
0074,10:05,605,0
0074,10:10,610,0
0074,10:15,615,0
0074,10:20,620,0
0074,10:25,625,0
0074,10:30,630,0
0074,10:35,635,0
0074,10:40,640,0
0074,10:45,645,0
0074,10:50,650,0
0074,10:55,655,0
0074,11:00,660,0
0074,11:05,665,0
0074,11:10,670,0
0074,11:15,675,0
0074,11:20,680,0
0074,11:25,685,0
0074,11:30,690,0
0074,11:35,695,0
0074,11:40,700,0
0074,11:45,705,0
0074,11:50,710,0
0074,11:55,715,0
0074,12:00,720,0
0074,12:05,725,0
0074,12:10,730,0
0074,12:15,735,0
0074,12:20,740,0
0074,12:25,745,0
0074,12:30,750,0
0074,12:35,755,0
0074,12:40,760,0
0074,12:45,765,0
0074,12:50,770,-766
0074,12:55,775,-766
0074,13:00,780,-766
0074,13:05,785,-1787
0074,13:10,790,-1787
0074,13:15,795,-1787
0074,13:20,800,-1787
0074,13:25,805,-1787
0074,13:30,810,-1787
0074,13:35,815,-1787
0074,13:40,820,-1787
0074,13:45,825,-1787
0074,13:50,830,-1787
0074,13:55,835,-1787
0074,14:00,840,-1787
0074,14:05,845,-1787
0074,14:10,850,-1787
0074,14:15,855,-1787
0074,14:20,860,-1787
0074,14:25,865,-1787
0074,14:30,870,-2553
0074,14:35,875,-2553
0074,14:40,880,-2553
0074,14:45,885,-4340
0074,14:50,890,-4340
0074,14:55,895,-4340
0074,15:00,900,-4340
0074,15:05,905,-4340
0074,15:10,910,-5617
0074,15:15,915,-5617
0074,15:20,920,-5617
0074,15:25,925,-5617
0074,15:30,930,-7149
0074,15:35,935,-7149
0074,15:40,940,-7149
0074,15:45,945,-8170
0074,15:50,950,-8170
0074,15:55,955,-8170
0074,16:00,960,-8170
0074,16:05,965,-8170
0074,16:10,970,-9447
0074,16:15,975,-9447
0074,16:20,980,-9447
0074,16:25,985,-9447
0074,16:30,990,-10723
0074,16:35,995,-10723
0074,16:40,1000,-10723
0074,16:45,1005,-10723
0074,16:50,1010,-11745
0074,16:55,1015,-11745
0074,17:00,1020,-11745
0074,17:05,1025,-12766
0074,17:10,1030,-12766
0074,17:15,1035,-12766
0074,17:20,1040,-12766
0074,17:25,1045,-12766
0074,17:30,1050,-12766
0074,17:35,1055,-12766
0074,17:40,1060,-12766
0074,17:45,1065,-12766
0074,17:50,1070,-12766
0074,17:55,1075,-12766
0074,18:00,1080,-12766
0074,18:05,1085,-12766
0074,18:10,1090,-12766
0074,18:15,1095,-12766
0074,18:20,1100,-12766
0074,18:25,1105,-13021
0074,18:30,1110,-13021
0074,18:35,1115,-13021
0074,18:40,1120,-13021
0074,18:45,1125,-13021
0074,18:50,1130,-13787
0074,18:55,1135,-13787
0074,19:00,1140,-13787
0074,19:05,1145,-13787
0074,19:10,1150,-14809
0074,19:15,1155,-14809
0074,19:20,1160,-14809
0074,19:25,1165,-16596
0074,19:30,1170,-16596
0074,19:35,1175,-16596
0074,19:40,1180,-16596
0074,19:45,1185,-18128
0074,19:50,1190,-18128
0074,19:55,1195,-18128
0074,20:00,1200,-18128
0074,20:05,1205,-18128
0074,20:10,1210,-19404
0074,20:15,1215,-19404
0074,20:20,1220,-19404
0074,20:25,1225,-19404
0074,20:30,1230,-20936
0074,20:35,1235,-20936
0074,20:40,1240,-20936
0074,20:45,1245,-21702
0074,20:50,1250,-21702
0074,20:55,1255,-21702
0074,21:00,1260,-21702
0074,21:05,1265,-21702
0074,21:10,1270,-22723
0074,21:15,1275,-22723
0074,21:20,1280,-22723
0074,21:25,1285,-22723
0074,21:30,1290,-24255
0074,21:35,1295,-24255
0074,21:40,1300,-24255
0074,21:45,1305,-24766
0074,21:50,1310,-24766
0074,21:55,1315,-24766
0074,22:00,1320,-24766
0074,22:05,1325,-20936
0074,22:10,1330,-20936
0074,22:15,1335,-20936
0074,22:20,1340,-20936
0074,22:25,1345,-20936
0074,22:30,1350,-20936
0074,22:35,1355,-20936
0074,22:40,1360,-20936
0074,22:45,1365,-20936
0074,22:50,1370,-20936
0074,22:55,1375,-20936
0074,23:00,1380,-20936
0074,23:05,1385,-20936
0074,23:10,1390,-20936
0074,23:15,1395,-20936
0074,23:16,1396,-20936
0074,23:20,1400,-20936
0075,09:00,540,0
0075,09:05,545,0
0075,09:10,550,0
0075,09:15,555,0
0075,09:20,560,0
0075,09:25,565,0
0075,09:30,570,0
0075,09:35,575,0
0075,09:40,580,0
0075,09:45,585,0
0075,09:50,590,0
0075,09:55,595,0
0075,10:00,600,0
0075,10:05,605,0
0075,10:10,610,0
0075,10:15,615,0
0075,10:20,620,0
0075,10:25,625,0
0075,10:30,630,0
0075,10:35,635,0
0075,10:40,640,0
0075,10:45,645,0
0075,10:50,650,0
0075,10:55,655,0
0075,11:00,660,0
0075,11:05,665,0
0075,11:10,670,0
0075,11:15,675,0
0075,11:20,680,0
0075,11:25,685,0
0075,11:30,690,0
0075,11:35,695,0
0075,11:40,700,0
0075,11:45,705,0
0075,11:50,710,0
0075,11:55,715,0
0075,12:00,720,0
0075,12:05,725,0
0075,12:10,730,0
0075,12:15,735,0
0075,12:20,740,0
0075,12:25,745,0
0075,12:30,750,0
0075,12:35,755,0
0075,12:40,760,0
0075,12:45,765,0
0075,12:50,770,0
0075,12:55,775,0
0075,13:00,780,0
0075,13:05,785,0
0075,13:10,790,0
0075,13:15,795,0
0075,13:20,800,0
0075,13:25,805,0
0075,13:30,810,0
0075,13:35,815,0
0075,13:40,820,0
0075,13:45,825,0
0075,13:50,830,0
0075,13:55,835,0
0075,14:00,840,0
0075,14:05,845,0
0075,14:10,850,0
0075,14:15,855,0
0075,14:20,860,0
0075,14:25,865,0
0075,14:30,870,0
0075,14:35,875,0
0075,14:40,880,0
0075,14:45,885,0
0075,14:50,890,0
0075,14:55,895,0
0075,15:00,900,0
0075,15:05,905,0
0075,15:10,910,0
0075,15:15,915,0
0075,15:20,920,0
0075,15:25,925,0
0075,15:30,930,-978
0075,15:35,935,-978
0075,15:40,940,-978
0075,15:45,945,-2044
0075,15:50,950,-2044
0075,15:55,955,-2044
0075,16:00,960,-2044
0075,16:05,965,-2044
0075,16:10,970,0
0075,16:15,975,0
0075,16:20,980,0
0075,16:25,985,0
0075,16:30,990,2328
0075,16:35,995,2328
0075,16:40,1000,2328
0075,16:45,1005,2328
0075,16:50,1010,2931
0075,16:55,1015,2931
0075,17:00,1020,2931
0075,17:05,1025,1897
0075,17:10,1030,1897
0075,17:15,1035,1897
0075,17:20,1040,1897
0075,17:25,1045,1897
0075,17:30,1050,1379
0075,17:35,1055,1379
0075,17:40,1060,1379
0075,17:45,1065,1379
0075,17:50,1070,1379
0075,17:55,1075,1379
0075,18:00,1080,1379
0075,18:05,1085,1379
0075,18:10,1090,1379
0075,18:15,1095,1379
0075,18:20,1100,1379
0075,18:25,1105,431
0075,18:30,1110,431
0075,18:35,1115,431
0075,18:40,1120,431
0075,18:45,1125,431
0075,18:50,1130,431
0075,18:55,1135,431
0075,19:00,1140,431
0075,19:05,1145,431
0075,19:10,1150,431
0075,19:15,1155,431
0075,19:20,1160,431
0075,19:25,1165,431
0075,19:30,1170,431
0075,19:35,1175,431
0075,19:40,1180,431
0075,19:45,1185,-711
0075,19:50,1190,-711
0075,19:55,1195,-711
0075,20:00,1200,-711
0075,20:05,1205,-711
0075,20:10,1210,-889
0075,20:15,1215,-889
0075,20:20,1220,-889
0075,20:25,1225,-889
0075,20:30,1230,-889
0075,20:35,1235,-889
0075,20:40,1240,-889
0075,20:45,1245,-978
0075,20:50,1250,-978
0075,20:55,1255,-978
0075,21:00,1260,-978
0075,21:05,1265,-978
0075,21:10,1270,-978
0075,21:15,1275,-978
0075,21:20,1280,-978
0075,21:25,1285,-978
0075,21:30,1290,-978
0075,21:35,1295,-978
0075,21:40,1300,-978
0075,21:45,1305,-978
0075,21:50,1310,-978
0075,21:55,1315,-978
0075,22:00,1320,-978
0075,22:05,1325,-978
0075,22:10,1330,-978
0075,22:15,1335,-978
0075,22:20,1340,-978
0075,22:25,1345,-978
0075,22:30,1350,-978
0075,22:35,1355,-978
0075,22:40,1360,-978
0075,22:45,1365,-978
0075,22:50,1370,-978
0075,22:55,1375,-978
0075,23:00,1380,-978
0075,23:05,1385,-978
0075,23:10,1390,-978
0075,23:15,1395,-978
0075,23:16,1396,-978
0075,23:20,1400,-978
0076,09:00,540,0
0076,09:05,545,0
0076,09:10,550,0
0076,09:15,555,0
0076,09:20,560,0
0076,09:25,565,0
0076,09:30,570,0
0076,09:35,575,0
0076,09:40,580,0
0076,09:45,585,0
0076,09:50,590,0
0076,09:55,595,0
0076,10:00,600,0
0076,10:05,605,0
0076,10:10,610,0
0076,10:15,615,0
0076,10:20,620,0
0076,10:25,625,0
0076,10:30,630,0
0076,10:35,635,0
0076,10:40,640,0
0076,10:45,645,0
0076,10:50,650,0
0076,10:55,655,0
0076,11:00,660,0
0076,11:05,665,0
0076,11:10,670,0
0076,11:15,675,0
0076,11:20,680,0
0076,11:25,685,0
0076,11:30,690,0
0076,11:35,695,0
0076,11:40,700,0
0076,11:45,705,0
0076,11:50,710,0
0076,11:55,715,0
0076,12:00,720,0
0076,12:05,725,0
0076,12:10,730,0
0076,12:15,735,0
0076,12:20,740,0
0076,12:25,745,0
0076,12:30,750,0
0076,12:35,755,0
0076,12:40,760,0
0076,12:45,765,0
0076,12:50,770,0
0076,12:55,775,0
0076,13:00,780,0
0076,13:05,785,0
0076,13:10,790,0
0076,13:15,795,0
0076,13:20,800,0
0076,13:25,805,0
0076,13:30,810,0
0076,13:35,815,0
0076,13:40,820,0
0076,13:45,825,0
0076,13:50,830,0
0076,13:55,835,0
0076,14:00,840,0
0076,14:05,845,0
0076,14:10,850,-89
0076,14:15,855,-89
0076,14:20,860,-89
0076,14:25,865,-89
0076,14:30,870,-800
0076,14:35,875,-800
0076,14:40,880,-800
0076,14:45,885,-2400
0076,14:50,890,-2400
0076,14:55,895,-2400
0076,15:00,900,-2400
0076,15:05,905,-2400
0076,15:10,910,-1600
0076,15:15,915,-1600
0076,15:20,920,-1600
0076,15:25,925,-1600
0076,15:30,930,-2933
0076,15:35,935,-2933
0076,15:40,940,-2933
0076,15:45,945,-2933
0076,15:50,950,-2933
0076,15:55,955,-2933
0076,16:00,960,-2933
0076,16:05,965,-2933
0076,16:10,970,-2933
0076,16:15,975,-2933
0076,16:20,980,-2933
0076,16:25,985,-2933
0076,16:30,990,-2933
0076,16:35,995,-2933
0076,16:40,1000,-2933
0076,16:45,1005,-2933
0076,16:50,1010,-2933
0076,16:55,1015,-2933
0076,17:00,1020,-2933
0076,17:05,1025,-3911
0076,17:10,1030,-3911
0076,17:15,1035,-3911
0076,17:20,1040,-3911
0076,17:25,1045,-3911
0076,17:30,1050,-2222
0076,17:35,1055,-2222
0076,17:40,1060,-2222
0076,17:45,1065,-2222
0076,17:50,1070,-3111
0076,17:55,1075,-3111
0076,18:00,1080,-3111
0076,18:05,1085,-3111
0076,18:10,1090,-3111
0076,18:15,1095,-3111
0076,18:20,1100,-3111
0076,18:25,1105,-3200
0076,18:30,1110,-3200
0076,18:35,1115,-3200
0076,18:40,1120,-3200
0076,18:45,1125,-3200
0076,18:50,1130,-4533
0076,18:55,1135,-4533
0076,19:00,1140,-4533
0076,19:05,1145,-4533
0076,19:10,1150,-2222
0076,19:15,1155,-2222
0076,19:20,1160,-2222
0076,19:25,1165,2845
0076,19:30,1170,2845
0076,19:35,1175,2845
0076,19:40,1180,2845
0076,19:45,1185,4828
0076,19:50,1190,4828
0076,19:55,1195,4828
0076,20:00,1200,4828
0076,20:05,1205,4828
0076,20:10,1210,4569
0076,20:15,1215,4569
0076,20:20,1220,4569
0076,20:25,1225,4569
0076,20:30,1230,4569
0076,20:35,1235,4569
0076,20:40,1240,4569
0076,20:45,1245,4052
0076,20:50,1250,4052
0076,20:55,1255,4052
0076,21:00,1260,4052
0076,21:05,1265,4052
0076,21:10,1270,3966
0076,21:15,1275,3966
0076,21:20,1280,3966
0076,21:25,1285,3966
0076,21:30,1290,3017
0076,21:35,1295,3017
0076,21:40,1300,3017
0076,21:45,1305,3017
0076,21:50,1310,3017
0076,21:55,1315,3017
0076,22:00,1320,3017
0076,22:05,1325,3017
0076,22:10,1330,3017
0076,22:15,1335,3017
0076,22:20,1340,3017
0076,22:25,1345,3017
0076,22:30,1350,3017
0076,22:35,1355,3017
0076,22:40,1360,3017
0076,22:45,1365,3017
0076,22:50,1370,3017
0076,22:55,1375,3017
0076,23:00,1380,3017
0076,23:05,1385,3017
0076,23:10,1390,3017
0076,23:15,1395,3017
0076,23:16,1396,3017
0076,23:20,1400,3017
0077,09:00,540,0
0077,09:05,545,0
0077,09:10,550,0
0077,09:15,555,0
0077,09:20,560,0
0077,09:25,565,0
0077,09:30,570,0
0077,09:35,575,0
0077,09:40,580,0
0077,09:45,585,0
0077,09:50,590,0
0077,09:55,595,0
0077,10:00,600,0
0077,10:05,605,0
0077,10:10,610,0
0077,10:15,615,0
0077,10:20,620,0
0077,10:25,625,0
0077,10:30,630,0
0077,10:35,635,0
0077,10:40,640,0
0077,10:45,645,0
0077,10:50,650,0
0077,10:55,655,0
0077,11:00,660,0
0077,11:05,665,0
0077,11:10,670,0
0077,11:15,675,0
0077,11:20,680,0
0077,11:25,685,0
0077,11:30,690,-533
0077,11:35,695,-533
0077,11:40,700,-533
0077,11:45,705,-1422
0077,11:50,710,-1422
0077,11:55,715,-1422
0077,12:00,720,-1422
0077,12:05,725,-2311
0077,12:10,730,-2311
0077,12:15,735,-2311
0077,12:20,740,-2311
0077,12:25,745,-2311
0077,12:30,750,-533
0077,12:35,755,-533
0077,12:40,760,-533
0077,12:45,765,-533
0077,12:50,770,3621
0077,12:55,775,3621
0077,13:00,780,3621
0077,13:05,785,7414
0077,13:10,790,7414
0077,13:15,795,7414
0077,13:20,800,7414
0077,13:25,805,6552
0077,13:30,810,6552
0077,13:35,815,6552
0077,13:40,820,6552
0077,13:45,825,6552
0077,13:50,830,5517
0077,13:55,835,5517
0077,14:00,840,5517
0077,14:05,845,5517
0077,14:10,850,5345
0077,14:15,855,5345
0077,14:20,860,5345
0077,14:25,865,5345
0077,14:30,870,4483
0077,14:35,875,4483
0077,14:40,880,4483
0077,14:45,885,6379
0077,14:50,890,6379
0077,14:55,895,6379
0077,15:00,900,6379
0077,15:05,905,6379
0077,15:10,910,5690
0077,15:15,915,5690
0077,15:20,920,5690
0077,15:25,925,5690
0077,15:30,930,11034
0077,15:35,935,11034
0077,15:40,940,11034
0077,15:45,945,16379
0077,15:50,950,16379
0077,15:55,955,16379
0077,16:00,960,16379
0077,16:05,965,16379
0077,16:10,970,15345
0077,16:15,975,15345
0077,16:20,980,15345
0077,16:25,985,15345
0077,16:30,990,14138
0077,16:35,995,14138
0077,16:40,1000,14138
0077,16:45,1005,14138
0077,16:50,1010,12931
0077,16:55,1015,12931
0077,17:00,1020,12931
0077,17:05,1025,12069
0077,17:10,1030,12069
0077,17:15,1035,12069
0077,17:20,1040,12069
0077,17:25,1045,12069
0077,17:30,1050,12069
0077,17:35,1055,12069
0077,17:40,1060,12069
0077,17:45,1065,12069
0077,17:50,1070,12069
0077,17:55,1075,12069
0077,18:00,1080,12069
0077,18:05,1085,12069
0077,18:10,1090,12069
0077,18:15,1095,12069
0077,18:20,1100,12069
0077,18:25,1105,12069
0077,18:30,1110,12069
0077,18:35,1115,12069
0077,18:40,1120,12069
0077,18:45,1125,12069
0077,18:50,1130,11897
0077,18:55,1135,11897
0077,19:00,1140,11897
0077,19:05,1145,11897
0077,19:10,1150,11552
0077,19:15,1155,11552
0077,19:20,1160,11552
0077,19:25,1165,11552
0077,19:30,1170,11552
0077,19:35,1175,11552
0077,19:40,1180,11552
0077,19:45,1185,11552
0077,19:50,1190,11552
0077,19:55,1195,11552
0077,20:00,1200,11552
0077,20:05,1205,11552
0077,20:10,1210,11552
0077,20:15,1215,11552
0077,20:20,1220,11552
0077,20:25,1225,11552
0077,20:30,1230,11552
0077,20:35,1235,11552
0077,20:40,1240,11552
0077,20:45,1245,11034
0077,20:50,1250,11034
0077,20:55,1255,11034
0077,21:00,1260,11034
0077,21:05,1265,11034
0077,21:10,1270,10862
0077,21:15,1275,10862
0077,21:20,1280,10862
0077,21:25,1285,10862
0077,21:30,1290,10345
0077,21:35,1295,10345
0077,21:40,1300,10345
0077,21:45,1305,10172
0077,21:50,1310,10172
0077,21:55,1315,10172
0077,22:00,1320,10172
0077,22:05,1325,10172
0077,22:10,1330,10172
0077,22:15,1335,10172
0077,22:20,1340,10172
0077,22:25,1345,10172
0077,22:30,1350,10172
0077,22:35,1355,10172
0077,22:40,1360,10172
0077,22:45,1365,10172
0077,22:50,1370,10172
0077,22:55,1375,10172
0077,23:00,1380,10172
0077,23:05,1385,10172
0077,23:10,1390,10172
0077,23:15,1395,10172
0077,23:16,1396,10172
0077,23:20,1400,10172
