machine,time,minute,value
0039,09:00,540,0
0039,09:05,545,0
0039,09:10,550,0
0039,09:15,555,0
0039,09:20,560,0
0039,09:25,565,0
0039,09:30,570,0
0039,09:35,575,0
0039,09:40,580,0
0039,09:45,585,0
0039,09:50,590,0
0039,09:55,595,0
0039,10:00,600,0
0039,10:05,605,0
0039,10:10,610,0
0039,10:15,615,0
0039,10:20,620,0
0039,10:25,625,-978
0039,10:30,630,-978
0039,10:35,635,-978
0039,10:40,640,1552
0039,10:45,645,1552
0039,10:50,650,1552
0039,10:55,655,1552
0039,11:00,660,5603
0039,11:05,665,5603
0039,11:10,670,6983
0039,11:15,675,6983
0039,11:20,680,6983
0039,11:25,685,6983
0039,11:30,690,7586
0039,11:35,695,7586
0039,11:40,700,7586
0039,11:45,705,6293
0039,11:50,710,6293
0039,11:55,715,6293
0039,12:00,720,6293
0039,12:05,725,5259
0039,12:10,730,5259
0039,12:15,735,5259
0039,12:20,740,5259
0039,12:25,745,5259
0039,12:30,750,3621
0039,12:35,755,3621
0039,12:40,760,3621
0039,12:45,765,3621
0039,12:50,770,2414
0039,12:55,775,2414
0039,13:00,780,2414
0039,13:05,785,1552
0039,13:10,790,1552
0039,13:15,795,1552
0039,13:20,800,1552
0039,13:25,805,86
0039,13:30,810,86
0039,13:35,815,86
0039,13:40,820,86
0039,13:45,825,86
0039,13:50,830,-978
0039,13:55,835,-978
0039,14:00,840,-978
0039,14:05,845,-978
0039,14:10,850,-2133
0039,14:15,855,-2133
0039,14:20,860,-2133
0039,14:25,865,-2133
0039,14:30,870,-1778
0039,14:35,875,-1778
0039,14:40,880,-1778
0039,14:45,885,1897
0039,14:50,890,1897
0039,14:55,895,1897
0039,15:00,900,1897
0039,15:05,905,1897
0039,15:10,910,2931
0039,15:15,915,2931
0039,15:20,920,2931
0039,15:25,925,2931
0039,15:30,930,3448
0039,15:35,935,3448
0039,15:40,940,3448
0039,15:45,945,2069
0039,15:50,950,2069
0039,15:55,955,2069
0039,16:00,960,2069
0039,16:05,965,2069
0039,16:10,970,1379
0039,16:15,975,1379
0039,16:20,980,1379
0039,16:25,985,1379
0039,16:30,990,345
0039,16:35,995,345
0039,16:40,1000,345
0039,16:45,1005,345
0039,16:50,1010,-89
0039,16:55,1015,-89
0039,17:00,1020,-89
0039,17:05,1025,-800
0039,17:10,1030,-800
0039,17:15,1035,-800
0039,17:20,1040,-800
0039,17:25,1045,-800
0039,17:30,1050,-800
0039,17:35,1055,-800
0039,17:40,1060,-800
0039,17:45,1065,-800
0039,17:50,1070,-889
0039,17:55,1075,-889
0039,18:00,1080,-889
0039,18:05,1085,-889
0039,18:10,1090,-889
0039,18:15,1095,-889
0039,18:20,1100,-889
0039,18:25,1105,-978
0039,18:30,1110,-978
0039,18:35,1115,-978
0039,18:40,1120,-978
0039,18:45,1125,-978
0039,18:50,1130,-978
0039,18:55,1135,-978
0039,19:00,1140,-978
0039,19:05,1145,-978
0039,19:10,1150,-978
0039,19:15,1155,-978
0039,19:20,1160,-978
0039,19:25,1165,-978
0039,19:30,1170,-978
0039,19:35,1175,-978
0039,19:40,1180,-978
0039,19:45,1185,-978
0039,19:50,1190,-978
0039,19:55,1195,-978
0039,20:00,1200,-978
0039,20:05,1205,-978
0039,20:10,1210,-978
0039,20:15,1215,-978
0039,20:20,1220,-978
0039,20:25,1225,-978
0039,20:30,1230,-978
0039,20:35,1235,-978
0039,20:40,1240,-978
0039,20:45,1245,-978
0039,20:50,1250,-978
0039,20:55,1255,-978
0039,21:00,1260,-978
0039,21:05,1265,-978
0039,21:10,1270,-978
0039,21:15,1275,-978
0039,21:20,1280,-978
0039,21:25,1285,-978
0039,21:30,1290,-978
0039,21:35,1295,-978
0039,21:40,1300,-978
0039,21:45,1305,-978
0039,21:50,1310,-978
0039,21:55,1315,-978
0039,22:00,1320,-978
0039,22:05,1325,-978
0039,22:10,1330,-978
0039,22:15,1335,-978
0039,22:20,1340,-978
0039,22:25,1345,-978
0039,22:30,1350,-978
0039,22:35,1355,-978
0039,22:40,1360,-978
0039,22:45,1365,-978
0039,22:50,1370,-978
0039,22:55,1375,-978
0039,23:00,1380,-978
0039,23:05,1385,-978
0039,23:10,1390,-978
0039,23:15,1395,-978
0039,23:16,1396,-978
0039,23:20,1400,-978
0040,09:00,540,0
0040,09:05,545,0
0040,09:10,550,0
0040,09:15,555,0
0040,09:20,560,0
0040,09:25,565,0
0040,09:30,570,0
0040,09:35,575,0
0040,09:40,580,0
0040,09:45,585,0
0040,09:50,590,0
0040,09:55,595,0
0040,10:00,600,0
0040,10:05,605,0
0040,10:10,610,0
0040,10:15,615,0
0040,10:20,620,0
0040,10:25,625,-711
0040,10:30,630,-711
0040,10:35,635,-711
0040,10:40,640,-1600
0040,10:45,645,-1600
0040,10:50,650,-1600
0040,10:55,655,-1600
0040,11:00,660,1724
0040,11:05,665,1724
0040,11:10,670,3448
0040,11:15,675,3448
0040,11:20,680,3448
0040,11:25,685,3448
0040,11:30,690,7759
0040,11:35,695,7759
0040,11:40,700,7759
0040,11:45,705,7759
0040,11:50,710,7759
0040,11:55,715,7759
0040,12:00,720,7759
0040,12:05,725,9655
0040,12:10,730,9655
0040,12:15,735,9655
0040,12:20,740,9655
0040,12:25,745,9655
0040,12:30,750,7931
0040,12:35,755,7931
0040,12:40,760,7931
0040,12:45,765,7931
0040,12:50,770,6379
0040,12:55,775,6379
0040,13:00,780,6379
0040,13:05,785,8448
0040,13:10,790,8448
0040,13:15,795,8448
0040,13:20,800,8448
0040,13:25,805,7414
0040,13:30,810,7414
0040,13:35,815,7414
0040,13:40,820,7414
0040,13:45,825,7414
0040,13:50,830,7586
0040,13:55,835,7586
0040,14:00,840,7586
0040,14:05,845,7586
0040,14:10,850,6207
0040,14:15,855,6207
0040,14:20,860,6207
0040,14:25,865,6207
0040,14:30,870,4483
0040,14:35,875,4483
0040,14:40,880,4483
0040,14:45,885,3103
0040,14:50,890,3103
0040,14:55,895,3103
0040,15:00,900,3103
0040,15:05,905,3103
0040,15:10,910,1724
0040,15:15,915,1724
0040,15:20,920,1724
0040,15:25,925,1724
0040,15:30,930,0
0040,15:35,935,0
0040,15:40,940,0
0040,15:45,945,1897
0040,15:50,950,1897
0040,15:55,955,1897
0040,16:00,960,1897
0040,16:05,965,1897
0040,16:10,970,862
0040,16:15,975,862
0040,16:20,980,862
0040,16:25,985,862
0040,16:30,990,-1067
0040,16:35,995,-1067
0040,16:40,1000,-1067
0040,16:45,1005,-1067
0040,16:50,1010,-2489
0040,16:55,1015,-2489
0040,17:00,1020,-2489
0040,17:05,1025,-2489
0040,17:10,1030,-2489
0040,17:15,1035,-2489
0040,17:20,1040,-2489
0040,17:25,1045,-2489
0040,17:30,1050,-2489
0040,17:35,1055,-2489
0040,17:40,1060,-2489
0040,17:45,1065,-2489
0040,17:50,1070,-3022
0040,17:55,1075,-3022
0040,18:00,1080,-3022
0040,18:05,1085,-3022
0040,18:10,1090,-3022
0040,18:15,1095,-3022
0040,18:20,1100,-3022
0040,18:25,1105,-3022
0040,18:30,1110,-3022
0040,18:35,1115,-3022
0040,18:40,1120,-3022
0040,18:45,1125,-3022
0040,18:50,1130,-3733
0040,18:55,1135,-3733
0040,19:00,1140,-3733
0040,19:05,1145,-3733
0040,19:10,1150,-1600
0040,19:15,1155,-1600
0040,19:20,1160,-1600
0040,19:25,1165,6724
0040,19:30,1170,6724
0040,19:35,1175,6724
0040,19:40,1180,6724
0040,19:45,1185,10000
0040,19:50,1190,10000
0040,19:55,1195,10000
0040,20:00,1200,10000
0040,20:05,1205,10000
0040,20:10,1210,10172
0040,20:15,1215,10172
0040,20:20,1220,10172
0040,20:25,1225,10172
0040,20:30,1230,10000
0040,20:35,1235,10000
0040,20:40,1240,10000
0040,20:45,1245,10000
0040,20:50,1250,10000
0040,20:55,1255,10000
0040,21:00,1260,10000
0040,21:05,1265,10000
0040,21:10,1270,10000
0040,21:15,1275,10000
0040,21:20,1280,10000
0040,21:25,1285,10000
0040,21:30,1290,10000
0040,21:35,1295,10000
0040,21:40,1300,10000
0040,21:45,1305,10000
0040,21:50,1310,10000
0040,21:55,1315,10000
0040,22:00,1320,10000
0040,22:05,1325,9483
0040,22:10,1330,9483
0040,22:15,1335,9483
0040,22:20,1340,9483
0040,22:25,1345,9483
0040,22:30,1350,9483
0040,22:35,1355,9483
0040,22:40,1360,9483
0040,22:45,1365,9483
0040,22:50,1370,9483
0040,22:55,1375,9483
0040,23:00,1380,9483
0040,23:05,1385,9483
0040,23:10,1390,9483
0040,23:15,1395,9483
0040,23:16,1396,9483
0040,23:20,1400,9483
0041,09:00,540,0
0041,09:05,545,0
0041,09:10,550,0
0041,09:15,555,0
0041,09:20,560,0
0041,09:25,565,0
0041,09:30,570,0
0041,09:35,575,0
0041,09:40,580,0
0041,09:45,585,0
0041,09:50,590,0
0041,09:55,595,0
0041,10:00,600,0
0041,10:05,605,0
0041,10:10,610,0
0041,10:15,615,0
0041,10:20,620,0
0041,10:25,625,0
0041,10:30,630,0
0041,10:35,635,0
0041,10:40,640,0
0041,10:45,645,0
0041,10:50,650,0
0041,10:55,655,0
0041,11:00,660,0
0041,11:05,665,0
0041,11:10,670,0
0041,11:15,675,0
0041,11:20,680,0
0041,11:25,685,0
0041,11:30,690,0
0041,11:35,695,0
0041,11:40,700,0
0041,11:45,705,0
0041,11:50,710,0
0041,11:55,715,0
0041,12:00,720,0
0041,12:05,725,0
0041,12:10,730,0
0041,12:15,735,0
0041,12:20,740,0
0041,12:25,745,0
0041,12:30,750,-267
0041,12:35,755,-267
0041,12:40,760,-267
0041,12:45,765,-267
0041,12:50,770,-267
0041,12:55,775,-267
0041,13:00,780,-267
0041,13:05,785,-267
0041,13:10,790,-267
0041,13:15,795,-267
0041,13:20,800,-267
0041,13:25,805,-267
0041,13:30,810,-267
0041,13:35,815,-267
0041,13:40,820,-267
0041,13:45,825,-267
0041,13:50,830,-267
0041,13:55,835,-267
0041,14:00,840,-267
0041,14:05,845,-267
0041,14:10,850,-267
0041,14:15,855,-267
0041,14:20,860,-267
0041,14:25,865,-267
0041,14:30,870,-267
0041,14:35,875,-267
0041,14:40,880,-267
0041,14:45,885,2241
0041,14:50,890,2241
0041,14:55,895,2241
0041,15:00,900,2241
0041,15:05,905,2241
0041,15:10,910,5862
0041,15:15,915,5862
0041,15:20,920,5862
0041,15:25,925,5862
0041,15:30,930,4741
0041,15:35,935,4741
0041,15:40,940,4741
0041,15:45,945,3534
0041,15:50,950,3534
0041,15:55,955,3534
0041,16:00,960,3534
0041,16:05,965,3534
0041,16:10,970,3190
0041,16:15,975,3190
0041,16:20,980,3190
0041,16:25,985,3190
0041,16:30,990,3017
0041,16:35,995,3017
0041,16:40,1000,3017
0041,16:45,1005,3017
0041,16:50,1010,3017
0041,16:55,1015,3017
0041,17:00,1020,3017
0041,17:05,1025,3017
0041,17:10,1030,3017
0041,17:15,1035,3017
0041,17:20,1040,3017
0041,17:25,1045,3017
0041,17:30,1050,2414
0041,17:35,1055,2414
0041,17:40,1060,2414
0041,17:45,1065,2414
0041,17:50,1070,2414
0041,17:55,1075,2414
0041,18:00,1080,2414
0041,18:05,1085,2414
0041,18:10,1090,2414
0041,18:15,1095,2414
0041,18:20,1100,2414
0041,18:25,1105,2414
0041,18:30,1110,2414
0041,18:35,1115,2414
0041,18:40,1120,2414
0041,18:45,1125,2414
0041,18:50,1130,2414
0041,18:55,1135,2414
0041,19:00,1140,2414
0041,19:05,1145,2414
0041,19:10,1150,2414
0041,19:15,1155,2414
0041,19:20,1160,2414
0041,19:25,1165,2414
0041,19:30,1170,2414
0041,19:35,1175,2414
0041,19:40,1180,2414
0041,19:45,1185,2414
0041,19:50,1190,2414
0041,19:55,1195,2414
0041,20:00,1200,2414
0041,20:05,1205,2414
0041,20:10,1210,2414
0041,20:15,1215,2414
0041,20:20,1220,2414
0041,20:25,1225,2414
0041,20:30,1230,2414
0041,20:35,1235,2414
0041,20:40,1240,2414
0041,20:45,1245,2414
0041,20:50,1250,2414
0041,20:55,1255,2414
0041,21:00,1260,2414
0041,21:05,1265,2414
0041,21:10,1270,2414
0041,21:15,1275,2414
0041,21:20,1280,2414
0041,21:25,1285,2414
0041,21:30,1290,2414
0041,21:35,1295,2414
0041,21:40,1300,2414
0041,21:45,1305,2414
0041,21:50,1310,2414
0041,21:55,1315,2414
0041,22:00,1320,2414
0041,22:05,1325,2414
0041,22:10,1330,2414
0041,22:15,1335,2414
0041,22:20,1340,2414
0041,22:25,1345,2414
0041,22:30,1350,2414
0041,22:35,1355,2414
0041,22:40,1360,2414
0041,22:45,1365,2414
0041,22:50,1370,2414
0041,22:55,1375,2414
0041,23:00,1380,2414
0041,23:05,1385,2414
0041,23:10,1390,2414
0041,23:15,1395,2414
0041,23:16,1396,2414
0041,23:20,1400,2414
0042,09:00,540,0
0042,09:05,545,0
0042,09:10,550,0
0042,09:15,555,0
0042,09:20,560,0
0042,09:25,565,0
0042,09:30,570,0
0042,09:35,575,0
0042,09:40,580,0
0042,09:45,585,0
0042,09:50,590,0
0042,09:55,595,0
0042,10:00,600,0
0042,10:05,605,0
0042,10:10,610,0
0042,10:15,615,0
0042,10:20,620,0
0042,10:25,625,0
0042,10:30,630,0
0042,10:35,635,0
0042,10:40,640,0
0042,10:45,645,0
0042,10:50,650,0
0042,10:55,655,0
0042,11:00,660,0
0042,11:05,665,0
0042,11:10,670,0
0042,11:15,675,0
0042,11:20,680,0
0042,11:25,685,0
0042,11:30,690,0
0042,11:35,695,0
0042,11:40,700,0
0042,11:45,705,0
0042,11:50,710,0
0042,11:55,715,0
0042,12:00,720,0
0042,12:05,725,0
0042,12:10,730,0
0042,12:15,735,0
0042,12:20,740,0
0042,12:25,745,0
0042,12:30,750,-889
0042,12:35,755,-889
0042,12:40,760,-889
0042,12:45,765,-889
0042,12:50,770,-889
0042,12:55,775,-889
0042,13:00,780,-889
0042,13:05,785,-889
0042,13:10,790,-889
0042,13:15,795,-889
0042,13:20,800,-889
0042,13:25,805,-889
0042,13:30,810,-889
0042,13:35,815,-889
0042,13:40,820,-889
0042,13:45,825,-889
0042,13:50,830,-978
0042,13:55,835,-978
0042,14:00,840,-978
0042,14:05,845,-978
0042,14:10,850,-978
0042,14:15,855,-978
0042,14:20,860,-978
0042,14:25,865,-978
0042,14:30,870,-978
0042,14:35,875,-978
0042,14:40,880,-978
0042,14:45,885,-978
0042,14:50,890,-978
0042,14:55,895,-978
0042,15:00,900,-978
0042,15:05,905,-978
0042,15:10,910,-978
0042,15:15,915,-978
0042,15:20,920,-978
0042,15:25,925,-978
0042,15:30,930,-1600
0042,15:35,935,-1600
0042,15:40,940,-1600
0042,15:45,945,-1600
0042,15:50,950,-1600
0042,15:55,955,-1600
0042,16:00,960,-1600
0042,16:05,965,-1600
0042,16:10,970,-1600
0042,16:15,975,-1600
0042,16:20,980,-1600
0042,16:25,985,-1600
0042,16:30,990,-1600
0042,16:35,995,-1600
0042,16:40,1000,-1600
0042,16:45,1005,-1600
0042,16:50,1010,-2933
0042,16:55,1015,-2933
0042,17:00,1020,-2933
0042,17:05,1025,-2933
0042,17:10,1030,-2933
0042,17:15,1035,-2933
0042,17:20,1040,-2933
0042,17:25,1045,-2933
0042,17:30,1050,-3644
0042,17:35,1055,-3644
0042,17:40,1060,-3644
0042,17:45,1065,-3644
0042,17:50,1070,-3644
0042,17:55,1075,-3644
0042,18:00,1080,-3644
0042,18:05,1085,-3644
0042,18:10,1090,-3644
0042,18:15,1095,-3644
0042,18:20,1100,-3644
0042,18:25,1105,-3644
0042,18:30,1110,-3644
0042,18:35,1115,-3644
0042,18:40,1120,-3644
0042,18:45,1125,-3644
0042,18:50,1130,-3644
0042,18:55,1135,-3644
0042,19:00,1140,-3644
0042,19:05,1145,-3644
0042,19:10,1150,-3644
0042,19:15,1155,-3644
0042,19:20,1160,-3644
0042,19:25,1165,-3644
0042,19:30,1170,-3644
0042,19:35,1175,-3644
0042,19:40,1180,-3644
0042,19:45,1185,-3644
0042,19:50,1190,-3644
0042,19:55,1195,-3644
0042,20:00,1200,-3644
0042,20:05,1205,-3644
0042,20:10,1210,-3644
0042,20:15,1215,-3644
0042,20:20,1220,-3644
0042,20:25,1225,-3644
0042,20:30,1230,-3644
0042,20:35,1235,-3644
0042,20:40,1240,-3644
0042,20:45,1245,-3644
0042,20:50,1250,-3644
0042,20:55,1255,-3644
0042,21:00,1260,-3644
0042,21:05,1265,-3644
0042,21:10,1270,-3644
0042,21:15,1275,-3644
0042,21:20,1280,-3644
0042,21:25,1285,-3644
0042,21:30,1290,-3644
0042,21:35,1295,-3644
0042,21:40,1300,-3644
0042,21:45,1305,-3644
0042,21:50,1310,-3644
0042,21:55,1315,-3644
0042,22:00,1320,-3644
0042,22:05,1325,-3644
0042,22:10,1330,-3644
0042,22:15,1335,-3644
0042,22:20,1340,-3644
0042,22:25,1345,-3644
0042,22:30,1350,-3644
0042,22:35,1355,-3644
0042,22:40,1360,-3644
0042,22:45,1365,-3644
0042,22:50,1370,-3644
0042,22:55,1375,-3644
0042,23:00,1380,-3644
0042,23:05,1385,-3644
0042,23:10,1390,-3644
0042,23:15,1395,-3644
0042,23:16,1396,-3644
0042,23:20,1400,-3644
0043,09:00,540,0
0043,09:05,545,0
0043,09:10,550,0
0043,09:15,555,0
0043,09:20,560,0
0043,09:25,565,0
0043,09:30,570,0
0043,09:35,575,0
0043,09:40,580,0
0043,09:45,585,0
0043,09:50,590,0
0043,09:55,595,0
0043,10:00,600,0
0043,10:05,605,0
0043,10:10,610,0
0043,10:15,615,0
0043,10:20,620,0
0043,10:25,625,-711
0043,10:30,630,-711
0043,10:35,635,-711
0043,10:40,640,0
0043,10:45,645,0
0043,10:50,650,0
0043,10:55,655,0
0043,11:00,660,1034
0043,11:05,665,1034
0043,11:10,670,2069
0043,11:15,675,2069
0043,11:20,680,2069
0043,11:25,685,2069
0043,11:30,690,7414
0043,11:35,695,7414
0043,11:40,700,7414
0043,11:45,705,6552
0043,11:50,710,6552
0043,11:55,715,6552
0043,12:00,720,6552
0043,12:05,725,5862
0043,12:10,730,5862
0043,12:15,735,5862
0043,12:20,740,5862
0043,12:25,745,5862
0043,12:30,750,5690
0043,12:35,755,5690
0043,12:40,760,5690
0043,12:45,765,5690
0043,12:50,770,4655
0043,12:55,775,4655
0043,13:00,780,4655
0043,13:05,785,3966
0043,13:10,790,3966
0043,13:15,795,3966
0043,13:20,800,3966
0043,13:25,805,5690
0043,13:30,810,5690
0043,13:35,815,5690
0043,13:40,820,5690
0043,13:45,825,5690
0043,13:50,830,8276
0043,13:55,835,8276
0043,14:00,840,8276
0043,14:05,845,8276
0043,14:10,850,8276
0043,14:15,855,8276
0043,14:20,860,8276
0043,14:25,865,8276
0043,14:30,870,8276
0043,14:35,875,8276
0043,14:40,880,8276
0043,14:45,885,8793
0043,14:50,890,8793
0043,14:55,895,8793
0043,15:00,900,8793
0043,15:05,905,8793
0043,15:10,910,11379
0043,15:15,915,11379
0043,15:20,920,11379
0043,15:25,925,11379
0043,15:30,930,9655
0043,15:35,935,9655
0043,15:40,940,9655
0043,15:45,945,8621
0043,15:50,950,8621
0043,15:55,955,8621
0043,16:00,960,8621
0043,16:05,965,8621
0043,16:10,970,8103
0043,16:15,975,8103
0043,16:20,980,8103
0043,16:25,985,8103
0043,16:30,990,6552
0043,16:35,995,6552
0043,16:40,1000,6552
0043,16:45,1005,6552
0043,16:50,1010,6552
0043,16:55,1015,6552
0043,17:00,1020,6552
0043,17:05,1025,6552
0043,17:10,1030,6552
0043,17:15,1035,6552
0043,17:20,1040,6552
0043,17:25,1045,6552
0043,17:30,1050,5862
0043,17:35,1055,5862
0043,17:40,1060,5862
0043,17:45,1065,5862
0043,17:50,1070,5862
0043,17:55,1075,5862
0043,18:00,1080,5862
0043,18:05,1085,5862
0043,18:10,1090,5862
0043,18:15,1095,5862
0043,18:20,1100,5862
0043,18:25,1105,5862
0043,18:30,1110,5862
0043,18:35,1115,5862
0043,18:40,1120,5862
0043,18:45,1125,5862
0043,18:50,1130,5862
0043,18:55,1135,5862
0043,19:00,1140,5862
0043,19:05,1145,5862
0043,19:10,1150,4828
0043,19:15,1155,4828
0043,19:20,1160,4828
0043,19:25,1165,3966
0043,19:30,1170,3966
0043,19:35,1175,3966
0043,19:40,1180,3966
0043,19:45,1185,3966
0043,19:50,1190,3966
0043,19:55,1195,3966
0043,20:00,1200,3966
0043,20:05,1205,3966
0043,20:10,1210,3966
0043,20:15,1215,3966
0043,20:20,1220,3966
0043,20:25,1225,3966
0043,20:30,1230,3966
0043,20:35,1235,3966
0043,20:40,1240,3966
0043,20:45,1245,3966
0043,20:50,1250,3966
0043,20:55,1255,3966
0043,21:00,1260,3966
0043,21:05,1265,3966
0043,21:10,1270,3966
0043,21:15,1275,3966
0043,21:20,1280,3966
0043,21:25,1285,3966
0043,21:30,1290,3966
0043,21:35,1295,3966
0043,21:40,1300,3966
0043,21:45,1305,3966
0043,21:50,1310,3966
0043,21:55,1315,3966
0043,22:00,1320,3966
0043,22:05,1325,3966
0043,22:10,1330,3966
0043,22:15,1335,3966
0043,22:20,1340,3966
0043,22:25,1345,3966
0043,22:30,1350,3966
0043,22:35,1355,3966
0043,22:40,1360,3966
0043,22:45,1365,3966
0043,22:50,1370,3966
0043,22:55,1375,3966
0043,23:00,1380,3966
0043,23:05,1385,3966
0043,23:10,1390,3966
0043,23:15,1395,3966
0043,23:16,1396,3966
0043,23:20,1400,3966
0044,09:00,540,0
0044,09:05,545,0
0044,09:10,550,0
0044,09:15,555,0
0044,09:20,560,0
0044,09:25,565,0
0044,09:30,570,0
0044,09:35,575,0
0044,09:40,580,0
0044,09:45,585,0
0044,09:50,590,0
0044,09:55,595,0
0044,10:00,600,0
0044,10:05,605,0
0044,10:10,610,0
0044,10:15,615,0
0044,10:20,620,0
0044,10:25,625,0
0044,10:30,630,0
0044,10:35,635,0
0044,10:40,640,0
0044,10:45,645,0
0044,10:50,650,0
0044,10:55,655,0
0044,11:00,660,0
0044,11:05,665,0
0044,11:10,670,0
0044,11:15,675,0
0044,11:20,680,0
0044,11:25,685,0
0044,11:30,690,1034
0044,11:35,695,1034
0044,11:40,700,1034
0044,11:45,705,4655
0044,11:50,710,4655
0044,11:55,715,4655
0044,12:00,720,4655
0044,12:05,725,3448
0044,12:10,730,3448
0044,12:15,735,3448
0044,12:20,740,3448
0044,12:25,745,3448
0044,12:30,750,1724
0044,12:35,755,1724
0044,12:40,760,1724
0044,12:45,765,1724
0044,12:50,770,1034
0044,12:55,775,1034
0044,13:00,780,1034
0044,13:05,785,862
0044,13:10,790,862
0044,13:15,795,862
0044,13:20,800,862
0044,13:25,805,-711
0044,13:30,810,-711
0044,13:35,815,-711
0044,13:40,820,-711
0044,13:45,825,-711
0044,13:50,830,-1422
0044,13:55,835,-1422
0044,14:00,840,-1422
0044,14:05,845,-1422
0044,14:10,850,-1422
0044,14:15,855,-1422
0044,14:20,860,-1422
0044,14:25,865,-1422
0044,14:30,870,-1600
0044,14:35,875,-1600
0044,14:40,880,-1600
0044,14:45,885,1724
0044,14:50,890,1724
0044,14:55,895,1724
0044,15:00,900,1724
0044,15:05,905,1724
0044,15:10,910,6034
0044,15:15,915,6034
0044,15:20,920,6034
0044,15:25,925,6034
0044,15:30,930,11034
0044,15:35,935,11034
0044,15:40,940,11034
0044,15:45,945,9828
0044,15:50,950,9828
0044,15:55,955,9828
0044,16:00,960,9828
0044,16:05,965,9828
0044,16:10,970,10517
0044,16:15,975,10517
0044,16:20,980,10517
0044,16:25,985,10517
0044,16:30,990,10172
0044,16:35,995,10172
0044,16:40,1000,10172
0044,16:45,1005,10172
0044,16:50,1010,10172
0044,16:55,1015,10172
0044,17:00,1020,10172
0044,17:05,1025,10172
0044,17:10,1030,10172
0044,17:15,1035,10172
0044,17:20,1040,10172
0044,17:25,1045,10172
0044,17:30,1050,8621
0044,17:35,1055,8621
0044,17:40,1060,8621
0044,17:45,1065,8621
0044,17:50,1070,8103
0044,17:55,1075,8103
0044,18:00,1080,8103
0044,18:05,1085,8103
0044,18:10,1090,8103
0044,18:15,1095,8103
0044,18:20,1100,8103
0044,18:25,1105,8103
0044,18:30,1110,8103
0044,18:35,1115,8103
0044,18:40,1120,8103
0044,18:45,1125,8103
0044,18:50,1130,7586
0044,18:55,1135,7586
0044,19:00,1140,7586
0044,19:05,1145,7586
0044,19:10,1150,7586
0044,19:15,1155,7586
0044,19:20,1160,7586
0044,19:25,1165,7586
0044,19:30,1170,7586
0044,19:35,1175,7586
0044,19:40,1180,7586
0044,19:45,1185,7586
0044,19:50,1190,7586
0044,19:55,1195,7586
0044,20:00,1200,7586
0044,20:05,1205,7586
0044,20:10,1210,7586
0044,20:15,1215,7586
0044,20:20,1220,7586
0044,20:25,1225,7586
0044,20:30,1230,7586
0044,20:35,1235,7586
0044,20:40,1240,7586
0044,20:45,1245,7586
0044,20:50,1250,7586
0044,20:55,1255,7586
0044,21:00,1260,7586
0044,21:05,1265,7586
0044,21:10,1270,7586
0044,21:15,1275,7586
0044,21:20,1280,7586
0044,21:25,1285,7586
0044,21:30,1290,7586
0044,21:35,1295,7586
0044,21:40,1300,7586
0044,21:45,1305,7586
0044,21:50,1310,7586
0044,21:55,1315,7586
0044,22:00,1320,7586
0044,22:05,1325,7586
0044,22:10,1330,7586
0044,22:15,1335,7586
0044,22:20,1340,7586
0044,22:25,1345,7586
0044,22:30,1350,7586
0044,22:35,1355,7586
0044,22:40,1360,7586
0044,22:45,1365,7586
0044,22:50,1370,7586
0044,22:55,1375,7586
0044,23:00,1380,7586
0044,23:05,1385,7586
0044,23:10,1390,7586
0044,23:15,1395,7586
0044,23:16,1396,7586
0044,23:20,1400,7586
0045,09:00,540,0
0045,09:05,545,0
0045,09:10,550,0
0045,09:15,555,0
0045,09:20,560,0
0045,09:25,565,0
0045,09:30,570,0
0045,09:35,575,0
0045,09:40,580,0
0045,09:45,585,0
0045,09:50,590,0
0045,09:55,595,0
0045,10:00,600,0
0045,10:05,605,0
0045,10:10,610,0
0045,10:15,615,0
0045,10:20,620,0
0045,10:25,625,0
0045,10:30,630,0
0045,10:35,635,0
0045,10:40,640,0
0045,10:45,645,0
0045,10:50,650,0
0045,10:55,655,0
0045,11:00,660,0
0045,11:05,665,0
0045,11:10,670,0
0045,11:15,675,0
0045,11:20,680,0
0045,11:25,685,0
0045,11:30,690,-889
0045,11:35,695,-889
0045,11:40,700,-889
0045,11:45,705,-1689
0045,11:50,710,-1689
0045,11:55,715,-1689
0045,12:00,720,-1689
0045,12:05,725,-1689
0045,12:10,730,-1689
0045,12:15,735,-1689
0045,12:20,740,-1689
0045,12:25,745,-1689
0045,12:30,750,-1067
0045,12:35,755,-1067
0045,12:40,760,-1067
0045,12:45,765,-1067
0045,12:50,770,-2311
0045,12:55,775,-2311
0045,13:00,780,-2311
0045,13:05,785,-2667
0045,13:10,790,-2667
0045,13:15,795,-2667
0045,13:20,800,-2667
0045,13:25,805,-2667
0045,13:30,810,-2667
0045,13:35,815,-2667
0045,13:40,820,-2667
0045,13:45,825,-2667
0045,13:50,830,-3200
0045,13:55,835,-3200
0045,14:00,840,-3200
0045,14:05,845,-3200
0045,14:10,850,-4000
0045,14:15,855,-4000
0045,14:20,860,-4000
0045,14:25,865,-4000
0045,14:30,870,-5689
0045,14:35,875,-5689
0045,14:40,880,-5689
0045,14:45,885,-5422
0045,14:50,890,-5422
0045,14:55,895,-5422
0045,15:00,900,-5422
0045,15:05,905,-5422
0045,15:10,910,-6489
0045,15:15,915,-6489
0045,15:20,920,-6489
0045,15:25,925,-6489
0045,15:30,930,-8000
0045,15:35,935,-8000
0045,15:40,940,-8000
0045,15:45,945,-8444
0045,15:50,950,-8444
0045,15:55,955,-8444
0045,16:00,960,-8444
0045,16:05,965,-8444
0045,16:10,970,-8711
0045,16:15,975,-8711
0045,16:20,980,-8711
0045,16:25,985,-8711
0045,16:30,990,-6844
0045,16:35,995,-6844
0045,16:40,1000,-6844
0045,16:45,1005,-6844
0045,16:50,1010,-8533
0045,16:55,1015,-8533
0045,17:00,1020,-8533
0045,17:05,1025,-9156
0045,17:10,1030,-9156
0045,17:15,1035,-9156
0045,17:20,1040,-9156
0045,17:25,1045,-9156
0045,17:30,1050,-9156
0045,17:35,1055,-9156
0045,17:40,1060,-9156
0045,17:45,1065,-9156
0045,17:50,1070,-9156
0045,17:55,1075,-9156
0045,18:00,1080,-9156
0045,18:05,1085,-9156
0045,18:10,1090,-9156
0045,18:15,1095,-9156
0045,18:20,1100,-9156
0045,18:25,1105,-9156
0045,18:30,1110,-9156
0045,18:35,1115,-9156
0045,18:40,1120,-9156
0045,18:45,1125,-9156
0045,18:50,1130,-9333
0045,18:55,1135,-9333
0045,19:00,1140,-9333
0045,19:05,1145,-9333
0045,19:10,1150,-9333
0045,19:15,1155,-9333
0045,19:20,1160,-9333
0045,19:25,1165,-9333
0045,19:30,1170,-9333
0045,19:35,1175,-9333
0045,19:40,1180,-9333
0045,19:45,1185,-9333
0045,19:50,1190,-9333
0045,19:55,1195,-9333
0045,20:00,1200,-9333
0045,20:05,1205,-9333
0045,20:10,1210,-9333
0045,20:15,1215,-9333
0045,20:20,1220,-9333
0045,20:25,1225,-9333
0045,20:30,1230,-9333
0045,20:35,1235,-9333
0045,20:40,1240,-9333
0045,20:45,1245,-9333
0045,20:50,1250,-9333
0045,20:55,1255,-9333
0045,21:00,1260,-9333
0045,21:05,1265,-9333
0045,21:10,1270,-9333
0045,21:15,1275,-9333
0045,21:20,1280,-9333
0045,21:25,1285,-9333
0045,21:30,1290,-9333
0045,21:35,1295,-9333
0045,21:40,1300,-9333
0045,21:45,1305,-9333
0045,21:50,1310,-9333
0045,21:55,1315,-9333
0045,22:00,1320,-9333
0045,22:05,1325,-9600
0045,22:10,1330,-9600
0045,22:15,1335,-9600
0045,22:20,1340,-9600
0045,22:25,1345,-9600
0045,22:30,1350,-9600
0045,22:35,1355,-9600
0045,22:40,1360,-9600
0045,22:45,1365,-9600
0045,22:50,1370,-9600
0045,22:55,1375,-9600
0045,23:00,1380,-9600
0045,23:05,1385,-9600
0045,23:10,1390,-9600
0045,23:15,1395,-9600
0045,23:16,1396,-9600
0045,23:20,1400,-9600
0046,09:00,540,0
0046,09:05,545,0
0046,09:10,550,0
0046,09:15,555,0
0046,09:20,560,0
0046,09:25,565,0
0046,09:30,570,0
0046,09:35,575,0
0046,09:40,580,0
0046,09:45,585,0
0046,09:50,590,0
0046,09:55,595,0
0046,10:00,600,0
0046,10:05,605,0
0046,10:10,610,0
0046,10:15,615,0
0046,10:20,620,0
0046,10:25,625,-1067
0046,10:30,630,-1067
0046,10:35,635,-1067
0046,10:40,640,-2311
0046,10:45,645,-2311
0046,10:50,650,-2311
0046,10:55,655,-2311
0046,11:00,660,-3022
0046,11:05,665,-3022
0046,11:10,670,-3378
0046,11:15,675,-3378
0046,11:20,680,-3378
0046,11:25,685,-3378
0046,11:30,690,-5156
0046,11:35,695,-5156
0046,11:40,700,-5156
0046,11:45,705,-6756
0046,11:50,710,-6756
0046,11:55,715,-6756
0046,12:00,720,-6756
0046,12:05,725,-3200
0046,12:10,730,-3200
0046,12:15,735,-3200
0046,12:20,740,-3200
0046,12:25,745,-3200
0046,12:30,750,-2844
0046,12:35,755,-2844
0046,12:40,760,-2844
0046,12:45,765,-2844
0046,12:50,770,862
0046,12:55,775,862
0046,13:00,780,862
0046,13:05,785,4828
0046,13:10,790,4828
0046,13:15,795,4828
0046,13:20,800,4828
0046,13:25,805,10345
0046,13:30,810,10345
0046,13:35,815,10345
0046,13:40,820,10345
0046,13:45,825,10345
0046,13:50,830,10345
0046,13:55,835,10345
0046,14:00,840,10345
0046,14:05,845,10345
0046,14:10,850,10000
0046,14:15,855,10000
0046,14:20,860,10000
0046,14:25,865,10000
0046,14:30,870,15000
0046,14:35,875,15000
0046,14:40,880,15000
0046,14:45,885,13621
0046,14:50,890,13621
0046,14:55,895,13621
0046,15:00,900,13621
0046,15:05,905,13621
0046,15:10,910,12759
0046,15:15,915,12759
0046,15:20,920,12759
0046,15:25,925,12759
0046,15:30,930,11034
0046,15:35,935,11034
0046,15:40,940,11034
0046,15:45,945,9483
0046,15:50,950,9483
0046,15:55,955,9483
0046,16:00,960,9483
0046,16:05,965,9483
0046,16:10,970,9483
0046,16:15,975,9483
0046,16:20,980,9483
0046,16:25,985,9483
0046,16:30,990,8966
0046,16:35,995,8966
0046,16:40,1000,8966
0046,16:45,1005,8966
0046,16:50,1010,7414
0046,16:55,1015,7414
0046,17:00,1020,7414
0046,17:05,1025,8276
0046,17:10,1030,8276
0046,17:15,1035,8276
0046,17:20,1040,8276
0046,17:25,1045,8276
0046,17:30,1050,8276
0046,17:35,1055,8276
0046,17:40,1060,8276
0046,17:45,1065,8276
0046,17:50,1070,7414
0046,17:55,1075,7414
0046,18:00,1080,7414
0046,18:05,1085,7414
0046,18:10,1090,6897
0046,18:15,1095,6897
0046,18:20,1100,6897
0046,18:25,1105,6897
0046,18:30,1110,6897
0046,18:35,1115,6897
0046,18:40,1120,6897
0046,18:45,1125,6897
0046,18:50,1130,6897
0046,18:55,1135,6897
0046,19:00,1140,6897
0046,19:05,1145,6897
0046,19:10,1150,6897
0046,19:15,1155,6897
0046,19:20,1160,6897
0046,19:25,1165,6897
0046,19:30,1170,6897
0046,19:35,1175,6897
0046,19:40,1180,6897
0046,19:45,1185,6897
0046,19:50,1190,6897
0046,19:55,1195,6897
0046,20:00,1200,6897
0046,20:05,1205,6897
0046,20:10,1210,6897
0046,20:15,1215,6897
0046,20:20,1220,6897
0046,20:25,1225,6897
0046,20:30,1230,6724
0046,20:35,1235,6724
0046,20:40,1240,6724
0046,20:45,1245,6724
0046,20:50,1250,6724
0046,20:55,1255,6724
0046,21:00,1260,6724
0046,21:05,1265,6724
0046,21:10,1270,6724
0046,21:15,1275,6724
0046,21:20,1280,6724
0046,21:25,1285,6724
0046,21:30,1290,6724
0046,21:35,1295,6724
0046,21:40,1300,6724
0046,21:45,1305,6552
0046,21:50,1310,6552
0046,21:55,1315,6552
0046,22:00,1320,6552
0046,22:05,1325,6552
0046,22:10,1330,6552
0046,22:15,1335,6552
0046,22:20,1340,6552
0046,22:25,1345,6552
0046,22:30,1350,6552
0046,22:35,1355,6552
0046,22:40,1360,6552
0046,22:45,1365,6552
0046,22:50,1370,6552
0046,22:55,1375,6552
0046,23:00,1380,6552
0046,23:05,1385,6552
0046,23:10,1390,6552
0046,23:15,1395,6552
0046,23:16,1396,6552
0046,23:20,1400,6552
0047,09:00,540,0
0047,09:05,545,0
0047,09:10,550,0
0047,09:15,555,0
0047,09:20,560,0
0047,09:25,565,0
0047,09:30,570,0
0047,09:35,575,0
0047,09:40,580,0
0047,09:45,585,0
0047,09:50,590,0
0047,09:55,595,0
0047,10:00,600,0
0047,10:05,605,0
0047,10:10,610,0
0047,10:15,615,0
0047,10:20,620,0
0047,10:25,625,0
0047,10:30,630,0
0047,10:35,635,0
0047,10:40,640,0
0047,10:45,645,0
0047,10:50,650,0
0047,10:55,655,0
0047,11:00,660,0
0047,11:05,665,0
0047,11:10,670,0
0047,11:15,675,0
0047,11:20,680,0
0047,11:25,685,0
0047,11:30,690,-978
0047,11:35,695,-978
0047,11:40,700,-978
0047,11:45,705,-1333
0047,11:50,710,-1333
0047,11:55,715,-1333
0047,12:00,720,-1333
0047,12:05,725,-1333
0047,12:10,730,-1333
0047,12:15,735,-1333
0047,12:20,740,-1333
0047,12:25,745,-1333
0047,12:30,750,-2667
0047,12:35,755,-2667
0047,12:40,760,-2667
0047,12:45,765,-2667
0047,12:50,770,-3289
0047,12:55,775,-3289
0047,13:00,780,-3289
0047,13:05,785,-3289
0047,13:10,790,-3289
0047,13:15,795,-3289
0047,13:20,800,-3289
0047,13:25,805,-3378
0047,13:30,810,-3378
0047,13:35,815,-3378
0047,13:40,820,-3378
0047,13:45,825,-3378
0047,13:50,830,-4800
0047,13:55,835,-4800
0047,14:00,840,-4800
0047,14:05,845,-4800
0047,14:10,850,-5867
0047,14:15,855,-5867
0047,14:20,860,-5867
0047,14:25,865,-5867
0047,14:30,870,-5689
0047,14:35,875,-5689
0047,14:40,880,-5689
0047,14:45,885,-1511
0047,14:50,890,-1511
0047,14:55,895,-1511
0047,15:00,900,-1511
0047,15:05,905,-1511
0047,15:10,910,-1422
0047,15:15,915,-1422
0047,15:20,920,-1422
0047,15:25,925,-1422
0047,15:30,930,-3289
0047,15:35,935,-3289
0047,15:40,940,-3289
0047,15:45,945,-3022
0047,15:50,950,-3022
0047,15:55,955,-3022
0047,16:00,960,-3022
0047,16:05,965,-3022
0047,16:10,970,-533
0047,16:15,975,-533
0047,16:20,980,-533
0047,16:25,985,-533
0047,16:30,990,345
0047,16:35,995,345
0047,16:40,1000,345
0047,16:45,1005,345
0047,16:50,1010,-356
0047,16:55,1015,-356
0047,17:00,1020,-356
0047,17:05,1025,-622
0047,17:10,1030,-622
0047,17:15,1035,-622
0047,17:20,1040,-622
0047,17:25,1045,-622
0047,17:30,1050,-1244
0047,17:35,1055,-1244
0047,17:40,1060,-1244
0047,17:45,1065,-1244
0047,17:50,1070,-1778
0047,17:55,1075,-1778
0047,18:00,1080,-1778
0047,18:05,1085,-1778
0047,18:10,1090,-2311
0047,18:15,1095,-2311
0047,18:20,1100,-2311
0047,18:25,1105,-2311
0047,18:30,1110,-2311
0047,18:35,1115,-2311
0047,18:40,1120,-2311
0047,18:45,1125,-2311
0047,18:50,1130,-1067
0047,18:55,1135,-1067
0047,19:00,1140,-1067
0047,19:05,1145,-1067
0047,19:10,1150,3017
0047,19:15,1155,3017
0047,19:20,1160,3017
0047,19:25,1165,5000
0047,19:30,1170,5000
0047,19:35,1175,5000
0047,19:40,1180,5000
0047,19:45,1185,3966
0047,19:50,1190,3966
0047,19:55,1195,3966
0047,20:00,1200,3966
0047,20:05,1205,3966
0047,20:10,1210,3966
0047,20:15,1215,3966
0047,20:20,1220,3966
0047,20:25,1225,3966
0047,20:30,1230,3534
0047,20:35,1235,3534
0047,20:40,1240,3534
0047,20:45,1245,3534
0047,20:50,1250,3534
0047,20:55,1255,3534
0047,21:00,1260,3534
0047,21:05,1265,3534
0047,21:10,1270,3534
0047,21:15,1275,3534
0047,21:20,1280,3534
0047,21:25,1285,3534
0047,21:30,1290,3534
0047,21:35,1295,3534
0047,21:40,1300,3534
0047,21:45,1305,3534
0047,21:50,1310,3534
0047,21:55,1315,3534
0047,22:00,1320,3534
0047,22:05,1325,3534
0047,22:10,1330,3534
0047,22:15,1335,3534
0047,22:20,1340,3534
0047,22:25,1345,3534
0047,22:30,1350,3534
0047,22:35,1355,3534
0047,22:40,1360,3534
0047,22:45,1365,3534
0047,22:50,1370,3534
0047,22:55,1375,3534
0047,23:00,1380,3534
0047,23:05,1385,3534
0047,23:10,1390,3534
0047,23:15,1395,3534
0047,23:16,1396,3534
0047,23:20,1400,3534
0048,09:00,540,0
0048,09:05,545,0
0048,09:10,550,0
0048,09:15,555,0
0048,09:20,560,0
0048,09:25,565,0
0048,09:30,570,0
0048,09:35,575,0
0048,09:40,580,0
0048,09:45,585,0
0048,09:50,590,0
0048,09:55,595,0
0048,10:00,600,0
0048,10:05,605,0
0048,10:10,610,0
0048,10:15,615,0
0048,10:20,620,0
0048,10:25,625,0
0048,10:30,630,0
0048,10:35,635,0
0048,10:40,640,0
0048,10:45,645,0
0048,10:50,650,0
0048,10:55,655,0
0048,11:00,660,0
0048,11:05,665,0
0048,11:10,670,0
0048,11:15,675,0
0048,11:20,680,0
0048,11:25,685,0
0048,11:30,690,0
0048,11:35,695,0
0048,11:40,700,0
0048,11:45,705,-356
0048,11:50,710,-356
0048,11:55,715,-356
0048,12:00,720,-356
0048,12:05,725,2069
0048,12:10,730,2069
0048,12:15,735,2069
0048,12:20,740,2069
0048,12:25,745,2069
0048,12:30,750,345
0048,12:35,755,345
0048,12:40,760,345
0048,12:45,765,345
0048,12:50,770,1034
0048,12:55,775,1034
0048,13:00,780,1034
0048,13:05,785,4483
0048,13:10,790,4483
0048,13:15,795,4483
0048,13:20,800,4483
0048,13:25,805,5172
0048,13:30,810,5172
0048,13:35,815,5172
0048,13:40,820,5172
0048,13:45,825,5172
0048,13:50,830,3621
0048,13:55,835,3621
0048,14:00,840,3621
0048,14:05,845,3621
0048,14:10,850,5517
0048,14:15,855,5517
0048,14:20,860,5517
0048,14:25,865,5517
0048,14:30,870,8103
0048,14:35,875,8103
0048,14:40,880,8103
0048,14:45,885,16379
0048,14:50,890,16379
0048,14:55,895,16379
0048,15:00,900,16379
0048,15:05,905,16379
0048,15:10,910,17414
0048,15:15,915,17414
0048,15:20,920,17414
0048,15:25,925,17414
0048,15:30,930,16034
0048,15:35,935,16034
0048,15:40,940,16034
0048,15:45,945,16207
0048,15:50,950,16207
0048,15:55,955,16207
0048,16:00,960,16207
0048,16:05,965,16207
0048,16:10,970,16724
0048,16:15,975,16724
0048,16:20,980,16724
0048,16:25,985,16724
0048,16:30,990,16724
0048,16:35,995,16724
0048,16:40,1000,16724
0048,16:45,1005,16724
0048,16:50,1010,16379
0048,16:55,1015,16379
0048,17:00,1020,16379
0048,17:05,1025,16034
0048,17:10,1030,16034
0048,17:15,1035,16034
0048,17:20,1040,16034
0048,17:25,1045,16034
0048,17:30,1050,16034
0048,17:35,1055,16034
0048,17:40,1060,16034
0048,17:45,1065,16034
0048,17:50,1070,14483
0048,17:55,1075,14483
0048,18:00,1080,14483
0048,18:05,1085,14483
0048,18:10,1090,14310
0048,18:15,1095,14310
0048,18:20,1100,14310
0048,18:25,1105,14310
0048,18:30,1110,14310
0048,18:35,1115,14310
0048,18:40,1120,14310
0048,18:45,1125,14310
0048,18:50,1130,14310
0048,18:55,1135,14310
0048,19:00,1140,14310
0048,19:05,1145,14310
0048,19:10,1150,14310
0048,19:15,1155,14310
0048,19:20,1160,14310
0048,19:25,1165,14310
0048,19:30,1170,14310
0048,19:35,1175,14310
0048,19:40,1180,14310
0048,19:45,1185,14138
0048,19:50,1190,14138
0048,19:55,1195,14138
0048,20:00,1200,14138
0048,20:05,1205,14138
0048,20:10,1210,13966
0048,20:15,1215,13966
0048,20:20,1220,13966
0048,20:25,1225,13966
0048,20:30,1230,13966
0048,20:35,1235,13966
0048,20:40,1240,13966
0048,20:45,1245,13793
0048,20:50,1250,13793
0048,20:55,1255,13793
0048,21:00,1260,13793
0048,21:05,1265,13793
0048,21:10,1270,13793
0048,21:15,1275,13793
0048,21:20,1280,13793
0048,21:25,1285,13793
0048,21:30,1290,13793
0048,21:35,1295,13793
0048,21:40,1300,13793
0048,21:45,1305,13793
0048,21:50,1310,13793
0048,21:55,1315,13793
0048,22:00,1320,13793
0048,22:05,1325,13793
0048,22:10,1330,13793
0048,22:15,1335,13793
0048,22:20,1340,13793
0048,22:25,1345,13793
0048,22:30,1350,13793
0048,22:35,1355,13793
0048,22:40,1360,13793
0048,22:45,1365,13793
0048,22:50,1370,13793
0048,22:55,1375,13793
0048,23:00,1380,13793
0048,23:05,1385,13793
0048,23:10,1390,13793
0048,23:15,1395,13793
0048,23:16,1396,13793
0048,23:20,1400,13793
0049,09:00,540,0
0049,09:05,545,0
0049,09:10,550,0
0049,09:15,555,0
0049,09:20,560,0
0049,09:25,565,0
0049,09:30,570,0
0049,09:35,575,0
0049,09:40,580,0
0049,09:45,585,0
0049,09:50,590,0
0049,09:55,595,0
0049,10:00,600,0
0049,10:05,605,0
0049,10:10,610,0
0049,10:15,615,0
0049,10:20,620,0
0049,10:25,625,0
0049,10:30,630,0
0049,10:35,635,0
0049,10:40,640,-800
0049,10:45,645,-800
0049,10:50,650,-800
0049,10:55,655,-800
0049,11:00,660,-1956
0049,11:05,665,-1956
0049,11:10,670,-2489
0049,11:15,675,-2489
0049,11:20,680,-2489
0049,11:25,685,-2489
0049,11:30,690,-3911
0049,11:35,695,-3911
0049,11:40,700,-3911
0049,11:45,705,-5244
0049,11:50,710,-5244
0049,11:55,715,-5244
0049,12:00,720,-5244
0049,12:05,725,-5422
0049,12:10,730,-5422
0049,12:15,735,-5422
0049,12:20,740,-5422
0049,12:25,745,-5422
0049,12:30,750,-5778
0049,12:35,755,-5778
0049,12:40,760,-5778
0049,12:45,765,-5778
0049,12:50,770,-6400
0049,12:55,775,-6400
0049,13:00,780,-6400
0049,13:05,785,-7556
0049,13:10,790,-7556
0049,13:15,795,-7556
0049,13:20,800,-7556
0049,13:25,805,-5156
0049,13:30,810,-5156
0049,13:35,815,-5156
0049,13:40,820,-5156
0049,13:45,825,-5156
0049,13:50,830,-5422
0049,13:55,835,-5422
0049,14:00,840,-5422
0049,14:05,845,-5422
0049,14:10,850,-6400
0049,14:15,855,-6400
0049,14:20,860,-6400
0049,14:25,865,-6400
0049,14:30,870,-4356
0049,14:35,875,-4356
0049,14:40,880,-4356
0049,14:45,885,-3111
0049,14:50,890,-3111
0049,14:55,895,-3111
0049,15:00,900,-3111
0049,15:05,905,-3111
0049,15:10,910,-3289
0049,15:15,915,-3289
0049,15:20,920,-3289
0049,15:25,925,-3289
0049,15:30,930,-4444
0049,15:35,935,-4444
0049,15:40,940,-4444
0049,15:45,945,-4711
0049,15:50,950,-4711
0049,15:55,955,-4711
0049,16:00,960,-4711
0049,16:05,965,-4711
0049,16:10,970,-5778
0049,16:15,975,-5778
0049,16:20,980,-5778
0049,16:25,985,-5778
0049,16:30,990,-7467
0049,16:35,995,-7467
0049,16:40,1000,-7467
0049,16:45,1005,-7467
0049,16:50,1010,-8444
0049,16:55,1015,-8444
0049,17:00,1020,-8444
0049,17:05,1025,-8622
0049,17:10,1030,-8622
0049,17:15,1035,-8622
0049,17:20,1040,-8622
0049,17:25,1045,-8622
0049,17:30,1050,-8622
0049,17:35,1055,-8622
0049,17:40,1060,-8622
0049,17:45,1065,-8622
0049,17:50,1070,-9156
0049,17:55,1075,-9156
0049,18:00,1080,-9156
0049,18:05,1085,-9156
0049,18:10,1090,-9156
0049,18:15,1095,-9156
0049,18:20,1100,-9156
0049,18:25,1105,-8089
0049,18:30,1110,-8089
0049,18:35,1115,-8089
0049,18:40,1120,-8089
0049,18:45,1125,-8089
0049,18:50,1130,-1244
0049,18:55,1135,-1244
0049,19:00,1140,-1244
0049,19:05,1145,-1244
0049,19:10,1150,-1778
0049,19:15,1155,-1778
0049,19:20,1160,-1778
0049,19:25,1165,-1867
0049,19:30,1170,-1867
0049,19:35,1175,-1867
0049,19:40,1180,-1867
0049,19:45,1185,-1867
0049,19:50,1190,-1867
0049,19:55,1195,-1867
0049,20:00,1200,-1867
0049,20:05,1205,-1867
0049,20:10,1210,-1867
0049,20:15,1215,-1867
0049,20:20,1220,-1867
0049,20:25,1225,-1867
0049,20:30,1230,-1867
0049,20:35,1235,-1867
0049,20:40,1240,-1867
0049,20:45,1245,-1867
0049,20:50,1250,-1867
0049,20:55,1255,-1867
0049,21:00,1260,-1867
0049,21:05,1265,-1867
0049,21:10,1270,-1867
0049,21:15,1275,-1867
0049,21:20,1280,-1867
0049,21:25,1285,-1867
0049,21:30,1290,-1867
0049,21:35,1295,-1867
0049,21:40,1300,-1867
0049,21:45,1305,-1867
0049,21:50,1310,-1867
0049,21:55,1315,-1867
0049,22:00,1320,-1867
0049,22:05,1325,-1867
0049,22:10,1330,-1867
0049,22:15,1335,-1867
0049,22:20,1340,-1867
0049,22:25,1345,-1867
0049,22:30,1350,-1867
0049,22:35,1355,-1867
0049,22:40,1360,-1867
0049,22:45,1365,-1867
0049,22:50,1370,-1867
0049,22:55,1375,-1867
0049,23:00,1380,-1867
0049,23:05,1385,-1867
0049,23:10,1390,-1867
0049,23:15,1395,-1867
0049,23:16,1396,-1867
0049,23:20,1400,-1867
0050,09:00,540,0
0050,09:05,545,0
0050,09:10,550,0
0050,09:15,555,0
0050,09:20,560,0
0050,09:25,565,0
0050,09:30,570,0
0050,09:35,575,0
0050,09:40,580,0
0050,09:45,585,0
0050,09:50,590,0
0050,09:55,595,0
0050,10:00,600,0
0050,10:05,605,0
0050,10:10,610,0
0050,10:15,615,0
0050,10:20,620,0
0050,10:25,625,0
0050,10:30,630,0
0050,10:35,635,0
0050,10:40,640,-711
0050,10:45,645,-711
0050,10:50,650,-711
0050,10:55,655,-711
0050,11:00,660,-1956
0050,11:05,665,-1956
0050,11:10,670,-2489
0050,11:15,675,-2489
0050,11:20,680,-2489
0050,11:25,685,-2489
0050,11:30,690,-2489
0050,11:35,695,-2489
0050,11:40,700,-2489
0050,11:45,705,-2311
0050,11:50,710,-2311
0050,11:55,715,-2311
0050,12:00,720,-2311
0050,12:05,725,1552
0050,12:10,730,1552
0050,12:15,735,1552
0050,12:20,740,1552
0050,12:25,745,1552
0050,12:30,750,-178
0050,12:35,755,-178
0050,12:40,760,-178
0050,12:45,765,-178
0050,12:50,770,-1600
0050,12:55,775,-1600
0050,13:00,780,-1600
0050,13:05,785,-3022
0050,13:10,790,-3022
0050,13:15,795,-3022
0050,13:20,800,-3022
0050,13:25,805,-4267
0050,13:30,810,-4267
0050,13:35,815,-4267
0050,13:40,820,-4267
0050,13:45,825,-4267
0050,13:50,830,-5511
0050,13:55,835,-5511
0050,14:00,840,-5511
0050,14:05,845,-5511
0050,14:10,850,-5156
0050,14:15,855,-5156
0050,14:20,860,-5156
0050,14:25,865,-5156
0050,14:30,870,-5156
0050,14:35,875,-5156
0050,14:40,880,-5156
0050,14:45,885,-6578
0050,14:50,890,-6578
0050,14:55,895,-6578
0050,15:00,900,-6578
0050,15:05,905,-6578
0050,15:10,910,-7644
0050,15:15,915,-7644
0050,15:20,920,-7644
0050,15:25,925,-7644
0050,15:30,930,-9422
0050,15:35,935,-9422
0050,15:40,940,-9422
0050,15:45,945,-9778
0050,15:50,950,-9778
0050,15:55,955,-9778
0050,16:00,960,-9778
0050,16:05,965,-9778
0050,16:10,970,-9778
0050,16:15,975,-9778
0050,16:20,980,-9778
0050,16:25,985,-9778
0050,16:30,990,-10844
0050,16:35,995,-10844
0050,16:40,1000,-10844
0050,16:45,1005,-10844
0050,16:50,1010,-10844
0050,16:55,1015,-10844
0050,17:00,1020,-10844
0050,17:05,1025,-10844
0050,17:10,1030,-10844
0050,17:15,1035,-10844
0050,17:20,1040,-10844
0050,17:25,1045,-10844
0050,17:30,1050,-10844
0050,17:35,1055,-10844
0050,17:40,1060,-10844
0050,17:45,1065,-10844
0050,17:50,1070,-10844
0050,17:55,1075,-10844
0050,18:00,1080,-10844
0050,18:05,1085,-10844
0050,18:10,1090,-10844
0050,18:15,1095,-10844
0050,18:20,1100,-10844
0050,18:25,1105,-12089
0050,18:30,1110,-12089
0050,18:35,1115,-12089
0050,18:40,1120,-12089
0050,18:45,1125,-12089
0050,18:50,1130,-12978
0050,18:55,1135,-12978
0050,19:00,1140,-12978
0050,19:05,1145,-12978
0050,19:10,1150,-12978
0050,19:15,1155,-12978
0050,19:20,1160,-12978
0050,19:25,1165,-12978
0050,19:30,1170,-12978
0050,19:35,1175,-12978
0050,19:40,1180,-12978
0050,19:45,1185,-12978
0050,19:50,1190,-12978
0050,19:55,1195,-12978
0050,20:00,1200,-12978
0050,20:05,1205,-12978
0050,20:10,1210,-12978
0050,20:15,1215,-12978
0050,20:20,1220,-12978
0050,20:25,1225,-12978
0050,20:30,1230,-13156
0050,20:35,1235,-13156
0050,20:40,1240,-13156
0050,20:45,1245,-13333
0050,20:50,1250,-13333
0050,20:55,1255,-13333
0050,21:00,1260,-13333
0050,21:05,1265,-13333
0050,21:10,1270,-13333
0050,21:15,1275,-13333
0050,21:20,1280,-13333
0050,21:25,1285,-13333
0050,21:30,1290,-13333
0050,21:35,1295,-13333
0050,21:40,1300,-13333
0050,21:45,1305,-13689
0050,21:50,1310,-13689
0050,21:55,1315,-13689
0050,22:00,1320,-13689
0050,22:05,1325,-13689
0050,22:10,1330,-13689
0050,22:15,1335,-13689
0050,22:20,1340,-13689
0050,22:25,1345,-13689
0050,22:30,1350,-13689
0050,22:35,1355,-13689
0050,22:40,1360,-13689
0050,22:45,1365,-13689
0050,22:50,1370,-13689
0050,22:55,1375,-13689
0050,23:00,1380,-13689
0050,23:05,1385,-13689
0050,23:10,1390,-13689
0050,23:15,1395,-13689
0050,23:16,1396,-13689
0050,23:20,1400,-13689
0051,09:00,540,0
0051,09:05,545,0
0051,09:10,550,0
0051,09:15,555,0
0051,09:20,560,0
0051,09:25,565,0
0051,09:30,570,0
0051,09:35,575,0
0051,09:40,580,0
0051,09:45,585,0
0051,09:50,590,0
0051,09:55,595,0
0051,10:00,600,0
0051,10:05,605,0
0051,10:10,610,0
0051,10:15,615,0
0051,10:20,620,0
0051,10:25,625,0
0051,10:30,630,0
0051,10:35,635,0
0051,10:40,640,0
0051,10:45,645,0
0051,10:50,650,0
0051,10:55,655,0
0051,11:00,660,0
0051,11:05,665,0
0051,11:10,670,0
0051,11:15,675,0
0051,11:20,680,0
0051,11:25,685,0
0051,11:30,690,0
0051,11:35,695,0
0051,11:40,700,0
0051,11:45,705,-1333
0051,11:50,710,-1333
0051,11:55,715,-1333
0051,12:00,720,-1333
0051,12:05,725,-1511
0051,12:10,730,-1511
0051,12:15,735,-1511
0051,12:20,740,-1511
0051,12:25,745,-1511
0051,12:30,750,-1511
0051,12:35,755,-1511
0051,12:40,760,-1511
0051,12:45,765,-1511
0051,12:50,770,-1511
0051,12:55,775,-1511
0051,13:00,780,-1511
0051,13:05,785,-1600
0051,13:10,790,-1600
0051,13:15,795,-1600
0051,13:20,800,-1600
0051,13:25,805,-1600
0051,13:30,810,-1600
0051,13:35,815,-1600
0051,13:40,820,-1600
0051,13:45,825,-1600
0051,13:50,830,-1600
0051,13:55,835,-1600
0051,14:00,840,-1600
0051,14:05,845,-1600
0051,14:10,850,-1778
0051,14:15,855,-1778
0051,14:20,860,-1778
0051,14:25,865,-1778
0051,14:30,870,-1689
0051,14:35,875,-1689
0051,14:40,880,-1689
0051,14:45,885,-2933
0051,14:50,890,-2933
0051,14:55,895,-2933
0051,15:00,900,-2933
0051,15:05,905,-2933
0051,15:10,910,-4267
0051,15:15,915,-4267
0051,15:20,920,-4267
0051,15:25,925,-4267
0051,15:30,930,-3911
0051,15:35,935,-3911
0051,15:40,940,-3911
0051,15:45,945,-4444
0051,15:50,950,-4444
0051,15:55,955,-4444
0051,16:00,960,-4444
0051,16:05,965,-4444
0051,16:10,970,-5778
0051,16:15,975,-5778
0051,16:20,980,-5778
0051,16:25,985,-5778
0051,16:30,990,-5689
0051,16:35,995,-5689
0051,16:40,1000,-5689
0051,16:45,1005,-5689
0051,16:50,1010,-178
0051,16:55,1015,-178
0051,17:00,1020,-178
0051,17:05,1025,2328
0051,17:10,1030,2328
0051,17:15,1035,2328
0051,17:20,1040,2328
0051,17:25,1045,2328
0051,17:30,1050,4310
0051,17:35,1055,4310
0051,17:40,1060,4310
0051,17:45,1065,4310
0051,17:50,1070,2845
0051,17:55,1075,2845
0051,18:00,1080,2845
0051,18:05,1085,2845
0051,18:10,1090,1638
0051,18:15,1095,1638
0051,18:20,1100,1638
0051,18:25,1105,259
0051,18:30,1110,259
0051,18:35,1115,259
0051,18:40,1120,259
0051,18:45,1125,259
0051,18:50,1130,0
0051,18:55,1135,0
0051,19:00,1140,0
0051,19:05,1145,0
0051,19:10,1150,-178
0051,19:15,1155,-178
0051,19:20,1160,-178
0051,19:25,1165,-711
0051,19:30,1170,-711
0051,19:35,1175,-711
0051,19:40,1180,-711
0051,19:45,1185,-711
0051,19:50,1190,-711
0051,19:55,1195,-711
0051,20:00,1200,-711
0051,20:05,1205,-711
0051,20:10,1210,-711
0051,20:15,1215,-711
0051,20:20,1220,-711
0051,20:25,1225,-711
0051,20:30,1230,-711
0051,20:35,1235,-711
0051,20:40,1240,-711
0051,20:45,1245,-1156
0051,20:50,1250,-1156
0051,20:55,1255,-1156
0051,21:00,1260,-1156
0051,21:05,1265,-1156
0051,21:10,1270,-1156
0051,21:15,1275,-1156
0051,21:20,1280,-1156
0051,21:25,1285,-1156
0051,21:30,1290,-1156
0051,21:35,1295,-1156
0051,21:40,1300,-1156
0051,21:45,1305,-1156
0051,21:50,1310,-1156
0051,21:55,1315,-1156
0051,22:00,1320,-1156
0051,22:05,1325,-1156
0051,22:10,1330,-1156
0051,22:15,1335,-1156
0051,22:20,1340,-1156
0051,22:25,1345,-1156
0051,22:30,1350,-1156
0051,22:35,1355,-1156
0051,22:40,1360,-1156
0051,22:45,1365,-1156
0051,22:50,1370,-1156
0051,22:55,1375,-1156
0051,23:00,1380,-1156
0051,23:05,1385,-1156
0051,23:10,1390,-1156
0051,23:15,1395,-1156
0051,23:16,1396,-1156
0051,23:20,1400,-1156
0052,09:00,540,0
0052,09:05,545,0
0052,09:10,550,0
0052,09:15,555,0
0052,09:20,560,0
0052,09:25,565,0
0052,09:30,570,0
0052,09:35,575,0
0052,09:40,580,0
0052,09:45,585,0
0052,09:50,590,0
0052,09:55,595,0
0052,10:00,600,0
0052,10:05,605,0
0052,10:10,610,0
0052,10:15,615,0
0052,10:20,620,0
0052,10:25,625,0
0052,10:30,630,0
0052,10:35,635,0
0052,10:40,640,0
0052,10:45,645,0
0052,10:50,650,0
0052,10:55,655,0
0052,11:00,660,0
0052,11:05,665,0
0052,11:10,670,-178
0052,11:15,675,-178
0052,11:20,680,-178
0052,11:25,685,-178
0052,11:30,690,-711
0052,11:35,695,-711
0052,11:40,700,-711
0052,11:45,705,-1956
0052,11:50,710,-1956
0052,11:55,715,-1956
0052,12:00,720,-1956
0052,12:05,725,-3022
0052,12:10,730,-3022
0052,12:15,735,-3022
0052,12:20,740,-3022
0052,12:25,745,-3022
0052,12:30,750,-3733
0052,12:35,755,-3733
0052,12:40,760,-3733
0052,12:45,765,-3733
0052,12:50,770,-3911
0052,12:55,775,-3911
0052,13:00,780,-3911
0052,13:05,785,-4622
0052,13:10,790,-4622
0052,13:15,795,-4622
0052,13:20,800,-4622
0052,13:25,805,-6044
0052,13:30,810,-6044
0052,13:35,815,-6044
0052,13:40,820,-6044
0052,13:45,825,-6044
0052,13:50,830,-7467
0052,13:55,835,-7467
0052,14:00,840,-7467
0052,14:05,845,-7467
0052,14:10,850,-8889
0052,14:15,855,-8889
0052,14:20,860,-8889
0052,14:25,865,-8889
0052,14:30,870,-9067
0052,14:35,875,-9067
0052,14:40,880,-9067
0052,14:45,885,-6578
0052,14:50,890,-6578
0052,14:55,895,-6578
0052,15:00,900,-6578
0052,15:05,905,-6578
0052,15:10,910,-6044
0052,15:15,915,-6044
0052,15:20,920,-6044
0052,15:25,925,-6044
0052,15:30,930,-7467
0052,15:35,935,-7467
0052,15:40,940,-7467
0052,15:45,945,-8533
0052,15:50,950,-8533
0052,15:55,955,-8533
0052,16:00,960,-8533
0052,16:05,965,-8533
0052,16:10,970,-9956
0052,16:15,975,-9956
0052,16:20,980,-9956
0052,16:25,985,-9956
0052,16:30,990,-11556
0052,16:35,995,-11556
0052,16:40,1000,-11556
0052,16:45,1005,-11556
0052,16:50,1010,-11556
0052,16:55,1015,-11556
0052,17:00,1020,-11556
0052,17:05,1025,-11556
0052,17:10,1030,-11556
0052,17:15,1035,-11556
0052,17:20,1040,-11556
0052,17:25,1045,-11556
0052,17:30,1050,-11556
0052,17:35,1055,-11556
0052,17:40,1060,-11556
0052,17:45,1065,-11556
0052,17:50,1070,-12622
0052,17:55,1075,-12622
0052,18:00,1080,-12622
0052,18:05,1085,-12622
0052,18:10,1090,-12622
0052,18:15,1095,-12622
0052,18:20,1100,-12622
0052,18:25,1105,-13333
0052,18:30,1110,-13333
0052,18:35,1115,-13333
0052,18:40,1120,-13333
0052,18:45,1125,-13333
0052,18:50,1130,-13333
0052,18:55,1135,-13333
0052,19:00,1140,-13333
0052,19:05,1145,-13333
0052,19:10,1150,-13333
0052,19:15,1155,-13333
0052,19:20,1160,-13333
0052,19:25,1165,-13511
0052,19:30,1170,-13511
0052,19:35,1175,-13511
0052,19:40,1180,-13511
0052,19:45,1185,-13689
0052,19:50,1190,-13689
0052,19:55,1195,-13689
0052,20:00,1200,-13689
0052,20:05,1205,-13689
0052,20:10,1210,-13689
0052,20:15,1215,-13689
0052,20:20,1220,-13689
0052,20:25,1225,-13689
0052,20:30,1230,-13689
0052,20:35,1235,-13689
0052,20:40,1240,-13689
0052,20:45,1245,-13689
0052,20:50,1250,-13689
0052,20:55,1255,-13689
0052,21:00,1260,-13689
0052,21:05,1265,-13689
0052,21:10,1270,-13689
0052,21:15,1275,-13689
0052,21:20,1280,-13689
0052,21:25,1285,-13689
0052,21:30,1290,-13689
0052,21:35,1295,-13689
0052,21:40,1300,-13689
0052,21:45,1305,-13689
0052,21:50,1310,-13689
0052,21:55,1315,-13689
0052,22:00,1320,-13689
0052,22:05,1325,-13689
0052,22:10,1330,-13689
0052,22:15,1335,-13689
0052,22:20,1340,-13689
0052,22:25,1345,-13689
0052,22:30,1350,-13689
0052,22:35,1355,-13689
0052,22:40,1360,-13689
0052,22:45,1365,-13689
0052,22:50,1370,-13689
0052,22:55,1375,-13689
0052,23:00,1380,-13689
0052,23:05,1385,-13689
0052,23:10,1390,-13689
0052,23:15,1395,-13689
0052,23:16,1396,-13689
0052,23:20,1400,-13689
0053,09:00,540,0
0053,09:05,545,0
0053,09:10,550,0
0053,09:15,555,0
0053,09:20,560,0
0053,09:25,565,0
0053,09:30,570,0
0053,09:35,575,0
0053,09:40,580,0
0053,09:45,585,0
0053,09:50,590,0
0053,09:55,595,0
0053,10:00,600,0
0053,10:05,605,0
0053,10:10,610,0
0053,10:15,615,0
0053,10:20,620,0
0053,10:25,625,0
0053,10:30,630,0
0053,10:35,635,0
0053,10:40,640,0
0053,10:45,645,0
0053,10:50,650,0
0053,10:55,655,0
0053,11:00,660,0
0053,11:05,665,0
0053,11:10,670,0
0053,11:15,675,0
0053,11:20,680,0
0053,11:25,685,0
0053,11:30,690,6207
0053,11:35,695,6207
0053,11:40,700,6207
0053,11:45,705,5345
0053,11:50,710,5345
0053,11:55,715,5345
0053,12:00,720,5345
0053,12:05,725,4310
0053,12:10,730,4310
0053,12:15,735,4310
0053,12:20,740,4310
0053,12:25,745,4310
0053,12:30,750,2759
0053,12:35,755,2759
0053,12:40,760,2759
0053,12:45,765,2759
0053,12:50,770,1379
0053,12:55,775,1379
0053,13:00,780,1379
0053,13:05,785,0
0053,13:10,790,0
0053,13:15,795,0
0053,13:20,800,0
0053,13:25,805,-1600
0053,13:30,810,-1600
0053,13:35,815,-1600
0053,13:40,820,-1600
0053,13:45,825,-1600
0053,13:50,830,-3022
0053,13:55,835,-3022
0053,14:00,840,-3022
0053,14:05,845,-3022
0053,14:10,850,-4089
0053,14:15,855,-4089
0053,14:20,860,-4089
0053,14:25,865,-4089
0053,14:30,870,-2133
0053,14:35,875,-2133
0053,14:40,880,-2133
0053,14:45,885,-3556
0053,14:50,890,-3556
0053,14:55,895,-3556
0053,15:00,900,-3556
0053,15:05,905,-3556
0053,15:10,910,-1244
0053,15:15,915,-1244
0053,15:20,920,-1244
0053,15:25,925,-1244
0053,15:30,930,-2844
0053,15:35,935,-2844
0053,15:40,940,-2844
0053,15:45,945,-4444
0053,15:50,950,-4444
0053,15:55,955,-4444
0053,16:00,960,-4444
0053,16:05,965,-4444
0053,16:10,970,-5511
0053,16:15,975,-5511
0053,16:20,980,-5511
0053,16:25,985,-5511
0053,16:30,990,-7111
0053,16:35,995,-7111
0053,16:40,1000,-7111
0053,16:45,1005,-7111
0053,16:50,1010,-8000
0053,16:55,1015,-8000
0053,17:00,1020,-8000
0053,17:05,1025,-8356
0053,17:10,1030,-8356
0053,17:15,1035,-8356
0053,17:20,1040,-8356
0053,17:25,1045,-8356
0053,17:30,1050,-10311
0053,17:35,1055,-10311
0053,17:40,1060,-10311
0053,17:45,1065,-10311
0053,17:50,1070,-10133
0053,17:55,1075,-10133
0053,18:00,1080,-10133
0053,18:05,1085,-10133
0053,18:10,1090,-9422
0053,18:15,1095,-9422
0053,18:20,1100,-9422
0053,18:25,1105,-11378
0053,18:30,1110,-11378
0053,18:35,1115,-11378
0053,18:40,1120,-11378
0053,18:45,1125,-11378
0053,18:50,1130,-12089
0053,18:55,1135,-12089
0053,19:00,1140,-12089
0053,19:05,1145,-12089
0053,19:10,1150,-12089
0053,19:15,1155,-12089
0053,19:20,1160,-12089
0053,19:25,1165,-12089
0053,19:30,1170,-12089
0053,19:35,1175,-12089
0053,19:40,1180,-12089
0053,19:45,1185,-13156
0053,19:50,1190,-13156
0053,19:55,1195,-13156
0053,20:00,1200,-13156
0053,20:05,1205,-13156
0053,20:10,1210,-14044
0053,20:15,1215,-14044
0053,20:20,1220,-14044
0053,20:25,1225,-14044
0053,20:30,1230,-14044
0053,20:35,1235,-14044
0053,20:40,1240,-14044
0053,20:45,1245,-14044
0053,20:50,1250,-14044
0053,20:55,1255,-14044
0053,21:00,1260,-14044
0053,21:05,1265,-14044
0053,21:10,1270,-14044
0053,21:15,1275,-14044
0053,21:20,1280,-14044
0053,21:25,1285,-14044
0053,21:30,1290,-14044
0053,21:35,1295,-14044
0053,21:40,1300,-14044
0053,21:45,1305,-14044
0053,21:50,1310,-14044
0053,21:55,1315,-14044
0053,22:00,1320,-14044
0053,22:05,1325,-14044
0053,22:10,1330,-14044
0053,22:15,1335,-14044
0053,22:20,1340,-14044
0053,22:25,1345,-14044
0053,22:30,1350,-14044
0053,22:35,1355,-14044
0053,22:40,1360,-14044
0053,22:45,1365,-14044
0053,22:50,1370,-14044
0053,22:55,1375,-14044
0053,23:00,1380,-14044
0053,23:05,1385,-14044
0053,23:10,1390,-14044
0053,23:15,1395,-14044
0053,23:16,1396,-14044
0053,23:20,1400,-14044
0054,09:00,540,0
0054,09:05,545,0
0054,09:10,550,0
0054,09:15,555,0
0054,09:20,560,0
0054,09:25,565,0
0054,09:30,570,0
0054,09:35,575,0
0054,09:40,580,0
0054,09:45,585,0
0054,09:50,590,0
0054,09:55,595,0
0054,10:00,600,0
0054,10:05,605,0
0054,10:10,610,0
0054,10:15,615,0
0054,10:20,620,0
0054,10:25,625,0
0054,10:30,630,0
0054,10:35,635,0
0054,10:40,640,0
0054,10:45,645,0
0054,10:50,650,0
0054,10:55,655,0
0054,11:00,660,0
0054,11:05,665,0
0054,11:10,670,-89
0054,11:15,675,-89
0054,11:20,680,-89
0054,11:25,685,-89
0054,11:30,690,-622
0054,11:35,695,-622
0054,11:40,700,-622
0054,11:45,705,-800
0054,11:50,710,-800
0054,11:55,715,-800
0054,12:00,720,-800
0054,12:05,725,-800
0054,12:10,730,-800
0054,12:15,735,-800
0054,12:20,740,-800
0054,12:25,745,-800
0054,12:30,750,-1511
0054,12:35,755,-1511
0054,12:40,760,-1511
0054,12:45,765,-1511
0054,12:50,770,-800
0054,12:55,775,-800
0054,13:00,780,-800
0054,13:05,785,2931
0054,13:10,790,2931
0054,13:15,795,2931
0054,13:20,800,2931
0054,13:25,805,1466
0054,13:30,810,1466
0054,13:35,815,1466
0054,13:40,820,1466
0054,13:45,825,1466
0054,13:50,830,862
0054,13:55,835,862
0054,14:00,840,862
0054,14:05,845,862
0054,14:10,850,-267
0054,14:15,855,-267
0054,14:20,860,-267
0054,14:25,865,-267
0054,14:30,870,-1689
0054,14:35,875,-1689
0054,14:40,880,-1689
0054,14:45,885,-2933
0054,14:50,890,-2933
0054,14:55,895,-2933
0054,15:00,900,-2933
0054,15:05,905,-2933
0054,15:10,910,-4089
0054,15:15,915,-4089
0054,15:20,920,-4089
0054,15:25,925,-4089
0054,15:30,930,-5333
0054,15:35,935,-5333
0054,15:40,940,-5333
0054,15:45,945,-5600
0054,15:50,950,-5600
0054,15:55,955,-5600
0054,16:00,960,-5600
0054,16:05,965,-5600
0054,16:10,970,-5600
0054,16:15,975,-5600
0054,16:20,980,-5600
0054,16:25,985,-5600
0054,16:30,990,-4356
0054,16:35,995,-4356
0054,16:40,1000,-4356
0054,16:45,1005,-4356
0054,16:50,1010,-5511
0054,16:55,1015,-5511
0054,17:00,1020,-5511
0054,17:05,1025,-6311
0054,17:10,1030,-6311
0054,17:15,1035,-6311
0054,17:20,1040,-6311
0054,17:25,1045,-6311
0054,17:30,1050,-2756
0054,17:35,1055,-2756
0054,17:40,1060,-2756
0054,17:45,1065,-2756
0054,17:50,1070,4138
0054,17:55,1075,4138
0054,18:00,1080,4138
0054,18:05,1085,4138
0054,18:10,1090,3621
0054,18:15,1095,3621
0054,18:20,1100,3621
0054,18:25,1105,2414
0054,18:30,1110,2414
0054,18:35,1115,2414
0054,18:40,1120,2414
0054,18:45,1125,2414
0054,18:50,1130,1379
0054,18:55,1135,1379
0054,19:00,1140,1379
0054,19:05,1145,1379
0054,19:10,1150,690
0054,19:15,1155,690
0054,19:20,1160,690
0054,19:25,1165,-622
0054,19:30,1170,-622
0054,19:35,1175,-622
0054,19:40,1180,-622
0054,19:45,1185,-267
0054,19:50,1190,-267
0054,19:55,1195,-267
0054,20:00,1200,-267
0054,20:05,1205,-267
0054,20:10,1210,-1422
0054,20:15,1215,-1422
0054,20:20,1220,-1422
0054,20:25,1225,-1422
0054,20:30,1230,-2667
0054,20:35,1235,-2667
0054,20:40,1240,-2667
0054,20:45,1245,-3822
0054,20:50,1250,-3822
0054,20:55,1255,-3822
0054,21:00,1260,-3822
0054,21:05,1265,-3822
0054,21:10,1270,-4711
0054,21:15,1275,-4711
0054,21:20,1280,-4711
0054,21:25,1285,-4711
0054,21:30,1290,-889
0054,21:35,1295,-889
0054,21:40,1300,-889
0054,21:45,1305,-2222
0054,21:50,1310,-2222
0054,21:55,1315,-2222
0054,22:00,1320,-2222
0054,22:05,1325,-3289
0054,22:10,1330,-3289
0054,22:15,1335,-3289
0054,22:20,1340,-3289
0054,22:25,1345,-3289
0054,22:30,1350,-3467
0054,22:35,1355,-3467
0054,22:40,1360,-3467
0054,22:45,1365,-3467
0054,22:50,1370,-3467
0054,22:55,1375,-3467
0054,23:00,1380,-3467
0054,23:05,1385,-3467
0054,23:10,1390,-3467
0054,23:15,1395,-3467
0054,23:16,1396,-3467
0054,23:20,1400,-3467
0055,09:00,540,0
0055,09:05,545,0
0055,09:10,550,0
0055,09:15,555,0
0055,09:20,560,0
0055,09:25,565,0
0055,09:30,570,0
0055,09:35,575,0
0055,09:40,580,0
0055,09:45,585,0
0055,09:50,590,0
0055,09:55,595,0
0055,10:00,600,0
0055,10:05,605,0
0055,10:10,610,0
0055,10:15,615,0
0055,10:20,620,0
0055,10:25,625,0
0055,10:30,630,0
0055,10:35,635,0
0055,10:40,640,0
0055,10:45,645,0
0055,10:50,650,0
0055,10:55,655,0
0055,11:00,660,-356
0055,11:05,665,-356
0055,11:10,670,-889
0055,11:15,675,-889
0055,11:20,680,-889
0055,11:25,685,-889
0055,11:30,690,-2667
0055,11:35,695,-2667
0055,11:40,700,-2667
0055,11:45,705,-4267
0055,11:50,710,-4267
0055,11:55,715,-4267
0055,12:00,720,-4267
0055,12:05,725,-5511
0055,12:10,730,-5511
0055,12:15,735,-5511
0055,12:20,740,-5511
0055,12:25,745,-5511
0055,12:30,750,-6933
0055,12:35,755,-6933
0055,12:40,760,-6933
0055,12:45,765,-6933
0055,12:50,770,-6933
0055,12:55,775,-6933
0055,13:00,780,-6933
0055,13:05,785,-6933
0055,13:10,790,-6933
0055,13:15,795,-6933
0055,13:20,800,-6933
0055,13:25,805,-7111
0055,13:30,810,-7111
0055,13:35,815,-7111
0055,13:40,820,-7111
0055,13:45,825,-7111
0055,13:50,830,-8356
0055,13:55,835,-8356
0055,14:00,840,-8356
0055,14:05,845,-8356
0055,14:10,850,-8356
0055,14:15,855,-8356
0055,14:20,860,-8356
0055,14:25,865,-8356
0055,14:30,870,-8356
0055,14:35,875,-8356
0055,14:40,880,-8356
0055,14:45,885,-9600
0055,14:50,890,-9600
0055,14:55,895,-9600
0055,15:00,900,-9600
0055,15:05,905,-9600
0055,15:10,910,-10133
0055,15:15,915,-10133
0055,15:20,920,-10133
0055,15:25,925,-10133
0055,15:30,930,-11378
0055,15:35,935,-11378
0055,15:40,940,-11378
0055,15:45,945,-12444
0055,15:50,950,-12444
0055,15:55,955,-12444
0055,16:00,960,-12444
0055,16:05,965,-12444
0055,16:10,970,-11378
0055,16:15,975,-11378
0055,16:20,980,-11378
0055,16:25,985,-11378
0055,16:30,990,-12267
0055,16:35,995,-12267
0055,16:40,1000,-12267
0055,16:45,1005,-12267
0055,16:50,1010,-13867
0055,16:55,1015,-13867
0055,17:00,1020,-13867
0055,17:05,1025,-14933
0055,17:10,1030,-14933
0055,17:15,1035,-14933
0055,17:20,1040,-14933
0055,17:25,1045,-14933
0055,17:30,1050,-15822
0055,17:35,1055,-15822
0055,17:40,1060,-15822
0055,17:45,1065,-15822
0055,17:50,1070,-16889
0055,17:55,1075,-16889
0055,18:00,1080,-16889
0055,18:05,1085,-16889
0055,18:10,1090,-17244
0055,18:15,1095,-17244
0055,18:20,1100,-17244
0055,18:25,1105,-17244
0055,18:30,1110,-17244
0055,18:35,1115,-17244
0055,18:40,1120,-17244
0055,18:45,1125,-17244
0055,18:50,1130,-17244
0055,18:55,1135,-17244
0055,19:00,1140,-17244
0055,19:05,1145,-17244
0055,19:10,1150,-17244
0055,19:15,1155,-17244
0055,19:20,1160,-17244
0055,19:25,1165,-17244
0055,19:30,1170,-17244
0055,19:35,1175,-17244
0055,19:40,1180,-17244
0055,19:45,1185,-17244
0055,19:50,1190,-17244
0055,19:55,1195,-17244
0055,20:00,1200,-17244
0055,20:05,1205,-17244
0055,20:10,1210,-17244
0055,20:15,1215,-17244
0055,20:20,1220,-17244
0055,20:25,1225,-17244
0055,20:30,1230,-17244
0055,20:35,1235,-17244
0055,20:40,1240,-17244
0055,20:45,1245,-17244
0055,20:50,1250,-17244
0055,20:55,1255,-17244
0055,21:00,1260,-17244
0055,21:05,1265,-17244
0055,21:10,1270,-17244
0055,21:15,1275,-17244
0055,21:20,1280,-17244
0055,21:25,1285,-17244
0055,21:30,1290,-18133
0055,21:35,1295,-18133
0055,21:40,1300,-18133
0055,21:45,1305,-19022
0055,21:50,1310,-19022
0055,21:55,1315,-19022
0055,22:00,1320,-19022
0055,22:05,1325,-19200
0055,22:10,1330,-19200
0055,22:15,1335,-19200
0055,22:20,1340,-19200
0055,22:25,1345,-19200
0055,22:30,1350,-19200
0055,22:35,1355,-19200
0055,22:40,1360,-19200
0055,22:45,1365,-19200
0055,22:50,1370,-19200
0055,22:55,1375,-19200
0055,23:00,1380,-19200
0055,23:05,1385,-19200
0055,23:10,1390,-19200
0055,23:15,1395,-19200
0055,23:16,1396,-19200
0055,23:20,1400,-19200
0056,09:00,540,0
0056,09:05,545,0
0056,09:10,550,0
0056,09:15,555,0
0056,09:20,560,0
0056,09:25,565,0
0056,09:30,570,0
0056,09:35,575,0
0056,09:40,580,0
0056,09:45,585,0
0056,09:50,590,0
0056,09:55,595,0
0056,10:00,600,0
0056,10:05,605,0
0056,10:10,610,0
0056,10:15,615,0
0056,10:20,620,0
0056,10:25,625,0
0056,10:30,630,0
0056,10:35,635,0
0056,10:40,640,0
0056,10:45,645,0
0056,10:50,650,0
0056,10:55,655,0
0056,11:00,660,0
0056,11:05,665,0
0056,11:10,670,-178
0056,11:15,675,-178
0056,11:20,680,-178
0056,11:25,685,-178
0056,11:30,690,-1422
0056,11:35,695,-1422
0056,11:40,700,-1422
0056,11:45,705,-2667
0056,11:50,710,-2667
0056,11:55,715,-2667
0056,12:00,720,-2667
0056,12:05,725,-3556
0056,12:10,730,-3556
0056,12:15,735,-3556
0056,12:20,740,-3556
0056,12:25,745,-3556
0056,12:30,750,-4978
0056,12:35,755,-4978
0056,12:40,760,-4978
0056,12:45,765,-4978
0056,12:50,770,-5333
0056,12:55,775,-5333
0056,13:00,780,-5333
0056,13:05,785,-6400
0056,13:10,790,-6400
0056,13:15,795,-6400
0056,13:20,800,-6400
0056,13:25,805,-711
0056,13:30,810,-711
0056,13:35,815,-711
0056,13:40,820,-711
0056,13:45,825,-711
0056,13:50,830,345
0056,13:55,835,345
0056,14:00,840,345
0056,14:05,845,345
0056,14:10,850,-889
0056,14:15,855,-889
0056,14:20,860,-889
0056,14:25,865,-889
0056,14:30,870,-2133
0056,14:35,875,-2133
0056,14:40,880,-2133
0056,14:45,885,-3378
0056,14:50,890,-3378
0056,14:55,895,-3378
0056,15:00,900,-3378
0056,15:05,905,-3378
0056,15:10,910,345
0056,15:15,915,345
0056,15:20,920,345
0056,15:25,925,345
0056,15:30,930,-711
0056,15:35,935,-711
0056,15:40,940,-711
0056,15:45,945,-1067
0056,15:50,950,-1067
0056,15:55,955,-1067
0056,16:00,960,-1067
0056,16:05,965,-1067
0056,16:10,970,-2133
0056,16:15,975,-2133
0056,16:20,980,-2133
0056,16:25,985,-2133
0056,16:30,990,1724
0056,16:35,995,1724
0056,16:40,1000,1724
0056,16:45,1005,1724
0056,16:50,1010,172
0056,16:55,1015,172
0056,17:00,1020,172
0056,17:05,1025,-356
0056,17:10,1030,-356
0056,17:15,1035,-356
0056,17:20,1040,-356
0056,17:25,1045,-356
0056,17:30,1050,-1244
0056,17:35,1055,-1244
0056,17:40,1060,-1244
0056,17:45,1065,-1244
0056,17:50,1070,-2844
0056,17:55,1075,-2844
0056,18:00,1080,-2844
0056,18:05,1085,-2844
0056,18:10,1090,3966
0056,18:15,1095,3966
0056,18:20,1100,3966
0056,18:25,1105,6207
0056,18:30,1110,6207
0056,18:35,1115,6207
0056,18:40,1120,6207
0056,18:45,1125,6207
0056,18:50,1130,13276
0056,18:55,1135,13276
0056,19:00,1140,13276
0056,19:05,1145,13276
0056,19:10,1150,12586
0056,19:15,1155,12586
0056,19:20,1160,12586
0056,19:25,1165,11897
0056,19:30,1170,11897
0056,19:35,1175,11897
0056,19:40,1180,11897
0056,19:45,1185,11897
0056,19:50,1190,11897
0056,19:55,1195,11897
0056,20:00,1200,11897
0056,20:05,1205,11897
0056,20:10,1210,11897
0056,20:15,1215,11897
0056,20:20,1220,11897
0056,20:25,1225,11897
0056,20:30,1230,11897
0056,20:35,1235,11897
0056,20:40,1240,11897
0056,20:45,1245,11897
0056,20:50,1250,11897
0056,20:55,1255,11897
0056,21:00,1260,11897
0056,21:05,1265,11897
0056,21:10,1270,11552
0056,21:15,1275,11552
0056,21:20,1280,11552
0056,21:25,1285,11552
0056,21:30,1290,11552
0056,21:35,1295,11552
0056,21:40,1300,11552
0056,21:45,1305,11552
0056,21:50,1310,11552
0056,21:55,1315,11552
0056,22:00,1320,11552
0056,22:05,1325,11552
0056,22:10,1330,11552
0056,22:15,1335,11552
0056,22:20,1340,11552
0056,22:25,1345,11552
0056,22:30,1350,11552
0056,22:35,1355,11552
0056,22:40,1360,11552
0056,22:45,1365,11552
0056,22:50,1370,11552
0056,22:55,1375,11552
0056,23:00,1380,11552
0056,23:05,1385,11552
0056,23:10,1390,11552
0056,23:15,1395,11552
0056,23:16,1396,11552
0056,23:20,1400,11552
0057,09:00,540,0
0057,09:05,545,0
0057,09:10,550,0
0057,09:15,555,0
0057,09:20,560,0
0057,09:25,565,0
0057,09:30,570,0
0057,09:35,575,0
0057,09:40,580,0
0057,09:45,585,0
0057,09:50,590,0
0057,09:55,595,0
0057,10:00,600,0
0057,10:05,605,0
0057,10:10,610,0
0057,10:15,615,0
0057,10:20,620,0
0057,10:25,625,0
0057,10:30,630,0
0057,10:35,635,0
0057,10:40,640,0
0057,10:45,645,0
0057,10:50,650,0
0057,10:55,655,0
0057,11:00,660,-889
0057,11:05,665,-889
0057,11:10,670,-1511
0057,11:15,675,-1511
0057,11:20,680,-1511
0057,11:25,685,-1511
0057,11:30,690,-2400
0057,11:35,695,-2400
0057,11:40,700,-2400
0057,11:45,705,-3022
0057,11:50,710,-3022
0057,11:55,715,-3022
0057,12:00,720,-3022
0057,12:05,725,-4178
0057,12:10,730,-4178
0057,12:15,735,-4178
0057,12:20,740,-4178
0057,12:25,745,-4178
0057,12:30,750,-5600
0057,12:35,755,-5600
0057,12:40,760,-5600
0057,12:45,765,-5600
0057,12:50,770,-6044
0057,12:55,775,-6044
0057,13:00,780,-6044
0057,13:05,785,-6311
0057,13:10,790,-6311
0057,13:15,795,-6311
0057,13:20,800,-6311
0057,13:25,805,-6578
0057,13:30,810,-6578
0057,13:35,815,-6578
0057,13:40,820,-6578
0057,13:45,825,-6578
0057,13:50,830,-8089
0057,13:55,835,-8089
0057,14:00,840,-8089
0057,14:05,845,-8089
0057,14:10,850,-2844
0057,14:15,855,-2844
0057,14:20,860,-2844
0057,14:25,865,-2844
0057,14:30,870,-2933
0057,14:35,875,-2933
0057,14:40,880,-2933
0057,14:45,885,-2933
0057,14:50,890,-2933
0057,14:55,895,-2933
0057,15:00,900,-2933
0057,15:05,905,-2933
0057,15:10,910,-3556
0057,15:15,915,-3556
0057,15:20,920,-3556
0057,15:25,925,-3556
0057,15:30,930,-3467
0057,15:35,935,-3467
0057,15:40,940,-3467
0057,15:45,945,-4622
0057,15:50,950,-4622
0057,15:55,955,-4622
0057,16:00,960,-4622
0057,16:05,965,-4622
0057,16:10,970,-4978
0057,16:15,975,-4978
0057,16:20,980,-4978
0057,16:25,985,-4978
0057,16:30,990,-4978
0057,16:35,995,-4978
0057,16:40,1000,-4978
0057,16:45,1005,-4978
0057,16:50,1010,-5689
0057,16:55,1015,-5689
0057,17:00,1020,-5689
0057,17:05,1025,-1956
0057,17:10,1030,-1956
0057,17:15,1035,-1956
0057,17:20,1040,-1956
0057,17:25,1045,-1956
0057,17:30,1050,5259
0057,17:35,1055,5259
0057,17:40,1060,5259
0057,17:45,1065,5259
0057,17:50,1070,8879
0057,17:55,1075,8879
0057,18:00,1080,8879
0057,18:05,1085,8879
0057,18:10,1090,8879
0057,18:15,1095,8879
0057,18:20,1100,8879
0057,18:25,1105,8879
0057,18:30,1110,8879
0057,18:35,1115,8879
0057,18:40,1120,8879
0057,18:45,1125,8879
0057,18:50,1130,8879
0057,18:55,1135,8879
0057,19:00,1140,8879
0057,19:05,1145,8879
0057,19:10,1150,8879
0057,19:15,1155,8879
0057,19:20,1160,8879
0057,19:25,1165,8448
0057,19:30,1170,8448
0057,19:35,1175,8448
0057,19:40,1180,8448
0057,19:45,1185,8448
0057,19:50,1190,8448
0057,19:55,1195,8448
0057,20:00,1200,8448
0057,20:05,1205,8448
0057,20:10,1210,8448
0057,20:15,1215,8448
0057,20:20,1220,8448
0057,20:25,1225,8448
0057,20:30,1230,8448
0057,20:35,1235,8448
0057,20:40,1240,8448
0057,20:45,1245,8448
0057,20:50,1250,8448
0057,20:55,1255,8448
0057,21:00,1260,8448
0057,21:05,1265,8448
0057,21:10,1270,8448
0057,21:15,1275,8448
0057,21:20,1280,8448
0057,21:25,1285,8448
0057,21:30,1290,8448
0057,21:35,1295,8448
0057,21:40,1300,8448
0057,21:45,1305,8448
0057,21:50,1310,8448
0057,21:55,1315,8448
0057,22:00,1320,8448
0057,22:05,1325,8448
0057,22:10,1330,8448
0057,22:15,1335,8448
0057,22:20,1340,8448
0057,22:25,1345,8448
0057,22:30,1350,8448
0057,22:35,1355,8448
0057,22:40,1360,8448
0057,22:45,1365,8448
0057,22:50,1370,8448
0057,22:55,1375,8448
0057,23:00,1380,8448
0057,23:05,1385,8448
0057,23:10,1390,8448
0057,23:15,1395,8448
0057,23:16,1396,8448
0057,23:20,1400,8448
0058,09:00,540,0
0058,09:05,545,0
0058,09:10,550,0
0058,09:15,555,0
0058,09:20,560,0
0058,09:25,565,0
0058,09:30,570,0
0058,09:35,575,0
0058,09:40,580,0
0058,09:45,585,0
0058,09:50,590,0
0058,09:55,595,0
0058,10:00,600,0
0058,10:05,605,0
0058,10:10,610,-267
0058,10:15,615,-267
0058,10:20,620,-267
0058,10:25,625,-1422
0058,10:30,630,-1422
0058,10:35,635,-1422
0058,10:40,640,3707
0058,10:45,645,3707
0058,10:50,650,3707
0058,10:55,655,3707
0058,11:00,660,5345
0058,11:05,665,5345
0058,11:10,670,4914
0058,11:15,675,4914
0058,11:20,680,4914
0058,11:25,685,4914
0058,11:30,690,3276
0058,11:35,695,3276
0058,11:40,700,3276
0058,11:45,705,1810
0058,11:50,710,1810
0058,11:55,715,1810
0058,12:00,720,1810
0058,12:05,725,517
0058,12:10,730,517
0058,12:15,735,517
0058,12:20,740,517
0058,12:25,745,517
0058,12:30,750,-1067
0058,12:35,755,-1067
0058,12:40,760,-1067
0058,12:45,765,-1067
0058,12:50,770,-711
0058,12:55,775,-711
0058,13:00,780,-711
0058,13:05,785,1724
0058,13:10,790,1724
0058,13:15,795,1724
0058,13:20,800,1724
0058,13:25,805,5690
0058,13:30,810,5690
0058,13:35,815,5690
0058,13:40,820,5690
0058,13:45,825,5690
0058,13:50,830,4052
0058,13:55,835,4052
0058,14:00,840,4052
0058,14:05,845,4052
0058,14:10,850,3448
0058,14:15,855,3448
0058,14:20,860,3448
0058,14:25,865,3448
0058,14:30,870,4138
0058,14:35,875,4138
0058,14:40,880,4138
0058,14:45,885,4397
0058,14:50,890,4397
0058,14:55,895,4397
0058,15:00,900,4397
0058,15:05,905,4397
0058,15:10,910,8448
0058,15:15,915,8448
0058,15:20,920,8448
0058,15:25,925,8448
0058,15:30,930,6638
0058,15:35,935,6638
0058,15:40,940,6638
0058,15:45,945,8621
0058,15:50,950,8621
0058,15:55,955,8621
0058,16:00,960,8621
0058,16:05,965,8621
0058,16:10,970,9569
0058,16:15,975,9569
0058,16:20,980,9569
0058,16:25,985,9569
0058,16:30,990,9224
0058,16:35,995,9224
0058,16:40,1000,9224
0058,16:45,1005,9224
0058,16:50,1010,8017
0058,16:55,1015,8017
0058,17:00,1020,8017
0058,17:05,1025,7586
0058,17:10,1030,7586
0058,17:15,1035,7586
0058,17:20,1040,7586
0058,17:25,1045,7586
0058,17:30,1050,8879
0058,17:35,1055,8879
0058,17:40,1060,8879
0058,17:45,1065,8879
0058,17:50,1070,7586
0058,17:55,1075,7586
0058,18:00,1080,7586
0058,18:05,1085,7586
0058,18:10,1090,6552
0058,18:15,1095,6552
0058,18:20,1100,6552
0058,18:25,1105,5690
0058,18:30,1110,5690
0058,18:35,1115,5690
0058,18:40,1120,5690
0058,18:45,1125,5690
0058,18:50,1130,5172
0058,18:55,1135,5172
0058,19:00,1140,5172
0058,19:05,1145,5172
0058,19:10,1150,5172
0058,19:15,1155,5172
0058,19:20,1160,5172
0058,19:25,1165,4483
0058,19:30,1170,4483
0058,19:35,1175,4483
0058,19:40,1180,4483
0058,19:45,1185,4483
0058,19:50,1190,4483
0058,19:55,1195,4483
0058,20:00,1200,4483
0058,20:05,1205,4483
0058,20:10,1210,4483
0058,20:15,1215,4483
0058,20:20,1220,4483
0058,20:25,1225,4483
0058,20:30,1230,4483
0058,20:35,1235,4483
0058,20:40,1240,4483
0058,20:45,1245,4483
0058,20:50,1250,4483
0058,20:55,1255,4483
0058,21:00,1260,4483
0058,21:05,1265,4483
0058,21:10,1270,4483
0058,21:15,1275,4483
0058,21:20,1280,4483
0058,21:25,1285,4483
0058,21:30,1290,4224
0058,21:35,1295,4224
0058,21:40,1300,4224
0058,21:45,1305,4224
0058,21:50,1310,4224
0058,21:55,1315,4224
0058,22:00,1320,4224
0058,22:05,1325,4224
0058,22:10,1330,4224
0058,22:15,1335,4224
0058,22:20,1340,4224
0058,22:25,1345,4224
0058,22:30,1350,4224
0058,22:35,1355,4224
0058,22:40,1360,4224
0058,22:45,1365,4224
0058,22:50,1370,4224
0058,22:55,1375,4224
0058,23:00,1380,4224
0058,23:05,1385,4224
0058,23:10,1390,4224
0058,23:15,1395,4224
0058,23:16,1396,4224
0058,23:20,1400,4224
0059,09:00,540,0
0059,09:05,545,0
0059,09:10,550,0
0059,09:15,555,0
0059,09:20,560,0
0059,09:25,565,0
0059,09:30,570,0
0059,09:35,575,0
0059,09:40,580,0
0059,09:45,585,0
0059,09:50,590,0
0059,09:55,595,0
0059,10:00,600,0
0059,10:05,605,0
0059,10:10,610,0
0059,10:15,615,0
0059,10:20,620,0
0059,10:25,625,-889
0059,10:30,630,-889
0059,10:35,635,-889
0059,10:40,640,-1956
0059,10:45,645,-1956
0059,10:50,650,-1956
0059,10:55,655,-1956
0059,11:00,660,-3200
0059,11:05,665,-3200
0059,11:10,670,-3733
0059,11:15,675,-3733
0059,11:20,680,-3733
0059,11:25,685,-3733
0059,11:30,690,-4089
0059,11:35,695,-4089
0059,11:40,700,-4089
0059,11:45,705,1034
0059,11:50,710,1034
0059,11:55,715,1034
0059,12:00,720,1034
0059,12:05,725,690
0059,12:10,730,690
0059,12:15,735,690
0059,12:20,740,690
0059,12:25,745,690
0059,12:30,750,-1067
0059,12:35,755,-1067
0059,12:40,760,-1067
0059,12:45,765,-1067
0059,12:50,770,-2489
0059,12:55,775,-2489
0059,13:00,780,-2489
0059,13:05,785,-3733
0059,13:10,790,-3733
0059,13:15,795,-3733
0059,13:20,800,-3733
0059,13:25,805,-5511
0059,13:30,810,-5511
0059,13:35,815,-5511
0059,13:40,820,-5511
0059,13:45,825,-5511
0059,13:50,830,-5867
0059,13:55,835,-5867
0059,14:00,840,-5867
0059,14:05,845,-5867
0059,14:10,850,-6933
0059,14:15,855,-6933
0059,14:20,860,-6933
0059,14:25,865,-6933
0059,14:30,870,-8889
0059,14:35,875,-8889
0059,14:40,880,-8889
0059,14:45,885,-10311
0059,14:50,890,-10311
0059,14:55,895,-10311
0059,15:00,900,-10311
0059,15:05,905,-10311
0059,15:10,910,-11556
0059,15:15,915,-11556
0059,15:20,920,-11556
0059,15:25,925,-11556
0059,15:30,930,-7822
0059,15:35,935,-7822
0059,15:40,940,-7822
0059,15:45,945,-4089
0059,15:50,950,-4089
0059,15:55,955,-4089
0059,16:00,960,-4089
0059,16:05,965,-4089
0059,16:10,970,-4089
0059,16:15,975,-4089
0059,16:20,980,-4089
0059,16:25,985,-4089
0059,16:30,990,-5689
0059,16:35,995,-5689
0059,16:40,1000,-5689
0059,16:45,1005,-5689
0059,16:50,1010,-5867
0059,16:55,1015,-5867
0059,17:00,1020,-5867
0059,17:05,1025,-5867
0059,17:10,1030,-5867
0059,17:15,1035,-5867
0059,17:20,1040,-5867
0059,17:25,1045,-5867
0059,17:30,1050,-2133
0059,17:35,1055,-2133
0059,17:40,1060,-2133
0059,17:45,1065,-2133
0059,17:50,1070,-3556
0059,17:55,1075,-3556
0059,18:00,1080,-3556
0059,18:05,1085,-3556
0059,18:10,1090,-4800
0059,18:15,1095,-4800
0059,18:20,1100,-4800
0059,18:25,1105,-5867
0059,18:30,1110,-5867
0059,18:35,1115,-5867
0059,18:40,1120,-5867
0059,18:45,1125,-5867
0059,18:50,1130,-6044
0059,18:55,1135,-6044
0059,19:00,1140,-6044
0059,19:05,1145,-6044
0059,19:10,1150,-6578
0059,19:15,1155,-6578
0059,19:20,1160,-6578
0059,19:25,1165,-7467
0059,19:30,1170,-7467
0059,19:35,1175,-7467
0059,19:40,1180,-7467
0059,19:45,1185,-7822
0059,19:50,1190,-7822
0059,19:55,1195,-7822
0059,20:00,1200,-7822
0059,20:05,1205,-7822
0059,20:10,1210,-7822
0059,20:15,1215,-7822
0059,20:20,1220,-7822
0059,20:25,1225,-7822
0059,20:30,1230,-7822
0059,20:35,1235,-7822
0059,20:40,1240,-7822
0059,20:45,1245,-8356
0059,20:50,1250,-8356
0059,20:55,1255,-8356
0059,21:00,1260,-8356
0059,21:05,1265,-8356
0059,21:10,1270,-8356
0059,21:15,1275,-8356
0059,21:20,1280,-8356
0059,21:25,1285,-8356
0059,21:30,1290,-8356
0059,21:35,1295,-8356
0059,21:40,1300,-8356
0059,21:45,1305,-8356
0059,21:50,1310,-8356
0059,21:55,1315,-8356
0059,22:00,1320,-8356
0059,22:05,1325,-8356
0059,22:10,1330,-8356
0059,22:15,1335,-8356
0059,22:20,1340,-8356
0059,22:25,1345,-8356
0059,22:30,1350,-8356
0059,22:35,1355,-8356
0059,22:40,1360,-8356
0059,22:45,1365,-8356
0059,22:50,1370,-8356
0059,22:55,1375,-8356
0059,23:00,1380,-8356
0059,23:05,1385,-8356
0059,23:10,1390,-8356
0059,23:15,1395,-8356
0059,23:16,1396,-8356
0059,23:20,1400,-8356
0060,09:00,540,0
0060,09:05,545,0
0060,09:10,550,0
0060,09:15,555,0
0060,09:20,560,0
0060,09:25,565,0
0060,09:30,570,0
0060,09:35,575,0
0060,09:40,580,0
0060,09:45,585,0
0060,09:50,590,0
0060,09:55,595,0
0060,10:00,600,0
0060,10:05,605,0
0060,10:10,610,0
0060,10:15,615,0
0060,10:20,620,0
0060,10:25,625,0
0060,10:30,630,0
0060,10:35,635,0
0060,10:40,640,0
0060,10:45,645,0
0060,10:50,650,0
0060,10:55,655,0
0060,11:00,660,0
0060,11:05,665,0
0060,11:10,670,0
0060,11:15,675,0
0060,11:20,680,0
0060,11:25,685,0
0060,11:30,690,0
0060,11:35,695,0
0060,11:40,700,0
0060,11:45,705,0
0060,11:50,710,0
0060,11:55,715,0
0060,12:00,720,0
0060,12:05,725,-1244
0060,12:10,730,-1244
0060,12:15,735,-1244
0060,12:20,740,-1244
0060,12:25,745,-1244
0060,12:30,750,-356
0060,12:35,755,-356
0060,12:40,760,-356
0060,12:45,765,-356
0060,12:50,770,2586
0060,12:55,775,2586
0060,13:00,780,2586
0060,13:05,785,1379
0060,13:10,790,1379
0060,13:15,795,1379
0060,13:20,800,1379
0060,13:25,805,1034
0060,13:30,810,1034
0060,13:35,815,1034
0060,13:40,820,1034
0060,13:45,825,1034
0060,13:50,830,172
0060,13:55,835,172
0060,14:00,840,172
0060,14:05,845,172
0060,14:10,850,-1067
0060,14:15,855,-1067
0060,14:20,860,-1067
0060,14:25,865,-1067
0060,14:30,870,-2133
0060,14:35,875,-2133
0060,14:40,880,-2133
0060,14:45,885,-3733
0060,14:50,890,-3733
0060,14:55,895,-3733
0060,15:00,900,-3733
0060,15:05,905,-3733
0060,15:10,910,-4978
0060,15:15,915,-4978
0060,15:20,920,-4978
0060,15:25,925,-4978
0060,15:30,930,-6578
0060,15:35,935,-6578
0060,15:40,940,-6578
0060,15:45,945,-7644
0060,15:50,950,-7644
0060,15:55,955,-7644
0060,16:00,960,-7644
0060,16:05,965,-7644
0060,16:10,970,-8178
0060,16:15,975,-8178
0060,16:20,980,-8178
0060,16:25,985,-8178
0060,16:30,990,-8178
0060,16:35,995,-8178
0060,16:40,1000,-8178
0060,16:45,1005,-8178
0060,16:50,1010,-8178
0060,16:55,1015,-8178
0060,17:00,1020,-8178
0060,17:05,1025,-8178
0060,17:10,1030,-8178
0060,17:15,1035,-8178
0060,17:20,1040,-8178
0060,17:25,1045,-8178
0060,17:30,1050,-8533
0060,17:35,1055,-8533
0060,17:40,1060,-8533
0060,17:45,1065,-8533
0060,17:50,1070,-9778
0060,17:55,1075,-9778
0060,18:00,1080,-9778
0060,18:05,1085,-9778
0060,18:10,1090,-10133
0060,18:15,1095,-10133
0060,18:20,1100,-10133
0060,18:25,1105,-10133
0060,18:30,1110,-10133
0060,18:35,1115,-10133
0060,18:40,1120,-10133
0060,18:45,1125,-10133
0060,18:50,1130,-10667
0060,18:55,1135,-10667
0060,19:00,1140,-10667
0060,19:05,1145,-10667
0060,19:10,1150,-11911
0060,19:15,1155,-11911
0060,19:20,1160,-11911
0060,19:25,1165,-13689
0060,19:30,1170,-13689
0060,19:35,1175,-13689
0060,19:40,1180,-13689
0060,19:45,1185,-14222
0060,19:50,1190,-14222
0060,19:55,1195,-14222
0060,20:00,1200,-14222
0060,20:05,1205,-14222
0060,20:10,1210,-14222
0060,20:15,1215,-14222
0060,20:20,1220,-14222
0060,20:25,1225,-14222
0060,20:30,1230,-14222
0060,20:35,1235,-14222
0060,20:40,1240,-14222
0060,20:45,1245,-14222
0060,20:50,1250,-14222
0060,20:55,1255,-14222
0060,21:00,1260,-14222
0060,21:05,1265,-14222
0060,21:10,1270,-14222
0060,21:15,1275,-14222
0060,21:20,1280,-14222
0060,21:25,1285,-14222
0060,21:30,1290,-14222
0060,21:35,1295,-14222
0060,21:40,1300,-14222
0060,21:45,1305,-14222
0060,21:50,1310,-14222
0060,21:55,1315,-14222
0060,22:00,1320,-14222
0060,22:05,1325,-14222
0060,22:10,1330,-14222
0060,22:15,1335,-14222
0060,22:20,1340,-14222
0060,22:25,1345,-14222
0060,22:30,1350,-14222
0060,22:35,1355,-14222
0060,22:40,1360,-14222
0060,22:45,1365,-14222
0060,22:50,1370,-14222
0060,22:55,1375,-14222
0060,23:00,1380,-14222
0060,23:05,1385,-14222
0060,23:10,1390,-14222
0060,23:15,1395,-14222
0060,23:16,1396,-14222
0060,23:20,1400,-14222
0061,09:00,540,0
0061,09:05,545,0
0061,09:10,550,0
0061,09:15,555,0
0061,09:20,560,0
0061,09:25,565,0
0061,09:30,570,0
0061,09:35,575,0
0061,09:40,580,0
0061,09:45,585,0
0061,09:50,590,0
0061,09:55,595,0
0061,10:00,600,0
0061,10:05,605,0
0061,10:10,610,0
0061,10:15,615,0
0061,10:20,620,0
0061,10:25,625,0
0061,10:30,630,0
0061,10:35,635,0
0061,10:40,640,-267
0061,10:45,645,-267
0061,10:50,650,-267
0061,10:55,655,-267
0061,11:00,660,-622
0061,11:05,665,-622
0061,11:10,670,-978
0061,11:15,675,-978
0061,11:20,680,-978
0061,11:25,685,-978
0061,11:30,690,-2489
0061,11:35,695,-2489
0061,11:40,700,-2489
0061,11:45,705,-3822
0061,11:50,710,-3822
0061,11:55,715,-3822
0061,12:00,720,-3822
0061,12:05,725,-5067
0061,12:10,730,-5067
0061,12:15,735,-5067
0061,12:20,740,-5067
0061,12:25,745,-5067
0061,12:30,750,-6133
0061,12:35,755,-6133
0061,12:40,760,-6133
0061,12:45,765,-6133
0061,12:50,770,-5600
0061,12:55,775,-5600
0061,13:00,780,-5600
0061,13:05,785,259
0061,13:10,790,259
0061,13:15,795,259
0061,13:20,800,259
0061,13:25,805,7414
0061,13:30,810,7414
0061,13:35,815,7414
0061,13:40,820,7414
0061,13:45,825,7414
0061,13:50,830,7931
0061,13:55,835,7931
0061,14:00,840,7931
0061,14:05,845,7931
0061,14:10,850,6897
0061,14:15,855,6897
0061,14:20,860,6897
0061,14:25,865,6897
0061,14:30,870,5172
0061,14:35,875,5172
0061,14:40,880,5172
0061,14:45,885,3879
0061,14:50,890,3879
0061,14:55,895,3879
0061,15:00,900,3879
0061,15:05,905,3879
0061,15:10,910,3534
0061,15:15,915,3534
0061,15:20,920,3534
0061,15:25,925,3534
0061,15:30,930,1810
0061,15:35,935,1810
0061,15:40,940,1810
0061,15:45,945,1121
0061,15:50,950,1121
0061,15:55,955,1121
0061,16:00,960,1121
0061,16:05,965,1121
0061,16:10,970,1121
0061,16:15,975,1121
0061,16:20,980,1121
0061,16:25,985,1121
0061,16:30,990,1034
0061,16:35,995,1034
0061,16:40,1000,1034
0061,16:45,1005,1034
0061,16:50,1010,862
0061,16:55,1015,862
0061,17:00,1020,862
0061,17:05,1025,862
0061,17:10,1030,862
0061,17:15,1035,862
0061,17:20,1040,862
0061,17:25,1045,862
0061,17:30,1050,259
0061,17:35,1055,259
0061,17:40,1060,259
0061,17:45,1065,259
0061,17:50,1070,-800
0061,17:55,1075,-800
0061,18:00,1080,-800
0061,18:05,1085,-800
0061,18:10,1090,-1156
0061,18:15,1095,-1156
0061,18:20,1100,-1156
0061,18:25,1105,-1156
0061,18:30,1110,-1156
0061,18:35,1115,-1156
0061,18:40,1120,-1156
0061,18:45,1125,-1156
0061,18:50,1130,-1600
0061,18:55,1135,-1600
0061,19:00,1140,-1600
0061,19:05,1145,-1600
0061,19:10,1150,1034
0061,19:15,1155,1034
0061,19:20,1160,1034
0061,19:25,1165,-444
0061,19:30,1170,-444
0061,19:35,1175,-444
0061,19:40,1180,-444
0061,19:45,1185,1724
0061,19:50,1190,1724
0061,19:55,1195,1724
0061,20:00,1200,1724
0061,20:05,1205,1724
0061,20:10,1210,1638
0061,20:15,1215,1638
0061,20:20,1220,1638
0061,20:25,1225,1638
0061,20:30,1230,1638
0061,20:35,1235,1638
0061,20:40,1240,1638
0061,20:45,1245,431
0061,20:50,1250,431
0061,20:55,1255,431
0061,21:00,1260,431
0061,21:05,1265,431
0061,21:10,1270,-711
0061,21:15,1275,-711
0061,21:20,1280,-711
0061,21:25,1285,-711
0061,21:30,1290,1293
0061,21:35,1295,1293
0061,21:40,1300,1293
0061,21:45,1305,-178
0061,21:50,1310,-178
0061,21:55,1315,-178
0061,22:00,1320,-178
0061,22:05,1325,-1333
0061,22:10,1330,-1333
0061,22:15,1335,-1333
0061,22:20,1340,-1333
0061,22:25,1345,-1333
0061,22:30,1350,-1333
0061,22:35,1355,-1333
0061,22:40,1360,-1333
0061,22:45,1365,-1333
0061,22:50,1370,-1333
0061,22:55,1375,-1333
0061,23:00,1380,-1333
0061,23:05,1385,-1333
0061,23:10,1390,-1333
0061,23:15,1395,-1333
0061,23:16,1396,-1333
0061,23:20,1400,-1333
0062,09:00,540,0
0062,09:05,545,0
0062,09:10,550,0
0062,09:15,555,0
0062,09:20,560,0
0062,09:25,565,0
0062,09:30,570,0
0062,09:35,575,0
0062,09:40,580,0
0062,09:45,585,0
0062,09:50,590,0
0062,09:55,595,0
0062,10:00,600,0
0062,10:05,605,0
0062,10:10,610,0
0062,10:15,615,0
0062,10:20,620,0
0062,10:25,625,0
0062,10:30,630,0
0062,10:35,635,0
0062,10:40,640,-178
0062,10:45,645,-178
0062,10:50,650,-178
0062,10:55,655,-178
0062,11:00,660,-1244
0062,11:05,665,-1244
0062,11:10,670,-1956
0062,11:15,675,-1956
0062,11:20,680,-1956
0062,11:25,685,-1956
0062,11:30,690,-2667
0062,11:35,695,-2667
0062,11:40,700,-2667
0062,11:45,705,-2667
0062,11:50,710,-2667
0062,11:55,715,-2667
0062,12:00,720,-2667
0062,12:05,725,-2667
0062,12:10,730,-2667
0062,12:15,735,-2667
0062,12:20,740,-2667
0062,12:25,745,-2667
0062,12:30,750,-2667
0062,12:35,755,-2667
0062,12:40,760,-2667
0062,12:45,765,-2667
0062,12:50,770,-2667
0062,12:55,775,-2667
0062,13:00,780,-2667
0062,13:05,785,-2667
0062,13:10,790,-2667
0062,13:15,795,-2667
0062,13:20,800,-2667
0062,13:25,805,-3200
0062,13:30,810,-3200
0062,13:35,815,-3200
0062,13:40,820,-3200
0062,13:45,825,-3200
0062,13:50,830,-3200
0062,13:55,835,-3200
0062,14:00,840,-3200
0062,14:05,845,-3200
0062,14:10,850,-3200
0062,14:15,855,-3200
0062,14:20,860,-3200
0062,14:25,865,-3200
0062,14:30,870,-3200
0062,14:35,875,-3200
0062,14:40,880,-3200
0062,14:45,885,-3200
0062,14:50,890,-3200
0062,14:55,895,-3200
0062,15:00,900,-3200
0062,15:05,905,-3200
0062,15:10,910,-4089
0062,15:15,915,-4089
0062,15:20,920,-4089
0062,15:25,925,-4089
0062,15:30,930,-5511
0062,15:35,935,-5511
0062,15:40,940,-5511
0062,15:45,945,-6222
0062,15:50,950,-6222
0062,15:55,955,-6222
0062,16:00,960,-6222
0062,16:05,965,-6222
0062,16:10,970,-6222
0062,16:15,975,-6222
0062,16:20,980,-6222
0062,16:25,985,-6222
0062,16:30,990,-6222
0062,16:35,995,-6222
0062,16:40,1000,-6222
0062,16:45,1005,-6222
0062,16:50,1010,-6222
0062,16:55,1015,-6222
0062,17:00,1020,-6222
0062,17:05,1025,-6400
0062,17:10,1030,-6400
0062,17:15,1035,-6400
0062,17:20,1040,-6400
0062,17:25,1045,-6400
0062,17:30,1050,-6578
0062,17:35,1055,-6578
0062,17:40,1060,-6578
0062,17:45,1065,-6578
0062,17:50,1070,-6933
0062,17:55,1075,-6933
0062,18:00,1080,-6933
0062,18:05,1085,-6933
0062,18:10,1090,-7467
0062,18:15,1095,-7467
0062,18:20,1100,-7467
0062,18:25,1105,-7822
0062,18:30,1110,-7822
0062,18:35,1115,-7822
0062,18:40,1120,-7822
0062,18:45,1125,-7822
0062,18:50,1130,-9067
0062,18:55,1135,-9067
0062,19:00,1140,-9067
0062,19:05,1145,-9067
0062,19:10,1150,-9067
0062,19:15,1155,-9067
0062,19:20,1160,-9067
0062,19:25,1165,-9067
0062,19:30,1170,-9067
0062,19:35,1175,-9067
0062,19:40,1180,-9067
0062,19:45,1185,-9956
0062,19:50,1190,-9956
0062,19:55,1195,-9956
0062,20:00,1200,-9956
0062,20:05,1205,-9956
0062,20:10,1210,-9956
0062,20:15,1215,-9956
0062,20:20,1220,-9956
0062,20:25,1225,-9956
0062,20:30,1230,-9956
0062,20:35,1235,-9956
0062,20:40,1240,-9956
0062,20:45,1245,-11200
0062,20:50,1250,-11200
0062,20:55,1255,-11200
0062,21:00,1260,-11200
0062,21:05,1265,-11200
0062,21:10,1270,-11378
0062,21:15,1275,-11378
0062,21:20,1280,-11378
0062,21:25,1285,-11378
0062,21:30,1290,-11378
0062,21:35,1295,-11378
0062,21:40,1300,-11378
0062,21:45,1305,-11378
0062,21:50,1310,-11378
0062,21:55,1315,-11378
0062,22:00,1320,-11378
0062,22:05,1325,-11378
0062,22:10,1330,-11378
0062,22:15,1335,-11378
0062,22:20,1340,-11378
0062,22:25,1345,-11378
0062,22:30,1350,-11378
0062,22:35,1355,-11378
0062,22:40,1360,-11378
0062,22:45,1365,-11378
0062,22:50,1370,-11378
0062,22:55,1375,-11378
0062,23:00,1380,-11378
0062,23:05,1385,-11378
0062,23:10,1390,-11378
0062,23:15,1395,-11378
0062,23:16,1396,-11378
0062,23:20,1400,-11378
0063,09:00,540,0
0063,09:05,545,0
0063,09:10,550,0
0063,09:15,555,0
0063,09:20,560,0
0063,09:25,565,0
0063,09:30,570,0
0063,09:35,575,0
0063,09:40,580,0
0063,09:45,585,0
0063,09:50,590,0
0063,09:55,595,0
0063,10:00,600,0
0063,10:05,605,0
0063,10:10,610,0
0063,10:15,615,0
0063,10:20,620,0
0063,10:25,625,0
0063,10:30,630,0
0063,10:35,635,0
0063,10:40,640,0
0063,10:45,645,0
0063,10:50,650,0
0063,10:55,655,0
0063,11:00,660,0
0063,11:05,665,0
0063,11:10,670,0
0063,11:15,675,0
0063,11:20,680,0
0063,11:25,685,0
0063,11:30,690,-978
0063,11:35,695,-978
0063,11:40,700,-978
0063,11:45,705,-1422
0063,11:50,710,-1422
0063,11:55,715,-1422
0063,12:00,720,-1422
0063,12:05,725,-2489
0063,12:10,730,-2489
0063,12:15,735,-2489
0063,12:20,740,-2489
0063,12:25,745,-2489
0063,12:30,750,-3822
0063,12:35,755,-3822
0063,12:40,760,-3822
0063,12:45,765,-3822
0063,12:50,770,-4711
0063,12:55,775,-4711
0063,13:00,780,-4711
0063,13:05,785,-5244
0063,13:10,790,-5244
0063,13:15,795,-5244
0063,13:20,800,-5244
0063,13:25,805,-5422
0063,13:30,810,-5422
0063,13:35,815,-5422
0063,13:40,820,-5422
0063,13:45,825,-5422
0063,13:50,830,-5422
0063,13:55,835,-5422
0063,14:00,840,-5422
0063,14:05,845,-5422
0063,14:10,850,-1244
0063,14:15,855,-1244
0063,14:20,860,-1244
0063,14:25,865,-1244
0063,14:30,870,-978
0063,14:35,875,-978
0063,14:40,880,-978
0063,14:45,885,1983
0063,14:50,890,1983
0063,14:55,895,1983
0063,15:00,900,1983
0063,15:05,905,1983
0063,15:10,910,3448
0063,15:15,915,3448
0063,15:20,920,3448
0063,15:25,925,3448
0063,15:30,930,2069
0063,15:35,935,2069
0063,15:40,940,2069
0063,15:45,945,1121
0063,15:50,950,1121
0063,15:55,955,1121
0063,16:00,960,1121
0063,16:05,965,1121
0063,16:10,970,517
0063,16:15,975,517
0063,16:20,980,517
0063,16:25,985,517
0063,16:30,990,345
0063,16:35,995,345
0063,16:40,1000,345
0063,16:45,1005,345
0063,16:50,1010,259
0063,16:55,1015,259
0063,17:00,1020,259
0063,17:05,1025,172
0063,17:10,1030,172
0063,17:15,1035,172
0063,17:20,1040,172
0063,17:25,1045,172
0063,17:30,1050,-1600
0063,17:35,1055,-1600
0063,17:40,1060,-1600
0063,17:45,1065,-1600
0063,17:50,1070,-1867
0063,17:55,1075,-1867
0063,18:00,1080,-1867
0063,18:05,1085,-1867
0063,18:10,1090,-2044
0063,18:15,1095,-2044
0063,18:20,1100,-2044
0063,18:25,1105,-2756
0063,18:30,1110,-2756
0063,18:35,1115,-2756
0063,18:40,1120,-2756
0063,18:45,1125,-2756
0063,18:50,1130,-2756
0063,18:55,1135,-2756
0063,19:00,1140,-2756
0063,19:05,1145,-2756
0063,19:10,1150,-3111
0063,19:15,1155,-3111
0063,19:20,1160,-3111
0063,19:25,1165,-3467
0063,19:30,1170,-3467
0063,19:35,1175,-3467
0063,19:40,1180,-3467
0063,19:45,1185,-3733
0063,19:50,1190,-3733
0063,19:55,1195,-3733
0063,20:00,1200,-3733
0063,20:05,1205,-3733
0063,20:10,1210,-3733
0063,20:15,1215,-3733
0063,20:20,1220,-3733
0063,20:25,1225,-3733
0063,20:30,1230,-3733
0063,20:35,1235,-3733
0063,20:40,1240,-3733
0063,20:45,1245,-3733
0063,20:50,1250,-3733
0063,20:55,1255,-3733
0063,21:00,1260,-3733
0063,21:05,1265,-3733
0063,21:10,1270,-3733
0063,21:15,1275,-3733
0063,21:20,1280,-3733
0063,21:25,1285,-3733
0063,21:30,1290,-3733
0063,21:35,1295,-3733
0063,21:40,1300,-3733
0063,21:45,1305,-3733
0063,21:50,1310,-3733
0063,21:55,1315,-3733
0063,22:00,1320,-3733
0063,22:05,1325,-3733
0063,22:10,1330,-3733
0063,22:15,1335,-3733
0063,22:20,1340,-3733
0063,22:25,1345,-3733
0063,22:30,1350,-3733
0063,22:35,1355,-3733
0063,22:40,1360,-3733
0063,22:45,1365,-3733
0063,22:50,1370,-3733
0063,22:55,1375,-3733
0063,23:00,1380,-3733
0063,23:05,1385,-3733
0063,23:10,1390,-3733
0063,23:15,1395,-3733
0063,23:16,1396,-3733
0063,23:20,1400,-3733
0064,09:00,540,0
0064,09:05,545,0
0064,09:10,550,0
0064,09:15,555,0
0064,09:20,560,0
0064,09:25,565,0
0064,09:30,570,0
0064,09:35,575,0
0064,09:40,580,0
0064,09:45,585,0
0064,09:50,590,0
0064,09:55,595,0
0064,10:00,600,0
0064,10:05,605,0
0064,10:10,610,0
0064,10:15,615,0
0064,10:20,620,0
0064,10:25,625,-178
0064,10:30,630,-178
0064,10:35,635,-178
0064,10:40,640,-1333
0064,10:45,645,-1333
0064,10:50,650,-1333
0064,10:55,655,-1333
0064,11:00,660,1121
0064,11:05,665,1121
0064,11:10,670,603
0064,11:15,675,603
0064,11:20,680,603
0064,11:25,685,603
0064,11:30,690,2759
0064,11:35,695,2759
0064,11:40,700,2759
0064,11:45,705,1379
0064,11:50,710,1379
0064,11:55,715,1379
0064,12:00,720,1379
0064,12:05,725,172
0064,12:10,730,172
0064,12:15,735,172
0064,12:20,740,172
0064,12:25,745,172
0064,12:30,750,-1333
0064,12:35,755,-1333
0064,12:40,760,-1333
0064,12:45,765,-1333
0064,12:50,770,-1956
0064,12:55,775,-1956
0064,13:00,780,-1956
0064,13:05,785,1983
0064,13:10,790,1983
0064,13:15,795,1983
0064,13:20,800,1983
0064,13:25,805,259
0064,13:30,810,259
0064,13:35,815,259
0064,13:40,820,259
0064,13:45,825,259
0064,13:50,830,-1156
0064,13:55,835,-1156
0064,14:00,840,-1156
0064,14:05,845,-1156
0064,14:10,850,-2133
0064,14:15,855,-2133
0064,14:20,860,-2133
0064,14:25,865,-2133
0064,14:30,870,-2489
0064,14:35,875,-2489
0064,14:40,880,-2489
0064,14:45,885,-3467
0064,14:50,890,-3467
0064,14:55,895,-3467
0064,15:00,900,-3467
0064,15:05,905,-3467
0064,15:10,910,603
0064,15:15,915,603
0064,15:20,920,603
0064,15:25,925,603
0064,15:30,930,-800
0064,15:35,935,-800
0064,15:40,940,-800
0064,15:45,945,-1956
0064,15:50,950,-1956
0064,15:55,955,-1956
0064,16:00,960,-1956
0064,16:05,965,-1956
0064,16:10,970,-2489
0064,16:15,975,-2489
0064,16:20,980,-2489
0064,16:25,985,-2489
0064,16:30,990,-2489
0064,16:35,995,-2489
0064,16:40,1000,-2489
0064,16:45,1005,-2489
0064,16:50,1010,-2489
0064,16:55,1015,-2489
0064,17:00,1020,-2489
0064,17:05,1025,-2489
0064,17:10,1030,-2489
0064,17:15,1035,-2489
0064,17:20,1040,-2489
0064,17:25,1045,-2489
0064,17:30,1050,-2489
0064,17:35,1055,-2489
0064,17:40,1060,-2489
0064,17:45,1065,-2489
0064,17:50,1070,-3022
0064,17:55,1075,-3022
0064,18:00,1080,-3022
0064,18:05,1085,-3022
0064,18:10,1090,-3200
0064,18:15,1095,-3200
0064,18:20,1100,-3200
0064,18:25,1105,-1156
0064,18:30,1110,-1156
0064,18:35,1115,-1156
0064,18:40,1120,-1156
0064,18:45,1125,-1156
0064,18:50,1130,-2222
0064,18:55,1135,-2222
0064,19:00,1140,-2222
0064,19:05,1145,-2222
0064,19:10,1150,-3022
0064,19:15,1155,-3022
0064,19:20,1160,-3022
0064,19:25,1165,-3378
0064,19:30,1170,-3378
0064,19:35,1175,-3378
0064,19:40,1180,-3378
0064,19:45,1185,-3378
0064,19:50,1190,-3378
0064,19:55,1195,-3378
0064,20:00,1200,-3378
0064,20:05,1205,-3378
0064,20:10,1210,-3556
0064,20:15,1215,-3556
0064,20:20,1220,-3556
0064,20:25,1225,-3556
0064,20:30,1230,-3556
0064,20:35,1235,-3556
0064,20:40,1240,-3556
0064,20:45,1245,-3556
0064,20:50,1250,-3556
0064,20:55,1255,-3556
0064,21:00,1260,-3556
0064,21:05,1265,-3556
0064,21:10,1270,-3556
0064,21:15,1275,-3556
0064,21:20,1280,-3556
0064,21:25,1285,-3556
0064,21:30,1290,-3556
0064,21:35,1295,-3556
0064,21:40,1300,-3556
0064,21:45,1305,-3556
0064,21:50,1310,-3556
0064,21:55,1315,-3556
0064,22:00,1320,-3556
0064,22:05,1325,-3556
0064,22:10,1330,-3556
0064,22:15,1335,-3556
0064,22:20,1340,-3556
0064,22:25,1345,-3556
0064,22:30,1350,-3556
0064,22:35,1355,-3556
0064,22:40,1360,-3556
0064,22:45,1365,-3556
0064,22:50,1370,-3556
0064,22:55,1375,-3556
0064,23:00,1380,-3556
0064,23:05,1385,-3556
0064,23:10,1390,-3556
0064,23:15,1395,-3556
0064,23:16,1396,-3556
0064,23:20,1400,-3556
0065,09:00,540,0
0065,09:05,545,0
0065,09:10,550,0
0065,09:15,555,0
0065,09:20,560,0
0065,09:25,565,0
0065,09:30,570,0
0065,09:35,575,0
0065,09:40,580,0
0065,09:45,585,0
0065,09:50,590,0
0065,09:55,595,0
0065,10:00,600,0
0065,10:05,605,0
0065,10:10,610,0
0065,10:15,615,0
0065,10:20,620,0
0065,10:25,625,0
0065,10:30,630,0
0065,10:35,635,0
0065,10:40,640,0
0065,10:45,645,0
0065,10:50,650,0
0065,10:55,655,0
0065,11:00,660,-533
0065,11:05,665,-533
0065,11:10,670,-1244
0065,11:15,675,-1244
0065,11:20,680,-1244
0065,11:25,685,-1244
0065,11:30,690,-2844
0065,11:35,695,-2844
0065,11:40,700,-2844
0065,11:45,705,-3200
0065,11:50,710,-3200
0065,11:55,715,-3200
0065,12:00,720,-3200
0065,12:05,725,-3200
0065,12:10,730,-3200
0065,12:15,735,-3200
0065,12:20,740,-3200
0065,12:25,745,-3200
0065,12:30,750,-4444
0065,12:35,755,-4444
0065,12:40,760,-4444
0065,12:45,765,-4444
0065,12:50,770,-5867
0065,12:55,775,-5867
0065,13:00,780,-5867
0065,13:05,785,-6933
0065,13:10,790,-6933
0065,13:15,795,-6933
0065,13:20,800,-6933
0065,13:25,805,-7111
0065,13:30,810,-7111
0065,13:35,815,-7111
0065,13:40,820,-7111
0065,13:45,825,-7111
0065,13:50,830,-7111
0065,13:55,835,-7111
0065,14:00,840,-7111
0065,14:05,845,-7111
0065,14:10,850,-7111
0065,14:15,855,-7111
0065,14:20,860,-7111
0065,14:25,865,-7111
0065,14:30,870,-8178
0065,14:35,875,-8178
0065,14:40,880,-8178
0065,14:45,885,-8178
0065,14:50,890,-8178
0065,14:55,895,-8178
0065,15:00,900,-8178
0065,15:05,905,-8178
0065,15:10,910,-5333
0065,15:15,915,-5333
0065,15:20,920,-5333
0065,15:25,925,-5333
0065,15:30,930,-1778
0065,15:35,935,-1778
0065,15:40,940,-1778
0065,15:45,945,-2667
0065,15:50,950,-2667
0065,15:55,955,-2667
0065,16:00,960,-2667
0065,16:05,965,-2667
0065,16:10,970,-3733
0065,16:15,975,-3733
0065,16:20,980,-3733
0065,16:25,985,-3733
0065,16:30,990,-5156
0065,16:35,995,-5156
0065,16:40,1000,-5156
0065,16:45,1005,-5156
0065,16:50,1010,-6756
0065,16:55,1015,-6756
0065,17:00,1020,-6756
0065,17:05,1025,-7644
0065,17:10,1030,-7644
0065,17:15,1035,-7644
0065,17:20,1040,-7644
0065,17:25,1045,-7644
0065,17:30,1050,-4267
0065,17:35,1055,-4267
0065,17:40,1060,-4267
0065,17:45,1065,-4267
0065,17:50,1070,-5689
0065,17:55,1075,-5689
0065,18:00,1080,-5689
0065,18:05,1085,-5689
0065,18:10,1090,-7111
0065,18:15,1095,-7111
0065,18:20,1100,-7111
0065,18:25,1105,-8178
0065,18:30,1110,-8178
0065,18:35,1115,-8178
0065,18:40,1120,-8178
0065,18:45,1125,-8178
0065,18:50,1130,-9778
0065,18:55,1135,-9778
0065,19:00,1140,-9778
0065,19:05,1145,-9778
0065,19:10,1150,-11022
0065,19:15,1155,-11022
0065,19:20,1160,-11022
0065,19:25,1165,-12800
0065,19:30,1170,-12800
0065,19:35,1175,-12800
0065,19:40,1180,-12800
0065,19:45,1185,-11911
0065,19:50,1190,-11911
0065,19:55,1195,-11911
0065,20:00,1200,-11911
0065,20:05,1205,-11911
0065,20:10,1210,-13333
0065,20:15,1215,-13333
0065,20:20,1220,-13333
0065,20:25,1225,-13333
0065,20:30,1230,-14578
0065,20:35,1235,-14578
0065,20:40,1240,-14578
0065,20:45,1245,-14578
0065,20:50,1250,-14578
0065,20:55,1255,-14578
0065,21:00,1260,-14578
0065,21:05,1265,-14578
0065,21:10,1270,-14578
0065,21:15,1275,-14578
0065,21:20,1280,-14578
0065,21:25,1285,-14578
0065,21:30,1290,-14756
0065,21:35,1295,-14756
0065,21:40,1300,-14756
0065,21:45,1305,-14933
0065,21:50,1310,-14933
0065,21:55,1315,-14933
0065,22:00,1320,-14933
0065,22:05,1325,-14933
0065,22:10,1330,-14933
0065,22:15,1335,-14933
0065,22:20,1340,-14933
0065,22:25,1345,-14933
0065,22:30,1350,-14933
0065,22:35,1355,-14933
0065,22:40,1360,-14933
0065,22:45,1365,-14933
0065,22:50,1370,-14933
0065,22:55,1375,-14933
0065,23:00,1380,-14933
0065,23:05,1385,-14933
0065,23:10,1390,-14933
0065,23:15,1395,-14933
0065,23:16,1396,-14933
0065,23:20,1400,-14933
0066,09:00,540,0
0066,09:05,545,0
0066,09:10,550,0
0066,09:15,555,0
0066,09:20,560,0
0066,09:25,565,0
0066,09:30,570,0
0066,09:35,575,0
0066,09:40,580,0
0066,09:45,585,0
0066,09:50,590,0
0066,09:55,595,0
0066,10:00,600,0
0066,10:05,605,0
0066,10:10,610,-89
0066,10:15,615,-89
0066,10:20,620,-89
0066,10:25,625,-1244
0066,10:30,630,-1244
0066,10:35,635,-1244
0066,10:40,640,-2489
0066,10:45,645,-2489
0066,10:50,650,-2489
0066,10:55,655,-2489
0066,11:00,660,-3644
0066,11:05,665,-3644
0066,11:10,670,-4000
0066,11:15,675,-4000
0066,11:20,680,-4000
0066,11:25,685,-4000
0066,11:30,690,-4178
0066,11:35,695,-4178
0066,11:40,700,-4178
0066,11:45,705,-4444
0066,11:50,710,-4444
0066,11:55,715,-4444
0066,12:00,720,-4444
0066,12:05,725,-5600
0066,12:10,730,-5600
0066,12:15,735,-5600
0066,12:20,740,-5600
0066,12:25,745,-5600
0066,12:30,750,-6400
0066,12:35,755,-6400
0066,12:40,760,-6400
0066,12:45,765,-6400
0066,12:50,770,-6400
0066,12:55,775,-6400
0066,13:00,780,-6400
0066,13:05,785,-4356
0066,13:10,790,-4356
0066,13:15,795,-4356
0066,13:20,800,-4356
0066,13:25,805,-4178
0066,13:30,810,-4178
0066,13:35,815,-4178
0066,13:40,820,-4178
0066,13:45,825,-4178
0066,13:50,830,-1600
0066,13:55,835,-1600
0066,14:00,840,-1600
0066,14:05,845,-1600
0066,14:10,850,1466
0066,14:15,855,1466
0066,14:20,860,1466
0066,14:25,865,1466
0066,14:30,870,948
0066,14:35,875,948
0066,14:40,880,948
0066,14:45,885,-622
0066,14:50,890,-622
0066,14:55,895,-622
0066,15:00,900,-622
0066,15:05,905,-622
0066,15:10,910,-1956
0066,15:15,915,-1956
0066,15:20,920,-1956
0066,15:25,925,-1956
0066,15:30,930,-3822
0066,15:35,935,-3822
0066,15:40,940,-3822
0066,15:45,945,-5244
0066,15:50,950,-5244
0066,15:55,955,-5244
0066,16:00,960,-5244
0066,16:05,965,-5244
0066,16:10,970,-5956
0066,16:15,975,-5956
0066,16:20,980,-5956
0066,16:25,985,-5956
0066,16:30,990,-4356
0066,16:35,995,-4356
0066,16:40,1000,-4356
0066,16:45,1005,-4356
0066,16:50,1010,-5689
0066,16:55,1015,-5689
0066,17:00,1020,-5689
0066,17:05,1025,-6222
0066,17:10,1030,-6222
0066,17:15,1035,-6222
0066,17:20,1040,-6222
0066,17:25,1045,-6222
0066,17:30,1050,-6844
0066,17:35,1055,-6844
0066,17:40,1060,-6844
0066,17:45,1065,-6844
0066,17:50,1070,-5600
0066,17:55,1075,-5600
0066,18:00,1080,-5600
0066,18:05,1085,-5600
0066,18:10,1090,-3022
0066,18:15,1095,-3022
0066,18:20,1100,-3022
0066,18:25,1105,-4622
0066,18:30,1110,-4622
0066,18:35,1115,-4622
0066,18:40,1120,-4622
0066,18:45,1125,-4622
0066,18:50,1130,-5511
0066,18:55,1135,-5511
0066,19:00,1140,-5511
0066,19:05,1145,-5511
0066,19:10,1150,-5511
0066,19:15,1155,-5511
0066,19:20,1160,-5511
0066,19:25,1165,-5867
0066,19:30,1170,-5867
0066,19:35,1175,-5867
0066,19:40,1180,-5867
0066,19:45,1185,-5867
0066,19:50,1190,-5867
0066,19:55,1195,-5867
0066,20:00,1200,-5867
0066,20:05,1205,-5867
0066,20:10,1210,-5867
0066,20:15,1215,-5867
0066,20:20,1220,-5867
0066,20:25,1225,-5867
0066,20:30,1230,-5867
0066,20:35,1235,-5867
0066,20:40,1240,-5867
0066,20:45,1245,-5867
0066,20:50,1250,-5867
0066,20:55,1255,-5867
0066,21:00,1260,-5867
0066,21:05,1265,-5867
0066,21:10,1270,-5867
0066,21:15,1275,-5867
0066,21:20,1280,-5867
0066,21:25,1285,-5867
0066,21:30,1290,-5867
0066,21:35,1295,-5867
0066,21:40,1300,-5867
0066,21:45,1305,-6222
0066,21:50,1310,-6222
0066,21:55,1315,-6222
0066,22:00,1320,-6222
0066,22:05,1325,-6222
0066,22:10,1330,-6222
0066,22:15,1335,-6222
0066,22:20,1340,-6222
0066,22:25,1345,-6222
0066,22:30,1350,-6222
0066,22:35,1355,-6222
0066,22:40,1360,-6222
0066,22:45,1365,-6222
0066,22:50,1370,-6222
0066,22:55,1375,-6222
0066,23:00,1380,-6222
0066,23:05,1385,-6222
0066,23:10,1390,-6222
0066,23:15,1395,-6222
0066,23:16,1396,-6222
0066,23:20,1400,-6222
0067,09:00,540,0
0067,09:05,545,0
0067,09:10,550,0
0067,09:15,555,0
0067,09:20,560,0
0067,09:25,565,0
0067,09:30,570,0
0067,09:35,575,0
0067,09:40,580,0
0067,09:45,585,0
0067,09:50,590,0
0067,09:55,595,0
0067,10:00,600,0
0067,10:05,605,0
0067,10:10,610,0
0067,10:15,615,0
0067,10:20,620,0
0067,10:25,625,-1067
0067,10:30,630,-1067
0067,10:35,635,-1067
0067,10:40,640,-1778
0067,10:45,645,-1778
0067,10:50,650,-1778
0067,10:55,655,-1778
0067,11:00,660,3276
0067,11:05,665,3276
0067,11:10,670,3276
0067,11:15,675,3276
0067,11:20,680,3276
0067,11:25,685,3276
0067,11:30,690,2586
0067,11:35,695,2586
0067,11:40,700,2586
0067,11:45,705,1552
0067,11:50,710,1552
0067,11:55,715,1552
0067,12:00,720,1552
0067,12:05,725,690
0067,12:10,730,690
0067,12:15,735,690
0067,12:20,740,690
0067,12:25,745,690
0067,12:30,750,690
0067,12:35,755,690
0067,12:40,760,690
0067,12:45,765,690
0067,12:50,770,0
0067,12:55,775,0
0067,13:00,780,0
0067,13:05,785,-1422
0067,13:10,790,-1422
0067,13:15,795,-1422
0067,13:20,800,-1422
0067,13:25,805,-2489
0067,13:30,810,-2489
0067,13:35,815,-2489
0067,13:40,820,-2489
0067,13:45,825,-2489
0067,13:50,830,-2489
0067,13:55,835,-2489
0067,14:00,840,-2489
0067,14:05,845,-2489
0067,14:10,850,-3022
0067,14:15,855,-3022
0067,14:20,860,-3022
0067,14:25,865,-3022
0067,14:30,870,-4089
0067,14:35,875,-4089
0067,14:40,880,-4089
0067,14:45,885,-4800
0067,14:50,890,-4800
0067,14:55,895,-4800
0067,15:00,900,-4800
0067,15:05,905,-4800
0067,15:10,910,-5867
0067,15:15,915,-5867
0067,15:20,920,-5867
0067,15:25,925,-5867
0067,15:30,930,-6756
0067,15:35,935,-6756
0067,15:40,940,-6756
0067,15:45,945,-7822
0067,15:50,950,-7822
0067,15:55,955,-7822
0067,16:00,960,-7822
0067,16:05,965,-7822
0067,16:10,970,-8533
0067,16:15,975,-8533
0067,16:20,980,-8533
0067,16:25,985,-8533
0067,16:30,990,-8889
0067,16:35,995,-8889
0067,16:40,1000,-8889
0067,16:45,1005,-8889
0067,16:50,1010,-8889
0067,16:55,1015,-8889
0067,17:00,1020,-8889
0067,17:05,1025,-9600
0067,17:10,1030,-9600
0067,17:15,1035,-9600
0067,17:20,1040,-9600
0067,17:25,1045,-9600
0067,17:30,1050,-9600
0067,17:35,1055,-9600
0067,17:40,1060,-9600
0067,17:45,1065,-9600
0067,17:50,1070,-10844
0067,17:55,1075,-10844
0067,18:00,1080,-10844
0067,18:05,1085,-10844
0067,18:10,1090,-11378
0067,18:15,1095,-11378
0067,18:20,1100,-11378
0067,18:25,1105,-11378
0067,18:30,1110,-11378
0067,18:35,1115,-11378
0067,18:40,1120,-11378
0067,18:45,1125,-11378
0067,18:50,1130,-11378
0067,18:55,1135,-11378
0067,19:00,1140,-11378
0067,19:05,1145,-11378
0067,19:10,1150,-11378
0067,19:15,1155,-11378
0067,19:20,1160,-11378
0067,19:25,1165,-12267
0067,19:30,1170,-12267
0067,19:35,1175,-12267
0067,19:40,1180,-12267
0067,19:45,1185,-13156
0067,19:50,1190,-13156
0067,19:55,1195,-13156
0067,20:00,1200,-13156
0067,20:05,1205,-13156
0067,20:10,1210,-14044
0067,20:15,1215,-14044
0067,20:20,1220,-14044
0067,20:25,1225,-14044
0067,20:30,1230,-14044
0067,20:35,1235,-14044
0067,20:40,1240,-14044
0067,20:45,1245,-14044
0067,20:50,1250,-14044
0067,20:55,1255,-14044
0067,21:00,1260,-14044
0067,21:05,1265,-14044
0067,21:10,1270,-14044
0067,21:15,1275,-14044
0067,21:20,1280,-14044
0067,21:25,1285,-14044
0067,21:30,1290,-14044
0067,21:35,1295,-14044
0067,21:40,1300,-14044
0067,21:45,1305,-14044
0067,21:50,1310,-14044
0067,21:55,1315,-14044
0067,22:00,1320,-14044
0067,22:05,1325,-14044
0067,22:10,1330,-14044
0067,22:15,1335,-14044
0067,22:20,1340,-14044
0067,22:25,1345,-14044
0067,22:30,1350,-14044
0067,22:35,1355,-14044
0067,22:40,1360,-14044
0067,22:45,1365,-14044
0067,22:50,1370,-14044
0067,22:55,1375,-14044
0067,23:00,1380,-14044
0067,23:05,1385,-14044
0067,23:10,1390,-14044
0067,23:15,1395,-14044
0067,23:16,1396,-14044
0067,23:20,1400,-14044
0068,09:00,540,0
0068,09:05,545,0
0068,09:10,550,0
0068,09:15,555,0
0068,09:20,560,0
0068,09:25,565,0
0068,09:30,570,0
0068,09:35,575,0
0068,09:40,580,0
0068,09:45,585,0
0068,09:50,590,0
0068,09:55,595,0
0068,10:00,600,0
0068,10:05,605,0
0068,10:10,610,0
0068,10:15,615,0
0068,10:20,620,0
0068,10:25,625,0
0068,10:30,630,0
0068,10:35,635,0
0068,10:40,640,0
0068,10:45,645,0
0068,10:50,650,0
0068,10:55,655,0
0068,11:00,660,-89
0068,11:05,665,-89
0068,11:10,670,-89
0068,11:15,675,-89
0068,11:20,680,-89
0068,11:25,685,-89
0068,11:30,690,-1778
0068,11:35,695,-1778
0068,11:40,700,-1778
0068,11:45,705,-3378
0068,11:50,710,-3378
0068,11:55,715,-3378
0068,12:00,720,-3378
0068,12:05,725,-978
0068,12:10,730,-978
0068,12:15,735,-978
0068,12:20,740,-978
0068,12:25,745,-978
0068,12:30,750,-2844
0068,12:35,755,-2844
0068,12:40,760,-2844
0068,12:45,765,-2844
0068,12:50,770,-3644
0068,12:55,775,-3644
0068,13:00,780,-3644
0068,13:05,785,-2844
0068,13:10,790,-2844
0068,13:15,795,-2844
0068,13:20,800,-2844
0068,13:25,805,-622
0068,13:30,810,-622
0068,13:35,815,-622
0068,13:40,820,-622
0068,13:45,825,-622
0068,13:50,830,1983
0068,13:55,835,1983
0068,14:00,840,1983
0068,14:05,845,1983
0068,14:10,850,1638
0068,14:15,855,1638
0068,14:20,860,1638
0068,14:25,865,1638
0068,14:30,870,1638
0068,14:35,875,1638
0068,14:40,880,1638
0068,14:45,885,1466
0068,14:50,890,1466
0068,14:55,895,1466
0068,15:00,900,1466
0068,15:05,905,1466
0068,15:10,910,603
0068,15:15,915,603
0068,15:20,920,603
0068,15:25,925,603
0068,15:30,930,-622
0068,15:35,935,-622
0068,15:40,940,-622
0068,15:45,945,-1511
0068,15:50,950,-1511
0068,15:55,955,-1511
0068,16:00,960,-1511
0068,16:05,965,-1511
0068,16:10,970,-2578
0068,16:15,975,-2578
0068,16:20,980,-2578
0068,16:25,985,-2578
0068,16:30,990,-3822
0068,16:35,995,-3822
0068,16:40,1000,-3822
0068,16:45,1005,-3822
0068,16:50,1010,-4622
0068,16:55,1015,-4622
0068,17:00,1020,-4622
0068,17:05,1025,-5156
0068,17:10,1030,-5156
0068,17:15,1035,-5156
0068,17:20,1040,-5156
0068,17:25,1045,-5156
0068,17:30,1050,-5156
0068,17:35,1055,-5156
0068,17:40,1060,-5156
0068,17:45,1065,-5156
0068,17:50,1070,-5156
0068,17:55,1075,-5156
0068,18:00,1080,-5156
0068,18:05,1085,-5156
0068,18:10,1090,-5867
0068,18:15,1095,-5867
0068,18:20,1100,-5867
0068,18:25,1105,-7644
0068,18:30,1110,-7644
0068,18:35,1115,-7644
0068,18:40,1120,-7644
0068,18:45,1125,-7644
0068,18:50,1130,-5511
0068,18:55,1135,-5511
0068,19:00,1140,-5511
0068,19:05,1145,-5511
0068,19:10,1150,-5867
0068,19:15,1155,-5867
0068,19:20,1160,-5867
0068,19:25,1165,-5956
0068,19:30,1170,-5956
0068,19:35,1175,-5956
0068,19:40,1180,-5956
0068,19:45,1185,-6933
0068,19:50,1190,-6933
0068,19:55,1195,-6933
0068,20:00,1200,-6933
0068,20:05,1205,-6933
0068,20:10,1210,-6933
0068,20:15,1215,-6933
0068,20:20,1220,-6933
0068,20:25,1225,-6933
0068,20:30,1230,-6933
0068,20:35,1235,-6933
0068,20:40,1240,-6933
0068,20:45,1245,-7200
0068,20:50,1250,-7200
0068,20:55,1255,-7200
0068,21:00,1260,-7200
0068,21:05,1265,-7200
0068,21:10,1270,-7200
0068,21:15,1275,-7200
0068,21:20,1280,-7200
0068,21:25,1285,-7200
0068,21:30,1290,-7467
0068,21:35,1295,-7467
0068,21:40,1300,-7467
0068,21:45,1305,-7467
0068,21:50,1310,-7467
0068,21:55,1315,-7467
0068,22:00,1320,-7467
0068,22:05,1325,-7467
0068,22:10,1330,-7467
0068,22:15,1335,-7467
0068,22:20,1340,-7467
0068,22:25,1345,-7467
0068,22:30,1350,-7467
0068,22:35,1355,-7467
0068,22:40,1360,-7467
0068,22:45,1365,-7467
0068,22:50,1370,-7467
0068,22:55,1375,-7467
0068,23:00,1380,-7467
0068,23:05,1385,-7467
0068,23:10,1390,-7467
0068,23:15,1395,-7467
0068,23:16,1396,-7467
0068,23:20,1400,-7467
0069,09:00,540,0
0069,09:05,545,0
0069,09:10,550,0
0069,09:15,555,0
0069,09:20,560,0
0069,09:25,565,0
0069,09:30,570,0
0069,09:35,575,0
0069,09:40,580,0
0069,09:45,585,0
0069,09:50,590,0
0069,09:55,595,0
0069,10:00,600,0
0069,10:05,605,0
0069,10:10,610,0
0069,10:15,615,0
0069,10:20,620,0
0069,10:25,625,0
0069,10:30,630,0
0069,10:35,635,0
0069,10:40,640,-622
0069,10:45,645,-622
0069,10:50,650,-622
0069,10:55,655,-622
0069,11:00,660,-1867
0069,11:05,665,-1867
0069,11:10,670,-2400
0069,11:15,675,-2400
0069,11:20,680,-2400
0069,11:25,685,-2400
0069,11:30,690,-3644
0069,11:35,695,-3644
0069,11:40,700,-3644
0069,11:45,705,-4711
0069,11:50,710,-4711
0069,11:55,715,-4711
0069,12:00,720,-4711
0069,12:05,725,776
0069,12:10,730,776
0069,12:15,735,776
0069,12:20,740,776
0069,12:25,745,776
0069,12:30,750,2845
0069,12:35,755,2845
0069,12:40,760,2845
0069,12:45,765,2845
0069,12:50,770,1466
0069,12:55,775,1466
0069,13:00,780,1466
0069,13:05,785,259
0069,13:10,790,259
0069,13:15,795,259
0069,13:20,800,259
0069,13:25,805,-1156
0069,13:30,810,-1156
0069,13:35,815,-1156
0069,13:40,820,-1156
0069,13:45,825,-1156
0069,13:50,830,-2489
0069,13:55,835,-2489
0069,14:00,840,-2489
0069,14:05,845,-2489
0069,14:10,850,-3733
0069,14:15,855,-3733
0069,14:20,860,-3733
0069,14:25,865,-3733
0069,14:30,870,-622
0069,14:35,875,-622
0069,14:40,880,-622
0069,14:45,885,-1244
0069,14:50,890,-1244
0069,14:55,895,-1244
0069,15:00,900,-1244
0069,15:05,905,-1244
0069,15:10,910,-2489
0069,15:15,915,-2489
0069,15:20,920,-2489
0069,15:25,925,-2489
0069,15:30,930,-2489
0069,15:35,935,-2489
0069,15:40,940,-2489
0069,15:45,945,-2933
0069,15:50,950,-2933
0069,15:55,955,-2933
0069,16:00,960,-2933
0069,16:05,965,-2933
0069,16:10,970,-3556
0069,16:15,975,-3556
0069,16:20,980,-3556
0069,16:25,985,-3556
0069,16:30,990,-3556
0069,16:35,995,-3556
0069,16:40,1000,-3556
0069,16:45,1005,-3556
0069,16:50,1010,-3644
0069,16:55,1015,-3644
0069,17:00,1020,-3644
0069,17:05,1025,-4356
0069,17:10,1030,-4356
0069,17:15,1035,-4356
0069,17:20,1040,-4356
0069,17:25,1045,-4356
0069,17:30,1050,-2133
0069,17:35,1055,-2133
0069,17:40,1060,-2133
0069,17:45,1065,-2133
0069,17:50,1070,-2044
0069,17:55,1075,-2044
0069,18:00,1080,-2044
0069,18:05,1085,-2044
0069,18:10,1090,3621
0069,18:15,1095,3621
0069,18:20,1100,3621
0069,18:25,1105,7241
0069,18:30,1110,7241
0069,18:35,1115,7241
0069,18:40,1120,7241
0069,18:45,1125,7241
0069,18:50,1130,6724
0069,18:55,1135,6724
0069,19:00,1140,6724
0069,19:05,1145,6724
0069,19:10,1150,6724
0069,19:15,1155,6724
0069,19:20,1160,6724
0069,19:25,1165,6724
0069,19:30,1170,6724
0069,19:35,1175,6724
0069,19:40,1180,6724
0069,19:45,1185,6724
0069,19:50,1190,6724
0069,19:55,1195,6724
0069,20:00,1200,6724
0069,20:05,1205,6724
0069,20:10,1210,6724
0069,20:15,1215,6724
0069,20:20,1220,6724
0069,20:25,1225,6724
0069,20:30,1230,6724
0069,20:35,1235,6724
0069,20:40,1240,6724
0069,20:45,1245,6724
0069,20:50,1250,6724
0069,20:55,1255,6724
0069,21:00,1260,6724
0069,21:05,1265,6724
0069,21:10,1270,6724
0069,21:15,1275,6724
0069,21:20,1280,6724
0069,21:25,1285,6724
0069,21:30,1290,6724
0069,21:35,1295,6724
0069,21:40,1300,6724
0069,21:45,1305,6724
0069,21:50,1310,6724
0069,21:55,1315,6724
0069,22:00,1320,6724
0069,22:05,1325,6724
0069,22:10,1330,6724
0069,22:15,1335,6724
0069,22:20,1340,6724
0069,22:25,1345,6724
0069,22:30,1350,6724
0069,22:35,1355,6724
0069,22:40,1360,6724
0069,22:45,1365,6724
0069,22:50,1370,6724
0069,22:55,1375,6724
0069,23:00,1380,6724
0069,23:05,1385,6724
0069,23:10,1390,6724
0069,23:15,1395,6724
0069,23:16,1396,6724
0069,23:20,1400,6724
0070,09:00,540,0
0070,09:05,545,0
0070,09:10,550,0
0070,09:15,555,0
0070,09:20,560,0
0070,09:25,565,0
0070,09:30,570,0
0070,09:35,575,0
0070,09:40,580,0
0070,09:45,585,0
0070,09:50,590,0
0070,09:55,595,0
0070,10:00,600,0
0070,10:05,605,0
0070,10:10,610,0
0070,10:15,615,0
0070,10:20,620,0
0070,10:25,625,0
0070,10:30,630,0
0070,10:35,635,0
0070,10:40,640,0
0070,10:45,645,0
0070,10:50,650,0
0070,10:55,655,0
0070,11:00,660,0
0070,11:05,665,0
0070,11:10,670,0
0070,11:15,675,0
0070,11:20,680,0
0070,11:25,685,0
0070,11:30,690,-533
0070,11:35,695,-533
0070,11:40,700,-533
0070,11:45,705,-1333
0070,11:50,710,-1333
0070,11:55,715,-1333
0070,12:00,720,-1333
0070,12:05,725,-1956
0070,12:10,730,-1956
0070,12:15,735,-1956
0070,12:20,740,-1956
0070,12:25,745,-1956
0070,12:30,750,-1956
0070,12:35,755,-1956
0070,12:40,760,-1956
0070,12:45,765,-1956
0070,12:50,770,-3022
0070,12:55,775,-3022
0070,13:00,780,-3022
0070,13:05,785,-2311
0070,13:10,790,-2311
0070,13:15,795,-2311
0070,13:20,800,-2311
0070,13:25,805,-2578
0070,13:30,810,-2578
0070,13:35,815,-2578
0070,13:40,820,-2578
0070,13:45,825,-2578
0070,13:50,830,-2756
0070,13:55,835,-2756
0070,14:00,840,-2756
0070,14:05,845,-2756
0070,14:10,850,-3733
0070,14:15,855,-3733
0070,14:20,860,-3733
0070,14:25,865,-3733
0070,14:30,870,-5511
0070,14:35,875,-5511
0070,14:40,880,-5511
0070,14:45,885,-3111
0070,14:50,890,-3111
0070,14:55,895,-3111
0070,15:00,900,-3111
0070,15:05,905,-3111
0070,15:10,910,948
0070,15:15,915,948
0070,15:20,920,948
0070,15:25,925,948
0070,15:30,930,5000
0070,15:35,935,5000
0070,15:40,940,5000
0070,15:45,945,4052
0070,15:50,950,4052
0070,15:55,955,4052
0070,16:00,960,4052
0070,16:05,965,4052
0070,16:10,970,3017
0070,16:15,975,3017
0070,16:20,980,3017
0070,16:25,985,3017
0070,16:30,990,2759
0070,16:35,995,2759
0070,16:40,1000,2759
0070,16:45,1005,2759
0070,16:50,1010,2069
0070,16:55,1015,2069
0070,17:00,1020,2069
0070,17:05,1025,2069
0070,17:10,1030,2069
0070,17:15,1035,2069
0070,17:20,1040,2069
0070,17:25,1045,2069
0070,17:30,1050,1638
0070,17:35,1055,1638
0070,17:40,1060,1638
0070,17:45,1065,1638
0070,17:50,1070,1034
0070,17:55,1075,1034
0070,18:00,1080,1034
0070,18:05,1085,1034
0070,18:10,1090,776
0070,18:15,1095,776
0070,18:20,1100,776
0070,18:25,1105,776
0070,18:30,1110,776
0070,18:35,1115,776
0070,18:40,1120,776
0070,18:45,1125,776
0070,18:50,1130,776
0070,18:55,1135,776
0070,19:00,1140,776
0070,19:05,1145,776
0070,19:10,1150,776
0070,19:15,1155,776
0070,19:20,1160,776
0070,19:25,1165,345
0070,19:30,1170,345
0070,19:35,1175,345
0070,19:40,1180,345
0070,19:45,1185,345
0070,19:50,1190,345
0070,19:55,1195,345
0070,20:00,1200,345
0070,20:05,1205,345
0070,20:10,1210,345
0070,20:15,1215,345
0070,20:20,1220,345
0070,20:25,1225,345
0070,20:30,1230,345
0070,20:35,1235,345
0070,20:40,1240,345
0070,20:45,1245,1466
0070,20:50,1250,1466
0070,20:55,1255,1466
0070,21:00,1260,1466
0070,21:05,1265,1466
0070,21:10,1270,690
0070,21:15,1275,690
0070,21:20,1280,690
0070,21:25,1285,690
0070,21:30,1290,86
0070,21:35,1295,86
0070,21:40,1300,86
0070,21:45,1305,-178
0070,21:50,1310,-178
0070,21:55,1315,-178
0070,22:00,1320,-178
0070,22:05,1325,-178
0070,22:10,1330,-178
0070,22:15,1335,-178
0070,22:20,1340,-178
0070,22:25,1345,-178
0070,22:30,1350,-178
0070,22:35,1355,-178
0070,22:40,1360,-178
0070,22:45,1365,-178
0070,22:50,1370,-178
0070,22:55,1375,-178
0070,23:00,1380,-178
0070,23:05,1385,-178
0070,23:10,1390,-178
0070,23:15,1395,-178
0070,23:16,1396,-178
0070,23:20,1400,-178
0071,09:00,540,0
0071,09:05,545,0
0071,09:10,550,0
0071,09:15,555,0
0071,09:20,560,0
0071,09:25,565,0
0071,09:30,570,0
0071,09:35,575,0
0071,09:40,580,0
0071,09:45,585,0
0071,09:50,590,0
0071,09:55,595,0
0071,10:00,600,0
0071,10:05,605,0
0071,10:10,610,0
0071,10:15,615,0
0071,10:20,620,0
0071,10:25,625,0
0071,10:30,630,0
0071,10:35,635,0
0071,10:40,640,0
0071,10:45,645,0
0071,10:50,650,0
0071,10:55,655,0
0071,11:00,660,0
0071,11:05,665,0
0071,11:10,670,0
0071,11:15,675,0
0071,11:20,680,0
0071,11:25,685,0
0071,11:30,690,-444
0071,11:35,695,-444
0071,11:40,700,-444
0071,11:45,705,259
0071,11:50,710,259
0071,11:55,715,259
0071,12:00,720,259
0071,12:05,725,2586
0071,12:10,730,2586
0071,12:15,735,2586
0071,12:20,740,2586
0071,12:25,745,2586
0071,12:30,750,5517
0071,12:35,755,5517
0071,12:40,760,5517
0071,12:45,765,5517
0071,12:50,770,4310
0071,12:55,775,4310
0071,13:00,780,4310
0071,13:05,785,3276
0071,13:10,790,3276
0071,13:15,795,3276
0071,13:20,800,3276
0071,13:25,805,1983
0071,13:30,810,1983
0071,13:35,815,1983
0071,13:40,820,1983
0071,13:45,825,1983
0071,13:50,830,948
0071,13:55,835,948
0071,14:00,840,948
0071,14:05,845,948
0071,14:10,850,-267
0071,14:15,855,-267
0071,14:20,860,-267
0071,14:25,865,-267
0071,14:30,870,-1956
0071,14:35,875,-1956
0071,14:40,880,-1956
0071,14:45,885,-533
0071,14:50,890,-533
0071,14:55,895,-533
0071,15:00,900,-533
0071,15:05,905,-533
0071,15:10,910,3879
0071,15:15,915,3879
0071,15:20,920,3879
0071,15:25,925,3879
0071,15:30,930,2759
0071,15:35,935,2759
0071,15:40,940,2759
0071,15:45,945,2586
0071,15:50,950,2586
0071,15:55,955,2586
0071,16:00,960,2586
0071,16:05,965,2586
0071,16:10,970,2586
0071,16:15,975,2586
0071,16:20,980,2586
0071,16:25,985,2586
0071,16:30,990,2414
0071,16:35,995,2414
0071,16:40,1000,2414
0071,16:45,1005,2414
0071,16:50,1010,2414
0071,16:55,1015,2414
0071,17:00,1020,2414
0071,17:05,1025,1983
0071,17:10,1030,1983
0071,17:15,1035,1983
0071,17:20,1040,1983
0071,17:25,1045,1983
0071,17:30,1050,1897
0071,17:35,1055,1897
0071,17:40,1060,1897
0071,17:45,1065,1897
0071,17:50,1070,1897
0071,17:55,1075,1897
0071,18:00,1080,1897
0071,18:05,1085,1897
0071,18:10,1090,1897
0071,18:15,1095,1897
0071,18:20,1100,1897
0071,18:25,1105,1897
0071,18:30,1110,1897
0071,18:35,1115,1897
0071,18:40,1120,1897
0071,18:45,1125,1897
0071,18:50,1130,1897
0071,18:55,1135,1897
0071,19:00,1140,1897
0071,19:05,1145,1897
0071,19:10,1150,1897
0071,19:15,1155,1897
0071,19:20,1160,1897
0071,19:25,1165,1897
0071,19:30,1170,1897
0071,19:35,1175,1897
0071,19:40,1180,1897
0071,19:45,1185,1897
0071,19:50,1190,1897
0071,19:55,1195,1897
0071,20:00,1200,1897
0071,20:05,1205,1897
0071,20:10,1210,1897
0071,20:15,1215,1897
0071,20:20,1220,1897
0071,20:25,1225,1897
0071,20:30,1230,1897
0071,20:35,1235,1897
0071,20:40,1240,1897
0071,20:45,1245,1897
0071,20:50,1250,1897
0071,20:55,1255,1897
0071,21:00,1260,1897
0071,21:05,1265,1897
0071,21:10,1270,1897
0071,21:15,1275,1897
0071,21:20,1280,1897
0071,21:25,1285,1897
0071,21:30,1290,1897
0071,21:35,1295,1897
0071,21:40,1300,1897
0071,21:45,1305,1897
0071,21:50,1310,1897
0071,21:55,1315,1897
0071,22:00,1320,1897
0071,22:05,1325,1897
0071,22:10,1330,1897
0071,22:15,1335,1897
0071,22:20,1340,1897
0071,22:25,1345,1897
0071,22:30,1350,1897
0071,22:35,1355,1897
0071,22:40,1360,1897
0071,22:45,1365,1897
0071,22:50,1370,1897
0071,22:55,1375,1897
0071,23:00,1380,1897
0071,23:05,1385,1897
0071,23:10,1390,1897
0071,23:15,1395,1897
0071,23:16,1396,1897
0071,23:20,1400,1897
0072,09:00,540,0
0072,09:05,545,0
0072,09:10,550,0
0072,09:15,555,0
0072,09:20,560,0
0072,09:25,565,0
0072,09:30,570,0
0072,09:35,575,0
0072,09:40,580,0
0072,09:45,585,0
0072,09:50,590,0
0072,09:55,595,0
0072,10:00,600,0
0072,10:05,605,0
0072,10:10,610,0
0072,10:15,615,0
0072,10:20,620,0
0072,10:25,625,0
0072,10:30,630,0
0072,10:35,635,0
0072,10:40,640,-89
0072,10:45,645,-89
0072,10:50,650,-89
0072,10:55,655,-89
0072,11:00,660,-889
0072,11:05,665,-889
0072,11:10,670,431
0072,11:15,675,431
0072,11:20,680,431
0072,11:25,685,431
0072,11:30,690,-89
0072,11:35,695,-89
0072,11:40,700,-89
0072,11:45,705,-622
0072,11:50,710,-622
0072,11:55,715,-622
0072,12:00,720,-622
0072,12:05,725,-1244
0072,12:10,730,-1244
0072,12:15,735,-1244
0072,12:20,740,-1244
0072,12:25,745,-1244
0072,12:30,750,-1244
0072,12:35,755,-1244
0072,12:40,760,-1244
0072,12:45,765,-1244
0072,12:50,770,-1689
0072,12:55,775,-1689
0072,13:00,780,-1689
0072,13:05,785,-1689
0072,13:10,790,-1689
0072,13:15,795,-1689
0072,13:20,800,-1689
0072,13:25,805,-1867
0072,13:30,810,-1867
0072,13:35,815,-1867
0072,13:40,820,-1867
0072,13:45,825,-1867
0072,13:50,830,-1956
0072,13:55,835,-1956
0072,14:00,840,-1956
0072,14:05,845,-1956
0072,14:10,850,-1956
0072,14:15,855,-1956
0072,14:20,860,-1956
0072,14:25,865,-1956
0072,14:30,870,690
0072,14:35,875,690
0072,14:40,880,690
0072,14:45,885,-178
0072,14:50,890,-178
0072,14:55,895,-178
0072,15:00,900,-178
0072,15:05,905,-178
0072,15:10,910,-800
0072,15:15,915,-800
0072,15:20,920,-800
0072,15:25,925,-800
0072,15:30,930,-1689
0072,15:35,935,-1689
0072,15:40,940,-1689
0072,15:45,945,-2044
0072,15:50,950,-2044
0072,15:55,955,-2044
0072,16:00,960,-2044
0072,16:05,965,-2044
0072,16:10,970,-2044
0072,16:15,975,-2044
0072,16:20,980,-2044
0072,16:25,985,-2044
0072,16:30,990,-2044
0072,16:35,995,-2044
0072,16:40,1000,-2044
0072,16:45,1005,-2044
0072,16:50,1010,-2044
0072,16:55,1015,-2044
0072,17:00,1020,-2044
0072,17:05,1025,-2044
0072,17:10,1030,-2044
0072,17:15,1035,-2044
0072,17:20,1040,-2044
0072,17:25,1045,-2044
0072,17:30,1050,-2044
0072,17:35,1055,-2044
0072,17:40,1060,-2044
0072,17:45,1065,-2044
0072,17:50,1070,-2044
0072,17:55,1075,-2044
0072,18:00,1080,-2044
0072,18:05,1085,-2044
0072,18:10,1090,-2044
0072,18:15,1095,-2044
0072,18:20,1100,-2044
0072,18:25,1105,-2044
0072,18:30,1110,-2044
0072,18:35,1115,-2044
0072,18:40,1120,-2044
0072,18:45,1125,-2044
0072,18:50,1130,-2044
0072,18:55,1135,-2044
0072,19:00,1140,-2044
0072,19:05,1145,-2044
0072,19:10,1150,-2044
0072,19:15,1155,-2044
0072,19:20,1160,-2044
0072,19:25,1165,-2044
0072,19:30,1170,-2044
0072,19:35,1175,-2044
0072,19:40,1180,-2044
0072,19:45,1185,-2044
0072,19:50,1190,-2044
0072,19:55,1195,-2044
0072,20:00,1200,-2044
0072,20:05,1205,-2044
0072,20:10,1210,-2044
0072,20:15,1215,-2044
0072,20:20,1220,-2044
0072,20:25,1225,-2044
0072,20:30,1230,-2044
0072,20:35,1235,-2044
0072,20:40,1240,-2044
0072,20:45,1245,-2044
0072,20:50,1250,-2044
0072,20:55,1255,-2044
0072,21:00,1260,-2044
0072,21:05,1265,-2044
0072,21:10,1270,-2044
0072,21:15,1275,-2044
0072,21:20,1280,-2044
0072,21:25,1285,-2044
0072,21:30,1290,-2044
0072,21:35,1295,-2044
0072,21:40,1300,-2044
0072,21:45,1305,-2044
0072,21:50,1310,-2044
0072,21:55,1315,-2044
0072,22:00,1320,-2044
0072,22:05,1325,-2044
0072,22:10,1330,-2044
0072,22:15,1335,-2044
0072,22:20,1340,-2044
0072,22:25,1345,-2044
0072,22:30,1350,-2044
0072,22:35,1355,-2044
0072,22:40,1360,-2044
0072,22:45,1365,-2044
0072,22:50,1370,-2044
0072,22:55,1375,-2044
0072,23:00,1380,-2044
0072,23:05,1385,-2044
0072,23:10,1390,-2044
0072,23:15,1395,-2044
0072,23:16,1396,-2044
0072,23:20,1400,-2044
0073,09:00,540,0
0073,09:05,545,0
0073,09:10,550,0
0073,09:15,555,0
0073,09:20,560,0
0073,09:25,565,0
0073,09:30,570,0
0073,09:35,575,0
0073,09:40,580,0
0073,09:45,585,0
0073,09:50,590,0
0073,09:55,595,0
0073,10:00,600,0
0073,10:05,605,0
0073,10:10,610,0
0073,10:15,615,0
0073,10:20,620,0
0073,10:25,625,-1067
0073,10:30,630,-1067
0073,10:35,635,-1067
0073,10:40,640,0
0073,10:45,645,0
0073,10:50,650,0
0073,10:55,655,0
0073,11:00,660,3793
0073,11:05,665,3793
0073,11:10,670,3793
0073,11:15,675,3793
0073,11:20,680,3793
0073,11:25,685,3793
0073,11:30,690,2586
0073,11:35,695,2586
0073,11:40,700,2586
0073,11:45,705,1207
0073,11:50,710,1207
0073,11:55,715,1207
0073,12:00,720,1207
0073,12:05,725,345
0073,12:10,730,345
0073,12:15,735,345
0073,12:20,740,345
0073,12:25,745,345
0073,12:30,750,-356
0073,12:35,755,-356
0073,12:40,760,-356
0073,12:45,765,-356
0073,12:50,770,-711
0073,12:55,775,-711
0073,13:00,780,-711
0073,13:05,785,-1778
0073,13:10,790,-1778
0073,13:15,795,-1778
0073,13:20,800,-1778
0073,13:25,805,-3022
0073,13:30,810,-3022
0073,13:35,815,-3022
0073,13:40,820,-3022
0073,13:45,825,-3022
0073,13:50,830,-4089
0073,13:55,835,-4089
0073,14:00,840,-4089
0073,14:05,845,-4089
0073,14:10,850,-5333
0073,14:15,855,-5333
0073,14:20,860,-5333
0073,14:25,865,-5333
0073,14:30,870,-4800
0073,14:35,875,-4800
0073,14:40,880,-4800
0073,14:45,885,-5333
0073,14:50,890,-5333
0073,14:55,895,-5333
0073,15:00,900,-5333
0073,15:05,905,-5333
0073,15:10,910,-1244
0073,15:15,915,-1244
0073,15:20,920,-1244
0073,15:25,925,-1244
0073,15:30,930,-1956
0073,15:35,935,-1956
0073,15:40,940,-1956
0073,15:45,945,-3378
0073,15:50,950,-3378
0073,15:55,955,-3378
0073,16:00,960,-3378
0073,16:05,965,-3378
0073,16:10,970,-3378
0073,16:15,975,-3378
0073,16:20,980,-3378
0073,16:25,985,-3378
0073,16:30,990,-4800
0073,16:35,995,-4800
0073,16:40,1000,-4800
0073,16:45,1005,-4800
0073,16:50,1010,-5867
0073,16:55,1015,-5867
0073,17:00,1020,-5867
0073,17:05,1025,-6756
0073,17:10,1030,-6756
0073,17:15,1035,-6756
0073,17:20,1040,-6756
0073,17:25,1045,-6756
0073,17:30,1050,-7467
0073,17:35,1055,-7467
0073,17:40,1060,-7467
0073,17:45,1065,-7467
0073,17:50,1070,-7644
0073,17:55,1075,-7644
0073,18:00,1080,-7644
0073,18:05,1085,-7644
0073,18:10,1090,-7644
0073,18:15,1095,-7644
0073,18:20,1100,-7644
0073,18:25,1105,-7644
0073,18:30,1110,-7644
0073,18:35,1115,-7644
0073,18:40,1120,-7644
0073,18:45,1125,-7644
0073,18:50,1130,-8178
0073,18:55,1135,-8178
0073,19:00,1140,-8178
0073,19:05,1145,-8178
0073,19:10,1150,-5867
0073,19:15,1155,-5867
0073,19:20,1160,-5867
0073,19:25,1165,-7289
0073,19:30,1170,-7289
0073,19:35,1175,-7289
0073,19:40,1180,-7289
0073,19:45,1185,-8711
0073,19:50,1190,-8711
0073,19:55,1195,-8711
0073,20:00,1200,-8711
0073,20:05,1205,-8711
0073,20:10,1210,-9956
0073,20:15,1215,-9956
0073,20:20,1220,-9956
0073,20:25,1225,-9956
0073,20:30,1230,-10844
0073,20:35,1235,-10844
0073,20:40,1240,-10844
0073,20:45,1245,-12267
0073,20:50,1250,-12267
0073,20:55,1255,-12267
0073,21:00,1260,-12267
0073,21:05,1265,-12267
0073,21:10,1270,-13333
0073,21:15,1275,-13333
0073,21:20,1280,-13333
0073,21:25,1285,-13333
0073,21:30,1290,-11022
0073,21:35,1295,-11022
0073,21:40,1300,-11022
0073,21:45,1305,-12622
0073,21:50,1310,-12622
0073,21:55,1315,-12622
0073,22:00,1320,-12622
0073,22:05,1325,-11556
0073,22:10,1330,-11556
0073,22:15,1335,-11556
0073,22:20,1340,-11556
0073,22:25,1345,-11556
0073,22:30,1350,-13511
0073,22:35,1355,-13511
0073,22:40,1360,-13511
0073,22:45,1365,-13511
0073,22:50,1370,-13689
0073,22:55,1375,-13689
0073,23:00,1380,-13689
0073,23:05,1385,-13689
0073,23:10,1390,-13689
0073,23:15,1395,-13689
0073,23:16,1396,-13689
0073,23:20,1400,-13689
0074,09:00,540,0
0074,09:05,545,0
0074,09:10,550,0
0074,09:15,555,0
0074,09:20,560,0
0074,09:25,565,0
0074,09:30,570,0
0074,09:35,575,0
0074,09:40,580,0
0074,09:45,585,0
0074,09:50,590,0
0074,09:55,595,0
0074,10:00,600,0
0074,10:05,605,0
0074,10:10,610,0
0074,10:15,615,0
0074,10:20,620,0
0074,10:25,625,0
0074,10:30,630,0
0074,10:35,635,0
0074,10:40,640,0
0074,10:45,645,0
0074,10:50,650,0
0074,10:55,655,0
0074,11:00,660,-356
0074,11:05,665,-356
0074,11:10,670,-356
0074,11:15,675,-356
0074,11:20,680,-356
0074,11:25,685,-356
0074,11:30,690,2586
0074,11:35,695,2586
0074,11:40,700,2586
0074,11:45,705,8966
0074,11:50,710,8966
0074,11:55,715,8966
0074,12:00,720,8966
0074,12:05,725,10345
0074,12:10,730,10345
0074,12:15,735,10345
0074,12:20,740,10345
0074,12:25,745,10345
0074,12:30,750,9138
0074,12:35,755,9138
0074,12:40,760,9138
0074,12:45,765,9138
0074,12:50,770,7931
0074,12:55,775,7931
0074,13:00,780,7931
0074,13:05,785,6724
0074,13:10,790,6724
0074,13:15,795,6724
0074,13:20,800,6724
0074,13:25,805,5517
0074,13:30,810,5517
0074,13:35,815,5517
0074,13:40,820,5517
0074,13:45,825,5517
0074,13:50,830,4138
0074,13:55,835,4138
0074,14:00,840,4138
0074,14:05,845,4138
0074,14:10,850,2759
0074,14:15,855,2759
0074,14:20,860,2759
0074,14:25,865,2759
0074,14:30,870,1379
0074,14:35,875,1379
0074,14:40,880,1379
0074,14:45,885,-178
0074,14:50,890,-178
0074,14:55,895,-178
0074,15:00,900,-178
0074,15:05,905,-178
0074,15:10,910,-1244
0074,15:15,915,-1244
0074,15:20,920,-1244
0074,15:25,925,-1244
0074,15:30,930,690
0074,15:35,935,690
0074,15:40,940,690
0074,15:45,945,690
0074,15:50,950,690
0074,15:55,955,690
0074,16:00,960,690
0074,16:05,965,690
0074,16:10,970,690
0074,16:15,975,690
0074,16:20,980,690
0074,16:25,985,690
0074,16:30,990,-356
0074,16:35,995,-356
0074,16:40,1000,-356
0074,16:45,1005,-356
0074,16:50,1010,-889
0074,16:55,1015,-889
0074,17:00,1020,-889
0074,17:05,1025,-1600
0074,17:10,1030,-1600
0074,17:15,1035,-1600
0074,17:20,1040,-1600
0074,17:25,1045,-1600
0074,17:30,1050,-1778
0074,17:35,1055,-1778
0074,17:40,1060,-1778
0074,17:45,1065,-1778
0074,17:50,1070,-1956
0074,17:55,1075,-1956
0074,18:00,1080,-1956
0074,18:05,1085,-1956
0074,18:10,1090,-1956
0074,18:15,1095,-1956
0074,18:20,1100,-1956
0074,18:25,1105,-1956
0074,18:30,1110,-1956
0074,18:35,1115,-1956
0074,18:40,1120,-1956
0074,18:45,1125,-1956
0074,18:50,1130,-1956
0074,18:55,1135,-1956
0074,19:00,1140,-1956
0074,19:05,1145,-1956
0074,19:10,1150,-1956
0074,19:15,1155,-1956
0074,19:20,1160,-1956
0074,19:25,1165,-1956
0074,19:30,1170,-1956
0074,19:35,1175,-1956
0074,19:40,1180,-1956
0074,19:45,1185,-1956
0074,19:50,1190,-1956
0074,19:55,1195,-1956
0074,20:00,1200,-1956
0074,20:05,1205,-1956
0074,20:10,1210,-1956
0074,20:15,1215,-1956
0074,20:20,1220,-1956
0074,20:25,1225,-1956
0074,20:30,1230,-1956
0074,20:35,1235,-1956
0074,20:40,1240,-1956
0074,20:45,1245,-1956
0074,20:50,1250,-1956
0074,20:55,1255,-1956
0074,21:00,1260,-1956
0074,21:05,1265,-1956
0074,21:10,1270,-1956
0074,21:15,1275,-1956
0074,21:20,1280,-1956
0074,21:25,1285,-1956
0074,21:30,1290,-1956
0074,21:35,1295,-1956
0074,21:40,1300,-1956
0074,21:45,1305,-1956
0074,21:50,1310,-1956
0074,21:55,1315,-1956
0074,22:00,1320,-1956
0074,22:05,1325,-1956
0074,22:10,1330,-1956
0074,22:15,1335,-1956
0074,22:20,1340,-1956
0074,22:25,1345,-1956
0074,22:30,1350,-1956
0074,22:35,1355,-1956
0074,22:40,1360,-1956
0074,22:45,1365,-1956
0074,22:50,1370,-1956
0074,22:55,1375,-1956
0074,23:00,1380,-1956
0074,23:05,1385,-1956
0074,23:10,1390,-1956
0074,23:15,1395,-1956
0074,23:16,1396,-1956
0074,23:20,1400,-1956
0075,09:00,540,0
0075,09:05,545,0
0075,09:10,550,0
0075,09:15,555,0
0075,09:20,560,0
0075,09:25,565,0
0075,09:30,570,0
0075,09:35,575,0
0075,09:40,580,0
0075,09:45,585,0
0075,09:50,590,0
0075,09:55,595,0
0075,10:00,600,0
0075,10:05,605,0
0075,10:10,610,0
0075,10:15,615,0
0075,10:20,620,0
0075,10:25,625,0
0075,10:30,630,0
0075,10:35,635,0
0075,10:40,640,0
0075,10:45,645,0
0075,10:50,650,0
0075,10:55,655,0
0075,11:00,660,-89
0075,11:05,665,-89
0075,11:10,670,-444
0075,11:15,675,-444
0075,11:20,680,-444
0075,11:25,685,-444
0075,11:30,690,-1333
0075,11:35,695,-1333
0075,11:40,700,-1333
0075,11:45,705,-1333
0075,11:50,710,-1333
0075,11:55,715,-1333
0075,12:00,720,-1333
0075,12:05,725,-1333
0075,12:10,730,-1333
0075,12:15,735,-1333
0075,12:20,740,-1333
0075,12:25,745,-1333
0075,12:30,750,-1333
0075,12:35,755,-1333
0075,12:40,760,-1333
0075,12:45,765,-1333
0075,12:50,770,-2933
0075,12:55,775,-2933
0075,13:00,780,-2933
0075,13:05,785,-4267
0075,13:10,790,-4267
0075,13:15,795,-4267
0075,13:20,800,-4267
0075,13:25,805,-2489
0075,13:30,810,-2489
0075,13:35,815,-2489
0075,13:40,820,-2489
0075,13:45,825,-2489
0075,13:50,830,-978
0075,13:55,835,-978
0075,14:00,840,-978
0075,14:05,845,-978
0075,14:10,850,-1600
0075,14:15,855,-1600
0075,14:20,860,-1600
0075,14:25,865,-1600
0075,14:30,870,-89
0075,14:35,875,-89
0075,14:40,880,-89
0075,14:45,885,2069
0075,14:50,890,2069
0075,14:55,895,2069
0075,15:00,900,2069
0075,15:05,905,2069
0075,15:10,910,4138
0075,15:15,915,4138
0075,15:20,920,4138
0075,15:25,925,4138
0075,15:30,930,4224
0075,15:35,935,4224
0075,15:40,940,4224
0075,15:45,945,8190
0075,15:50,950,8190
0075,15:55,955,8190
0075,16:00,960,8190
0075,16:05,965,8190
0075,16:10,970,8017
0075,16:15,975,8017
0075,16:20,980,8017
0075,16:25,985,8017
0075,16:30,990,8017
0075,16:35,995,8017
0075,16:40,1000,8017
0075,16:45,1005,8017
0075,16:50,1010,7155
0075,16:55,1015,7155
0075,17:00,1020,7155
0075,17:05,1025,6034
0075,17:10,1030,6034
0075,17:15,1035,6034
0075,17:20,1040,6034
0075,17:25,1045,6034
0075,17:30,1050,5517
0075,17:35,1055,5517
0075,17:40,1060,5517
0075,17:45,1065,5517
0075,17:50,1070,5517
0075,17:55,1075,5517
0075,18:00,1080,5517
0075,18:05,1085,5517
0075,18:10,1090,5517
0075,18:15,1095,5517
0075,18:20,1100,5517
0075,18:25,1105,5517
0075,18:30,1110,5517
0075,18:35,1115,5517
0075,18:40,1120,5517
0075,18:45,1125,5517
0075,18:50,1130,5517
0075,18:55,1135,5517
0075,19:00,1140,5517
0075,19:05,1145,5517
0075,19:10,1150,4655
0075,19:15,1155,4655
0075,19:20,1160,4655
0075,19:25,1165,4655
0075,19:30,1170,4655
0075,19:35,1175,4655
0075,19:40,1180,4655
0075,19:45,1185,4655
0075,19:50,1190,4655
0075,19:55,1195,4655
0075,20:00,1200,4655
0075,20:05,1205,4655
0075,20:10,1210,4655
0075,20:15,1215,4655
0075,20:20,1220,4655
0075,20:25,1225,4655
0075,20:30,1230,4655
0075,20:35,1235,4655
0075,20:40,1240,4655
0075,20:45,1245,4655
0075,20:50,1250,4655
0075,20:55,1255,4655
0075,21:00,1260,4655
0075,21:05,1265,4655
0075,21:10,1270,4655
0075,21:15,1275,4655
0075,21:20,1280,4655
0075,21:25,1285,4655
0075,21:30,1290,4655
0075,21:35,1295,4655
0075,21:40,1300,4655
0075,21:45,1305,4655
0075,21:50,1310,4655
0075,21:55,1315,4655
0075,22:00,1320,4655
0075,22:05,1325,4655
0075,22:10,1330,4655
0075,22:15,1335,4655
0075,22:20,1340,4655
0075,22:25,1345,4655
0075,22:30,1350,4655
0075,22:35,1355,4655
0075,22:40,1360,4655
0075,22:45,1365,4655
0075,22:50,1370,4655
0075,22:55,1375,4655
0075,23:00,1380,4655
0075,23:05,1385,4655
0075,23:10,1390,4655
0075,23:15,1395,4655
0075,23:16,1396,4655
0075,23:20,1400,4655
0076,09:00,540,0
0076,09:05,545,0
0076,09:10,550,0
0076,09:15,555,0
0076,09:20,560,0
0076,09:25,565,0
0076,09:30,570,0
0076,09:35,575,0
0076,09:40,580,0
0076,09:45,585,0
0076,09:50,590,0
0076,09:55,595,0
0076,10:00,600,0
0076,10:05,605,0
0076,10:10,610,0
0076,10:15,615,0
0076,10:20,620,0
0076,10:25,625,0
0076,10:30,630,0
0076,10:35,635,0
0076,10:40,640,0
0076,10:45,645,0
0076,10:50,650,0
0076,10:55,655,0
0076,11:00,660,0
0076,11:05,665,0
0076,11:10,670,0
0076,11:15,675,0
0076,11:20,680,0
0076,11:25,685,0
0076,11:30,690,0
0076,11:35,695,0
0076,11:40,700,0
0076,11:45,705,0
0076,11:50,710,0
0076,11:55,715,0
0076,12:00,720,0
0076,12:05,725,0
0076,12:10,730,0
0076,12:15,735,0
0076,12:20,740,0
0076,12:25,745,0
0076,12:30,750,2586
0076,12:35,755,2586
0076,12:40,760,2586
0076,12:45,765,2586
0076,12:50,770,2069
0076,12:55,775,2069
0076,13:00,780,2069
0076,13:05,785,2759
0076,13:10,790,2759
0076,13:15,795,2759
0076,13:20,800,2759
0076,13:25,805,1552
0076,13:30,810,1552
0076,13:35,815,1552
0076,13:40,820,1552
0076,13:45,825,1552
0076,13:50,830,862
0076,13:55,835,862
0076,14:00,840,862
0076,14:05,845,862
0076,14:10,850,345
0076,14:15,855,345
0076,14:20,860,345
0076,14:25,865,345
0076,14:30,870,-178
0076,14:35,875,-178
0076,14:40,880,-178
0076,14:45,885,-178
0076,14:50,890,-178
0076,14:55,895,-178
0076,15:00,900,-178
0076,15:05,905,-178
0076,15:10,910,-1067
0076,15:15,915,-1067
0076,15:20,920,-1067
0076,15:25,925,-1067
0076,15:30,930,-1778
0076,15:35,935,-1778
0076,15:40,940,-1778
0076,15:45,945,1724
0076,15:50,950,1724
0076,15:55,955,1724
0076,16:00,960,1724
0076,16:05,965,1724
0076,16:10,970,7241
0076,16:15,975,7241
0076,16:20,980,7241
0076,16:25,985,7241
0076,16:30,990,16034
0076,16:35,995,16034
0076,16:40,1000,16034
0076,16:45,1005,16034
0076,16:50,1010,16379
0076,16:55,1015,16379
0076,17:00,1020,16379
0076,17:05,1025,15690
0076,17:10,1030,15690
0076,17:15,1035,15690
0076,17:20,1040,15690
0076,17:25,1045,15690
0076,17:30,1050,15517
0076,17:35,1055,15517
0076,17:40,1060,15517
0076,17:45,1065,15517
0076,17:50,1070,15345
0076,17:55,1075,15345
0076,18:00,1080,15345
0076,18:05,1085,15345
0076,18:10,1090,15172
0076,18:15,1095,15172
0076,18:20,1100,15172
0076,18:25,1105,15000
0076,18:30,1110,15000
0076,18:35,1115,15000
0076,18:40,1120,15000
0076,18:45,1125,15000
0076,18:50,1130,14310
0076,18:55,1135,14310
0076,19:00,1140,14310
0076,19:05,1145,14310
0076,19:10,1150,14310
0076,19:15,1155,14310
0076,19:20,1160,14310
0076,19:25,1165,14310
0076,19:30,1170,14310
0076,19:35,1175,14310
0076,19:40,1180,14310
0076,19:45,1185,13793
0076,19:50,1190,13793
0076,19:55,1195,13793
0076,20:00,1200,13793
0076,20:05,1205,13793
0076,20:10,1210,13793
0076,20:15,1215,13793
0076,20:20,1220,13793
0076,20:25,1225,13793
0076,20:30,1230,13793
0076,20:35,1235,13793
0076,20:40,1240,13793
0076,20:45,1245,13793
0076,20:50,1250,13793
0076,20:55,1255,13793
0076,21:00,1260,13793
0076,21:05,1265,13793
0076,21:10,1270,13793
0076,21:15,1275,13793
0076,21:20,1280,13793
0076,21:25,1285,13793
0076,21:30,1290,13793
0076,21:35,1295,13793
0076,21:40,1300,13793
0076,21:45,1305,13793
0076,21:50,1310,13793
0076,21:55,1315,13793
0076,22:00,1320,13793
0076,22:05,1325,13793
0076,22:10,1330,13793
0076,22:15,1335,13793
0076,22:20,1340,13793
0076,22:25,1345,13793
0076,22:30,1350,13793
0076,22:35,1355,13793
0076,22:40,1360,13793
0076,22:45,1365,13793
0076,22:50,1370,13793
0076,22:55,1375,13793
0076,23:00,1380,13793
0076,23:05,1385,13793
0076,23:10,1390,13793
0076,23:15,1395,13793
0076,23:16,1396,13793
0076,23:20,1400,13793
0077,09:00,540,0
0077,09:05,545,0
0077,09:10,550,0
0077,09:15,555,0
0077,09:20,560,0
0077,09:25,565,0
0077,09:30,570,0
0077,09:35,575,0
0077,09:40,580,0
0077,09:45,585,0
0077,09:50,590,0
0077,09:55,595,0
0077,10:00,600,0
0077,10:05,605,0
0077,10:10,610,0
0077,10:15,615,0
0077,10:20,620,0
0077,10:25,625,-800
0077,10:30,630,-800
0077,10:35,635,-800
0077,10:40,640,-1511
0077,10:45,645,-1511
0077,10:50,650,-1511
0077,10:55,655,-1511
0077,11:00,660,-2222
0077,11:05,665,-2222
0077,11:10,670,-2489
0077,11:15,675,-2489
0077,11:20,680,-2489
0077,11:25,685,-2489
0077,11:30,690,-3467
0077,11:35,695,-3467
0077,11:40,700,-3467
0077,11:45,705,-4267
0077,11:50,710,-4267
0077,11:55,715,-4267
0077,12:00,720,-4267
0077,12:05,725,-4978
0077,12:10,730,-4978
0077,12:15,735,-4978
0077,12:20,740,-4978
0077,12:25,745,-4978
0077,12:30,750,-4978
0077,12:35,755,-4978
0077,12:40,760,-4978
0077,12:45,765,-4978
0077,12:50,770,-5511
0077,12:55,775,-5511
0077,13:00,780,-5511
0077,13:05,785,-6133
0077,13:10,790,-6133
0077,13:15,795,-6133
0077,13:20,800,-6133
0077,13:25,805,-7200
0077,13:30,810,-7200
0077,13:35,815,-7200
0077,13:40,820,-7200
0077,13:45,825,-7200
0077,13:50,830,-8356
0077,13:55,835,-8356
0077,14:00,840,-8356
0077,14:05,845,-8356
0077,14:10,850,-9511
0077,14:15,855,-9511
0077,14:20,860,-9511
0077,14:25,865,-9511
0077,14:30,870,-9333
0077,14:35,875,-9333
0077,14:40,880,-9333
0077,14:45,885,-5333
0077,14:50,890,-5333
0077,14:55,895,-5333
0077,15:00,900,-5333
0077,15:05,905,-5333
0077,15:10,910,-4444
0077,15:15,915,-4444
0077,15:20,920,-4444
0077,15:25,925,-4444
0077,15:30,930,-4000
0077,15:35,935,-4000
0077,15:40,940,-4000
0077,15:45,945,-3733
0077,15:50,950,-3733
0077,15:55,955,-3733
0077,16:00,960,-3733
0077,16:05,965,-3733
0077,16:10,970,-4356
0077,16:15,975,-4356
0077,16:20,980,-4356
0077,16:25,985,-4356
0077,16:30,990,-3200
0077,16:35,995,-3200
0077,16:40,1000,-3200
0077,16:45,1005,-3200
0077,16:50,1010,2328
0077,16:55,1015,2328
0077,17:00,1020,2328
0077,17:05,1025,6207
0077,17:10,1030,6207
0077,17:15,1035,6207
0077,17:20,1040,6207
0077,17:25,1045,6207
0077,17:30,1050,6207
0077,17:35,1055,6207
0077,17:40,1060,6207
0077,17:45,1065,6207
0077,17:50,1070,8448
0077,17:55,1075,8448
0077,18:00,1080,8448
0077,18:05,1085,8448
0077,18:10,1090,7845
0077,18:15,1095,7845
0077,18:20,1100,7845
0077,18:25,1105,6897
0077,18:30,1110,6897
0077,18:35,1115,6897
0077,18:40,1120,6897
0077,18:45,1125,6897
0077,18:50,1130,6638
0077,18:55,1135,6638
0077,19:00,1140,6638
0077,19:05,1145,6638
0077,19:10,1150,6638
0077,19:15,1155,6638
0077,19:20,1160,6638
0077,19:25,1165,6638
0077,19:30,1170,6638
0077,19:35,1175,6638
0077,19:40,1180,6638
0077,19:45,1185,6638
0077,19:50,1190,6638
0077,19:55,1195,6638
0077,20:00,1200,6638
0077,20:05,1205,6638
0077,20:10,1210,6638
0077,20:15,1215,6638
0077,20:20,1220,6638
0077,20:25,1225,6638
0077,20:30,1230,6466
0077,20:35,1235,6466
0077,20:40,1240,6466
0077,20:45,1245,6466
0077,20:50,1250,6466
0077,20:55,1255,6466
0077,21:00,1260,6466
0077,21:05,1265,6466
0077,21:10,1270,6466
0077,21:15,1275,6466
0077,21:20,1280,6466
0077,21:25,1285,6466
0077,21:30,1290,6466
0077,21:35,1295,6466
0077,21:40,1300,6466
0077,21:45,1305,6466
0077,21:50,1310,6466
0077,21:55,1315,6466
0077,22:00,1320,6466
0077,22:05,1325,6466
0077,22:10,1330,6466
0077,22:15,1335,6466
0077,22:20,1340,6466
0077,22:25,1345,6466
0077,22:30,1350,6466
0077,22:35,1355,6466
0077,22:40,1360,6466
0077,22:45,1365,6466
0077,22:50,1370,6466
0077,22:55,1375,6466
0077,23:00,1380,6466
0077,23:05,1385,6466
0077,23:10,1390,6466
0077,23:15,1395,6466
0077,23:16,1396,6466
0077,23:20,1400,6466
