machine,time,minute,value
0039,09:00,540,0
0039,09:05,545,0
0039,09:10,550,0
0039,09:15,555,0
0039,09:20,560,0
0039,09:25,565,0
0039,09:30,570,0
0039,09:35,575,0
0039,09:40,580,0
0039,09:45,585,0
0039,09:50,590,0
0039,09:55,595,0
0039,10:00,600,0
0039,10:05,605,0
0039,10:10,610,0
0039,10:15,615,0
0039,10:20,620,0
0039,10:25,625,0
0039,10:30,630,0
0039,10:35,635,0
0039,10:40,640,0
0039,10:45,645,0
0039,10:50,650,0
0039,10:55,655,0
0039,11:00,660,-444
0039,11:05,665,-444
0039,11:10,670,-889
0039,11:15,675,-889
0039,11:20,680,-889
0039,11:25,685,-889
0039,11:30,690,-1600
0039,11:35,695,-1600
0039,11:40,700,-1600
0039,11:45,705,-1600
0039,11:50,710,-1600
0039,11:55,715,-1600
0039,12:00,720,-1600
0039,12:05,725,-2133
0039,12:10,730,-2133
0039,12:15,735,-2133
0039,12:20,740,-2133
0039,12:25,745,-2133
0039,12:30,750,-2222
0039,12:35,755,-2222
0039,12:40,760,-2222
0039,12:45,765,-2222
0039,12:50,770,-2222
0039,12:55,775,-2222
0039,13:00,780,-2222
0039,13:05,785,-2222
0039,13:10,790,-2222
0039,13:15,795,-2222
0039,13:20,800,-2222
0039,13:25,805,-3556
0039,13:30,810,-3556
0039,13:35,815,-3556
0039,13:40,820,-3556
0039,13:45,825,-3556
0039,13:50,830,-5244
0039,13:55,835,-5244
0039,14:00,840,-5244
0039,14:05,845,-5244
0039,14:10,850,-6489
0039,14:15,855,-6489
0039,14:20,860,-6489
0039,14:25,865,-6489
0039,14:30,870,-5689
0039,14:35,875,-5689
0039,14:40,880,-5689
0039,14:45,885,-3467
0039,14:50,890,-3467
0039,14:55,895,-3467
0039,15:00,900,-3467
0039,15:05,905,-3467
0039,15:10,910,3448
0039,15:15,915,3448
0039,15:20,920,3448
0039,15:25,925,3448
0039,15:30,930,2759
0039,15:35,935,2759
0039,15:40,940,2759
0039,15:45,945,1466
0039,15:50,950,1466
0039,15:55,955,1466
0039,16:00,960,1466
0039,16:05,965,1466
0039,16:10,970,345
0039,16:15,975,345
0039,16:20,980,345
0039,16:25,985,345
0039,16:30,990,-1244
0039,16:35,995,-1244
0039,16:40,1000,-1244
0039,16:45,1005,-1244
0039,16:50,1010,-1511
0039,16:55,1015,-1511
0039,17:00,1020,-1511
0039,17:05,1025,-1867
0039,17:10,1030,-1867
0039,17:15,1035,-1867
0039,17:20,1040,-1867
0039,17:25,1045,-1867
0039,17:30,1050,-2222
0039,17:35,1055,-2222
0039,17:40,1060,-2222
0039,17:45,1065,-2222
0039,17:50,1070,-3022
0039,17:55,1075,-3022
0039,18:00,1080,-3022
0039,18:05,1085,-3022
0039,18:10,1090,-3200
0039,18:15,1095,-3200
0039,18:20,1100,-3200
0039,18:25,1105,-3556
0039,18:30,1110,-3556
0039,18:35,1115,-3556
0039,18:40,1120,-3556
0039,18:45,1125,-3556
0039,18:50,1130,-4178
0039,18:55,1135,-4178
0039,19:00,1140,-4178
0039,19:05,1145,-4178
0039,19:10,1150,-5422
0039,19:15,1155,-5422
0039,19:20,1160,-5422
0039,19:25,1165,-5867
0039,19:30,1170,-5867
0039,19:35,1175,-5867
0039,19:40,1180,-5867
0039,19:45,1185,-6044
0039,19:50,1190,-6044
0039,19:55,1195,-6044
0039,20:00,1200,-6044
0039,20:05,1205,-6044
0039,20:10,1210,-6044
0039,20:15,1215,-6044
0039,20:20,1220,-6044
0039,20:25,1225,-6044
0039,20:30,1230,-6044
0039,20:35,1235,-6044
0039,20:40,1240,-6044
0039,20:45,1245,-6311
0039,20:50,1250,-6311
0039,20:55,1255,-6311
0039,21:00,1260,-6311
0039,21:05,1265,-6311
0039,21:10,1270,-6844
0039,21:15,1275,-6844
0039,21:20,1280,-6844
0039,21:25,1285,-6844
0039,21:30,1290,-6844
0039,21:35,1295,-6844
0039,21:40,1300,-6844
0039,21:45,1305,-6844
0039,21:50,1310,-6844
0039,21:55,1315,-6844
0039,22:00,1320,-6844
0039,22:05,1325,-6844
0039,22:10,1330,-6844
0039,22:15,1335,-6844
0039,22:20,1340,-6844
0039,22:25,1345,-6844
0039,22:30,1350,-6844
0039,22:35,1355,-6844
0039,22:40,1360,-6844
0039,22:45,1365,-6844
0039,22:50,1370,-6844
0039,22:55,1375,-6844
0039,23:00,1380,-6844
0039,23:05,1385,-6844
0039,23:10,1390,-6844
0039,23:15,1395,-6844
0039,23:16,1396,-6844
0039,23:20,1400,-6844
0040,09:00,540,0
0040,09:05,545,0
0040,09:10,550,0
0040,09:15,555,0
0040,09:20,560,0
0040,09:25,565,0
0040,09:30,570,0
0040,09:35,575,0
0040,09:40,580,0
0040,09:45,585,0
0040,09:50,590,0
0040,09:55,595,0
0040,10:00,600,0
0040,10:05,605,0
0040,10:10,610,0
0040,10:15,615,0
0040,10:20,620,0
0040,10:25,625,-267
0040,10:30,630,-267
0040,10:35,635,-267
0040,10:40,640,-1511
0040,10:45,645,-1511
0040,10:50,650,-1511
0040,10:55,655,-1511
0040,11:00,660,-2578
0040,11:05,665,-2578
0040,11:10,670,-3111
0040,11:15,675,-3111
0040,11:20,680,-3111
0040,11:25,685,-3111
0040,11:30,690,1810
0040,11:35,695,1810
0040,11:40,700,1810
0040,11:45,705,2586
0040,11:50,710,2586
0040,11:55,715,2586
0040,12:00,720,2586
0040,12:05,725,1983
0040,12:10,730,1983
0040,12:15,735,1983
0040,12:20,740,1983
0040,12:25,745,1983
0040,12:30,750,431
0040,12:35,755,431
0040,12:40,760,431
0040,12:45,765,431
0040,12:50,770,-800
0040,12:55,775,-800
0040,13:00,780,-800
0040,13:05,785,-1600
0040,13:10,790,-1600
0040,13:15,795,-1600
0040,13:20,800,-1600
0040,13:25,805,-3022
0040,13:30,810,-3022
0040,13:35,815,-3022
0040,13:40,820,-3022
0040,13:45,825,-3022
0040,13:50,830,-4622
0040,13:55,835,-4622
0040,14:00,840,-4622
0040,14:05,845,-4622
0040,14:10,850,-5956
0040,14:15,855,-5956
0040,14:20,860,-5956
0040,14:25,865,-5956
0040,14:30,870,-7733
0040,14:35,875,-7733
0040,14:40,880,-7733
0040,14:45,885,-9333
0040,14:50,890,-9333
0040,14:55,895,-9333
0040,15:00,900,-9333
0040,15:05,905,-9333
0040,15:10,910,-7289
0040,15:15,915,-7289
0040,15:20,920,-7289
0040,15:25,925,-7289
0040,15:30,930,-5689
0040,15:35,935,-5689
0040,15:40,940,-5689
0040,15:45,945,-7111
0040,15:50,950,-7111
0040,15:55,955,-7111
0040,16:00,960,-7111
0040,16:05,965,-7111
0040,16:10,970,-8089
0040,16:15,975,-8089
0040,16:20,980,-8089
0040,16:25,985,-8089
0040,16:30,990,-9333
0040,16:35,995,-9333
0040,16:40,1000,-9333
0040,16:45,1005,-9333
0040,16:50,1010,-9333
0040,16:55,1015,-9333
0040,17:00,1020,-9333
0040,17:05,1025,-9867
0040,17:10,1030,-9867
0040,17:15,1035,-9867
0040,17:20,1040,-9867
0040,17:25,1045,-9867
0040,17:30,1050,-7911
0040,17:35,1055,-7911
0040,17:40,1060,-7911
0040,17:45,1065,-7911
0040,17:50,1070,-5511
0040,17:55,1075,-5511
0040,18:00,1080,-5511
0040,18:05,1085,-5511
0040,18:10,1090,-5511
0040,18:15,1095,-5511
0040,18:20,1100,-5511
0040,18:25,1105,-4267
0040,18:30,1110,-4267
0040,18:35,1115,-4267
0040,18:40,1120,-4267
0040,18:45,1125,-4267
0040,18:50,1130,-4356
0040,18:55,1135,-4356
0040,19:00,1140,-4356
0040,19:05,1145,-4356
0040,19:10,1150,-5333
0040,19:15,1155,-5333
0040,19:20,1160,-5333
0040,19:25,1165,-5600
0040,19:30,1170,-5600
0040,19:35,1175,-5600
0040,19:40,1180,-5600
0040,19:45,1185,-5600
0040,19:50,1190,-5600
0040,19:55,1195,-5600
0040,20:00,1200,-5600
0040,20:05,1205,-5600
0040,20:10,1210,-5600
0040,20:15,1215,-5600
0040,20:20,1220,-5600
0040,20:25,1225,-5600
0040,20:30,1230,-5778
0040,20:35,1235,-5778
0040,20:40,1240,-5778
0040,20:45,1245,-6667
0040,20:50,1250,-6667
0040,20:55,1255,-6667
0040,21:00,1260,-6667
0040,21:05,1265,-6667
0040,21:10,1270,-4178
0040,21:15,1275,-4178
0040,21:20,1280,-4178
0040,21:25,1285,-4178
0040,21:30,1290,-89
0040,21:35,1295,-89
0040,21:40,1300,-89
0040,21:45,1305,-978
0040,21:50,1310,-978
0040,21:55,1315,-978
0040,22:00,1320,-978
0040,22:05,1325,2931
0040,22:10,1330,2931
0040,22:15,1335,2931
0040,22:20,1340,2931
0040,22:25,1345,2931
0040,22:30,1350,3793
0040,22:35,1355,3793
0040,22:40,1360,3793
0040,22:45,1365,3793
0040,22:50,1370,3793
0040,22:55,1375,3793
0040,23:00,1380,3793
0040,23:05,1385,3793
0040,23:10,1390,3793
0040,23:15,1395,3793
0040,23:16,1396,3793
0040,23:20,1400,3793
0041,09:00,540,0
0041,09:05,545,0
0041,09:10,550,0
0041,09:15,555,0
0041,09:20,560,0
0041,09:25,565,0
0041,09:30,570,0
0041,09:35,575,0
0041,09:40,580,0
0041,09:45,585,0
0041,09:50,590,0
0041,09:55,595,0
0041,10:00,600,0
0041,10:05,605,0
0041,10:10,610,0
0041,10:15,615,0
0041,10:20,620,0
0041,10:25,625,0
0041,10:30,630,0
0041,10:35,635,0
0041,10:40,640,0
0041,10:45,645,0
0041,10:50,650,0
0041,10:55,655,0
0041,11:00,660,-178
0041,11:05,665,-178
0041,11:10,670,-178
0041,11:15,675,-178
0041,11:20,680,-178
0041,11:25,685,-178
0041,11:30,690,-178
0041,11:35,695,-178
0041,11:40,700,-178
0041,11:45,705,-178
0041,11:50,710,-178
0041,11:55,715,-178
0041,12:00,720,-178
0041,12:05,725,-178
0041,12:10,730,-178
0041,12:15,735,-178
0041,12:20,740,-178
0041,12:25,745,-178
0041,12:30,750,-533
0041,12:35,755,-533
0041,12:40,760,-533
0041,12:45,765,-533
0041,12:50,770,-533
0041,12:55,775,-533
0041,13:00,780,-533
0041,13:05,785,-533
0041,13:10,790,-533
0041,13:15,795,-533
0041,13:20,800,-533
0041,13:25,805,-533
0041,13:30,810,-533
0041,13:35,815,-533
0041,13:40,820,-533
0041,13:45,825,-533
0041,13:50,830,-533
0041,13:55,835,-533
0041,14:00,840,-533
0041,14:05,845,-533
0041,14:10,850,-533
0041,14:15,855,-533
0041,14:20,860,-533
0041,14:25,865,-533
0041,14:30,870,-533
0041,14:35,875,-533
0041,14:40,880,-533
0041,14:45,885,-711
0041,14:50,890,-711
0041,14:55,895,-711
0041,15:00,900,-711
0041,15:05,905,-711
0041,15:10,910,-1244
0041,15:15,915,-1244
0041,15:20,920,-1244
0041,15:25,925,-1244
0041,15:30,930,345
0041,15:35,935,345
0041,15:40,940,345
0041,15:45,945,3276
0041,15:50,950,3276
0041,15:55,955,3276
0041,16:00,960,3276
0041,16:05,965,3276
0041,16:10,970,4483
0041,16:15,975,4483
0041,16:20,980,4483
0041,16:25,985,4483
0041,16:30,990,4655
0041,16:35,995,4655
0041,16:40,1000,4655
0041,16:45,1005,4655
0041,16:50,1010,8276
0041,16:55,1015,8276
0041,17:00,1020,8276
0041,17:05,1025,7759
0041,17:10,1030,7759
0041,17:15,1035,7759
0041,17:20,1040,7759
0041,17:25,1045,7759
0041,17:30,1050,8103
0041,17:35,1055,8103
0041,17:40,1060,8103
0041,17:45,1065,8103
0041,17:50,1070,6552
0041,17:55,1075,6552
0041,18:00,1080,6552
0041,18:05,1085,6552
0041,18:10,1090,6379
0041,18:15,1095,6379
0041,18:20,1100,6379
0041,18:25,1105,6034
0041,18:30,1110,6034
0041,18:35,1115,6034
0041,18:40,1120,6034
0041,18:45,1125,6034
0041,18:50,1130,11379
0041,18:55,1135,11379
0041,19:00,1140,11379
0041,19:05,1145,11379
0041,19:10,1150,11034
0041,19:15,1155,11034
0041,19:20,1160,11034
0041,19:25,1165,9655
0041,19:30,1170,9655
0041,19:35,1175,9655
0041,19:40,1180,9655
0041,19:45,1185,8448
0041,19:50,1190,8448
0041,19:55,1195,8448
0041,20:00,1200,8448
0041,20:05,1205,8448
0041,20:10,1210,7931
0041,20:15,1215,7931
0041,20:20,1220,7931
0041,20:25,1225,7931
0041,20:30,1230,7931
0041,20:35,1235,7931
0041,20:40,1240,7931
0041,20:45,1245,7931
0041,20:50,1250,7931
0041,20:55,1255,7931
0041,21:00,1260,7931
0041,21:05,1265,7931
0041,21:10,1270,7931
0041,21:15,1275,7931
0041,21:20,1280,7931
0041,21:25,1285,7931
0041,21:30,1290,7931
0041,21:35,1295,7931
0041,21:40,1300,7931
0041,21:45,1305,7931
0041,21:50,1310,7931
0041,21:55,1315,7931
0041,22:00,1320,7931
0041,22:05,1325,7931
0041,22:10,1330,7931
0041,22:15,1335,7931
0041,22:20,1340,7931
0041,22:25,1345,7931
0041,22:30,1350,7931
0041,22:35,1355,7931
0041,22:40,1360,7931
0041,22:45,1365,7931
0041,22:50,1370,7931
0041,22:55,1375,7931
0041,23:00,1380,7931
0041,23:05,1385,7931
0041,23:10,1390,7931
0041,23:15,1395,7931
0041,23:16,1396,7931
0041,23:20,1400,7931
0042,09:00,540,0
0042,09:05,545,0
0042,09:10,550,0
0042,09:15,555,0
0042,09:20,560,0
0042,09:25,565,0
0042,09:30,570,0
0042,09:35,575,0
0042,09:40,580,0
0042,09:45,585,0
0042,09:50,590,0
0042,09:55,595,0
0042,10:00,600,0
0042,10:05,605,0
0042,10:10,610,0
0042,10:15,615,0
0042,10:20,620,0
0042,10:25,625,-178
0042,10:30,630,-178
0042,10:35,635,-178
0042,10:40,640,-356
0042,10:45,645,-356
0042,10:50,650,-356
0042,10:55,655,-356
0042,11:00,660,-356
0042,11:05,665,-356
0042,11:10,670,-356
0042,11:15,675,-356
0042,11:20,680,-356
0042,11:25,685,-356
0042,11:30,690,-356
0042,11:35,695,-356
0042,11:40,700,-356
0042,11:45,705,-356
0042,11:50,710,-356
0042,11:55,715,-356
0042,12:00,720,-356
0042,12:05,725,-1067
0042,12:10,730,-1067
0042,12:15,735,-1067
0042,12:20,740,-1067
0042,12:25,745,-1067
0042,12:30,750,-2667
0042,12:35,755,-2667
0042,12:40,760,-2667
0042,12:45,765,-2667
0042,12:50,770,-3378
0042,12:55,775,-3378
0042,13:00,780,-3378
0042,13:05,785,-4444
0042,13:10,790,-4444
0042,13:15,795,-4444
0042,13:20,800,-4444
0042,13:25,805,-5689
0042,13:30,810,-5689
0042,13:35,815,-5689
0042,13:40,820,-5689
0042,13:45,825,-5689
0042,13:50,830,-7289
0042,13:55,835,-7289
0042,14:00,840,-7289
0042,14:05,845,-7289
0042,14:10,850,-8178
0042,14:15,855,-8178
0042,14:20,860,-8178
0042,14:25,865,-8178
0042,14:30,870,-8711
0042,14:35,875,-8711
0042,14:40,880,-8711
0042,14:45,885,-9600
0042,14:50,890,-9600
0042,14:55,895,-9600
0042,15:00,900,-9600
0042,15:05,905,-9600
0042,15:10,910,-10667
0042,15:15,915,-10667
0042,15:20,920,-10667
0042,15:25,925,-10667
0042,15:30,930,-12267
0042,15:35,935,-12267
0042,15:40,940,-12267
0042,15:45,945,-12622
0042,15:50,950,-12622
0042,15:55,955,-12622
0042,16:00,960,-12622
0042,16:05,965,-12622
0042,16:10,970,-12622
0042,16:15,975,-12622
0042,16:20,980,-12622
0042,16:25,985,-12622
0042,16:30,990,-12622
0042,16:35,995,-12622
0042,16:40,1000,-12622
0042,16:45,1005,-12622
0042,16:50,1010,-12622
0042,16:55,1015,-12622
0042,17:00,1020,-12622
0042,17:05,1025,-13689
0042,17:10,1030,-13689
0042,17:15,1035,-13689
0042,17:20,1040,-13689
0042,17:25,1045,-13689
0042,17:30,1050,-14756
0042,17:35,1055,-14756
0042,17:40,1060,-14756
0042,17:45,1065,-14756
0042,17:50,1070,-14756
0042,17:55,1075,-14756
0042,18:00,1080,-14756
0042,18:05,1085,-14756
0042,18:10,1090,-15111
0042,18:15,1095,-15111
0042,18:20,1100,-15111
0042,18:25,1105,-16533
0042,18:30,1110,-16533
0042,18:35,1115,-16533
0042,18:40,1120,-16533
0042,18:45,1125,-16533
0042,18:50,1130,-17600
0042,18:55,1135,-17600
0042,19:00,1140,-17600
0042,19:05,1145,-17600
0042,19:10,1150,-18311
0042,19:15,1155,-18311
0042,19:20,1160,-18311
0042,19:25,1165,-15644
0042,19:30,1170,-15644
0042,19:35,1175,-15644
0042,19:40,1180,-15644
0042,19:45,1185,-12800
0042,19:50,1190,-12800
0042,19:55,1195,-12800
0042,20:00,1200,-12800
0042,20:05,1205,-12800
0042,20:10,1210,-13333
0042,20:15,1215,-13333
0042,20:20,1220,-13333
0042,20:25,1225,-13333
0042,20:30,1230,-14933
0042,20:35,1235,-14933
0042,20:40,1240,-14933
0042,20:45,1245,-16178
0042,20:50,1250,-16178
0042,20:55,1255,-16178
0042,21:00,1260,-16178
0042,21:05,1265,-16178
0042,21:10,1270,-17422
0042,21:15,1275,-17422
0042,21:20,1280,-17422
0042,21:25,1285,-17422
0042,21:30,1290,-11911
0042,21:35,1295,-11911
0042,21:40,1300,-11911
0042,21:45,1305,-6578
0042,21:50,1310,-6578
0042,21:55,1315,-6578
0042,22:00,1320,-6578
0042,22:05,1325,-7467
0042,22:10,1330,-7467
0042,22:15,1335,-7467
0042,22:20,1340,-7467
0042,22:25,1345,-7467
0042,22:30,1350,-8356
0042,22:35,1355,-8356
0042,22:40,1360,-8356
0042,22:45,1365,-8356
0042,22:50,1370,-8356
0042,22:55,1375,-8356
0042,23:00,1380,-8356
0042,23:05,1385,-8356
0042,23:10,1390,-8356
0042,23:15,1395,-8356
0042,23:16,1396,-8356
0042,23:20,1400,-8356
0043,09:00,540,0
0043,09:05,545,0
0043,09:10,550,0
0043,09:15,555,0
0043,09:20,560,0
0043,09:25,565,0
0043,09:30,570,0
0043,09:35,575,0
0043,09:40,580,0
0043,09:45,585,0
0043,09:50,590,0
0043,09:55,595,0
0043,10:00,600,0
0043,10:05,605,0
0043,10:10,610,0
0043,10:15,615,0
0043,10:20,620,0
0043,10:25,625,0
0043,10:30,630,0
0043,10:35,635,0
0043,10:40,640,0
0043,10:45,645,0
0043,10:50,650,0
0043,10:55,655,0
0043,11:00,660,0
0043,11:05,665,0
0043,11:10,670,0
0043,11:15,675,0
0043,11:20,680,0
0043,11:25,685,0
0043,11:30,690,-356
0043,11:35,695,-356
0043,11:40,700,-356
0043,11:45,705,-1422
0043,11:50,710,-1422
0043,11:55,715,-1422
0043,12:00,720,-1422
0043,12:05,725,-1689
0043,12:10,730,-1689
0043,12:15,735,-1689
0043,12:20,740,-1689
0043,12:25,745,-1689
0043,12:30,750,-1689
0043,12:35,755,-1689
0043,12:40,760,-1689
0043,12:45,765,-1689
0043,12:50,770,-2311
0043,12:55,775,-2311
0043,13:00,780,-2311
0043,13:05,785,-3556
0043,13:10,790,-3556
0043,13:15,795,-3556
0043,13:20,800,-3556
0043,13:25,805,-1422
0043,13:30,810,-1422
0043,13:35,815,-1422
0043,13:40,820,-1422
0043,13:45,825,-1422
0043,13:50,830,-3022
0043,13:55,835,-3022
0043,14:00,840,-3022
0043,14:05,845,-3022
0043,14:10,850,-4267
0043,14:15,855,-4267
0043,14:20,860,-4267
0043,14:25,865,-4267
0043,14:30,870,-5778
0043,14:35,875,-5778
0043,14:40,880,-5778
0043,14:45,885,-7289
0043,14:50,890,-7289
0043,14:55,895,-7289
0043,15:00,900,-7289
0043,15:05,905,-7289
0043,15:10,910,-6667
0043,15:15,915,-6667
0043,15:20,920,-6667
0043,15:25,925,-6667
0043,15:30,930,-8089
0043,15:35,935,-8089
0043,15:40,940,-8089
0043,15:45,945,-9244
0043,15:50,950,-9244
0043,15:55,955,-9244
0043,16:00,960,-9244
0043,16:05,965,-9244
0043,16:10,970,-7289
0043,16:15,975,-7289
0043,16:20,980,-7289
0043,16:25,985,-7289
0043,16:30,990,-3022
0043,16:35,995,-3022
0043,16:40,1000,-3022
0043,16:45,1005,-3022
0043,16:50,1010,-4178
0043,16:55,1015,-4178
0043,17:00,1020,-4178
0043,17:05,1025,-3911
0043,17:10,1030,-3911
0043,17:15,1035,-3911
0043,17:20,1040,-3911
0043,17:25,1045,-3911
0043,17:30,1050,-3644
0043,17:35,1055,-3644
0043,17:40,1060,-3644
0043,17:45,1065,-3644
0043,17:50,1070,-89
0043,17:55,1075,-89
0043,18:00,1080,-89
0043,18:05,1085,-89
0043,18:10,1090,3966
0043,18:15,1095,3966
0043,18:20,1100,3966
0043,18:25,1105,3879
0043,18:30,1110,3879
0043,18:35,1115,3879
0043,18:40,1120,3879
0043,18:45,1125,3879
0043,18:50,1130,3879
0043,18:55,1135,3879
0043,19:00,1140,3879
0043,19:05,1145,3879
0043,19:10,1150,3879
0043,19:15,1155,3879
0043,19:20,1160,3879
0043,19:25,1165,3879
0043,19:30,1170,3879
0043,19:35,1175,3879
0043,19:40,1180,3879
0043,19:45,1185,3879
0043,19:50,1190,3879
0043,19:55,1195,3879
0043,20:00,1200,3879
0043,20:05,1205,3879
0043,20:10,1210,3879
0043,20:15,1215,3879
0043,20:20,1220,3879
0043,20:25,1225,3879
0043,20:30,1230,3879
0043,20:35,1235,3879
0043,20:40,1240,3879
0043,20:45,1245,3879
0043,20:50,1250,3879
0043,20:55,1255,3879
0043,21:00,1260,3879
0043,21:05,1265,3879
0043,21:10,1270,3879
0043,21:15,1275,3879
0043,21:20,1280,3879
0043,21:25,1285,3879
0043,21:30,1290,3879
0043,21:35,1295,3879
0043,21:40,1300,3879
0043,21:45,1305,3879
0043,21:50,1310,3879
0043,21:55,1315,3879
0043,22:00,1320,3879
0043,22:05,1325,3879
0043,22:10,1330,3879
0043,22:15,1335,3879
0043,22:20,1340,3879
0043,22:25,1345,3879
0043,22:30,1350,3879
0043,22:35,1355,3879
0043,22:40,1360,3879
0043,22:45,1365,3879
0043,22:50,1370,3879
0043,22:55,1375,3879
0043,23:00,1380,3879
0043,23:05,1385,3879
0043,23:10,1390,3879
0043,23:15,1395,3879
0043,23:16,1396,3879
0043,23:20,1400,3879
0044,09:00,540,0
0044,09:05,545,0
0044,09:10,550,0
0044,09:15,555,0
0044,09:20,560,0
0044,09:25,565,0
0044,09:30,570,0
0044,09:35,575,0
0044,09:40,580,0
0044,09:45,585,0
0044,09:50,590,0
0044,09:55,595,0
0044,10:00,600,0
0044,10:05,605,0
0044,10:10,610,0
0044,10:15,615,0
0044,10:20,620,0
0044,10:25,625,0
0044,10:30,630,0
0044,10:35,635,0
0044,10:40,640,-267
0044,10:45,645,-267
0044,10:50,650,-267
0044,10:55,655,-267
0044,11:00,660,-978
0044,11:05,665,-978
0044,11:10,670,-1511
0044,11:15,675,-1511
0044,11:20,680,-1511
0044,11:25,685,-1511
0044,11:30,690,-2133
0044,11:35,695,-2133
0044,11:40,700,-2133
0044,11:45,705,-2578
0044,11:50,710,-2578
0044,11:55,715,-2578
0044,12:00,720,-2578
0044,12:05,725,-2933
0044,12:10,730,-2933
0044,12:15,735,-2933
0044,12:20,740,-2933
0044,12:25,745,-2933
0044,12:30,750,-3200
0044,12:35,755,-3200
0044,12:40,760,-3200
0044,12:45,765,-3200
0044,12:50,770,-3200
0044,12:55,775,-3200
0044,13:00,780,-3200
0044,13:05,785,-3556
0044,13:10,790,-3556
0044,13:15,795,-3556
0044,13:20,800,-3556
0044,13:25,805,-3556
0044,13:30,810,-3556
0044,13:35,815,-3556
0044,13:40,820,-3556
0044,13:45,825,-3556
0044,13:50,830,-4533
0044,13:55,835,-4533
0044,14:00,840,-4533
0044,14:05,845,-4533
0044,14:10,850,-4800
0044,14:15,855,-4800
0044,14:20,860,-4800
0044,14:25,865,-4800
0044,14:30,870,-6489
0044,14:35,875,-6489
0044,14:40,880,-6489
0044,14:45,885,-7556
0044,14:50,890,-7556
0044,14:55,895,-7556
0044,15:00,900,-7556
0044,15:05,905,-7556
0044,15:10,910,-8711
0044,15:15,915,-8711
0044,15:20,920,-8711
0044,15:25,925,-8711
0044,15:30,930,-7467
0044,15:35,935,-7467
0044,15:40,940,-7467
0044,15:45,945,-1067
0044,15:50,950,-1067
0044,15:55,955,-1067
0044,16:00,960,-1067
0044,16:05,965,-1067
0044,16:10,970,1207
0044,16:15,975,1207
0044,16:20,980,1207
0044,16:25,985,1207
0044,16:30,990,-356
0044,16:35,995,-356
0044,16:40,1000,-356
0044,16:45,1005,-356
0044,16:50,1010,-1422
0044,16:55,1015,-1422
0044,17:00,1020,-1422
0044,17:05,1025,-1422
0044,17:10,1030,-1422
0044,17:15,1035,-1422
0044,17:20,1040,-1422
0044,17:25,1045,-1422
0044,17:30,1050,-711
0044,17:35,1055,-711
0044,17:40,1060,-711
0044,17:45,1065,-711
0044,17:50,1070,-1511
0044,17:55,1075,-1511
0044,18:00,1080,-1511
0044,18:05,1085,-1511
0044,18:10,1090,3793
0044,18:15,1095,3793
0044,18:20,1100,3793
0044,18:25,1105,5862
0044,18:30,1110,5862
0044,18:35,1115,5862
0044,18:40,1120,5862
0044,18:45,1125,5862
0044,18:50,1130,5259
0044,18:55,1135,5259
0044,19:00,1140,5259
0044,19:05,1145,5259
0044,19:10,1150,5086
0044,19:15,1155,5086
0044,19:20,1160,5086
0044,19:25,1165,4569
0044,19:30,1170,4569
0044,19:35,1175,4569
0044,19:40,1180,4569
0044,19:45,1185,4569
0044,19:50,1190,4569
0044,19:55,1195,4569
0044,20:00,1200,4569
0044,20:05,1205,4569
0044,20:10,1210,4569
0044,20:15,1215,4569
0044,20:20,1220,4569
0044,20:25,1225,4569
0044,20:30,1230,4569
0044,20:35,1235,4569
0044,20:40,1240,4569
0044,20:45,1245,4569
0044,20:50,1250,4569
0044,20:55,1255,4569
0044,21:00,1260,4569
0044,21:05,1265,4569
0044,21:10,1270,4569
0044,21:15,1275,4569
0044,21:20,1280,4569
0044,21:25,1285,4569
0044,21:30,1290,4569
0044,21:35,1295,4569
0044,21:40,1300,4569
0044,21:45,1305,4310
0044,21:50,1310,4310
0044,21:55,1315,4310
0044,22:00,1320,4310
0044,22:05,1325,4310
0044,22:10,1330,4310
0044,22:15,1335,4310
0044,22:20,1340,4310
0044,22:25,1345,4310
0044,22:30,1350,4310
0044,22:35,1355,4310
0044,22:40,1360,4310
0044,22:45,1365,4310
0044,22:50,1370,4310
0044,22:55,1375,4310
0044,23:00,1380,4310
0044,23:05,1385,4310
0044,23:10,1390,4310
0044,23:15,1395,4310
0044,23:16,1396,4310
0044,23:20,1400,4310
0045,09:00,540,0
0045,09:05,545,0
0045,09:10,550,0
0045,09:15,555,0
0045,09:20,560,0
0045,09:25,565,0
0045,09:30,570,0
0045,09:35,575,0
0045,09:40,580,0
0045,09:45,585,0
0045,09:50,590,0
0045,09:55,595,0
0045,10:00,600,0
0045,10:05,605,0
0045,10:10,610,0
0045,10:15,615,0
0045,10:20,620,0
0045,10:25,625,0
0045,10:30,630,0
0045,10:35,635,0
0045,10:40,640,0
0045,10:45,645,0
0045,10:50,650,0
0045,10:55,655,0
0045,11:00,660,0
0045,11:05,665,0
0045,11:10,670,0
0045,11:15,675,0
0045,11:20,680,0
0045,11:25,685,0
0045,11:30,690,0
0045,11:35,695,0
0045,11:40,700,0
0045,11:45,705,-533
0045,11:50,710,-533
0045,11:55,715,-533
0045,12:00,720,-533
0045,12:05,725,-533
0045,12:10,730,-533
0045,12:15,735,-533
0045,12:20,740,-533
0045,12:25,745,-533
0045,12:30,750,-1600
0045,12:35,755,-1600
0045,12:40,760,-1600
0045,12:45,765,-1600
0045,12:50,770,-3022
0045,12:55,775,-3022
0045,13:00,780,-3022
0045,13:05,785,-3556
0045,13:10,790,-3556
0045,13:15,795,-3556
0045,13:20,800,-3556
0045,13:25,805,-3556
0045,13:30,810,-3556
0045,13:35,815,-3556
0045,13:40,820,-3556
0045,13:45,825,-3556
0045,13:50,830,-4267
0045,13:55,835,-4267
0045,14:00,840,-4267
0045,14:05,845,-4267
0045,14:10,850,-3378
0045,14:15,855,-3378
0045,14:20,860,-3378
0045,14:25,865,-3378
0045,14:30,870,-3733
0045,14:35,875,-3733
0045,14:40,880,-3733
0045,14:45,885,-4978
0045,14:50,890,-4978
0045,14:55,895,-4978
0045,15:00,900,-4978
0045,15:05,905,-4978
0045,15:10,910,-6222
0045,15:15,915,-6222
0045,15:20,920,-6222
0045,15:25,925,-6222
0045,15:30,930,-7822
0045,15:35,935,-7822
0045,15:40,940,-7822
0045,15:45,945,-8533
0045,15:50,950,-8533
0045,15:55,955,-8533
0045,16:00,960,-8533
0045,16:05,965,-8533
0045,16:10,970,-9067
0045,16:15,975,-9067
0045,16:20,980,-9067
0045,16:25,985,-9067
0045,16:30,990,-9778
0045,16:35,995,-9778
0045,16:40,1000,-9778
0045,16:45,1005,-9778
0045,16:50,1010,-9778
0045,16:55,1015,-9778
0045,17:00,1020,-9778
0045,17:05,1025,-10311
0045,17:10,1030,-10311
0045,17:15,1035,-10311
0045,17:20,1040,-10311
0045,17:25,1045,-10311
0045,17:30,1050,-10844
0045,17:35,1055,-10844
0045,17:40,1060,-10844
0045,17:45,1065,-10844
0045,17:50,1070,-10844
0045,17:55,1075,-10844
0045,18:00,1080,-10844
0045,18:05,1085,-10844
0045,18:10,1090,-10844
0045,18:15,1095,-10844
0045,18:20,1100,-10844
0045,18:25,1105,-10844
0045,18:30,1110,-10844
0045,18:35,1115,-10844
0045,18:40,1120,-10844
0045,18:45,1125,-10844
0045,18:50,1130,-10844
0045,18:55,1135,-10844
0045,19:00,1140,-10844
0045,19:05,1145,-10844
0045,19:10,1150,-10844
0045,19:15,1155,-10844
0045,19:20,1160,-10844
0045,19:25,1165,-10489
0045,19:30,1170,-10489
0045,19:35,1175,-10489
0045,19:40,1180,-10489
0045,19:45,1185,-8889
0045,19:50,1190,-8889
0045,19:55,1195,-8889
0045,20:00,1200,-8889
0045,20:05,1205,-8889
0045,20:10,1210,-9244
0045,20:15,1215,-9244
0045,20:20,1220,-9244
0045,20:25,1225,-9244
0045,20:30,1230,-9244
0045,20:35,1235,-9244
0045,20:40,1240,-9244
0045,20:45,1245,-9244
0045,20:50,1250,-9244
0045,20:55,1255,-9244
0045,21:00,1260,-9244
0045,21:05,1265,-9244
0045,21:10,1270,-9244
0045,21:15,1275,-9244
0045,21:20,1280,-9244
0045,21:25,1285,-9244
0045,21:30,1290,-9244
0045,21:35,1295,-9244
0045,21:40,1300,-9244
0045,21:45,1305,-9244
0045,21:50,1310,-9244
0045,21:55,1315,-9244
0045,22:00,1320,-9244
0045,22:05,1325,-9244
0045,22:10,1330,-9244
0045,22:15,1335,-9244
0045,22:20,1340,-9244
0045,22:25,1345,-9244
0045,22:30,1350,-9244
0045,22:35,1355,-9244
0045,22:40,1360,-9244
0045,22:45,1365,-9244
0045,22:50,1370,-9244
0045,22:55,1375,-9244
0045,23:00,1380,-9244
0045,23:05,1385,-9244
0045,23:10,1390,-9244
0045,23:15,1395,-9244
0045,23:16,1396,-9244
0045,23:20,1400,-9244
0046,09:00,540,0
0046,09:05,545,0
0046,09:10,550,0
0046,09:15,555,0
0046,09:20,560,0
0046,09:25,565,0
0046,09:30,570,0
0046,09:35,575,0
0046,09:40,580,0
0046,09:45,585,0
0046,09:50,590,0
0046,09:55,595,0
0046,10:00,600,0
0046,10:05,605,0
0046,10:10,610,0
0046,10:15,615,0
0046,10:20,620,0
0046,10:25,625,0
0046,10:30,630,0
0046,10:35,635,0
0046,10:40,640,0
0046,10:45,645,0
0046,10:50,650,0
0046,10:55,655,0
0046,11:00,660,0
0046,11:05,665,0
0046,11:10,670,0
0046,11:15,675,0
0046,11:20,680,0
0046,11:25,685,0
0046,11:30,690,0
0046,11:35,695,0
0046,11:40,700,0
0046,11:45,705,0
0046,11:50,710,0
0046,11:55,715,0
0046,12:00,720,0
0046,12:05,725,0
0046,12:10,730,0
0046,12:15,735,0
0046,12:20,740,0
0046,12:25,745,0
0046,12:30,750,0
0046,12:35,755,0
0046,12:40,760,0
0046,12:45,765,0
0046,12:50,770,0
0046,12:55,775,0
0046,13:00,780,0
0046,13:05,785,0
0046,13:10,790,0
0046,13:15,795,0
0046,13:20,800,0
0046,13:25,805,-1067
0046,13:30,810,-1067
0046,13:35,815,-1067
0046,13:40,820,-1067
0046,13:45,825,-1067
0046,13:50,830,-1067
0046,13:55,835,-1067
0046,14:00,840,-1067
0046,14:05,845,-1067
0046,14:10,850,3103
0046,14:15,855,3103
0046,14:20,860,3103
0046,14:25,865,3103
0046,14:30,870,5345
0046,14:35,875,5345
0046,14:40,880,5345
0046,14:45,885,4310
0046,14:50,890,4310
0046,14:55,895,4310
0046,15:00,900,4310
0046,15:05,905,4310
0046,15:10,910,3103
0046,15:15,915,3103
0046,15:20,920,3103
0046,15:25,925,3103
0046,15:30,930,1379
0046,15:35,935,1379
0046,15:40,940,1379
0046,15:45,945,5862
0046,15:50,950,5862
0046,15:55,955,5862
0046,16:00,960,5862
0046,16:05,965,5862
0046,16:10,970,11724
0046,16:15,975,11724
0046,16:20,980,11724
0046,16:25,985,11724
0046,16:30,990,11034
0046,16:35,995,11034
0046,16:40,1000,11034
0046,16:45,1005,11034
0046,16:50,1010,10000
0046,16:55,1015,10000
0046,17:00,1020,10000
0046,17:05,1025,9828
0046,17:10,1030,9828
0046,17:15,1035,9828
0046,17:20,1040,9828
0046,17:25,1045,9828
0046,17:30,1050,9828
0046,17:35,1055,9828
0046,17:40,1060,9828
0046,17:45,1065,9828
0046,17:50,1070,9483
0046,17:55,1075,9483
0046,18:00,1080,9483
0046,18:05,1085,9483
0046,18:10,1090,8276
0046,18:15,1095,8276
0046,18:20,1100,8276
0046,18:25,1105,8793
0046,18:30,1110,8793
0046,18:35,1115,8793
0046,18:40,1120,8793
0046,18:45,1125,8793
0046,18:50,1130,8276
0046,18:55,1135,8276
0046,19:00,1140,8276
0046,19:05,1145,8276
0046,19:10,1150,8276
0046,19:15,1155,8276
0046,19:20,1160,8276
0046,19:25,1165,8276
0046,19:30,1170,8276
0046,19:35,1175,8276
0046,19:40,1180,8276
0046,19:45,1185,8276
0046,19:50,1190,8276
0046,19:55,1195,8276
0046,20:00,1200,8276
0046,20:05,1205,8276
0046,20:10,1210,8276
0046,20:15,1215,8276
0046,20:20,1220,8276
0046,20:25,1225,8276
0046,20:30,1230,8276
0046,20:35,1235,8276
0046,20:40,1240,8276
0046,20:45,1245,8276
0046,20:50,1250,8276
0046,20:55,1255,8276
0046,21:00,1260,8276
0046,21:05,1265,8276
0046,21:10,1270,8276
0046,21:15,1275,8276
0046,21:20,1280,8276
0046,21:25,1285,8276
0046,21:30,1290,8276
0046,21:35,1295,8276
0046,21:40,1300,8276
0046,21:45,1305,8276
0046,21:50,1310,8276
0046,21:55,1315,8276
0046,22:00,1320,8276
0046,22:05,1325,8276
0046,22:10,1330,8276
0046,22:15,1335,8276
0046,22:20,1340,8276
0046,22:25,1345,8276
0046,22:30,1350,8276
0046,22:35,1355,8276
0046,22:40,1360,8276
0046,22:45,1365,8276
0046,22:50,1370,8276
0046,22:55,1375,8276
0046,23:00,1380,8276
0046,23:05,1385,8276
0046,23:10,1390,8276
0046,23:15,1395,8276
0046,23:16,1396,8276
0046,23:20,1400,8276
0047,09:00,540,0
0047,09:05,545,0
0047,09:10,550,0
0047,09:15,555,0
0047,09:20,560,0
0047,09:25,565,0
0047,09:30,570,0
0047,09:35,575,0
0047,09:40,580,0
0047,09:45,585,0
0047,09:50,590,0
0047,09:55,595,0
0047,10:00,600,0
0047,10:05,605,0
0047,10:10,610,0
0047,10:15,615,0
0047,10:20,620,0
0047,10:25,625,0
0047,10:30,630,0
0047,10:35,635,0
0047,10:40,640,-533
0047,10:45,645,-533
0047,10:50,650,-533
0047,10:55,655,-533
0047,11:00,660,-1244
0047,11:05,665,-1244
0047,11:10,670,-1244
0047,11:15,675,-1244
0047,11:20,680,-1244
0047,11:25,685,-1244
0047,11:30,690,-1956
0047,11:35,695,-1956
0047,11:40,700,-1956
0047,11:45,705,-3378
0047,11:50,710,-3378
0047,11:55,715,-3378
0047,12:00,720,-3378
0047,12:05,725,-4622
0047,12:10,730,-4622
0047,12:15,735,-4622
0047,12:20,740,-4622
0047,12:25,745,-4622
0047,12:30,750,-4711
0047,12:35,755,-4711
0047,12:40,760,-4711
0047,12:45,765,-4711
0047,12:50,770,0
0047,12:55,775,0
0047,13:00,780,0
0047,13:05,785,1897
0047,13:10,790,1897
0047,13:15,795,1897
0047,13:20,800,1897
0047,13:25,805,3276
0047,13:30,810,3276
0047,13:35,815,3276
0047,13:40,820,3276
0047,13:45,825,3276
0047,13:50,830,1983
0047,13:55,835,1983
0047,14:00,840,1983
0047,14:05,845,1983
0047,14:10,850,1293
0047,14:15,855,1293
0047,14:20,860,1293
0047,14:25,865,1293
0047,14:30,870,-356
0047,14:35,875,-356
0047,14:40,880,-356
0047,14:45,885,-1333
0047,14:50,890,-1333
0047,14:55,895,-1333
0047,15:00,900,-1333
0047,15:05,905,-1333
0047,15:10,910,-2400
0047,15:15,915,-2400
0047,15:20,920,-2400
0047,15:25,925,-2400
0047,15:30,930,-3111
0047,15:35,935,-3111
0047,15:40,940,-3111
0047,15:45,945,-3911
0047,15:50,950,-3911
0047,15:55,955,-3911
0047,16:00,960,-3911
0047,16:05,965,-3911
0047,16:10,970,-3911
0047,16:15,975,-3911
0047,16:20,980,-3911
0047,16:25,985,-3911
0047,16:30,990,-4444
0047,16:35,995,-4444
0047,16:40,1000,-4444
0047,16:45,1005,-4444
0047,16:50,1010,776
0047,16:55,1015,776
0047,17:00,1020,776
0047,17:05,1025,690
0047,17:10,1030,690
0047,17:15,1035,690
0047,17:20,1040,690
0047,17:25,1045,690
0047,17:30,1050,690
0047,17:35,1055,690
0047,17:40,1060,690
0047,17:45,1065,690
0047,17:50,1070,690
0047,17:55,1075,690
0047,18:00,1080,690
0047,18:05,1085,690
0047,18:10,1090,690
0047,18:15,1095,690
0047,18:20,1100,690
0047,18:25,1105,690
0047,18:30,1110,690
0047,18:35,1115,690
0047,18:40,1120,690
0047,18:45,1125,690
0047,18:50,1130,-89
0047,18:55,1135,-89
0047,19:00,1140,-89
0047,19:05,1145,-89
0047,19:10,1150,-978
0047,19:15,1155,-978
0047,19:20,1160,-978
0047,19:25,1165,-2044
0047,19:30,1170,-2044
0047,19:35,1175,-2044
0047,19:40,1180,-2044
0047,19:45,1185,-2044
0047,19:50,1190,-2044
0047,19:55,1195,-2044
0047,20:00,1200,-2044
0047,20:05,1205,-2044
0047,20:10,1210,-2044
0047,20:15,1215,-2044
0047,20:20,1220,-2044
0047,20:25,1225,-2044
0047,20:30,1230,-2044
0047,20:35,1235,-2044
0047,20:40,1240,-2044
0047,20:45,1245,-3467
0047,20:50,1250,-3467
0047,20:55,1255,-3467
0047,21:00,1260,-3467
0047,21:05,1265,-3467
0047,21:10,1270,-2756
0047,21:15,1275,-2756
0047,21:20,1280,-2756
0047,21:25,1285,-2756
0047,21:30,1290,-3378
0047,21:35,1295,-3378
0047,21:40,1300,-3378
0047,21:45,1305,-3378
0047,21:50,1310,-3378
0047,21:55,1315,-3378
0047,22:00,1320,-3378
0047,22:05,1325,-3378
0047,22:10,1330,-3378
0047,22:15,1335,-3378
0047,22:20,1340,-3378
0047,22:25,1345,-3378
0047,22:30,1350,-3378
0047,22:35,1355,-3378
0047,22:40,1360,-3378
0047,22:45,1365,-3378
0047,22:50,1370,-3378
0047,22:55,1375,-3378
0047,23:00,1380,-3378
0047,23:05,1385,-3378
0047,23:10,1390,-3378
0047,23:15,1395,-3378
0047,23:16,1396,-3378
0047,23:20,1400,-3378
0048,09:00,540,0
0048,09:05,545,0
0048,09:10,550,0
0048,09:15,555,0
0048,09:20,560,0
0048,09:25,565,0
0048,09:30,570,0
0048,09:35,575,0
0048,09:40,580,0
0048,09:45,585,0
0048,09:50,590,0
0048,09:55,595,0
0048,10:00,600,0
0048,10:05,605,0
0048,10:10,610,-89
0048,10:15,615,-89
0048,10:20,620,-89
0048,10:25,625,-1067
0048,10:30,630,-1067
0048,10:35,635,-1067
0048,10:40,640,-622
0048,10:45,645,-622
0048,10:50,650,-622
0048,10:55,655,-622
0048,11:00,660,4741
0048,11:05,665,4741
0048,11:10,670,4397
0048,11:15,675,4397
0048,11:20,680,4397
0048,11:25,685,4397
0048,11:30,690,2672
0048,11:35,695,2672
0048,11:40,700,2672
0048,11:45,705,1121
0048,11:50,710,1121
0048,11:55,715,1121
0048,12:00,720,1121
0048,12:05,725,-178
0048,12:10,730,-178
0048,12:15,735,-178
0048,12:20,740,-178
0048,12:25,745,-178
0048,12:30,750,-1511
0048,12:35,755,-1511
0048,12:40,760,-1511
0048,12:45,765,-1511
0048,12:50,770,345
0048,12:55,775,345
0048,13:00,780,345
0048,13:05,785,-267
0048,13:10,790,-267
0048,13:15,795,-267
0048,13:20,800,-267
0048,13:25,805,-1156
0048,13:30,810,-1156
0048,13:35,815,-1156
0048,13:40,820,-1156
0048,13:45,825,-1156
0048,13:50,830,-711
0048,13:55,835,-711
0048,14:00,840,-711
0048,14:05,845,-711
0048,14:10,850,2672
0048,14:15,855,2672
0048,14:20,860,2672
0048,14:25,865,2672
0048,14:30,870,7069
0048,14:35,875,7069
0048,14:40,880,7069
0048,14:45,885,6810
0048,14:50,890,6810
0048,14:55,895,6810
0048,15:00,900,6810
0048,15:05,905,6810
0048,15:10,910,5862
0048,15:15,915,5862
0048,15:20,920,5862
0048,15:25,925,5862
0048,15:30,930,4483
0048,15:35,935,4483
0048,15:40,940,4483
0048,15:45,945,3017
0048,15:50,950,3017
0048,15:55,955,3017
0048,16:00,960,3017
0048,16:05,965,3017
0048,16:10,970,1724
0048,16:15,975,1724
0048,16:20,980,1724
0048,16:25,985,1724
0048,16:30,990,431
0048,16:35,995,431
0048,16:40,1000,431
0048,16:45,1005,431
0048,16:50,1010,-1067
0048,16:55,1015,-1067
0048,17:00,1020,-1067
0048,17:05,1025,-1422
0048,17:10,1030,-1422
0048,17:15,1035,-1422
0048,17:20,1040,-1422
0048,17:25,1045,-1422
0048,17:30,1050,-1422
0048,17:35,1055,-1422
0048,17:40,1060,-1422
0048,17:45,1065,-1422
0048,17:50,1070,-1422
0048,17:55,1075,-1422
0048,18:00,1080,-1422
0048,18:05,1085,-1422
0048,18:10,1090,-1422
0048,18:15,1095,-1422
0048,18:20,1100,-1422
0048,18:25,1105,-2667
0048,18:30,1110,-2667
0048,18:35,1115,-2667
0048,18:40,1120,-2667
0048,18:45,1125,-2667
0048,18:50,1130,-3733
0048,18:55,1135,-3733
0048,19:00,1140,-3733
0048,19:05,1145,-3733
0048,19:10,1150,86
0048,19:15,1155,86
0048,19:20,1160,86
0048,19:25,1165,-89
0048,19:30,1170,-89
0048,19:35,1175,-89
0048,19:40,1180,-89
0048,19:45,1185,-1600
0048,19:50,1190,-1600
0048,19:55,1195,-1600
0048,20:00,1200,-1600
0048,20:05,1205,-1600
0048,20:10,1210,-2133
0048,20:15,1215,-2133
0048,20:20,1220,-2133
0048,20:25,1225,-2133
0048,20:30,1230,-3644
0048,20:35,1235,-3644
0048,20:40,1240,-3644
0048,20:45,1245,-3022
0048,20:50,1250,-3022
0048,20:55,1255,-3022
0048,21:00,1260,-3022
0048,21:05,1265,-3022
0048,21:10,1270,-4089
0048,21:15,1275,-4089
0048,21:20,1280,-4089
0048,21:25,1285,-4089
0048,21:30,1290,-3022
0048,21:35,1295,-3022
0048,21:40,1300,-3022
0048,21:45,1305,86
0048,21:50,1310,86
0048,21:55,1315,86
0048,22:00,1320,86
0048,22:05,1325,2845
0048,22:10,1330,2845
0048,22:15,1335,2845
0048,22:20,1340,2845
0048,22:25,1345,2845
0048,22:30,1350,2672
0048,22:35,1355,2672
0048,22:40,1360,2672
0048,22:45,1365,2672
0048,22:50,1370,2672
0048,22:55,1375,2672
0048,23:00,1380,2672
0048,23:05,1385,2672
0048,23:10,1390,2672
0048,23:15,1395,2672
0048,23:16,1396,2672
0048,23:20,1400,2672
0049,09:00,540,0
0049,09:05,545,0
0049,09:10,550,0
0049,09:15,555,0
0049,09:20,560,0
0049,09:25,565,0
0049,09:30,570,0
0049,09:35,575,0
0049,09:40,580,0
0049,09:45,585,0
0049,09:50,590,0
0049,09:55,595,0
0049,10:00,600,0
0049,10:05,605,0
0049,10:10,610,0
0049,10:15,615,0
0049,10:20,620,0
0049,10:25,625,0
0049,10:30,630,0
0049,10:35,635,0
0049,10:40,640,0
0049,10:45,645,0
0049,10:50,650,0
0049,10:55,655,0
0049,11:00,660,0
0049,11:05,665,0
0049,11:10,670,0
0049,11:15,675,0
0049,11:20,680,0
0049,11:25,685,0
0049,11:30,690,-533
0049,11:35,695,-533
0049,11:40,700,-533
0049,11:45,705,-533
0049,11:50,710,-533
0049,11:55,715,-533
0049,12:00,720,-533
0049,12:05,725,-533
0049,12:10,730,-533
0049,12:15,735,-533
0049,12:20,740,-533
0049,12:25,745,-533
0049,12:30,750,-711
0049,12:35,755,-711
0049,12:40,760,-711
0049,12:45,765,-711
0049,12:50,770,-1333
0049,12:55,775,-1333
0049,13:00,780,-1333
0049,13:05,785,-1333
0049,13:10,790,-1333
0049,13:15,795,-1333
0049,13:20,800,-1333
0049,13:25,805,-2222
0049,13:30,810,-2222
0049,13:35,815,-2222
0049,13:40,820,-2222
0049,13:45,825,-2222
0049,13:50,830,-3022
0049,13:55,835,-3022
0049,14:00,840,-3022
0049,14:05,845,-3022
0049,14:10,850,-533
0049,14:15,855,-533
0049,14:20,860,-533
0049,14:25,865,-533
0049,14:30,870,-1511
0049,14:35,875,-1511
0049,14:40,880,-1511
0049,14:45,885,-2578
0049,14:50,890,-2578
0049,14:55,895,-2578
0049,15:00,900,-2578
0049,15:05,905,-2578
0049,15:10,910,-3200
0049,15:15,915,-3200
0049,15:20,920,-3200
0049,15:25,925,-3200
0049,15:30,930,-2756
0049,15:35,935,-2756
0049,15:40,940,-2756
0049,15:45,945,2845
0049,15:50,950,2845
0049,15:55,955,2845
0049,16:00,960,2845
0049,16:05,965,2845
0049,16:10,970,1552
0049,16:15,975,1552
0049,16:20,980,1552
0049,16:25,985,1552
0049,16:30,990,1034
0049,16:35,995,1034
0049,16:40,1000,1034
0049,16:45,1005,1034
0049,16:50,1010,517
0049,16:55,1015,517
0049,17:00,1020,517
0049,17:05,1025,-622
0049,17:10,1030,-622
0049,17:15,1035,-622
0049,17:20,1040,-622
0049,17:25,1045,-622
0049,17:30,1050,-1600
0049,17:35,1055,-1600
0049,17:40,1060,-1600
0049,17:45,1065,-1600
0049,17:50,1070,-1867
0049,17:55,1075,-1867
0049,18:00,1080,-1867
0049,18:05,1085,-1867
0049,18:10,1090,172
0049,18:15,1095,172
0049,18:20,1100,172
0049,18:25,1105,2241
0049,18:30,1110,2241
0049,18:35,1115,2241
0049,18:40,1120,2241
0049,18:45,1125,2241
0049,18:50,1130,2328
0049,18:55,1135,2328
0049,19:00,1140,2328
0049,19:05,1145,2328
0049,19:10,1150,4741
0049,19:15,1155,4741
0049,19:20,1160,4741
0049,19:25,1165,3190
0049,19:30,1170,3190
0049,19:35,1175,3190
0049,19:40,1180,3190
0049,19:45,1185,3190
0049,19:50,1190,3190
0049,19:55,1195,3190
0049,20:00,1200,3190
0049,20:05,1205,3190
0049,20:10,1210,2586
0049,20:15,1215,2586
0049,20:20,1220,2586
0049,20:25,1225,2586
0049,20:30,1230,2586
0049,20:35,1235,2586
0049,20:40,1240,2586
0049,20:45,1245,2328
0049,20:50,1250,2328
0049,20:55,1255,2328
0049,21:00,1260,2328
0049,21:05,1265,2328
0049,21:10,1270,2328
0049,21:15,1275,2328
0049,21:20,1280,2328
0049,21:25,1285,2328
0049,21:30,1290,2328
0049,21:35,1295,2328
0049,21:40,1300,2328
0049,21:45,1305,2328
0049,21:50,1310,2328
0049,21:55,1315,2328
0049,22:00,1320,2328
0049,22:05,1325,2328
0049,22:10,1330,2328
0049,22:15,1335,2328
0049,22:20,1340,2328
0049,22:25,1345,2328
0049,22:30,1350,2328
0049,22:35,1355,2328
0049,22:40,1360,2328
0049,22:45,1365,2328
0049,22:50,1370,2328
0049,22:55,1375,2328
0049,23:00,1380,2328
0049,23:05,1385,2328
0049,23:10,1390,2328
0049,23:15,1395,2328
0049,23:16,1396,2328
0049,23:20,1400,2328
0050,09:00,540,0
0050,09:05,545,0
0050,09:10,550,0
0050,09:15,555,0
0050,09:20,560,0
0050,09:25,565,0
0050,09:30,570,0
0050,09:35,575,0
0050,09:40,580,0
0050,09:45,585,0
0050,09:50,590,0
0050,09:55,595,0
0050,10:00,600,0
0050,10:05,605,0
0050,10:10,610,0
0050,10:15,615,0
0050,10:20,620,0
0050,10:25,625,0
0050,10:30,630,0
0050,10:35,635,0
0050,10:40,640,0
0050,10:45,645,0
0050,10:50,650,0
0050,10:55,655,0
0050,11:00,660,-766
0050,11:05,665,-766
0050,11:10,670,-1021
0050,11:15,675,-1021
0050,11:20,680,-1021
0050,11:25,685,-1021
0050,11:30,690,-2043
0050,11:35,695,-2043
0050,11:40,700,-2043
0050,11:45,705,-3574
0050,11:50,710,-3574
0050,11:55,715,-3574
0050,12:00,720,-3574
0050,12:05,725,-4596
0050,12:10,730,-4596
0050,12:15,735,-4596
0050,12:20,740,-4596
0050,12:25,745,-4596
0050,12:30,750,-5872
0050,12:35,755,-5872
0050,12:40,760,-5872
0050,12:45,765,-5872
0050,12:50,770,-7404
0050,12:55,775,-7404
0050,13:00,780,-7404
0050,13:05,785,-7915
0050,13:10,790,-7915
0050,13:15,795,-7915
0050,13:20,800,-7915
0050,13:25,805,-9957
0050,13:30,810,-9957
0050,13:35,815,-9957
0050,13:40,820,-9957
0050,13:45,825,-9957
0050,13:50,830,-10723
0050,13:55,835,-10723
0050,14:00,840,-10723
0050,14:05,845,-10723
0050,14:10,850,-12255
0050,14:15,855,-12255
0050,14:20,860,-12255
0050,14:25,865,-12255
0050,14:30,870,-13277
0050,14:35,875,-13277
0050,14:40,880,-13277
0050,14:45,885,-14809
0050,14:50,890,-14809
0050,14:55,895,-14809
0050,15:00,900,-14809
0050,15:05,905,-14809
0050,15:10,910,-13787
0050,15:15,915,-13787
0050,15:20,920,-13787
0050,15:25,925,-13787
0050,15:30,930,-15319
0050,15:35,935,-15319
0050,15:40,940,-15319
0050,15:45,945,-16851
0050,15:50,950,-16851
0050,15:55,955,-16851
0050,16:00,960,-16851
0050,16:05,965,-16851
0050,16:10,970,-18383
0050,16:15,975,-18383
0050,16:20,980,-18383
0050,16:25,985,-18383
0050,16:30,990,-19660
0050,16:35,995,-19660
0050,16:40,1000,-19660
0050,16:45,1005,-19660
0050,16:50,1010,-19915
0050,16:55,1015,-19915
0050,17:00,1020,-19915
0050,17:05,1025,-20170
0050,17:10,1030,-20170
0050,17:15,1035,-20170
0050,17:20,1040,-20170
0050,17:25,1045,-20170
0050,17:30,1050,-20426
0050,17:35,1055,-20426
0050,17:40,1060,-20426
0050,17:45,1065,-20426
0050,17:50,1070,-20426
0050,17:55,1075,-20426
0050,18:00,1080,-20426
0050,18:05,1085,-20426
0050,18:10,1090,-20426
0050,18:15,1095,-20426
0050,18:20,1100,-20426
0050,18:25,1105,-20426
0050,18:30,1110,-20426
0050,18:35,1115,-20426
0050,18:40,1120,-20426
0050,18:45,1125,-20426
0050,18:50,1130,-20681
0050,18:55,1135,-20681
0050,19:00,1140,-20681
0050,19:05,1145,-20681
0050,19:10,1150,-20936
0050,19:15,1155,-20936
0050,19:20,1160,-20936
0050,19:25,1165,-22213
0050,19:30,1170,-22213
0050,19:35,1175,-22213
0050,19:40,1180,-22213
0050,19:45,1185,-22723
0050,19:50,1190,-22723
0050,19:55,1195,-22723
0050,20:00,1200,-22723
0050,20:05,1205,-22723
0050,20:10,1210,-23489
0050,20:15,1215,-23489
0050,20:20,1220,-23489
0050,20:25,1225,-23489
0050,20:30,1230,-24000
0050,20:35,1235,-24000
0050,20:40,1240,-24000
0050,20:45,1245,-24766
0050,20:50,1250,-24766
0050,20:55,1255,-24766
0050,21:00,1260,-24766
0050,21:05,1265,-24766
0050,21:10,1270,-24766
0050,21:15,1275,-24766
0050,21:20,1280,-24766
0050,21:25,1285,-24766
0050,21:30,1290,-25277
0050,21:35,1295,-25277
0050,21:40,1300,-25277
0050,21:45,1305,-24766
0050,21:50,1310,-24766
0050,21:55,1315,-24766
0050,22:00,1320,-24766
0050,22:05,1325,-24766
0050,22:10,1330,-24766
0050,22:15,1335,-24766
0050,22:20,1340,-24766
0050,22:25,1345,-24766
0050,22:30,1350,-24766
0050,22:35,1355,-24766
0050,22:40,1360,-24766
0050,22:45,1365,-24766
0050,22:50,1370,-24766
0050,22:55,1375,-24766
0050,23:00,1380,-24766
0050,23:05,1385,-24766
0050,23:10,1390,-24766
0050,23:15,1395,-24766
0050,23:16,1396,-24766
0050,23:20,1400,-24766
0051,09:00,540,0
0051,09:05,545,0
0051,09:10,550,0
0051,09:15,555,0
0051,09:20,560,0
0051,09:25,565,0
0051,09:30,570,0
0051,09:35,575,0
0051,09:40,580,0
0051,09:45,585,0
0051,09:50,590,0
0051,09:55,595,0
0051,10:00,600,0
0051,10:05,605,0
0051,10:10,610,-178
0051,10:15,615,-178
0051,10:20,620,-178
0051,10:25,625,-1244
0051,10:30,630,-1244
0051,10:35,635,-1244
0051,10:40,640,-2133
0051,10:45,645,-2133
0051,10:50,650,-2133
0051,10:55,655,-2133
0051,11:00,660,-3200
0051,11:05,665,-3200
0051,11:10,670,-3733
0051,11:15,675,-3733
0051,11:20,680,-3733
0051,11:25,685,-3733
0051,11:30,690,-4800
0051,11:35,695,-4800
0051,11:40,700,-4800
0051,11:45,705,-5689
0051,11:50,710,-5689
0051,11:55,715,-5689
0051,12:00,720,-5689
0051,12:05,725,-6933
0051,12:10,730,-6933
0051,12:15,735,-6933
0051,12:20,740,-6933
0051,12:25,745,-6933
0051,12:30,750,-8533
0051,12:35,755,-8533
0051,12:40,760,-8533
0051,12:45,765,-8533
0051,12:50,770,-9956
0051,12:55,775,-9956
0051,13:00,780,-9956
0051,13:05,785,-11022
0051,13:10,790,-11022
0051,13:15,795,-11022
0051,13:20,800,-11022
0051,13:25,805,-12267
0051,13:30,810,-12267
0051,13:35,815,-12267
0051,13:40,820,-12267
0051,13:45,825,-12267
0051,13:50,830,-13689
0051,13:55,835,-13689
0051,14:00,840,-13689
0051,14:05,845,-13689
0051,14:10,850,-14222
0051,14:15,855,-14222
0051,14:20,860,-14222
0051,14:25,865,-14222
0051,14:30,870,-15289
0051,14:35,875,-15289
0051,14:40,880,-15289
0051,14:45,885,-16178
0051,14:50,890,-16178
0051,14:55,895,-16178
0051,15:00,900,-16178
0051,15:05,905,-16178
0051,15:10,910,-16889
0051,15:15,915,-16889
0051,15:20,920,-16889
0051,15:25,925,-16889
0051,15:30,930,-17244
0051,15:35,935,-17244
0051,15:40,940,-17244
0051,15:45,945,-18311
0051,15:50,950,-18311
0051,15:55,955,-18311
0051,16:00,960,-18311
0051,16:05,965,-18311
0051,16:10,970,-16178
0051,16:15,975,-16178
0051,16:20,980,-16178
0051,16:25,985,-16178
0051,16:30,990,-14222
0051,16:35,995,-14222
0051,16:40,1000,-14222
0051,16:45,1005,-14222
0051,16:50,1010,-15644
0051,16:55,1015,-15644
0051,17:00,1020,-15644
0051,17:05,1025,-16000
0051,17:10,1030,-16000
0051,17:15,1035,-16000
0051,17:20,1040,-16000
0051,17:25,1045,-16000
0051,17:30,1050,-17067
0051,17:35,1055,-17067
0051,17:40,1060,-17067
0051,17:45,1065,-17067
0051,17:50,1070,-9956
0051,17:55,1075,-9956
0051,18:00,1080,-9956
0051,18:05,1085,-9956
0051,18:10,1090,-6044
0051,18:15,1095,-6044
0051,18:20,1100,-6044
0051,18:25,1105,-2133
0051,18:30,1110,-2133
0051,18:35,1115,-2133
0051,18:40,1120,-2133
0051,18:45,1125,-2133
0051,18:50,1130,-3200
0051,18:55,1135,-3200
0051,19:00,1140,-3200
0051,19:05,1145,-3200
0051,19:10,1150,-3911
0051,19:15,1155,-3911
0051,19:20,1160,-3911
0051,19:25,1165,-4622
0051,19:30,1170,-4622
0051,19:35,1175,-4622
0051,19:40,1180,-4622
0051,19:45,1185,-4622
0051,19:50,1190,-4622
0051,19:55,1195,-4622
0051,20:00,1200,-4622
0051,20:05,1205,-4622
0051,20:10,1210,-4622
0051,20:15,1215,-4622
0051,20:20,1220,-4622
0051,20:25,1225,-4622
0051,20:30,1230,-5333
0051,20:35,1235,-5333
0051,20:40,1240,-5333
0051,20:45,1245,-1422
0051,20:50,1250,-1422
0051,20:55,1255,-1422
0051,21:00,1260,-1422
0051,21:05,1265,-1422
0051,21:10,1270,2759
0051,21:15,1275,2759
0051,21:20,1280,2759
0051,21:25,1285,2759
0051,21:30,1290,3276
0051,21:35,1295,3276
0051,21:40,1300,3276
0051,21:45,1305,3276
0051,21:50,1310,3276
0051,21:55,1315,3276
0051,22:00,1320,3276
0051,22:05,1325,3276
0051,22:10,1330,3276
0051,22:15,1335,3276
0051,22:20,1340,3276
0051,22:25,1345,3276
0051,22:30,1350,3276
0051,22:35,1355,3276
0051,22:40,1360,3276
0051,22:45,1365,3276
0051,22:50,1370,3276
0051,22:55,1375,3276
0051,23:00,1380,3276
0051,23:05,1385,3276
0051,23:10,1390,3276
0051,23:15,1395,3276
0051,23:16,1396,3276
0051,23:20,1400,3276
0052,09:00,540,0
0052,09:05,545,0
0052,09:10,550,0
0052,09:15,555,0
0052,09:20,560,0
0052,09:25,565,0
0052,09:30,570,0
0052,09:35,575,0
0052,09:40,580,0
0052,09:45,585,0
0052,09:50,590,0
0052,09:55,595,0
0052,10:00,600,0
0052,10:05,605,0
0052,10:10,610,0
0052,10:15,615,0
0052,10:20,620,0
0052,10:25,625,0
0052,10:30,630,0
0052,10:35,635,0
0052,10:40,640,0
0052,10:45,645,0
0052,10:50,650,0
0052,10:55,655,0
0052,11:00,660,0
0052,11:05,665,0
0052,11:10,670,-356
0052,11:15,675,-356
0052,11:20,680,-356
0052,11:25,685,-356
0052,11:30,690,-356
0052,11:35,695,-356
0052,11:40,700,-356
0052,11:45,705,-711
0052,11:50,710,-711
0052,11:55,715,-711
0052,12:00,720,-711
0052,12:05,725,-1067
0052,12:10,730,-1067
0052,12:15,735,-1067
0052,12:20,740,-1067
0052,12:25,745,-1067
0052,12:30,750,-1956
0052,12:35,755,-1956
0052,12:40,760,-1956
0052,12:45,765,-1956
0052,12:50,770,-2489
0052,12:55,775,-2489
0052,13:00,780,-2489
0052,13:05,785,-3556
0052,13:10,790,-3556
0052,13:15,795,-3556
0052,13:20,800,-3556
0052,13:25,805,-4978
0052,13:30,810,-4978
0052,13:35,815,-4978
0052,13:40,820,-4978
0052,13:45,825,-4978
0052,13:50,830,-6222
0052,13:55,835,-6222
0052,14:00,840,-6222
0052,14:05,845,-6222
0052,14:10,850,-7289
0052,14:15,855,-7289
0052,14:20,860,-7289
0052,14:25,865,-7289
0052,14:30,870,-8711
0052,14:35,875,-8711
0052,14:40,880,-8711
0052,14:45,885,-9244
0052,14:50,890,-9244
0052,14:55,895,-9244
0052,15:00,900,-9244
0052,15:05,905,-9244
0052,15:10,910,-9778
0052,15:15,915,-9778
0052,15:20,920,-9778
0052,15:25,925,-9778
0052,15:30,930,-10489
0052,15:35,935,-10489
0052,15:40,940,-10489
0052,15:45,945,-10311
0052,15:50,950,-10311
0052,15:55,955,-10311
0052,16:00,960,-10311
0052,16:05,965,-10311
0052,16:10,970,-4444
0052,16:15,975,-4444
0052,16:20,980,-4444
0052,16:25,985,-4444
0052,16:30,990,-2844
0052,16:35,995,-2844
0052,16:40,1000,-2844
0052,16:45,1005,-2844
0052,16:50,1010,3966
0052,16:55,1015,3966
0052,17:00,1020,3966
0052,17:05,1025,3103
0052,17:10,1030,3103
0052,17:15,1035,3103
0052,17:20,1040,3103
0052,17:25,1045,3103
0052,17:30,1050,2414
0052,17:35,1055,2414
0052,17:40,1060,2414
0052,17:45,1065,2414
0052,17:50,1070,2414
0052,17:55,1075,2414
0052,18:00,1080,2414
0052,18:05,1085,2414
0052,18:10,1090,2414
0052,18:15,1095,2414
0052,18:20,1100,2414
0052,18:25,1105,2414
0052,18:30,1110,2414
0052,18:35,1115,2414
0052,18:40,1120,2414
0052,18:45,1125,2414
0052,18:50,1130,1724
0052,18:55,1135,1724
0052,19:00,1140,1724
0052,19:05,1145,1724
0052,19:10,1150,862
0052,19:15,1155,862
0052,19:20,1160,862
0052,19:25,1165,345
0052,19:30,1170,345
0052,19:35,1175,345
0052,19:40,1180,345
0052,19:45,1185,0
0052,19:50,1190,0
0052,19:55,1195,0
0052,20:00,1200,0
0052,20:05,1205,0
0052,20:10,1210,-178
0052,20:15,1215,-178
0052,20:20,1220,-178
0052,20:25,1225,-178
0052,20:30,1230,-178
0052,20:35,1235,-178
0052,20:40,1240,-178
0052,20:45,1245,-178
0052,20:50,1250,-178
0052,20:55,1255,-178
0052,21:00,1260,-178
0052,21:05,1265,-178
0052,21:10,1270,-178
0052,21:15,1275,-178
0052,21:20,1280,-178
0052,21:25,1285,-178
0052,21:30,1290,-178
0052,21:35,1295,-178
0052,21:40,1300,-178
0052,21:45,1305,-178
0052,21:50,1310,-178
0052,21:55,1315,-178
0052,22:00,1320,-178
0052,22:05,1325,-178
0052,22:10,1330,-178
0052,22:15,1335,-178
0052,22:20,1340,-178
0052,22:25,1345,-178
0052,22:30,1350,-178
0052,22:35,1355,-178
0052,22:40,1360,-178
0052,22:45,1365,-178
0052,22:50,1370,-178
0052,22:55,1375,-178
0052,23:00,1380,-178
0052,23:05,1385,-178
0052,23:10,1390,-178
0052,23:15,1395,-178
0052,23:16,1396,-178
0052,23:20,1400,-178
0053,09:00,540,0
0053,09:05,545,0
0053,09:10,550,0
0053,09:15,555,0
0053,09:20,560,0
0053,09:25,565,0
0053,09:30,570,0
0053,09:35,575,0
0053,09:40,580,0
0053,09:45,585,0
0053,09:50,590,0
0053,09:55,595,0
0053,10:00,600,0
0053,10:05,605,0
0053,10:10,610,0
0053,10:15,615,0
0053,10:20,620,0
0053,10:25,625,0
0053,10:30,630,0
0053,10:35,635,0
0053,10:40,640,0
0053,10:45,645,0
0053,10:50,650,0
0053,10:55,655,0
0053,11:00,660,0
0053,11:05,665,0
0053,11:10,670,0
0053,11:15,675,0
0053,11:20,680,0
0053,11:25,685,0
0053,11:30,690,0
0053,11:35,695,0
0053,11:40,700,0
0053,11:45,705,0
0053,11:50,710,0
0053,11:55,715,0
0053,12:00,720,0
0053,12:05,725,0
0053,12:10,730,0
0053,12:15,735,0
0053,12:20,740,0
0053,12:25,745,0
0053,12:30,750,0
0053,12:35,755,0
0053,12:40,760,0
0053,12:45,765,0
0053,12:50,770,-533
0053,12:55,775,-533
0053,13:00,780,-533
0053,13:05,785,-1778
0053,13:10,790,-1778
0053,13:15,795,-1778
0053,13:20,800,-1778
0053,13:25,805,0
0053,13:30,810,0
0053,13:35,815,0
0053,13:40,820,0
0053,13:45,825,0
0053,13:50,830,-178
0053,13:55,835,-178
0053,14:00,840,-178
0053,14:05,845,-178
0053,14:10,850,-178
0053,14:15,855,-178
0053,14:20,860,-178
0053,14:25,865,-178
0053,14:30,870,0
0053,14:35,875,0
0053,14:40,880,0
0053,14:45,885,-1067
0053,14:50,890,-1067
0053,14:55,895,-1067
0053,15:00,900,-1067
0053,15:05,905,-1067
0053,15:10,910,-1778
0053,15:15,915,-1778
0053,15:20,920,-1778
0053,15:25,925,-1778
0053,15:30,930,-3556
0053,15:35,935,-3556
0053,15:40,940,-3556
0053,15:45,945,-4978
0053,15:50,950,-4978
0053,15:55,955,-4978
0053,16:00,960,-4978
0053,16:05,965,-4978
0053,16:10,970,-6222
0053,16:15,975,-6222
0053,16:20,980,-6222
0053,16:25,985,-6222
0053,16:30,990,-7644
0053,16:35,995,-7644
0053,16:40,1000,-7644
0053,16:45,1005,-7644
0053,16:50,1010,-8889
0053,16:55,1015,-8889
0053,17:00,1020,-8889
0053,17:05,1025,-9778
0053,17:10,1030,-9778
0053,17:15,1035,-9778
0053,17:20,1040,-9778
0053,17:25,1045,-9778
0053,17:30,1050,-9956
0053,17:35,1055,-9956
0053,17:40,1060,-9956
0053,17:45,1065,-9956
0053,17:50,1070,-9956
0053,17:55,1075,-9956
0053,18:00,1080,-9956
0053,18:05,1085,-9956
0053,18:10,1090,-9956
0053,18:15,1095,-9956
0053,18:20,1100,-9956
0053,18:25,1105,-9956
0053,18:30,1110,-9956
0053,18:35,1115,-9956
0053,18:40,1120,-9956
0053,18:45,1125,-9956
0053,18:50,1130,-9956
0053,18:55,1135,-9956
0053,19:00,1140,-9956
0053,19:05,1145,-9956
0053,19:10,1150,-9956
0053,19:15,1155,-9956
0053,19:20,1160,-9956
0053,19:25,1165,-9956
0053,19:30,1170,-9956
0053,19:35,1175,-9956
0053,19:40,1180,-9956
0053,19:45,1185,-10844
0053,19:50,1190,-10844
0053,19:55,1195,-10844
0053,20:00,1200,-10844
0053,20:05,1205,-10844
0053,20:10,1210,-11022
0053,20:15,1215,-11022
0053,20:20,1220,-11022
0053,20:25,1225,-11022
0053,20:30,1230,-4267
0053,20:35,1235,-4267
0053,20:40,1240,-4267
0053,20:45,1245,-2844
0053,20:50,1250,-2844
0053,20:55,1255,-2844
0053,21:00,1260,-2844
0053,21:05,1265,-2844
0053,21:10,1270,-3911
0053,21:15,1275,-3911
0053,21:20,1280,-3911
0053,21:25,1285,-3911
0053,21:30,1290,2759
0053,21:35,1295,2759
0053,21:40,1300,2759
0053,21:45,1305,6724
0053,21:50,1310,6724
0053,21:55,1315,6724
0053,22:00,1320,6724
0053,22:05,1325,6724
0053,22:10,1330,6724
0053,22:15,1335,6724
0053,22:20,1340,6724
0053,22:25,1345,6724
0053,22:30,1350,6724
0053,22:35,1355,6724
0053,22:40,1360,6724
0053,22:45,1365,6724
0053,22:50,1370,6724
0053,22:55,1375,6724
0053,23:00,1380,6724
0053,23:05,1385,6724
0053,23:10,1390,6724
0053,23:15,1395,6724
0053,23:16,1396,6724
0053,23:20,1400,6724
0054,09:00,540,0
0054,09:05,545,0
0054,09:10,550,0
0054,09:15,555,0
0054,09:20,560,0
0054,09:25,565,0
0054,09:30,570,0
0054,09:35,575,0
0054,09:40,580,0
0054,09:45,585,0
0054,09:50,590,0
0054,09:55,595,0
0054,10:00,600,0
0054,10:05,605,0
0054,10:10,610,0
0054,10:15,615,0
0054,10:20,620,0
0054,10:25,625,-1067
0054,10:30,630,-1067
0054,10:35,635,-1067
0054,10:40,640,-1956
0054,10:45,645,-1956
0054,10:50,650,-1956
0054,10:55,655,-1956
0054,11:00,660,-2667
0054,11:05,665,-2667
0054,11:10,670,-3200
0054,11:15,675,-3200
0054,11:20,680,-3200
0054,11:25,685,-3200
0054,11:30,690,-4444
0054,11:35,695,-4444
0054,11:40,700,-4444
0054,11:45,705,-5333
0054,11:50,710,-5333
0054,11:55,715,-5333
0054,12:00,720,-5333
0054,12:05,725,-6222
0054,12:10,730,-6222
0054,12:15,735,-6222
0054,12:20,740,-6222
0054,12:25,745,-6222
0054,12:30,750,-5511
0054,12:35,755,-5511
0054,12:40,760,-5511
0054,12:45,765,-5511
0054,12:50,770,-6400
0054,12:55,775,-6400
0054,13:00,780,-6400
0054,13:05,785,-6933
0054,13:10,790,-6933
0054,13:15,795,-6933
0054,13:20,800,-6933
0054,13:25,805,-7289
0054,13:30,810,-7289
0054,13:35,815,-7289
0054,13:40,820,-7289
0054,13:45,825,-7289
0054,13:50,830,-5156
0054,13:55,835,-5156
0054,14:00,840,-5156
0054,14:05,845,-5156
0054,14:10,850,-889
0054,14:15,855,-889
0054,14:20,860,-889
0054,14:25,865,-889
0054,14:30,870,-2667
0054,14:35,875,-2667
0054,14:40,880,-2667
0054,14:45,885,-4089
0054,14:50,890,-4089
0054,14:55,895,-4089
0054,15:00,900,-4089
0054,15:05,905,-4089
0054,15:10,910,-5333
0054,15:15,915,-5333
0054,15:20,920,-5333
0054,15:25,925,-5333
0054,15:30,930,-6578
0054,15:35,935,-6578
0054,15:40,940,-6578
0054,15:45,945,-7467
0054,15:50,950,-7467
0054,15:55,955,-7467
0054,16:00,960,-7467
0054,16:05,965,-7467
0054,16:10,970,-8711
0054,16:15,975,-8711
0054,16:20,980,-8711
0054,16:25,985,-8711
0054,16:30,990,-10133
0054,16:35,995,-10133
0054,16:40,1000,-10133
0054,16:45,1005,-10133
0054,16:50,1010,-11733
0054,16:55,1015,-11733
0054,17:00,1020,-11733
0054,17:05,1025,-11733
0054,17:10,1030,-11733
0054,17:15,1035,-11733
0054,17:20,1040,-11733
0054,17:25,1045,-11733
0054,17:30,1050,-13156
0054,17:35,1055,-13156
0054,17:40,1060,-13156
0054,17:45,1065,-13156
0054,17:50,1070,-14400
0054,17:55,1075,-14400
0054,18:00,1080,-14400
0054,18:05,1085,-14400
0054,18:10,1090,-15467
0054,18:15,1095,-15467
0054,18:20,1100,-15467
0054,18:25,1105,-12267
0054,18:30,1110,-12267
0054,18:35,1115,-12267
0054,18:40,1120,-12267
0054,18:45,1125,-12267
0054,18:50,1130,-6756
0054,18:55,1135,-6756
0054,19:00,1140,-6756
0054,19:05,1145,-6756
0054,19:10,1150,-4089
0054,19:15,1155,-4089
0054,19:20,1160,-4089
0054,19:25,1165,-5333
0054,19:30,1170,-5333
0054,19:35,1175,-5333
0054,19:40,1180,-5333
0054,19:45,1185,-6578
0054,19:50,1190,-6578
0054,19:55,1195,-6578
0054,20:00,1200,-6578
0054,20:05,1205,-6578
0054,20:10,1210,-7467
0054,20:15,1215,-7467
0054,20:20,1220,-7467
0054,20:25,1225,-7467
0054,20:30,1230,-8533
0054,20:35,1235,-8533
0054,20:40,1240,-8533
0054,20:45,1245,-8711
0054,20:50,1250,-8711
0054,20:55,1255,-8711
0054,21:00,1260,-8711
0054,21:05,1265,-8711
0054,21:10,1270,-8711
0054,21:15,1275,-8711
0054,21:20,1280,-8711
0054,21:25,1285,-8711
0054,21:30,1290,-8711
0054,21:35,1295,-8711
0054,21:40,1300,-8711
0054,21:45,1305,-8711
0054,21:50,1310,-8711
0054,21:55,1315,-8711
0054,22:00,1320,-8711
0054,22:05,1325,-8711
0054,22:10,1330,-8711
0054,22:15,1335,-8711
0054,22:20,1340,-8711
0054,22:25,1345,-8711
0054,22:30,1350,-8711
0054,22:35,1355,-8711
0054,22:40,1360,-8711
0054,22:45,1365,-8711
0054,22:50,1370,-8711
0054,22:55,1375,-8711
0054,23:00,1380,-8711
0054,23:05,1385,-8711
0054,23:10,1390,-8711
0054,23:15,1395,-8711
0054,23:16,1396,-8711
0054,23:20,1400,-8711
0055,09:00,540,0
0055,09:05,545,0
0055,09:10,550,0
0055,09:15,555,0
0055,09:20,560,0
0055,09:25,565,0
0055,09:30,570,0
0055,09:35,575,0
0055,09:40,580,0
0055,09:45,585,0
0055,09:50,590,0
0055,09:55,595,0
0055,10:00,600,0
0055,10:05,605,0
0055,10:10,610,0
0055,10:15,615,0
0055,10:20,620,0
0055,10:25,625,0
0055,10:30,630,0
0055,10:35,635,0
0055,10:40,640,0
0055,10:45,645,0
0055,10:50,650,0
0055,10:55,655,0
0055,11:00,660,0
0055,11:05,665,0
0055,11:10,670,0
0055,11:15,675,0
0055,11:20,680,0
0055,11:25,685,0
0055,11:30,690,0
0055,11:35,695,0
0055,11:40,700,0
0055,11:45,705,0
0055,11:50,710,0
0055,11:55,715,0
0055,12:00,720,0
0055,12:05,725,0
0055,12:10,730,0
0055,12:15,735,0
0055,12:20,740,0
0055,12:25,745,0
0055,12:30,750,0
0055,12:35,755,0
0055,12:40,760,0
0055,12:45,765,0
0055,12:50,770,0
0055,12:55,775,0
0055,13:00,780,0
0055,13:05,785,-800
0055,13:10,790,-800
0055,13:15,795,-800
0055,13:20,800,-800
0055,13:25,805,-1156
0055,13:30,810,-1156
0055,13:35,815,-1156
0055,13:40,820,-1156
0055,13:45,825,-1156
0055,13:50,830,-444
0055,13:55,835,-444
0055,14:00,840,-444
0055,14:05,845,-444
0055,14:10,850,-1600
0055,14:15,855,-1600
0055,14:20,860,-1600
0055,14:25,865,-1600
0055,14:30,870,-3289
0055,14:35,875,-3289
0055,14:40,880,-3289
0055,14:45,885,-3289
0055,14:50,890,-3289
0055,14:55,895,-3289
0055,15:00,900,-3289
0055,15:05,905,-3289
0055,15:10,910,-3289
0055,15:15,915,-3289
0055,15:20,920,-3289
0055,15:25,925,-3289
0055,15:30,930,-3911
0055,15:35,935,-3911
0055,15:40,940,-3911
0055,15:45,945,-4178
0055,15:50,950,-4178
0055,15:55,955,-4178
0055,16:00,960,-4178
0055,16:05,965,-4178
0055,16:10,970,-4444
0055,16:15,975,-4444
0055,16:20,980,-4444
0055,16:25,985,-4444
0055,16:30,990,-5511
0055,16:35,995,-5511
0055,16:40,1000,-5511
0055,16:45,1005,-5511
0055,16:50,1010,-5511
0055,16:55,1015,-5511
0055,17:00,1020,-5511
0055,17:05,1025,-6578
0055,17:10,1030,-6578
0055,17:15,1035,-6578
0055,17:20,1040,-6578
0055,17:25,1045,-6578
0055,17:30,1050,-6578
0055,17:35,1055,-6578
0055,17:40,1060,-6578
0055,17:45,1065,-6578
0055,17:50,1070,-6844
0055,17:55,1075,-6844
0055,18:00,1080,-6844
0055,18:05,1085,-6844
0055,18:10,1090,-6933
0055,18:15,1095,-6933
0055,18:20,1100,-6933
0055,18:25,1105,-6933
0055,18:30,1110,-6933
0055,18:35,1115,-6933
0055,18:40,1120,-6933
0055,18:45,1125,-6933
0055,18:50,1130,-6933
0055,18:55,1135,-6933
0055,19:00,1140,-6933
0055,19:05,1145,-6933
0055,19:10,1150,-6933
0055,19:15,1155,-6933
0055,19:20,1160,-6933
0055,19:25,1165,-7022
0055,19:30,1170,-7022
0055,19:35,1175,-7022
0055,19:40,1180,-7022
0055,19:45,1185,-7022
0055,19:50,1190,-7022
0055,19:55,1195,-7022
0055,20:00,1200,-7022
0055,20:05,1205,-7022
0055,20:10,1210,-7022
0055,20:15,1215,-7022
0055,20:20,1220,-7022
0055,20:25,1225,-7022
0055,20:30,1230,-7556
0055,20:35,1235,-7556
0055,20:40,1240,-7556
0055,20:45,1245,-7556
0055,20:50,1250,-7556
0055,20:55,1255,-7556
0055,21:00,1260,-7556
0055,21:05,1265,-7556
0055,21:10,1270,-7556
0055,21:15,1275,-7556
0055,21:20,1280,-7556
0055,21:25,1285,-7556
0055,21:30,1290,-7556
0055,21:35,1295,-7556
0055,21:40,1300,-7556
0055,21:45,1305,-7556
0055,21:50,1310,-7556
0055,21:55,1315,-7556
0055,22:00,1320,-7556
0055,22:05,1325,-7556
0055,22:10,1330,-7556
0055,22:15,1335,-7556
0055,22:20,1340,-7556
0055,22:25,1345,-7556
0055,22:30,1350,-7556
0055,22:35,1355,-7556
0055,22:40,1360,-7556
0055,22:45,1365,-7556
0055,22:50,1370,-7556
0055,22:55,1375,-7556
0055,23:00,1380,-7556
0055,23:05,1385,-7556
0055,23:10,1390,-7556
0055,23:15,1395,-7556
0055,23:16,1396,-7556
0055,23:20,1400,-7556
0056,09:00,540,0
0056,09:05,545,0
0056,09:10,550,0
0056,09:15,555,0
0056,09:20,560,0
0056,09:25,565,0
0056,09:30,570,0
0056,09:35,575,0
0056,09:40,580,0
0056,09:45,585,0
0056,09:50,590,0
0056,09:55,595,0
0056,10:00,600,0
0056,10:05,605,0
0056,10:10,610,0
0056,10:15,615,0
0056,10:20,620,0
0056,10:25,625,0
0056,10:30,630,0
0056,10:35,635,0
0056,10:40,640,0
0056,10:45,645,0
0056,10:50,650,0
0056,10:55,655,0
0056,11:00,660,0
0056,11:05,665,0
0056,11:10,670,0
0056,11:15,675,0
0056,11:20,680,0
0056,11:25,685,0
0056,11:30,690,-533
0056,11:35,695,-533
0056,11:40,700,-533
0056,11:45,705,-711
0056,11:50,710,-711
0056,11:55,715,-711
0056,12:00,720,-711
0056,12:05,725,-711
0056,12:10,730,-711
0056,12:15,735,-711
0056,12:20,740,-711
0056,12:25,745,-711
0056,12:30,750,-711
0056,12:35,755,-711
0056,12:40,760,-711
0056,12:45,765,-711
0056,12:50,770,-1422
0056,12:55,775,-1422
0056,13:00,780,-1422
0056,13:05,785,-2667
0056,13:10,790,-2667
0056,13:15,795,-2667
0056,13:20,800,-2667
0056,13:25,805,-4622
0056,13:30,810,-4622
0056,13:35,815,-4622
0056,13:40,820,-4622
0056,13:45,825,-4622
0056,13:50,830,-6222
0056,13:55,835,-6222
0056,14:00,840,-6222
0056,14:05,845,-6222
0056,14:10,850,-7289
0056,14:15,855,-7289
0056,14:20,860,-7289
0056,14:25,865,-7289
0056,14:30,870,-8889
0056,14:35,875,-8889
0056,14:40,880,-8889
0056,14:45,885,-10133
0056,14:50,890,-10133
0056,14:55,895,-10133
0056,15:00,900,-10133
0056,15:05,905,-10133
0056,15:10,910,-7644
0056,15:15,915,-7644
0056,15:20,920,-7644
0056,15:25,925,-7644
0056,15:30,930,-9244
0056,15:35,935,-9244
0056,15:40,940,-9244
0056,15:45,945,-10844
0056,15:50,950,-10844
0056,15:55,955,-10844
0056,16:00,960,-10844
0056,16:05,965,-10844
0056,16:10,970,-5156
0056,16:15,975,-5156
0056,16:20,980,-5156
0056,16:25,985,-5156
0056,16:30,990,-1600
0056,16:35,995,-1600
0056,16:40,1000,-1600
0056,16:45,1005,-1600
0056,16:50,1010,-3022
0056,16:55,1015,-3022
0056,17:00,1020,-3022
0056,17:05,1025,-4267
0056,17:10,1030,-4267
0056,17:15,1035,-4267
0056,17:20,1040,-4267
0056,17:25,1045,-4267
0056,17:30,1050,-6044
0056,17:35,1055,-6044
0056,17:40,1060,-6044
0056,17:45,1065,-6044
0056,17:50,1070,-7644
0056,17:55,1075,-7644
0056,18:00,1080,-7644
0056,18:05,1085,-7644
0056,18:10,1090,-8889
0056,18:15,1095,-8889
0056,18:20,1100,-8889
0056,18:25,1105,-10844
0056,18:30,1110,-10844
0056,18:35,1115,-10844
0056,18:40,1120,-10844
0056,18:45,1125,-10844
0056,18:50,1130,-10667
0056,18:55,1135,-10667
0056,19:00,1140,-10667
0056,19:05,1145,-10667
0056,19:10,1150,-11556
0056,19:15,1155,-11556
0056,19:20,1160,-11556
0056,19:25,1165,-13156
0056,19:30,1170,-13156
0056,19:35,1175,-13156
0056,19:40,1180,-13156
0056,19:45,1185,-14756
0056,19:50,1190,-14756
0056,19:55,1195,-14756
0056,20:00,1200,-14756
0056,20:05,1205,-14756
0056,20:10,1210,-11200
0056,20:15,1215,-11200
0056,20:20,1220,-11200
0056,20:25,1225,-11200
0056,20:30,1230,-5333
0056,20:35,1235,-5333
0056,20:40,1240,-5333
0056,20:45,1245,1379
0056,20:50,1250,1379
0056,20:55,1255,1379
0056,21:00,1260,1379
0056,21:05,1265,1379
0056,21:10,1270,1207
0056,21:15,1275,1207
0056,21:20,1280,1207
0056,21:25,1285,1207
0056,21:30,1290,1207
0056,21:35,1295,1207
0056,21:40,1300,1207
0056,21:45,1305,1207
0056,21:50,1310,1207
0056,21:55,1315,1207
0056,22:00,1320,1207
0056,22:05,1325,1207
0056,22:10,1330,1207
0056,22:15,1335,1207
0056,22:20,1340,1207
0056,22:25,1345,1207
0056,22:30,1350,1207
0056,22:35,1355,1207
0056,22:40,1360,1207
0056,22:45,1365,1207
0056,22:50,1370,1207
0056,22:55,1375,1207
0056,23:00,1380,1207
0056,23:05,1385,1207
0056,23:10,1390,1207
0056,23:15,1395,1207
0056,23:16,1396,1207
0056,23:20,1400,1207
0057,09:00,540,0
0057,09:05,545,0
0057,09:10,550,0
0057,09:15,555,0
0057,09:20,560,0
0057,09:25,565,0
0057,09:30,570,0
0057,09:35,575,0
0057,09:40,580,0
0057,09:45,585,0
0057,09:50,590,0
0057,09:55,595,0
0057,10:00,600,0
0057,10:05,605,0
0057,10:10,610,0
0057,10:15,615,0
0057,10:20,620,0
0057,10:25,625,0
0057,10:30,630,0
0057,10:35,635,0
0057,10:40,640,0
0057,10:45,645,0
0057,10:50,650,0
0057,10:55,655,0
0057,11:00,660,0
0057,11:05,665,0
0057,11:10,670,0
0057,11:15,675,0
0057,11:20,680,0
0057,11:25,685,0
0057,11:30,690,-533
0057,11:35,695,-533
0057,11:40,700,-533
0057,11:45,705,-2311
0057,11:50,710,-2311
0057,11:55,715,-2311
0057,12:00,720,-2311
0057,12:05,725,-2311
0057,12:10,730,-2311
0057,12:15,735,-2311
0057,12:20,740,-2311
0057,12:25,745,-2311
0057,12:30,750,-2311
0057,12:35,755,-2311
0057,12:40,760,-2311
0057,12:45,765,-2311
0057,12:50,770,-3378
0057,12:55,775,-3378
0057,13:00,780,-3378
0057,13:05,785,-3556
0057,13:10,790,-3556
0057,13:15,795,-3556
0057,13:20,800,-3556
0057,13:25,805,-1422
0057,13:30,810,-1422
0057,13:35,815,-1422
0057,13:40,820,-1422
0057,13:45,825,-1422
0057,13:50,830,-889
0057,13:55,835,-889
0057,14:00,840,-889
0057,14:05,845,-889
0057,14:10,850,1552
0057,14:15,855,1552
0057,14:20,860,1552
0057,14:25,865,1552
0057,14:30,870,690
0057,14:35,875,690
0057,14:40,880,690
0057,14:45,885,-711
0057,14:50,890,-711
0057,14:55,895,-711
0057,15:00,900,-711
0057,15:05,905,-711
0057,15:10,910,-1244
0057,15:15,915,-1244
0057,15:20,920,-1244
0057,15:25,925,-1244
0057,15:30,930,-3200
0057,15:35,935,-3200
0057,15:40,940,-3200
0057,15:45,945,-3911
0057,15:50,950,-3911
0057,15:55,955,-3911
0057,16:00,960,-3911
0057,16:05,965,-3911
0057,16:10,970,-2667
0057,16:15,975,-2667
0057,16:20,980,-2667
0057,16:25,985,-2667
0057,16:30,990,4138
0057,16:35,995,4138
0057,16:40,1000,4138
0057,16:45,1005,4138
0057,16:50,1010,3103
0057,16:55,1015,3103
0057,17:00,1020,3103
0057,17:05,1025,4138
0057,17:10,1030,4138
0057,17:15,1035,4138
0057,17:20,1040,4138
0057,17:25,1045,4138
0057,17:30,1050,4138
0057,17:35,1055,4138
0057,17:40,1060,4138
0057,17:45,1065,4138
0057,17:50,1070,3793
0057,17:55,1075,3793
0057,18:00,1080,3793
0057,18:05,1085,3793
0057,18:10,1090,3621
0057,18:15,1095,3621
0057,18:20,1100,3621
0057,18:25,1105,3793
0057,18:30,1110,3793
0057,18:35,1115,3793
0057,18:40,1120,3793
0057,18:45,1125,3793
0057,18:50,1130,7759
0057,18:55,1135,7759
0057,19:00,1140,7759
0057,19:05,1145,7759
0057,19:10,1150,8966
0057,19:15,1155,8966
0057,19:20,1160,8966
0057,19:25,1165,11379
0057,19:30,1170,11379
0057,19:35,1175,11379
0057,19:40,1180,11379
0057,19:45,1185,10345
0057,19:50,1190,10345
0057,19:55,1195,10345
0057,20:00,1200,10345
0057,20:05,1205,10345
0057,20:10,1210,10000
0057,20:15,1215,10000
0057,20:20,1220,10000
0057,20:25,1225,10000
0057,20:30,1230,10000
0057,20:35,1235,10000
0057,20:40,1240,10000
0057,20:45,1245,10000
0057,20:50,1250,10000
0057,20:55,1255,10000
0057,21:00,1260,10000
0057,21:05,1265,10000
0057,21:10,1270,10000
0057,21:15,1275,10000
0057,21:20,1280,10000
0057,21:25,1285,10000
0057,21:30,1290,9828
0057,21:35,1295,9828
0057,21:40,1300,9828
0057,21:45,1305,9828
0057,21:50,1310,9828
0057,21:55,1315,9828
0057,22:00,1320,9828
0057,22:05,1325,9483
0057,22:10,1330,9483
0057,22:15,1335,9483
0057,22:20,1340,9483
0057,22:25,1345,9483
0057,22:30,1350,8448
0057,22:35,1355,8448
0057,22:40,1360,8448
0057,22:45,1365,8448
0057,22:50,1370,8448
0057,22:55,1375,8448
0057,23:00,1380,8448
0057,23:05,1385,8448
0057,23:10,1390,8448
0057,23:15,1395,8448
0057,23:16,1396,8448
0057,23:20,1400,8448
0058,09:00,540,0
0058,09:05,545,0
0058,09:10,550,0
0058,09:15,555,0
0058,09:20,560,0
0058,09:25,565,0
0058,09:30,570,0
0058,09:35,575,0
0058,09:40,580,0
0058,09:45,585,0
0058,09:50,590,0
0058,09:55,595,0
0058,10:00,600,0
0058,10:05,605,0
0058,10:10,610,0
0058,10:15,615,0
0058,10:20,620,0
0058,10:25,625,0
0058,10:30,630,0
0058,10:35,635,0
0058,10:40,640,0
0058,10:45,645,0
0058,10:50,650,0
0058,10:55,655,0
0058,11:00,660,0
0058,11:05,665,0
0058,11:10,670,0
0058,11:15,675,0
0058,11:20,680,0
0058,11:25,685,0
0058,11:30,690,-178
0058,11:35,695,-178
0058,11:40,700,-178
0058,11:45,705,776
0058,11:50,710,776
0058,11:55,715,776
0058,12:00,720,776
0058,12:05,725,2845
0058,12:10,730,2845
0058,12:15,735,2845
0058,12:20,740,2845
0058,12:25,745,2845
0058,12:30,750,1379
0058,12:35,755,1379
0058,12:40,760,1379
0058,12:45,765,1379
0058,12:50,770,1810
0058,12:55,775,1810
0058,13:00,780,1810
0058,13:05,785,1293
0058,13:10,790,1293
0058,13:15,795,1293
0058,13:20,800,1293
0058,13:25,805,-444
0058,13:30,810,-444
0058,13:35,815,-444
0058,13:40,820,-444
0058,13:45,825,-444
0058,13:50,830,-1778
0058,13:55,835,-1778
0058,14:00,840,-1778
0058,14:05,845,-1778
0058,14:10,850,-2222
0058,14:15,855,-2222
0058,14:20,860,-2222
0058,14:25,865,-2222
0058,14:30,870,-3022
0058,14:35,875,-3022
0058,14:40,880,-3022
0058,14:45,885,-3556
0058,14:50,890,-3556
0058,14:55,895,-3556
0058,15:00,900,-3556
0058,15:05,905,-3556
0058,15:10,910,-4533
0058,15:15,915,-4533
0058,15:20,920,-4533
0058,15:25,925,-4533
0058,15:30,930,-2578
0058,15:35,935,-2578
0058,15:40,940,-2578
0058,15:45,945,-4089
0058,15:50,950,-4089
0058,15:55,955,-4089
0058,16:00,960,-4089
0058,16:05,965,-4089
0058,16:10,970,-5067
0058,16:15,975,-5067
0058,16:20,980,-5067
0058,16:25,985,-5067
0058,16:30,990,-5422
0058,16:35,995,-5422
0058,16:40,1000,-5422
0058,16:45,1005,-5422
0058,16:50,1010,-5956
0058,16:55,1015,-5956
0058,17:00,1020,-5956
0058,17:05,1025,-6756
0058,17:10,1030,-6756
0058,17:15,1035,-6756
0058,17:20,1040,-6756
0058,17:25,1045,-6756
0058,17:30,1050,-6756
0058,17:35,1055,-6756
0058,17:40,1060,-6756
0058,17:45,1065,-6756
0058,17:50,1070,-7644
0058,17:55,1075,-7644
0058,18:00,1080,-7644
0058,18:05,1085,-7644
0058,18:10,1090,-8000
0058,18:15,1095,-8000
0058,18:20,1100,-8000
0058,18:25,1105,-8000
0058,18:30,1110,-8000
0058,18:35,1115,-8000
0058,18:40,1120,-8000
0058,18:45,1125,-8000
0058,18:50,1130,-8711
0058,18:55,1135,-8711
0058,19:00,1140,-8711
0058,19:05,1145,-8711
0058,19:10,1150,-8622
0058,19:15,1155,-8622
0058,19:20,1160,-8622
0058,19:25,1165,-7200
0058,19:30,1170,-7200
0058,19:35,1175,-7200
0058,19:40,1180,-7200
0058,19:45,1185,-7200
0058,19:50,1190,-7200
0058,19:55,1195,-7200
0058,20:00,1200,-7200
0058,20:05,1205,-7200
0058,20:10,1210,-7200
0058,20:15,1215,-7200
0058,20:20,1220,-7200
0058,20:25,1225,-7200
0058,20:30,1230,-7289
0058,20:35,1235,-7289
0058,20:40,1240,-7289
0058,20:45,1245,-7289
0058,20:50,1250,-7289
0058,20:55,1255,-7289
0058,21:00,1260,-7289
0058,21:05,1265,-7289
0058,21:10,1270,-7289
0058,21:15,1275,-7289
0058,21:20,1280,-7289
0058,21:25,1285,-7289
0058,21:30,1290,-7733
0058,21:35,1295,-7733
0058,21:40,1300,-7733
0058,21:45,1305,-8089
0058,21:50,1310,-8089
0058,21:55,1315,-8089
0058,22:00,1320,-8089
0058,22:05,1325,-8089
0058,22:10,1330,-8089
0058,22:15,1335,-8089
0058,22:20,1340,-8089
0058,22:25,1345,-8089
0058,22:30,1350,-8089
0058,22:35,1355,-8089
0058,22:40,1360,-8089
0058,22:45,1365,-8089
0058,22:50,1370,-8089
0058,22:55,1375,-8089
0058,23:00,1380,-8089
0058,23:05,1385,-8089
0058,23:10,1390,-8089
0058,23:15,1395,-8089
0058,23:16,1396,-8089
0058,23:20,1400,-8089
0059,09:00,540,0
0059,09:05,545,0
0059,09:10,550,0
0059,09:15,555,0
0059,09:20,560,0
0059,09:25,565,0
0059,09:30,570,0
0059,09:35,575,0
0059,09:40,580,0
0059,09:45,585,0
0059,09:50,590,0
0059,09:55,595,0
0059,10:00,600,0
0059,10:05,605,0
0059,10:10,610,0
0059,10:15,615,0
0059,10:20,620,0
0059,10:25,625,0
0059,10:30,630,0
0059,10:35,635,0
0059,10:40,640,0
0059,10:45,645,0
0059,10:50,650,0
0059,10:55,655,0
0059,11:00,660,0
0059,11:05,665,0
0059,11:10,670,0
0059,11:15,675,0
0059,11:20,680,0
0059,11:25,685,0
0059,11:30,690,0
0059,11:35,695,0
0059,11:40,700,0
0059,11:45,705,0
0059,11:50,710,0
0059,11:55,715,0
0059,12:00,720,0
0059,12:05,725,-267
0059,12:10,730,-267
0059,12:15,735,-267
0059,12:20,740,-267
0059,12:25,745,-267
0059,12:30,750,603
0059,12:35,755,603
0059,12:40,760,603
0059,12:45,765,603
0059,12:50,770,1810
0059,12:55,775,1810
0059,13:00,780,1810
0059,13:05,785,3966
0059,13:10,790,3966
0059,13:15,795,3966
0059,13:20,800,3966
0059,13:25,805,3276
0059,13:30,810,3276
0059,13:35,815,3276
0059,13:40,820,3276
0059,13:45,825,3276
0059,13:50,830,3276
0059,13:55,835,3276
0059,14:00,840,3276
0059,14:05,845,3276
0059,14:10,850,3017
0059,14:15,855,3017
0059,14:20,860,3017
0059,14:25,865,3017
0059,14:30,870,1207
0059,14:35,875,1207
0059,14:40,880,1207
0059,14:45,885,-178
0059,14:50,890,-178
0059,14:55,895,-178
0059,15:00,900,-178
0059,15:05,905,-178
0059,15:10,910,-978
0059,15:15,915,-978
0059,15:20,920,-978
0059,15:25,925,-978
0059,15:30,930,1034
0059,15:35,935,1034
0059,15:40,940,1034
0059,15:45,945,-533
0059,15:50,950,-533
0059,15:55,955,-533
0059,16:00,960,-533
0059,16:05,965,-533
0059,16:10,970,2155
0059,16:15,975,2155
0059,16:20,980,2155
0059,16:25,985,2155
0059,16:30,990,6983
0059,16:35,995,6983
0059,16:40,1000,6983
0059,16:45,1005,6983
0059,16:50,1010,5948
0059,16:55,1015,5948
0059,17:00,1020,5948
0059,17:05,1025,5948
0059,17:10,1030,5948
0059,17:15,1035,5948
0059,17:20,1040,5948
0059,17:25,1045,5948
0059,17:30,1050,5086
0059,17:35,1055,5086
0059,17:40,1060,5086
0059,17:45,1065,5086
0059,17:50,1070,4310
0059,17:55,1075,4310
0059,18:00,1080,4310
0059,18:05,1085,4310
0059,18:10,1090,4052
0059,18:15,1095,4052
0059,18:20,1100,4052
0059,18:25,1105,3793
0059,18:30,1110,3793
0059,18:35,1115,3793
0059,18:40,1120,3793
0059,18:45,1125,3793
0059,18:50,1130,3793
0059,18:55,1135,3793
0059,19:00,1140,3793
0059,19:05,1145,3793
0059,19:10,1150,3793
0059,19:15,1155,3793
0059,19:20,1160,3793
0059,19:25,1165,3017
0059,19:30,1170,3017
0059,19:35,1175,3017
0059,19:40,1180,3017
0059,19:45,1185,2069
0059,19:50,1190,2069
0059,19:55,1195,2069
0059,20:00,1200,2069
0059,20:05,1205,2069
0059,20:10,1210,1810
0059,20:15,1215,1810
0059,20:20,1220,1810
0059,20:25,1225,1810
0059,20:30,1230,1810
0059,20:35,1235,1810
0059,20:40,1240,1810
0059,20:45,1245,1810
0059,20:50,1250,1810
0059,20:55,1255,1810
0059,21:00,1260,1810
0059,21:05,1265,1810
0059,21:10,1270,1293
0059,21:15,1275,1293
0059,21:20,1280,1293
0059,21:25,1285,1293
0059,21:30,1290,-444
0059,21:35,1295,-444
0059,21:40,1300,-444
0059,21:45,1305,-978
0059,21:50,1310,-978
0059,21:55,1315,-978
0059,22:00,1320,-978
0059,22:05,1325,-1422
0059,22:10,1330,-1422
0059,22:15,1335,-1422
0059,22:20,1340,-1422
0059,22:25,1345,-1422
0059,22:30,1350,-1422
0059,22:35,1355,-1422
0059,22:40,1360,-1422
0059,22:45,1365,-1422
0059,22:50,1370,-1422
0059,22:55,1375,-1422
0059,23:00,1380,-1422
0059,23:05,1385,-1422
0059,23:10,1390,-1422
0059,23:15,1395,-1422
0059,23:16,1396,-1422
0059,23:20,1400,-1422
0060,09:00,540,0
0060,09:05,545,0
0060,09:10,550,0
0060,09:15,555,0
0060,09:20,560,0
0060,09:25,565,0
0060,09:30,570,0
0060,09:35,575,0
0060,09:40,580,0
0060,09:45,585,0
0060,09:50,590,0
0060,09:55,595,0
0060,10:00,600,0
0060,10:05,605,0
0060,10:10,610,0
0060,10:15,615,0
0060,10:20,620,0
0060,10:25,625,0
0060,10:30,630,0
0060,10:35,635,0
0060,10:40,640,0
0060,10:45,645,0
0060,10:50,650,0
0060,10:55,655,0
0060,11:00,660,0
0060,11:05,665,0
0060,11:10,670,0
0060,11:15,675,0
0060,11:20,680,0
0060,11:25,685,0
0060,11:30,690,-178
0060,11:35,695,-178
0060,11:40,700,-178
0060,11:45,705,2241
0060,11:50,710,2241
0060,11:55,715,2241
0060,12:00,720,2241
0060,12:05,725,1552
0060,12:10,730,1552
0060,12:15,735,1552
0060,12:20,740,1552
0060,12:25,745,1552
0060,12:30,750,690
0060,12:35,755,690
0060,12:40,760,690
0060,12:45,765,690
0060,12:50,770,690
0060,12:55,775,690
0060,13:00,780,690
0060,13:05,785,690
0060,13:10,790,690
0060,13:15,795,690
0060,13:20,800,690
0060,13:25,805,603
0060,13:30,810,603
0060,13:35,815,603
0060,13:40,820,603
0060,13:45,825,603
0060,13:50,830,-444
0060,13:55,835,-444
0060,14:00,840,-444
0060,14:05,845,-444
0060,14:10,850,-1600
0060,14:15,855,-1600
0060,14:20,860,-1600
0060,14:25,865,-1600
0060,14:30,870,-3022
0060,14:35,875,-3022
0060,14:40,880,-3022
0060,14:45,885,-533
0060,14:50,890,-533
0060,14:55,895,-533
0060,15:00,900,-533
0060,15:05,905,-533
0060,15:10,910,5345
0060,15:15,915,5345
0060,15:20,920,5345
0060,15:25,925,5345
0060,15:30,930,6897
0060,15:35,935,6897
0060,15:40,940,6897
0060,15:45,945,5517
0060,15:50,950,5517
0060,15:55,955,5517
0060,16:00,960,5517
0060,16:05,965,5517
0060,16:10,970,4397
0060,16:15,975,4397
0060,16:20,980,4397
0060,16:25,985,4397
0060,16:30,990,2586
0060,16:35,995,2586
0060,16:40,1000,2586
0060,16:45,1005,2586
0060,16:50,1010,1207
0060,16:55,1015,1207
0060,17:00,1020,1207
0060,17:05,1025,0
0060,17:10,1030,0
0060,17:15,1035,0
0060,17:20,1040,0
0060,17:25,1045,0
0060,17:30,1050,172
0060,17:35,1055,172
0060,17:40,1060,172
0060,17:45,1065,172
0060,17:50,1070,-1422
0060,17:55,1075,-1422
0060,18:00,1080,-1422
0060,18:05,1085,-1422
0060,18:10,1090,-2578
0060,18:15,1095,-2578
0060,18:20,1100,-2578
0060,18:25,1105,-2578
0060,18:30,1110,-2578
0060,18:35,1115,-2578
0060,18:40,1120,-2578
0060,18:45,1125,-2578
0060,18:50,1130,-2578
0060,18:55,1135,-2578
0060,19:00,1140,-2578
0060,19:05,1145,-2578
0060,19:10,1150,-3022
0060,19:15,1155,-3022
0060,19:20,1160,-3022
0060,19:25,1165,-3111
0060,19:30,1170,-3111
0060,19:35,1175,-3111
0060,19:40,1180,-3111
0060,19:45,1185,-3644
0060,19:50,1190,-3644
0060,19:55,1195,-3644
0060,20:00,1200,-3644
0060,20:05,1205,-3644
0060,20:10,1210,-4178
0060,20:15,1215,-4178
0060,20:20,1220,-4178
0060,20:25,1225,-4178
0060,20:30,1230,-4178
0060,20:35,1235,-4178
0060,20:40,1240,-4178
0060,20:45,1245,-5511
0060,20:50,1250,-5511
0060,20:55,1255,-5511
0060,21:00,1260,-5511
0060,21:05,1265,-5511
0060,21:10,1270,-6489
0060,21:15,1275,-6489
0060,21:20,1280,-6489
0060,21:25,1285,-6489
0060,21:30,1290,-6489
0060,21:35,1295,-6489
0060,21:40,1300,-6489
0060,21:45,1305,-6756
0060,21:50,1310,-6756
0060,21:55,1315,-6756
0060,22:00,1320,-6756
0060,22:05,1325,-6756
0060,22:10,1330,-6756
0060,22:15,1335,-6756
0060,22:20,1340,-6756
0060,22:25,1345,-6756
0060,22:30,1350,-6756
0060,22:35,1355,-6756
0060,22:40,1360,-6756
0060,22:45,1365,-6756
0060,22:50,1370,-6756
0060,22:55,1375,-6756
0060,23:00,1380,-6756
0060,23:05,1385,-6756
0060,23:10,1390,-6756
0060,23:15,1395,-6756
0060,23:16,1396,-6756
0060,23:20,1400,-6756
0061,09:00,540,0
0061,09:05,545,0
0061,09:10,550,0
0061,09:15,555,0
0061,09:20,560,0
0061,09:25,565,0
0061,09:30,570,0
0061,09:35,575,0
0061,09:40,580,0
0061,09:45,585,0
0061,09:50,590,0
0061,09:55,595,0
0061,10:00,600,0
0061,10:05,605,0
0061,10:10,610,0
0061,10:15,615,0
0061,10:20,620,0
0061,10:25,625,0
0061,10:30,630,0
0061,10:35,635,0
0061,10:40,640,0
0061,10:45,645,0
0061,10:50,650,0
0061,10:55,655,0
0061,11:00,660,0
0061,11:05,665,0
0061,11:10,670,0
0061,11:15,675,0
0061,11:20,680,0
0061,11:25,685,0
0061,11:30,690,0
0061,11:35,695,0
0061,11:40,700,0
0061,11:45,705,0
0061,11:50,710,0
0061,11:55,715,0
0061,12:00,720,0
0061,12:05,725,0
0061,12:10,730,0
0061,12:15,735,0
0061,12:20,740,0
0061,12:25,745,0
0061,12:30,750,-444
0061,12:35,755,-444
0061,12:40,760,-444
0061,12:45,765,-444
0061,12:50,770,-1956
0061,12:55,775,-1956
0061,13:00,780,-1956
0061,13:05,785,-3378
0061,13:10,790,-3378
0061,13:15,795,-3378
0061,13:20,800,-3378
0061,13:25,805,-4178
0061,13:30,810,-4178
0061,13:35,815,-4178
0061,13:40,820,-4178
0061,13:45,825,-4178
0061,13:50,830,-4178
0061,13:55,835,-4178
0061,14:00,840,-4178
0061,14:05,845,-4178
0061,14:10,850,-4178
0061,14:15,855,-4178
0061,14:20,860,-4178
0061,14:25,865,-4178
0061,14:30,870,-4178
0061,14:35,875,-4178
0061,14:40,880,-4178
0061,14:45,885,-4178
0061,14:50,890,-4178
0061,14:55,895,-4178
0061,15:00,900,-4178
0061,15:05,905,-4178
0061,15:10,910,-4178
0061,15:15,915,-4178
0061,15:20,920,-4178
0061,15:25,925,-4178
0061,15:30,930,-4267
0061,15:35,935,-4267
0061,15:40,940,-4267
0061,15:45,945,-4533
0061,15:50,950,-4533
0061,15:55,955,-4533
0061,16:00,960,-4533
0061,16:05,965,-4533
0061,16:10,970,-4533
0061,16:15,975,-4533
0061,16:20,980,-4533
0061,16:25,985,-4533
0061,16:30,990,-4800
0061,16:35,995,-4800
0061,16:40,1000,-4800
0061,16:45,1005,-4800
0061,16:50,1010,-4800
0061,16:55,1015,-4800
0061,17:00,1020,-4800
0061,17:05,1025,-4800
0061,17:10,1030,-4800
0061,17:15,1035,-4800
0061,17:20,1040,-4800
0061,17:25,1045,-4800
0061,17:30,1050,-4800
0061,17:35,1055,-4800
0061,17:40,1060,-4800
0061,17:45,1065,-4800
0061,17:50,1070,-5778
0061,17:55,1075,-5778
0061,18:00,1080,-5778
0061,18:05,1085,-5778
0061,18:10,1090,-6756
0061,18:15,1095,-6756
0061,18:20,1100,-6756
0061,18:25,1105,-6756
0061,18:30,1110,-6756
0061,18:35,1115,-6756
0061,18:40,1120,-6756
0061,18:45,1125,-6756
0061,18:50,1130,-6756
0061,18:55,1135,-6756
0061,19:00,1140,-6756
0061,19:05,1145,-6756
0061,19:10,1150,-6756
0061,19:15,1155,-6756
0061,19:20,1160,-6756
0061,19:25,1165,-6756
0061,19:30,1170,-6756
0061,19:35,1175,-6756
0061,19:40,1180,-6756
0061,19:45,1185,-6756
0061,19:50,1190,-6756
0061,19:55,1195,-6756
0061,20:00,1200,-6756
0061,20:05,1205,-6756
0061,20:10,1210,-6756
0061,20:15,1215,-6756
0061,20:20,1220,-6756
0061,20:25,1225,-6756
0061,20:30,1230,-6756
0061,20:35,1235,-6756
0061,20:40,1240,-6756
0061,20:45,1245,-7022
0061,20:50,1250,-7022
0061,20:55,1255,-7022
0061,21:00,1260,-7022
0061,21:05,1265,-7022
0061,21:10,1270,-7200
0061,21:15,1275,-7200
0061,21:20,1280,-7200
0061,21:25,1285,-7200
0061,21:30,1290,-7200
0061,21:35,1295,-7200
0061,21:40,1300,-7200
0061,21:45,1305,-7200
0061,21:50,1310,-7200
0061,21:55,1315,-7200
0061,22:00,1320,-7200
0061,22:05,1325,-7289
0061,22:10,1330,-7289
0061,22:15,1335,-7289
0061,22:20,1340,-7289
0061,22:25,1345,-7289
0061,22:30,1350,-7289
0061,22:35,1355,-7289
0061,22:40,1360,-7289
0061,22:45,1365,-7289
0061,22:50,1370,-7289
0061,22:55,1375,-7289
0061,23:00,1380,-7289
0061,23:05,1385,-7289
0061,23:10,1390,-7289
0061,23:15,1395,-7289
0061,23:16,1396,-7289
0061,23:20,1400,-7289
0062,09:00,540,0
0062,09:05,545,0
0062,09:10,550,0
0062,09:15,555,0
0062,09:20,560,0
0062,09:25,565,0
0062,09:30,570,0
0062,09:35,575,0
0062,09:40,580,0
0062,09:45,585,0
0062,09:50,590,0
0062,09:55,595,0
0062,10:00,600,0
0062,10:05,605,0
0062,10:10,610,0
0062,10:15,615,0
0062,10:20,620,0
0062,10:25,625,0
0062,10:30,630,0
0062,10:35,635,0
0062,10:40,640,0
0062,10:45,645,0
0062,10:50,650,0
0062,10:55,655,0
0062,11:00,660,-89
0062,11:05,665,-89
0062,11:10,670,-89
0062,11:15,675,-89
0062,11:20,680,-89
0062,11:25,685,-89
0062,11:30,690,-89
0062,11:35,695,-89
0062,11:40,700,-89
0062,11:45,705,-89
0062,11:50,710,-89
0062,11:55,715,-89
0062,12:00,720,-89
0062,12:05,725,-89
0062,12:10,730,-89
0062,12:15,735,-89
0062,12:20,740,-89
0062,12:25,745,-89
0062,12:30,750,-89
0062,12:35,755,-89
0062,12:40,760,-89
0062,12:45,765,-89
0062,12:50,770,-356
0062,12:55,775,-356
0062,13:00,780,-356
0062,13:05,785,-1333
0062,13:10,790,-1333
0062,13:15,795,-1333
0062,13:20,800,-1333
0062,13:25,805,-2222
0062,13:30,810,-2222
0062,13:35,815,-2222
0062,13:40,820,-2222
0062,13:45,825,-2222
0062,13:50,830,-3200
0062,13:55,835,-3200
0062,14:00,840,-3200
0062,14:05,845,-3200
0062,14:10,850,-4089
0062,14:15,855,-4089
0062,14:20,860,-4089
0062,14:25,865,-4089
0062,14:30,870,-5067
0062,14:35,875,-5067
0062,14:40,880,-5067
0062,14:45,885,-6222
0062,14:50,890,-6222
0062,14:55,895,-6222
0062,15:00,900,-6222
0062,15:05,905,-6222
0062,15:10,910,-6756
0062,15:15,915,-6756
0062,15:20,920,-6756
0062,15:25,925,-6756
0062,15:30,930,-7467
0062,15:35,935,-7467
0062,15:40,940,-7467
0062,15:45,945,-8533
0062,15:50,950,-8533
0062,15:55,955,-8533
0062,16:00,960,-8533
0062,16:05,965,-8533
0062,16:10,970,-5867
0062,16:15,975,-5867
0062,16:20,980,-5867
0062,16:25,985,-5867
0062,16:30,990,-533
0062,16:35,995,-533
0062,16:40,1000,-533
0062,16:45,1005,-533
0062,16:50,1010,3707
0062,16:55,1015,3707
0062,17:00,1020,3707
0062,17:05,1025,4655
0062,17:10,1030,4655
0062,17:15,1035,4655
0062,17:20,1040,4655
0062,17:25,1045,4655
0062,17:30,1050,5345
0062,17:35,1055,5345
0062,17:40,1060,5345
0062,17:45,1065,5345
0062,17:50,1070,4914
0062,17:55,1075,4914
0062,18:00,1080,4914
0062,18:05,1085,4914
0062,18:10,1090,4828
0062,18:15,1095,4828
0062,18:20,1100,4828
0062,18:25,1105,3707
0062,18:30,1110,3707
0062,18:35,1115,3707
0062,18:40,1120,3707
0062,18:45,1125,3707
0062,18:50,1130,3276
0062,18:55,1135,3276
0062,19:00,1140,3276
0062,19:05,1145,3276
0062,19:10,1150,2759
0062,19:15,1155,2759
0062,19:20,1160,2759
0062,19:25,1165,1552
0062,19:30,1170,1552
0062,19:35,1175,1552
0062,19:40,1180,1552
0062,19:45,1185,1034
0062,19:50,1190,1034
0062,19:55,1195,1034
0062,20:00,1200,1034
0062,20:05,1205,1034
0062,20:10,1210,1034
0062,20:15,1215,1034
0062,20:20,1220,1034
0062,20:25,1225,1034
0062,20:30,1230,1034
0062,20:35,1235,1034
0062,20:40,1240,1034
0062,20:45,1245,1034
0062,20:50,1250,1034
0062,20:55,1255,1034
0062,21:00,1260,1034
0062,21:05,1265,1034
0062,21:10,1270,1034
0062,21:15,1275,1034
0062,21:20,1280,1034
0062,21:25,1285,1034
0062,21:30,1290,1034
0062,21:35,1295,1034
0062,21:40,1300,1034
0062,21:45,1305,1034
0062,21:50,1310,1034
0062,21:55,1315,1034
0062,22:00,1320,1034
0062,22:05,1325,1034
0062,22:10,1330,1034
0062,22:15,1335,1034
0062,22:20,1340,1034
0062,22:25,1345,1034
0062,22:30,1350,1034
0062,22:35,1355,1034
0062,22:40,1360,1034
0062,22:45,1365,1034
0062,22:50,1370,1034
0062,22:55,1375,1034
0062,23:00,1380,1034
0062,23:05,1385,1034
0062,23:10,1390,1034
0062,23:15,1395,1034
0062,23:16,1396,1034
0062,23:20,1400,1034
0063,09:00,540,0
0063,09:05,545,0
0063,09:10,550,0
0063,09:15,555,0
0063,09:20,560,0
0063,09:25,565,0
0063,09:30,570,0
0063,09:35,575,0
0063,09:40,580,0
0063,09:45,585,0
0063,09:50,590,0
0063,09:55,595,0
0063,10:00,600,0
0063,10:05,605,0
0063,10:10,610,0
0063,10:15,615,0
0063,10:20,620,0
0063,10:25,625,0
0063,10:30,630,0
0063,10:35,635,0
0063,10:40,640,0
0063,10:45,645,0
0063,10:50,650,0
0063,10:55,655,0
0063,11:00,660,-178
0063,11:05,665,-178
0063,11:10,670,-711
0063,11:15,675,-711
0063,11:20,680,-711
0063,11:25,685,-711
0063,11:30,690,-1244
0063,11:35,695,-1244
0063,11:40,700,-1244
0063,11:45,705,-2133
0063,11:50,710,-2133
0063,11:55,715,-2133
0063,12:00,720,-2133
0063,12:05,725,-2133
0063,12:10,730,-2133
0063,12:15,735,-2133
0063,12:20,740,-2133
0063,12:25,745,-2133
0063,12:30,750,-2667
0063,12:35,755,-2667
0063,12:40,760,-2667
0063,12:45,765,-2667
0063,12:50,770,-3022
0063,12:55,775,-3022
0063,13:00,780,-3022
0063,13:05,785,-3911
0063,13:10,790,-3911
0063,13:15,795,-3911
0063,13:20,800,-3911
0063,13:25,805,-5867
0063,13:30,810,-5867
0063,13:35,815,-5867
0063,13:40,820,-5867
0063,13:45,825,-5867
0063,13:50,830,-7289
0063,13:55,835,-7289
0063,14:00,840,-7289
0063,14:05,845,-7289
0063,14:10,850,-8533
0063,14:15,855,-8533
0063,14:20,860,-8533
0063,14:25,865,-8533
0063,14:30,870,-10133
0063,14:35,875,-10133
0063,14:40,880,-10133
0063,14:45,885,-8889
0063,14:50,890,-8889
0063,14:55,895,-8889
0063,15:00,900,-8889
0063,15:05,905,-8889
0063,15:10,910,-9778
0063,15:15,915,-9778
0063,15:20,920,-9778
0063,15:25,925,-9778
0063,15:30,930,-11378
0063,15:35,935,-11378
0063,15:40,940,-11378
0063,15:45,945,-11733
0063,15:50,950,-11733
0063,15:55,955,-11733
0063,16:00,960,-11733
0063,16:05,965,-11733
0063,16:10,970,-11733
0063,16:15,975,-11733
0063,16:20,980,-11733
0063,16:25,985,-11733
0063,16:30,990,-11733
0063,16:35,995,-11733
0063,16:40,1000,-11733
0063,16:45,1005,-11733
0063,16:50,1010,-11733
0063,16:55,1015,-11733
0063,17:00,1020,-11733
0063,17:05,1025,-11733
0063,17:10,1030,-11733
0063,17:15,1035,-11733
0063,17:20,1040,-11733
0063,17:25,1045,-11733
0063,17:30,1050,-11733
0063,17:35,1055,-11733
0063,17:40,1060,-11733
0063,17:45,1065,-11733
0063,17:50,1070,-12089
0063,17:55,1075,-12089
0063,18:00,1080,-12089
0063,18:05,1085,-12089
0063,18:10,1090,-12089
0063,18:15,1095,-12089
0063,18:20,1100,-12089
0063,18:25,1105,-12089
0063,18:30,1110,-12089
0063,18:35,1115,-12089
0063,18:40,1120,-12089
0063,18:45,1125,-12089
0063,18:50,1130,-12089
0063,18:55,1135,-12089
0063,19:00,1140,-12089
0063,19:05,1145,-12089
0063,19:10,1150,-12800
0063,19:15,1155,-12800
0063,19:20,1160,-12800
0063,19:25,1165,-12800
0063,19:30,1170,-12800
0063,19:35,1175,-12800
0063,19:40,1180,-12800
0063,19:45,1185,-12800
0063,19:50,1190,-12800
0063,19:55,1195,-12800
0063,20:00,1200,-12800
0063,20:05,1205,-12800
0063,20:10,1210,-12800
0063,20:15,1215,-12800
0063,20:20,1220,-12800
0063,20:25,1225,-12800
0063,20:30,1230,-12800
0063,20:35,1235,-12800
0063,20:40,1240,-12800
0063,20:45,1245,-12800
0063,20:50,1250,-12800
0063,20:55,1255,-12800
0063,21:00,1260,-12800
0063,21:05,1265,-12800
0063,21:10,1270,-12800
0063,21:15,1275,-12800
0063,21:20,1280,-12800
0063,21:25,1285,-12800
0063,21:30,1290,-12800
0063,21:35,1295,-12800
0063,21:40,1300,-12800
0063,21:45,1305,-12800
0063,21:50,1310,-12800
0063,21:55,1315,-12800
0063,22:00,1320,-12800
0063,22:05,1325,-12800
0063,22:10,1330,-12800
0063,22:15,1335,-12800
0063,22:20,1340,-12800
0063,22:25,1345,-12800
0063,22:30,1350,-12800
0063,22:35,1355,-12800
0063,22:40,1360,-12800
0063,22:45,1365,-12800
0063,22:50,1370,-12800
0063,22:55,1375,-12800
0063,23:00,1380,-12800
0063,23:05,1385,-12800
0063,23:10,1390,-12800
0063,23:15,1395,-12800
0063,23:16,1396,-12800
0063,23:20,1400,-12800
0064,09:00,540,0
0064,09:05,545,0
0064,09:10,550,0
0064,09:15,555,0
0064,09:20,560,0
0064,09:25,565,0
0064,09:30,570,0
0064,09:35,575,0
0064,09:40,580,0
0064,09:45,585,0
0064,09:50,590,0
0064,09:55,595,0
0064,10:00,600,0
0064,10:05,605,0
0064,10:10,610,0
0064,10:15,615,0
0064,10:20,620,0
0064,10:25,625,0
0064,10:30,630,0
0064,10:35,635,0
0064,10:40,640,1983
0064,10:45,645,1983
0064,10:50,650,1983
0064,10:55,655,1983
0064,11:00,660,3967
0064,11:05,665,3967
0064,11:10,670,3967
0064,11:15,675,3967
0064,11:20,680,3967
0064,11:25,685,3967
0064,11:30,690,3223
0064,11:35,695,3223
0064,11:40,700,3223
0064,11:45,705,3223
0064,11:50,710,3223
0064,11:55,715,3223
0064,12:00,720,3223
0064,12:05,725,1983
0064,12:10,730,1983
0064,12:15,735,1983
0064,12:20,740,1983
0064,12:25,745,1983
0064,12:30,750,1488
0064,12:35,755,1488
0064,12:40,760,1488
0064,12:45,765,1488
0064,12:50,770,1240
0064,12:55,775,1240
0064,13:00,780,1240
0064,13:05,785,1240
0064,13:10,790,1240
0064,13:15,795,1240
0064,13:20,800,1240
0064,13:25,805,496
0064,13:30,810,496
0064,13:35,815,496
0064,13:40,820,496
0064,13:45,825,496
0064,13:50,830,5950
0064,13:55,835,5950
0064,14:00,840,5950
0064,14:05,845,5950
0064,14:10,850,11653
0064,14:15,855,11653
0064,14:20,860,11653
0064,14:25,865,11653
0064,14:30,870,17851
0064,14:35,875,17851
0064,14:40,880,17851
0064,14:45,885,22066
0064,14:50,890,22066
0064,14:55,895,22066
0064,15:00,900,22066
0064,15:05,905,22066
0064,15:10,910,22066
0064,15:15,915,22066
0064,15:20,920,22066
0064,15:25,925,22066
0064,15:30,930,20579
0064,15:35,935,20579
0064,15:40,940,20579
0064,15:45,945,19339
0064,15:50,950,19339
0064,15:55,955,19339
0064,16:00,960,19339
0064,16:05,965,19339
0064,16:10,970,21322
0064,16:15,975,21322
0064,16:20,980,21322
0064,16:25,985,21322
0064,16:30,990,21322
0064,16:35,995,21322
0064,16:40,1000,21322
0064,16:45,1005,21322
0064,16:50,1010,20826
0064,16:55,1015,20826
0064,17:00,1020,20826
0064,17:05,1025,19587
0064,17:10,1030,19587
0064,17:15,1035,19587
0064,17:20,1040,19587
0064,17:25,1045,19587
0064,17:30,1050,17851
0064,17:35,1055,17851
0064,17:40,1060,17851
0064,17:45,1065,17851
0064,17:50,1070,16612
0064,17:55,1075,16612
0064,18:00,1080,16612
0064,18:05,1085,16612
0064,18:10,1090,16364
0064,18:15,1095,16364
0064,18:20,1100,16364
0064,18:25,1105,16364
0064,18:30,1110,16364
0064,18:35,1115,16364
0064,18:40,1120,16364
0064,18:45,1125,16364
0064,18:50,1130,15620
0064,18:55,1135,15620
0064,19:00,1140,15620
0064,19:05,1145,15620
0064,19:10,1150,15372
0064,19:15,1155,15372
0064,19:20,1160,15372
0064,19:25,1165,13884
0064,19:30,1170,13884
0064,19:35,1175,13884
0064,19:40,1180,13884
0064,19:45,1185,20579
0064,19:50,1190,20579
0064,19:55,1195,20579
0064,20:00,1200,20579
0064,20:05,1205,20579
0064,20:10,1210,19835
0064,20:15,1215,19835
0064,20:20,1220,19835
0064,20:25,1225,19835
0064,20:30,1230,18099
0064,20:35,1235,18099
0064,20:40,1240,18099
0064,20:45,1245,16860
0064,20:50,1250,16860
0064,20:55,1255,16860
0064,21:00,1260,16860
0064,21:05,1265,16860
0064,21:10,1270,19091
0064,21:15,1275,19091
0064,21:20,1280,19091
0064,21:25,1285,19091
0064,21:30,1290,26033
0064,21:35,1295,26033
0064,21:40,1300,26033
0064,21:45,1305,25289
0064,21:50,1310,25289
0064,21:55,1315,25289
0064,22:00,1320,25289
0064,22:05,1325,25289
0064,22:10,1330,25289
0064,22:15,1335,25289
0064,22:20,1340,25289
0064,22:25,1345,25289
0064,22:30,1350,25289
0064,22:35,1355,25289
0064,22:40,1360,25289
0064,22:45,1365,25289
0064,22:50,1370,25289
0064,22:55,1375,25289
0064,23:00,1380,25289
0064,23:05,1385,25289
0064,23:10,1390,25289
0064,23:15,1395,25289
0064,23:16,1396,25289
0064,23:20,1400,25289
0065,09:00,540,0
0065,09:05,545,0
0065,09:10,550,0
0065,09:15,555,0
0065,09:20,560,0
0065,09:25,565,0
0065,09:30,570,0
0065,09:35,575,0
0065,09:40,580,0
0065,09:45,585,0
0065,09:50,590,0
0065,09:55,595,0
0065,10:00,600,0
0065,10:05,605,0
0065,10:10,610,0
0065,10:15,615,0
0065,10:20,620,0
0065,10:25,625,0
0065,10:30,630,0
0065,10:35,635,0
0065,10:40,640,0
0065,10:45,645,0
0065,10:50,650,0
0065,10:55,655,0
0065,11:00,660,992
0065,11:05,665,992
0065,11:10,670,496
0065,11:15,675,496
0065,11:20,680,496
0065,11:25,685,496
0065,11:30,690,7190
0065,11:35,695,7190
0065,11:40,700,7190
0065,11:45,705,7686
0065,11:50,710,7686
0065,11:55,715,7686
0065,12:00,720,7686
0065,12:05,725,7438
0065,12:10,730,7438
0065,12:15,735,7438
0065,12:20,740,7438
0065,12:25,745,7438
0065,12:30,750,7438
0065,12:35,755,7438
0065,12:40,760,7438
0065,12:45,765,7438
0065,12:50,770,9174
0065,12:55,775,9174
0065,13:00,780,9174
0065,13:05,785,10165
0065,13:10,790,10165
0065,13:15,795,10165
0065,13:20,800,10165
0065,13:25,805,8182
0065,13:30,810,8182
0065,13:35,815,8182
0065,13:40,820,8182
0065,13:45,825,8182
0065,13:50,830,6694
0065,13:55,835,6694
0065,14:00,840,6694
0065,14:05,845,6694
0065,14:10,850,8678
0065,14:15,855,8678
0065,14:20,860,8678
0065,14:25,865,8678
0065,14:30,870,6942
0065,14:35,875,6942
0065,14:40,880,6942
0065,14:45,885,5207
0065,14:50,890,5207
0065,14:55,895,5207
0065,15:00,900,5207
0065,15:05,905,5207
0065,15:10,910,4463
0065,15:15,915,4463
0065,15:20,920,4463
0065,15:25,925,4463
0065,15:30,930,9917
0065,15:35,935,9917
0065,15:40,940,9917
0065,15:45,945,11653
0065,15:50,950,11653
0065,15:55,955,11653
0065,16:00,960,11653
0065,16:05,965,11653
0065,16:10,970,11405
0065,16:15,975,11405
0065,16:20,980,11405
0065,16:25,985,11405
0065,16:30,990,9669
0065,16:35,995,9669
0065,16:40,1000,9669
0065,16:45,1005,9669
0065,16:50,1010,8430
0065,16:55,1015,8430
0065,17:00,1020,8430
0065,17:05,1025,7190
0065,17:10,1030,7190
0065,17:15,1035,7190
0065,17:20,1040,7190
0065,17:25,1045,7190
0065,17:30,1050,7190
0065,17:35,1055,7190
0065,17:40,1060,7190
0065,17:45,1065,7190
0065,17:50,1070,11157
0065,17:55,1075,11157
0065,18:00,1080,11157
0065,18:05,1085,11157
0065,18:10,1090,17603
0065,18:15,1095,17603
0065,18:20,1100,17603
0065,18:25,1105,21818
0065,18:30,1110,21818
0065,18:35,1115,21818
0065,18:40,1120,21818
0065,18:45,1125,21818
0065,18:50,1130,22066
0065,18:55,1135,22066
0065,19:00,1140,22066
0065,19:05,1145,22066
0065,19:10,1150,20826
0065,19:15,1155,20826
0065,19:20,1160,20826
0065,19:25,1165,20579
0065,19:30,1170,20579
0065,19:35,1175,20579
0065,19:40,1180,20579
0065,19:45,1185,20579
0065,19:50,1190,20579
0065,19:55,1195,20579
0065,20:00,1200,20579
0065,20:05,1205,20579
0065,20:10,1210,20579
0065,20:15,1215,20579
0065,20:20,1220,20579
0065,20:25,1225,20579
0065,20:30,1230,20579
0065,20:35,1235,20579
0065,20:40,1240,20579
0065,20:45,1245,20579
0065,20:50,1250,20579
0065,20:55,1255,20579
0065,21:00,1260,20579
0065,21:05,1265,20579
0065,21:10,1270,20579
0065,21:15,1275,20579
0065,21:20,1280,20579
0065,21:25,1285,20579
0065,21:30,1290,20579
0065,21:35,1295,20579
0065,21:40,1300,20579
0065,21:45,1305,20579
0065,21:50,1310,20579
0065,21:55,1315,20579
0065,22:00,1320,20579
0065,22:05,1325,20579
0065,22:10,1330,20579
0065,22:15,1335,20579
0065,22:20,1340,20579
0065,22:25,1345,20579
0065,22:30,1350,20579
0065,22:35,1355,20579
0065,22:40,1360,20579
0065,22:45,1365,20579
0065,22:50,1370,20579
0065,22:55,1375,20579
0065,23:00,1380,20579
0065,23:05,1385,20579
0065,23:10,1390,20579
0065,23:15,1395,20579
0065,23:16,1396,20579
0065,23:20,1400,20579
0066,09:00,540,0
0066,09:05,545,0
0066,09:10,550,0
0066,09:15,555,0
0066,09:20,560,0
0066,09:25,565,0
0066,09:30,570,0
0066,09:35,575,0
0066,09:40,580,0
0066,09:45,585,0
0066,09:50,590,0
0066,09:55,595,0
0066,10:00,600,0
0066,10:05,605,0
0066,10:10,610,0
0066,10:15,615,0
0066,10:20,620,0
0066,10:25,625,0
0066,10:30,630,0
0066,10:35,635,0
0066,10:40,640,0
0066,10:45,645,0
0066,10:50,650,0
0066,10:55,655,0
0066,11:00,660,0
0066,11:05,665,0
0066,11:10,670,0
0066,11:15,675,0
0066,11:20,680,0
0066,11:25,685,0
0066,11:30,690,-889
0066,11:35,695,-889
0066,11:40,700,-889
0066,11:45,705,-2400
0066,11:50,710,-2400
0066,11:55,715,-2400
0066,12:00,720,-2400
0066,12:05,725,-3733
0066,12:10,730,-3733
0066,12:15,735,-3733
0066,12:20,740,-3733
0066,12:25,745,-3733
0066,12:30,750,-3733
0066,12:35,755,-3733
0066,12:40,760,-3733
0066,12:45,765,-3733
0066,12:50,770,1897
0066,12:55,775,1897
0066,13:00,780,1897
0066,13:05,785,948
0066,13:10,790,948
0066,13:15,795,948
0066,13:20,800,948
0066,13:25,805,-267
0066,13:30,810,-267
0066,13:35,815,-267
0066,13:40,820,-267
0066,13:45,825,-267
0066,13:50,830,-1778
0066,13:55,835,-1778
0066,14:00,840,-1778
0066,14:05,845,-1778
0066,14:10,850,-3022
0066,14:15,855,-3022
0066,14:20,860,-3022
0066,14:25,865,-3022
0066,14:30,870,-4622
0066,14:35,875,-4622
0066,14:40,880,-4622
0066,14:45,885,-5422
0066,14:50,890,-5422
0066,14:55,895,-5422
0066,15:00,900,-5422
0066,15:05,905,-5422
0066,15:10,910,-6578
0066,15:15,915,-6578
0066,15:20,920,-6578
0066,15:25,925,-6578
0066,15:30,930,-800
0066,15:35,935,-800
0066,15:40,940,-800
0066,15:45,945,-1156
0066,15:50,950,-1156
0066,15:55,955,-1156
0066,16:00,960,-1156
0066,16:05,965,-1156
0066,16:10,970,-2133
0066,16:15,975,-2133
0066,16:20,980,-2133
0066,16:25,985,-2133
0066,16:30,990,-3467
0066,16:35,995,-3467
0066,16:40,1000,-3467
0066,16:45,1005,-3467
0066,16:50,1010,-4622
0066,16:55,1015,-4622
0066,17:00,1020,-4622
0066,17:05,1025,-6044
0066,17:10,1030,-6044
0066,17:15,1035,-6044
0066,17:20,1040,-6044
0066,17:25,1045,-6044
0066,17:30,1050,-7378
0066,17:35,1055,-7378
0066,17:40,1060,-7378
0066,17:45,1065,-7378
0066,17:50,1070,-3644
0066,17:55,1075,-3644
0066,18:00,1080,-3644
0066,18:05,1085,-3644
0066,18:10,1090,-3644
0066,18:15,1095,-3644
0066,18:20,1100,-3644
0066,18:25,1105,-3644
0066,18:30,1110,-3644
0066,18:35,1115,-3644
0066,18:40,1120,-3644
0066,18:45,1125,-3644
0066,18:50,1130,-3644
0066,18:55,1135,-3644
0066,19:00,1140,-3644
0066,19:05,1145,-3644
0066,19:10,1150,-3644
0066,19:15,1155,-3644
0066,19:20,1160,-3644
0066,19:25,1165,-4089
0066,19:30,1170,-4089
0066,19:35,1175,-4089
0066,19:40,1180,-4089
0066,19:45,1185,-3644
0066,19:50,1190,-3644
0066,19:55,1195,-3644
0066,20:00,1200,-3644
0066,20:05,1205,-3644
0066,20:10,1210,-1067
0066,20:15,1215,-1067
0066,20:20,1220,-1067
0066,20:25,1225,-1067
0066,20:30,1230,-2489
0066,20:35,1235,-2489
0066,20:40,1240,-2489
0066,20:45,1245,-2756
0066,20:50,1250,-2756
0066,20:55,1255,-2756
0066,21:00,1260,-2756
0066,21:05,1265,-2756
0066,21:10,1270,-2756
0066,21:15,1275,-2756
0066,21:20,1280,-2756
0066,21:25,1285,-2756
0066,21:30,1290,-2756
0066,21:35,1295,-2756
0066,21:40,1300,-2756
0066,21:45,1305,-3556
0066,21:50,1310,-3556
0066,21:55,1315,-3556
0066,22:00,1320,-3556
0066,22:05,1325,-3556
0066,22:10,1330,-3556
0066,22:15,1335,-3556
0066,22:20,1340,-3556
0066,22:25,1345,-3556
0066,22:30,1350,-3556
0066,22:35,1355,-3556
0066,22:40,1360,-3556
0066,22:45,1365,-3556
0066,22:50,1370,-3556
0066,22:55,1375,-3556
0066,23:00,1380,-3556
0066,23:05,1385,-3556
0066,23:10,1390,-3556
0066,23:15,1395,-3556
0066,23:16,1396,-3556
0066,23:20,1400,-3556
0067,09:00,540,0
0067,09:05,545,0
0067,09:10,550,0
0067,09:15,555,0
0067,09:20,560,0
0067,09:25,565,0
0067,09:30,570,0
0067,09:35,575,0
0067,09:40,580,0
0067,09:45,585,0
0067,09:50,590,0
0067,09:55,595,0
0067,10:00,600,0
0067,10:05,605,0
0067,10:10,610,0
0067,10:15,615,0
0067,10:20,620,0
0067,10:25,625,0
0067,10:30,630,0
0067,10:35,635,0
0067,10:40,640,-533
0067,10:45,645,-533
0067,10:50,650,-533
0067,10:55,655,-533
0067,11:00,660,-889
0067,11:05,665,-889
0067,11:10,670,-889
0067,11:15,675,-889
0067,11:20,680,-889
0067,11:25,685,-889
0067,11:30,690,-889
0067,11:35,695,-889
0067,11:40,700,-889
0067,11:45,705,-1067
0067,11:50,710,-1067
0067,11:55,715,-1067
0067,12:00,720,-1067
0067,12:05,725,-1956
0067,12:10,730,-1956
0067,12:15,735,-1956
0067,12:20,740,-1956
0067,12:25,745,-1956
0067,12:30,750,-1956
0067,12:35,755,-1956
0067,12:40,760,-1956
0067,12:45,765,-1956
0067,12:50,770,-2133
0067,12:55,775,-2133
0067,13:00,780,-2133
0067,13:05,785,-2667
0067,13:10,790,-2667
0067,13:15,795,-2667
0067,13:20,800,-2667
0067,13:25,805,-3556
0067,13:30,810,-3556
0067,13:35,815,-3556
0067,13:40,820,-3556
0067,13:45,825,-3556
0067,13:50,830,-4800
0067,13:55,835,-4800
0067,14:00,840,-4800
0067,14:05,845,-4800
0067,14:10,850,-4089
0067,14:15,855,-4089
0067,14:20,860,-4089
0067,14:25,865,-4089
0067,14:30,870,-5511
0067,14:35,875,-5511
0067,14:40,880,-5511
0067,14:45,885,-3378
0067,14:50,890,-3378
0067,14:55,895,-3378
0067,15:00,900,-3378
0067,15:05,905,-3378
0067,15:10,910,-1067
0067,15:15,915,-1067
0067,15:20,920,-1067
0067,15:25,925,-1067
0067,15:30,930,-2667
0067,15:35,935,-2667
0067,15:40,940,-2667
0067,15:45,945,-3378
0067,15:50,950,-3378
0067,15:55,955,-3378
0067,16:00,960,-3378
0067,16:05,965,-3378
0067,16:10,970,-3378
0067,16:15,975,-3378
0067,16:20,980,-3378
0067,16:25,985,-3378
0067,16:30,990,-4622
0067,16:35,995,-4622
0067,16:40,1000,-4622
0067,16:45,1005,-4622
0067,16:50,1010,-6044
0067,16:55,1015,-6044
0067,17:00,1020,-6044
0067,17:05,1025,-7289
0067,17:10,1030,-7289
0067,17:15,1035,-7289
0067,17:20,1040,-7289
0067,17:25,1045,-7289
0067,17:30,1050,-8356
0067,17:35,1055,-8356
0067,17:40,1060,-8356
0067,17:45,1065,-8356
0067,17:50,1070,-9778
0067,17:55,1075,-9778
0067,18:00,1080,-9778
0067,18:05,1085,-9778
0067,18:10,1090,-10844
0067,18:15,1095,-10844
0067,18:20,1100,-10844
0067,18:25,1105,-4089
0067,18:30,1110,-4089
0067,18:35,1115,-4089
0067,18:40,1120,-4089
0067,18:45,1125,-4089
0067,18:50,1130,-4978
0067,18:55,1135,-4978
0067,19:00,1140,-4978
0067,19:05,1145,-4978
0067,19:10,1150,-5156
0067,19:15,1155,-5156
0067,19:20,1160,-5156
0067,19:25,1165,-5511
0067,19:30,1170,-5511
0067,19:35,1175,-5511
0067,19:40,1180,-5511
0067,19:45,1185,-5511
0067,19:50,1190,-5511
0067,19:55,1195,-5511
0067,20:00,1200,-5511
0067,20:05,1205,-5511
0067,20:10,1210,-5511
0067,20:15,1215,-5511
0067,20:20,1220,-5511
0067,20:25,1225,-5511
0067,20:30,1230,-6222
0067,20:35,1235,-6222
0067,20:40,1240,-6222
0067,20:45,1245,-6222
0067,20:50,1250,-6222
0067,20:55,1255,-6222
0067,21:00,1260,-6222
0067,21:05,1265,-6222
0067,21:10,1270,-6222
0067,21:15,1275,-6222
0067,21:20,1280,-6222
0067,21:25,1285,-6222
0067,21:30,1290,-6222
0067,21:35,1295,-6222
0067,21:40,1300,-6222
0067,21:45,1305,-6222
0067,21:50,1310,-6222
0067,21:55,1315,-6222
0067,22:00,1320,-6222
0067,22:05,1325,-6222
0067,22:10,1330,-6222
0067,22:15,1335,-6222
0067,22:20,1340,-6222
0067,22:25,1345,-6222
0067,22:30,1350,-6222
0067,22:35,1355,-6222
0067,22:40,1360,-6222
0067,22:45,1365,-6222
0067,22:50,1370,-6222
0067,22:55,1375,-6222
0067,23:00,1380,-6222
0067,23:05,1385,-6222
0067,23:10,1390,-6222
0067,23:15,1395,-6222
0067,23:16,1396,-6222
0067,23:20,1400,-6222
0068,09:00,540,0
0068,09:05,545,0
0068,09:10,550,0
0068,09:15,555,0
0068,09:20,560,0
0068,09:25,565,0
0068,09:30,570,0
0068,09:35,575,0
0068,09:40,580,0
0068,09:45,585,0
0068,09:50,590,0
0068,09:55,595,0
0068,10:00,600,0
0068,10:05,605,0
0068,10:10,610,0
0068,10:15,615,0
0068,10:20,620,0
0068,10:25,625,0
0068,10:30,630,0
0068,10:35,635,0
0068,10:40,640,0
0068,10:45,645,0
0068,10:50,650,0
0068,10:55,655,0
0068,11:00,660,0
0068,11:05,665,0
0068,11:10,670,0
0068,11:15,675,0
0068,11:20,680,0
0068,11:25,685,0
0068,11:30,690,-1244
0068,11:35,695,-1244
0068,11:40,700,-1244
0068,11:45,705,-1867
0068,11:50,710,-1867
0068,11:55,715,-1867
0068,12:00,720,-1867
0068,12:05,725,-2400
0068,12:10,730,-2400
0068,12:15,735,-2400
0068,12:20,740,-2400
0068,12:25,745,-2400
0068,12:30,750,-2222
0068,12:35,755,-2222
0068,12:40,760,-2222
0068,12:45,765,-2222
0068,12:50,770,1724
0068,12:55,775,1724
0068,13:00,780,1724
0068,13:05,785,1724
0068,13:10,790,1724
0068,13:15,795,1724
0068,13:20,800,1724
0068,13:25,805,1724
0068,13:30,810,1724
0068,13:35,815,1724
0068,13:40,820,1724
0068,13:45,825,1724
0068,13:50,830,345
0068,13:55,835,345
0068,14:00,840,345
0068,14:05,845,345
0068,14:10,850,-622
0068,14:15,855,-622
0068,14:20,860,-622
0068,14:25,865,-622
0068,14:30,870,-1600
0068,14:35,875,-1600
0068,14:40,880,-1600
0068,14:45,885,-2667
0068,14:50,890,-2667
0068,14:55,895,-2667
0068,15:00,900,-2667
0068,15:05,905,-2667
0068,15:10,910,-3378
0068,15:15,915,-3378
0068,15:20,920,-3378
0068,15:25,925,-3378
0068,15:30,930,-4089
0068,15:35,935,-4089
0068,15:40,940,-4089
0068,15:45,945,-4711
0068,15:50,950,-4711
0068,15:55,955,-4711
0068,16:00,960,-4711
0068,16:05,965,-4711
0068,16:10,970,-5156
0068,16:15,975,-5156
0068,16:20,980,-5156
0068,16:25,985,-5156
0068,16:30,990,-6044
0068,16:35,995,-6044
0068,16:40,1000,-6044
0068,16:45,1005,-6044
0068,16:50,1010,-6044
0068,16:55,1015,-6044
0068,17:00,1020,-6044
0068,17:05,1025,-6400
0068,17:10,1030,-6400
0068,17:15,1035,-6400
0068,17:20,1040,-6400
0068,17:25,1045,-6400
0068,17:30,1050,-6667
0068,17:35,1055,-6667
0068,17:40,1060,-6667
0068,17:45,1065,-6667
0068,17:50,1070,-7022
0068,17:55,1075,-7022
0068,18:00,1080,-7022
0068,18:05,1085,-7022
0068,18:10,1090,-7022
0068,18:15,1095,-7022
0068,18:20,1100,-7022
0068,18:25,1105,-7289
0068,18:30,1110,-7289
0068,18:35,1115,-7289
0068,18:40,1120,-7289
0068,18:45,1125,-7289
0068,18:50,1130,-7733
0068,18:55,1135,-7733
0068,19:00,1140,-7733
0068,19:05,1145,-7733
0068,19:10,1150,-7733
0068,19:15,1155,-7733
0068,19:20,1160,-7733
0068,19:25,1165,-7911
0068,19:30,1170,-7911
0068,19:35,1175,-7911
0068,19:40,1180,-7911
0068,19:45,1185,-8178
0068,19:50,1190,-8178
0068,19:55,1195,-8178
0068,20:00,1200,-8178
0068,20:05,1205,-8178
0068,20:10,1210,-5422
0068,20:15,1215,-5422
0068,20:20,1220,-5422
0068,20:25,1225,-5422
0068,20:30,1230,-2756
0068,20:35,1235,-2756
0068,20:40,1240,-2756
0068,20:45,1245,-4089
0068,20:50,1250,-4089
0068,20:55,1255,-4089
0068,21:00,1260,-4089
0068,21:05,1265,-4089
0068,21:10,1270,-4089
0068,21:15,1275,-4089
0068,21:20,1280,-4089
0068,21:25,1285,-4089
0068,21:30,1290,-4089
0068,21:35,1295,-4089
0068,21:40,1300,-4089
0068,21:45,1305,-4089
0068,21:50,1310,-4089
0068,21:55,1315,-4089
0068,22:00,1320,-4089
0068,22:05,1325,-4089
0068,22:10,1330,-4089
0068,22:15,1335,-4089
0068,22:20,1340,-4089
0068,22:25,1345,-4089
0068,22:30,1350,-4089
0068,22:35,1355,-4089
0068,22:40,1360,-4089
0068,22:45,1365,-4089
0068,22:50,1370,-4089
0068,22:55,1375,-4089
0068,23:00,1380,-4089
0068,23:05,1385,-4089
0068,23:10,1390,-4089
0068,23:15,1395,-4089
0068,23:16,1396,-4089
0068,23:20,1400,-4089
0069,09:00,540,0
0069,09:05,545,0
0069,09:10,550,0
0069,09:15,555,0
0069,09:20,560,0
0069,09:25,565,0
0069,09:30,570,0
0069,09:35,575,0
0069,09:40,580,0
0069,09:45,585,0
0069,09:50,590,0
0069,09:55,595,0
0069,10:00,600,0
0069,10:05,605,0
0069,10:10,610,0
0069,10:15,615,0
0069,10:20,620,0
0069,10:25,625,0
0069,10:30,630,0
0069,10:35,635,0
0069,10:40,640,0
0069,10:45,645,0
0069,10:50,650,0
0069,10:55,655,0
0069,11:00,660,0
0069,11:05,665,0
0069,11:10,670,0
0069,11:15,675,0
0069,11:20,680,0
0069,11:25,685,0
0069,11:30,690,0
0069,11:35,695,0
0069,11:40,700,0
0069,11:45,705,0
0069,11:50,710,0
0069,11:55,715,0
0069,12:00,720,0
0069,12:05,725,0
0069,12:10,730,0
0069,12:15,735,0
0069,12:20,740,0
0069,12:25,745,0
0069,12:30,750,0
0069,12:35,755,0
0069,12:40,760,0
0069,12:45,765,0
0069,12:50,770,0
0069,12:55,775,0
0069,13:00,780,0
0069,13:05,785,0
0069,13:10,790,0
0069,13:15,795,0
0069,13:20,800,0
0069,13:25,805,0
0069,13:30,810,0
0069,13:35,815,0
0069,13:40,820,0
0069,13:45,825,0
0069,13:50,830,0
0069,13:55,835,0
0069,14:00,840,0
0069,14:05,845,0
0069,14:10,850,0
0069,14:15,855,0
0069,14:20,860,0
0069,14:25,865,0
0069,14:30,870,1724
0069,14:35,875,1724
0069,14:40,880,1724
0069,14:45,885,345
0069,14:50,890,345
0069,14:55,895,345
0069,15:00,900,345
0069,15:05,905,345
0069,15:10,910,4138
0069,15:15,915,4138
0069,15:20,920,4138
0069,15:25,925,4138
0069,15:30,930,6379
0069,15:35,935,6379
0069,15:40,940,6379
0069,15:45,945,11207
0069,15:50,950,11207
0069,15:55,955,11207
0069,16:00,960,11207
0069,16:05,965,11207
0069,16:10,970,12069
0069,16:15,975,12069
0069,16:20,980,12069
0069,16:25,985,12069
0069,16:30,990,12241
0069,16:35,995,12241
0069,16:40,1000,12241
0069,16:45,1005,12241
0069,16:50,1010,11379
0069,16:55,1015,11379
0069,17:00,1020,11379
0069,17:05,1025,11034
0069,17:10,1030,11034
0069,17:15,1035,11034
0069,17:20,1040,11034
0069,17:25,1045,11034
0069,17:30,1050,9655
0069,17:35,1055,9655
0069,17:40,1060,9655
0069,17:45,1065,9655
0069,17:50,1070,8621
0069,17:55,1075,8621
0069,18:00,1080,8621
0069,18:05,1085,8621
0069,18:10,1090,8621
0069,18:15,1095,8621
0069,18:20,1100,8621
0069,18:25,1105,8448
0069,18:30,1110,8448
0069,18:35,1115,8448
0069,18:40,1120,8448
0069,18:45,1125,8448
0069,18:50,1130,8448
0069,18:55,1135,8448
0069,19:00,1140,8448
0069,19:05,1145,8448
0069,19:10,1150,8448
0069,19:15,1155,8448
0069,19:20,1160,8448
0069,19:25,1165,8448
0069,19:30,1170,8448
0069,19:35,1175,8448
0069,19:40,1180,8448
0069,19:45,1185,8448
0069,19:50,1190,8448
0069,19:55,1195,8448
0069,20:00,1200,8448
0069,20:05,1205,8448
0069,20:10,1210,8448
0069,20:15,1215,8448
0069,20:20,1220,8448
0069,20:25,1225,8448
0069,20:30,1230,8448
0069,20:35,1235,8448
0069,20:40,1240,8448
0069,20:45,1245,8448
0069,20:50,1250,8448
0069,20:55,1255,8448
0069,21:00,1260,8448
0069,21:05,1265,8448
0069,21:10,1270,8448
0069,21:15,1275,8448
0069,21:20,1280,8448
0069,21:25,1285,8448
0069,21:30,1290,8448
0069,21:35,1295,8448
0069,21:40,1300,8448
0069,21:45,1305,8448
0069,21:50,1310,8448
0069,21:55,1315,8448
0069,22:00,1320,8448
0069,22:05,1325,8448
0069,22:10,1330,8448
0069,22:15,1335,8448
0069,22:20,1340,8448
0069,22:25,1345,8448
0069,22:30,1350,8448
0069,22:35,1355,8448
0069,22:40,1360,8448
0069,22:45,1365,8448
0069,22:50,1370,8448
0069,22:55,1375,8448
0069,23:00,1380,8448
0069,23:05,1385,8448
0069,23:10,1390,8448
0069,23:15,1395,8448
0069,23:16,1396,8448
0069,23:20,1400,8448
0070,09:00,540,0
0070,09:05,545,0
0070,09:10,550,0
0070,09:15,555,0
0070,09:20,560,0
0070,09:25,565,0
0070,09:30,570,0
0070,09:35,575,0
0070,09:40,580,0
0070,09:45,585,0
0070,09:50,590,0
0070,09:55,595,0
0070,10:00,600,0
0070,10:05,605,0
0070,10:10,610,0
0070,10:15,615,0
0070,10:20,620,0
0070,10:25,625,-1067
0070,10:30,630,-1067
0070,10:35,635,-1067
0070,10:40,640,-1956
0070,10:45,645,-1956
0070,10:50,650,-1956
0070,10:55,655,-1956
0070,11:00,660,-3022
0070,11:05,665,-3022
0070,11:10,670,-3556
0070,11:15,675,-3556
0070,11:20,680,-3556
0070,11:25,685,-3556
0070,11:30,690,-5156
0070,11:35,695,-5156
0070,11:40,700,-5156
0070,11:45,705,-2667
0070,11:50,710,-2667
0070,11:55,715,-2667
0070,12:00,720,-2667
0070,12:05,725,-3556
0070,12:10,730,-3556
0070,12:15,735,-3556
0070,12:20,740,-3556
0070,12:25,745,-3556
0070,12:30,750,-2311
0070,12:35,755,-2311
0070,12:40,760,-2311
0070,12:45,765,-2311
0070,12:50,770,862
0070,12:55,775,862
0070,13:00,780,862
0070,13:05,785,862
0070,13:10,790,862
0070,13:15,795,862
0070,13:20,800,862
0070,13:25,805,862
0070,13:30,810,862
0070,13:35,815,862
0070,13:40,820,862
0070,13:45,825,862
0070,13:50,830,172
0070,13:55,835,172
0070,14:00,840,172
0070,14:05,845,172
0070,14:10,850,-533
0070,14:15,855,-533
0070,14:20,860,-533
0070,14:25,865,-533
0070,14:30,870,-1778
0070,14:35,875,-1778
0070,14:40,880,-1778
0070,14:45,885,-3200
0070,14:50,890,-3200
0070,14:55,895,-3200
0070,15:00,900,-3200
0070,15:05,905,-3200
0070,15:10,910,-4444
0070,15:15,915,-4444
0070,15:20,920,-4444
0070,15:25,925,-4444
0070,15:30,930,-5333
0070,15:35,935,-5333
0070,15:40,940,-5333
0070,15:45,945,-6400
0070,15:50,950,-6400
0070,15:55,955,-6400
0070,16:00,960,-6400
0070,16:05,965,-6400
0070,16:10,970,-6400
0070,16:15,975,-6400
0070,16:20,980,-6400
0070,16:25,985,-6400
0070,16:30,990,-6400
0070,16:35,995,-6400
0070,16:40,1000,-6400
0070,16:45,1005,-6400
0070,16:50,1010,-6400
0070,16:55,1015,-6400
0070,17:00,1020,-6400
0070,17:05,1025,-6400
0070,17:10,1030,-6400
0070,17:15,1035,-6400
0070,17:20,1040,-6400
0070,17:25,1045,-6400
0070,17:30,1050,-7289
0070,17:35,1055,-7289
0070,17:40,1060,-7289
0070,17:45,1065,-7289
0070,17:50,1070,-8533
0070,17:55,1075,-8533
0070,18:00,1080,-8533
0070,18:05,1085,-8533
0070,18:10,1090,-9778
0070,18:15,1095,-9778
0070,18:20,1100,-9778
0070,18:25,1105,-1778
0070,18:30,1110,-1778
0070,18:35,1115,-1778
0070,18:40,1120,-1778
0070,18:45,1125,-1778
0070,18:50,1130,862
0070,18:55,1135,862
0070,19:00,1140,862
0070,19:05,1145,862
0070,19:10,1150,6034
0070,19:15,1155,6034
0070,19:20,1160,6034
0070,19:25,1165,10000
0070,19:30,1170,10000
0070,19:35,1175,10000
0070,19:40,1180,10000
0070,19:45,1185,8621
0070,19:50,1190,8621
0070,19:55,1195,8621
0070,20:00,1200,8621
0070,20:05,1205,8621
0070,20:10,1210,8621
0070,20:15,1215,8621
0070,20:20,1220,8621
0070,20:25,1225,8621
0070,20:30,1230,8621
0070,20:35,1235,8621
0070,20:40,1240,8621
0070,20:45,1245,8621
0070,20:50,1250,8621
0070,20:55,1255,8621
0070,21:00,1260,8621
0070,21:05,1265,8621
0070,21:10,1270,8621
0070,21:15,1275,8621
0070,21:20,1280,8621
0070,21:25,1285,8621
0070,21:30,1290,8621
0070,21:35,1295,8621
0070,21:40,1300,8621
0070,21:45,1305,8621
0070,21:50,1310,8621
0070,21:55,1315,8621
0070,22:00,1320,8621
0070,22:05,1325,7414
0070,22:10,1330,7414
0070,22:15,1335,7414
0070,22:20,1340,7414
0070,22:25,1345,7414
0070,22:30,1350,7414
0070,22:35,1355,7414
0070,22:40,1360,7414
0070,22:45,1365,7414
0070,22:50,1370,7414
0070,22:55,1375,7414
0070,23:00,1380,7414
0070,23:05,1385,7414
0070,23:10,1390,7414
0070,23:15,1395,7414
0070,23:16,1396,7414
0070,23:20,1400,7414
0071,09:00,540,0
0071,09:05,545,0
0071,09:10,550,0
0071,09:15,555,0
0071,09:20,560,0
0071,09:25,565,0
0071,09:30,570,0
0071,09:35,575,0
0071,09:40,580,0
0071,09:45,585,0
0071,09:50,590,0
0071,09:55,595,0
0071,10:00,600,0
0071,10:05,605,0
0071,10:10,610,0
0071,10:15,615,0
0071,10:20,620,0
0071,10:25,625,0
0071,10:30,630,0
0071,10:35,635,0
0071,10:40,640,0
0071,10:45,645,0
0071,10:50,650,0
0071,10:55,655,0
0071,11:00,660,0
0071,11:05,665,0
0071,11:10,670,0
0071,11:15,675,0
0071,11:20,680,0
0071,11:25,685,0
0071,11:30,690,0
0071,11:35,695,0
0071,11:40,700,0
0071,11:45,705,0
0071,11:50,710,0
0071,11:55,715,0
0071,12:00,720,0
0071,12:05,725,0
0071,12:10,730,0
0071,12:15,735,0
0071,12:20,740,0
0071,12:25,745,0
0071,12:30,750,-356
0071,12:35,755,-356
0071,12:40,760,-356
0071,12:45,765,-356
0071,12:50,770,-356
0071,12:55,775,-356
0071,13:00,780,-356
0071,13:05,785,-356
0071,13:10,790,-356
0071,13:15,795,-356
0071,13:20,800,-356
0071,13:25,805,-356
0071,13:30,810,-356
0071,13:35,815,-356
0071,13:40,820,-356
0071,13:45,825,-356
0071,13:50,830,-356
0071,13:55,835,-356
0071,14:00,840,-356
0071,14:05,845,-356
0071,14:10,850,-356
0071,14:15,855,-356
0071,14:20,860,-356
0071,14:25,865,-356
0071,14:30,870,-533
0071,14:35,875,-533
0071,14:40,880,-533
0071,14:45,885,-1778
0071,14:50,890,-1778
0071,14:55,895,-1778
0071,15:00,900,-1778
0071,15:05,905,-1778
0071,15:10,910,-1778
0071,15:15,915,-1778
0071,15:20,920,-1778
0071,15:25,925,-1778
0071,15:30,930,-3733
0071,15:35,935,-3733
0071,15:40,940,-3733
0071,15:45,945,-5333
0071,15:50,950,-5333
0071,15:55,955,-5333
0071,16:00,960,-5333
0071,16:05,965,-5333
0071,16:10,970,-1244
0071,16:15,975,-1244
0071,16:20,980,-1244
0071,16:25,985,-1244
0071,16:30,990,690
0071,16:35,995,690
0071,16:40,1000,690
0071,16:45,1005,690
0071,16:50,1010,6034
0071,16:55,1015,6034
0071,17:00,1020,6034
0071,17:05,1025,9138
0071,17:10,1030,9138
0071,17:15,1035,9138
0071,17:20,1040,9138
0071,17:25,1045,9138
0071,17:30,1050,13793
0071,17:35,1055,13793
0071,17:40,1060,13793
0071,17:45,1065,13793
0071,17:50,1070,12759
0071,17:55,1075,12759
0071,18:00,1080,12759
0071,18:05,1085,12759
0071,18:10,1090,12586
0071,18:15,1095,12586
0071,18:20,1100,12586
0071,18:25,1105,12586
0071,18:30,1110,12586
0071,18:35,1115,12586
0071,18:40,1120,12586
0071,18:45,1125,12586
0071,18:50,1130,12586
0071,18:55,1135,12586
0071,19:00,1140,12586
0071,19:05,1145,12586
0071,19:10,1150,12586
0071,19:15,1155,12586
0071,19:20,1160,12586
0071,19:25,1165,12586
0071,19:30,1170,12586
0071,19:35,1175,12586
0071,19:40,1180,12586
0071,19:45,1185,12586
0071,19:50,1190,12586
0071,19:55,1195,12586
0071,20:00,1200,12586
0071,20:05,1205,12586
0071,20:10,1210,12586
0071,20:15,1215,12586
0071,20:20,1220,12586
0071,20:25,1225,12586
0071,20:30,1230,12586
0071,20:35,1235,12586
0071,20:40,1240,12586
0071,20:45,1245,12586
0071,20:50,1250,12586
0071,20:55,1255,12586
0071,21:00,1260,12586
0071,21:05,1265,12586
0071,21:10,1270,12586
0071,21:15,1275,12586
0071,21:20,1280,12586
0071,21:25,1285,12586
0071,21:30,1290,12586
0071,21:35,1295,12586
0071,21:40,1300,12586
0071,21:45,1305,12586
0071,21:50,1310,12586
0071,21:55,1315,12586
0071,22:00,1320,12586
0071,22:05,1325,12586
0071,22:10,1330,12586
0071,22:15,1335,12586
0071,22:20,1340,12586
0071,22:25,1345,12586
0071,22:30,1350,12586
0071,22:35,1355,12586
0071,22:40,1360,12586
0071,22:45,1365,12586
0071,22:50,1370,12586
0071,22:55,1375,12586
0071,23:00,1380,12586
0071,23:05,1385,12586
0071,23:10,1390,12586
0071,23:15,1395,12586
0071,23:16,1396,12586
0071,23:20,1400,12586
0072,09:00,540,0
0072,09:05,545,0
0072,09:10,550,0
0072,09:15,555,0
0072,09:20,560,0
0072,09:25,565,0
0072,09:30,570,0
0072,09:35,575,0
0072,09:40,580,0
0072,09:45,585,0
0072,09:50,590,0
0072,09:55,595,0
0072,10:00,600,0
0072,10:05,605,0
0072,10:10,610,0
0072,10:15,615,0
0072,10:20,620,0
0072,10:25,625,-178
0072,10:30,630,-178
0072,10:35,635,-178
0072,10:40,640,-622
0072,10:45,645,-622
0072,10:50,650,-622
0072,10:55,655,-622
0072,11:00,660,-622
0072,11:05,665,-622
0072,11:10,670,-622
0072,11:15,675,-622
0072,11:20,680,-622
0072,11:25,685,-622
0072,11:30,690,-711
0072,11:35,695,-711
0072,11:40,700,-711
0072,11:45,705,-711
0072,11:50,710,-711
0072,11:55,715,-711
0072,12:00,720,-711
0072,12:05,725,-978
0072,12:10,730,-978
0072,12:15,735,-978
0072,12:20,740,-978
0072,12:25,745,-978
0072,12:30,750,-1156
0072,12:35,755,-1156
0072,12:40,760,-1156
0072,12:45,765,-1156
0072,12:50,770,-1956
0072,12:55,775,-1956
0072,13:00,780,-1956
0072,13:05,785,-1956
0072,13:10,790,-1956
0072,13:15,795,-1956
0072,13:20,800,-1956
0072,13:25,805,-2489
0072,13:30,810,-2489
0072,13:35,815,-2489
0072,13:40,820,-2489
0072,13:45,825,-2489
0072,13:50,830,-89
0072,13:55,835,-89
0072,14:00,840,-89
0072,14:05,845,-89
0072,14:10,850,-889
0072,14:15,855,-889
0072,14:20,860,-889
0072,14:25,865,-889
0072,14:30,870,-2489
0072,14:35,875,-2489
0072,14:40,880,-2489
0072,14:45,885,-3556
0072,14:50,890,-3556
0072,14:55,895,-3556
0072,15:00,900,-3556
0072,15:05,905,-3556
0072,15:10,910,-4533
0072,15:15,915,-4533
0072,15:20,920,-4533
0072,15:25,925,-4533
0072,15:30,930,-6311
0072,15:35,935,-6311
0072,15:40,940,-6311
0072,15:45,945,-7378
0072,15:50,950,-7378
0072,15:55,955,-7378
0072,16:00,960,-7378
0072,16:05,965,-7378
0072,16:10,970,-7733
0072,16:15,975,-7733
0072,16:20,980,-7733
0072,16:25,985,-7733
0072,16:30,990,-7733
0072,16:35,995,-7733
0072,16:40,1000,-7733
0072,16:45,1005,-7733
0072,16:50,1010,-7733
0072,16:55,1015,-7733
0072,17:00,1020,-7733
0072,17:05,1025,-7733
0072,17:10,1030,-7733
0072,17:15,1035,-7733
0072,17:20,1040,-7733
0072,17:25,1045,-7733
0072,17:30,1050,-8356
0072,17:35,1055,-8356
0072,17:40,1060,-8356
0072,17:45,1065,-8356
0072,17:50,1070,-8356
0072,17:55,1075,-8356
0072,18:00,1080,-8356
0072,18:05,1085,-8356
0072,18:10,1090,-8356
0072,18:15,1095,-8356
0072,18:20,1100,-8356
0072,18:25,1105,-8356
0072,18:30,1110,-8356
0072,18:35,1115,-8356
0072,18:40,1120,-8356
0072,18:45,1125,-8356
0072,18:50,1130,-8800
0072,18:55,1135,-8800
0072,19:00,1140,-8800
0072,19:05,1145,-8800
0072,19:10,1150,-8978
0072,19:15,1155,-8978
0072,19:20,1160,-8978
0072,19:25,1165,-8178
0072,19:30,1170,-8178
0072,19:35,1175,-8178
0072,19:40,1180,-8178
0072,19:45,1185,-8356
0072,19:50,1190,-8356
0072,19:55,1195,-8356
0072,20:00,1200,-8356
0072,20:05,1205,-8356
0072,20:10,1210,-9511
0072,20:15,1215,-9511
0072,20:20,1220,-9511
0072,20:25,1225,-9511
0072,20:30,1230,-9600
0072,20:35,1235,-9600
0072,20:40,1240,-9600
0072,20:45,1245,-9600
0072,20:50,1250,-9600
0072,20:55,1255,-9600
0072,21:00,1260,-9600
0072,21:05,1265,-9600
0072,21:10,1270,-9600
0072,21:15,1275,-9600
0072,21:20,1280,-9600
0072,21:25,1285,-9600
0072,21:30,1290,-9600
0072,21:35,1295,-9600
0072,21:40,1300,-9600
0072,21:45,1305,-9600
0072,21:50,1310,-9600
0072,21:55,1315,-9600
0072,22:00,1320,-9600
0072,22:05,1325,-9600
0072,22:10,1330,-9600
0072,22:15,1335,-9600
0072,22:20,1340,-9600
0072,22:25,1345,-9600
0072,22:30,1350,-9600
0072,22:35,1355,-9600
0072,22:40,1360,-9600
0072,22:45,1365,-9600
0072,22:50,1370,-9600
0072,22:55,1375,-9600
0072,23:00,1380,-9600
0072,23:05,1385,-9600
0072,23:10,1390,-9600
0072,23:15,1395,-9600
0072,23:16,1396,-9600
0072,23:20,1400,-9600
0073,09:00,540,0
0073,09:05,545,0
0073,09:10,550,0
0073,09:15,555,0
0073,09:20,560,0
0073,09:25,565,0
0073,09:30,570,0
0073,09:35,575,0
0073,09:40,580,0
0073,09:45,585,0
0073,09:50,590,0
0073,09:55,595,0
0073,10:00,600,0
0073,10:05,605,0
0073,10:10,610,0
0073,10:15,615,0
0073,10:20,620,0
0073,10:25,625,0
0073,10:30,630,0
0073,10:35,635,0
0073,10:40,640,0
0073,10:45,645,0
0073,10:50,650,0
0073,10:55,655,0
0073,11:00,660,0
0073,11:05,665,0
0073,11:10,670,0
0073,11:15,675,0
0073,11:20,680,0
0073,11:25,685,0
0073,11:30,690,0
0073,11:35,695,0
0073,11:40,700,0
0073,11:45,705,0
0073,11:50,710,0
0073,11:55,715,0
0073,12:00,720,0
0073,12:05,725,0
0073,12:10,730,0
0073,12:15,735,0
0073,12:20,740,0
0073,12:25,745,0
0073,12:30,750,0
0073,12:35,755,0
0073,12:40,760,0
0073,12:45,765,0
0073,12:50,770,0
0073,12:55,775,0
0073,13:00,780,0
0073,13:05,785,-356
0073,13:10,790,-356
0073,13:15,795,-356
0073,13:20,800,-356
0073,13:25,805,3966
0073,13:30,810,3966
0073,13:35,815,3966
0073,13:40,820,3966
0073,13:45,825,3966
0073,13:50,830,10000
0073,13:55,835,10000
0073,14:00,840,10000
0073,14:05,845,10000
0073,14:10,850,11034
0073,14:15,855,11034
0073,14:20,860,11034
0073,14:25,865,11034
0073,14:30,870,9483
0073,14:35,875,9483
0073,14:40,880,9483
0073,14:45,885,9483
0073,14:50,890,9483
0073,14:55,895,9483
0073,15:00,900,9483
0073,15:05,905,9483
0073,15:10,910,9483
0073,15:15,915,9483
0073,15:20,920,9483
0073,15:25,925,9483
0073,15:30,930,9310
0073,15:35,935,9310
0073,15:40,940,9310
0073,15:45,945,8966
0073,15:50,950,8966
0073,15:55,955,8966
0073,16:00,960,8966
0073,16:05,965,8966
0073,16:10,970,8448
0073,16:15,975,8448
0073,16:20,980,8448
0073,16:25,985,8448
0073,16:30,990,8103
0073,16:35,995,8103
0073,16:40,1000,8103
0073,16:45,1005,8103
0073,16:50,1010,7759
0073,16:55,1015,7759
0073,17:00,1020,7759
0073,17:05,1025,7759
0073,17:10,1030,7759
0073,17:15,1035,7759
0073,17:20,1040,7759
0073,17:25,1045,7759
0073,17:30,1050,6034
0073,17:35,1055,6034
0073,17:40,1060,6034
0073,17:45,1065,6034
0073,17:50,1070,7414
0073,17:55,1075,7414
0073,18:00,1080,7414
0073,18:05,1085,7414
0073,18:10,1090,9310
0073,18:15,1095,9310
0073,18:20,1100,9310
0073,18:25,1105,14828
0073,18:30,1110,14828
0073,18:35,1115,14828
0073,18:40,1120,14828
0073,18:45,1125,14828
0073,18:50,1130,15862
0073,18:55,1135,15862
0073,19:00,1140,15862
0073,19:05,1145,15862
0073,19:10,1150,15690
0073,19:15,1155,15690
0073,19:20,1160,15690
0073,19:25,1165,14828
0073,19:30,1170,14828
0073,19:35,1175,14828
0073,19:40,1180,14828
0073,19:45,1185,14828
0073,19:50,1190,14828
0073,19:55,1195,14828
0073,20:00,1200,14828
0073,20:05,1205,14828
0073,20:10,1210,14828
0073,20:15,1215,14828
0073,20:20,1220,14828
0073,20:25,1225,14828
0073,20:30,1230,13621
0073,20:35,1235,13621
0073,20:40,1240,13621
0073,20:45,1245,13621
0073,20:50,1250,13621
0073,20:55,1255,13621
0073,21:00,1260,13621
0073,21:05,1265,13621
0073,21:10,1270,13621
0073,21:15,1275,13621
0073,21:20,1280,13621
0073,21:25,1285,13621
0073,21:30,1290,13621
0073,21:35,1295,13621
0073,21:40,1300,13621
0073,21:45,1305,13621
0073,21:50,1310,13621
0073,21:55,1315,13621
0073,22:00,1320,13621
0073,22:05,1325,13621
0073,22:10,1330,13621
0073,22:15,1335,13621
0073,22:20,1340,13621
0073,22:25,1345,13621
0073,22:30,1350,13621
0073,22:35,1355,13621
0073,22:40,1360,13621
0073,22:45,1365,13621
0073,22:50,1370,13621
0073,22:55,1375,13621
0073,23:00,1380,13621
0073,23:05,1385,13621
0073,23:10,1390,13621
0073,23:15,1395,13621
0073,23:16,1396,13621
0073,23:20,1400,13621
0074,09:00,540,0
0074,09:05,545,0
0074,09:10,550,0
0074,09:15,555,0
0074,09:20,560,0
0074,09:25,565,0
0074,09:30,570,0
0074,09:35,575,0
0074,09:40,580,0
0074,09:45,585,0
0074,09:50,590,0
0074,09:55,595,0
0074,10:00,600,0
0074,10:05,605,0
0074,10:10,610,0
0074,10:15,615,0
0074,10:20,620,0
0074,10:25,625,-444
0074,10:30,630,-444
0074,10:35,635,-444
0074,10:40,640,-1422
0074,10:45,645,-1422
0074,10:50,650,-1422
0074,10:55,655,-1422
0074,11:00,660,-1511
0074,11:05,665,-1511
0074,11:10,670,-1511
0074,11:15,675,-1511
0074,11:20,680,-1511
0074,11:25,685,-1511
0074,11:30,690,-3111
0074,11:35,695,-3111
0074,11:40,700,-3111
0074,11:45,705,-4711
0074,11:50,710,-4711
0074,11:55,715,-4711
0074,12:00,720,-4711
0074,12:05,725,-6044
0074,12:10,730,-6044
0074,12:15,735,-6044
0074,12:20,740,-6044
0074,12:25,745,-6044
0074,12:30,750,-7911
0074,12:35,755,-7911
0074,12:40,760,-7911
0074,12:45,765,-7911
0074,12:50,770,-5867
0074,12:55,775,-5867
0074,13:00,780,-5867
0074,13:05,785,-3733
0074,13:10,790,-3733
0074,13:15,795,-3733
0074,13:20,800,-3733
0074,13:25,805,-3822
0074,13:30,810,-3822
0074,13:35,815,-3822
0074,13:40,820,-3822
0074,13:45,825,-3822
0074,13:50,830,259
0074,13:55,835,259
0074,14:00,840,259
0074,14:05,845,259
0074,14:10,850,-622
0074,14:15,855,-622
0074,14:20,860,-622
0074,14:25,865,-622
0074,14:30,870,1466
0074,14:35,875,1466
0074,14:40,880,1466
0074,14:45,885,862
0074,14:50,890,862
0074,14:55,895,862
0074,15:00,900,862
0074,15:05,905,862
0074,15:10,910,-444
0074,15:15,915,-444
0074,15:20,920,-444
0074,15:25,925,-444
0074,15:30,930,-2044
0074,15:35,935,-2044
0074,15:40,940,-2044
0074,15:45,945,-889
0074,15:50,950,-889
0074,15:55,955,-889
0074,16:00,960,-889
0074,16:05,965,-889
0074,16:10,970,-2133
0074,16:15,975,-2133
0074,16:20,980,-2133
0074,16:25,985,-2133
0074,16:30,990,-3289
0074,16:35,995,-3289
0074,16:40,1000,-3289
0074,16:45,1005,-3289
0074,16:50,1010,-4533
0074,16:55,1015,-4533
0074,17:00,1020,-4533
0074,17:05,1025,-5156
0074,17:10,1030,-5156
0074,17:15,1035,-5156
0074,17:20,1040,-5156
0074,17:25,1045,-5156
0074,17:30,1050,-6578
0074,17:35,1055,-6578
0074,17:40,1060,-6578
0074,17:45,1065,-6578
0074,17:50,1070,-7289
0074,17:55,1075,-7289
0074,18:00,1080,-7289
0074,18:05,1085,-7289
0074,18:10,1090,-3289
0074,18:15,1095,-3289
0074,18:20,1100,-3289
0074,18:25,1105,-1333
0074,18:30,1110,-1333
0074,18:35,1115,-1333
0074,18:40,1120,-1333
0074,18:45,1125,-1333
0074,18:50,1130,-2311
0074,18:55,1135,-2311
0074,19:00,1140,-2311
0074,19:05,1145,-2311
0074,19:10,1150,-2311
0074,19:15,1155,-2311
0074,19:20,1160,-2311
0074,19:25,1165,-2311
0074,19:30,1170,-2311
0074,19:35,1175,-2311
0074,19:40,1180,-2311
0074,19:45,1185,-2311
0074,19:50,1190,-2311
0074,19:55,1195,-2311
0074,20:00,1200,-2311
0074,20:05,1205,-2311
0074,20:10,1210,-2311
0074,20:15,1215,-2311
0074,20:20,1220,-2311
0074,20:25,1225,-2311
0074,20:30,1230,-2311
0074,20:35,1235,-2311
0074,20:40,1240,-2311
0074,20:45,1245,-2311
0074,20:50,1250,-2311
0074,20:55,1255,-2311
0074,21:00,1260,-2311
0074,21:05,1265,-2311
0074,21:10,1270,-2311
0074,21:15,1275,-2311
0074,21:20,1280,-2311
0074,21:25,1285,-2311
0074,21:30,1290,-2311
0074,21:35,1295,-2311
0074,21:40,1300,-2311
0074,21:45,1305,-2311
0074,21:50,1310,-2311
0074,21:55,1315,-2311
0074,22:00,1320,-2311
0074,22:05,1325,-2311
0074,22:10,1330,-2311
0074,22:15,1335,-2311
0074,22:20,1340,-2311
0074,22:25,1345,-2311
0074,22:30,1350,-2311
0074,22:35,1355,-2311
0074,22:40,1360,-2311
0074,22:45,1365,-2311
0074,22:50,1370,-2311
0074,22:55,1375,-2311
0074,23:00,1380,-2311
0074,23:05,1385,-2311
0074,23:10,1390,-2311
0074,23:15,1395,-2311
0074,23:16,1396,-2311
0074,23:20,1400,-2311
0075,09:00,540,0
0075,09:05,545,0
0075,09:10,550,0
0075,09:15,555,0
0075,09:20,560,0
0075,09:25,565,0
0075,09:30,570,0
0075,09:35,575,0
0075,09:40,580,0
0075,09:45,585,0
0075,09:50,590,0
0075,09:55,595,0
0075,10:00,600,0
0075,10:05,605,0
0075,10:10,610,0
0075,10:15,615,0
0075,10:20,620,0
0075,10:25,625,-178
0075,10:30,630,-178
0075,10:35,635,-178
0075,10:40,640,-178
0075,10:45,645,-178
0075,10:50,650,-178
0075,10:55,655,-178
0075,11:00,660,-178
0075,11:05,665,-178
0075,11:10,670,-178
0075,11:15,675,-178
0075,11:20,680,-178
0075,11:25,685,-178
0075,11:30,690,-178
0075,11:35,695,-178
0075,11:40,700,-178
0075,11:45,705,-1244
0075,11:50,710,-1244
0075,11:55,715,-1244
0075,12:00,720,-1244
0075,12:05,725,1034
0075,12:10,730,1034
0075,12:15,735,1034
0075,12:20,740,1034
0075,12:25,745,1034
0075,12:30,750,3276
0075,12:35,755,3276
0075,12:40,760,3276
0075,12:45,765,3276
0075,12:50,770,2586
0075,12:55,775,2586
0075,13:00,780,2586
0075,13:05,785,1207
0075,13:10,790,1207
0075,13:15,795,1207
0075,13:20,800,1207
0075,13:25,805,5172
0075,13:30,810,5172
0075,13:35,815,5172
0075,13:40,820,5172
0075,13:45,825,5172
0075,13:50,830,4828
0075,13:55,835,4828
0075,14:00,840,4828
0075,14:05,845,4828
0075,14:10,850,3621
0075,14:15,855,3621
0075,14:20,860,3621
0075,14:25,865,3621
0075,14:30,870,1897
0075,14:35,875,1897
0075,14:40,880,1897
0075,14:45,885,1552
0075,14:50,890,1552
0075,14:55,895,1552
0075,15:00,900,1552
0075,15:05,905,1552
0075,15:10,910,1379
0075,15:15,915,1379
0075,15:20,920,1379
0075,15:25,925,1379
0075,15:30,930,517
0075,15:35,935,517
0075,15:40,940,517
0075,15:45,945,-356
0075,15:50,950,-356
0075,15:55,955,-356
0075,16:00,960,-356
0075,16:05,965,-356
0075,16:10,970,-1422
0075,16:15,975,-1422
0075,16:20,980,-1422
0075,16:25,985,-1422
0075,16:30,990,-1422
0075,16:35,995,-1422
0075,16:40,1000,-1422
0075,16:45,1005,-1422
0075,16:50,1010,-1778
0075,16:55,1015,-1778
0075,17:00,1020,-1778
0075,17:05,1025,-2844
0075,17:10,1030,-2844
0075,17:15,1035,-2844
0075,17:20,1040,-2844
0075,17:25,1045,-2844
0075,17:30,1050,-4267
0075,17:35,1055,-4267
0075,17:40,1060,-4267
0075,17:45,1065,-4267
0075,17:50,1070,-4267
0075,17:55,1075,-4267
0075,18:00,1080,-4267
0075,18:05,1085,-4267
0075,18:10,1090,-4800
0075,18:15,1095,-4800
0075,18:20,1100,-4800
0075,18:25,1105,-4800
0075,18:30,1110,-4800
0075,18:35,1115,-4800
0075,18:40,1120,-4800
0075,18:45,1125,-4800
0075,18:50,1130,-5333
0075,18:55,1135,-5333
0075,19:00,1140,-5333
0075,19:05,1145,-5333
0075,19:10,1150,-5867
0075,19:15,1155,-5867
0075,19:20,1160,-5867
0075,19:25,1165,-5867
0075,19:30,1170,-5867
0075,19:35,1175,-5867
0075,19:40,1180,-5867
0075,19:45,1185,-1778
0075,19:50,1190,-1778
0075,19:55,1195,-1778
0075,20:00,1200,-1778
0075,20:05,1205,-1778
0075,20:10,1210,-3022
0075,20:15,1215,-3022
0075,20:20,1220,-3022
0075,20:25,1225,-3022
0075,20:30,1230,6207
0075,20:35,1235,6207
0075,20:40,1240,6207
0075,20:45,1245,9310
0075,20:50,1250,9310
0075,20:55,1255,9310
0075,21:00,1260,9310
0075,21:05,1265,9310
0075,21:10,1270,14828
0075,21:15,1275,14828
0075,21:20,1280,14828
0075,21:25,1285,14828
0075,21:30,1290,15172
0075,21:35,1295,15172
0075,21:40,1300,15172
0075,21:45,1305,14310
0075,21:50,1310,14310
0075,21:55,1315,14310
0075,22:00,1320,14310
0075,22:05,1325,14310
0075,22:10,1330,14310
0075,22:15,1335,14310
0075,22:20,1340,14310
0075,22:25,1345,14310
0075,22:30,1350,14310
0075,22:35,1355,14310
0075,22:40,1360,14310
0075,22:45,1365,14310
0075,22:50,1370,14310
0075,22:55,1375,14310
0075,23:00,1380,14310
0075,23:05,1385,14310
0075,23:10,1390,14310
0075,23:15,1395,14310
0075,23:16,1396,14310
0075,23:20,1400,14310
0076,09:00,540,0
0076,09:05,545,0
0076,09:10,550,0
0076,09:15,555,0
0076,09:20,560,0
0076,09:25,565,0
0076,09:30,570,0
0076,09:35,575,0
0076,09:40,580,0
0076,09:45,585,0
0076,09:50,590,0
0076,09:55,595,0
0076,10:00,600,0
0076,10:05,605,0
0076,10:10,610,0
0076,10:15,615,0
0076,10:20,620,0
0076,10:25,625,0
0076,10:30,630,0
0076,10:35,635,0
0076,10:40,640,0
0076,10:45,645,0
0076,10:50,650,0
0076,10:55,655,0
0076,11:00,660,0
0076,11:05,665,0
0076,11:10,670,0
0076,11:15,675,0
0076,11:20,680,0
0076,11:25,685,0
0076,11:30,690,0
0076,11:35,695,0
0076,11:40,700,0
0076,11:45,705,0
0076,11:50,710,0
0076,11:55,715,0
0076,12:00,720,0
0076,12:05,725,0
0076,12:10,730,0
0076,12:15,735,0
0076,12:20,740,0
0076,12:25,745,0
0076,12:30,750,0
0076,12:35,755,0
0076,12:40,760,0
0076,12:45,765,0
0076,12:50,770,0
0076,12:55,775,0
0076,13:00,780,0
0076,13:05,785,0
0076,13:10,790,0
0076,13:15,795,0
0076,13:20,800,0
0076,13:25,805,0
0076,13:30,810,0
0076,13:35,815,0
0076,13:40,820,0
0076,13:45,825,0
0076,13:50,830,0
0076,13:55,835,0
0076,14:00,840,0
0076,14:05,845,0
0076,14:10,850,0
0076,14:15,855,0
0076,14:20,860,0
0076,14:25,865,0
0076,14:30,870,0
0076,14:35,875,0
0076,14:40,880,0
0076,14:45,885,0
0076,14:50,890,0
0076,14:55,895,0
0076,15:00,900,0
0076,15:05,905,0
0076,15:10,910,-533
0076,15:15,915,-533
0076,15:20,920,-533
0076,15:25,925,-533
0076,15:30,930,-2311
0076,15:35,935,-2311
0076,15:40,940,-2311
0076,15:45,945,-1600
0076,15:50,950,-1600
0076,15:55,955,-1600
0076,16:00,960,-1600
0076,16:05,965,-1600
0076,16:10,970,-3022
0076,16:15,975,-3022
0076,16:20,980,-3022
0076,16:25,985,-3022
0076,16:30,990,2069
0076,16:35,995,2069
0076,16:40,1000,2069
0076,16:45,1005,2069
0076,16:50,1010,4138
0076,16:55,1015,4138
0076,17:00,1020,4138
0076,17:05,1025,2759
0076,17:10,1030,2759
0076,17:15,1035,2759
0076,17:20,1040,2759
0076,17:25,1045,2759
0076,17:30,1050,1034
0076,17:35,1055,1034
0076,17:40,1060,1034
0076,17:45,1065,1034
0076,17:50,1070,6207
0076,17:55,1075,6207
0076,18:00,1080,6207
0076,18:05,1085,6207
0076,18:10,1090,11724
0076,18:15,1095,11724
0076,18:20,1100,11724
0076,18:25,1105,12586
0076,18:30,1110,12586
0076,18:35,1115,12586
0076,18:40,1120,12586
0076,18:45,1125,12586
0076,18:50,1130,12586
0076,18:55,1135,12586
0076,19:00,1140,12586
0076,19:05,1145,12586
0076,19:10,1150,12586
0076,19:15,1155,12586
0076,19:20,1160,12586
0076,19:25,1165,11552
0076,19:30,1170,11552
0076,19:35,1175,11552
0076,19:40,1180,11552
0076,19:45,1185,11379
0076,19:50,1190,11379
0076,19:55,1195,11379
0076,20:00,1200,11379
0076,20:05,1205,11379
0076,20:10,1210,11379
0076,20:15,1215,11379
0076,20:20,1220,11379
0076,20:25,1225,11379
0076,20:30,1230,11379
0076,20:35,1235,11379
0076,20:40,1240,11379
0076,20:45,1245,11379
0076,20:50,1250,11379
0076,20:55,1255,11379
0076,21:00,1260,11379
0076,21:05,1265,11379
0076,21:10,1270,11207
0076,21:15,1275,11207
0076,21:20,1280,11207
0076,21:25,1285,11207
0076,21:30,1290,11207
0076,21:35,1295,11207
0076,21:40,1300,11207
0076,21:45,1305,11207
0076,21:50,1310,11207
0076,21:55,1315,11207
0076,22:00,1320,11207
0076,22:05,1325,11207
0076,22:10,1330,11207
0076,22:15,1335,11207
0076,22:20,1340,11207
0076,22:25,1345,11207
0076,22:30,1350,11207
0076,22:35,1355,11207
0076,22:40,1360,11207
0076,22:45,1365,11207
0076,22:50,1370,11207
0076,22:55,1375,11207
0076,23:00,1380,11207
0076,23:05,1385,11207
0076,23:10,1390,11207
0076,23:15,1395,11207
0076,23:16,1396,11207
0076,23:20,1400,11207
0077,09:00,540,0
0077,09:05,545,0
0077,09:10,550,0
0077,09:15,555,0
0077,09:20,560,0
0077,09:25,565,0
0077,09:30,570,0
0077,09:35,575,0
0077,09:40,580,0
0077,09:45,585,0
0077,09:50,590,0
0077,09:55,595,0
0077,10:00,600,0
0077,10:05,605,0
0077,10:10,610,0
0077,10:15,615,0
0077,10:20,620,0
0077,10:25,625,-533
0077,10:30,630,-533
0077,10:35,635,-533
0077,10:40,640,-1600
0077,10:45,645,-1600
0077,10:50,650,-1600
0077,10:55,655,-1600
0077,11:00,660,-2667
0077,11:05,665,-2667
0077,11:10,670,-3022
0077,11:15,675,-3022
0077,11:20,680,-3022
0077,11:25,685,-3022
0077,11:30,690,-4800
0077,11:35,695,-4800
0077,11:40,700,-4800
0077,11:45,705,-6222
0077,11:50,710,-6222
0077,11:55,715,-6222
0077,12:00,720,-6222
0077,12:05,725,-7467
0077,12:10,730,-7467
0077,12:15,735,-7467
0077,12:20,740,-7467
0077,12:25,745,-7467
0077,12:30,750,-5156
0077,12:35,755,-5156
0077,12:40,760,-5156
0077,12:45,765,-5156
0077,12:50,770,-1600
0077,12:55,775,-1600
0077,13:00,780,-1600
0077,13:05,785,-2667
0077,13:10,790,-2667
0077,13:15,795,-2667
0077,13:20,800,-2667
0077,13:25,805,-4444
0077,13:30,810,-4444
0077,13:35,815,-4444
0077,13:40,820,-4444
0077,13:45,825,-4444
0077,13:50,830,-6044
0077,13:55,835,-6044
0077,14:00,840,-6044
0077,14:05,845,-6044
0077,14:10,850,-7289
0077,14:15,855,-7289
0077,14:20,860,-7289
0077,14:25,865,-7289
0077,14:30,870,-8711
0077,14:35,875,-8711
0077,14:40,880,-8711
0077,14:45,885,-6578
0077,14:50,890,-6578
0077,14:55,895,-6578
0077,15:00,900,-6578
0077,15:05,905,-6578
0077,15:10,910,-7467
0077,15:15,915,-7467
0077,15:20,920,-7467
0077,15:25,925,-7467
0077,15:30,930,-9244
0077,15:35,935,-9244
0077,15:40,940,-9244
0077,15:45,945,-10489
0077,15:50,950,-10489
0077,15:55,955,-10489
0077,16:00,960,-10489
0077,16:05,965,-10489
0077,16:10,970,-11733
0077,16:15,975,-11733
0077,16:20,980,-11733
0077,16:25,985,-11733
0077,16:30,990,-13333
0077,16:35,995,-13333
0077,16:40,1000,-13333
0077,16:45,1005,-13333
0077,16:50,1010,-11378
0077,16:55,1015,-11378
0077,17:00,1020,-11378
0077,17:05,1025,-12444
0077,17:10,1030,-12444
0077,17:15,1035,-12444
0077,17:20,1040,-12444
0077,17:25,1045,-12444
0077,17:30,1050,-14222
0077,17:35,1055,-14222
0077,17:40,1060,-14222
0077,17:45,1065,-14222
0077,17:50,1070,-12089
0077,17:55,1075,-12089
0077,18:00,1080,-12089
0077,18:05,1085,-12089
0077,18:10,1090,-5156
0077,18:15,1095,-5156
0077,18:20,1100,-5156
0077,18:25,1105,-889
0077,18:30,1110,-889
0077,18:35,1115,-889
0077,18:40,1120,-889
0077,18:45,1125,-889
0077,18:50,1130,-889
0077,18:55,1135,-889
0077,19:00,1140,-889
0077,19:05,1145,-889
0077,19:10,1150,-1244
0077,19:15,1155,-1244
0077,19:20,1160,-1244
0077,19:25,1165,-1244
0077,19:30,1170,-1244
0077,19:35,1175,-1244
0077,19:40,1180,-1244
0077,19:45,1185,-1422
0077,19:50,1190,-1422
0077,19:55,1195,-1422
0077,20:00,1200,-1422
0077,20:05,1205,-1422
0077,20:10,1210,-1422
0077,20:15,1215,-1422
0077,20:20,1220,-1422
0077,20:25,1225,-1422
0077,20:30,1230,-1422
0077,20:35,1235,-1422
0077,20:40,1240,-1422
0077,20:45,1245,-1600
0077,20:50,1250,-1600
0077,20:55,1255,-1600
0077,21:00,1260,-1600
0077,21:05,1265,-1600
0077,21:10,1270,-1778
0077,21:15,1275,-1778
0077,21:20,1280,-1778
0077,21:25,1285,-1778
0077,21:30,1290,-1778
0077,21:35,1295,-1778
0077,21:40,1300,-1778
0077,21:45,1305,-1778
0077,21:50,1310,-1778
0077,21:55,1315,-1778
0077,22:00,1320,-1778
0077,22:05,1325,-1778
0077,22:10,1330,-1778
0077,22:15,1335,-1778
0077,22:20,1340,-1778
0077,22:25,1345,-1778
0077,22:30,1350,-1778
0077,22:35,1355,-1778
0077,22:40,1360,-1778
0077,22:45,1365,-1778
0077,22:50,1370,-1778
0077,22:55,1375,-1778
0077,23:00,1380,-1778
0077,23:05,1385,-1778
0077,23:10,1390,-1778
0077,23:15,1395,-1778
0077,23:16,1396,-1778
0077,23:20,1400,-1778
