machine,time,minute,value
0039,09:00,540,0
0039,09:05,545,0
0039,09:10,550,0
0039,09:15,555,0
0039,09:20,560,0
0039,09:25,565,0
0039,09:30,570,0
0039,09:35,575,0
0039,09:40,580,0
0039,09:45,585,0
0039,09:50,590,0
0039,09:55,595,0
0039,10:00,600,0
0039,10:05,605,0
0039,10:10,610,-356
0039,10:15,615,-356
0039,10:20,620,-356
0039,10:25,625,-1244
0039,10:30,630,-1244
0039,10:35,635,-1244
0039,10:40,640,-1244
0039,10:45,645,-1244
0039,10:50,650,-1244
0039,10:55,655,-1244
0039,11:00,660,-1600
0039,11:05,665,-1600
0039,11:10,670,-2133
0039,11:15,675,-2133
0039,11:20,680,-2133
0039,11:25,685,-2133
0039,11:30,690,-3022
0039,11:35,695,-3022
0039,11:40,700,-3022
0039,11:45,705,-3200
0039,11:50,710,-3200
0039,11:55,715,-3200
0039,12:00,720,-3200
0039,12:05,725,-3378
0039,12:10,730,-3378
0039,12:15,735,-3378
0039,12:20,740,-3378
0039,12:25,745,-3378
0039,12:30,750,-4089
0039,12:35,755,-4089
0039,12:40,760,-4089
0039,12:45,765,-4089
0039,12:50,770,-4622
0039,12:55,775,-4622
0039,13:00,780,-4622
0039,13:05,785,-4622
0039,13:10,790,-4622
0039,13:15,795,-4622
0039,13:20,800,-4622
0039,13:25,805,-5689
0039,13:30,810,-5689
0039,13:35,815,-5689
0039,13:40,820,-5689
0039,13:45,825,-5689
0039,13:50,830,-6578
0039,13:55,835,-6578
0039,14:00,840,-6578
0039,14:05,845,-6578
0039,14:10,850,-7644
0039,14:15,855,-7644
0039,14:20,860,-7644
0039,14:25,865,-7644
0039,14:30,870,-7467
0039,14:35,875,-7467
0039,14:40,880,-7467
0039,14:45,885,-8711
0039,14:50,890,-8711
0039,14:55,895,-8711
0039,15:00,900,-8711
0039,15:05,905,-8711
0039,15:10,910,-8889
0039,15:15,915,-8889
0039,15:20,920,-8889
0039,15:25,925,-8889
0039,15:30,930,-10489
0039,15:35,935,-10489
0039,15:40,940,-10489
0039,15:45,945,-11556
0039,15:50,950,-11556
0039,15:55,955,-11556
0039,16:00,960,-11556
0039,16:05,965,-11556
0039,16:10,970,-12622
0039,16:15,975,-12622
0039,16:20,980,-12622
0039,16:25,985,-12622
0039,16:30,990,-14400
0039,16:35,995,-14400
0039,16:40,1000,-14400
0039,16:45,1005,-14400
0039,16:50,1010,-7467
0039,16:55,1015,-7467
0039,17:00,1020,-7467
0039,17:05,1025,-6756
0039,17:10,1030,-6756
0039,17:15,1035,-6756
0039,17:20,1040,-6756
0039,17:25,1045,-6756
0039,17:30,1050,-7644
0039,17:35,1055,-7644
0039,17:40,1060,-7644
0039,17:45,1065,-7644
0039,17:50,1070,-8000
0039,17:55,1075,-8000
0039,18:00,1080,-8000
0039,18:05,1085,-8000
0039,18:10,1090,-8178
0039,18:15,1095,-8178
0039,18:20,1100,-8178
0039,18:25,1105,-8178
0039,18:30,1110,-8178
0039,18:35,1115,-8178
0039,18:40,1120,-8178
0039,18:45,1125,-8178
0039,18:50,1130,-8711
0039,18:55,1135,-8711
0039,19:00,1140,-8711
0039,19:05,1145,-8711
0039,19:10,1150,-8711
0039,19:15,1155,-8711
0039,19:20,1160,-8711
0039,19:25,1165,-8889
0039,19:30,1170,-8889
0039,19:35,1175,-8889
0039,19:40,1180,-8889
0039,19:45,1185,-9422
0039,19:50,1190,-9422
0039,19:55,1195,-9422
0039,20:00,1200,-9422
0039,20:05,1205,-9422
0039,20:10,1210,-9422
0039,20:15,1215,-9422
0039,20:20,1220,-9422
0039,20:25,1225,-9422
0039,20:30,1230,-9422
0039,20:35,1235,-9422
0039,20:40,1240,-9422
0039,20:45,1245,-9422
0039,20:50,1250,-9422
0039,20:55,1255,-9422
0039,21:00,1260,-9422
0039,21:05,1265,-9422
0039,21:10,1270,-10667
0039,21:15,1275,-10667
0039,21:20,1280,-10667
0039,21:25,1285,-10667
0039,21:30,1290,-11911
0039,21:35,1295,-11911
0039,21:40,1300,-11911
0039,21:45,1305,-9778
0039,21:50,1310,-9778
0039,21:55,1315,-9778
0039,22:00,1320,-9778
0039,22:05,1325,-5511
0039,22:10,1330,-5511
0039,22:15,1335,-5511
0039,22:20,1340,-5511
0039,22:25,1345,-5511
0039,22:30,1350,-356
0039,22:35,1355,-356
0039,22:40,1360,-356
0039,22:45,1365,-356
0039,22:50,1370,-356
0039,22:55,1375,-356
0039,23:00,1380,-356
0039,23:05,1385,-356
0039,23:10,1390,-356
0039,23:15,1395,-356
0039,23:16,1396,-356
0039,23:20,1400,-356
0040,09:00,540,0
0040,09:05,545,0
0040,09:10,550,0
0040,09:15,555,0
0040,09:20,560,0
0040,09:25,565,0
0040,09:30,570,0
0040,09:35,575,0
0040,09:40,580,0
0040,09:45,585,0
0040,09:50,590,0
0040,09:55,595,0
0040,10:00,600,0
0040,10:05,605,0
0040,10:10,610,-178
0040,10:15,615,-178
0040,10:20,620,-178
0040,10:25,625,-711
0040,10:30,630,-711
0040,10:35,635,-711
0040,10:40,640,-1867
0040,10:45,645,-1867
0040,10:50,650,-1867
0040,10:55,655,-1867
0040,11:00,660,-3022
0040,11:05,665,-3022
0040,11:10,670,-3467
0040,11:15,675,-3467
0040,11:20,680,-3467
0040,11:25,685,-3467
0040,11:30,690,-4889
0040,11:35,695,-4889
0040,11:40,700,-4889
0040,11:45,705,-6222
0040,11:50,710,-6222
0040,11:55,715,-6222
0040,12:00,720,-6222
0040,12:05,725,-6667
0040,12:10,730,-6667
0040,12:15,735,-6667
0040,12:20,740,-6667
0040,12:25,745,-6667
0040,12:30,750,-6933
0040,12:35,755,-6933
0040,12:40,760,-6933
0040,12:45,765,-6933
0040,12:50,770,-6222
0040,12:55,775,-6222
0040,13:00,780,-6222
0040,13:05,785,-3644
0040,13:10,790,-3644
0040,13:15,795,-3644
0040,13:20,800,-3644
0040,13:25,805,-5067
0040,13:30,810,-5067
0040,13:35,815,-5067
0040,13:40,820,-5067
0040,13:45,825,-5067
0040,13:50,830,-5511
0040,13:55,835,-5511
0040,14:00,840,-5511
0040,14:05,845,-5511
0040,14:10,850,-6133
0040,14:15,855,-6133
0040,14:20,860,-6133
0040,14:25,865,-6133
0040,14:30,870,-6667
0040,14:35,875,-6667
0040,14:40,880,-6667
0040,14:45,885,-4711
0040,14:50,890,-4711
0040,14:55,895,-4711
0040,15:00,900,-4711
0040,15:05,905,-4711
0040,15:10,910,-1867
0040,15:15,915,-1867
0040,15:20,920,-1867
0040,15:25,925,-1867
0040,15:30,930,-2133
0040,15:35,935,-2133
0040,15:40,940,-2133
0040,15:45,945,-3467
0040,15:50,950,-3467
0040,15:55,955,-3467
0040,16:00,960,-3467
0040,16:05,965,-3467
0040,16:10,970,-4267
0040,16:15,975,-4267
0040,16:20,980,-4267
0040,16:25,985,-4267
0040,16:30,990,-3556
0040,16:35,995,-3556
0040,16:40,1000,-3556
0040,16:45,1005,-3556
0040,16:50,1010,-3644
0040,16:55,1015,-3644
0040,17:00,1020,-3644
0040,17:05,1025,-4356
0040,17:10,1030,-4356
0040,17:15,1035,-4356
0040,17:20,1040,-4356
0040,17:25,1045,-4356
0040,17:30,1050,-4978
0040,17:35,1055,-4978
0040,17:40,1060,-4978
0040,17:45,1065,-4978
0040,17:50,1070,-5600
0040,17:55,1075,-5600
0040,18:00,1080,-5600
0040,18:05,1085,-5600
0040,18:10,1090,-6489
0040,18:15,1095,-6489
0040,18:20,1100,-6489
0040,18:25,1105,-7289
0040,18:30,1110,-7289
0040,18:35,1115,-7289
0040,18:40,1120,-7289
0040,18:45,1125,-7289
0040,18:50,1130,-6400
0040,18:55,1135,-6400
0040,19:00,1140,-6400
0040,19:05,1145,-6400
0040,19:10,1150,-5333
0040,19:15,1155,-5333
0040,19:20,1160,-5333
0040,19:25,1165,-6133
0040,19:30,1170,-6133
0040,19:35,1175,-6133
0040,19:40,1180,-6133
0040,19:45,1185,-6489
0040,19:50,1190,-6489
0040,19:55,1195,-6489
0040,20:00,1200,-6489
0040,20:05,1205,-6489
0040,20:10,1210,-6489
0040,20:15,1215,-6489
0040,20:20,1220,-6489
0040,20:25,1225,-6489
0040,20:30,1230,-6844
0040,20:35,1235,-6844
0040,20:40,1240,-6844
0040,20:45,1245,-6844
0040,20:50,1250,-6844
0040,20:55,1255,-6844
0040,21:00,1260,-6844
0040,21:05,1265,-6844
0040,21:10,1270,-7111
0040,21:15,1275,-7111
0040,21:20,1280,-7111
0040,21:25,1285,-7111
0040,21:30,1290,-7111
0040,21:35,1295,-7111
0040,21:40,1300,-7111
0040,21:45,1305,-7200
0040,21:50,1310,-7200
0040,21:55,1315,-7200
0040,22:00,1320,-7200
0040,22:05,1325,-7111
0040,22:10,1330,-7111
0040,22:15,1335,-7111
0040,22:20,1340,-7111
0040,22:25,1345,-7111
0040,22:30,1350,-7289
0040,22:35,1355,-7289
0040,22:40,1360,-7289
0040,22:45,1365,-7289
0040,22:50,1370,-7289
0040,22:55,1375,-7289
0040,23:00,1380,-7289
0040,23:05,1385,-7289
0040,23:10,1390,-7289
0040,23:15,1395,-7289
0040,23:16,1396,-7289
0040,23:20,1400,-7289
0041,09:00,540,0
0041,09:05,545,0
0041,09:10,550,0
0041,09:15,555,0
0041,09:20,560,0
0041,09:25,565,0
0041,09:30,570,0
0041,09:35,575,0
0041,09:40,580,0
0041,09:45,585,0
0041,09:50,590,0
0041,09:55,595,0
0041,10:00,600,0
0041,10:05,605,0
0041,10:10,610,0
0041,10:15,615,0
0041,10:20,620,0
0041,10:25,625,0
0041,10:30,630,0
0041,10:35,635,0
0041,10:40,640,0
0041,10:45,645,0
0041,10:50,650,0
0041,10:55,655,0
0041,11:00,660,0
0041,11:05,665,0
0041,11:10,670,0
0041,11:15,675,0
0041,11:20,680,0
0041,11:25,685,0
0041,11:30,690,0
0041,11:35,695,0
0041,11:40,700,0
0041,11:45,705,-89
0041,11:50,710,-89
0041,11:55,715,-89
0041,12:00,720,-89
0041,12:05,725,-89
0041,12:10,730,-89
0041,12:15,735,-89
0041,12:20,740,-89
0041,12:25,745,-89
0041,12:30,750,-89
0041,12:35,755,-89
0041,12:40,760,-89
0041,12:45,765,-89
0041,12:50,770,-89
0041,12:55,775,-89
0041,13:00,780,-89
0041,13:05,785,-622
0041,13:10,790,-622
0041,13:15,795,-622
0041,13:20,800,-622
0041,13:25,805,-1333
0041,13:30,810,-1333
0041,13:35,815,-1333
0041,13:40,820,-1333
0041,13:45,825,-1333
0041,13:50,830,-1956
0041,13:55,835,-1956
0041,14:00,840,-1956
0041,14:05,845,-1956
0041,14:10,850,-1956
0041,14:15,855,-1956
0041,14:20,860,-1956
0041,14:25,865,-1956
0041,14:30,870,-2756
0041,14:35,875,-2756
0041,14:40,880,-2756
0041,14:45,885,-3378
0041,14:50,890,-3378
0041,14:55,895,-3378
0041,15:00,900,-3378
0041,15:05,905,-3378
0041,15:10,910,-4089
0041,15:15,915,-4089
0041,15:20,920,-4089
0041,15:25,925,-4089
0041,15:30,930,-5867
0041,15:35,935,-5867
0041,15:40,940,-5867
0041,15:45,945,-5511
0041,15:50,950,-5511
0041,15:55,955,-5511
0041,16:00,960,-5511
0041,16:05,965,-5511
0041,16:10,970,-6844
0041,16:15,975,-6844
0041,16:20,980,-6844
0041,16:25,985,-6844
0041,16:30,990,-7733
0041,16:35,995,-7733
0041,16:40,1000,-7733
0041,16:45,1005,-7733
0041,16:50,1010,-7733
0041,16:55,1015,-7733
0041,17:00,1020,-7733
0041,17:05,1025,-7733
0041,17:10,1030,-7733
0041,17:15,1035,-7733
0041,17:20,1040,-7733
0041,17:25,1045,-7733
0041,17:30,1050,-6933
0041,17:35,1055,-6933
0041,17:40,1060,-6933
0041,17:45,1065,-6933
0041,17:50,1070,-7378
0041,17:55,1075,-7378
0041,18:00,1080,-7378
0041,18:05,1085,-7378
0041,18:10,1090,-1333
0041,18:15,1095,-1333
0041,18:20,1100,-1333
0041,18:25,1105,-1511
0041,18:30,1110,-1511
0041,18:35,1115,-1511
0041,18:40,1120,-1511
0041,18:45,1125,-1511
0041,18:50,1130,-1422
0041,18:55,1135,-1422
0041,19:00,1140,-1422
0041,19:05,1145,-1422
0041,19:10,1150,-2400
0041,19:15,1155,-2400
0041,19:20,1160,-2400
0041,19:25,1165,-2933
0041,19:30,1170,-2933
0041,19:35,1175,-2933
0041,19:40,1180,-2933
0041,19:45,1185,-2933
0041,19:50,1190,-2933
0041,19:55,1195,-2933
0041,20:00,1200,-2933
0041,20:05,1205,-2933
0041,20:10,1210,-2933
0041,20:15,1215,-2933
0041,20:20,1220,-2933
0041,20:25,1225,-2933
0041,20:30,1230,-4356
0041,20:35,1235,-4356
0041,20:40,1240,-4356
0041,20:45,1245,-5422
0041,20:50,1250,-5422
0041,20:55,1255,-5422
0041,21:00,1260,-5422
0041,21:05,1265,-5422
0041,21:10,1270,-5511
0041,21:15,1275,-5511
0041,21:20,1280,-5511
0041,21:25,1285,-5511
0041,21:30,1290,-6222
0041,21:35,1295,-6222
0041,21:40,1300,-6222
0041,21:45,1305,-6311
0041,21:50,1310,-6311
0041,21:55,1315,-6311
0041,22:00,1320,-6311
0041,22:05,1325,-6400
0041,22:10,1330,-6400
0041,22:15,1335,-6400
0041,22:20,1340,-6400
0041,22:25,1345,-6400
0041,22:30,1350,-6400
0041,22:35,1355,-6400
0041,22:40,1360,-6400
0041,22:45,1365,-6400
0041,22:50,1370,-6400
0041,22:55,1375,-6400
0041,23:00,1380,-6400
0041,23:05,1385,-6400
0041,23:10,1390,-6400
0041,23:15,1395,-6400
0041,23:16,1396,-6400
0041,23:20,1400,-6400
0042,09:00,540,0
0042,09:05,545,0
0042,09:10,550,0
0042,09:15,555,0
0042,09:20,560,0
0042,09:25,565,0
0042,09:30,570,0
0042,09:35,575,0
0042,09:40,580,0
0042,09:45,585,0
0042,09:50,590,0
0042,09:55,595,0
0042,10:00,600,0
0042,10:05,605,0
0042,10:10,610,0
0042,10:15,615,0
0042,10:20,620,0
0042,10:25,625,0
0042,10:30,630,0
0042,10:35,635,0
0042,10:40,640,0
0042,10:45,645,0
0042,10:50,650,0
0042,10:55,655,0
0042,11:00,660,992
0042,11:05,665,992
0042,11:10,670,496
0042,11:15,675,496
0042,11:20,680,496
0042,11:25,685,496
0042,11:30,690,-1021
0042,11:35,695,-1021
0042,11:40,700,-1021
0042,11:45,705,-1277
0042,11:50,710,-1277
0042,11:55,715,-1277
0042,12:00,720,-1277
0042,12:05,725,-2043
0042,12:10,730,-2043
0042,12:15,735,-2043
0042,12:20,740,-2043
0042,12:25,745,-2043
0042,12:30,750,-3574
0042,12:35,755,-3574
0042,12:40,760,-3574
0042,12:45,765,-3574
0042,12:50,770,-4085
0042,12:55,775,-4085
0042,13:00,780,-4085
0042,13:05,785,-2298
0042,13:10,790,-2298
0042,13:15,795,-2298
0042,13:20,800,-2298
0042,13:25,805,-3064
0042,13:30,810,-3064
0042,13:35,815,-3064
0042,13:40,820,-3064
0042,13:45,825,-3064
0042,13:50,830,-4596
0042,13:55,835,-4596
0042,14:00,840,-4596
0042,14:05,845,-4596
0042,14:10,850,-5106
0042,14:15,855,-5106
0042,14:20,860,-5106
0042,14:25,865,-5106
0042,14:30,870,-6638
0042,14:35,875,-6638
0042,14:40,880,-6638
0042,14:45,885,-8170
0042,14:50,890,-8170
0042,14:55,895,-8170
0042,15:00,900,-8170
0042,15:05,905,-8170
0042,15:10,910,-7915
0042,15:15,915,-7915
0042,15:20,920,-7915
0042,15:25,925,-7915
0042,15:30,930,-5617
0042,15:35,935,-5617
0042,15:40,940,-5617
0042,15:45,945,-7149
0042,15:50,950,-7149
0042,15:55,955,-7149
0042,16:00,960,-7149
0042,16:05,965,-7149
0042,16:10,970,-8426
0042,16:15,975,-8426
0042,16:20,980,-8426
0042,16:25,985,-8426
0042,16:30,990,-10213
0042,16:35,995,-10213
0042,16:40,1000,-10213
0042,16:45,1005,-10213
0042,16:50,1010,-11745
0042,16:55,1015,-11745
0042,17:00,1020,-11745
0042,17:05,1025,-13021
0042,17:10,1030,-13021
0042,17:15,1035,-13021
0042,17:20,1040,-13021
0042,17:25,1045,-13021
0042,17:30,1050,-13532
0042,17:35,1055,-13532
0042,17:40,1060,-13532
0042,17:45,1065,-13532
0042,17:50,1070,-14043
0042,17:55,1075,-14043
0042,18:00,1080,-14043
0042,18:05,1085,-14043
0042,18:10,1090,-14043
0042,18:15,1095,-14043
0042,18:20,1100,-14043
0042,18:25,1105,-14043
0042,18:30,1110,-14043
0042,18:35,1115,-14043
0042,18:40,1120,-14043
0042,18:45,1125,-14043
0042,18:50,1130,-14043
0042,18:55,1135,-14043
0042,19:00,1140,-14043
0042,19:05,1145,-14043
0042,19:10,1150,-14043
0042,19:15,1155,-14043
0042,19:20,1160,-14043
0042,19:25,1165,-14298
0042,19:30,1170,-14298
0042,19:35,1175,-14298
0042,19:40,1180,-14298
0042,19:45,1185,-15319
0042,19:50,1190,-15319
0042,19:55,1195,-15319
0042,20:00,1200,-15319
0042,20:05,1205,-15319
0042,20:10,1210,-15574
0042,20:15,1215,-15574
0042,20:20,1220,-15574
0042,20:25,1225,-15574
0042,20:30,1230,-16851
0042,20:35,1235,-16851
0042,20:40,1240,-16851
0042,20:45,1245,-18128
0042,20:50,1250,-18128
0042,20:55,1255,-18128
0042,21:00,1260,-18128
0042,21:05,1265,-18128
0042,21:10,1270,-18894
0042,21:15,1275,-18894
0042,21:20,1280,-18894
0042,21:25,1285,-18894
0042,21:30,1290,-20426
0042,21:35,1295,-20426
0042,21:40,1300,-20426
0042,21:45,1305,-19915
0042,21:50,1310,-19915
0042,21:55,1315,-19915
0042,22:00,1320,-19915
0042,22:05,1325,-20936
0042,22:10,1330,-20936
0042,22:15,1335,-20936
0042,22:20,1340,-20936
0042,22:25,1345,-20936
0042,22:30,1350,-21702
0042,22:35,1355,-21702
0042,22:40,1360,-21702
0042,22:45,1365,-21702
0042,22:50,1370,-21702
0042,22:55,1375,-21702
0042,23:00,1380,-21702
0042,23:05,1385,-21702
0042,23:10,1390,-21702
0042,23:15,1395,-21702
0042,23:16,1396,-21702
0042,23:20,1400,-21702
0043,09:00,540,0
0043,09:05,545,0
0043,09:10,550,0
0043,09:15,555,0
0043,09:20,560,0
0043,09:25,565,0
0043,09:30,570,0
0043,09:35,575,0
0043,09:40,580,0
0043,09:45,585,0
0043,09:50,590,0
0043,09:55,595,0
0043,10:00,600,0
0043,10:05,605,0
0043,10:10,610,0
0043,10:15,615,0
0043,10:20,620,0
0043,10:25,625,0
0043,10:30,630,0
0043,10:35,635,0
0043,10:40,640,0
0043,10:45,645,0
0043,10:50,650,0
0043,10:55,655,0
0043,11:00,660,-889
0043,11:05,665,-889
0043,11:10,670,-1244
0043,11:15,675,-1244
0043,11:20,680,-1244
0043,11:25,685,-1244
0043,11:30,690,-1422
0043,11:35,695,-1422
0043,11:40,700,-1422
0043,11:45,705,-2844
0043,11:50,710,-2844
0043,11:55,715,-2844
0043,12:00,720,-2844
0043,12:05,725,-4267
0043,12:10,730,-4267
0043,12:15,735,-4267
0043,12:20,740,-4267
0043,12:25,745,-4267
0043,12:30,750,-6044
0043,12:35,755,-6044
0043,12:40,760,-6044
0043,12:45,765,-6044
0043,12:50,770,-7289
0043,12:55,775,-7289
0043,13:00,780,-7289
0043,13:05,785,-8533
0043,13:10,790,-8533
0043,13:15,795,-8533
0043,13:20,800,-8533
0043,13:25,805,-10311
0043,13:30,810,-10311
0043,13:35,815,-10311
0043,13:40,820,-10311
0043,13:45,825,-10311
0043,13:50,830,-6044
0043,13:55,835,-6044
0043,14:00,840,-6044
0043,14:05,845,-6044
0043,14:10,850,-6044
0043,14:15,855,-6044
0043,14:20,860,-6044
0043,14:25,865,-6044
0043,14:30,870,-8000
0043,14:35,875,-8000
0043,14:40,880,-8000
0043,14:45,885,-9600
0043,14:50,890,-9600
0043,14:55,895,-9600
0043,15:00,900,-9600
0043,15:05,905,-9600
0043,15:10,910,-10844
0043,15:15,915,-10844
0043,15:20,920,-10844
0043,15:25,925,-10844
0043,15:30,930,-12622
0043,15:35,935,-12622
0043,15:40,940,-12622
0043,15:45,945,-14222
0043,15:50,950,-14222
0043,15:55,955,-14222
0043,16:00,960,-14222
0043,16:05,965,-14222
0043,16:10,970,-15467
0043,16:15,975,-15467
0043,16:20,980,-15467
0043,16:25,985,-15467
0043,16:30,990,-17422
0043,16:35,995,-17422
0043,16:40,1000,-17422
0043,16:45,1005,-17422
0043,16:50,1010,-17778
0043,16:55,1015,-17778
0043,17:00,1020,-17778
0043,17:05,1025,-18311
0043,17:10,1030,-18311
0043,17:15,1035,-18311
0043,17:20,1040,-18311
0043,17:25,1045,-18311
0043,17:30,1050,-18489
0043,17:35,1055,-18489
0043,17:40,1060,-18489
0043,17:45,1065,-18489
0043,17:50,1070,-18489
0043,17:55,1075,-18489
0043,18:00,1080,-18489
0043,18:05,1085,-18489
0043,18:10,1090,-18489
0043,18:15,1095,-18489
0043,18:20,1100,-18489
0043,18:25,1105,-18489
0043,18:30,1110,-18489
0043,18:35,1115,-18489
0043,18:40,1120,-18489
0043,18:45,1125,-18489
0043,18:50,1130,-18489
0043,18:55,1135,-18489
0043,19:00,1140,-18489
0043,19:05,1145,-18489
0043,19:10,1150,-18489
0043,19:15,1155,-18489
0043,19:20,1160,-18489
0043,19:25,1165,-18489
0043,19:30,1170,-18489
0043,19:35,1175,-18489
0043,19:40,1180,-18489
0043,19:45,1185,-18489
0043,19:50,1190,-18489
0043,19:55,1195,-18489
0043,20:00,1200,-18489
0043,20:05,1205,-18489
0043,20:10,1210,-18667
0043,20:15,1215,-18667
0043,20:20,1220,-18667
0043,20:25,1225,-18667
0043,20:30,1230,-18844
0043,20:35,1235,-18844
0043,20:40,1240,-18844
0043,20:45,1245,-19200
0043,20:50,1250,-19200
0043,20:55,1255,-19200
0043,21:00,1260,-19200
0043,21:05,1265,-19200
0043,21:10,1270,-19378
0043,21:15,1275,-19378
0043,21:20,1280,-19378
0043,21:25,1285,-19378
0043,21:30,1290,-19378
0043,21:35,1295,-19378
0043,21:40,1300,-19378
0043,21:45,1305,-19556
0043,21:50,1310,-19556
0043,21:55,1315,-19556
0043,22:00,1320,-19556
0043,22:05,1325,-19911
0043,22:10,1330,-19911
0043,22:15,1335,-19911
0043,22:20,1340,-19911
0043,22:25,1345,-19911
0043,22:30,1350,-19911
0043,22:35,1355,-19911
0043,22:40,1360,-19911
0043,22:45,1365,-19911
0043,22:50,1370,-19911
0043,22:55,1375,-19911
0043,23:00,1380,-19911
0043,23:05,1385,-19911
0043,23:10,1390,-19911
0043,23:15,1395,-19911
0043,23:16,1396,-19911
0043,23:20,1400,-19911
0044,09:00,540,0
0044,09:05,545,0
0044,09:10,550,0
0044,09:15,555,0
0044,09:20,560,0
0044,09:25,565,0
0044,09:30,570,0
0044,09:35,575,0
0044,09:40,580,0
0044,09:45,585,0
0044,09:50,590,0
0044,09:55,595,0
0044,10:00,600,0
0044,10:05,605,0
0044,10:10,610,0
0044,10:15,615,0
0044,10:20,620,0
0044,10:25,625,0
0044,10:30,630,0
0044,10:35,635,0
0044,10:40,640,0
0044,10:45,645,0
0044,10:50,650,0
0044,10:55,655,0
0044,11:00,660,0
0044,11:05,665,0
0044,11:10,670,0
0044,11:15,675,0
0044,11:20,680,0
0044,11:25,685,0
0044,11:30,690,-356
0044,11:35,695,-356
0044,11:40,700,-356
0044,11:45,705,-533
0044,11:50,710,-533
0044,11:55,715,-533
0044,12:00,720,-533
0044,12:05,725,-1422
0044,12:10,730,-1422
0044,12:15,735,-1422
0044,12:20,740,-1422
0044,12:25,745,-1422
0044,12:30,750,-2844
0044,12:35,755,-2844
0044,12:40,760,-2844
0044,12:45,765,-2844
0044,12:50,770,-3911
0044,12:55,775,-3911
0044,13:00,780,-3911
0044,13:05,785,-4089
0044,13:10,790,-4089
0044,13:15,795,-4089
0044,13:20,800,-4089
0044,13:25,805,-4089
0044,13:30,810,-4089
0044,13:35,815,-4089
0044,13:40,820,-4089
0044,13:45,825,-4089
0044,13:50,830,-4622
0044,13:55,835,-4622
0044,14:00,840,-4622
0044,14:05,845,-4622
0044,14:10,850,-5689
0044,14:15,855,-5689
0044,14:20,860,-5689
0044,14:25,865,-5689
0044,14:30,870,-7467
0044,14:35,875,-7467
0044,14:40,880,-7467
0044,14:45,885,-5156
0044,14:50,890,-5156
0044,14:55,895,-5156
0044,15:00,900,-5156
0044,15:05,905,-5156
0044,15:10,910,-6578
0044,15:15,915,-6578
0044,15:20,920,-6578
0044,15:25,925,-6578
0044,15:30,930,-8356
0044,15:35,935,-8356
0044,15:40,940,-8356
0044,15:45,945,-9422
0044,15:50,950,-9422
0044,15:55,955,-9422
0044,16:00,960,-9422
0044,16:05,965,-9422
0044,16:10,970,-9244
0044,16:15,975,-9244
0044,16:20,980,-9244
0044,16:25,985,-9244
0044,16:30,990,-9778
0044,16:35,995,-9778
0044,16:40,1000,-9778
0044,16:45,1005,-9778
0044,16:50,1010,-9778
0044,16:55,1015,-9778
0044,17:00,1020,-9778
0044,17:05,1025,-9956
0044,17:10,1030,-9956
0044,17:15,1035,-9956
0044,17:20,1040,-9956
0044,17:25,1045,-9956
0044,17:30,1050,-10311
0044,17:35,1055,-10311
0044,17:40,1060,-10311
0044,17:45,1065,-10311
0044,17:50,1070,-10667
0044,17:55,1075,-10667
0044,18:00,1080,-10667
0044,18:05,1085,-10667
0044,18:10,1090,-10844
0044,18:15,1095,-10844
0044,18:20,1100,-10844
0044,18:25,1105,-10844
0044,18:30,1110,-10844
0044,18:35,1115,-10844
0044,18:40,1120,-10844
0044,18:45,1125,-10844
0044,18:50,1130,-10844
0044,18:55,1135,-10844
0044,19:00,1140,-10844
0044,19:05,1145,-10844
0044,19:10,1150,-10844
0044,19:15,1155,-10844
0044,19:20,1160,-10844
0044,19:25,1165,-11200
0044,19:30,1170,-11200
0044,19:35,1175,-11200
0044,19:40,1180,-11200
0044,19:45,1185,-12089
0044,19:50,1190,-12089
0044,19:55,1195,-12089
0044,20:00,1200,-12089
0044,20:05,1205,-12089
0044,20:10,1210,-12089
0044,20:15,1215,-12089
0044,20:20,1220,-12089
0044,20:25,1225,-12089
0044,20:30,1230,-12089
0044,20:35,1235,-12089
0044,20:40,1240,-12089
0044,20:45,1245,-13156
0044,20:50,1250,-13156
0044,20:55,1255,-13156
0044,21:00,1260,-13156
0044,21:05,1265,-13156
0044,21:10,1270,-10667
0044,21:15,1275,-10667
0044,21:20,1280,-10667
0044,21:25,1285,-10667
0044,21:30,1290,-11911
0044,21:35,1295,-11911
0044,21:40,1300,-11911
0044,21:45,1305,-12800
0044,21:50,1310,-12800
0044,21:55,1315,-12800
0044,22:00,1320,-12800
0044,22:05,1325,-12800
0044,22:10,1330,-12800
0044,22:15,1335,-12800
0044,22:20,1340,-12800
0044,22:25,1345,-12800
0044,22:30,1350,-12800
0044,22:35,1355,-12800
0044,22:40,1360,-12800
0044,22:45,1365,-12800
0044,22:50,1370,-12800
0044,22:55,1375,-12800
0044,23:00,1380,-12800
0044,23:05,1385,-12800
0044,23:10,1390,-12800
0044,23:15,1395,-12800
0044,23:16,1396,-12800
0044,23:20,1400,-12800
0045,09:00,540,0
0045,09:05,545,0
0045,09:10,550,0
0045,09:15,555,0
0045,09:20,560,0
0045,09:25,565,0
0045,09:30,570,0
0045,09:35,575,0
0045,09:40,580,0
0045,09:45,585,0
0045,09:50,590,0
0045,09:55,595,0
0045,10:00,600,0
0045,10:05,605,0
0045,10:10,610,0
0045,10:15,615,0
0045,10:20,620,0
0045,10:25,625,0
0045,10:30,630,0
0045,10:35,635,0
0045,10:40,640,0
0045,10:45,645,0
0045,10:50,650,0
0045,10:55,655,0
0045,11:00,660,0
0045,11:05,665,0
0045,11:10,670,0
0045,11:15,675,0
0045,11:20,680,0
0045,11:25,685,0
0045,11:30,690,0
0045,11:35,695,0
0045,11:40,700,0
0045,11:45,705,-178
0045,11:50,710,-178
0045,11:55,715,-178
0045,12:00,720,-178
0045,12:05,725,-444
0045,12:10,730,-444
0045,12:15,735,-444
0045,12:20,740,-444
0045,12:25,745,-444
0045,12:30,750,-444
0045,12:35,755,-444
0045,12:40,760,-444
0045,12:45,765,-444
0045,12:50,770,-444
0045,12:55,775,-444
0045,13:00,780,-444
0045,13:05,785,-978
0045,13:10,790,-978
0045,13:15,795,-978
0045,13:20,800,-978
0045,13:25,805,-1422
0045,13:30,810,-1422
0045,13:35,815,-1422
0045,13:40,820,-1422
0045,13:45,825,-1422
0045,13:50,830,-1422
0045,13:55,835,-1422
0045,14:00,840,-1422
0045,14:05,845,-1422
0045,14:10,850,-1422
0045,14:15,855,-1422
0045,14:20,860,-1422
0045,14:25,865,-1422
0045,14:30,870,-1600
0045,14:35,875,-1600
0045,14:40,880,-1600
0045,14:45,885,-2489
0045,14:50,890,-2489
0045,14:55,895,-2489
0045,15:00,900,-2489
0045,15:05,905,-2489
0045,15:10,910,-3822
0045,15:15,915,-3822
0045,15:20,920,-3822
0045,15:25,925,-3822
0045,15:30,930,-3822
0045,15:35,935,-3822
0045,15:40,940,-3822
0045,15:45,945,-5333
0045,15:50,950,-5333
0045,15:55,955,-5333
0045,16:00,960,-5333
0045,16:05,965,-5333
0045,16:10,970,-5956
0045,16:15,975,-5956
0045,16:20,980,-5956
0045,16:25,985,-5956
0045,16:30,990,-5956
0045,16:35,995,-5956
0045,16:40,1000,-5956
0045,16:45,1005,-5956
0045,16:50,1010,-5867
0045,16:55,1015,-5867
0045,17:00,1020,-5867
0045,17:05,1025,-2489
0045,17:10,1030,-2489
0045,17:15,1035,-2489
0045,17:20,1040,-2489
0045,17:25,1045,-2489
0045,17:30,1050,-356
0045,17:35,1055,-356
0045,17:40,1060,-356
0045,17:45,1065,-356
0045,17:50,1070,-1867
0045,17:55,1075,-1867
0045,18:00,1080,-1867
0045,18:05,1085,-1867
0045,18:10,1090,-3111
0045,18:15,1095,-3111
0045,18:20,1100,-3111
0045,18:25,1105,-1867
0045,18:30,1110,-1867
0045,18:35,1115,-1867
0045,18:40,1120,-1867
0045,18:45,1125,-1867
0045,18:50,1130,4483
0045,18:55,1135,4483
0045,19:00,1140,4483
0045,19:05,1145,4483
0045,19:10,1150,6207
0045,19:15,1155,6207
0045,19:20,1160,6207
0045,19:25,1165,6207
0045,19:30,1170,6207
0045,19:35,1175,6207
0045,19:40,1180,6207
0045,19:45,1185,6207
0045,19:50,1190,6207
0045,19:55,1195,6207
0045,20:00,1200,6207
0045,20:05,1205,6207
0045,20:10,1210,6207
0045,20:15,1215,6207
0045,20:20,1220,6207
0045,20:25,1225,6207
0045,20:30,1230,6207
0045,20:35,1235,6207
0045,20:40,1240,6207
0045,20:45,1245,5862
0045,20:50,1250,5862
0045,20:55,1255,5862
0045,21:00,1260,5862
0045,21:05,1265,5862
0045,21:10,1270,5345
0045,21:15,1275,5345
0045,21:20,1280,5345
0045,21:25,1285,5345
0045,21:30,1290,5345
0045,21:35,1295,5345
0045,21:40,1300,5345
0045,21:45,1305,5345
0045,21:50,1310,5345
0045,21:55,1315,5345
0045,22:00,1320,5345
0045,22:05,1325,5345
0045,22:10,1330,5345
0045,22:15,1335,5345
0045,22:20,1340,5345
0045,22:25,1345,5345
0045,22:30,1350,5345
0045,22:35,1355,5345
0045,22:40,1360,5345
0045,22:45,1365,5345
0045,22:50,1370,5345
0045,22:55,1375,5345
0045,23:00,1380,5345
0045,23:05,1385,5345
0045,23:10,1390,5345
0045,23:15,1395,5345
0045,23:16,1396,5345
0045,23:20,1400,5345
0046,09:00,540,0
0046,09:05,545,0
0046,09:10,550,0
0046,09:15,555,0
0046,09:20,560,0
0046,09:25,565,0
0046,09:30,570,0
0046,09:35,575,0
0046,09:40,580,0
0046,09:45,585,0
0046,09:50,590,0
0046,09:55,595,0
0046,10:00,600,0
0046,10:05,605,0
0046,10:10,610,0
0046,10:15,615,0
0046,10:20,620,0
0046,10:25,625,0
0046,10:30,630,0
0046,10:35,635,0
0046,10:40,640,0
0046,10:45,645,0
0046,10:50,650,0
0046,10:55,655,0
0046,11:00,660,0
0046,11:05,665,0
0046,11:10,670,0
0046,11:15,675,0
0046,11:20,680,0
0046,11:25,685,0
0046,11:30,690,0
0046,11:35,695,0
0046,11:40,700,0
0046,11:45,705,0
0046,11:50,710,0
0046,11:55,715,0
0046,12:00,720,0
0046,12:05,725,-889
0046,12:10,730,-889
0046,12:15,735,-889
0046,12:20,740,-889
0046,12:25,745,-889
0046,12:30,750,-356
0046,12:35,755,-356
0046,12:40,760,-356
0046,12:45,765,-356
0046,12:50,770,-889
0046,12:55,775,-889
0046,13:00,780,-889
0046,13:05,785,-1600
0046,13:10,790,-1600
0046,13:15,795,-1600
0046,13:20,800,-1600
0046,13:25,805,-1956
0046,13:30,810,-1956
0046,13:35,815,-1956
0046,13:40,820,-1956
0046,13:45,825,-1956
0046,13:50,830,-1956
0046,13:55,835,-1956
0046,14:00,840,-1956
0046,14:05,845,-1956
0046,14:10,850,-1956
0046,14:15,855,-1956
0046,14:20,860,-1956
0046,14:25,865,-1956
0046,14:30,870,-3022
0046,14:35,875,-3022
0046,14:40,880,-3022
0046,14:45,885,-711
0046,14:50,890,-711
0046,14:55,895,-711
0046,15:00,900,-711
0046,15:05,905,-711
0046,15:10,910,-533
0046,15:15,915,-533
0046,15:20,920,-533
0046,15:25,925,-533
0046,15:30,930,-1956
0046,15:35,935,-1956
0046,15:40,940,-1956
0046,15:45,945,-3556
0046,15:50,950,-3556
0046,15:55,955,-3556
0046,16:00,960,-3556
0046,16:05,965,-3556
0046,16:10,970,-1422
0046,16:15,975,-1422
0046,16:20,980,-1422
0046,16:25,985,-1422
0046,16:30,990,2414
0046,16:35,995,2414
0046,16:40,1000,2414
0046,16:45,1005,2414
0046,16:50,1010,862
0046,16:55,1015,862
0046,17:00,1020,862
0046,17:05,1025,-356
0046,17:10,1030,-356
0046,17:15,1035,-356
0046,17:20,1040,-356
0046,17:25,1045,-356
0046,17:30,1050,-1956
0046,17:35,1055,-1956
0046,17:40,1060,-1956
0046,17:45,1065,-1956
0046,17:50,1070,-2667
0046,17:55,1075,-2667
0046,18:00,1080,-2667
0046,18:05,1085,-2667
0046,18:10,1090,-3556
0046,18:15,1095,-3556
0046,18:20,1100,-3556
0046,18:25,1105,-1422
0046,18:30,1110,-1422
0046,18:35,1115,-1422
0046,18:40,1120,-1422
0046,18:45,1125,-1422
0046,18:50,1130,-1956
0046,18:55,1135,-1956
0046,19:00,1140,-1956
0046,19:05,1145,-1956
0046,19:10,1150,-1956
0046,19:15,1155,-1956
0046,19:20,1160,-1956
0046,19:25,1165,-2311
0046,19:30,1170,-2311
0046,19:35,1175,-2311
0046,19:40,1180,-2311
0046,19:45,1185,3103
0046,19:50,1190,3103
0046,19:55,1195,3103
0046,20:00,1200,3103
0046,20:05,1205,3103
0046,20:10,1210,2414
0046,20:15,1215,2414
0046,20:20,1220,2414
0046,20:25,1225,2414
0046,20:30,1230,1034
0046,20:35,1235,1034
0046,20:40,1240,1034
0046,20:45,1245,-178
0046,20:50,1250,-178
0046,20:55,1255,-178
0046,21:00,1260,-178
0046,21:05,1265,-178
0046,21:10,1270,-1244
0046,21:15,1275,-1244
0046,21:20,1280,-1244
0046,21:25,1285,-1244
0046,21:30,1290,-533
0046,21:35,1295,-533
0046,21:40,1300,-533
0046,21:45,1305,1379
0046,21:50,1310,1379
0046,21:55,1315,1379
0046,22:00,1320,1379
0046,22:05,1325,7759
0046,22:10,1330,7759
0046,22:15,1335,7759
0046,22:20,1340,7759
0046,22:25,1345,7759
0046,22:30,1350,14655
0046,22:35,1355,14655
0046,22:40,1360,14655
0046,22:45,1365,14655
0046,22:50,1370,14655
0046,22:55,1375,14655
0046,23:00,1380,14655
0046,23:05,1385,14655
0046,23:10,1390,14655
0046,23:15,1395,14655
0046,23:16,1396,14655
0046,23:20,1400,14655
0047,09:00,540,0
0047,09:05,545,0
0047,09:10,550,0
0047,09:15,555,0
0047,09:20,560,0
0047,09:25,565,0
0047,09:30,570,0
0047,09:35,575,0
0047,09:40,580,0
0047,09:45,585,0
0047,09:50,590,0
0047,09:55,595,0
0047,10:00,600,0
0047,10:05,605,0
0047,10:10,610,0
0047,10:15,615,0
0047,10:20,620,0
0047,10:25,625,0
0047,10:30,630,0
0047,10:35,635,0
0047,10:40,640,0
0047,10:45,645,0
0047,10:50,650,0
0047,10:55,655,0
0047,11:00,660,0
0047,11:05,665,0
0047,11:10,670,0
0047,11:15,675,0
0047,11:20,680,0
0047,11:25,685,0
0047,11:30,690,0
0047,11:35,695,0
0047,11:40,700,0
0047,11:45,705,-356
0047,11:50,710,-356
0047,11:55,715,-356
0047,12:00,720,-356
0047,12:05,725,-356
0047,12:10,730,-356
0047,12:15,735,-356
0047,12:20,740,-356
0047,12:25,745,-356
0047,12:30,750,-889
0047,12:35,755,-889
0047,12:40,760,-889
0047,12:45,765,-889
0047,12:50,770,-1067
0047,12:55,775,-1067
0047,13:00,780,-1067
0047,13:05,785,-1422
0047,13:10,790,-1422
0047,13:15,795,-1422
0047,13:20,800,-1422
0047,13:25,805,-2311
0047,13:30,810,-2311
0047,13:35,815,-2311
0047,13:40,820,-2311
0047,13:45,825,-2311
0047,13:50,830,-2311
0047,13:55,835,-2311
0047,14:00,840,-2311
0047,14:05,845,-2311
0047,14:10,850,-3022
0047,14:15,855,-3022
0047,14:20,860,-3022
0047,14:25,865,-3022
0047,14:30,870,-3556
0047,14:35,875,-3556
0047,14:40,880,-3556
0047,14:45,885,-4089
0047,14:50,890,-4089
0047,14:55,895,-4089
0047,15:00,900,-4089
0047,15:05,905,-4089
0047,15:10,910,-4978
0047,15:15,915,-4978
0047,15:20,920,-4978
0047,15:25,925,-4978
0047,15:30,930,-6578
0047,15:35,935,-6578
0047,15:40,940,-6578
0047,15:45,945,-7111
0047,15:50,950,-7111
0047,15:55,955,-7111
0047,16:00,960,-7111
0047,16:05,965,-7111
0047,16:10,970,-2311
0047,16:15,975,-2311
0047,16:20,980,-2311
0047,16:25,985,-2311
0047,16:30,990,1379
0047,16:35,995,1379
0047,16:40,1000,1379
0047,16:45,1005,1379
0047,16:50,1010,0
0047,16:55,1015,0
0047,17:00,1020,0
0047,17:05,1025,-1244
0047,17:10,1030,-1244
0047,17:15,1035,-1244
0047,17:20,1040,-1244
0047,17:25,1045,-1244
0047,17:30,1050,-2844
0047,17:35,1055,-2844
0047,17:40,1060,-2844
0047,17:45,1065,-2844
0047,17:50,1070,-4267
0047,17:55,1075,-4267
0047,18:00,1080,-4267
0047,18:05,1085,-4267
0047,18:10,1090,172
0047,18:15,1095,172
0047,18:20,1100,172
0047,18:25,1105,5172
0047,18:30,1110,5172
0047,18:35,1115,5172
0047,18:40,1120,5172
0047,18:45,1125,5172
0047,18:50,1130,5172
0047,18:55,1135,5172
0047,19:00,1140,5172
0047,19:05,1145,5172
0047,19:10,1150,5000
0047,19:15,1155,5000
0047,19:20,1160,5000
0047,19:25,1165,3621
0047,19:30,1170,3621
0047,19:35,1175,3621
0047,19:40,1180,3621
0047,19:45,1185,5517
0047,19:50,1190,5517
0047,19:55,1195,5517
0047,20:00,1200,5517
0047,20:05,1205,5517
0047,20:10,1210,11034
0047,20:15,1215,11034
0047,20:20,1220,11034
0047,20:25,1225,11034
0047,20:30,1230,9310
0047,20:35,1235,9310
0047,20:40,1240,9310
0047,20:45,1245,8103
0047,20:50,1250,8103
0047,20:55,1255,8103
0047,21:00,1260,8103
0047,21:05,1265,8103
0047,21:10,1270,7586
0047,21:15,1275,7586
0047,21:20,1280,7586
0047,21:25,1285,7586
0047,21:30,1290,7586
0047,21:35,1295,7586
0047,21:40,1300,7586
0047,21:45,1305,7586
0047,21:50,1310,7586
0047,21:55,1315,7586
0047,22:00,1320,7586
0047,22:05,1325,7586
0047,22:10,1330,7586
0047,22:15,1335,7586
0047,22:20,1340,7586
0047,22:25,1345,7586
0047,22:30,1350,7586
0047,22:35,1355,7586
0047,22:40,1360,7586
0047,22:45,1365,7586
0047,22:50,1370,7586
0047,22:55,1375,7586
0047,23:00,1380,7586
0047,23:05,1385,7586
0047,23:10,1390,7586
0047,23:15,1395,7586
0047,23:16,1396,7586
0047,23:20,1400,7586
0048,09:00,540,0
0048,09:05,545,0
0048,09:10,550,0
0048,09:15,555,0
0048,09:20,560,0
0048,09:25,565,0
0048,09:30,570,0
0048,09:35,575,0
0048,09:40,580,0
0048,09:45,585,0
0048,09:50,590,0
0048,09:55,595,0
0048,10:00,600,0
0048,10:05,605,0
0048,10:10,610,0
0048,10:15,615,0
0048,10:20,620,0
0048,10:25,625,0
0048,10:30,630,0
0048,10:35,635,0
0048,10:40,640,-356
0048,10:45,645,-356
0048,10:50,650,-356
0048,10:55,655,-356
0048,11:00,660,172
0048,11:05,665,172
0048,11:10,670,-178
0048,11:15,675,-178
0048,11:20,680,-178
0048,11:25,685,-178
0048,11:30,690,3621
0048,11:35,695,3621
0048,11:40,700,3621
0048,11:45,705,8793
0048,11:50,710,8793
0048,11:55,715,8793
0048,12:00,720,8793
0048,12:05,725,12759
0048,12:10,730,12759
0048,12:15,735,12759
0048,12:20,740,12759
0048,12:25,745,12759
0048,12:30,750,15172
0048,12:35,755,15172
0048,12:40,760,15172
0048,12:45,765,15172
0048,12:50,770,15172
0048,12:55,775,15172
0048,13:00,780,15172
0048,13:05,785,15172
0048,13:10,790,15172
0048,13:15,795,15172
0048,13:20,800,15172
0048,13:25,805,14483
0048,13:30,810,14483
0048,13:35,815,14483
0048,13:40,820,14483
0048,13:45,825,14483
0048,13:50,830,13103
0048,13:55,835,13103
0048,14:00,840,13103
0048,14:05,845,13103
0048,14:10,850,13793
0048,14:15,855,13793
0048,14:20,860,13793
0048,14:25,865,13793
0048,14:30,870,13276
0048,14:35,875,13276
0048,14:40,880,13276
0048,14:45,885,13276
0048,14:50,890,13276
0048,14:55,895,13276
0048,15:00,900,13276
0048,15:05,905,13276
0048,15:10,910,12414
0048,15:15,915,12414
0048,15:20,920,12414
0048,15:25,925,12414
0048,15:30,930,11207
0048,15:35,935,11207
0048,15:40,940,11207
0048,15:45,945,9828
0048,15:50,950,9828
0048,15:55,955,9828
0048,16:00,960,9828
0048,16:05,965,9828
0048,16:10,970,8966
0048,16:15,975,8966
0048,16:20,980,8966
0048,16:25,985,8966
0048,16:30,990,8966
0048,16:35,995,8966
0048,16:40,1000,8966
0048,16:45,1005,8966
0048,16:50,1010,8966
0048,16:55,1015,8966
0048,17:00,1020,8966
0048,17:05,1025,8621
0048,17:10,1030,8621
0048,17:15,1035,8621
0048,17:20,1040,8621
0048,17:25,1045,8621
0048,17:30,1050,8276
0048,17:35,1055,8276
0048,17:40,1060,8276
0048,17:45,1065,8276
0048,17:50,1070,7931
0048,17:55,1075,7931
0048,18:00,1080,7931
0048,18:05,1085,7931
0048,18:10,1090,6897
0048,18:15,1095,6897
0048,18:20,1100,6897
0048,18:25,1105,5690
0048,18:30,1110,5690
0048,18:35,1115,5690
0048,18:40,1120,5690
0048,18:45,1125,5690
0048,18:50,1130,5517
0048,18:55,1135,5517
0048,19:00,1140,5517
0048,19:05,1145,5517
0048,19:10,1150,5517
0048,19:15,1155,5517
0048,19:20,1160,5517
0048,19:25,1165,4310
0048,19:30,1170,4310
0048,19:35,1175,4310
0048,19:40,1180,4310
0048,19:45,1185,4310
0048,19:50,1190,4310
0048,19:55,1195,4310
0048,20:00,1200,4310
0048,20:05,1205,4310
0048,20:10,1210,4310
0048,20:15,1215,4310
0048,20:20,1220,4310
0048,20:25,1225,4310
0048,20:30,1230,3103
0048,20:35,1235,3103
0048,20:40,1240,3103
0048,20:45,1245,1724
0048,20:50,1250,1724
0048,20:55,1255,1724
0048,21:00,1260,1724
0048,21:05,1265,1724
0048,21:10,1270,1724
0048,21:15,1275,1724
0048,21:20,1280,1724
0048,21:25,1285,1724
0048,21:30,1290,1724
0048,21:35,1295,1724
0048,21:40,1300,1724
0048,21:45,1305,1379
0048,21:50,1310,1379
0048,21:55,1315,1379
0048,22:00,1320,1379
0048,22:05,1325,690
0048,22:10,1330,690
0048,22:15,1335,690
0048,22:20,1340,690
0048,22:25,1345,690
0048,22:30,1350,-356
0048,22:35,1355,-356
0048,22:40,1360,-356
0048,22:45,1365,-356
0048,22:50,1370,-356
0048,22:55,1375,-356
0048,23:00,1380,-356
0048,23:05,1385,-356
0048,23:10,1390,-356
0048,23:15,1395,-356
0048,23:16,1396,-356
0048,23:20,1400,-356
0049,09:00,540,0
0049,09:05,545,0
0049,09:10,550,0
0049,09:15,555,0
0049,09:20,560,0
0049,09:25,565,0
0049,09:30,570,0
0049,09:35,575,0
0049,09:40,580,0
0049,09:45,585,0
0049,09:50,590,0
0049,09:55,595,0
0049,10:00,600,0
0049,10:05,605,0
0049,10:10,610,0
0049,10:15,615,0
0049,10:20,620,0
0049,10:25,625,0
0049,10:30,630,0
0049,10:35,635,0
0049,10:40,640,0
0049,10:45,645,0
0049,10:50,650,0
0049,10:55,655,0
0049,11:00,660,0
0049,11:05,665,0
0049,11:10,670,0
0049,11:15,675,0
0049,11:20,680,0
0049,11:25,685,0
0049,11:30,690,0
0049,11:35,695,0
0049,11:40,700,0
0049,11:45,705,0
0049,11:50,710,0
0049,11:55,715,0
0049,12:00,720,0
0049,12:05,725,0
0049,12:10,730,0
0049,12:15,735,0
0049,12:20,740,0
0049,12:25,745,0
0049,12:30,750,0
0049,12:35,755,0
0049,12:40,760,0
0049,12:45,765,0
0049,12:50,770,-356
0049,12:55,775,-356
0049,13:00,780,-356
0049,13:05,785,1379
0049,13:10,790,1379
0049,13:15,795,1379
0049,13:20,800,1379
0049,13:25,805,5517
0049,13:30,810,5517
0049,13:35,815,5517
0049,13:40,820,5517
0049,13:45,825,5517
0049,13:50,830,4483
0049,13:55,835,4483
0049,14:00,840,4483
0049,14:05,845,4483
0049,14:10,850,3103
0049,14:15,855,3103
0049,14:20,860,3103
0049,14:25,865,3103
0049,14:30,870,2241
0049,14:35,875,2241
0049,14:40,880,2241
0049,14:45,885,1552
0049,14:50,890,1552
0049,14:55,895,1552
0049,15:00,900,1552
0049,15:05,905,1552
0049,15:10,910,1034
0049,15:15,915,1034
0049,15:20,920,1034
0049,15:25,925,1034
0049,15:30,930,1034
0049,15:35,935,1034
0049,15:40,940,1034
0049,15:45,945,1552
0049,15:50,950,1552
0049,15:55,955,1552
0049,16:00,960,1552
0049,16:05,965,1552
0049,16:10,970,345
0049,16:15,975,345
0049,16:20,980,345
0049,16:25,985,345
0049,16:30,990,-178
0049,16:35,995,-178
0049,16:40,1000,-178
0049,16:45,1005,-178
0049,16:50,1010,-711
0049,16:55,1015,-711
0049,17:00,1020,-711
0049,17:05,1025,1552
0049,17:10,1030,1552
0049,17:15,1035,1552
0049,17:20,1040,1552
0049,17:25,1045,1552
0049,17:30,1050,7069
0049,17:35,1055,7069
0049,17:40,1060,7069
0049,17:45,1065,7069
0049,17:50,1070,11034
0049,17:55,1075,11034
0049,18:00,1080,11034
0049,18:05,1085,11034
0049,18:10,1090,11552
0049,18:15,1095,11552
0049,18:20,1100,11552
0049,18:25,1105,11724
0049,18:30,1110,11724
0049,18:35,1115,11724
0049,18:40,1120,11724
0049,18:45,1125,11724
0049,18:50,1130,16897
0049,18:55,1135,16897
0049,19:00,1140,16897
0049,19:05,1145,16897
0049,19:10,1150,19483
0049,19:15,1155,19483
0049,19:20,1160,19483
0049,19:25,1165,19138
0049,19:30,1170,19138
0049,19:35,1175,19138
0049,19:40,1180,19138
0049,19:45,1185,19138
0049,19:50,1190,19138
0049,19:55,1195,19138
0049,20:00,1200,19138
0049,20:05,1205,19138
0049,20:10,1210,18103
0049,20:15,1215,18103
0049,20:20,1220,18103
0049,20:25,1225,18103
0049,20:30,1230,16724
0049,20:35,1235,16724
0049,20:40,1240,16724
0049,20:45,1245,15172
0049,20:50,1250,15172
0049,20:55,1255,15172
0049,21:00,1260,15172
0049,21:05,1265,15172
0049,21:10,1270,17586
0049,21:15,1275,17586
0049,21:20,1280,17586
0049,21:25,1285,17586
0049,21:30,1290,16379
0049,21:35,1295,16379
0049,21:40,1300,16379
0049,21:45,1305,15000
0049,21:50,1310,15000
0049,21:55,1315,15000
0049,22:00,1320,15000
0049,22:05,1325,13793
0049,22:10,1330,13793
0049,22:15,1335,13793
0049,22:20,1340,13793
0049,22:25,1345,13793
0049,22:30,1350,12414
0049,22:35,1355,12414
0049,22:40,1360,12414
0049,22:45,1365,12414
0049,22:50,1370,12414
0049,22:55,1375,12414
0049,23:00,1380,12414
0049,23:05,1385,12414
0049,23:10,1390,12414
0049,23:15,1395,12414
0049,23:16,1396,12414
0049,23:20,1400,12414
0050,09:00,540,0
0050,09:05,545,0
0050,09:10,550,0
0050,09:15,555,0
0050,09:20,560,0
0050,09:25,565,0
0050,09:30,570,0
0050,09:35,575,0
0050,09:40,580,0
0050,09:45,585,0
0050,09:50,590,0
0050,09:55,595,0
0050,10:00,600,0
0050,10:05,605,0
0050,10:10,610,0
0050,10:15,615,0
0050,10:20,620,0
0050,10:25,625,-1244
0050,10:30,630,-1244
0050,10:35,635,-1244
0050,10:40,640,-2311
0050,10:45,645,-2311
0050,10:50,650,-2311
0050,10:55,655,-2311
0050,11:00,660,-356
0050,11:05,665,-356
0050,11:10,670,2241
0050,11:15,675,2241
0050,11:20,680,2241
0050,11:25,685,2241
0050,11:30,690,2414
0050,11:35,695,2414
0050,11:40,700,2414
0050,11:45,705,2759
0050,11:50,710,2759
0050,11:55,715,2759
0050,12:00,720,2759
0050,12:05,725,3793
0050,12:10,730,3793
0050,12:15,735,3793
0050,12:20,740,3793
0050,12:25,745,3793
0050,12:30,750,3276
0050,12:35,755,3276
0050,12:40,760,3276
0050,12:45,765,3276
0050,12:50,770,2414
0050,12:55,775,2414
0050,13:00,780,2414
0050,13:05,785,1207
0050,13:10,790,1207
0050,13:15,795,1207
0050,13:20,800,1207
0050,13:25,805,345
0050,13:30,810,345
0050,13:35,815,345
0050,13:40,820,345
0050,13:45,825,345
0050,13:50,830,-356
0050,13:55,835,-356
0050,14:00,840,-356
0050,14:05,845,-356
0050,14:10,850,-1422
0050,14:15,855,-1422
0050,14:20,860,-1422
0050,14:25,865,-1422
0050,14:30,870,-1244
0050,14:35,875,-1244
0050,14:40,880,-1244
0050,14:45,885,-711
0050,14:50,890,-711
0050,14:55,895,-711
0050,15:00,900,-711
0050,15:05,905,-711
0050,15:10,910,-1956
0050,15:15,915,-1956
0050,15:20,920,-1956
0050,15:25,925,-1956
0050,15:30,930,-3556
0050,15:35,935,-3556
0050,15:40,940,-3556
0050,15:45,945,-4622
0050,15:50,950,-4622
0050,15:55,955,-4622
0050,16:00,960,-4622
0050,16:05,965,-4622
0050,16:10,970,-5333
0050,16:15,975,-5333
0050,16:20,980,-5333
0050,16:25,985,-5333
0050,16:30,990,-6933
0050,16:35,995,-6933
0050,16:40,1000,-6933
0050,16:45,1005,-6933
0050,16:50,1010,-8356
0050,16:55,1015,-8356
0050,17:00,1020,-8356
0050,17:05,1025,-9600
0050,17:10,1030,-9600
0050,17:15,1035,-9600
0050,17:20,1040,-9600
0050,17:25,1045,-9600
0050,17:30,1050,-11200
0050,17:35,1055,-11200
0050,17:40,1060,-11200
0050,17:45,1065,-11200
0050,17:50,1070,-12444
0050,17:55,1075,-12444
0050,18:00,1080,-12444
0050,18:05,1085,-12444
0050,18:10,1090,-13689
0050,18:15,1095,-13689
0050,18:20,1100,-13689
0050,18:25,1105,-15289
0050,18:30,1110,-15289
0050,18:35,1115,-15289
0050,18:40,1120,-15289
0050,18:45,1125,-15289
0050,18:50,1130,-11378
0050,18:55,1135,-11378
0050,19:00,1140,-11378
0050,19:05,1145,-11378
0050,19:10,1150,-10311
0050,19:15,1155,-10311
0050,19:20,1160,-10311
0050,19:25,1165,-10311
0050,19:30,1170,-10311
0050,19:35,1175,-10311
0050,19:40,1180,-10311
0050,19:45,1185,-10311
0050,19:50,1190,-10311
0050,19:55,1195,-10311
0050,20:00,1200,-10311
0050,20:05,1205,-10311
0050,20:10,1210,-10311
0050,20:15,1215,-10311
0050,20:20,1220,-10311
0050,20:25,1225,-10311
0050,20:30,1230,-11200
0050,20:35,1235,-11200
0050,20:40,1240,-11200
0050,20:45,1245,-11200
0050,20:50,1250,-11200
0050,20:55,1255,-11200
0050,21:00,1260,-11200
0050,21:05,1265,-11200
0050,21:10,1270,-11378
0050,21:15,1275,-11378
0050,21:20,1280,-11378
0050,21:25,1285,-11378
0050,21:30,1290,-11378
0050,21:35,1295,-11378
0050,21:40,1300,-11378
0050,21:45,1305,-11556
0050,21:50,1310,-11556
0050,21:55,1315,-11556
0050,22:00,1320,-11556
0050,22:05,1325,-11556
0050,22:10,1330,-11556
0050,22:15,1335,-11556
0050,22:20,1340,-11556
0050,22:25,1345,-11556
0050,22:30,1350,-11556
0050,22:35,1355,-11556
0050,22:40,1360,-11556
0050,22:45,1365,-11556
0050,22:50,1370,-11556
0050,22:55,1375,-11556
0050,23:00,1380,-11556
0050,23:05,1385,-11556
0050,23:10,1390,-11556
0050,23:15,1395,-11556
0050,23:16,1396,-11556
0050,23:20,1400,-11556
0051,09:00,540,0
0051,09:05,545,0
0051,09:10,550,0
0051,09:15,555,0
0051,09:20,560,0
0051,09:25,565,0
0051,09:30,570,0
0051,09:35,575,0
0051,09:40,580,0
0051,09:45,585,0
0051,09:50,590,0
0051,09:55,595,0
0051,10:00,600,0
0051,10:05,605,0
0051,10:10,610,0
0051,10:15,615,0
0051,10:20,620,0
0051,10:25,625,0
0051,10:30,630,0
0051,10:35,635,0
0051,10:40,640,0
0051,10:45,645,0
0051,10:50,650,0
0051,10:55,655,0
0051,11:00,660,-533
0051,11:05,665,-533
0051,11:10,670,-1067
0051,11:15,675,-1067
0051,11:20,680,-1067
0051,11:25,685,-1067
0051,11:30,690,-1600
0051,11:35,695,-1600
0051,11:40,700,-1600
0051,11:45,705,-1600
0051,11:50,710,-1600
0051,11:55,715,-1600
0051,12:00,720,-1600
0051,12:05,725,-1600
0051,12:10,730,-1600
0051,12:15,735,-1600
0051,12:20,740,-1600
0051,12:25,745,-1600
0051,12:30,750,-1600
0051,12:35,755,-1600
0051,12:40,760,-1600
0051,12:45,765,-1600
0051,12:50,770,-1956
0051,12:55,775,-1956
0051,13:00,780,-1956
0051,13:05,785,-3022
0051,13:10,790,-3022
0051,13:15,795,-3022
0051,13:20,800,-3022
0051,13:25,805,-4622
0051,13:30,810,-4622
0051,13:35,815,-4622
0051,13:40,820,-4622
0051,13:45,825,-4622
0051,13:50,830,-6044
0051,13:55,835,-6044
0051,14:00,840,-6044
0051,14:05,845,-6044
0051,14:10,850,-5156
0051,14:15,855,-5156
0051,14:20,860,-5156
0051,14:25,865,-5156
0051,14:30,870,-6400
0051,14:35,875,-6400
0051,14:40,880,-6400
0051,14:45,885,-7467
0051,14:50,890,-7467
0051,14:55,895,-7467
0051,15:00,900,-7467
0051,15:05,905,-7467
0051,15:10,910,-8889
0051,15:15,915,-8889
0051,15:20,920,-8889
0051,15:25,925,-8889
0051,15:30,930,-5333
0051,15:35,935,-5333
0051,15:40,940,-5333
0051,15:45,945,-1244
0051,15:50,950,-1244
0051,15:55,955,-1244
0051,16:00,960,-1244
0051,16:05,965,-1244
0051,16:10,970,-1422
0051,16:15,975,-1422
0051,16:20,980,-1422
0051,16:25,985,-1422
0051,16:30,990,345
0051,16:35,995,345
0051,16:40,1000,345
0051,16:45,1005,345
0051,16:50,1010,4310
0051,16:55,1015,4310
0051,17:00,1020,4310
0051,17:05,1025,3276
0051,17:10,1030,3276
0051,17:15,1035,3276
0051,17:20,1040,3276
0051,17:25,1045,3276
0051,17:30,1050,1724
0051,17:35,1055,1724
0051,17:40,1060,1724
0051,17:45,1065,1724
0051,17:50,1070,2241
0051,17:55,1075,2241
0051,18:00,1080,2241
0051,18:05,1085,2241
0051,18:10,1090,3103
0051,18:15,1095,3103
0051,18:20,1100,3103
0051,18:25,1105,1379
0051,18:30,1110,1379
0051,18:35,1115,1379
0051,18:40,1120,1379
0051,18:45,1125,1379
0051,18:50,1130,3448
0051,18:55,1135,3448
0051,19:00,1140,3448
0051,19:05,1145,3448
0051,19:10,1150,3966
0051,19:15,1155,3966
0051,19:20,1160,3966
0051,19:25,1165,10517
0051,19:30,1170,10517
0051,19:35,1175,10517
0051,19:40,1180,10517
0051,19:45,1185,9138
0051,19:50,1190,9138
0051,19:55,1195,9138
0051,20:00,1200,9138
0051,20:05,1205,9138
0051,20:10,1210,7931
0051,20:15,1215,7931
0051,20:20,1220,7931
0051,20:25,1225,7931
0051,20:30,1230,7414
0051,20:35,1235,7414
0051,20:40,1240,7414
0051,20:45,1245,7414
0051,20:50,1250,7414
0051,20:55,1255,7414
0051,21:00,1260,7414
0051,21:05,1265,7414
0051,21:10,1270,7414
0051,21:15,1275,7414
0051,21:20,1280,7414
0051,21:25,1285,7414
0051,21:30,1290,7414
0051,21:35,1295,7414
0051,21:40,1300,7414
0051,21:45,1305,7414
0051,21:50,1310,7414
0051,21:55,1315,7414
0051,22:00,1320,7414
0051,22:05,1325,7414
0051,22:10,1330,7414
0051,22:15,1335,7414
0051,22:20,1340,7414
0051,22:25,1345,7414
0051,22:30,1350,7414
0051,22:35,1355,7414
0051,22:40,1360,7414
0051,22:45,1365,7414
0051,22:50,1370,7414
0051,22:55,1375,7414
0051,23:00,1380,7414
0051,23:05,1385,7414
0051,23:10,1390,7414
0051,23:15,1395,7414
0051,23:16,1396,7414
0051,23:20,1400,7414
0052,09:00,540,0
0052,09:05,545,0
0052,09:10,550,0
0052,09:15,555,0
0052,09:20,560,0
0052,09:25,565,0
0052,09:30,570,0
0052,09:35,575,0
0052,09:40,580,0
0052,09:45,585,0
0052,09:50,590,0
0052,09:55,595,0
0052,10:00,600,0
0052,10:05,605,0
0052,10:10,610,0
0052,10:15,615,0
0052,10:20,620,0
0052,10:25,625,0
0052,10:30,630,0
0052,10:35,635,0
0052,10:40,640,0
0052,10:45,645,0
0052,10:50,650,0
0052,10:55,655,0
0052,11:00,660,0
0052,11:05,665,0
0052,11:10,670,0
0052,11:15,675,0
0052,11:20,680,0
0052,11:25,685,0
0052,11:30,690,-1067
0052,11:35,695,-1067
0052,11:40,700,-1067
0052,11:45,705,-1244
0052,11:50,710,-1244
0052,11:55,715,-1244
0052,12:00,720,-1244
0052,12:05,725,-1244
0052,12:10,730,-1244
0052,12:15,735,-1244
0052,12:20,740,-1244
0052,12:25,745,-1244
0052,12:30,750,-1244
0052,12:35,755,-1244
0052,12:40,760,-1244
0052,12:45,765,-1244
0052,12:50,770,-1600
0052,12:55,775,-1600
0052,13:00,780,-1600
0052,13:05,785,-1600
0052,13:10,790,-1600
0052,13:15,795,-1600
0052,13:20,800,-1600
0052,13:25,805,-1600
0052,13:30,810,-1600
0052,13:35,815,-1600
0052,13:40,820,-1600
0052,13:45,825,-1600
0052,13:50,830,-1600
0052,13:55,835,-1600
0052,14:00,840,-1600
0052,14:05,845,-1600
0052,14:10,850,-1600
0052,14:15,855,-1600
0052,14:20,860,-1600
0052,14:25,865,-1600
0052,14:30,870,-1600
0052,14:35,875,-1600
0052,14:40,880,-1600
0052,14:45,885,-1956
0052,14:50,890,-1956
0052,14:55,895,-1956
0052,15:00,900,-1956
0052,15:05,905,-1956
0052,15:10,910,-1956
0052,15:15,915,-1956
0052,15:20,920,-1956
0052,15:25,925,-1956
0052,15:30,930,-2133
0052,15:35,935,-2133
0052,15:40,940,-2133
0052,15:45,945,-2667
0052,15:50,950,-2667
0052,15:55,955,-2667
0052,16:00,960,-2667
0052,16:05,965,-2667
0052,16:10,970,-1422
0052,16:15,975,-1422
0052,16:20,980,-1422
0052,16:25,985,-1422
0052,16:30,990,5862
0052,16:35,995,5862
0052,16:40,1000,5862
0052,16:45,1005,5862
0052,16:50,1010,5517
0052,16:55,1015,5517
0052,17:00,1020,5517
0052,17:05,1025,6207
0052,17:10,1030,6207
0052,17:15,1035,6207
0052,17:20,1040,6207
0052,17:25,1045,6207
0052,17:30,1050,4828
0052,17:35,1055,4828
0052,17:40,1060,4828
0052,17:45,1065,4828
0052,17:50,1070,4483
0052,17:55,1075,4483
0052,18:00,1080,4483
0052,18:05,1085,4483
0052,18:10,1090,8966
0052,18:15,1095,8966
0052,18:20,1100,8966
0052,18:25,1105,15690
0052,18:30,1110,15690
0052,18:35,1115,15690
0052,18:40,1120,15690
0052,18:45,1125,15690
0052,18:50,1130,19138
0052,18:55,1135,19138
0052,19:00,1140,19138
0052,19:05,1145,19138
0052,19:10,1150,19655
0052,19:15,1155,19655
0052,19:20,1160,19655
0052,19:25,1165,18448
0052,19:30,1170,18448
0052,19:35,1175,18448
0052,19:40,1180,18448
0052,19:45,1185,18276
0052,19:50,1190,18276
0052,19:55,1195,18276
0052,20:00,1200,18276
0052,20:05,1205,18276
0052,20:10,1210,17586
0052,20:15,1215,17586
0052,20:20,1220,17586
0052,20:25,1225,17586
0052,20:30,1230,16034
0052,20:35,1235,16034
0052,20:40,1240,16034
0052,20:45,1245,16034
0052,20:50,1250,16034
0052,20:55,1255,16034
0052,21:00,1260,16034
0052,21:05,1265,16034
0052,21:10,1270,16034
0052,21:15,1275,16034
0052,21:20,1280,16034
0052,21:25,1285,16034
0052,21:30,1290,16034
0052,21:35,1295,16034
0052,21:40,1300,16034
0052,21:45,1305,16034
0052,21:50,1310,16034
0052,21:55,1315,16034
0052,22:00,1320,16034
0052,22:05,1325,16034
0052,22:10,1330,16034
0052,22:15,1335,16034
0052,22:20,1340,16034
0052,22:25,1345,16034
0052,22:30,1350,16034
0052,22:35,1355,16034
0052,22:40,1360,16034
0052,22:45,1365,16034
0052,22:50,1370,16034
0052,22:55,1375,16034
0052,23:00,1380,16034
0052,23:05,1385,16034
0052,23:10,1390,16034
0052,23:15,1395,16034
0052,23:16,1396,16034
0052,23:20,1400,16034
0053,09:00,540,0
0053,09:05,545,0
0053,09:10,550,0
0053,09:15,555,0
0053,09:20,560,0
0053,09:25,565,0
0053,09:30,570,0
0053,09:35,575,0
0053,09:40,580,0
0053,09:45,585,0
0053,09:50,590,0
0053,09:55,595,0
0053,10:00,600,0
0053,10:05,605,0
0053,10:10,610,0
0053,10:15,615,0
0053,10:20,620,0
0053,10:25,625,0
0053,10:30,630,0
0053,10:35,635,0
0053,10:40,640,0
0053,10:45,645,0
0053,10:50,650,0
0053,10:55,655,0
0053,11:00,660,0
0053,11:05,665,0
0053,11:10,670,0
0053,11:15,675,0
0053,11:20,680,0
0053,11:25,685,0
0053,11:30,690,0
0053,11:35,695,0
0053,11:40,700,0
0053,11:45,705,-533
0053,11:50,710,-533
0053,11:55,715,-533
0053,12:00,720,-533
0053,12:05,725,-178
0053,12:10,730,-178
0053,12:15,735,-178
0053,12:20,740,-178
0053,12:25,745,-178
0053,12:30,750,-1600
0053,12:35,755,-1600
0053,12:40,760,-1600
0053,12:45,765,-1600
0053,12:50,770,-1600
0053,12:55,775,-1600
0053,13:00,780,-1600
0053,13:05,785,-1600
0053,13:10,790,-1600
0053,13:15,795,-1600
0053,13:20,800,-1600
0053,13:25,805,-1600
0053,13:30,810,-1600
0053,13:35,815,-1600
0053,13:40,820,-1600
0053,13:45,825,-1600
0053,13:50,830,-1600
0053,13:55,835,-1600
0053,14:00,840,-1600
0053,14:05,845,-1600
0053,14:10,850,-1600
0053,14:15,855,-1600
0053,14:20,860,-1600
0053,14:25,865,-1600
0053,14:30,870,-2489
0053,14:35,875,-2489
0053,14:40,880,-2489
0053,14:45,885,-3733
0053,14:50,890,-3733
0053,14:55,895,-3733
0053,15:00,900,-3733
0053,15:05,905,-3733
0053,15:10,910,-4622
0053,15:15,915,-4622
0053,15:20,920,-4622
0053,15:25,925,-4622
0053,15:30,930,-5156
0053,15:35,935,-5156
0053,15:40,940,-5156
0053,15:45,945,-6756
0053,15:50,950,-6756
0053,15:55,955,-6756
0053,16:00,960,-6756
0053,16:05,965,-6756
0053,16:10,970,-5867
0053,16:15,975,-5867
0053,16:20,980,-5867
0053,16:25,985,-5867
0053,16:30,990,-6044
0053,16:35,995,-6044
0053,16:40,1000,-6044
0053,16:45,1005,-6044
0053,16:50,1010,-3556
0053,16:55,1015,-3556
0053,17:00,1020,-3556
0053,17:05,1025,-4444
0053,17:10,1030,-4444
0053,17:15,1035,-4444
0053,17:20,1040,-4444
0053,17:25,1045,-4444
0053,17:30,1050,2931
0053,17:35,1055,2931
0053,17:40,1060,2931
0053,17:45,1065,2931
0053,17:50,1070,7931
0053,17:55,1075,7931
0053,18:00,1080,7931
0053,18:05,1085,7931
0053,18:10,1090,6897
0053,18:15,1095,6897
0053,18:20,1100,6897
0053,18:25,1105,5345
0053,18:30,1110,5345
0053,18:35,1115,5345
0053,18:40,1120,5345
0053,18:45,1125,5345
0053,18:50,1130,6207
0053,18:55,1135,6207
0053,19:00,1140,6207
0053,19:05,1145,6207
0053,19:10,1150,4828
0053,19:15,1155,4828
0053,19:20,1160,4828
0053,19:25,1165,11379
0053,19:30,1170,11379
0053,19:35,1175,11379
0053,19:40,1180,11379
0053,19:45,1185,12241
0053,19:50,1190,12241
0053,19:55,1195,12241
0053,20:00,1200,12241
0053,20:05,1205,12241
0053,20:10,1210,13276
0053,20:15,1215,13276
0053,20:20,1220,13276
0053,20:25,1225,13276
0053,20:30,1230,13276
0053,20:35,1235,13276
0053,20:40,1240,13276
0053,20:45,1245,12586
0053,20:50,1250,12586
0053,20:55,1255,12586
0053,21:00,1260,12586
0053,21:05,1265,12586
0053,21:10,1270,12586
0053,21:15,1275,12586
0053,21:20,1280,12586
0053,21:25,1285,12586
0053,21:30,1290,12586
0053,21:35,1295,12586
0053,21:40,1300,12586
0053,21:45,1305,12586
0053,21:50,1310,12586
0053,21:55,1315,12586
0053,22:00,1320,12586
0053,22:05,1325,12586
0053,22:10,1330,12586
0053,22:15,1335,12586
0053,22:20,1340,12586
0053,22:25,1345,12586
0053,22:30,1350,12586
0053,22:35,1355,12586
0053,22:40,1360,12586
0053,22:45,1365,12586
0053,22:50,1370,12586
0053,22:55,1375,12586
0053,23:00,1380,12586
0053,23:05,1385,12586
0053,23:10,1390,12586
0053,23:15,1395,12586
0053,23:16,1396,12586
0053,23:20,1400,12586
0054,09:00,540,0
0054,09:05,545,0
0054,09:10,550,0
0054,09:15,555,0
0054,09:20,560,0
0054,09:25,565,0
0054,09:30,570,0
0054,09:35,575,0
0054,09:40,580,0
0054,09:45,585,0
0054,09:50,590,0
0054,09:55,595,0
0054,10:00,600,0
0054,10:05,605,0
0054,10:10,610,0
0054,10:15,615,0
0054,10:20,620,0
0054,10:25,625,0
0054,10:30,630,0
0054,10:35,635,0
0054,10:40,640,0
0054,10:45,645,0
0054,10:50,650,0
0054,10:55,655,0
0054,11:00,660,0
0054,11:05,665,0
0054,11:10,670,86
0054,11:15,675,86
0054,11:20,680,86
0054,11:25,685,86
0054,11:30,690,-622
0054,11:35,695,-622
0054,11:40,700,-622
0054,11:45,705,-622
0054,11:50,710,-622
0054,11:55,715,-622
0054,12:00,720,-622
0054,12:05,725,-800
0054,12:10,730,-800
0054,12:15,735,-800
0054,12:20,740,-800
0054,12:25,745,-800
0054,12:30,750,1466
0054,12:35,755,1466
0054,12:40,760,1466
0054,12:45,765,1466
0054,12:50,770,4052
0054,12:55,775,4052
0054,13:00,780,4052
0054,13:05,785,3103
0054,13:10,790,3103
0054,13:15,795,3103
0054,13:20,800,3103
0054,13:25,805,5345
0054,13:30,810,5345
0054,13:35,815,5345
0054,13:40,820,5345
0054,13:45,825,5345
0054,13:50,830,4310
0054,13:55,835,4310
0054,14:00,840,4310
0054,14:05,845,4310
0054,14:10,850,3362
0054,14:15,855,3362
0054,14:20,860,3362
0054,14:25,865,3362
0054,14:30,870,2241
0054,14:35,875,2241
0054,14:40,880,2241
0054,14:45,885,1293
0054,14:50,890,1293
0054,14:55,895,1293
0054,15:00,900,1293
0054,15:05,905,1293
0054,15:10,910,517
0054,15:15,915,517
0054,15:20,920,517
0054,15:25,925,517
0054,15:30,930,-622
0054,15:35,935,-622
0054,15:40,940,-622
0054,15:45,945,-1778
0054,15:50,950,-1778
0054,15:55,955,-1778
0054,16:00,960,-1778
0054,16:05,965,-1778
0054,16:10,970,-1867
0054,16:15,975,-1867
0054,16:20,980,-1867
0054,16:25,985,-1867
0054,16:30,990,-2222
0054,16:35,995,-2222
0054,16:40,1000,-2222
0054,16:45,1005,-2222
0054,16:50,1010,-3911
0054,16:55,1015,-3911
0054,17:00,1020,-3911
0054,17:05,1025,-4711
0054,17:10,1030,-4711
0054,17:15,1035,-4711
0054,17:20,1040,-4711
0054,17:25,1045,-4711
0054,17:30,1050,-4711
0054,17:35,1055,-4711
0054,17:40,1060,-4711
0054,17:45,1065,-4711
0054,17:50,1070,-4711
0054,17:55,1075,-4711
0054,18:00,1080,-4711
0054,18:05,1085,-4711
0054,18:10,1090,-4711
0054,18:15,1095,-4711
0054,18:20,1100,-4711
0054,18:25,1105,-4711
0054,18:30,1110,-4711
0054,18:35,1115,-4711
0054,18:40,1120,-4711
0054,18:45,1125,-4711
0054,18:50,1130,-5244
0054,18:55,1135,-5244
0054,19:00,1140,-5244
0054,19:05,1145,-5244
0054,19:10,1150,-5689
0054,19:15,1155,-5689
0054,19:20,1160,-5689
0054,19:25,1165,-5689
0054,19:30,1170,-5689
0054,19:35,1175,-5689
0054,19:40,1180,-5689
0054,19:45,1185,-4711
0054,19:50,1190,-4711
0054,19:55,1195,-4711
0054,20:00,1200,-4711
0054,20:05,1205,-4711
0054,20:10,1210,-5867
0054,20:15,1215,-5867
0054,20:20,1220,-5867
0054,20:25,1225,-5867
0054,20:30,1230,-6578
0054,20:35,1235,-6578
0054,20:40,1240,-6578
0054,20:45,1245,-6578
0054,20:50,1250,-6578
0054,20:55,1255,-6578
0054,21:00,1260,-6578
0054,21:05,1265,-6578
0054,21:10,1270,-6578
0054,21:15,1275,-6578
0054,21:20,1280,-6578
0054,21:25,1285,-6578
0054,21:30,1290,-6578
0054,21:35,1295,-6578
0054,21:40,1300,-6578
0054,21:45,1305,-6578
0054,21:50,1310,-6578
0054,21:55,1315,-6578
0054,22:00,1320,-6578
0054,22:05,1325,-6844
0054,22:10,1330,-6844
0054,22:15,1335,-6844
0054,22:20,1340,-6844
0054,22:25,1345,-6844
0054,22:30,1350,-6844
0054,22:35,1355,-6844
0054,22:40,1360,-6844
0054,22:45,1365,-6844
0054,22:50,1370,-6844
0054,22:55,1375,-6844
0054,23:00,1380,-6844
0054,23:05,1385,-6844
0054,23:10,1390,-6844
0054,23:15,1395,-6844
0054,23:16,1396,-6844
0054,23:20,1400,-6844
0055,09:00,540,0
0055,09:05,545,0
0055,09:10,550,0
0055,09:15,555,0
0055,09:20,560,0
0055,09:25,565,0
0055,09:30,570,0
0055,09:35,575,0
0055,09:40,580,0
0055,09:45,585,0
0055,09:50,590,0
0055,09:55,595,0
0055,10:00,600,0
0055,10:05,605,0
0055,10:10,610,0
0055,10:15,615,0
0055,10:20,620,0
0055,10:25,625,-89
0055,10:30,630,-89
0055,10:35,635,-89
0055,10:40,640,-1067
0055,10:45,645,-1067
0055,10:50,650,-1067
0055,10:55,655,-1067
0055,11:00,660,-2044
0055,11:05,665,-2044
0055,11:10,670,-2489
0055,11:15,675,-2489
0055,11:20,680,-2489
0055,11:25,685,-2489
0055,11:30,690,1121
0055,11:35,695,1121
0055,11:40,700,1121
0055,11:45,705,259
0055,11:50,710,259
0055,11:55,715,259
0055,12:00,720,259
0055,12:05,725,259
0055,12:10,730,259
0055,12:15,735,259
0055,12:20,740,259
0055,12:25,745,259
0055,12:30,750,0
0055,12:35,755,0
0055,12:40,760,0
0055,12:45,765,0
0055,12:50,770,1638
0055,12:55,775,1638
0055,13:00,780,1638
0055,13:05,785,5603
0055,13:10,790,5603
0055,13:15,795,5603
0055,13:20,800,5603
0055,13:25,805,6983
0055,13:30,810,6983
0055,13:35,815,6983
0055,13:40,820,6983
0055,13:45,825,6983
0055,13:50,830,6466
0055,13:55,835,6466
0055,14:00,840,6466
0055,14:05,845,6466
0055,14:10,850,5345
0055,14:15,855,5345
0055,14:20,860,5345
0055,14:25,865,5345
0055,14:30,870,5172
0055,14:35,875,5172
0055,14:40,880,5172
0055,14:45,885,4483
0055,14:50,890,4483
0055,14:55,895,4483
0055,15:00,900,4483
0055,15:05,905,4483
0055,15:10,910,3362
0055,15:15,915,3362
0055,15:20,920,3362
0055,15:25,925,3362
0055,15:30,930,3621
0055,15:35,935,3621
0055,15:40,940,3621
0055,15:45,945,4224
0055,15:50,950,4224
0055,15:55,955,4224
0055,16:00,960,4224
0055,16:05,965,4224
0055,16:10,970,2931
0055,16:15,975,2931
0055,16:20,980,2931
0055,16:25,985,2931
0055,16:30,990,1638
0055,16:35,995,1638
0055,16:40,1000,1638
0055,16:45,1005,1638
0055,16:50,1010,1552
0055,16:55,1015,1552
0055,17:00,1020,1552
0055,17:05,1025,862
0055,17:10,1030,862
0055,17:15,1035,862
0055,17:20,1040,862
0055,17:25,1045,862
0055,17:30,1050,-889
0055,17:35,1055,-889
0055,17:40,1060,-889
0055,17:45,1065,-889
0055,17:50,1070,-1600
0055,17:55,1075,-1600
0055,18:00,1080,-1600
0055,18:05,1085,-1600
0055,18:10,1090,-1867
0055,18:15,1095,-1867
0055,18:20,1100,-1867
0055,18:25,1105,-2667
0055,18:30,1110,-2667
0055,18:35,1115,-2667
0055,18:40,1120,-2667
0055,18:45,1125,-2667
0055,18:50,1130,-4267
0055,18:55,1135,-4267
0055,19:00,1140,-4267
0055,19:05,1145,-4267
0055,19:10,1150,-3467
0055,19:15,1155,-3467
0055,19:20,1160,-3467
0055,19:25,1165,-4800
0055,19:30,1170,-4800
0055,19:35,1175,-4800
0055,19:40,1180,-4800
0055,19:45,1185,-6044
0055,19:50,1190,-6044
0055,19:55,1195,-6044
0055,20:00,1200,-6044
0055,20:05,1205,-6044
0055,20:10,1210,-6933
0055,20:15,1215,-6933
0055,20:20,1220,-6933
0055,20:25,1225,-6933
0055,20:30,1230,-7111
0055,20:35,1235,-7111
0055,20:40,1240,-7111
0055,20:45,1245,-8622
0055,20:50,1250,-8622
0055,20:55,1255,-8622
0055,21:00,1260,-8622
0055,21:05,1265,-8622
0055,21:10,1270,-5956
0055,21:15,1275,-5956
0055,21:20,1280,-5956
0055,21:25,1285,-5956
0055,21:30,1290,-1956
0055,21:35,1295,-1956
0055,21:40,1300,-1956
0055,21:45,1305,-2044
0055,21:50,1310,-2044
0055,21:55,1315,-2044
0055,22:00,1320,-2044
0055,22:05,1325,-2667
0055,22:10,1330,-2667
0055,22:15,1335,-2667
0055,22:20,1340,-2667
0055,22:25,1345,-2667
0055,22:30,1350,-3022
0055,22:35,1355,-3022
0055,22:40,1360,-3022
0055,22:45,1365,-3022
0055,22:50,1370,-3022
0055,22:55,1375,-3022
0055,23:00,1380,-3022
0055,23:05,1385,-3022
0055,23:10,1390,-3022
0055,23:15,1395,-3022
0055,23:16,1396,-3022
0055,23:20,1400,-3022
0056,09:00,540,0
0056,09:05,545,0
0056,09:10,550,0
0056,09:15,555,0
0056,09:20,560,0
0056,09:25,565,0
0056,09:30,570,0
0056,09:35,575,0
0056,09:40,580,0
0056,09:45,585,0
0056,09:50,590,0
0056,09:55,595,0
0056,10:00,600,0
0056,10:05,605,0
0056,10:10,610,0
0056,10:15,615,0
0056,10:20,620,0
0056,10:25,625,0
0056,10:30,630,0
0056,10:35,635,0
0056,10:40,640,-89
0056,10:45,645,-89
0056,10:50,650,-89
0056,10:55,655,-89
0056,11:00,660,-533
0056,11:05,665,-533
0056,11:10,670,-533
0056,11:15,675,-533
0056,11:20,680,-533
0056,11:25,685,-533
0056,11:30,690,-533
0056,11:35,695,-533
0056,11:40,700,-533
0056,11:45,705,-533
0056,11:50,710,-533
0056,11:55,715,-533
0056,12:00,720,-533
0056,12:05,725,-533
0056,12:10,730,-533
0056,12:15,735,-533
0056,12:20,740,-533
0056,12:25,745,-533
0056,12:30,750,-622
0056,12:35,755,-622
0056,12:40,760,-622
0056,12:45,765,-622
0056,12:50,770,-622
0056,12:55,775,-622
0056,13:00,780,-622
0056,13:05,785,-622
0056,13:10,790,-622
0056,13:15,795,-622
0056,13:20,800,-622
0056,13:25,805,-622
0056,13:30,810,-622
0056,13:35,815,-622
0056,13:40,820,-622
0056,13:45,825,-622
0056,13:50,830,-711
0056,13:55,835,-711
0056,14:00,840,-711
0056,14:05,845,-711
0056,14:10,850,-711
0056,14:15,855,-711
0056,14:20,860,-711
0056,14:25,865,-711
0056,14:30,870,-711
0056,14:35,875,-711
0056,14:40,880,-711
0056,14:45,885,-1600
0056,14:50,890,-1600
0056,14:55,895,-1600
0056,15:00,900,-1600
0056,15:05,905,-1600
0056,15:10,910,-2667
0056,15:15,915,-2667
0056,15:20,920,-2667
0056,15:25,925,-2667
0056,15:30,930,-4533
0056,15:35,935,-4533
0056,15:40,940,-4533
0056,15:45,945,-6133
0056,15:50,950,-6133
0056,15:55,955,-6133
0056,16:00,960,-6133
0056,16:05,965,-6133
0056,16:10,970,-6400
0056,16:15,975,-6400
0056,16:20,980,-6400
0056,16:25,985,-6400
0056,16:30,990,-6667
0056,16:35,995,-6667
0056,16:40,1000,-6667
0056,16:45,1005,-6667
0056,16:50,1010,-3911
0056,16:55,1015,-3911
0056,17:00,1020,-3911
0056,17:05,1025,-4089
0056,17:10,1030,-4089
0056,17:15,1035,-4089
0056,17:20,1040,-4089
0056,17:25,1045,-4089
0056,17:30,1050,-4089
0056,17:35,1055,-4089
0056,17:40,1060,-4089
0056,17:45,1065,-4089
0056,17:50,1070,-4533
0056,17:55,1075,-4533
0056,18:00,1080,-4533
0056,18:05,1085,-4533
0056,18:10,1090,-4978
0056,18:15,1095,-4978
0056,18:20,1100,-4978
0056,18:25,1105,-5778
0056,18:30,1110,-5778
0056,18:35,1115,-5778
0056,18:40,1120,-5778
0056,18:45,1125,-5778
0056,18:50,1130,-6133
0056,18:55,1135,-6133
0056,19:00,1140,-6133
0056,19:05,1145,-6133
0056,19:10,1150,-7289
0056,19:15,1155,-7289
0056,19:20,1160,-7289
0056,19:25,1165,-5689
0056,19:30,1170,-5689
0056,19:35,1175,-5689
0056,19:40,1180,-5689
0056,19:45,1185,-89
0056,19:50,1190,-89
0056,19:55,1195,-89
0056,20:00,1200,-89
0056,20:05,1205,-89
0056,20:10,1210,948
0056,20:15,1215,948
0056,20:20,1220,948
0056,20:25,1225,948
0056,20:30,1230,-178
0056,20:35,1235,-178
0056,20:40,1240,-178
0056,20:45,1245,-178
0056,20:50,1250,-178
0056,20:55,1255,-178
0056,21:00,1260,-178
0056,21:05,1265,-178
0056,21:10,1270,-178
0056,21:15,1275,-178
0056,21:20,1280,-178
0056,21:25,1285,-178
0056,21:30,1290,-267
0056,21:35,1295,-267
0056,21:40,1300,-267
0056,21:45,1305,-978
0056,21:50,1310,-978
0056,21:55,1315,-978
0056,22:00,1320,-978
0056,22:05,1325,-1244
0056,22:10,1330,-1244
0056,22:15,1335,-1244
0056,22:20,1340,-1244
0056,22:25,1345,-1244
0056,22:30,1350,-1244
0056,22:35,1355,-1244
0056,22:40,1360,-1244
0056,22:45,1365,-1244
0056,22:50,1370,-1244
0056,22:55,1375,-1244
0056,23:00,1380,-1244
0056,23:05,1385,-1244
0056,23:10,1390,-1244
0056,23:15,1395,-1244
0056,23:16,1396,-1244
0056,23:20,1400,-1244
0057,09:00,540,0
0057,09:05,545,0
0057,09:10,550,0
0057,09:15,555,0
0057,09:20,560,0
0057,09:25,565,0
0057,09:30,570,0
0057,09:35,575,0
0057,09:40,580,0
0057,09:45,585,0
0057,09:50,590,0
0057,09:55,595,0
0057,10:00,600,0
0057,10:05,605,0
0057,10:10,610,0
0057,10:15,615,0
0057,10:20,620,0
0057,10:25,625,0
0057,10:30,630,0
0057,10:35,635,0
0057,10:40,640,-711
0057,10:45,645,-711
0057,10:50,650,-711
0057,10:55,655,-711
0057,11:00,660,-711
0057,11:05,665,-711
0057,11:10,670,-711
0057,11:15,675,-711
0057,11:20,680,-711
0057,11:25,685,-711
0057,11:30,690,-1422
0057,11:35,695,-1422
0057,11:40,700,-1422
0057,11:45,705,-2311
0057,11:50,710,-2311
0057,11:55,715,-2311
0057,12:00,720,-2311
0057,12:05,725,-3556
0057,12:10,730,-3556
0057,12:15,735,-3556
0057,12:20,740,-3556
0057,12:25,745,-3556
0057,12:30,750,-5156
0057,12:35,755,-5156
0057,12:40,760,-5156
0057,12:45,765,-5156
0057,12:50,770,-5689
0057,12:55,775,-5689
0057,13:00,780,-5689
0057,13:05,785,-5689
0057,13:10,790,-5689
0057,13:15,795,-5689
0057,13:20,800,-5689
0057,13:25,805,-6756
0057,13:30,810,-6756
0057,13:35,815,-6756
0057,13:40,820,-6756
0057,13:45,825,-6756
0057,13:50,830,-7467
0057,13:55,835,-7467
0057,14:00,840,-7467
0057,14:05,845,-7467
0057,14:10,850,-8711
0057,14:15,855,-8711
0057,14:20,860,-8711
0057,14:25,865,-8711
0057,14:30,870,-10667
0057,14:35,875,-10667
0057,14:40,880,-10667
0057,14:45,885,-12089
0057,14:50,890,-12089
0057,14:55,895,-12089
0057,15:00,900,-12089
0057,15:05,905,-12089
0057,15:10,910,-10133
0057,15:15,915,-10133
0057,15:20,920,-10133
0057,15:25,925,-10133
0057,15:30,930,-6222
0057,15:35,935,-6222
0057,15:40,940,-6222
0057,15:45,945,-6400
0057,15:50,950,-6400
0057,15:55,955,-6400
0057,16:00,960,-6400
0057,16:05,965,-6400
0057,16:10,970,-6400
0057,16:15,975,-6400
0057,16:20,980,-6400
0057,16:25,985,-6400
0057,16:30,990,-5511
0057,16:35,995,-5511
0057,16:40,1000,-5511
0057,16:45,1005,-5511
0057,16:50,1010,-5511
0057,16:55,1015,-5511
0057,17:00,1020,-5511
0057,17:05,1025,-6756
0057,17:10,1030,-6756
0057,17:15,1035,-6756
0057,17:20,1040,-6756
0057,17:25,1045,-6756
0057,17:30,1050,-8356
0057,17:35,1055,-8356
0057,17:40,1060,-8356
0057,17:45,1065,-8356
0057,17:50,1070,-8533
0057,17:55,1075,-8533
0057,18:00,1080,-8533
0057,18:05,1085,-8533
0057,18:10,1090,-9956
0057,18:15,1095,-9956
0057,18:20,1100,-9956
0057,18:25,1105,-10667
0057,18:30,1110,-10667
0057,18:35,1115,-10667
0057,18:40,1120,-10667
0057,18:45,1125,-10667
0057,18:50,1130,-11378
0057,18:55,1135,-11378
0057,19:00,1140,-11378
0057,19:05,1145,-11378
0057,19:10,1150,-11733
0057,19:15,1155,-11733
0057,19:20,1160,-11733
0057,19:25,1165,-12267
0057,19:30,1170,-12267
0057,19:35,1175,-12267
0057,19:40,1180,-12267
0057,19:45,1185,-13689
0057,19:50,1190,-13689
0057,19:55,1195,-13689
0057,20:00,1200,-13689
0057,20:05,1205,-13689
0057,20:10,1210,-13867
0057,20:15,1215,-13867
0057,20:20,1220,-13867
0057,20:25,1225,-13867
0057,20:30,1230,-13867
0057,20:35,1235,-13867
0057,20:40,1240,-13867
0057,20:45,1245,-13867
0057,20:50,1250,-13867
0057,20:55,1255,-13867
0057,21:00,1260,-13867
0057,21:05,1265,-13867
0057,21:10,1270,-13867
0057,21:15,1275,-13867
0057,21:20,1280,-13867
0057,21:25,1285,-13867
0057,21:30,1290,-14044
0057,21:35,1295,-14044
0057,21:40,1300,-14044
0057,21:45,1305,-14044
0057,21:50,1310,-14044
0057,21:55,1315,-14044
0057,22:00,1320,-14044
0057,22:05,1325,-14044
0057,22:10,1330,-14044
0057,22:15,1335,-14044
0057,22:20,1340,-14044
0057,22:25,1345,-14044
0057,22:30,1350,-15467
0057,22:35,1355,-15467
0057,22:40,1360,-15467
0057,22:45,1365,-15467
0057,22:50,1370,-15467
0057,22:55,1375,-15467
0057,23:00,1380,-15467
0057,23:05,1385,-15467
0057,23:10,1390,-15467
0057,23:15,1395,-15467
0057,23:16,1396,-15467
0057,23:20,1400,-15467
0058,09:00,540,0
0058,09:05,545,0
0058,09:10,550,0
0058,09:15,555,0
0058,09:20,560,0
0058,09:25,565,0
0058,09:30,570,0
0058,09:35,575,0
0058,09:40,580,0
0058,09:45,585,0
0058,09:50,590,0
0058,09:55,595,0
0058,10:00,600,0
0058,10:05,605,0
0058,10:10,610,0
0058,10:15,615,0
0058,10:20,620,0
0058,10:25,625,-511
0058,10:30,630,-511
0058,10:35,635,-511
0058,10:40,640,-511
0058,10:45,645,-511
0058,10:50,650,-511
0058,10:55,655,-511
0058,11:00,660,-511
0058,11:05,665,-511
0058,11:10,670,-1021
0058,11:15,675,-1021
0058,11:20,680,-1021
0058,11:25,685,-1021
0058,11:30,690,-2553
0058,11:35,695,-2553
0058,11:40,700,-2553
0058,11:45,705,-4085
0058,11:50,710,-4085
0058,11:55,715,-4085
0058,12:00,720,-4085
0058,12:05,725,-3319
0058,12:10,730,-3319
0058,12:15,735,-3319
0058,12:20,740,-3319
0058,12:25,745,-3319
0058,12:30,750,-5106
0058,12:35,755,-5106
0058,12:40,760,-5106
0058,12:45,765,-5106
0058,12:50,770,-6638
0058,12:55,775,-6638
0058,13:00,780,-6638
0058,13:05,785,-7660
0058,13:10,790,-7660
0058,13:15,795,-7660
0058,13:20,800,-7660
0058,13:25,805,-9702
0058,13:30,810,-9702
0058,13:35,815,-9702
0058,13:40,820,-9702
0058,13:45,825,-9702
0058,13:50,830,-11234
0058,13:55,835,-11234
0058,14:00,840,-11234
0058,14:05,845,-11234
0058,14:10,850,-12511
0058,14:15,855,-12511
0058,14:20,860,-12511
0058,14:25,865,-12511
0058,14:30,870,-10723
0058,14:35,875,-10723
0058,14:40,880,-10723
0058,14:45,885,-12000
0058,14:50,890,-12000
0058,14:55,895,-12000
0058,15:00,900,-12000
0058,15:05,905,-12000
0058,15:10,910,-13277
0058,15:15,915,-13277
0058,15:20,920,-13277
0058,15:25,925,-13277
0058,15:30,930,-15064
0058,15:35,935,-15064
0058,15:40,940,-15064
0058,15:45,945,-16851
0058,15:50,950,-16851
0058,15:55,955,-16851
0058,16:00,960,-16851
0058,16:05,965,-16851
0058,16:10,970,-18128
0058,16:15,975,-18128
0058,16:20,980,-18128
0058,16:25,985,-18128
0058,16:30,990,-20170
0058,16:35,995,-20170
0058,16:40,1000,-20170
0058,16:45,1005,-20170
0058,16:50,1010,-21702
0058,16:55,1015,-21702
0058,17:00,1020,-21702
0058,17:05,1025,-17872
0058,17:10,1030,-17872
0058,17:15,1035,-17872
0058,17:20,1040,-17872
0058,17:25,1045,-17872
0058,17:30,1050,-13532
0058,17:35,1055,-13532
0058,17:40,1060,-13532
0058,17:45,1065,-13532
0058,17:50,1070,-14298
0058,17:55,1075,-14298
0058,18:00,1080,-14298
0058,18:05,1085,-14298
0058,18:10,1090,-15574
0058,18:15,1095,-15574
0058,18:20,1100,-15574
0058,18:25,1105,-17617
0058,18:30,1110,-17617
0058,18:35,1115,-17617
0058,18:40,1120,-17617
0058,18:45,1125,-17617
0058,18:50,1130,-19149
0058,18:55,1135,-19149
0058,19:00,1140,-19149
0058,19:05,1145,-19149
0058,19:10,1150,-15319
0058,19:15,1155,-15319
0058,19:20,1160,-15319
0058,19:25,1165,-14298
0058,19:30,1170,-14298
0058,19:35,1175,-14298
0058,19:40,1180,-14298
0058,19:45,1185,-15064
0058,19:50,1190,-15064
0058,19:55,1195,-15064
0058,20:00,1200,-15064
0058,20:05,1205,-15064
0058,20:10,1210,-15830
0058,20:15,1215,-15830
0058,20:20,1220,-15830
0058,20:25,1225,-15830
0058,20:30,1230,-17106
0058,20:35,1235,-17106
0058,20:40,1240,-17106
0058,20:45,1245,-17106
0058,20:50,1250,-17106
0058,20:55,1255,-17106
0058,21:00,1260,-17106
0058,21:05,1265,-17106
0058,21:10,1270,-17106
0058,21:15,1275,-17106
0058,21:20,1280,-17106
0058,21:25,1285,-17106
0058,21:30,1290,-17106
0058,21:35,1295,-17106
0058,21:40,1300,-17106
0058,21:45,1305,-17106
0058,21:50,1310,-17106
0058,21:55,1315,-17106
0058,22:00,1320,-17106
0058,22:05,1325,-17106
0058,22:10,1330,-17106
0058,22:15,1335,-17106
0058,22:20,1340,-17106
0058,22:25,1345,-17106
0058,22:30,1350,-17106
0058,22:35,1355,-17106
0058,22:40,1360,-17106
0058,22:45,1365,-17106
0058,22:50,1370,-17106
0058,22:55,1375,-17106
0058,23:00,1380,-17106
0058,23:05,1385,-17106
0058,23:10,1390,-17106
0058,23:15,1395,-17106
0058,23:16,1396,-17106
0058,23:20,1400,-17106
0059,09:00,540,0
0059,09:05,545,0
0059,09:10,550,0
0059,09:15,555,0
0059,09:20,560,0
0059,09:25,565,0
0059,09:30,570,0
0059,09:35,575,0
0059,09:40,580,0
0059,09:45,585,0
0059,09:50,590,0
0059,09:55,595,0
0059,10:00,600,0
0059,10:05,605,0
0059,10:10,610,0
0059,10:15,615,0
0059,10:20,620,0
0059,10:25,625,0
0059,10:30,630,0
0059,10:35,635,0
0059,10:40,640,0
0059,10:45,645,0
0059,10:50,650,0
0059,10:55,655,0
0059,11:00,660,0
0059,11:05,665,0
0059,11:10,670,0
0059,11:15,675,0
0059,11:20,680,0
0059,11:25,685,0
0059,11:30,690,0
0059,11:35,695,0
0059,11:40,700,0
0059,11:45,705,0
0059,11:50,710,0
0059,11:55,715,0
0059,12:00,720,0
0059,12:05,725,0
0059,12:10,730,0
0059,12:15,735,0
0059,12:20,740,0
0059,12:25,745,0
0059,12:30,750,-978
0059,12:35,755,-978
0059,12:40,760,-978
0059,12:45,765,-978
0059,12:50,770,-2489
0059,12:55,775,-2489
0059,13:00,780,-2489
0059,13:05,785,-2844
0059,13:10,790,-2844
0059,13:15,795,-2844
0059,13:20,800,-2844
0059,13:25,805,-2844
0059,13:30,810,-2844
0059,13:35,815,-2844
0059,13:40,820,-2844
0059,13:45,825,-2844
0059,13:50,830,-3733
0059,13:55,835,-3733
0059,14:00,840,-3733
0059,14:05,845,-3733
0059,14:10,850,-4711
0059,14:15,855,-4711
0059,14:20,860,-4711
0059,14:25,865,-4711
0059,14:30,870,-6133
0059,14:35,875,-6133
0059,14:40,880,-6133
0059,14:45,885,-7733
0059,14:50,890,-7733
0059,14:55,895,-7733
0059,15:00,900,-7733
0059,15:05,905,-7733
0059,15:10,910,-8978
0059,15:15,915,-8978
0059,15:20,920,-8978
0059,15:25,925,-8978
0059,15:30,930,-5689
0059,15:35,935,-5689
0059,15:40,940,-5689
0059,15:45,945,-3022
0059,15:50,950,-3022
0059,15:55,955,-3022
0059,16:00,960,-3022
0059,16:05,965,-3022
0059,16:10,970,-3022
0059,16:15,975,-3022
0059,16:20,980,-3022
0059,16:25,985,-3022
0059,16:30,990,-3022
0059,16:35,995,-3022
0059,16:40,1000,-3022
0059,16:45,1005,-3022
0059,16:50,1010,-4533
0059,16:55,1015,-4533
0059,17:00,1020,-4533
0059,17:05,1025,-5867
0059,17:10,1030,-5867
0059,17:15,1035,-5867
0059,17:20,1040,-5867
0059,17:25,1045,-5867
0059,17:30,1050,-6400
0059,17:35,1055,-6400
0059,17:40,1060,-6400
0059,17:45,1065,-6400
0059,17:50,1070,-7733
0059,17:55,1075,-7733
0059,18:00,1080,-7733
0059,18:05,1085,-7733
0059,18:10,1090,-7111
0059,18:15,1095,-7111
0059,18:20,1100,-7111
0059,18:25,1105,-8622
0059,18:30,1110,-8622
0059,18:35,1115,-8622
0059,18:40,1120,-8622
0059,18:45,1125,-8622
0059,18:50,1130,-8622
0059,18:55,1135,-8622
0059,19:00,1140,-8622
0059,19:05,1145,-8622
0059,19:10,1150,-8889
0059,19:15,1155,-8889
0059,19:20,1160,-8889
0059,19:25,1165,-9067
0059,19:30,1170,-9067
0059,19:35,1175,-9067
0059,19:40,1180,-9067
0059,19:45,1185,-9244
0059,19:50,1190,-9244
0059,19:55,1195,-9244
0059,20:00,1200,-9244
0059,20:05,1205,-9244
0059,20:10,1210,-9244
0059,20:15,1215,-9244
0059,20:20,1220,-9244
0059,20:25,1225,-9244
0059,20:30,1230,-9244
0059,20:35,1235,-9244
0059,20:40,1240,-9244
0059,20:45,1245,-9244
0059,20:50,1250,-9244
0059,20:55,1255,-9244
0059,21:00,1260,-9244
0059,21:05,1265,-9244
0059,21:10,1270,-9244
0059,21:15,1275,-9244
0059,21:20,1280,-9244
0059,21:25,1285,-9244
0059,21:30,1290,-9244
0059,21:35,1295,-9244
0059,21:40,1300,-9244
0059,21:45,1305,-9244
0059,21:50,1310,-9244
0059,21:55,1315,-9244
0059,22:00,1320,-9244
0059,22:05,1325,-9244
0059,22:10,1330,-9244
0059,22:15,1335,-9244
0059,22:20,1340,-9244
0059,22:25,1345,-9244
0059,22:30,1350,-9244
0059,22:35,1355,-9244
0059,22:40,1360,-9244
0059,22:45,1365,-9244
0059,22:50,1370,-9244
0059,22:55,1375,-9244
0059,23:00,1380,-9244
0059,23:05,1385,-9244
0059,23:10,1390,-9244
0059,23:15,1395,-9244
0059,23:16,1396,-9244
0059,23:20,1400,-9244
0060,09:00,540,0
0060,09:05,545,0
0060,09:10,550,0
0060,09:15,555,0
0060,09:20,560,0
0060,09:25,565,0
0060,09:30,570,0
0060,09:35,575,0
0060,09:40,580,0
0060,09:45,585,0
0060,09:50,590,0
0060,09:55,595,0
0060,10:00,600,0
0060,10:05,605,0
0060,10:10,610,0
0060,10:15,615,0
0060,10:20,620,0
0060,10:25,625,0
0060,10:30,630,0
0060,10:35,635,0
0060,10:40,640,0
0060,10:45,645,0
0060,10:50,650,0
0060,10:55,655,0
0060,11:00,660,0
0060,11:05,665,0
0060,11:10,670,0
0060,11:15,675,0
0060,11:20,680,0
0060,11:25,685,0
0060,11:30,690,0
0060,11:35,695,0
0060,11:40,700,0
0060,11:45,705,2672
0060,11:50,710,2672
0060,11:55,715,2672
0060,12:00,720,2672
0060,12:05,725,1638
0060,12:10,730,1638
0060,12:15,735,1638
0060,12:20,740,1638
0060,12:25,745,1638
0060,12:30,750,1293
0060,12:35,755,1293
0060,12:40,760,1293
0060,12:45,765,1293
0060,12:50,770,1293
0060,12:55,775,1293
0060,13:00,780,1293
0060,13:05,785,172
0060,13:10,790,172
0060,13:15,795,172
0060,13:20,800,172
0060,13:25,805,172
0060,13:30,810,172
0060,13:35,815,172
0060,13:40,820,172
0060,13:45,825,172
0060,13:50,830,-889
0060,13:55,835,-889
0060,14:00,840,-889
0060,14:05,845,-889
0060,14:10,850,-178
0060,14:15,855,-178
0060,14:20,860,-178
0060,14:25,865,-178
0060,14:30,870,3362
0060,14:35,875,3362
0060,14:40,880,3362
0060,14:45,885,6552
0060,14:50,890,6552
0060,14:55,895,6552
0060,15:00,900,6552
0060,15:05,905,6552
0060,15:10,910,8103
0060,15:15,915,8103
0060,15:20,920,8103
0060,15:25,925,8103
0060,15:30,930,6638
0060,15:35,935,6638
0060,15:40,940,6638
0060,15:45,945,5517
0060,15:50,950,5517
0060,15:55,955,5517
0060,16:00,960,5517
0060,16:05,965,5517
0060,16:10,970,4741
0060,16:15,975,4741
0060,16:20,980,4741
0060,16:25,985,4741
0060,16:30,990,3621
0060,16:35,995,3621
0060,16:40,1000,3621
0060,16:45,1005,3621
0060,16:50,1010,2500
0060,16:55,1015,2500
0060,17:00,1020,2500
0060,17:05,1025,1983
0060,17:10,1030,1983
0060,17:15,1035,1983
0060,17:20,1040,1983
0060,17:25,1045,1983
0060,17:30,1050,431
0060,17:35,1055,431
0060,17:40,1060,431
0060,17:45,1065,431
0060,17:50,1070,-444
0060,17:55,1075,-444
0060,18:00,1080,-444
0060,18:05,1085,-444
0060,18:10,1090,-1511
0060,18:15,1095,-1511
0060,18:20,1100,-1511
0060,18:25,1105,603
0060,18:30,1110,603
0060,18:35,1115,603
0060,18:40,1120,603
0060,18:45,1125,603
0060,18:50,1130,5776
0060,18:55,1135,5776
0060,19:00,1140,5776
0060,19:05,1145,5776
0060,19:10,1150,4828
0060,19:15,1155,4828
0060,19:20,1160,4828
0060,19:25,1165,3534
0060,19:30,1170,3534
0060,19:35,1175,3534
0060,19:40,1180,3534
0060,19:45,1185,5776
0060,19:50,1190,5776
0060,19:55,1195,5776
0060,20:00,1200,5776
0060,20:05,1205,5776
0060,20:10,1210,4828
0060,20:15,1215,4828
0060,20:20,1220,4828
0060,20:25,1225,4828
0060,20:30,1230,3707
0060,20:35,1235,3707
0060,20:40,1240,3707
0060,20:45,1245,2500
0060,20:50,1250,2500
0060,20:55,1255,2500
0060,21:00,1260,2500
0060,21:05,1265,2500
0060,21:10,1270,1638
0060,21:15,1275,1638
0060,21:20,1280,1638
0060,21:25,1285,1638
0060,21:30,1290,1207
0060,21:35,1295,1207
0060,21:40,1300,1207
0060,21:45,1305,1207
0060,21:50,1310,1207
0060,21:55,1315,1207
0060,22:00,1320,1207
0060,22:05,1325,1207
0060,22:10,1330,1207
0060,22:15,1335,1207
0060,22:20,1340,1207
0060,22:25,1345,1207
0060,22:30,1350,1207
0060,22:35,1355,1207
0060,22:40,1360,1207
0060,22:45,1365,1207
0060,22:50,1370,1207
0060,22:55,1375,1207
0060,23:00,1380,1207
0060,23:05,1385,1207
0060,23:10,1390,1207
0060,23:15,1395,1207
0060,23:16,1396,1207
0060,23:20,1400,1207
0061,09:00,540,0
0061,09:05,545,0
0061,09:10,550,0
0061,09:15,555,0
0061,09:20,560,0
0061,09:25,565,0
0061,09:30,570,0
0061,09:35,575,0
0061,09:40,580,0
0061,09:45,585,0
0061,09:50,590,0
0061,09:55,595,0
0061,10:00,600,0
0061,10:05,605,0
0061,10:10,610,0
0061,10:15,615,0
0061,10:20,620,0
0061,10:25,625,862
0061,10:30,630,862
0061,10:35,635,862
0061,10:40,640,172
0061,10:45,645,172
0061,10:50,650,172
0061,10:55,655,172
0061,11:00,660,-533
0061,11:05,665,-533
0061,11:10,670,-1067
0061,11:15,675,-1067
0061,11:20,680,-1067
0061,11:25,685,-1067
0061,11:30,690,-2311
0061,11:35,695,-2311
0061,11:40,700,-2311
0061,11:45,705,-3200
0061,11:50,710,-3200
0061,11:55,715,-3200
0061,12:00,720,-3200
0061,12:05,725,-4267
0061,12:10,730,-4267
0061,12:15,735,-4267
0061,12:20,740,-4267
0061,12:25,745,-4267
0061,12:30,750,-5333
0061,12:35,755,-5333
0061,12:40,760,-5333
0061,12:45,765,-5333
0061,12:50,770,-5867
0061,12:55,775,-5867
0061,13:00,780,-5867
0061,13:05,785,-6222
0061,13:10,790,-6222
0061,13:15,795,-6222
0061,13:20,800,-6222
0061,13:25,805,-7644
0061,13:30,810,-7644
0061,13:35,815,-7644
0061,13:40,820,-7644
0061,13:45,825,-7644
0061,13:50,830,-5689
0061,13:55,835,-5689
0061,14:00,840,-5689
0061,14:05,845,-5689
0061,14:10,850,-1422
0061,14:15,855,-1422
0061,14:20,860,-1422
0061,14:25,865,-1422
0061,14:30,870,3966
0061,14:35,875,3966
0061,14:40,880,3966
0061,14:45,885,5000
0061,14:50,890,5000
0061,14:55,895,5000
0061,15:00,900,5000
0061,15:05,905,5000
0061,15:10,910,3966
0061,15:15,915,3966
0061,15:20,920,3966
0061,15:25,925,3966
0061,15:30,930,2586
0061,15:35,935,2586
0061,15:40,940,2586
0061,15:45,945,2414
0061,15:50,950,2414
0061,15:55,955,2414
0061,16:00,960,2414
0061,16:05,965,2414
0061,16:10,970,2414
0061,16:15,975,2414
0061,16:20,980,2414
0061,16:25,985,2414
0061,16:30,990,2414
0061,16:35,995,2414
0061,16:40,1000,2414
0061,16:45,1005,2414
0061,16:50,1010,2241
0061,16:55,1015,2241
0061,17:00,1020,2241
0061,17:05,1025,1724
0061,17:10,1030,1724
0061,17:15,1035,1724
0061,17:20,1040,1724
0061,17:25,1045,1724
0061,17:30,1050,1034
0061,17:35,1055,1034
0061,17:40,1060,1034
0061,17:45,1065,1034
0061,17:50,1070,-533
0061,17:55,1075,-533
0061,18:00,1080,-533
0061,18:05,1085,-533
0061,18:10,1090,-1600
0061,18:15,1095,-1600
0061,18:20,1100,-1600
0061,18:25,1105,-2844
0061,18:30,1110,-2844
0061,18:35,1115,-2844
0061,18:40,1120,-2844
0061,18:45,1125,-2844
0061,18:50,1130,690
0061,18:55,1135,690
0061,19:00,1140,690
0061,19:05,1145,690
0061,19:10,1150,1207
0061,19:15,1155,1207
0061,19:20,1160,1207
0061,19:25,1165,1379
0061,19:30,1170,1379
0061,19:35,1175,1379
0061,19:40,1180,1379
0061,19:45,1185,7759
0061,19:50,1190,7759
0061,19:55,1195,7759
0061,20:00,1200,7759
0061,20:05,1205,7759
0061,20:10,1210,8103
0061,20:15,1215,8103
0061,20:20,1220,8103
0061,20:25,1225,8103
0061,20:30,1230,10000
0061,20:35,1235,10000
0061,20:40,1240,10000
0061,20:45,1245,9655
0061,20:50,1250,9655
0061,20:55,1255,9655
0061,21:00,1260,9655
0061,21:05,1265,9655
0061,21:10,1270,9655
0061,21:15,1275,9655
0061,21:20,1280,9655
0061,21:25,1285,9655
0061,21:30,1290,9655
0061,21:35,1295,9655
0061,21:40,1300,9655
0061,21:45,1305,9655
0061,21:50,1310,9655
0061,21:55,1315,9655
0061,22:00,1320,9655
0061,22:05,1325,9655
0061,22:10,1330,9655
0061,22:15,1335,9655
0061,22:20,1340,9655
0061,22:25,1345,9655
0061,22:30,1350,9655
0061,22:35,1355,9655
0061,22:40,1360,9655
0061,22:45,1365,9655
0061,22:50,1370,9655
0061,22:55,1375,9655
0061,23:00,1380,9655
0061,23:05,1385,9655
0061,23:10,1390,9655
0061,23:15,1395,9655
0061,23:16,1396,9655
0061,23:20,1400,9655
0062,09:00,540,0
0062,09:05,545,0
0062,09:10,550,0
0062,09:15,555,0
0062,09:20,560,0
0062,09:25,565,0
0062,09:30,570,0
0062,09:35,575,0
0062,09:40,580,0
0062,09:45,585,0
0062,09:50,590,0
0062,09:55,595,0
0062,10:00,600,0
0062,10:05,605,0
0062,10:10,610,0
0062,10:15,615,0
0062,10:20,620,0
0062,10:25,625,0
0062,10:30,630,0
0062,10:35,635,0
0062,10:40,640,0
0062,10:45,645,0
0062,10:50,650,0
0062,10:55,655,0
0062,11:00,660,0
0062,11:05,665,0
0062,11:10,670,0
0062,11:15,675,0
0062,11:20,680,0
0062,11:25,685,0
0062,11:30,690,-1532
0062,11:35,695,-1532
0062,11:40,700,-1532
0062,11:45,705,-2553
0062,11:50,710,-2553
0062,11:55,715,-2553
0062,12:00,720,-2553
0062,12:05,725,-3830
0062,12:10,730,-3830
0062,12:15,735,-3830
0062,12:20,740,-3830
0062,12:25,745,-3830
0062,12:30,750,-4596
0062,12:35,755,-4596
0062,12:40,760,-4596
0062,12:45,765,-4596
0062,12:50,770,-4596
0062,12:55,775,-4596
0062,13:00,780,-4596
0062,13:05,785,-4596
0062,13:10,790,-4596
0062,13:15,795,-4596
0062,13:20,800,-4596
0062,13:25,805,-4596
0062,13:30,810,-4596
0062,13:35,815,-4596
0062,13:40,820,-4596
0062,13:45,825,-4596
0062,13:50,830,-5106
0062,13:55,835,-5106
0062,14:00,840,-5106
0062,14:05,845,-5106
0062,14:10,850,-6128
0062,14:15,855,-6128
0062,14:20,860,-6128
0062,14:25,865,-6128
0062,14:30,870,-7404
0062,14:35,875,-7404
0062,14:40,880,-7404
0062,14:45,885,-8936
0062,14:50,890,-8936
0062,14:55,895,-8936
0062,15:00,900,-8936
0062,15:05,905,-8936
0062,15:10,910,-10213
0062,15:15,915,-10213
0062,15:20,920,-10213
0062,15:25,925,-10213
0062,15:30,930,-11234
0062,15:35,935,-11234
0062,15:40,940,-11234
0062,15:45,945,-9447
0062,15:50,950,-9447
0062,15:55,955,-9447
0062,16:00,960,-9447
0062,16:05,965,-9447
0062,16:10,970,-10213
0062,16:15,975,-10213
0062,16:20,980,-10213
0062,16:25,985,-10213
0062,16:30,990,-11489
0062,16:35,995,-11489
0062,16:40,1000,-11489
0062,16:45,1005,-11489
0062,16:50,1010,-12511
0062,16:55,1015,-12511
0062,17:00,1020,-12511
0062,17:05,1025,-12766
0062,17:10,1030,-12766
0062,17:15,1035,-12766
0062,17:20,1040,-12766
0062,17:25,1045,-12766
0062,17:30,1050,-14043
0062,17:35,1055,-14043
0062,17:40,1060,-14043
0062,17:45,1065,-14043
0062,17:50,1070,-14809
0062,17:55,1075,-14809
0062,18:00,1080,-14809
0062,18:05,1085,-14809
0062,18:10,1090,-16085
0062,18:15,1095,-16085
0062,18:20,1100,-16085
0062,18:25,1105,-14043
0062,18:30,1110,-14043
0062,18:35,1115,-14043
0062,18:40,1120,-14043
0062,18:45,1125,-14043
0062,18:50,1130,-15319
0062,18:55,1135,-15319
0062,19:00,1140,-15319
0062,19:05,1145,-15319
0062,19:10,1150,-16596
0062,19:15,1155,-16596
0062,19:20,1160,-16596
0062,19:25,1165,-18383
0062,19:30,1170,-18383
0062,19:35,1175,-18383
0062,19:40,1180,-18383
0062,19:45,1185,-19660
0062,19:50,1190,-19660
0062,19:55,1195,-19660
0062,20:00,1200,-19660
0062,20:05,1205,-19660
0062,20:10,1210,-20936
0062,20:15,1215,-20936
0062,20:20,1220,-20936
0062,20:25,1225,-20936
0062,20:30,1230,-20936
0062,20:35,1235,-20936
0062,20:40,1240,-20936
0062,20:45,1245,-20936
0062,20:50,1250,-20936
0062,20:55,1255,-20936
0062,21:00,1260,-20936
0062,21:05,1265,-20936
0062,21:10,1270,-20936
0062,21:15,1275,-20936
0062,21:20,1280,-20936
0062,21:25,1285,-20936
0062,21:30,1290,-20936
0062,21:35,1295,-20936
0062,21:40,1300,-20936
0062,21:45,1305,-20936
0062,21:50,1310,-20936
0062,21:55,1315,-20936
0062,22:00,1320,-20936
0062,22:05,1325,-20936
0062,22:10,1330,-20936
0062,22:15,1335,-20936
0062,22:20,1340,-20936
0062,22:25,1345,-20936
0062,22:30,1350,-20936
0062,22:35,1355,-20936
0062,22:40,1360,-20936
0062,22:45,1365,-20936
0062,22:50,1370,-20936
0062,22:55,1375,-20936
0062,23:00,1380,-20936
0062,23:05,1385,-20936
0062,23:10,1390,-20936
0062,23:15,1395,-20936
0062,23:16,1396,-20936
0062,23:20,1400,-20936
0063,09:00,540,0
0063,09:05,545,0
0063,09:10,550,0
0063,09:15,555,0
0063,09:20,560,0
0063,09:25,565,0
0063,09:30,570,0
0063,09:35,575,0
0063,09:40,580,0
0063,09:45,585,0
0063,09:50,590,0
0063,09:55,595,0
0063,10:00,600,0
0063,10:05,605,0
0063,10:10,610,0
0063,10:15,615,0
0063,10:20,620,0
0063,10:25,625,0
0063,10:30,630,0
0063,10:35,635,0
0063,10:40,640,0
0063,10:45,645,0
0063,10:50,650,0
0063,10:55,655,0
0063,11:00,660,0
0063,11:05,665,0
0063,11:10,670,-533
0063,11:15,675,-533
0063,11:20,680,-533
0063,11:25,685,-533
0063,11:30,690,-622
0063,11:35,695,-622
0063,11:40,700,-622
0063,11:45,705,-1333
0063,11:50,710,-1333
0063,11:55,715,-1333
0063,12:00,720,-1333
0063,12:05,725,-1511
0063,12:10,730,-1511
0063,12:15,735,-1511
0063,12:20,740,-1511
0063,12:25,745,-1511
0063,12:30,750,-1511
0063,12:35,755,-1511
0063,12:40,760,-1511
0063,12:45,765,-1511
0063,12:50,770,-1511
0063,12:55,775,-1511
0063,13:00,780,-1511
0063,13:05,785,-1511
0063,13:10,790,-1511
0063,13:15,795,-1511
0063,13:20,800,-1511
0063,13:25,805,-1778
0063,13:30,810,-1778
0063,13:35,815,-1778
0063,13:40,820,-1778
0063,13:45,825,-1778
0063,13:50,830,-2489
0063,13:55,835,-2489
0063,14:00,840,-2489
0063,14:05,845,-2489
0063,14:10,850,-3111
0063,14:15,855,-3111
0063,14:20,860,-3111
0063,14:25,865,-3111
0063,14:30,870,-4267
0063,14:35,875,-4267
0063,14:40,880,-4267
0063,14:45,885,-5333
0063,14:50,890,-5333
0063,14:55,895,-5333
0063,15:00,900,-5333
0063,15:05,905,-5333
0063,15:10,910,-6133
0063,15:15,915,-6133
0063,15:20,920,-6133
0063,15:25,925,-6133
0063,15:30,930,-533
0063,15:35,935,-533
0063,15:40,940,-533
0063,15:45,945,-1867
0063,15:50,950,-1867
0063,15:55,955,-1867
0063,16:00,960,-1867
0063,16:05,965,-1867
0063,16:10,970,-2667
0063,16:15,975,-2667
0063,16:20,980,-2667
0063,16:25,985,-2667
0063,16:30,990,-3644
0063,16:35,995,-3644
0063,16:40,1000,-3644
0063,16:45,1005,-3644
0063,16:50,1010,-3822
0063,16:55,1015,-3822
0063,17:00,1020,-3822
0063,17:05,1025,-4444
0063,17:10,1030,-4444
0063,17:15,1035,-4444
0063,17:20,1040,-4444
0063,17:25,1045,-4444
0063,17:30,1050,-4000
0063,17:35,1055,-4000
0063,17:40,1060,-4000
0063,17:45,1065,-4000
0063,17:50,1070,-4978
0063,17:55,1075,-4978
0063,18:00,1080,-4978
0063,18:05,1085,-4978
0063,18:10,1090,-6133
0063,18:15,1095,-6133
0063,18:20,1100,-6133
0063,18:25,1105,-6311
0063,18:30,1110,-6311
0063,18:35,1115,-6311
0063,18:40,1120,-6311
0063,18:45,1125,-6311
0063,18:50,1130,-6311
0063,18:55,1135,-6311
0063,19:00,1140,-6311
0063,19:05,1145,-6311
0063,19:10,1150,-6844
0063,19:15,1155,-6844
0063,19:20,1160,-6844
0063,19:25,1165,-7022
0063,19:30,1170,-7022
0063,19:35,1175,-7022
0063,19:40,1180,-7022
0063,19:45,1185,-7022
0063,19:50,1190,-7022
0063,19:55,1195,-7022
0063,20:00,1200,-7022
0063,20:05,1205,-7022
0063,20:10,1210,-7022
0063,20:15,1215,-7022
0063,20:20,1220,-7022
0063,20:25,1225,-7022
0063,20:30,1230,-7022
0063,20:35,1235,-7022
0063,20:40,1240,-7022
0063,20:45,1245,-7022
0063,20:50,1250,-7022
0063,20:55,1255,-7022
0063,21:00,1260,-7022
0063,21:05,1265,-7022
0063,21:10,1270,-7022
0063,21:15,1275,-7022
0063,21:20,1280,-7022
0063,21:25,1285,-7022
0063,21:30,1290,-7022
0063,21:35,1295,-7022
0063,21:40,1300,-7022
0063,21:45,1305,-7022
0063,21:50,1310,-7022
0063,21:55,1315,-7022
0063,22:00,1320,-7022
0063,22:05,1325,-7022
0063,22:10,1330,-7022
0063,22:15,1335,-7022
0063,22:20,1340,-7022
0063,22:25,1345,-7022
0063,22:30,1350,-7022
0063,22:35,1355,-7022
0063,22:40,1360,-7022
0063,22:45,1365,-7022
0063,22:50,1370,-7022
0063,22:55,1375,-7022
0063,23:00,1380,-7022
0063,23:05,1385,-7022
0063,23:10,1390,-7022
0063,23:15,1395,-7022
0063,23:16,1396,-7022
0063,23:20,1400,-7022
0064,09:00,540,0
0064,09:05,545,0
0064,09:10,550,0
0064,09:15,555,0
0064,09:20,560,0
0064,09:25,565,0
0064,09:30,570,0
0064,09:35,575,0
0064,09:40,580,0
0064,09:45,585,0
0064,09:50,590,0
0064,09:55,595,0
0064,10:00,600,0
0064,10:05,605,0
0064,10:10,610,0
0064,10:15,615,0
0064,10:20,620,0
0064,10:25,625,0
0064,10:30,630,0
0064,10:35,635,0
0064,10:40,640,0
0064,10:45,645,0
0064,10:50,650,0
0064,10:55,655,0
0064,11:00,660,-255
0064,11:05,665,-255
0064,11:10,670,-255
0064,11:15,675,-255
0064,11:20,680,-255
0064,11:25,685,-255
0064,11:30,690,-766
0064,11:35,695,-766
0064,11:40,700,-766
0064,11:45,705,-2298
0064,11:50,710,-2298
0064,11:55,715,-2298
0064,12:00,720,-2298
0064,12:05,725,-1787
0064,12:10,730,-1787
0064,12:15,735,-1787
0064,12:20,740,-1787
0064,12:25,745,-1787
0064,12:30,750,-3574
0064,12:35,755,-3574
0064,12:40,760,-3574
0064,12:45,765,-3574
0064,12:50,770,-5106
0064,12:55,775,-5106
0064,13:00,780,-5106
0064,13:05,785,-5106
0064,13:10,790,-5106
0064,13:15,795,-5106
0064,13:20,800,-5106
0064,13:25,805,-1532
0064,13:30,810,-1532
0064,13:35,815,-1532
0064,13:40,820,-1532
0064,13:45,825,-1532
0064,13:50,830,992
0064,13:55,835,992
0064,14:00,840,992
0064,14:05,845,992
0064,14:10,850,-255
0064,14:15,855,-255
0064,14:20,860,-255
0064,14:25,865,-255
0064,14:30,870,-1277
0064,14:35,875,-1277
0064,14:40,880,-1277
0064,14:45,885,-1021
0064,14:50,890,-1021
0064,14:55,895,-1021
0064,15:00,900,-1021
0064,15:05,905,-1021
0064,15:10,910,2975
0064,15:15,915,2975
0064,15:20,920,2975
0064,15:25,925,2975
0064,15:30,930,8182
0064,15:35,935,8182
0064,15:40,940,8182
0064,15:45,945,6446
0064,15:50,950,6446
0064,15:55,955,6446
0064,16:00,960,6446
0064,16:05,965,6446
0064,16:10,970,6198
0064,16:15,975,6198
0064,16:20,980,6198
0064,16:25,985,6198
0064,16:30,990,5702
0064,16:35,995,5702
0064,16:40,1000,5702
0064,16:45,1005,5702
0064,16:50,1010,10413
0064,16:55,1015,10413
0064,17:00,1020,10413
0064,17:05,1025,13388
0064,17:10,1030,13388
0064,17:15,1035,13388
0064,17:20,1040,13388
0064,17:25,1045,13388
0064,17:30,1050,13140
0064,17:35,1055,13140
0064,17:40,1060,13140
0064,17:45,1065,13140
0064,17:50,1070,12645
0064,17:55,1075,12645
0064,18:00,1080,12645
0064,18:05,1085,12645
0064,18:10,1090,16612
0064,18:15,1095,16612
0064,18:20,1100,16612
0064,18:25,1105,22562
0064,18:30,1110,22562
0064,18:35,1115,22562
0064,18:40,1120,22562
0064,18:45,1125,22562
0064,18:50,1130,24050
0064,18:55,1135,24050
0064,19:00,1140,24050
0064,19:05,1145,24050
0064,19:10,1150,24793
0064,19:15,1155,24793
0064,19:20,1160,24793
0064,19:25,1165,24793
0064,19:30,1170,24793
0064,19:35,1175,24793
0064,19:40,1180,24793
0064,19:45,1185,24298
0064,19:50,1190,24298
0064,19:55,1195,24298
0064,20:00,1200,24298
0064,20:05,1205,24298
0064,20:10,1210,24050
0064,20:15,1215,24050
0064,20:20,1220,24050
0064,20:25,1225,24050
0064,20:30,1230,24050
0064,20:35,1235,24050
0064,20:40,1240,24050
0064,20:45,1245,24050
0064,20:50,1250,24050
0064,20:55,1255,24050
0064,21:00,1260,24050
0064,21:05,1265,24050
0064,21:10,1270,24050
0064,21:15,1275,24050
0064,21:20,1280,24050
0064,21:25,1285,24050
0064,21:30,1290,24050
0064,21:35,1295,24050
0064,21:40,1300,24050
0064,21:45,1305,24050
0064,21:50,1310,24050
0064,21:55,1315,24050
0064,22:00,1320,24050
0064,22:05,1325,24050
0064,22:10,1330,24050
0064,22:15,1335,24050
0064,22:20,1340,24050
0064,22:25,1345,24050
0064,22:30,1350,24050
0064,22:35,1355,24050
0064,22:40,1360,24050
0064,22:45,1365,24050
0064,22:50,1370,24050
0064,22:55,1375,24050
0064,23:00,1380,24050
0064,23:05,1385,24050
0064,23:10,1390,24050
0064,23:15,1395,24050
0064,23:16,1396,24050
0064,23:20,1400,24050
0065,09:00,540,0
0065,09:05,545,0
0065,09:10,550,0
0065,09:15,555,0
0065,09:20,560,0
0065,09:25,565,0
0065,09:30,570,0
0065,09:35,575,0
0065,09:40,580,0
0065,09:45,585,0
0065,09:50,590,0
0065,09:55,595,0
0065,10:00,600,0
0065,10:05,605,0
0065,10:10,610,0
0065,10:15,615,0
0065,10:20,620,0
0065,10:25,625,-356
0065,10:30,630,-356
0065,10:35,635,-356
0065,10:40,640,-711
0065,10:45,645,-711
0065,10:50,650,-711
0065,10:55,655,-711
0065,11:00,660,-711
0065,11:05,665,-711
0065,11:10,670,-800
0065,11:15,675,-800
0065,11:20,680,-800
0065,11:25,685,-800
0065,11:30,690,-1689
0065,11:35,695,-1689
0065,11:40,700,-1689
0065,11:45,705,-1689
0065,11:50,710,-1689
0065,11:55,715,-1689
0065,12:00,720,-1689
0065,12:05,725,-1689
0065,12:10,730,-1689
0065,12:15,735,-1689
0065,12:20,740,-1689
0065,12:25,745,-1689
0065,12:30,750,1983
0065,12:35,755,1983
0065,12:40,760,1983
0065,12:45,765,1983
0065,12:50,770,4483
0065,12:55,775,4483
0065,13:00,780,4483
0065,13:05,785,4483
0065,13:10,790,4483
0065,13:15,795,4483
0065,13:20,800,4483
0065,13:25,805,3362
0065,13:30,810,3362
0065,13:35,815,3362
0065,13:40,820,3362
0065,13:45,825,3362
0065,13:50,830,3707
0065,13:55,835,3707
0065,14:00,840,3707
0065,14:05,845,3707
0065,14:10,850,2414
0065,14:15,855,2414
0065,14:20,860,2414
0065,14:25,865,2414
0065,14:30,870,517
0065,14:35,875,517
0065,14:40,880,517
0065,14:45,885,-356
0065,14:50,890,-356
0065,14:55,895,-356
0065,15:00,900,-356
0065,15:05,905,-356
0065,15:10,910,-1689
0065,15:15,915,-1689
0065,15:20,920,-1689
0065,15:25,925,-1689
0065,15:30,930,431
0065,15:35,935,431
0065,15:40,940,431
0065,15:45,945,-978
0065,15:50,950,-978
0065,15:55,955,-978
0065,16:00,960,-978
0065,16:05,965,-978
0065,16:10,970,0
0065,16:15,975,0
0065,16:20,980,0
0065,16:25,985,0
0065,16:30,990,1897
0065,16:35,995,1897
0065,16:40,1000,1897
0065,16:45,1005,1897
0065,16:50,1010,1897
0065,16:55,1015,1897
0065,17:00,1020,1897
0065,17:05,1025,1897
0065,17:10,1030,1897
0065,17:15,1035,1897
0065,17:20,1040,1897
0065,17:25,1045,1897
0065,17:30,1050,1466
0065,17:35,1055,1466
0065,17:40,1060,1466
0065,17:45,1065,1466
0065,17:50,1070,1293
0065,17:55,1075,1293
0065,18:00,1080,1293
0065,18:05,1085,1293
0065,18:10,1090,1034
0065,18:15,1095,1034
0065,18:20,1100,1034
0065,18:25,1105,2759
0065,18:30,1110,2759
0065,18:35,1115,2759
0065,18:40,1120,2759
0065,18:45,1125,2759
0065,18:50,1130,6379
0065,18:55,1135,6379
0065,19:00,1140,6379
0065,19:05,1145,6379
0065,19:10,1150,5431
0065,19:15,1155,5431
0065,19:20,1160,5431
0065,19:25,1165,4138
0065,19:30,1170,4138
0065,19:35,1175,4138
0065,19:40,1180,4138
0065,19:45,1185,3276
0065,19:50,1190,3276
0065,19:55,1195,3276
0065,20:00,1200,3276
0065,20:05,1205,3276
0065,20:10,1210,7241
0065,20:15,1215,7241
0065,20:20,1220,7241
0065,20:25,1225,7241
0065,20:30,1230,6466
0065,20:35,1235,6466
0065,20:40,1240,6466
0065,20:45,1245,6466
0065,20:50,1250,6466
0065,20:55,1255,6466
0065,21:00,1260,6466
0065,21:05,1265,6466
0065,21:10,1270,6466
0065,21:15,1275,6466
0065,21:20,1280,6466
0065,21:25,1285,6466
0065,21:30,1290,6293
0065,21:35,1295,6293
0065,21:40,1300,6293
0065,21:45,1305,6207
0065,21:50,1310,6207
0065,21:55,1315,6207
0065,22:00,1320,6207
0065,22:05,1325,6207
0065,22:10,1330,6207
0065,22:15,1335,6207
0065,22:20,1340,6207
0065,22:25,1345,6207
0065,22:30,1350,6207
0065,22:35,1355,6207
0065,22:40,1360,6207
0065,22:45,1365,6207
0065,22:50,1370,6207
0065,22:55,1375,6207
0065,23:00,1380,6207
0065,23:05,1385,6207
0065,23:10,1390,6207
0065,23:15,1395,6207
0065,23:16,1396,6207
0065,23:20,1400,6207
0066,09:00,540,0
0066,09:05,545,0
0066,09:10,550,0
0066,09:15,555,0
0066,09:20,560,0
0066,09:25,565,0
0066,09:30,570,0
0066,09:35,575,0
0066,09:40,580,0
0066,09:45,585,0
0066,09:50,590,0
0066,09:55,595,0
0066,10:00,600,0
0066,10:05,605,0
0066,10:10,610,0
0066,10:15,615,0
0066,10:20,620,0
0066,10:25,625,0
0066,10:30,630,0
0066,10:35,635,0
0066,10:40,640,-533
0066,10:45,645,-533
0066,10:50,650,-533
0066,10:55,655,-533
0066,11:00,660,-533
0066,11:05,665,-533
0066,11:10,670,-533
0066,11:15,675,-533
0066,11:20,680,-533
0066,11:25,685,-533
0066,11:30,690,-533
0066,11:35,695,-533
0066,11:40,700,-533
0066,11:45,705,-533
0066,11:50,710,-533
0066,11:55,715,-533
0066,12:00,720,-533
0066,12:05,725,-1067
0066,12:10,730,-1067
0066,12:15,735,-1067
0066,12:20,740,-1067
0066,12:25,745,-1067
0066,12:30,750,-2844
0066,12:35,755,-2844
0066,12:40,760,-2844
0066,12:45,765,-2844
0066,12:50,770,-1778
0066,12:55,775,-1778
0066,13:00,780,-1778
0066,13:05,785,-1778
0066,13:10,790,-1778
0066,13:15,795,-1778
0066,13:20,800,-1778
0066,13:25,805,-2667
0066,13:30,810,-2667
0066,13:35,815,-2667
0066,13:40,820,-2667
0066,13:45,825,-2667
0066,13:50,830,-4089
0066,13:55,835,-4089
0066,14:00,840,-4089
0066,14:05,845,-4089
0066,14:10,850,-3378
0066,14:15,855,-3378
0066,14:20,860,-3378
0066,14:25,865,-3378
0066,14:30,870,-4800
0066,14:35,875,-4800
0066,14:40,880,-4800
0066,14:45,885,-4800
0066,14:50,890,-4800
0066,14:55,895,-4800
0066,15:00,900,-4800
0066,15:05,905,-4800
0066,15:10,910,-5511
0066,15:15,915,-5511
0066,15:20,920,-5511
0066,15:25,925,-5511
0066,15:30,930,-6400
0066,15:35,935,-6400
0066,15:40,940,-6400
0066,15:45,945,-8000
0066,15:50,950,-8000
0066,15:55,955,-8000
0066,16:00,960,-8000
0066,16:05,965,-8000
0066,16:10,970,-8711
0066,16:15,975,-8711
0066,16:20,980,-8711
0066,16:25,985,-8711
0066,16:30,990,-9422
0066,16:35,995,-9422
0066,16:40,1000,-9422
0066,16:45,1005,-9422
0066,16:50,1010,-10133
0066,16:55,1015,-10133
0066,17:00,1020,-10133
0066,17:05,1025,-11378
0066,17:10,1030,-11378
0066,17:15,1035,-11378
0066,17:20,1040,-11378
0066,17:25,1045,-11378
0066,17:30,1050,-9422
0066,17:35,1055,-9422
0066,17:40,1060,-9422
0066,17:45,1065,-9422
0066,17:50,1070,-8711
0066,17:55,1075,-8711
0066,18:00,1080,-8711
0066,18:05,1085,-8711
0066,18:10,1090,-7467
0066,18:15,1095,-7467
0066,18:20,1100,-7467
0066,18:25,1105,-8178
0066,18:30,1110,-8178
0066,18:35,1115,-8178
0066,18:40,1120,-8178
0066,18:45,1125,-8178
0066,18:50,1130,-5689
0066,18:55,1135,-5689
0066,19:00,1140,-5689
0066,19:05,1145,-5689
0066,19:10,1150,-6756
0066,19:15,1155,-6756
0066,19:20,1160,-6756
0066,19:25,1165,-7822
0066,19:30,1170,-7822
0066,19:35,1175,-7822
0066,19:40,1180,-7822
0066,19:45,1185,-8533
0066,19:50,1190,-8533
0066,19:55,1195,-8533
0066,20:00,1200,-8533
0066,20:05,1205,-8533
0066,20:10,1210,-8533
0066,20:15,1215,-8533
0066,20:20,1220,-8533
0066,20:25,1225,-8533
0066,20:30,1230,-9067
0066,20:35,1235,-9067
0066,20:40,1240,-9067
0066,20:45,1245,-9067
0066,20:50,1250,-9067
0066,20:55,1255,-9067
0066,21:00,1260,-9067
0066,21:05,1265,-9067
0066,21:10,1270,-9067
0066,21:15,1275,-9067
0066,21:20,1280,-9067
0066,21:25,1285,-9067
0066,21:30,1290,-9067
0066,21:35,1295,-9067
0066,21:40,1300,-9067
0066,21:45,1305,-9067
0066,21:50,1310,-9067
0066,21:55,1315,-9067
0066,22:00,1320,-9067
0066,22:05,1325,-9067
0066,22:10,1330,-9067
0066,22:15,1335,-9067
0066,22:20,1340,-9067
0066,22:25,1345,-9067
0066,22:30,1350,-9067
0066,22:35,1355,-9067
0066,22:40,1360,-9067
0066,22:45,1365,-9067
0066,22:50,1370,-9067
0066,22:55,1375,-9067
0066,23:00,1380,-9067
0066,23:05,1385,-9067
0066,23:10,1390,-9067
0066,23:15,1395,-9067
0066,23:16,1396,-9067
0066,23:20,1400,-9067
0067,09:00,540,0
0067,09:05,545,0
0067,09:10,550,0
0067,09:15,555,0
0067,09:20,560,0
0067,09:25,565,0
0067,09:30,570,0
0067,09:35,575,0
0067,09:40,580,0
0067,09:45,585,0
0067,09:50,590,0
0067,09:55,595,0
0067,10:00,600,0
0067,10:05,605,0
0067,10:10,610,0
0067,10:15,615,0
0067,10:20,620,0
0067,10:25,625,0
0067,10:30,630,0
0067,10:35,635,0
0067,10:40,640,0
0067,10:45,645,0
0067,10:50,650,0
0067,10:55,655,0
0067,11:00,660,-1244
0067,11:05,665,-1244
0067,11:10,670,-1600
0067,11:15,675,-1600
0067,11:20,680,-1600
0067,11:25,685,-1600
0067,11:30,690,-3556
0067,11:35,695,-3556
0067,11:40,700,-3556
0067,11:45,705,-5156
0067,11:50,710,-5156
0067,11:55,715,-5156
0067,12:00,720,-5156
0067,12:05,725,-6044
0067,12:10,730,-6044
0067,12:15,735,-6044
0067,12:20,740,-6044
0067,12:25,745,-6044
0067,12:30,750,-6933
0067,12:35,755,-6933
0067,12:40,760,-6933
0067,12:45,765,-6933
0067,12:50,770,-6933
0067,12:55,775,-6933
0067,13:00,780,-6933
0067,13:05,785,-6933
0067,13:10,790,-6933
0067,13:15,795,-6933
0067,13:20,800,-6933
0067,13:25,805,-6400
0067,13:30,810,-6400
0067,13:35,815,-6400
0067,13:40,820,-6400
0067,13:45,825,-6400
0067,13:50,830,-4267
0067,13:55,835,-4267
0067,14:00,840,-4267
0067,14:05,845,-4267
0067,14:10,850,-1600
0067,14:15,855,-1600
0067,14:20,860,-1600
0067,14:25,865,-1600
0067,14:30,870,5000
0067,14:35,875,5000
0067,14:40,880,5000
0067,14:45,885,11724
0067,14:50,890,11724
0067,14:55,895,11724
0067,15:00,900,11724
0067,15:05,905,11724
0067,15:10,910,12414
0067,15:15,915,12414
0067,15:20,920,12414
0067,15:25,925,12414
0067,15:30,930,16379
0067,15:35,935,16379
0067,15:40,940,16379
0067,15:45,945,16724
0067,15:50,950,16724
0067,15:55,955,16724
0067,16:00,960,16724
0067,16:05,965,16724
0067,16:10,970,16724
0067,16:15,975,16724
0067,16:20,980,16724
0067,16:25,985,16724
0067,16:30,990,16207
0067,16:35,995,16207
0067,16:40,1000,16207
0067,16:45,1005,16207
0067,16:50,1010,15690
0067,16:55,1015,15690
0067,17:00,1020,15690
0067,17:05,1025,15690
0067,17:10,1030,15690
0067,17:15,1035,15690
0067,17:20,1040,15690
0067,17:25,1045,15690
0067,17:30,1050,15345
0067,17:35,1055,15345
0067,17:40,1060,15345
0067,17:45,1065,15345
0067,17:50,1070,15345
0067,17:55,1075,15345
0067,18:00,1080,15345
0067,18:05,1085,15345
0067,18:10,1090,15345
0067,18:15,1095,15345
0067,18:20,1100,15345
0067,18:25,1105,14483
0067,18:30,1110,14483
0067,18:35,1115,14483
0067,18:40,1120,14483
0067,18:45,1125,14483
0067,18:50,1130,12931
0067,18:55,1135,12931
0067,19:00,1140,12931
0067,19:05,1145,12931
0067,19:10,1150,11897
0067,19:15,1155,11897
0067,19:20,1160,11897
0067,19:25,1165,11897
0067,19:30,1170,11897
0067,19:35,1175,11897
0067,19:40,1180,11897
0067,19:45,1185,11379
0067,19:50,1190,11379
0067,19:55,1195,11379
0067,20:00,1200,11379
0067,20:05,1205,11379
0067,20:10,1210,11034
0067,20:15,1215,11034
0067,20:20,1220,11034
0067,20:25,1225,11034
0067,20:30,1230,11034
0067,20:35,1235,11034
0067,20:40,1240,11034
0067,20:45,1245,11034
0067,20:50,1250,11034
0067,20:55,1255,11034
0067,21:00,1260,11034
0067,21:05,1265,11034
0067,21:10,1270,11034
0067,21:15,1275,11034
0067,21:20,1280,11034
0067,21:25,1285,11034
0067,21:30,1290,11034
0067,21:35,1295,11034
0067,21:40,1300,11034
0067,21:45,1305,11034
0067,21:50,1310,11034
0067,21:55,1315,11034
0067,22:00,1320,11034
0067,22:05,1325,11034
0067,22:10,1330,11034
0067,22:15,1335,11034
0067,22:20,1340,11034
0067,22:25,1345,11034
0067,22:30,1350,11034
0067,22:35,1355,11034
0067,22:40,1360,11034
0067,22:45,1365,11034
0067,22:50,1370,11034
0067,22:55,1375,11034
0067,23:00,1380,11034
0067,23:05,1385,11034
0067,23:10,1390,11034
0067,23:15,1395,11034
0067,23:16,1396,11034
0067,23:20,1400,11034
0068,09:00,540,0
0068,09:05,545,0
0068,09:10,550,0
0068,09:15,555,0
0068,09:20,560,0
0068,09:25,565,0
0068,09:30,570,0
0068,09:35,575,0
0068,09:40,580,0
0068,09:45,585,0
0068,09:50,590,0
0068,09:55,595,0
0068,10:00,600,0
0068,10:05,605,0
0068,10:10,610,-89
0068,10:15,615,-89
0068,10:20,620,-89
0068,10:25,625,-1156
0068,10:30,630,-1156
0068,10:35,635,-1156
0068,10:40,640,-2400
0068,10:45,645,-2400
0068,10:50,650,-2400
0068,10:55,655,-2400
0068,11:00,660,-2844
0068,11:05,665,-2844
0068,11:10,670,-3022
0068,11:15,675,-3022
0068,11:20,680,-3022
0068,11:25,685,-3022
0068,11:30,690,-4711
0068,11:35,695,-4711
0068,11:40,700,-4711
0068,11:45,705,-2400
0068,11:50,710,-2400
0068,11:55,715,-2400
0068,12:00,720,-2400
0068,12:05,725,2328
0068,12:10,730,2328
0068,12:15,735,2328
0068,12:20,740,2328
0068,12:25,745,2328
0068,12:30,750,3621
0068,12:35,755,3621
0068,12:40,760,3621
0068,12:45,765,3621
0068,12:50,770,2155
0068,12:55,775,2155
0068,13:00,780,2155
0068,13:05,785,1121
0068,13:10,790,1121
0068,13:15,795,1121
0068,13:20,800,1121
0068,13:25,805,0
0068,13:30,810,0
0068,13:35,815,0
0068,13:40,820,0
0068,13:45,825,0
0068,13:50,830,-1067
0068,13:55,835,-1067
0068,14:00,840,-1067
0068,14:05,845,-1067
0068,14:10,850,-1600
0068,14:15,855,-1600
0068,14:20,860,-1600
0068,14:25,865,-1600
0068,14:30,870,-1778
0068,14:35,875,-1778
0068,14:40,880,-1778
0068,14:45,885,-1778
0068,14:50,890,-1778
0068,14:55,895,-1778
0068,15:00,900,-1778
0068,15:05,905,-1778
0068,15:10,910,-2489
0068,15:15,915,-2489
0068,15:20,920,-2489
0068,15:25,925,-2489
0068,15:30,930,-3378
0068,15:35,935,-3378
0068,15:40,940,-3378
0068,15:45,945,-711
0068,15:50,950,-711
0068,15:55,955,-711
0068,16:00,960,-711
0068,16:05,965,-711
0068,16:10,970,-1333
0068,16:15,975,-1333
0068,16:20,980,-1333
0068,16:25,985,-1333
0068,16:30,990,-2222
0068,16:35,995,-2222
0068,16:40,1000,-2222
0068,16:45,1005,-2222
0068,16:50,1010,-3200
0068,16:55,1015,-3200
0068,17:00,1020,-3200
0068,17:05,1025,-3556
0068,17:10,1030,-3556
0068,17:15,1035,-3556
0068,17:20,1040,-3556
0068,17:25,1045,-3556
0068,17:30,1050,-4356
0068,17:35,1055,-4356
0068,17:40,1060,-4356
0068,17:45,1065,-4356
0068,17:50,1070,-3378
0068,17:55,1075,-3378
0068,18:00,1080,-3378
0068,18:05,1085,-3378
0068,18:10,1090,-2489
0068,18:15,1095,-2489
0068,18:20,1100,-2489
0068,18:25,1105,-3644
0068,18:30,1110,-3644
0068,18:35,1115,-3644
0068,18:40,1120,-3644
0068,18:45,1125,-3644
0068,18:50,1130,-4000
0068,18:55,1135,-4000
0068,19:00,1140,-4000
0068,19:05,1145,-4000
0068,19:10,1150,-4000
0068,19:15,1155,-4000
0068,19:20,1160,-4000
0068,19:25,1165,-4000
0068,19:30,1170,-4000
0068,19:35,1175,-4000
0068,19:40,1180,-4000
0068,19:45,1185,-1067
0068,19:50,1190,-1067
0068,19:55,1195,-1067
0068,20:00,1200,-1067
0068,20:05,1205,-1067
0068,20:10,1210,4483
0068,20:15,1215,4483
0068,20:20,1220,4483
0068,20:25,1225,4483
0068,20:30,1230,4741
0068,20:35,1235,4741
0068,20:40,1240,4741
0068,20:45,1245,4052
0068,20:50,1250,4052
0068,20:55,1255,4052
0068,21:00,1260,4052
0068,21:05,1265,4052
0068,21:10,1270,3362
0068,21:15,1275,3362
0068,21:20,1280,3362
0068,21:25,1285,3362
0068,21:30,1290,1724
0068,21:35,1295,1724
0068,21:40,1300,1724
0068,21:45,1305,345
0068,21:50,1310,345
0068,21:55,1315,345
0068,22:00,1320,345
0068,22:05,1325,-178
0068,22:10,1330,-178
0068,22:15,1335,-178
0068,22:20,1340,-178
0068,22:25,1345,-178
0068,22:30,1350,-1244
0068,22:35,1355,-1244
0068,22:40,1360,-1244
0068,22:45,1365,-1244
0068,22:50,1370,-1244
0068,22:55,1375,-1244
0068,23:00,1380,-1244
0068,23:05,1385,-1244
0068,23:10,1390,-1244
0068,23:15,1395,-1244
0068,23:16,1396,-1244
0068,23:20,1400,-1244
0069,09:00,540,0
0069,09:05,545,0
0069,09:10,550,0
0069,09:15,555,0
0069,09:20,560,0
0069,09:25,565,0
0069,09:30,570,0
0069,09:35,575,0
0069,09:40,580,0
0069,09:45,585,0
0069,09:50,590,0
0069,09:55,595,0
0069,10:00,600,0
0069,10:05,605,0
0069,10:10,610,0
0069,10:15,615,0
0069,10:20,620,0
0069,10:25,625,0
0069,10:30,630,0
0069,10:35,635,0
0069,10:40,640,0
0069,10:45,645,0
0069,10:50,650,0
0069,10:55,655,0
0069,11:00,660,-800
0069,11:05,665,-800
0069,11:10,670,-1244
0069,11:15,675,-1244
0069,11:20,680,-1244
0069,11:25,685,-1244
0069,11:30,690,-2933
0069,11:35,695,-2933
0069,11:40,700,-2933
0069,11:45,705,-4356
0069,11:50,710,-4356
0069,11:55,715,-4356
0069,12:00,720,-4356
0069,12:05,725,-5156
0069,12:10,730,-5156
0069,12:15,735,-5156
0069,12:20,740,-5156
0069,12:25,745,-5156
0069,12:30,750,-4178
0069,12:35,755,-4178
0069,12:40,760,-4178
0069,12:45,765,-4178
0069,12:50,770,-4178
0069,12:55,775,-4178
0069,13:00,780,-4178
0069,13:05,785,-4178
0069,13:10,790,-4178
0069,13:15,795,-4178
0069,13:20,800,-4178
0069,13:25,805,-4267
0069,13:30,810,-4267
0069,13:35,815,-4267
0069,13:40,820,-4267
0069,13:45,825,-4267
0069,13:50,830,-5689
0069,13:55,835,-5689
0069,14:00,840,-5689
0069,14:05,845,-5689
0069,14:10,850,-6844
0069,14:15,855,-6844
0069,14:20,860,-6844
0069,14:25,865,-6844
0069,14:30,870,-8089
0069,14:35,875,-8089
0069,14:40,880,-8089
0069,14:45,885,-8622
0069,14:50,890,-8622
0069,14:55,895,-8622
0069,15:00,900,-8622
0069,15:05,905,-8622
0069,15:10,910,-9956
0069,15:15,915,-9956
0069,15:20,920,-9956
0069,15:25,925,-9956
0069,15:30,930,-6489
0069,15:35,935,-6489
0069,15:40,940,-6489
0069,15:45,945,-7733
0069,15:50,950,-7733
0069,15:55,955,-7733
0069,16:00,960,-7733
0069,16:05,965,-7733
0069,16:10,970,-4000
0069,16:15,975,-4000
0069,16:20,980,-4000
0069,16:25,985,-4000
0069,16:30,990,-2933
0069,16:35,995,-2933
0069,16:40,1000,-2933
0069,16:45,1005,-2933
0069,16:50,1010,-4444
0069,16:55,1015,-4444
0069,17:00,1020,-4444
0069,17:05,1025,-4889
0069,17:10,1030,-4889
0069,17:15,1035,-4889
0069,17:20,1040,-4889
0069,17:25,1045,-4889
0069,17:30,1050,-5956
0069,17:35,1055,-5956
0069,17:40,1060,-5956
0069,17:45,1065,-5956
0069,17:50,1070,-6933
0069,17:55,1075,-6933
0069,18:00,1080,-6933
0069,18:05,1085,-6933
0069,18:10,1090,-4444
0069,18:15,1095,-4444
0069,18:20,1100,-4444
0069,18:25,1105,-1867
0069,18:30,1110,-1867
0069,18:35,1115,-1867
0069,18:40,1120,-1867
0069,18:45,1125,-1867
0069,18:50,1130,-3022
0069,18:55,1135,-3022
0069,19:00,1140,-3022
0069,19:05,1145,-3022
0069,19:10,1150,-4000
0069,19:15,1155,-4000
0069,19:20,1160,-4000
0069,19:25,1165,-622
0069,19:30,1170,-622
0069,19:35,1175,-622
0069,19:40,1180,-622
0069,19:45,1185,3879
0069,19:50,1190,3879
0069,19:55,1195,3879
0069,20:00,1200,3879
0069,20:05,1205,3879
0069,20:10,1210,4914
0069,20:15,1215,4914
0069,20:20,1220,4914
0069,20:25,1225,4914
0069,20:30,1230,5345
0069,20:35,1235,5345
0069,20:40,1240,5345
0069,20:45,1245,4397
0069,20:50,1250,4397
0069,20:55,1255,4397
0069,21:00,1260,4397
0069,21:05,1265,4397
0069,21:10,1270,3879
0069,21:15,1275,3879
0069,21:20,1280,3879
0069,21:25,1285,3879
0069,21:30,1290,3879
0069,21:35,1295,3879
0069,21:40,1300,3879
0069,21:45,1305,3879
0069,21:50,1310,3879
0069,21:55,1315,3879
0069,22:00,1320,3879
0069,22:05,1325,3362
0069,22:10,1330,3362
0069,22:15,1335,3362
0069,22:20,1340,3362
0069,22:25,1345,3362
0069,22:30,1350,3362
0069,22:35,1355,3362
0069,22:40,1360,3362
0069,22:45,1365,3362
0069,22:50,1370,3362
0069,22:55,1375,3362
0069,23:00,1380,3362
0069,23:05,1385,3362
0069,23:10,1390,3362
0069,23:15,1395,3362
0069,23:16,1396,3362
0069,23:20,1400,3362
0070,09:00,540,0
0070,09:05,545,0
0070,09:10,550,0
0070,09:15,555,0
0070,09:20,560,0
0070,09:25,565,0
0070,09:30,570,0
0070,09:35,575,0
0070,09:40,580,0
0070,09:45,585,0
0070,09:50,590,0
0070,09:55,595,0
0070,10:00,600,0
0070,10:05,605,0
0070,10:10,610,0
0070,10:15,615,0
0070,10:20,620,0
0070,10:25,625,0
0070,10:30,630,0
0070,10:35,635,0
0070,10:40,640,-89
0070,10:45,645,-89
0070,10:50,650,-89
0070,10:55,655,-89
0070,11:00,660,-1244
0070,11:05,665,-1244
0070,11:10,670,-1778
0070,11:15,675,-1778
0070,11:20,680,-1778
0070,11:25,685,-1778
0070,11:30,690,-3467
0070,11:35,695,-3467
0070,11:40,700,-3467
0070,11:45,705,-3467
0070,11:50,710,-3467
0070,11:55,715,-3467
0070,12:00,720,-3467
0070,12:05,725,-4000
0070,12:10,730,-4000
0070,12:15,735,-4000
0070,12:20,740,-4000
0070,12:25,745,-4000
0070,12:30,750,-4444
0070,12:35,755,-4444
0070,12:40,760,-4444
0070,12:45,765,-4444
0070,12:50,770,-4800
0070,12:55,775,-4800
0070,13:00,780,-4800
0070,13:05,785,-4800
0070,13:10,790,-4800
0070,13:15,795,-4800
0070,13:20,800,-4800
0070,13:25,805,-5067
0070,13:30,810,-5067
0070,13:35,815,-5067
0070,13:40,820,-5067
0070,13:45,825,-5067
0070,13:50,830,-6222
0070,13:55,835,-6222
0070,14:00,840,-6222
0070,14:05,845,-6222
0070,14:10,850,690
0070,14:15,855,690
0070,14:20,860,690
0070,14:25,865,690
0070,14:30,870,3103
0070,14:35,875,3103
0070,14:40,880,3103
0070,14:45,885,1983
0070,14:50,890,1983
0070,14:55,895,1983
0070,15:00,900,1983
0070,15:05,905,1983
0070,15:10,910,1293
0070,15:15,915,1293
0070,15:20,920,1293
0070,15:25,925,1293
0070,15:30,930,603
0070,15:35,935,603
0070,15:40,940,603
0070,15:45,945,-800
0070,15:50,950,-800
0070,15:55,955,-800
0070,16:00,960,-800
0070,16:05,965,-800
0070,16:10,970,-267
0070,16:15,975,-267
0070,16:20,980,-267
0070,16:25,985,-267
0070,16:30,990,0
0070,16:35,995,0
0070,16:40,1000,0
0070,16:45,1005,0
0070,16:50,1010,-533
0070,16:55,1015,-533
0070,17:00,1020,-533
0070,17:05,1025,-533
0070,17:10,1030,-533
0070,17:15,1035,-533
0070,17:20,1040,-533
0070,17:25,1045,-533
0070,17:30,1050,-622
0070,17:35,1055,-622
0070,17:40,1060,-622
0070,17:45,1065,-622
0070,17:50,1070,-1511
0070,17:55,1075,-1511
0070,18:00,1080,-1511
0070,18:05,1085,-1511
0070,18:10,1090,-1511
0070,18:15,1095,-1511
0070,18:20,1100,-1511
0070,18:25,1105,-2222
0070,18:30,1110,-2222
0070,18:35,1115,-2222
0070,18:40,1120,-2222
0070,18:45,1125,-2222
0070,18:50,1130,-2933
0070,18:55,1135,-2933
0070,19:00,1140,-2933
0070,19:05,1145,-2933
0070,19:10,1150,-2933
0070,19:15,1155,-2933
0070,19:20,1160,-2933
0070,19:25,1165,-2933
0070,19:30,1170,-2933
0070,19:35,1175,-2933
0070,19:40,1180,-2933
0070,19:45,1185,-2933
0070,19:50,1190,-2933
0070,19:55,1195,-2933
0070,20:00,1200,-2933
0070,20:05,1205,-2933
0070,20:10,1210,-4178
0070,20:15,1215,-4178
0070,20:20,1220,-4178
0070,20:25,1225,-4178
0070,20:30,1230,-4178
0070,20:35,1235,-4178
0070,20:40,1240,-4178
0070,20:45,1245,-4178
0070,20:50,1250,-4178
0070,20:55,1255,-4178
0070,21:00,1260,-4178
0070,21:05,1265,-4178
0070,21:10,1270,-4178
0070,21:15,1275,-4178
0070,21:20,1280,-4178
0070,21:25,1285,-4178
0070,21:30,1290,-5156
0070,21:35,1295,-5156
0070,21:40,1300,-5156
0070,21:45,1305,-3022
0070,21:50,1310,-3022
0070,21:55,1315,-3022
0070,22:00,1320,-3022
0070,22:05,1325,-3556
0070,22:10,1330,-3556
0070,22:15,1335,-3556
0070,22:20,1340,-3556
0070,22:25,1345,-3556
0070,22:30,1350,-3556
0070,22:35,1355,-3556
0070,22:40,1360,-3556
0070,22:45,1365,-3556
0070,22:50,1370,-3556
0070,22:55,1375,-3556
0070,23:00,1380,-3556
0070,23:05,1385,-3556
0070,23:10,1390,-3556
0070,23:15,1395,-3556
0070,23:16,1396,-3556
0070,23:20,1400,-3556
0071,09:00,540,0
0071,09:05,545,0
0071,09:10,550,0
0071,09:15,555,0
0071,09:20,560,0
0071,09:25,565,0
0071,09:30,570,0
0071,09:35,575,0
0071,09:40,580,0
0071,09:45,585,0
0071,09:50,590,0
0071,09:55,595,0
0071,10:00,600,0
0071,10:05,605,0
0071,10:10,610,0
0071,10:15,615,0
0071,10:20,620,0
0071,10:25,625,-356
0071,10:30,630,-356
0071,10:35,635,-356
0071,10:40,640,259
0071,10:45,645,259
0071,10:50,650,259
0071,10:55,655,259
0071,11:00,660,1379
0071,11:05,665,1379
0071,11:10,670,2672
0071,11:15,675,2672
0071,11:20,680,2672
0071,11:25,685,2672
0071,11:30,690,1293
0071,11:35,695,1293
0071,11:40,700,1293
0071,11:45,705,172
0071,11:50,710,172
0071,11:55,715,172
0071,12:00,720,172
0071,12:05,725,690
0071,12:10,730,690
0071,12:15,735,690
0071,12:20,740,690
0071,12:25,745,690
0071,12:30,750,603
0071,12:35,755,603
0071,12:40,760,603
0071,12:45,765,603
0071,12:50,770,172
0071,12:55,775,172
0071,13:00,780,172
0071,13:05,785,172
0071,13:10,790,172
0071,13:15,795,172
0071,13:20,800,172
0071,13:25,805,-444
0071,13:30,810,-444
0071,13:35,815,-444
0071,13:40,820,-444
0071,13:45,825,-444
0071,13:50,830,-444
0071,13:55,835,-444
0071,14:00,840,-444
0071,14:05,845,-444
0071,14:10,850,-444
0071,14:15,855,-444
0071,14:20,860,-444
0071,14:25,865,-444
0071,14:30,870,1293
0071,14:35,875,1293
0071,14:40,880,1293
0071,14:45,885,1897
0071,14:50,890,1897
0071,14:55,895,1897
0071,15:00,900,1897
0071,15:05,905,1897
0071,15:10,910,1466
0071,15:15,915,1466
0071,15:20,920,1466
0071,15:25,925,1466
0071,15:30,930,-89
0071,15:35,935,-89
0071,15:40,940,-89
0071,15:45,945,-1244
0071,15:50,950,-1244
0071,15:55,955,-1244
0071,16:00,960,-1244
0071,16:05,965,-1244
0071,16:10,970,0
0071,16:15,975,0
0071,16:20,980,0
0071,16:25,985,0
0071,16:30,990,6034
0071,16:35,995,6034
0071,16:40,1000,6034
0071,16:45,1005,6034
0071,16:50,1010,4655
0071,16:55,1015,4655
0071,17:00,1020,4655
0071,17:05,1025,3362
0071,17:10,1030,3362
0071,17:15,1035,3362
0071,17:20,1040,3362
0071,17:25,1045,3362
0071,17:30,1050,1897
0071,17:35,1055,1897
0071,17:40,1060,1897
0071,17:45,1065,1897
0071,17:50,1070,776
0071,17:55,1075,776
0071,18:00,1080,776
0071,18:05,1085,776
0071,18:10,1090,345
0071,18:15,1095,345
0071,18:20,1100,345
0071,18:25,1105,-622
0071,18:30,1110,-622
0071,18:35,1115,-622
0071,18:40,1120,-622
0071,18:45,1125,-622
0071,18:50,1130,-711
0071,18:55,1135,-711
0071,19:00,1140,-711
0071,19:05,1145,-711
0071,19:10,1150,-711
0071,19:15,1155,-711
0071,19:20,1160,-711
0071,19:25,1165,-711
0071,19:30,1170,-711
0071,19:35,1175,-711
0071,19:40,1180,-711
0071,19:45,1185,-711
0071,19:50,1190,-711
0071,19:55,1195,-711
0071,20:00,1200,-711
0071,20:05,1205,-711
0071,20:10,1210,-889
0071,20:15,1215,-889
0071,20:20,1220,-889
0071,20:25,1225,-889
0071,20:30,1230,-2400
0071,20:35,1235,-2400
0071,20:40,1240,-2400
0071,20:45,1245,-4089
0071,20:50,1250,-4089
0071,20:55,1255,-4089
0071,21:00,1260,-4089
0071,21:05,1265,-4089
0071,21:10,1270,-4533
0071,21:15,1275,-4533
0071,21:20,1280,-4533
0071,21:25,1285,-4533
0071,21:30,1290,-4533
0071,21:35,1295,-4533
0071,21:40,1300,-4533
0071,21:45,1305,-4533
0071,21:50,1310,-4533
0071,21:55,1315,-4533
0071,22:00,1320,-4533
0071,22:05,1325,-4533
0071,22:10,1330,-4533
0071,22:15,1335,-4533
0071,22:20,1340,-4533
0071,22:25,1345,-4533
0071,22:30,1350,-4533
0071,22:35,1355,-4533
0071,22:40,1360,-4533
0071,22:45,1365,-4533
0071,22:50,1370,-4533
0071,22:55,1375,-4533
0071,23:00,1380,-4533
0071,23:05,1385,-4533
0071,23:10,1390,-4533
0071,23:15,1395,-4533
0071,23:16,1396,-4533
0071,23:20,1400,-4533
0072,09:00,540,0
0072,09:05,545,0
0072,09:10,550,0
0072,09:15,555,0
0072,09:20,560,0
0072,09:25,565,0
0072,09:30,570,0
0072,09:35,575,0
0072,09:40,580,0
0072,09:45,585,0
0072,09:50,590,0
0072,09:55,595,0
0072,10:00,600,0
0072,10:05,605,0
0072,10:10,610,0
0072,10:15,615,0
0072,10:20,620,0
0072,10:25,625,0
0072,10:30,630,0
0072,10:35,635,0
0072,10:40,640,0
0072,10:45,645,0
0072,10:50,650,0
0072,10:55,655,0
0072,11:00,660,603
0072,11:05,665,603
0072,11:10,670,862
0072,11:15,675,862
0072,11:20,680,862
0072,11:25,685,862
0072,11:30,690,2414
0072,11:35,695,2414
0072,11:40,700,2414
0072,11:45,705,3362
0072,11:50,710,3362
0072,11:55,715,3362
0072,12:00,720,3362
0072,12:05,725,2155
0072,12:10,730,2155
0072,12:15,735,2155
0072,12:20,740,2155
0072,12:25,745,2155
0072,12:30,750,1293
0072,12:35,755,1293
0072,12:40,760,1293
0072,12:45,765,1293
0072,12:50,770,-89
0072,12:55,775,-89
0072,13:00,780,-89
0072,13:05,785,-1422
0072,13:10,790,-1422
0072,13:15,795,-1422
0072,13:20,800,-1422
0072,13:25,805,-2489
0072,13:30,810,-2489
0072,13:35,815,-2489
0072,13:40,820,-2489
0072,13:45,825,-2489
0072,13:50,830,-889
0072,13:55,835,-889
0072,14:00,840,-889
0072,14:05,845,-889
0072,14:10,850,1552
0072,14:15,855,1552
0072,14:20,860,1552
0072,14:25,865,1552
0072,14:30,870,86
0072,14:35,875,86
0072,14:40,880,86
0072,14:45,885,517
0072,14:50,890,517
0072,14:55,895,517
0072,15:00,900,517
0072,15:05,905,517
0072,15:10,910,-178
0072,15:15,915,-178
0072,15:20,920,-178
0072,15:25,925,-178
0072,15:30,930,-1778
0072,15:35,935,-1778
0072,15:40,940,-1778
0072,15:45,945,-2756
0072,15:50,950,-2756
0072,15:55,955,-2756
0072,16:00,960,-2756
0072,16:05,965,-2756
0072,16:10,970,-4089
0072,16:15,975,-4089
0072,16:20,980,-4089
0072,16:25,985,-4089
0072,16:30,990,-5689
0072,16:35,995,-5689
0072,16:40,1000,-5689
0072,16:45,1005,-5689
0072,16:50,1010,-5244
0072,16:55,1015,-5244
0072,17:00,1020,-5244
0072,17:05,1025,-2400
0072,17:10,1030,-2400
0072,17:15,1035,-2400
0072,17:20,1040,-2400
0072,17:25,1045,-2400
0072,17:30,1050,172
0072,17:35,1055,172
0072,17:40,1060,172
0072,17:45,1065,172
0072,17:50,1070,-1333
0072,17:55,1075,-1333
0072,18:00,1080,-1333
0072,18:05,1085,-1333
0072,18:10,1090,-2489
0072,18:15,1095,-2489
0072,18:20,1100,-2489
0072,18:25,1105,-3733
0072,18:30,1110,-3733
0072,18:35,1115,-3733
0072,18:40,1120,-3733
0072,18:45,1125,-3733
0072,18:50,1130,-5333
0072,18:55,1135,-5333
0072,19:00,1140,-5333
0072,19:05,1145,-5333
0072,19:10,1150,-6667
0072,19:15,1155,-6667
0072,19:20,1160,-6667
0072,19:25,1165,-7911
0072,19:30,1170,-7911
0072,19:35,1175,-7911
0072,19:40,1180,-7911
0072,19:45,1185,-8622
0072,19:50,1190,-8622
0072,19:55,1195,-8622
0072,20:00,1200,-8622
0072,20:05,1205,-8622
0072,20:10,1210,-8978
0072,20:15,1215,-8978
0072,20:20,1220,-8978
0072,20:25,1225,-8978
0072,20:30,1230,-9156
0072,20:35,1235,-9156
0072,20:40,1240,-9156
0072,20:45,1245,-3644
0072,20:50,1250,-3644
0072,20:55,1255,-3644
0072,21:00,1260,-3644
0072,21:05,1265,-3644
0072,21:10,1270,-2311
0072,21:15,1275,-2311
0072,21:20,1280,-2311
0072,21:25,1285,-2311
0072,21:30,1290,-3644
0072,21:35,1295,-3644
0072,21:40,1300,-3644
0072,21:45,1305,-5244
0072,21:50,1310,-5244
0072,21:55,1315,-5244
0072,22:00,1320,-5244
0072,22:05,1325,-4356
0072,22:10,1330,-4356
0072,22:15,1335,-4356
0072,22:20,1340,-4356
0072,22:25,1345,-4356
0072,22:30,1350,-6133
0072,22:35,1355,-6133
0072,22:40,1360,-6133
0072,22:45,1365,-6133
0072,22:50,1370,-6222
0072,22:55,1375,-6222
0072,23:00,1380,-6222
0072,23:05,1385,-6222
0072,23:10,1390,-6222
0072,23:15,1395,-6222
0072,23:16,1396,-6222
0072,23:20,1400,-6222
0073,09:00,540,0
0073,09:05,545,0
0073,09:10,550,0
0073,09:15,555,0
0073,09:20,560,0
0073,09:25,565,0
0073,09:30,570,0
0073,09:35,575,0
0073,09:40,580,0
0073,09:45,585,0
0073,09:50,590,0
0073,09:55,595,0
0073,10:00,600,0
0073,10:05,605,0
0073,10:10,610,0
0073,10:15,615,0
0073,10:20,620,0
0073,10:25,625,0
0073,10:30,630,0
0073,10:35,635,0
0073,10:40,640,0
0073,10:45,645,0
0073,10:50,650,0
0073,10:55,655,0
0073,11:00,660,0
0073,11:05,665,0
0073,11:10,670,0
0073,11:15,675,0
0073,11:20,680,0
0073,11:25,685,0
0073,11:30,690,0
0073,11:35,695,0
0073,11:40,700,0
0073,11:45,705,0
0073,11:50,710,0
0073,11:55,715,0
0073,12:00,720,0
0073,12:05,725,0
0073,12:10,730,0
0073,12:15,735,0
0073,12:20,740,0
0073,12:25,745,0
0073,12:30,750,0
0073,12:35,755,0
0073,12:40,760,0
0073,12:45,765,0
0073,12:50,770,0
0073,12:55,775,0
0073,13:00,780,0
0073,13:05,785,0
0073,13:10,790,0
0073,13:15,795,0
0073,13:20,800,0
0073,13:25,805,-711
0073,13:30,810,-711
0073,13:35,815,-711
0073,13:40,820,-711
0073,13:45,825,-711
0073,13:50,830,-622
0073,13:55,835,-622
0073,14:00,840,-622
0073,14:05,845,-622
0073,14:10,850,603
0073,14:15,855,603
0073,14:20,860,603
0073,14:25,865,603
0073,14:30,870,603
0073,14:35,875,603
0073,14:40,880,603
0073,14:45,885,1207
0073,14:50,890,1207
0073,14:55,895,1207
0073,15:00,900,1207
0073,15:05,905,1207
0073,15:10,910,345
0073,15:15,915,345
0073,15:20,920,345
0073,15:25,925,345
0073,15:30,930,603
0073,15:35,935,603
0073,15:40,940,603
0073,15:45,945,-978
0073,15:50,950,-978
0073,15:55,955,-978
0073,16:00,960,-978
0073,16:05,965,-978
0073,16:10,970,-2311
0073,16:15,975,-2311
0073,16:20,980,-2311
0073,16:25,985,-2311
0073,16:30,990,-3289
0073,16:35,995,-3289
0073,16:40,1000,-3289
0073,16:45,1005,-3289
0073,16:50,1010,-3289
0073,16:55,1015,-3289
0073,17:00,1020,-3289
0073,17:05,1025,-3289
0073,17:10,1030,-3289
0073,17:15,1035,-3289
0073,17:20,1040,-3289
0073,17:25,1045,-3289
0073,17:30,1050,-3467
0073,17:35,1055,-3467
0073,17:40,1060,-3467
0073,17:45,1065,-3467
0073,17:50,1070,-3556
0073,17:55,1075,-3556
0073,18:00,1080,-3556
0073,18:05,1085,-3556
0073,18:10,1090,-3556
0073,18:15,1095,-3556
0073,18:20,1100,-3556
0073,18:25,1105,-3556
0073,18:30,1110,-3556
0073,18:35,1115,-3556
0073,18:40,1120,-3556
0073,18:45,1125,-3556
0073,18:50,1130,-3556
0073,18:55,1135,-3556
0073,19:00,1140,-3556
0073,19:05,1145,-3556
0073,19:10,1150,-3556
0073,19:15,1155,-3556
0073,19:20,1160,-3556
0073,19:25,1165,-4178
0073,19:30,1170,-4178
0073,19:35,1175,-4178
0073,19:40,1180,-4178
0073,19:45,1185,-4178
0073,19:50,1190,-4178
0073,19:55,1195,-4178
0073,20:00,1200,-4178
0073,20:05,1205,-4178
0073,20:10,1210,-4178
0073,20:15,1215,-4178
0073,20:20,1220,-4178
0073,20:25,1225,-4178
0073,20:30,1230,-4178
0073,20:35,1235,-4178
0073,20:40,1240,-4178
0073,20:45,1245,-4178
0073,20:50,1250,-4178
0073,20:55,1255,-4178
0073,21:00,1260,-4178
0073,21:05,1265,-4178
0073,21:10,1270,-4178
0073,21:15,1275,-4178
0073,21:20,1280,-4178
0073,21:25,1285,-4178
0073,21:30,1290,-4178
0073,21:35,1295,-4178
0073,21:40,1300,-4178
0073,21:45,1305,-4178
0073,21:50,1310,-4178
0073,21:55,1315,-4178
0073,22:00,1320,-4178
0073,22:05,1325,-4178
0073,22:10,1330,-4178
0073,22:15,1335,-4178
0073,22:20,1340,-4178
0073,22:25,1345,-4178
0073,22:30,1350,-4178
0073,22:35,1355,-4178
0073,22:40,1360,-4178
0073,22:45,1365,-4178
0073,22:50,1370,-4178
0073,22:55,1375,-4178
0073,23:00,1380,-4178
0073,23:05,1385,-4178
0073,23:10,1390,-4178
0073,23:15,1395,-4178
0073,23:16,1396,-4178
0073,23:20,1400,-4178
0074,09:00,540,0
0074,09:05,545,0
0074,09:10,550,0
0074,09:15,555,0
0074,09:20,560,0
0074,09:25,565,0
0074,09:30,570,0
0074,09:35,575,0
0074,09:40,580,0
0074,09:45,585,0
0074,09:50,590,0
0074,09:55,595,0
0074,10:00,600,0
0074,10:05,605,0
0074,10:10,610,-178
0074,10:15,615,-178
0074,10:20,620,-178
0074,10:25,625,-1422
0074,10:30,630,-1422
0074,10:35,635,-1422
0074,10:40,640,-889
0074,10:45,645,-889
0074,10:50,650,-889
0074,10:55,655,-889
0074,11:00,660,517
0074,11:05,665,517
0074,11:10,670,0
0074,11:15,675,0
0074,11:20,680,0
0074,11:25,685,0
0074,11:30,690,-711
0074,11:35,695,-711
0074,11:40,700,-711
0074,11:45,705,-1600
0074,11:50,710,-1600
0074,11:55,715,-1600
0074,12:00,720,-1600
0074,12:05,725,-1600
0074,12:10,730,-1600
0074,12:15,735,-1600
0074,12:20,740,-1600
0074,12:25,745,-1600
0074,12:30,750,-1600
0074,12:35,755,-1600
0074,12:40,760,-1600
0074,12:45,765,-1600
0074,12:50,770,-2667
0074,12:55,775,-2667
0074,13:00,780,-2667
0074,13:05,785,-4089
0074,13:10,790,-4089
0074,13:15,795,-4089
0074,13:20,800,-4089
0074,13:25,805,-4622
0074,13:30,810,-4622
0074,13:35,815,-4622
0074,13:40,820,-4622
0074,13:45,825,-4622
0074,13:50,830,-5689
0074,13:55,835,-5689
0074,14:00,840,-5689
0074,14:05,845,-5689
0074,14:10,850,-6044
0074,14:15,855,-6044
0074,14:20,860,-6044
0074,14:25,865,-6044
0074,14:30,870,-7644
0074,14:35,875,-7644
0074,14:40,880,-7644
0074,14:45,885,-4089
0074,14:50,890,-4089
0074,14:55,895,-4089
0074,15:00,900,-4089
0074,15:05,905,-4089
0074,15:10,910,-5156
0074,15:15,915,-5156
0074,15:20,920,-5156
0074,15:25,925,-5156
0074,15:30,930,-6756
0074,15:35,935,-6756
0074,15:40,940,-6756
0074,15:45,945,-7822
0074,15:50,950,-7822
0074,15:55,955,-7822
0074,16:00,960,-7822
0074,16:05,965,-7822
0074,16:10,970,-5333
0074,16:15,975,-5333
0074,16:20,980,-5333
0074,16:25,985,-5333
0074,16:30,990,-6933
0074,16:35,995,-6933
0074,16:40,1000,-6933
0074,16:45,1005,-6933
0074,16:50,1010,-8533
0074,16:55,1015,-8533
0074,17:00,1020,-8533
0074,17:05,1025,-9067
0074,17:10,1030,-9067
0074,17:15,1035,-9067
0074,17:20,1040,-9067
0074,17:25,1045,-9067
0074,17:30,1050,-9067
0074,17:35,1055,-9067
0074,17:40,1060,-9067
0074,17:45,1065,-9067
0074,17:50,1070,-9067
0074,17:55,1075,-9067
0074,18:00,1080,-9067
0074,18:05,1085,-9067
0074,18:10,1090,-9067
0074,18:15,1095,-9067
0074,18:20,1100,-9067
0074,18:25,1105,-9067
0074,18:30,1110,-9067
0074,18:35,1115,-9067
0074,18:40,1120,-9067
0074,18:45,1125,-9067
0074,18:50,1130,-9422
0074,18:55,1135,-9422
0074,19:00,1140,-9422
0074,19:05,1145,-9422
0074,19:10,1150,-10844
0074,19:15,1155,-10844
0074,19:20,1160,-10844
0074,19:25,1165,-12444
0074,19:30,1170,-12444
0074,19:35,1175,-12444
0074,19:40,1180,-12444
0074,19:45,1185,-11733
0074,19:50,1190,-11733
0074,19:55,1195,-11733
0074,20:00,1200,-11733
0074,20:05,1205,-11733
0074,20:10,1210,-12622
0074,20:15,1215,-12622
0074,20:20,1220,-12622
0074,20:25,1225,-12622
0074,20:30,1230,-14044
0074,20:35,1235,-14044
0074,20:40,1240,-14044
0074,20:45,1245,-14578
0074,20:50,1250,-14578
0074,20:55,1255,-14578
0074,21:00,1260,-14578
0074,21:05,1265,-14578
0074,21:10,1270,-14756
0074,21:15,1275,-14756
0074,21:20,1280,-14756
0074,21:25,1285,-14756
0074,21:30,1290,-15467
0074,21:35,1295,-15467
0074,21:40,1300,-15467
0074,21:45,1305,-15467
0074,21:50,1310,-15467
0074,21:55,1315,-15467
0074,22:00,1320,-15467
0074,22:05,1325,-16000
0074,22:10,1330,-16000
0074,22:15,1335,-16000
0074,22:20,1340,-16000
0074,22:25,1345,-16000
0074,22:30,1350,-16000
0074,22:35,1355,-16000
0074,22:40,1360,-16000
0074,22:45,1365,-16000
0074,22:50,1370,-16000
0074,22:55,1375,-16000
0074,23:00,1380,-16000
0074,23:05,1385,-16000
0074,23:10,1390,-16000
0074,23:15,1395,-16000
0074,23:16,1396,-16000
0074,23:20,1400,-16000
0075,09:00,540,0
0075,09:05,545,0
0075,09:10,550,0
0075,09:15,555,0
0075,09:20,560,0
0075,09:25,565,0
0075,09:30,570,0
0075,09:35,575,0
0075,09:40,580,0
0075,09:45,585,0
0075,09:50,590,0
0075,09:55,595,0
0075,10:00,600,0
0075,10:05,605,0
0075,10:10,610,0
0075,10:15,615,0
0075,10:20,620,0
0075,10:25,625,0
0075,10:30,630,0
0075,10:35,635,0
0075,10:40,640,0
0075,10:45,645,0
0075,10:50,650,0
0075,10:55,655,0
0075,11:00,660,0
0075,11:05,665,0
0075,11:10,670,0
0075,11:15,675,0
0075,11:20,680,0
0075,11:25,685,0
0075,11:30,690,-1600
0075,11:35,695,-1600
0075,11:40,700,-1600
0075,11:45,705,-2844
0075,11:50,710,-2844
0075,11:55,715,-2844
0075,12:00,720,-2844
0075,12:05,725,-4089
0075,12:10,730,-4089
0075,12:15,735,-4089
0075,12:20,740,-4089
0075,12:25,745,-4089
0075,12:30,750,-4622
0075,12:35,755,-4622
0075,12:40,760,-4622
0075,12:45,765,-4622
0075,12:50,770,-5689
0075,12:55,775,-5689
0075,13:00,780,-5689
0075,13:05,785,-5867
0075,13:10,790,-5867
0075,13:15,795,-5867
0075,13:20,800,-5867
0075,13:25,805,-3733
0075,13:30,810,-3733
0075,13:35,815,-3733
0075,13:40,820,-3733
0075,13:45,825,-3733
0075,13:50,830,-4622
0075,13:55,835,-4622
0075,14:00,840,-4622
0075,14:05,845,-4622
0075,14:10,850,-5511
0075,14:15,855,-5511
0075,14:20,860,-5511
0075,14:25,865,-5511
0075,14:30,870,-6044
0075,14:35,875,-6044
0075,14:40,880,-6044
0075,14:45,885,-7467
0075,14:50,890,-7467
0075,14:55,895,-7467
0075,15:00,900,-7467
0075,15:05,905,-7467
0075,15:10,910,-8533
0075,15:15,915,-8533
0075,15:20,920,-8533
0075,15:25,925,-8533
0075,15:30,930,-9600
0075,15:35,935,-9600
0075,15:40,940,-9600
0075,15:45,945,-10133
0075,15:50,950,-10133
0075,15:55,955,-10133
0075,16:00,960,-10133
0075,16:05,965,-10133
0075,16:10,970,-10844
0075,16:15,975,-10844
0075,16:20,980,-10844
0075,16:25,985,-10844
0075,16:30,990,-11378
0075,16:35,995,-11378
0075,16:40,1000,-11378
0075,16:45,1005,-11378
0075,16:50,1010,-12800
0075,16:55,1015,-12800
0075,17:00,1020,-12800
0075,17:05,1025,-12800
0075,17:10,1030,-12800
0075,17:15,1035,-12800
0075,17:20,1040,-12800
0075,17:25,1045,-12800
0075,17:30,1050,-14044
0075,17:35,1055,-14044
0075,17:40,1060,-14044
0075,17:45,1065,-14044
0075,17:50,1070,-15111
0075,17:55,1075,-15111
0075,18:00,1080,-15111
0075,18:05,1085,-15111
0075,18:10,1090,-15111
0075,18:15,1095,-15111
0075,18:20,1100,-15111
0075,18:25,1105,-15111
0075,18:30,1110,-15111
0075,18:35,1115,-15111
0075,18:40,1120,-15111
0075,18:45,1125,-15111
0075,18:50,1130,-12978
0075,18:55,1135,-12978
0075,19:00,1140,-12978
0075,19:05,1145,-12978
0075,19:10,1150,-14044
0075,19:15,1155,-14044
0075,19:20,1160,-14044
0075,19:25,1165,-14044
0075,19:30,1170,-14044
0075,19:35,1175,-14044
0075,19:40,1180,-14044
0075,19:45,1185,-14933
0075,19:50,1190,-14933
0075,19:55,1195,-14933
0075,20:00,1200,-14933
0075,20:05,1205,-14933
0075,20:10,1210,-14933
0075,20:15,1215,-14933
0075,20:20,1220,-14933
0075,20:25,1225,-14933
0075,20:30,1230,-15111
0075,20:35,1235,-15111
0075,20:40,1240,-15111
0075,20:45,1245,-15111
0075,20:50,1250,-15111
0075,20:55,1255,-15111
0075,21:00,1260,-15111
0075,21:05,1265,-15111
0075,21:10,1270,-15111
0075,21:15,1275,-15111
0075,21:20,1280,-15111
0075,21:25,1285,-15111
0075,21:30,1290,-15111
0075,21:35,1295,-15111
0075,21:40,1300,-15111
0075,21:45,1305,-15111
0075,21:50,1310,-15111
0075,21:55,1315,-15111
0075,22:00,1320,-15111
0075,22:05,1325,-15289
0075,22:10,1330,-15289
0075,22:15,1335,-15289
0075,22:20,1340,-15289
0075,22:25,1345,-15289
0075,22:30,1350,-15289
0075,22:35,1355,-15289
0075,22:40,1360,-15289
0075,22:45,1365,-15289
0075,22:50,1370,-15289
0075,22:55,1375,-15289
0075,23:00,1380,-15289
0075,23:05,1385,-15289
0075,23:10,1390,-15289
0075,23:15,1395,-15289
0075,23:16,1396,-15289
0075,23:20,1400,-15289
0076,09:00,540,0
0076,09:05,545,0
0076,09:10,550,0
0076,09:15,555,0
0076,09:20,560,0
0076,09:25,565,0
0076,09:30,570,0
0076,09:35,575,0
0076,09:40,580,0
0076,09:45,585,0
0076,09:50,590,0
0076,09:55,595,0
0076,10:00,600,0
0076,10:05,605,0
0076,10:10,610,0
0076,10:15,615,0
0076,10:20,620,0
0076,10:25,625,0
0076,10:30,630,0
0076,10:35,635,0
0076,10:40,640,1034
0076,10:45,645,1034
0076,10:50,650,1034
0076,10:55,655,1034
0076,11:00,660,2069
0076,11:05,665,2069
0076,11:10,670,1552
0076,11:15,675,1552
0076,11:20,680,1552
0076,11:25,685,1552
0076,11:30,690,1897
0076,11:35,695,1897
0076,11:40,700,1897
0076,11:45,705,2414
0076,11:50,710,2414
0076,11:55,715,2414
0076,12:00,720,2414
0076,12:05,725,1207
0076,12:10,730,1207
0076,12:15,735,1207
0076,12:20,740,1207
0076,12:25,745,1207
0076,12:30,750,1034
0076,12:35,755,1034
0076,12:40,760,1034
0076,12:45,765,1034
0076,12:50,770,690
0076,12:55,775,690
0076,13:00,780,690
0076,13:05,785,4483
0076,13:10,790,4483
0076,13:15,795,4483
0076,13:20,800,4483
0076,13:25,805,11207
0076,13:30,810,11207
0076,13:35,815,11207
0076,13:40,820,11207
0076,13:45,825,11207
0076,13:50,830,10172
0076,13:55,835,10172
0076,14:00,840,10172
0076,14:05,845,10172
0076,14:10,850,8793
0076,14:15,855,8793
0076,14:20,860,8793
0076,14:25,865,8793
0076,14:30,870,7069
0076,14:35,875,7069
0076,14:40,880,7069
0076,14:45,885,5690
0076,14:50,890,5690
0076,14:55,895,5690
0076,15:00,900,5690
0076,15:05,905,5690
0076,15:10,910,4828
0076,15:15,915,4828
0076,15:20,920,4828
0076,15:25,925,4828
0076,15:30,930,5172
0076,15:35,935,5172
0076,15:40,940,5172
0076,15:45,945,5517
0076,15:50,950,5517
0076,15:55,955,5517
0076,16:00,960,5517
0076,16:05,965,5517
0076,16:10,970,4138
0076,16:15,975,4138
0076,16:20,980,4138
0076,16:25,985,4138
0076,16:30,990,3621
0076,16:35,995,3621
0076,16:40,1000,3621
0076,16:45,1005,3621
0076,16:50,1010,3621
0076,16:55,1015,3621
0076,17:00,1020,3621
0076,17:05,1025,3621
0076,17:10,1030,3621
0076,17:15,1035,3621
0076,17:20,1040,3621
0076,17:25,1045,3621
0076,17:30,1050,2586
0076,17:35,1055,2586
0076,17:40,1060,2586
0076,17:45,1065,2586
0076,17:50,1070,2586
0076,17:55,1075,2586
0076,18:00,1080,2586
0076,18:05,1085,2586
0076,18:10,1090,2241
0076,18:15,1095,2241
0076,18:20,1100,2241
0076,18:25,1105,1379
0076,18:30,1110,1379
0076,18:35,1115,1379
0076,18:40,1120,1379
0076,18:45,1125,1379
0076,18:50,1130,862
0076,18:55,1135,862
0076,19:00,1140,862
0076,19:05,1145,862
0076,19:10,1150,862
0076,19:15,1155,862
0076,19:20,1160,862
0076,19:25,1165,3448
0076,19:30,1170,3448
0076,19:35,1175,3448
0076,19:40,1180,3448
0076,19:45,1185,7241
0076,19:50,1190,7241
0076,19:55,1195,7241
0076,20:00,1200,7241
0076,20:05,1205,7241
0076,20:10,1210,7069
0076,20:15,1215,7069
0076,20:20,1220,7069
0076,20:25,1225,7069
0076,20:30,1230,6897
0076,20:35,1235,6897
0076,20:40,1240,6897
0076,20:45,1245,9138
0076,20:50,1250,9138
0076,20:55,1255,9138
0076,21:00,1260,9138
0076,21:05,1265,9138
0076,21:10,1270,8966
0076,21:15,1275,8966
0076,21:20,1280,8966
0076,21:25,1285,8966
0076,21:30,1290,8276
0076,21:35,1295,8276
0076,21:40,1300,8276
0076,21:45,1305,8276
0076,21:50,1310,8276
0076,21:55,1315,8276
0076,22:00,1320,8276
0076,22:05,1325,8103
0076,22:10,1330,8103
0076,22:15,1335,8103
0076,22:20,1340,8103
0076,22:25,1345,8103
0076,22:30,1350,7759
0076,22:35,1355,7759
0076,22:40,1360,7759
0076,22:45,1365,7759
0076,22:50,1370,7759
0076,22:55,1375,7759
0076,23:00,1380,7759
0076,23:05,1385,7759
0076,23:10,1390,7759
0076,23:15,1395,7759
0076,23:16,1396,7759
0076,23:20,1400,7759
0077,09:00,540,0
0077,09:05,545,0
0077,09:10,550,0
0077,09:15,555,0
0077,09:20,560,0
0077,09:25,565,0
0077,09:30,570,0
0077,09:35,575,0
0077,09:40,580,0
0077,09:45,585,0
0077,09:50,590,0
0077,09:55,595,0
0077,10:00,600,0
0077,10:05,605,0
0077,10:10,610,0
0077,10:15,615,0
0077,10:20,620,0
0077,10:25,625,0
0077,10:30,630,0
0077,10:35,635,0
0077,10:40,640,0
0077,10:45,645,0
0077,10:50,650,0
0077,10:55,655,0
0077,11:00,660,0
0077,11:05,665,0
0077,11:10,670,0
0077,11:15,675,0
0077,11:20,680,0
0077,11:25,685,0
0077,11:30,690,0
0077,11:35,695,0
0077,11:40,700,0
0077,11:45,705,-178
0077,11:50,710,-178
0077,11:55,715,-178
0077,12:00,720,-178
0077,12:05,725,-622
0077,12:10,730,-622
0077,12:15,735,-622
0077,12:20,740,-622
0077,12:25,745,-622
0077,12:30,750,-800
0077,12:35,755,-800
0077,12:40,760,-800
0077,12:45,765,-800
0077,12:50,770,-1422
0077,12:55,775,-1422
0077,13:00,780,-1422
0077,13:05,785,-1422
0077,13:10,790,-1422
0077,13:15,795,-1422
0077,13:20,800,-1422
0077,13:25,805,-1422
0077,13:30,810,-1422
0077,13:35,815,-1422
0077,13:40,820,-1422
0077,13:45,825,-1422
0077,13:50,830,-1422
0077,13:55,835,-1422
0077,14:00,840,-1422
0077,14:05,845,-1422
0077,14:10,850,-1689
0077,14:15,855,-1689
0077,14:20,860,-1689
0077,14:25,865,-1689
0077,14:30,870,-2933
0077,14:35,875,-2933
0077,14:40,880,-2933
0077,14:45,885,-2489
0077,14:50,890,-2489
0077,14:55,895,-2489
0077,15:00,900,-2489
0077,15:05,905,-2489
0077,15:10,910,-3733
0077,15:15,915,-3733
0077,15:20,920,-3733
0077,15:25,925,-3733
0077,15:30,930,-3556
0077,15:35,935,-3556
0077,15:40,940,-3556
0077,15:45,945,-1156
0077,15:50,950,-1156
0077,15:55,955,-1156
0077,16:00,960,-1156
0077,16:05,965,-1156
0077,16:10,970,-1956
0077,16:15,975,-1956
0077,16:20,980,-1956
0077,16:25,985,-1956
0077,16:30,990,-3289
0077,16:35,995,-3289
0077,16:40,1000,-3289
0077,16:45,1005,-3289
0077,16:50,1010,-3111
0077,16:55,1015,-3111
0077,17:00,1020,-3111
0077,17:05,1025,-3289
0077,17:10,1030,-3289
0077,17:15,1035,-3289
0077,17:20,1040,-3289
0077,17:25,1045,-3289
0077,17:30,1050,-2578
0077,17:35,1055,-2578
0077,17:40,1060,-2578
0077,17:45,1065,-2578
0077,17:50,1070,-4000
0077,17:55,1075,-4000
0077,18:00,1080,-4000
0077,18:05,1085,-4000
0077,18:10,1090,-4622
0077,18:15,1095,-4622
0077,18:20,1100,-4622
0077,18:25,1105,-4978
0077,18:30,1110,-4978
0077,18:35,1115,-4978
0077,18:40,1120,-4978
0077,18:45,1125,-4978
0077,18:50,1130,-5600
0077,18:55,1135,-5600
0077,19:00,1140,-5600
0077,19:05,1145,-5600
0077,19:10,1150,-6044
0077,19:15,1155,-6044
0077,19:20,1160,-6044
0077,19:25,1165,-3822
0077,19:30,1170,-3822
0077,19:35,1175,-3822
0077,19:40,1180,-3822
0077,19:45,1185,-4444
0077,19:50,1190,-4444
0077,19:55,1195,-4444
0077,20:00,1200,-4444
0077,20:05,1205,-4444
0077,20:10,1210,-4444
0077,20:15,1215,-4444
0077,20:20,1220,-4444
0077,20:25,1225,-4444
0077,20:30,1230,-4533
0077,20:35,1235,-4533
0077,20:40,1240,-4533
0077,20:45,1245,-4533
0077,20:50,1250,-4533
0077,20:55,1255,-4533
0077,21:00,1260,-4533
0077,21:05,1265,-4533
0077,21:10,1270,-4978
0077,21:15,1275,-4978
0077,21:20,1280,-4978
0077,21:25,1285,-4978
0077,21:30,1290,-5422
0077,21:35,1295,-5422
0077,21:40,1300,-5422
0077,21:45,1305,-5422
0077,21:50,1310,-5422
0077,21:55,1315,-5422
0077,22:00,1320,-5422
0077,22:05,1325,-5422
0077,22:10,1330,-5422
0077,22:15,1335,-5422
0077,22:20,1340,-5422
0077,22:25,1345,-5422
0077,22:30,1350,-5422
0077,22:35,1355,-5422
0077,22:40,1360,-5422
0077,22:45,1365,-5422
0077,22:50,1370,-5422
0077,22:55,1375,-5422
0077,23:00,1380,-5422
0077,23:05,1385,-5422
0077,23:10,1390,-5422
0077,23:15,1395,-5422
0077,23:16,1396,-5422
0077,23:20,1400,-5422
