machine,time,minute,value
0039,09:00,540,0
0039,09:05,545,0
0039,09:10,550,0
0039,09:15,555,0
0039,09:20,560,0
0039,09:25,565,0
0039,09:30,570,0
0039,09:35,575,0
0039,09:40,580,0
0039,09:45,585,0
0039,09:50,590,0
0039,09:55,595,0
0039,10:00,600,0
0039,10:05,605,0
0039,10:10,610,0
0039,10:15,615,0
0039,10:20,620,0
0039,10:25,625,0
0039,10:30,630,0
0039,10:35,635,0
0039,10:40,640,0
0039,10:45,645,0
0039,10:50,650,0
0039,10:55,655,0
0039,11:00,660,-1067
0039,11:05,665,-1067
0039,11:10,670,-1600
0039,11:15,675,-1600
0039,11:20,680,-1600
0039,11:25,685,-1600
0039,11:30,690,345
0039,11:35,695,345
0039,11:40,700,345
0039,11:45,705,-889
0039,11:50,710,-889
0039,11:55,715,-889
0039,12:00,720,-889
0039,12:05,725,-1778
0039,12:10,730,-1778
0039,12:15,735,-1778
0039,12:20,740,-1778
0039,12:25,745,-1778
0039,12:30,750,-2844
0039,12:35,755,-2844
0039,12:40,760,-2844
0039,12:45,765,-2844
0039,12:50,770,-2844
0039,12:55,775,-2844
0039,13:00,780,-2844
0039,13:05,785,-2133
0039,13:10,790,-2133
0039,13:15,795,-2133
0039,13:20,800,-2133
0039,13:25,805,-3733
0039,13:30,810,-3733
0039,13:35,815,-3733
0039,13:40,820,-3733
0039,13:45,825,-3733
0039,13:50,830,-4800
0039,13:55,835,-4800
0039,14:00,840,-4800
0039,14:05,845,-4800
0039,14:10,850,-5867
0039,14:15,855,-5867
0039,14:20,860,-5867
0039,14:25,865,-5867
0039,14:30,870,-7644
0039,14:35,875,-7644
0039,14:40,880,-7644
0039,14:45,885,-8889
0039,14:50,890,-8889
0039,14:55,895,-8889
0039,15:00,900,-8889
0039,15:05,905,-8889
0039,15:10,910,-9956
0039,15:15,915,-9956
0039,15:20,920,-9956
0039,15:25,925,-9956
0039,15:30,930,-10667
0039,15:35,935,-10667
0039,15:40,940,-10667
0039,15:45,945,-10844
0039,15:50,950,-10844
0039,15:55,955,-10844
0039,16:00,960,-10844
0039,16:05,965,-10844
0039,16:10,970,-11200
0039,16:15,975,-11200
0039,16:20,980,-11200
0039,16:25,985,-11200
0039,16:30,990,-11200
0039,16:35,995,-11200
0039,16:40,1000,-11200
0039,16:45,1005,-11200
0039,16:50,1010,-11200
0039,16:55,1015,-11200
0039,17:00,1020,-11200
0039,17:05,1025,-11733
0039,17:10,1030,-11733
0039,17:15,1035,-11733
0039,17:20,1040,-11733
0039,17:25,1045,-11733
0039,17:30,1050,-12089
0039,17:35,1055,-12089
0039,17:40,1060,-12089
0039,17:45,1065,-12089
0039,17:50,1070,-12089
0039,17:55,1075,-12089
0039,18:00,1080,-12089
0039,18:05,1085,-12089
0039,18:10,1090,-12089
0039,18:15,1095,-12089
0039,18:20,1100,-12089
0039,18:25,1105,-12089
0039,18:30,1110,-12089
0039,18:35,1115,-12089
0039,18:40,1120,-12089
0039,18:45,1125,-12089
0039,18:50,1130,-12089
0039,18:55,1135,-12089
0039,19:00,1140,-12089
0039,19:05,1145,-12089
0039,19:10,1150,-12089
0039,19:15,1155,-12089
0039,19:20,1160,-12089
0039,19:25,1165,-12978
0039,19:30,1170,-12978
0039,19:35,1175,-12978
0039,19:40,1180,-12978
0039,19:45,1185,-13156
0039,19:50,1190,-13156
0039,19:55,1195,-13156
0039,20:00,1200,-13156
0039,20:05,1205,-13156
0039,20:10,1210,-13689
0039,20:15,1215,-13689
0039,20:20,1220,-13689
0039,20:25,1225,-13689
0039,20:30,1230,-14400
0039,20:35,1235,-14400
0039,20:40,1240,-14400
0039,20:45,1245,-15822
0039,20:50,1250,-15822
0039,20:55,1255,-15822
0039,21:00,1260,-15822
0039,21:05,1265,-15822
0039,21:10,1270,-16000
0039,21:15,1275,-16000
0039,21:20,1280,-16000
0039,21:25,1285,-16000
0039,21:30,1290,-16000
0039,21:35,1295,-16000
0039,21:40,1300,-16000
0039,21:45,1305,-16000
0039,21:50,1310,-16000
0039,21:55,1315,-16000
0039,22:00,1320,-16000
0039,22:05,1325,-16000
0039,22:10,1330,-16000
0039,22:15,1335,-16000
0039,22:20,1340,-16000
0039,22:25,1345,-16000
0039,22:30,1350,-16000
0039,22:35,1355,-16000
0039,22:40,1360,-16000
0039,22:45,1365,-16000
0039,22:50,1370,-16000
0039,22:55,1375,-16000
0039,23:00,1380,-16000
0039,23:05,1385,-16000
0039,23:10,1390,-16000
0039,23:15,1395,-16000
0039,23:16,1396,-16000
0039,23:20,1400,-16000
0040,09:00,540,0
0040,09:05,545,0
0040,09:10,550,0
0040,09:15,555,0
0040,09:20,560,0
0040,09:25,565,0
0040,09:30,570,0
0040,09:35,575,0
0040,09:40,580,0
0040,09:45,585,0
0040,09:50,590,0
0040,09:55,595,0
0040,10:00,600,0
0040,10:05,605,0
0040,10:10,610,0
0040,10:15,615,0
0040,10:20,620,0
0040,10:25,625,0
0040,10:30,630,0
0040,10:35,635,0
0040,10:40,640,-89
0040,10:45,645,-89
0040,10:50,650,-89
0040,10:55,655,-89
0040,11:00,660,2328
0040,11:05,665,2328
0040,11:10,670,2241
0040,11:15,675,2241
0040,11:20,680,2241
0040,11:25,685,2241
0040,11:30,690,948
0040,11:35,695,948
0040,11:40,700,948
0040,11:45,705,1810
0040,11:50,710,1810
0040,11:55,715,1810
0040,12:00,720,1810
0040,12:05,725,1034
0040,12:10,730,1034
0040,12:15,735,1034
0040,12:20,740,1034
0040,12:25,745,1034
0040,12:30,750,690
0040,12:35,755,690
0040,12:40,760,690
0040,12:45,765,690
0040,12:50,770,690
0040,12:55,775,690
0040,13:00,780,690
0040,13:05,785,-533
0040,13:10,790,-533
0040,13:15,795,-533
0040,13:20,800,-533
0040,13:25,805,-267
0040,13:30,810,-267
0040,13:35,815,-267
0040,13:40,820,-267
0040,13:45,825,-267
0040,13:50,830,-1333
0040,13:55,835,-1333
0040,14:00,840,-1333
0040,14:05,845,-1333
0040,14:10,850,-2044
0040,14:15,855,-2044
0040,14:20,860,-2044
0040,14:25,865,-2044
0040,14:30,870,-3289
0040,14:35,875,-3289
0040,14:40,880,-3289
0040,14:45,885,-4356
0040,14:50,890,-4356
0040,14:55,895,-4356
0040,15:00,900,-4356
0040,15:05,905,-4356
0040,15:10,910,-267
0040,15:15,915,-267
0040,15:20,920,-267
0040,15:25,925,-267
0040,15:30,930,517
0040,15:35,935,517
0040,15:40,940,517
0040,15:45,945,-178
0040,15:50,950,-178
0040,15:55,955,-178
0040,16:00,960,-178
0040,16:05,965,-178
0040,16:10,970,-889
0040,16:15,975,-889
0040,16:20,980,-889
0040,16:25,985,-889
0040,16:30,990,-2044
0040,16:35,995,-2044
0040,16:40,1000,-2044
0040,16:45,1005,-2044
0040,16:50,1010,-2489
0040,16:55,1015,-2489
0040,17:00,1020,-2489
0040,17:05,1025,-1956
0040,17:10,1030,-1956
0040,17:15,1035,-1956
0040,17:20,1040,-1956
0040,17:25,1045,-1956
0040,17:30,1050,-2756
0040,17:35,1055,-2756
0040,17:40,1060,-2756
0040,17:45,1065,-2756
0040,17:50,1070,-2756
0040,17:55,1075,-2756
0040,18:00,1080,-2756
0040,18:05,1085,-2756
0040,18:10,1090,-2311
0040,18:15,1095,-2311
0040,18:20,1100,-2311
0040,18:25,1105,4224
0040,18:30,1110,4224
0040,18:35,1115,4224
0040,18:40,1120,4224
0040,18:45,1125,4224
0040,18:50,1130,4052
0040,18:55,1135,4052
0040,19:00,1140,4052
0040,19:05,1145,4052
0040,19:10,1150,4052
0040,19:15,1155,4052
0040,19:20,1160,4052
0040,19:25,1165,4052
0040,19:30,1170,4052
0040,19:35,1175,4052
0040,19:40,1180,4052
0040,19:45,1185,4052
0040,19:50,1190,4052
0040,19:55,1195,4052
0040,20:00,1200,4052
0040,20:05,1205,4052
0040,20:10,1210,3190
0040,20:15,1215,3190
0040,20:20,1220,3190
0040,20:25,1225,3190
0040,20:30,1230,2845
0040,20:35,1235,2845
0040,20:40,1240,2845
0040,20:45,1245,2845
0040,20:50,1250,2845
0040,20:55,1255,2845
0040,21:00,1260,2845
0040,21:05,1265,2845
0040,21:10,1270,2845
0040,21:15,1275,2845
0040,21:20,1280,2845
0040,21:25,1285,2845
0040,21:30,1290,2845
0040,21:35,1295,2845
0040,21:40,1300,2845
0040,21:45,1305,2845
0040,21:50,1310,2845
0040,21:55,1315,2845
0040,22:00,1320,2845
0040,22:05,1325,2845
0040,22:10,1330,2845
0040,22:15,1335,2845
0040,22:20,1340,2845
0040,22:25,1345,2845
0040,22:30,1350,2845
0040,22:35,1355,2845
0040,22:40,1360,2845
0040,22:45,1365,2845
0040,22:50,1370,2845
0040,22:55,1375,2845
0040,23:00,1380,2845
0040,23:05,1385,2845
0040,23:10,1390,2845
0040,23:15,1395,2845
0040,23:16,1396,2845
0040,23:20,1400,2845
0041,09:00,540,0
0041,09:05,545,0
0041,09:10,550,0
0041,09:15,555,0
0041,09:20,560,0
0041,09:25,565,0
0041,09:30,570,0
0041,09:35,575,0
0041,09:40,580,0
0041,09:45,585,0
0041,09:50,590,0
0041,09:55,595,0
0041,10:00,600,0
0041,10:05,605,0
0041,10:10,610,0
0041,10:15,615,0
0041,10:20,620,0
0041,10:25,625,0
0041,10:30,630,0
0041,10:35,635,0
0041,10:40,640,0
0041,10:45,645,0
0041,10:50,650,0
0041,10:55,655,0
0041,11:00,660,0
0041,11:05,665,0
0041,11:10,670,0
0041,11:15,675,0
0041,11:20,680,0
0041,11:25,685,0
0041,11:30,690,0
0041,11:35,695,0
0041,11:40,700,0
0041,11:45,705,0
0041,11:50,710,0
0041,11:55,715,0
0041,12:00,720,0
0041,12:05,725,0
0041,12:10,730,0
0041,12:15,735,0
0041,12:20,740,0
0041,12:25,745,0
0041,12:30,750,0
0041,12:35,755,0
0041,12:40,760,0
0041,12:45,765,0
0041,12:50,770,-356
0041,12:55,775,-356
0041,13:00,780,-356
0041,13:05,785,-1778
0041,13:10,790,-1778
0041,13:15,795,-1778
0041,13:20,800,-1778
0041,13:25,805,-2756
0041,13:30,810,-2756
0041,13:35,815,-2756
0041,13:40,820,-2756
0041,13:45,825,-2756
0041,13:50,830,-3378
0041,13:55,835,-3378
0041,14:00,840,-3378
0041,14:05,845,-3378
0041,14:10,850,-4711
0041,14:15,855,-4711
0041,14:20,860,-4711
0041,14:25,865,-4711
0041,14:30,870,-6044
0041,14:35,875,-6044
0041,14:40,880,-6044
0041,14:45,885,-7556
0041,14:50,890,-7556
0041,14:55,895,-7556
0041,15:00,900,-7556
0041,15:05,905,-7556
0041,15:10,910,-7111
0041,15:15,915,-7111
0041,15:20,920,-7111
0041,15:25,925,-7111
0041,15:30,930,-8178
0041,15:35,935,-8178
0041,15:40,940,-8178
0041,15:45,945,-9422
0041,15:50,950,-9422
0041,15:55,955,-9422
0041,16:00,960,-9422
0041,16:05,965,-9422
0041,16:10,970,-3111
0041,16:15,975,-3111
0041,16:20,980,-3111
0041,16:25,985,-3111
0041,16:30,990,4138
0041,16:35,995,4138
0041,16:40,1000,4138
0041,16:45,1005,4138
0041,16:50,1010,5345
0041,16:55,1015,5345
0041,17:00,1020,5345
0041,17:05,1025,4310
0041,17:10,1030,4310
0041,17:15,1035,4310
0041,17:20,1040,4310
0041,17:25,1045,4310
0041,17:30,1050,8190
0041,17:35,1055,8190
0041,17:40,1060,8190
0041,17:45,1065,8190
0041,17:50,1070,6897
0041,17:55,1075,6897
0041,18:00,1080,6897
0041,18:05,1085,6897
0041,18:10,1090,6121
0041,18:15,1095,6121
0041,18:20,1100,6121
0041,18:25,1105,9655
0041,18:30,1110,9655
0041,18:35,1115,9655
0041,18:40,1120,9655
0041,18:45,1125,9655
0041,18:50,1130,8707
0041,18:55,1135,8707
0041,19:00,1140,8707
0041,19:05,1145,8707
0041,19:10,1150,8190
0041,19:15,1155,8190
0041,19:20,1160,8190
0041,19:25,1165,8190
0041,19:30,1170,8190
0041,19:35,1175,8190
0041,19:40,1180,8190
0041,19:45,1185,8190
0041,19:50,1190,8190
0041,19:55,1195,8190
0041,20:00,1200,8190
0041,20:05,1205,8190
0041,20:10,1210,8190
0041,20:15,1215,8190
0041,20:20,1220,8190
0041,20:25,1225,8190
0041,20:30,1230,7931
0041,20:35,1235,7931
0041,20:40,1240,7931
0041,20:45,1245,7931
0041,20:50,1250,7931
0041,20:55,1255,7931
0041,21:00,1260,7931
0041,21:05,1265,7931
0041,21:10,1270,7931
0041,21:15,1275,7931
0041,21:20,1280,7931
0041,21:25,1285,7931
0041,21:30,1290,7931
0041,21:35,1295,7931
0041,21:40,1300,7931
0041,21:45,1305,7931
0041,21:50,1310,7931
0041,21:55,1315,7931
0041,22:00,1320,7931
0041,22:05,1325,7931
0041,22:10,1330,7931
0041,22:15,1335,7931
0041,22:20,1340,7931
0041,22:25,1345,7931
0041,22:30,1350,7931
0041,22:35,1355,7931
0041,22:40,1360,7931
0041,22:45,1365,7931
0041,22:50,1370,7931
0041,22:55,1375,7931
0041,23:00,1380,7931
0041,23:05,1385,7931
0041,23:10,1390,7931
0041,23:15,1395,7931
0041,23:16,1396,7931
0041,23:20,1400,7931
0042,09:00,540,0
0042,09:05,545,0
0042,09:10,550,0
0042,09:15,555,0
0042,09:20,560,0
0042,09:25,565,0
0042,09:30,570,0
0042,09:35,575,0
0042,09:40,580,0
0042,09:45,585,0
0042,09:50,590,0
0042,09:55,595,0
0042,10:00,600,0
0042,10:05,605,0
0042,10:10,610,0
0042,10:15,615,0
0042,10:20,620,0
0042,10:25,625,0
0042,10:30,630,0
0042,10:35,635,0
0042,10:40,640,0
0042,10:45,645,0
0042,10:50,650,0
0042,10:55,655,0
0042,11:00,660,0
0042,11:05,665,0
0042,11:10,670,0
0042,11:15,675,0
0042,11:20,680,0
0042,11:25,685,0
0042,11:30,690,0
0042,11:35,695,0
0042,11:40,700,0
0042,11:45,705,0
0042,11:50,710,0
0042,11:55,715,0
0042,12:00,720,0
0042,12:05,725,0
0042,12:10,730,0
0042,12:15,735,0
0042,12:20,740,0
0042,12:25,745,0
0042,12:30,750,-356
0042,12:35,755,-356
0042,12:40,760,-356
0042,12:45,765,-356
0042,12:50,770,-1067
0042,12:55,775,-1067
0042,13:00,780,-1067
0042,13:05,785,-1778
0042,13:10,790,-1778
0042,13:15,795,-1778
0042,13:20,800,-1778
0042,13:25,805,-3200
0042,13:30,810,-3200
0042,13:35,815,-3200
0042,13:40,820,-3200
0042,13:45,825,-3200
0042,13:50,830,-2667
0042,13:55,835,-2667
0042,14:00,840,-2667
0042,14:05,845,-2667
0042,14:10,850,-3022
0042,14:15,855,-3022
0042,14:20,860,-3022
0042,14:25,865,-3022
0042,14:30,870,-4267
0042,14:35,875,-4267
0042,14:40,880,-4267
0042,14:45,885,-533
0042,14:50,890,-533
0042,14:55,895,-533
0042,15:00,900,-533
0042,15:05,905,-533
0042,15:10,910,6379
0042,15:15,915,6379
0042,15:20,920,6379
0042,15:25,925,6379
0042,15:30,930,11034
0042,15:35,935,11034
0042,15:40,940,11034
0042,15:45,945,11034
0042,15:50,950,11034
0042,15:55,955,11034
0042,16:00,960,11034
0042,16:05,965,11034
0042,16:10,970,10345
0042,16:15,975,10345
0042,16:20,980,10345
0042,16:25,985,10345
0042,16:30,990,8793
0042,16:35,995,8793
0042,16:40,1000,8793
0042,16:45,1005,8793
0042,16:50,1010,7759
0042,16:55,1015,7759
0042,17:00,1020,7759
0042,17:05,1025,7241
0042,17:10,1030,7241
0042,17:15,1035,7241
0042,17:20,1040,7241
0042,17:25,1045,7241
0042,17:30,1050,7241
0042,17:35,1055,7241
0042,17:40,1060,7241
0042,17:45,1065,7241
0042,17:50,1070,7241
0042,17:55,1075,7241
0042,18:00,1080,7241
0042,18:05,1085,7241
0042,18:10,1090,7241
0042,18:15,1095,7241
0042,18:20,1100,7241
0042,18:25,1105,6552
0042,18:30,1110,6552
0042,18:35,1115,6552
0042,18:40,1120,6552
0042,18:45,1125,6552
0042,18:50,1130,6207
0042,18:55,1135,6207
0042,19:00,1140,6207
0042,19:05,1145,6207
0042,19:10,1150,5690
0042,19:15,1155,5690
0042,19:20,1160,5690
0042,19:25,1165,4310
0042,19:30,1170,4310
0042,19:35,1175,4310
0042,19:40,1180,4310
0042,19:45,1185,3793
0042,19:50,1190,3793
0042,19:55,1195,3793
0042,20:00,1200,3793
0042,20:05,1205,3793
0042,20:10,1210,2414
0042,20:15,1215,2414
0042,20:20,1220,2414
0042,20:25,1225,2414
0042,20:30,1230,6207
0042,20:35,1235,6207
0042,20:40,1240,6207
0042,20:45,1245,10172
0042,20:50,1250,10172
0042,20:55,1255,10172
0042,21:00,1260,10172
0042,21:05,1265,10172
0042,21:10,1270,10000
0042,21:15,1275,10000
0042,21:20,1280,10000
0042,21:25,1285,10000
0042,21:30,1290,10000
0042,21:35,1295,10000
0042,21:40,1300,10000
0042,21:45,1305,10000
0042,21:50,1310,10000
0042,21:55,1315,10000
0042,22:00,1320,10000
0042,22:05,1325,10000
0042,22:10,1330,10000
0042,22:15,1335,10000
0042,22:20,1340,10000
0042,22:25,1345,10000
0042,22:30,1350,10000
0042,22:35,1355,10000
0042,22:40,1360,10000
0042,22:45,1365,10000
0042,22:50,1370,10000
0042,22:55,1375,10000
0042,23:00,1380,10000
0042,23:05,1385,10000
0042,23:10,1390,10000
0042,23:15,1395,10000
0042,23:16,1396,10000
0042,23:20,1400,10000
0043,09:00,540,0
0043,09:05,545,0
0043,09:10,550,0
0043,09:15,555,0
0043,09:20,560,0
0043,09:25,565,0
0043,09:30,570,0
0043,09:35,575,0
0043,09:40,580,0
0043,09:45,585,0
0043,09:50,590,0
0043,09:55,595,0
0043,10:00,600,0
0043,10:05,605,0
0043,10:10,610,0
0043,10:15,615,0
0043,10:20,620,0
0043,10:25,625,0
0043,10:30,630,0
0043,10:35,635,0
0043,10:40,640,-1039
0043,10:45,645,-1039
0043,10:50,650,-1039
0043,10:55,655,-1039
0043,11:00,660,-1818
0043,11:05,665,-1818
0043,11:10,670,-2338
0043,11:15,675,-2338
0043,11:20,680,-2338
0043,11:25,685,-2338
0043,11:30,690,-1558
0043,11:35,695,-1558
0043,11:40,700,-1558
0043,11:45,705,2051
0043,11:50,710,2051
0043,11:55,715,2051
0043,12:00,720,2051
0043,12:05,725,5897
0043,12:10,730,5897
0043,12:15,735,5897
0043,12:20,740,5897
0043,12:25,745,5897
0043,12:30,750,4872
0043,12:35,755,4872
0043,12:40,760,4872
0043,12:45,765,4872
0043,12:50,770,3846
0043,12:55,775,3846
0043,13:00,780,3846
0043,13:05,785,3333
0043,13:10,790,3333
0043,13:15,795,3333
0043,13:20,800,3333
0043,13:25,805,10000
0043,13:30,810,10000
0043,13:35,815,10000
0043,13:40,820,10000
0043,13:45,825,10000
0043,13:50,830,14872
0043,13:55,835,14872
0043,14:00,840,14872
0043,14:05,845,14872
0043,14:10,850,13846
0043,14:15,855,13846
0043,14:20,860,13846
0043,14:25,865,13846
0043,14:30,870,12821
0043,14:35,875,12821
0043,14:40,880,12821
0043,14:45,885,11282
0043,14:50,890,11282
0043,14:55,895,11282
0043,15:00,900,11282
0043,15:05,905,11282
0043,15:10,910,10769
0043,15:15,915,10769
0043,15:20,920,10769
0043,15:25,925,10769
0043,15:30,930,10513
0043,15:35,935,10513
0043,15:40,940,10513
0043,15:45,945,11026
0043,15:50,950,11026
0043,15:55,955,11026
0043,16:00,960,11026
0043,16:05,965,11026
0043,16:10,970,11795
0043,16:15,975,11795
0043,16:20,980,11795
0043,16:25,985,11795
0043,16:30,990,14103
0043,16:35,995,14103
0043,16:40,1000,14103
0043,16:45,1005,14103
0043,16:50,1010,16154
0043,16:55,1015,16154
0043,17:00,1020,16154
0043,17:05,1025,21795
0043,17:10,1030,21795
0043,17:15,1035,21795
0043,17:20,1040,21795
0043,17:25,1045,21795
0043,17:30,1050,28462
0043,17:35,1055,28462
0043,17:40,1060,28462
0043,17:45,1065,28462
0043,17:50,1070,28205
0043,17:55,1075,28205
0043,18:00,1080,28205
0043,18:05,1085,28205
0043,18:10,1090,27436
0043,18:15,1095,27436
0043,18:20,1100,27436
0043,18:25,1105,26410
0043,18:30,1110,26410
0043,18:35,1115,26410
0043,18:40,1120,26410
0043,18:45,1125,26410
0043,18:50,1130,26154
0043,18:55,1135,26154
0043,19:00,1140,26154
0043,19:05,1145,26154
0043,19:10,1150,30256
0043,19:15,1155,30256
0043,19:20,1160,30256
0043,19:25,1165,30256
0043,19:30,1170,30256
0043,19:35,1175,30256
0043,19:40,1180,30256
0043,19:45,1185,29231
0043,19:50,1190,29231
0043,19:55,1195,29231
0043,20:00,1200,29231
0043,20:05,1205,29231
0043,20:10,1210,28718
0043,20:15,1215,28718
0043,20:20,1220,28718
0043,20:25,1225,28718
0043,20:30,1230,28718
0043,20:35,1235,28718
0043,20:40,1240,28718
0043,20:45,1245,28718
0043,20:50,1250,28718
0043,20:55,1255,28718
0043,21:00,1260,28718
0043,21:05,1265,28718
0043,21:10,1270,28718
0043,21:15,1275,28718
0043,21:20,1280,28718
0043,21:25,1285,28718
0043,21:30,1290,28718
0043,21:35,1295,28718
0043,21:40,1300,28718
0043,21:45,1305,28718
0043,21:50,1310,28718
0043,21:55,1315,28718
0043,22:00,1320,28718
0043,22:05,1325,28718
0043,22:10,1330,28718
0043,22:15,1335,28718
0043,22:20,1340,28718
0043,22:25,1345,28718
0043,22:30,1350,28718
0043,22:35,1355,28718
0043,22:40,1360,28718
0043,22:45,1365,28718
0043,22:50,1370,28718
0043,22:55,1375,28718
0043,23:00,1380,28718
0043,23:05,1385,28718
0043,23:10,1390,28718
0043,23:15,1395,28718
0043,23:16,1396,28718
0043,23:20,1400,28718
0044,09:00,540,0
0044,09:05,545,0
0044,09:10,550,0
0044,09:15,555,0
0044,09:20,560,0
0044,09:25,565,0
0044,09:30,570,0
0044,09:35,575,0
0044,09:40,580,0
0044,09:45,585,0
0044,09:50,590,0
0044,09:55,595,0
0044,10:00,600,0
0044,10:05,605,0
0044,10:10,610,0
0044,10:15,615,0
0044,10:20,620,0
0044,10:25,625,0
0044,10:30,630,0
0044,10:35,635,0
0044,10:40,640,0
0044,10:45,645,0
0044,10:50,650,0
0044,10:55,655,0
0044,11:00,660,0
0044,11:05,665,0
0044,11:10,670,0
0044,11:15,675,0
0044,11:20,680,0
0044,11:25,685,0
0044,11:30,690,0
0044,11:35,695,0
0044,11:40,700,0
0044,11:45,705,0
0044,11:50,710,0
0044,11:55,715,0
0044,12:00,720,0
0044,12:05,725,0
0044,12:10,730,0
0044,12:15,735,0
0044,12:20,740,0
0044,12:25,745,0
0044,12:30,750,0
0044,12:35,755,0
0044,12:40,760,0
0044,12:45,765,0
0044,12:50,770,-356
0044,12:55,775,-356
0044,13:00,780,-356
0044,13:05,785,86
0044,13:10,790,86
0044,13:15,795,86
0044,13:20,800,86
0044,13:25,805,1897
0044,13:30,810,1897
0044,13:35,815,1897
0044,13:40,820,1897
0044,13:45,825,1897
0044,13:50,830,431
0044,13:55,835,431
0044,14:00,840,431
0044,14:05,845,431
0044,14:10,850,-711
0044,14:15,855,-711
0044,14:20,860,-711
0044,14:25,865,-711
0044,14:30,870,-2133
0044,14:35,875,-2133
0044,14:40,880,-2133
0044,14:45,885,-1689
0044,14:50,890,-1689
0044,14:55,895,-1689
0044,15:00,900,-1689
0044,15:05,905,-1689
0044,15:10,910,3707
0044,15:15,915,3707
0044,15:20,920,3707
0044,15:25,925,3707
0044,15:30,930,4052
0044,15:35,935,4052
0044,15:40,940,4052
0044,15:45,945,2759
0044,15:50,950,2759
0044,15:55,955,2759
0044,16:00,960,2759
0044,16:05,965,2759
0044,16:10,970,1810
0044,16:15,975,1810
0044,16:20,980,1810
0044,16:25,985,1810
0044,16:30,990,690
0044,16:35,995,690
0044,16:40,1000,690
0044,16:45,1005,690
0044,16:50,1010,172
0044,16:55,1015,172
0044,17:00,1020,172
0044,17:05,1025,-89
0044,17:10,1030,-89
0044,17:15,1035,-89
0044,17:20,1040,-89
0044,17:25,1045,-89
0044,17:30,1050,-1067
0044,17:35,1055,-1067
0044,17:40,1060,-1067
0044,17:45,1065,-1067
0044,17:50,1070,-1067
0044,17:55,1075,-1067
0044,18:00,1080,-1067
0044,18:05,1085,-1067
0044,18:10,1090,-1689
0044,18:15,1095,-1689
0044,18:20,1100,-1689
0044,18:25,1105,-2400
0044,18:30,1110,-2400
0044,18:35,1115,-2400
0044,18:40,1120,-2400
0044,18:45,1125,-2400
0044,18:50,1130,-4000
0044,18:55,1135,-4000
0044,19:00,1140,-4000
0044,19:05,1145,-4000
0044,19:10,1150,-5244
0044,19:15,1155,-5244
0044,19:20,1160,-5244
0044,19:25,1165,-6489
0044,19:30,1170,-6489
0044,19:35,1175,-6489
0044,19:40,1180,-6489
0044,19:45,1185,-7733
0044,19:50,1190,-7733
0044,19:55,1195,-7733
0044,20:00,1200,-7733
0044,20:05,1205,-7733
0044,20:10,1210,-7911
0044,20:15,1215,-7911
0044,20:20,1220,-7911
0044,20:25,1225,-7911
0044,20:30,1230,-7911
0044,20:35,1235,-7911
0044,20:40,1240,-7911
0044,20:45,1245,-7911
0044,20:50,1250,-7911
0044,20:55,1255,-7911
0044,21:00,1260,-7911
0044,21:05,1265,-7911
0044,21:10,1270,-7911
0044,21:15,1275,-7911
0044,21:20,1280,-7911
0044,21:25,1285,-7911
0044,21:30,1290,-7911
0044,21:35,1295,-7911
0044,21:40,1300,-7911
0044,21:45,1305,-7911
0044,21:50,1310,-7911
0044,21:55,1315,-7911
0044,22:00,1320,-7911
0044,22:05,1325,-7911
0044,22:10,1330,-7911
0044,22:15,1335,-7911
0044,22:20,1340,-7911
0044,22:25,1345,-7911
0044,22:30,1350,-7911
0044,22:35,1355,-7911
0044,22:40,1360,-7911
0044,22:45,1365,-7911
0044,22:50,1370,-7911
0044,22:55,1375,-7911
0044,23:00,1380,-7911
0044,23:05,1385,-7911
0044,23:10,1390,-7911
0044,23:15,1395,-7911
0044,23:16,1396,-7911
0044,23:20,1400,-7911
0045,09:00,540,0
0045,09:05,545,0
0045,09:10,550,0
0045,09:15,555,0
0045,09:20,560,0
0045,09:25,565,0
0045,09:30,570,0
0045,09:35,575,0
0045,09:40,580,0
0045,09:45,585,0
0045,09:50,590,0
0045,09:55,595,0
0045,10:00,600,0
0045,10:05,605,0
0045,10:10,610,0
0045,10:15,615,0
0045,10:20,620,0
0045,10:25,625,0
0045,10:30,630,0
0045,10:35,635,0
0045,10:40,640,0
0045,10:45,645,0
0045,10:50,650,0
0045,10:55,655,0
0045,11:00,660,0
0045,11:05,665,0
0045,11:10,670,0
0045,11:15,675,0
0045,11:20,680,0
0045,11:25,685,0
0045,11:30,690,0
0045,11:35,695,0
0045,11:40,700,0
0045,11:45,705,0
0045,11:50,710,0
0045,11:55,715,0
0045,12:00,720,0
0045,12:05,725,0
0045,12:10,730,0
0045,12:15,735,0
0045,12:20,740,0
0045,12:25,745,0
0045,12:30,750,0
0045,12:35,755,0
0045,12:40,760,0
0045,12:45,765,0
0045,12:50,770,0
0045,12:55,775,0
0045,13:00,780,0
0045,13:05,785,0
0045,13:10,790,0
0045,13:15,795,0
0045,13:20,800,0
0045,13:25,805,-1244
0045,13:30,810,-1244
0045,13:35,815,-1244
0045,13:40,820,-1244
0045,13:45,825,-1244
0045,13:50,830,-1244
0045,13:55,835,-1244
0045,14:00,840,-1244
0045,14:05,845,-1244
0045,14:10,850,-2044
0045,14:15,855,-2044
0045,14:20,860,-2044
0045,14:25,865,-2044
0045,14:30,870,-3822
0045,14:35,875,-3822
0045,14:40,880,-3822
0045,14:45,885,-5333
0045,14:50,890,-5333
0045,14:55,895,-5333
0045,15:00,900,-5333
0045,15:05,905,-5333
0045,15:10,910,-4889
0045,15:15,915,-4889
0045,15:20,920,-4889
0045,15:25,925,-4889
0045,15:30,930,172
0045,15:35,935,172
0045,15:40,940,172
0045,15:45,945,1034
0045,15:50,950,1034
0045,15:55,955,1034
0045,16:00,960,1034
0045,16:05,965,1034
0045,16:10,970,1034
0045,16:15,975,1034
0045,16:20,980,1034
0045,16:25,985,1034
0045,16:30,990,1034
0045,16:35,995,1034
0045,16:40,1000,1034
0045,16:45,1005,1034
0045,16:50,1010,1034
0045,16:55,1015,1034
0045,17:00,1020,1034
0045,17:05,1025,1034
0045,17:10,1030,1034
0045,17:15,1035,1034
0045,17:20,1040,1034
0045,17:25,1045,1034
0045,17:30,1050,862
0045,17:35,1055,862
0045,17:40,1060,862
0045,17:45,1065,862
0045,17:50,1070,862
0045,17:55,1075,862
0045,18:00,1080,862
0045,18:05,1085,862
0045,18:10,1090,776
0045,18:15,1095,776
0045,18:20,1100,776
0045,18:25,1105,345
0045,18:30,1110,345
0045,18:35,1115,345
0045,18:40,1120,345
0045,18:45,1125,345
0045,18:50,1130,345
0045,18:55,1135,345
0045,19:00,1140,345
0045,19:05,1145,345
0045,19:10,1150,345
0045,19:15,1155,345
0045,19:20,1160,345
0045,19:25,1165,345
0045,19:30,1170,345
0045,19:35,1175,345
0045,19:40,1180,345
0045,19:45,1185,345
0045,19:50,1190,345
0045,19:55,1195,345
0045,20:00,1200,345
0045,20:05,1205,345
0045,20:10,1210,345
0045,20:15,1215,345
0045,20:20,1220,345
0045,20:25,1225,345
0045,20:30,1230,345
0045,20:35,1235,345
0045,20:40,1240,345
0045,20:45,1245,345
0045,20:50,1250,345
0045,20:55,1255,345
0045,21:00,1260,345
0045,21:05,1265,345
0045,21:10,1270,345
0045,21:15,1275,345
0045,21:20,1280,345
0045,21:25,1285,345
0045,21:30,1290,345
0045,21:35,1295,345
0045,21:40,1300,345
0045,21:45,1305,345
0045,21:50,1310,345
0045,21:55,1315,345
0045,22:00,1320,345
0045,22:05,1325,345
0045,22:10,1330,345
0045,22:15,1335,345
0045,22:20,1340,345
0045,22:25,1345,345
0045,22:30,1350,345
0045,22:35,1355,345
0045,22:40,1360,345
0045,22:45,1365,345
0045,22:50,1370,345
0045,22:55,1375,345
0045,23:00,1380,345
0045,23:05,1385,345
0045,23:10,1390,345
0045,23:15,1395,345
0045,23:16,1396,345
0045,23:20,1400,345
0046,09:00,540,0
0046,09:05,545,0
0046,09:10,550,0
0046,09:15,555,0
0046,09:20,560,0
0046,09:25,565,0
0046,09:30,570,0
0046,09:35,575,0
0046,09:40,580,0
0046,09:45,585,0
0046,09:50,590,0
0046,09:55,595,0
0046,10:00,600,0
0046,10:05,605,0
0046,10:10,610,0
0046,10:15,615,0
0046,10:20,620,0
0046,10:25,625,0
0046,10:30,630,0
0046,10:35,635,0
0046,10:40,640,0
0046,10:45,645,0
0046,10:50,650,0
0046,10:55,655,0
0046,11:00,660,0
0046,11:05,665,0
0046,11:10,670,0
0046,11:15,675,0
0046,11:20,680,0
0046,11:25,685,0
0046,11:30,690,0
0046,11:35,695,0
0046,11:40,700,0
0046,11:45,705,0
0046,11:50,710,0
0046,11:55,715,0
0046,12:00,720,0
0046,12:05,725,-978
0046,12:10,730,-978
0046,12:15,735,-978
0046,12:20,740,-978
0046,12:25,745,-978
0046,12:30,750,2241
0046,12:35,755,2241
0046,12:40,760,2241
0046,12:45,765,2241
0046,12:50,770,1121
0046,12:55,775,1121
0046,13:00,780,1121
0046,13:05,785,-89
0046,13:10,790,-89
0046,13:15,795,-89
0046,13:20,800,-89
0046,13:25,805,3534
0046,13:30,810,3534
0046,13:35,815,3534
0046,13:40,820,3534
0046,13:45,825,3534
0046,13:50,830,3448
0046,13:55,835,3448
0046,14:00,840,3448
0046,14:05,845,3448
0046,14:10,850,3448
0046,14:15,855,3448
0046,14:20,860,3448
0046,14:25,865,3448
0046,14:30,870,2672
0046,14:35,875,2672
0046,14:40,880,2672
0046,14:45,885,4655
0046,14:50,890,4655
0046,14:55,895,4655
0046,15:00,900,4655
0046,15:05,905,4655
0046,15:10,910,4138
0046,15:15,915,4138
0046,15:20,920,4138
0046,15:25,925,4138
0046,15:30,930,2931
0046,15:35,935,2931
0046,15:40,940,2931
0046,15:45,945,1379
0046,15:50,950,1379
0046,15:55,955,1379
0046,16:00,960,1379
0046,16:05,965,1379
0046,16:10,970,1983
0046,16:15,975,1983
0046,16:20,980,1983
0046,16:25,985,1983
0046,16:30,990,603
0046,16:35,995,603
0046,16:40,1000,603
0046,16:45,1005,603
0046,16:50,1010,-622
0046,16:55,1015,-622
0046,17:00,1020,-622
0046,17:05,1025,1034
0046,17:10,1030,1034
0046,17:15,1035,1034
0046,17:20,1040,1034
0046,17:25,1045,1034
0046,17:30,1050,5172
0046,17:35,1055,5172
0046,17:40,1060,5172
0046,17:45,1065,5172
0046,17:50,1070,4569
0046,17:55,1075,4569
0046,18:00,1080,4569
0046,18:05,1085,4569
0046,18:10,1090,3707
0046,18:15,1095,3707
0046,18:20,1100,3707
0046,18:25,1105,6293
0046,18:30,1110,6293
0046,18:35,1115,6293
0046,18:40,1120,6293
0046,18:45,1125,6293
0046,18:50,1130,6034
0046,18:55,1135,6034
0046,19:00,1140,6034
0046,19:05,1145,6034
0046,19:10,1150,6034
0046,19:15,1155,6034
0046,19:20,1160,6034
0046,19:25,1165,4310
0046,19:30,1170,4310
0046,19:35,1175,4310
0046,19:40,1180,4310
0046,19:45,1185,4569
0046,19:50,1190,4569
0046,19:55,1195,4569
0046,20:00,1200,4569
0046,20:05,1205,4569
0046,20:10,1210,3534
0046,20:15,1215,3534
0046,20:20,1220,3534
0046,20:25,1225,3534
0046,20:30,1230,2845
0046,20:35,1235,2845
0046,20:40,1240,2845
0046,20:45,1245,2845
0046,20:50,1250,2845
0046,20:55,1255,2845
0046,21:00,1260,2845
0046,21:05,1265,2845
0046,21:10,1270,2845
0046,21:15,1275,2845
0046,21:20,1280,2845
0046,21:25,1285,2845
0046,21:30,1290,2845
0046,21:35,1295,2845
0046,21:40,1300,2845
0046,21:45,1305,2845
0046,21:50,1310,2845
0046,21:55,1315,2845
0046,22:00,1320,2845
0046,22:05,1325,2845
0046,22:10,1330,2845
0046,22:15,1335,2845
0046,22:20,1340,2845
0046,22:25,1345,2845
0046,22:30,1350,2845
0046,22:35,1355,2845
0046,22:40,1360,2845
0046,22:45,1365,2845
0046,22:50,1370,2845
0046,22:55,1375,2845
0046,23:00,1380,2845
0046,23:05,1385,2845
0046,23:10,1390,2845
0046,23:15,1395,2845
0046,23:16,1396,2845
0046,23:20,1400,2845
0047,09:00,540,0
0047,09:05,545,0
0047,09:10,550,0
0047,09:15,555,0
0047,09:20,560,0
0047,09:25,565,0
0047,09:30,570,0
0047,09:35,575,0
0047,09:40,580,0
0047,09:45,585,0
0047,09:50,590,0
0047,09:55,595,0
0047,10:00,600,0
0047,10:05,605,0
0047,10:10,610,0
0047,10:15,615,0
0047,10:20,620,0
0047,10:25,625,0
0047,10:30,630,0
0047,10:35,635,0
0047,10:40,640,0
0047,10:45,645,0
0047,10:50,650,0
0047,10:55,655,0
0047,11:00,660,-178
0047,11:05,665,-178
0047,11:10,670,-533
0047,11:15,675,-533
0047,11:20,680,-533
0047,11:25,685,-533
0047,11:30,690,-533
0047,11:35,695,-533
0047,11:40,700,-533
0047,11:45,705,-533
0047,11:50,710,-533
0047,11:55,715,-533
0047,12:00,720,-533
0047,12:05,725,-533
0047,12:10,730,-533
0047,12:15,735,-533
0047,12:20,740,-533
0047,12:25,745,-533
0047,12:30,750,-533
0047,12:35,755,-533
0047,12:40,760,-533
0047,12:45,765,-533
0047,12:50,770,-533
0047,12:55,775,-533
0047,13:00,780,-533
0047,13:05,785,-1244
0047,13:10,790,-1244
0047,13:15,795,-1244
0047,13:20,800,-1244
0047,13:25,805,-2311
0047,13:30,810,-2311
0047,13:35,815,-2311
0047,13:40,820,-2311
0047,13:45,825,-2311
0047,13:50,830,-3733
0047,13:55,835,-3733
0047,14:00,840,-3733
0047,14:05,845,-3733
0047,14:10,850,-4800
0047,14:15,855,-4800
0047,14:20,860,-4800
0047,14:25,865,-4800
0047,14:30,870,-5689
0047,14:35,875,-5689
0047,14:40,880,-5689
0047,14:45,885,-6578
0047,14:50,890,-6578
0047,14:55,895,-6578
0047,15:00,900,-6578
0047,15:05,905,-6578
0047,15:10,910,-7822
0047,15:15,915,-7822
0047,15:20,920,-7822
0047,15:25,925,-7822
0047,15:30,930,-9244
0047,15:35,935,-9244
0047,15:40,940,-9244
0047,15:45,945,-10311
0047,15:50,950,-10311
0047,15:55,955,-10311
0047,16:00,960,-10311
0047,16:05,965,-10311
0047,16:10,970,-10311
0047,16:15,975,-10311
0047,16:20,980,-10311
0047,16:25,985,-10311
0047,16:30,990,-10311
0047,16:35,995,-10311
0047,16:40,1000,-10311
0047,16:45,1005,-10311
0047,16:50,1010,-10844
0047,16:55,1015,-10844
0047,17:00,1020,-10844
0047,17:05,1025,-12267
0047,17:10,1030,-12267
0047,17:15,1035,-12267
0047,17:20,1040,-12267
0047,17:25,1045,-12267
0047,17:30,1050,-13511
0047,17:35,1055,-13511
0047,17:40,1060,-13511
0047,17:45,1065,-13511
0047,17:50,1070,-13511
0047,17:55,1075,-13511
0047,18:00,1080,-13511
0047,18:05,1085,-13511
0047,18:10,1090,-13511
0047,18:15,1095,-13511
0047,18:20,1100,-13511
0047,18:25,1105,-13867
0047,18:30,1110,-13867
0047,18:35,1115,-13867
0047,18:40,1120,-13867
0047,18:45,1125,-13867
0047,18:50,1130,-13867
0047,18:55,1135,-13867
0047,19:00,1140,-13867
0047,19:05,1145,-13867
0047,19:10,1150,-14578
0047,19:15,1155,-14578
0047,19:20,1160,-14578
0047,19:25,1165,-14578
0047,19:30,1170,-14578
0047,19:35,1175,-14578
0047,19:40,1180,-14578
0047,19:45,1185,-14578
0047,19:50,1190,-14578
0047,19:55,1195,-14578
0047,20:00,1200,-14578
0047,20:05,1205,-14578
0047,20:10,1210,-15111
0047,20:15,1215,-15111
0047,20:20,1220,-15111
0047,20:25,1225,-15111
0047,20:30,1230,-15822
0047,20:35,1235,-15822
0047,20:40,1240,-15822
0047,20:45,1245,-16533
0047,20:50,1250,-16533
0047,20:55,1255,-16533
0047,21:00,1260,-16533
0047,21:05,1265,-16533
0047,21:10,1270,-16533
0047,21:15,1275,-16533
0047,21:20,1280,-16533
0047,21:25,1285,-16533
0047,21:30,1290,-16533
0047,21:35,1295,-16533
0047,21:40,1300,-16533
0047,21:45,1305,-16533
0047,21:50,1310,-16533
0047,21:55,1315,-16533
0047,22:00,1320,-16533
0047,22:05,1325,-16533
0047,22:10,1330,-16533
0047,22:15,1335,-16533
0047,22:20,1340,-16533
0047,22:25,1345,-16533
0047,22:30,1350,-16533
0047,22:35,1355,-16533
0047,22:40,1360,-16533
0047,22:45,1365,-16533
0047,22:50,1370,-16533
0047,22:55,1375,-16533
0047,23:00,1380,-16533
0047,23:05,1385,-16533
0047,23:10,1390,-16533
0047,23:15,1395,-16533
0047,23:16,1396,-16533
0047,23:20,1400,-16533
0048,09:00,540,0
0048,09:05,545,0
0048,09:10,550,0
0048,09:15,555,0
0048,09:20,560,0
0048,09:25,565,0
0048,09:30,570,0
0048,09:35,575,0
0048,09:40,580,0
0048,09:45,585,0
0048,09:50,590,0
0048,09:55,595,0
0048,10:00,600,0
0048,10:05,605,0
0048,10:10,610,0
0048,10:15,615,0
0048,10:20,620,0
0048,10:25,625,0
0048,10:30,630,0
0048,10:35,635,0
0048,10:40,640,-889
0048,10:45,645,-889
0048,10:50,650,-889
0048,10:55,655,-889
0048,11:00,660,-1600
0048,11:05,665,-1600
0048,11:10,670,-1956
0048,11:15,675,-1956
0048,11:20,680,-1956
0048,11:25,685,-1956
0048,11:30,690,-2844
0048,11:35,695,-2844
0048,11:40,700,-2844
0048,11:45,705,-4089
0048,11:50,710,-4089
0048,11:55,715,-4089
0048,12:00,720,-4089
0048,12:05,725,-5333
0048,12:10,730,-5333
0048,12:15,735,-5333
0048,12:20,740,-5333
0048,12:25,745,-5333
0048,12:30,750,-6044
0048,12:35,755,-6044
0048,12:40,760,-6044
0048,12:45,765,-6044
0048,12:50,770,-7467
0048,12:55,775,-7467
0048,13:00,780,-7467
0048,13:05,785,-8889
0048,13:10,790,-8889
0048,13:15,795,-8889
0048,13:20,800,-8889
0048,13:25,805,-10311
0048,13:30,810,-10311
0048,13:35,815,-10311
0048,13:40,820,-10311
0048,13:45,825,-10311
0048,13:50,830,-11911
0048,13:55,835,-11911
0048,14:00,840,-11911
0048,14:05,845,-11911
0048,14:10,850,-11200
0048,14:15,855,-11200
0048,14:20,860,-11200
0048,14:25,865,-11200
0048,14:30,870,-12800
0048,14:35,875,-12800
0048,14:40,880,-12800
0048,14:45,885,-14044
0048,14:50,890,-14044
0048,14:55,895,-14044
0048,15:00,900,-14044
0048,15:05,905,-14044
0048,15:10,910,-15111
0048,15:15,915,-15111
0048,15:20,920,-15111
0048,15:25,925,-15111
0048,15:30,930,-16356
0048,15:35,935,-16356
0048,15:40,940,-16356
0048,15:45,945,-15822
0048,15:50,950,-15822
0048,15:55,955,-15822
0048,16:00,960,-15822
0048,16:05,965,-15822
0048,16:10,970,-11733
0048,16:15,975,-11733
0048,16:20,980,-11733
0048,16:25,985,-11733
0048,16:30,990,-13156
0048,16:35,995,-13156
0048,16:40,1000,-13156
0048,16:45,1005,-13156
0048,16:50,1010,-14044
0048,16:55,1015,-14044
0048,17:00,1020,-14044
0048,17:05,1025,-15111
0048,17:10,1030,-15111
0048,17:15,1035,-15111
0048,17:20,1040,-15111
0048,17:25,1045,-15111
0048,17:30,1050,-15467
0048,17:35,1055,-15467
0048,17:40,1060,-15467
0048,17:45,1065,-15467
0048,17:50,1070,-15644
0048,17:55,1075,-15644
0048,18:00,1080,-15644
0048,18:05,1085,-15644
0048,18:10,1090,-15644
0048,18:15,1095,-15644
0048,18:20,1100,-15644
0048,18:25,1105,-10667
0048,18:30,1110,-10667
0048,18:35,1115,-10667
0048,18:40,1120,-10667
0048,18:45,1125,-10667
0048,18:50,1130,-10133
0048,18:55,1135,-10133
0048,19:00,1140,-10133
0048,19:05,1145,-10133
0048,19:10,1150,-10667
0048,19:15,1155,-10667
0048,19:20,1160,-10667
0048,19:25,1165,-10667
0048,19:30,1170,-10667
0048,19:35,1175,-10667
0048,19:40,1180,-10667
0048,19:45,1185,-10667
0048,19:50,1190,-10667
0048,19:55,1195,-10667
0048,20:00,1200,-10667
0048,20:05,1205,-10667
0048,20:10,1210,-11378
0048,20:15,1215,-11378
0048,20:20,1220,-11378
0048,20:25,1225,-11378
0048,20:30,1230,-11378
0048,20:35,1235,-11378
0048,20:40,1240,-11378
0048,20:45,1245,-11378
0048,20:50,1250,-11378
0048,20:55,1255,-11378
0048,21:00,1260,-11378
0048,21:05,1265,-11378
0048,21:10,1270,-11378
0048,21:15,1275,-11378
0048,21:20,1280,-11378
0048,21:25,1285,-11378
0048,21:30,1290,-11378
0048,21:35,1295,-11378
0048,21:40,1300,-11378
0048,21:45,1305,-11378
0048,21:50,1310,-11378
0048,21:55,1315,-11378
0048,22:00,1320,-11378
0048,22:05,1325,-11378
0048,22:10,1330,-11378
0048,22:15,1335,-11378
0048,22:20,1340,-11378
0048,22:25,1345,-11378
0048,22:30,1350,-11378
0048,22:35,1355,-11378
0048,22:40,1360,-11378
0048,22:45,1365,-11378
0048,22:50,1370,-11378
0048,22:55,1375,-11378
0048,23:00,1380,-11378
0048,23:05,1385,-11378
0048,23:10,1390,-11378
0048,23:15,1395,-11378
0048,23:16,1396,-11378
0048,23:20,1400,-11378
0049,09:00,540,0
0049,09:05,545,0
0049,09:10,550,0
0049,09:15,555,0
0049,09:20,560,0
0049,09:25,565,0
0049,09:30,570,0
0049,09:35,575,0
0049,09:40,580,0
0049,09:45,585,0
0049,09:50,590,0
0049,09:55,595,0
0049,10:00,600,0
0049,10:05,605,0
0049,10:10,610,0
0049,10:15,615,0
0049,10:20,620,0
0049,10:25,625,0
0049,10:30,630,0
0049,10:35,635,0
0049,10:40,640,-800
0049,10:45,645,-800
0049,10:50,650,-800
0049,10:55,655,-800
0049,11:00,660,-800
0049,11:05,665,-800
0049,11:10,670,-800
0049,11:15,675,-800
0049,11:20,680,-800
0049,11:25,685,-800
0049,11:30,690,-800
0049,11:35,695,-800
0049,11:40,700,-800
0049,11:45,705,-978
0049,11:50,710,-978
0049,11:55,715,-978
0049,12:00,720,-978
0049,12:05,725,-978
0049,12:10,730,-978
0049,12:15,735,-978
0049,12:20,740,-978
0049,12:25,745,-978
0049,12:30,750,-2133
0049,12:35,755,-2133
0049,12:40,760,-2133
0049,12:45,765,-2133
0049,12:50,770,-3556
0049,12:55,775,-3556
0049,13:00,780,-3556
0049,13:05,785,-4800
0049,13:10,790,-4800
0049,13:15,795,-4800
0049,13:20,800,-4800
0049,13:25,805,-4356
0049,13:30,810,-4356
0049,13:35,815,-4356
0049,13:40,820,-4356
0049,13:45,825,-4356
0049,13:50,830,-5244
0049,13:55,835,-5244
0049,14:00,840,-5244
0049,14:05,845,-5244
0049,14:10,850,-6489
0049,14:15,855,-6489
0049,14:20,860,-6489
0049,14:25,865,-6489
0049,14:30,870,-3911
0049,14:35,875,-3911
0049,14:40,880,-3911
0049,14:45,885,-3911
0049,14:50,890,-3911
0049,14:55,895,-3911
0049,15:00,900,-3911
0049,15:05,905,-3911
0049,15:10,910,-1778
0049,15:15,915,-1778
0049,15:20,920,-1778
0049,15:25,925,-1778
0049,15:30,930,-1244
0049,15:35,935,-1244
0049,15:40,940,-1244
0049,15:45,945,-2756
0049,15:50,950,-2756
0049,15:55,955,-2756
0049,16:00,960,-2756
0049,16:05,965,-2756
0049,16:10,970,-2844
0049,16:15,975,-2844
0049,16:20,980,-2844
0049,16:25,985,-2844
0049,16:30,990,-3822
0049,16:35,995,-3822
0049,16:40,1000,-3822
0049,16:45,1005,-3822
0049,16:50,1010,-5067
0049,16:55,1015,-5067
0049,17:00,1020,-5067
0049,17:05,1025,-6133
0049,17:10,1030,-6133
0049,17:15,1035,-6133
0049,17:20,1040,-6133
0049,17:25,1045,-6133
0049,17:30,1050,-7644
0049,17:35,1055,-7644
0049,17:40,1060,-7644
0049,17:45,1065,-7644
0049,17:50,1070,-4000
0049,17:55,1075,-4000
0049,18:00,1080,-4000
0049,18:05,1085,-4000
0049,18:10,1090,1466
0049,18:15,1095,1466
0049,18:20,1100,1466
0049,18:25,1105,1293
0049,18:30,1110,1293
0049,18:35,1115,1293
0049,18:40,1120,1293
0049,18:45,1125,1293
0049,18:50,1130,1293
0049,18:55,1135,1293
0049,19:00,1140,1293
0049,19:05,1145,1293
0049,19:10,1150,1293
0049,19:15,1155,1293
0049,19:20,1160,1293
0049,19:25,1165,1293
0049,19:30,1170,1293
0049,19:35,1175,1293
0049,19:40,1180,1293
0049,19:45,1185,1293
0049,19:50,1190,1293
0049,19:55,1195,1293
0049,20:00,1200,1293
0049,20:05,1205,1293
0049,20:10,1210,1293
0049,20:15,1215,1293
0049,20:20,1220,1293
0049,20:25,1225,1293
0049,20:30,1230,948
0049,20:35,1235,948
0049,20:40,1240,948
0049,20:45,1245,603
0049,20:50,1250,603
0049,20:55,1255,603
0049,21:00,1260,603
0049,21:05,1265,603
0049,21:10,1270,603
0049,21:15,1275,603
0049,21:20,1280,603
0049,21:25,1285,603
0049,21:30,1290,603
0049,21:35,1295,603
0049,21:40,1300,603
0049,21:45,1305,603
0049,21:50,1310,603
0049,21:55,1315,603
0049,22:00,1320,603
0049,22:05,1325,603
0049,22:10,1330,603
0049,22:15,1335,603
0049,22:20,1340,603
0049,22:25,1345,603
0049,22:30,1350,603
0049,22:35,1355,603
0049,22:40,1360,603
0049,22:45,1365,603
0049,22:50,1370,603
0049,22:55,1375,603
0049,23:00,1380,603
0049,23:05,1385,603
0049,23:10,1390,603
0049,23:15,1395,603
0049,23:16,1396,603
0049,23:20,1400,603
0050,09:00,540,0
0050,09:05,545,0
0050,09:10,550,0
0050,09:15,555,0
0050,09:20,560,0
0050,09:25,565,0
0050,09:30,570,0
0050,09:35,575,0
0050,09:40,580,0
0050,09:45,585,0
0050,09:50,590,0
0050,09:55,595,0
0050,10:00,600,0
0050,10:05,605,0
0050,10:10,610,0
0050,10:15,615,0
0050,10:20,620,0
0050,10:25,625,0
0050,10:30,630,0
0050,10:35,635,0
0050,10:40,640,0
0050,10:45,645,0
0050,10:50,650,0
0050,10:55,655,0
0050,11:00,660,-444
0050,11:05,665,-444
0050,11:10,670,-711
0050,11:15,675,-711
0050,11:20,680,-711
0050,11:25,685,-711
0050,11:30,690,-711
0050,11:35,695,-711
0050,11:40,700,-711
0050,11:45,705,-889
0050,11:50,710,-889
0050,11:55,715,-889
0050,12:00,720,-889
0050,12:05,725,-1156
0050,12:10,730,-1156
0050,12:15,735,-1156
0050,12:20,740,-1156
0050,12:25,745,-1156
0050,12:30,750,-1156
0050,12:35,755,-1156
0050,12:40,760,-1156
0050,12:45,765,-1156
0050,12:50,770,-1333
0050,12:55,775,-1333
0050,13:00,780,-1333
0050,13:05,785,-2133
0050,13:10,790,-2133
0050,13:15,795,-2133
0050,13:20,800,-2133
0050,13:25,805,-3822
0050,13:30,810,-3822
0050,13:35,815,-3822
0050,13:40,820,-3822
0050,13:45,825,-3822
0050,13:50,830,-5156
0050,13:55,835,-5156
0050,14:00,840,-5156
0050,14:05,845,-5156
0050,14:10,850,-2933
0050,14:15,855,-2933
0050,14:20,860,-2933
0050,14:25,865,-2933
0050,14:30,870,1034
0050,14:35,875,1034
0050,14:40,880,1034
0050,14:45,885,259
0050,14:50,890,259
0050,14:55,895,259
0050,15:00,900,259
0050,15:05,905,259
0050,15:10,910,2328
0050,15:15,915,2328
0050,15:20,920,2328
0050,15:25,925,2328
0050,15:30,930,5000
0050,15:35,935,5000
0050,15:40,940,5000
0050,15:45,945,4397
0050,15:50,950,4397
0050,15:55,955,4397
0050,16:00,960,4397
0050,16:05,965,4397
0050,16:10,970,3276
0050,16:15,975,3276
0050,16:20,980,3276
0050,16:25,985,3276
0050,16:30,990,1810
0050,16:35,995,1810
0050,16:40,1000,1810
0050,16:45,1005,1810
0050,16:50,1010,603
0050,16:55,1015,603
0050,17:00,1020,603
0050,17:05,1025,-533
0050,17:10,1030,-533
0050,17:15,1035,-533
0050,17:20,1040,-533
0050,17:25,1045,-533
0050,17:30,1050,-1333
0050,17:35,1055,-1333
0050,17:40,1060,-1333
0050,17:45,1065,-1333
0050,17:50,1070,-2844
0050,17:55,1075,-2844
0050,18:00,1080,-2844
0050,18:05,1085,-2844
0050,18:10,1090,-3467
0050,18:15,1095,-3467
0050,18:20,1100,-3467
0050,18:25,1105,-3467
0050,18:30,1110,-3467
0050,18:35,1115,-3467
0050,18:40,1120,-3467
0050,18:45,1125,-3467
0050,18:50,1130,-3467
0050,18:55,1135,-3467
0050,19:00,1140,-3467
0050,19:05,1145,-3467
0050,19:10,1150,-3911
0050,19:15,1155,-3911
0050,19:20,1160,-3911
0050,19:25,1165,-3911
0050,19:30,1170,-3911
0050,19:35,1175,-3911
0050,19:40,1180,-3911
0050,19:45,1185,-4089
0050,19:50,1190,-4089
0050,19:55,1195,-4089
0050,20:00,1200,-4089
0050,20:05,1205,-4089
0050,20:10,1210,-4089
0050,20:15,1215,-4089
0050,20:20,1220,-4089
0050,20:25,1225,-4089
0050,20:30,1230,-4178
0050,20:35,1235,-4178
0050,20:40,1240,-4178
0050,20:45,1245,-4622
0050,20:50,1250,-4622
0050,20:55,1255,-4622
0050,21:00,1260,-4622
0050,21:05,1265,-4622
0050,21:10,1270,-5956
0050,21:15,1275,-5956
0050,21:20,1280,-5956
0050,21:25,1285,-5956
0050,21:30,1290,-7556
0050,21:35,1295,-7556
0050,21:40,1300,-7556
0050,21:45,1305,-7556
0050,21:50,1310,-7556
0050,21:55,1315,-7556
0050,22:00,1320,-7556
0050,22:05,1325,-7556
0050,22:10,1330,-7556
0050,22:15,1335,-7556
0050,22:20,1340,-7556
0050,22:25,1345,-7556
0050,22:30,1350,-7556
0050,22:35,1355,-7556
0050,22:40,1360,-7556
0050,22:45,1365,-7556
0050,22:50,1370,-7556
0050,22:55,1375,-7556
0050,23:00,1380,-7556
0050,23:05,1385,-7556
0050,23:10,1390,-7556
0050,23:15,1395,-7556
0050,23:16,1396,-7556
0050,23:20,1400,-7556
0051,09:00,540,0
0051,09:05,545,0
0051,09:10,550,0
0051,09:15,555,0
0051,09:20,560,0
0051,09:25,565,0
0051,09:30,570,0
0051,09:35,575,0
0051,09:40,580,0
0051,09:45,585,0
0051,09:50,590,0
0051,09:55,595,0
0051,10:00,600,0
0051,10:05,605,0
0051,10:10,610,0
0051,10:15,615,0
0051,10:20,620,0
0051,10:25,625,0
0051,10:30,630,0
0051,10:35,635,0
0051,10:40,640,0
0051,10:45,645,0
0051,10:50,650,0
0051,10:55,655,0
0051,11:00,660,0
0051,11:05,665,0
0051,11:10,670,0
0051,11:15,675,0
0051,11:20,680,0
0051,11:25,685,0
0051,11:30,690,0
0051,11:35,695,0
0051,11:40,700,0
0051,11:45,705,0
0051,11:50,710,0
0051,11:55,715,0
0051,12:00,720,0
0051,12:05,725,0
0051,12:10,730,0
0051,12:15,735,0
0051,12:20,740,0
0051,12:25,745,0
0051,12:30,750,-1244
0051,12:35,755,-1244
0051,12:40,760,-1244
0051,12:45,765,-1244
0051,12:50,770,2759
0051,12:55,775,2759
0051,13:00,780,2759
0051,13:05,785,2069
0051,13:10,790,2069
0051,13:15,795,2069
0051,13:20,800,2069
0051,13:25,805,517
0051,13:30,810,517
0051,13:35,815,517
0051,13:40,820,517
0051,13:45,825,517
0051,13:50,830,862
0051,13:55,835,862
0051,14:00,840,862
0051,14:05,845,862
0051,14:10,850,-178
0051,14:15,855,-178
0051,14:20,860,-178
0051,14:25,865,-178
0051,14:30,870,-1600
0051,14:35,875,-1600
0051,14:40,880,-1600
0051,14:45,885,-1067
0051,14:50,890,-1067
0051,14:55,895,-1067
0051,15:00,900,-1067
0051,15:05,905,-1067
0051,15:10,910,-1956
0051,15:15,915,-1956
0051,15:20,920,-1956
0051,15:25,925,-1956
0051,15:30,930,-3556
0051,15:35,935,-3556
0051,15:40,940,-3556
0051,15:45,945,-5156
0051,15:50,950,-5156
0051,15:55,955,-5156
0051,16:00,960,-5156
0051,16:05,965,-5156
0051,16:10,970,-6222
0051,16:15,975,-6222
0051,16:20,980,-6222
0051,16:25,985,-6222
0051,16:30,990,-7644
0051,16:35,995,-7644
0051,16:40,1000,-7644
0051,16:45,1005,-7644
0051,16:50,1010,-9067
0051,16:55,1015,-9067
0051,17:00,1020,-9067
0051,17:05,1025,-9956
0051,17:10,1030,-9956
0051,17:15,1035,-9956
0051,17:20,1040,-9956
0051,17:25,1045,-9956
0051,17:30,1050,-10311
0051,17:35,1055,-10311
0051,17:40,1060,-10311
0051,17:45,1065,-10311
0051,17:50,1070,-10489
0051,17:55,1075,-10489
0051,18:00,1080,-10489
0051,18:05,1085,-10489
0051,18:10,1090,-11022
0051,18:15,1095,-11022
0051,18:20,1100,-11022
0051,18:25,1105,-11556
0051,18:30,1110,-11556
0051,18:35,1115,-11556
0051,18:40,1120,-11556
0051,18:45,1125,-11556
0051,18:50,1130,-12444
0051,18:55,1135,-12444
0051,19:00,1140,-12444
0051,19:05,1145,-12444
0051,19:10,1150,-12800
0051,19:15,1155,-12800
0051,19:20,1160,-12800
0051,19:25,1165,-12800
0051,19:30,1170,-12800
0051,19:35,1175,-12800
0051,19:40,1180,-12800
0051,19:45,1185,-12800
0051,19:50,1190,-12800
0051,19:55,1195,-12800
0051,20:00,1200,-12800
0051,20:05,1205,-12800
0051,20:10,1210,-12800
0051,20:15,1215,-12800
0051,20:20,1220,-12800
0051,20:25,1225,-12800
0051,20:30,1230,-12800
0051,20:35,1235,-12800
0051,20:40,1240,-12800
0051,20:45,1245,-12800
0051,20:50,1250,-12800
0051,20:55,1255,-12800
0051,21:00,1260,-12800
0051,21:05,1265,-12800
0051,21:10,1270,-12800
0051,21:15,1275,-12800
0051,21:20,1280,-12800
0051,21:25,1285,-12800
0051,21:30,1290,-12800
0051,21:35,1295,-12800
0051,21:40,1300,-12800
0051,21:45,1305,-12800
0051,21:50,1310,-12800
0051,21:55,1315,-12800
0051,22:00,1320,-12800
0051,22:05,1325,-12800
0051,22:10,1330,-12800
0051,22:15,1335,-12800
0051,22:20,1340,-12800
0051,22:25,1345,-12800
0051,22:30,1350,-12800
0051,22:35,1355,-12800
0051,22:40,1360,-12800
0051,22:45,1365,-12800
0051,22:50,1370,-12800
0051,22:55,1375,-12800
0051,23:00,1380,-12800
0051,23:05,1385,-12800
0051,23:10,1390,-12800
0051,23:15,1395,-12800
0051,23:16,1396,-12800
0051,23:20,1400,-12800
0052,09:00,540,0
0052,09:05,545,0
0052,09:10,550,0
0052,09:15,555,0
0052,09:20,560,0
0052,09:25,565,0
0052,09:30,570,0
0052,09:35,575,0
0052,09:40,580,0
0052,09:45,585,0
0052,09:50,590,0
0052,09:55,595,0
0052,10:00,600,0
0052,10:05,605,0
0052,10:10,610,0
0052,10:15,615,0
0052,10:20,620,0
0052,10:25,625,0
0052,10:30,630,0
0052,10:35,635,0
0052,10:40,640,0
0052,10:45,645,0
0052,10:50,650,0
0052,10:55,655,0
0052,11:00,660,0
0052,11:05,665,0
0052,11:10,670,0
0052,11:15,675,0
0052,11:20,680,0
0052,11:25,685,0
0052,11:30,690,0
0052,11:35,695,0
0052,11:40,700,0
0052,11:45,705,-978
0052,11:50,710,-978
0052,11:55,715,-978
0052,12:00,720,-978
0052,12:05,725,-1067
0052,12:10,730,-1067
0052,12:15,735,-1067
0052,12:20,740,-1067
0052,12:25,745,-1067
0052,12:30,750,-1067
0052,12:35,755,-1067
0052,12:40,760,-1067
0052,12:45,765,-1067
0052,12:50,770,-1689
0052,12:55,775,-1689
0052,13:00,780,-1689
0052,13:05,785,-2667
0052,13:10,790,-2667
0052,13:15,795,-2667
0052,13:20,800,-2667
0052,13:25,805,-4178
0052,13:30,810,-4178
0052,13:35,815,-4178
0052,13:40,820,-4178
0052,13:45,825,-4178
0052,13:50,830,-5511
0052,13:55,835,-5511
0052,14:00,840,-5511
0052,14:05,845,-5511
0052,14:10,850,-6756
0052,14:15,855,-6756
0052,14:20,860,-6756
0052,14:25,865,-6756
0052,14:30,870,-7911
0052,14:35,875,-7911
0052,14:40,880,-7911
0052,14:45,885,-8711
0052,14:50,890,-8711
0052,14:55,895,-8711
0052,15:00,900,-8711
0052,15:05,905,-8711
0052,15:10,910,-8000
0052,15:15,915,-8000
0052,15:20,920,-8000
0052,15:25,925,-8000
0052,15:30,930,-8889
0052,15:35,935,-8889
0052,15:40,940,-8889
0052,15:45,945,-4267
0052,15:50,950,-4267
0052,15:55,955,-4267
0052,16:00,960,-4267
0052,16:05,965,-4267
0052,16:10,970,1983
0052,16:15,975,1983
0052,16:20,980,1983
0052,16:25,985,1983
0052,16:30,990,8707
0052,16:35,995,8707
0052,16:40,1000,8707
0052,16:45,1005,8707
0052,16:50,1010,7672
0052,16:55,1015,7672
0052,17:00,1020,7672
0052,17:05,1025,7241
0052,17:10,1030,7241
0052,17:15,1035,7241
0052,17:20,1040,7241
0052,17:25,1045,7241
0052,17:30,1050,5776
0052,17:35,1055,5776
0052,17:40,1060,5776
0052,17:45,1065,5776
0052,17:50,1070,5690
0052,17:55,1075,5690
0052,18:00,1080,5690
0052,18:05,1085,5690
0052,18:10,1090,5603
0052,18:15,1095,5603
0052,18:20,1100,5603
0052,18:25,1105,5431
0052,18:30,1110,5431
0052,18:35,1115,5431
0052,18:40,1120,5431
0052,18:45,1125,5431
0052,18:50,1130,4397
0052,18:55,1135,4397
0052,19:00,1140,4397
0052,19:05,1145,4397
0052,19:10,1150,3534
0052,19:15,1155,3534
0052,19:20,1160,3534
0052,19:25,1165,3534
0052,19:30,1170,3534
0052,19:35,1175,3534
0052,19:40,1180,3534
0052,19:45,1185,3448
0052,19:50,1190,3448
0052,19:55,1195,3448
0052,20:00,1200,3448
0052,20:05,1205,3448
0052,20:10,1210,3362
0052,20:15,1215,3362
0052,20:20,1220,3362
0052,20:25,1225,3362
0052,20:30,1230,3362
0052,20:35,1235,3362
0052,20:40,1240,3362
0052,20:45,1245,3362
0052,20:50,1250,3362
0052,20:55,1255,3362
0052,21:00,1260,3362
0052,21:05,1265,3362
0052,21:10,1270,3362
0052,21:15,1275,3362
0052,21:20,1280,3362
0052,21:25,1285,3362
0052,21:30,1290,3362
0052,21:35,1295,3362
0052,21:40,1300,3362
0052,21:45,1305,3362
0052,21:50,1310,3362
0052,21:55,1315,3362
0052,22:00,1320,3362
0052,22:05,1325,3362
0052,22:10,1330,3362
0052,22:15,1335,3362
0052,22:20,1340,3362
0052,22:25,1345,3362
0052,22:30,1350,3362
0052,22:35,1355,3362
0052,22:40,1360,3362
0052,22:45,1365,3362
0052,22:50,1370,3362
0052,22:55,1375,3362
0052,23:00,1380,3362
0052,23:05,1385,3362
0052,23:10,1390,3362
0052,23:15,1395,3362
0052,23:16,1396,3362
0052,23:20,1400,3362
0053,09:00,540,0
0053,09:05,545,0
0053,09:10,550,0
0053,09:15,555,0
0053,09:20,560,0
0053,09:25,565,0
0053,09:30,570,0
0053,09:35,575,0
0053,09:40,580,0
0053,09:45,585,0
0053,09:50,590,0
0053,09:55,595,0
0053,10:00,600,0
0053,10:05,605,0
0053,10:10,610,0
0053,10:15,615,0
0053,10:20,620,0
0053,10:25,625,0
0053,10:30,630,0
0053,10:35,635,0
0053,10:40,640,0
0053,10:45,645,0
0053,10:50,650,0
0053,10:55,655,0
0053,11:00,660,0
0053,11:05,665,0
0053,11:10,670,0
0053,11:15,675,0
0053,11:20,680,0
0053,11:25,685,0
0053,11:30,690,0
0053,11:35,695,0
0053,11:40,700,0
0053,11:45,705,0
0053,11:50,710,0
0053,11:55,715,0
0053,12:00,720,0
0053,12:05,725,-1244
0053,12:10,730,-1244
0053,12:15,735,-1244
0053,12:20,740,-1244
0053,12:25,745,-1244
0053,12:30,750,3966
0053,12:35,755,3966
0053,12:40,760,3966
0053,12:45,765,3966
0053,12:50,770,6552
0053,12:55,775,6552
0053,13:00,780,6552
0053,13:05,785,6552
0053,13:10,790,6552
0053,13:15,795,6552
0053,13:20,800,6552
0053,13:25,805,6552
0053,13:30,810,6552
0053,13:35,815,6552
0053,13:40,820,6552
0053,13:45,825,6552
0053,13:50,830,6207
0053,13:55,835,6207
0053,14:00,840,6207
0053,14:05,845,6207
0053,14:10,850,4828
0053,14:15,855,4828
0053,14:20,860,4828
0053,14:25,865,4828
0053,14:30,870,3103
0053,14:35,875,3103
0053,14:40,880,3103
0053,14:45,885,1724
0053,14:50,890,1724
0053,14:55,895,1724
0053,15:00,900,1724
0053,15:05,905,1724
0053,15:10,910,690
0053,15:15,915,690
0053,15:20,920,690
0053,15:25,925,690
0053,15:30,930,-1067
0053,15:35,935,-1067
0053,15:40,940,-1067
0053,15:45,945,-1956
0053,15:50,950,-1956
0053,15:55,955,-1956
0053,16:00,960,-1956
0053,16:05,965,-1956
0053,16:10,970,0
0053,16:15,975,0
0053,16:20,980,0
0053,16:25,985,0
0053,16:30,990,2931
0053,16:35,995,2931
0053,16:40,1000,2931
0053,16:45,1005,2931
0053,16:50,1010,4138
0053,16:55,1015,4138
0053,17:00,1020,4138
0053,17:05,1025,2759
0053,17:10,1030,2759
0053,17:15,1035,2759
0053,17:20,1040,2759
0053,17:25,1045,2759
0053,17:30,1050,4655
0053,17:35,1055,4655
0053,17:40,1060,4655
0053,17:45,1065,4655
0053,17:50,1070,4828
0053,17:55,1075,4828
0053,18:00,1080,4828
0053,18:05,1085,4828
0053,18:10,1090,4310
0053,18:15,1095,4310
0053,18:20,1100,4310
0053,18:25,1105,4310
0053,18:30,1110,4310
0053,18:35,1115,4310
0053,18:40,1120,4310
0053,18:45,1125,4310
0053,18:50,1130,4310
0053,18:55,1135,4310
0053,19:00,1140,4310
0053,19:05,1145,4310
0053,19:10,1150,3966
0053,19:15,1155,3966
0053,19:20,1160,3966
0053,19:25,1165,2586
0053,19:30,1170,2586
0053,19:35,1175,2586
0053,19:40,1180,2586
0053,19:45,1185,2414
0053,19:50,1190,2414
0053,19:55,1195,2414
0053,20:00,1200,2414
0053,20:05,1205,2414
0053,20:10,1210,2069
0053,20:15,1215,2069
0053,20:20,1220,2069
0053,20:25,1225,2069
0053,20:30,1230,1379
0053,20:35,1235,1379
0053,20:40,1240,1379
0053,20:45,1245,345
0053,20:50,1250,345
0053,20:55,1255,345
0053,21:00,1260,345
0053,21:05,1265,345
0053,21:10,1270,1552
0053,21:15,1275,1552
0053,21:20,1280,1552
0053,21:25,1285,1552
0053,21:30,1290,7759
0053,21:35,1295,7759
0053,21:40,1300,7759
0053,21:45,1305,10172
0053,21:50,1310,10172
0053,21:55,1315,10172
0053,22:00,1320,10172
0053,22:05,1325,10000
0053,22:10,1330,10000
0053,22:15,1335,10000
0053,22:20,1340,10000
0053,22:25,1345,10000
0053,22:30,1350,10000
0053,22:35,1355,10000
0053,22:40,1360,10000
0053,22:45,1365,10000
0053,22:50,1370,10000
0053,22:55,1375,10000
0053,23:00,1380,10000
0053,23:05,1385,10000
0053,23:10,1390,10000
0053,23:15,1395,10000
0053,23:16,1396,10000
0053,23:20,1400,10000
0054,09:00,540,0
0054,09:05,545,0
0054,09:10,550,0
0054,09:15,555,0
0054,09:20,560,0
0054,09:25,565,0
0054,09:30,570,0
0054,09:35,575,0
0054,09:40,580,0
0054,09:45,585,0
0054,09:50,590,0
0054,09:55,595,0
0054,10:00,600,0
0054,10:05,605,0
0054,10:10,610,0
0054,10:15,615,0
0054,10:20,620,0
0054,10:25,625,0
0054,10:30,630,0
0054,10:35,635,0
0054,10:40,640,0
0054,10:45,645,0
0054,10:50,650,0
0054,10:55,655,0
0054,11:00,660,0
0054,11:05,665,0
0054,11:10,670,0
0054,11:15,675,0
0054,11:20,680,0
0054,11:25,685,0
0054,11:30,690,-622
0054,11:35,695,-622
0054,11:40,700,-622
0054,11:45,705,-622
0054,11:50,710,-622
0054,11:55,715,-622
0054,12:00,720,-622
0054,12:05,725,-622
0054,12:10,730,-622
0054,12:15,735,-622
0054,12:20,740,-622
0054,12:25,745,-622
0054,12:30,750,-622
0054,12:35,755,-622
0054,12:40,760,-622
0054,12:45,765,-622
0054,12:50,770,-1333
0054,12:55,775,-1333
0054,13:00,780,-1333
0054,13:05,785,-2311
0054,13:10,790,-2311
0054,13:15,795,-2311
0054,13:20,800,-2311
0054,13:25,805,-1778
0054,13:30,810,-1778
0054,13:35,815,-1778
0054,13:40,820,-1778
0054,13:45,825,-1778
0054,13:50,830,2241
0054,13:55,835,2241
0054,14:00,840,2241
0054,14:05,845,2241
0054,14:10,850,1293
0054,14:15,855,1293
0054,14:20,860,1293
0054,14:25,865,1293
0054,14:30,870,431
0054,14:35,875,431
0054,14:40,880,431
0054,14:45,885,-622
0054,14:50,890,-622
0054,14:55,895,-622
0054,15:00,900,-622
0054,15:05,905,-622
0054,15:10,910,-1333
0054,15:15,915,-1333
0054,15:20,920,-1333
0054,15:25,925,-1333
0054,15:30,930,-2133
0054,15:35,935,-2133
0054,15:40,940,-2133
0054,15:45,945,-2933
0054,15:50,950,-2933
0054,15:55,955,-2933
0054,16:00,960,-2933
0054,16:05,965,-2933
0054,16:10,970,-3556
0054,16:15,975,-3556
0054,16:20,980,-3556
0054,16:25,985,-3556
0054,16:30,990,-4444
0054,16:35,995,-4444
0054,16:40,1000,-4444
0054,16:45,1005,-4444
0054,16:50,1010,-5600
0054,16:55,1015,-5600
0054,17:00,1020,-5600
0054,17:05,1025,-6933
0054,17:10,1030,-6933
0054,17:15,1035,-6933
0054,17:20,1040,-6933
0054,17:25,1045,-6933
0054,17:30,1050,-6844
0054,17:35,1055,-6844
0054,17:40,1060,-6844
0054,17:45,1065,-6844
0054,17:50,1070,-4444
0054,17:55,1075,-4444
0054,18:00,1080,-4444
0054,18:05,1085,-4444
0054,18:10,1090,-4889
0054,18:15,1095,-4889
0054,18:20,1100,-4889
0054,18:25,1105,-5778
0054,18:30,1110,-5778
0054,18:35,1115,-5778
0054,18:40,1120,-5778
0054,18:45,1125,-5778
0054,18:50,1130,-5867
0054,18:55,1135,-5867
0054,19:00,1140,-5867
0054,19:05,1145,-5867
0054,19:10,1150,-5867
0054,19:15,1155,-5867
0054,19:20,1160,-5867
0054,19:25,1165,-5867
0054,19:30,1170,-5867
0054,19:35,1175,-5867
0054,19:40,1180,-5867
0054,19:45,1185,-5867
0054,19:50,1190,-5867
0054,19:55,1195,-5867
0054,20:00,1200,-5867
0054,20:05,1205,-5867
0054,20:10,1210,-6133
0054,20:15,1215,-6133
0054,20:20,1220,-6133
0054,20:25,1225,-6133
0054,20:30,1230,-7022
0054,20:35,1235,-7022
0054,20:40,1240,-7022
0054,20:45,1245,-7022
0054,20:50,1250,-7022
0054,20:55,1255,-7022
0054,21:00,1260,-7022
0054,21:05,1265,-7022
0054,21:10,1270,-7022
0054,21:15,1275,-7022
0054,21:20,1280,-7022
0054,21:25,1285,-7022
0054,21:30,1290,-7022
0054,21:35,1295,-7022
0054,21:40,1300,-7022
0054,21:45,1305,-7022
0054,21:50,1310,-7022
0054,21:55,1315,-7022
0054,22:00,1320,-7022
0054,22:05,1325,-7022
0054,22:10,1330,-7022
0054,22:15,1335,-7022
0054,22:20,1340,-7022
0054,22:25,1345,-7022
0054,22:30,1350,-7022
0054,22:35,1355,-7022
0054,22:40,1360,-7022
0054,22:45,1365,-7022
0054,22:50,1370,-7022
0054,22:55,1375,-7022
0054,23:00,1380,-7022
0054,23:05,1385,-7022
0054,23:10,1390,-7022
0054,23:15,1395,-7022
0054,23:16,1396,-7022
0054,23:20,1400,-7022
0055,09:00,540,0
0055,09:05,545,0
0055,09:10,550,0
0055,09:15,555,0
0055,09:20,560,0
0055,09:25,565,0
0055,09:30,570,0
0055,09:35,575,0
0055,09:40,580,0
0055,09:45,585,0
0055,09:50,590,0
0055,09:55,595,0
0055,10:00,600,0
0055,10:05,605,0
0055,10:10,610,0
0055,10:15,615,0
0055,10:20,620,0
0055,10:25,625,0
0055,10:30,630,0
0055,10:35,635,0
0055,10:40,640,-255
0055,10:45,645,-255
0055,10:50,650,-255
0055,10:55,655,-255
0055,11:00,660,-766
0055,11:05,665,-766
0055,11:10,670,-766
0055,11:15,675,-766
0055,11:20,680,-766
0055,11:25,685,-766
0055,11:30,690,-766
0055,11:35,695,-766
0055,11:40,700,-766
0055,11:45,705,-1787
0055,11:50,710,-1787
0055,11:55,715,-1787
0055,12:00,720,-1787
0055,12:05,725,-1787
0055,12:10,730,-1787
0055,12:15,735,-1787
0055,12:20,740,-1787
0055,12:25,745,-1787
0055,12:30,750,-2298
0055,12:35,755,-2298
0055,12:40,760,-2298
0055,12:45,765,-2298
0055,12:50,770,-3830
0055,12:55,775,-3830
0055,13:00,780,-3830
0055,13:05,785,-5106
0055,13:10,790,-5106
0055,13:15,795,-5106
0055,13:20,800,-5106
0055,13:25,805,-6638
0055,13:30,810,-6638
0055,13:35,815,-6638
0055,13:40,820,-6638
0055,13:45,825,-6638
0055,13:50,830,-8170
0055,13:55,835,-8170
0055,14:00,840,-8170
0055,14:05,845,-8170
0055,14:10,850,-9447
0055,14:15,855,-9447
0055,14:20,860,-9447
0055,14:25,865,-9447
0055,14:30,870,-10979
0055,14:35,875,-10979
0055,14:40,880,-10979
0055,14:45,885,-12000
0055,14:50,890,-12000
0055,14:55,895,-12000
0055,15:00,900,-12000
0055,15:05,905,-12000
0055,15:10,910,-13277
0055,15:15,915,-13277
0055,15:20,920,-13277
0055,15:25,925,-13277
0055,15:30,930,-14809
0055,15:35,935,-14809
0055,15:40,940,-14809
0055,15:45,945,-15574
0055,15:50,950,-15574
0055,15:55,955,-15574
0055,16:00,960,-15574
0055,16:05,965,-15574
0055,16:10,970,-16596
0055,16:15,975,-16596
0055,16:20,980,-16596
0055,16:25,985,-16596
0055,16:30,990,-16851
0055,16:35,995,-16851
0055,16:40,1000,-16851
0055,16:45,1005,-16851
0055,16:50,1010,-17872
0055,16:55,1015,-17872
0055,17:00,1020,-17872
0055,17:05,1025,-18128
0055,17:10,1030,-18128
0055,17:15,1035,-18128
0055,17:20,1040,-18128
0055,17:25,1045,-18128
0055,17:30,1050,-18894
0055,17:35,1055,-18894
0055,17:40,1060,-18894
0055,17:45,1065,-18894
0055,17:50,1070,-19404
0055,17:55,1075,-19404
0055,18:00,1080,-19404
0055,18:05,1085,-19404
0055,18:10,1090,-19404
0055,18:15,1095,-19404
0055,18:20,1100,-19404
0055,18:25,1105,-20426
0055,18:30,1110,-20426
0055,18:35,1115,-20426
0055,18:40,1120,-20426
0055,18:45,1125,-20426
0055,18:50,1130,-16340
0055,18:55,1135,-16340
0055,19:00,1140,-16340
0055,19:05,1145,-16340
0055,19:10,1150,-16340
0055,19:15,1155,-16340
0055,19:20,1160,-16340
0055,19:25,1165,-16340
0055,19:30,1170,-16340
0055,19:35,1175,-16340
0055,19:40,1180,-16340
0055,19:45,1185,-16340
0055,19:50,1190,-16340
0055,19:55,1195,-16340
0055,20:00,1200,-16340
0055,20:05,1205,-16340
0055,20:10,1210,-16340
0055,20:15,1215,-16340
0055,20:20,1220,-16340
0055,20:25,1225,-16340
0055,20:30,1230,-16340
0055,20:35,1235,-16340
0055,20:40,1240,-16340
0055,20:45,1245,-17106
0055,20:50,1250,-17106
0055,20:55,1255,-17106
0055,21:00,1260,-17106
0055,21:05,1265,-17106
0055,21:10,1270,-17872
0055,21:15,1275,-17872
0055,21:20,1280,-17872
0055,21:25,1285,-17872
0055,21:30,1290,-19404
0055,21:35,1295,-19404
0055,21:40,1300,-19404
0055,21:45,1305,-19660
0055,21:50,1310,-19660
0055,21:55,1315,-19660
0055,22:00,1320,-19660
0055,22:05,1325,-19660
0055,22:10,1330,-19660
0055,22:15,1335,-19660
0055,22:20,1340,-19660
0055,22:25,1345,-19660
0055,22:30,1350,-19660
0055,22:35,1355,-19660
0055,22:40,1360,-19660
0055,22:45,1365,-19660
0055,22:50,1370,-19660
0055,22:55,1375,-19660
0055,23:00,1380,-19660
0055,23:05,1385,-19660
0055,23:10,1390,-19660
0055,23:15,1395,-19660
0055,23:16,1396,-19660
0055,23:20,1400,-19660
0056,09:00,540,0
0056,09:05,545,0
0056,09:10,550,0
0056,09:15,555,0
0056,09:20,560,0
0056,09:25,565,0
0056,09:30,570,0
0056,09:35,575,0
0056,09:40,580,0
0056,09:45,585,0
0056,09:50,590,0
0056,09:55,595,0
0056,10:00,600,0
0056,10:05,605,0
0056,10:10,610,0
0056,10:15,615,0
0056,10:20,620,0
0056,10:25,625,3793
0056,10:30,630,3793
0056,10:35,635,3793
0056,10:40,640,6552
0056,10:45,645,6552
0056,10:50,650,6552
0056,10:55,655,6552
0056,11:00,660,5690
0056,11:05,665,5690
0056,11:10,670,5517
0056,11:15,675,5517
0056,11:20,680,5517
0056,11:25,685,5517
0056,11:30,690,4828
0056,11:35,695,4828
0056,11:40,700,4828
0056,11:45,705,4483
0056,11:50,710,4483
0056,11:55,715,4483
0056,12:00,720,4483
0056,12:05,725,4310
0056,12:10,730,4310
0056,12:15,735,4310
0056,12:20,740,4310
0056,12:25,745,4310
0056,12:30,750,2586
0056,12:35,755,2586
0056,12:40,760,2586
0056,12:45,765,2586
0056,12:50,770,4483
0056,12:55,775,4483
0056,13:00,780,4483
0056,13:05,785,8448
0056,13:10,790,8448
0056,13:15,795,8448
0056,13:20,800,8448
0056,13:25,805,7931
0056,13:30,810,7931
0056,13:35,815,7931
0056,13:40,820,7931
0056,13:45,825,7931
0056,13:50,830,7931
0056,13:55,835,7931
0056,14:00,840,7931
0056,14:05,845,7931
0056,14:10,850,7241
0056,14:15,855,7241
0056,14:20,860,7241
0056,14:25,865,7241
0056,14:30,870,5517
0056,14:35,875,5517
0056,14:40,880,5517
0056,14:45,885,3966
0056,14:50,890,3966
0056,14:55,895,3966
0056,15:00,900,3966
0056,15:05,905,3966
0056,15:10,910,3103
0056,15:15,915,3103
0056,15:20,920,3103
0056,15:25,925,3103
0056,15:30,930,1379
0056,15:35,935,1379
0056,15:40,940,1379
0056,15:45,945,345
0056,15:50,950,345
0056,15:55,955,345
0056,16:00,960,345
0056,16:05,965,345
0056,16:10,970,-356
0056,16:15,975,-356
0056,16:20,980,-356
0056,16:25,985,-356
0056,16:30,990,-533
0056,16:35,995,-533
0056,16:40,1000,-533
0056,16:45,1005,-533
0056,16:50,1010,-889
0056,16:55,1015,-889
0056,17:00,1020,-889
0056,17:05,1025,-889
0056,17:10,1030,-889
0056,17:15,1035,-889
0056,17:20,1040,-889
0056,17:25,1045,-889
0056,17:30,1050,-1244
0056,17:35,1055,-1244
0056,17:40,1060,-1244
0056,17:45,1065,-1244
0056,17:50,1070,-1778
0056,17:55,1075,-1778
0056,18:00,1080,-1778
0056,18:05,1085,-1778
0056,18:10,1090,-2311
0056,18:15,1095,-2311
0056,18:20,1100,-2311
0056,18:25,1105,-2667
0056,18:30,1110,-2667
0056,18:35,1115,-2667
0056,18:40,1120,-2667
0056,18:45,1125,-2667
0056,18:50,1130,-3378
0056,18:55,1135,-3378
0056,19:00,1140,-3378
0056,19:05,1145,-3378
0056,19:10,1150,-3378
0056,19:15,1155,-3378
0056,19:20,1160,-3378
0056,19:25,1165,-3378
0056,19:30,1170,-3378
0056,19:35,1175,-3378
0056,19:40,1180,-3378
0056,19:45,1185,-4622
0056,19:50,1190,-4622
0056,19:55,1195,-4622
0056,20:00,1200,-4622
0056,20:05,1205,-4622
0056,20:10,1210,-5867
0056,20:15,1215,-5867
0056,20:20,1220,-5867
0056,20:25,1225,-5867
0056,20:30,1230,-7644
0056,20:35,1235,-7644
0056,20:40,1240,-7644
0056,20:45,1245,-8889
0056,20:50,1250,-8889
0056,20:55,1255,-8889
0056,21:00,1260,-8889
0056,21:05,1265,-8889
0056,21:10,1270,-10133
0056,21:15,1275,-10133
0056,21:20,1280,-10133
0056,21:25,1285,-10133
0056,21:30,1290,-4800
0056,21:35,1295,-4800
0056,21:40,1300,-4800
0056,21:45,1305,-4800
0056,21:50,1310,-4800
0056,21:55,1315,-4800
0056,22:00,1320,-4800
0056,22:05,1325,-4800
0056,22:10,1330,-4800
0056,22:15,1335,-4800
0056,22:20,1340,-4800
0056,22:25,1345,-4800
0056,22:30,1350,-4800
0056,22:35,1355,-4800
0056,22:40,1360,-4800
0056,22:45,1365,-4800
0056,22:50,1370,-4800
0056,22:55,1375,-4800
0056,23:00,1380,-4800
0056,23:05,1385,-4800
0056,23:10,1390,-4800
0056,23:15,1395,-4800
0056,23:16,1396,-4800
0056,23:20,1400,-4800
0057,09:00,540,0
0057,09:05,545,0
0057,09:10,550,0
0057,09:15,555,0
0057,09:20,560,0
0057,09:25,565,0
0057,09:30,570,0
0057,09:35,575,0
0057,09:40,580,0
0057,09:45,585,0
0057,09:50,590,0
0057,09:55,595,0
0057,10:00,600,0
0057,10:05,605,0
0057,10:10,610,0
0057,10:15,615,0
0057,10:20,620,0
0057,10:25,625,0
0057,10:30,630,0
0057,10:35,635,0
0057,10:40,640,0
0057,10:45,645,0
0057,10:50,650,0
0057,10:55,655,0
0057,11:00,660,0
0057,11:05,665,0
0057,11:10,670,0
0057,11:15,675,0
0057,11:20,680,0
0057,11:25,685,0
0057,11:30,690,0
0057,11:35,695,0
0057,11:40,700,0
0057,11:45,705,0
0057,11:50,710,0
0057,11:55,715,0
0057,12:00,720,0
0057,12:05,725,-533
0057,12:10,730,-533
0057,12:15,735,-533
0057,12:20,740,-533
0057,12:25,745,-533
0057,12:30,750,-978
0057,12:35,755,-978
0057,12:40,760,-978
0057,12:45,765,-978
0057,12:50,770,-1956
0057,12:55,775,-1956
0057,13:00,780,-1956
0057,13:05,785,-2489
0057,13:10,790,-2489
0057,13:15,795,-2489
0057,13:20,800,-2489
0057,13:25,805,-3022
0057,13:30,810,-3022
0057,13:35,815,-3022
0057,13:40,820,-3022
0057,13:45,825,-3022
0057,13:50,830,-3022
0057,13:55,835,-3022
0057,14:00,840,-3022
0057,14:05,845,-3022
0057,14:10,850,-2044
0057,14:15,855,-2044
0057,14:20,860,-2044
0057,14:25,865,-2044
0057,14:30,870,2931
0057,14:35,875,2931
0057,14:40,880,2931
0057,14:45,885,5862
0057,14:50,890,5862
0057,14:55,895,5862
0057,15:00,900,5862
0057,15:05,905,5862
0057,15:10,910,4655
0057,15:15,915,4655
0057,15:20,920,4655
0057,15:25,925,4655
0057,15:30,930,3190
0057,15:35,935,3190
0057,15:40,940,3190
0057,15:45,945,1897
0057,15:50,950,1897
0057,15:55,955,1897
0057,16:00,960,1897
0057,16:05,965,1897
0057,16:10,970,603
0057,16:15,975,603
0057,16:20,980,603
0057,16:25,985,603
0057,16:30,990,-978
0057,16:35,995,-978
0057,16:40,1000,-978
0057,16:45,1005,-978
0057,16:50,1010,2845
0057,16:55,1015,2845
0057,17:00,1020,2845
0057,17:05,1025,8362
0057,17:10,1030,8362
0057,17:15,1035,8362
0057,17:20,1040,8362
0057,17:25,1045,8362
0057,17:30,1050,8879
0057,17:35,1055,8879
0057,17:40,1060,8879
0057,17:45,1065,8879
0057,17:50,1070,7845
0057,17:55,1075,7845
0057,18:00,1080,7845
0057,18:05,1085,7845
0057,18:10,1090,7845
0057,18:15,1095,7845
0057,18:20,1100,7845
0057,18:25,1105,7845
0057,18:30,1110,7845
0057,18:35,1115,7845
0057,18:40,1120,7845
0057,18:45,1125,7845
0057,18:50,1130,7759
0057,18:55,1135,7759
0057,19:00,1140,7759
0057,19:05,1145,7759
0057,19:10,1150,6724
0057,19:15,1155,6724
0057,19:20,1160,6724
0057,19:25,1165,6466
0057,19:30,1170,6466
0057,19:35,1175,6466
0057,19:40,1180,6466
0057,19:45,1185,6983
0057,19:50,1190,6983
0057,19:55,1195,6983
0057,20:00,1200,6983
0057,20:05,1205,6983
0057,20:10,1210,6034
0057,20:15,1215,6034
0057,20:20,1220,6034
0057,20:25,1225,6034
0057,20:30,1230,5345
0057,20:35,1235,5345
0057,20:40,1240,5345
0057,20:45,1245,4655
0057,20:50,1250,4655
0057,20:55,1255,4655
0057,21:00,1260,4655
0057,21:05,1265,4655
0057,21:10,1270,4655
0057,21:15,1275,4655
0057,21:20,1280,4655
0057,21:25,1285,4655
0057,21:30,1290,4655
0057,21:35,1295,4655
0057,21:40,1300,4655
0057,21:45,1305,4655
0057,21:50,1310,4655
0057,21:55,1315,4655
0057,22:00,1320,4655
0057,22:05,1325,4655
0057,22:10,1330,4655
0057,22:15,1335,4655
0057,22:20,1340,4655
0057,22:25,1345,4655
0057,22:30,1350,4655
0057,22:35,1355,4655
0057,22:40,1360,4655
0057,22:45,1365,4655
0057,22:50,1370,4655
0057,22:55,1375,4655
0057,23:00,1380,4655
0057,23:05,1385,4655
0057,23:10,1390,4655
0057,23:15,1395,4655
0057,23:16,1396,4655
0057,23:20,1400,4655
0058,09:00,540,0
0058,09:05,545,0
0058,09:10,550,0
0058,09:15,555,0
0058,09:20,560,0
0058,09:25,565,0
0058,09:30,570,0
0058,09:35,575,0
0058,09:40,580,0
0058,09:45,585,0
0058,09:50,590,0
0058,09:55,595,0
0058,10:00,600,0
0058,10:05,605,0
0058,10:10,610,-178
0058,10:15,615,-178
0058,10:20,620,-178
0058,10:25,625,1552
0058,10:30,630,1552
0058,10:35,635,1552
0058,10:40,640,6207
0058,10:45,645,6207
0058,10:50,650,6207
0058,10:55,655,6207
0058,11:00,660,10172
0058,11:05,665,10172
0058,11:10,670,11552
0058,11:15,675,11552
0058,11:20,680,11552
0058,11:25,685,11552
0058,11:30,690,10690
0058,11:35,695,10690
0058,11:40,700,10690
0058,11:45,705,9310
0058,11:50,710,9310
0058,11:55,715,9310
0058,12:00,720,9310
0058,12:05,725,10172
0058,12:10,730,10172
0058,12:15,735,10172
0058,12:20,740,10172
0058,12:25,745,10172
0058,12:30,750,9655
0058,12:35,755,9655
0058,12:40,760,9655
0058,12:45,765,9655
0058,12:50,770,9655
0058,12:55,775,9655
0058,13:00,780,9655
0058,13:05,785,9655
0058,13:10,790,9655
0058,13:15,795,9655
0058,13:20,800,9655
0058,13:25,805,8793
0058,13:30,810,8793
0058,13:35,815,8793
0058,13:40,820,8793
0058,13:45,825,8793
0058,13:50,830,7241
0058,13:55,835,7241
0058,14:00,840,7241
0058,14:05,845,7241
0058,14:10,850,6724
0058,14:15,855,6724
0058,14:20,860,6724
0058,14:25,865,6724
0058,14:30,870,5345
0058,14:35,875,5345
0058,14:40,880,5345
0058,14:45,885,4310
0058,14:50,890,4310
0058,14:55,895,4310
0058,15:00,900,4310
0058,15:05,905,4310
0058,15:10,910,8103
0058,15:15,915,8103
0058,15:20,920,8103
0058,15:25,925,8103
0058,15:30,930,9138
0058,15:35,935,9138
0058,15:40,940,9138
0058,15:45,945,8276
0058,15:50,950,8276
0058,15:55,955,8276
0058,16:00,960,8276
0058,16:05,965,8276
0058,16:10,970,7069
0058,16:15,975,7069
0058,16:20,980,7069
0058,16:25,985,7069
0058,16:30,990,5690
0058,16:35,995,5690
0058,16:40,1000,5690
0058,16:45,1005,5690
0058,16:50,1010,8276
0058,16:55,1015,8276
0058,17:00,1020,8276
0058,17:05,1025,10000
0058,17:10,1030,10000
0058,17:15,1035,10000
0058,17:20,1040,10000
0058,17:25,1045,10000
0058,17:30,1050,10517
0058,17:35,1055,10517
0058,17:40,1060,10517
0058,17:45,1065,10517
0058,17:50,1070,9138
0058,17:55,1075,9138
0058,18:00,1080,9138
0058,18:05,1085,9138
0058,18:10,1090,7931
0058,18:15,1095,7931
0058,18:20,1100,7931
0058,18:25,1105,6552
0058,18:30,1110,6552
0058,18:35,1115,6552
0058,18:40,1120,6552
0058,18:45,1125,6552
0058,18:50,1130,6379
0058,18:55,1135,6379
0058,19:00,1140,6379
0058,19:05,1145,6379
0058,19:10,1150,6379
0058,19:15,1155,6379
0058,19:20,1160,6379
0058,19:25,1165,4655
0058,19:30,1170,4655
0058,19:35,1175,4655
0058,19:40,1180,4655
0058,19:45,1185,3103
0058,19:50,1190,3103
0058,19:55,1195,3103
0058,20:00,1200,3103
0058,20:05,1205,3103
0058,20:10,1210,3103
0058,20:15,1215,3103
0058,20:20,1220,3103
0058,20:25,1225,3103
0058,20:30,1230,2414
0058,20:35,1235,2414
0058,20:40,1240,2414
0058,20:45,1245,2414
0058,20:50,1250,2414
0058,20:55,1255,2414
0058,21:00,1260,2414
0058,21:05,1265,2414
0058,21:10,1270,2414
0058,21:15,1275,2414
0058,21:20,1280,2414
0058,21:25,1285,2414
0058,21:30,1290,2414
0058,21:35,1295,2414
0058,21:40,1300,2414
0058,21:45,1305,1034
0058,21:50,1310,1034
0058,21:55,1315,1034
0058,22:00,1320,1034
0058,22:05,1325,3103
0058,22:10,1330,3103
0058,22:15,1335,3103
0058,22:20,1340,3103
0058,22:25,1345,3103
0058,22:30,1350,1897
0058,22:35,1355,1897
0058,22:40,1360,1897
0058,22:45,1365,1897
0058,22:50,1370,1897
0058,22:55,1375,1897
0058,23:00,1380,1897
0058,23:05,1385,1897
0058,23:10,1390,1897
0058,23:15,1395,1897
0058,23:16,1396,1897
0058,23:20,1400,1897
0059,09:00,540,0
0059,09:05,545,0
0059,09:10,550,0
0059,09:15,555,0
0059,09:20,560,0
0059,09:25,565,0
0059,09:30,570,0
0059,09:35,575,0
0059,09:40,580,0
0059,09:45,585,0
0059,09:50,590,0
0059,09:55,595,0
0059,10:00,600,0
0059,10:05,605,0
0059,10:10,610,0
0059,10:15,615,0
0059,10:20,620,0
0059,10:25,625,-711
0059,10:30,630,-711
0059,10:35,635,-711
0059,10:40,640,-711
0059,10:45,645,-711
0059,10:50,650,-711
0059,10:55,655,-711
0059,11:00,660,-711
0059,11:05,665,-711
0059,11:10,670,-711
0059,11:15,675,-711
0059,11:20,680,-711
0059,11:25,685,-711
0059,11:30,690,-711
0059,11:35,695,-711
0059,11:40,700,-711
0059,11:45,705,-1067
0059,11:50,710,-1067
0059,11:55,715,-1067
0059,12:00,720,-1067
0059,12:05,725,-1244
0059,12:10,730,-1244
0059,12:15,735,-1244
0059,12:20,740,-1244
0059,12:25,745,-1244
0059,12:30,750,-1600
0059,12:35,755,-1600
0059,12:40,760,-1600
0059,12:45,765,-1600
0059,12:50,770,-2844
0059,12:55,775,-2844
0059,13:00,780,-2844
0059,13:05,785,-533
0059,13:10,790,-533
0059,13:15,795,-533
0059,13:20,800,-533
0059,13:25,805,-2311
0059,13:30,810,-2311
0059,13:35,815,-2311
0059,13:40,820,-2311
0059,13:45,825,-2311
0059,13:50,830,-3733
0059,13:55,835,-3733
0059,14:00,840,-3733
0059,14:05,845,-3733
0059,14:10,850,-4978
0059,14:15,855,-4978
0059,14:20,860,-4978
0059,14:25,865,-4978
0059,14:30,870,-2311
0059,14:35,875,-2311
0059,14:40,880,-2311
0059,14:45,885,-2311
0059,14:50,890,-2311
0059,14:55,895,-2311
0059,15:00,900,-2311
0059,15:05,905,-2311
0059,15:10,910,-3556
0059,15:15,915,-3556
0059,15:20,920,-3556
0059,15:25,925,-3556
0059,15:30,930,-5333
0059,15:35,935,-5333
0059,15:40,940,-5333
0059,15:45,945,-6578
0059,15:50,950,-6578
0059,15:55,955,-6578
0059,16:00,960,-6578
0059,16:05,965,-6578
0059,16:10,970,-6933
0059,16:15,975,-6933
0059,16:20,980,-6933
0059,16:25,985,-6933
0059,16:30,990,-8533
0059,16:35,995,-8533
0059,16:40,1000,-8533
0059,16:45,1005,-8533
0059,16:50,1010,-9956
0059,16:55,1015,-9956
0059,17:00,1020,-9956
0059,17:05,1025,-11022
0059,17:10,1030,-11022
0059,17:15,1035,-11022
0059,17:20,1040,-11022
0059,17:25,1045,-11022
0059,17:30,1050,-11378
0059,17:35,1055,-11378
0059,17:40,1060,-11378
0059,17:45,1065,-11378
0059,17:50,1070,-10844
0059,17:55,1075,-10844
0059,18:00,1080,-10844
0059,18:05,1085,-10844
0059,18:10,1090,-10844
0059,18:15,1095,-10844
0059,18:20,1100,-10844
0059,18:25,1105,-10844
0059,18:30,1110,-10844
0059,18:35,1115,-10844
0059,18:40,1120,-10844
0059,18:45,1125,-10844
0059,18:50,1130,-11022
0059,18:55,1135,-11022
0059,19:00,1140,-11022
0059,19:05,1145,-11022
0059,19:10,1150,-11022
0059,19:15,1155,-11022
0059,19:20,1160,-11022
0059,19:25,1165,-11022
0059,19:30,1170,-11022
0059,19:35,1175,-11022
0059,19:40,1180,-11022
0059,19:45,1185,-11022
0059,19:50,1190,-11022
0059,19:55,1195,-11022
0059,20:00,1200,-11022
0059,20:05,1205,-11022
0059,20:10,1210,-11022
0059,20:15,1215,-11022
0059,20:20,1220,-11022
0059,20:25,1225,-11022
0059,20:30,1230,-11022
0059,20:35,1235,-11022
0059,20:40,1240,-11022
0059,20:45,1245,-12089
0059,20:50,1250,-12089
0059,20:55,1255,-12089
0059,21:00,1260,-12089
0059,21:05,1265,-12089
0059,21:10,1270,-13156
0059,21:15,1275,-13156
0059,21:20,1280,-13156
0059,21:25,1285,-13156
0059,21:30,1290,-13511
0059,21:35,1295,-13511
0059,21:40,1300,-13511
0059,21:45,1305,-13511
0059,21:50,1310,-13511
0059,21:55,1315,-13511
0059,22:00,1320,-13511
0059,22:05,1325,-13511
0059,22:10,1330,-13511
0059,22:15,1335,-13511
0059,22:20,1340,-13511
0059,22:25,1345,-13511
0059,22:30,1350,-13511
0059,22:35,1355,-13511
0059,22:40,1360,-13511
0059,22:45,1365,-13511
0059,22:50,1370,-13511
0059,22:55,1375,-13511
0059,23:00,1380,-13511
0059,23:05,1385,-13511
0059,23:10,1390,-13511
0059,23:15,1395,-13511
0059,23:16,1396,-13511
0059,23:20,1400,-13511
0060,09:00,540,0
0060,09:05,545,0
0060,09:10,550,0
0060,09:15,555,0
0060,09:20,560,0
0060,09:25,565,0
0060,09:30,570,0
0060,09:35,575,0
0060,09:40,580,0
0060,09:45,585,0
0060,09:50,590,0
0060,09:55,595,0
0060,10:00,600,0
0060,10:05,605,0
0060,10:10,610,0
0060,10:15,615,0
0060,10:20,620,0
0060,10:25,625,0
0060,10:30,630,0
0060,10:35,635,0
0060,10:40,640,0
0060,10:45,645,0
0060,10:50,650,0
0060,10:55,655,0
0060,11:00,660,0
0060,11:05,665,0
0060,11:10,670,-89
0060,11:15,675,-89
0060,11:20,680,-89
0060,11:25,685,-89
0060,11:30,690,-444
0060,11:35,695,-444
0060,11:40,700,-444
0060,11:45,705,-1067
0060,11:50,710,-1067
0060,11:55,715,-1067
0060,12:00,720,-1067
0060,12:05,725,-1689
0060,12:10,730,-1689
0060,12:15,735,-1689
0060,12:20,740,-1689
0060,12:25,745,-1689
0060,12:30,750,-1867
0060,12:35,755,-1867
0060,12:40,760,-1867
0060,12:45,765,-1867
0060,12:50,770,-3289
0060,12:55,775,-3289
0060,13:00,780,-3289
0060,13:05,785,-3822
0060,13:10,790,-3822
0060,13:15,795,-3822
0060,13:20,800,-3822
0060,13:25,805,-89
0060,13:30,810,-89
0060,13:35,815,-89
0060,13:40,820,-89
0060,13:45,825,-89
0060,13:50,830,-1067
0060,13:55,835,-1067
0060,14:00,840,-1067
0060,14:05,845,-1067
0060,14:10,850,-1689
0060,14:15,855,-1689
0060,14:20,860,-1689
0060,14:25,865,-1689
0060,14:30,870,-3111
0060,14:35,875,-3111
0060,14:40,880,-3111
0060,14:45,885,776
0060,14:50,890,776
0060,14:55,895,776
0060,15:00,900,776
0060,15:05,905,776
0060,15:10,910,4655
0060,15:15,915,4655
0060,15:20,920,4655
0060,15:25,925,4655
0060,15:30,930,4569
0060,15:35,935,4569
0060,15:40,940,4569
0060,15:45,945,3966
0060,15:50,950,3966
0060,15:55,955,3966
0060,16:00,960,3966
0060,16:05,965,3966
0060,16:10,970,3103
0060,16:15,975,3103
0060,16:20,980,3103
0060,16:25,985,3103
0060,16:30,990,4397
0060,16:35,995,4397
0060,16:40,1000,4397
0060,16:45,1005,4397
0060,16:50,1010,5345
0060,16:55,1015,5345
0060,17:00,1020,5345
0060,17:05,1025,4310
0060,17:10,1030,4310
0060,17:15,1035,4310
0060,17:20,1040,4310
0060,17:25,1045,4310
0060,17:30,1050,6379
0060,17:35,1055,6379
0060,17:40,1060,6379
0060,17:45,1065,6379
0060,17:50,1070,6293
0060,17:55,1075,6293
0060,18:00,1080,6293
0060,18:05,1085,6293
0060,18:10,1090,5603
0060,18:15,1095,5603
0060,18:20,1100,5603
0060,18:25,1105,4052
0060,18:30,1110,4052
0060,18:35,1115,4052
0060,18:40,1120,4052
0060,18:45,1125,4052
0060,18:50,1130,3017
0060,18:55,1135,3017
0060,19:00,1140,3017
0060,19:05,1145,3017
0060,19:10,1150,3017
0060,19:15,1155,3017
0060,19:20,1160,3017
0060,19:25,1165,3276
0060,19:30,1170,3276
0060,19:35,1175,3276
0060,19:40,1180,3276
0060,19:45,1185,7328
0060,19:50,1190,7328
0060,19:55,1195,7328
0060,20:00,1200,7328
0060,20:05,1205,7328
0060,20:10,1210,6466
0060,20:15,1215,6466
0060,20:20,1220,6466
0060,20:25,1225,6466
0060,20:30,1230,6466
0060,20:35,1235,6466
0060,20:40,1240,6466
0060,20:45,1245,6466
0060,20:50,1250,6466
0060,20:55,1255,6466
0060,21:00,1260,6466
0060,21:05,1265,6466
0060,21:10,1270,6466
0060,21:15,1275,6466
0060,21:20,1280,6466
0060,21:25,1285,6466
0060,21:30,1290,6466
0060,21:35,1295,6466
0060,21:40,1300,6466
0060,21:45,1305,6466
0060,21:50,1310,6466
0060,21:55,1315,6466
0060,22:00,1320,6466
0060,22:05,1325,6466
0060,22:10,1330,6466
0060,22:15,1335,6466
0060,22:20,1340,6466
0060,22:25,1345,6466
0060,22:30,1350,6466
0060,22:35,1355,6466
0060,22:40,1360,6466
0060,22:45,1365,6466
0060,22:50,1370,6466
0060,22:55,1375,6466
0060,23:00,1380,6466
0060,23:05,1385,6466
0060,23:10,1390,6466
0060,23:15,1395,6466
0060,23:16,1396,6466
0060,23:20,1400,6466
0061,09:00,540,0
0061,09:05,545,0
0061,09:10,550,0
0061,09:15,555,0
0061,09:20,560,0
0061,09:25,565,0
0061,09:30,570,0
0061,09:35,575,0
0061,09:40,580,0
0061,09:45,585,0
0061,09:50,590,0
0061,09:55,595,0
0061,10:00,600,0
0061,10:05,605,0
0061,10:10,610,0
0061,10:15,615,0
0061,10:20,620,0
0061,10:25,625,0
0061,10:30,630,0
0061,10:35,635,0
0061,10:40,640,0
0061,10:45,645,0
0061,10:50,650,0
0061,10:55,655,0
0061,11:00,660,0
0061,11:05,665,0
0061,11:10,670,0
0061,11:15,675,0
0061,11:20,680,0
0061,11:25,685,0
0061,11:30,690,-356
0061,11:35,695,-356
0061,11:40,700,-356
0061,11:45,705,-356
0061,11:50,710,-356
0061,11:55,715,-356
0061,12:00,720,-356
0061,12:05,725,-356
0061,12:10,730,-356
0061,12:15,735,-356
0061,12:20,740,-356
0061,12:25,745,-356
0061,12:30,750,-356
0061,12:35,755,-356
0061,12:40,760,-356
0061,12:45,765,-356
0061,12:50,770,-1244
0061,12:55,775,-1244
0061,13:00,780,-1244
0061,13:05,785,-1956
0061,13:10,790,-1956
0061,13:15,795,-1956
0061,13:20,800,-1956
0061,13:25,805,-178
0061,13:30,810,-178
0061,13:35,815,-178
0061,13:40,820,-178
0061,13:45,825,-178
0061,13:50,830,-1067
0061,13:55,835,-1067
0061,14:00,840,-1067
0061,14:05,845,-1067
0061,14:10,850,-1956
0061,14:15,855,-1956
0061,14:20,860,-1956
0061,14:25,865,-1956
0061,14:30,870,4310
0061,14:35,875,4310
0061,14:40,880,4310
0061,14:45,885,4138
0061,14:50,890,4138
0061,14:55,895,4138
0061,15:00,900,4138
0061,15:05,905,4138
0061,15:10,910,2931
0061,15:15,915,2931
0061,15:20,920,2931
0061,15:25,925,2931
0061,15:30,930,1724
0061,15:35,935,1724
0061,15:40,940,1724
0061,15:45,945,6897
0061,15:50,950,6897
0061,15:55,955,6897
0061,16:00,960,6897
0061,16:05,965,6897
0061,16:10,970,6034
0061,16:15,975,6034
0061,16:20,980,6034
0061,16:25,985,6034
0061,16:30,990,4310
0061,16:35,995,4310
0061,16:40,1000,4310
0061,16:45,1005,4310
0061,16:50,1010,10862
0061,16:55,1015,10862
0061,17:00,1020,10862
0061,17:05,1025,16724
0061,17:10,1030,16724
0061,17:15,1035,16724
0061,17:20,1040,16724
0061,17:25,1045,16724
0061,17:30,1050,16207
0061,17:35,1055,16207
0061,17:40,1060,16207
0061,17:45,1065,16207
0061,17:50,1070,15690
0061,17:55,1075,15690
0061,18:00,1080,15690
0061,18:05,1085,15690
0061,18:10,1090,15690
0061,18:15,1095,15690
0061,18:20,1100,15690
0061,18:25,1105,14655
0061,18:30,1110,14655
0061,18:35,1115,14655
0061,18:40,1120,14655
0061,18:45,1125,14655
0061,18:50,1130,14310
0061,18:55,1135,14310
0061,19:00,1140,14310
0061,19:05,1145,14310
0061,19:10,1150,13621
0061,19:15,1155,13621
0061,19:20,1160,13621
0061,19:25,1165,13621
0061,19:30,1170,13621
0061,19:35,1175,13621
0061,19:40,1180,13621
0061,19:45,1185,13621
0061,19:50,1190,13621
0061,19:55,1195,13621
0061,20:00,1200,13621
0061,20:05,1205,13621
0061,20:10,1210,13621
0061,20:15,1215,13621
0061,20:20,1220,13621
0061,20:25,1225,13621
0061,20:30,1230,12931
0061,20:35,1235,12931
0061,20:40,1240,12931
0061,20:45,1245,12759
0061,20:50,1250,12759
0061,20:55,1255,12759
0061,21:00,1260,12759
0061,21:05,1265,12759
0061,21:10,1270,12759
0061,21:15,1275,12759
0061,21:20,1280,12759
0061,21:25,1285,12759
0061,21:30,1290,12759
0061,21:35,1295,12759
0061,21:40,1300,12759
0061,21:45,1305,12759
0061,21:50,1310,12759
0061,21:55,1315,12759
0061,22:00,1320,12759
0061,22:05,1325,12759
0061,22:10,1330,12759
0061,22:15,1335,12759
0061,22:20,1340,12759
0061,22:25,1345,12759
0061,22:30,1350,12759
0061,22:35,1355,12759
0061,22:40,1360,12759
0061,22:45,1365,12759
0061,22:50,1370,12759
0061,22:55,1375,12759
0061,23:00,1380,12759
0061,23:05,1385,12759
0061,23:10,1390,12759
0061,23:15,1395,12759
0061,23:16,1396,12759
0061,23:20,1400,12759
0062,09:00,540,0
0062,09:05,545,0
0062,09:10,550,0
0062,09:15,555,0
0062,09:20,560,0
0062,09:25,565,0
0062,09:30,570,0
0062,09:35,575,0
0062,09:40,580,0
0062,09:45,585,0
0062,09:50,590,0
0062,09:55,595,0
0062,10:00,600,0
0062,10:05,605,0
0062,10:10,610,0
0062,10:15,615,0
0062,10:20,620,0
0062,10:25,625,0
0062,10:30,630,0
0062,10:35,635,0
0062,10:40,640,0
0062,10:45,645,0
0062,10:50,650,0
0062,10:55,655,0
0062,11:00,660,0
0062,11:05,665,0
0062,11:10,670,0
0062,11:15,675,0
0062,11:20,680,0
0062,11:25,685,0
0062,11:30,690,0
0062,11:35,695,0
0062,11:40,700,0
0062,11:45,705,0
0062,11:50,710,0
0062,11:55,715,0
0062,12:00,720,0
0062,12:05,725,0
0062,12:10,730,0
0062,12:15,735,0
0062,12:20,740,0
0062,12:25,745,0
0062,12:30,750,0
0062,12:35,755,0
0062,12:40,760,0
0062,12:45,765,0
0062,12:50,770,5172
0062,12:55,775,5172
0062,13:00,780,5172
0062,13:05,785,4310
0062,13:10,790,4310
0062,13:15,795,4310
0062,13:20,800,4310
0062,13:25,805,3362
0062,13:30,810,3362
0062,13:35,815,3362
0062,13:40,820,3362
0062,13:45,825,3362
0062,13:50,830,2845
0062,13:55,835,2845
0062,14:00,840,2845
0062,14:05,845,2845
0062,14:10,850,1983
0062,14:15,855,1983
0062,14:20,860,1983
0062,14:25,865,1983
0062,14:30,870,1121
0062,14:35,875,1121
0062,14:40,880,1121
0062,14:45,885,345
0062,14:50,890,345
0062,14:55,895,345
0062,15:00,900,345
0062,15:05,905,345
0062,15:10,910,259
0062,15:15,915,259
0062,15:20,920,259
0062,15:25,925,259
0062,15:30,930,-1067
0062,15:35,935,-1067
0062,15:40,940,-1067
0062,15:45,945,-2400
0062,15:50,950,-2400
0062,15:55,955,-2400
0062,16:00,960,-2400
0062,16:05,965,-2400
0062,16:10,970,-2578
0062,16:15,975,-2578
0062,16:20,980,-2578
0062,16:25,985,-2578
0062,16:30,990,-3111
0062,16:35,995,-3111
0062,16:40,1000,-3111
0062,16:45,1005,-3111
0062,16:50,1010,-3911
0062,16:55,1015,-3911
0062,17:00,1020,-3911
0062,17:05,1025,-4444
0062,17:10,1030,-4444
0062,17:15,1035,-4444
0062,17:20,1040,-4444
0062,17:25,1045,-4444
0062,17:30,1050,-5956
0062,17:35,1055,-5956
0062,17:40,1060,-5956
0062,17:45,1065,-5956
0062,17:50,1070,-5244
0062,17:55,1075,-5244
0062,18:00,1080,-5244
0062,18:05,1085,-5244
0062,18:10,1090,-3022
0062,18:15,1095,-3022
0062,18:20,1100,-3022
0062,18:25,1105,-978
0062,18:30,1110,-978
0062,18:35,1115,-978
0062,18:40,1120,-978
0062,18:45,1125,-978
0062,18:50,1130,-2311
0062,18:55,1135,-2311
0062,19:00,1140,-2311
0062,19:05,1145,-2311
0062,19:10,1150,-2311
0062,19:15,1155,-2311
0062,19:20,1160,-2311
0062,19:25,1165,-2311
0062,19:30,1170,-2311
0062,19:35,1175,-2311
0062,19:40,1180,-2311
0062,19:45,1185,-2311
0062,19:50,1190,-2311
0062,19:55,1195,-2311
0062,20:00,1200,-2311
0062,20:05,1205,-2311
0062,20:10,1210,-2311
0062,20:15,1215,-2311
0062,20:20,1220,-2311
0062,20:25,1225,-2311
0062,20:30,1230,-2311
0062,20:35,1235,-2311
0062,20:40,1240,-2311
0062,20:45,1245,-2311
0062,20:50,1250,-2311
0062,20:55,1255,-2311
0062,21:00,1260,-2311
0062,21:05,1265,-2311
0062,21:10,1270,-2311
0062,21:15,1275,-2311
0062,21:20,1280,-2311
0062,21:25,1285,-2311
0062,21:30,1290,-2311
0062,21:35,1295,-2311
0062,21:40,1300,-2311
0062,21:45,1305,-2311
0062,21:50,1310,-2311
0062,21:55,1315,-2311
0062,22:00,1320,-2311
0062,22:05,1325,-2311
0062,22:10,1330,-2311
0062,22:15,1335,-2311
0062,22:20,1340,-2311
0062,22:25,1345,-2311
0062,22:30,1350,-2311
0062,22:35,1355,-2311
0062,22:40,1360,-2311
0062,22:45,1365,-2311
0062,22:50,1370,-2311
0062,22:55,1375,-2311
0062,23:00,1380,-2311
0062,23:05,1385,-2311
0062,23:10,1390,-2311
0062,23:15,1395,-2311
0062,23:16,1396,-2311
0062,23:20,1400,-2311
0063,09:00,540,0
0063,09:05,545,0
0063,09:10,550,0
0063,09:15,555,0
0063,09:20,560,0
0063,09:25,565,0
0063,09:30,570,0
0063,09:35,575,0
0063,09:40,580,0
0063,09:45,585,0
0063,09:50,590,0
0063,09:55,595,0
0063,10:00,600,0
0063,10:05,605,0
0063,10:10,610,-356
0063,10:15,615,-356
0063,10:20,620,-356
0063,10:25,625,-356
0063,10:30,630,-356
0063,10:35,635,-356
0063,10:40,640,-533
0063,10:45,645,-533
0063,10:50,650,-533
0063,10:55,655,-533
0063,11:00,660,-1244
0063,11:05,665,-1244
0063,11:10,670,-1244
0063,11:15,675,-1244
0063,11:20,680,-1244
0063,11:25,685,-1244
0063,11:30,690,-1422
0063,11:35,695,-1422
0063,11:40,700,-1422
0063,11:45,705,-1600
0063,11:50,710,-1600
0063,11:55,715,-1600
0063,12:00,720,-1600
0063,12:05,725,-2311
0063,12:10,730,-2311
0063,12:15,735,-2311
0063,12:20,740,-2311
0063,12:25,745,-2311
0063,12:30,750,-3022
0063,12:35,755,-3022
0063,12:40,760,-3022
0063,12:45,765,-3022
0063,12:50,770,-3378
0063,12:55,775,-3378
0063,13:00,780,-3378
0063,13:05,785,-4444
0063,13:10,790,-4444
0063,13:15,795,-4444
0063,13:20,800,-4444
0063,13:25,805,-4978
0063,13:30,810,-4978
0063,13:35,815,-4978
0063,13:40,820,-4978
0063,13:45,825,-4978
0063,13:50,830,-2667
0063,13:55,835,-2667
0063,14:00,840,-2667
0063,14:05,845,-2667
0063,14:10,850,-3733
0063,14:15,855,-3733
0063,14:20,860,-3733
0063,14:25,865,-3733
0063,14:30,870,-4622
0063,14:35,875,-4622
0063,14:40,880,-4622
0063,14:45,885,-5867
0063,14:50,890,-5867
0063,14:55,895,-5867
0063,15:00,900,-5867
0063,15:05,905,-5867
0063,15:10,910,-7111
0063,15:15,915,-7111
0063,15:20,920,-7111
0063,15:25,925,-7111
0063,15:30,930,-8178
0063,15:35,935,-8178
0063,15:40,940,-8178
0063,15:45,945,-9067
0063,15:50,950,-9067
0063,15:55,955,-9067
0063,16:00,960,-9067
0063,16:05,965,-9067
0063,16:10,970,-9956
0063,16:15,975,-9956
0063,16:20,980,-9956
0063,16:25,985,-9956
0063,16:30,990,-9956
0063,16:35,995,-9956
0063,16:40,1000,-9956
0063,16:45,1005,-9956
0063,16:50,1010,-11200
0063,16:55,1015,-11200
0063,17:00,1020,-11200
0063,17:05,1025,-11911
0063,17:10,1030,-11911
0063,17:15,1035,-11911
0063,17:20,1040,-11911
0063,17:25,1045,-11911
0063,17:30,1050,-13333
0063,17:35,1055,-13333
0063,17:40,1060,-13333
0063,17:45,1065,-13333
0063,17:50,1070,-13333
0063,17:55,1075,-13333
0063,18:00,1080,-13333
0063,18:05,1085,-13333
0063,18:10,1090,-13333
0063,18:15,1095,-13333
0063,18:20,1100,-13333
0063,18:25,1105,-13333
0063,18:30,1110,-13333
0063,18:35,1115,-13333
0063,18:40,1120,-13333
0063,18:45,1125,-13333
0063,18:50,1130,-14044
0063,18:55,1135,-14044
0063,19:00,1140,-14044
0063,19:05,1145,-14044
0063,19:10,1150,-14044
0063,19:15,1155,-14044
0063,19:20,1160,-14044
0063,19:25,1165,-14044
0063,19:30,1170,-14044
0063,19:35,1175,-14044
0063,19:40,1180,-14044
0063,19:45,1185,-14044
0063,19:50,1190,-14044
0063,19:55,1195,-14044
0063,20:00,1200,-14044
0063,20:05,1205,-14044
0063,20:10,1210,-14044
0063,20:15,1215,-14044
0063,20:20,1220,-14044
0063,20:25,1225,-14044
0063,20:30,1230,-14756
0063,20:35,1235,-14756
0063,20:40,1240,-14756
0063,20:45,1245,-15644
0063,20:50,1250,-15644
0063,20:55,1255,-15644
0063,21:00,1260,-15644
0063,21:05,1265,-15644
0063,21:10,1270,-16178
0063,21:15,1275,-16178
0063,21:20,1280,-16178
0063,21:25,1285,-16178
0063,21:30,1290,-16178
0063,21:35,1295,-16178
0063,21:40,1300,-16178
0063,21:45,1305,-16178
0063,21:50,1310,-16178
0063,21:55,1315,-16178
0063,22:00,1320,-16178
0063,22:05,1325,-16178
0063,22:10,1330,-16178
0063,22:15,1335,-16178
0063,22:20,1340,-16178
0063,22:25,1345,-16178
0063,22:30,1350,-16178
0063,22:35,1355,-16178
0063,22:40,1360,-16178
0063,22:45,1365,-16178
0063,22:50,1370,-16178
0063,22:55,1375,-16178
0063,23:00,1380,-16178
0063,23:05,1385,-16178
0063,23:10,1390,-16178
0063,23:15,1395,-16178
0063,23:16,1396,-16178
0063,23:20,1400,-16178
0064,09:00,540,0
0064,09:05,545,0
0064,09:10,550,0
0064,09:15,555,0
0064,09:20,560,0
0064,09:25,565,0
0064,09:30,570,0
0064,09:35,575,0
0064,09:40,580,0
0064,09:45,585,0
0064,09:50,590,0
0064,09:55,595,0
0064,10:00,600,0
0064,10:05,605,0
0064,10:10,610,0
0064,10:15,615,0
0064,10:20,620,0
0064,10:25,625,-711
0064,10:30,630,-711
0064,10:35,635,-711
0064,10:40,640,-711
0064,10:45,645,-711
0064,10:50,650,-711
0064,10:55,655,-711
0064,11:00,660,-711
0064,11:05,665,-711
0064,11:10,670,-711
0064,11:15,675,-711
0064,11:20,680,-711
0064,11:25,685,-711
0064,11:30,690,-711
0064,11:35,695,-711
0064,11:40,700,-711
0064,11:45,705,-711
0064,11:50,710,-711
0064,11:55,715,-711
0064,12:00,720,-711
0064,12:05,725,-711
0064,12:10,730,-711
0064,12:15,735,-711
0064,12:20,740,-711
0064,12:25,745,-711
0064,12:30,750,-1244
0064,12:35,755,-1244
0064,12:40,760,-1244
0064,12:45,765,-1244
0064,12:50,770,-1778
0064,12:55,775,-1778
0064,13:00,780,-1778
0064,13:05,785,-3022
0064,13:10,790,-3022
0064,13:15,795,-3022
0064,13:20,800,-3022
0064,13:25,805,-4267
0064,13:30,810,-4267
0064,13:35,815,-4267
0064,13:40,820,-4267
0064,13:45,825,-4267
0064,13:50,830,-5689
0064,13:55,835,-5689
0064,14:00,840,-5689
0064,14:05,845,-5689
0064,14:10,850,-7111
0064,14:15,855,-7111
0064,14:20,860,-7111
0064,14:25,865,-7111
0064,14:30,870,-6756
0064,14:35,875,-6756
0064,14:40,880,-6756
0064,14:45,885,-8000
0064,14:50,890,-8000
0064,14:55,895,-8000
0064,15:00,900,-8000
0064,15:05,905,-8000
0064,15:10,910,-9244
0064,15:15,915,-9244
0064,15:20,920,-9244
0064,15:25,925,-9244
0064,15:30,930,-7111
0064,15:35,935,-7111
0064,15:40,940,-7111
0064,15:45,945,-8533
0064,15:50,950,-8533
0064,15:55,955,-8533
0064,16:00,960,-8533
0064,16:05,965,-8533
0064,16:10,970,-9600
0064,16:15,975,-9600
0064,16:20,980,-9600
0064,16:25,985,-9600
0064,16:30,990,-11378
0064,16:35,995,-11378
0064,16:40,1000,-11378
0064,16:45,1005,-11378
0064,16:50,1010,-11200
0064,16:55,1015,-11200
0064,17:00,1020,-11200
0064,17:05,1025,-8356
0064,17:10,1030,-8356
0064,17:15,1035,-8356
0064,17:20,1040,-8356
0064,17:25,1045,-8356
0064,17:30,1050,-9600
0064,17:35,1055,-9600
0064,17:40,1060,-9600
0064,17:45,1065,-9600
0064,17:50,1070,-11200
0064,17:55,1075,-11200
0064,18:00,1080,-11200
0064,18:05,1085,-11200
0064,18:10,1090,-11733
0064,18:15,1095,-11733
0064,18:20,1100,-11733
0064,18:25,1105,-12978
0064,18:30,1110,-12978
0064,18:35,1115,-12978
0064,18:40,1120,-12978
0064,18:45,1125,-12978
0064,18:50,1130,-13689
0064,18:55,1135,-13689
0064,19:00,1140,-13689
0064,19:05,1145,-13689
0064,19:10,1150,-13689
0064,19:15,1155,-13689
0064,19:20,1160,-13689
0064,19:25,1165,-13689
0064,19:30,1170,-13689
0064,19:35,1175,-13689
0064,19:40,1180,-13689
0064,19:45,1185,-13333
0064,19:50,1190,-13333
0064,19:55,1195,-13333
0064,20:00,1200,-13333
0064,20:05,1205,-13333
0064,20:10,1210,-12089
0064,20:15,1215,-12089
0064,20:20,1220,-12089
0064,20:25,1225,-12089
0064,20:30,1230,-12089
0064,20:35,1235,-12089
0064,20:40,1240,-12089
0064,20:45,1245,-12089
0064,20:50,1250,-12089
0064,20:55,1255,-12089
0064,21:00,1260,-12089
0064,21:05,1265,-12089
0064,21:10,1270,-12089
0064,21:15,1275,-12089
0064,21:20,1280,-12089
0064,21:25,1285,-12089
0064,21:30,1290,-12089
0064,21:35,1295,-12089
0064,21:40,1300,-12089
0064,21:45,1305,-12089
0064,21:50,1310,-12089
0064,21:55,1315,-12089
0064,22:00,1320,-12089
0064,22:05,1325,-12089
0064,22:10,1330,-12089
0064,22:15,1335,-12089
0064,22:20,1340,-12089
0064,22:25,1345,-12089
0064,22:30,1350,-12089
0064,22:35,1355,-12089
0064,22:40,1360,-12089
0064,22:45,1365,-12089
0064,22:50,1370,-12089
0064,22:55,1375,-12089
0064,23:00,1380,-12089
0064,23:05,1385,-12089
0064,23:10,1390,-12089
0064,23:15,1395,-12089
0064,23:16,1396,-12089
0064,23:20,1400,-12089
0065,09:00,540,0
0065,09:05,545,0
0065,09:10,550,0
0065,09:15,555,0
0065,09:20,560,0
0065,09:25,565,0
0065,09:30,570,0
0065,09:35,575,0
0065,09:40,580,0
0065,09:45,585,0
0065,09:50,590,0
0065,09:55,595,0
0065,10:00,600,0
0065,10:05,605,0
0065,10:10,610,0
0065,10:15,615,0
0065,10:20,620,0
0065,10:25,625,0
0065,10:30,630,0
0065,10:35,635,0
0065,10:40,640,0
0065,10:45,645,0
0065,10:50,650,0
0065,10:55,655,0
0065,11:00,660,-267
0065,11:05,665,-267
0065,11:10,670,-800
0065,11:15,675,-800
0065,11:20,680,-800
0065,11:25,685,-800
0065,11:30,690,-1511
0065,11:35,695,-1511
0065,11:40,700,-1511
0065,11:45,705,-1511
0065,11:50,710,-1511
0065,11:55,715,-1511
0065,12:00,720,-1511
0065,12:05,725,-1511
0065,12:10,730,-1511
0065,12:15,735,-1511
0065,12:20,740,-1511
0065,12:25,745,-1511
0065,12:30,750,-1689
0065,12:35,755,-1689
0065,12:40,760,-1689
0065,12:45,765,-1689
0065,12:50,770,-1333
0065,12:55,775,-1333
0065,13:00,780,-1333
0065,13:05,785,2069
0065,13:10,790,2069
0065,13:15,795,2069
0065,13:20,800,2069
0065,13:25,805,2672
0065,13:30,810,2672
0065,13:35,815,2672
0065,13:40,820,2672
0065,13:45,825,2672
0065,13:50,830,1983
0065,13:55,835,1983
0065,14:00,840,1983
0065,14:05,845,1983
0065,14:10,850,1121
0065,14:15,855,1121
0065,14:20,860,1121
0065,14:25,865,1121
0065,14:30,870,172
0065,14:35,875,172
0065,14:40,880,172
0065,14:45,885,-533
0065,14:50,890,-533
0065,14:55,895,-533
0065,15:00,900,-533
0065,15:05,905,-533
0065,15:10,910,-1156
0065,15:15,915,-1156
0065,15:20,920,-1156
0065,15:25,925,-1156
0065,15:30,930,-2400
0065,15:35,935,-2400
0065,15:40,940,-2400
0065,15:45,945,-3289
0065,15:50,950,-3289
0065,15:55,955,-3289
0065,16:00,960,-3289
0065,16:05,965,-3289
0065,16:10,970,-3822
0065,16:15,975,-3822
0065,16:20,980,-3822
0065,16:25,985,-3822
0065,16:30,990,-5067
0065,16:35,995,-5067
0065,16:40,1000,-5067
0065,16:45,1005,-5067
0065,16:50,1010,-5867
0065,16:55,1015,-5867
0065,17:00,1020,-5867
0065,17:05,1025,-6667
0065,17:10,1030,-6667
0065,17:15,1035,-6667
0065,17:20,1040,-6667
0065,17:25,1045,-6667
0065,17:30,1050,-7644
0065,17:35,1055,-7644
0065,17:40,1060,-7644
0065,17:45,1065,-7644
0065,17:50,1070,-8089
0065,17:55,1075,-8089
0065,18:00,1080,-8089
0065,18:05,1085,-8089
0065,18:10,1090,-8089
0065,18:15,1095,-8089
0065,18:20,1100,-8089
0065,18:25,1105,-8533
0065,18:30,1110,-8533
0065,18:35,1115,-8533
0065,18:40,1120,-8533
0065,18:45,1125,-8533
0065,18:50,1130,-6489
0065,18:55,1135,-6489
0065,19:00,1140,-6489
0065,19:05,1145,-6489
0065,19:10,1150,-1422
0065,19:15,1155,-1422
0065,19:20,1160,-1422
0065,19:25,1165,5948
0065,19:30,1170,5948
0065,19:35,1175,5948
0065,19:40,1180,5948
0065,19:45,1185,5948
0065,19:50,1190,5948
0065,19:55,1195,5948
0065,20:00,1200,5948
0065,20:05,1205,5948
0065,20:10,1210,5948
0065,20:15,1215,5948
0065,20:20,1220,5948
0065,20:25,1225,5948
0065,20:30,1230,5948
0065,20:35,1235,5948
0065,20:40,1240,5948
0065,20:45,1245,5948
0065,20:50,1250,5948
0065,20:55,1255,5948
0065,21:00,1260,5948
0065,21:05,1265,5948
0065,21:10,1270,5948
0065,21:15,1275,5948
0065,21:20,1280,5948
0065,21:25,1285,5948
0065,21:30,1290,5948
0065,21:35,1295,5948
0065,21:40,1300,5948
0065,21:45,1305,5948
0065,21:50,1310,5948
0065,21:55,1315,5948
0065,22:00,1320,5948
0065,22:05,1325,5948
0065,22:10,1330,5948
0065,22:15,1335,5948
0065,22:20,1340,5948
0065,22:25,1345,5948
0065,22:30,1350,5948
0065,22:35,1355,5948
0065,22:40,1360,5948
0065,22:45,1365,5948
0065,22:50,1370,5948
0065,22:55,1375,5948
0065,23:00,1380,5948
0065,23:05,1385,5948
0065,23:10,1390,5948
0065,23:15,1395,5948
0065,23:16,1396,5948
0065,23:20,1400,5948
0066,09:00,540,0
0066,09:05,545,0
0066,09:10,550,0
0066,09:15,555,0
0066,09:20,560,0
0066,09:25,565,0
0066,09:30,570,0
0066,09:35,575,0
0066,09:40,580,0
0066,09:45,585,0
0066,09:50,590,0
0066,09:55,595,0
0066,10:00,600,0
0066,10:05,605,0
0066,10:10,610,0
0066,10:15,615,0
0066,10:20,620,0
0066,10:25,625,-889
0066,10:30,630,-889
0066,10:35,635,-889
0066,10:40,640,-1778
0066,10:45,645,-1778
0066,10:50,650,-1778
0066,10:55,655,-1778
0066,11:00,660,-2844
0066,11:05,665,-2844
0066,11:10,670,-3200
0066,11:15,675,-3200
0066,11:20,680,-3200
0066,11:25,685,-3200
0066,11:30,690,-4800
0066,11:35,695,-4800
0066,11:40,700,-4800
0066,11:45,705,-6400
0066,11:50,710,-6400
0066,11:55,715,-6400
0066,12:00,720,-6400
0066,12:05,725,-5689
0066,12:10,730,-5689
0066,12:15,735,-5689
0066,12:20,740,-5689
0066,12:25,745,-5689
0066,12:30,750,-7111
0066,12:35,755,-7111
0066,12:40,760,-7111
0066,12:45,765,-7111
0066,12:50,770,-8533
0066,12:55,775,-8533
0066,13:00,780,-8533
0066,13:05,785,-4444
0066,13:10,790,-4444
0066,13:15,795,-4444
0066,13:20,800,-4444
0066,13:25,805,-2489
0066,13:30,810,-2489
0066,13:35,815,-2489
0066,13:40,820,-2489
0066,13:45,825,-2489
0066,13:50,830,-3733
0066,13:55,835,-3733
0066,14:00,840,-3733
0066,14:05,845,-3733
0066,14:10,850,-4800
0066,14:15,855,-4800
0066,14:20,860,-4800
0066,14:25,865,-4800
0066,14:30,870,-6400
0066,14:35,875,-6400
0066,14:40,880,-6400
0066,14:45,885,-8000
0066,14:50,890,-8000
0066,14:55,895,-8000
0066,15:00,900,-8000
0066,15:05,905,-8000
0066,15:10,910,-8711
0066,15:15,915,-8711
0066,15:20,920,-8711
0066,15:25,925,-8711
0066,15:30,930,-10311
0066,15:35,935,-10311
0066,15:40,940,-10311
0066,15:45,945,-11733
0066,15:50,950,-11733
0066,15:55,955,-11733
0066,16:00,960,-11733
0066,16:05,965,-11733
0066,16:10,970,-7644
0066,16:15,975,-7644
0066,16:20,980,-7644
0066,16:25,985,-7644
0066,16:30,990,-9067
0066,16:35,995,-9067
0066,16:40,1000,-9067
0066,16:45,1005,-9067
0066,16:50,1010,-9600
0066,16:55,1015,-9600
0066,17:00,1020,-9600
0066,17:05,1025,-10311
0066,17:10,1030,-10311
0066,17:15,1035,-10311
0066,17:20,1040,-10311
0066,17:25,1045,-10311
0066,17:30,1050,-10667
0066,17:35,1055,-10667
0066,17:40,1060,-10667
0066,17:45,1065,-10667
0066,17:50,1070,-10844
0066,17:55,1075,-10844
0066,18:00,1080,-10844
0066,18:05,1085,-10844
0066,18:10,1090,-10844
0066,18:15,1095,-10844
0066,18:20,1100,-10844
0066,18:25,1105,-10844
0066,18:30,1110,-10844
0066,18:35,1115,-10844
0066,18:40,1120,-10844
0066,18:45,1125,-10844
0066,18:50,1130,-10844
0066,18:55,1135,-10844
0066,19:00,1140,-10844
0066,19:05,1145,-10844
0066,19:10,1150,-10844
0066,19:15,1155,-10844
0066,19:20,1160,-10844
0066,19:25,1165,-10844
0066,19:30,1170,-10844
0066,19:35,1175,-10844
0066,19:40,1180,-10844
0066,19:45,1185,-10844
0066,19:50,1190,-10844
0066,19:55,1195,-10844
0066,20:00,1200,-10844
0066,20:05,1205,-10844
0066,20:10,1210,-10844
0066,20:15,1215,-10844
0066,20:20,1220,-10844
0066,20:25,1225,-10844
0066,20:30,1230,-11556
0066,20:35,1235,-11556
0066,20:40,1240,-11556
0066,20:45,1245,-12978
0066,20:50,1250,-12978
0066,20:55,1255,-12978
0066,21:00,1260,-12978
0066,21:05,1265,-12978
0066,21:10,1270,-11200
0066,21:15,1275,-11200
0066,21:20,1280,-11200
0066,21:25,1285,-11200
0066,21:30,1290,-9600
0066,21:35,1295,-9600
0066,21:40,1300,-9600
0066,21:45,1305,-9600
0066,21:50,1310,-9600
0066,21:55,1315,-9600
0066,22:00,1320,-9600
0066,22:05,1325,-9600
0066,22:10,1330,-9600
0066,22:15,1335,-9600
0066,22:20,1340,-9600
0066,22:25,1345,-9600
0066,22:30,1350,-9600
0066,22:35,1355,-9600
0066,22:40,1360,-9600
0066,22:45,1365,-9600
0066,22:50,1370,-9600
0066,22:55,1375,-9600
0066,23:00,1380,-9600
0066,23:05,1385,-9600
0066,23:10,1390,-9600
0066,23:15,1395,-9600
0066,23:16,1396,-9600
0066,23:20,1400,-9600
0067,09:00,540,0
0067,09:05,545,0
0067,09:10,550,0
0067,09:15,555,0
0067,09:20,560,0
0067,09:25,565,0
0067,09:30,570,0
0067,09:35,575,0
0067,09:40,580,0
0067,09:45,585,0
0067,09:50,590,0
0067,09:55,595,0
0067,10:00,600,0
0067,10:05,605,0
0067,10:10,610,0
0067,10:15,615,0
0067,10:20,620,0
0067,10:25,625,0
0067,10:30,630,0
0067,10:35,635,0
0067,10:40,640,0
0067,10:45,645,0
0067,10:50,650,0
0067,10:55,655,0
0067,11:00,660,-533
0067,11:05,665,-533
0067,11:10,670,-533
0067,11:15,675,-533
0067,11:20,680,-533
0067,11:25,685,-533
0067,11:30,690,-1422
0067,11:35,695,-1422
0067,11:40,700,-1422
0067,11:45,705,-1600
0067,11:50,710,-1600
0067,11:55,715,-1600
0067,12:00,720,-1600
0067,12:05,725,-1600
0067,12:10,730,-1600
0067,12:15,735,-1600
0067,12:20,740,-1600
0067,12:25,745,-1600
0067,12:30,750,-1956
0067,12:35,755,-1956
0067,12:40,760,-1956
0067,12:45,765,-1956
0067,12:50,770,-2667
0067,12:55,775,-2667
0067,13:00,780,-2667
0067,13:05,785,-3556
0067,13:10,790,-3556
0067,13:15,795,-3556
0067,13:20,800,-3556
0067,13:25,805,-5156
0067,13:30,810,-5156
0067,13:35,815,-5156
0067,13:40,820,-5156
0067,13:45,825,-5156
0067,13:50,830,-3200
0067,13:55,835,-3200
0067,14:00,840,-3200
0067,14:05,845,-3200
0067,14:10,850,-1956
0067,14:15,855,-1956
0067,14:20,860,-1956
0067,14:25,865,-1956
0067,14:30,870,-3733
0067,14:35,875,-3733
0067,14:40,880,-3733
0067,14:45,885,-3200
0067,14:50,890,-3200
0067,14:55,895,-3200
0067,15:00,900,-3200
0067,15:05,905,-3200
0067,15:10,910,-2133
0067,15:15,915,-2133
0067,15:20,920,-2133
0067,15:25,925,-2133
0067,15:30,930,-3911
0067,15:35,935,-3911
0067,15:40,940,-3911
0067,15:45,945,-5511
0067,15:50,950,-5511
0067,15:55,955,-5511
0067,16:00,960,-5511
0067,16:05,965,-5511
0067,16:10,970,-6933
0067,16:15,975,-6933
0067,16:20,980,-6933
0067,16:25,985,-6933
0067,16:30,990,-8356
0067,16:35,995,-8356
0067,16:40,1000,-8356
0067,16:45,1005,-8356
0067,16:50,1010,-9600
0067,16:55,1015,-9600
0067,17:00,1020,-9600
0067,17:05,1025,-10844
0067,17:10,1030,-10844
0067,17:15,1035,-10844
0067,17:20,1040,-10844
0067,17:25,1045,-10844
0067,17:30,1050,-11733
0067,17:35,1055,-11733
0067,17:40,1060,-11733
0067,17:45,1065,-11733
0067,17:50,1070,-12089
0067,17:55,1075,-12089
0067,18:00,1080,-12089
0067,18:05,1085,-12089
0067,18:10,1090,-6578
0067,18:15,1095,-6578
0067,18:20,1100,-6578
0067,18:25,1105,-7289
0067,18:30,1110,-7289
0067,18:35,1115,-7289
0067,18:40,1120,-7289
0067,18:45,1125,-7289
0067,18:50,1130,-7822
0067,18:55,1135,-7822
0067,19:00,1140,-7822
0067,19:05,1145,-7822
0067,19:10,1150,-8000
0067,19:15,1155,-8000
0067,19:20,1160,-8000
0067,19:25,1165,-8000
0067,19:30,1170,-8000
0067,19:35,1175,-8000
0067,19:40,1180,-8000
0067,19:45,1185,-8000
0067,19:50,1190,-8000
0067,19:55,1195,-8000
0067,20:00,1200,-8000
0067,20:05,1205,-8000
0067,20:10,1210,-8000
0067,20:15,1215,-8000
0067,20:20,1220,-8000
0067,20:25,1225,-8000
0067,20:30,1230,-8000
0067,20:35,1235,-8000
0067,20:40,1240,-8000
0067,20:45,1245,-5511
0067,20:50,1250,-5511
0067,20:55,1255,-5511
0067,21:00,1260,-5511
0067,21:05,1265,-5511
0067,21:10,1270,-6400
0067,21:15,1275,-6400
0067,21:20,1280,-6400
0067,21:25,1285,-6400
0067,21:30,1290,-6400
0067,21:35,1295,-6400
0067,21:40,1300,-6400
0067,21:45,1305,-6400
0067,21:50,1310,-6400
0067,21:55,1315,-6400
0067,22:00,1320,-6400
0067,22:05,1325,-6400
0067,22:10,1330,-6400
0067,22:15,1335,-6400
0067,22:20,1340,-6400
0067,22:25,1345,-6400
0067,22:30,1350,-6400
0067,22:35,1355,-6400
0067,22:40,1360,-6400
0067,22:45,1365,-6400
0067,22:50,1370,-6400
0067,22:55,1375,-6400
0067,23:00,1380,-6400
0067,23:05,1385,-6400
0067,23:10,1390,-6400
0067,23:15,1395,-6400
0067,23:16,1396,-6400
0067,23:20,1400,-6400
0068,09:00,540,0
0068,09:05,545,0
0068,09:10,550,0
0068,09:15,555,0
0068,09:20,560,0
0068,09:25,565,0
0068,09:30,570,0
0068,09:35,575,0
0068,09:40,580,0
0068,09:45,585,0
0068,09:50,590,0
0068,09:55,595,0
0068,10:00,600,0
0068,10:05,605,0
0068,10:10,610,0
0068,10:15,615,0
0068,10:20,620,0
0068,10:25,625,0
0068,10:30,630,0
0068,10:35,635,0
0068,10:40,640,0
0068,10:45,645,0
0068,10:50,650,0
0068,10:55,655,0
0068,11:00,660,0
0068,11:05,665,0
0068,11:10,670,0
0068,11:15,675,0
0068,11:20,680,0
0068,11:25,685,0
0068,11:30,690,-178
0068,11:35,695,-178
0068,11:40,700,-178
0068,11:45,705,-178
0068,11:50,710,-178
0068,11:55,715,-178
0068,12:00,720,-178
0068,12:05,725,-978
0068,12:10,730,-978
0068,12:15,735,-978
0068,12:20,740,-978
0068,12:25,745,-978
0068,12:30,750,1897
0068,12:35,755,1897
0068,12:40,760,1897
0068,12:45,765,1897
0068,12:50,770,2328
0068,12:55,775,2328
0068,13:00,780,2328
0068,13:05,785,1638
0068,13:10,790,1638
0068,13:15,795,1638
0068,13:20,800,1638
0068,13:25,805,517
0068,13:30,810,517
0068,13:35,815,517
0068,13:40,820,517
0068,13:45,825,517
0068,13:50,830,517
0068,13:55,835,517
0068,14:00,840,517
0068,14:05,845,517
0068,14:10,850,517
0068,14:15,855,517
0068,14:20,860,517
0068,14:25,865,517
0068,14:30,870,-356
0068,14:35,875,-356
0068,14:40,880,-356
0068,14:45,885,-1600
0068,14:50,890,-1600
0068,14:55,895,-1600
0068,15:00,900,-1600
0068,15:05,905,-1600
0068,15:10,910,-2578
0068,15:15,915,-2578
0068,15:20,920,-2578
0068,15:25,925,-2578
0068,15:30,930,1034
0068,15:35,935,1034
0068,15:40,940,1034
0068,15:45,945,86
0068,15:50,950,86
0068,15:55,955,86
0068,16:00,960,86
0068,16:05,965,86
0068,16:10,970,-978
0068,16:15,975,-978
0068,16:20,980,-978
0068,16:25,985,-978
0068,16:30,990,-1511
0068,16:35,995,-1511
0068,16:40,1000,-1511
0068,16:45,1005,-1511
0068,16:50,1010,-2756
0068,16:55,1015,-2756
0068,17:00,1020,-2756
0068,17:05,1025,-2844
0068,17:10,1030,-2844
0068,17:15,1035,-2844
0068,17:20,1040,-2844
0068,17:25,1045,-2844
0068,17:30,1050,-3200
0068,17:35,1055,-3200
0068,17:40,1060,-3200
0068,17:45,1065,-3200
0068,17:50,1070,-3644
0068,17:55,1075,-3644
0068,18:00,1080,-3644
0068,18:05,1085,-3644
0068,18:10,1090,-3822
0068,18:15,1095,-3822
0068,18:20,1100,-3822
0068,18:25,1105,-3822
0068,18:30,1110,-3822
0068,18:35,1115,-3822
0068,18:40,1120,-3822
0068,18:45,1125,-3822
0068,18:50,1130,-3822
0068,18:55,1135,-3822
0068,19:00,1140,-3822
0068,19:05,1145,-3822
0068,19:10,1150,-3822
0068,19:15,1155,-3822
0068,19:20,1160,-3822
0068,19:25,1165,-4267
0068,19:30,1170,-4267
0068,19:35,1175,-4267
0068,19:40,1180,-4267
0068,19:45,1185,-4711
0068,19:50,1190,-4711
0068,19:55,1195,-4711
0068,20:00,1200,-4711
0068,20:05,1205,-4711
0068,20:10,1210,-4800
0068,20:15,1215,-4800
0068,20:20,1220,-4800
0068,20:25,1225,-4800
0068,20:30,1230,-6044
0068,20:35,1235,-6044
0068,20:40,1240,-6044
0068,20:45,1245,-6133
0068,20:50,1250,-6133
0068,20:55,1255,-6133
0068,21:00,1260,-6133
0068,21:05,1265,-6133
0068,21:10,1270,-6133
0068,21:15,1275,-6133
0068,21:20,1280,-6133
0068,21:25,1285,-6133
0068,21:30,1290,-6133
0068,21:35,1295,-6133
0068,21:40,1300,-6133
0068,21:45,1305,-6133
0068,21:50,1310,-6133
0068,21:55,1315,-6133
0068,22:00,1320,-6133
0068,22:05,1325,-6133
0068,22:10,1330,-6133
0068,22:15,1335,-6133
0068,22:20,1340,-6133
0068,22:25,1345,-6133
0068,22:30,1350,-6133
0068,22:35,1355,-6133
0068,22:40,1360,-6133
0068,22:45,1365,-6133
0068,22:50,1370,-6133
0068,22:55,1375,-6133
0068,23:00,1380,-6133
0068,23:05,1385,-6133
0068,23:10,1390,-6133
0068,23:15,1395,-6133
0068,23:16,1396,-6133
0068,23:20,1400,-6133
0069,09:00,540,0
0069,09:05,545,0
0069,09:10,550,0
0069,09:15,555,0
0069,09:20,560,0
0069,09:25,565,0
0069,09:30,570,0
0069,09:35,575,0
0069,09:40,580,0
0069,09:45,585,0
0069,09:50,590,0
0069,09:55,595,0
0069,10:00,600,0
0069,10:05,605,0
0069,10:10,610,0
0069,10:15,615,0
0069,10:20,620,0
0069,10:25,625,0
0069,10:30,630,0
0069,10:35,635,0
0069,10:40,640,0
0069,10:45,645,0
0069,10:50,650,0
0069,10:55,655,0
0069,11:00,660,0
0069,11:05,665,0
0069,11:10,670,0
0069,11:15,675,0
0069,11:20,680,0
0069,11:25,685,0
0069,11:30,690,0
0069,11:35,695,0
0069,11:40,700,0
0069,11:45,705,0
0069,11:50,710,0
0069,11:55,715,0
0069,12:00,720,0
0069,12:05,725,0
0069,12:10,730,0
0069,12:15,735,0
0069,12:20,740,0
0069,12:25,745,0
0069,12:30,750,0
0069,12:35,755,0
0069,12:40,760,0
0069,12:45,765,0
0069,12:50,770,0
0069,12:55,775,0
0069,13:00,780,0
0069,13:05,785,-889
0069,13:10,790,-889
0069,13:15,795,-889
0069,13:20,800,-889
0069,13:25,805,-1956
0069,13:30,810,-1956
0069,13:35,815,-1956
0069,13:40,820,-1956
0069,13:45,825,-1956
0069,13:50,830,-3378
0069,13:55,835,-3378
0069,14:00,840,-3378
0069,14:05,845,-3378
0069,14:10,850,517
0069,14:15,855,517
0069,14:20,860,517
0069,14:25,865,517
0069,14:30,870,-1244
0069,14:35,875,-1244
0069,14:40,880,-1244
0069,14:45,885,-2844
0069,14:50,890,-2844
0069,14:55,895,-2844
0069,15:00,900,-2844
0069,15:05,905,-2844
0069,15:10,910,-4267
0069,15:15,915,-4267
0069,15:20,920,-4267
0069,15:25,925,-4267
0069,15:30,930,-6222
0069,15:35,935,-6222
0069,15:40,940,-6222
0069,15:45,945,-7822
0069,15:50,950,-7822
0069,15:55,955,-7822
0069,16:00,960,-7822
0069,16:05,965,-7822
0069,16:10,970,-8711
0069,16:15,975,-8711
0069,16:20,980,-8711
0069,16:25,985,-8711
0069,16:30,990,-10311
0069,16:35,995,-10311
0069,16:40,1000,-10311
0069,16:45,1005,-10311
0069,16:50,1010,-11733
0069,16:55,1015,-11733
0069,17:00,1020,-11733
0069,17:05,1025,-12978
0069,17:10,1030,-12978
0069,17:15,1035,-12978
0069,17:20,1040,-12978
0069,17:25,1045,-12978
0069,17:30,1050,-14400
0069,17:35,1055,-14400
0069,17:40,1060,-14400
0069,17:45,1065,-14400
0069,17:50,1070,-10489
0069,17:55,1075,-10489
0069,18:00,1080,-10489
0069,18:05,1085,-10489
0069,18:10,1090,-6578
0069,18:15,1095,-6578
0069,18:20,1100,-6578
0069,18:25,1105,-8356
0069,18:30,1110,-8356
0069,18:35,1115,-8356
0069,18:40,1120,-8356
0069,18:45,1125,-8356
0069,18:50,1130,-9956
0069,18:55,1135,-9956
0069,19:00,1140,-9956
0069,19:05,1145,-9956
0069,19:10,1150,-11022
0069,19:15,1155,-11022
0069,19:20,1160,-11022
0069,19:25,1165,-12800
0069,19:30,1170,-12800
0069,19:35,1175,-12800
0069,19:40,1180,-12800
0069,19:45,1185,-14222
0069,19:50,1190,-14222
0069,19:55,1195,-14222
0069,20:00,1200,-14222
0069,20:05,1205,-14222
0069,20:10,1210,-14400
0069,20:15,1215,-14400
0069,20:20,1220,-14400
0069,20:25,1225,-14400
0069,20:30,1230,-14400
0069,20:35,1235,-14400
0069,20:40,1240,-14400
0069,20:45,1245,-14400
0069,20:50,1250,-14400
0069,20:55,1255,-14400
0069,21:00,1260,-14400
0069,21:05,1265,-14400
0069,21:10,1270,-14578
0069,21:15,1275,-14578
0069,21:20,1280,-14578
0069,21:25,1285,-14578
0069,21:30,1290,-14578
0069,21:35,1295,-14578
0069,21:40,1300,-14578
0069,21:45,1305,-14578
0069,21:50,1310,-14578
0069,21:55,1315,-14578
0069,22:00,1320,-14578
0069,22:05,1325,-14578
0069,22:10,1330,-14578
0069,22:15,1335,-14578
0069,22:20,1340,-14578
0069,22:25,1345,-14578
0069,22:30,1350,-14578
0069,22:35,1355,-14578
0069,22:40,1360,-14578
0069,22:45,1365,-14578
0069,22:50,1370,-14578
0069,22:55,1375,-14578
0069,23:00,1380,-14578
0069,23:05,1385,-14578
0069,23:10,1390,-14578
0069,23:15,1395,-14578
0069,23:16,1396,-14578
0069,23:20,1400,-14578
0070,09:00,540,0
0070,09:05,545,0
0070,09:10,550,0
0070,09:15,555,0
0070,09:20,560,0
0070,09:25,565,0
0070,09:30,570,0
0070,09:35,575,0
0070,09:40,580,0
0070,09:45,585,0
0070,09:50,590,0
0070,09:55,595,0
0070,10:00,600,0
0070,10:05,605,0
0070,10:10,610,0
0070,10:15,615,0
0070,10:20,620,0
0070,10:25,625,-511
0070,10:30,630,-511
0070,10:35,635,-511
0070,10:40,640,-511
0070,10:45,645,-511
0070,10:50,650,-511
0070,10:55,655,-511
0070,11:00,660,744
0070,11:05,665,744
0070,11:10,670,1983
0070,11:15,675,1983
0070,11:20,680,1983
0070,11:25,685,1983
0070,11:30,690,3967
0070,11:35,695,3967
0070,11:40,700,3967
0070,11:45,705,4959
0070,11:50,710,4959
0070,11:55,715,4959
0070,12:00,720,4959
0070,12:05,725,3719
0070,12:10,730,3719
0070,12:15,735,3719
0070,12:20,740,3719
0070,12:25,745,3719
0070,12:30,750,2727
0070,12:35,755,2727
0070,12:40,760,2727
0070,12:45,765,2727
0070,12:50,770,3223
0070,12:55,775,3223
0070,13:00,780,3223
0070,13:05,785,4215
0070,13:10,790,4215
0070,13:15,795,4215
0070,13:20,800,4215
0070,13:25,805,2727
0070,13:30,810,2727
0070,13:35,815,2727
0070,13:40,820,2727
0070,13:45,825,2727
0070,13:50,830,3967
0070,13:55,835,3967
0070,14:00,840,3967
0070,14:05,845,3967
0070,14:10,850,11405
0070,14:15,855,11405
0070,14:20,860,11405
0070,14:25,865,11405
0070,14:30,870,15124
0070,14:35,875,15124
0070,14:40,880,15124
0070,14:45,885,17851
0070,14:50,890,17851
0070,14:55,895,17851
0070,15:00,900,17851
0070,15:05,905,17851
0070,15:10,910,23058
0070,15:15,915,23058
0070,15:20,920,23058
0070,15:25,925,23058
0070,15:30,930,23058
0070,15:35,935,23058
0070,15:40,940,23058
0070,15:45,945,23058
0070,15:50,950,23058
0070,15:55,955,23058
0070,16:00,960,23058
0070,16:05,965,23058
0070,16:10,970,22562
0070,16:15,975,22562
0070,16:20,980,22562
0070,16:25,985,22562
0070,16:30,990,21074
0070,16:35,995,21074
0070,16:40,1000,21074
0070,16:45,1005,21074
0070,16:50,1010,20083
0070,16:55,1015,20083
0070,17:00,1020,20083
0070,17:05,1025,19091
0070,17:10,1030,19091
0070,17:15,1035,19091
0070,17:20,1040,19091
0070,17:25,1045,19091
0070,17:30,1050,25537
0070,17:35,1055,25537
0070,17:40,1060,25537
0070,17:45,1065,25537
0070,17:50,1070,28017
0070,17:55,1075,28017
0070,18:00,1080,28017
0070,18:05,1085,28017
0070,18:10,1090,26777
0070,18:15,1095,26777
0070,18:20,1100,26777
0070,18:25,1105,26777
0070,18:30,1110,26777
0070,18:35,1115,26777
0070,18:40,1120,26777
0070,18:45,1125,26777
0070,18:50,1130,26777
0070,18:55,1135,26777
0070,19:00,1140,26777
0070,19:05,1145,26777
0070,19:10,1150,26777
0070,19:15,1155,26777
0070,19:20,1160,26777
0070,19:25,1165,26281
0070,19:30,1170,26281
0070,19:35,1175,26281
0070,19:40,1180,26281
0070,19:45,1185,25537
0070,19:50,1190,25537
0070,19:55,1195,25537
0070,20:00,1200,25537
0070,20:05,1205,25537
0070,20:10,1210,25289
0070,20:15,1215,25289
0070,20:20,1220,25289
0070,20:25,1225,25289
0070,20:30,1230,25289
0070,20:35,1235,25289
0070,20:40,1240,25289
0070,20:45,1245,25289
0070,20:50,1250,25289
0070,20:55,1255,25289
0070,21:00,1260,25289
0070,21:05,1265,25289
0070,21:10,1270,25289
0070,21:15,1275,25289
0070,21:20,1280,25289
0070,21:25,1285,25289
0070,21:30,1290,25289
0070,21:35,1295,25289
0070,21:40,1300,25289
0070,21:45,1305,25289
0070,21:50,1310,25289
0070,21:55,1315,25289
0070,22:00,1320,25289
0070,22:05,1325,25289
0070,22:10,1330,25289
0070,22:15,1335,25289
0070,22:20,1340,25289
0070,22:25,1345,25289
0070,22:30,1350,25289
0070,22:35,1355,25289
0070,22:40,1360,25289
0070,22:45,1365,25289
0070,22:50,1370,25289
0070,22:55,1375,25289
0070,23:00,1380,25289
0070,23:05,1385,25289
0070,23:10,1390,25289
0070,23:15,1395,25289
0070,23:16,1396,25289
0070,23:20,1400,25289
0071,09:00,540,0
0071,09:05,545,0
0071,09:10,550,0
0071,09:15,555,0
0071,09:20,560,0
0071,09:25,565,0
0071,09:30,570,0
0071,09:35,575,0
0071,09:40,580,0
0071,09:45,585,0
0071,09:50,590,0
0071,09:55,595,0
0071,10:00,600,0
0071,10:05,605,0
0071,10:10,610,0
0071,10:15,615,0
0071,10:20,620,0
0071,10:25,625,0
0071,10:30,630,0
0071,10:35,635,0
0071,10:40,640,0
0071,10:45,645,0
0071,10:50,650,0
0071,10:55,655,0
0071,11:00,660,0
0071,11:05,665,0
0071,11:10,670,0
0071,11:15,675,0
0071,11:20,680,0
0071,11:25,685,0
0071,11:30,690,0
0071,11:35,695,0
0071,11:40,700,0
0071,11:45,705,-356
0071,11:50,710,-356
0071,11:55,715,-356
0071,12:00,720,-356
0071,12:05,725,-889
0071,12:10,730,-889
0071,12:15,735,-889
0071,12:20,740,-889
0071,12:25,745,-889
0071,12:30,750,-2667
0071,12:35,755,-2667
0071,12:40,760,-2667
0071,12:45,765,-2667
0071,12:50,770,-4089
0071,12:55,775,-4089
0071,13:00,780,-4089
0071,13:05,785,-5333
0071,13:10,790,-5333
0071,13:15,795,-5333
0071,13:20,800,-5333
0071,13:25,805,-6933
0071,13:30,810,-6933
0071,13:35,815,-6933
0071,13:40,820,-6933
0071,13:45,825,-6933
0071,13:50,830,-3378
0071,13:55,835,-3378
0071,14:00,840,-3378
0071,14:05,845,-3378
0071,14:10,850,4828
0071,14:15,855,4828
0071,14:20,860,4828
0071,14:25,865,4828
0071,14:30,870,11379
0071,14:35,875,11379
0071,14:40,880,11379
0071,14:45,885,13966
0071,14:50,890,13966
0071,14:55,895,13966
0071,15:00,900,13966
0071,15:05,905,13966
0071,15:10,910,17931
0071,15:15,915,17931
0071,15:20,920,17931
0071,15:25,925,17931
0071,15:30,930,17414
0071,15:35,935,17414
0071,15:40,940,17414
0071,15:45,945,15862
0071,15:50,950,15862
0071,15:55,955,15862
0071,16:00,960,15862
0071,16:05,965,15862
0071,16:10,970,15690
0071,16:15,975,15690
0071,16:20,980,15690
0071,16:25,985,15690
0071,16:30,990,14828
0071,16:35,995,14828
0071,16:40,1000,14828
0071,16:45,1005,14828
0071,16:50,1010,13621
0071,16:55,1015,13621
0071,17:00,1020,13621
0071,17:05,1025,12759
0071,17:10,1030,12759
0071,17:15,1035,12759
0071,17:20,1040,12759
0071,17:25,1045,12759
0071,17:30,1050,11207
0071,17:35,1055,11207
0071,17:40,1060,11207
0071,17:45,1065,11207
0071,17:50,1070,11207
0071,17:55,1075,11207
0071,18:00,1080,11207
0071,18:05,1085,11207
0071,18:10,1090,11207
0071,18:15,1095,11207
0071,18:20,1100,11207
0071,18:25,1105,11207
0071,18:30,1110,11207
0071,18:35,1115,11207
0071,18:40,1120,11207
0071,18:45,1125,11207
0071,18:50,1130,11207
0071,18:55,1135,11207
0071,19:00,1140,11207
0071,19:05,1145,11207
0071,19:10,1150,11034
0071,19:15,1155,11034
0071,19:20,1160,11034
0071,19:25,1165,11034
0071,19:30,1170,11034
0071,19:35,1175,11034
0071,19:40,1180,11034
0071,19:45,1185,11034
0071,19:50,1190,11034
0071,19:55,1195,11034
0071,20:00,1200,11034
0071,20:05,1205,11034
0071,20:10,1210,11034
0071,20:15,1215,11034
0071,20:20,1220,11034
0071,20:25,1225,11034
0071,20:30,1230,11034
0071,20:35,1235,11034
0071,20:40,1240,11034
0071,20:45,1245,11034
0071,20:50,1250,11034
0071,20:55,1255,11034
0071,21:00,1260,11034
0071,21:05,1265,11034
0071,21:10,1270,11034
0071,21:15,1275,11034
0071,21:20,1280,11034
0071,21:25,1285,11034
0071,21:30,1290,11034
0071,21:35,1295,11034
0071,21:40,1300,11034
0071,21:45,1305,11034
0071,21:50,1310,11034
0071,21:55,1315,11034
0071,22:00,1320,11034
0071,22:05,1325,11034
0071,22:10,1330,11034
0071,22:15,1335,11034
0071,22:20,1340,11034
0071,22:25,1345,11034
0071,22:30,1350,11034
0071,22:35,1355,11034
0071,22:40,1360,11034
0071,22:45,1365,11034
0071,22:50,1370,11034
0071,22:55,1375,11034
0071,23:00,1380,11034
0071,23:05,1385,11034
0071,23:10,1390,11034
0071,23:15,1395,11034
0071,23:16,1396,11034
0071,23:20,1400,11034
0072,09:00,540,0
0072,09:05,545,0
0072,09:10,550,0
0072,09:15,555,0
0072,09:20,560,0
0072,09:25,565,0
0072,09:30,570,0
0072,09:35,575,0
0072,09:40,580,0
0072,09:45,585,0
0072,09:50,590,0
0072,09:55,595,0
0072,10:00,600,0
0072,10:05,605,0
0072,10:10,610,0
0072,10:15,615,0
0072,10:20,620,0
0072,10:25,625,0
0072,10:30,630,0
0072,10:35,635,0
0072,10:40,640,0
0072,10:45,645,0
0072,10:50,650,0
0072,10:55,655,0
0072,11:00,660,0
0072,11:05,665,0
0072,11:10,670,0
0072,11:15,675,0
0072,11:20,680,0
0072,11:25,685,0
0072,11:30,690,0
0072,11:35,695,0
0072,11:40,700,0
0072,11:45,705,0
0072,11:50,710,0
0072,11:55,715,0
0072,12:00,720,0
0072,12:05,725,0
0072,12:10,730,0
0072,12:15,735,0
0072,12:20,740,0
0072,12:25,745,0
0072,12:30,750,-1422
0072,12:35,755,-1422
0072,12:40,760,-1422
0072,12:45,765,-1422
0072,12:50,770,-2844
0072,12:55,775,-2844
0072,13:00,780,-2844
0072,13:05,785,-4267
0072,13:10,790,-4267
0072,13:15,795,-4267
0072,13:20,800,-4267
0072,13:25,805,-5689
0072,13:30,810,-5689
0072,13:35,815,-5689
0072,13:40,820,-5689
0072,13:45,825,-5689
0072,13:50,830,-6933
0072,13:55,835,-6933
0072,14:00,840,-6933
0072,14:05,845,-6933
0072,14:10,850,-6044
0072,14:15,855,-6044
0072,14:20,860,-6044
0072,14:25,865,-6044
0072,14:30,870,-4800
0072,14:35,875,-4800
0072,14:40,880,-4800
0072,14:45,885,-6222
0072,14:50,890,-6222
0072,14:55,895,-6222
0072,15:00,900,-6222
0072,15:05,905,-6222
0072,15:10,910,-7111
0072,15:15,915,-7111
0072,15:20,920,-7111
0072,15:25,925,-7111
0072,15:30,930,-6756
0072,15:35,935,-6756
0072,15:40,940,-6756
0072,15:45,945,-7467
0072,15:50,950,-7467
0072,15:55,955,-7467
0072,16:00,960,-7467
0072,16:05,965,-7467
0072,16:10,970,-8000
0072,16:15,975,-8000
0072,16:20,980,-8000
0072,16:25,985,-8000
0072,16:30,990,-8000
0072,16:35,995,-8000
0072,16:40,1000,-8000
0072,16:45,1005,-8000
0072,16:50,1010,-8889
0072,16:55,1015,-8889
0072,17:00,1020,-8889
0072,17:05,1025,-9956
0072,17:10,1030,-9956
0072,17:15,1035,-9956
0072,17:20,1040,-9956
0072,17:25,1045,-9956
0072,17:30,1050,-10667
0072,17:35,1055,-10667
0072,17:40,1060,-10667
0072,17:45,1065,-10667
0072,17:50,1070,-11911
0072,17:55,1075,-11911
0072,18:00,1080,-11911
0072,18:05,1085,-11911
0072,18:10,1090,-12089
0072,18:15,1095,-12089
0072,18:20,1100,-12089
0072,18:25,1105,-12089
0072,18:30,1110,-12089
0072,18:35,1115,-12089
0072,18:40,1120,-12089
0072,18:45,1125,-12089
0072,18:50,1130,-12089
0072,18:55,1135,-12089
0072,19:00,1140,-12089
0072,19:05,1145,-12089
0072,19:10,1150,-12089
0072,19:15,1155,-12089
0072,19:20,1160,-12089
0072,19:25,1165,-12089
0072,19:30,1170,-12089
0072,19:35,1175,-12089
0072,19:40,1180,-12089
0072,19:45,1185,-12267
0072,19:50,1190,-12267
0072,19:55,1195,-12267
0072,20:00,1200,-12267
0072,20:05,1205,-12267
0072,20:10,1210,-12267
0072,20:15,1215,-12267
0072,20:20,1220,-12267
0072,20:25,1225,-12267
0072,20:30,1230,-12267
0072,20:35,1235,-12267
0072,20:40,1240,-12267
0072,20:45,1245,-12267
0072,20:50,1250,-12267
0072,20:55,1255,-12267
0072,21:00,1260,-12267
0072,21:05,1265,-12267
0072,21:10,1270,-12267
0072,21:15,1275,-12267
0072,21:20,1280,-12267
0072,21:25,1285,-12267
0072,21:30,1290,-12267
0072,21:35,1295,-12267
0072,21:40,1300,-12267
0072,21:45,1305,-12267
0072,21:50,1310,-12267
0072,21:55,1315,-12267
0072,22:00,1320,-12267
0072,22:05,1325,-12267
0072,22:10,1330,-12267
0072,22:15,1335,-12267
0072,22:20,1340,-12267
0072,22:25,1345,-12267
0072,22:30,1350,-12267
0072,22:35,1355,-12267
0072,22:40,1360,-12267
0072,22:45,1365,-12267
0072,22:50,1370,-12267
0072,22:55,1375,-12267
0072,23:00,1380,-12267
0072,23:05,1385,-12267
0072,23:10,1390,-12267
0072,23:15,1395,-12267
0072,23:16,1396,-12267
0072,23:20,1400,-12267
0073,09:00,540,0
0073,09:05,545,0
0073,09:10,550,0
0073,09:15,555,0
0073,09:20,560,0
0073,09:25,565,0
0073,09:30,570,0
0073,09:35,575,0
0073,09:40,580,0
0073,09:45,585,0
0073,09:50,590,0
0073,09:55,595,0
0073,10:00,600,0
0073,10:05,605,0
0073,10:10,610,-356
0073,10:15,615,-356
0073,10:20,620,-356
0073,10:25,625,517
0073,10:30,630,517
0073,10:35,635,517
0073,10:40,640,-533
0073,10:45,645,-533
0073,10:50,650,-533
0073,10:55,655,-533
0073,11:00,660,-1244
0073,11:05,665,-1244
0073,11:10,670,-1422
0073,11:15,675,-1422
0073,11:20,680,-1422
0073,11:25,685,-1422
0073,11:30,690,-2667
0073,11:35,695,-2667
0073,11:40,700,-2667
0073,11:45,705,-2844
0073,11:50,710,-2844
0073,11:55,715,-2844
0073,12:00,720,-2844
0073,12:05,725,-3022
0073,12:10,730,-3022
0073,12:15,735,-3022
0073,12:20,740,-3022
0073,12:25,745,-3022
0073,12:30,750,-3022
0073,12:35,755,-3022
0073,12:40,760,-3022
0073,12:45,765,-3022
0073,12:50,770,-3733
0073,12:55,775,-3733
0073,13:00,780,-3733
0073,13:05,785,-1422
0073,13:10,790,-1422
0073,13:15,795,-1422
0073,13:20,800,-1422
0073,13:25,805,-1422
0073,13:30,810,-1422
0073,13:35,815,-1422
0073,13:40,820,-1422
0073,13:45,825,-1422
0073,13:50,830,-2311
0073,13:55,835,-2311
0073,14:00,840,-2311
0073,14:05,845,-2311
0073,14:10,850,-3733
0073,14:15,855,-3733
0073,14:20,860,-3733
0073,14:25,865,-3733
0073,14:30,870,-4978
0073,14:35,875,-4978
0073,14:40,880,-4978
0073,14:45,885,-5689
0073,14:50,890,-5689
0073,14:55,895,-5689
0073,15:00,900,-5689
0073,15:05,905,-5689
0073,15:10,910,-6578
0073,15:15,915,-6578
0073,15:20,920,-6578
0073,15:25,925,-6578
0073,15:30,930,-7467
0073,15:35,935,-7467
0073,15:40,940,-7467
0073,15:45,945,-8178
0073,15:50,950,-8178
0073,15:55,955,-8178
0073,16:00,960,-8178
0073,16:05,965,-8178
0073,16:10,970,-8889
0073,16:15,975,-8889
0073,16:20,980,-8889
0073,16:25,985,-8889
0073,16:30,990,-9956
0073,16:35,995,-9956
0073,16:40,1000,-9956
0073,16:45,1005,-9956
0073,16:50,1010,-10311
0073,16:55,1015,-10311
0073,17:00,1020,-10311
0073,17:05,1025,-10311
0073,17:10,1030,-10311
0073,17:15,1035,-10311
0073,17:20,1040,-10311
0073,17:25,1045,-10311
0073,17:30,1050,-10311
0073,17:35,1055,-10311
0073,17:40,1060,-10311
0073,17:45,1065,-10311
0073,17:50,1070,-10844
0073,17:55,1075,-10844
0073,18:00,1080,-10844
0073,18:05,1085,-10844
0073,18:10,1090,-12089
0073,18:15,1095,-12089
0073,18:20,1100,-12089
0073,18:25,1105,-11911
0073,18:30,1110,-11911
0073,18:35,1115,-11911
0073,18:40,1120,-11911
0073,18:45,1125,-11911
0073,18:50,1130,-11378
0073,18:55,1135,-11378
0073,19:00,1140,-11378
0073,19:05,1145,-11378
0073,19:10,1150,-12267
0073,19:15,1155,-12267
0073,19:20,1160,-12267
0073,19:25,1165,-12267
0073,19:30,1170,-12267
0073,19:35,1175,-12267
0073,19:40,1180,-12267
0073,19:45,1185,-12267
0073,19:50,1190,-12267
0073,19:55,1195,-12267
0073,20:00,1200,-12267
0073,20:05,1205,-12267
0073,20:10,1210,-12267
0073,20:15,1215,-12267
0073,20:20,1220,-12267
0073,20:25,1225,-12267
0073,20:30,1230,-12267
0073,20:35,1235,-12267
0073,20:40,1240,-12267
0073,20:45,1245,-12267
0073,20:50,1250,-12267
0073,20:55,1255,-12267
0073,21:00,1260,-12267
0073,21:05,1265,-12267
0073,21:10,1270,-12267
0073,21:15,1275,-12267
0073,21:20,1280,-12267
0073,21:25,1285,-12267
0073,21:30,1290,-12267
0073,21:35,1295,-12267
0073,21:40,1300,-12267
0073,21:45,1305,-12267
0073,21:50,1310,-12267
0073,21:55,1315,-12267
0073,22:00,1320,-12267
0073,22:05,1325,-12267
0073,22:10,1330,-12267
0073,22:15,1335,-12267
0073,22:20,1340,-12267
0073,22:25,1345,-12267
0073,22:30,1350,-12267
0073,22:35,1355,-12267
0073,22:40,1360,-12267
0073,22:45,1365,-12267
0073,22:50,1370,-12267
0073,22:55,1375,-12267
0073,23:00,1380,-12267
0073,23:05,1385,-12267
0073,23:10,1390,-12267
0073,23:15,1395,-12267
0073,23:16,1396,-12267
0073,23:20,1400,-12267
0074,09:00,540,0
0074,09:05,545,0
0074,09:10,550,0
0074,09:15,555,0
0074,09:20,560,0
0074,09:25,565,0
0074,09:30,570,0
0074,09:35,575,0
0074,09:40,580,0
0074,09:45,585,0
0074,09:50,590,0
0074,09:55,595,0
0074,10:00,600,0
0074,10:05,605,0
0074,10:10,610,-89
0074,10:15,615,-89
0074,10:20,620,-89
0074,10:25,625,776
0074,10:30,630,776
0074,10:35,635,776
0074,10:40,640,-178
0074,10:45,645,-178
0074,10:50,650,-178
0074,10:55,655,-178
0074,11:00,660,-1156
0074,11:05,665,-1156
0074,11:10,670,-1778
0074,11:15,675,-1778
0074,11:20,680,-1778
0074,11:25,685,-1778
0074,11:30,690,431
0074,11:35,695,431
0074,11:40,700,431
0074,11:45,705,-889
0074,11:50,710,-889
0074,11:55,715,-889
0074,12:00,720,-889
0074,12:05,725,-533
0074,12:10,730,-533
0074,12:15,735,-533
0074,12:20,740,-533
0074,12:25,745,-533
0074,12:30,750,172
0074,12:35,755,172
0074,12:40,760,172
0074,12:45,765,172
0074,12:50,770,-1067
0074,12:55,775,-1067
0074,13:00,780,-1067
0074,13:05,785,-2400
0074,13:10,790,-2400
0074,13:15,795,-2400
0074,13:20,800,-2400
0074,13:25,805,-3911
0074,13:30,810,-3911
0074,13:35,815,-3911
0074,13:40,820,-3911
0074,13:45,825,-3911
0074,13:50,830,-3289
0074,13:55,835,-3289
0074,14:00,840,-3289
0074,14:05,845,-3289
0074,14:10,850,-4356
0074,14:15,855,-4356
0074,14:20,860,-4356
0074,14:25,865,-4356
0074,14:30,870,-5600
0074,14:35,875,-5600
0074,14:40,880,-5600
0074,14:45,885,-3911
0074,14:50,890,-3911
0074,14:55,895,-3911
0074,15:00,900,-3911
0074,15:05,905,-3911
0074,15:10,910,1379
0074,15:15,915,1379
0074,15:20,920,1379
0074,15:25,925,1379
0074,15:30,930,7069
0074,15:35,935,7069
0074,15:40,940,7069
0074,15:45,945,9655
0074,15:50,950,9655
0074,15:55,955,9655
0074,16:00,960,9655
0074,16:05,965,9655
0074,16:10,970,8362
0074,16:15,975,8362
0074,16:20,980,8362
0074,16:25,985,8362
0074,16:30,990,7069
0074,16:35,995,7069
0074,16:40,1000,7069
0074,16:45,1005,7069
0074,16:50,1010,5862
0074,16:55,1015,5862
0074,17:00,1020,5862
0074,17:05,1025,4569
0074,17:10,1030,4569
0074,17:15,1035,4569
0074,17:20,1040,4569
0074,17:25,1045,4569
0074,17:30,1050,4397
0074,17:35,1055,4397
0074,17:40,1060,4397
0074,17:45,1065,4397
0074,17:50,1070,4310
0074,17:55,1075,4310
0074,18:00,1080,4310
0074,18:05,1085,4310
0074,18:10,1090,4310
0074,18:15,1095,4310
0074,18:20,1100,4310
0074,18:25,1105,4310
0074,18:30,1110,4310
0074,18:35,1115,4310
0074,18:40,1120,4310
0074,18:45,1125,4310
0074,18:50,1130,4310
0074,18:55,1135,4310
0074,19:00,1140,4310
0074,19:05,1145,4310
0074,19:10,1150,4310
0074,19:15,1155,4310
0074,19:20,1160,4310
0074,19:25,1165,4310
0074,19:30,1170,4310
0074,19:35,1175,4310
0074,19:40,1180,4310
0074,19:45,1185,4310
0074,19:50,1190,4310
0074,19:55,1195,4310
0074,20:00,1200,4310
0074,20:05,1205,4310
0074,20:10,1210,4310
0074,20:15,1215,4310
0074,20:20,1220,4310
0074,20:25,1225,4310
0074,20:30,1230,4310
0074,20:35,1235,4310
0074,20:40,1240,4310
0074,20:45,1245,4310
0074,20:50,1250,4310
0074,20:55,1255,4310
0074,21:00,1260,4310
0074,21:05,1265,4310
0074,21:10,1270,4310
0074,21:15,1275,4310
0074,21:20,1280,4310
0074,21:25,1285,4310
0074,21:30,1290,4310
0074,21:35,1295,4310
0074,21:40,1300,4310
0074,21:45,1305,4310
0074,21:50,1310,4310
0074,21:55,1315,4310
0074,22:00,1320,4310
0074,22:05,1325,4310
0074,22:10,1330,4310
0074,22:15,1335,4310
0074,22:20,1340,4310
0074,22:25,1345,4310
0074,22:30,1350,4310
0074,22:35,1355,4310
0074,22:40,1360,4310
0074,22:45,1365,4310
0074,22:50,1370,4310
0074,22:55,1375,4310
0074,23:00,1380,4310
0074,23:05,1385,4310
0074,23:10,1390,4310
0074,23:15,1395,4310
0074,23:16,1396,4310
0074,23:20,1400,4310
0075,09:00,540,0
0075,09:05,545,0
0075,09:10,550,0
0075,09:15,555,0
0075,09:20,560,0
0075,09:25,565,0
0075,09:30,570,0
0075,09:35,575,0
0075,09:40,580,0
0075,09:45,585,0
0075,09:50,590,0
0075,09:55,595,0
0075,10:00,600,0
0075,10:05,605,0
0075,10:10,610,0
0075,10:15,615,0
0075,10:20,620,0
0075,10:25,625,0
0075,10:30,630,0
0075,10:35,635,0
0075,10:40,640,0
0075,10:45,645,0
0075,10:50,650,0
0075,10:55,655,0
0075,11:00,660,0
0075,11:05,665,0
0075,11:10,670,0
0075,11:15,675,0
0075,11:20,680,0
0075,11:25,685,0
0075,11:30,690,2069
0075,11:35,695,2069
0075,11:40,700,2069
0075,11:45,705,6121
0075,11:50,710,6121
0075,11:55,715,6121
0075,12:00,720,6121
0075,12:05,725,4828
0075,12:10,730,4828
0075,12:15,735,4828
0075,12:20,740,4828
0075,12:25,745,4828
0075,12:30,750,9655
0075,12:35,755,9655
0075,12:40,760,9655
0075,12:45,765,9655
0075,12:50,770,8190
0075,12:55,775,8190
0075,13:00,780,8190
0075,13:05,785,7069
0075,13:10,790,7069
0075,13:15,795,7069
0075,13:20,800,7069
0075,13:25,805,5690
0075,13:30,810,5690
0075,13:35,815,5690
0075,13:40,820,5690
0075,13:45,825,5690
0075,13:50,830,5345
0075,13:55,835,5345
0075,14:00,840,5345
0075,14:05,845,5345
0075,14:10,850,4224
0075,14:15,855,4224
0075,14:20,860,4224
0075,14:25,865,4224
0075,14:30,870,2414
0075,14:35,875,2414
0075,14:40,880,2414
0075,14:45,885,862
0075,14:50,890,862
0075,14:55,895,862
0075,15:00,900,862
0075,15:05,905,862
0075,15:10,910,-178
0075,15:15,915,-178
0075,15:20,920,-178
0075,15:25,925,-178
0075,15:30,930,-356
0075,15:35,935,-356
0075,15:40,940,-356
0075,15:45,945,259
0075,15:50,950,259
0075,15:55,955,259
0075,16:00,960,259
0075,16:05,965,259
0075,16:10,970,-1067
0075,16:15,975,-1067
0075,16:20,980,-1067
0075,16:25,985,-1067
0075,16:30,990,-2578
0075,16:35,995,-2578
0075,16:40,1000,-2578
0075,16:45,1005,-2578
0075,16:50,1010,-2044
0075,16:55,1015,-2044
0075,17:00,1020,-2044
0075,17:05,1025,-1156
0075,17:10,1030,-1156
0075,17:15,1035,-1156
0075,17:20,1040,-1156
0075,17:25,1045,-1156
0075,17:30,1050,-1156
0075,17:35,1055,-1156
0075,17:40,1060,-1156
0075,17:45,1065,-1156
0075,17:50,1070,-1244
0075,17:55,1075,-1244
0075,18:00,1080,-1244
0075,18:05,1085,-1244
0075,18:10,1090,-1244
0075,18:15,1095,-1244
0075,18:20,1100,-1244
0075,18:25,1105,-1600
0075,18:30,1110,-1600
0075,18:35,1115,-1600
0075,18:40,1120,-1600
0075,18:45,1125,-1600
0075,18:50,1130,-1600
0075,18:55,1135,-1600
0075,19:00,1140,-1600
0075,19:05,1145,-1600
0075,19:10,1150,-1600
0075,19:15,1155,-1600
0075,19:20,1160,-1600
0075,19:25,1165,-1600
0075,19:30,1170,-1600
0075,19:35,1175,-1600
0075,19:40,1180,-1600
0075,19:45,1185,-1600
0075,19:50,1190,-1600
0075,19:55,1195,-1600
0075,20:00,1200,-1600
0075,20:05,1205,-1600
0075,20:10,1210,-1600
0075,20:15,1215,-1600
0075,20:20,1220,-1600
0075,20:25,1225,-1600
0075,20:30,1230,-1600
0075,20:35,1235,-1600
0075,20:40,1240,-1600
0075,20:45,1245,-1600
0075,20:50,1250,-1600
0075,20:55,1255,-1600
0075,21:00,1260,-1600
0075,21:05,1265,-1600
0075,21:10,1270,-1600
0075,21:15,1275,-1600
0075,21:20,1280,-1600
0075,21:25,1285,-1600
0075,21:30,1290,-1600
0075,21:35,1295,-1600
0075,21:40,1300,-1600
0075,21:45,1305,-1600
0075,21:50,1310,-1600
0075,21:55,1315,-1600
0075,22:00,1320,-1600
0075,22:05,1325,-1600
0075,22:10,1330,-1600
0075,22:15,1335,-1600
0075,22:20,1340,-1600
0075,22:25,1345,-1600
0075,22:30,1350,-1600
0075,22:35,1355,-1600
0075,22:40,1360,-1600
0075,22:45,1365,-1600
0075,22:50,1370,-1600
0075,22:55,1375,-1600
0075,23:00,1380,-1600
0075,23:05,1385,-1600
0075,23:10,1390,-1600
0075,23:15,1395,-1600
0075,23:16,1396,-1600
0075,23:20,1400,-1600
0076,09:00,540,0
0076,09:05,545,0
0076,09:10,550,0
0076,09:15,555,0
0076,09:20,560,0
0076,09:25,565,0
0076,09:30,570,0
0076,09:35,575,0
0076,09:40,580,0
0076,09:45,585,0
0076,09:50,590,0
0076,09:55,595,0
0076,10:00,600,0
0076,10:05,605,0
0076,10:10,610,0
0076,10:15,615,0
0076,10:20,620,0
0076,10:25,625,-356
0076,10:30,630,-356
0076,10:35,635,-356
0076,10:40,640,-711
0076,10:45,645,-711
0076,10:50,650,-711
0076,10:55,655,-711
0076,11:00,660,-711
0076,11:05,665,-711
0076,11:10,670,-711
0076,11:15,675,-711
0076,11:20,680,-711
0076,11:25,685,-711
0076,11:30,690,-711
0076,11:35,695,-711
0076,11:40,700,-711
0076,11:45,705,-1778
0076,11:50,710,-1778
0076,11:55,715,-1778
0076,12:00,720,-1778
0076,12:05,725,-2667
0076,12:10,730,-2667
0076,12:15,735,-2667
0076,12:20,740,-2667
0076,12:25,745,-2667
0076,12:30,750,-3378
0076,12:35,755,-3378
0076,12:40,760,-3378
0076,12:45,765,-3378
0076,12:50,770,-4089
0076,12:55,775,-4089
0076,13:00,780,-4089
0076,13:05,785,-4800
0076,13:10,790,-4800
0076,13:15,795,-4800
0076,13:20,800,-4800
0076,13:25,805,-5867
0076,13:30,810,-5867
0076,13:35,815,-5867
0076,13:40,820,-5867
0076,13:45,825,-5867
0076,13:50,830,-7467
0076,13:55,835,-7467
0076,14:00,840,-7467
0076,14:05,845,-7467
0076,14:10,850,-8356
0076,14:15,855,-8356
0076,14:20,860,-8356
0076,14:25,865,-8356
0076,14:30,870,-7822
0076,14:35,875,-7822
0076,14:40,880,-7822
0076,14:45,885,-7644
0076,14:50,890,-7644
0076,14:55,895,-7644
0076,15:00,900,-7644
0076,15:05,905,-7644
0076,15:10,910,-8533
0076,15:15,915,-8533
0076,15:20,920,-8533
0076,15:25,925,-8533
0076,15:30,930,-9067
0076,15:35,935,-9067
0076,15:40,940,-9067
0076,15:45,945,-2844
0076,15:50,950,-2844
0076,15:55,955,-2844
0076,16:00,960,-2844
0076,16:05,965,-2844
0076,16:10,970,-3556
0076,16:15,975,-3556
0076,16:20,980,-3556
0076,16:25,985,-3556
0076,16:30,990,-4800
0076,16:35,995,-4800
0076,16:40,1000,-4800
0076,16:45,1005,-4800
0076,16:50,1010,-5156
0076,16:55,1015,-5156
0076,17:00,1020,-5156
0076,17:05,1025,-5867
0076,17:10,1030,-5867
0076,17:15,1035,-5867
0076,17:20,1040,-5867
0076,17:25,1045,-5867
0076,17:30,1050,-6578
0076,17:35,1055,-6578
0076,17:40,1060,-6578
0076,17:45,1065,-6578
0076,17:50,1070,-6578
0076,17:55,1075,-6578
0076,18:00,1080,-6578
0076,18:05,1085,-6578
0076,18:10,1090,-6578
0076,18:15,1095,-6578
0076,18:20,1100,-6578
0076,18:25,1105,-8356
0076,18:30,1110,-8356
0076,18:35,1115,-8356
0076,18:40,1120,-8356
0076,18:45,1125,-8356
0076,18:50,1130,-8533
0076,18:55,1135,-8533
0076,19:00,1140,-8533
0076,19:05,1145,-8533
0076,19:10,1150,-9778
0076,19:15,1155,-9778
0076,19:20,1160,-9778
0076,19:25,1165,-11378
0076,19:30,1170,-11378
0076,19:35,1175,-11378
0076,19:40,1180,-11378
0076,19:45,1185,-12622
0076,19:50,1190,-12622
0076,19:55,1195,-12622
0076,20:00,1200,-12622
0076,20:05,1205,-12622
0076,20:10,1210,-10133
0076,20:15,1215,-10133
0076,20:20,1220,-10133
0076,20:25,1225,-10133
0076,20:30,1230,-9244
0076,20:35,1235,-9244
0076,20:40,1240,-9244
0076,20:45,1245,-10311
0076,20:50,1250,-10311
0076,20:55,1255,-10311
0076,21:00,1260,-10311
0076,21:05,1265,-10311
0076,21:10,1270,-11556
0076,21:15,1275,-11556
0076,21:20,1280,-11556
0076,21:25,1285,-11556
0076,21:30,1290,-13333
0076,21:35,1295,-13333
0076,21:40,1300,-13333
0076,21:45,1305,-14578
0076,21:50,1310,-14578
0076,21:55,1315,-14578
0076,22:00,1320,-14578
0076,22:05,1325,-13511
0076,22:10,1330,-13511
0076,22:15,1335,-13511
0076,22:20,1340,-13511
0076,22:25,1345,-13511
0076,22:30,1350,-15289
0076,22:35,1355,-15289
0076,22:40,1360,-15289
0076,22:45,1365,-15289
0076,22:50,1370,-15644
0076,22:55,1375,-15644
0076,23:00,1380,-15644
0076,23:05,1385,-15644
0076,23:10,1390,-15644
0076,23:15,1395,-15644
0076,23:16,1396,-15644
0076,23:20,1400,-15644
0077,09:00,540,0
0077,09:05,545,0
0077,09:10,550,0
0077,09:15,555,0
0077,09:20,560,0
0077,09:25,565,0
0077,09:30,570,0
0077,09:35,575,0
0077,09:40,580,0
0077,09:45,585,0
0077,09:50,590,0
0077,09:55,595,0
0077,10:00,600,0
0077,10:05,605,0
0077,10:10,610,0
0077,10:15,615,0
0077,10:20,620,0
0077,10:25,625,0
0077,10:30,630,0
0077,10:35,635,0
0077,10:40,640,0
0077,10:45,645,0
0077,10:50,650,0
0077,10:55,655,0
0077,11:00,660,-89
0077,11:05,665,-89
0077,11:10,670,-622
0077,11:15,675,-622
0077,11:20,680,-622
0077,11:25,685,-622
0077,11:30,690,-1244
0077,11:35,695,-1244
0077,11:40,700,-1244
0077,11:45,705,-1244
0077,11:50,710,-1244
0077,11:55,715,-1244
0077,12:00,720,-1244
0077,12:05,725,-1333
0077,12:10,730,-1333
0077,12:15,735,-1333
0077,12:20,740,-1333
0077,12:25,745,-1333
0077,12:30,750,-1511
0077,12:35,755,-1511
0077,12:40,760,-1511
0077,12:45,765,-1511
0077,12:50,770,-1511
0077,12:55,775,-1511
0077,13:00,780,-1511
0077,13:05,785,-1511
0077,13:10,790,-1511
0077,13:15,795,-1511
0077,13:20,800,-1511
0077,13:25,805,-2667
0077,13:30,810,-2667
0077,13:35,815,-2667
0077,13:40,820,-2667
0077,13:45,825,-2667
0077,13:50,830,-3289
0077,13:55,835,-3289
0077,14:00,840,-3289
0077,14:05,845,-3289
0077,14:10,850,-4533
0077,14:15,855,-4533
0077,14:20,860,-4533
0077,14:25,865,-4533
0077,14:30,870,2155
0077,14:35,875,2155
0077,14:40,880,2155
0077,14:45,885,7586
0077,14:50,890,7586
0077,14:55,895,7586
0077,15:00,900,7586
0077,15:05,905,7586
0077,15:10,910,6897
0077,15:15,915,6897
0077,15:20,920,6897
0077,15:25,925,6897
0077,15:30,930,6293
0077,15:35,935,6293
0077,15:40,940,6293
0077,15:45,945,6293
0077,15:50,950,6293
0077,15:55,955,6293
0077,16:00,960,6293
0077,16:05,965,6293
0077,16:10,970,5603
0077,16:15,975,5603
0077,16:20,980,5603
0077,16:25,985,5603
0077,16:30,990,3793
0077,16:35,995,3793
0077,16:40,1000,3793
0077,16:45,1005,3793
0077,16:50,1010,2155
0077,16:55,1015,2155
0077,17:00,1020,2155
0077,17:05,1025,1034
0077,17:10,1030,1034
0077,17:15,1035,1034
0077,17:20,1040,1034
0077,17:25,1045,1034
0077,17:30,1050,-622
0077,17:35,1055,-622
0077,17:40,1060,-622
0077,17:45,1065,-622
0077,17:50,1070,-1422
0077,17:55,1075,-1422
0077,18:00,1080,-1422
0077,18:05,1085,-1422
0077,18:10,1090,-2844
0077,18:15,1095,-2844
0077,18:20,1100,-2844
0077,18:25,1105,-4622
0077,18:30,1110,-4622
0077,18:35,1115,-4622
0077,18:40,1120,-4622
0077,18:45,1125,-4622
0077,18:50,1130,-6133
0077,18:55,1135,-6133
0077,19:00,1140,-6133
0077,19:05,1145,-6133
0077,19:10,1150,-6756
0077,19:15,1155,-6756
0077,19:20,1160,-6756
0077,19:25,1165,-2044
0077,19:30,1170,-2044
0077,19:35,1175,-2044
0077,19:40,1180,-2044
0077,19:45,1185,-978
0077,19:50,1190,-978
0077,19:55,1195,-978
0077,20:00,1200,-978
0077,20:05,1205,-978
0077,20:10,1210,-1689
0077,20:15,1215,-1689
0077,20:20,1220,-1689
0077,20:25,1225,-1689
0077,20:30,1230,-2133
0077,20:35,1235,-2133
0077,20:40,1240,-2133
0077,20:45,1245,-2133
0077,20:50,1250,-2133
0077,20:55,1255,-2133
0077,21:00,1260,-2133
0077,21:05,1265,-2133
0077,21:10,1270,-2133
0077,21:15,1275,-2133
0077,21:20,1280,-2133
0077,21:25,1285,-2133
0077,21:30,1290,-2133
0077,21:35,1295,-2133
0077,21:40,1300,-2133
0077,21:45,1305,-2133
0077,21:50,1310,-2133
0077,21:55,1315,-2133
0077,22:00,1320,-2133
0077,22:05,1325,-2133
0077,22:10,1330,-2133
0077,22:15,1335,-2133
0077,22:20,1340,-2133
0077,22:25,1345,-2133
0077,22:30,1350,-2133
0077,22:35,1355,-2133
0077,22:40,1360,-2133
0077,22:45,1365,-2133
0077,22:50,1370,-2133
0077,22:55,1375,-2133
0077,23:00,1380,-2133
0077,23:05,1385,-2133
0077,23:10,1390,-2133
0077,23:15,1395,-2133
0077,23:16,1396,-2133
0077,23:20,1400,-2133
