feature,n,bullish_count,bullish_rate,baseline,lift,wilson_low,wilson_high,feature_family,machine
317.6796979672181 + 245.3345200089885 + 319.5605707909265,1,0,0.0,0.48333333333333334,-0.48333333333333334,0.0,0.7934567085261071,phase,049
317.6796979672181 + 245.3345200089885 + 319.5605707909265,0,0,,0.5166666666666667,,,,phase,056
317.6796979672181 + 245.3345200089885 + 319.5605707909265,0,0,,0.5666666666666667,,,,phase,075
317.6796979672181 + 245.3345200089885 + 319.5605707909265,0,0,,0.4,,,,phase,077
109.55469796721803 + 42.83452000898848 + 49.56057079092648,1,1,1.0,0.48333333333333334,0.5166666666666666,0.20654329147389294,1.0,phase,049
109.55469796721803 + 42.83452000898848 + 49.56057079092648,0,0,,0.5166666666666667,,,,phase,056
109.55469796721803 + 42.83452000898848 + 49.56057079092648,0,0,,0.5666666666666667,,,,phase,075
109.55469796721803 + 42.83452000898848 + 49.56057079092648,0,0,,0.4,,,,phase,077
261.4296979672182 + 200.33452000898842 + 139.56057079092653,1,0,0.0,0.48333333333333334,-0.48333333333333334,0.0,0.7934567085261071,phase,049
261.4296979672182 + 200.33452000898842 + 139.56057079092653,0,0,,0.5166666666666667,,,,phase,056
261.4296979672182 + 200.33452000898842 + 139.56057079092653,0,0,,0.5666666666666667,,,,phase,075
261.4296979672182 + 200.33452000898842 + 139.56057079092653,0,0,,0.4,,,,phase,077
53.30469796721809 + 357.83452000898853 + 229.56057079092648,1,0,0.0,0.48333333333333334,-0.48333333333333334,0.0,0.7934567085261071,phase,049
53.30469796721809 + 357.83452000898853 + 229.56057079092648,0,0,,0.5166666666666667,,,,phase,056
53.30469796721809 + 357.83452000898853 + 229.56057079092648,0,0,,0.5666666666666667,,,,phase,075
53.30469796721809 + 357.83452000898853 + 229.56057079092648,0,0,,0.4,,,,phase,077
205.1796979672181 + 155.33452000898853 + 319.5605707909265,1,0,0.0,0.48333333333333334,-0.48333333333333334,0.0,0.7934567085261071,phase,049
205.1796979672181 + 155.33452000898853 + 319.5605707909265,0,0,,0.5166666666666667,,,,phase,056
205.1796979672181 + 155.33452000898853 + 319.5605707909265,0,0,,0.5666666666666667,,,,phase,075
205.1796979672181 + 155.33452000898853 + 319.5605707909265,0,0,,0.4,,,,phase,077
357.0546979672181 + 312.83452000898865 + 49.56057079092648,1,1,1.0,0.48333333333333334,0.5166666666666666,0.20654329147389294,1.0,phase,049
357.0546979672181 + 312.83452000898865 + 49.56057079092648,0,0,,0.5166666666666667,,,,phase,056
357.0546979672181 + 312.83452000898865 + 49.56057079092648,0,0,,0.5666666666666667,,,,phase,075
357.0546979672181 + 312.83452000898865 + 49.56057079092648,0,0,,0.4,,,,phase,077
148.9296979672181 + 110.33452000898842 + 139.56057079092648,1,0,0.0,0.48333333333333334,-0.48333333333333334,0.0,0.7934567085261071,phase,049
148.9296979672181 + 110.33452000898842 + 139.56057079092648,0,0,,0.5166666666666667,,,,phase,056
148.9296979672181 + 110.33452000898842 + 139.56057079092648,0,0,,0.5666666666666667,,,,phase,075
148.9296979672181 + 110.33452000898842 + 139.56057079092648,0,0,,0.4,,,,phase,077
300.8046979672181 + 267.8345200089884 + 229.56057079092648,1,1,1.0,0.48333333333333334,0.5166666666666666,0.20654329147389294,1.0,phase,049
300.8046979672181 + 267.8345200089884 + 229.56057079092648,0,0,,0.5166666666666667,,,,phase,056
300.8046979672181 + 267.8345200089884 + 229.56057079092648,0,0,,0.5666666666666667,,,,phase,075
300.8046979672181 + 267.8345200089884 + 229.56057079092648,0,0,,0.4,,,,phase,077
92.67969796721809 + 65.33452000898842 + 319.5605707909265,1,1,1.0,0.48333333333333334,0.5166666666666666,0.20654329147389294,1.0,phase,049
92.67969796721809 + 65.33452000898842 + 319.5605707909265,0,0,,0.5166666666666667,,,,phase,056
92.67969796721809 + 65.33452000898842 + 319.5605707909265,0,0,,0.5666666666666667,,,,phase,075
92.67969796721809 + 65.33452000898842 + 319.5605707909265,0,0,,0.4,,,,phase,077
244.5546979672181 + 222.83452000898842 + 49.56057079092648,1,1,1.0,0.48333333333333334,0.5166666666666666,0.20654329147389294,1.0,phase,049
244.5546979672181 + 222.83452000898842 + 49.56057079092648,0,0,,0.5166666666666667,,,,phase,056
244.5546979672181 + 222.83452000898842 + 49.56057079092648,0,0,,0.5666666666666667,,,,phase,075
244.5546979672181 + 222.83452000898842 + 49.56057079092648,0,0,,0.4,,,,phase,077
36.42969796721809 + 20.33452000898842 + 139.56057079092648,1,1,1.0,0.48333333333333334,0.5166666666666666,0.20654329147389294,1.0,phase,049
36.42969796721809 + 20.33452000898842 + 139.56057079092648,0,0,,0.5166666666666667,,,,phase,056
36.42969796721809 + 20.33452000898842 + 139.56057079092648,0,0,,0.5666666666666667,,,,phase,075
36.42969796721809 + 20.33452000898842 + 139.56057079092648,0,0,,0.4,,,,phase,077
188.3046979672181 + 177.8345200089882 + 229.56057079092648,1,0,0.0,0.48333333333333334,-0.48333333333333334,0.0,0.7934567085261071,phase,049
188.3046979672181 + 177.8345200089882 + 229.56057079092648,0,0,,0.5166666666666667,,,,phase,056
188.3046979672181 + 177.8345200089882 + 229.56057079092648,0,0,,0.5666666666666667,,,,phase,075
188.3046979672181 + 177.8345200089882 + 229.56057079092648,0,0,,0.4,,,,phase,077
340.1796979672181 + 335.3345200089884 + 319.5605707909265,1,0,0.0,0.48333333333333334,-0.48333333333333334,0.0,0.7934567085261071,phase,049
340.1796979672181 + 335.3345200089884 + 319.5605707909265,0,0,,0.5166666666666667,,,,phase,056
340.1796979672181 + 335.3345200089884 + 319.5605707909265,0,0,,0.5666666666666667,,,,phase,075
340.1796979672181 + 335.3345200089884 + 319.5605707909265,0,0,,0.4,,,,phase,077
132.05469796721854 + 132.83452000898887 + 49.560570790926704,1,0,0.0,0.48333333333333334,-0.48333333333333334,0.0,0.7934567085261071,phase,049
132.05469796721854 + 132.83452000898887 + 49.560570790926704,0,0,,0.5166666666666667,,,,phase,056
132.05469796721854 + 132.83452000898887 + 49.560570790926704,0,0,,0.5666666666666667,,,,phase,075
132.05469796721854 + 132.83452000898887 + 49.560570790926704,0,0,,0.4,,,,phase,077
283.9296979672181 + 290.3345200089884 + 139.56057079092648,1,1,1.0,0.48333333333333334,0.5166666666666666,0.20654329147389294,1.0,phase,049
283.9296979672181 + 290.3345200089884 + 139.56057079092648,0,0,,0.5166666666666667,,,,phase,056
283.9296979672181 + 290.3345200089884 + 139.56057079092648,0,0,,0.5666666666666667,,,,phase,075
283.9296979672181 + 290.3345200089884 + 139.56057079092648,0,0,,0.4,,,,phase,077
75.80469796721763 + 87.83452000898842 + 229.56057079092648,1,1,1.0,0.48333333333333334,0.5166666666666666,0.20654329147389294,1.0,phase,049
75.80469796721763 + 87.83452000898842 + 229.56057079092648,0,0,,0.5166666666666667,,,,phase,056
75.80469796721763 + 87.83452000898842 + 229.56057079092648,0,0,,0.5666666666666667,,,,phase,075
75.80469796721763 + 87.83452000898842 + 229.56057079092648,0,0,,0.4,,,,phase,077
227.6796979672181 + 245.33452000898887 + 319.5605707909265,1,0,0.0,0.48333333333333334,-0.48333333333333334,0.0,0.7934567085261071,phase,049
227.6796979672181 + 245.33452000898887 + 319.5605707909265,0,0,,0.5166666666666667,,,,phase,056
227.6796979672181 + 245.33452000898887 + 319.5605707909265,0,0,,0.5666666666666667,,,,phase,075
227.6796979672181 + 245.33452000898887 + 319.5605707909265,0,0,,0.4,,,,phase,077
19.55469796721809 + 42.83452000898842 + 49.560570790926704,1,1,1.0,0.48333333333333334,0.5166666666666666,0.20654329147389294,1.0,phase,049
19.55469796721809 + 42.83452000898842 + 49.560570790926704,0,0,,0.5166666666666667,,,,phase,056
19.55469796721809 + 42.83452000898842 + 49.560570790926704,0,0,,0.5666666666666667,,,,phase,075
19.55469796721809 + 42.83452000898842 + 49.560570790926704,0,0,,0.4,,,,phase,077
171.42969796721854 + 200.33452000898842 + 139.5605707909267,1,0,0.0,0.48333333333333334,-0.48333333333333334,0.0,0.7934567085261071,phase,049
171.42969796721854 + 200.33452000898842 + 139.5605707909267,0,0,,0.5166666666666667,,,,phase,056
171.42969796721854 + 200.33452000898842 + 139.5605707909267,0,0,,0.5666666666666667,,,,phase,075
171.42969796721854 + 200.33452000898842 + 139.5605707909267,0,0,,0.4,,,,phase,077
323.3046979672181 + 357.8345200089889 + 229.56057079092648,1,0,0.0,0.48333333333333334,-0.48333333333333334,0.0,0.7934567085261071,phase,049
323.3046979672181 + 357.8345200089889 + 229.56057079092648,0,0,,0.5166666666666667,,,,phase,056
323.3046979672181 + 357.8345200089889 + 229.56057079092648,0,0,,0.5666666666666667,,,,phase,075
323.3046979672181 + 357.8345200089889 + 229.56057079092648,0,0,,0.4,,,,phase,077
115.17969796721763 + 155.33452000898842 + 319.56057079092625,1,0,0.0,0.48333333333333334,-0.48333333333333334,0.0,0.7934567085261071,phase,049
115.17969796721763 + 155.33452000898842 + 319.56057079092625,0,0,,0.5166666666666667,,,,phase,056
115.17969796721763 + 155.33452000898842 + 319.56057079092625,0,0,,0.5666666666666667,,,,phase,075
115.17969796721763 + 155.33452000898842 + 319.56057079092625,0,0,,0.4,,,,phase,077
267.05469796721854 + 312.8345200089884 + 49.560570790926704,1,1,1.0,0.48333333333333334,0.5166666666666666,0.20654329147389294,1.0,phase,049
267.05469796721854 + 312.8345200089884 + 49.560570790926704,0,0,,0.5166666666666667,,,,phase,056
267.05469796721854 + 312.8345200089884 + 49.560570790926704,0,0,,0.5666666666666667,,,,phase,075
267.05469796721854 + 312.8345200089884 + 49.560570790926704,0,0,,0.4,,,,phase,077
58.92969796721809 + 110.33452000898887 + 139.56057079092625,1,1,1.0,0.48333333333333334,0.5166666666666666,0.20654329147389294,1.0,phase,049
58.92969796721809 + 110.33452000898887 + 139.56057079092625,0,0,,0.5166666666666667,,,,phase,056
58.92969796721809 + 110.33452000898887 + 139.56057079092625,0,0,,0.5666666666666667,,,,phase,075
58.92969796721809 + 110.33452000898887 + 139.56057079092625,0,0,,0.4,,,,phase,077
210.80469796721763 + 267.8345200089884 + 229.5605707909258,1,0,0.0,0.48333333333333334,-0.48333333333333334,0.0,0.7934567085261071,phase,049
210.80469796721763 + 267.8345200089884 + 229.5605707909258,0,0,,0.5166666666666667,,,,phase,056
210.80469796721763 + 267.8345200089884 + 229.5605707909258,0,0,,0.5666666666666667,,,,phase,075
210.80469796721763 + 267.8345200089884 + 229.5605707909258,0,0,,0.4,,,,phase,077
2.6796979672180896 + 65.33452000898842 + 319.5605707909267,1,0,0.0,0.48333333333333334,-0.48333333333333334,0.0,0.7934567085261071,phase,049
2.6796979672180896 + 65.33452000898842 + 319.5605707909267,0,0,,0.5166666666666667,,,,phase,056
2.6796979672180896 + 65.33452000898842 + 319.5605707909267,0,0,,0.5666666666666667,,,,phase,075
2.6796979672180896 + 65.33452000898842 + 319.5605707909267,0,0,,0.4,,,,phase,077
154.5546979672181 + 222.83452000898797 + 49.56057079092625,1,1,1.0,0.48333333333333334,0.5166666666666666,0.20654329147389294,1.0,phase,049
154.5546979672181 + 222.83452000898797 + 49.56057079092625,0,0,,0.5166666666666667,,,,phase,056
154.5546979672181 + 222.83452000898797 + 49.56057079092625,0,0,,0.5666666666666667,,,,phase,075
154.5546979672181 + 222.83452000898797 + 49.56057079092625,0,0,,0.4,,,,phase,077
306.4296979672181 + 20.334520008987965 + 139.5605707909267,1,1,1.0,0.48333333333333334,0.5166666666666666,0.20654329147389294,1.0,phase,049
306.4296979672181 + 20.334520008987965 + 139.5605707909267,0,0,,0.5166666666666667,,,,phase,056
306.4296979672181 + 20.334520008987965 + 139.5605707909267,0,0,,0.5666666666666667,,,,phase,075
306.4296979672181 + 20.334520008987965 + 139.5605707909267,0,0,,0.4,,,,phase,077
98.30469796721809 + 177.83452000898887 + 229.56057079092625,1,0,0.0,0.48333333333333334,-0.48333333333333334,0.0,0.7934567085261071,phase,049
98.30469796721809 + 177.83452000898887 + 229.56057079092625,0,0,,0.5166666666666667,,,,phase,056
98.30469796721809 + 177.83452000898887 + 229.56057079092625,0,0,,0.5666666666666667,,,,phase,075
98.30469796721809 + 177.83452000898887 + 229.56057079092625,0,0,,0.4,,,,phase,077
250.1796979672181 + 335.33452000898797 + 319.56057079092625,1,0,0.0,0.48333333333333334,-0.48333333333333334,0.0,0.7934567085261071,phase,049
250.1796979672181 + 335.33452000898797 + 319.56057079092625,0,0,,0.5166666666666667,,,,phase,056
250.1796979672181 + 335.33452000898797 + 319.56057079092625,0,0,,0.5666666666666667,,,,phase,075
250.1796979672181 + 335.33452000898797 + 319.56057079092625,0,0,,0.4,,,,phase,077
42.05469796721809 + 132.83452000898797 + 49.560570790926704,1,1,1.0,0.48333333333333334,0.5166666666666666,0.20654329147389294,1.0,phase,049
42.05469796721809 + 132.83452000898797 + 49.560570790926704,0,0,,0.5166666666666667,,,,phase,056
42.05469796721809 + 132.83452000898797 + 49.560570790926704,0,0,,0.5666666666666667,,,,phase,075
42.05469796721809 + 132.83452000898797 + 49.560570790926704,0,0,,0.4,,,,phase,077
193.9296979672181 + 290.3345200089889 + 139.56057079092625,1,0,0.0,0.48333333333333334,-0.48333333333333334,0.0,0.7934567085261071,phase,049
193.9296979672181 + 290.3345200089889 + 139.56057079092625,0,0,,0.5166666666666667,,,,phase,056
193.9296979672181 + 290.3345200089889 + 139.56057079092625,0,0,,0.5666666666666667,,,,phase,075
193.9296979672181 + 290.3345200089889 + 139.56057079092625,0,0,,0.4,,,,phase,077
345.8046979672181 + 87.83452000898797 + 229.5605707909258,1,1,1.0,0.48333333333333334,0.5166666666666666,0.20654329147389294,1.0,phase,049
345.8046979672181 + 87.83452000898797 + 229.5605707909258,0,0,,0.5166666666666667,,,,phase,056
345.8046979672181 + 87.83452000898797 + 229.5605707909258,0,0,,0.5666666666666667,,,,phase,075
345.8046979672181 + 87.83452000898797 + 229.5605707909258,0,0,,0.4,,,,phase,077
137.6796979672181 + 245.33452000898797 + 319.5605707909267,1,0,0.0,0.48333333333333334,-0.48333333333333334,0.0,0.7934567085261071,phase,049
137.6796979672181 + 245.33452000898797 + 319.5605707909267,0,0,,0.5166666666666667,,,,phase,056
137.6796979672181 + 245.33452000898797 + 319.5605707909267,0,0,,0.5666666666666667,,,,phase,075
137.6796979672181 + 245.33452000898797 + 319.5605707909267,0,0,,0.4,,,,phase,077
289.5546979672181 + 42.834520008988875 + 49.56057079092625,1,1,1.0,0.48333333333333334,0.5166666666666666,0.20654329147389294,1.0,phase,049
289.5546979672181 + 42.834520008988875 + 49.56057079092625,0,0,,0.5166666666666667,,,,phase,056
289.5546979672181 + 42.834520008988875 + 49.56057079092625,0,0,,0.5666666666666667,,,,phase,075
289.5546979672181 + 42.834520008988875 + 49.56057079092625,0,0,,0.4,,,,phase,077
81.42969796721809 + 200.33452000898797 + 139.5605707909267,1,0,0.0,0.48333333333333334,-0.48333333333333334,0.0,0.7934567085261071,phase,049
81.42969796721809 + 200.33452000898797 + 139.5605707909267,0,0,,0.5166666666666667,,,,phase,056
81.42969796721809 + 200.33452000898797 + 139.5605707909267,0,0,,0.5666666666666667,,,,phase,075
81.42969796721809 + 200.33452000898797 + 139.5605707909267,0,0,,0.4,,,,phase,077
233.3046979672181 + 357.83452000898797 + 229.56057079092625,1,0,0.0,0.48333333333333334,-0.48333333333333334,0.0,0.7934567085261071,phase,049
233.3046979672181 + 357.83452000898797 + 229.56057079092625,0,0,,0.5166666666666667,,,,phase,056
233.3046979672181 + 357.83452000898797 + 229.56057079092625,0,0,,0.5666666666666667,,,,phase,075
233.3046979672181 + 357.83452000898797 + 229.56057079092625,0,0,,0.4,,,,phase,077
25.17969796721809 + 155.33452000898887 + 319.56057079092625,1,0,0.0,0.48333333333333334,-0.48333333333333334,0.0,0.7934567085261071,phase,049
25.17969796721809 + 155.33452000898887 + 319.56057079092625,0,0,,0.5166666666666667,,,,phase,056
25.17969796721809 + 155.33452000898887 + 319.56057079092625,0,0,,0.5666666666666667,,,,phase,075
25.17969796721809 + 155.33452000898887 + 319.56057079092625,0,0,,0.4,,,,phase,077
177.0546979672181 + 312.83452000898797 + 49.560570790926704,1,0,0.0,0.48333333333333334,-0.48333333333333334,0.0,0.7934567085261071,phase,049
177.0546979672181 + 312.83452000898797 + 49.560570790926704,0,0,,0.5166666666666667,,,,phase,056
177.0546979672181 + 312.83452000898797 + 49.560570790926704,0,0,,0.5666666666666667,,,,phase,075
177.0546979672181 + 312.83452000898797 + 49.560570790926704,0,0,,0.4,,,,phase,077
328.9296979672181 + 110.33452000898887 + 139.56057079092625,1,1,1.0,0.48333333333333334,0.5166666666666666,0.20654329147389294,1.0,phase,049
328.9296979672181 + 110.33452000898887 + 139.56057079092625,0,0,,0.5166666666666667,,,,phase,056
328.9296979672181 + 110.33452000898887 + 139.56057079092625,0,0,,0.5666666666666667,,,,phase,075
328.9296979672181 + 110.33452000898887 + 139.56057079092625,0,0,,0.4,,,,phase,077
120.80469796721809 + 267.8345200089889 + 229.5605707909258,1,0,0.0,0.48333333333333334,-0.48333333333333334,0.0,0.7934567085261071,phase,049
120.80469796721809 + 267.8345200089889 + 229.5605707909258,0,0,,0.5166666666666667,,,,phase,056
120.80469796721809 + 267.8345200089889 + 229.5605707909258,0,0,,0.5666666666666667,,,,phase,075
120.80469796721809 + 267.8345200089889 + 229.5605707909258,0,0,,0.4,,,,phase,077
272.6796979672181 + 65.33452000898797 + 319.5605707909267,1,0,0.0,0.48333333333333334,-0.48333333333333334,0.0,0.7934567085261071,phase,049
272.6796979672181 + 65.33452000898797 + 319.5605707909267,0,0,,0.5166666666666667,,,,phase,056
272.6796979672181 + 65.33452000898797 + 319.5605707909267,0,0,,0.5666666666666667,,,,phase,075
272.6796979672181 + 65.33452000898797 + 319.5605707909267,0,0,,0.4,,,,phase,077
64.55469796721809 + 222.83452000898887 + 49.56057079092625,1,0,0.0,0.48333333333333334,-0.48333333333333334,0.0,0.7934567085261071,phase,049
64.55469796721809 + 222.83452000898887 + 49.56057079092625,0,0,,0.5166666666666667,,,,phase,056
64.55469796721809 + 222.83452000898887 + 49.56057079092625,0,0,,0.5666666666666667,,,,phase,075
64.55469796721809 + 222.83452000898887 + 49.56057079092625,0,0,,0.4,,,,phase,077
216.4296979672181 + 20.334520008988875 + 139.56057079092716,1,1,1.0,0.48333333333333334,0.5166666666666666,0.20654329147389294,1.0,phase,049
216.4296979672181 + 20.334520008988875 + 139.56057079092716,0,0,,0.5166666666666667,,,,phase,056
216.4296979672181 + 20.334520008988875 + 139.56057079092716,0,0,,0.5666666666666667,,,,phase,075
216.4296979672181 + 20.334520008988875 + 139.56057079092716,0,0,,0.4,,,,phase,077
8.30469796721809 + 177.83452000898797 + 229.56057079092625,1,1,1.0,0.48333333333333334,0.5166666666666666,0.20654329147389294,1.0,phase,049
8.30469796721809 + 177.83452000898797 + 229.56057079092625,0,0,,0.5166666666666667,,,,phase,056
8.30469796721809 + 177.83452000898797 + 229.56057079092625,0,0,,0.5666666666666667,,,,phase,075
8.30469796721809 + 177.83452000898797 + 229.56057079092625,0,0,,0.4,,,,phase,077
160.1796979672181 + 335.3345200089889 + 319.56057079092625,1,0,0.0,0.48333333333333334,-0.48333333333333334,0.0,0.7934567085261071,phase,049
160.1796979672181 + 335.3345200089889 + 319.56057079092625,0,0,,0.5166666666666667,,,,phase,056
160.1796979672181 + 335.3345200089889 + 319.56057079092625,0,0,,0.5666666666666667,,,,phase,075
160.1796979672181 + 335.3345200089889 + 319.56057079092625,0,0,,0.4,,,,phase,077
312.0546979672181 + 132.83452000898887 + 49.56057079092625,1,0,0.0,0.48333333333333334,-0.48333333333333334,0.0,0.7934567085261071,phase,049
312.0546979672181 + 132.83452000898887 + 49.56057079092625,0,0,,0.5166666666666667,,,,phase,056
312.0546979672181 + 132.83452000898887 + 49.56057079092625,0,0,,0.5666666666666667,,,,phase,075
312.0546979672181 + 132.83452000898887 + 49.56057079092625,0,0,,0.4,,,,phase,077
103.92969796721809 + 290.33452000898797 + 139.56057079092625,1,1,1.0,0.48333333333333334,0.5166666666666666,0.20654329147389294,1.0,phase,049
103.92969796721809 + 290.33452000898797 + 139.56057079092625,0,0,,0.5166666666666667,,,,phase,056
103.92969796721809 + 290.33452000898797 + 139.56057079092625,0,0,,0.5666666666666667,,,,phase,075
103.92969796721809 + 290.33452000898797 + 139.56057079092625,0,0,,0.4,,,,phase,077
255.8046979672181 + 87.83452000898887 + 229.56057079092716,1,1,1.0,0.48333333333333334,0.5166666666666666,0.20654329147389294,1.0,phase,049
255.8046979672181 + 87.83452000898887 + 229.56057079092716,0,0,,0.5166666666666667,,,,phase,056
255.8046979672181 + 87.83452000898887 + 229.56057079092716,0,0,,0.5666666666666667,,,,phase,075
255.8046979672181 + 87.83452000898887 + 229.56057079092716,0,0,,0.4,,,,phase,077
47.67969796721627 + 245.33452000898887 + 319.56057079092625,1,1,1.0,0.48333333333333334,0.5166666666666666,0.20654329147389294,1.0,phase,049
47.67969796721627 + 245.33452000898887 + 319.56057079092625,0,0,,0.5166666666666667,,,,phase,056
47.67969796721627 + 245.33452000898887 + 319.56057079092625,0,0,,0.5666666666666667,,,,phase,075
47.67969796721627 + 245.33452000898887 + 319.56057079092625,0,0,,0.4,,,,phase,077
199.55469796721627 + 42.834520008988875 + 49.56057079092625,1,1,1.0,0.48333333333333334,0.5166666666666666,0.20654329147389294,1.0,phase,049
199.55469796721627 + 42.834520008988875 + 49.56057079092625,0,0,,0.5166666666666667,,,,phase,056
199.55469796721627 + 42.834520008988875 + 49.56057079092625,0,0,,0.5666666666666667,,,,phase,075
199.55469796721627 + 42.834520008988875 + 49.56057079092625,0,0,,0.4,,,,phase,077
351.42969796721536 + 200.33452000898797 + 139.56057079092716,1,1,1.0,0.48333333333333334,0.5166666666666666,0.20654329147389294,1.0,phase,049
351.42969796721536 + 200.33452000898797 + 139.56057079092716,0,0,,0.5166666666666667,,,,phase,056
351.42969796721536 + 200.33452000898797 + 139.56057079092716,0,0,,0.5666666666666667,,,,phase,075
351.42969796721536 + 200.33452000898797 + 139.56057079092716,0,0,,0.4,,,,phase,077
143.30469796721718 + 357.83452000898797 + 229.56057079092625,1,1,1.0,0.48333333333333334,0.5166666666666666,0.20654329147389294,1.0,phase,049
143.30469796721718 + 357.83452000898797 + 229.56057079092625,0,0,,0.5166666666666667,,,,phase,056
143.30469796721718 + 357.83452000898797 + 229.56057079092625,0,0,,0.5666666666666667,,,,phase,075
143.30469796721718 + 357.83452000898797 + 229.56057079092625,0,0,,0.4,,,,phase,077
295.17969796721627 + 155.33452000898797 + 319.56057079092716,1,1,1.0,0.48333333333333334,0.5166666666666666,0.20654329147389294,1.0,phase,049
295.17969796721627 + 155.33452000898797 + 319.56057079092716,0,0,,0.5166666666666667,,,,phase,056
295.17969796721627 + 155.33452000898797 + 319.56057079092716,0,0,,0.5666666666666667,,,,phase,075
295.17969796721627 + 155.33452000898797 + 319.56057079092716,0,0,,0.4,,,,phase,077
87.05469796721627 + 312.83452000898797 + 49.56057079092625,1,1,1.0,0.48333333333333334,0.5166666666666666,0.20654329147389294,1.0,phase,049
87.05469796721627 + 312.83452000898797 + 49.56057079092625,0,0,,0.5166666666666667,,,,phase,056
87.05469796721627 + 312.83452000898797 + 49.56057079092625,0,0,,0.5666666666666667,,,,phase,075
87.05469796721627 + 312.83452000898797 + 49.56057079092625,0,0,,0.4,,,,phase,077
238.92969796721627 + 110.33452000898797 + 139.56057079092625,1,0,0.0,0.48333333333333334,-0.48333333333333334,0.0,0.7934567085261071,phase,049
238.92969796721627 + 110.33452000898797 + 139.56057079092625,0,0,,0.5166666666666667,,,,phase,056
238.92969796721627 + 110.33452000898797 + 139.56057079092625,0,0,,0.5666666666666667,,,,phase,075
238.92969796721627 + 110.33452000898797 + 139.56057079092625,0,0,,0.4,,,,phase,077
30.80469796721627 + 267.8345200089898 + 229.56057079092716,1,1,1.0,0.48333333333333334,0.5166666666666666,0.20654329147389294,1.0,phase,049
30.80469796721627 + 267.8345200089898 + 229.56057079092716,0,0,,0.5166666666666667,,,,phase,056
30.80469796721627 + 267.8345200089898 + 229.56057079092716,0,0,,0.5666666666666667,,,,phase,075
30.80469796721627 + 267.8345200089898 + 229.56057079092716,0,0,,0.4,,,,phase,077
182.67969796721627 + 65.33452000898797 + 319.56057079092625,1,0,0.0,0.48333333333333334,-0.48333333333333334,0.0,0.7934567085261071,phase,049
182.67969796721627 + 65.33452000898797 + 319.56057079092625,0,0,,0.5166666666666667,,,,phase,056
182.67969796721627 + 65.33452000898797 + 319.56057079092625,0,0,,0.5666666666666667,,,,phase,075
182.67969796721627 + 65.33452000898797 + 319.56057079092625,0,0,,0.4,,,,phase,077
334.55469796721627 + 222.83452000898797 + 49.56057079092625,1,0,0.0,0.48333333333333334,-0.48333333333333334,0.0,0.7934567085261071,phase,049
334.55469796721627 + 222.83452000898797 + 49.56057079092625,0,0,,0.5166666666666667,,,,phase,056
334.55469796721627 + 222.83452000898797 + 49.56057079092625,0,0,,0.5666666666666667,,,,phase,075
334.55469796721627 + 222.83452000898797 + 49.56057079092625,0,0,,0.4,,,,phase,077
126.42969796721627 + 20.334520008987965 + 139.56057079092716,1,1,1.0,0.48333333333333334,0.5166666666666666,0.20654329147389294,1.0,phase,049
126.42969796721627 + 20.334520008987965 + 139.56057079092716,0,0,,0.5166666666666667,,,,phase,056
126.42969796721627 + 20.334520008987965 + 139.56057079092716,0,0,,0.5666666666666667,,,,phase,075
126.42969796721627 + 20.334520008987965 + 139.56057079092716,0,0,,0.4,,,,phase,077
278.30469796721627 + 177.83452000898797 + 229.56057079092625,1,0,0.0,0.48333333333333334,-0.48333333333333334,0.0,0.7934567085261071,phase,049
278.30469796721627 + 177.83452000898797 + 229.56057079092625,0,0,,0.5166666666666667,,,,phase,056
278.30469796721627 + 177.83452000898797 + 229.56057079092625,0,0,,0.5666666666666667,,,,phase,075
278.30469796721627 + 177.83452000898797 + 229.56057079092625,0,0,,0.4,,,,phase,077
145.79401559557633 + 227.75780855155776 + 6.25191994677576,0,0,,0.48333333333333334,,,,phase,049
145.79401559557633 + 227.75780855155776 + 6.25191994677576,1,1,1.0,0.5166666666666667,0.4833333333333333,0.20654329147389294,1.0,phase,056
145.79401559557633 + 227.75780855155776 + 6.25191994677576,0,0,,0.5666666666666667,,,,phase,075
145.79401559557633 + 227.75780855155776 + 6.25191994677576,0,0,,0.4,,,,phase,077
297.6690155955763 + 255.88280855155776 + 146.87691994677576,0,0,,0.48333333333333334,,,,phase,049
297.6690155955763 + 255.88280855155776 + 146.87691994677576,1,0,0.0,0.5166666666666667,-0.5166666666666667,0.0,0.7934567085261071,phase,056
297.6690155955763 + 255.88280855155776 + 146.87691994677576,0,0,,0.5666666666666667,,,,phase,075
297.6690155955763 + 255.88280855155776 + 146.87691994677576,0,0,,0.4,,,,phase,077
89.5440155955763 + 284.0078085515578 + 287.5019199467758,0,0,,0.48333333333333334,,,,phase,049
89.5440155955763 + 284.0078085515578 + 287.5019199467758,1,1,1.0,0.5166666666666667,0.4833333333333333,0.20654329147389294,1.0,phase,056
89.5440155955763 + 284.0078085515578 + 287.5019199467758,0,0,,0.5666666666666667,,,,phase,075
89.5440155955763 + 284.0078085515578 + 287.5019199467758,0,0,,0.4,,,,phase,077
241.4190155955763 + 312.13280855155773 + 68.12691994677573,0,0,,0.48333333333333334,,,,phase,049
241.4190155955763 + 312.13280855155773 + 68.12691994677573,1,0,0.0,0.5166666666666667,-0.5166666666666667,0.0,0.7934567085261071,phase,056
241.4190155955763 + 312.13280855155773 + 68.12691994677573,0,0,,0.5666666666666667,,,,phase,075
241.4190155955763 + 312.13280855155773 + 68.12691994677573,0,0,,0.4,,,,phase,077
33.2940155955763 + 340.25780855155773 + 208.75191994677573,0,0,,0.48333333333333334,,,,phase,049
33.2940155955763 + 340.25780855155773 + 208.75191994677573,1,0,0.0,0.5166666666666667,-0.5166666666666667,0.0,0.7934567085261071,phase,056
33.2940155955763 + 340.25780855155773 + 208.75191994677573,0,0,,0.5666666666666667,,,,phase,075
33.2940155955763 + 340.25780855155773 + 208.75191994677573,0,0,,0.4,,,,phase,077
185.1690155955763 + 8.38280855155773 + 349.37691994677584,0,0,,0.48333333333333334,,,,phase,049
185.1690155955763 + 8.38280855155773 + 349.37691994677584,1,0,0.0,0.5166666666666667,-0.5166666666666667,0.0,0.7934567085261071,phase,056
185.1690155955763 + 8.38280855155773 + 349.37691994677584,0,0,,0.5666666666666667,,,,phase,075
185.1690155955763 + 8.38280855155773 + 349.37691994677584,0,0,,0.4,,,,phase,077
337.0440155955762 + 36.50780855155773 + 130.00191994677573,0,0,,0.48333333333333334,,,,phase,049
337.0440155955762 + 36.50780855155773 + 130.00191994677573,1,0,0.0,0.5166666666666667,-0.5166666666666667,0.0,0.7934567085261071,phase,056
337.0440155955762 + 36.50780855155773 + 130.00191994677573,0,0,,0.5666666666666667,,,,phase,075
337.0440155955762 + 36.50780855155773 + 130.00191994677573,0,0,,0.4,,,,phase,077
128.91901559557618 + 64.63280855155773 + 270.62691994677596,0,0,,0.48333333333333334,,,,phase,049
128.91901559557618 + 64.63280855155773 + 270.62691994677596,1,1,1.0,0.5166666666666667,0.4833333333333333,0.20654329147389294,1.0,phase,056
128.91901559557618 + 64.63280855155773 + 270.62691994677596,0,0,,0.5666666666666667,,,,phase,075
128.91901559557618 + 64.63280855155773 + 270.62691994677596,0,0,,0.4,,,,phase,077
280.7940155955764 + 92.75780855155779 + 51.25191994677584,0,0,,0.48333333333333334,,,,phase,049
280.7940155955764 + 92.75780855155779 + 51.25191994677584,1,1,1.0,0.5166666666666667,0.4833333333333333,0.20654329147389294,1.0,phase,056
280.7940155955764 + 92.75780855155779 + 51.25191994677584,0,0,,0.5666666666666667,,,,phase,075
280.7940155955764 + 92.75780855155779 + 51.25191994677584,0,0,,0.4,,,,phase,077
72.66901559557641 + 120.88280855155779 + 191.87691994677562,0,0,,0.48333333333333334,,,,phase,049
72.66901559557641 + 120.88280855155779 + 191.87691994677562,1,0,0.0,0.5166666666666667,-0.5166666666666667,0.0,0.7934567085261071,phase,056
72.66901559557641 + 120.88280855155779 + 191.87691994677562,0,0,,0.5666666666666667,,,,phase,075
72.66901559557641 + 120.88280855155779 + 191.87691994677562,0,0,,0.4,,,,phase,077
224.5440155955764 + 149.0078085515578 + 332.50191994677584,0,0,,0.48333333333333334,,,,phase,049
224.5440155955764 + 149.0078085515578 + 332.50191994677584,1,1,1.0,0.5166666666666667,0.4833333333333333,0.20654329147389294,1.0,phase,056
224.5440155955764 + 149.0078085515578 + 332.50191994677584,0,0,,0.5666666666666667,,,,phase,075
224.5440155955764 + 149.0078085515578 + 332.50191994677584,0,0,,0.4,,,,phase,077
16.419015595576184 + 177.1328085515578 + 113.12691994677584,0,0,,0.48333333333333334,,,,phase,049
16.419015595576184 + 177.1328085515578 + 113.12691994677584,1,1,1.0,0.5166666666666667,0.4833333333333333,0.20654329147389294,1.0,phase,056
16.419015595576184 + 177.1328085515578 + 113.12691994677584,0,0,,0.5666666666666667,,,,phase,075
16.419015595576184 + 177.1328085515578 + 113.12691994677584,0,0,,0.4,,,,phase,077
168.2940155955764 + 205.25780855155767 + 253.75191994677562,0,0,,0.48333333333333334,,,,phase,049
168.2940155955764 + 205.25780855155767 + 253.75191994677562,1,0,0.0,0.5166666666666667,-0.5166666666666667,0.0,0.7934567085261071,phase,056
168.2940155955764 + 205.25780855155767 + 253.75191994677562,0,0,,0.5666666666666667,,,,phase,075
168.2940155955764 + 205.25780855155767 + 253.75191994677562,0,0,,0.4,,,,phase,077
320.1690155955762 + 233.3828085515578 + 34.37691994677607,0,0,,0.48333333333333334,,,,phase,049
320.1690155955762 + 233.3828085515578 + 34.37691994677607,1,1,1.0,0.5166666666666667,0.4833333333333333,0.20654329147389294,1.0,phase,056
320.1690155955762 + 233.3828085515578 + 34.37691994677607,0,0,,0.5666666666666667,,,,phase,075
320.1690155955762 + 233.3828085515578 + 34.37691994677607,0,0,,0.4,,,,phase,077
112.04401559557573 + 261.5078085515577 + 175.00191994677607,0,0,,0.48333333333333334,,,,phase,049
112.04401559557573 + 261.5078085515577 + 175.00191994677607,1,0,0.0,0.5166666666666667,-0.5166666666666667,0.0,0.7934567085261071,phase,056
112.04401559557573 + 261.5078085515577 + 175.00191994677607,0,0,,0.5666666666666667,,,,phase,075
112.04401559557573 + 261.5078085515577 + 175.00191994677607,0,0,,0.4,,,,phase,077
263.9190155955762 + 289.6328085515578 + 315.6269199467756,0,0,,0.48333333333333334,,,,phase,049
263.9190155955762 + 289.6328085515578 + 315.6269199467756,1,0,0.0,0.5166666666666667,-0.5166666666666667,0.0,0.7934567085261071,phase,056
263.9190155955762 + 289.6328085515578 + 315.6269199467756,0,0,,0.5666666666666667,,,,phase,075
263.9190155955762 + 289.6328085515578 + 315.6269199467756,0,0,,0.4,,,,phase,077
55.79401559557573 + 317.7578085515577 + 96.25191994677562,0,0,,0.48333333333333334,,,,phase,049
55.79401559557573 + 317.7578085515577 + 96.25191994677562,1,1,1.0,0.5166666666666667,0.4833333333333333,0.20654329147389294,1.0,phase,056
55.79401559557573 + 317.7578085515577 + 96.25191994677562,0,0,,0.5666666666666667,,,,phase,075
55.79401559557573 + 317.7578085515577 + 96.25191994677562,0,0,,0.4,,,,phase,077
207.66901559557618 + 345.8828085515578 + 236.87691994677562,0,0,,0.48333333333333334,,,,phase,049
207.66901559557618 + 345.8828085515578 + 236.87691994677562,1,1,1.0,0.5166666666666667,0.4833333333333333,0.20654329147389294,1.0,phase,056
207.66901559557618 + 345.8828085515578 + 236.87691994677562,0,0,,0.5666666666666667,,,,phase,075
207.66901559557618 + 345.8828085515578 + 236.87691994677562,0,0,,0.4,,,,phase,077
359.5440155955762 + 14.007808551557673 + 17.501919946775615,0,0,,0.48333333333333334,,,,phase,049
359.5440155955762 + 14.007808551557673 + 17.501919946775615,1,0,0.0,0.5166666666666667,-0.5166666666666667,0.0,0.7934567085261071,phase,056
359.5440155955762 + 14.007808551557673 + 17.501919946775615,0,0,,0.5666666666666667,,,,phase,075
359.5440155955762 + 14.007808551557673 + 17.501919946775615,0,0,,0.4,,,,phase,077
151.41901559557573 + 42.13280855155779 + 158.12691994677607,0,0,,0.48333333333333334,,,,phase,049
151.41901559557573 + 42.13280855155779 + 158.12691994677607,1,0,0.0,0.5166666666666667,-0.5166666666666667,0.0,0.7934567085261071,phase,056
151.41901559557573 + 42.13280855155779 + 158.12691994677607,0,0,,0.5666666666666667,,,,phase,075
151.41901559557573 + 42.13280855155779 + 158.12691994677607,0,0,,0.4,,,,phase,077
303.2940155955762 + 70.25780855155779 + 298.75191994677607,0,0,,0.48333333333333334,,,,phase,049
303.2940155955762 + 70.25780855155779 + 298.75191994677607,1,1,1.0,0.5166666666666667,0.4833333333333333,0.20654329147389294,1.0,phase,056
303.2940155955762 + 70.25780855155779 + 298.75191994677607,0,0,,0.5666666666666667,,,,phase,075
303.2940155955762 + 70.25780855155779 + 298.75191994677607,0,0,,0.4,,,,phase,077
95.16901559557573 + 98.38280855155779 + 79.37691994677562,0,0,,0.48333333333333334,,,,phase,049
95.16901559557573 + 98.38280855155779 + 79.37691994677562,1,1,1.0,0.5166666666666667,0.4833333333333333,0.20654329147389294,1.0,phase,056
95.16901559557573 + 98.38280855155779 + 79.37691994677562,0,0,,0.5666666666666667,,,,phase,075
95.16901559557573 + 98.38280855155779 + 79.37691994677562,0,0,,0.4,,,,phase,077
247.04401559557573 + 126.50780855155779 + 220.00191994677562,0,0,,0.48333333333333334,,,,phase,049
247.04401559557573 + 126.50780855155779 + 220.00191994677562,1,1,1.0,0.5166666666666667,0.4833333333333333,0.20654329147389294,1.0,phase,056
247.04401559557573 + 126.50780855155779 + 220.00191994677562,0,0,,0.5666666666666667,,,,phase,075
247.04401559557573 + 126.50780855155779 + 220.00191994677562,0,0,,0.4,,,,phase,077
38.919015595576184 + 154.6328085515579 + 0.6269199467756152,0,0,,0.48333333333333334,,,,phase,049
38.919015595576184 + 154.6328085515579 + 0.6269199467756152,1,1,1.0,0.5166666666666667,0.4833333333333333,0.20654329147389294,1.0,phase,056
38.919015595576184 + 154.6328085515579 + 0.6269199467756152,0,0,,0.5666666666666667,,,,phase,075
38.919015595576184 + 154.6328085515579 + 0.6269199467756152,0,0,,0.4,,,,phase,077
190.79401559557573 + 182.7578085515578 + 141.25191994677562,0,0,,0.48333333333333334,,,,phase,049
190.79401559557573 + 182.7578085515578 + 141.25191994677562,1,1,1.0,0.5166666666666667,0.4833333333333333,0.20654329147389294,1.0,phase,056
190.79401559557573 + 182.7578085515578 + 141.25191994677562,0,0,,0.5666666666666667,,,,phase,075
190.79401559557573 + 182.7578085515578 + 141.25191994677562,0,0,,0.4,,,,phase,077
342.6690155955762 + 210.88280855155767 + 281.87691994677607,0,0,,0.48333333333333334,,,,phase,049
342.6690155955762 + 210.88280855155767 + 281.87691994677607,1,0,0.0,0.5166666666666667,-0.5166666666666667,0.0,0.7934567085261071,phase,056
342.6690155955762 + 210.88280855155767 + 281.87691994677607,0,0,,0.5666666666666667,,,,phase,075
342.6690155955762 + 210.88280855155767 + 281.87691994677607,0,0,,0.4,,,,phase,077
134.54401559557664 + 239.0078085515578 + 62.50191994677607,0,0,,0.48333333333333334,,,,phase,049
134.54401559557664 + 239.0078085515578 + 62.50191994677607,1,0,0.0,0.5166666666666667,-0.5166666666666667,0.0,0.7934567085261071,phase,056
134.54401559557664 + 239.0078085515578 + 62.50191994677607,0,0,,0.5666666666666667,,,,phase,075
134.54401559557664 + 239.0078085515578 + 62.50191994677607,0,0,,0.4,,,,phase,077
286.41901559557664 + 267.1328085515577 + 203.12691994677607,0,0,,0.48333333333333334,,,,phase,049
286.41901559557664 + 267.1328085515577 + 203.12691994677607,1,0,0.0,0.5166666666666667,-0.5166666666666667,0.0,0.7934567085261071,phase,056
286.41901559557664 + 267.1328085515577 + 203.12691994677607,0,0,,0.5666666666666667,,,,phase,075
286.41901559557664 + 267.1328085515577 + 203.12691994677607,0,0,,0.4,,,,phase,077
78.29401559557664 + 295.2578085515578 + 343.7519199467765,0,0,,0.48333333333333334,,,,phase,049
78.29401559557664 + 295.2578085515578 + 343.7519199467765,1,0,0.0,0.5166666666666667,-0.5166666666666667,0.0,0.7934567085261071,phase,056
78.29401559557664 + 295.2578085515578 + 343.7519199467765,0,0,,0.5666666666666667,,,,phase,075
78.29401559557664 + 295.2578085515578 + 343.7519199467765,0,0,,0.4,,,,phase,077
230.16901559557664 + 323.3828085515577 + 124.37691994677562,0,0,,0.48333333333333334,,,,phase,049
230.16901559557664 + 323.3828085515577 + 124.37691994677562,1,1,1.0,0.5166666666666667,0.4833333333333333,0.20654329147389294,1.0,phase,056
230.16901559557664 + 323.3828085515577 + 124.37691994677562,0,0,,0.5666666666666667,,,,phase,075
230.16901559557664 + 323.3828085515577 + 124.37691994677562,0,0,,0.4,,,,phase,077
22.04401559557664 + 351.5078085515579 + 265.00191994677607,0,0,,0.48333333333333334,,,,phase,049
22.04401559557664 + 351.5078085515579 + 265.00191994677607,1,1,1.0,0.5166666666666667,0.4833333333333333,0.20654329147389294,1.0,phase,056
22.04401559557664 + 351.5078085515579 + 265.00191994677607,0,0,,0.5666666666666667,,,,phase,075
22.04401559557664 + 351.5078085515579 + 265.00191994677607,0,0,,0.4,,,,phase,077
173.91901559557664 + 19.632808551557673 + 45.62691994677607,0,0,,0.48333333333333334,,,,phase,049
173.91901559557664 + 19.632808551557673 + 45.62691994677607,1,0,0.0,0.5166666666666667,-0.5166666666666667,0.0,0.7934567085261071,phase,056
173.91901559557664 + 19.632808551557673 + 45.62691994677607,0,0,,0.5666666666666667,,,,phase,075
173.91901559557664 + 19.632808551557673 + 45.62691994677607,0,0,,0.4,,,,phase,077
325.79401559557664 + 47.7578085515579 + 186.25191994677607,0,0,,0.48333333333333334,,,,phase,049
325.79401559557664 + 47.7578085515579 + 186.25191994677607,1,0,0.0,0.5166666666666667,-0.5166666666666667,0.0,0.7934567085261071,phase,056
325.79401559557664 + 47.7578085515579 + 186.25191994677607,0,0,,0.5666666666666667,,,,phase,075
325.79401559557664 + 47.7578085515579 + 186.25191994677607,0,0,,0.4,,,,phase,077
117.66901559557664 + 75.88280855155767 + 326.87691994677607,0,0,,0.48333333333333334,,,,phase,049
117.66901559557664 + 75.88280855155767 + 326.87691994677607,1,1,1.0,0.5166666666666667,0.4833333333333333,0.20654329147389294,1.0,phase,056
117.66901559557664 + 75.88280855155767 + 326.87691994677607,0,0,,0.5666666666666667,,,,phase,075
117.66901559557664 + 75.88280855155767 + 326.87691994677607,0,0,,0.4,,,,phase,077
269.54401559557664 + 104.0078085515579 + 107.50191994677607,0,0,,0.48333333333333334,,,,phase,049
269.54401559557664 + 104.0078085515579 + 107.50191994677607,1,1,1.0,0.5166666666666667,0.4833333333333333,0.20654329147389294,1.0,phase,056
269.54401559557664 + 104.0078085515579 + 107.50191994677607,0,0,,0.5666666666666667,,,,phase,075
269.54401559557664 + 104.0078085515579 + 107.50191994677607,0,0,,0.4,,,,phase,077
61.41901559557664 + 132.13280855155767 + 248.12691994677607,0,0,,0.48333333333333334,,,,phase,049
61.41901559557664 + 132.13280855155767 + 248.12691994677607,1,0,0.0,0.5166666666666667,-0.5166666666666667,0.0,0.7934567085261071,phase,056
61.41901559557664 + 132.13280855155767 + 248.12691994677607,0,0,,0.5666666666666667,,,,phase,075
61.41901559557664 + 132.13280855155767 + 248.12691994677607,0,0,,0.4,,,,phase,077
213.29401559557664 + 160.2578085515579 + 28.75191994677607,0,0,,0.48333333333333334,,,,phase,049
213.29401559557664 + 160.2578085515579 + 28.75191994677607,1,1,1.0,0.5166666666666667,0.4833333333333333,0.20654329147389294,1.0,phase,056
213.29401559557664 + 160.2578085515579 + 28.75191994677607,0,0,,0.5666666666666667,,,,phase,075
213.29401559557664 + 160.2578085515579 + 28.75191994677607,0,0,,0.4,,,,phase,077
5.169015595576639 + 188.38280855155767 + 169.37691994677607,0,0,,0.48333333333333334,,,,phase,049
5.169015595576639 + 188.38280855155767 + 169.37691994677607,1,1,1.0,0.5166666666666667,0.4833333333333333,0.20654329147389294,1.0,phase,056
5.169015595576639 + 188.38280855155767 + 169.37691994677607,0,0,,0.5666666666666667,,,,phase,075
5.169015595576639 + 188.38280855155767 + 169.37691994677607,0,0,,0.4,,,,phase,077
157.04401559557664 + 216.5078085515579 + 310.00191994677607,0,0,,0.48333333333333334,,,,phase,049
157.04401559557664 + 216.5078085515579 + 310.00191994677607,1,0,0.0,0.5166666666666667,-0.5166666666666667,0.0,0.7934567085261071,phase,056
157.04401559557664 + 216.5078085515579 + 310.00191994677607,0,0,,0.5666666666666667,,,,phase,075
157.04401559557664 + 216.5078085515579 + 310.00191994677607,0,0,,0.4,,,,phase,077
308.91901559557664 + 244.63280855155767 + 90.62691994677607,0,0,,0.48333333333333334,,,,phase,049
308.91901559557664 + 244.63280855155767 + 90.62691994677607,1,0,0.0,0.5166666666666667,-0.5166666666666667,0.0,0.7934567085261071,phase,056
308.91901559557664 + 244.63280855155767 + 90.62691994677607,0,0,,0.5666666666666667,,,,phase,075
308.91901559557664 + 244.63280855155767 + 90.62691994677607,0,0,,0.4,,,,phase,077
100.79401559557664 + 272.7578085515579 + 231.25191994677607,0,0,,0.48333333333333334,,,,phase,049
100.79401559557664 + 272.7578085515579 + 231.25191994677607,1,1,1.0,0.5166666666666667,0.4833333333333333,0.20654329147389294,1.0,phase,056
100.79401559557664 + 272.7578085515579 + 231.25191994677607,0,0,,0.5666666666666667,,,,phase,075
100.79401559557664 + 272.7578085515579 + 231.25191994677607,0,0,,0.4,,,,phase,077
252.66901559557664 + 300.8828085515577 + 11.87691994677607,0,0,,0.48333333333333334,,,,phase,049
252.66901559557664 + 300.8828085515577 + 11.87691994677607,1,1,1.0,0.5166666666666667,0.4833333333333333,0.20654329147389294,1.0,phase,056
252.66901559557664 + 300.8828085515577 + 11.87691994677607,0,0,,0.5666666666666667,,,,phase,075
252.66901559557664 + 300.8828085515577 + 11.87691994677607,0,0,,0.4,,,,phase,077
44.54401559557664 + 329.0078085515579 + 152.50191994677607,0,0,,0.48333333333333334,,,,phase,049
44.54401559557664 + 329.0078085515579 + 152.50191994677607,1,1,1.0,0.5166666666666667,0.4833333333333333,0.20654329147389294,1.0,phase,056
44.54401559557664 + 329.0078085515579 + 152.50191994677607,0,0,,0.5666666666666667,,,,phase,075
44.54401559557664 + 329.0078085515579 + 152.50191994677607,0,0,,0.4,,,,phase,077
196.41901559557664 + 357.1328085515577 + 293.12691994677607,0,0,,0.48333333333333334,,,,phase,049
196.41901559557664 + 357.1328085515577 + 293.12691994677607,1,0,0.0,0.5166666666666667,-0.5166666666666667,0.0,0.7934567085261071,phase,056
196.41901559557664 + 357.1328085515577 + 293.12691994677607,0,0,,0.5666666666666667,,,,phase,075
196.41901559557664 + 357.1328085515577 + 293.12691994677607,0,0,,0.4,,,,phase,077
348.29401559557573 + 25.2578085515579 + 73.75191994677607,0,0,,0.48333333333333334,,,,phase,049
348.29401559557573 + 25.2578085515579 + 73.75191994677607,1,1,1.0,0.5166666666666667,0.4833333333333333,0.20654329147389294,1.0,phase,056
348.29401559557573 + 25.2578085515579 + 73.75191994677607,0,0,,0.5666666666666667,,,,phase,075
348.29401559557573 + 25.2578085515579 + 73.75191994677607,0,0,,0.4,,,,phase,077
140.16901559557664 + 53.3828085515579 + 214.37691994677607,0,0,,0.48333333333333334,,,,phase,049
140.16901559557664 + 53.3828085515579 + 214.37691994677607,1,0,0.0,0.5166666666666667,-0.5166666666666667,0.0,0.7934567085261071,phase,056
140.16901559557664 + 53.3828085515579 + 214.37691994677607,0,0,,0.5666666666666667,,,,phase,075
140.16901559557664 + 53.3828085515579 + 214.37691994677607,0,0,,0.4,,,,phase,077
292.04401559557664 + 81.5078085515579 + 355.00191994677607,0,0,,0.48333333333333334,,,,phase,049
292.04401559557664 + 81.5078085515579 + 355.00191994677607,1,1,1.0,0.5166666666666667,0.4833333333333333,0.20654329147389294,1.0,phase,056
292.04401559557664 + 81.5078085515579 + 355.00191994677607,0,0,,0.5666666666666667,,,,phase,075
292.04401559557664 + 81.5078085515579 + 355.00191994677607,0,0,,0.4,,,,phase,077
83.91901559557664 + 109.6328085515579 + 135.62691994677607,0,0,,0.48333333333333334,,,,phase,049
83.91901559557664 + 109.6328085515579 + 135.62691994677607,1,0,0.0,0.5166666666666667,-0.5166666666666667,0.0,0.7934567085261071,phase,056
83.91901559557664 + 109.6328085515579 + 135.62691994677607,0,0,,0.5666666666666667,,,,phase,075
83.91901559557664 + 109.6328085515579 + 135.62691994677607,0,0,,0.4,,,,phase,077
235.79401559557573 + 137.75780855155767 + 276.25191994677607,0,0,,0.48333333333333334,,,,phase,049
235.79401559557573 + 137.75780855155767 + 276.25191994677607,1,0,0.0,0.5166666666666667,-0.5166666666666667,0.0,0.7934567085261071,phase,056
235.79401559557573 + 137.75780855155767 + 276.25191994677607,0,0,,0.5666666666666667,,,,phase,075
235.79401559557573 + 137.75780855155767 + 276.25191994677607,0,0,,0.4,,,,phase,077
27.66901559557573 + 165.8828085515579 + 56.87691994677607,0,0,,0.48333333333333334,,,,phase,049
27.66901559557573 + 165.8828085515579 + 56.87691994677607,1,1,1.0,0.5166666666666667,0.4833333333333333,0.20654329147389294,1.0,phase,056
27.66901559557573 + 165.8828085515579 + 56.87691994677607,0,0,,0.5666666666666667,,,,phase,075
27.66901559557573 + 165.8828085515579 + 56.87691994677607,0,0,,0.4,,,,phase,077
179.54401559557482 + 194.00780855155767 + 197.50191994677607,0,0,,0.48333333333333334,,,,phase,049
179.54401559557482 + 194.00780855155767 + 197.50191994677607,1,1,1.0,0.5166666666666667,0.4833333333333333,0.20654329147389294,1.0,phase,056
179.54401559557482 + 194.00780855155767 + 197.50191994677607,0,0,,0.5666666666666667,,,,phase,075
179.54401559557482 + 194.00780855155767 + 197.50191994677607,0,0,,0.4,,,,phase,077
331.41901559557664 + 222.1328085515579 + 338.12691994677607,0,0,,0.48333333333333334,,,,phase,049
331.41901559557664 + 222.1328085515579 + 338.12691994677607,1,1,1.0,0.5166666666666667,0.4833333333333333,0.20654329147389294,1.0,phase,056
331.41901559557664 + 222.1328085515579 + 338.12691994677607,0,0,,0.5666666666666667,,,,phase,075
331.41901559557664 + 222.1328085515579 + 338.12691994677607,0,0,,0.4,,,,phase,077
123.29401559557573 + 250.25780855155767 + 118.75191994677607,0,0,,0.48333333333333334,,,,phase,049
123.29401559557573 + 250.25780855155767 + 118.75191994677607,1,1,1.0,0.5166666666666667,0.4833333333333333,0.20654329147389294,1.0,phase,056
123.29401559557573 + 250.25780855155767 + 118.75191994677607,0,0,,0.5666666666666667,,,,phase,075
123.29401559557573 + 250.25780855155767 + 118.75191994677607,0,0,,0.4,,,,phase,077
275.1690155955748 + 278.3828085515579 + 259.37691994677607,0,0,,0.48333333333333334,,,,phase,049
275.1690155955748 + 278.3828085515579 + 259.37691994677607,1,0,0.0,0.5166666666666667,-0.5166666666666667,0.0,0.7934567085261071,phase,056
275.1690155955748 + 278.3828085515579 + 259.37691994677607,0,0,,0.5666666666666667,,,,phase,075
275.1690155955748 + 278.3828085515579 + 259.37691994677607,0,0,,0.4,,,,phase,077
67.04401559557482 + 306.5078085515577 + 40.00191994677698,0,0,,0.48333333333333334,,,,phase,049
67.04401559557482 + 306.5078085515577 + 40.00191994677698,1,1,1.0,0.5166666666666667,0.4833333333333333,0.20654329147389294,1.0,phase,056
67.04401559557482 + 306.5078085515577 + 40.00191994677698,0,0,,0.5666666666666667,,,,phase,075
67.04401559557482 + 306.5078085515577 + 40.00191994677698,0,0,,0.4,,,,phase,077
218.91901559557482 + 334.6328085515579 + 180.62691994677698,0,0,,0.48333333333333334,,,,phase,049
218.91901559557482 + 334.6328085515579 + 180.62691994677698,1,0,0.0,0.5166666666666667,-0.5166666666666667,0.0,0.7934567085261071,phase,056
218.91901559557482 + 334.6328085515579 + 180.62691994677698,0,0,,0.5666666666666667,,,,phase,075
218.91901559557482 + 334.6328085515579 + 180.62691994677698,0,0,,0.4,,,,phase,077
10.79401559557482 + 2.757808551557673 + 321.251919946777,0,0,,0.48333333333333334,,,,phase,049
10.79401559557482 + 2.757808551557673 + 321.251919946777,1,1,1.0,0.5166666666666667,0.4833333333333333,0.20654329147389294,1.0,phase,056
10.79401559557482 + 2.757808551557673 + 321.251919946777,0,0,,0.5666666666666667,,,,phase,075
10.79401559557482 + 2.757808551557673 + 321.251919946777,0,0,,0.4,,,,phase,077
162.66901559557664 + 30.8828085515579 + 101.87691994677698,0,0,,0.48333333333333334,,,,phase,049
162.66901559557664 + 30.8828085515579 + 101.87691994677698,1,0,0.0,0.5166666666666667,-0.5166666666666667,0.0,0.7934567085261071,phase,056
162.66901559557664 + 30.8828085515579 + 101.87691994677698,0,0,,0.5666666666666667,,,,phase,075
162.66901559557664 + 30.8828085515579 + 101.87691994677698,0,0,,0.4,,,,phase,077
314.54401559557664 + 59.00780855155767 + 242.50191994677516,0,0,,0.48333333333333334,,,,phase,049
314.54401559557664 + 59.00780855155767 + 242.50191994677516,1,0,0.0,0.5166666666666667,-0.5166666666666667,0.0,0.7934567085261071,phase,056
314.54401559557664 + 59.00780855155767 + 242.50191994677516,0,0,,0.5666666666666667,,,,phase,075
314.54401559557664 + 59.00780855155767 + 242.50191994677516,0,0,,0.4,,,,phase,077
106.41901559557482 + 87.1328085515579 + 23.12691994677516,0,0,,0.48333333333333334,,,,phase,049
106.41901559557482 + 87.1328085515579 + 23.12691994677516,1,0,0.0,0.5166666666666667,-0.5166666666666667,0.0,0.7934567085261071,phase,056
106.41901559557482 + 87.1328085515579 + 23.12691994677516,0,0,,0.5666666666666667,,,,phase,075
106.41901559557482 + 87.1328085515579 + 23.12691994677516,0,0,,0.4,,,,phase,077
137.56072945447133 + 92.75024416200195 + 126.36007534678804,0,0,,0.48333333333333334,,,,phase,049
137.56072945447133 + 92.75024416200195 + 126.36007534678804,0,0,,0.5166666666666667,,,,phase,056
137.56072945447133 + 92.75024416200195 + 126.36007534678804,1,1,1.0,0.5666666666666667,0.43333333333333335,0.20654329147389294,1.0,phase,075
137.56072945447133 + 92.75024416200195 + 126.36007534678804,0,0,,0.4,,,,phase,077
272.56072945447136 + 109.62524416200196 + 250.11007534678802,0,0,,0.48333333333333334,,,,phase,049
272.56072945447136 + 109.62524416200196 + 250.11007534678802,0,0,,0.5166666666666667,,,,phase,056
272.56072945447136 + 109.62524416200196 + 250.11007534678802,1,0,0.0,0.5666666666666667,-0.5666666666666667,0.0,0.7934567085261071,phase,075
272.56072945447136 + 109.62524416200196 + 250.11007534678802,0,0,,0.4,,,,phase,077
47.56072945447136 + 126.50024416200195 + 13.860075346787994,0,0,,0.48333333333333334,,,,phase,049
47.56072945447136 + 126.50024416200195 + 13.860075346787994,0,0,,0.5166666666666667,,,,phase,056
47.56072945447136 + 126.50024416200195 + 13.860075346787994,1,1,1.0,0.5666666666666667,0.43333333333333335,0.20654329147389294,1.0,phase,075
47.56072945447136 + 126.50024416200195 + 13.860075346787994,0,0,,0.4,,,,phase,077
182.56072945447124 + 143.37524416200193 + 137.610075346788,0,0,,0.48333333333333334,,,,phase,049
182.56072945447124 + 143.37524416200193 + 137.610075346788,0,0,,0.5166666666666667,,,,phase,056
182.56072945447124 + 143.37524416200193 + 137.610075346788,1,1,1.0,0.5666666666666667,0.43333333333333335,0.20654329147389294,1.0,phase,075
182.56072945447124 + 143.37524416200193 + 137.610075346788,0,0,,0.4,,,,phase,077
317.56072945447136 + 160.25024416200193 + 261.360075346788,0,0,,0.48333333333333334,,,,phase,049
317.56072945447136 + 160.25024416200193 + 261.360075346788,0,0,,0.5166666666666667,,,,phase,056
317.56072945447136 + 160.25024416200193 + 261.360075346788,1,0,0.0,0.5666666666666667,-0.5666666666666667,0.0,0.7934567085261071,phase,075
317.56072945447136 + 160.25024416200193 + 261.360075346788,0,0,,0.4,,,,phase,077
92.56072945447124 + 177.12524416200193 + 25.110075346787994,0,0,,0.48333333333333334,,,,phase,049
92.56072945447124 + 177.12524416200193 + 25.110075346787994,0,0,,0.5166666666666667,,,,phase,056
92.56072945447124 + 177.12524416200193 + 25.110075346787994,1,1,1.0,0.5666666666666667,0.43333333333333335,0.20654329147389294,1.0,phase,075
92.56072945447124 + 177.12524416200193 + 25.110075346787994,0,0,,0.4,,,,phase,077
227.56072945447136 + 194.00024416200196 + 148.860075346788,0,0,,0.48333333333333334,,,,phase,049
227.56072945447136 + 194.00024416200196 + 148.860075346788,0,0,,0.5166666666666667,,,,phase,056
227.56072945447136 + 194.00024416200196 + 148.860075346788,1,0,0.0,0.5666666666666667,-0.5666666666666667,0.0,0.7934567085261071,phase,075
227.56072945447136 + 194.00024416200196 + 148.860075346788,0,0,,0.4,,,,phase,077
2.560729454471357 + 210.87524416200196 + 272.610075346788,0,0,,0.48333333333333334,,,,phase,049
2.560729454471357 + 210.87524416200196 + 272.610075346788,0,0,,0.5166666666666667,,,,phase,056
2.560729454471357 + 210.87524416200196 + 272.610075346788,1,0,0.0,0.5666666666666667,-0.5666666666666667,0.0,0.7934567085261071,phase,075
2.560729454471357 + 210.87524416200196 + 272.610075346788,0,0,,0.4,,,,phase,077
137.56072945447113 + 227.75024416200196 + 36.36007534678788,0,0,,0.48333333333333334,,,,phase,049
137.56072945447113 + 227.75024416200196 + 36.36007534678788,0,0,,0.5166666666666667,,,,phase,056
137.56072945447113 + 227.75024416200196 + 36.36007534678788,1,0,0.0,0.5666666666666667,-0.5666666666666667,0.0,0.7934567085261071,phase,075
137.56072945447113 + 227.75024416200196 + 36.36007534678788,0,0,,0.4,,,,phase,077
272.56072945447113 + 244.62524416200196 + 160.11007534678788,0,0,,0.48333333333333334,,,,phase,049
272.56072945447113 + 244.62524416200196 + 160.11007534678788,0,0,,0.5166666666666667,,,,phase,056
272.56072945447113 + 244.62524416200196 + 160.11007534678788,1,1,1.0,0.5666666666666667,0.43333333333333335,0.20654329147389294,1.0,phase,075
272.56072945447113 + 244.62524416200196 + 160.11007534678788,0,0,,0.4,,,,phase,077
47.56072945447113 + 261.50024416200193 + 283.8600753467879,0,0,,0.48333333333333334,,,,phase,049
47.56072945447113 + 261.50024416200193 + 283.8600753467879,0,0,,0.5166666666666667,,,,phase,056
47.56072945447113 + 261.50024416200193 + 283.8600753467879,1,1,1.0,0.5666666666666667,0.43333333333333335,0.20654329147389294,1.0,phase,075
47.56072945447113 + 261.50024416200193 + 283.8600753467879,0,0,,0.4,,,,phase,077
182.56072945447136 + 278.37524416200193 + 47.61007534678788,0,0,,0.48333333333333334,,,,phase,049
182.56072945447136 + 278.37524416200193 + 47.61007534678788,0,0,,0.5166666666666667,,,,phase,056
182.56072945447136 + 278.37524416200193 + 47.61007534678788,1,1,1.0,0.5666666666666667,0.43333333333333335,0.20654329147389294,1.0,phase,075
182.56072945447136 + 278.37524416200193 + 47.61007534678788,0,0,,0.4,,,,phase,077
317.56072945447113 + 295.25024416200193 + 171.36007534678788,0,0,,0.48333333333333334,,,,phase,049
317.56072945447113 + 295.25024416200193 + 171.36007534678788,0,0,,0.5166666666666667,,,,phase,056
317.56072945447113 + 295.25024416200193 + 171.36007534678788,1,0,0.0,0.5666666666666667,-0.5666666666666667,0.0,0.7934567085261071,phase,075
317.56072945447113 + 295.25024416200193 + 171.36007534678788,0,0,,0.4,,,,phase,077
92.56072945447136 + 312.12524416200193 + 295.1100753467879,0,0,,0.48333333333333334,,,,phase,049
92.56072945447136 + 312.12524416200193 + 295.1100753467879,0,0,,0.5166666666666667,,,,phase,056
92.56072945447136 + 312.12524416200193 + 295.1100753467879,1,1,1.0,0.5666666666666667,0.43333333333333335,0.20654329147389294,1.0,phase,075
92.56072945447136 + 312.12524416200193 + 295.1100753467879,0,0,,0.4,,,,phase,077
227.5607294544718 + 329.000244162002 + 58.86007534678788,0,0,,0.48333333333333334,,,,phase,049
227.5607294544718 + 329.000244162002 + 58.86007534678788,0,0,,0.5166666666666667,,,,phase,056
227.5607294544718 + 329.000244162002 + 58.86007534678788,1,1,1.0,0.5666666666666667,0.43333333333333335,0.20654329147389294,1.0,phase,075
227.5607294544718 + 329.000244162002 + 58.86007534678788,0,0,,0.4,,,,phase,077
2.5607294544711294 + 345.875244162002 + 182.61007534678788,0,0,,0.48333333333333334,,,,phase,049
2.5607294544711294 + 345.875244162002 + 182.61007534678788,0,0,,0.5166666666666667,,,,phase,056
2.5607294544711294 + 345.875244162002 + 182.61007534678788,1,1,1.0,0.5666666666666667,0.43333333333333335,0.20654329147389294,1.0,phase,075
2.5607294544711294 + 345.875244162002 + 182.61007534678788,0,0,,0.4,,,,phase,077
137.56072945447158 + 2.750244162001991 + 306.36007534678765,0,0,,0.48333333333333334,,,,phase,049
137.56072945447158 + 2.750244162001991 + 306.36007534678765,0,0,,0.5166666666666667,,,,phase,056
137.56072945447158 + 2.750244162001991 + 306.36007534678765,1,0,0.0,0.5666666666666667,-0.5666666666666667,0.0,0.7934567085261071,phase,075
137.56072945447158 + 2.750244162001991 + 306.36007534678765,0,0,,0.4,,,,phase,077
272.56072945447113 + 19.625244162001934 + 70.11007534678765,0,0,,0.48333333333333334,,,,phase,049
272.56072945447113 + 19.625244162001934 + 70.11007534678765,0,0,,0.5166666666666667,,,,phase,056
272.56072945447113 + 19.625244162001934 + 70.11007534678765,1,1,1.0,0.5666666666666667,0.43333333333333335,0.20654329147389294,1.0,phase,075
272.56072945447113 + 19.625244162001934 + 70.11007534678765,0,0,,0.4,,,,phase,077
47.560729454471584 + 36.500244162001934 + 193.86007534678765,0,0,,0.48333333333333334,,,,phase,049
47.560729454471584 + 36.500244162001934 + 193.86007534678765,0,0,,0.5166666666666667,,,,phase,056
47.560729454471584 + 36.500244162001934 + 193.86007534678765,1,0,0.0,0.5666666666666667,-0.5666666666666667,0.0,0.7934567085261071,phase,075
47.560729454471584 + 36.500244162001934 + 193.86007534678765,0,0,,0.4,,,,phase,077
182.56072945447113 + 53.375244162001934 + 317.61007534678765,0,0,,0.48333333333333334,,,,phase,049
182.56072945447113 + 53.375244162001934 + 317.61007534678765,0,0,,0.5166666666666667,,,,phase,056
182.56072945447113 + 53.375244162001934 + 317.61007534678765,1,0,0.0,0.5666666666666667,-0.5666666666666667,0.0,0.7934567085261071,phase,075
182.56072945447113 + 53.375244162001934 + 317.61007534678765,0,0,,0.4,,,,phase,077
317.5607294544716 + 70.25024416200193 + 81.36007534678765,0,0,,0.48333333333333334,,,,phase,049
317.5607294544716 + 70.25024416200193 + 81.36007534678765,0,0,,0.5166666666666667,,,,phase,056
317.5607294544716 + 70.25024416200193 + 81.36007534678765,1,0,0.0,0.5666666666666667,-0.5666666666666667,0.0,0.7934567085261071,phase,075
317.5607294544716 + 70.25024416200193 + 81.36007534678765,0,0,,0.4,,,,phase,077
92.56072945447158 + 87.12524416200199 + 205.11007534678765,0,0,,0.48333333333333334,,,,phase,049
92.56072945447158 + 87.12524416200199 + 205.11007534678765,0,0,,0.5166666666666667,,,,phase,056
92.56072945447158 + 87.12524416200199 + 205.11007534678765,1,1,1.0,0.5666666666666667,0.43333333333333335,0.20654329147389294,1.0,phase,075
92.56072945447158 + 87.12524416200199 + 205.11007534678765,0,0,,0.4,,,,phase,077
227.56072945447113 + 104.00024416200199 + 328.86007534678765,0,0,,0.48333333333333334,,,,phase,049
227.56072945447113 + 104.00024416200199 + 328.86007534678765,0,0,,0.5166666666666667,,,,phase,056
227.56072945447113 + 104.00024416200199 + 328.86007534678765,1,1,1.0,0.5666666666666667,0.43333333333333335,0.20654329147389294,1.0,phase,075
227.56072945447113 + 104.00024416200199 + 328.86007534678765,0,0,,0.4,,,,phase,077
2.560729454471584 + 120.87524416200193 + 92.61007534678765,0,0,,0.48333333333333334,,,,phase,049
2.560729454471584 + 120.87524416200193 + 92.61007534678765,0,0,,0.5166666666666667,,,,phase,056
2.560729454471584 + 120.87524416200193 + 92.61007534678765,1,1,1.0,0.5666666666666667,0.43333333333333335,0.20654329147389294,1.0,phase,075
2.560729454471584 + 120.87524416200193 + 92.61007534678765,0,0,,0.4,,,,phase,077
137.56072945447113 + 137.750244162002 + 216.36007534678765,0,0,,0.48333333333333334,,,,phase,049
137.56072945447113 + 137.750244162002 + 216.36007534678765,0,0,,0.5166666666666667,,,,phase,056
137.56072945447113 + 137.750244162002 + 216.36007534678765,1,1,1.0,0.5666666666666667,0.43333333333333335,0.20654329147389294,1.0,phase,075
137.56072945447113 + 137.750244162002 + 216.36007534678765,0,0,,0.4,,,,phase,077
272.5607294544716 + 154.625244162002 + 340.11007534678765,0,0,,0.48333333333333334,,,,phase,049
272.5607294544716 + 154.625244162002 + 340.11007534678765,0,0,,0.5166666666666667,,,,phase,056
272.5607294544716 + 154.625244162002 + 340.11007534678765,1,1,1.0,0.5666666666666667,0.43333333333333335,0.20654329147389294,1.0,phase,075
272.5607294544716 + 154.625244162002 + 340.11007534678765,0,0,,0.4,,,,phase,077
47.56072945447113 + 171.500244162002 + 103.86007534678765,0,0,,0.48333333333333334,,,,phase,049
47.56072945447113 + 171.500244162002 + 103.86007534678765,0,0,,0.5166666666666667,,,,phase,056
47.56072945447113 + 171.500244162002 + 103.86007534678765,1,1,1.0,0.5666666666666667,0.43333333333333335,0.20654329147389294,1.0,phase,075
47.56072945447113 + 171.500244162002 + 103.86007534678765,0,0,,0.4,,,,phase,077
182.56072945447158 + 188.37524416200188 + 227.61007534678765,0,0,,0.48333333333333334,,,,phase,049
182.56072945447158 + 188.37524416200188 + 227.61007534678765,0,0,,0.5166666666666667,,,,phase,056
182.56072945447158 + 188.37524416200188 + 227.61007534678765,1,0,0.0,0.5666666666666667,-0.5666666666666667,0.0,0.7934567085261071,phase,075
182.56072945447158 + 188.37524416200188 + 227.61007534678765,0,0,,0.4,,,,phase,077
317.56072945447204 + 205.250244162002 + 351.36007534678765,0,0,,0.48333333333333334,,,,phase,049
317.56072945447204 + 205.250244162002 + 351.36007534678765,0,0,,0.5166666666666667,,,,phase,056
317.56072945447204 + 205.250244162002 + 351.36007534678765,1,1,1.0,0.5666666666666667,0.43333333333333335,0.20654329147389294,1.0,phase,075
317.56072945447204 + 205.250244162002 + 351.36007534678765,0,0,,0.4,,,,phase,077
92.56072945447158 + 222.125244162002 + 115.11007534678765,0,0,,0.48333333333333334,,,,phase,049
92.56072945447158 + 222.125244162002 + 115.11007534678765,0,0,,0.5166666666666667,,,,phase,056
92.56072945447158 + 222.125244162002 + 115.11007534678765,1,0,0.0,0.5666666666666667,-0.5666666666666667,0.0,0.7934567085261071,phase,075
92.56072945447158 + 222.125244162002 + 115.11007534678765,0,0,,0.4,,,,phase,077
227.56072945447158 + 239.00024416200188 + 238.86007534678765,0,0,,0.48333333333333334,,,,phase,049
227.56072945447158 + 239.00024416200188 + 238.86007534678765,0,0,,0.5166666666666667,,,,phase,056
227.56072945447158 + 239.00024416200188 + 238.86007534678765,1,0,0.0,0.5666666666666667,-0.5666666666666667,0.0,0.7934567085261071,phase,075
227.56072945447158 + 239.00024416200188 + 238.86007534678765,0,0,,0.4,,,,phase,077
2.560729454471584 + 255.87524416200188 + 2.610075346787653,0,0,,0.48333333333333334,,,,phase,049
2.560729454471584 + 255.87524416200188 + 2.610075346787653,0,0,,0.5166666666666667,,,,phase,056
2.560729454471584 + 255.87524416200188 + 2.610075346787653,1,1,1.0,0.5666666666666667,0.43333333333333335,0.20654329147389294,1.0,phase,075
2.560729454471584 + 255.87524416200188 + 2.610075346787653,0,0,,0.4,,,,phase,077
137.56072945447158 + 272.750244162002 + 126.36007534678765,0,0,,0.48333333333333334,,,,phase,049
137.56072945447158 + 272.750244162002 + 126.36007534678765,0,0,,0.5166666666666667,,,,phase,056
137.56072945447158 + 272.750244162002 + 126.36007534678765,1,0,0.0,0.5666666666666667,-0.5666666666666667,0.0,0.7934567085261071,phase,075
137.56072945447158 + 272.750244162002 + 126.36007534678765,0,0,,0.4,,,,phase,077
272.5607294544716 + 289.625244162002 + 250.1100753467872,0,0,,0.48333333333333334,,,,phase,049
272.5607294544716 + 289.625244162002 + 250.1100753467872,0,0,,0.5166666666666667,,,,phase,056
272.5607294544716 + 289.625244162002 + 250.1100753467872,1,0,0.0,0.5666666666666667,-0.5666666666666667,0.0,0.7934567085261071,phase,075
272.5607294544716 + 289.625244162002 + 250.1100753467872,0,0,,0.4,,,,phase,077
47.560729454471584 + 306.5002441620019 + 13.860075346787198,0,0,,0.48333333333333334,,,,phase,049
47.560729454471584 + 306.5002441620019 + 13.860075346787198,0,0,,0.5166666666666667,,,,phase,056
47.560729454471584 + 306.5002441620019 + 13.860075346787198,1,1,1.0,0.5666666666666667,0.43333333333333335,0.20654329147389294,1.0,phase,075
47.560729454471584 + 306.5002441620019 + 13.860075346787198,0,0,,0.4,,,,phase,077
182.56072945447158 + 323.375244162002 + 137.6100753467872,0,0,,0.48333333333333334,,,,phase,049
182.56072945447158 + 323.375244162002 + 137.6100753467872,0,0,,0.5166666666666667,,,,phase,056
182.56072945447158 + 323.375244162002 + 137.6100753467872,1,0,0.0,0.5666666666666667,-0.5666666666666667,0.0,0.7934567085261071,phase,075
182.56072945447158 + 323.375244162002 + 137.6100753467872,0,0,,0.4,,,,phase,077
317.5607294544716 + 340.2502441620019 + 261.3600753467872,0,0,,0.48333333333333334,,,,phase,049
317.5607294544716 + 340.2502441620019 + 261.3600753467872,0,0,,0.5166666666666667,,,,phase,056
317.5607294544716 + 340.2502441620019 + 261.3600753467872,1,0,0.0,0.5666666666666667,-0.5666666666666667,0.0,0.7934567085261071,phase,075
317.5607294544716 + 340.2502441620019 + 261.3600753467872,0,0,,0.4,,,,phase,077
92.56072945447158 + 357.1252441620019 + 25.110075346787198,0,0,,0.48333333333333334,,,,phase,049
92.56072945447158 + 357.1252441620019 + 25.110075346787198,0,0,,0.5166666666666667,,,,phase,056
92.56072945447158 + 357.1252441620019 + 25.110075346787198,1,1,1.0,0.5666666666666667,0.43333333333333335,0.20654329147389294,1.0,phase,075
92.56072945447158 + 357.1252441620019 + 25.110075346787198,0,0,,0.4,,,,phase,077
227.56072945447158 + 14.000244162001877 + 148.8600753467872,0,0,,0.48333333333333334,,,,phase,049
227.56072945447158 + 14.000244162001877 + 148.8600753467872,0,0,,0.5166666666666667,,,,phase,056
227.56072945447158 + 14.000244162001877 + 148.8600753467872,1,1,1.0,0.5666666666666667,0.43333333333333335,0.20654329147389294,1.0,phase,075
227.56072945447158 + 14.000244162001877 + 148.8600753467872,0,0,,0.4,,,,phase,077
2.560729454471584 + 30.875244162001877 + 272.6100753467872,0,0,,0.48333333333333334,,,,phase,049
2.560729454471584 + 30.875244162001877 + 272.6100753467872,0,0,,0.5166666666666667,,,,phase,056
2.560729454471584 + 30.875244162001877 + 272.6100753467872,1,0,0.0,0.5666666666666667,-0.5666666666666667,0.0,0.7934567085261071,phase,075
2.560729454471584 + 30.875244162001877 + 272.6100753467872,0,0,,0.4,,,,phase,077
137.56072945447158 + 47.75024416200188 + 36.3600753467872,0,0,,0.48333333333333334,,,,phase,049
137.56072945447158 + 47.75024416200188 + 36.3600753467872,0,0,,0.5166666666666667,,,,phase,056
137.56072945447158 + 47.75024416200188 + 36.3600753467872,1,0,0.0,0.5666666666666667,-0.5666666666666667,0.0,0.7934567085261071,phase,075
137.56072945447158 + 47.75024416200188 + 36.3600753467872,0,0,,0.4,,,,phase,077
272.5607294544716 + 64.62524416200188 + 160.1100753467872,0,0,,0.48333333333333334,,,,phase,049
272.5607294544716 + 64.62524416200188 + 160.1100753467872,0,0,,0.5166666666666667,,,,phase,056
272.5607294544716 + 64.62524416200188 + 160.1100753467872,1,0,0.0,0.5666666666666667,-0.5666666666666667,0.0,0.7934567085261071,phase,075
272.5607294544716 + 64.62524416200188 + 160.1100753467872,0,0,,0.4,,,,phase,077
47.560729454471584 + 81.50024416200199 + 283.8600753467872,0,0,,0.48333333333333334,,,,phase,049
47.560729454471584 + 81.50024416200199 + 283.8600753467872,0,0,,0.5166666666666667,,,,phase,056
47.560729454471584 + 81.50024416200199 + 283.8600753467872,1,1,1.0,0.5666666666666667,0.43333333333333335,0.20654329147389294,1.0,phase,075
47.560729454471584 + 81.50024416200199 + 283.8600753467872,0,0,,0.4,,,,phase,077
182.56072945447158 + 98.37524416200188 + 47.6100753467872,0,0,,0.48333333333333334,,,,phase,049
182.56072945447158 + 98.37524416200188 + 47.6100753467872,0,0,,0.5166666666666667,,,,phase,056
182.56072945447158 + 98.37524416200188 + 47.6100753467872,1,1,1.0,0.5666666666666667,0.43333333333333335,0.20654329147389294,1.0,phase,075
182.56072945447158 + 98.37524416200188 + 47.6100753467872,0,0,,0.4,,,,phase,077
317.5607294544716 + 115.25024416200199 + 171.3600753467872,0,0,,0.48333333333333334,,,,phase,049
317.5607294544716 + 115.25024416200199 + 171.3600753467872,0,0,,0.5166666666666667,,,,phase,056
317.5607294544716 + 115.25024416200199 + 171.3600753467872,1,1,1.0,0.5666666666666667,0.43333333333333335,0.20654329147389294,1.0,phase,075
317.5607294544716 + 115.25024416200199 + 171.3600753467872,0,0,,0.4,,,,phase,077
92.56072945447158 + 132.12524416200188 + 295.1100753467872,0,0,,0.48333333333333334,,,,phase,049
92.56072945447158 + 132.12524416200188 + 295.1100753467872,0,0,,0.5166666666666667,,,,phase,056
92.56072945447158 + 132.12524416200188 + 295.1100753467872,1,1,1.0,0.5666666666666667,0.43333333333333335,0.20654329147389294,1.0,phase,075
92.56072945447158 + 132.12524416200188 + 295.1100753467872,0,0,,0.4,,,,phase,077
227.56072945447158 + 149.00024416200188 + 58.8600753467872,0,0,,0.48333333333333334,,,,phase,049
227.56072945447158 + 149.00024416200188 + 58.8600753467872,0,0,,0.5166666666666667,,,,phase,056
227.56072945447158 + 149.00024416200188 + 58.8600753467872,1,0,0.0,0.5666666666666667,-0.5666666666666667,0.0,0.7934567085261071,phase,075
227.56072945447158 + 149.00024416200188 + 58.8600753467872,0,0,,0.4,,,,phase,077
2.560729454471584 + 165.87524416200188 + 182.6100753467872,0,0,,0.48333333333333334,,,,phase,049
2.560729454471584 + 165.87524416200188 + 182.6100753467872,0,0,,0.5166666666666667,,,,phase,056
2.560729454471584 + 165.87524416200188 + 182.6100753467872,1,1,1.0,0.5666666666666667,0.43333333333333335,0.20654329147389294,1.0,phase,075
2.560729454471584 + 165.87524416200188 + 182.6100753467872,0,0,,0.4,,,,phase,077
137.56072945447158 + 182.75024416200188 + 306.3600753467872,0,0,,0.48333333333333334,,,,phase,049
137.56072945447158 + 182.75024416200188 + 306.3600753467872,0,0,,0.5166666666666667,,,,phase,056
137.56072945447158 + 182.75024416200188 + 306.3600753467872,1,1,1.0,0.5666666666666667,0.43333333333333335,0.20654329147389294,1.0,phase,075
137.56072945447158 + 182.75024416200188 + 306.3600753467872,0,0,,0.4,,,,phase,077
272.5607294544716 + 199.6252441620021 + 70.1100753467872,0,0,,0.48333333333333334,,,,phase,049
272.5607294544716 + 199.6252441620021 + 70.1100753467872,0,0,,0.5166666666666667,,,,phase,056
272.5607294544716 + 199.6252441620021 + 70.1100753467872,1,1,1.0,0.5666666666666667,0.43333333333333335,0.20654329147389294,1.0,phase,075
272.5607294544716 + 199.6252441620021 + 70.1100753467872,0,0,,0.4,,,,phase,077
47.560729454471584 + 216.50024416200176 + 193.8600753467872,0,0,,0.48333333333333334,,,,phase,049
47.560729454471584 + 216.50024416200176 + 193.8600753467872,0,0,,0.5166666666666667,,,,phase,056
47.560729454471584 + 216.50024416200176 + 193.8600753467872,1,1,1.0,0.5666666666666667,0.43333333333333335,0.20654329147389294,1.0,phase,075
47.560729454471584 + 216.50024416200176 + 193.8600753467872,0,0,,0.4,,,,phase,077
182.56072945447158 + 233.375244162002 + 317.6100753467872,0,0,,0.48333333333333334,,,,phase,049
182.56072945447158 + 233.375244162002 + 317.6100753467872,0,0,,0.5166666666666667,,,,phase,056
182.56072945447158 + 233.375244162002 + 317.6100753467872,1,0,0.0,0.5666666666666667,-0.5666666666666667,0.0,0.7934567085261071,phase,075
182.56072945447158 + 233.375244162002 + 317.6100753467872,0,0,,0.4,,,,phase,077
317.5607294544716 + 250.25024416200188 + 81.3600753467872,0,0,,0.48333333333333334,,,,phase,049
317.5607294544716 + 250.25024416200188 + 81.3600753467872,0,0,,0.5166666666666667,,,,phase,056
317.5607294544716 + 250.25024416200188 + 81.3600753467872,1,1,1.0,0.5666666666666667,0.43333333333333335,0.20654329147389294,1.0,phase,075
317.5607294544716 + 250.25024416200188 + 81.3600753467872,0,0,,0.4,,,,phase,077
92.56072945447158 + 267.1252441620019 + 205.1100753467872,0,0,,0.48333333333333334,,,,phase,049
92.56072945447158 + 267.1252441620019 + 205.1100753467872,0,0,,0.5166666666666667,,,,phase,056
92.56072945447158 + 267.1252441620019 + 205.1100753467872,1,1,1.0,0.5666666666666667,0.43333333333333335,0.20654329147389294,1.0,phase,075
92.56072945447158 + 267.1252441620019 + 205.1100753467872,0,0,,0.4,,,,phase,077
227.56072945447067 + 284.000244162002 + 328.8600753467872,0,0,,0.48333333333333334,,,,phase,049
227.56072945447067 + 284.000244162002 + 328.8600753467872,0,0,,0.5166666666666667,,,,phase,056
227.56072945447067 + 284.000244162002 + 328.8600753467872,1,0,0.0,0.5666666666666667,-0.5666666666666667,0.0,0.7934567085261071,phase,075
227.56072945447067 + 284.000244162002 + 328.8600753467872,0,0,,0.4,,,,phase,077
2.560729454469765 + 300.87524416200176 + 92.6100753467872,0,0,,0.48333333333333334,,,,phase,049
2.560729454469765 + 300.87524416200176 + 92.6100753467872,0,0,,0.5166666666666667,,,,phase,056
2.560729454469765 + 300.87524416200176 + 92.6100753467872,1,1,1.0,0.5666666666666667,0.43333333333333335,0.20654329147389294,1.0,phase,075
2.560729454469765 + 300.87524416200176 + 92.6100753467872,0,0,,0.4,,,,phase,077
137.56072945447158 + 317.75024416200176 + 216.3600753467872,0,0,,0.48333333333333334,,,,phase,049
137.56072945447158 + 317.75024416200176 + 216.3600753467872,0,0,,0.5166666666666667,,,,phase,056
137.56072945447158 + 317.75024416200176 + 216.3600753467872,1,0,0.0,0.5666666666666667,-0.5666666666666667,0.0,0.7934567085261071,phase,075
137.56072945447158 + 317.75024416200176 + 216.3600753467872,0,0,,0.4,,,,phase,077
272.5607294544707 + 334.625244162002 + 340.1100753467872,0,0,,0.48333333333333334,,,,phase,049
272.5607294544707 + 334.625244162002 + 340.1100753467872,0,0,,0.5166666666666667,,,,phase,056
272.5607294544707 + 334.625244162002 + 340.1100753467872,1,0,0.0,0.5666666666666667,-0.5666666666666667,0.0,0.7934567085261071,phase,075
272.5607294544707 + 334.625244162002 + 340.1100753467872,0,0,,0.4,,,,phase,077
47.560729454470675 + 351.50024416200176 + 103.8600753467872,0,0,,0.48333333333333334,,,,phase,049
47.560729454470675 + 351.50024416200176 + 103.8600753467872,0,0,,0.5166666666666667,,,,phase,056
47.560729454470675 + 351.50024416200176 + 103.8600753467872,1,1,1.0,0.5666666666666667,0.43333333333333335,0.20654329147389294,1.0,phase,075
47.560729454470675 + 351.50024416200176 + 103.8600753467872,0,0,,0.4,,,,phase,077
182.56072945447158 + 8.37524416200199 + 227.6100753467872,0,0,,0.48333333333333334,,,,phase,049
182.56072945447158 + 8.37524416200199 + 227.6100753467872,0,0,,0.5166666666666667,,,,phase,056
182.56072945447158 + 8.37524416200199 + 227.6100753467872,1,0,0.0,0.5666666666666667,-0.5666666666666667,0.0,0.7934567085261071,phase,075
182.56072945447158 + 8.37524416200199 + 227.6100753467872,0,0,,0.4,,,,phase,077
189.95316808943087 + 278.4223081645392 + 41.536385332220306,0,0,,0.48333333333333334,,,,phase,049
189.95316808943087 + 278.4223081645392 + 41.536385332220306,0,0,,0.5166666666666667,,,,phase,056
189.95316808943087 + 278.4223081645392 + 41.536385332220306,0,0,,0.5666666666666667,,,,phase,075
189.95316808943087 + 278.4223081645392 + 41.536385332220306,1,0,0.0,0.4,-0.4,0.0,0.7934567085261071,phase,077
319.3281680894309 + 59.04730816453912 + 92.1613853322203,0,0,,0.48333333333333334,,,,phase,049
319.3281680894309 + 59.04730816453912 + 92.1613853322203,0,0,,0.5166666666666667,,,,phase,056
319.3281680894309 + 59.04730816453912 + 92.1613853322203,0,0,,0.5666666666666667,,,,phase,075
319.3281680894309 + 59.04730816453912 + 92.1613853322203,1,1,1.0,0.4,0.6,0.20654329147389294,1.0,phase,077
88.70316808943085 + 199.67230816453912 + 142.78638533222028,0,0,,0.48333333333333334,,,,phase,049
88.70316808943085 + 199.67230816453912 + 142.78638533222028,0,0,,0.5166666666666667,,,,phase,056
88.70316808943085 + 199.67230816453912 + 142.78638533222028,0,0,,0.5666666666666667,,,,phase,075
88.70316808943085 + 199.67230816453912 + 142.78638533222028,1,1,1.0,0.4,0.6,0.20654329147389294,1.0,phase,077
218.07816808943085 + 340.2973081645391 + 193.4113853322203,0,0,,0.48333333333333334,,,,phase,049
218.07816808943085 + 340.2973081645391 + 193.4113853322203,0,0,,0.5166666666666667,,,,phase,056
218.07816808943085 + 340.2973081645391 + 193.4113853322203,0,0,,0.5666666666666667,,,,phase,075
218.07816808943085 + 340.2973081645391 + 193.4113853322203,1,0,0.0,0.4,-0.4,0.0,0.7934567085261071,phase,077
347.45316808943085 + 120.92230816453923 + 244.0363853322203,0,0,,0.48333333333333334,,,,phase,049
347.45316808943085 + 120.92230816453923 + 244.0363853322203,0,0,,0.5166666666666667,,,,phase,056
347.45316808943085 + 120.92230816453923 + 244.0363853322203,0,0,,0.5666666666666667,,,,phase,075
347.45316808943085 + 120.92230816453923 + 244.0363853322203,1,0,0.0,0.4,-0.4,0.0,0.7934567085261071,phase,077
116.82816808943073 + 261.54730816453923 + 294.66138533222033,0,0,,0.48333333333333334,,,,phase,049
116.82816808943073 + 261.54730816453923 + 294.66138533222033,0,0,,0.5166666666666667,,,,phase,056
116.82816808943073 + 261.54730816453923 + 294.66138533222033,0,0,,0.5666666666666667,,,,phase,075
116.82816808943073 + 261.54730816453923 + 294.66138533222033,1,0,0.0,0.4,-0.4,0.0,0.7934567085261071,phase,077
246.20316808943073 + 42.17230816453912 + 345.2863853322203,0,0,,0.48333333333333334,,,,phase,049
246.20316808943073 + 42.17230816453912 + 345.2863853322203,0,0,,0.5166666666666667,,,,phase,056
246.20316808943073 + 42.17230816453912 + 345.2863853322203,0,0,,0.5666666666666667,,,,phase,075
246.20316808943073 + 42.17230816453912 + 345.2863853322203,1,1,1.0,0.4,0.6,0.20654329147389294,1.0,phase,077
15.578168089430847 + 182.79730816453934 + 35.91138533222028,0,0,,0.48333333333333334,,,,phase,049
15.578168089430847 + 182.79730816453934 + 35.91138533222028,0,0,,0.5166666666666667,,,,phase,056
15.578168089430847 + 182.79730816453934 + 35.91138533222028,0,0,,0.5666666666666667,,,,phase,075
15.578168089430847 + 182.79730816453934 + 35.91138533222028,1,0,0.0,0.4,-0.4,0.0,0.7934567085261071,phase,077
144.95316808943085 + 323.4223081645391 + 86.53638533222033,0,0,,0.48333333333333334,,,,phase,049
144.95316808943085 + 323.4223081645391 + 86.53638533222033,0,0,,0.5166666666666667,,,,phase,056
144.95316808943085 + 323.4223081645391 + 86.53638533222033,0,0,,0.5666666666666667,,,,phase,075
144.95316808943085 + 323.4223081645391 + 86.53638533222033,1,1,1.0,0.4,0.6,0.20654329147389294,1.0,phase,077
274.32816808943085 + 104.04730816453912 + 137.16138533222028,0,0,,0.48333333333333334,,,,phase,049
274.32816808943085 + 104.04730816453912 + 137.16138533222028,0,0,,0.5166666666666667,,,,phase,056
274.32816808943085 + 104.04730816453912 + 137.16138533222028,0,0,,0.5666666666666667,,,,phase,075
274.32816808943085 + 104.04730816453912 + 137.16138533222028,1,1,1.0,0.4,0.6,0.20654329147389294,1.0,phase,077
43.70316808943085 + 244.67230816453934 + 187.78638533222033,0,0,,0.48333333333333334,,,,phase,049
43.70316808943085 + 244.67230816453934 + 187.78638533222033,0,0,,0.5166666666666667,,,,phase,056
43.70316808943085 + 244.67230816453934 + 187.78638533222033,0,0,,0.5666666666666667,,,,phase,075
43.70316808943085 + 244.67230816453934 + 187.78638533222033,1,0,0.0,0.4,-0.4,0.0,0.7934567085261071,phase,077
173.07816808943085 + 25.297308164539118 + 238.41138533222033,0,0,,0.48333333333333334,,,,phase,049
173.07816808943085 + 25.297308164539118 + 238.41138533222033,0,0,,0.5166666666666667,,,,phase,056
173.07816808943085 + 25.297308164539118 + 238.41138533222033,0,0,,0.5666666666666667,,,,phase,075
173.07816808943085 + 25.297308164539118 + 238.41138533222033,1,1,1.0,0.4,0.6,0.20654329147389294,1.0,phase,077
302.45316808943085 + 165.92230816453912 + 289.0363853322202,0,0,,0.48333333333333334,,,,phase,049
302.45316808943085 + 165.92230816453912 + 289.0363853322202,0,0,,0.5166666666666667,,,,phase,056
302.45316808943085 + 165.92230816453912 + 289.0363853322202,0,0,,0.5666666666666667,,,,phase,075
302.45316808943085 + 165.92230816453912 + 289.0363853322202,1,0,0.0,0.4,-0.4,0.0,0.7934567085261071,phase,077
71.82816808943107 + 306.54730816453866 + 339.66138533222033,0,0,,0.48333333333333334,,,,phase,049
71.82816808943107 + 306.54730816453866 + 339.66138533222033,0,0,,0.5166666666666667,,,,phase,056
71.82816808943107 + 306.54730816453866 + 339.66138533222033,0,0,,0.5666666666666667,,,,phase,075
71.82816808943107 + 306.54730816453866 + 339.66138533222033,1,1,1.0,0.4,0.6,0.20654329147389294,1.0,phase,077
201.20316808943085 + 87.17230816453912 + 30.286385332220334,0,0,,0.48333333333333334,,,,phase,049
201.20316808943085 + 87.17230816453912 + 30.286385332220334,0,0,,0.5166666666666667,,,,phase,056
201.20316808943085 + 87.17230816453912 + 30.286385332220334,0,0,,0.5666666666666667,,,,phase,075
201.20316808943085 + 87.17230816453912 + 30.286385332220334,1,0,0.0,0.4,-0.4,0.0,0.7934567085261071,phase,077
330.5781680894306 + 227.79730816453912 + 80.91138533222022,0,0,,0.48333333333333334,,,,phase,049
330.5781680894306 + 227.79730816453912 + 80.91138533222022,0,0,,0.5166666666666667,,,,phase,056
330.5781680894306 + 227.79730816453912 + 80.91138533222022,0,0,,0.5666666666666667,,,,phase,075
330.5781680894306 + 227.79730816453912 + 80.91138533222022,1,0,0.0,0.4,-0.4,0.0,0.7934567085261071,phase,077
99.95316808943062 + 8.422308164539118 + 131.53638533222022,0,0,,0.48333333333333334,,,,phase,049
99.95316808943062 + 8.422308164539118 + 131.53638533222022,0,0,,0.5166666666666667,,,,phase,056
99.95316808943062 + 8.422308164539118 + 131.53638533222022,0,0,,0.5666666666666667,,,,phase,075
99.95316808943062 + 8.422308164539118 + 131.53638533222022,1,1,1.0,0.4,0.6,0.20654329147389294,1.0,phase,077
229.32816808943107 + 149.04730816453957 + 182.16138533222033,0,0,,0.48333333333333334,,,,phase,049
229.32816808943107 + 149.04730816453957 + 182.16138533222033,0,0,,0.5166666666666667,,,,phase,056
229.32816808943107 + 149.04730816453957 + 182.16138533222033,0,0,,0.5666666666666667,,,,phase,075
229.32816808943107 + 149.04730816453957 + 182.16138533222033,1,0,0.0,0.4,-0.4,0.0,0.7934567085261071,phase,077
358.7031680894306 + 289.67230816453866 + 232.78638533222033,0,0,,0.48333333333333334,,,,phase,049
358.7031680894306 + 289.67230816453866 + 232.78638533222033,0,0,,0.5166666666666667,,,,phase,056
358.7031680894306 + 289.67230816453866 + 232.78638533222033,0,0,,0.5666666666666667,,,,phase,075
358.7031680894306 + 289.67230816453866 + 232.78638533222033,1,0,0.0,0.4,-0.4,0.0,0.7934567085261071,phase,077
128.07816808943062 + 70.29730816453866 + 283.41138533222033,0,0,,0.48333333333333334,,,,phase,049
128.07816808943062 + 70.29730816453866 + 283.41138533222033,0,0,,0.5166666666666667,,,,phase,056
128.07816808943062 + 70.29730816453866 + 283.41138533222033,0,0,,0.5666666666666667,,,,phase,075
128.07816808943062 + 70.29730816453866 + 283.41138533222033,1,0,0.0,0.4,-0.4,0.0,0.7934567085261071,phase,077
257.45316808943016 + 210.92230816453912 + 334.03638533222033,0,0,,0.48333333333333334,,,,phase,049
257.45316808943016 + 210.92230816453912 + 334.03638533222033,0,0,,0.5166666666666667,,,,phase,056
257.45316808943016 + 210.92230816453912 + 334.03638533222033,0,0,,0.5666666666666667,,,,phase,075
257.45316808943016 + 210.92230816453912 + 334.03638533222033,1,0,0.0,0.4,-0.4,0.0,0.7934567085261071,phase,077
26.828168089431074 + 351.5473081645391 + 24.661385332220334,0,0,,0.48333333333333334,,,,phase,049
26.828168089431074 + 351.5473081645391 + 24.661385332220334,0,0,,0.5166666666666667,,,,phase,056
26.828168089431074 + 351.5473081645391 + 24.661385332220334,0,0,,0.5666666666666667,,,,phase,075
26.828168089431074 + 351.5473081645391 + 24.661385332220334,1,1,1.0,0.4,0.6,0.20654329147389294,1.0,phase,077
156.20316808943062 + 132.17230816453912 + 75.28638533222056,0,0,,0.48333333333333334,,,,phase,049
156.20316808943062 + 132.17230816453912 + 75.28638533222056,0,0,,0.5166666666666667,,,,phase,056
156.20316808943062 + 132.17230816453912 + 75.28638533222056,0,0,,0.5666666666666667,,,,phase,075
156.20316808943062 + 132.17230816453912 + 75.28638533222056,1,1,1.0,0.4,0.6,0.20654329147389294,1.0,phase,077
285.5781680894306 + 272.7973081645396 + 125.91138533222033,0,0,,0.48333333333333334,,,,phase,049
285.5781680894306 + 272.7973081645396 + 125.91138533222033,0,0,,0.5166666666666667,,,,phase,056
285.5781680894306 + 272.7973081645396 + 125.91138533222033,0,0,,0.5666666666666667,,,,phase,075
285.5781680894306 + 272.7973081645396 + 125.91138533222033,1,0,0.0,0.4,-0.4,0.0,0.7934567085261071,phase,077
54.953168089431074 + 53.42230816453866 + 176.53638533222033,0,0,,0.48333333333333334,,,,phase,049
54.953168089431074 + 53.42230816453866 + 176.53638533222033,0,0,,0.5166666666666667,,,,phase,056
54.953168089431074 + 53.42230816453866 + 176.53638533222033,0,0,,0.5666666666666667,,,,phase,075
54.953168089431074 + 53.42230816453866 + 176.53638533222033,1,1,1.0,0.4,0.6,0.20654329147389294,1.0,phase,077
184.32816808943062 + 194.04730816453866 + 227.16138533222033,0,0,,0.48333333333333334,,,,phase,049
184.32816808943062 + 194.04730816453866 + 227.16138533222033,0,0,,0.5166666666666667,,,,phase,056
184.32816808943062 + 194.04730816453866 + 227.16138533222033,0,0,,0.5666666666666667,,,,phase,075
184.32816808943062 + 194.04730816453866 + 227.16138533222033,1,0,0.0,0.4,-0.4,0.0,0.7934567085261071,phase,077
313.7031680894306 + 334.6723081645396 + 277.78638533222033,0,0,,0.48333333333333334,,,,phase,049
313.7031680894306 + 334.6723081645396 + 277.78638533222033,0,0,,0.5166666666666667,,,,phase,056
313.7031680894306 + 334.6723081645396 + 277.78638533222033,0,0,,0.5666666666666667,,,,phase,075
313.7031680894306 + 334.6723081645396 + 277.78638533222033,1,0,0.0,0.4,-0.4,0.0,0.7934567085261071,phase,077
83.07816808943016 + 115.29730816454003 + 328.41138533222033,0,0,,0.48333333333333334,,,,phase,049
83.07816808943016 + 115.29730816454003 + 328.41138533222033,0,0,,0.5166666666666667,,,,phase,056
83.07816808943016 + 115.29730816454003 + 328.41138533222033,0,0,,0.5666666666666667,,,,phase,075
83.07816808943016 + 115.29730816454003 + 328.41138533222033,1,0,0.0,0.4,-0.4,0.0,0.7934567085261071,phase,077
212.45316808943062 + 255.92230816453957 + 19.03638533222056,0,0,,0.48333333333333334,,,,phase,049
212.45316808943062 + 255.92230816453957 + 19.03638533222056,0,0,,0.5166666666666667,,,,phase,056
212.45316808943062 + 255.92230816453957 + 19.03638533222056,0,0,,0.5666666666666667,,,,phase,075
212.45316808943062 + 255.92230816453957 + 19.03638533222056,1,0,0.0,0.4,-0.4,0.0,0.7934567085261071,phase,077
341.8281680894306 + 36.54730816453957 + 69.66138533222033,0,0,,0.48333333333333334,,,,phase,049
341.8281680894306 + 36.54730816453957 + 69.66138533222033,0,0,,0.5166666666666667,,,,phase,056
341.8281680894306 + 36.54730816453957 + 69.66138533222033,0,0,,0.5666666666666667,,,,phase,075
341.8281680894306 + 36.54730816453957 + 69.66138533222033,1,0,0.0,0.4,-0.4,0.0,0.7934567085261071,phase,077
111.20316808943016 + 177.17230816453957 + 120.28638533222033,0,0,,0.48333333333333334,,,,phase,049
111.20316808943016 + 177.17230816453957 + 120.28638533222033,0,0,,0.5166666666666667,,,,phase,056
111.20316808943016 + 177.17230816453957 + 120.28638533222033,0,0,,0.5666666666666667,,,,phase,075
111.20316808943016 + 177.17230816453957 + 120.28638533222033,1,1,1.0,0.4,0.6,0.20654329147389294,1.0,phase,077
240.57816808943062 + 317.7973081645396 + 170.91138533222033,0,0,,0.48333333333333334,,,,phase,049
240.57816808943062 + 317.7973081645396 + 170.91138533222033,0,0,,0.5166666666666667,,,,phase,056
240.57816808943062 + 317.7973081645396 + 170.91138533222033,0,0,,0.5666666666666667,,,,phase,075
240.57816808943062 + 317.7973081645396 + 170.91138533222033,1,0,0.0,0.4,-0.4,0.0,0.7934567085261071,phase,077
9.95316808943062 + 98.42230816453957 + 221.53638533222033,0,0,,0.48333333333333334,,,,phase,049
9.95316808943062 + 98.42230816453957 + 221.53638533222033,0,0,,0.5166666666666667,,,,phase,056
9.95316808943062 + 98.42230816453957 + 221.53638533222033,0,0,,0.5666666666666667,,,,phase,075
9.95316808943062 + 98.42230816453957 + 221.53638533222033,1,1,1.0,0.4,0.6,0.20654329147389294,1.0,phase,077
139.32816808943062 + 239.04730816453957 + 272.16138533222033,0,0,,0.48333333333333334,,,,phase,049
139.32816808943062 + 239.04730816453957 + 272.16138533222033,0,0,,0.5166666666666667,,,,phase,056
139.32816808943062 + 239.04730816453957 + 272.16138533222033,0,0,,0.5666666666666667,,,,phase,075
139.32816808943062 + 239.04730816453957 + 272.16138533222033,1,0,0.0,0.4,-0.4,0.0,0.7934567085261071,phase,077
268.7031680894306 + 19.672308164539572 + 322.78638533222033,0,0,,0.48333333333333334,,,,phase,049
268.7031680894306 + 19.672308164539572 + 322.78638533222033,0,0,,0.5166666666666667,,,,phase,056
268.7031680894306 + 19.672308164539572 + 322.78638533222033,0,0,,0.5666666666666667,,,,phase,075
268.7031680894306 + 19.672308164539572 + 322.78638533222033,1,0,0.0,0.4,-0.4,0.0,0.7934567085261071,phase,077
38.07816808943062 + 160.29730816454048 + 13.411385332220561,0,0,,0.48333333333333334,,,,phase,049
38.07816808943062 + 160.29730816454048 + 13.411385332220561,0,0,,0.5166666666666667,,,,phase,056
38.07816808943062 + 160.29730816454048 + 13.411385332220561,0,0,,0.5666666666666667,,,,phase,075
38.07816808943062 + 160.29730816454048 + 13.411385332220561,1,1,1.0,0.4,0.6,0.20654329147389294,1.0,phase,077
167.45316808943062 + 300.9223081645396 + 64.03638533222056,0,0,,0.48333333333333334,,,,phase,049
167.45316808943062 + 300.9223081645396 + 64.03638533222056,0,0,,0.5166666666666667,,,,phase,056
167.45316808943062 + 300.9223081645396 + 64.03638533222056,0,0,,0.5666666666666667,,,,phase,075
167.45316808943062 + 300.9223081645396 + 64.03638533222056,1,1,1.0,0.4,0.6,0.20654329147389294,1.0,phase,077
296.8281680894306 + 81.54730816453957 + 114.6613853322201,0,0,,0.48333333333333334,,,,phase,049
296.8281680894306 + 81.54730816453957 + 114.6613853322201,0,0,,0.5166666666666667,,,,phase,056
296.8281680894306 + 81.54730816453957 + 114.6613853322201,0,0,,0.5666666666666667,,,,phase,075
296.8281680894306 + 81.54730816453957 + 114.6613853322201,1,1,1.0,0.4,0.6,0.20654329147389294,1.0,phase,077
66.20316808943062 + 222.17230816453957 + 165.28638533222056,0,0,,0.48333333333333334,,,,phase,049
66.20316808943062 + 222.17230816453957 + 165.28638533222056,0,0,,0.5166666666666667,,,,phase,056
66.20316808943062 + 222.17230816453957 + 165.28638533222056,0,0,,0.5666666666666667,,,,phase,075
66.20316808943062 + 222.17230816453957 + 165.28638533222056,1,0,0.0,0.4,-0.4,0.0,0.7934567085261071,phase,077
195.57816808943062 + 2.7973081645395723 + 215.9113853322201,0,0,,0.48333333333333334,,,,phase,049
195.57816808943062 + 2.7973081645395723 + 215.9113853322201,0,0,,0.5166666666666667,,,,phase,056
195.57816808943062 + 2.7973081645395723 + 215.9113853322201,0,0,,0.5666666666666667,,,,phase,075
195.57816808943062 + 2.7973081645395723 + 215.9113853322201,1,0,0.0,0.4,-0.4,0.0,0.7934567085261071,phase,077
324.9531680894306 + 143.42230816453957 + 266.53638533222056,0,0,,0.48333333333333334,,,,phase,049
324.9531680894306 + 143.42230816453957 + 266.53638533222056,0,0,,0.5166666666666667,,,,phase,056
324.9531680894306 + 143.42230816453957 + 266.53638533222056,0,0,,0.5666666666666667,,,,phase,075
324.9531680894306 + 143.42230816453957 + 266.53638533222056,1,0,0.0,0.4,-0.4,0.0,0.7934567085261071,phase,077
94.32816808943062 + 284.0473081645405 + 317.1613853322201,0,0,,0.48333333333333334,,,,phase,049
94.32816808943062 + 284.0473081645405 + 317.1613853322201,0,0,,0.5166666666666667,,,,phase,056
94.32816808943062 + 284.0473081645405 + 317.1613853322201,0,0,,0.5666666666666667,,,,phase,075
94.32816808943062 + 284.0473081645405 + 317.1613853322201,1,0,0.0,0.4,-0.4,0.0,0.7934567085261071,phase,077
223.70316808943062 + 64.67230816453957 + 7.786385332220561,0,0,,0.48333333333333334,,,,phase,049
223.70316808943062 + 64.67230816453957 + 7.786385332220561,0,0,,0.5166666666666667,,,,phase,056
223.70316808943062 + 64.67230816453957 + 7.786385332220561,0,0,,0.5666666666666667,,,,phase,075
223.70316808943062 + 64.67230816453957 + 7.786385332220561,1,0,0.0,0.4,-0.4,0.0,0.7934567085261071,phase,077
353.0781680894306 + 205.29730816453957 + 58.41138533222011,0,0,,0.48333333333333334,,,,phase,049
353.0781680894306 + 205.29730816453957 + 58.41138533222011,0,0,,0.5166666666666667,,,,phase,056
353.0781680894306 + 205.29730816453957 + 58.41138533222011,0,0,,0.5666666666666667,,,,phase,075
353.0781680894306 + 205.29730816453957 + 58.41138533222011,1,1,1.0,0.4,0.6,0.20654329147389294,1.0,phase,077
122.45316808943062 + 345.9223081645396 + 109.03638533222056,0,0,,0.48333333333333334,,,,phase,049
122.45316808943062 + 345.9223081645396 + 109.03638533222056,0,0,,0.5166666666666667,,,,phase,056
122.45316808943062 + 345.9223081645396 + 109.03638533222056,0,0,,0.5666666666666667,,,,phase,075
122.45316808943062 + 345.9223081645396 + 109.03638533222056,1,1,1.0,0.4,0.6,0.20654329147389294,1.0,phase,077
251.82816808943062 + 126.54730816453957 + 159.66138533222056,0,0,,0.48333333333333334,,,,phase,049
251.82816808943062 + 126.54730816453957 + 159.66138533222056,0,0,,0.5166666666666667,,,,phase,056
251.82816808943062 + 126.54730816453957 + 159.66138533222056,0,0,,0.5666666666666667,,,,phase,075
251.82816808943062 + 126.54730816453957 + 159.66138533222056,1,0,0.0,0.4,-0.4,0.0,0.7934567085261071,phase,077
21.20316808943062 + 267.1723081645396 + 210.2863853322201,0,0,,0.48333333333333334,,,,phase,049
21.20316808943062 + 267.1723081645396 + 210.2863853322201,0,0,,0.5166666666666667,,,,phase,056
21.20316808943062 + 267.1723081645396 + 210.2863853322201,0,0,,0.5666666666666667,,,,phase,075
21.20316808943062 + 267.1723081645396 + 210.2863853322201,1,1,1.0,0.4,0.6,0.20654329147389294,1.0,phase,077
150.57816808943062 + 47.79730816454048 + 260.91138533222056,0,0,,0.48333333333333334,,,,phase,049
150.57816808943062 + 47.79730816454048 + 260.91138533222056,0,0,,0.5166666666666667,,,,phase,056
150.57816808943062 + 47.79730816454048 + 260.91138533222056,0,0,,0.5666666666666667,,,,phase,075
150.57816808943062 + 47.79730816454048 + 260.91138533222056,1,0,0.0,0.4,-0.4,0.0,0.7934567085261071,phase,077
279.9531680894306 + 188.42230816453957 + 311.5363853322201,0,0,,0.48333333333333334,,,,phase,049
279.9531680894306 + 188.42230816453957 + 311.5363853322201,0,0,,0.5166666666666667,,,,phase,056
279.9531680894306 + 188.42230816453957 + 311.5363853322201,0,0,,0.5666666666666667,,,,phase,075
279.9531680894306 + 188.42230816453957 + 311.5363853322201,1,0,0.0,0.4,-0.4,0.0,0.7934567085261071,phase,077
49.32816808943062 + 329.0473081645396 + 2.1613853322205614,0,0,,0.48333333333333334,,,,phase,049
49.32816808943062 + 329.0473081645396 + 2.1613853322205614,0,0,,0.5166666666666667,,,,phase,056
49.32816808943062 + 329.0473081645396 + 2.1613853322205614,0,0,,0.5666666666666667,,,,phase,075
49.32816808943062 + 329.0473081645396 + 2.1613853322205614,1,1,1.0,0.4,0.6,0.20654329147389294,1.0,phase,077
178.70316808943062 + 109.67230816453957 + 52.78638533222011,0,0,,0.48333333333333334,,,,phase,049
178.70316808943062 + 109.67230816453957 + 52.78638533222011,0,0,,0.5166666666666667,,,,phase,056
178.70316808943062 + 109.67230816453957 + 52.78638533222011,0,0,,0.5666666666666667,,,,phase,075
178.70316808943062 + 109.67230816453957 + 52.78638533222011,1,0,0.0,0.4,-0.4,0.0,0.7934567085261071,phase,077
308.0781680894306 + 250.29730816453866 + 103.41138533222056,0,0,,0.48333333333333334,,,,phase,049
308.0781680894306 + 250.29730816453866 + 103.41138533222056,0,0,,0.5166666666666667,,,,phase,056
308.0781680894306 + 250.29730816453866 + 103.41138533222056,0,0,,0.5666666666666667,,,,phase,075
308.0781680894306 + 250.29730816453866 + 103.41138533222056,1,1,1.0,0.4,0.6,0.20654329147389294,1.0,phase,077
77.45316808943062 + 30.922308164539572 + 154.0363853322201,0,0,,0.48333333333333334,,,,phase,049
77.45316808943062 + 30.922308164539572 + 154.0363853322201,0,0,,0.5166666666666667,,,,phase,056
77.45316808943062 + 30.922308164539572 + 154.0363853322201,0,0,,0.5666666666666667,,,,phase,075
77.45316808943062 + 30.922308164539572 + 154.0363853322201,1,1,1.0,0.4,0.6,0.20654329147389294,1.0,phase,077
206.82816808943062 + 171.54730816453957 + 204.66138533222056,0,0,,0.48333333333333334,,,,phase,049
206.82816808943062 + 171.54730816453957 + 204.66138533222056,0,0,,0.5166666666666667,,,,phase,056
206.82816808943062 + 171.54730816453957 + 204.66138533222056,0,0,,0.5666666666666667,,,,phase,075
206.82816808943062 + 171.54730816453957 + 204.66138533222056,1,0,0.0,0.4,-0.4,0.0,0.7934567085261071,phase,077
336.2031680894306 + 312.1723081645396 + 255.2863853322201,0,0,,0.48333333333333334,,,,phase,049
336.2031680894306 + 312.1723081645396 + 255.2863853322201,0,0,,0.5166666666666667,,,,phase,056
336.2031680894306 + 312.1723081645396 + 255.2863853322201,0,0,,0.5666666666666667,,,,phase,075
336.2031680894306 + 312.1723081645396 + 255.2863853322201,1,1,1.0,0.4,0.6,0.20654329147389294,1.0,phase,077
105.57816808943062 + 92.79730816453957 + 305.91138533222056,0,0,,0.48333333333333334,,,,phase,049
105.57816808943062 + 92.79730816453957 + 305.91138533222056,0,0,,0.5166666666666667,,,,phase,056
105.57816808943062 + 92.79730816453957 + 305.91138533222056,0,0,,0.5666666666666667,,,,phase,075
105.57816808943062 + 92.79730816453957 + 305.91138533222056,1,1,1.0,0.4,0.6,0.20654329147389294,1.0,phase,077
234.9531680894297 + 233.42230816453957 + 356.5363853322201,0,0,,0.48333333333333334,,,,phase,049
234.9531680894297 + 233.42230816453957 + 356.5363853322201,0,0,,0.5166666666666667,,,,phase,056
234.9531680894297 + 233.42230816453957 + 356.5363853322201,0,0,,0.5666666666666667,,,,phase,075
234.9531680894297 + 233.42230816453957 + 356.5363853322201,1,0,0.0,0.4,-0.4,0.0,0.7934567085261071,phase,077
4.328168089430619 + 14.047308164539572 + 47.16138533222056,0,0,,0.48333333333333334,,,,phase,049
4.328168089430619 + 14.047308164539572 + 47.16138533222056,0,0,,0.5166666666666667,,,,phase,056
4.328168089430619 + 14.047308164539572 + 47.16138533222056,0,0,,0.5666666666666667,,,,phase,075
4.328168089430619 + 14.047308164539572 + 47.16138533222056,1,0,0.0,0.4,-0.4,0.0,0.7934567085261071,phase,077
133.7031680894297 + 154.67230816453775 + 97.78638533222056,0,0,,0.48333333333333334,,,,phase,049
133.7031680894297 + 154.67230816453775 + 97.78638533222056,0,0,,0.5166666666666667,,,,phase,056
133.7031680894297 + 154.67230816453775 + 97.78638533222056,0,0,,0.5666666666666667,,,,phase,075
133.7031680894297 + 154.67230816453775 + 97.78638533222056,1,0,0.0,0.4,-0.4,0.0,0.7934567085261071,phase,077
263.0781680894297 + 295.29730816453775 + 148.4113853322201,0,0,,0.48333333333333334,,,,phase,049
263.0781680894297 + 295.29730816453775 + 148.4113853322201,0,0,,0.5166666666666667,,,,phase,056
263.0781680894297 + 295.29730816453775 + 148.4113853322201,0,0,,0.5666666666666667,,,,phase,075
263.0781680894297 + 295.29730816453775 + 148.4113853322201,1,0,0.0,0.4,-0.4,0.0,0.7934567085261071,phase,077
LONG=315-360 + MID=225-270 + SHORT=315-360,1,0,0.0,0.48333333333333334,-0.48333333333333334,0.0,0.7934567085261071,phase_role,049
LONG=315-360 + MID=225-270 + SHORT=315-360,0,0,,0.5166666666666667,,,,phase_role,056
LONG=315-360 + MID=225-270 + SHORT=315-360,0,0,,0.5666666666666667,,,,phase_role,075
LONG=315-360 + MID=225-270 + SHORT=315-360,0,0,,0.4,,,,phase_role,077
LONG=90-135 + MID=0-45 + SHORT=45-90,1,1,1.0,0.48333333333333334,0.5166666666666666,0.20654329147389294,1.0,phase_role,049
LONG=90-135 + MID=0-45 + SHORT=45-90,0,0,,0.5166666666666667,,,,phase_role,056
LONG=90-135 + MID=0-45 + SHORT=45-90,0,0,,0.5666666666666667,,,,phase_role,075
LONG=90-135 + MID=0-45 + SHORT=45-90,0,0,,0.4,,,,phase_role,077
LONG=225-270 + MID=180-225 + SHORT=135-180,1,0,0.0,0.48333333333333334,-0.48333333333333334,0.0,0.7934567085261071,phase_role,049
LONG=225-270 + MID=180-225 + SHORT=135-180,0,0,,0.5166666666666667,,,,phase_role,056
LONG=225-270 + MID=180-225 + SHORT=135-180,1,0,0.0,0.5666666666666667,-0.5666666666666667,0.0,0.7934567085261071,phase_role,075
LONG=225-270 + MID=180-225 + SHORT=135-180,0,0,,0.4,,,,phase_role,077
LONG=45-90 + MID=315-360 + SHORT=225-270,1,0,0.0,0.48333333333333334,-0.48333333333333334,0.0,0.7934567085261071,phase_role,049
LONG=45-90 + MID=315-360 + SHORT=225-270,0,0,,0.5166666666666667,,,,phase_role,056
LONG=45-90 + MID=315-360 + SHORT=225-270,0,0,,0.5666666666666667,,,,phase_role,075
LONG=45-90 + MID=315-360 + SHORT=225-270,0,0,,0.4,,,,phase_role,077
LONG=180-225 + MID=135-180 + SHORT=315-360,1,0,0.0,0.48333333333333334,-0.48333333333333334,0.0,0.7934567085261071,phase_role,049
LONG=180-225 + MID=135-180 + SHORT=315-360,1,1,1.0,0.5166666666666667,0.4833333333333333,0.20654329147389294,1.0,phase_role,056
LONG=180-225 + MID=135-180 + SHORT=315-360,0,0,,0.5666666666666667,,,,phase_role,075
LONG=180-225 + MID=135-180 + SHORT=315-360,0,0,,0.4,,,,phase_role,077
LONG=315-360 + MID=270-315 + SHORT=45-90,1,1,1.0,0.48333333333333334,0.5166666666666666,0.20654329147389294,1.0,phase_role,049
LONG=315-360 + MID=270-315 + SHORT=45-90,0,0,,0.5166666666666667,,,,phase_role,056
LONG=315-360 + MID=270-315 + SHORT=45-90,0,0,,0.5666666666666667,,,,phase_role,075
LONG=315-360 + MID=270-315 + SHORT=45-90,0,0,,0.4,,,,phase_role,077
LONG=135-180 + MID=90-135 + SHORT=135-180,1,0,0.0,0.48333333333333334,-0.48333333333333334,0.0,0.7934567085261071,phase_role,049
LONG=135-180 + MID=90-135 + SHORT=135-180,0,0,,0.5166666666666667,,,,phase_role,056
LONG=135-180 + MID=90-135 + SHORT=135-180,0,0,,0.5666666666666667,,,,phase_role,075
LONG=135-180 + MID=90-135 + SHORT=135-180,0,0,,0.4,,,,phase_role,077
LONG=270-315 + MID=225-270 + SHORT=225-270,1,1,1.0,0.48333333333333334,0.5166666666666666,0.20654329147389294,1.0,phase_role,049
LONG=270-315 + MID=225-270 + SHORT=225-270,0,0,,0.5166666666666667,,,,phase_role,056
LONG=270-315 + MID=225-270 + SHORT=225-270,0,0,,0.5666666666666667,,,,phase_role,075
LONG=270-315 + MID=225-270 + SHORT=225-270,0,0,,0.4,,,,phase_role,077
LONG=90-135 + MID=45-90 + SHORT=315-360,1,1,1.0,0.48333333333333334,0.5166666666666666,0.20654329147389294,1.0,phase_role,049
LONG=90-135 + MID=45-90 + SHORT=315-360,1,1,1.0,0.5166666666666667,0.4833333333333333,0.20654329147389294,1.0,phase_role,056
LONG=90-135 + MID=45-90 + SHORT=315-360,0,0,,0.5666666666666667,,,,phase_role,075
LONG=90-135 + MID=45-90 + SHORT=315-360,0,0,,0.4,,,,phase_role,077
LONG=225-270 + MID=180-225 + SHORT=45-90,1,1,1.0,0.48333333333333334,0.5166666666666666,0.20654329147389294,1.0,phase_role,049
LONG=225-270 + MID=180-225 + SHORT=45-90,0,0,,0.5166666666666667,,,,phase_role,056
LONG=225-270 + MID=180-225 + SHORT=45-90,0,0,,0.5666666666666667,,,,phase_role,075
LONG=225-270 + MID=180-225 + SHORT=45-90,0,0,,0.4,,,,phase_role,077
LONG=0-45 + MID=0-45 + SHORT=135-180,1,1,1.0,0.48333333333333334,0.5166666666666666,0.20654329147389294,1.0,phase_role,049
LONG=0-45 + MID=0-45 + SHORT=135-180,0,0,,0.5166666666666667,,,,phase_role,056
LONG=0-45 + MID=0-45 + SHORT=135-180,0,0,,0.5666666666666667,,,,phase_role,075
LONG=0-45 + MID=0-45 + SHORT=135-180,0,0,,0.4,,,,phase_role,077
LONG=180-225 + MID=135-180 + SHORT=225-270,1,0,0.0,0.48333333333333334,-0.48333333333333334,0.0,0.7934567085261071,phase_role,049
LONG=180-225 + MID=135-180 + SHORT=225-270,0,0,,0.5166666666666667,,,,phase_role,056
LONG=180-225 + MID=135-180 + SHORT=225-270,0,0,,0.5666666666666667,,,,phase_role,075
LONG=180-225 + MID=135-180 + SHORT=225-270,0,0,,0.4,,,,phase_role,077
LONG=315-360 + MID=315-360 + SHORT=315-360,1,0,0.0,0.48333333333333334,-0.48333333333333334,0.0,0.7934567085261071,phase_role,049
LONG=315-360 + MID=315-360 + SHORT=315-360,0,0,,0.5166666666666667,,,,phase_role,056
LONG=315-360 + MID=315-360 + SHORT=315-360,0,0,,0.5666666666666667,,,,phase_role,075
LONG=315-360 + MID=315-360 + SHORT=315-360,0,0,,0.4,,,,phase_role,077
LONG=90-135 + MID=90-135 + SHORT=45-90,1,0,0.0,0.48333333333333334,-0.48333333333333334,0.0,0.7934567085261071,phase_role,049
LONG=90-135 + MID=90-135 + SHORT=45-90,1,1,1.0,0.5166666666666667,0.4833333333333333,0.20654329147389294,1.0,phase_role,056
LONG=90-135 + MID=90-135 + SHORT=45-90,0,0,,0.5666666666666667,,,,phase_role,075
LONG=90-135 + MID=90-135 + SHORT=45-90,0,0,,0.4,,,,phase_role,077
LONG=270-315 + MID=270-315 + SHORT=135-180,1,1,1.0,0.48333333333333334,0.5166666666666666,0.20654329147389294,1.0,phase_role,049
LONG=270-315 + MID=270-315 + SHORT=135-180,0,0,,0.5166666666666667,,,,phase_role,056
LONG=270-315 + MID=270-315 + SHORT=135-180,0,0,,0.5666666666666667,,,,phase_role,075
LONG=270-315 + MID=270-315 + SHORT=135-180,0,0,,0.4,,,,phase_role,077
LONG=45-90 + MID=45-90 + SHORT=225-270,1,1,1.0,0.48333333333333334,0.5166666666666666,0.20654329147389294,1.0,phase_role,049
LONG=45-90 + MID=45-90 + SHORT=225-270,0,0,,0.5166666666666667,,,,phase_role,056
LONG=45-90 + MID=45-90 + SHORT=225-270,0,0,,0.5666666666666667,,,,phase_role,075
LONG=45-90 + MID=45-90 + SHORT=225-270,0,0,,0.4,,,,phase_role,077
LONG=225-270 + MID=225-270 + SHORT=315-360,1,0,0.0,0.48333333333333334,-0.48333333333333334,0.0,0.7934567085261071,phase_role,049
LONG=225-270 + MID=225-270 + SHORT=315-360,0,0,,0.5166666666666667,,,,phase_role,056
LONG=225-270 + MID=225-270 + SHORT=315-360,0,0,,0.5666666666666667,,,,phase_role,075
LONG=225-270 + MID=225-270 + SHORT=315-360,1,0,0.0,0.4,-0.4,0.0,0.7934567085261071,phase_role,077
LONG=0-45 + MID=0-45 + SHORT=45-90,1,1,1.0,0.48333333333333334,0.5166666666666666,0.20654329147389294,1.0,phase_role,049
LONG=0-45 + MID=0-45 + SHORT=45-90,0,0,,0.5166666666666667,,,,phase_role,056
LONG=0-45 + MID=0-45 + SHORT=45-90,0,0,,0.5666666666666667,,,,phase_role,075
LONG=0-45 + MID=0-45 + SHORT=45-90,1,0,0.0,0.4,-0.4,0.0,0.7934567085261071,phase_role,077
LONG=135-180 + MID=180-225 + SHORT=135-180,1,0,0.0,0.48333333333333334,-0.48333333333333334,0.0,0.7934567085261071,phase_role,049
LONG=135-180 + MID=180-225 + SHORT=135-180,0,0,,0.5166666666666667,,,,phase_role,056
LONG=135-180 + MID=180-225 + SHORT=135-180,0,0,,0.5666666666666667,,,,phase_role,075
LONG=135-180 + MID=180-225 + SHORT=135-180,0,0,,0.4,,,,phase_role,077
LONG=315-360 + MID=315-360 + SHORT=225-270,1,0,0.0,0.48333333333333334,-0.48333333333333334,0.0,0.7934567085261071,phase_role,049
LONG=315-360 + MID=315-360 + SHORT=225-270,0,0,,0.5166666666666667,,,,phase_role,056
LONG=315-360 + MID=315-360 + SHORT=225-270,1,0,0.0,0.5666666666666667,-0.5666666666666667,0.0,0.7934567085261071,phase_role,075
LONG=315-360 + MID=315-360 + SHORT=225-270,0,0,,0.4,,,,phase_role,077
LONG=90-135 + MID=135-180 + SHORT=315-360,1,0,0.0,0.48333333333333334,-0.48333333333333334,0.0,0.7934567085261071,phase_role,049
LONG=90-135 + MID=135-180 + SHORT=315-360,0,0,,0.5166666666666667,,,,phase_role,056
LONG=90-135 + MID=135-180 + SHORT=315-360,0,0,,0.5666666666666667,,,,phase_role,075
LONG=90-135 + MID=135-180 + SHORT=315-360,0,0,,0.4,,,,phase_role,077
LONG=225-270 + MID=270-315 + SHORT=45-90,1,1,1.0,0.48333333333333334,0.5166666666666666,0.20654329147389294,1.0,phase_role,049
LONG=225-270 + MID=270-315 + SHORT=45-90,1,0,0.0,0.5166666666666667,-0.5166666666666667,0.0,0.7934567085261071,phase_role,056
LONG=225-270 + MID=270-315 + SHORT=45-90,0,0,,0.5666666666666667,,,,phase_role,075
LONG=225-270 + MID=270-315 + SHORT=45-90,0,0,,0.4,,,,phase_role,077
LONG=45-90 + MID=90-135 + SHORT=135-180,1,1,1.0,0.48333333333333334,0.5166666666666666,0.20654329147389294,1.0,phase_role,049
LONG=45-90 + MID=90-135 + SHORT=135-180,1,0,0.0,0.5166666666666667,-0.5166666666666667,0.0,0.7934567085261071,phase_role,056
LONG=45-90 + MID=90-135 + SHORT=135-180,0,0,,0.5666666666666667,,,,phase_role,075
LONG=45-90 + MID=90-135 + SHORT=135-180,0,0,,0.4,,,,phase_role,077
LONG=180-225 + MID=225-270 + SHORT=225-270,1,0,0.0,0.48333333333333334,-0.48333333333333334,0.0,0.7934567085261071,phase_role,049
LONG=180-225 + MID=225-270 + SHORT=225-270,0,0,,0.5166666666666667,,,,phase_role,056
LONG=180-225 + MID=225-270 + SHORT=225-270,0,0,,0.5666666666666667,,,,phase_role,075
LONG=180-225 + MID=225-270 + SHORT=225-270,0,0,,0.4,,,,phase_role,077
LONG=0-45 + MID=45-90 + SHORT=315-360,1,0,0.0,0.48333333333333334,-0.48333333333333334,0.0,0.7934567085261071,phase_role,049
LONG=0-45 + MID=45-90 + SHORT=315-360,0,0,,0.5166666666666667,,,,phase_role,056
LONG=0-45 + MID=45-90 + SHORT=315-360,0,0,,0.5666666666666667,,,,phase_role,075
LONG=0-45 + MID=45-90 + SHORT=315-360,0,0,,0.4,,,,phase_role,077
LONG=135-180 + MID=180-225 + SHORT=45-90,1,1,1.0,0.48333333333333334,0.5166666666666666,0.20654329147389294,1.0,phase_role,049
LONG=135-180 + MID=180-225 + SHORT=45-90,0,0,,0.5166666666666667,,,,phase_role,056
LONG=135-180 + MID=180-225 + SHORT=45-90,0,0,,0.5666666666666667,,,,phase_role,075
LONG=135-180 + MID=180-225 + SHORT=45-90,0,0,,0.4,,,,phase_role,077
LONG=270-315 + MID=0-45 + SHORT=135-180,1,1,1.0,0.48333333333333334,0.5166666666666666,0.20654329147389294,1.0,phase_role,049
LONG=270-315 + MID=0-45 + SHORT=135-180,0,0,,0.5166666666666667,,,,phase_role,056
LONG=270-315 + MID=0-45 + SHORT=135-180,0,0,,0.5666666666666667,,,,phase_role,075
LONG=270-315 + MID=0-45 + SHORT=135-180,0,0,,0.4,,,,phase_role,077
LONG=90-135 + MID=135-180 + SHORT=225-270,1,0,0.0,0.48333333333333334,-0.48333333333333334,0.0,0.7934567085261071,phase_role,049
LONG=90-135 + MID=135-180 + SHORT=225-270,0,0,,0.5166666666666667,,,,phase_role,056
LONG=90-135 + MID=135-180 + SHORT=225-270,0,0,,0.5666666666666667,,,,phase_role,075
LONG=90-135 + MID=135-180 + SHORT=225-270,0,0,,0.4,,,,phase_role,077
LONG=225-270 + MID=315-360 + SHORT=315-360,1,0,0.0,0.48333333333333334,-0.48333333333333334,0.0,0.7934567085261071,phase_role,049
LONG=225-270 + MID=315-360 + SHORT=315-360,0,0,,0.5166666666666667,,,,phase_role,056
LONG=225-270 + MID=315-360 + SHORT=315-360,0,0,,0.5666666666666667,,,,phase_role,075
LONG=225-270 + MID=315-360 + SHORT=315-360,0,0,,0.4,,,,phase_role,077
LONG=0-45 + MID=90-135 + SHORT=45-90,1,1,1.0,0.48333333333333334,0.5166666666666666,0.20654329147389294,1.0,phase_role,049
LONG=0-45 + MID=90-135 + SHORT=45-90,0,0,,0.5166666666666667,,,,phase_role,056
LONG=0-45 + MID=90-135 + SHORT=45-90,0,0,,0.5666666666666667,,,,phase_role,075
LONG=0-45 + MID=90-135 + SHORT=45-90,0,0,,0.4,,,,phase_role,077
LONG=180-225 + MID=270-315 + SHORT=135-180,1,0,0.0,0.48333333333333334,-0.48333333333333334,0.0,0.7934567085261071,phase_role,049
LONG=180-225 + MID=270-315 + SHORT=135-180,0,0,,0.5166666666666667,,,,phase_role,056
LONG=180-225 + MID=270-315 + SHORT=135-180,0,0,,0.5666666666666667,,,,phase_role,075
LONG=180-225 + MID=270-315 + SHORT=135-180,0,0,,0.4,,,,phase_role,077
LONG=315-360 + MID=45-90 + SHORT=225-270,1,1,1.0,0.48333333333333334,0.5166666666666666,0.20654329147389294,1.0,phase_role,049
LONG=315-360 + MID=45-90 + SHORT=225-270,0,0,,0.5166666666666667,,,,phase_role,056
LONG=315-360 + MID=45-90 + SHORT=225-270,0,0,,0.5666666666666667,,,,phase_role,075
LONG=315-360 + MID=45-90 + SHORT=225-270,0,0,,0.4,,,,phase_role,077
LONG=135-180 + MID=225-270 + SHORT=315-360,1,0,0.0,0.48333333333333334,-0.48333333333333334,0.0,0.7934567085261071,phase_role,049
LONG=135-180 + MID=225-270 + SHORT=315-360,0,0,,0.5166666666666667,,,,phase_role,056
LONG=135-180 + MID=225-270 + SHORT=315-360,0,0,,0.5666666666666667,,,,phase_role,075
LONG=135-180 + MID=225-270 + SHORT=315-360,0,0,,0.4,,,,phase_role,077
LONG=270-315 + MID=0-45 + SHORT=45-90,1,1,1.0,0.48333333333333334,0.5166666666666666,0.20654329147389294,1.0,phase_role,049
LONG=270-315 + MID=0-45 + SHORT=45-90,0,0,,0.5166666666666667,,,,phase_role,056
LONG=270-315 + MID=0-45 + SHORT=45-90,1,1,1.0,0.5666666666666667,0.43333333333333335,0.20654329147389294,1.0,phase_role,075
LONG=270-315 + MID=0-45 + SHORT=45-90,0,0,,0.4,,,,phase_role,077
LONG=45-90 + MID=180-225 + SHORT=135-180,1,0,0.0,0.48333333333333334,-0.48333333333333334,0.0,0.7934567085261071,phase_role,049
LONG=45-90 + MID=180-225 + SHORT=135-180,0,0,,0.5166666666666667,,,,phase_role,056
LONG=45-90 + MID=180-225 + SHORT=135-180,0,0,,0.5666666666666667,,,,phase_role,075
LONG=45-90 + MID=180-225 + SHORT=135-180,2,1,0.5,0.4,0.09999999999999998,0.09452865480086614,0.9054713451991339,phase_role,077
LONG=225-270 + MID=315-360 + SHORT=225-270,1,0,0.0,0.48333333333333334,-0.48333333333333334,0.0,0.7934567085261071,phase_role,049
LONG=225-270 + MID=315-360 + SHORT=225-270,0,0,,0.5166666666666667,,,,phase_role,056
LONG=225-270 + MID=315-360 + SHORT=225-270,0,0,,0.5666666666666667,,,,phase_role,075
LONG=225-270 + MID=315-360 + SHORT=225-270,0,0,,0.4,,,,phase_role,077
LONG=0-45 + MID=135-180 + SHORT=315-360,1,0,0.0,0.48333333333333334,-0.48333333333333334,0.0,0.7934567085261071,phase_role,049
LONG=0-45 + MID=135-180 + SHORT=315-360,0,0,,0.5166666666666667,,,,phase_role,056
LONG=0-45 + MID=135-180 + SHORT=315-360,0,0,,0.5666666666666667,,,,phase_role,075
LONG=0-45 + MID=135-180 + SHORT=315-360,0,0,,0.4,,,,phase_role,077
LONG=135-180 + MID=270-315 + SHORT=45-90,1,0,0.0,0.48333333333333334,-0.48333333333333334,0.0,0.7934567085261071,phase_role,049
LONG=135-180 + MID=270-315 + SHORT=45-90,0,0,,0.5166666666666667,,,,phase_role,056
LONG=135-180 + MID=270-315 + SHORT=45-90,0,0,,0.5666666666666667,,,,phase_role,075
LONG=135-180 + MID=270-315 + SHORT=45-90,1,1,1.0,0.4,0.6,0.20654329147389294,1.0,phase_role,077
LONG=315-360 + MID=90-135 + SHORT=135-180,1,1,1.0,0.48333333333333334,0.5166666666666666,0.20654329147389294,1.0,phase_role,049
LONG=315-360 + MID=90-135 + SHORT=135-180,0,0,,0.5166666666666667,,,,phase_role,056
LONG=315-360 + MID=90-135 + SHORT=135-180,1,1,1.0,0.5666666666666667,0.43333333333333335,0.20654329147389294,1.0,phase_role,075
LONG=315-360 + MID=90-135 + SHORT=135-180,0,0,,0.4,,,,phase_role,077
LONG=90-135 + MID=225-270 + SHORT=225-270,1,0,0.0,0.48333333333333334,-0.48333333333333334,0.0,0.7934567085261071,phase_role,049
LONG=90-135 + MID=225-270 + SHORT=225-270,0,0,,0.5166666666666667,,,,phase_role,056
LONG=90-135 + MID=225-270 + SHORT=225-270,0,0,,0.5666666666666667,,,,phase_role,075
LONG=90-135 + MID=225-270 + SHORT=225-270,0,0,,0.4,,,,phase_role,077
LONG=270-315 + MID=45-90 + SHORT=315-360,1,0,0.0,0.48333333333333334,-0.48333333333333334,0.0,0.7934567085261071,phase_role,049
LONG=270-315 + MID=45-90 + SHORT=315-360,1,1,1.0,0.5166666666666667,0.4833333333333333,0.20654329147389294,1.0,phase_role,056
LONG=270-315 + MID=45-90 + SHORT=315-360,0,0,,0.5666666666666667,,,,phase_role,075
LONG=270-315 + MID=45-90 + SHORT=315-360,0,0,,0.4,,,,phase_role,077
LONG=45-90 + MID=180-225 + SHORT=45-90,1,0,0.0,0.48333333333333334,-0.48333333333333334,0.0,0.7934567085261071,phase_role,049
LONG=45-90 + MID=180-225 + SHORT=45-90,0,0,,0.5166666666666667,,,,phase_role,056
LONG=45-90 + MID=180-225 + SHORT=45-90,0,0,,0.5666666666666667,,,,phase_role,075
LONG=45-90 + MID=180-225 + SHORT=45-90,0,0,,0.4,,,,phase_role,077
LONG=180-225 + MID=0-45 + SHORT=135-180,1,1,1.0,0.48333333333333334,0.5166666666666666,0.20654329147389294,1.0,phase_role,049
LONG=180-225 + MID=0-45 + SHORT=135-180,0,0,,0.5166666666666667,,,,phase_role,056
LONG=180-225 + MID=0-45 + SHORT=135-180,0,0,,0.5666666666666667,,,,phase_role,075
LONG=180-225 + MID=0-45 + SHORT=135-180,0,0,,0.4,,,,phase_role,077
LONG=0-45 + MID=135-180 + SHORT=225-270,1,1,1.0,0.48333333333333334,0.5166666666666666,0.20654329147389294,1.0,phase_role,049
LONG=0-45 + MID=135-180 + SHORT=225-270,0,0,,0.5166666666666667,,,,phase_role,056
LONG=0-45 + MID=135-180 + SHORT=225-270,0,0,,0.5666666666666667,,,,phase_role,075
LONG=0-45 + MID=135-180 + SHORT=225-270,0,0,,0.4,,,,phase_role,077
LONG=135-180 + MID=315-360 + SHORT=315-360,1,0,0.0,0.48333333333333334,-0.48333333333333334,0.0,0.7934567085261071,phase_role,049
LONG=135-180 + MID=315-360 + SHORT=315-360,0,0,,0.5166666666666667,,,,phase_role,056
LONG=135-180 + MID=315-360 + SHORT=315-360,0,0,,0.5666666666666667,,,,phase_role,075
LONG=135-180 + MID=315-360 + SHORT=315-360,0,0,,0.4,,,,phase_role,077
LONG=270-315 + MID=90-135 + SHORT=45-90,1,0,0.0,0.48333333333333334,-0.48333333333333334,0.0,0.7934567085261071,phase_role,049
LONG=270-315 + MID=90-135 + SHORT=45-90,1,1,1.0,0.5166666666666667,0.4833333333333333,0.20654329147389294,1.0,phase_role,056
LONG=270-315 + MID=90-135 + SHORT=45-90,0,0,,0.5666666666666667,,,,phase_role,075
LONG=270-315 + MID=90-135 + SHORT=45-90,0,0,,0.4,,,,phase_role,077
LONG=90-135 + MID=270-315 + SHORT=135-180,1,1,1.0,0.48333333333333334,0.5166666666666666,0.20654329147389294,1.0,phase_role,049
LONG=90-135 + MID=270-315 + SHORT=135-180,0,0,,0.5166666666666667,,,,phase_role,056
LONG=90-135 + MID=270-315 + SHORT=135-180,0,0,,0.5666666666666667,,,,phase_role,075
LONG=90-135 + MID=270-315 + SHORT=135-180,0,0,,0.4,,,,phase_role,077
LONG=225-270 + MID=45-90 + SHORT=225-270,1,1,1.0,0.48333333333333334,0.5166666666666666,0.20654329147389294,1.0,phase_role,049
LONG=225-270 + MID=45-90 + SHORT=225-270,0,0,,0.5166666666666667,,,,phase_role,056
LONG=225-270 + MID=45-90 + SHORT=225-270,0,0,,0.5666666666666667,,,,phase_role,075
LONG=225-270 + MID=45-90 + SHORT=225-270,0,0,,0.4,,,,phase_role,077
LONG=45-90 + MID=225-270 + SHORT=315-360,1,1,1.0,0.48333333333333334,0.5166666666666666,0.20654329147389294,1.0,phase_role,049
LONG=45-90 + MID=225-270 + SHORT=315-360,0,0,,0.5166666666666667,,,,phase_role,056
LONG=45-90 + MID=225-270 + SHORT=315-360,0,0,,0.5666666666666667,,,,phase_role,075
LONG=45-90 + MID=225-270 + SHORT=315-360,0,0,,0.4,,,,phase_role,077
LONG=180-225 + MID=0-45 + SHORT=45-90,1,1,1.0,0.48333333333333334,0.5166666666666666,0.20654329147389294,1.0,phase_role,049
LONG=180-225 + MID=0-45 + SHORT=45-90,0,0,,0.5166666666666667,,,,phase_role,056
LONG=180-225 + MID=0-45 + SHORT=45-90,0,0,,0.5666666666666667,,,,phase_role,075
LONG=180-225 + MID=0-45 + SHORT=45-90,0,0,,0.4,,,,phase_role,077
LONG=315-360 + MID=180-225 + SHORT=135-180,1,1,1.0,0.48333333333333334,0.5166666666666666,0.20654329147389294,1.0,phase_role,049
LONG=315-360 + MID=180-225 + SHORT=135-180,0,0,,0.5166666666666667,,,,phase_role,056
LONG=315-360 + MID=180-225 + SHORT=135-180,0,0,,0.5666666666666667,,,,phase_role,075
LONG=315-360 + MID=180-225 + SHORT=135-180,0,0,,0.4,,,,phase_role,077
LONG=135-180 + MID=315-360 + SHORT=225-270,1,1,1.0,0.48333333333333334,0.5166666666666666,0.20654329147389294,1.0,phase_role,049
LONG=135-180 + MID=315-360 + SHORT=225-270,0,0,,0.5166666666666667,,,,phase_role,056
LONG=135-180 + MID=315-360 + SHORT=225-270,0,0,,0.5666666666666667,,,,phase_role,075
LONG=135-180 + MID=315-360 + SHORT=225-270,0,0,,0.4,,,,phase_role,077
LONG=270-315 + MID=135-180 + SHORT=315-360,1,1,1.0,0.48333333333333334,0.5166666666666666,0.20654329147389294,1.0,phase_role,049
LONG=270-315 + MID=135-180 + SHORT=315-360,0,0,,0.5166666666666667,,,,phase_role,056
LONG=270-315 + MID=135-180 + SHORT=315-360,1,1,1.0,0.5666666666666667,0.43333333333333335,0.20654329147389294,1.0,phase_role,075
LONG=270-315 + MID=135-180 + SHORT=315-360,0,0,,0.4,,,,phase_role,077
LONG=45-90 + MID=270-315 + SHORT=45-90,1,1,1.0,0.48333333333333334,0.5166666666666666,0.20654329147389294,1.0,phase_role,049
LONG=45-90 + MID=270-315 + SHORT=45-90,0,0,,0.5166666666666667,,,,phase_role,056
LONG=45-90 + MID=270-315 + SHORT=45-90,0,0,,0.5666666666666667,,,,phase_role,075
LONG=45-90 + MID=270-315 + SHORT=45-90,0,0,,0.4,,,,phase_role,077
LONG=225-270 + MID=90-135 + SHORT=135-180,1,0,0.0,0.48333333333333334,-0.48333333333333334,0.0,0.7934567085261071,phase_role,049
LONG=225-270 + MID=90-135 + SHORT=135-180,0,0,,0.5166666666666667,,,,phase_role,056
LONG=225-270 + MID=90-135 + SHORT=135-180,0,0,,0.5666666666666667,,,,phase_role,075
LONG=225-270 + MID=90-135 + SHORT=135-180,1,0,0.0,0.4,-0.4,0.0,0.7934567085261071,phase_role,077
LONG=0-45 + MID=225-270 + SHORT=225-270,1,1,1.0,0.48333333333333334,0.5166666666666666,0.20654329147389294,1.0,phase_role,049
LONG=0-45 + MID=225-270 + SHORT=225-270,0,0,,0.5166666666666667,,,,phase_role,056
LONG=0-45 + MID=225-270 + SHORT=225-270,0,0,,0.5666666666666667,,,,phase_role,075
LONG=0-45 + MID=225-270 + SHORT=225-270,0,0,,0.4,,,,phase_role,077
LONG=180-225 + MID=45-90 + SHORT=315-360,1,0,0.0,0.48333333333333334,-0.48333333333333334,0.0,0.7934567085261071,phase_role,049
LONG=180-225 + MID=45-90 + SHORT=315-360,0,0,,0.5166666666666667,,,,phase_role,056
LONG=180-225 + MID=45-90 + SHORT=315-360,1,0,0.0,0.5666666666666667,-0.5666666666666667,0.0,0.7934567085261071,phase_role,075
LONG=180-225 + MID=45-90 + SHORT=315-360,0,0,,0.4,,,,phase_role,077
LONG=315-360 + MID=180-225 + SHORT=45-90,1,0,0.0,0.48333333333333334,-0.48333333333333334,0.0,0.7934567085261071,phase_role,049
LONG=315-360 + MID=180-225 + SHORT=45-90,0,0,,0.5166666666666667,,,,phase_role,056
LONG=315-360 + MID=180-225 + SHORT=45-90,0,0,,0.5666666666666667,,,,phase_role,075
LONG=315-360 + MID=180-225 + SHORT=45-90,1,1,1.0,0.4,0.6,0.20654329147389294,1.0,phase_role,077
LONG=90-135 + MID=0-45 + SHORT=135-180,1,1,1.0,0.48333333333333334,0.5166666666666666,0.20654329147389294,1.0,phase_role,049
LONG=90-135 + MID=0-45 + SHORT=135-180,0,0,,0.5166666666666667,,,,phase_role,056
LONG=90-135 + MID=0-45 + SHORT=135-180,0,0,,0.5666666666666667,,,,phase_role,075
LONG=90-135 + MID=0-45 + SHORT=135-180,0,0,,0.4,,,,phase_role,077
LONG=270-315 + MID=135-180 + SHORT=225-270,1,0,0.0,0.48333333333333334,-0.48333333333333334,0.0,0.7934567085261071,phase_role,049
LONG=270-315 + MID=135-180 + SHORT=225-270,0,0,,0.5166666666666667,,,,phase_role,056
LONG=270-315 + MID=135-180 + SHORT=225-270,0,0,,0.5666666666666667,,,,phase_role,075
LONG=270-315 + MID=135-180 + SHORT=225-270,0,0,,0.4,,,,phase_role,077
LONG=135-180 + MID=225-270 + SHORT=0-45,0,0,,0.48333333333333334,,,,phase_role,049
LONG=135-180 + MID=225-270 + SHORT=0-45,1,1,1.0,0.5166666666666667,0.4833333333333333,0.20654329147389294,1.0,phase_role,056
LONG=135-180 + MID=225-270 + SHORT=0-45,1,0,0.0,0.5666666666666667,-0.5666666666666667,0.0,0.7934567085261071,phase_role,075
LONG=135-180 + MID=225-270 + SHORT=0-45,0,0,,0.4,,,,phase_role,077
LONG=270-315 + MID=225-270 + SHORT=135-180,0,0,,0.48333333333333334,,,,phase_role,049
LONG=270-315 + MID=225-270 + SHORT=135-180,1,0,0.0,0.5166666666666667,-0.5166666666666667,0.0,0.7934567085261071,phase_role,056
LONG=270-315 + MID=225-270 + SHORT=135-180,1,1,1.0,0.5666666666666667,0.43333333333333335,0.20654329147389294,1.0,phase_role,075
LONG=270-315 + MID=225-270 + SHORT=135-180,0,0,,0.4,,,,phase_role,077
LONG=45-90 + MID=270-315 + SHORT=270-315,0,0,,0.48333333333333334,,,,phase_role,049
LONG=45-90 + MID=270-315 + SHORT=270-315,1,1,1.0,0.5166666666666667,0.4833333333333333,0.20654329147389294,1.0,phase_role,056
LONG=45-90 + MID=270-315 + SHORT=270-315,0,0,,0.5666666666666667,,,,phase_role,075
LONG=45-90 + MID=270-315 + SHORT=270-315,0,0,,0.4,,,,phase_role,077
LONG=0-45 + MID=315-360 + SHORT=180-225,0,0,,0.48333333333333334,,,,phase_role,049
LONG=0-45 + MID=315-360 + SHORT=180-225,1,0,0.0,0.5166666666666667,-0.5166666666666667,0.0,0.7934567085261071,phase_role,056
LONG=0-45 + MID=315-360 + SHORT=180-225,1,1,1.0,0.5666666666666667,0.43333333333333335,0.20654329147389294,1.0,phase_role,075
LONG=0-45 + MID=315-360 + SHORT=180-225,0,0,,0.4,,,,phase_role,077
LONG=180-225 + MID=0-45 + SHORT=315-360,0,0,,0.48333333333333334,,,,phase_role,049
LONG=180-225 + MID=0-45 + SHORT=315-360,1,0,0.0,0.5166666666666667,-0.5166666666666667,0.0,0.7934567085261071,phase_role,056
LONG=180-225 + MID=0-45 + SHORT=315-360,0,0,,0.5666666666666667,,,,phase_role,075
LONG=180-225 + MID=0-45 + SHORT=315-360,0,0,,0.4,,,,phase_role,077
LONG=315-360 + MID=0-45 + SHORT=90-135,0,0,,0.48333333333333334,,,,phase_role,049
LONG=315-360 + MID=0-45 + SHORT=90-135,1,0,0.0,0.5166666666666667,-0.5166666666666667,0.0,0.7934567085261071,phase_role,056
LONG=315-360 + MID=0-45 + SHORT=90-135,0,0,,0.5666666666666667,,,,phase_role,075
LONG=315-360 + MID=0-45 + SHORT=90-135,0,0,,0.4,,,,phase_role,077
LONG=90-135 + MID=45-90 + SHORT=270-315,0,0,,0.48333333333333334,,,,phase_role,049
LONG=90-135 + MID=45-90 + SHORT=270-315,1,1,1.0,0.5166666666666667,0.4833333333333333,0.20654329147389294,1.0,phase_role,056
LONG=90-135 + MID=45-90 + SHORT=270-315,0,0,,0.5666666666666667,,,,phase_role,075
LONG=90-135 + MID=45-90 + SHORT=270-315,1,0,0.0,0.4,-0.4,0.0,0.7934567085261071,phase_role,077
LONG=45-90 + MID=90-135 + SHORT=180-225,0,0,,0.48333333333333334,,,,phase_role,049
LONG=45-90 + MID=90-135 + SHORT=180-225,1,0,0.0,0.5166666666666667,-0.5166666666666667,0.0,0.7934567085261071,phase_role,056
LONG=45-90 + MID=90-135 + SHORT=180-225,0,0,,0.5666666666666667,,,,phase_role,075
LONG=45-90 + MID=90-135 + SHORT=180-225,0,0,,0.4,,,,phase_role,077
LONG=0-45 + MID=135-180 + SHORT=90-135,0,0,,0.48333333333333334,,,,phase_role,049
LONG=0-45 + MID=135-180 + SHORT=90-135,1,1,1.0,0.5166666666666667,0.4833333333333333,0.20654329147389294,1.0,phase_role,056
LONG=0-45 + MID=135-180 + SHORT=90-135,0,0,,0.5666666666666667,,,,phase_role,075
LONG=0-45 + MID=135-180 + SHORT=90-135,0,0,,0.4,,,,phase_role,077
LONG=135-180 + MID=180-225 + SHORT=225-270,0,0,,0.48333333333333334,,,,phase_role,049
LONG=135-180 + MID=180-225 + SHORT=225-270,1,0,0.0,0.5166666666666667,-0.5166666666666667,0.0,0.7934567085261071,phase_role,056
LONG=135-180 + MID=180-225 + SHORT=225-270,0,0,,0.5666666666666667,,,,phase_role,075
LONG=135-180 + MID=180-225 + SHORT=225-270,0,0,,0.4,,,,phase_role,077
LONG=315-360 + MID=225-270 + SHORT=0-45,0,0,,0.48333333333333334,,,,phase_role,049
LONG=315-360 + MID=225-270 + SHORT=0-45,1,1,1.0,0.5166666666666667,0.4833333333333333,0.20654329147389294,1.0,phase_role,056
LONG=315-360 + MID=225-270 + SHORT=0-45,0,0,,0.5666666666666667,,,,phase_role,075
LONG=315-360 + MID=225-270 + SHORT=0-45,0,0,,0.4,,,,phase_role,077
LONG=90-135 + MID=225-270 + SHORT=135-180,0,0,,0.48333333333333334,,,,phase_role,049
LONG=90-135 + MID=225-270 + SHORT=135-180,1,0,0.0,0.5166666666666667,-0.5166666666666667,0.0,0.7934567085261071,phase_role,056
LONG=90-135 + MID=225-270 + SHORT=135-180,0,0,,0.5666666666666667,,,,phase_role,075
LONG=90-135 + MID=225-270 + SHORT=135-180,0,0,,0.4,,,,phase_role,077
LONG=225-270 + MID=270-315 + SHORT=315-360,0,0,,0.48333333333333334,,,,phase_role,049
LONG=225-270 + MID=270-315 + SHORT=315-360,1,0,0.0,0.5166666666666667,-0.5166666666666667,0.0,0.7934567085261071,phase_role,056
LONG=225-270 + MID=270-315 + SHORT=315-360,1,0,0.0,0.5666666666666667,-0.5666666666666667,0.0,0.7934567085261071,phase_role,075
LONG=225-270 + MID=270-315 + SHORT=315-360,0,0,,0.4,,,,phase_role,077
LONG=45-90 + MID=315-360 + SHORT=90-135,0,0,,0.48333333333333334,,,,phase_role,049
LONG=45-90 + MID=315-360 + SHORT=90-135,1,1,1.0,0.5166666666666667,0.4833333333333333,0.20654329147389294,1.0,phase_role,056
LONG=45-90 + MID=315-360 + SHORT=90-135,1,1,1.0,0.5666666666666667,0.43333333333333335,0.20654329147389294,1.0,phase_role,075
LONG=45-90 + MID=315-360 + SHORT=90-135,0,0,,0.4,,,,phase_role,077
LONG=180-225 + MID=315-360 + SHORT=225-270,0,0,,0.48333333333333334,,,,phase_role,049
LONG=180-225 + MID=315-360 + SHORT=225-270,1,1,1.0,0.5166666666666667,0.4833333333333333,0.20654329147389294,1.0,phase_role,056
LONG=180-225 + MID=315-360 + SHORT=225-270,0,0,,0.5666666666666667,,,,phase_role,075
LONG=180-225 + MID=315-360 + SHORT=225-270,0,0,,0.4,,,,phase_role,077
LONG=315-360 + MID=0-45 + SHORT=0-45,0,0,,0.48333333333333334,,,,phase_role,049
LONG=315-360 + MID=0-45 + SHORT=0-45,1,0,0.0,0.5166666666666667,-0.5166666666666667,0.0,0.7934567085261071,phase_role,056
LONG=315-360 + MID=0-45 + SHORT=0-45,0,0,,0.5666666666666667,,,,phase_role,075
LONG=315-360 + MID=0-45 + SHORT=0-45,0,0,,0.4,,,,phase_role,077
LONG=135-180 + MID=0-45 + SHORT=135-180,0,0,,0.48333333333333334,,,,phase_role,049
LONG=135-180 + MID=0-45 + SHORT=135-180,1,0,0.0,0.5166666666666667,-0.5166666666666667,0.0,0.7934567085261071,phase_role,056
LONG=135-180 + MID=0-45 + SHORT=135-180,0,0,,0.5666666666666667,,,,phase_role,075
LONG=135-180 + MID=0-45 + SHORT=135-180,0,0,,0.4,,,,phase_role,077
LONG=270-315 + MID=45-90 + SHORT=270-315,0,0,,0.48333333333333334,,,,phase_role,049
LONG=270-315 + MID=45-90 + SHORT=270-315,1,1,1.0,0.5166666666666667,0.4833333333333333,0.20654329147389294,1.0,phase_role,056
LONG=270-315 + MID=45-90 + SHORT=270-315,0,0,,0.5666666666666667,,,,phase_role,075
LONG=270-315 + MID=45-90 + SHORT=270-315,0,0,,0.4,,,,phase_role,077
LONG=225-270 + MID=90-135 + SHORT=180-225,0,0,,0.48333333333333334,,,,phase_role,049
LONG=225-270 + MID=90-135 + SHORT=180-225,1,1,1.0,0.5166666666666667,0.4833333333333333,0.20654329147389294,1.0,phase_role,056
LONG=225-270 + MID=90-135 + SHORT=180-225,0,0,,0.5666666666666667,,,,phase_role,075
LONG=225-270 + MID=90-135 + SHORT=180-225,0,0,,0.4,,,,phase_role,077
LONG=0-45 + MID=135-180 + SHORT=0-45,0,0,,0.48333333333333334,,,,phase_role,049
LONG=0-45 + MID=135-180 + SHORT=0-45,1,1,1.0,0.5166666666666667,0.4833333333333333,0.20654329147389294,1.0,phase_role,056
LONG=0-45 + MID=135-180 + SHORT=0-45,0,0,,0.5666666666666667,,,,phase_role,075
LONG=0-45 + MID=135-180 + SHORT=0-45,1,1,1.0,0.4,0.6,0.20654329147389294,1.0,phase_role,077
LONG=180-225 + MID=180-225 + SHORT=135-180,0,0,,0.48333333333333334,,,,phase_role,049
LONG=180-225 + MID=180-225 + SHORT=135-180,1,1,1.0,0.5166666666666667,0.4833333333333333,0.20654329147389294,1.0,phase_role,056
LONG=180-225 + MID=180-225 + SHORT=135-180,0,0,,0.5666666666666667,,,,phase_role,075
LONG=180-225 + MID=180-225 + SHORT=135-180,0,0,,0.4,,,,phase_role,077
LONG=315-360 + MID=180-225 + SHORT=270-315,0,0,,0.48333333333333334,,,,phase_role,049
LONG=315-360 + MID=180-225 + SHORT=270-315,1,0,0.0,0.5166666666666667,-0.5166666666666667,0.0,0.7934567085261071,phase_role,056
LONG=315-360 + MID=180-225 + SHORT=270-315,0,0,,0.5666666666666667,,,,phase_role,075
LONG=315-360 + MID=180-225 + SHORT=270-315,0,0,,0.4,,,,phase_role,077
LONG=90-135 + MID=225-270 + SHORT=45-90,0,0,,0.48333333333333334,,,,phase_role,049
LONG=90-135 + MID=225-270 + SHORT=45-90,1,0,0.0,0.5166666666666667,-0.5166666666666667,0.0,0.7934567085261071,phase_role,056
LONG=90-135 + MID=225-270 + SHORT=45-90,0,0,,0.5666666666666667,,,,phase_role,075
LONG=90-135 + MID=225-270 + SHORT=45-90,0,0,,0.4,,,,phase_role,077
LONG=270-315 + MID=225-270 + SHORT=180-225,0,0,,0.48333333333333334,,,,phase_role,049
LONG=270-315 + MID=225-270 + SHORT=180-225,1,0,0.0,0.5166666666666667,-0.5166666666666667,0.0,0.7934567085261071,phase_role,056
LONG=270-315 + MID=225-270 + SHORT=180-225,0,0,,0.5666666666666667,,,,phase_role,075
LONG=270-315 + MID=225-270 + SHORT=180-225,0,0,,0.4,,,,phase_role,077
LONG=45-90 + MID=270-315 + SHORT=315-360,0,0,,0.48333333333333334,,,,phase_role,049
LONG=45-90 + MID=270-315 + SHORT=315-360,1,0,0.0,0.5166666666666667,-0.5166666666666667,0.0,0.7934567085261071,phase_role,056
LONG=45-90 + MID=270-315 + SHORT=315-360,0,0,,0.5666666666666667,,,,phase_role,075
LONG=45-90 + MID=270-315 + SHORT=315-360,1,1,1.0,0.4,0.6,0.20654329147389294,1.0,phase_role,077
LONG=225-270 + MID=315-360 + SHORT=90-135,0,0,,0.48333333333333334,,,,phase_role,049
LONG=225-270 + MID=315-360 + SHORT=90-135,1,1,1.0,0.5166666666666667,0.4833333333333333,0.20654329147389294,1.0,phase_role,056
LONG=225-270 + MID=315-360 + SHORT=90-135,0,0,,0.5666666666666667,,,,phase_role,075
LONG=225-270 + MID=315-360 + SHORT=90-135,0,0,,0.4,,,,phase_role,077
LONG=0-45 + MID=315-360 + SHORT=225-270,0,0,,0.48333333333333334,,,,phase_role,049
LONG=0-45 + MID=315-360 + SHORT=225-270,1,1,1.0,0.5166666666666667,0.4833333333333333,0.20654329147389294,1.0,phase_role,056
LONG=0-45 + MID=315-360 + SHORT=225-270,0,0,,0.5666666666666667,,,,phase_role,075
LONG=0-45 + MID=315-360 + SHORT=225-270,0,0,,0.4,,,,phase_role,077
LONG=135-180 + MID=0-45 + SHORT=45-90,0,0,,0.48333333333333334,,,,phase_role,049
LONG=135-180 + MID=0-45 + SHORT=45-90,1,0,0.0,0.5166666666666667,-0.5166666666666667,0.0,0.7934567085261071,phase_role,056
LONG=135-180 + MID=0-45 + SHORT=45-90,0,0,,0.5666666666666667,,,,phase_role,075
LONG=135-180 + MID=0-45 + SHORT=45-90,0,0,,0.4,,,,phase_role,077
LONG=315-360 + MID=45-90 + SHORT=180-225,0,0,,0.48333333333333334,,,,phase_role,049
LONG=315-360 + MID=45-90 + SHORT=180-225,1,0,0.0,0.5166666666666667,-0.5166666666666667,0.0,0.7934567085261071,phase_role,056
LONG=315-360 + MID=45-90 + SHORT=180-225,0,0,,0.5666666666666667,,,,phase_role,075
LONG=315-360 + MID=45-90 + SHORT=180-225,0,0,,0.4,,,,phase_role,077
LONG=225-270 + MID=90-135 + SHORT=90-135,0,0,,0.48333333333333334,,,,phase_role,049
LONG=225-270 + MID=90-135 + SHORT=90-135,1,1,1.0,0.5166666666666667,0.4833333333333333,0.20654329147389294,1.0,phase_role,056
LONG=225-270 + MID=90-135 + SHORT=90-135,0,0,,0.5666666666666667,,,,phase_role,075
LONG=225-270 + MID=90-135 + SHORT=90-135,0,0,,0.4,,,,phase_role,077
LONG=45-90 + MID=90-135 + SHORT=225-270,0,0,,0.48333333333333334,,,,phase_role,049
LONG=45-90 + MID=90-135 + SHORT=225-270,1,0,0.0,0.5166666666666667,-0.5166666666666667,0.0,0.7934567085261071,phase_role,056
LONG=45-90 + MID=90-135 + SHORT=225-270,0,0,,0.5666666666666667,,,,phase_role,075
LONG=45-90 + MID=90-135 + SHORT=225-270,0,0,,0.4,,,,phase_role,077
LONG=180-225 + MID=135-180 + SHORT=0-45,0,0,,0.48333333333333334,,,,phase_role,049
LONG=180-225 + MID=135-180 + SHORT=0-45,1,1,1.0,0.5166666666666667,0.4833333333333333,0.20654329147389294,1.0,phase_role,056
LONG=180-225 + MID=135-180 + SHORT=0-45,0,0,,0.5666666666666667,,,,phase_role,075
LONG=180-225 + MID=135-180 + SHORT=0-45,0,0,,0.4,,,,phase_role,077
LONG=0-45 + MID=180-225 + SHORT=135-180,0,0,,0.48333333333333334,,,,phase_role,049
LONG=0-45 + MID=180-225 + SHORT=135-180,1,1,1.0,0.5166666666666667,0.4833333333333333,0.20654329147389294,1.0,phase_role,056
LONG=0-45 + MID=180-225 + SHORT=135-180,0,0,,0.5666666666666667,,,,phase_role,075
LONG=0-45 + MID=180-225 + SHORT=135-180,0,0,,0.4,,,,phase_role,077
LONG=135-180 + MID=180-225 + SHORT=270-315,0,0,,0.48333333333333334,,,,phase_role,049
LONG=135-180 + MID=180-225 + SHORT=270-315,1,0,0.0,0.5166666666666667,-0.5166666666666667,0.0,0.7934567085261071,phase_role,056
LONG=135-180 + MID=180-225 + SHORT=270-315,1,1,1.0,0.5666666666666667,0.43333333333333335,0.20654329147389294,1.0,phase_role,075
LONG=135-180 + MID=180-225 + SHORT=270-315,0,0,,0.4,,,,phase_role,077
LONG=270-315 + MID=225-270 + SHORT=90-135,0,0,,0.48333333333333334,,,,phase_role,049
LONG=270-315 + MID=225-270 + SHORT=90-135,1,0,0.0,0.5166666666666667,-0.5166666666666667,0.0,0.7934567085261071,phase_role,056
LONG=270-315 + MID=225-270 + SHORT=90-135,0,0,,0.5666666666666667,,,,phase_role,075
LONG=270-315 + MID=225-270 + SHORT=90-135,1,1,1.0,0.4,0.6,0.20654329147389294,1.0,phase_role,077
LONG=90-135 + MID=270-315 + SHORT=225-270,0,0,,0.48333333333333334,,,,phase_role,049
LONG=90-135 + MID=270-315 + SHORT=225-270,1,1,1.0,0.5166666666666667,0.4833333333333333,0.20654329147389294,1.0,phase_role,056
LONG=90-135 + MID=270-315 + SHORT=225-270,0,0,,0.5666666666666667,,,,phase_role,075
LONG=90-135 + MID=270-315 + SHORT=225-270,0,0,,0.4,,,,phase_role,077
LONG=225-270 + MID=270-315 + SHORT=0-45,0,0,,0.48333333333333334,,,,phase_role,049
LONG=225-270 + MID=270-315 + SHORT=0-45,1,1,1.0,0.5166666666666667,0.4833333333333333,0.20654329147389294,1.0,phase_role,056
LONG=225-270 + MID=270-315 + SHORT=0-45,0,0,,0.5666666666666667,,,,phase_role,075
LONG=225-270 + MID=270-315 + SHORT=0-45,0,0,,0.4,,,,phase_role,077
LONG=0-45 + MID=315-360 + SHORT=135-180,0,0,,0.48333333333333334,,,,phase_role,049
LONG=0-45 + MID=315-360 + SHORT=135-180,1,1,1.0,0.5166666666666667,0.4833333333333333,0.20654329147389294,1.0,phase_role,056
LONG=0-45 + MID=315-360 + SHORT=135-180,0,0,,0.5666666666666667,,,,phase_role,075
LONG=0-45 + MID=315-360 + SHORT=135-180,0,0,,0.4,,,,phase_role,077
LONG=180-225 + MID=315-360 + SHORT=270-315,0,0,,0.48333333333333334,,,,phase_role,049
LONG=180-225 + MID=315-360 + SHORT=270-315,1,0,0.0,0.5166666666666667,-0.5166666666666667,0.0,0.7934567085261071,phase_role,056
LONG=180-225 + MID=315-360 + SHORT=270-315,0,0,,0.5666666666666667,,,,phase_role,075
LONG=180-225 + MID=315-360 + SHORT=270-315,0,0,,0.4,,,,phase_role,077
LONG=315-360 + MID=0-45 + SHORT=45-90,0,0,,0.48333333333333334,,,,phase_role,049
LONG=315-360 + MID=0-45 + SHORT=45-90,1,1,1.0,0.5166666666666667,0.4833333333333333,0.20654329147389294,1.0,phase_role,056
LONG=315-360 + MID=0-45 + SHORT=45-90,0,0,,0.5666666666666667,,,,phase_role,075
LONG=315-360 + MID=0-45 + SHORT=45-90,1,0,0.0,0.4,-0.4,0.0,0.7934567085261071,phase_role,077
LONG=135-180 + MID=45-90 + SHORT=180-225,0,0,,0.48333333333333334,,,,phase_role,049
LONG=135-180 + MID=45-90 + SHORT=180-225,1,0,0.0,0.5166666666666667,-0.5166666666666667,0.0,0.7934567085261071,phase_role,056
LONG=135-180 + MID=45-90 + SHORT=180-225,0,0,,0.5666666666666667,,,,phase_role,075
LONG=135-180 + MID=45-90 + SHORT=180-225,0,0,,0.4,,,,phase_role,077
LONG=225-270 + MID=135-180 + SHORT=270-315,0,0,,0.48333333333333334,,,,phase_role,049
LONG=225-270 + MID=135-180 + SHORT=270-315,1,0,0.0,0.5166666666666667,-0.5166666666666667,0.0,0.7934567085261071,phase_role,056
LONG=225-270 + MID=135-180 + SHORT=270-315,0,0,,0.5666666666666667,,,,phase_role,075
LONG=225-270 + MID=135-180 + SHORT=270-315,0,0,,0.4,,,,phase_role,077
LONG=0-45 + MID=135-180 + SHORT=45-90,0,0,,0.48333333333333334,,,,phase_role,049
LONG=0-45 + MID=135-180 + SHORT=45-90,1,1,1.0,0.5166666666666667,0.4833333333333333,0.20654329147389294,1.0,phase_role,056
LONG=0-45 + MID=135-180 + SHORT=45-90,0,0,,0.5666666666666667,,,,phase_role,075
LONG=0-45 + MID=135-180 + SHORT=45-90,0,0,,0.4,,,,phase_role,077
LONG=135-180 + MID=180-225 + SHORT=180-225,0,0,,0.48333333333333334,,,,phase_role,049
LONG=135-180 + MID=180-225 + SHORT=180-225,1,1,1.0,0.5166666666666667,0.4833333333333333,0.20654329147389294,1.0,phase_role,056
LONG=135-180 + MID=180-225 + SHORT=180-225,0,0,,0.5666666666666667,,,,phase_role,075
LONG=135-180 + MID=180-225 + SHORT=180-225,0,0,,0.4,,,,phase_role,077
LONG=315-360 + MID=180-225 + SHORT=315-360,0,0,,0.48333333333333334,,,,phase_role,049
LONG=315-360 + MID=180-225 + SHORT=315-360,1,1,1.0,0.5166666666666667,0.4833333333333333,0.20654329147389294,1.0,phase_role,056
LONG=315-360 + MID=180-225 + SHORT=315-360,1,1,1.0,0.5666666666666667,0.43333333333333335,0.20654329147389294,1.0,phase_role,075
LONG=315-360 + MID=180-225 + SHORT=315-360,0,0,,0.4,,,,phase_role,077
LONG=90-135 + MID=225-270 + SHORT=90-135,0,0,,0.48333333333333334,,,,phase_role,049
LONG=90-135 + MID=225-270 + SHORT=90-135,1,1,1.0,0.5166666666666667,0.4833333333333333,0.20654329147389294,1.0,phase_role,056
LONG=90-135 + MID=225-270 + SHORT=90-135,0,0,,0.5666666666666667,,,,phase_role,075
LONG=90-135 + MID=225-270 + SHORT=90-135,0,0,,0.4,,,,phase_role,077
LONG=270-315 + MID=270-315 + SHORT=225-270,0,0,,0.48333333333333334,,,,phase_role,049
LONG=270-315 + MID=270-315 + SHORT=225-270,1,0,0.0,0.5166666666666667,-0.5166666666666667,0.0,0.7934567085261071,phase_role,056
LONG=270-315 + MID=270-315 + SHORT=225-270,1,0,0.0,0.5666666666666667,-0.5666666666666667,0.0,0.7934567085261071,phase_role,075
LONG=270-315 + MID=270-315 + SHORT=225-270,0,0,,0.4,,,,phase_role,077
LONG=45-90 + MID=270-315 + SHORT=0-45,0,0,,0.48333333333333334,,,,phase_role,049
LONG=45-90 + MID=270-315 + SHORT=0-45,1,1,1.0,0.5166666666666667,0.4833333333333333,0.20654329147389294,1.0,phase_role,056
LONG=45-90 + MID=270-315 + SHORT=0-45,1,1,1.0,0.5666666666666667,0.43333333333333335,0.20654329147389294,1.0,phase_role,075
LONG=45-90 + MID=270-315 + SHORT=0-45,0,0,,0.4,,,,phase_role,077
LONG=180-225 + MID=315-360 + SHORT=180-225,0,0,,0.48333333333333334,,,,phase_role,049
LONG=180-225 + MID=315-360 + SHORT=180-225,1,0,0.0,0.5166666666666667,-0.5166666666666667,0.0,0.7934567085261071,phase_role,056
LONG=180-225 + MID=315-360 + SHORT=180-225,0,0,,0.5666666666666667,,,,phase_role,075
LONG=180-225 + MID=315-360 + SHORT=180-225,1,0,0.0,0.4,-0.4,0.0,0.7934567085261071,phase_role,077
LONG=0-45 + MID=0-45 + SHORT=315-360,0,0,,0.48333333333333334,,,,phase_role,049
LONG=0-45 + MID=0-45 + SHORT=315-360,1,1,1.0,0.5166666666666667,0.4833333333333333,0.20654329147389294,1.0,phase_role,056
LONG=0-45 + MID=0-45 + SHORT=315-360,0,0,,0.5666666666666667,,,,phase_role,075
LONG=0-45 + MID=0-45 + SHORT=315-360,0,0,,0.4,,,,phase_role,077
LONG=135-180 + MID=0-45 + SHORT=90-135,0,0,,0.48333333333333334,,,,phase_role,049
LONG=135-180 + MID=0-45 + SHORT=90-135,1,0,0.0,0.5166666666666667,-0.5166666666666667,0.0,0.7934567085261071,phase_role,056
LONG=135-180 + MID=0-45 + SHORT=90-135,0,0,,0.5666666666666667,,,,phase_role,075
LONG=135-180 + MID=0-45 + SHORT=90-135,0,0,,0.4,,,,phase_role,077
LONG=270-315 + MID=45-90 + SHORT=225-270,0,0,,0.48333333333333334,,,,phase_role,049
LONG=270-315 + MID=45-90 + SHORT=225-270,1,0,0.0,0.5166666666666667,-0.5166666666666667,0.0,0.7934567085261071,phase_role,056
LONG=270-315 + MID=45-90 + SHORT=225-270,0,0,,0.5666666666666667,,,,phase_role,075
LONG=270-315 + MID=45-90 + SHORT=225-270,0,0,,0.4,,,,phase_role,077
LONG=90-135 + MID=45-90 + SHORT=0-45,0,0,,0.48333333333333334,,,,phase_role,049
LONG=90-135 + MID=45-90 + SHORT=0-45,1,0,0.0,0.5166666666666667,-0.5166666666666667,0.0,0.7934567085261071,phase_role,056
LONG=90-135 + MID=45-90 + SHORT=0-45,0,0,,0.5666666666666667,,,,phase_role,075
LONG=90-135 + MID=45-90 + SHORT=0-45,0,0,,0.4,,,,phase_role,077
LONG=135-180 + MID=90-135 + SHORT=90-135,0,0,,0.48333333333333334,,,,phase_role,049
LONG=135-180 + MID=90-135 + SHORT=90-135,0,0,,0.5166666666666667,,,,phase_role,056
LONG=135-180 + MID=90-135 + SHORT=90-135,1,1,1.0,0.5666666666666667,0.43333333333333335,0.20654329147389294,1.0,phase_role,075
LONG=135-180 + MID=90-135 + SHORT=90-135,0,0,,0.4,,,,phase_role,077
LONG=270-315 + MID=90-135 + SHORT=225-270,0,0,,0.48333333333333334,,,,phase_role,049
LONG=270-315 + MID=90-135 + SHORT=225-270,0,0,,0.5166666666666667,,,,phase_role,056
LONG=270-315 + MID=90-135 + SHORT=225-270,1,0,0.0,0.5666666666666667,-0.5666666666666667,0.0,0.7934567085261071,phase_role,075
LONG=270-315 + MID=90-135 + SHORT=225-270,0,0,,0.4,,,,phase_role,077
LONG=45-90 + MID=90-135 + SHORT=0-45,0,0,,0.48333333333333334,,,,phase_role,049
LONG=45-90 + MID=90-135 + SHORT=0-45,0,0,,0.5166666666666667,,,,phase_role,056
LONG=45-90 + MID=90-135 + SHORT=0-45,1,1,1.0,0.5666666666666667,0.43333333333333335,0.20654329147389294,1.0,phase_role,075
LONG=45-90 + MID=90-135 + SHORT=0-45,0,0,,0.4,,,,phase_role,077
LONG=180-225 + MID=135-180 + SHORT=135-180,0,0,,0.48333333333333334,,,,phase_role,049
LONG=180-225 + MID=135-180 + SHORT=135-180,0,0,,0.5166666666666667,,,,phase_role,056
LONG=180-225 + MID=135-180 + SHORT=135-180,1,1,1.0,0.5666666666666667,0.43333333333333335,0.20654329147389294,1.0,phase_role,075
LONG=180-225 + MID=135-180 + SHORT=135-180,0,0,,0.4,,,,phase_role,077
LONG=315-360 + MID=135-180 + SHORT=225-270,0,0,,0.48333333333333334,,,,phase_role,049
LONG=315-360 + MID=135-180 + SHORT=225-270,0,0,,0.5166666666666667,,,,phase_role,056
LONG=315-360 + MID=135-180 + SHORT=225-270,1,0,0.0,0.5666666666666667,-0.5666666666666667,0.0,0.7934567085261071,phase_role,075
LONG=315-360 + MID=135-180 + SHORT=225-270,1,0,0.0,0.4,-0.4,0.0,0.7934567085261071,phase_role,077
LONG=90-135 + MID=135-180 + SHORT=0-45,0,0,,0.48333333333333334,,,,phase_role,049
LONG=90-135 + MID=135-180 + SHORT=0-45,0,0,,0.5166666666666667,,,,phase_role,056
LONG=90-135 + MID=135-180 + SHORT=0-45,1,1,1.0,0.5666666666666667,0.43333333333333335,0.20654329147389294,1.0,phase_role,075
LONG=90-135 + MID=135-180 + SHORT=0-45,0,0,,0.4,,,,phase_role,077
LONG=0-45 + MID=180-225 + SHORT=270-315,0,0,,0.48333333333333334,,,,phase_role,049
LONG=0-45 + MID=180-225 + SHORT=270-315,0,0,,0.5166666666666667,,,,phase_role,056
LONG=0-45 + MID=180-225 + SHORT=270-315,1,0,0.0,0.5666666666666667,-0.5666666666666667,0.0,0.7934567085261071,phase_role,075
LONG=0-45 + MID=180-225 + SHORT=270-315,0,0,,0.4,,,,phase_role,077
LONG=45-90 + MID=225-270 + SHORT=270-315,0,0,,0.48333333333333334,,,,phase_role,049
LONG=45-90 + MID=225-270 + SHORT=270-315,0,0,,0.5166666666666667,,,,phase_role,056
LONG=45-90 + MID=225-270 + SHORT=270-315,1,1,1.0,0.5666666666666667,0.43333333333333335,0.20654329147389294,1.0,phase_role,075
LONG=45-90 + MID=225-270 + SHORT=270-315,0,0,,0.4,,,,phase_role,077
LONG=180-225 + MID=270-315 + SHORT=45-90,0,0,,0.48333333333333334,,,,phase_role,049
LONG=180-225 + MID=270-315 + SHORT=45-90,0,0,,0.5166666666666667,,,,phase_role,056
LONG=180-225 + MID=270-315 + SHORT=45-90,1,1,1.0,0.5666666666666667,0.43333333333333335,0.20654329147389294,1.0,phase_role,075
LONG=180-225 + MID=270-315 + SHORT=45-90,0,0,,0.4,,,,phase_role,077
LONG=315-360 + MID=270-315 + SHORT=135-180,0,0,,0.48333333333333334,,,,phase_role,049
LONG=315-360 + MID=270-315 + SHORT=135-180,0,0,,0.5166666666666667,,,,phase_role,056
LONG=315-360 + MID=270-315 + SHORT=135-180,1,0,0.0,0.5666666666666667,-0.5666666666666667,0.0,0.7934567085261071,phase_role,075
LONG=315-360 + MID=270-315 + SHORT=135-180,0,0,,0.4,,,,phase_role,077
LONG=90-135 + MID=270-315 + SHORT=270-315,0,0,,0.48333333333333334,,,,phase_role,049
LONG=90-135 + MID=270-315 + SHORT=270-315,0,0,,0.5166666666666667,,,,phase_role,056
LONG=90-135 + MID=270-315 + SHORT=270-315,1,1,1.0,0.5666666666666667,0.43333333333333335,0.20654329147389294,1.0,phase_role,075
LONG=90-135 + MID=270-315 + SHORT=270-315,0,0,,0.4,,,,phase_role,077
LONG=225-270 + MID=315-360 + SHORT=45-90,0,0,,0.48333333333333334,,,,phase_role,049
LONG=225-270 + MID=315-360 + SHORT=45-90,0,0,,0.5166666666666667,,,,phase_role,056
LONG=225-270 + MID=315-360 + SHORT=45-90,1,1,1.0,0.5666666666666667,0.43333333333333335,0.20654329147389294,1.0,phase_role,075
LONG=225-270 + MID=315-360 + SHORT=45-90,0,0,,0.4,,,,phase_role,077
LONG=135-180 + MID=0-45 + SHORT=270-315,0,0,,0.48333333333333334,,,,phase_role,049
LONG=135-180 + MID=0-45 + SHORT=270-315,0,0,,0.5166666666666667,,,,phase_role,056
LONG=135-180 + MID=0-45 + SHORT=270-315,1,0,0.0,0.5666666666666667,-0.5666666666666667,0.0,0.7934567085261071,phase_role,075
LONG=135-180 + MID=0-45 + SHORT=270-315,0,0,,0.4,,,,phase_role,077
LONG=45-90 + MID=0-45 + SHORT=180-225,0,0,,0.48333333333333334,,,,phase_role,049
LONG=45-90 + MID=0-45 + SHORT=180-225,0,0,,0.5166666666666667,,,,phase_role,056
LONG=45-90 + MID=0-45 + SHORT=180-225,1,0,0.0,0.5666666666666667,-0.5666666666666667,0.0,0.7934567085261071,phase_role,075
LONG=45-90 + MID=0-45 + SHORT=180-225,0,0,,0.4,,,,phase_role,077
LONG=315-360 + MID=45-90 + SHORT=45-90,0,0,,0.48333333333333334,,,,phase_role,049
LONG=315-360 + MID=45-90 + SHORT=45-90,0,0,,0.5166666666666667,,,,phase_role,056
LONG=315-360 + MID=45-90 + SHORT=45-90,1,0,0.0,0.5666666666666667,-0.5666666666666667,0.0,0.7934567085261071,phase_role,075
LONG=315-360 + MID=45-90 + SHORT=45-90,0,0,,0.4,,,,phase_role,077
LONG=90-135 + MID=45-90 + SHORT=180-225,0,0,,0.48333333333333334,,,,phase_role,049
LONG=90-135 + MID=45-90 + SHORT=180-225,0,0,,0.5166666666666667,,,,phase_role,056
LONG=90-135 + MID=45-90 + SHORT=180-225,1,1,1.0,0.5666666666666667,0.43333333333333335,0.20654329147389294,1.0,phase_role,075
LONG=90-135 + MID=45-90 + SHORT=180-225,0,0,,0.4,,,,phase_role,077
LONG=225-270 + MID=90-135 + SHORT=315-360,0,0,,0.48333333333333334,,,,phase_role,049
LONG=225-270 + MID=90-135 + SHORT=315-360,0,0,,0.5166666666666667,,,,phase_role,056
LONG=225-270 + MID=90-135 + SHORT=315-360,1,1,1.0,0.5666666666666667,0.43333333333333335,0.20654329147389294,1.0,phase_role,075
LONG=225-270 + MID=90-135 + SHORT=315-360,0,0,,0.4,,,,phase_role,077
LONG=0-45 + MID=90-135 + SHORT=90-135,0,0,,0.48333333333333334,,,,phase_role,049
LONG=0-45 + MID=90-135 + SHORT=90-135,0,0,,0.5166666666666667,,,,phase_role,056
LONG=0-45 + MID=90-135 + SHORT=90-135,1,1,1.0,0.5666666666666667,0.43333333333333335,0.20654329147389294,1.0,phase_role,075
LONG=0-45 + MID=90-135 + SHORT=90-135,0,0,,0.4,,,,phase_role,077
LONG=135-180 + MID=135-180 + SHORT=180-225,0,0,,0.48333333333333334,,,,phase_role,049
LONG=135-180 + MID=135-180 + SHORT=180-225,0,0,,0.5166666666666667,,,,phase_role,056
LONG=135-180 + MID=135-180 + SHORT=180-225,1,1,1.0,0.5666666666666667,0.43333333333333335,0.20654329147389294,1.0,phase_role,075
LONG=135-180 + MID=135-180 + SHORT=180-225,0,0,,0.4,,,,phase_role,077
LONG=45-90 + MID=135-180 + SHORT=90-135,0,0,,0.48333333333333334,,,,phase_role,049
LONG=45-90 + MID=135-180 + SHORT=90-135,0,0,,0.5166666666666667,,,,phase_role,056
LONG=45-90 + MID=135-180 + SHORT=90-135,1,1,1.0,0.5666666666666667,0.43333333333333335,0.20654329147389294,1.0,phase_role,075
LONG=45-90 + MID=135-180 + SHORT=90-135,0,0,,0.4,,,,phase_role,077
LONG=180-225 + MID=180-225 + SHORT=225-270,0,0,,0.48333333333333334,,,,phase_role,049
LONG=180-225 + MID=180-225 + SHORT=225-270,0,0,,0.5166666666666667,,,,phase_role,056
LONG=180-225 + MID=180-225 + SHORT=225-270,1,0,0.0,0.5666666666666667,-0.5666666666666667,0.0,0.7934567085261071,phase_role,075
LONG=180-225 + MID=180-225 + SHORT=225-270,1,0,0.0,0.4,-0.4,0.0,0.7934567085261071,phase_role,077
LONG=90-135 + MID=180-225 + SHORT=90-135,0,0,,0.48333333333333334,,,,phase_role,049
LONG=90-135 + MID=180-225 + SHORT=90-135,0,0,,0.5166666666666667,,,,phase_role,056
LONG=90-135 + MID=180-225 + SHORT=90-135,1,0,0.0,0.5666666666666667,-0.5666666666666667,0.0,0.7934567085261071,phase_role,075
LONG=90-135 + MID=180-225 + SHORT=90-135,0,0,,0.4,,,,phase_role,077
LONG=225-270 + MID=225-270 + SHORT=225-270,0,0,,0.48333333333333334,,,,phase_role,049
LONG=225-270 + MID=225-270 + SHORT=225-270,0,0,,0.5166666666666667,,,,phase_role,056
LONG=225-270 + MID=225-270 + SHORT=225-270,1,0,0.0,0.5666666666666667,-0.5666666666666667,0.0,0.7934567085261071,phase_role,075
LONG=225-270 + MID=225-270 + SHORT=225-270,0,0,,0.4,,,,phase_role,077
LONG=0-45 + MID=225-270 + SHORT=0-45,0,0,,0.48333333333333334,,,,phase_role,049
LONG=0-45 + MID=225-270 + SHORT=0-45,0,0,,0.5166666666666667,,,,phase_role,056
LONG=0-45 + MID=225-270 + SHORT=0-45,1,1,1.0,0.5666666666666667,0.43333333333333335,0.20654329147389294,1.0,phase_role,075
LONG=0-45 + MID=225-270 + SHORT=0-45,0,0,,0.4,,,,phase_role,077
LONG=135-180 + MID=270-315 + SHORT=90-135,0,0,,0.48333333333333334,,,,phase_role,049
LONG=135-180 + MID=270-315 + SHORT=90-135,0,0,,0.5166666666666667,,,,phase_role,056
LONG=135-180 + MID=270-315 + SHORT=90-135,1,0,0.0,0.5666666666666667,-0.5666666666666667,0.0,0.7934567085261071,phase_role,075
LONG=135-180 + MID=270-315 + SHORT=90-135,0,0,,0.4,,,,phase_role,077
LONG=180-225 + MID=315-360 + SHORT=135-180,0,0,,0.48333333333333334,,,,phase_role,049
LONG=180-225 + MID=315-360 + SHORT=135-180,0,0,,0.5166666666666667,,,,phase_role,056
LONG=180-225 + MID=315-360 + SHORT=135-180,1,0,0.0,0.5666666666666667,-0.5666666666666667,0.0,0.7934567085261071,phase_role,075
LONG=180-225 + MID=315-360 + SHORT=135-180,0,0,,0.4,,,,phase_role,077
LONG=90-135 + MID=315-360 + SHORT=0-45,0,0,,0.48333333333333334,,,,phase_role,049
LONG=90-135 + MID=315-360 + SHORT=0-45,0,0,,0.5166666666666667,,,,phase_role,056
LONG=90-135 + MID=315-360 + SHORT=0-45,1,1,1.0,0.5666666666666667,0.43333333333333335,0.20654329147389294,1.0,phase_role,075
LONG=90-135 + MID=315-360 + SHORT=0-45,0,0,,0.4,,,,phase_role,077
LONG=225-270 + MID=0-45 + SHORT=135-180,0,0,,0.48333333333333334,,,,phase_role,049
LONG=225-270 + MID=0-45 + SHORT=135-180,0,0,,0.5166666666666667,,,,phase_role,056
LONG=225-270 + MID=0-45 + SHORT=135-180,1,1,1.0,0.5666666666666667,0.43333333333333335,0.20654329147389294,1.0,phase_role,075
LONG=225-270 + MID=0-45 + SHORT=135-180,0,0,,0.4,,,,phase_role,077
LONG=0-45 + MID=0-45 + SHORT=270-315,0,0,,0.48333333333333334,,,,phase_role,049
LONG=0-45 + MID=0-45 + SHORT=270-315,0,0,,0.5166666666666667,,,,phase_role,056
LONG=0-45 + MID=0-45 + SHORT=270-315,1,0,0.0,0.5666666666666667,-0.5666666666666667,0.0,0.7934567085261071,phase_role,075
LONG=0-45 + MID=0-45 + SHORT=270-315,0,0,,0.4,,,,phase_role,077
LONG=135-180 + MID=45-90 + SHORT=0-45,0,0,,0.48333333333333334,,,,phase_role,049
LONG=135-180 + MID=45-90 + SHORT=0-45,0,0,,0.5166666666666667,,,,phase_role,056
LONG=135-180 + MID=45-90 + SHORT=0-45,1,0,0.0,0.5666666666666667,-0.5666666666666667,0.0,0.7934567085261071,phase_role,075
LONG=135-180 + MID=45-90 + SHORT=0-45,0,0,,0.4,,,,phase_role,077
LONG=270-315 + MID=45-90 + SHORT=135-180,0,0,,0.48333333333333334,,,,phase_role,049
LONG=270-315 + MID=45-90 + SHORT=135-180,0,0,,0.5166666666666667,,,,phase_role,056
LONG=270-315 + MID=45-90 + SHORT=135-180,1,0,0.0,0.5666666666666667,-0.5666666666666667,0.0,0.7934567085261071,phase_role,075
LONG=270-315 + MID=45-90 + SHORT=135-180,0,0,,0.4,,,,phase_role,077
LONG=45-90 + MID=45-90 + SHORT=270-315,0,0,,0.48333333333333334,,,,phase_role,049
LONG=45-90 + MID=45-90 + SHORT=270-315,0,0,,0.5166666666666667,,,,phase_role,056
LONG=45-90 + MID=45-90 + SHORT=270-315,1,1,1.0,0.5666666666666667,0.43333333333333335,0.20654329147389294,1.0,phase_role,075
LONG=45-90 + MID=45-90 + SHORT=270-315,0,0,,0.4,,,,phase_role,077
LONG=180-225 + MID=90-135 + SHORT=45-90,0,0,,0.48333333333333334,,,,phase_role,049
LONG=180-225 + MID=90-135 + SHORT=45-90,0,0,,0.5166666666666667,,,,phase_role,056
LONG=180-225 + MID=90-135 + SHORT=45-90,1,1,1.0,0.5666666666666667,0.43333333333333335,0.20654329147389294,1.0,phase_role,075
LONG=180-225 + MID=90-135 + SHORT=45-90,0,0,,0.4,,,,phase_role,077
LONG=90-135 + MID=90-135 + SHORT=270-315,0,0,,0.48333333333333334,,,,phase_role,049
LONG=90-135 + MID=90-135 + SHORT=270-315,0,0,,0.5166666666666667,,,,phase_role,056
LONG=90-135 + MID=90-135 + SHORT=270-315,1,1,1.0,0.5666666666666667,0.43333333333333335,0.20654329147389294,1.0,phase_role,075
LONG=90-135 + MID=90-135 + SHORT=270-315,1,1,1.0,0.4,0.6,0.20654329147389294,1.0,phase_role,077
LONG=225-270 + MID=135-180 + SHORT=45-90,0,0,,0.48333333333333334,,,,phase_role,049
LONG=225-270 + MID=135-180 + SHORT=45-90,0,0,,0.5166666666666667,,,,phase_role,056
LONG=225-270 + MID=135-180 + SHORT=45-90,1,0,0.0,0.5666666666666667,-0.5666666666666667,0.0,0.7934567085261071,phase_role,075
LONG=225-270 + MID=135-180 + SHORT=45-90,0,0,,0.4,,,,phase_role,077
LONG=0-45 + MID=135-180 + SHORT=180-225,0,0,,0.48333333333333334,,,,phase_role,049
LONG=0-45 + MID=135-180 + SHORT=180-225,0,0,,0.5166666666666667,,,,phase_role,056
LONG=0-45 + MID=135-180 + SHORT=180-225,1,1,1.0,0.5666666666666667,0.43333333333333335,0.20654329147389294,1.0,phase_role,075
LONG=0-45 + MID=135-180 + SHORT=180-225,0,0,,0.4,,,,phase_role,077
LONG=270-315 + MID=180-225 + SHORT=45-90,0,0,,0.48333333333333334,,,,phase_role,049
LONG=270-315 + MID=180-225 + SHORT=45-90,0,0,,0.5166666666666667,,,,phase_role,056
LONG=270-315 + MID=180-225 + SHORT=45-90,1,1,1.0,0.5666666666666667,0.43333333333333335,0.20654329147389294,1.0,phase_role,075
LONG=270-315 + MID=180-225 + SHORT=45-90,0,0,,0.4,,,,phase_role,077
LONG=45-90 + MID=180-225 + SHORT=180-225,0,0,,0.48333333333333334,,,,phase_role,049
LONG=45-90 + MID=180-225 + SHORT=180-225,0,0,,0.5166666666666667,,,,phase_role,056
LONG=45-90 + MID=180-225 + SHORT=180-225,1,1,1.0,0.5666666666666667,0.43333333333333335,0.20654329147389294,1.0,phase_role,075
LONG=45-90 + MID=180-225 + SHORT=180-225,0,0,,0.4,,,,phase_role,077
LONG=180-225 + MID=225-270 + SHORT=315-360,0,0,,0.48333333333333334,,,,phase_role,049
LONG=180-225 + MID=225-270 + SHORT=315-360,0,0,,0.5166666666666667,,,,phase_role,056
LONG=180-225 + MID=225-270 + SHORT=315-360,1,0,0.0,0.5666666666666667,-0.5666666666666667,0.0,0.7934567085261071,phase_role,075
LONG=180-225 + MID=225-270 + SHORT=315-360,0,0,,0.4,,,,phase_role,077
LONG=315-360 + MID=225-270 + SHORT=45-90,0,0,,0.48333333333333334,,,,phase_role,049
LONG=315-360 + MID=225-270 + SHORT=45-90,0,0,,0.5166666666666667,,,,phase_role,056
LONG=315-360 + MID=225-270 + SHORT=45-90,1,1,1.0,0.5666666666666667,0.43333333333333335,0.20654329147389294,1.0,phase_role,075
LONG=315-360 + MID=225-270 + SHORT=45-90,1,0,0.0,0.4,-0.4,0.0,0.7934567085261071,phase_role,077
LONG=90-135 + MID=225-270 + SHORT=180-225,0,0,,0.48333333333333334,,,,phase_role,049
LONG=90-135 + MID=225-270 + SHORT=180-225,0,0,,0.5166666666666667,,,,phase_role,056
LONG=90-135 + MID=225-270 + SHORT=180-225,1,1,1.0,0.5666666666666667,0.43333333333333335,0.20654329147389294,1.0,phase_role,075
LONG=90-135 + MID=225-270 + SHORT=180-225,0,0,,0.4,,,,phase_role,077
LONG=0-45 + MID=270-315 + SHORT=90-135,0,0,,0.48333333333333334,,,,phase_role,049
LONG=0-45 + MID=270-315 + SHORT=90-135,0,0,,0.5166666666666667,,,,phase_role,056
LONG=0-45 + MID=270-315 + SHORT=90-135,1,1,1.0,0.5666666666666667,0.43333333333333335,0.20654329147389294,1.0,phase_role,075
LONG=0-45 + MID=270-315 + SHORT=90-135,0,0,,0.4,,,,phase_role,077
LONG=135-180 + MID=315-360 + SHORT=180-225,0,0,,0.48333333333333334,,,,phase_role,049
LONG=135-180 + MID=315-360 + SHORT=180-225,0,0,,0.5166666666666667,,,,phase_role,056
LONG=135-180 + MID=315-360 + SHORT=180-225,1,0,0.0,0.5666666666666667,-0.5666666666666667,0.0,0.7934567085261071,phase_role,075
LONG=135-180 + MID=315-360 + SHORT=180-225,0,0,,0.4,,,,phase_role,077
LONG=270-315 + MID=315-360 + SHORT=315-360,0,0,,0.48333333333333334,,,,phase_role,049
LONG=270-315 + MID=315-360 + SHORT=315-360,0,0,,0.5166666666666667,,,,phase_role,056
LONG=270-315 + MID=315-360 + SHORT=315-360,1,0,0.0,0.5666666666666667,-0.5666666666666667,0.0,0.7934567085261071,phase_role,075
LONG=270-315 + MID=315-360 + SHORT=315-360,0,0,,0.4,,,,phase_role,077
LONG=180-225 + MID=0-45 + SHORT=225-270,0,0,,0.48333333333333334,,,,phase_role,049
LONG=180-225 + MID=0-45 + SHORT=225-270,0,0,,0.5166666666666667,,,,phase_role,056
LONG=180-225 + MID=0-45 + SHORT=225-270,1,0,0.0,0.5666666666666667,-0.5666666666666667,0.0,0.7934567085261071,phase_role,075
LONG=180-225 + MID=0-45 + SHORT=225-270,0,0,,0.4,,,,phase_role,077
LONG=180-225 + MID=270-315 + SHORT=0-45,0,0,,0.48333333333333334,,,,phase_role,049
LONG=180-225 + MID=270-315 + SHORT=0-45,0,0,,0.5166666666666667,,,,phase_role,056
LONG=180-225 + MID=270-315 + SHORT=0-45,0,0,,0.5666666666666667,,,,phase_role,075
LONG=180-225 + MID=270-315 + SHORT=0-45,1,0,0.0,0.4,-0.4,0.0,0.7934567085261071,phase_role,077
LONG=315-360 + MID=45-90 + SHORT=90-135,0,0,,0.48333333333333334,,,,phase_role,049
LONG=315-360 + MID=45-90 + SHORT=90-135,0,0,,0.5166666666666667,,,,phase_role,056
LONG=315-360 + MID=45-90 + SHORT=90-135,0,0,,0.5666666666666667,,,,phase_role,075
LONG=315-360 + MID=45-90 + SHORT=90-135,1,1,1.0,0.4,0.6,0.20654329147389294,1.0,phase_role,077
LONG=315-360 + MID=90-135 + SHORT=225-270,0,0,,0.48333333333333334,,,,phase_role,049
LONG=315-360 + MID=90-135 + SHORT=225-270,0,0,,0.5166666666666667,,,,phase_role,056
LONG=315-360 + MID=90-135 + SHORT=225-270,0,0,,0.5666666666666667,,,,phase_role,075
LONG=315-360 + MID=90-135 + SHORT=225-270,1,0,0.0,0.4,-0.4,0.0,0.7934567085261071,phase_role,077
LONG=90-135 + MID=225-270 + SHORT=270-315,0,0,,0.48333333333333334,,,,phase_role,049
LONG=90-135 + MID=225-270 + SHORT=270-315,0,0,,0.5166666666666667,,,,phase_role,056
LONG=90-135 + MID=225-270 + SHORT=270-315,0,0,,0.5666666666666667,,,,phase_role,075
LONG=90-135 + MID=225-270 + SHORT=270-315,1,0,0.0,0.4,-0.4,0.0,0.7934567085261071,phase_role,077
LONG=225-270 + MID=0-45 + SHORT=315-360,0,0,,0.48333333333333334,,,,phase_role,049
LONG=225-270 + MID=0-45 + SHORT=315-360,0,0,,0.5166666666666667,,,,phase_role,056
LONG=225-270 + MID=0-45 + SHORT=315-360,0,0,,0.5666666666666667,,,,phase_role,075
LONG=225-270 + MID=0-45 + SHORT=315-360,2,1,0.5,0.4,0.09999999999999998,0.09452865480086614,0.9054713451991339,phase_role,077
LONG=0-45 + MID=180-225 + SHORT=0-45,0,0,,0.48333333333333334,,,,phase_role,049
LONG=0-45 + MID=180-225 + SHORT=0-45,0,0,,0.5166666666666667,,,,phase_role,056
LONG=0-45 + MID=180-225 + SHORT=0-45,0,0,,0.5666666666666667,,,,phase_role,075
LONG=0-45 + MID=180-225 + SHORT=0-45,1,0,0.0,0.4,-0.4,0.0,0.7934567085261071,phase_role,077
LONG=135-180 + MID=315-360 + SHORT=45-90,0,0,,0.48333333333333334,,,,phase_role,049
LONG=135-180 + MID=315-360 + SHORT=45-90,0,0,,0.5166666666666667,,,,phase_role,056
LONG=135-180 + MID=315-360 + SHORT=45-90,0,0,,0.5666666666666667,,,,phase_role,075
LONG=135-180 + MID=315-360 + SHORT=45-90,1,1,1.0,0.4,0.6,0.20654329147389294,1.0,phase_role,077
LONG=270-315 + MID=90-135 + SHORT=135-180,0,0,,0.48333333333333334,,,,phase_role,049
LONG=270-315 + MID=90-135 + SHORT=135-180,0,0,,0.5166666666666667,,,,phase_role,056
LONG=270-315 + MID=90-135 + SHORT=135-180,0,0,,0.5666666666666667,,,,phase_role,075
LONG=270-315 + MID=90-135 + SHORT=135-180,1,1,1.0,0.4,0.6,0.20654329147389294,1.0,phase_role,077
LONG=0-45 + MID=225-270 + SHORT=180-225,0,0,,0.48333333333333334,,,,phase_role,049
LONG=0-45 + MID=225-270 + SHORT=180-225,0,0,,0.5166666666666667,,,,phase_role,056
LONG=0-45 + MID=225-270 + SHORT=180-225,0,0,,0.5666666666666667,,,,phase_role,075
LONG=0-45 + MID=225-270 + SHORT=180-225,2,1,0.5,0.4,0.09999999999999998,0.09452865480086614,0.9054713451991339,phase_role,077
LONG=135-180 + MID=0-45 + SHORT=225-270,0,0,,0.48333333333333334,,,,phase_role,049
LONG=135-180 + MID=0-45 + SHORT=225-270,0,0,,0.5166666666666667,,,,phase_role,056
LONG=135-180 + MID=0-45 + SHORT=225-270,0,0,,0.5666666666666667,,,,phase_role,075
LONG=135-180 + MID=0-45 + SHORT=225-270,1,1,1.0,0.4,0.6,0.20654329147389294,1.0,phase_role,077
LONG=270-315 + MID=135-180 + SHORT=270-315,0,0,,0.48333333333333334,,,,phase_role,049
LONG=270-315 + MID=135-180 + SHORT=270-315,0,0,,0.5166666666666667,,,,phase_role,056
LONG=270-315 + MID=135-180 + SHORT=270-315,0,0,,0.5666666666666667,,,,phase_role,075
LONG=270-315 + MID=135-180 + SHORT=270-315,1,0,0.0,0.4,-0.4,0.0,0.7934567085261071,phase_role,077
LONG=180-225 + MID=45-90 + SHORT=0-45,0,0,,0.48333333333333334,,,,phase_role,049
LONG=180-225 + MID=45-90 + SHORT=0-45,0,0,,0.5166666666666667,,,,phase_role,056
LONG=180-225 + MID=45-90 + SHORT=0-45,0,0,,0.5666666666666667,,,,phase_role,075
LONG=180-225 + MID=45-90 + SHORT=0-45,2,0,0.0,0.4,-0.4,0.0,0.6576280471103807,phase_role,077
LONG=90-135 + MID=0-45 + SHORT=90-135,0,0,,0.48333333333333334,,,,phase_role,049
LONG=90-135 + MID=0-45 + SHORT=90-135,0,0,,0.5166666666666667,,,,phase_role,056
LONG=90-135 + MID=0-45 + SHORT=90-135,0,0,,0.5666666666666667,,,,phase_role,075
LONG=90-135 + MID=0-45 + SHORT=90-135,1,1,1.0,0.4,0.6,0.20654329147389294,1.0,phase_role,077
LONG=225-270 + MID=135-180 + SHORT=180-225,0,0,,0.48333333333333334,,,,phase_role,049
LONG=225-270 + MID=135-180 + SHORT=180-225,0,0,,0.5166666666666667,,,,phase_role,056
LONG=225-270 + MID=135-180 + SHORT=180-225,0,0,,0.5666666666666667,,,,phase_role,075
LONG=225-270 + MID=135-180 + SHORT=180-225,1,0,0.0,0.4,-0.4,0.0,0.7934567085261071,phase_role,077
LONG=315-360 + MID=270-315 + SHORT=225-270,0,0,,0.48333333333333334,,,,phase_role,049
LONG=315-360 + MID=270-315 + SHORT=225-270,0,0,,0.5166666666666667,,,,phase_role,056
LONG=315-360 + MID=270-315 + SHORT=225-270,0,0,,0.5666666666666667,,,,phase_role,075
LONG=315-360 + MID=270-315 + SHORT=225-270,2,1,0.5,0.4,0.09999999999999998,0.09452865480086614,0.9054713451991339,phase_role,077
LONG=225-270 + MID=180-225 + SHORT=315-360,0,0,,0.48333333333333334,,,,phase_role,049
LONG=225-270 + MID=180-225 + SHORT=315-360,0,0,,0.5166666666666667,,,,phase_role,056
LONG=225-270 + MID=180-225 + SHORT=315-360,0,0,,0.5666666666666667,,,,phase_role,075
LONG=225-270 + MID=180-225 + SHORT=315-360,1,0,0.0,0.4,-0.4,0.0,0.7934567085261071,phase_role,077
LONG=0-45 + MID=315-360 + SHORT=0-45,0,0,,0.48333333333333334,,,,phase_role,049
LONG=0-45 + MID=315-360 + SHORT=0-45,0,0,,0.5166666666666667,,,,phase_role,056
LONG=0-45 + MID=315-360 + SHORT=0-45,0,0,,0.5666666666666667,,,,phase_role,075
LONG=0-45 + MID=315-360 + SHORT=0-45,1,1,1.0,0.4,0.6,0.20654329147389294,1.0,phase_role,077
LONG=135-180 + MID=90-135 + SHORT=45-90,0,0,,0.48333333333333334,,,,phase_role,049
LONG=135-180 + MID=90-135 + SHORT=45-90,0,0,,0.5166666666666667,,,,phase_role,056
LONG=135-180 + MID=90-135 + SHORT=45-90,0,0,,0.5666666666666667,,,,phase_role,075
LONG=135-180 + MID=90-135 + SHORT=45-90,2,1,0.5,0.4,0.09999999999999998,0.09452865480086614,0.9054713451991339,phase_role,077
LONG=270-315 + MID=270-315 + SHORT=90-135,0,0,,0.48333333333333334,,,,phase_role,049
LONG=270-315 + MID=270-315 + SHORT=90-135,0,0,,0.5166666666666667,,,,phase_role,056
LONG=270-315 + MID=270-315 + SHORT=90-135,0,0,,0.5666666666666667,,,,phase_role,075
LONG=270-315 + MID=270-315 + SHORT=90-135,1,0,0.0,0.4,-0.4,0.0,0.7934567085261071,phase_role,077
LONG=45-90 + MID=45-90 + SHORT=135-180,0,0,,0.48333333333333334,,,,phase_role,049
LONG=45-90 + MID=45-90 + SHORT=135-180,0,0,,0.5166666666666667,,,,phase_role,056
LONG=45-90 + MID=45-90 + SHORT=135-180,0,0,,0.5666666666666667,,,,phase_role,075
LONG=45-90 + MID=45-90 + SHORT=135-180,1,1,1.0,0.4,0.6,0.20654329147389294,1.0,phase_role,077
LONG=270-315 + MID=315-360 + SHORT=270-315,0,0,,0.48333333333333334,,,,phase_role,049
LONG=270-315 + MID=315-360 + SHORT=270-315,0,0,,0.5166666666666667,,,,phase_role,056
LONG=270-315 + MID=315-360 + SHORT=270-315,0,0,,0.5666666666666667,,,,phase_role,075
LONG=270-315 + MID=315-360 + SHORT=270-315,1,0,0.0,0.4,-0.4,0.0,0.7934567085261071,phase_role,077
LONG=45-90 + MID=90-135 + SHORT=315-360,0,0,,0.48333333333333334,,,,phase_role,049
LONG=45-90 + MID=90-135 + SHORT=315-360,0,0,,0.5166666666666667,,,,phase_role,056
LONG=45-90 + MID=90-135 + SHORT=315-360,0,0,,0.5666666666666667,,,,phase_role,075
LONG=45-90 + MID=90-135 + SHORT=315-360,1,0,0.0,0.4,-0.4,0.0,0.7934567085261071,phase_role,077
LONG=180-225 + MID=225-270 + SHORT=0-45,0,0,,0.48333333333333334,,,,phase_role,049
LONG=180-225 + MID=225-270 + SHORT=0-45,0,0,,0.5166666666666667,,,,phase_role,056
LONG=180-225 + MID=225-270 + SHORT=0-45,0,0,,0.5666666666666667,,,,phase_role,075
LONG=180-225 + MID=225-270 + SHORT=0-45,1,0,0.0,0.4,-0.4,0.0,0.7934567085261071,phase_role,077
LONG=90-135 + MID=135-180 + SHORT=90-135,0,0,,0.48333333333333334,,,,phase_role,049
LONG=90-135 + MID=135-180 + SHORT=90-135,0,0,,0.5166666666666667,,,,phase_role,056
LONG=90-135 + MID=135-180 + SHORT=90-135,0,0,,0.5666666666666667,,,,phase_role,075
LONG=90-135 + MID=135-180 + SHORT=90-135,2,1,0.5,0.4,0.09999999999999998,0.09452865480086614,0.9054713451991339,phase_role,077
LONG=225-270 + MID=315-360 + SHORT=135-180,0,0,,0.48333333333333334,,,,phase_role,049
LONG=225-270 + MID=315-360 + SHORT=135-180,0,0,,0.5166666666666667,,,,phase_role,056
LONG=225-270 + MID=315-360 + SHORT=135-180,0,0,,0.5666666666666667,,,,phase_role,075
LONG=225-270 + MID=315-360 + SHORT=135-180,1,0,0.0,0.4,-0.4,0.0,0.7934567085261071,phase_role,077
LONG=0-45 + MID=90-135 + SHORT=180-225,0,0,,0.48333333333333334,,,,phase_role,049
LONG=0-45 + MID=90-135 + SHORT=180-225,0,0,,0.5166666666666667,,,,phase_role,056
LONG=0-45 + MID=90-135 + SHORT=180-225,0,0,,0.5666666666666667,,,,phase_role,075
LONG=0-45 + MID=90-135 + SHORT=180-225,1,1,1.0,0.4,0.6,0.20654329147389294,1.0,phase_role,077
LONG=135-180 + MID=225-270 + SHORT=270-315,0,0,,0.48333333333333334,,,,phase_role,049
LONG=135-180 + MID=225-270 + SHORT=270-315,0,0,,0.5166666666666667,,,,phase_role,056
LONG=135-180 + MID=225-270 + SHORT=270-315,0,0,,0.5666666666666667,,,,phase_role,075
LONG=135-180 + MID=225-270 + SHORT=270-315,1,0,0.0,0.4,-0.4,0.0,0.7934567085261071,phase_role,077
LONG=270-315 + MID=45-90 + SHORT=90-135,0,0,,0.48333333333333334,,,,phase_role,049
LONG=270-315 + MID=45-90 + SHORT=90-135,0,0,,0.5166666666666667,,,,phase_role,056
LONG=270-315 + MID=45-90 + SHORT=90-135,0,0,,0.5666666666666667,,,,phase_role,075
LONG=270-315 + MID=45-90 + SHORT=90-135,1,1,1.0,0.4,0.6,0.20654329147389294,1.0,phase_role,077
LONG=180-225 + MID=0-45 + SHORT=180-225,0,0,,0.48333333333333334,,,,phase_role,049
LONG=180-225 + MID=0-45 + SHORT=180-225,0,0,,0.5166666666666667,,,,phase_role,056
LONG=180-225 + MID=0-45 + SHORT=180-225,0,0,,0.5666666666666667,,,,phase_role,075
LONG=180-225 + MID=0-45 + SHORT=180-225,1,0,0.0,0.4,-0.4,0.0,0.7934567085261071,phase_role,077
LONG=90-135 + MID=270-315 + SHORT=315-360,0,0,,0.48333333333333334,,,,phase_role,049
LONG=90-135 + MID=270-315 + SHORT=315-360,0,0,,0.5166666666666667,,,,phase_role,056
LONG=90-135 + MID=270-315 + SHORT=315-360,0,0,,0.5666666666666667,,,,phase_role,075
LONG=90-135 + MID=270-315 + SHORT=315-360,1,0,0.0,0.4,-0.4,0.0,0.7934567085261071,phase_role,077
LONG=90-135 + MID=315-360 + SHORT=90-135,0,0,,0.48333333333333334,,,,phase_role,049
LONG=90-135 + MID=315-360 + SHORT=90-135,0,0,,0.5166666666666667,,,,phase_role,056
LONG=90-135 + MID=315-360 + SHORT=90-135,0,0,,0.5666666666666667,,,,phase_role,075
LONG=90-135 + MID=315-360 + SHORT=90-135,1,1,1.0,0.4,0.6,0.20654329147389294,1.0,phase_role,077
LONG=135-180 + MID=45-90 + SHORT=225-270,0,0,,0.48333333333333334,,,,phase_role,049
LONG=135-180 + MID=45-90 + SHORT=225-270,0,0,,0.5166666666666667,,,,phase_role,056
LONG=135-180 + MID=45-90 + SHORT=225-270,0,0,,0.5666666666666667,,,,phase_role,075
LONG=135-180 + MID=45-90 + SHORT=225-270,1,0,0.0,0.4,-0.4,0.0,0.7934567085261071,phase_role,077
LONG=270-315 + MID=180-225 + SHORT=270-315,0,0,,0.48333333333333334,,,,phase_role,049
LONG=270-315 + MID=180-225 + SHORT=270-315,0,0,,0.5166666666666667,,,,phase_role,056
LONG=270-315 + MID=180-225 + SHORT=270-315,0,0,,0.5666666666666667,,,,phase_role,075
LONG=270-315 + MID=180-225 + SHORT=270-315,1,0,0.0,0.4,-0.4,0.0,0.7934567085261071,phase_role,077
LONG=45-90 + MID=315-360 + SHORT=0-45,0,0,,0.48333333333333334,,,,phase_role,049
LONG=45-90 + MID=315-360 + SHORT=0-45,0,0,,0.5166666666666667,,,,phase_role,056
LONG=45-90 + MID=315-360 + SHORT=0-45,0,0,,0.5666666666666667,,,,phase_role,075
LONG=45-90 + MID=315-360 + SHORT=0-45,1,1,1.0,0.4,0.6,0.20654329147389294,1.0,phase_role,077
LONG=45-90 + MID=0-45 + SHORT=135-180,0,0,,0.48333333333333334,,,,phase_role,049
LONG=45-90 + MID=0-45 + SHORT=135-180,0,0,,0.5166666666666667,,,,phase_role,056
LONG=45-90 + MID=0-45 + SHORT=135-180,0,0,,0.5666666666666667,,,,phase_role,075
LONG=45-90 + MID=0-45 + SHORT=135-180,1,1,1.0,0.4,0.6,0.20654329147389294,1.0,phase_role,077
LONG=180-225 + MID=135-180 + SHORT=180-225,0,0,,0.48333333333333334,,,,phase_role,049
LONG=180-225 + MID=135-180 + SHORT=180-225,0,0,,0.5166666666666667,,,,phase_role,056
LONG=180-225 + MID=135-180 + SHORT=180-225,0,0,,0.5666666666666667,,,,phase_role,075
LONG=180-225 + MID=135-180 + SHORT=180-225,1,0,0.0,0.4,-0.4,0.0,0.7934567085261071,phase_role,077
LONG=225-270 + MID=270-315 + SHORT=135-180,0,0,,0.48333333333333334,,,,phase_role,049
LONG=225-270 + MID=270-315 + SHORT=135-180,0,0,,0.5166666666666667,,,,phase_role,056
LONG=225-270 + MID=270-315 + SHORT=135-180,0,0,,0.5666666666666667,,,,phase_role,075
LONG=225-270 + MID=270-315 + SHORT=135-180,1,0,0.0,0.4,-0.4,0.0,0.7934567085261071,phase_role,077
UP-DOWN-UP,8,3,0.375,0.48333333333333334,-0.10833333333333334,0.13684175946152105,0.6942621454161981,direction_pattern,049
UP-DOWN-UP,6,4,0.6666666666666666,0.5166666666666667,0.1499999999999999,0.29998832134152864,0.9032306674407831,direction_pattern,056
UP-DOWN-UP,8,7,0.875,0.5666666666666667,0.30833333333333335,0.5291051942301386,0.9775830911367038,direction_pattern,075
UP-DOWN-UP,7,5,0.7142857142857143,0.4,0.3142857142857143,0.35892909014821267,0.9177828342909844,direction_pattern,077
DOWN-UP-UP,8,3,0.375,0.48333333333333334,-0.10833333333333334,0.13684175946152105,0.6942621454161981,direction_pattern,049
DOWN-UP-UP,10,5,0.5,0.5166666666666667,-0.01666666666666672,0.23658959361548731,0.7634104063845126,direction_pattern,056
DOWN-UP-UP,8,4,0.5,0.5666666666666667,-0.06666666666666665,0.21521252682444186,0.7847874731755582,direction_pattern,075
DOWN-UP-UP,9,5,0.5555555555555556,0.4,0.15555555555555556,0.2666473457440297,0.811224570528086,direction_pattern,077
DOWN-DOWN-DOWN,8,0,0.0,0.48333333333333334,-0.48333333333333334,0.0,0.3244156195108769,direction_pattern,049
DOWN-DOWN-DOWN,9,5,0.5555555555555556,0.5166666666666667,0.03888888888888886,0.2666473457440297,0.811224570528086,direction_pattern,056
DOWN-DOWN-DOWN,8,1,0.125,0.5666666666666667,-0.44166666666666665,0.02241690886329617,0.4708948057698615,direction_pattern,075
DOWN-DOWN-DOWN,8,0,0.0,0.4,-0.4,0.0,0.3244156195108769,direction_pattern,077
UP-UP-DOWN,7,5,0.7142857142857143,0.48333333333333334,0.23095238095238096,0.35892909014821267,0.9177828342909844,direction_pattern,049
UP-UP-DOWN,7,1,0.14285714285714285,0.5166666666666667,-0.37380952380952387,0.02567895594897479,0.51313450331903,direction_pattern,056
UP-UP-DOWN,8,5,0.625,0.5666666666666667,0.05833333333333335,0.30573785458380187,0.863158240538479,direction_pattern,075
UP-UP-DOWN,5,4,0.8,0.4,0.4,0.3755282641185388,0.9637768390302125,direction_pattern,077
DOWN-DOWN-UP,7,2,0.2857142857142857,0.48333333333333334,-0.19761904761904764,0.0822171657090155,0.6410709098517873,direction_pattern,049
DOWN-DOWN-UP,6,2,0.3333333333333333,0.5166666666666667,-0.1833333333333334,0.09676933255921683,0.7000116786584712,direction_pattern,056
DOWN-DOWN-UP,8,4,0.5,0.5666666666666667,-0.06666666666666665,0.21521252682444186,0.7847874731755582,direction_pattern,075
DOWN-DOWN-UP,6,1,0.16666666666666666,0.4,-0.23333333333333336,0.03005258587173032,0.563509436563646,direction_pattern,077
UP-UP-UP,7,5,0.7142857142857143,0.48333333333333334,0.23095238095238096,0.35892909014821267,0.9177828342909844,direction_pattern,049
UP-UP-UP,8,7,0.875,0.5166666666666667,0.3583333333333333,0.5291051942301386,0.9775830911367038,direction_pattern,056
UP-UP-UP,5,4,0.8,0.5666666666666667,0.2333333333333334,0.3755282641185388,0.9637768390302125,direction_pattern,075
UP-UP-UP,9,7,0.7777777777777778,0.4,0.37777777777777777,0.4525833436728054,0.9367762376877727,direction_pattern,077
UP-DOWN-DOWN,8,6,0.75,0.48333333333333334,0.26666666666666666,0.40926987910258916,0.9285223111419724,direction_pattern,049
UP-DOWN-DOWN,9,5,0.5555555555555556,0.5166666666666667,0.03888888888888886,0.2666473457440297,0.811224570528086,direction_pattern,056
UP-DOWN-DOWN,8,5,0.625,0.5666666666666667,0.05833333333333335,0.30573785458380187,0.863158240538479,direction_pattern,075
UP-DOWN-DOWN,9,1,0.1111111111111111,0.4,-0.2888888888888889,0.019890371327130535,0.4350062147680601,direction_pattern,077
DOWN-UP-DOWN,7,5,0.7142857142857143,0.48333333333333334,0.23095238095238096,0.35892909014821267,0.9177828342909844,direction_pattern,049
DOWN-UP-DOWN,5,2,0.4,0.5166666666666667,-0.1166666666666667,0.1176182311592533,0.769280067791163,direction_pattern,056
DOWN-UP-DOWN,7,4,0.5714285714285714,0.5666666666666667,0.004761904761904745,0.2504542304090258,0.8417830777373732,direction_pattern,075
DOWN-UP-DOWN,7,1,0.14285714285714285,0.4,-0.2571428571428572,0.02567895594897479,0.51313450331903,direction_pattern,077
middle,12,4,0.3333333333333333,0.48333333333333334,-0.15000000000000002,0.13811783989736134,0.609382412602386,convergence_bin,049
middle,5,3,0.6,0.5166666666666667,0.08333333333333326,0.23071993220883708,0.8823817688407467,convergence_bin,056
middle,9,5,0.5555555555555556,0.5666666666666667,-0.011111111111111072,0.2666473457440297,0.811224570528086,convergence_bin,075
middle,7,3,0.42857142857142855,0.4,0.028571428571428525,0.15821692226262685,0.7495457695909742,convergence_bin,077
low,46,24,0.5217391304347826,0.48333333333333334,0.03840579710144926,0.38137172148151327,0.6587554012432788,convergence_bin,049
low,49,25,0.5102040816326531,0.5166666666666667,-0.006462585034013646,0.37467331533409215,0.6442511684059913,convergence_bin,056
low,49,29,0.5918367346938775,0.5666666666666667,0.02517006802721089,0.4524706997204626,0.7178496539402894,convergence_bin,075
low,49,20,0.40816326530612246,0.4,0.008163265306122436,0.2821503460597105,0.5475293002795374,convergence_bin,077
high,2,1,0.5,0.48333333333333334,0.016666666666666663,0.09452865480086614,0.9054713451991339,convergence_bin,049
high,6,3,0.5,0.5166666666666667,-0.01666666666666672,0.18761280689940868,0.8123871931005913,convergence_bin,056
high,2,0,0.0,0.5666666666666667,-0.5666666666666667,0.0,0.6576280471103807,convergence_bin,075
high,4,1,0.25,0.4,-0.15000000000000002,0.045586062644636216,0.6993639475573634,convergence_bin,077
flat_or_unknown,1,0,0.0,0.48333333333333334,-0.48333333333333334,0.0,0.7934567085261071,convergence_change,049
flat_or_unknown,1,1,1.0,0.5166666666666667,0.4833333333333333,0.20654329147389294,1.0,convergence_change,056
flat_or_unknown,1,1,1.0,0.5666666666666667,0.43333333333333335,0.20654329147389294,1.0,convergence_change,075
flat_or_unknown,1,0,0.0,0.4,-0.4,0.0,0.7934567085261071,convergence_change,077
rising,27,15,0.5555555555555556,0.48333333333333334,0.07222222222222224,0.37312719479576884,0.7241440232992717,convergence_change,049
rising,28,16,0.5714285714285714,0.5166666666666667,0.05476190476190468,0.390704789856154,0.7349170381926877,convergence_change,056
rising,26,14,0.5384615384615384,0.5666666666666667,-0.028205128205128216,0.3545763620443012,0.712444173047651,convergence_change,075
rising,27,13,0.48148148148148145,0.4,0.08148148148148143,0.3074295064970908,0.6601467541378958,convergence_change,077
falling,32,14,0.4375,0.48333333333333334,-0.04583333333333334,0.2816508596944317,0.6067469796877387,convergence_change,049
falling,31,14,0.45161290322580644,0.5166666666666667,-0.06505376344086028,0.29161482836586106,0.6222812039633085,convergence_change,056
falling,33,19,0.5757575757575758,0.5666666666666667,0.00909090909090915,0.4080697369146003,0.7276464100497011,convergence_change,075
falling,32,11,0.34375,0.4,-0.05625000000000002,0.20410233354328552,0.5168922649121406,convergence_change,077
LEFT,16,7,0.4375,0.48333333333333334,-0.04583333333333334,0.2309836333518552,0.6682180439322347,region,049
LEFT,15,5,0.3333333333333333,0.5166666666666667,-0.1833333333333334,0.15176100694691236,0.5828687484878701,region,056
LEFT,14,5,0.35714285714285715,0.5666666666666667,-0.2095238095238095,0.16344490737202735,0.6123599531785959,region,075
LEFT,18,4,0.2222222222222222,0.4,-0.1777777777777778,0.09000781913382,0.4521502645230549,region,077
RIGHT,16,11,0.6875,0.48333333333333334,0.20416666666666666,0.4440393186673406,0.8583556494803894,region,049
RIGHT,15,10,0.6666666666666666,0.5166666666666667,0.1499999999999999,0.41713125151212976,0.8482389930530876,region,056
RIGHT,14,10,0.7142857142857143,0.5666666666666667,0.14761904761904765,0.4535045882751561,0.882788120898909,region,075
RIGHT,16,10,0.625,0.4,0.22499999999999998,0.3864064709793481,0.815190174452472,region,077
TOP,21,7,0.3333333333333333,0.48333333333333334,-0.15000000000000002,0.17194536432683688,0.5462692434278971,region,049
TOP,22,10,0.45454545454545453,0.5166666666666667,-0.06212121212121219,0.26920014432004846,0.6534052671095845,region,056
TOP,26,14,0.5384615384615384,0.5666666666666667,-0.028205128205128216,0.3545763620443012,0.712444173047651,region,075
TOP,20,7,0.35,0.4,-0.050000000000000044,0.18118954786794464,0.5671494897805354,region,077
BOTTOM,7,4,0.5714285714285714,0.48333333333333334,0.08809523809523806,0.2504542304090258,0.8417830777373732,region,049
BOTTOM,8,6,0.75,0.5166666666666667,0.23333333333333328,0.40926987910258916,0.9285223111419724,region,056
BOTTOM,6,5,0.8333333333333334,0.5666666666666667,0.2666666666666667,0.43649056343635395,0.9699474141282697,region,075
BOTTOM,6,3,0.5,0.4,0.09999999999999998,0.18761280689940868,0.8123871931005913,region,077
INSUFFICIENT_HISTORY,20,9,0.45,0.48333333333333334,-0.033333333333333326,0.25819502085709295,0.6579179916924003,regime,049
INSUFFICIENT_HISTORY,20,9,0.45,0.5166666666666667,-0.06666666666666671,0.25819502085709295,0.6579179916924003,regime,056
INSUFFICIENT_HISTORY,20,11,0.55,0.5666666666666667,-0.016666666666666607,0.3420820083075997,0.7418049791429071,regime,075
INSUFFICIENT_HISTORY,20,8,0.4,0.4,0.0,0.21880396741419272,0.613422057684794,regime,077
TRANSITION,14,8,0.5714285714285714,0.48333333333333334,0.08809523809523806,0.3259026690286936,0.7861949006959948,regime,049
TRANSITION,10,8,0.8,0.5166666666666667,0.2833333333333333,0.49015684672072335,0.9433190520193067,regime,056
TRANSITION,12,8,0.6666666666666666,0.5666666666666667,0.09999999999999998,0.3906175873976139,0.8618821601026385,regime,075
TRANSITION,13,5,0.38461538461538464,0.4,-0.015384615384615385,0.17709446581236818,0.6447751902773146,regime,077
STABLE,25,12,0.48,0.48333333333333334,-0.003333333333333355,0.30031003928960015,0.6650178204685269,regime,049
STABLE,17,8,0.47058823529411764,0.5166666666666667,-0.04607843137254908,0.26164801196088106,0.6903710268845051,regime,056
STABLE,13,7,0.5384615384615384,0.5666666666666667,-0.028205128205128216,0.2914343243183205,0.7679424569851186,regime,075
STABLE,20,7,0.35,0.4,-0.050000000000000044,0.18118954786794464,0.5671494897805354,regime,077
UNSTABLE,1,0,0.0,0.48333333333333334,-0.48333333333333334,0.0,0.7934567085261071,regime,049
UNSTABLE,13,6,0.46153846153846156,0.5166666666666667,-0.055128205128205154,0.2320575430148814,0.7085656756816796,regime,056
UNSTABLE,15,8,0.5333333333333333,0.5666666666666667,-0.033333333333333326,0.3011663015105079,0.7519077474025355,regime,075
UNSTABLE,7,4,0.5714285714285714,0.4,0.17142857142857137,0.2504542304090258,0.8417830777373732,regime,077
prev_bullish,30,14,0.4666666666666667,0.48333333333333334,-0.016666666666666663,0.30232127224128236,0.6385798671847496,prev_bullish,049
prev_bullish,32,16,0.5,0.5166666666666667,-0.01666666666666672,0.33630614316859386,0.6636938568314061,prev_bullish,056
prev_bullish,35,19,0.5428571428571428,0.5666666666666667,-0.023809523809523836,0.38189451340137515,0.6953422636623914,prev_bullish,075
prev_bullish,24,8,0.3333333333333333,0.4,-0.06666666666666671,0.17971978688379642,0.5329404050591954,prev_bullish,077
prev_bearish,30,15,0.5,0.48333333333333334,0.016666666666666663,0.33153851227173764,0.6684614877282624,prev_bullish,049
prev_bearish,28,15,0.5357142857142857,0.5166666666666667,0.01904761904761898,0.3581239514210167,0.7046869626034041,prev_bullish,056
prev_bearish,25,15,0.6,0.5666666666666667,0.033333333333333326,0.40739127785127344,0.7659694233580909,prev_bullish,075
prev_bearish,36,16,0.4444444444444444,0.4,0.0444444444444444,0.2954102987654314,0.6041921268399659,prev_bullish,077
phase_cluster=middle,12,4,0.3333333333333333,0.48333333333333334,-0.15000000000000002,0.13811783989736134,0.609382412602386,phase_cluster,049
phase_cluster=middle,5,3,0.6,0.5166666666666667,0.08333333333333326,0.23071993220883708,0.8823817688407467,phase_cluster,056
phase_cluster=middle,9,5,0.5555555555555556,0.5666666666666667,-0.011111111111111072,0.2666473457440297,0.811224570528086,phase_cluster,075
phase_cluster=middle,7,3,0.42857142857142855,0.4,0.028571428571428525,0.15821692226262685,0.7495457695909742,phase_cluster,077
phase_cluster=low,46,24,0.5217391304347826,0.48333333333333334,0.03840579710144926,0.38137172148151327,0.6587554012432788,phase_cluster,049
phase_cluster=low,49,25,0.5102040816326531,0.5166666666666667,-0.006462585034013646,0.37467331533409215,0.6442511684059913,phase_cluster,056
phase_cluster=low,49,29,0.5918367346938775,0.5666666666666667,0.02517006802721089,0.4524706997204626,0.7178496539402894,phase_cluster,075
phase_cluster=low,49,20,0.40816326530612246,0.4,0.008163265306122436,0.2821503460597105,0.5475293002795374,phase_cluster,077
phase_cluster=high,2,1,0.5,0.48333333333333334,0.016666666666666663,0.09452865480086614,0.9054713451991339,phase_cluster,049
phase_cluster=high,6,3,0.5,0.5166666666666667,-0.01666666666666672,0.18761280689940868,0.8123871931005913,phase_cluster,056
phase_cluster=high,2,0,0.0,0.5666666666666667,-0.5666666666666667,0.0,0.6576280471103807,phase_cluster,075
phase_cluster=high,4,1,0.25,0.4,-0.15000000000000002,0.045586062644636216,0.6993639475573634,phase_cluster,077
317.6796979672181,1,0,0.0,0.48333333333333334,-0.48333333333333334,0.0,0.7934567085261071,phase_LONG,049
317.6796979672181,0,0,,0.5166666666666667,,,,phase_LONG,056
317.6796979672181,0,0,,0.5666666666666667,,,,phase_LONG,075
317.6796979672181,0,0,,0.4,,,,phase_LONG,077
109.55469796721803,1,1,1.0,0.48333333333333334,0.5166666666666666,0.20654329147389294,1.0,phase_LONG,049
109.55469796721803,0,0,,0.5166666666666667,,,,phase_LONG,056
109.55469796721803,0,0,,0.5666666666666667,,,,phase_LONG,075
109.55469796721803,0,0,,0.4,,,,phase_LONG,077
261.4296979672182,1,0,0.0,0.48333333333333334,-0.48333333333333334,0.0,0.7934567085261071,phase_LONG,049
261.4296979672182,0,0,,0.5166666666666667,,,,phase_LONG,056
261.4296979672182,0,0,,0.5666666666666667,,,,phase_LONG,075
261.4296979672182,0,0,,0.4,,,,phase_LONG,077
53.30469796721809,1,0,0.0,0.48333333333333334,-0.48333333333333334,0.0,0.7934567085261071,phase_LONG,049
53.30469796721809,0,0,,0.5166666666666667,,,,phase_LONG,056
53.30469796721809,0,0,,0.5666666666666667,,,,phase_LONG,075
53.30469796721809,0,0,,0.4,,,,phase_LONG,077
205.1796979672181,1,0,0.0,0.48333333333333334,-0.48333333333333334,0.0,0.7934567085261071,phase_LONG,049
205.1796979672181,0,0,,0.5166666666666667,,,,phase_LONG,056
205.1796979672181,0,0,,0.5666666666666667,,,,phase_LONG,075
205.1796979672181,0,0,,0.4,,,,phase_LONG,077
357.0546979672181,1,1,1.0,0.48333333333333334,0.5166666666666666,0.20654329147389294,1.0,phase_LONG,049
357.0546979672181,0,0,,0.5166666666666667,,,,phase_LONG,056
357.0546979672181,0,0,,0.5666666666666667,,,,phase_LONG,075
357.0546979672181,0,0,,0.4,,,,phase_LONG,077
148.9296979672181,1,0,0.0,0.48333333333333334,-0.48333333333333334,0.0,0.7934567085261071,phase_LONG,049
148.9296979672181,0,0,,0.5166666666666667,,,,phase_LONG,056
148.9296979672181,0,0,,0.5666666666666667,,,,phase_LONG,075
148.9296979672181,0,0,,0.4,,,,phase_LONG,077
300.8046979672181,1,1,1.0,0.48333333333333334,0.5166666666666666,0.20654329147389294,1.0,phase_LONG,049
300.8046979672181,0,0,,0.5166666666666667,,,,phase_LONG,056
300.8046979672181,0,0,,0.5666666666666667,,,,phase_LONG,075
300.8046979672181,0,0,,0.4,,,,phase_LONG,077
92.67969796721809,1,1,1.0,0.48333333333333334,0.5166666666666666,0.20654329147389294,1.0,phase_LONG,049
92.67969796721809,0,0,,0.5166666666666667,,,,phase_LONG,056
92.67969796721809,0,0,,0.5666666666666667,,,,phase_LONG,075
92.67969796721809,0,0,,0.4,,,,phase_LONG,077
244.5546979672181,1,1,1.0,0.48333333333333334,0.5166666666666666,0.20654329147389294,1.0,phase_LONG,049
244.5546979672181,0,0,,0.5166666666666667,,,,phase_LONG,056
244.5546979672181,0,0,,0.5666666666666667,,,,phase_LONG,075
244.5546979672181,0,0,,0.4,,,,phase_LONG,077
36.42969796721809,1,1,1.0,0.48333333333333334,0.5166666666666666,0.20654329147389294,1.0,phase_LONG,049
36.42969796721809,0,0,,0.5166666666666667,,,,phase_LONG,056
36.42969796721809,0,0,,0.5666666666666667,,,,phase_LONG,075
36.42969796721809,0,0,,0.4,,,,phase_LONG,077
188.3046979672181,1,0,0.0,0.48333333333333334,-0.48333333333333334,0.0,0.7934567085261071,phase_LONG,049
188.3046979672181,0,0,,0.5166666666666667,,,,phase_LONG,056
188.3046979672181,0,0,,0.5666666666666667,,,,phase_LONG,075
188.3046979672181,0,0,,0.4,,,,phase_LONG,077
340.1796979672181,1,0,0.0,0.48333333333333334,-0.48333333333333334,0.0,0.7934567085261071,phase_LONG,049
340.1796979672181,0,0,,0.5166666666666667,,,,phase_LONG,056
340.1796979672181,0,0,,0.5666666666666667,,,,phase_LONG,075
340.1796979672181,0,0,,0.4,,,,phase_LONG,077
132.05469796721854,1,0,0.0,0.48333333333333334,-0.48333333333333334,0.0,0.7934567085261071,phase_LONG,049
132.05469796721854,0,0,,0.5166666666666667,,,,phase_LONG,056
132.05469796721854,0,0,,0.5666666666666667,,,,phase_LONG,075
132.05469796721854,0,0,,0.4,,,,phase_LONG,077
283.9296979672181,1,1,1.0,0.48333333333333334,0.5166666666666666,0.20654329147389294,1.0,phase_LONG,049
283.9296979672181,0,0,,0.5166666666666667,,,,phase_LONG,056
283.9296979672181,0,0,,0.5666666666666667,,,,phase_LONG,075
283.9296979672181,0,0,,0.4,,,,phase_LONG,077
75.80469796721763,1,1,1.0,0.48333333333333334,0.5166666666666666,0.20654329147389294,1.0,phase_LONG,049
75.80469796721763,0,0,,0.5166666666666667,,,,phase_LONG,056
75.80469796721763,0,0,,0.5666666666666667,,,,phase_LONG,075
75.80469796721763,0,0,,0.4,,,,phase_LONG,077
227.6796979672181,1,0,0.0,0.48333333333333334,-0.48333333333333334,0.0,0.7934567085261071,phase_LONG,049
227.6796979672181,0,0,,0.5166666666666667,,,,phase_LONG,056
227.6796979672181,0,0,,0.5666666666666667,,,,phase_LONG,075
227.6796979672181,0,0,,0.4,,,,phase_LONG,077
19.55469796721809,1,1,1.0,0.48333333333333334,0.5166666666666666,0.20654329147389294,1.0,phase_LONG,049
19.55469796721809,0,0,,0.5166666666666667,,,,phase_LONG,056
19.55469796721809,0,0,,0.5666666666666667,,,,phase_LONG,075
19.55469796721809,0,0,,0.4,,,,phase_LONG,077
171.42969796721854,1,0,0.0,0.48333333333333334,-0.48333333333333334,0.0,0.7934567085261071,phase_LONG,049
171.42969796721854,0,0,,0.5166666666666667,,,,phase_LONG,056
171.42969796721854,0,0,,0.5666666666666667,,,,phase_LONG,075
171.42969796721854,0,0,,0.4,,,,phase_LONG,077
323.3046979672181,1,0,0.0,0.48333333333333334,-0.48333333333333334,0.0,0.7934567085261071,phase_LONG,049
323.3046979672181,0,0,,0.5166666666666667,,,,phase_LONG,056
323.3046979672181,0,0,,0.5666666666666667,,,,phase_LONG,075
323.3046979672181,0,0,,0.4,,,,phase_LONG,077
115.17969796721763,1,0,0.0,0.48333333333333334,-0.48333333333333334,0.0,0.7934567085261071,phase_LONG,049
115.17969796721763,0,0,,0.5166666666666667,,,,phase_LONG,056
115.17969796721763,0,0,,0.5666666666666667,,,,phase_LONG,075
115.17969796721763,0,0,,0.4,,,,phase_LONG,077
267.05469796721854,1,1,1.0,0.48333333333333334,0.5166666666666666,0.20654329147389294,1.0,phase_LONG,049
267.05469796721854,0,0,,0.5166666666666667,,,,phase_LONG,056
267.05469796721854,0,0,,0.5666666666666667,,,,phase_LONG,075
267.05469796721854,0,0,,0.4,,,,phase_LONG,077
58.92969796721809,1,1,1.0,0.48333333333333334,0.5166666666666666,0.20654329147389294,1.0,phase_LONG,049
58.92969796721809,0,0,,0.5166666666666667,,,,phase_LONG,056
58.92969796721809,0,0,,0.5666666666666667,,,,phase_LONG,075
58.92969796721809,0,0,,0.4,,,,phase_LONG,077
210.80469796721763,1,0,0.0,0.48333333333333334,-0.48333333333333334,0.0,0.7934567085261071,phase_LONG,049
210.80469796721763,0,0,,0.5166666666666667,,,,phase_LONG,056
210.80469796721763,0,0,,0.5666666666666667,,,,phase_LONG,075
210.80469796721763,0,0,,0.4,,,,phase_LONG,077
2.6796979672180896,1,0,0.0,0.48333333333333334,-0.48333333333333334,0.0,0.7934567085261071,phase_LONG,049
2.6796979672180896,0,0,,0.5166666666666667,,,,phase_LONG,056
2.6796979672180896,0,0,,0.5666666666666667,,,,phase_LONG,075
2.6796979672180896,0,0,,0.4,,,,phase_LONG,077
154.5546979672181,1,1,1.0,0.48333333333333334,0.5166666666666666,0.20654329147389294,1.0,phase_LONG,049
154.5546979672181,0,0,,0.5166666666666667,,,,phase_LONG,056
154.5546979672181,0,0,,0.5666666666666667,,,,phase_LONG,075
154.5546979672181,0,0,,0.4,,,,phase_LONG,077
306.4296979672181,1,1,1.0,0.48333333333333334,0.5166666666666666,0.20654329147389294,1.0,phase_LONG,049
306.4296979672181,0,0,,0.5166666666666667,,,,phase_LONG,056
306.4296979672181,0,0,,0.5666666666666667,,,,phase_LONG,075
306.4296979672181,0,0,,0.4,,,,phase_LONG,077
98.30469796721809,1,0,0.0,0.48333333333333334,-0.48333333333333334,0.0,0.7934567085261071,phase_LONG,049
98.30469796721809,0,0,,0.5166666666666667,,,,phase_LONG,056
98.30469796721809,0,0,,0.5666666666666667,,,,phase_LONG,075
98.30469796721809,0,0,,0.4,,,,phase_LONG,077
250.1796979672181,1,0,0.0,0.48333333333333334,-0.48333333333333334,0.0,0.7934567085261071,phase_LONG,049
250.1796979672181,0,0,,0.5166666666666667,,,,phase_LONG,056
250.1796979672181,0,0,,0.5666666666666667,,,,phase_LONG,075
250.1796979672181,0,0,,0.4,,,,phase_LONG,077
42.05469796721809,1,1,1.0,0.48333333333333334,0.5166666666666666,0.20654329147389294,1.0,phase_LONG,049
42.05469796721809,0,0,,0.5166666666666667,,,,phase_LONG,056
42.05469796721809,0,0,,0.5666666666666667,,,,phase_LONG,075
42.05469796721809,0,0,,0.4,,,,phase_LONG,077
193.9296979672181,1,0,0.0,0.48333333333333334,-0.48333333333333334,0.0,0.7934567085261071,phase_LONG,049
193.9296979672181,0,0,,0.5166666666666667,,,,phase_LONG,056
193.9296979672181,0,0,,0.5666666666666667,,,,phase_LONG,075
193.9296979672181,0,0,,0.4,,,,phase_LONG,077
345.8046979672181,1,1,1.0,0.48333333333333334,0.5166666666666666,0.20654329147389294,1.0,phase_LONG,049
345.8046979672181,0,0,,0.5166666666666667,,,,phase_LONG,056
345.8046979672181,0,0,,0.5666666666666667,,,,phase_LONG,075
345.8046979672181,0,0,,0.4,,,,phase_LONG,077
137.6796979672181,1,0,0.0,0.48333333333333334,-0.48333333333333334,0.0,0.7934567085261071,phase_LONG,049
137.6796979672181,0,0,,0.5166666666666667,,,,phase_LONG,056
137.6796979672181,0,0,,0.5666666666666667,,,,phase_LONG,075
137.6796979672181,0,0,,0.4,,,,phase_LONG,077
289.5546979672181,1,1,1.0,0.48333333333333334,0.5166666666666666,0.20654329147389294,1.0,phase_LONG,049
289.5546979672181,0,0,,0.5166666666666667,,,,phase_LONG,056
289.5546979672181,0,0,,0.5666666666666667,,,,phase_LONG,075
289.5546979672181,0,0,,0.4,,,,phase_LONG,077
81.42969796721809,1,0,0.0,0.48333333333333334,-0.48333333333333334,0.0,0.7934567085261071,phase_LONG,049
81.42969796721809,0,0,,0.5166666666666667,,,,phase_LONG,056
81.42969796721809,0,0,,0.5666666666666667,,,,phase_LONG,075
81.42969796721809,0,0,,0.4,,,,phase_LONG,077
233.3046979672181,1,0,0.0,0.48333333333333334,-0.48333333333333334,0.0,0.7934567085261071,phase_LONG,049
233.3046979672181,0,0,,0.5166666666666667,,,,phase_LONG,056
233.3046979672181,0,0,,0.5666666666666667,,,,phase_LONG,075
233.3046979672181,0,0,,0.4,,,,phase_LONG,077
25.17969796721809,1,0,0.0,0.48333333333333334,-0.48333333333333334,0.0,0.7934567085261071,phase_LONG,049
25.17969796721809,0,0,,0.5166666666666667,,,,phase_LONG,056
25.17969796721809,0,0,,0.5666666666666667,,,,phase_LONG,075
25.17969796721809,0,0,,0.4,,,,phase_LONG,077
177.0546979672181,1,0,0.0,0.48333333333333334,-0.48333333333333334,0.0,0.7934567085261071,phase_LONG,049
177.0546979672181,0,0,,0.5166666666666667,,,,phase_LONG,056
177.0546979672181,0,0,,0.5666666666666667,,,,phase_LONG,075
177.0546979672181,0,0,,0.4,,,,phase_LONG,077
328.9296979672181,1,1,1.0,0.48333333333333334,0.5166666666666666,0.20654329147389294,1.0,phase_LONG,049
328.9296979672181,0,0,,0.5166666666666667,,,,phase_LONG,056
328.9296979672181,0,0,,0.5666666666666667,,,,phase_LONG,075
328.9296979672181,0,0,,0.4,,,,phase_LONG,077
120.80469796721809,1,0,0.0,0.48333333333333334,-0.48333333333333334,0.0,0.7934567085261071,phase_LONG,049
120.80469796721809,0,0,,0.5166666666666667,,,,phase_LONG,056
120.80469796721809,0,0,,0.5666666666666667,,,,phase_LONG,075
120.80469796721809,0,0,,0.4,,,,phase_LONG,077
272.6796979672181,1,0,0.0,0.48333333333333334,-0.48333333333333334,0.0,0.7934567085261071,phase_LONG,049
272.6796979672181,0,0,,0.5166666666666667,,,,phase_LONG,056
272.6796979672181,0,0,,0.5666666666666667,,,,phase_LONG,075
272.6796979672181,0,0,,0.4,,,,phase_LONG,077
64.55469796721809,1,0,0.0,0.48333333333333334,-0.48333333333333334,0.0,0.7934567085261071,phase_LONG,049
64.55469796721809,0,0,,0.5166666666666667,,,,phase_LONG,056
64.55469796721809,0,0,,0.5666666666666667,,,,phase_LONG,075
64.55469796721809,0,0,,0.4,,,,phase_LONG,077
216.4296979672181,1,1,1.0,0.48333333333333334,0.5166666666666666,0.20654329147389294,1.0,phase_LONG,049
216.4296979672181,0,0,,0.5166666666666667,,,,phase_LONG,056
216.4296979672181,0,0,,0.5666666666666667,,,,phase_LONG,075
216.4296979672181,0,0,,0.4,,,,phase_LONG,077
8.30469796721809,1,1,1.0,0.48333333333333334,0.5166666666666666,0.20654329147389294,1.0,phase_LONG,049
8.30469796721809,0,0,,0.5166666666666667,,,,phase_LONG,056
8.30469796721809,0,0,,0.5666666666666667,,,,phase_LONG,075
8.30469796721809,0,0,,0.4,,,,phase_LONG,077
160.1796979672181,1,0,0.0,0.48333333333333334,-0.48333333333333334,0.0,0.7934567085261071,phase_LONG,049
160.1796979672181,0,0,,0.5166666666666667,,,,phase_LONG,056
160.1796979672181,0,0,,0.5666666666666667,,,,phase_LONG,075
160.1796979672181,0,0,,0.4,,,,phase_LONG,077
312.0546979672181,1,0,0.0,0.48333333333333334,-0.48333333333333334,0.0,0.7934567085261071,phase_LONG,049
312.0546979672181,0,0,,0.5166666666666667,,,,phase_LONG,056
312.0546979672181,0,0,,0.5666666666666667,,,,phase_LONG,075
312.0546979672181,0,0,,0.4,,,,phase_LONG,077
103.92969796721809,1,1,1.0,0.48333333333333334,0.5166666666666666,0.20654329147389294,1.0,phase_LONG,049
103.92969796721809,0,0,,0.5166666666666667,,,,phase_LONG,056
103.92969796721809,0,0,,0.5666666666666667,,,,phase_LONG,075
103.92969796721809,0,0,,0.4,,,,phase_LONG,077
255.8046979672181,1,1,1.0,0.48333333333333334,0.5166666666666666,0.20654329147389294,1.0,phase_LONG,049
255.8046979672181,0,0,,0.5166666666666667,,,,phase_LONG,056
255.8046979672181,0,0,,0.5666666666666667,,,,phase_LONG,075
255.8046979672181,0,0,,0.4,,,,phase_LONG,077
47.67969796721627,1,1,1.0,0.48333333333333334,0.5166666666666666,0.20654329147389294,1.0,phase_LONG,049
47.67969796721627,0,0,,0.5166666666666667,,,,phase_LONG,056
47.67969796721627,0,0,,0.5666666666666667,,,,phase_LONG,075
47.67969796721627,0,0,,0.4,,,,phase_LONG,077
199.55469796721627,1,1,1.0,0.48333333333333334,0.5166666666666666,0.20654329147389294,1.0,phase_LONG,049
199.55469796721627,0,0,,0.5166666666666667,,,,phase_LONG,056
199.55469796721627,0,0,,0.5666666666666667,,,,phase_LONG,075
199.55469796721627,0,0,,0.4,,,,phase_LONG,077
351.42969796721536,1,1,1.0,0.48333333333333334,0.5166666666666666,0.20654329147389294,1.0,phase_LONG,049
351.42969796721536,0,0,,0.5166666666666667,,,,phase_LONG,056
351.42969796721536,0,0,,0.5666666666666667,,,,phase_LONG,075
351.42969796721536,0,0,,0.4,,,,phase_LONG,077
143.30469796721718,1,1,1.0,0.48333333333333334,0.5166666666666666,0.20654329147389294,1.0,phase_LONG,049
143.30469796721718,0,0,,0.5166666666666667,,,,phase_LONG,056
143.30469796721718,0,0,,0.5666666666666667,,,,phase_LONG,075
143.30469796721718,0,0,,0.4,,,,phase_LONG,077
295.17969796721627,1,1,1.0,0.48333333333333334,0.5166666666666666,0.20654329147389294,1.0,phase_LONG,049
295.17969796721627,0,0,,0.5166666666666667,,,,phase_LONG,056
295.17969796721627,0,0,,0.5666666666666667,,,,phase_LONG,075
295.17969796721627,0,0,,0.4,,,,phase_LONG,077
87.05469796721627,1,1,1.0,0.48333333333333334,0.5166666666666666,0.20654329147389294,1.0,phase_LONG,049
87.05469796721627,0,0,,0.5166666666666667,,,,phase_LONG,056
87.05469796721627,0,0,,0.5666666666666667,,,,phase_LONG,075
87.05469796721627,0,0,,0.4,,,,phase_LONG,077
238.92969796721627,1,0,0.0,0.48333333333333334,-0.48333333333333334,0.0,0.7934567085261071,phase_LONG,049
238.92969796721627,0,0,,0.5166666666666667,,,,phase_LONG,056
238.92969796721627,0,0,,0.5666666666666667,,,,phase_LONG,075
238.92969796721627,0,0,,0.4,,,,phase_LONG,077
30.80469796721627,1,1,1.0,0.48333333333333334,0.5166666666666666,0.20654329147389294,1.0,phase_LONG,049
30.80469796721627,0,0,,0.5166666666666667,,,,phase_LONG,056
30.80469796721627,0,0,,0.5666666666666667,,,,phase_LONG,075
30.80469796721627,0,0,,0.4,,,,phase_LONG,077
182.67969796721627,1,0,0.0,0.48333333333333334,-0.48333333333333334,0.0,0.7934567085261071,phase_LONG,049
182.67969796721627,0,0,,0.5166666666666667,,,,phase_LONG,056
182.67969796721627,0,0,,0.5666666666666667,,,,phase_LONG,075
182.67969796721627,0,0,,0.4,,,,phase_LONG,077
334.55469796721627,1,0,0.0,0.48333333333333334,-0.48333333333333334,0.0,0.7934567085261071,phase_LONG,049
334.55469796721627,0,0,,0.5166666666666667,,,,phase_LONG,056
334.55469796721627,0,0,,0.5666666666666667,,,,phase_LONG,075
334.55469796721627,0,0,,0.4,,,,phase_LONG,077
126.42969796721627,1,1,1.0,0.48333333333333334,0.5166666666666666,0.20654329147389294,1.0,phase_LONG,049
126.42969796721627,0,0,,0.5166666666666667,,,,phase_LONG,056
126.42969796721627,0,0,,0.5666666666666667,,,,phase_LONG,075
126.42969796721627,0,0,,0.4,,,,phase_LONG,077
278.30469796721627,1,0,0.0,0.48333333333333334,-0.48333333333333334,0.0,0.7934567085261071,phase_LONG,049
278.30469796721627,0,0,,0.5166666666666667,,,,phase_LONG,056
278.30469796721627,0,0,,0.5666666666666667,,,,phase_LONG,075
278.30469796721627,0,0,,0.4,,,,phase_LONG,077
145.79401559557633,0,0,,0.48333333333333334,,,,phase_LONG,049
145.79401559557633,1,1,1.0,0.5166666666666667,0.4833333333333333,0.20654329147389294,1.0,phase_LONG,056
145.79401559557633,0,0,,0.5666666666666667,,,,phase_LONG,075
145.79401559557633,0,0,,0.4,,,,phase_LONG,077
297.6690155955763,0,0,,0.48333333333333334,,,,phase_LONG,049
297.6690155955763,1,0,0.0,0.5166666666666667,-0.5166666666666667,0.0,0.7934567085261071,phase_LONG,056
297.6690155955763,0,0,,0.5666666666666667,,,,phase_LONG,075
297.6690155955763,0,0,,0.4,,,,phase_LONG,077
89.5440155955763,0,0,,0.48333333333333334,,,,phase_LONG,049
89.5440155955763,1,1,1.0,0.5166666666666667,0.4833333333333333,0.20654329147389294,1.0,phase_LONG,056
89.5440155955763,0,0,,0.5666666666666667,,,,phase_LONG,075
89.5440155955763,0,0,,0.4,,,,phase_LONG,077
241.4190155955763,0,0,,0.48333333333333334,,,,phase_LONG,049
241.4190155955763,1,0,0.0,0.5166666666666667,-0.5166666666666667,0.0,0.7934567085261071,phase_LONG,056
241.4190155955763,0,0,,0.5666666666666667,,,,phase_LONG,075
241.4190155955763,0,0,,0.4,,,,phase_LONG,077
33.2940155955763,0,0,,0.48333333333333334,,,,phase_LONG,049
33.2940155955763,1,0,0.0,0.5166666666666667,-0.5166666666666667,0.0,0.7934567085261071,phase_LONG,056
33.2940155955763,0,0,,0.5666666666666667,,,,phase_LONG,075
33.2940155955763,0,0,,0.4,,,,phase_LONG,077
185.1690155955763,0,0,,0.48333333333333334,,,,phase_LONG,049
185.1690155955763,1,0,0.0,0.5166666666666667,-0.5166666666666667,0.0,0.7934567085261071,phase_LONG,056
185.1690155955763,0,0,,0.5666666666666667,,,,phase_LONG,075
185.1690155955763,0,0,,0.4,,,,phase_LONG,077
337.0440155955762,0,0,,0.48333333333333334,,,,phase_LONG,049
337.0440155955762,1,0,0.0,0.5166666666666667,-0.5166666666666667,0.0,0.7934567085261071,phase_LONG,056
337.0440155955762,0,0,,0.5666666666666667,,,,phase_LONG,075
337.0440155955762,0,0,,0.4,,,,phase_LONG,077
128.91901559557618,0,0,,0.48333333333333334,,,,phase_LONG,049
128.91901559557618,1,1,1.0,0.5166666666666667,0.4833333333333333,0.20654329147389294,1.0,phase_LONG,056
128.91901559557618,0,0,,0.5666666666666667,,,,phase_LONG,075
128.91901559557618,0,0,,0.4,,,,phase_LONG,077
280.7940155955764,0,0,,0.48333333333333334,,,,phase_LONG,049
280.7940155955764,1,1,1.0,0.5166666666666667,0.4833333333333333,0.20654329147389294,1.0,phase_LONG,056
280.7940155955764,0,0,,0.5666666666666667,,,,phase_LONG,075
280.7940155955764,0,0,,0.4,,,,phase_LONG,077
72.66901559557641,0,0,,0.48333333333333334,,,,phase_LONG,049
72.66901559557641,1,0,0.0,0.5166666666666667,-0.5166666666666667,0.0,0.7934567085261071,phase_LONG,056
72.66901559557641,0,0,,0.5666666666666667,,,,phase_LONG,075
72.66901559557641,0,0,,0.4,,,,phase_LONG,077
224.5440155955764,0,0,,0.48333333333333334,,,,phase_LONG,049
224.5440155955764,1,1,1.0,0.5166666666666667,0.4833333333333333,0.20654329147389294,1.0,phase_LONG,056
224.5440155955764,0,0,,0.5666666666666667,,,,phase_LONG,075
224.5440155955764,0,0,,0.4,,,,phase_LONG,077
16.419015595576184,0,0,,0.48333333333333334,,,,phase_LONG,049
16.419015595576184,1,1,1.0,0.5166666666666667,0.4833333333333333,0.20654329147389294,1.0,phase_LONG,056
16.419015595576184,0,0,,0.5666666666666667,,,,phase_LONG,075
16.419015595576184,0,0,,0.4,,,,phase_LONG,077
168.2940155955764,0,0,,0.48333333333333334,,,,phase_LONG,049
168.2940155955764,1,0,0.0,0.5166666666666667,-0.5166666666666667,0.0,0.7934567085261071,phase_LONG,056
168.2940155955764,0,0,,0.5666666666666667,,,,phase_LONG,075
168.2940155955764,0,0,,0.4,,,,phase_LONG,077
320.1690155955762,0,0,,0.48333333333333334,,,,phase_LONG,049
320.1690155955762,1,1,1.0,0.5166666666666667,0.4833333333333333,0.20654329147389294,1.0,phase_LONG,056
320.1690155955762,0,0,,0.5666666666666667,,,,phase_LONG,075
320.1690155955762,0,0,,0.4,,,,phase_LONG,077
112.04401559557573,0,0,,0.48333333333333334,,,,phase_LONG,049
112.04401559557573,1,0,0.0,0.5166666666666667,-0.5166666666666667,0.0,0.7934567085261071,phase_LONG,056
112.04401559557573,0,0,,0.5666666666666667,,,,phase_LONG,075
112.04401559557573,0,0,,0.4,,,,phase_LONG,077
263.9190155955762,0,0,,0.48333333333333334,,,,phase_LONG,049
263.9190155955762,1,0,0.0,0.5166666666666667,-0.5166666666666667,0.0,0.7934567085261071,phase_LONG,056
263.9190155955762,0,0,,0.5666666666666667,,,,phase_LONG,075
263.9190155955762,0,0,,0.4,,,,phase_LONG,077
55.79401559557573,0,0,,0.48333333333333334,,,,phase_LONG,049
55.79401559557573,1,1,1.0,0.5166666666666667,0.4833333333333333,0.20654329147389294,1.0,phase_LONG,056
55.79401559557573,0,0,,0.5666666666666667,,,,phase_LONG,075
55.79401559557573,0,0,,0.4,,,,phase_LONG,077
207.66901559557618,0,0,,0.48333333333333334,,,,phase_LONG,049
207.66901559557618,1,1,1.0,0.5166666666666667,0.4833333333333333,0.20654329147389294,1.0,phase_LONG,056
207.66901559557618,0,0,,0.5666666666666667,,,,phase_LONG,075
207.66901559557618,0,0,,0.4,,,,phase_LONG,077
359.5440155955762,0,0,,0.48333333333333334,,,,phase_LONG,049
359.5440155955762,1,0,0.0,0.5166666666666667,-0.5166666666666667,0.0,0.7934567085261071,phase_LONG,056
359.5440155955762,0,0,,0.5666666666666667,,,,phase_LONG,075
359.5440155955762,0,0,,0.4,,,,phase_LONG,077
151.41901559557573,0,0,,0.48333333333333334,,,,phase_LONG,049
151.41901559557573,1,0,0.0,0.5166666666666667,-0.5166666666666667,0.0,0.7934567085261071,phase_LONG,056
151.41901559557573,0,0,,0.5666666666666667,,,,phase_LONG,075
151.41901559557573,0,0,,0.4,,,,phase_LONG,077
303.2940155955762,0,0,,0.48333333333333334,,,,phase_LONG,049
303.2940155955762,1,1,1.0,0.5166666666666667,0.4833333333333333,0.20654329147389294,1.0,phase_LONG,056
303.2940155955762,0,0,,0.5666666666666667,,,,phase_LONG,075
303.2940155955762,0,0,,0.4,,,,phase_LONG,077
95.16901559557573,0,0,,0.48333333333333334,,,,phase_LONG,049
95.16901559557573,1,1,1.0,0.5166666666666667,0.4833333333333333,0.20654329147389294,1.0,phase_LONG,056
95.16901559557573,0,0,,0.5666666666666667,,,,phase_LONG,075
95.16901559557573,0,0,,0.4,,,,phase_LONG,077
247.04401559557573,0,0,,0.48333333333333334,,,,phase_LONG,049
247.04401559557573,1,1,1.0,0.5166666666666667,0.4833333333333333,0.20654329147389294,1.0,phase_LONG,056
247.04401559557573,0,0,,0.5666666666666667,,,,phase_LONG,075
247.04401559557573,0,0,,0.4,,,,phase_LONG,077
38.919015595576184,0,0,,0.48333333333333334,,,,phase_LONG,049
38.919015595576184,1,1,1.0,0.5166666666666667,0.4833333333333333,0.20654329147389294,1.0,phase_LONG,056
38.919015595576184,0,0,,0.5666666666666667,,,,phase_LONG,075
38.919015595576184,0,0,,0.4,,,,phase_LONG,077
190.79401559557573,0,0,,0.48333333333333334,,,,phase_LONG,049
190.79401559557573,1,1,1.0,0.5166666666666667,0.4833333333333333,0.20654329147389294,1.0,phase_LONG,056
190.79401559557573,0,0,,0.5666666666666667,,,,phase_LONG,075
190.79401559557573,0,0,,0.4,,,,phase_LONG,077
342.6690155955762,0,0,,0.48333333333333334,,,,phase_LONG,049
342.6690155955762,1,0,0.0,0.5166666666666667,-0.5166666666666667,0.0,0.7934567085261071,phase_LONG,056
342.6690155955762,0,0,,0.5666666666666667,,,,phase_LONG,075
342.6690155955762,0,0,,0.4,,,,phase_LONG,077
134.54401559557664,0,0,,0.48333333333333334,,,,phase_LONG,049
134.54401559557664,1,0,0.0,0.5166666666666667,-0.5166666666666667,0.0,0.7934567085261071,phase_LONG,056
134.54401559557664,0,0,,0.5666666666666667,,,,phase_LONG,075
134.54401559557664,0,0,,0.4,,,,phase_LONG,077
286.41901559557664,0,0,,0.48333333333333334,,,,phase_LONG,049
286.41901559557664,1,0,0.0,0.5166666666666667,-0.5166666666666667,0.0,0.7934567085261071,phase_LONG,056
286.41901559557664,0,0,,0.5666666666666667,,,,phase_LONG,075
286.41901559557664,0,0,,0.4,,,,phase_LONG,077
78.29401559557664,0,0,,0.48333333333333334,,,,phase_LONG,049
78.29401559557664,1,0,0.0,0.5166666666666667,-0.5166666666666667,0.0,0.7934567085261071,phase_LONG,056
78.29401559557664,0,0,,0.5666666666666667,,,,phase_LONG,075
78.29401559557664,0,0,,0.4,,,,phase_LONG,077
230.16901559557664,0,0,,0.48333333333333334,,,,phase_LONG,049
230.16901559557664,1,1,1.0,0.5166666666666667,0.4833333333333333,0.20654329147389294,1.0,phase_LONG,056
230.16901559557664,0,0,,0.5666666666666667,,,,phase_LONG,075
230.16901559557664,0,0,,0.4,,,,phase_LONG,077
22.04401559557664,0,0,,0.48333333333333334,,,,phase_LONG,049
22.04401559557664,1,1,1.0,0.5166666666666667,0.4833333333333333,0.20654329147389294,1.0,phase_LONG,056
22.04401559557664,0,0,,0.5666666666666667,,,,phase_LONG,075
22.04401559557664,0,0,,0.4,,,,phase_LONG,077
173.91901559557664,0,0,,0.48333333333333334,,,,phase_LONG,049
173.91901559557664,1,0,0.0,0.5166666666666667,-0.5166666666666667,0.0,0.7934567085261071,phase_LONG,056
173.91901559557664,0,0,,0.5666666666666667,,,,phase_LONG,075
173.91901559557664,0,0,,0.4,,,,phase_LONG,077
325.79401559557664,0,0,,0.48333333333333334,,,,phase_LONG,049
325.79401559557664,1,0,0.0,0.5166666666666667,-0.5166666666666667,0.0,0.7934567085261071,phase_LONG,056
325.79401559557664,0,0,,0.5666666666666667,,,,phase_LONG,075
325.79401559557664,0,0,,0.4,,,,phase_LONG,077
117.66901559557664,0,0,,0.48333333333333334,,,,phase_LONG,049
117.66901559557664,1,1,1.0,0.5166666666666667,0.4833333333333333,0.20654329147389294,1.0,phase_LONG,056
117.66901559557664,0,0,,0.5666666666666667,,,,phase_LONG,075
117.66901559557664,0,0,,0.4,,,,phase_LONG,077
269.54401559557664,0,0,,0.48333333333333334,,,,phase_LONG,049
269.54401559557664,1,1,1.0,0.5166666666666667,0.4833333333333333,0.20654329147389294,1.0,phase_LONG,056
269.54401559557664,0,0,,0.5666666666666667,,,,phase_LONG,075
269.54401559557664,0,0,,0.4,,,,phase_LONG,077
61.41901559557664,0,0,,0.48333333333333334,,,,phase_LONG,049
61.41901559557664,1,0,0.0,0.5166666666666667,-0.5166666666666667,0.0,0.7934567085261071,phase_LONG,056
61.41901559557664,0,0,,0.5666666666666667,,,,phase_LONG,075
61.41901559557664,0,0,,0.4,,,,phase_LONG,077
213.29401559557664,0,0,,0.48333333333333334,,,,phase_LONG,049
213.29401559557664,1,1,1.0,0.5166666666666667,0.4833333333333333,0.20654329147389294,1.0,phase_LONG,056
213.29401559557664,0,0,,0.5666666666666667,,,,phase_LONG,075
213.29401559557664,0,0,,0.4,,,,phase_LONG,077
5.169015595576639,0,0,,0.48333333333333334,,,,phase_LONG,049
5.169015595576639,1,1,1.0,0.5166666666666667,0.4833333333333333,0.20654329147389294,1.0,phase_LONG,056
5.169015595576639,0,0,,0.5666666666666667,,,,phase_LONG,075
5.169015595576639,0,0,,0.4,,,,phase_LONG,077
157.04401559557664,0,0,,0.48333333333333334,,,,phase_LONG,049
157.04401559557664,1,0,0.0,0.5166666666666667,-0.5166666666666667,0.0,0.7934567085261071,phase_LONG,056
157.04401559557664,0,0,,0.5666666666666667,,,,phase_LONG,075
157.04401559557664,0,0,,0.4,,,,phase_LONG,077
308.91901559557664,0,0,,0.48333333333333334,,,,phase_LONG,049
308.91901559557664,1,0,0.0,0.5166666666666667,-0.5166666666666667,0.0,0.7934567085261071,phase_LONG,056
308.91901559557664,0,0,,0.5666666666666667,,,,phase_LONG,075
308.91901559557664,0,0,,0.4,,,,phase_LONG,077
100.79401559557664,0,0,,0.48333333333333334,,,,phase_LONG,049
100.79401559557664,1,1,1.0,0.5166666666666667,0.4833333333333333,0.20654329147389294,1.0,phase_LONG,056
100.79401559557664,0,0,,0.5666666666666667,,,,phase_LONG,075
100.79401559557664,0,0,,0.4,,,,phase_LONG,077
252.66901559557664,0,0,,0.48333333333333334,,,,phase_LONG,049
252.66901559557664,1,1,1.0,0.5166666666666667,0.4833333333333333,0.20654329147389294,1.0,phase_LONG,056
252.66901559557664,0,0,,0.5666666666666667,,,,phase_LONG,075
252.66901559557664,0,0,,0.4,,,,phase_LONG,077
44.54401559557664,0,0,,0.48333333333333334,,,,phase_LONG,049
44.54401559557664,1,1,1.0,0.5166666666666667,0.4833333333333333,0.20654329147389294,1.0,phase_LONG,056
44.54401559557664,0,0,,0.5666666666666667,,,,phase_LONG,075
44.54401559557664,0,0,,0.4,,,,phase_LONG,077
196.41901559557664,0,0,,0.48333333333333334,,,,phase_LONG,049
196.41901559557664,1,0,0.0,0.5166666666666667,-0.5166666666666667,0.0,0.7934567085261071,phase_LONG,056
196.41901559557664,0,0,,0.5666666666666667,,,,phase_LONG,075
196.41901559557664,0,0,,0.4,,,,phase_LONG,077
348.29401559557573,0,0,,0.48333333333333334,,,,phase_LONG,049
348.29401559557573,1,1,1.0,0.5166666666666667,0.4833333333333333,0.20654329147389294,1.0,phase_LONG,056
348.29401559557573,0,0,,0.5666666666666667,,,,phase_LONG,075
348.29401559557573,0,0,,0.4,,,,phase_LONG,077
140.16901559557664,0,0,,0.48333333333333334,,,,phase_LONG,049
140.16901559557664,1,0,0.0,0.5166666666666667,-0.5166666666666667,0.0,0.7934567085261071,phase_LONG,056
140.16901559557664,0,0,,0.5666666666666667,,,,phase_LONG,075
140.16901559557664,0,0,,0.4,,,,phase_LONG,077
292.04401559557664,0,0,,0.48333333333333334,,,,phase_LONG,049
292.04401559557664,1,1,1.0,0.5166666666666667,0.4833333333333333,0.20654329147389294,1.0,phase_LONG,056
292.04401559557664,0,0,,0.5666666666666667,,,,phase_LONG,075
292.04401559557664,0,0,,0.4,,,,phase_LONG,077
83.91901559557664,0,0,,0.48333333333333334,,,,phase_LONG,049
83.91901559557664,1,0,0.0,0.5166666666666667,-0.5166666666666667,0.0,0.7934567085261071,phase_LONG,056
83.91901559557664,0,0,,0.5666666666666667,,,,phase_LONG,075
83.91901559557664,0,0,,0.4,,,,phase_LONG,077
235.79401559557573,0,0,,0.48333333333333334,,,,phase_LONG,049
235.79401559557573,1,0,0.0,0.5166666666666667,-0.5166666666666667,0.0,0.7934567085261071,phase_LONG,056
235.79401559557573,0,0,,0.5666666666666667,,,,phase_LONG,075
235.79401559557573,0,0,,0.4,,,,phase_LONG,077
27.66901559557573,0,0,,0.48333333333333334,,,,phase_LONG,049
27.66901559557573,1,1,1.0,0.5166666666666667,0.4833333333333333,0.20654329147389294,1.0,phase_LONG,056
27.66901559557573,0,0,,0.5666666666666667,,,,phase_LONG,075
27.66901559557573,0,0,,0.4,,,,phase_LONG,077
179.54401559557482,0,0,,0.48333333333333334,,,,phase_LONG,049
179.54401559557482,1,1,1.0,0.5166666666666667,0.4833333333333333,0.20654329147389294,1.0,phase_LONG,056
179.54401559557482,0,0,,0.5666666666666667,,,,phase_LONG,075
179.54401559557482,0,0,,0.4,,,,phase_LONG,077
331.41901559557664,0,0,,0.48333333333333334,,,,phase_LONG,049
331.41901559557664,1,1,1.0,0.5166666666666667,0.4833333333333333,0.20654329147389294,1.0,phase_LONG,056
331.41901559557664,0,0,,0.5666666666666667,,,,phase_LONG,075
331.41901559557664,0,0,,0.4,,,,phase_LONG,077
123.29401559557573,0,0,,0.48333333333333334,,,,phase_LONG,049
123.29401559557573,1,1,1.0,0.5166666666666667,0.4833333333333333,0.20654329147389294,1.0,phase_LONG,056
123.29401559557573,0,0,,0.5666666666666667,,,,phase_LONG,075
123.29401559557573,0,0,,0.4,,,,phase_LONG,077
275.1690155955748,0,0,,0.48333333333333334,,,,phase_LONG,049
275.1690155955748,1,0,0.0,0.5166666666666667,-0.5166666666666667,0.0,0.7934567085261071,phase_LONG,056
275.1690155955748,0,0,,0.5666666666666667,,,,phase_LONG,075
275.1690155955748,0,0,,0.4,,,,phase_LONG,077
67.04401559557482,0,0,,0.48333333333333334,,,,phase_LONG,049
67.04401559557482,1,1,1.0,0.5166666666666667,0.4833333333333333,0.20654329147389294,1.0,phase_LONG,056
67.04401559557482,0,0,,0.5666666666666667,,,,phase_LONG,075
67.04401559557482,0,0,,0.4,,,,phase_LONG,077
218.91901559557482,0,0,,0.48333333333333334,,,,phase_LONG,049
218.91901559557482,1,0,0.0,0.5166666666666667,-0.5166666666666667,0.0,0.7934567085261071,phase_LONG,056
218.91901559557482,0,0,,0.5666666666666667,,,,phase_LONG,075
218.91901559557482,0,0,,0.4,,,,phase_LONG,077
10.79401559557482,0,0,,0.48333333333333334,,,,phase_LONG,049
10.79401559557482,1,1,1.0,0.5166666666666667,0.4833333333333333,0.20654329147389294,1.0,phase_LONG,056
10.79401559557482,0,0,,0.5666666666666667,,,,phase_LONG,075
10.79401559557482,0,0,,0.4,,,,phase_LONG,077
162.66901559557664,0,0,,0.48333333333333334,,,,phase_LONG,049
162.66901559557664,1,0,0.0,0.5166666666666667,-0.5166666666666667,0.0,0.7934567085261071,phase_LONG,056
162.66901559557664,0,0,,0.5666666666666667,,,,phase_LONG,075
162.66901559557664,0,0,,0.4,,,,phase_LONG,077
314.54401559557664,0,0,,0.48333333333333334,,,,phase_LONG,049
314.54401559557664,1,0,0.0,0.5166666666666667,-0.5166666666666667,0.0,0.7934567085261071,phase_LONG,056
314.54401559557664,0,0,,0.5666666666666667,,,,phase_LONG,075
314.54401559557664,0,0,,0.4,,,,phase_LONG,077
106.41901559557482,0,0,,0.48333333333333334,,,,phase_LONG,049
106.41901559557482,1,0,0.0,0.5166666666666667,-0.5166666666666667,0.0,0.7934567085261071,phase_LONG,056
106.41901559557482,0,0,,0.5666666666666667,,,,phase_LONG,075
106.41901559557482,0,0,,0.4,,,,phase_LONG,077
137.56072945447133,0,0,,0.48333333333333334,,,,phase_LONG,049
137.56072945447133,0,0,,0.5166666666666667,,,,phase_LONG,056
137.56072945447133,1,1,1.0,0.5666666666666667,0.43333333333333335,0.20654329147389294,1.0,phase_LONG,075
137.56072945447133,0,0,,0.4,,,,phase_LONG,077
272.56072945447136,0,0,,0.48333333333333334,,,,phase_LONG,049
272.56072945447136,0,0,,0.5166666666666667,,,,phase_LONG,056
272.56072945447136,1,0,0.0,0.5666666666666667,-0.5666666666666667,0.0,0.7934567085261071,phase_LONG,075
272.56072945447136,0,0,,0.4,,,,phase_LONG,077
47.56072945447136,0,0,,0.48333333333333334,,,,phase_LONG,049
47.56072945447136,0,0,,0.5166666666666667,,,,phase_LONG,056
47.56072945447136,1,1,1.0,0.5666666666666667,0.43333333333333335,0.20654329147389294,1.0,phase_LONG,075
47.56072945447136,0,0,,0.4,,,,phase_LONG,077
182.56072945447124,0,0,,0.48333333333333334,,,,phase_LONG,049
182.56072945447124,0,0,,0.5166666666666667,,,,phase_LONG,056
182.56072945447124,1,1,1.0,0.5666666666666667,0.43333333333333335,0.20654329147389294,1.0,phase_LONG,075
182.56072945447124,0,0,,0.4,,,,phase_LONG,077
317.56072945447136,0,0,,0.48333333333333334,,,,phase_LONG,049
317.56072945447136,0,0,,0.5166666666666667,,,,phase_LONG,056
317.56072945447136,1,0,0.0,0.5666666666666667,-0.5666666666666667,0.0,0.7934567085261071,phase_LONG,075
317.56072945447136,0,0,,0.4,,,,phase_LONG,077
92.56072945447124,0,0,,0.48333333333333334,,,,phase_LONG,049
92.56072945447124,0,0,,0.5166666666666667,,,,phase_LONG,056
92.56072945447124,1,1,1.0,0.5666666666666667,0.43333333333333335,0.20654329147389294,1.0,phase_LONG,075
92.56072945447124,0,0,,0.4,,,,phase_LONG,077
227.56072945447136,0,0,,0.48333333333333334,,,,phase_LONG,049
227.56072945447136,0,0,,0.5166666666666667,,,,phase_LONG,056
227.56072945447136,1,0,0.0,0.5666666666666667,-0.5666666666666667,0.0,0.7934567085261071,phase_LONG,075
227.56072945447136,0,0,,0.4,,,,phase_LONG,077
2.560729454471357,0,0,,0.48333333333333334,,,,phase_LONG,049
2.560729454471357,0,0,,0.5166666666666667,,,,phase_LONG,056
2.560729454471357,1,0,0.0,0.5666666666666667,-0.5666666666666667,0.0,0.7934567085261071,phase_LONG,075
2.560729454471357,0,0,,0.4,,,,phase_LONG,077
137.56072945447113,0,0,,0.48333333333333334,,,,phase_LONG,049
137.56072945447113,0,0,,0.5166666666666667,,,,phase_LONG,056
137.56072945447113,2,1,0.5,0.5666666666666667,-0.06666666666666665,0.09452865480086614,0.9054713451991339,phase_LONG,075
137.56072945447113,0,0,,0.4,,,,phase_LONG,077
272.56072945447113,0,0,,0.48333333333333334,,,,phase_LONG,049
272.56072945447113,0,0,,0.5166666666666667,,,,phase_LONG,056
272.56072945447113,2,2,1.0,0.5666666666666667,0.43333333333333335,0.34237195288961925,1.0,phase_LONG,075
272.56072945447113,0,0,,0.4,,,,phase_LONG,077
47.56072945447113,0,0,,0.48333333333333334,,,,phase_LONG,049
47.56072945447113,0,0,,0.5166666666666667,,,,phase_LONG,056
47.56072945447113,2,2,1.0,0.5666666666666667,0.43333333333333335,0.34237195288961925,1.0,phase_LONG,075
47.56072945447113,0,0,,0.4,,,,phase_LONG,077
182.56072945447136,0,0,,0.48333333333333334,,,,phase_LONG,049
182.56072945447136,0,0,,0.5166666666666667,,,,phase_LONG,056
182.56072945447136,1,1,1.0,0.5666666666666667,0.43333333333333335,0.20654329147389294,1.0,phase_LONG,075
182.56072945447136,0,0,,0.4,,,,phase_LONG,077
317.56072945447113,0,0,,0.48333333333333334,,,,phase_LONG,049
317.56072945447113,0,0,,0.5166666666666667,,,,phase_LONG,056
317.56072945447113,1,0,0.0,0.5666666666666667,-0.5666666666666667,0.0,0.7934567085261071,phase_LONG,075
317.56072945447113,0,0,,0.4,,,,phase_LONG,077
92.56072945447136,0,0,,0.48333333333333334,,,,phase_LONG,049
92.56072945447136,0,0,,0.5166666666666667,,,,phase_LONG,056
92.56072945447136,1,1,1.0,0.5666666666666667,0.43333333333333335,0.20654329147389294,1.0,phase_LONG,075
92.56072945447136,0,0,,0.4,,,,phase_LONG,077
227.5607294544718,0,0,,0.48333333333333334,,,,phase_LONG,049
227.5607294544718,0,0,,0.5166666666666667,,,,phase_LONG,056
227.5607294544718,1,1,1.0,0.5666666666666667,0.43333333333333335,0.20654329147389294,1.0,phase_LONG,075
227.5607294544718,0,0,,0.4,,,,phase_LONG,077
2.5607294544711294,0,0,,0.48333333333333334,,,,phase_LONG,049
2.5607294544711294,0,0,,0.5166666666666667,,,,phase_LONG,056
2.5607294544711294,1,1,1.0,0.5666666666666667,0.43333333333333335,0.20654329147389294,1.0,phase_LONG,075
2.5607294544711294,0,0,,0.4,,,,phase_LONG,077
137.56072945447158,0,0,,0.48333333333333334,,,,phase_LONG,049
137.56072945447158,0,0,,0.5166666666666667,,,,phase_LONG,056
137.56072945447158,5,1,0.2,0.5666666666666667,-0.36666666666666664,0.03622316096978745,0.6244717358814613,phase_LONG,075
137.56072945447158,0,0,,0.4,,,,phase_LONG,077
47.560729454471584,0,0,,0.48333333333333334,,,,phase_LONG,049
47.560729454471584,0,0,,0.5166666666666667,,,,phase_LONG,056
47.560729454471584,4,3,0.75,0.5666666666666667,0.18333333333333335,0.3006360524426366,0.9544139373553637,phase_LONG,075
47.560729454471584,0,0,,0.4,,,,phase_LONG,077
182.56072945447113,0,0,,0.48333333333333334,,,,phase_LONG,049
182.56072945447113,0,0,,0.5166666666666667,,,,phase_LONG,056
182.56072945447113,1,0,0.0,0.5666666666666667,-0.5666666666666667,0.0,0.7934567085261071,phase_LONG,075
182.56072945447113,0,0,,0.4,,,,phase_LONG,077
317.5607294544716,0,0,,0.48333333333333334,,,,phase_LONG,049
317.5607294544716,0,0,,0.5166666666666667,,,,phase_LONG,056
317.5607294544716,4,2,0.5,0.5666666666666667,-0.06666666666666665,0.15003570882017148,0.8499642911798285,phase_LONG,075
317.5607294544716,0,0,,0.4,,,,phase_LONG,077
92.56072945447158,0,0,,0.48333333333333334,,,,phase_LONG,049
92.56072945447158,0,0,,0.5166666666666667,,,,phase_LONG,056
92.56072945447158,5,4,0.8,0.5666666666666667,0.2333333333333334,0.3755282641185388,0.9637768390302125,phase_LONG,075
92.56072945447158,0,0,,0.4,,,,phase_LONG,077
227.56072945447113,0,0,,0.48333333333333334,,,,phase_LONG,049
227.56072945447113,0,0,,0.5166666666666667,,,,phase_LONG,056
227.56072945447113,1,1,1.0,0.5666666666666667,0.43333333333333335,0.20654329147389294,1.0,phase_LONG,075
227.56072945447113,0,0,,0.4,,,,phase_LONG,077
2.560729454471584,0,0,,0.48333333333333334,,,,phase_LONG,049
2.560729454471584,0,0,,0.5166666666666667,,,,phase_LONG,056
2.560729454471584,4,3,0.75,0.5666666666666667,0.18333333333333335,0.3006360524426366,0.9544139373553637,phase_LONG,075
2.560729454471584,0,0,,0.4,,,,phase_LONG,077
272.5607294544716,0,0,,0.48333333333333334,,,,phase_LONG,049
272.5607294544716,0,0,,0.5166666666666667,,,,phase_LONG,056
272.5607294544716,4,2,0.5,0.5666666666666667,-0.06666666666666665,0.15003570882017148,0.8499642911798285,phase_LONG,075
272.5607294544716,0,0,,0.4,,,,phase_LONG,077
182.56072945447158,0,0,,0.48333333333333334,,,,phase_LONG,049
182.56072945447158,0,0,,0.5166666666666667,,,,phase_LONG,056
182.56072945447158,5,1,0.2,0.5666666666666667,-0.36666666666666664,0.03622316096978745,0.6244717358814613,phase_LONG,075
182.56072945447158,0,0,,0.4,,,,phase_LONG,077
317.56072945447204,0,0,,0.48333333333333334,,,,phase_LONG,049
317.56072945447204,0,0,,0.5166666666666667,,,,phase_LONG,056
317.56072945447204,1,1,1.0,0.5666666666666667,0.43333333333333335,0.20654329147389294,1.0,phase_LONG,075
317.56072945447204,0,0,,0.4,,,,phase_LONG,077
227.56072945447158,0,0,,0.48333333333333334,,,,phase_LONG,049
227.56072945447158,0,0,,0.5166666666666667,,,,phase_LONG,056
227.56072945447158,3,1,0.3333333333333333,0.5666666666666667,-0.23333333333333334,0.0614903152761605,0.7923450448735121,phase_LONG,075
227.56072945447158,0,0,,0.4,,,,phase_LONG,077
227.56072945447067,0,0,,0.48333333333333334,,,,phase_LONG,049
227.56072945447067,0,0,,0.5166666666666667,,,,phase_LONG,056
227.56072945447067,1,0,0.0,0.5666666666666667,-0.5666666666666667,0.0,0.7934567085261071,phase_LONG,075
227.56072945447067,0,0,,0.4,,,,phase_LONG,077
2.560729454469765,0,0,,0.48333333333333334,,,,phase_LONG,049
2.560729454469765,0,0,,0.5166666666666667,,,,phase_LONG,056
2.560729454469765,1,1,1.0,0.5666666666666667,0.43333333333333335,0.20654329147389294,1.0,phase_LONG,075
2.560729454469765,0,0,,0.4,,,,phase_LONG,077
272.5607294544707,0,0,,0.48333333333333334,,,,phase_LONG,049
272.5607294544707,0,0,,0.5166666666666667,,,,phase_LONG,056
272.5607294544707,1,0,0.0,0.5666666666666667,-0.5666666666666667,0.0,0.7934567085261071,phase_LONG,075
272.5607294544707,0,0,,0.4,,,,phase_LONG,077
47.560729454470675,0,0,,0.48333333333333334,,,,phase_LONG,049
47.560729454470675,0,0,,0.5166666666666667,,,,phase_LONG,056
47.560729454470675,1,1,1.0,0.5666666666666667,0.43333333333333335,0.20654329147389294,1.0,phase_LONG,075
47.560729454470675,0,0,,0.4,,,,phase_LONG,077
189.95316808943087,0,0,,0.48333333333333334,,,,phase_LONG,049
189.95316808943087,0,0,,0.5166666666666667,,,,phase_LONG,056
189.95316808943087,0,0,,0.5666666666666667,,,,phase_LONG,075
189.95316808943087,1,0,0.0,0.4,-0.4,0.0,0.7934567085261071,phase_LONG,077
319.3281680894309,0,0,,0.48333333333333334,,,,phase_LONG,049
319.3281680894309,0,0,,0.5166666666666667,,,,phase_LONG,056
319.3281680894309,0,0,,0.5666666666666667,,,,phase_LONG,075
319.3281680894309,1,1,1.0,0.4,0.6,0.20654329147389294,1.0,phase_LONG,077
88.70316808943085,0,0,,0.48333333333333334,,,,phase_LONG,049
88.70316808943085,0,0,,0.5166666666666667,,,,phase_LONG,056
88.70316808943085,0,0,,0.5666666666666667,,,,phase_LONG,075
88.70316808943085,1,1,1.0,0.4,0.6,0.20654329147389294,1.0,phase_LONG,077
218.07816808943085,0,0,,0.48333333333333334,,,,phase_LONG,049
218.07816808943085,0,0,,0.5166666666666667,,,,phase_LONG,056
218.07816808943085,0,0,,0.5666666666666667,,,,phase_LONG,075
218.07816808943085,1,0,0.0,0.4,-0.4,0.0,0.7934567085261071,phase_LONG,077
347.45316808943085,0,0,,0.48333333333333334,,,,phase_LONG,049
347.45316808943085,0,0,,0.5166666666666667,,,,phase_LONG,056
347.45316808943085,0,0,,0.5666666666666667,,,,phase_LONG,075
347.45316808943085,1,0,0.0,0.4,-0.4,0.0,0.7934567085261071,phase_LONG,077
116.82816808943073,0,0,,0.48333333333333334,,,,phase_LONG,049
116.82816808943073,0,0,,0.5166666666666667,,,,phase_LONG,056
116.82816808943073,0,0,,0.5666666666666667,,,,phase_LONG,075
116.82816808943073,1,0,0.0,0.4,-0.4,0.0,0.7934567085261071,phase_LONG,077
246.20316808943073,0,0,,0.48333333333333334,,,,phase_LONG,049
246.20316808943073,0,0,,0.5166666666666667,,,,phase_LONG,056
246.20316808943073,0,0,,0.5666666666666667,,,,phase_LONG,075
246.20316808943073,1,1,1.0,0.4,0.6,0.20654329147389294,1.0,phase_LONG,077
15.578168089430847,0,0,,0.48333333333333334,,,,phase_LONG,049
15.578168089430847,0,0,,0.5166666666666667,,,,phase_LONG,056
15.578168089430847,0,0,,0.5666666666666667,,,,phase_LONG,075
15.578168089430847,1,0,0.0,0.4,-0.4,0.0,0.7934567085261071,phase_LONG,077
144.95316808943085,0,0,,0.48333333333333334,,,,phase_LONG,049
144.95316808943085,0,0,,0.5166666666666667,,,,phase_LONG,056
144.95316808943085,0,0,,0.5666666666666667,,,,phase_LONG,075
144.95316808943085,1,1,1.0,0.4,0.6,0.20654329147389294,1.0,phase_LONG,077
274.32816808943085,0,0,,0.48333333333333334,,,,phase_LONG,049
274.32816808943085,0,0,,0.5166666666666667,,,,phase_LONG,056
274.32816808943085,0,0,,0.5666666666666667,,,,phase_LONG,075
274.32816808943085,1,1,1.0,0.4,0.6,0.20654329147389294,1.0,phase_LONG,077
43.70316808943085,0,0,,0.48333333333333334,,,,phase_LONG,049
43.70316808943085,0,0,,0.5166666666666667,,,,phase_LONG,056
43.70316808943085,0,0,,0.5666666666666667,,,,phase_LONG,075
43.70316808943085,1,0,0.0,0.4,-0.4,0.0,0.7934567085261071,phase_LONG,077
173.07816808943085,0,0,,0.48333333333333334,,,,phase_LONG,049
173.07816808943085,0,0,,0.5166666666666667,,,,phase_LONG,056
173.07816808943085,0,0,,0.5666666666666667,,,,phase_LONG,075
173.07816808943085,1,1,1.0,0.4,0.6,0.20654329147389294,1.0,phase_LONG,077
302.45316808943085,0,0,,0.48333333333333334,,,,phase_LONG,049
302.45316808943085,0,0,,0.5166666666666667,,,,phase_LONG,056
302.45316808943085,0,0,,0.5666666666666667,,,,phase_LONG,075
302.45316808943085,1,0,0.0,0.4,-0.4,0.0,0.7934567085261071,phase_LONG,077
71.82816808943107,0,0,,0.48333333333333334,,,,phase_LONG,049
71.82816808943107,0,0,,0.5166666666666667,,,,phase_LONG,056
71.82816808943107,0,0,,0.5666666666666667,,,,phase_LONG,075
71.82816808943107,1,1,1.0,0.4,0.6,0.20654329147389294,1.0,phase_LONG,077
201.20316808943085,0,0,,0.48333333333333334,,,,phase_LONG,049
201.20316808943085,0,0,,0.5166666666666667,,,,phase_LONG,056
201.20316808943085,0,0,,0.5666666666666667,,,,phase_LONG,075
201.20316808943085,1,0,0.0,0.4,-0.4,0.0,0.7934567085261071,phase_LONG,077
330.5781680894306,0,0,,0.48333333333333334,,,,phase_LONG,049
330.5781680894306,0,0,,0.5166666666666667,,,,phase_LONG,056
330.5781680894306,0,0,,0.5666666666666667,,,,phase_LONG,075
330.5781680894306,1,0,0.0,0.4,-0.4,0.0,0.7934567085261071,phase_LONG,077
99.95316808943062,0,0,,0.48333333333333334,,,,phase_LONG,049
99.95316808943062,0,0,,0.5166666666666667,,,,phase_LONG,056
99.95316808943062,0,0,,0.5666666666666667,,,,phase_LONG,075
99.95316808943062,1,1,1.0,0.4,0.6,0.20654329147389294,1.0,phase_LONG,077
229.32816808943107,0,0,,0.48333333333333334,,,,phase_LONG,049
229.32816808943107,0,0,,0.5166666666666667,,,,phase_LONG,056
229.32816808943107,0,0,,0.5666666666666667,,,,phase_LONG,075
229.32816808943107,1,0,0.0,0.4,-0.4,0.0,0.7934567085261071,phase_LONG,077
358.7031680894306,0,0,,0.48333333333333334,,,,phase_LONG,049
358.7031680894306,0,0,,0.5166666666666667,,,,phase_LONG,056
358.7031680894306,0,0,,0.5666666666666667,,,,phase_LONG,075
358.7031680894306,1,0,0.0,0.4,-0.4,0.0,0.7934567085261071,phase_LONG,077
128.07816808943062,0,0,,0.48333333333333334,,,,phase_LONG,049
128.07816808943062,0,0,,0.5166666666666667,,,,phase_LONG,056
128.07816808943062,0,0,,0.5666666666666667,,,,phase_LONG,075
128.07816808943062,1,0,0.0,0.4,-0.4,0.0,0.7934567085261071,phase_LONG,077
257.45316808943016,0,0,,0.48333333333333334,,,,phase_LONG,049
257.45316808943016,0,0,,0.5166666666666667,,,,phase_LONG,056
257.45316808943016,0,0,,0.5666666666666667,,,,phase_LONG,075
257.45316808943016,1,0,0.0,0.4,-0.4,0.0,0.7934567085261071,phase_LONG,077
26.828168089431074,0,0,,0.48333333333333334,,,,phase_LONG,049
26.828168089431074,0,0,,0.5166666666666667,,,,phase_LONG,056
26.828168089431074,0,0,,0.5666666666666667,,,,phase_LONG,075
26.828168089431074,1,1,1.0,0.4,0.6,0.20654329147389294,1.0,phase_LONG,077
156.20316808943062,0,0,,0.48333333333333334,,,,phase_LONG,049
156.20316808943062,0,0,,0.5166666666666667,,,,phase_LONG,056
156.20316808943062,0,0,,0.5666666666666667,,,,phase_LONG,075
156.20316808943062,1,1,1.0,0.4,0.6,0.20654329147389294,1.0,phase_LONG,077
285.5781680894306,0,0,,0.48333333333333334,,,,phase_LONG,049
285.5781680894306,0,0,,0.5166666666666667,,,,phase_LONG,056
285.5781680894306,0,0,,0.5666666666666667,,,,phase_LONG,075
285.5781680894306,1,0,0.0,0.4,-0.4,0.0,0.7934567085261071,phase_LONG,077
54.953168089431074,0,0,,0.48333333333333334,,,,phase_LONG,049
54.953168089431074,0,0,,0.5166666666666667,,,,phase_LONG,056
54.953168089431074,0,0,,0.5666666666666667,,,,phase_LONG,075
54.953168089431074,1,1,1.0,0.4,0.6,0.20654329147389294,1.0,phase_LONG,077
184.32816808943062,0,0,,0.48333333333333334,,,,phase_LONG,049
184.32816808943062,0,0,,0.5166666666666667,,,,phase_LONG,056
184.32816808943062,0,0,,0.5666666666666667,,,,phase_LONG,075
184.32816808943062,1,0,0.0,0.4,-0.4,0.0,0.7934567085261071,phase_LONG,077
313.7031680894306,0,0,,0.48333333333333334,,,,phase_LONG,049
313.7031680894306,0,0,,0.5166666666666667,,,,phase_LONG,056
313.7031680894306,0,0,,0.5666666666666667,,,,phase_LONG,075
313.7031680894306,1,0,0.0,0.4,-0.4,0.0,0.7934567085261071,phase_LONG,077
83.07816808943016,0,0,,0.48333333333333334,,,,phase_LONG,049
83.07816808943016,0,0,,0.5166666666666667,,,,phase_LONG,056
83.07816808943016,0,0,,0.5666666666666667,,,,phase_LONG,075
83.07816808943016,1,0,0.0,0.4,-0.4,0.0,0.7934567085261071,phase_LONG,077
212.45316808943062,0,0,,0.48333333333333334,,,,phase_LONG,049
212.45316808943062,0,0,,0.5166666666666667,,,,phase_LONG,056
212.45316808943062,0,0,,0.5666666666666667,,,,phase_LONG,075
212.45316808943062,1,0,0.0,0.4,-0.4,0.0,0.7934567085261071,phase_LONG,077
341.8281680894306,0,0,,0.48333333333333334,,,,phase_LONG,049
341.8281680894306,0,0,,0.5166666666666667,,,,phase_LONG,056
341.8281680894306,0,0,,0.5666666666666667,,,,phase_LONG,075
341.8281680894306,1,0,0.0,0.4,-0.4,0.0,0.7934567085261071,phase_LONG,077
111.20316808943016,0,0,,0.48333333333333334,,,,phase_LONG,049
111.20316808943016,0,0,,0.5166666666666667,,,,phase_LONG,056
111.20316808943016,0,0,,0.5666666666666667,,,,phase_LONG,075
111.20316808943016,1,1,1.0,0.4,0.6,0.20654329147389294,1.0,phase_LONG,077
240.57816808943062,0,0,,0.48333333333333334,,,,phase_LONG,049
240.57816808943062,0,0,,0.5166666666666667,,,,phase_LONG,056
240.57816808943062,0,0,,0.5666666666666667,,,,phase_LONG,075
240.57816808943062,1,0,0.0,0.4,-0.4,0.0,0.7934567085261071,phase_LONG,077
9.95316808943062,0,0,,0.48333333333333334,,,,phase_LONG,049
9.95316808943062,0,0,,0.5166666666666667,,,,phase_LONG,056
9.95316808943062,0,0,,0.5666666666666667,,,,phase_LONG,075
9.95316808943062,1,1,1.0,0.4,0.6,0.20654329147389294,1.0,phase_LONG,077
139.32816808943062,0,0,,0.48333333333333334,,,,phase_LONG,049
139.32816808943062,0,0,,0.5166666666666667,,,,phase_LONG,056
139.32816808943062,0,0,,0.5666666666666667,,,,phase_LONG,075
139.32816808943062,1,0,0.0,0.4,-0.4,0.0,0.7934567085261071,phase_LONG,077
268.7031680894306,0,0,,0.48333333333333334,,,,phase_LONG,049
268.7031680894306,0,0,,0.5166666666666667,,,,phase_LONG,056
268.7031680894306,0,0,,0.5666666666666667,,,,phase_LONG,075
268.7031680894306,1,0,0.0,0.4,-0.4,0.0,0.7934567085261071,phase_LONG,077
38.07816808943062,0,0,,0.48333333333333334,,,,phase_LONG,049
38.07816808943062,0,0,,0.5166666666666667,,,,phase_LONG,056
38.07816808943062,0,0,,0.5666666666666667,,,,phase_LONG,075
38.07816808943062,1,1,1.0,0.4,0.6,0.20654329147389294,1.0,phase_LONG,077
167.45316808943062,0,0,,0.48333333333333334,,,,phase_LONG,049
167.45316808943062,0,0,,0.5166666666666667,,,,phase_LONG,056
167.45316808943062,0,0,,0.5666666666666667,,,,phase_LONG,075
167.45316808943062,1,1,1.0,0.4,0.6,0.20654329147389294,1.0,phase_LONG,077
296.8281680894306,0,0,,0.48333333333333334,,,,phase_LONG,049
296.8281680894306,0,0,,0.5166666666666667,,,,phase_LONG,056
296.8281680894306,0,0,,0.5666666666666667,,,,phase_LONG,075
296.8281680894306,1,1,1.0,0.4,0.6,0.20654329147389294,1.0,phase_LONG,077
66.20316808943062,0,0,,0.48333333333333334,,,,phase_LONG,049
66.20316808943062,0,0,,0.5166666666666667,,,,phase_LONG,056
66.20316808943062,0,0,,0.5666666666666667,,,,phase_LONG,075
66.20316808943062,1,0,0.0,0.4,-0.4,0.0,0.7934567085261071,phase_LONG,077
195.57816808943062,0,0,,0.48333333333333334,,,,phase_LONG,049
195.57816808943062,0,0,,0.5166666666666667,,,,phase_LONG,056
195.57816808943062,0,0,,0.5666666666666667,,,,phase_LONG,075
195.57816808943062,1,0,0.0,0.4,-0.4,0.0,0.7934567085261071,phase_LONG,077
324.9531680894306,0,0,,0.48333333333333334,,,,phase_LONG,049
324.9531680894306,0,0,,0.5166666666666667,,,,phase_LONG,056
324.9531680894306,0,0,,0.5666666666666667,,,,phase_LONG,075
324.9531680894306,1,0,0.0,0.4,-0.4,0.0,0.7934567085261071,phase_LONG,077
94.32816808943062,0,0,,0.48333333333333334,,,,phase_LONG,049
94.32816808943062,0,0,,0.5166666666666667,,,,phase_LONG,056
94.32816808943062,0,0,,0.5666666666666667,,,,phase_LONG,075
94.32816808943062,1,0,0.0,0.4,-0.4,0.0,0.7934567085261071,phase_LONG,077
223.70316808943062,0,0,,0.48333333333333334,,,,phase_LONG,049
223.70316808943062,0,0,,0.5166666666666667,,,,phase_LONG,056
223.70316808943062,0,0,,0.5666666666666667,,,,phase_LONG,075
223.70316808943062,1,0,0.0,0.4,-0.4,0.0,0.7934567085261071,phase_LONG,077
353.0781680894306,0,0,,0.48333333333333334,,,,phase_LONG,049
353.0781680894306,0,0,,0.5166666666666667,,,,phase_LONG,056
353.0781680894306,0,0,,0.5666666666666667,,,,phase_LONG,075
353.0781680894306,1,1,1.0,0.4,0.6,0.20654329147389294,1.0,phase_LONG,077
122.45316808943062,0,0,,0.48333333333333334,,,,phase_LONG,049
122.45316808943062,0,0,,0.5166666666666667,,,,phase_LONG,056
122.45316808943062,0,0,,0.5666666666666667,,,,phase_LONG,075
122.45316808943062,1,1,1.0,0.4,0.6,0.20654329147389294,1.0,phase_LONG,077
251.82816808943062,0,0,,0.48333333333333334,,,,phase_LONG,049
251.82816808943062,0,0,,0.5166666666666667,,,,phase_LONG,056
251.82816808943062,0,0,,0.5666666666666667,,,,phase_LONG,075
251.82816808943062,1,0,0.0,0.4,-0.4,0.0,0.7934567085261071,phase_LONG,077
21.20316808943062,0,0,,0.48333333333333334,,,,phase_LONG,049
21.20316808943062,0,0,,0.5166666666666667,,,,phase_LONG,056
21.20316808943062,0,0,,0.5666666666666667,,,,phase_LONG,075
21.20316808943062,1,1,1.0,0.4,0.6,0.20654329147389294,1.0,phase_LONG,077
150.57816808943062,0,0,,0.48333333333333334,,,,phase_LONG,049
150.57816808943062,0,0,,0.5166666666666667,,,,phase_LONG,056
150.57816808943062,0,0,,0.5666666666666667,,,,phase_LONG,075
150.57816808943062,1,0,0.0,0.4,-0.4,0.0,0.7934567085261071,phase_LONG,077
279.9531680894306,0,0,,0.48333333333333334,,,,phase_LONG,049
279.9531680894306,0,0,,0.5166666666666667,,,,phase_LONG,056
279.9531680894306,0,0,,0.5666666666666667,,,,phase_LONG,075
279.9531680894306,1,0,0.0,0.4,-0.4,0.0,0.7934567085261071,phase_LONG,077
49.32816808943062,0,0,,0.48333333333333334,,,,phase_LONG,049
49.32816808943062,0,0,,0.5166666666666667,,,,phase_LONG,056
49.32816808943062,0,0,,0.5666666666666667,,,,phase_LONG,075
49.32816808943062,1,1,1.0,0.4,0.6,0.20654329147389294,1.0,phase_LONG,077
178.70316808943062,0,0,,0.48333333333333334,,,,phase_LONG,049
178.70316808943062,0,0,,0.5166666666666667,,,,phase_LONG,056
178.70316808943062,0,0,,0.5666666666666667,,,,phase_LONG,075
178.70316808943062,1,0,0.0,0.4,-0.4,0.0,0.7934567085261071,phase_LONG,077
308.0781680894306,0,0,,0.48333333333333334,,,,phase_LONG,049
308.0781680894306,0,0,,0.5166666666666667,,,,phase_LONG,056
308.0781680894306,0,0,,0.5666666666666667,,,,phase_LONG,075
308.0781680894306,1,1,1.0,0.4,0.6,0.20654329147389294,1.0,phase_LONG,077
77.45316808943062,0,0,,0.48333333333333334,,,,phase_LONG,049
77.45316808943062,0,0,,0.5166666666666667,,,,phase_LONG,056
77.45316808943062,0,0,,0.5666666666666667,,,,phase_LONG,075
77.45316808943062,1,1,1.0,0.4,0.6,0.20654329147389294,1.0,phase_LONG,077
206.82816808943062,0,0,,0.48333333333333334,,,,phase_LONG,049
206.82816808943062,0,0,,0.5166666666666667,,,,phase_LONG,056
206.82816808943062,0,0,,0.5666666666666667,,,,phase_LONG,075
206.82816808943062,1,0,0.0,0.4,-0.4,0.0,0.7934567085261071,phase_LONG,077
336.2031680894306,0,0,,0.48333333333333334,,,,phase_LONG,049
336.2031680894306,0,0,,0.5166666666666667,,,,phase_LONG,056
336.2031680894306,0,0,,0.5666666666666667,,,,phase_LONG,075
336.2031680894306,1,1,1.0,0.4,0.6,0.20654329147389294,1.0,phase_LONG,077
105.57816808943062,0,0,,0.48333333333333334,,,,phase_LONG,049
105.57816808943062,0,0,,0.5166666666666667,,,,phase_LONG,056
105.57816808943062,0,0,,0.5666666666666667,,,,phase_LONG,075
105.57816808943062,1,1,1.0,0.4,0.6,0.20654329147389294,1.0,phase_LONG,077
234.9531680894297,0,0,,0.48333333333333334,,,,phase_LONG,049
234.9531680894297,0,0,,0.5166666666666667,,,,phase_LONG,056
234.9531680894297,0,0,,0.5666666666666667,,,,phase_LONG,075
234.9531680894297,1,0,0.0,0.4,-0.4,0.0,0.7934567085261071,phase_LONG,077
4.328168089430619,0,0,,0.48333333333333334,,,,phase_LONG,049
4.328168089430619,0,0,,0.5166666666666667,,,,phase_LONG,056
4.328168089430619,0,0,,0.5666666666666667,,,,phase_LONG,075
4.328168089430619,1,0,0.0,0.4,-0.4,0.0,0.7934567085261071,phase_LONG,077
133.7031680894297,0,0,,0.48333333333333334,,,,phase_LONG,049
133.7031680894297,0,0,,0.5166666666666667,,,,phase_LONG,056
133.7031680894297,0,0,,0.5666666666666667,,,,phase_LONG,075
133.7031680894297,1,0,0.0,0.4,-0.4,0.0,0.7934567085261071,phase_LONG,077
263.0781680894297,0,0,,0.48333333333333334,,,,phase_LONG,049
263.0781680894297,0,0,,0.5166666666666667,,,,phase_LONG,056
263.0781680894297,0,0,,0.5666666666666667,,,,phase_LONG,075
263.0781680894297,1,0,0.0,0.4,-0.4,0.0,0.7934567085261071,phase_LONG,077
245.3345200089885,1,0,0.0,0.48333333333333334,-0.48333333333333334,0.0,0.7934567085261071,phase_MID,049
245.3345200089885,0,0,,0.5166666666666667,,,,phase_MID,056
245.3345200089885,0,0,,0.5666666666666667,,,,phase_MID,075
245.3345200089885,0,0,,0.4,,,,phase_MID,077
42.83452000898848,1,1,1.0,0.48333333333333334,0.5166666666666666,0.20654329147389294,1.0,phase_MID,049
42.83452000898848,0,0,,0.5166666666666667,,,,phase_MID,056
42.83452000898848,0,0,,0.5666666666666667,,,,phase_MID,075
42.83452000898848,0,0,,0.4,,,,phase_MID,077
200.33452000898842,2,0,0.0,0.48333333333333334,-0.48333333333333334,0.0,0.6576280471103807,phase_MID,049
200.33452000898842,0,0,,0.5166666666666667,,,,phase_MID,056
200.33452000898842,0,0,,0.5666666666666667,,,,phase_MID,075
200.33452000898842,0,0,,0.4,,,,phase_MID,077
357.83452000898853,1,0,0.0,0.48333333333333334,-0.48333333333333334,0.0,0.7934567085261071,phase_MID,049
357.83452000898853,0,0,,0.5166666666666667,,,,phase_MID,056
357.83452000898853,0,0,,0.5666666666666667,,,,phase_MID,075
357.83452000898853,0,0,,0.4,,,,phase_MID,077
155.33452000898853,1,0,0.0,0.48333333333333334,-0.48333333333333334,0.0,0.7934567085261071,phase_MID,049
155.33452000898853,0,0,,0.5166666666666667,,,,phase_MID,056
155.33452000898853,0,0,,0.5666666666666667,,,,phase_MID,075
155.33452000898853,0,0,,0.4,,,,phase_MID,077
312.83452000898865,1,1,1.0,0.48333333333333334,0.5166666666666666,0.20654329147389294,1.0,phase_MID,049
312.83452000898865,0,0,,0.5166666666666667,,,,phase_MID,056
312.83452000898865,0,0,,0.5666666666666667,,,,phase_MID,075
312.83452000898865,0,0,,0.4,,,,phase_MID,077
110.33452000898842,1,0,0.0,0.48333333333333334,-0.48333333333333334,0.0,0.7934567085261071,phase_MID,049
110.33452000898842,0,0,,0.5166666666666667,,,,phase_MID,056
110.33452000898842,0,0,,0.5666666666666667,,,,phase_MID,075
110.33452000898842,0,0,,0.4,,,,phase_MID,077
267.8345200089884,2,1,0.5,0.48333333333333334,0.016666666666666663,0.09452865480086614,0.9054713451991339,phase_MID,049
267.8345200089884,0,0,,0.5166666666666667,,,,phase_MID,056
267.8345200089884,0,0,,0.5666666666666667,,,,phase_MID,075
267.8345200089884,0,0,,0.4,,,,phase_MID,077
65.33452000898842,2,1,0.5,0.48333333333333334,0.016666666666666663,0.09452865480086614,0.9054713451991339,phase_MID,049
65.33452000898842,0,0,,0.5166666666666667,,,,phase_MID,056
65.33452000898842,0,0,,0.5666666666666667,,,,phase_MID,075
65.33452000898842,0,0,,0.4,,,,phase_MID,077
222.83452000898842,1,1,1.0,0.48333333333333334,0.5166666666666666,0.20654329147389294,1.0,phase_MID,049
222.83452000898842,0,0,,0.5166666666666667,,,,phase_MID,056
222.83452000898842,0,0,,0.5666666666666667,,,,phase_MID,075
222.83452000898842,0,0,,0.4,,,,phase_MID,077
20.33452000898842,1,1,1.0,0.48333333333333334,0.5166666666666666,0.20654329147389294,1.0,phase_MID,049
20.33452000898842,0,0,,0.5166666666666667,,,,phase_MID,056
20.33452000898842,0,0,,0.5666666666666667,,,,phase_MID,075
20.33452000898842,0,0,,0.4,,,,phase_MID,077
177.8345200089882,1,0,0.0,0.48333333333333334,-0.48333333333333334,0.0,0.7934567085261071,phase_MID,049
177.8345200089882,0,0,,0.5166666666666667,,,,phase_MID,056
177.8345200089882,0,0,,0.5666666666666667,,,,phase_MID,075
177.8345200089882,0,0,,0.4,,,,phase_MID,077
335.3345200089884,1,0,0.0,0.48333333333333334,-0.48333333333333334,0.0,0.7934567085261071,phase_MID,049
335.3345200089884,0,0,,0.5166666666666667,,,,phase_MID,056
335.3345200089884,0,0,,0.5666666666666667,,,,phase_MID,075
335.3345200089884,0,0,,0.4,,,,phase_MID,077
132.83452000898887,2,0,0.0,0.48333333333333334,-0.48333333333333334,0.0,0.6576280471103807,phase_MID,049
132.83452000898887,0,0,,0.5166666666666667,,,,phase_MID,056
132.83452000898887,0,0,,0.5666666666666667,,,,phase_MID,075
132.83452000898887,0,0,,0.4,,,,phase_MID,077
290.3345200089884,1,1,1.0,0.48333333333333334,0.5166666666666666,0.20654329147389294,1.0,phase_MID,049
290.3345200089884,0,0,,0.5166666666666667,,,,phase_MID,056
290.3345200089884,0,0,,0.5666666666666667,,,,phase_MID,075
290.3345200089884,0,0,,0.4,,,,phase_MID,077
87.83452000898842,1,1,1.0,0.48333333333333334,0.5166666666666666,0.20654329147389294,1.0,phase_MID,049
87.83452000898842,0,0,,0.5166666666666667,,,,phase_MID,056
87.83452000898842,0,0,,0.5666666666666667,,,,phase_MID,075
87.83452000898842,0,0,,0.4,,,,phase_MID,077
245.33452000898887,2,1,0.5,0.48333333333333334,0.016666666666666663,0.09452865480086614,0.9054713451991339,phase_MID,049
245.33452000898887,0,0,,0.5166666666666667,,,,phase_MID,056
245.33452000898887,0,0,,0.5666666666666667,,,,phase_MID,075
245.33452000898887,0,0,,0.4,,,,phase_MID,077
42.83452000898842,1,1,1.0,0.48333333333333334,0.5166666666666666,0.20654329147389294,1.0,phase_MID,049
42.83452000898842,0,0,,0.5166666666666667,,,,phase_MID,056
42.83452000898842,0,0,,0.5666666666666667,,,,phase_MID,075
42.83452000898842,0,0,,0.4,,,,phase_MID,077
357.8345200089889,1,0,0.0,0.48333333333333334,-0.48333333333333334,0.0,0.7934567085261071,phase_MID,049
357.8345200089889,0,0,,0.5166666666666667,,,,phase_MID,056
357.8345200089889,0,0,,0.5666666666666667,,,,phase_MID,075
357.8345200089889,0,0,,0.4,,,,phase_MID,077
155.33452000898842,1,0,0.0,0.48333333333333334,-0.48333333333333334,0.0,0.7934567085261071,phase_MID,049
155.33452000898842,0,0,,0.5166666666666667,,,,phase_MID,056
155.33452000898842,0,0,,0.5666666666666667,,,,phase_MID,075
155.33452000898842,0,0,,0.4,,,,phase_MID,077
312.8345200089884,1,1,1.0,0.48333333333333334,0.5166666666666666,0.20654329147389294,1.0,phase_MID,049
312.8345200089884,0,0,,0.5166666666666667,,,,phase_MID,056
312.8345200089884,0,0,,0.5666666666666667,,,,phase_MID,075
312.8345200089884,0,0,,0.4,,,,phase_MID,077
110.33452000898887,2,2,1.0,0.48333333333333334,0.5166666666666666,0.34237195288961925,1.0,phase_MID,049
110.33452000898887,0,0,,0.5166666666666667,,,,phase_MID,056
110.33452000898887,0,0,,0.5666666666666667,,,,phase_MID,075
110.33452000898887,0,0,,0.4,,,,phase_MID,077
222.83452000898797,2,1,0.5,0.48333333333333334,0.016666666666666663,0.09452865480086614,0.9054713451991339,phase_MID,049
222.83452000898797,0,0,,0.5166666666666667,,,,phase_MID,056
222.83452000898797,0,0,,0.5666666666666667,,,,phase_MID,075
222.83452000898797,0,0,,0.4,,,,phase_MID,077
20.334520008987965,2,2,1.0,0.48333333333333334,0.5166666666666666,0.34237195288961925,1.0,phase_MID,049
20.334520008987965,0,0,,0.5166666666666667,,,,phase_MID,056
20.334520008987965,0,0,,0.5666666666666667,,,,phase_MID,075
20.334520008987965,0,0,,0.4,,,,phase_MID,077
177.83452000898887,1,0,0.0,0.48333333333333334,-0.48333333333333334,0.0,0.7934567085261071,phase_MID,049
177.83452000898887,0,0,,0.5166666666666667,,,,phase_MID,056
177.83452000898887,0,0,,0.5666666666666667,,,,phase_MID,075
177.83452000898887,0,0,,0.4,,,,phase_MID,077
335.33452000898797,1,0,0.0,0.48333333333333334,-0.48333333333333334,0.0,0.7934567085261071,phase_MID,049
335.33452000898797,0,0,,0.5166666666666667,,,,phase_MID,056
335.33452000898797,0,0,,0.5666666666666667,,,,phase_MID,075
335.33452000898797,0,0,,0.4,,,,phase_MID,077
132.83452000898797,1,1,1.0,0.48333333333333334,0.5166666666666666,0.20654329147389294,1.0,phase_MID,049
132.83452000898797,0,0,,0.5166666666666667,,,,phase_MID,056
132.83452000898797,0,0,,0.5666666666666667,,,,phase_MID,075
132.83452000898797,0,0,,0.4,,,,phase_MID,077
290.3345200089889,1,0,0.0,0.48333333333333334,-0.48333333333333334,0.0,0.7934567085261071,phase_MID,049
290.3345200089889,0,0,,0.5166666666666667,,,,phase_MID,056
290.3345200089889,0,0,,0.5666666666666667,,,,phase_MID,075
290.3345200089889,0,0,,0.4,,,,phase_MID,077
87.83452000898797,1,1,1.0,0.48333333333333334,0.5166666666666666,0.20654329147389294,1.0,phase_MID,049
87.83452000898797,0,0,,0.5166666666666667,,,,phase_MID,056
87.83452000898797,0,0,,0.5666666666666667,,,,phase_MID,075
87.83452000898797,0,0,,0.4,,,,phase_MID,077
245.33452000898797,1,0,0.0,0.48333333333333334,-0.48333333333333334,0.0,0.7934567085261071,phase_MID,049
245.33452000898797,0,0,,0.5166666666666667,,,,phase_MID,056
245.33452000898797,0,0,,0.5666666666666667,,,,phase_MID,075
245.33452000898797,0,0,,0.4,,,,phase_MID,077
42.834520008988875,2,2,1.0,0.48333333333333334,0.5166666666666666,0.34237195288961925,1.0,phase_MID,049
42.834520008988875,0,0,,0.5166666666666667,,,,phase_MID,056
42.834520008988875,0,0,,0.5666666666666667,,,,phase_MID,075
42.834520008988875,0,0,,0.4,,,,phase_MID,077
200.33452000898797,2,1,0.5,0.48333333333333334,0.016666666666666663,0.09452865480086614,0.9054713451991339,phase_MID,049
200.33452000898797,0,0,,0.5166666666666667,,,,phase_MID,056
200.33452000898797,0,0,,0.5666666666666667,,,,phase_MID,075
200.33452000898797,0,0,,0.4,,,,phase_MID,077
357.83452000898797,2,1,0.5,0.48333333333333334,0.016666666666666663,0.09452865480086614,0.9054713451991339,phase_MID,049
357.83452000898797,0,0,,0.5166666666666667,,,,phase_MID,056
357.83452000898797,0,0,,0.5666666666666667,,,,phase_MID,075
357.83452000898797,0,0,,0.4,,,,phase_MID,077
155.33452000898887,1,0,0.0,0.48333333333333334,-0.48333333333333334,0.0,0.7934567085261071,phase_MID,049
155.33452000898887,0,0,,0.5166666666666667,,,,phase_MID,056
155.33452000898887,0,0,,0.5666666666666667,,,,phase_MID,075
155.33452000898887,0,0,,0.4,,,,phase_MID,077
312.83452000898797,2,1,0.5,0.48333333333333334,0.016666666666666663,0.09452865480086614,0.9054713451991339,phase_MID,049
312.83452000898797,0,0,,0.5166666666666667,,,,phase_MID,056
312.83452000898797,0,0,,0.5666666666666667,,,,phase_MID,075
312.83452000898797,0,0,,0.4,,,,phase_MID,077
267.8345200089889,1,0,0.0,0.48333333333333334,-0.48333333333333334,0.0,0.7934567085261071,phase_MID,049
267.8345200089889,0,0,,0.5166666666666667,,,,phase_MID,056
267.8345200089889,0,0,,0.5666666666666667,,,,phase_MID,075
267.8345200089889,0,0,,0.4,,,,phase_MID,077
65.33452000898797,2,0,0.0,0.48333333333333334,-0.48333333333333334,0.0,0.6576280471103807,phase_MID,049
65.33452000898797,0,0,,0.5166666666666667,,,,phase_MID,056
65.33452000898797,0,0,,0.5666666666666667,,,,phase_MID,075
65.33452000898797,0,0,,0.4,,,,phase_MID,077
222.83452000898887,1,0,0.0,0.48333333333333334,-0.48333333333333334,0.0,0.7934567085261071,phase_MID,049
222.83452000898887,0,0,,0.5166666666666667,,,,phase_MID,056
222.83452000898887,0,0,,0.5666666666666667,,,,phase_MID,075
222.83452000898887,0,0,,0.4,,,,phase_MID,077
20.334520008988875,1,1,1.0,0.48333333333333334,0.5166666666666666,0.20654329147389294,1.0,phase_MID,049
20.334520008988875,0,0,,0.5166666666666667,,,,phase_MID,056
20.334520008988875,0,0,,0.5666666666666667,,,,phase_MID,075
20.334520008988875,0,0,,0.4,,,,phase_MID,077
177.83452000898797,2,1,0.5,0.48333333333333334,0.016666666666666663,0.09452865480086614,0.9054713451991339,phase_MID,049
177.83452000898797,0,0,,0.5166666666666667,,,,phase_MID,056
177.83452000898797,0,0,,0.5666666666666667,,,,phase_MID,075
177.83452000898797,0,0,,0.4,,,,phase_MID,077
335.3345200089889,1,0,0.0,0.48333333333333334,-0.48333333333333334,0.0,0.7934567085261071,phase_MID,049
335.3345200089889,0,0,,0.5166666666666667,,,,phase_MID,056
335.3345200089889,0,0,,0.5666666666666667,,,,phase_MID,075
335.3345200089889,0,0,,0.4,,,,phase_MID,077
290.33452000898797,1,1,1.0,0.48333333333333334,0.5166666666666666,0.20654329147389294,1.0,phase_MID,049
290.33452000898797,0,0,,0.5166666666666667,,,,phase_MID,056
290.33452000898797,0,0,,0.5666666666666667,,,,phase_MID,075
290.33452000898797,0,0,,0.4,,,,phase_MID,077
87.83452000898887,1,1,1.0,0.48333333333333334,0.5166666666666666,0.20654329147389294,1.0,phase_MID,049
87.83452000898887,0,0,,0.5166666666666667,,,,phase_MID,056
87.83452000898887,0,0,,0.5666666666666667,,,,phase_MID,075
87.83452000898887,0,0,,0.4,,,,phase_MID,077
155.33452000898797,1,1,1.0,0.48333333333333334,0.5166666666666666,0.20654329147389294,1.0,phase_MID,049
155.33452000898797,0,0,,0.5166666666666667,,,,phase_MID,056
155.33452000898797,0,0,,0.5666666666666667,,,,phase_MID,075
155.33452000898797,0,0,,0.4,,,,phase_MID,077
110.33452000898797,1,0,0.0,0.48333333333333334,-0.48333333333333334,0.0,0.7934567085261071,phase_MID,049
110.33452000898797,0,0,,0.5166666666666667,,,,phase_MID,056
110.33452000898797,0,0,,0.5666666666666667,,,,phase_MID,075
110.33452000898797,0,0,,0.4,,,,phase_MID,077
267.8345200089898,1,1,1.0,0.48333333333333334,0.5166666666666666,0.20654329147389294,1.0,phase_MID,049
267.8345200089898,0,0,,0.5166666666666667,,,,phase_MID,056
267.8345200089898,0,0,,0.5666666666666667,,,,phase_MID,075
267.8345200089898,0,0,,0.4,,,,phase_MID,077
227.75780855155776,0,0,,0.48333333333333334,,,,phase_MID,049
227.75780855155776,1,1,1.0,0.5166666666666667,0.4833333333333333,0.20654329147389294,1.0,phase_MID,056
227.75780855155776,0,0,,0.5666666666666667,,,,phase_MID,075
227.75780855155776,0,0,,0.4,,,,phase_MID,077
255.88280855155776,0,0,,0.48333333333333334,,,,phase_MID,049
255.88280855155776,1,0,0.0,0.5166666666666667,-0.5166666666666667,0.0,0.7934567085261071,phase_MID,056
255.88280855155776,0,0,,0.5666666666666667,,,,phase_MID,075
255.88280855155776,0,0,,0.4,,,,phase_MID,077
284.0078085515578,0,0,,0.48333333333333334,,,,phase_MID,049
284.0078085515578,1,1,1.0,0.5166666666666667,0.4833333333333333,0.20654329147389294,1.0,phase_MID,056
284.0078085515578,0,0,,0.5666666666666667,,,,phase_MID,075
284.0078085515578,0,0,,0.4,,,,phase_MID,077
312.13280855155773,0,0,,0.48333333333333334,,,,phase_MID,049
312.13280855155773,1,0,0.0,0.5166666666666667,-0.5166666666666667,0.0,0.7934567085261071,phase_MID,056
312.13280855155773,0,0,,0.5666666666666667,,,,phase_MID,075
312.13280855155773,0,0,,0.4,,,,phase_MID,077
340.25780855155773,0,0,,0.48333333333333334,,,,phase_MID,049
340.25780855155773,1,0,0.0,0.5166666666666667,-0.5166666666666667,0.0,0.7934567085261071,phase_MID,056
340.25780855155773,0,0,,0.5666666666666667,,,,phase_MID,075
340.25780855155773,0,0,,0.4,,,,phase_MID,077
8.38280855155773,0,0,,0.48333333333333334,,,,phase_MID,049
8.38280855155773,1,0,0.0,0.5166666666666667,-0.5166666666666667,0.0,0.7934567085261071,phase_MID,056
8.38280855155773,0,0,,0.5666666666666667,,,,phase_MID,075
8.38280855155773,0,0,,0.4,,,,phase_MID,077
36.50780855155773,0,0,,0.48333333333333334,,,,phase_MID,049
36.50780855155773,1,0,0.0,0.5166666666666667,-0.5166666666666667,0.0,0.7934567085261071,phase_MID,056
36.50780855155773,0,0,,0.5666666666666667,,,,phase_MID,075
36.50780855155773,0,0,,0.4,,,,phase_MID,077
64.63280855155773,0,0,,0.48333333333333334,,,,phase_MID,049
64.63280855155773,1,1,1.0,0.5166666666666667,0.4833333333333333,0.20654329147389294,1.0,phase_MID,056
64.63280855155773,0,0,,0.5666666666666667,,,,phase_MID,075
64.63280855155773,0,0,,0.4,,,,phase_MID,077
92.75780855155779,0,0,,0.48333333333333334,,,,phase_MID,049
92.75780855155779,1,1,1.0,0.5166666666666667,0.4833333333333333,0.20654329147389294,1.0,phase_MID,056
92.75780855155779,0,0,,0.5666666666666667,,,,phase_MID,075
92.75780855155779,0,0,,0.4,,,,phase_MID,077
120.88280855155779,0,0,,0.48333333333333334,,,,phase_MID,049
120.88280855155779,1,0,0.0,0.5166666666666667,-0.5166666666666667,0.0,0.7934567085261071,phase_MID,056
120.88280855155779,0,0,,0.5666666666666667,,,,phase_MID,075
120.88280855155779,0,0,,0.4,,,,phase_MID,077
149.0078085515578,0,0,,0.48333333333333334,,,,phase_MID,049
149.0078085515578,1,1,1.0,0.5166666666666667,0.4833333333333333,0.20654329147389294,1.0,phase_MID,056
149.0078085515578,0,0,,0.5666666666666667,,,,phase_MID,075
149.0078085515578,0,0,,0.4,,,,phase_MID,077
177.1328085515578,0,0,,0.48333333333333334,,,,phase_MID,049
177.1328085515578,1,1,1.0,0.5166666666666667,0.4833333333333333,0.20654329147389294,1.0,phase_MID,056
177.1328085515578,0,0,,0.5666666666666667,,,,phase_MID,075
177.1328085515578,0,0,,0.4,,,,phase_MID,077
205.25780855155767,0,0,,0.48333333333333334,,,,phase_MID,049
205.25780855155767,1,0,0.0,0.5166666666666667,-0.5166666666666667,0.0,0.7934567085261071,phase_MID,056
205.25780855155767,0,0,,0.5666666666666667,,,,phase_MID,075
205.25780855155767,0,0,,0.4,,,,phase_MID,077
233.3828085515578,0,0,,0.48333333333333334,,,,phase_MID,049
233.3828085515578,1,1,1.0,0.5166666666666667,0.4833333333333333,0.20654329147389294,1.0,phase_MID,056
233.3828085515578,0,0,,0.5666666666666667,,,,phase_MID,075
233.3828085515578,0,0,,0.4,,,,phase_MID,077
261.5078085515577,0,0,,0.48333333333333334,,,,phase_MID,049
261.5078085515577,1,0,0.0,0.5166666666666667,-0.5166666666666667,0.0,0.7934567085261071,phase_MID,056
261.5078085515577,0,0,,0.5666666666666667,,,,phase_MID,075
261.5078085515577,0,0,,0.4,,,,phase_MID,077
289.6328085515578,0,0,,0.48333333333333334,,,,phase_MID,049
289.6328085515578,1,0,0.0,0.5166666666666667,-0.5166666666666667,0.0,0.7934567085261071,phase_MID,056
289.6328085515578,0,0,,0.5666666666666667,,,,phase_MID,075
289.6328085515578,0,0,,0.4,,,,phase_MID,077
317.7578085515577,0,0,,0.48333333333333334,,,,phase_MID,049
317.7578085515577,1,1,1.0,0.5166666666666667,0.4833333333333333,0.20654329147389294,1.0,phase_MID,056
317.7578085515577,0,0,,0.5666666666666667,,,,phase_MID,075
317.7578085515577,0,0,,0.4,,,,phase_MID,077
345.8828085515578,0,0,,0.48333333333333334,,,,phase_MID,049
345.8828085515578,1,1,1.0,0.5166666666666667,0.4833333333333333,0.20654329147389294,1.0,phase_MID,056
345.8828085515578,0,0,,0.5666666666666667,,,,phase_MID,075
345.8828085515578,0,0,,0.4,,,,phase_MID,077
14.007808551557673,0,0,,0.48333333333333334,,,,phase_MID,049
14.007808551557673,1,0,0.0,0.5166666666666667,-0.5166666666666667,0.0,0.7934567085261071,phase_MID,056
14.007808551557673,0,0,,0.5666666666666667,,,,phase_MID,075
14.007808551557673,0,0,,0.4,,,,phase_MID,077
42.13280855155779,0,0,,0.48333333333333334,,,,phase_MID,049
42.13280855155779,1,0,0.0,0.5166666666666667,-0.5166666666666667,0.0,0.7934567085261071,phase_MID,056
42.13280855155779,0,0,,0.5666666666666667,,,,phase_MID,075
42.13280855155779,0,0,,0.4,,,,phase_MID,077
70.25780855155779,0,0,,0.48333333333333334,,,,phase_MID,049
70.25780855155779,1,1,1.0,0.5166666666666667,0.4833333333333333,0.20654329147389294,1.0,phase_MID,056
70.25780855155779,0,0,,0.5666666666666667,,,,phase_MID,075
70.25780855155779,0,0,,0.4,,,,phase_MID,077
98.38280855155779,0,0,,0.48333333333333334,,,,phase_MID,049
98.38280855155779,1,1,1.0,0.5166666666666667,0.4833333333333333,0.20654329147389294,1.0,phase_MID,056
98.38280855155779,0,0,,0.5666666666666667,,,,phase_MID,075
98.38280855155779,0,0,,0.4,,,,phase_MID,077
126.50780855155779,0,0,,0.48333333333333334,,,,phase_MID,049
126.50780855155779,1,1,1.0,0.5166666666666667,0.4833333333333333,0.20654329147389294,1.0,phase_MID,056
126.50780855155779,0,0,,0.5666666666666667,,,,phase_MID,075
126.50780855155779,0,0,,0.4,,,,phase_MID,077
154.6328085515579,0,0,,0.48333333333333334,,,,phase_MID,049
154.6328085515579,1,1,1.0,0.5166666666666667,0.4833333333333333,0.20654329147389294,1.0,phase_MID,056
154.6328085515579,0,0,,0.5666666666666667,,,,phase_MID,075
154.6328085515579,0,0,,0.4,,,,phase_MID,077
182.7578085515578,0,0,,0.48333333333333334,,,,phase_MID,049
182.7578085515578,1,1,1.0,0.5166666666666667,0.4833333333333333,0.20654329147389294,1.0,phase_MID,056
182.7578085515578,0,0,,0.5666666666666667,,,,phase_MID,075
182.7578085515578,0,0,,0.4,,,,phase_MID,077
210.88280855155767,0,0,,0.48333333333333334,,,,phase_MID,049
210.88280855155767,1,0,0.0,0.5166666666666667,-0.5166666666666667,0.0,0.7934567085261071,phase_MID,056
210.88280855155767,0,0,,0.5666666666666667,,,,phase_MID,075
210.88280855155767,0,0,,0.4,,,,phase_MID,077
239.0078085515578,0,0,,0.48333333333333334,,,,phase_MID,049
239.0078085515578,1,0,0.0,0.5166666666666667,-0.5166666666666667,0.0,0.7934567085261071,phase_MID,056
239.0078085515578,0,0,,0.5666666666666667,,,,phase_MID,075
239.0078085515578,0,0,,0.4,,,,phase_MID,077
267.1328085515577,0,0,,0.48333333333333334,,,,phase_MID,049
267.1328085515577,1,0,0.0,0.5166666666666667,-0.5166666666666667,0.0,0.7934567085261071,phase_MID,056
267.1328085515577,0,0,,0.5666666666666667,,,,phase_MID,075
267.1328085515577,0,0,,0.4,,,,phase_MID,077
295.2578085515578,0,0,,0.48333333333333334,,,,phase_MID,049
295.2578085515578,1,0,0.0,0.5166666666666667,-0.5166666666666667,0.0,0.7934567085261071,phase_MID,056
295.2578085515578,0,0,,0.5666666666666667,,,,phase_MID,075
295.2578085515578,0,0,,0.4,,,,phase_MID,077
323.3828085515577,0,0,,0.48333333333333334,,,,phase_MID,049
323.3828085515577,1,1,1.0,0.5166666666666667,0.4833333333333333,0.20654329147389294,1.0,phase_MID,056
323.3828085515577,0,0,,0.5666666666666667,,,,phase_MID,075
323.3828085515577,0,0,,0.4,,,,phase_MID,077
351.5078085515579,0,0,,0.48333333333333334,,,,phase_MID,049
351.5078085515579,1,1,1.0,0.5166666666666667,0.4833333333333333,0.20654329147389294,1.0,phase_MID,056
351.5078085515579,0,0,,0.5666666666666667,,,,phase_MID,075
351.5078085515579,0,0,,0.4,,,,phase_MID,077
19.632808551557673,0,0,,0.48333333333333334,,,,phase_MID,049
19.632808551557673,1,0,0.0,0.5166666666666667,-0.5166666666666667,0.0,0.7934567085261071,phase_MID,056
19.632808551557673,0,0,,0.5666666666666667,,,,phase_MID,075
19.632808551557673,0,0,,0.4,,,,phase_MID,077
47.7578085515579,0,0,,0.48333333333333334,,,,phase_MID,049
47.7578085515579,1,0,0.0,0.5166666666666667,-0.5166666666666667,0.0,0.7934567085261071,phase_MID,056
47.7578085515579,0,0,,0.5666666666666667,,,,phase_MID,075
47.7578085515579,0,0,,0.4,,,,phase_MID,077
75.88280855155767,0,0,,0.48333333333333334,,,,phase_MID,049
75.88280855155767,1,1,1.0,0.5166666666666667,0.4833333333333333,0.20654329147389294,1.0,phase_MID,056
75.88280855155767,0,0,,0.5666666666666667,,,,phase_MID,075
75.88280855155767,0,0,,0.4,,,,phase_MID,077
104.0078085515579,0,0,,0.48333333333333334,,,,phase_MID,049
104.0078085515579,1,1,1.0,0.5166666666666667,0.4833333333333333,0.20654329147389294,1.0,phase_MID,056
104.0078085515579,0,0,,0.5666666666666667,,,,phase_MID,075
104.0078085515579,0,0,,0.4,,,,phase_MID,077
132.13280855155767,0,0,,0.48333333333333334,,,,phase_MID,049
132.13280855155767,1,0,0.0,0.5166666666666667,-0.5166666666666667,0.0,0.7934567085261071,phase_MID,056
132.13280855155767,0,0,,0.5666666666666667,,,,phase_MID,075
132.13280855155767,0,0,,0.4,,,,phase_MID,077
160.2578085515579,0,0,,0.48333333333333334,,,,phase_MID,049
160.2578085515579,1,1,1.0,0.5166666666666667,0.4833333333333333,0.20654329147389294,1.0,phase_MID,056
160.2578085515579,0,0,,0.5666666666666667,,,,phase_MID,075
160.2578085515579,0,0,,0.4,,,,phase_MID,077
188.38280855155767,0,0,,0.48333333333333334,,,,phase_MID,049
188.38280855155767,1,1,1.0,0.5166666666666667,0.4833333333333333,0.20654329147389294,1.0,phase_MID,056
188.38280855155767,0,0,,0.5666666666666667,,,,phase_MID,075
188.38280855155767,0,0,,0.4,,,,phase_MID,077
216.5078085515579,0,0,,0.48333333333333334,,,,phase_MID,049
216.5078085515579,1,0,0.0,0.5166666666666667,-0.5166666666666667,0.0,0.7934567085261071,phase_MID,056
216.5078085515579,0,0,,0.5666666666666667,,,,phase_MID,075
216.5078085515579,0,0,,0.4,,,,phase_MID,077
244.63280855155767,0,0,,0.48333333333333334,,,,phase_MID,049
244.63280855155767,1,0,0.0,0.5166666666666667,-0.5166666666666667,0.0,0.7934567085261071,phase_MID,056
244.63280855155767,0,0,,0.5666666666666667,,,,phase_MID,075
244.63280855155767,0,0,,0.4,,,,phase_MID,077
272.7578085515579,0,0,,0.48333333333333334,,,,phase_MID,049
272.7578085515579,1,1,1.0,0.5166666666666667,0.4833333333333333,0.20654329147389294,1.0,phase_MID,056
272.7578085515579,0,0,,0.5666666666666667,,,,phase_MID,075
272.7578085515579,0,0,,0.4,,,,phase_MID,077
300.8828085515577,0,0,,0.48333333333333334,,,,phase_MID,049
300.8828085515577,1,1,1.0,0.5166666666666667,0.4833333333333333,0.20654329147389294,1.0,phase_MID,056
300.8828085515577,0,0,,0.5666666666666667,,,,phase_MID,075
300.8828085515577,0,0,,0.4,,,,phase_MID,077
329.0078085515579,0,0,,0.48333333333333334,,,,phase_MID,049
329.0078085515579,1,1,1.0,0.5166666666666667,0.4833333333333333,0.20654329147389294,1.0,phase_MID,056
329.0078085515579,0,0,,0.5666666666666667,,,,phase_MID,075
329.0078085515579,0,0,,0.4,,,,phase_MID,077
357.1328085515577,0,0,,0.48333333333333334,,,,phase_MID,049
357.1328085515577,1,0,0.0,0.5166666666666667,-0.5166666666666667,0.0,0.7934567085261071,phase_MID,056
357.1328085515577,0,0,,0.5666666666666667,,,,phase_MID,075
357.1328085515577,0,0,,0.4,,,,phase_MID,077
25.2578085515579,0,0,,0.48333333333333334,,,,phase_MID,049
25.2578085515579,1,1,1.0,0.5166666666666667,0.4833333333333333,0.20654329147389294,1.0,phase_MID,056
25.2578085515579,0,0,,0.5666666666666667,,,,phase_MID,075
25.2578085515579,0,0,,0.4,,,,phase_MID,077
53.3828085515579,0,0,,0.48333333333333334,,,,phase_MID,049
53.3828085515579,1,0,0.0,0.5166666666666667,-0.5166666666666667,0.0,0.7934567085261071,phase_MID,056
53.3828085515579,0,0,,0.5666666666666667,,,,phase_MID,075
53.3828085515579,0,0,,0.4,,,,phase_MID,077
81.5078085515579,0,0,,0.48333333333333334,,,,phase_MID,049
81.5078085515579,1,1,1.0,0.5166666666666667,0.4833333333333333,0.20654329147389294,1.0,phase_MID,056
81.5078085515579,0,0,,0.5666666666666667,,,,phase_MID,075
81.5078085515579,0,0,,0.4,,,,phase_MID,077
109.6328085515579,0,0,,0.48333333333333334,,,,phase_MID,049
109.6328085515579,1,0,0.0,0.5166666666666667,-0.5166666666666667,0.0,0.7934567085261071,phase_MID,056
109.6328085515579,0,0,,0.5666666666666667,,,,phase_MID,075
109.6328085515579,0,0,,0.4,,,,phase_MID,077
137.75780855155767,0,0,,0.48333333333333334,,,,phase_MID,049
137.75780855155767,1,0,0.0,0.5166666666666667,-0.5166666666666667,0.0,0.7934567085261071,phase_MID,056
137.75780855155767,0,0,,0.5666666666666667,,,,phase_MID,075
137.75780855155767,0,0,,0.4,,,,phase_MID,077
165.8828085515579,0,0,,0.48333333333333334,,,,phase_MID,049
165.8828085515579,1,1,1.0,0.5166666666666667,0.4833333333333333,0.20654329147389294,1.0,phase_MID,056
165.8828085515579,0,0,,0.5666666666666667,,,,phase_MID,075
165.8828085515579,0,0,,0.4,,,,phase_MID,077
194.00780855155767,0,0,,0.48333333333333334,,,,phase_MID,049
194.00780855155767,1,1,1.0,0.5166666666666667,0.4833333333333333,0.20654329147389294,1.0,phase_MID,056
194.00780855155767,0,0,,0.5666666666666667,,,,phase_MID,075
194.00780855155767,0,0,,0.4,,,,phase_MID,077
222.1328085515579,0,0,,0.48333333333333334,,,,phase_MID,049
222.1328085515579,1,1,1.0,0.5166666666666667,0.4833333333333333,0.20654329147389294,1.0,phase_MID,056
222.1328085515579,0,0,,0.5666666666666667,,,,phase_MID,075
222.1328085515579,0,0,,0.4,,,,phase_MID,077
250.25780855155767,0,0,,0.48333333333333334,,,,phase_MID,049
250.25780855155767,1,1,1.0,0.5166666666666667,0.4833333333333333,0.20654329147389294,1.0,phase_MID,056
250.25780855155767,0,0,,0.5666666666666667,,,,phase_MID,075
250.25780855155767,0,0,,0.4,,,,phase_MID,077
278.3828085515579,0,0,,0.48333333333333334,,,,phase_MID,049
278.3828085515579,1,0,0.0,0.5166666666666667,-0.5166666666666667,0.0,0.7934567085261071,phase_MID,056
278.3828085515579,0,0,,0.5666666666666667,,,,phase_MID,075
278.3828085515579,0,0,,0.4,,,,phase_MID,077
306.5078085515577,0,0,,0.48333333333333334,,,,phase_MID,049
306.5078085515577,1,1,1.0,0.5166666666666667,0.4833333333333333,0.20654329147389294,1.0,phase_MID,056
306.5078085515577,0,0,,0.5666666666666667,,,,phase_MID,075
306.5078085515577,0,0,,0.4,,,,phase_MID,077
334.6328085515579,0,0,,0.48333333333333334,,,,phase_MID,049
334.6328085515579,1,0,0.0,0.5166666666666667,-0.5166666666666667,0.0,0.7934567085261071,phase_MID,056
334.6328085515579,0,0,,0.5666666666666667,,,,phase_MID,075
334.6328085515579,0,0,,0.4,,,,phase_MID,077
2.757808551557673,0,0,,0.48333333333333334,,,,phase_MID,049
2.757808551557673,1,1,1.0,0.5166666666666667,0.4833333333333333,0.20654329147389294,1.0,phase_MID,056
2.757808551557673,0,0,,0.5666666666666667,,,,phase_MID,075
2.757808551557673,0,0,,0.4,,,,phase_MID,077
30.8828085515579,0,0,,0.48333333333333334,,,,phase_MID,049
30.8828085515579,1,0,0.0,0.5166666666666667,-0.5166666666666667,0.0,0.7934567085261071,phase_MID,056
30.8828085515579,0,0,,0.5666666666666667,,,,phase_MID,075
30.8828085515579,0,0,,0.4,,,,phase_MID,077
59.00780855155767,0,0,,0.48333333333333334,,,,phase_MID,049
59.00780855155767,1,0,0.0,0.5166666666666667,-0.5166666666666667,0.0,0.7934567085261071,phase_MID,056
59.00780855155767,0,0,,0.5666666666666667,,,,phase_MID,075
59.00780855155767,0,0,,0.4,,,,phase_MID,077
87.1328085515579,0,0,,0.48333333333333334,,,,phase_MID,049
87.1328085515579,1,0,0.0,0.5166666666666667,-0.5166666666666667,0.0,0.7934567085261071,phase_MID,056
87.1328085515579,0,0,,0.5666666666666667,,,,phase_MID,075
87.1328085515579,0,0,,0.4,,,,phase_MID,077
92.75024416200195,0,0,,0.48333333333333334,,,,phase_MID,049
92.75024416200195,0,0,,0.5166666666666667,,,,phase_MID,056
92.75024416200195,1,1,1.0,0.5666666666666667,0.43333333333333335,0.20654329147389294,1.0,phase_MID,075
92.75024416200195,0,0,,0.4,,,,phase_MID,077
109.62524416200196,0,0,,0.48333333333333334,,,,phase_MID,049
109.62524416200196,0,0,,0.5166666666666667,,,,phase_MID,056
109.62524416200196,1,0,0.0,0.5666666666666667,-0.5666666666666667,0.0,0.7934567085261071,phase_MID,075
109.62524416200196,0,0,,0.4,,,,phase_MID,077
126.50024416200195,0,0,,0.48333333333333334,,,,phase_MID,049
126.50024416200195,0,0,,0.5166666666666667,,,,phase_MID,056
126.50024416200195,1,1,1.0,0.5666666666666667,0.43333333333333335,0.20654329147389294,1.0,phase_MID,075
126.50024416200195,0,0,,0.4,,,,phase_MID,077
143.37524416200193,0,0,,0.48333333333333334,,,,phase_MID,049
143.37524416200193,0,0,,0.5166666666666667,,,,phase_MID,056
143.37524416200193,1,1,1.0,0.5666666666666667,0.43333333333333335,0.20654329147389294,1.0,phase_MID,075
143.37524416200193,0,0,,0.4,,,,phase_MID,077
160.25024416200193,0,0,,0.48333333333333334,,,,phase_MID,049
160.25024416200193,0,0,,0.5166666666666667,,,,phase_MID,056
160.25024416200193,1,0,0.0,0.5666666666666667,-0.5666666666666667,0.0,0.7934567085261071,phase_MID,075
160.25024416200193,0,0,,0.4,,,,phase_MID,077
177.12524416200193,0,0,,0.48333333333333334,,,,phase_MID,049
177.12524416200193,0,0,,0.5166666666666667,,,,phase_MID,056
177.12524416200193,1,1,1.0,0.5666666666666667,0.43333333333333335,0.20654329147389294,1.0,phase_MID,075
177.12524416200193,0,0,,0.4,,,,phase_MID,077
194.00024416200196,0,0,,0.48333333333333334,,,,phase_MID,049
194.00024416200196,0,0,,0.5166666666666667,,,,phase_MID,056
194.00024416200196,1,0,0.0,0.5666666666666667,-0.5666666666666667,0.0,0.7934567085261071,phase_MID,075
194.00024416200196,0,0,,0.4,,,,phase_MID,077
210.87524416200196,0,0,,0.48333333333333334,,,,phase_MID,049
210.87524416200196,0,0,,0.5166666666666667,,,,phase_MID,056
210.87524416200196,1,0,0.0,0.5666666666666667,-0.5666666666666667,0.0,0.7934567085261071,phase_MID,075
210.87524416200196,0,0,,0.4,,,,phase_MID,077
227.75024416200196,0,0,,0.48333333333333334,,,,phase_MID,049
227.75024416200196,0,0,,0.5166666666666667,,,,phase_MID,056
227.75024416200196,1,0,0.0,0.5666666666666667,-0.5666666666666667,0.0,0.7934567085261071,phase_MID,075
227.75024416200196,0,0,,0.4,,,,phase_MID,077
244.62524416200196,0,0,,0.48333333333333334,,,,phase_MID,049
244.62524416200196,0,0,,0.5166666666666667,,,,phase_MID,056
244.62524416200196,1,1,1.0,0.5666666666666667,0.43333333333333335,0.20654329147389294,1.0,phase_MID,075
244.62524416200196,0,0,,0.4,,,,phase_MID,077
261.50024416200193,0,0,,0.48333333333333334,,,,phase_MID,049
261.50024416200193,0,0,,0.5166666666666667,,,,phase_MID,056
261.50024416200193,1,1,1.0,0.5666666666666667,0.43333333333333335,0.20654329147389294,1.0,phase_MID,075
261.50024416200193,0,0,,0.4,,,,phase_MID,077
278.37524416200193,0,0,,0.48333333333333334,,,,phase_MID,049
278.37524416200193,0,0,,0.5166666666666667,,,,phase_MID,056
278.37524416200193,1,1,1.0,0.5666666666666667,0.43333333333333335,0.20654329147389294,1.0,phase_MID,075
278.37524416200193,0,0,,0.4,,,,phase_MID,077
295.25024416200193,0,0,,0.48333333333333334,,,,phase_MID,049
295.25024416200193,0,0,,0.5166666666666667,,,,phase_MID,056
295.25024416200193,1,0,0.0,0.5666666666666667,-0.5666666666666667,0.0,0.7934567085261071,phase_MID,075
295.25024416200193,0,0,,0.4,,,,phase_MID,077
312.12524416200193,0,0,,0.48333333333333334,,,,phase_MID,049
312.12524416200193,0,0,,0.5166666666666667,,,,phase_MID,056
312.12524416200193,1,1,1.0,0.5666666666666667,0.43333333333333335,0.20654329147389294,1.0,phase_MID,075
312.12524416200193,0,0,,0.4,,,,phase_MID,077
329.000244162002,0,0,,0.48333333333333334,,,,phase_MID,049
329.000244162002,0,0,,0.5166666666666667,,,,phase_MID,056
329.000244162002,1,1,1.0,0.5666666666666667,0.43333333333333335,0.20654329147389294,1.0,phase_MID,075
329.000244162002,0,0,,0.4,,,,phase_MID,077
345.875244162002,0,0,,0.48333333333333334,,,,phase_MID,049
345.875244162002,0,0,,0.5166666666666667,,,,phase_MID,056
345.875244162002,1,1,1.0,0.5666666666666667,0.43333333333333335,0.20654329147389294,1.0,phase_MID,075
345.875244162002,0,0,,0.4,,,,phase_MID,077
2.750244162001991,0,0,,0.48333333333333334,,,,phase_MID,049
2.750244162001991,0,0,,0.5166666666666667,,,,phase_MID,056
2.750244162001991,1,0,0.0,0.5666666666666667,-0.5666666666666667,0.0,0.7934567085261071,phase_MID,075
2.750244162001991,0,0,,0.4,,,,phase_MID,077
19.625244162001934,0,0,,0.48333333333333334,,,,phase_MID,049
19.625244162001934,0,0,,0.5166666666666667,,,,phase_MID,056
19.625244162001934,1,1,1.0,0.5666666666666667,0.43333333333333335,0.20654329147389294,1.0,phase_MID,075
19.625244162001934,0,0,,0.4,,,,phase_MID,077
36.500244162001934,0,0,,0.48333333333333334,,,,phase_MID,049
36.500244162001934,0,0,,0.5166666666666667,,,,phase_MID,056
36.500244162001934,1,0,0.0,0.5666666666666667,-0.5666666666666667,0.0,0.7934567085261071,phase_MID,075
36.500244162001934,0,0,,0.4,,,,phase_MID,077
53.375244162001934,0,0,,0.48333333333333334,,,,phase_MID,049
53.375244162001934,0,0,,0.5166666666666667,,,,phase_MID,056
53.375244162001934,1,0,0.0,0.5666666666666667,-0.5666666666666667,0.0,0.7934567085261071,phase_MID,075
53.375244162001934,0,0,,0.4,,,,phase_MID,077
70.25024416200193,0,0,,0.48333333333333334,,,,phase_MID,049
70.25024416200193,0,0,,0.5166666666666667,,,,phase_MID,056
70.25024416200193,1,0,0.0,0.5666666666666667,-0.5666666666666667,0.0,0.7934567085261071,phase_MID,075
70.25024416200193,0,0,,0.4,,,,phase_MID,077
87.12524416200199,0,0,,0.48333333333333334,,,,phase_MID,049
87.12524416200199,0,0,,0.5166666666666667,,,,phase_MID,056
87.12524416200199,1,1,1.0,0.5666666666666667,0.43333333333333335,0.20654329147389294,1.0,phase_MID,075
87.12524416200199,0,0,,0.4,,,,phase_MID,077
104.00024416200199,0,0,,0.48333333333333334,,,,phase_MID,049
104.00024416200199,0,0,,0.5166666666666667,,,,phase_MID,056
104.00024416200199,1,1,1.0,0.5666666666666667,0.43333333333333335,0.20654329147389294,1.0,phase_MID,075
104.00024416200199,0,0,,0.4,,,,phase_MID,077
120.87524416200193,0,0,,0.48333333333333334,,,,phase_MID,049
120.87524416200193,0,0,,0.5166666666666667,,,,phase_MID,056
120.87524416200193,1,1,1.0,0.5666666666666667,0.43333333333333335,0.20654329147389294,1.0,phase_MID,075
120.87524416200193,0,0,,0.4,,,,phase_MID,077
137.750244162002,0,0,,0.48333333333333334,,,,phase_MID,049
137.750244162002,0,0,,0.5166666666666667,,,,phase_MID,056
137.750244162002,1,1,1.0,0.5666666666666667,0.43333333333333335,0.20654329147389294,1.0,phase_MID,075
137.750244162002,0,0,,0.4,,,,phase_MID,077
154.625244162002,0,0,,0.48333333333333334,,,,phase_MID,049
154.625244162002,0,0,,0.5166666666666667,,,,phase_MID,056
154.625244162002,1,1,1.0,0.5666666666666667,0.43333333333333335,0.20654329147389294,1.0,phase_MID,075
154.625244162002,0,0,,0.4,,,,phase_MID,077
171.500244162002,0,0,,0.48333333333333334,,,,phase_MID,049
171.500244162002,0,0,,0.5166666666666667,,,,phase_MID,056
171.500244162002,1,1,1.0,0.5666666666666667,0.43333333333333335,0.20654329147389294,1.0,phase_MID,075
171.500244162002,0,0,,0.4,,,,phase_MID,077
188.37524416200188,0,0,,0.48333333333333334,,,,phase_MID,049
188.37524416200188,0,0,,0.5166666666666667,,,,phase_MID,056
188.37524416200188,1,0,0.0,0.5666666666666667,-0.5666666666666667,0.0,0.7934567085261071,phase_MID,075
188.37524416200188,0,0,,0.4,,,,phase_MID,077
205.250244162002,0,0,,0.48333333333333334,,,,phase_MID,049
205.250244162002,0,0,,0.5166666666666667,,,,phase_MID,056
205.250244162002,1,1,1.0,0.5666666666666667,0.43333333333333335,0.20654329147389294,1.0,phase_MID,075
205.250244162002,0,0,,0.4,,,,phase_MID,077
222.125244162002,0,0,,0.48333333333333334,,,,phase_MID,049
222.125244162002,0,0,,0.5166666666666667,,,,phase_MID,056
222.125244162002,1,0,0.0,0.5666666666666667,-0.5666666666666667,0.0,0.7934567085261071,phase_MID,075
222.125244162002,0,0,,0.4,,,,phase_MID,077
239.00024416200188,0,0,,0.48333333333333334,,,,phase_MID,049
239.00024416200188,0,0,,0.5166666666666667,,,,phase_MID,056
239.00024416200188,1,0,0.0,0.5666666666666667,-0.5666666666666667,0.0,0.7934567085261071,phase_MID,075
239.00024416200188,0,0,,0.4,,,,phase_MID,077
255.87524416200188,0,0,,0.48333333333333334,,,,phase_MID,049
255.87524416200188,0,0,,0.5166666666666667,,,,phase_MID,056
255.87524416200188,1,1,1.0,0.5666666666666667,0.43333333333333335,0.20654329147389294,1.0,phase_MID,075
255.87524416200188,0,0,,0.4,,,,phase_MID,077
272.750244162002,0,0,,0.48333333333333334,,,,phase_MID,049
272.750244162002,0,0,,0.5166666666666667,,,,phase_MID,056
272.750244162002,1,0,0.0,0.5666666666666667,-0.5666666666666667,0.0,0.7934567085261071,phase_MID,075
272.750244162002,0,0,,0.4,,,,phase_MID,077
289.625244162002,0,0,,0.48333333333333334,,,,phase_MID,049
289.625244162002,0,0,,0.5166666666666667,,,,phase_MID,056
289.625244162002,1,0,0.0,0.5666666666666667,-0.5666666666666667,0.0,0.7934567085261071,phase_MID,075
289.625244162002,0,0,,0.4,,,,phase_MID,077
306.5002441620019,0,0,,0.48333333333333334,,,,phase_MID,049
306.5002441620019,0,0,,0.5166666666666667,,,,phase_MID,056
306.5002441620019,1,1,1.0,0.5666666666666667,0.43333333333333335,0.20654329147389294,1.0,phase_MID,075
306.5002441620019,0,0,,0.4,,,,phase_MID,077
323.375244162002,0,0,,0.48333333333333334,,,,phase_MID,049
323.375244162002,0,0,,0.5166666666666667,,,,phase_MID,056
323.375244162002,1,0,0.0,0.5666666666666667,-0.5666666666666667,0.0,0.7934567085261071,phase_MID,075
323.375244162002,0,0,,0.4,,,,phase_MID,077
340.2502441620019,0,0,,0.48333333333333334,,,,phase_MID,049
340.2502441620019,0,0,,0.5166666666666667,,,,phase_MID,056
340.2502441620019,1,0,0.0,0.5666666666666667,-0.5666666666666667,0.0,0.7934567085261071,phase_MID,075
340.2502441620019,0,0,,0.4,,,,phase_MID,077
357.1252441620019,0,0,,0.48333333333333334,,,,phase_MID,049
357.1252441620019,0,0,,0.5166666666666667,,,,phase_MID,056
357.1252441620019,1,1,1.0,0.5666666666666667,0.43333333333333335,0.20654329147389294,1.0,phase_MID,075
357.1252441620019,0,0,,0.4,,,,phase_MID,077
14.000244162001877,0,0,,0.48333333333333334,,,,phase_MID,049
14.000244162001877,0,0,,0.5166666666666667,,,,phase_MID,056
14.000244162001877,1,1,1.0,0.5666666666666667,0.43333333333333335,0.20654329147389294,1.0,phase_MID,075
14.000244162001877,0,0,,0.4,,,,phase_MID,077
30.875244162001877,0,0,,0.48333333333333334,,,,phase_MID,049
30.875244162001877,0,0,,0.5166666666666667,,,,phase_MID,056
30.875244162001877,1,0,0.0,0.5666666666666667,-0.5666666666666667,0.0,0.7934567085261071,phase_MID,075
30.875244162001877,0,0,,0.4,,,,phase_MID,077
47.75024416200188,0,0,,0.48333333333333334,,,,phase_MID,049
47.75024416200188,0,0,,0.5166666666666667,,,,phase_MID,056
47.75024416200188,1,0,0.0,0.5666666666666667,-0.5666666666666667,0.0,0.7934567085261071,phase_MID,075
47.75024416200188,0,0,,0.4,,,,phase_MID,077
64.62524416200188,0,0,,0.48333333333333334,,,,phase_MID,049
64.62524416200188,0,0,,0.5166666666666667,,,,phase_MID,056
64.62524416200188,1,0,0.0,0.5666666666666667,-0.5666666666666667,0.0,0.7934567085261071,phase_MID,075
64.62524416200188,0,0,,0.4,,,,phase_MID,077
81.50024416200199,0,0,,0.48333333333333334,,,,phase_MID,049
81.50024416200199,0,0,,0.5166666666666667,,,,phase_MID,056
81.50024416200199,1,1,1.0,0.5666666666666667,0.43333333333333335,0.20654329147389294,1.0,phase_MID,075
81.50024416200199,0,0,,0.4,,,,phase_MID,077
98.37524416200188,0,0,,0.48333333333333334,,,,phase_MID,049
98.37524416200188,0,0,,0.5166666666666667,,,,phase_MID,056
98.37524416200188,1,1,1.0,0.5666666666666667,0.43333333333333335,0.20654329147389294,1.0,phase_MID,075
98.37524416200188,0,0,,0.4,,,,phase_MID,077
115.25024416200199,0,0,,0.48333333333333334,,,,phase_MID,049
115.25024416200199,0,0,,0.5166666666666667,,,,phase_MID,056
115.25024416200199,1,1,1.0,0.5666666666666667,0.43333333333333335,0.20654329147389294,1.0,phase_MID,075
115.25024416200199,0,0,,0.4,,,,phase_MID,077
132.12524416200188,0,0,,0.48333333333333334,,,,phase_MID,049
132.12524416200188,0,0,,0.5166666666666667,,,,phase_MID,056
132.12524416200188,1,1,1.0,0.5666666666666667,0.43333333333333335,0.20654329147389294,1.0,phase_MID,075
132.12524416200188,0,0,,0.4,,,,phase_MID,077
149.00024416200188,0,0,,0.48333333333333334,,,,phase_MID,049
149.00024416200188,0,0,,0.5166666666666667,,,,phase_MID,056
149.00024416200188,1,0,0.0,0.5666666666666667,-0.5666666666666667,0.0,0.7934567085261071,phase_MID,075
149.00024416200188,0,0,,0.4,,,,phase_MID,077
165.87524416200188,0,0,,0.48333333333333334,,,,phase_MID,049
165.87524416200188,0,0,,0.5166666666666667,,,,phase_MID,056
165.87524416200188,1,1,1.0,0.5666666666666667,0.43333333333333335,0.20654329147389294,1.0,phase_MID,075
165.87524416200188,0,0,,0.4,,,,phase_MID,077
182.75024416200188,0,0,,0.48333333333333334,,,,phase_MID,049
182.75024416200188,0,0,,0.5166666666666667,,,,phase_MID,056
182.75024416200188,1,1,1.0,0.5666666666666667,0.43333333333333335,0.20654329147389294,1.0,phase_MID,075
182.75024416200188,0,0,,0.4,,,,phase_MID,077
199.6252441620021,0,0,,0.48333333333333334,,,,phase_MID,049
199.6252441620021,0,0,,0.5166666666666667,,,,phase_MID,056
199.6252441620021,1,1,1.0,0.5666666666666667,0.43333333333333335,0.20654329147389294,1.0,phase_MID,075
199.6252441620021,0,0,,0.4,,,,phase_MID,077
216.50024416200176,0,0,,0.48333333333333334,,,,phase_MID,049
216.50024416200176,0,0,,0.5166666666666667,,,,phase_MID,056
216.50024416200176,1,1,1.0,0.5666666666666667,0.43333333333333335,0.20654329147389294,1.0,phase_MID,075
216.50024416200176,0,0,,0.4,,,,phase_MID,077
233.375244162002,0,0,,0.48333333333333334,,,,phase_MID,049
233.375244162002,0,0,,0.5166666666666667,,,,phase_MID,056
233.375244162002,1,0,0.0,0.5666666666666667,-0.5666666666666667,0.0,0.7934567085261071,phase_MID,075
233.375244162002,0,0,,0.4,,,,phase_MID,077
250.25024416200188,0,0,,0.48333333333333334,,,,phase_MID,049
250.25024416200188,0,0,,0.5166666666666667,,,,phase_MID,056
250.25024416200188,1,1,1.0,0.5666666666666667,0.43333333333333335,0.20654329147389294,1.0,phase_MID,075
250.25024416200188,0,0,,0.4,,,,phase_MID,077
267.1252441620019,0,0,,0.48333333333333334,,,,phase_MID,049
267.1252441620019,0,0,,0.5166666666666667,,,,phase_MID,056
267.1252441620019,1,1,1.0,0.5666666666666667,0.43333333333333335,0.20654329147389294,1.0,phase_MID,075
267.1252441620019,0,0,,0.4,,,,phase_MID,077
284.000244162002,0,0,,0.48333333333333334,,,,phase_MID,049
284.000244162002,0,0,,0.5166666666666667,,,,phase_MID,056
284.000244162002,1,0,0.0,0.5666666666666667,-0.5666666666666667,0.0,0.7934567085261071,phase_MID,075
284.000244162002,0,0,,0.4,,,,phase_MID,077
300.87524416200176,0,0,,0.48333333333333334,,,,phase_MID,049
300.87524416200176,0,0,,0.5166666666666667,,,,phase_MID,056
300.87524416200176,1,1,1.0,0.5666666666666667,0.43333333333333335,0.20654329147389294,1.0,phase_MID,075
300.87524416200176,0,0,,0.4,,,,phase_MID,077
317.75024416200176,0,0,,0.48333333333333334,,,,phase_MID,049
317.75024416200176,0,0,,0.5166666666666667,,,,phase_MID,056
317.75024416200176,1,0,0.0,0.5666666666666667,-0.5666666666666667,0.0,0.7934567085261071,phase_MID,075
317.75024416200176,0,0,,0.4,,,,phase_MID,077
334.625244162002,0,0,,0.48333333333333334,,,,phase_MID,049
334.625244162002,0,0,,0.5166666666666667,,,,phase_MID,056
334.625244162002,1,0,0.0,0.5666666666666667,-0.5666666666666667,0.0,0.7934567085261071,phase_MID,075
334.625244162002,0,0,,0.4,,,,phase_MID,077
351.50024416200176,0,0,,0.48333333333333334,,,,phase_MID,049
351.50024416200176,0,0,,0.5166666666666667,,,,phase_MID,056
351.50024416200176,1,1,1.0,0.5666666666666667,0.43333333333333335,0.20654329147389294,1.0,phase_MID,075
351.50024416200176,0,0,,0.4,,,,phase_MID,077
8.37524416200199,0,0,,0.48333333333333334,,,,phase_MID,049
8.37524416200199,0,0,,0.5166666666666667,,,,phase_MID,056
8.37524416200199,1,0,0.0,0.5666666666666667,-0.5666666666666667,0.0,0.7934567085261071,phase_MID,075
8.37524416200199,0,0,,0.4,,,,phase_MID,077
278.4223081645392,0,0,,0.48333333333333334,,,,phase_MID,049
278.4223081645392,0,0,,0.5166666666666667,,,,phase_MID,056
278.4223081645392,0,0,,0.5666666666666667,,,,phase_MID,075
278.4223081645392,1,0,0.0,0.4,-0.4,0.0,0.7934567085261071,phase_MID,077
59.04730816453912,0,0,,0.48333333333333334,,,,phase_MID,049
59.04730816453912,0,0,,0.5166666666666667,,,,phase_MID,056
59.04730816453912,0,0,,0.5666666666666667,,,,phase_MID,075
59.04730816453912,1,1,1.0,0.4,0.6,0.20654329147389294,1.0,phase_MID,077
199.67230816453912,0,0,,0.48333333333333334,,,,phase_MID,049
199.67230816453912,0,0,,0.5166666666666667,,,,phase_MID,056
199.67230816453912,0,0,,0.5666666666666667,,,,phase_MID,075
199.67230816453912,1,1,1.0,0.4,0.6,0.20654329147389294,1.0,phase_MID,077
340.2973081645391,0,0,,0.48333333333333334,,,,phase_MID,049
340.2973081645391,0,0,,0.5166666666666667,,,,phase_MID,056
340.2973081645391,0,0,,0.5666666666666667,,,,phase_MID,075
340.2973081645391,1,0,0.0,0.4,-0.4,0.0,0.7934567085261071,phase_MID,077
120.92230816453923,0,0,,0.48333333333333334,,,,phase_MID,049
120.92230816453923,0,0,,0.5166666666666667,,,,phase_MID,056
120.92230816453923,0,0,,0.5666666666666667,,,,phase_MID,075
120.92230816453923,1,0,0.0,0.4,-0.4,0.0,0.7934567085261071,phase_MID,077
261.54730816453923,0,0,,0.48333333333333334,,,,phase_MID,049
261.54730816453923,0,0,,0.5166666666666667,,,,phase_MID,056
261.54730816453923,0,0,,0.5666666666666667,,,,phase_MID,075
261.54730816453923,1,0,0.0,0.4,-0.4,0.0,0.7934567085261071,phase_MID,077
42.17230816453912,0,0,,0.48333333333333334,,,,phase_MID,049
42.17230816453912,0,0,,0.5166666666666667,,,,phase_MID,056
42.17230816453912,0,0,,0.5666666666666667,,,,phase_MID,075
42.17230816453912,1,1,1.0,0.4,0.6,0.20654329147389294,1.0,phase_MID,077
182.79730816453934,0,0,,0.48333333333333334,,,,phase_MID,049
182.79730816453934,0,0,,0.5166666666666667,,,,phase_MID,056
182.79730816453934,0,0,,0.5666666666666667,,,,phase_MID,075
182.79730816453934,1,0,0.0,0.4,-0.4,0.0,0.7934567085261071,phase_MID,077
323.4223081645391,0,0,,0.48333333333333334,,,,phase_MID,049
323.4223081645391,0,0,,0.5166666666666667,,,,phase_MID,056
323.4223081645391,0,0,,0.5666666666666667,,,,phase_MID,075
323.4223081645391,1,1,1.0,0.4,0.6,0.20654329147389294,1.0,phase_MID,077
104.04730816453912,0,0,,0.48333333333333334,,,,phase_MID,049
104.04730816453912,0,0,,0.5166666666666667,,,,phase_MID,056
104.04730816453912,0,0,,0.5666666666666667,,,,phase_MID,075
104.04730816453912,1,1,1.0,0.4,0.6,0.20654329147389294,1.0,phase_MID,077
244.67230816453934,0,0,,0.48333333333333334,,,,phase_MID,049
244.67230816453934,0,0,,0.5166666666666667,,,,phase_MID,056
244.67230816453934,0,0,,0.5666666666666667,,,,phase_MID,075
244.67230816453934,1,0,0.0,0.4,-0.4,0.0,0.7934567085261071,phase_MID,077
25.297308164539118,0,0,,0.48333333333333334,,,,phase_MID,049
25.297308164539118,0,0,,0.5166666666666667,,,,phase_MID,056
25.297308164539118,0,0,,0.5666666666666667,,,,phase_MID,075
25.297308164539118,1,1,1.0,0.4,0.6,0.20654329147389294,1.0,phase_MID,077
165.92230816453912,0,0,,0.48333333333333334,,,,phase_MID,049
165.92230816453912,0,0,,0.5166666666666667,,,,phase_MID,056
165.92230816453912,0,0,,0.5666666666666667,,,,phase_MID,075
165.92230816453912,1,0,0.0,0.4,-0.4,0.0,0.7934567085261071,phase_MID,077
306.54730816453866,0,0,,0.48333333333333334,,,,phase_MID,049
306.54730816453866,0,0,,0.5166666666666667,,,,phase_MID,056
306.54730816453866,0,0,,0.5666666666666667,,,,phase_MID,075
306.54730816453866,1,1,1.0,0.4,0.6,0.20654329147389294,1.0,phase_MID,077
87.17230816453912,0,0,,0.48333333333333334,,,,phase_MID,049
87.17230816453912,0,0,,0.5166666666666667,,,,phase_MID,056
87.17230816453912,0,0,,0.5666666666666667,,,,phase_MID,075
87.17230816453912,1,0,0.0,0.4,-0.4,0.0,0.7934567085261071,phase_MID,077
227.79730816453912,0,0,,0.48333333333333334,,,,phase_MID,049
227.79730816453912,0,0,,0.5166666666666667,,,,phase_MID,056
227.79730816453912,0,0,,0.5666666666666667,,,,phase_MID,075
227.79730816453912,1,0,0.0,0.4,-0.4,0.0,0.7934567085261071,phase_MID,077
8.422308164539118,0,0,,0.48333333333333334,,,,phase_MID,049
8.422308164539118,0,0,,0.5166666666666667,,,,phase_MID,056
8.422308164539118,0,0,,0.5666666666666667,,,,phase_MID,075
8.422308164539118,1,1,1.0,0.4,0.6,0.20654329147389294,1.0,phase_MID,077
149.04730816453957,0,0,,0.48333333333333334,,,,phase_MID,049
149.04730816453957,0,0,,0.5166666666666667,,,,phase_MID,056
149.04730816453957,0,0,,0.5666666666666667,,,,phase_MID,075
149.04730816453957,1,0,0.0,0.4,-0.4,0.0,0.7934567085261071,phase_MID,077
289.67230816453866,0,0,,0.48333333333333334,,,,phase_MID,049
289.67230816453866,0,0,,0.5166666666666667,,,,phase_MID,056
289.67230816453866,0,0,,0.5666666666666667,,,,phase_MID,075
289.67230816453866,1,0,0.0,0.4,-0.4,0.0,0.7934567085261071,phase_MID,077
70.29730816453866,0,0,,0.48333333333333334,,,,phase_MID,049
70.29730816453866,0,0,,0.5166666666666667,,,,phase_MID,056
70.29730816453866,0,0,,0.5666666666666667,,,,phase_MID,075
70.29730816453866,1,0,0.0,0.4,-0.4,0.0,0.7934567085261071,phase_MID,077
210.92230816453912,0,0,,0.48333333333333334,,,,phase_MID,049
210.92230816453912,0,0,,0.5166666666666667,,,,phase_MID,056
210.92230816453912,0,0,,0.5666666666666667,,,,phase_MID,075
210.92230816453912,1,0,0.0,0.4,-0.4,0.0,0.7934567085261071,phase_MID,077
351.5473081645391,0,0,,0.48333333333333334,,,,phase_MID,049
351.5473081645391,0,0,,0.5166666666666667,,,,phase_MID,056
351.5473081645391,0,0,,0.5666666666666667,,,,phase_MID,075
351.5473081645391,1,1,1.0,0.4,0.6,0.20654329147389294,1.0,phase_MID,077
132.17230816453912,0,0,,0.48333333333333334,,,,phase_MID,049
132.17230816453912,0,0,,0.5166666666666667,,,,phase_MID,056
132.17230816453912,0,0,,0.5666666666666667,,,,phase_MID,075
132.17230816453912,1,1,1.0,0.4,0.6,0.20654329147389294,1.0,phase_MID,077
272.7973081645396,0,0,,0.48333333333333334,,,,phase_MID,049
272.7973081645396,0,0,,0.5166666666666667,,,,phase_MID,056
272.7973081645396,0,0,,0.5666666666666667,,,,phase_MID,075
272.7973081645396,1,0,0.0,0.4,-0.4,0.0,0.7934567085261071,phase_MID,077
53.42230816453866,0,0,,0.48333333333333334,,,,phase_MID,049
53.42230816453866,0,0,,0.5166666666666667,,,,phase_MID,056
53.42230816453866,0,0,,0.5666666666666667,,,,phase_MID,075
53.42230816453866,1,1,1.0,0.4,0.6,0.20654329147389294,1.0,phase_MID,077
194.04730816453866,0,0,,0.48333333333333334,,,,phase_MID,049
194.04730816453866,0,0,,0.5166666666666667,,,,phase_MID,056
194.04730816453866,0,0,,0.5666666666666667,,,,phase_MID,075
194.04730816453866,1,0,0.0,0.4,-0.4,0.0,0.7934567085261071,phase_MID,077
334.6723081645396,0,0,,0.48333333333333334,,,,phase_MID,049
334.6723081645396,0,0,,0.5166666666666667,,,,phase_MID,056
334.6723081645396,0,0,,0.5666666666666667,,,,phase_MID,075
334.6723081645396,1,0,0.0,0.4,-0.4,0.0,0.7934567085261071,phase_MID,077
115.29730816454003,0,0,,0.48333333333333334,,,,phase_MID,049
115.29730816454003,0,0,,0.5166666666666667,,,,phase_MID,056
115.29730816454003,0,0,,0.5666666666666667,,,,phase_MID,075
115.29730816454003,1,0,0.0,0.4,-0.4,0.0,0.7934567085261071,phase_MID,077
255.92230816453957,0,0,,0.48333333333333334,,,,phase_MID,049
255.92230816453957,0,0,,0.5166666666666667,,,,phase_MID,056
255.92230816453957,0,0,,0.5666666666666667,,,,phase_MID,075
255.92230816453957,1,0,0.0,0.4,-0.4,0.0,0.7934567085261071,phase_MID,077
36.54730816453957,0,0,,0.48333333333333334,,,,phase_MID,049
36.54730816453957,0,0,,0.5166666666666667,,,,phase_MID,056
36.54730816453957,0,0,,0.5666666666666667,,,,phase_MID,075
36.54730816453957,1,0,0.0,0.4,-0.4,0.0,0.7934567085261071,phase_MID,077
177.17230816453957,0,0,,0.48333333333333334,,,,phase_MID,049
177.17230816453957,0,0,,0.5166666666666667,,,,phase_MID,056
177.17230816453957,0,0,,0.5666666666666667,,,,phase_MID,075
177.17230816453957,1,1,1.0,0.4,0.6,0.20654329147389294,1.0,phase_MID,077
317.7973081645396,0,0,,0.48333333333333334,,,,phase_MID,049
317.7973081645396,0,0,,0.5166666666666667,,,,phase_MID,056
317.7973081645396,0,0,,0.5666666666666667,,,,phase_MID,075
317.7973081645396,1,0,0.0,0.4,-0.4,0.0,0.7934567085261071,phase_MID,077
98.42230816453957,0,0,,0.48333333333333334,,,,phase_MID,049
98.42230816453957,0,0,,0.5166666666666667,,,,phase_MID,056
98.42230816453957,0,0,,0.5666666666666667,,,,phase_MID,075
98.42230816453957,1,1,1.0,0.4,0.6,0.20654329147389294,1.0,phase_MID,077
239.04730816453957,0,0,,0.48333333333333334,,,,phase_MID,049
239.04730816453957,0,0,,0.5166666666666667,,,,phase_MID,056
239.04730816453957,0,0,,0.5666666666666667,,,,phase_MID,075
239.04730816453957,1,0,0.0,0.4,-0.4,0.0,0.7934567085261071,phase_MID,077
19.672308164539572,0,0,,0.48333333333333334,,,,phase_MID,049
19.672308164539572,0,0,,0.5166666666666667,,,,phase_MID,056
19.672308164539572,0,0,,0.5666666666666667,,,,phase_MID,075
19.672308164539572,1,0,0.0,0.4,-0.4,0.0,0.7934567085261071,phase_MID,077
160.29730816454048,0,0,,0.48333333333333334,,,,phase_MID,049
160.29730816454048,0,0,,0.5166666666666667,,,,phase_MID,056
160.29730816454048,0,0,,0.5666666666666667,,,,phase_MID,075
160.29730816454048,1,1,1.0,0.4,0.6,0.20654329147389294,1.0,phase_MID,077
300.9223081645396,0,0,,0.48333333333333334,,,,phase_MID,049
300.9223081645396,0,0,,0.5166666666666667,,,,phase_MID,056
300.9223081645396,0,0,,0.5666666666666667,,,,phase_MID,075
300.9223081645396,1,1,1.0,0.4,0.6,0.20654329147389294,1.0,phase_MID,077
81.54730816453957,0,0,,0.48333333333333334,,,,phase_MID,049
81.54730816453957,0,0,,0.5166666666666667,,,,phase_MID,056
81.54730816453957,0,0,,0.5666666666666667,,,,phase_MID,075
81.54730816453957,1,1,1.0,0.4,0.6,0.20654329147389294,1.0,phase_MID,077
222.17230816453957,0,0,,0.48333333333333334,,,,phase_MID,049
222.17230816453957,0,0,,0.5166666666666667,,,,phase_MID,056
222.17230816453957,0,0,,0.5666666666666667,,,,phase_MID,075
222.17230816453957,1,0,0.0,0.4,-0.4,0.0,0.7934567085261071,phase_MID,077
2.7973081645395723,0,0,,0.48333333333333334,,,,phase_MID,049
2.7973081645395723,0,0,,0.5166666666666667,,,,phase_MID,056
2.7973081645395723,0,0,,0.5666666666666667,,,,phase_MID,075
2.7973081645395723,1,0,0.0,0.4,-0.4,0.0,0.7934567085261071,phase_MID,077
143.42230816453957,0,0,,0.48333333333333334,,,,phase_MID,049
143.42230816453957,0,0,,0.5166666666666667,,,,phase_MID,056
143.42230816453957,0,0,,0.5666666666666667,,,,phase_MID,075
143.42230816453957,1,0,0.0,0.4,-0.4,0.0,0.7934567085261071,phase_MID,077
284.0473081645405,0,0,,0.48333333333333334,,,,phase_MID,049
284.0473081645405,0,0,,0.5166666666666667,,,,phase_MID,056
284.0473081645405,0,0,,0.5666666666666667,,,,phase_MID,075
284.0473081645405,1,0,0.0,0.4,-0.4,0.0,0.7934567085261071,phase_MID,077
64.67230816453957,0,0,,0.48333333333333334,,,,phase_MID,049
64.67230816453957,0,0,,0.5166666666666667,,,,phase_MID,056
64.67230816453957,0,0,,0.5666666666666667,,,,phase_MID,075
64.67230816453957,1,0,0.0,0.4,-0.4,0.0,0.7934567085261071,phase_MID,077
205.29730816453957,0,0,,0.48333333333333334,,,,phase_MID,049
205.29730816453957,0,0,,0.5166666666666667,,,,phase_MID,056
205.29730816453957,0,0,,0.5666666666666667,,,,phase_MID,075
205.29730816453957,1,1,1.0,0.4,0.6,0.20654329147389294,1.0,phase_MID,077
345.9223081645396,0,0,,0.48333333333333334,,,,phase_MID,049
345.9223081645396,0,0,,0.5166666666666667,,,,phase_MID,056
345.9223081645396,0,0,,0.5666666666666667,,,,phase_MID,075
345.9223081645396,1,1,1.0,0.4,0.6,0.20654329147389294,1.0,phase_MID,077
126.54730816453957,0,0,,0.48333333333333334,,,,phase_MID,049
126.54730816453957,0,0,,0.5166666666666667,,,,phase_MID,056
126.54730816453957,0,0,,0.5666666666666667,,,,phase_MID,075
126.54730816453957,1,0,0.0,0.4,-0.4,0.0,0.7934567085261071,phase_MID,077
267.1723081645396,0,0,,0.48333333333333334,,,,phase_MID,049
267.1723081645396,0,0,,0.5166666666666667,,,,phase_MID,056
267.1723081645396,0,0,,0.5666666666666667,,,,phase_MID,075
267.1723081645396,1,1,1.0,0.4,0.6,0.20654329147389294,1.0,phase_MID,077
47.79730816454048,0,0,,0.48333333333333334,,,,phase_MID,049
47.79730816454048,0,0,,0.5166666666666667,,,,phase_MID,056
47.79730816454048,0,0,,0.5666666666666667,,,,phase_MID,075
47.79730816454048,1,0,0.0,0.4,-0.4,0.0,0.7934567085261071,phase_MID,077
188.42230816453957,0,0,,0.48333333333333334,,,,phase_MID,049
188.42230816453957,0,0,,0.5166666666666667,,,,phase_MID,056
188.42230816453957,0,0,,0.5666666666666667,,,,phase_MID,075
188.42230816453957,1,0,0.0,0.4,-0.4,0.0,0.7934567085261071,phase_MID,077
329.0473081645396,0,0,,0.48333333333333334,,,,phase_MID,049
329.0473081645396,0,0,,0.5166666666666667,,,,phase_MID,056
329.0473081645396,0,0,,0.5666666666666667,,,,phase_MID,075
329.0473081645396,1,1,1.0,0.4,0.6,0.20654329147389294,1.0,phase_MID,077
109.67230816453957,0,0,,0.48333333333333334,,,,phase_MID,049
109.67230816453957,0,0,,0.5166666666666667,,,,phase_MID,056
109.67230816453957,0,0,,0.5666666666666667,,,,phase_MID,075
109.67230816453957,1,0,0.0,0.4,-0.4,0.0,0.7934567085261071,phase_MID,077
250.29730816453866,0,0,,0.48333333333333334,,,,phase_MID,049
250.29730816453866,0,0,,0.5166666666666667,,,,phase_MID,056
250.29730816453866,0,0,,0.5666666666666667,,,,phase_MID,075
250.29730816453866,1,1,1.0,0.4,0.6,0.20654329147389294,1.0,phase_MID,077
30.922308164539572,0,0,,0.48333333333333334,,,,phase_MID,049
30.922308164539572,0,0,,0.5166666666666667,,,,phase_MID,056
30.922308164539572,0,0,,0.5666666666666667,,,,phase_MID,075
30.922308164539572,1,1,1.0,0.4,0.6,0.20654329147389294,1.0,phase_MID,077
171.54730816453957,0,0,,0.48333333333333334,,,,phase_MID,049
171.54730816453957,0,0,,0.5166666666666667,,,,phase_MID,056
171.54730816453957,0,0,,0.5666666666666667,,,,phase_MID,075
171.54730816453957,1,0,0.0,0.4,-0.4,0.0,0.7934567085261071,phase_MID,077
312.1723081645396,0,0,,0.48333333333333334,,,,phase_MID,049
312.1723081645396,0,0,,0.5166666666666667,,,,phase_MID,056
312.1723081645396,0,0,,0.5666666666666667,,,,phase_MID,075
312.1723081645396,1,1,1.0,0.4,0.6,0.20654329147389294,1.0,phase_MID,077
92.79730816453957,0,0,,0.48333333333333334,,,,phase_MID,049
92.79730816453957,0,0,,0.5166666666666667,,,,phase_MID,056
92.79730816453957,0,0,,0.5666666666666667,,,,phase_MID,075
92.79730816453957,1,1,1.0,0.4,0.6,0.20654329147389294,1.0,phase_MID,077
233.42230816453957,0,0,,0.48333333333333334,,,,phase_MID,049
233.42230816453957,0,0,,0.5166666666666667,,,,phase_MID,056
233.42230816453957,0,0,,0.5666666666666667,,,,phase_MID,075
233.42230816453957,1,0,0.0,0.4,-0.4,0.0,0.7934567085261071,phase_MID,077
14.047308164539572,0,0,,0.48333333333333334,,,,phase_MID,049
14.047308164539572,0,0,,0.5166666666666667,,,,phase_MID,056
14.047308164539572,0,0,,0.5666666666666667,,,,phase_MID,075
14.047308164539572,1,0,0.0,0.4,-0.4,0.0,0.7934567085261071,phase_MID,077
154.67230816453775,0,0,,0.48333333333333334,,,,phase_MID,049
154.67230816453775,0,0,,0.5166666666666667,,,,phase_MID,056
154.67230816453775,0,0,,0.5666666666666667,,,,phase_MID,075
154.67230816453775,1,0,0.0,0.4,-0.4,0.0,0.7934567085261071,phase_MID,077
295.29730816453775,0,0,,0.48333333333333334,,,,phase_MID,049
295.29730816453775,0,0,,0.5166666666666667,,,,phase_MID,056
295.29730816453775,0,0,,0.5666666666666667,,,,phase_MID,075
295.29730816453775,1,0,0.0,0.4,-0.4,0.0,0.7934567085261071,phase_MID,077
319.5605707909265,5,1,0.2,0.48333333333333334,-0.2833333333333333,0.03622316096978745,0.6244717358814613,phase_SHORT,049
319.5605707909265,0,0,,0.5166666666666667,,,,phase_SHORT,056
319.5605707909265,0,0,,0.5666666666666667,,,,phase_SHORT,075
319.5605707909265,0,0,,0.4,,,,phase_SHORT,077
49.56057079092648,3,3,1.0,0.48333333333333334,0.5166666666666666,0.43849391955098227,1.0,phase_SHORT,049
49.56057079092648,0,0,,0.5166666666666667,,,,phase_SHORT,056
49.56057079092648,0,0,,0.5666666666666667,,,,phase_SHORT,075
49.56057079092648,0,0,,0.4,,,,phase_SHORT,077
139.56057079092653,1,0,0.0,0.48333333333333334,-0.48333333333333334,0.0,0.7934567085261071,phase_SHORT,049
139.56057079092653,0,0,,0.5166666666666667,,,,phase_SHORT,056
139.56057079092653,0,0,,0.5666666666666667,,,,phase_SHORT,075
139.56057079092653,0,0,,0.4,,,,phase_SHORT,077
229.56057079092648,5,2,0.4,0.48333333333333334,-0.08333333333333331,0.1176182311592533,0.769280067791163,phase_SHORT,049
229.56057079092648,0,0,,0.5166666666666667,,,,phase_SHORT,056
229.56057079092648,0,0,,0.5666666666666667,,,,phase_SHORT,075
229.56057079092648,0,0,,0.4,,,,phase_SHORT,077
139.56057079092648,3,2,0.6666666666666666,0.48333333333333334,0.1833333333333333,0.2076549551264879,0.9385096847238394,phase_SHORT,049
139.56057079092648,0,0,,0.5166666666666667,,,,phase_SHORT,056
139.56057079092648,0,0,,0.5666666666666667,,,,phase_SHORT,075
139.56057079092648,0,0,,0.4,,,,phase_SHORT,077
49.560570790926704,5,3,0.6,0.48333333333333334,0.11666666666666664,0.23071993220883708,0.8823817688407467,phase_SHORT,049
49.560570790926704,0,0,,0.5166666666666667,,,,phase_SHORT,056
49.560570790926704,0,0,,0.5666666666666667,,,,phase_SHORT,075
49.560570790926704,0,0,,0.4,,,,phase_SHORT,077
139.5605707909267,3,1,0.3333333333333333,0.48333333333333334,-0.15000000000000002,0.0614903152761605,0.7923450448735121,phase_SHORT,049
139.5605707909267,0,0,,0.5166666666666667,,,,phase_SHORT,056
139.5605707909267,0,0,,0.5666666666666667,,,,phase_SHORT,075
139.5605707909267,0,0,,0.4,,,,phase_SHORT,077
319.56057079092625,6,1,0.16666666666666666,0.48333333333333334,-0.31666666666666665,0.03005258587173032,0.563509436563646,phase_SHORT,049
319.56057079092625,0,0,,0.5166666666666667,,,,phase_SHORT,056
319.56057079092625,0,0,,0.5666666666666667,,,,phase_SHORT,075
319.56057079092625,0,0,,0.4,,,,phase_SHORT,077
139.56057079092625,5,3,0.6,0.48333333333333334,0.11666666666666664,0.23071993220883708,0.8823817688407467,phase_SHORT,049
139.56057079092625,0,0,,0.5166666666666667,,,,phase_SHORT,056
139.56057079092625,0,0,,0.5666666666666667,,,,phase_SHORT,075
139.56057079092625,0,0,,0.4,,,,phase_SHORT,077
229.5605707909258,3,1,0.3333333333333333,0.48333333333333334,-0.15000000000000002,0.0614903152761605,0.7923450448735121,phase_SHORT,049
229.5605707909258,0,0,,0.5166666666666667,,,,phase_SHORT,056
229.5605707909258,0,0,,0.5666666666666667,,,,phase_SHORT,075
229.5605707909258,0,0,,0.4,,,,phase_SHORT,077
319.5605707909267,3,0,0.0,0.48333333333333334,-0.48333333333333334,0.0,0.5615060804490177,phase_SHORT,049
319.5605707909267,0,0,,0.5166666666666667,,,,phase_SHORT,056
319.5605707909267,0,0,,0.5666666666666667,,,,phase_SHORT,075
319.5605707909267,0,0,,0.4,,,,phase_SHORT,077
49.56057079092625,7,4,0.5714285714285714,0.48333333333333334,0.08809523809523806,0.2504542304090258,0.8417830777373732,phase_SHORT,049
49.56057079092625,0,0,,0.5166666666666667,,,,phase_SHORT,056
49.56057079092625,0,0,,0.5666666666666667,,,,phase_SHORT,075
49.56057079092625,0,0,,0.4,,,,phase_SHORT,077
229.56057079092625,5,2,0.4,0.48333333333333334,-0.08333333333333331,0.1176182311592533,0.769280067791163,phase_SHORT,049
229.56057079092625,0,0,,0.5166666666666667,,,,phase_SHORT,056
229.56057079092625,0,0,,0.5666666666666667,,,,phase_SHORT,075
229.56057079092625,0,0,,0.4,,,,phase_SHORT,077
139.56057079092716,3,3,1.0,0.48333333333333334,0.5166666666666666,0.43849391955098227,1.0,phase_SHORT,049
139.56057079092716,0,0,,0.5166666666666667,,,,phase_SHORT,056
139.56057079092716,0,0,,0.5666666666666667,,,,phase_SHORT,075
139.56057079092716,0,0,,0.4,,,,phase_SHORT,077
229.56057079092716,2,2,1.0,0.48333333333333334,0.5166666666666666,0.34237195288961925,1.0,phase_SHORT,049
229.56057079092716,0,0,,0.5166666666666667,,,,phase_SHORT,056
229.56057079092716,0,0,,0.5666666666666667,,,,phase_SHORT,075
229.56057079092716,0,0,,0.4,,,,phase_SHORT,077
319.56057079092716,1,1,1.0,0.48333333333333334,0.5166666666666666,0.20654329147389294,1.0,phase_SHORT,049
319.56057079092716,0,0,,0.5166666666666667,,,,phase_SHORT,056
319.56057079092716,0,0,,0.5666666666666667,,,,phase_SHORT,075
319.56057079092716,0,0,,0.4,,,,phase_SHORT,077
6.25191994677576,0,0,,0.48333333333333334,,,,phase_SHORT,049
6.25191994677576,1,1,1.0,0.5166666666666667,0.4833333333333333,0.20654329147389294,1.0,phase_SHORT,056
6.25191994677576,0,0,,0.5666666666666667,,,,phase_SHORT,075
6.25191994677576,0,0,,0.4,,,,phase_SHORT,077
146.87691994677576,0,0,,0.48333333333333334,,,,phase_SHORT,049
146.87691994677576,1,0,0.0,0.5166666666666667,-0.5166666666666667,0.0,0.7934567085261071,phase_SHORT,056
146.87691994677576,0,0,,0.5666666666666667,,,,phase_SHORT,075
146.87691994677576,0,0,,0.4,,,,phase_SHORT,077
287.5019199467758,0,0,,0.48333333333333334,,,,phase_SHORT,049
287.5019199467758,1,1,1.0,0.5166666666666667,0.4833333333333333,0.20654329147389294,1.0,phase_SHORT,056
287.5019199467758,0,0,,0.5666666666666667,,,,phase_SHORT,075
287.5019199467758,0,0,,0.4,,,,phase_SHORT,077
68.12691994677573,0,0,,0.48333333333333334,,,,phase_SHORT,049
68.12691994677573,1,0,0.0,0.5166666666666667,-0.5166666666666667,0.0,0.7934567085261071,phase_SHORT,056
68.12691994677573,0,0,,0.5666666666666667,,,,phase_SHORT,075
68.12691994677573,0,0,,0.4,,,,phase_SHORT,077
208.75191994677573,0,0,,0.48333333333333334,,,,phase_SHORT,049
208.75191994677573,1,0,0.0,0.5166666666666667,-0.5166666666666667,0.0,0.7934567085261071,phase_SHORT,056
208.75191994677573,0,0,,0.5666666666666667,,,,phase_SHORT,075
208.75191994677573,0,0,,0.4,,,,phase_SHORT,077
349.37691994677584,0,0,,0.48333333333333334,,,,phase_SHORT,049
349.37691994677584,1,0,0.0,0.5166666666666667,-0.5166666666666667,0.0,0.7934567085261071,phase_SHORT,056
349.37691994677584,0,0,,0.5666666666666667,,,,phase_SHORT,075
349.37691994677584,0,0,,0.4,,,,phase_SHORT,077
130.00191994677573,0,0,,0.48333333333333334,,,,phase_SHORT,049
130.00191994677573,1,0,0.0,0.5166666666666667,-0.5166666666666667,0.0,0.7934567085261071,phase_SHORT,056
130.00191994677573,0,0,,0.5666666666666667,,,,phase_SHORT,075
130.00191994677573,0,0,,0.4,,,,phase_SHORT,077
270.62691994677596,0,0,,0.48333333333333334,,,,phase_SHORT,049
270.62691994677596,1,1,1.0,0.5166666666666667,0.4833333333333333,0.20654329147389294,1.0,phase_SHORT,056
270.62691994677596,0,0,,0.5666666666666667,,,,phase_SHORT,075
270.62691994677596,0,0,,0.4,,,,phase_SHORT,077
51.25191994677584,0,0,,0.48333333333333334,,,,phase_SHORT,049
51.25191994677584,1,1,1.0,0.5166666666666667,0.4833333333333333,0.20654329147389294,1.0,phase_SHORT,056
51.25191994677584,0,0,,0.5666666666666667,,,,phase_SHORT,075
51.25191994677584,0,0,,0.4,,,,phase_SHORT,077
191.87691994677562,0,0,,0.48333333333333334,,,,phase_SHORT,049
191.87691994677562,1,0,0.0,0.5166666666666667,-0.5166666666666667,0.0,0.7934567085261071,phase_SHORT,056
191.87691994677562,0,0,,0.5666666666666667,,,,phase_SHORT,075
191.87691994677562,0,0,,0.4,,,,phase_SHORT,077
332.50191994677584,0,0,,0.48333333333333334,,,,phase_SHORT,049
332.50191994677584,1,1,1.0,0.5166666666666667,0.4833333333333333,0.20654329147389294,1.0,phase_SHORT,056
332.50191994677584,0,0,,0.5666666666666667,,,,phase_SHORT,075
332.50191994677584,0,0,,0.4,,,,phase_SHORT,077
113.12691994677584,0,0,,0.48333333333333334,,,,phase_SHORT,049
113.12691994677584,1,1,1.0,0.5166666666666667,0.4833333333333333,0.20654329147389294,1.0,phase_SHORT,056
113.12691994677584,0,0,,0.5666666666666667,,,,phase_SHORT,075
113.12691994677584,0,0,,0.4,,,,phase_SHORT,077
253.75191994677562,0,0,,0.48333333333333334,,,,phase_SHORT,049
253.75191994677562,1,0,0.0,0.5166666666666667,-0.5166666666666667,0.0,0.7934567085261071,phase_SHORT,056
253.75191994677562,0,0,,0.5666666666666667,,,,phase_SHORT,075
253.75191994677562,0,0,,0.4,,,,phase_SHORT,077
34.37691994677607,0,0,,0.48333333333333334,,,,phase_SHORT,049
34.37691994677607,1,1,1.0,0.5166666666666667,0.4833333333333333,0.20654329147389294,1.0,phase_SHORT,056
34.37691994677607,0,0,,0.5666666666666667,,,,phase_SHORT,075
34.37691994677607,0,0,,0.4,,,,phase_SHORT,077
175.00191994677607,0,0,,0.48333333333333334,,,,phase_SHORT,049
175.00191994677607,1,0,0.0,0.5166666666666667,-0.5166666666666667,0.0,0.7934567085261071,phase_SHORT,056
175.00191994677607,0,0,,0.5666666666666667,,,,phase_SHORT,075
175.00191994677607,0,0,,0.4,,,,phase_SHORT,077
315.6269199467756,0,0,,0.48333333333333334,,,,phase_SHORT,049
315.6269199467756,1,0,0.0,0.5166666666666667,-0.5166666666666667,0.0,0.7934567085261071,phase_SHORT,056
315.6269199467756,0,0,,0.5666666666666667,,,,phase_SHORT,075
315.6269199467756,0,0,,0.4,,,,phase_SHORT,077
96.25191994677562,0,0,,0.48333333333333334,,,,phase_SHORT,049
96.25191994677562,1,1,1.0,0.5166666666666667,0.4833333333333333,0.20654329147389294,1.0,phase_SHORT,056
96.25191994677562,0,0,,0.5666666666666667,,,,phase_SHORT,075
96.25191994677562,0,0,,0.4,,,,phase_SHORT,077
236.87691994677562,0,0,,0.48333333333333334,,,,phase_SHORT,049
236.87691994677562,1,1,1.0,0.5166666666666667,0.4833333333333333,0.20654329147389294,1.0,phase_SHORT,056
236.87691994677562,0,0,,0.5666666666666667,,,,phase_SHORT,075
236.87691994677562,0,0,,0.4,,,,phase_SHORT,077
17.501919946775615,0,0,,0.48333333333333334,,,,phase_SHORT,049
17.501919946775615,1,0,0.0,0.5166666666666667,-0.5166666666666667,0.0,0.7934567085261071,phase_SHORT,056
17.501919946775615,0,0,,0.5666666666666667,,,,phase_SHORT,075
17.501919946775615,0,0,,0.4,,,,phase_SHORT,077
158.12691994677607,0,0,,0.48333333333333334,,,,phase_SHORT,049
158.12691994677607,1,0,0.0,0.5166666666666667,-0.5166666666666667,0.0,0.7934567085261071,phase_SHORT,056
158.12691994677607,0,0,,0.5666666666666667,,,,phase_SHORT,075
158.12691994677607,0,0,,0.4,,,,phase_SHORT,077
298.75191994677607,0,0,,0.48333333333333334,,,,phase_SHORT,049
298.75191994677607,1,1,1.0,0.5166666666666667,0.4833333333333333,0.20654329147389294,1.0,phase_SHORT,056
298.75191994677607,0,0,,0.5666666666666667,,,,phase_SHORT,075
298.75191994677607,0,0,,0.4,,,,phase_SHORT,077
79.37691994677562,0,0,,0.48333333333333334,,,,phase_SHORT,049
79.37691994677562,1,1,1.0,0.5166666666666667,0.4833333333333333,0.20654329147389294,1.0,phase_SHORT,056
79.37691994677562,0,0,,0.5666666666666667,,,,phase_SHORT,075
79.37691994677562,0,0,,0.4,,,,phase_SHORT,077
220.00191994677562,0,0,,0.48333333333333334,,,,phase_SHORT,049
220.00191994677562,1,1,1.0,0.5166666666666667,0.4833333333333333,0.20654329147389294,1.0,phase_SHORT,056
220.00191994677562,0,0,,0.5666666666666667,,,,phase_SHORT,075
220.00191994677562,0,0,,0.4,,,,phase_SHORT,077
0.6269199467756152,0,0,,0.48333333333333334,,,,phase_SHORT,049
0.6269199467756152,1,1,1.0,0.5166666666666667,0.4833333333333333,0.20654329147389294,1.0,phase_SHORT,056
0.6269199467756152,0,0,,0.5666666666666667,,,,phase_SHORT,075
0.6269199467756152,0,0,,0.4,,,,phase_SHORT,077
141.25191994677562,0,0,,0.48333333333333334,,,,phase_SHORT,049
141.25191994677562,1,1,1.0,0.5166666666666667,0.4833333333333333,0.20654329147389294,1.0,phase_SHORT,056
141.25191994677562,0,0,,0.5666666666666667,,,,phase_SHORT,075
141.25191994677562,0,0,,0.4,,,,phase_SHORT,077
281.87691994677607,0,0,,0.48333333333333334,,,,phase_SHORT,049
281.87691994677607,1,0,0.0,0.5166666666666667,-0.5166666666666667,0.0,0.7934567085261071,phase_SHORT,056
281.87691994677607,0,0,,0.5666666666666667,,,,phase_SHORT,075
281.87691994677607,0,0,,0.4,,,,phase_SHORT,077
62.50191994677607,0,0,,0.48333333333333334,,,,phase_SHORT,049
62.50191994677607,1,0,0.0,0.5166666666666667,-0.5166666666666667,0.0,0.7934567085261071,phase_SHORT,056
62.50191994677607,0,0,,0.5666666666666667,,,,phase_SHORT,075
62.50191994677607,0,0,,0.4,,,,phase_SHORT,077
203.12691994677607,0,0,,0.48333333333333334,,,,phase_SHORT,049
203.12691994677607,1,0,0.0,0.5166666666666667,-0.5166666666666667,0.0,0.7934567085261071,phase_SHORT,056
203.12691994677607,0,0,,0.5666666666666667,,,,phase_SHORT,075
203.12691994677607,0,0,,0.4,,,,phase_SHORT,077
343.7519199467765,0,0,,0.48333333333333334,,,,phase_SHORT,049
343.7519199467765,1,0,0.0,0.5166666666666667,-0.5166666666666667,0.0,0.7934567085261071,phase_SHORT,056
343.7519199467765,0,0,,0.5666666666666667,,,,phase_SHORT,075
343.7519199467765,0,0,,0.4,,,,phase_SHORT,077
124.37691994677562,0,0,,0.48333333333333334,,,,phase_SHORT,049
124.37691994677562,1,1,1.0,0.5166666666666667,0.4833333333333333,0.20654329147389294,1.0,phase_SHORT,056
124.37691994677562,0,0,,0.5666666666666667,,,,phase_SHORT,075
124.37691994677562,0,0,,0.4,,,,phase_SHORT,077
265.00191994677607,0,0,,0.48333333333333334,,,,phase_SHORT,049
265.00191994677607,1,1,1.0,0.5166666666666667,0.4833333333333333,0.20654329147389294,1.0,phase_SHORT,056
265.00191994677607,0,0,,0.5666666666666667,,,,phase_SHORT,075
265.00191994677607,0,0,,0.4,,,,phase_SHORT,077
45.62691994677607,0,0,,0.48333333333333334,,,,phase_SHORT,049
45.62691994677607,1,0,0.0,0.5166666666666667,-0.5166666666666667,0.0,0.7934567085261071,phase_SHORT,056
45.62691994677607,0,0,,0.5666666666666667,,,,phase_SHORT,075
45.62691994677607,0,0,,0.4,,,,phase_SHORT,077
186.25191994677607,0,0,,0.48333333333333334,,,,phase_SHORT,049
186.25191994677607,1,0,0.0,0.5166666666666667,-0.5166666666666667,0.0,0.7934567085261071,phase_SHORT,056
186.25191994677607,0,0,,0.5666666666666667,,,,phase_SHORT,075
186.25191994677607,0,0,,0.4,,,,phase_SHORT,077
326.87691994677607,0,0,,0.48333333333333334,,,,phase_SHORT,049
326.87691994677607,1,1,1.0,0.5166666666666667,0.4833333333333333,0.20654329147389294,1.0,phase_SHORT,056
326.87691994677607,0,0,,0.5666666666666667,,,,phase_SHORT,075
326.87691994677607,0,0,,0.4,,,,phase_SHORT,077
107.50191994677607,0,0,,0.48333333333333334,,,,phase_SHORT,049
107.50191994677607,1,1,1.0,0.5166666666666667,0.4833333333333333,0.20654329147389294,1.0,phase_SHORT,056
107.50191994677607,0,0,,0.5666666666666667,,,,phase_SHORT,075
107.50191994677607,0,0,,0.4,,,,phase_SHORT,077
248.12691994677607,0,0,,0.48333333333333334,,,,phase_SHORT,049
248.12691994677607,1,0,0.0,0.5166666666666667,-0.5166666666666667,0.0,0.7934567085261071,phase_SHORT,056
248.12691994677607,0,0,,0.5666666666666667,,,,phase_SHORT,075
248.12691994677607,0,0,,0.4,,,,phase_SHORT,077
28.75191994677607,0,0,,0.48333333333333334,,,,phase_SHORT,049
28.75191994677607,1,1,1.0,0.5166666666666667,0.4833333333333333,0.20654329147389294,1.0,phase_SHORT,056
28.75191994677607,0,0,,0.5666666666666667,,,,phase_SHORT,075
28.75191994677607,0,0,,0.4,,,,phase_SHORT,077
169.37691994677607,0,0,,0.48333333333333334,,,,phase_SHORT,049
169.37691994677607,1,1,1.0,0.5166666666666667,0.4833333333333333,0.20654329147389294,1.0,phase_SHORT,056
169.37691994677607,0,0,,0.5666666666666667,,,,phase_SHORT,075
169.37691994677607,0,0,,0.4,,,,phase_SHORT,077
310.00191994677607,0,0,,0.48333333333333334,,,,phase_SHORT,049
310.00191994677607,1,0,0.0,0.5166666666666667,-0.5166666666666667,0.0,0.7934567085261071,phase_SHORT,056
310.00191994677607,0,0,,0.5666666666666667,,,,phase_SHORT,075
310.00191994677607,0,0,,0.4,,,,phase_SHORT,077
90.62691994677607,0,0,,0.48333333333333334,,,,phase_SHORT,049
90.62691994677607,1,0,0.0,0.5166666666666667,-0.5166666666666667,0.0,0.7934567085261071,phase_SHORT,056
90.62691994677607,0,0,,0.5666666666666667,,,,phase_SHORT,075
90.62691994677607,0,0,,0.4,,,,phase_SHORT,077
231.25191994677607,0,0,,0.48333333333333334,,,,phase_SHORT,049
231.25191994677607,1,1,1.0,0.5166666666666667,0.4833333333333333,0.20654329147389294,1.0,phase_SHORT,056
231.25191994677607,0,0,,0.5666666666666667,,,,phase_SHORT,075
231.25191994677607,0,0,,0.4,,,,phase_SHORT,077
11.87691994677607,0,0,,0.48333333333333334,,,,phase_SHORT,049
11.87691994677607,1,1,1.0,0.5166666666666667,0.4833333333333333,0.20654329147389294,1.0,phase_SHORT,056
11.87691994677607,0,0,,0.5666666666666667,,,,phase_SHORT,075
11.87691994677607,0,0,,0.4,,,,phase_SHORT,077
152.50191994677607,0,0,,0.48333333333333334,,,,phase_SHORT,049
152.50191994677607,1,1,1.0,0.5166666666666667,0.4833333333333333,0.20654329147389294,1.0,phase_SHORT,056
152.50191994677607,0,0,,0.5666666666666667,,,,phase_SHORT,075
152.50191994677607,0,0,,0.4,,,,phase_SHORT,077
293.12691994677607,0,0,,0.48333333333333334,,,,phase_SHORT,049
293.12691994677607,1,0,0.0,0.5166666666666667,-0.5166666666666667,0.0,0.7934567085261071,phase_SHORT,056
293.12691994677607,0,0,,0.5666666666666667,,,,phase_SHORT,075
293.12691994677607,0,0,,0.4,,,,phase_SHORT,077
73.75191994677607,0,0,,0.48333333333333334,,,,phase_SHORT,049
73.75191994677607,1,1,1.0,0.5166666666666667,0.4833333333333333,0.20654329147389294,1.0,phase_SHORT,056
73.75191994677607,0,0,,0.5666666666666667,,,,phase_SHORT,075
73.75191994677607,0,0,,0.4,,,,phase_SHORT,077
214.37691994677607,0,0,,0.48333333333333334,,,,phase_SHORT,049
214.37691994677607,1,0,0.0,0.5166666666666667,-0.5166666666666667,0.0,0.7934567085261071,phase_SHORT,056
214.37691994677607,0,0,,0.5666666666666667,,,,phase_SHORT,075
214.37691994677607,0,0,,0.4,,,,phase_SHORT,077
355.00191994677607,0,0,,0.48333333333333334,,,,phase_SHORT,049
355.00191994677607,1,1,1.0,0.5166666666666667,0.4833333333333333,0.20654329147389294,1.0,phase_SHORT,056
355.00191994677607,0,0,,0.5666666666666667,,,,phase_SHORT,075
355.00191994677607,0,0,,0.4,,,,phase_SHORT,077
135.62691994677607,0,0,,0.48333333333333334,,,,phase_SHORT,049
135.62691994677607,1,0,0.0,0.5166666666666667,-0.5166666666666667,0.0,0.7934567085261071,phase_SHORT,056
135.62691994677607,0,0,,0.5666666666666667,,,,phase_SHORT,075
135.62691994677607,0,0,,0.4,,,,phase_SHORT,077
276.25191994677607,0,0,,0.48333333333333334,,,,phase_SHORT,049
276.25191994677607,1,0,0.0,0.5166666666666667,-0.5166666666666667,0.0,0.7934567085261071,phase_SHORT,056
276.25191994677607,0,0,,0.5666666666666667,,,,phase_SHORT,075
276.25191994677607,0,0,,0.4,,,,phase_SHORT,077
56.87691994677607,0,0,,0.48333333333333334,,,,phase_SHORT,049
56.87691994677607,1,1,1.0,0.5166666666666667,0.4833333333333333,0.20654329147389294,1.0,phase_SHORT,056
56.87691994677607,0,0,,0.5666666666666667,,,,phase_SHORT,075
56.87691994677607,0,0,,0.4,,,,phase_SHORT,077
197.50191994677607,0,0,,0.48333333333333334,,,,phase_SHORT,049
197.50191994677607,1,1,1.0,0.5166666666666667,0.4833333333333333,0.20654329147389294,1.0,phase_SHORT,056
197.50191994677607,0,0,,0.5666666666666667,,,,phase_SHORT,075
197.50191994677607,0,0,,0.4,,,,phase_SHORT,077
338.12691994677607,0,0,,0.48333333333333334,,,,phase_SHORT,049
338.12691994677607,1,1,1.0,0.5166666666666667,0.4833333333333333,0.20654329147389294,1.0,phase_SHORT,056
338.12691994677607,0,0,,0.5666666666666667,,,,phase_SHORT,075
338.12691994677607,0,0,,0.4,,,,phase_SHORT,077
118.75191994677607,0,0,,0.48333333333333334,,,,phase_SHORT,049
118.75191994677607,1,1,1.0,0.5166666666666667,0.4833333333333333,0.20654329147389294,1.0,phase_SHORT,056
118.75191994677607,0,0,,0.5666666666666667,,,,phase_SHORT,075
118.75191994677607,0,0,,0.4,,,,phase_SHORT,077
259.37691994677607,0,0,,0.48333333333333334,,,,phase_SHORT,049
259.37691994677607,1,0,0.0,0.5166666666666667,-0.5166666666666667,0.0,0.7934567085261071,phase_SHORT,056
259.37691994677607,0,0,,0.5666666666666667,,,,phase_SHORT,075
259.37691994677607,0,0,,0.4,,,,phase_SHORT,077
40.00191994677698,0,0,,0.48333333333333334,,,,phase_SHORT,049
40.00191994677698,1,1,1.0,0.5166666666666667,0.4833333333333333,0.20654329147389294,1.0,phase_SHORT,056
40.00191994677698,0,0,,0.5666666666666667,,,,phase_SHORT,075
40.00191994677698,0,0,,0.4,,,,phase_SHORT,077
180.62691994677698,0,0,,0.48333333333333334,,,,phase_SHORT,049
180.62691994677698,1,0,0.0,0.5166666666666667,-0.5166666666666667,0.0,0.7934567085261071,phase_SHORT,056
180.62691994677698,0,0,,0.5666666666666667,,,,phase_SHORT,075
180.62691994677698,0,0,,0.4,,,,phase_SHORT,077
321.251919946777,0,0,,0.48333333333333334,,,,phase_SHORT,049
321.251919946777,1,1,1.0,0.5166666666666667,0.4833333333333333,0.20654329147389294,1.0,phase_SHORT,056
321.251919946777,0,0,,0.5666666666666667,,,,phase_SHORT,075
321.251919946777,0,0,,0.4,,,,phase_SHORT,077
101.87691994677698,0,0,,0.48333333333333334,,,,phase_SHORT,049
101.87691994677698,1,0,0.0,0.5166666666666667,-0.5166666666666667,0.0,0.7934567085261071,phase_SHORT,056
101.87691994677698,0,0,,0.5666666666666667,,,,phase_SHORT,075
101.87691994677698,0,0,,0.4,,,,phase_SHORT,077
242.50191994677516,0,0,,0.48333333333333334,,,,phase_SHORT,049
242.50191994677516,1,0,0.0,0.5166666666666667,-0.5166666666666667,0.0,0.7934567085261071,phase_SHORT,056
242.50191994677516,0,0,,0.5666666666666667,,,,phase_SHORT,075
242.50191994677516,0,0,,0.4,,,,phase_SHORT,077
23.12691994677516,0,0,,0.48333333333333334,,,,phase_SHORT,049
23.12691994677516,1,0,0.0,0.5166666666666667,-0.5166666666666667,0.0,0.7934567085261071,phase_SHORT,056
23.12691994677516,0,0,,0.5666666666666667,,,,phase_SHORT,075
23.12691994677516,0,0,,0.4,,,,phase_SHORT,077
126.36007534678804,0,0,,0.48333333333333334,,,,phase_SHORT,049
126.36007534678804,0,0,,0.5166666666666667,,,,phase_SHORT,056
126.36007534678804,1,1,1.0,0.5666666666666667,0.43333333333333335,0.20654329147389294,1.0,phase_SHORT,075
126.36007534678804,0,0,,0.4,,,,phase_SHORT,077
250.11007534678802,0,0,,0.48333333333333334,,,,phase_SHORT,049
250.11007534678802,0,0,,0.5166666666666667,,,,phase_SHORT,056
250.11007534678802,1,0,0.0,0.5666666666666667,-0.5666666666666667,0.0,0.7934567085261071,phase_SHORT,075
250.11007534678802,0,0,,0.4,,,,phase_SHORT,077
13.860075346787994,0,0,,0.48333333333333334,,,,phase_SHORT,049
13.860075346787994,0,0,,0.5166666666666667,,,,phase_SHORT,056
13.860075346787994,1,1,1.0,0.5666666666666667,0.43333333333333335,0.20654329147389294,1.0,phase_SHORT,075
13.860075346787994,0,0,,0.4,,,,phase_SHORT,077
137.610075346788,0,0,,0.48333333333333334,,,,phase_SHORT,049
137.610075346788,0,0,,0.5166666666666667,,,,phase_SHORT,056
137.610075346788,1,1,1.0,0.5666666666666667,0.43333333333333335,0.20654329147389294,1.0,phase_SHORT,075
137.610075346788,0,0,,0.4,,,,phase_SHORT,077
261.360075346788,0,0,,0.48333333333333334,,,,phase_SHORT,049
261.360075346788,0,0,,0.5166666666666667,,,,phase_SHORT,056
261.360075346788,1,0,0.0,0.5666666666666667,-0.5666666666666667,0.0,0.7934567085261071,phase_SHORT,075
261.360075346788,0,0,,0.4,,,,phase_SHORT,077
25.110075346787994,0,0,,0.48333333333333334,,,,phase_SHORT,049
25.110075346787994,0,0,,0.5166666666666667,,,,phase_SHORT,056
25.110075346787994,1,1,1.0,0.5666666666666667,0.43333333333333335,0.20654329147389294,1.0,phase_SHORT,075
25.110075346787994,0,0,,0.4,,,,phase_SHORT,077
148.860075346788,0,0,,0.48333333333333334,,,,phase_SHORT,049
148.860075346788,0,0,,0.5166666666666667,,,,phase_SHORT,056
148.860075346788,1,0,0.0,0.5666666666666667,-0.5666666666666667,0.0,0.7934567085261071,phase_SHORT,075
148.860075346788,0,0,,0.4,,,,phase_SHORT,077
272.610075346788,0,0,,0.48333333333333334,,,,phase_SHORT,049
272.610075346788,0,0,,0.5166666666666667,,,,phase_SHORT,056
272.610075346788,1,0,0.0,0.5666666666666667,-0.5666666666666667,0.0,0.7934567085261071,phase_SHORT,075
272.610075346788,0,0,,0.4,,,,phase_SHORT,077
36.36007534678788,0,0,,0.48333333333333334,,,,phase_SHORT,049
36.36007534678788,0,0,,0.5166666666666667,,,,phase_SHORT,056
36.36007534678788,1,0,0.0,0.5666666666666667,-0.5666666666666667,0.0,0.7934567085261071,phase_SHORT,075
36.36007534678788,0,0,,0.4,,,,phase_SHORT,077
160.11007534678788,0,0,,0.48333333333333334,,,,phase_SHORT,049
160.11007534678788,0,0,,0.5166666666666667,,,,phase_SHORT,056
160.11007534678788,1,1,1.0,0.5666666666666667,0.43333333333333335,0.20654329147389294,1.0,phase_SHORT,075
160.11007534678788,0,0,,0.4,,,,phase_SHORT,077
283.8600753467879,0,0,,0.48333333333333334,,,,phase_SHORT,049
283.8600753467879,0,0,,0.5166666666666667,,,,phase_SHORT,056
283.8600753467879,1,1,1.0,0.5666666666666667,0.43333333333333335,0.20654329147389294,1.0,phase_SHORT,075
283.8600753467879,0,0,,0.4,,,,phase_SHORT,077
47.61007534678788,0,0,,0.48333333333333334,,,,phase_SHORT,049
47.61007534678788,0,0,,0.5166666666666667,,,,phase_SHORT,056
47.61007534678788,1,1,1.0,0.5666666666666667,0.43333333333333335,0.20654329147389294,1.0,phase_SHORT,075
47.61007534678788,0,0,,0.4,,,,phase_SHORT,077
171.36007534678788,0,0,,0.48333333333333334,,,,phase_SHORT,049
171.36007534678788,0,0,,0.5166666666666667,,,,phase_SHORT,056
171.36007534678788,1,0,0.0,0.5666666666666667,-0.5666666666666667,0.0,0.7934567085261071,phase_SHORT,075
171.36007534678788,0,0,,0.4,,,,phase_SHORT,077
295.1100753467879,0,0,,0.48333333333333334,,,,phase_SHORT,049
295.1100753467879,0,0,,0.5166666666666667,,,,phase_SHORT,056
295.1100753467879,1,1,1.0,0.5666666666666667,0.43333333333333335,0.20654329147389294,1.0,phase_SHORT,075
295.1100753467879,0,0,,0.4,,,,phase_SHORT,077
58.86007534678788,0,0,,0.48333333333333334,,,,phase_SHORT,049
58.86007534678788,0,0,,0.5166666666666667,,,,phase_SHORT,056
58.86007534678788,1,1,1.0,0.5666666666666667,0.43333333333333335,0.20654329147389294,1.0,phase_SHORT,075
58.86007534678788,0,0,,0.4,,,,phase_SHORT,077
182.61007534678788,0,0,,0.48333333333333334,,,,phase_SHORT,049
182.61007534678788,0,0,,0.5166666666666667,,,,phase_SHORT,056
182.61007534678788,1,1,1.0,0.5666666666666667,0.43333333333333335,0.20654329147389294,1.0,phase_SHORT,075
182.61007534678788,0,0,,0.4,,,,phase_SHORT,077
306.36007534678765,0,0,,0.48333333333333334,,,,phase_SHORT,049
306.36007534678765,0,0,,0.5166666666666667,,,,phase_SHORT,056
306.36007534678765,1,0,0.0,0.5666666666666667,-0.5666666666666667,0.0,0.7934567085261071,phase_SHORT,075
306.36007534678765,0,0,,0.4,,,,phase_SHORT,077
70.11007534678765,0,0,,0.48333333333333334,,,,phase_SHORT,049
70.11007534678765,0,0,,0.5166666666666667,,,,phase_SHORT,056
70.11007534678765,1,1,1.0,0.5666666666666667,0.43333333333333335,0.20654329147389294,1.0,phase_SHORT,075
70.11007534678765,0,0,,0.4,,,,phase_SHORT,077
193.86007534678765,0,0,,0.48333333333333334,,,,phase_SHORT,049
193.86007534678765,0,0,,0.5166666666666667,,,,phase_SHORT,056
193.86007534678765,1,0,0.0,0.5666666666666667,-0.5666666666666667,0.0,0.7934567085261071,phase_SHORT,075
193.86007534678765,0,0,,0.4,,,,phase_SHORT,077
317.61007534678765,0,0,,0.48333333333333334,,,,phase_SHORT,049
317.61007534678765,0,0,,0.5166666666666667,,,,phase_SHORT,056
317.61007534678765,1,0,0.0,0.5666666666666667,-0.5666666666666667,0.0,0.7934567085261071,phase_SHORT,075
317.61007534678765,0,0,,0.4,,,,phase_SHORT,077
81.36007534678765,0,0,,0.48333333333333334,,,,phase_SHORT,049
81.36007534678765,0,0,,0.5166666666666667,,,,phase_SHORT,056
81.36007534678765,1,0,0.0,0.5666666666666667,-0.5666666666666667,0.0,0.7934567085261071,phase_SHORT,075
81.36007534678765,0,0,,0.4,,,,phase_SHORT,077
205.11007534678765,0,0,,0.48333333333333334,,,,phase_SHORT,049
205.11007534678765,0,0,,0.5166666666666667,,,,phase_SHORT,056
205.11007534678765,1,1,1.0,0.5666666666666667,0.43333333333333335,0.20654329147389294,1.0,phase_SHORT,075
205.11007534678765,0,0,,0.4,,,,phase_SHORT,077
328.86007534678765,0,0,,0.48333333333333334,,,,phase_SHORT,049
328.86007534678765,0,0,,0.5166666666666667,,,,phase_SHORT,056
328.86007534678765,1,1,1.0,0.5666666666666667,0.43333333333333335,0.20654329147389294,1.0,phase_SHORT,075
328.86007534678765,0,0,,0.4,,,,phase_SHORT,077
92.61007534678765,0,0,,0.48333333333333334,,,,phase_SHORT,049
92.61007534678765,0,0,,0.5166666666666667,,,,phase_SHORT,056
92.61007534678765,1,1,1.0,0.5666666666666667,0.43333333333333335,0.20654329147389294,1.0,phase_SHORT,075
92.61007534678765,0,0,,0.4,,,,phase_SHORT,077
216.36007534678765,0,0,,0.48333333333333334,,,,phase_SHORT,049
216.36007534678765,0,0,,0.5166666666666667,,,,phase_SHORT,056
216.36007534678765,1,1,1.0,0.5666666666666667,0.43333333333333335,0.20654329147389294,1.0,phase_SHORT,075
216.36007534678765,0,0,,0.4,,,,phase_SHORT,077
340.11007534678765,0,0,,0.48333333333333334,,,,phase_SHORT,049
340.11007534678765,0,0,,0.5166666666666667,,,,phase_SHORT,056
340.11007534678765,1,1,1.0,0.5666666666666667,0.43333333333333335,0.20654329147389294,1.0,phase_SHORT,075
340.11007534678765,0,0,,0.4,,,,phase_SHORT,077
103.86007534678765,0,0,,0.48333333333333334,,,,phase_SHORT,049
103.86007534678765,0,0,,0.5166666666666667,,,,phase_SHORT,056
103.86007534678765,1,1,1.0,0.5666666666666667,0.43333333333333335,0.20654329147389294,1.0,phase_SHORT,075
103.86007534678765,0,0,,0.4,,,,phase_SHORT,077
227.61007534678765,0,0,,0.48333333333333334,,,,phase_SHORT,049
227.61007534678765,0,0,,0.5166666666666667,,,,phase_SHORT,056
227.61007534678765,1,0,0.0,0.5666666666666667,-0.5666666666666667,0.0,0.7934567085261071,phase_SHORT,075
227.61007534678765,0,0,,0.4,,,,phase_SHORT,077
351.36007534678765,0,0,,0.48333333333333334,,,,phase_SHORT,049
351.36007534678765,0,0,,0.5166666666666667,,,,phase_SHORT,056
351.36007534678765,1,1,1.0,0.5666666666666667,0.43333333333333335,0.20654329147389294,1.0,phase_SHORT,075
351.36007534678765,0,0,,0.4,,,,phase_SHORT,077
115.11007534678765,0,0,,0.48333333333333334,,,,phase_SHORT,049
115.11007534678765,0,0,,0.5166666666666667,,,,phase_SHORT,056
115.11007534678765,1,0,0.0,0.5666666666666667,-0.5666666666666667,0.0,0.7934567085261071,phase_SHORT,075
115.11007534678765,0,0,,0.4,,,,phase_SHORT,077
238.86007534678765,0,0,,0.48333333333333334,,,,phase_SHORT,049
238.86007534678765,0,0,,0.5166666666666667,,,,phase_SHORT,056
238.86007534678765,1,0,0.0,0.5666666666666667,-0.5666666666666667,0.0,0.7934567085261071,phase_SHORT,075
238.86007534678765,0,0,,0.4,,,,phase_SHORT,077
2.610075346787653,0,0,,0.48333333333333334,,,,phase_SHORT,049
2.610075346787653,0,0,,0.5166666666666667,,,,phase_SHORT,056
2.610075346787653,1,1,1.0,0.5666666666666667,0.43333333333333335,0.20654329147389294,1.0,phase_SHORT,075
2.610075346787653,0,0,,0.4,,,,phase_SHORT,077
126.36007534678765,0,0,,0.48333333333333334,,,,phase_SHORT,049
126.36007534678765,0,0,,0.5166666666666667,,,,phase_SHORT,056
126.36007534678765,1,0,0.0,0.5666666666666667,-0.5666666666666667,0.0,0.7934567085261071,phase_SHORT,075
126.36007534678765,0,0,,0.4,,,,phase_SHORT,077
250.1100753467872,0,0,,0.48333333333333334,,,,phase_SHORT,049
250.1100753467872,0,0,,0.5166666666666667,,,,phase_SHORT,056
250.1100753467872,1,0,0.0,0.5666666666666667,-0.5666666666666667,0.0,0.7934567085261071,phase_SHORT,075
250.1100753467872,0,0,,0.4,,,,phase_SHORT,077
13.860075346787198,0,0,,0.48333333333333334,,,,phase_SHORT,049
13.860075346787198,0,0,,0.5166666666666667,,,,phase_SHORT,056
13.860075346787198,1,1,1.0,0.5666666666666667,0.43333333333333335,0.20654329147389294,1.0,phase_SHORT,075
13.860075346787198,0,0,,0.4,,,,phase_SHORT,077
137.6100753467872,0,0,,0.48333333333333334,,,,phase_SHORT,049
137.6100753467872,0,0,,0.5166666666666667,,,,phase_SHORT,056
137.6100753467872,1,0,0.0,0.5666666666666667,-0.5666666666666667,0.0,0.7934567085261071,phase_SHORT,075
137.6100753467872,0,0,,0.4,,,,phase_SHORT,077
261.3600753467872,0,0,,0.48333333333333334,,,,phase_SHORT,049
261.3600753467872,0,0,,0.5166666666666667,,,,phase_SHORT,056
261.3600753467872,1,0,0.0,0.5666666666666667,-0.5666666666666667,0.0,0.7934567085261071,phase_SHORT,075
261.3600753467872,0,0,,0.4,,,,phase_SHORT,077
25.110075346787198,0,0,,0.48333333333333334,,,,phase_SHORT,049
25.110075346787198,0,0,,0.5166666666666667,,,,phase_SHORT,056
25.110075346787198,1,1,1.0,0.5666666666666667,0.43333333333333335,0.20654329147389294,1.0,phase_SHORT,075
25.110075346787198,0,0,,0.4,,,,phase_SHORT,077
148.8600753467872,0,0,,0.48333333333333334,,,,phase_SHORT,049
148.8600753467872,0,0,,0.5166666666666667,,,,phase_SHORT,056
148.8600753467872,1,1,1.0,0.5666666666666667,0.43333333333333335,0.20654329147389294,1.0,phase_SHORT,075
148.8600753467872,0,0,,0.4,,,,phase_SHORT,077
272.6100753467872,0,0,,0.48333333333333334,,,,phase_SHORT,049
272.6100753467872,0,0,,0.5166666666666667,,,,phase_SHORT,056
272.6100753467872,1,0,0.0,0.5666666666666667,-0.5666666666666667,0.0,0.7934567085261071,phase_SHORT,075
272.6100753467872,0,0,,0.4,,,,phase_SHORT,077
36.3600753467872,0,0,,0.48333333333333334,,,,phase_SHORT,049
36.3600753467872,0,0,,0.5166666666666667,,,,phase_SHORT,056
36.3600753467872,1,0,0.0,0.5666666666666667,-0.5666666666666667,0.0,0.7934567085261071,phase_SHORT,075
36.3600753467872,0,0,,0.4,,,,phase_SHORT,077
160.1100753467872,0,0,,0.48333333333333334,,,,phase_SHORT,049
160.1100753467872,0,0,,0.5166666666666667,,,,phase_SHORT,056
160.1100753467872,1,0,0.0,0.5666666666666667,-0.5666666666666667,0.0,0.7934567085261071,phase_SHORT,075
160.1100753467872,0,0,,0.4,,,,phase_SHORT,077
283.8600753467872,0,0,,0.48333333333333334,,,,phase_SHORT,049
283.8600753467872,0,0,,0.5166666666666667,,,,phase_SHORT,056
283.8600753467872,1,1,1.0,0.5666666666666667,0.43333333333333335,0.20654329147389294,1.0,phase_SHORT,075
283.8600753467872,0,0,,0.4,,,,phase_SHORT,077
47.6100753467872,0,0,,0.48333333333333334,,,,phase_SHORT,049
47.6100753467872,0,0,,0.5166666666666667,,,,phase_SHORT,056
47.6100753467872,1,1,1.0,0.5666666666666667,0.43333333333333335,0.20654329147389294,1.0,phase_SHORT,075
47.6100753467872,0,0,,0.4,,,,phase_SHORT,077
171.3600753467872,0,0,,0.48333333333333334,,,,phase_SHORT,049
171.3600753467872,0,0,,0.5166666666666667,,,,phase_SHORT,056
171.3600753467872,1,1,1.0,0.5666666666666667,0.43333333333333335,0.20654329147389294,1.0,phase_SHORT,075
171.3600753467872,0,0,,0.4,,,,phase_SHORT,077
295.1100753467872,0,0,,0.48333333333333334,,,,phase_SHORT,049
295.1100753467872,0,0,,0.5166666666666667,,,,phase_SHORT,056
295.1100753467872,1,1,1.0,0.5666666666666667,0.43333333333333335,0.20654329147389294,1.0,phase_SHORT,075
295.1100753467872,0,0,,0.4,,,,phase_SHORT,077
58.8600753467872,0,0,,0.48333333333333334,,,,phase_SHORT,049
58.8600753467872,0,0,,0.5166666666666667,,,,phase_SHORT,056
58.8600753467872,1,0,0.0,0.5666666666666667,-0.5666666666666667,0.0,0.7934567085261071,phase_SHORT,075
58.8600753467872,0,0,,0.4,,,,phase_SHORT,077
182.6100753467872,0,0,,0.48333333333333334,,,,phase_SHORT,049
182.6100753467872,0,0,,0.5166666666666667,,,,phase_SHORT,056
182.6100753467872,1,1,1.0,0.5666666666666667,0.43333333333333335,0.20654329147389294,1.0,phase_SHORT,075
182.6100753467872,0,0,,0.4,,,,phase_SHORT,077
306.3600753467872,0,0,,0.48333333333333334,,,,phase_SHORT,049
306.3600753467872,0,0,,0.5166666666666667,,,,phase_SHORT,056
306.3600753467872,1,1,1.0,0.5666666666666667,0.43333333333333335,0.20654329147389294,1.0,phase_SHORT,075
306.3600753467872,0,0,,0.4,,,,phase_SHORT,077
70.1100753467872,0,0,,0.48333333333333334,,,,phase_SHORT,049
70.1100753467872,0,0,,0.5166666666666667,,,,phase_SHORT,056
70.1100753467872,1,1,1.0,0.5666666666666667,0.43333333333333335,0.20654329147389294,1.0,phase_SHORT,075
70.1100753467872,0,0,,0.4,,,,phase_SHORT,077
193.8600753467872,0,0,,0.48333333333333334,,,,phase_SHORT,049
193.8600753467872,0,0,,0.5166666666666667,,,,phase_SHORT,056
193.8600753467872,1,1,1.0,0.5666666666666667,0.43333333333333335,0.20654329147389294,1.0,phase_SHORT,075
193.8600753467872,0,0,,0.4,,,,phase_SHORT,077
317.6100753467872,0,0,,0.48333333333333334,,,,phase_SHORT,049
317.6100753467872,0,0,,0.5166666666666667,,,,phase_SHORT,056
317.6100753467872,1,0,0.0,0.5666666666666667,-0.5666666666666667,0.0,0.7934567085261071,phase_SHORT,075
317.6100753467872,0,0,,0.4,,,,phase_SHORT,077
81.3600753467872,0,0,,0.48333333333333334,,,,phase_SHORT,049
81.3600753467872,0,0,,0.5166666666666667,,,,phase_SHORT,056
81.3600753467872,1,1,1.0,0.5666666666666667,0.43333333333333335,0.20654329147389294,1.0,phase_SHORT,075
81.3600753467872,0,0,,0.4,,,,phase_SHORT,077
205.1100753467872,0,0,,0.48333333333333334,,,,phase_SHORT,049
205.1100753467872,0,0,,0.5166666666666667,,,,phase_SHORT,056
205.1100753467872,1,1,1.0,0.5666666666666667,0.43333333333333335,0.20654329147389294,1.0,phase_SHORT,075
205.1100753467872,0,0,,0.4,,,,phase_SHORT,077
328.8600753467872,0,0,,0.48333333333333334,,,,phase_SHORT,049
328.8600753467872,0,0,,0.5166666666666667,,,,phase_SHORT,056
328.8600753467872,1,0,0.0,0.5666666666666667,-0.5666666666666667,0.0,0.7934567085261071,phase_SHORT,075
328.8600753467872,0,0,,0.4,,,,phase_SHORT,077
92.6100753467872,0,0,,0.48333333333333334,,,,phase_SHORT,049
92.6100753467872,0,0,,0.5166666666666667,,,,phase_SHORT,056
92.6100753467872,1,1,1.0,0.5666666666666667,0.43333333333333335,0.20654329147389294,1.0,phase_SHORT,075
92.6100753467872,0,0,,0.4,,,,phase_SHORT,077
216.3600753467872,0,0,,0.48333333333333334,,,,phase_SHORT,049
216.3600753467872,0,0,,0.5166666666666667,,,,phase_SHORT,056
216.3600753467872,1,0,0.0,0.5666666666666667,-0.5666666666666667,0.0,0.7934567085261071,phase_SHORT,075
216.3600753467872,0,0,,0.4,,,,phase_SHORT,077
340.1100753467872,0,0,,0.48333333333333334,,,,phase_SHORT,049
340.1100753467872,0,0,,0.5166666666666667,,,,phase_SHORT,056
340.1100753467872,1,0,0.0,0.5666666666666667,-0.5666666666666667,0.0,0.7934567085261071,phase_SHORT,075
340.1100753467872,0,0,,0.4,,,,phase_SHORT,077
103.8600753467872,0,0,,0.48333333333333334,,,,phase_SHORT,049
103.8600753467872,0,0,,0.5166666666666667,,,,phase_SHORT,056
103.8600753467872,1,1,1.0,0.5666666666666667,0.43333333333333335,0.20654329147389294,1.0,phase_SHORT,075
103.8600753467872,0,0,,0.4,,,,phase_SHORT,077
227.6100753467872,0,0,,0.48333333333333334,,,,phase_SHORT,049
227.6100753467872,0,0,,0.5166666666666667,,,,phase_SHORT,056
227.6100753467872,1,0,0.0,0.5666666666666667,-0.5666666666666667,0.0,0.7934567085261071,phase_SHORT,075
227.6100753467872,0,0,,0.4,,,,phase_SHORT,077
41.536385332220306,0,0,,0.48333333333333334,,,,phase_SHORT,049
41.536385332220306,0,0,,0.5166666666666667,,,,phase_SHORT,056
41.536385332220306,0,0,,0.5666666666666667,,,,phase_SHORT,075
41.536385332220306,1,0,0.0,0.4,-0.4,0.0,0.7934567085261071,phase_SHORT,077
92.1613853322203,0,0,,0.48333333333333334,,,,phase_SHORT,049
92.1613853322203,0,0,,0.5166666666666667,,,,phase_SHORT,056
92.1613853322203,0,0,,0.5666666666666667,,,,phase_SHORT,075
92.1613853322203,1,1,1.0,0.4,0.6,0.20654329147389294,1.0,phase_SHORT,077
142.78638533222028,0,0,,0.48333333333333334,,,,phase_SHORT,049
142.78638533222028,0,0,,0.5166666666666667,,,,phase_SHORT,056
142.78638533222028,0,0,,0.5666666666666667,,,,phase_SHORT,075
142.78638533222028,1,1,1.0,0.4,0.6,0.20654329147389294,1.0,phase_SHORT,077
193.4113853322203,0,0,,0.48333333333333334,,,,phase_SHORT,049
193.4113853322203,0,0,,0.5166666666666667,,,,phase_SHORT,056
193.4113853322203,0,0,,0.5666666666666667,,,,phase_SHORT,075
193.4113853322203,1,0,0.0,0.4,-0.4,0.0,0.7934567085261071,phase_SHORT,077
244.0363853322203,0,0,,0.48333333333333334,,,,phase_SHORT,049
244.0363853322203,0,0,,0.5166666666666667,,,,phase_SHORT,056
244.0363853322203,0,0,,0.5666666666666667,,,,phase_SHORT,075
244.0363853322203,1,0,0.0,0.4,-0.4,0.0,0.7934567085261071,phase_SHORT,077
294.66138533222033,0,0,,0.48333333333333334,,,,phase_SHORT,049
294.66138533222033,0,0,,0.5166666666666667,,,,phase_SHORT,056
294.66138533222033,0,0,,0.5666666666666667,,,,phase_SHORT,075
294.66138533222033,1,0,0.0,0.4,-0.4,0.0,0.7934567085261071,phase_SHORT,077
345.2863853322203,0,0,,0.48333333333333334,,,,phase_SHORT,049
345.2863853322203,0,0,,0.5166666666666667,,,,phase_SHORT,056
345.2863853322203,0,0,,0.5666666666666667,,,,phase_SHORT,075
345.2863853322203,1,1,1.0,0.4,0.6,0.20654329147389294,1.0,phase_SHORT,077
35.91138533222028,0,0,,0.48333333333333334,,,,phase_SHORT,049
35.91138533222028,0,0,,0.5166666666666667,,,,phase_SHORT,056
35.91138533222028,0,0,,0.5666666666666667,,,,phase_SHORT,075
35.91138533222028,1,0,0.0,0.4,-0.4,0.0,0.7934567085261071,phase_SHORT,077
86.53638533222033,0,0,,0.48333333333333334,,,,phase_SHORT,049
86.53638533222033,0,0,,0.5166666666666667,,,,phase_SHORT,056
86.53638533222033,0,0,,0.5666666666666667,,,,phase_SHORT,075
86.53638533222033,1,1,1.0,0.4,0.6,0.20654329147389294,1.0,phase_SHORT,077
137.16138533222028,0,0,,0.48333333333333334,,,,phase_SHORT,049
137.16138533222028,0,0,,0.5166666666666667,,,,phase_SHORT,056
137.16138533222028,0,0,,0.5666666666666667,,,,phase_SHORT,075
137.16138533222028,1,1,1.0,0.4,0.6,0.20654329147389294,1.0,phase_SHORT,077
187.78638533222033,0,0,,0.48333333333333334,,,,phase_SHORT,049
187.78638533222033,0,0,,0.5166666666666667,,,,phase_SHORT,056
187.78638533222033,0,0,,0.5666666666666667,,,,phase_SHORT,075
187.78638533222033,1,0,0.0,0.4,-0.4,0.0,0.7934567085261071,phase_SHORT,077
238.41138533222033,0,0,,0.48333333333333334,,,,phase_SHORT,049
238.41138533222033,0,0,,0.5166666666666667,,,,phase_SHORT,056
238.41138533222033,0,0,,0.5666666666666667,,,,phase_SHORT,075
238.41138533222033,1,1,1.0,0.4,0.6,0.20654329147389294,1.0,phase_SHORT,077
289.0363853322202,0,0,,0.48333333333333334,,,,phase_SHORT,049
289.0363853322202,0,0,,0.5166666666666667,,,,phase_SHORT,056
289.0363853322202,0,0,,0.5666666666666667,,,,phase_SHORT,075
289.0363853322202,1,0,0.0,0.4,-0.4,0.0,0.7934567085261071,phase_SHORT,077
339.66138533222033,0,0,,0.48333333333333334,,,,phase_SHORT,049
339.66138533222033,0,0,,0.5166666666666667,,,,phase_SHORT,056
339.66138533222033,0,0,,0.5666666666666667,,,,phase_SHORT,075
339.66138533222033,1,1,1.0,0.4,0.6,0.20654329147389294,1.0,phase_SHORT,077
30.286385332220334,0,0,,0.48333333333333334,,,,phase_SHORT,049
30.286385332220334,0,0,,0.5166666666666667,,,,phase_SHORT,056
30.286385332220334,0,0,,0.5666666666666667,,,,phase_SHORT,075
30.286385332220334,1,0,0.0,0.4,-0.4,0.0,0.7934567085261071,phase_SHORT,077
80.91138533222022,0,0,,0.48333333333333334,,,,phase_SHORT,049
80.91138533222022,0,0,,0.5166666666666667,,,,phase_SHORT,056
80.91138533222022,0,0,,0.5666666666666667,,,,phase_SHORT,075
80.91138533222022,1,0,0.0,0.4,-0.4,0.0,0.7934567085261071,phase_SHORT,077
131.53638533222022,0,0,,0.48333333333333334,,,,phase_SHORT,049
131.53638533222022,0,0,,0.5166666666666667,,,,phase_SHORT,056
131.53638533222022,0,0,,0.5666666666666667,,,,phase_SHORT,075
131.53638533222022,1,1,1.0,0.4,0.6,0.20654329147389294,1.0,phase_SHORT,077
182.16138533222033,0,0,,0.48333333333333334,,,,phase_SHORT,049
182.16138533222033,0,0,,0.5166666666666667,,,,phase_SHORT,056
182.16138533222033,0,0,,0.5666666666666667,,,,phase_SHORT,075
182.16138533222033,1,0,0.0,0.4,-0.4,0.0,0.7934567085261071,phase_SHORT,077
232.78638533222033,0,0,,0.48333333333333334,,,,phase_SHORT,049
232.78638533222033,0,0,,0.5166666666666667,,,,phase_SHORT,056
232.78638533222033,0,0,,0.5666666666666667,,,,phase_SHORT,075
232.78638533222033,1,0,0.0,0.4,-0.4,0.0,0.7934567085261071,phase_SHORT,077
283.41138533222033,0,0,,0.48333333333333334,,,,phase_SHORT,049
283.41138533222033,0,0,,0.5166666666666667,,,,phase_SHORT,056
283.41138533222033,0,0,,0.5666666666666667,,,,phase_SHORT,075
283.41138533222033,1,0,0.0,0.4,-0.4,0.0,0.7934567085261071,phase_SHORT,077
334.03638533222033,0,0,,0.48333333333333334,,,,phase_SHORT,049
334.03638533222033,0,0,,0.5166666666666667,,,,phase_SHORT,056
334.03638533222033,0,0,,0.5666666666666667,,,,phase_SHORT,075
334.03638533222033,1,0,0.0,0.4,-0.4,0.0,0.7934567085261071,phase_SHORT,077
24.661385332220334,0,0,,0.48333333333333334,,,,phase_SHORT,049
24.661385332220334,0,0,,0.5166666666666667,,,,phase_SHORT,056
24.661385332220334,0,0,,0.5666666666666667,,,,phase_SHORT,075
24.661385332220334,1,1,1.0,0.4,0.6,0.20654329147389294,1.0,phase_SHORT,077
75.28638533222056,0,0,,0.48333333333333334,,,,phase_SHORT,049
75.28638533222056,0,0,,0.5166666666666667,,,,phase_SHORT,056
75.28638533222056,0,0,,0.5666666666666667,,,,phase_SHORT,075
75.28638533222056,1,1,1.0,0.4,0.6,0.20654329147389294,1.0,phase_SHORT,077
125.91138533222033,0,0,,0.48333333333333334,,,,phase_SHORT,049
125.91138533222033,0,0,,0.5166666666666667,,,,phase_SHORT,056
125.91138533222033,0,0,,0.5666666666666667,,,,phase_SHORT,075
125.91138533222033,1,0,0.0,0.4,-0.4,0.0,0.7934567085261071,phase_SHORT,077
176.53638533222033,0,0,,0.48333333333333334,,,,phase_SHORT,049
176.53638533222033,0,0,,0.5166666666666667,,,,phase_SHORT,056
176.53638533222033,0,0,,0.5666666666666667,,,,phase_SHORT,075
176.53638533222033,1,1,1.0,0.4,0.6,0.20654329147389294,1.0,phase_SHORT,077
227.16138533222033,0,0,,0.48333333333333334,,,,phase_SHORT,049
227.16138533222033,0,0,,0.5166666666666667,,,,phase_SHORT,056
227.16138533222033,0,0,,0.5666666666666667,,,,phase_SHORT,075
227.16138533222033,1,0,0.0,0.4,-0.4,0.0,0.7934567085261071,phase_SHORT,077
277.78638533222033,0,0,,0.48333333333333334,,,,phase_SHORT,049
277.78638533222033,0,0,,0.5166666666666667,,,,phase_SHORT,056
277.78638533222033,0,0,,0.5666666666666667,,,,phase_SHORT,075
277.78638533222033,1,0,0.0,0.4,-0.4,0.0,0.7934567085261071,phase_SHORT,077
328.41138533222033,0,0,,0.48333333333333334,,,,phase_SHORT,049
328.41138533222033,0,0,,0.5166666666666667,,,,phase_SHORT,056
328.41138533222033,0,0,,0.5666666666666667,,,,phase_SHORT,075
328.41138533222033,1,0,0.0,0.4,-0.4,0.0,0.7934567085261071,phase_SHORT,077
19.03638533222056,0,0,,0.48333333333333334,,,,phase_SHORT,049
19.03638533222056,0,0,,0.5166666666666667,,,,phase_SHORT,056
19.03638533222056,0,0,,0.5666666666666667,,,,phase_SHORT,075
19.03638533222056,1,0,0.0,0.4,-0.4,0.0,0.7934567085261071,phase_SHORT,077
69.66138533222033,0,0,,0.48333333333333334,,,,phase_SHORT,049
69.66138533222033,0,0,,0.5166666666666667,,,,phase_SHORT,056
69.66138533222033,0,0,,0.5666666666666667,,,,phase_SHORT,075
69.66138533222033,1,0,0.0,0.4,-0.4,0.0,0.7934567085261071,phase_SHORT,077
120.28638533222033,0,0,,0.48333333333333334,,,,phase_SHORT,049
120.28638533222033,0,0,,0.5166666666666667,,,,phase_SHORT,056
120.28638533222033,0,0,,0.5666666666666667,,,,phase_SHORT,075
120.28638533222033,1,1,1.0,0.4,0.6,0.20654329147389294,1.0,phase_SHORT,077
170.91138533222033,0,0,,0.48333333333333334,,,,phase_SHORT,049
170.91138533222033,0,0,,0.5166666666666667,,,,phase_SHORT,056
170.91138533222033,0,0,,0.5666666666666667,,,,phase_SHORT,075
170.91138533222033,1,0,0.0,0.4,-0.4,0.0,0.7934567085261071,phase_SHORT,077
221.53638533222033,0,0,,0.48333333333333334,,,,phase_SHORT,049
221.53638533222033,0,0,,0.5166666666666667,,,,phase_SHORT,056
221.53638533222033,0,0,,0.5666666666666667,,,,phase_SHORT,075
221.53638533222033,1,1,1.0,0.4,0.6,0.20654329147389294,1.0,phase_SHORT,077
272.16138533222033,0,0,,0.48333333333333334,,,,phase_SHORT,049
272.16138533222033,0,0,,0.5166666666666667,,,,phase_SHORT,056
272.16138533222033,0,0,,0.5666666666666667,,,,phase_SHORT,075
272.16138533222033,1,0,0.0,0.4,-0.4,0.0,0.7934567085261071,phase_SHORT,077
322.78638533222033,0,0,,0.48333333333333334,,,,phase_SHORT,049
322.78638533222033,0,0,,0.5166666666666667,,,,phase_SHORT,056
322.78638533222033,0,0,,0.5666666666666667,,,,phase_SHORT,075
322.78638533222033,1,0,0.0,0.4,-0.4,0.0,0.7934567085261071,phase_SHORT,077
13.411385332220561,0,0,,0.48333333333333334,,,,phase_SHORT,049
13.411385332220561,0,0,,0.5166666666666667,,,,phase_SHORT,056
13.411385332220561,0,0,,0.5666666666666667,,,,phase_SHORT,075
13.411385332220561,1,1,1.0,0.4,0.6,0.20654329147389294,1.0,phase_SHORT,077
64.03638533222056,0,0,,0.48333333333333334,,,,phase_SHORT,049
64.03638533222056,0,0,,0.5166666666666667,,,,phase_SHORT,056
64.03638533222056,0,0,,0.5666666666666667,,,,phase_SHORT,075
64.03638533222056,1,1,1.0,0.4,0.6,0.20654329147389294,1.0,phase_SHORT,077
114.6613853322201,0,0,,0.48333333333333334,,,,phase_SHORT,049
114.6613853322201,0,0,,0.5166666666666667,,,,phase_SHORT,056
114.6613853322201,0,0,,0.5666666666666667,,,,phase_SHORT,075
114.6613853322201,1,1,1.0,0.4,0.6,0.20654329147389294,1.0,phase_SHORT,077
165.28638533222056,0,0,,0.48333333333333334,,,,phase_SHORT,049
165.28638533222056,0,0,,0.5166666666666667,,,,phase_SHORT,056
165.28638533222056,0,0,,0.5666666666666667,,,,phase_SHORT,075
165.28638533222056,1,0,0.0,0.4,-0.4,0.0,0.7934567085261071,phase_SHORT,077
215.9113853322201,0,0,,0.48333333333333334,,,,phase_SHORT,049
215.9113853322201,0,0,,0.5166666666666667,,,,phase_SHORT,056
215.9113853322201,0,0,,0.5666666666666667,,,,phase_SHORT,075
215.9113853322201,1,0,0.0,0.4,-0.4,0.0,0.7934567085261071,phase_SHORT,077
266.53638533222056,0,0,,0.48333333333333334,,,,phase_SHORT,049
266.53638533222056,0,0,,0.5166666666666667,,,,phase_SHORT,056
266.53638533222056,0,0,,0.5666666666666667,,,,phase_SHORT,075
266.53638533222056,1,0,0.0,0.4,-0.4,0.0,0.7934567085261071,phase_SHORT,077
317.1613853322201,0,0,,0.48333333333333334,,,,phase_SHORT,049
317.1613853322201,0,0,,0.5166666666666667,,,,phase_SHORT,056
317.1613853322201,0,0,,0.5666666666666667,,,,phase_SHORT,075
317.1613853322201,1,0,0.0,0.4,-0.4,0.0,0.7934567085261071,phase_SHORT,077
7.786385332220561,0,0,,0.48333333333333334,,,,phase_SHORT,049
7.786385332220561,0,0,,0.5166666666666667,,,,phase_SHORT,056
7.786385332220561,0,0,,0.5666666666666667,,,,phase_SHORT,075
7.786385332220561,1,0,0.0,0.4,-0.4,0.0,0.7934567085261071,phase_SHORT,077
58.41138533222011,0,0,,0.48333333333333334,,,,phase_SHORT,049
58.41138533222011,0,0,,0.5166666666666667,,,,phase_SHORT,056
58.41138533222011,0,0,,0.5666666666666667,,,,phase_SHORT,075
58.41138533222011,1,1,1.0,0.4,0.6,0.20654329147389294,1.0,phase_SHORT,077
109.03638533222056,0,0,,0.48333333333333334,,,,phase_SHORT,049
109.03638533222056,0,0,,0.5166666666666667,,,,phase_SHORT,056
109.03638533222056,0,0,,0.5666666666666667,,,,phase_SHORT,075
109.03638533222056,1,1,1.0,0.4,0.6,0.20654329147389294,1.0,phase_SHORT,077
159.66138533222056,0,0,,0.48333333333333334,,,,phase_SHORT,049
159.66138533222056,0,0,,0.5166666666666667,,,,phase_SHORT,056
159.66138533222056,0,0,,0.5666666666666667,,,,phase_SHORT,075
159.66138533222056,1,0,0.0,0.4,-0.4,0.0,0.7934567085261071,phase_SHORT,077
210.2863853322201,0,0,,0.48333333333333334,,,,phase_SHORT,049
210.2863853322201,0,0,,0.5166666666666667,,,,phase_SHORT,056
210.2863853322201,0,0,,0.5666666666666667,,,,phase_SHORT,075
210.2863853322201,1,1,1.0,0.4,0.6,0.20654329147389294,1.0,phase_SHORT,077
260.91138533222056,0,0,,0.48333333333333334,,,,phase_SHORT,049
260.91138533222056,0,0,,0.5166666666666667,,,,phase_SHORT,056
260.91138533222056,0,0,,0.5666666666666667,,,,phase_SHORT,075
260.91138533222056,1,0,0.0,0.4,-0.4,0.0,0.7934567085261071,phase_SHORT,077
311.5363853322201,0,0,,0.48333333333333334,,,,phase_SHORT,049
311.5363853322201,0,0,,0.5166666666666667,,,,phase_SHORT,056
311.5363853322201,0,0,,0.5666666666666667,,,,phase_SHORT,075
311.5363853322201,1,0,0.0,0.4,-0.4,0.0,0.7934567085261071,phase_SHORT,077
2.1613853322205614,0,0,,0.48333333333333334,,,,phase_SHORT,049
2.1613853322205614,0,0,,0.5166666666666667,,,,phase_SHORT,056
2.1613853322205614,0,0,,0.5666666666666667,,,,phase_SHORT,075
2.1613853322205614,1,1,1.0,0.4,0.6,0.20654329147389294,1.0,phase_SHORT,077
52.78638533222011,0,0,,0.48333333333333334,,,,phase_SHORT,049
52.78638533222011,0,0,,0.5166666666666667,,,,phase_SHORT,056
52.78638533222011,0,0,,0.5666666666666667,,,,phase_SHORT,075
52.78638533222011,1,0,0.0,0.4,-0.4,0.0,0.7934567085261071,phase_SHORT,077
103.41138533222056,0,0,,0.48333333333333334,,,,phase_SHORT,049
103.41138533222056,0,0,,0.5166666666666667,,,,phase_SHORT,056
103.41138533222056,0,0,,0.5666666666666667,,,,phase_SHORT,075
103.41138533222056,1,1,1.0,0.4,0.6,0.20654329147389294,1.0,phase_SHORT,077
154.0363853322201,0,0,,0.48333333333333334,,,,phase_SHORT,049
154.0363853322201,0,0,,0.5166666666666667,,,,phase_SHORT,056
154.0363853322201,0,0,,0.5666666666666667,,,,phase_SHORT,075
154.0363853322201,1,1,1.0,0.4,0.6,0.20654329147389294,1.0,phase_SHORT,077
204.66138533222056,0,0,,0.48333333333333334,,,,phase_SHORT,049
204.66138533222056,0,0,,0.5166666666666667,,,,phase_SHORT,056
204.66138533222056,0,0,,0.5666666666666667,,,,phase_SHORT,075
204.66138533222056,1,0,0.0,0.4,-0.4,0.0,0.7934567085261071,phase_SHORT,077
255.2863853322201,0,0,,0.48333333333333334,,,,phase_SHORT,049
255.2863853322201,0,0,,0.5166666666666667,,,,phase_SHORT,056
255.2863853322201,0,0,,0.5666666666666667,,,,phase_SHORT,075
255.2863853322201,1,1,1.0,0.4,0.6,0.20654329147389294,1.0,phase_SHORT,077
305.91138533222056,0,0,,0.48333333333333334,,,,phase_SHORT,049
305.91138533222056,0,0,,0.5166666666666667,,,,phase_SHORT,056
305.91138533222056,0,0,,0.5666666666666667,,,,phase_SHORT,075
305.91138533222056,1,1,1.0,0.4,0.6,0.20654329147389294,1.0,phase_SHORT,077
356.5363853322201,0,0,,0.48333333333333334,,,,phase_SHORT,049
356.5363853322201,0,0,,0.5166666666666667,,,,phase_SHORT,056
356.5363853322201,0,0,,0.5666666666666667,,,,phase_SHORT,075
356.5363853322201,1,0,0.0,0.4,-0.4,0.0,0.7934567085261071,phase_SHORT,077
47.16138533222056,0,0,,0.48333333333333334,,,,phase_SHORT,049
47.16138533222056,0,0,,0.5166666666666667,,,,phase_SHORT,056
47.16138533222056,0,0,,0.5666666666666667,,,,phase_SHORT,075
47.16138533222056,1,0,0.0,0.4,-0.4,0.0,0.7934567085261071,phase_SHORT,077
97.78638533222056,0,0,,0.48333333333333334,,,,phase_SHORT,049
97.78638533222056,0,0,,0.5166666666666667,,,,phase_SHORT,056
97.78638533222056,0,0,,0.5666666666666667,,,,phase_SHORT,075
97.78638533222056,1,0,0.0,0.4,-0.4,0.0,0.7934567085261071,phase_SHORT,077
148.4113853322201,0,0,,0.48333333333333334,,,,phase_SHORT,049
148.4113853322201,0,0,,0.5166666666666667,,,,phase_SHORT,056
148.4113853322201,0,0,,0.5666666666666667,,,,phase_SHORT,075
148.4113853322201,1,0,0.0,0.4,-0.4,0.0,0.7934567085261071,phase_SHORT,077
LEFT + INSUFFICIENT_HISTORY,7,3,0.42857142857142855,0.48333333333333334,-0.05476190476190479,0.15821692226262685,0.7495457695909742,region_regime,049
LEFT + INSUFFICIENT_HISTORY,7,3,0.42857142857142855,0.5166666666666667,-0.08809523809523817,0.15821692226262685,0.7495457695909742,region_regime,056
LEFT + INSUFFICIENT_HISTORY,6,2,0.3333333333333333,0.5666666666666667,-0.23333333333333334,0.09676933255921683,0.7000116786584712,region_regime,075
LEFT + INSUFFICIENT_HISTORY,5,1,0.2,0.4,-0.2,0.03622316096978745,0.6244717358814613,region_regime,077
RIGHT + INSUFFICIENT_HISTORY,6,4,0.6666666666666666,0.48333333333333334,0.1833333333333333,0.29998832134152864,0.9032306674407831,region_regime,049
RIGHT + INSUFFICIENT_HISTORY,5,4,0.8,0.5166666666666667,0.2833333333333333,0.3755282641185388,0.9637768390302125,region_regime,056
RIGHT + INSUFFICIENT_HISTORY,5,3,0.6,0.5666666666666667,0.033333333333333326,0.23071993220883708,0.8823817688407467,region_regime,075
RIGHT + INSUFFICIENT_HISTORY,6,3,0.5,0.4,0.09999999999999998,0.18761280689940868,0.8123871931005913,region_regime,077
TOP + INSUFFICIENT_HISTORY,4,0,0.0,0.48333333333333334,-0.48333333333333334,0.0,0.48990002040399916,region_regime,049
TOP + INSUFFICIENT_HISTORY,7,2,0.2857142857142857,0.5166666666666667,-0.23095238095238102,0.0822171657090155,0.6410709098517873,region_regime,056
TOP + INSUFFICIENT_HISTORY,7,4,0.5714285714285714,0.5666666666666667,0.004761904761904745,0.2504542304090258,0.8417830777373732,region_regime,075
TOP + INSUFFICIENT_HISTORY,8,3,0.375,0.4,-0.025000000000000022,0.13684175946152105,0.6942621454161981,region_regime,077
BOTTOM + INSUFFICIENT_HISTORY,3,2,0.6666666666666666,0.48333333333333334,0.1833333333333333,0.2076549551264879,0.9385096847238394,region_regime,049
BOTTOM + INSUFFICIENT_HISTORY,1,0,0.0,0.5166666666666667,-0.5166666666666667,0.0,0.7934567085261071,region_regime,056
BOTTOM + INSUFFICIENT_HISTORY,2,2,1.0,0.5666666666666667,0.43333333333333335,0.34237195288961925,1.0,region_regime,075
BOTTOM + INSUFFICIENT_HISTORY,1,1,1.0,0.4,0.6,0.20654329147389294,1.0,region_regime,077
TOP + TRANSITION,5,2,0.4,0.48333333333333334,-0.08333333333333331,0.1176182311592533,0.769280067791163,region_regime,049
TOP + TRANSITION,3,2,0.6666666666666666,0.5166666666666667,0.1499999999999999,0.2076549551264879,0.9385096847238394,region_regime,056
TOP + TRANSITION,5,4,0.8,0.5666666666666667,0.2333333333333334,0.3755282641185388,0.9637768390302125,region_regime,075
TOP + TRANSITION,5,2,0.4,0.4,0.0,0.1176182311592533,0.769280067791163,region_regime,077
LEFT + TRANSITION,4,2,0.5,0.48333333333333334,0.016666666666666663,0.15003570882017148,0.8499642911798285,region_regime,049
LEFT + TRANSITION,0,0,,0.5166666666666667,,,,region_regime,056
LEFT + TRANSITION,1,1,1.0,0.5666666666666667,0.43333333333333335,0.20654329147389294,1.0,region_regime,075
LEFT + TRANSITION,2,0,0.0,0.4,-0.4,0.0,0.6576280471103807,region_regime,077
RIGHT + STABLE,5,3,0.6,0.48333333333333334,0.11666666666666664,0.23071993220883708,0.8823817688407467,region_regime,049
RIGHT + STABLE,6,3,0.5,0.5166666666666667,-0.01666666666666672,0.18761280689940868,0.8123871931005913,region_regime,056
RIGHT + STABLE,4,4,1.0,0.5666666666666667,0.43333333333333335,0.5100999795960008,1.0,region_regime,075
RIGHT + STABLE,6,5,0.8333333333333334,0.4,0.43333333333333335,0.43649056343635395,0.9699474141282697,region_regime,077
LEFT + STABLE,5,2,0.4,0.48333333333333334,-0.08333333333333331,0.1176182311592533,0.769280067791163,region_regime,049
LEFT + STABLE,5,2,0.4,0.5166666666666667,-0.1166666666666667,0.1176182311592533,0.769280067791163,region_regime,056
LEFT + STABLE,5,2,0.4,0.5666666666666667,-0.16666666666666663,0.1176182311592533,0.769280067791163,region_regime,075
LEFT + STABLE,8,2,0.25,0.4,-0.15000000000000002,0.07147768885802763,0.5907301208974108,region_regime,077
BOTTOM + STABLE,4,2,0.5,0.48333333333333334,0.016666666666666663,0.15003570882017148,0.8499642911798285,region_regime,049
BOTTOM + STABLE,1,1,1.0,0.5166666666666667,0.4833333333333333,0.20654329147389294,1.0,region_regime,056
BOTTOM + STABLE,0,0,,0.5666666666666667,,,,region_regime,075
BOTTOM + STABLE,1,0,0.0,0.4,-0.4,0.0,0.7934567085261071,region_regime,077
TOP + STABLE,11,5,0.45454545454545453,0.48333333333333334,-0.028787878787878807,0.21270957543988045,0.7199122443100118,region_regime,049
TOP + STABLE,5,2,0.4,0.5166666666666667,-0.1166666666666667,0.1176182311592533,0.769280067791163,region_regime,056
TOP + STABLE,4,1,0.25,0.5666666666666667,-0.31666666666666665,0.045586062644636216,0.6993639475573634,region_regime,075
TOP + STABLE,5,0,0.0,0.4,-0.4,-2.7755575615628914e-17,0.43449149475208104,region_regime,077
RIGHT + TRANSITION,5,4,0.8,0.48333333333333334,0.3166666666666667,0.3755282641185388,0.9637768390302125,region_regime,049
RIGHT + TRANSITION,3,2,0.6666666666666666,0.5166666666666667,0.1499999999999999,0.2076549551264879,0.9385096847238394,region_regime,056
RIGHT + TRANSITION,4,2,0.5,0.5666666666666667,-0.06666666666666665,0.15003570882017148,0.8499642911798285,region_regime,075
RIGHT + TRANSITION,3,2,0.6666666666666666,0.4,0.2666666666666666,0.2076549551264879,0.9385096847238394,region_regime,077
TOP + UNSTABLE,1,0,0.0,0.48333333333333334,-0.48333333333333334,0.0,0.7934567085261071,region_regime,049
TOP + UNSTABLE,7,4,0.5714285714285714,0.5166666666666667,0.05476190476190468,0.2504542304090258,0.8417830777373732,region_regime,056
TOP + UNSTABLE,10,5,0.5,0.5666666666666667,-0.06666666666666665,0.23658959361548731,0.7634104063845126,region_regime,075
TOP + UNSTABLE,2,2,1.0,0.4,0.6,0.34237195288961925,1.0,region_regime,077
BOTTOM + TRANSITION,0,0,,0.48333333333333334,,,,region_regime,049
BOTTOM + TRANSITION,4,4,1.0,0.5166666666666667,0.4833333333333333,0.5100999795960008,1.0,region_regime,056
BOTTOM + TRANSITION,2,1,0.5,0.5666666666666667,-0.06666666666666665,0.09452865480086614,0.9054713451991339,region_regime,075
BOTTOM + TRANSITION,3,1,0.3333333333333333,0.4,-0.06666666666666671,0.0614903152761605,0.7923450448735121,region_regime,077
LEFT + UNSTABLE,0,0,,0.48333333333333334,,,,region_regime,049
LEFT + UNSTABLE,3,0,0.0,0.5166666666666667,-0.5166666666666667,0.0,0.5615060804490177,region_regime,056
LEFT + UNSTABLE,2,0,0.0,0.5666666666666667,-0.5666666666666667,0.0,0.6576280471103807,region_regime,075
LEFT + UNSTABLE,3,1,0.3333333333333333,0.4,-0.06666666666666671,0.0614903152761605,0.7923450448735121,region_regime,077
BOTTOM + UNSTABLE,0,0,,0.48333333333333334,,,,region_regime,049
BOTTOM + UNSTABLE,2,1,0.5,0.5166666666666667,-0.01666666666666672,0.09452865480086614,0.9054713451991339,region_regime,056
BOTTOM + UNSTABLE,2,2,1.0,0.5666666666666667,0.43333333333333335,0.34237195288961925,1.0,region_regime,075
BOTTOM + UNSTABLE,1,1,1.0,0.4,0.6,0.20654329147389294,1.0,region_regime,077
RIGHT + UNSTABLE,0,0,,0.48333333333333334,,,,region_regime,049
RIGHT + UNSTABLE,1,1,1.0,0.5166666666666667,0.4833333333333333,0.20654329147389294,1.0,region_regime,056
RIGHT + UNSTABLE,1,1,1.0,0.5666666666666667,0.43333333333333335,0.20654329147389294,1.0,region_regime,075
RIGHT + UNSTABLE,1,0,0.0,0.4,-0.4,0.0,0.7934567085261071,region_regime,077
middle + LEFT,4,1,0.25,0.48333333333333334,-0.23333333333333334,0.045586062644636216,0.6993639475573634,convergence_region,049
middle + LEFT,0,0,,0.5166666666666667,,,,convergence_region,056
middle + LEFT,3,1,0.3333333333333333,0.5666666666666667,-0.23333333333333334,0.0614903152761605,0.7923450448735121,convergence_region,075
middle + LEFT,2,1,0.5,0.4,0.09999999999999998,0.09452865480086614,0.9054713451991339,convergence_region,077
middle + RIGHT,3,1,0.3333333333333333,0.48333333333333334,-0.15000000000000002,0.0614903152761605,0.7923450448735121,convergence_region,049
middle + RIGHT,2,0,0.0,0.5166666666666667,-0.5166666666666667,0.0,0.6576280471103807,convergence_region,056
middle + RIGHT,2,2,1.0,0.5666666666666667,0.43333333333333335,0.34237195288961925,1.0,convergence_region,075
middle + RIGHT,1,0,0.0,0.4,-0.4,0.0,0.7934567085261071,convergence_region,077
low + TOP,19,7,0.3684210526315789,0.48333333333333334,-0.11491228070175441,0.19149272376273843,0.5896084250184328,convergence_region,049
low + TOP,20,8,0.4,0.5166666666666667,-0.1166666666666667,0.21880396741419272,0.613422057684794,convergence_region,056
low + TOP,24,13,0.5416666666666666,0.5666666666666667,-0.025000000000000022,0.35074553553106635,0.7210894164831857,convergence_region,075
low + TOP,17,6,0.35294117647058826,0.4,-0.047058823529411764,0.17309486143904904,0.5870003327878818,convergence_region,077
low + LEFT,12,6,0.5,0.48333333333333334,0.016666666666666663,0.2537781703934222,0.7462218296065778,convergence_region,049
low + LEFT,13,5,0.38461538461538464,0.5166666666666667,-0.13205128205128208,0.17709446581236818,0.6447751902773146,convergence_region,056
low + LEFT,9,4,0.4444444444444444,0.5666666666666667,-0.12222222222222223,0.188775429471914,0.7333526542559703,convergence_region,075
low + LEFT,15,3,0.2,0.4,-0.2,0.07047420643610414,0.4518593533465045,convergence_region,077
middle + BOTTOM,3,2,0.6666666666666666,0.48333333333333334,0.1833333333333333,0.2076549551264879,0.9385096847238394,convergence_region,049
middle + BOTTOM,2,2,1.0,0.5166666666666667,0.4833333333333333,0.34237195288961925,1.0,convergence_region,056
middle + BOTTOM,2,1,0.5,0.5666666666666667,-0.06666666666666665,0.09452865480086614,0.9054713451991339,convergence_region,075
middle + BOTTOM,2,1,0.5,0.4,0.09999999999999998,0.09452865480086614,0.9054713451991339,convergence_region,077
low + RIGHT,13,10,0.7692307692307693,0.48333333333333334,0.28589743589743594,0.49743126004873084,0.918206209075343,convergence_region,049
low + RIGHT,12,9,0.75,0.5166666666666667,0.23333333333333328,0.46768966087934005,0.9110599603710386,convergence_region,056
low + RIGHT,12,8,0.6666666666666666,0.5666666666666667,0.09999999999999998,0.3906175873976139,0.8618821601026385,convergence_region,075
low + RIGHT,15,10,0.6666666666666666,0.4,0.2666666666666666,0.41713125151212976,0.8482389930530876,convergence_region,077
middle + TOP,2,0,0.0,0.48333333333333334,-0.48333333333333334,0.0,0.6576280471103807,convergence_region,049
middle + TOP,1,1,1.0,0.5166666666666667,0.4833333333333333,0.20654329147389294,1.0,convergence_region,056
middle + TOP,2,1,0.5,0.5666666666666667,-0.06666666666666665,0.09452865480086614,0.9054713451991339,convergence_region,075
middle + TOP,2,1,0.5,0.4,0.09999999999999998,0.09452865480086614,0.9054713451991339,convergence_region,077
high + BOTTOM,2,1,0.5,0.48333333333333334,0.016666666666666663,0.09452865480086614,0.9054713451991339,convergence_region,049
high + BOTTOM,2,1,0.5,0.5166666666666667,-0.01666666666666672,0.09452865480086614,0.9054713451991339,convergence_region,056
high + BOTTOM,0,0,,0.5666666666666667,,,,convergence_region,075
high + BOTTOM,2,1,0.5,0.4,0.09999999999999998,0.09452865480086614,0.9054713451991339,convergence_region,077
low + BOTTOM,2,1,0.5,0.48333333333333334,0.016666666666666663,0.09452865480086614,0.9054713451991339,convergence_region,049
low + BOTTOM,4,3,0.75,0.5166666666666667,0.23333333333333328,0.3006360524426366,0.9544139373553637,convergence_region,056
low + BOTTOM,4,4,1.0,0.5666666666666667,0.43333333333333335,0.5100999795960008,1.0,convergence_region,075
low + BOTTOM,2,1,0.5,0.4,0.09999999999999998,0.09452865480086614,0.9054713451991339,convergence_region,077
high + LEFT,0,0,,0.48333333333333334,,,,convergence_region,049
high + LEFT,2,0,0.0,0.5166666666666667,-0.5166666666666667,0.0,0.6576280471103807,convergence_region,056
high + LEFT,2,0,0.0,0.5666666666666667,-0.5666666666666667,0.0,0.6576280471103807,convergence_region,075
high + LEFT,1,0,0.0,0.4,-0.4,0.0,0.7934567085261071,convergence_region,077
high + RIGHT,0,0,,0.48333333333333334,,,,convergence_region,049
high + RIGHT,1,1,1.0,0.5166666666666667,0.4833333333333333,0.20654329147389294,1.0,convergence_region,056
high + RIGHT,0,0,,0.5666666666666667,,,,convergence_region,075
high + RIGHT,0,0,,0.4,,,,convergence_region,077
high + TOP,0,0,,0.48333333333333334,,,,convergence_region,049
high + TOP,1,1,1.0,0.5166666666666667,0.4833333333333333,0.20654329147389294,1.0,convergence_region,056
high + TOP,0,0,,0.5666666666666667,,,,convergence_region,075
high + TOP,1,0,0.0,0.4,-0.4,0.0,0.7934567085261071,convergence_region,077
middle + INSUFFICIENT_HISTORY,8,3,0.375,0.48333333333333334,-0.10833333333333334,0.13684175946152105,0.6942621454161981,convergence_regime,049
middle + INSUFFICIENT_HISTORY,0,0,,0.5166666666666667,,,,convergence_regime,056
middle + INSUFFICIENT_HISTORY,2,2,1.0,0.5666666666666667,0.43333333333333335,0.34237195288961925,1.0,convergence_regime,075
middle + INSUFFICIENT_HISTORY,0,0,,0.4,,,,convergence_regime,077
low + INSUFFICIENT_HISTORY,10,5,0.5,0.48333333333333334,0.016666666666666663,0.23658959361548731,0.7634104063845126,convergence_regime,049
low + INSUFFICIENT_HISTORY,18,9,0.5,0.5166666666666667,-0.01666666666666672,0.2903070395897999,0.7096929604102,convergence_regime,056
low + INSUFFICIENT_HISTORY,18,9,0.5,0.5666666666666667,-0.06666666666666665,0.2903070395897999,0.7096929604102,convergence_regime,075
low + INSUFFICIENT_HISTORY,20,8,0.4,0.4,0.0,0.21880396741419272,0.613422057684794,convergence_regime,077
high + INSUFFICIENT_HISTORY,2,1,0.5,0.48333333333333334,0.016666666666666663,0.09452865480086614,0.9054713451991339,convergence_regime,049
high + INSUFFICIENT_HISTORY,2,0,0.0,0.5166666666666667,-0.5166666666666667,0.0,0.6576280471103807,convergence_regime,056
high + INSUFFICIENT_HISTORY,0,0,,0.5666666666666667,,,,convergence_regime,075
high + INSUFFICIENT_HISTORY,0,0,,0.4,,,,convergence_regime,077
low + TRANSITION,14,8,0.5714285714285714,0.48333333333333334,0.08809523809523806,0.3259026690286936,0.7861949006959948,convergence_regime,049
low + TRANSITION,6,5,0.8333333333333334,0.5166666666666667,0.31666666666666665,0.43649056343635395,0.9699474141282697,convergence_regime,056
low + TRANSITION,11,8,0.7272727272727273,0.5666666666666667,0.16060606060606064,0.4343497069897537,0.9025411942607853,convergence_regime,075
low + TRANSITION,7,3,0.42857142857142855,0.4,0.028571428571428525,0.15821692226262685,0.7495457695909742,convergence_regime,077
low + STABLE,21,11,0.5238095238095238,0.48333333333333334,0.0404761904761905,0.32369217900266756,0.7165628770323705,convergence_regime,049
low + STABLE,15,7,0.4666666666666667,0.5166666666666667,-0.050000000000000044,0.24809225259746442,0.6988336984894921,convergence_regime,056
low + STABLE,9,5,0.5555555555555556,0.5666666666666667,-0.011111111111111072,0.2666473457440297,0.811224570528086,convergence_regime,075
low + STABLE,16,6,0.375,0.4,-0.025000000000000022,0.18480982554752806,0.613593529020652,convergence_regime,077
middle + STABLE,4,1,0.25,0.48333333333333334,-0.23333333333333334,0.045586062644636216,0.6993639475573634,convergence_regime,049
middle + STABLE,1,0,0.0,0.5166666666666667,-0.5166666666666667,0.0,0.7934567085261071,convergence_regime,056
middle + STABLE,2,2,1.0,0.5666666666666667,0.43333333333333335,0.34237195288961925,1.0,convergence_regime,075
middle + STABLE,3,1,0.3333333333333333,0.4,-0.06666666666666671,0.0614903152761605,0.7923450448735121,convergence_regime,077
low + UNSTABLE,1,0,0.0,0.48333333333333334,-0.48333333333333334,0.0,0.7934567085261071,convergence_regime,049
low + UNSTABLE,10,4,0.4,0.5166666666666667,-0.1166666666666667,0.16817758120350967,0.6873304525498135,convergence_regime,056
low + UNSTABLE,11,7,0.6363636363636364,0.5666666666666667,0.0696969696969697,0.35379677689163724,0.8483377638586862,convergence_regime,075
low + UNSTABLE,6,3,0.5,0.4,0.09999999999999998,0.18761280689940868,0.8123871931005913,convergence_regime,077
high + STABLE,0,0,,0.48333333333333334,,,,convergence_regime,049
high + STABLE,1,1,1.0,0.5166666666666667,0.4833333333333333,0.20654329147389294,1.0,convergence_regime,056
high + STABLE,2,0,0.0,0.5666666666666667,-0.5666666666666667,0.0,0.6576280471103807,convergence_regime,075
high + STABLE,1,0,0.0,0.4,-0.4,0.0,0.7934567085261071,convergence_regime,077
middle + TRANSITION,0,0,,0.48333333333333334,,,,convergence_regime,049
middle + TRANSITION,3,2,0.6666666666666666,0.5166666666666667,0.1499999999999999,0.2076549551264879,0.9385096847238394,convergence_regime,056
middle + TRANSITION,1,0,0.0,0.5666666666666667,-0.5666666666666667,0.0,0.7934567085261071,convergence_regime,075
middle + TRANSITION,4,2,0.5,0.4,0.09999999999999998,0.15003570882017148,0.8499642911798285,convergence_regime,077
high + UNSTABLE,0,0,,0.48333333333333334,,,,convergence_regime,049
high + UNSTABLE,2,1,0.5,0.5166666666666667,-0.01666666666666672,0.09452865480086614,0.9054713451991339,convergence_regime,056
high + UNSTABLE,0,0,,0.5666666666666667,,,,convergence_regime,075
high + UNSTABLE,1,1,1.0,0.4,0.6,0.20654329147389294,1.0,convergence_regime,077
middle + UNSTABLE,0,0,,0.48333333333333334,,,,convergence_regime,049
middle + UNSTABLE,1,1,1.0,0.5166666666666667,0.4833333333333333,0.20654329147389294,1.0,convergence_regime,056
middle + UNSTABLE,4,1,0.25,0.5666666666666667,-0.31666666666666665,0.045586062644636216,0.6993639475573634,convergence_regime,075
middle + UNSTABLE,0,0,,0.4,,,,convergence_regime,077
high + TRANSITION,0,0,,0.48333333333333334,,,,convergence_regime,049
high + TRANSITION,1,1,1.0,0.5166666666666667,0.4833333333333333,0.20654329147389294,1.0,convergence_regime,056
high + TRANSITION,0,0,,0.5666666666666667,,,,convergence_regime,075
high + TRANSITION,2,0,0.0,0.4,-0.4,0.0,0.6576280471103807,convergence_regime,077
not_high,58,28,0.4827586206896552,0.48333333333333334,-0.0005747126436781436,0.35927974452990297,0.6083795657078658,hypothesis,049
not_high,54,28,0.5185185185185185,0.5166666666666667,0.0018518518518517713,0.3885147504846543,0.6460624396345678,hypothesis,056
not_high,58,34,0.5862068965517241,0.5666666666666667,0.019540229885057436,0.4579817755925391,0.7037216732186171,hypothesis,075
not_high,56,23,0.4107142857142857,0.4,0.010714285714285676,0.2916657897956285,0.5412263788629634,hypothesis,077
high_convergence,2,1,0.5,0.48333333333333334,0.016666666666666663,0.09452865480086614,0.9054713451991339,hypothesis,049
high_convergence,6,3,0.5,0.5166666666666667,-0.01666666666666672,0.18761280689940868,0.8123871931005913,hypothesis,056
high_convergence,2,0,0.0,0.5666666666666667,-0.5666666666666667,0.0,0.6576280471103807,hypothesis,075
high_convergence,4,1,0.25,0.4,-0.15000000000000002,0.045586062644636216,0.6993639475573634,hypothesis,077
other,60,29,0.48333333333333334,0.48333333333333334,0.0,0.3617484128577001,0.6069240514915643,hypothesis,049
other,59,30,0.5084745762711864,0.5166666666666667,-0.0081920903954803,0.3843492802145344,0.6315637455518369,hypothesis,056
other,60,34,0.5666666666666667,0.5666666666666667,0.0,0.44103214654694856,0.6842779960559936,hypothesis,075
other,58,24,0.41379310344827586,0.4,0.013793103448275834,0.29627832678138283,0.5420182244074607,hypothesis,077
high_convergence+TRANSITION,0,0,,0.48333333333333334,,,,hypothesis,049
high_convergence+TRANSITION,1,1,1.0,0.5166666666666667,0.4833333333333333,0.20654329147389294,1.0,hypothesis,056
high_convergence+TRANSITION,0,0,,0.5666666666666667,,,,hypothesis,075
high_convergence+TRANSITION,2,0,0.0,0.4,-0.4,0.0,0.6576280471103807,hypothesis,077
other,60,29,0.48333333333333334,0.48333333333333334,0.0,0.3617484128577001,0.6069240514915643,hypothesis,049
other,59,30,0.5084745762711864,0.5166666666666667,-0.0081920903954803,0.3843492802145344,0.6315637455518369,hypothesis,056
other,60,34,0.5666666666666667,0.5666666666666667,0.0,0.44103214654694856,0.6842779960559936,hypothesis,075
other,59,24,0.4067796610169492,0.4,0.006779661016949157,0.29088843022555855,0.534068286344357,hypothesis,077
high_convergence+TOP,0,0,,0.48333333333333334,,,,hypothesis,049
high_convergence+TOP,1,1,1.0,0.5166666666666667,0.4833333333333333,0.20654329147389294,1.0,hypothesis,056
high_convergence+TOP,0,0,,0.5666666666666667,,,,hypothesis,075
high_convergence+TOP,1,0,0.0,0.4,-0.4,0.0,0.7934567085261071,hypothesis,077
other,58,28,0.4827586206896552,0.48333333333333334,-0.0005747126436781436,0.35927974452990297,0.6083795657078658,hypothesis,049
other,58,30,0.5172413793103449,0.5166666666666667,0.0005747126436781436,0.39162043429213433,0.640720255470097,hypothesis,056
other,60,34,0.5666666666666667,0.5666666666666667,0.0,0.44103214654694856,0.6842779960559936,hypothesis,075
other,58,23,0.39655172413793105,0.4,-0.0034482758620689724,0.28088568950111137,0.5250701719255011,hypothesis,077
high_convergence+BOTTOM,2,1,0.5,0.48333333333333334,0.016666666666666663,0.09452865480086614,0.9054713451991339,hypothesis,049
high_convergence+BOTTOM,2,1,0.5,0.5166666666666667,-0.01666666666666672,0.09452865480086614,0.9054713451991339,hypothesis,056
high_convergence+BOTTOM,0,0,,0.5666666666666667,,,,hypothesis,075
high_convergence+BOTTOM,2,1,0.5,0.4,0.09999999999999998,0.09452865480086614,0.9054713451991339,hypothesis,077
other,60,29,0.48333333333333334,0.48333333333333334,0.0,0.3617484128577001,0.6069240514915643,hypothesis,049
other,60,31,0.5166666666666667,0.5166666666666667,0.0,0.39307594850843575,0.6382515871422999,hypothesis,056
other,60,34,0.5666666666666667,0.5666666666666667,0.0,0.44103214654694856,0.6842779960559936,hypothesis,075
other,60,24,0.4,0.4,0.0,0.28569303003765506,0.5263417560579315,hypothesis,077
other,60,29,0.48333333333333334,0.48333333333333334,0.0,0.3617484128577001,0.6069240514915643,hypothesis,049
other,60,31,0.5166666666666667,0.5166666666666667,0.0,0.39307594850843575,0.6382515871422999,hypothesis,056
other,60,34,0.5666666666666667,0.5666666666666667,0.0,0.44103214654694856,0.6842779960559936,hypothesis,075
other,60,24,0.4,0.4,0.0,0.28569303003765506,0.5263417560579315,hypothesis,077
