machine,time,minute,value
0039,09:00,540,0
0039,09:05,545,0
0039,09:10,550,0
0039,09:15,555,0
0039,09:20,560,0
0039,09:25,565,0
0039,09:30,570,0
0039,09:35,575,0
0039,09:40,580,0
0039,09:45,585,0
0039,09:50,590,0
0039,09:55,595,0
0039,10:00,600,0
0039,10:05,605,0
0039,10:10,610,0
0039,10:15,615,0
0039,10:20,620,0
0039,10:25,625,0
0039,10:30,630,0
0039,10:35,635,0
0039,10:40,640,0
0039,10:45,645,0
0039,10:50,650,0
0039,10:55,655,0
0039,11:00,660,0
0039,11:05,665,0
0039,11:10,670,0
0039,11:15,675,0
0039,11:20,680,0
0039,11:25,685,0
0039,11:30,690,0
0039,11:35,695,0
0039,11:40,700,0
0039,11:45,705,-178
0039,11:50,710,-178
0039,11:55,715,-178
0039,12:00,720,-178
0039,12:05,725,690
0039,12:10,730,690
0039,12:15,735,690
0039,12:20,740,690
0039,12:25,745,690
0039,12:30,750,-1067
0039,12:35,755,-1067
0039,12:40,760,-1067
0039,12:45,765,-1067
0039,12:50,770,-2311
0039,12:55,775,-2311
0039,13:00,780,-2311
0039,13:05,785,-2844
0039,13:10,790,-2844
0039,13:15,795,-2844
0039,13:20,800,-2844
0039,13:25,805,3621
0039,13:30,810,3621
0039,13:35,815,3621
0039,13:40,820,3621
0039,13:45,825,3621
0039,13:50,830,2759
0039,13:55,835,2759
0039,14:00,840,2759
0039,14:05,845,2759
0039,14:10,850,1552
0039,14:15,855,1552
0039,14:20,860,1552
0039,14:25,865,1552
0039,14:30,870,0
0039,14:35,875,0
0039,14:40,880,0
0039,14:45,885,-1244
0039,14:50,890,-1244
0039,14:55,895,-1244
0039,15:00,900,-1244
0039,15:05,905,-1244
0039,15:10,910,3966
0039,15:15,915,3966
0039,15:20,920,3966
0039,15:25,925,3966
0039,15:30,930,4483
0039,15:35,935,4483
0039,15:40,940,4483
0039,15:45,945,3448
0039,15:50,950,3448
0039,15:55,955,3448
0039,16:00,960,3448
0039,16:05,965,3448
0039,16:10,970,9483
0039,16:15,975,9483
0039,16:20,980,9483
0039,16:25,985,9483
0039,16:30,990,12586
0039,16:35,995,12586
0039,16:40,1000,12586
0039,16:45,1005,12586
0039,16:50,1010,12759
0039,16:55,1015,12759
0039,17:00,1020,12759
0039,17:05,1025,12414
0039,17:10,1030,12414
0039,17:15,1035,12414
0039,17:20,1040,12414
0039,17:25,1045,12414
0039,17:30,1050,12241
0039,17:35,1055,12241
0039,17:40,1060,12241
0039,17:45,1065,12241
0039,17:50,1070,12241
0039,17:55,1075,12241
0039,18:00,1080,12241
0039,18:05,1085,12241
0039,18:10,1090,11897
0039,18:15,1095,11897
0039,18:20,1100,11897
0039,18:25,1105,10862
0039,18:30,1110,10862
0039,18:35,1115,10862
0039,18:40,1120,10862
0039,18:45,1125,10862
0039,18:50,1130,14655
0039,18:55,1135,14655
0039,19:00,1140,14655
0039,19:05,1145,14655
0039,19:10,1150,14310
0039,19:15,1155,14310
0039,19:20,1160,14310
0039,19:25,1165,12586
0039,19:30,1170,12586
0039,19:35,1175,12586
0039,19:40,1180,12586
0039,19:45,1185,12414
0039,19:50,1190,12414
0039,19:55,1195,12414
0039,20:00,1200,12414
0039,20:05,1205,12414
0039,20:10,1210,12414
0039,20:15,1215,12414
0039,20:20,1220,12414
0039,20:25,1225,12414
0039,20:30,1230,12414
0039,20:35,1235,12414
0039,20:40,1240,12414
0039,20:45,1245,12414
0039,20:50,1250,12414
0039,20:55,1255,12414
0039,21:00,1260,12414
0039,21:05,1265,12414
0039,21:10,1270,12414
0039,21:15,1275,12414
0039,21:20,1280,12414
0039,21:25,1285,12414
0039,21:30,1290,13621
0039,21:35,1295,13621
0039,21:40,1300,13621
0039,21:45,1305,14483
0039,21:50,1310,14483
0039,21:55,1315,14483
0039,22:00,1320,14483
0039,22:05,1325,14483
0039,22:10,1330,14483
0039,22:15,1335,14483
0039,22:20,1340,14483
0039,22:25,1345,14483
0039,22:30,1350,14483
0039,22:35,1355,14483
0039,22:40,1360,14483
0039,22:45,1365,14483
0039,22:50,1370,14483
0039,22:55,1375,14483
0039,23:00,1380,14483
0039,23:05,1385,14483
0039,23:10,1390,14483
0039,23:15,1395,14483
0039,23:16,1396,14483
0039,23:20,1400,14483
0040,09:00,540,0
0040,09:05,545,0
0040,09:10,550,0
0040,09:15,555,0
0040,09:20,560,0
0040,09:25,565,0
0040,09:30,570,0
0040,09:35,575,0
0040,09:40,580,0
0040,09:45,585,0
0040,09:50,590,0
0040,09:55,595,0
0040,10:00,600,0
0040,10:05,605,0
0040,10:10,610,0
0040,10:15,615,0
0040,10:20,620,0
0040,10:25,625,0
0040,10:30,630,0
0040,10:35,635,0
0040,10:40,640,0
0040,10:45,645,0
0040,10:50,650,0
0040,10:55,655,0
0040,11:00,660,-889
0040,11:05,665,-889
0040,11:10,670,-1422
0040,11:15,675,-1422
0040,11:20,680,-1422
0040,11:25,685,-1422
0040,11:30,690,-2400
0040,11:35,695,-2400
0040,11:40,700,-2400
0040,11:45,705,2328
0040,11:50,710,2328
0040,11:55,715,2328
0040,12:00,720,2328
0040,12:05,725,1207
0040,12:10,730,1207
0040,12:15,735,1207
0040,12:20,740,1207
0040,12:25,745,1207
0040,12:30,750,1897
0040,12:35,755,1897
0040,12:40,760,1897
0040,12:45,765,1897
0040,12:50,770,6207
0040,12:55,775,6207
0040,13:00,780,6207
0040,13:05,785,9569
0040,13:10,790,9569
0040,13:15,795,9569
0040,13:20,800,9569
0040,13:25,805,8017
0040,13:30,810,8017
0040,13:35,815,8017
0040,13:40,820,8017
0040,13:45,825,8017
0040,13:50,830,6466
0040,13:55,835,6466
0040,14:00,840,6466
0040,14:05,845,6466
0040,14:10,850,5259
0040,14:15,855,5259
0040,14:20,860,5259
0040,14:25,865,5259
0040,14:30,870,6810
0040,14:35,875,6810
0040,14:40,880,6810
0040,14:45,885,7328
0040,14:50,890,7328
0040,14:55,895,7328
0040,15:00,900,7328
0040,15:05,905,7328
0040,15:10,910,6034
0040,15:15,915,6034
0040,15:20,920,6034
0040,15:25,925,6034
0040,15:30,930,5862
0040,15:35,935,5862
0040,15:40,940,5862
0040,15:45,945,8448
0040,15:50,950,8448
0040,15:55,955,8448
0040,16:00,960,8448
0040,16:05,965,8448
0040,16:10,970,7500
0040,16:15,975,7500
0040,16:20,980,7500
0040,16:25,985,7500
0040,16:30,990,5776
0040,16:35,995,5776
0040,16:40,1000,5776
0040,16:45,1005,5776
0040,16:50,1010,4310
0040,16:55,1015,4310
0040,17:00,1020,4310
0040,17:05,1025,4052
0040,17:10,1030,4052
0040,17:15,1035,4052
0040,17:20,1040,4052
0040,17:25,1045,4052
0040,17:30,1050,3448
0040,17:35,1055,3448
0040,17:40,1060,3448
0040,17:45,1065,3448
0040,17:50,1070,2672
0040,17:55,1075,2672
0040,18:00,1080,2672
0040,18:05,1085,2672
0040,18:10,1090,2586
0040,18:15,1095,2586
0040,18:20,1100,2586
0040,18:25,1105,2069
0040,18:30,1110,2069
0040,18:35,1115,2069
0040,18:40,1120,2069
0040,18:45,1125,2069
0040,18:50,1130,2069
0040,18:55,1135,2069
0040,19:00,1140,2069
0040,19:05,1145,2069
0040,19:10,1150,1207
0040,19:15,1155,1207
0040,19:20,1160,1207
0040,19:25,1165,1207
0040,19:30,1170,1207
0040,19:35,1175,1207
0040,19:40,1180,1207
0040,19:45,1185,431
0040,19:50,1190,431
0040,19:55,1195,431
0040,20:00,1200,431
0040,20:05,1205,431
0040,20:10,1210,345
0040,20:15,1215,345
0040,20:20,1220,345
0040,20:25,1225,345
0040,20:30,1230,345
0040,20:35,1235,345
0040,20:40,1240,345
0040,20:45,1245,-889
0040,20:50,1250,-889
0040,20:55,1255,-889
0040,21:00,1260,-889
0040,21:05,1265,-889
0040,21:10,1270,-1511
0040,21:15,1275,-1511
0040,21:20,1280,-1511
0040,21:25,1285,-1511
0040,21:30,1290,-1600
0040,21:35,1295,-1600
0040,21:40,1300,-1600
0040,21:45,1305,-1600
0040,21:50,1310,-1600
0040,21:55,1315,-1600
0040,22:00,1320,-1600
0040,22:05,1325,-2578
0040,22:10,1330,-2578
0040,22:15,1335,-2578
0040,22:20,1340,-2578
0040,22:25,1345,-2578
0040,22:30,1350,-2578
0040,22:35,1355,-2578
0040,22:40,1360,-2578
0040,22:45,1365,-2578
0040,22:50,1370,-2578
0040,22:55,1375,-2578
0040,23:00,1380,-2578
0040,23:05,1385,-2578
0040,23:10,1390,-2578
0040,23:15,1395,-2578
0040,23:16,1396,-2578
0040,23:20,1400,-2578
0041,09:00,540,0
0041,09:05,545,0
0041,09:10,550,0
0041,09:15,555,0
0041,09:20,560,0
0041,09:25,565,0
0041,09:30,570,0
0041,09:35,575,0
0041,09:40,580,0
0041,09:45,585,0
0041,09:50,590,0
0041,09:55,595,0
0041,10:00,600,0
0041,10:05,605,0
0041,10:10,610,0
0041,10:15,615,0
0041,10:20,620,0
0041,10:25,625,0
0041,10:30,630,0
0041,10:35,635,0
0041,10:40,640,0
0041,10:45,645,0
0041,10:50,650,0
0041,10:55,655,0
0041,11:00,660,0
0041,11:05,665,0
0041,11:10,670,0
0041,11:15,675,0
0041,11:20,680,0
0041,11:25,685,0
0041,11:30,690,0
0041,11:35,695,0
0041,11:40,700,0
0041,11:45,705,0
0041,11:50,710,0
0041,11:55,715,0
0041,12:00,720,0
0041,12:05,725,0
0041,12:10,730,0
0041,12:15,735,0
0041,12:20,740,0
0041,12:25,745,0
0041,12:30,750,0
0041,12:35,755,0
0041,12:40,760,0
0041,12:45,765,0
0041,12:50,770,-533
0041,12:55,775,-533
0041,13:00,780,-533
0041,13:05,785,-978
0041,13:10,790,-978
0041,13:15,795,-978
0041,13:20,800,-978
0041,13:25,805,-1067
0041,13:30,810,-1067
0041,13:35,815,-1067
0041,13:40,820,-1067
0041,13:45,825,-1067
0041,13:50,830,-1511
0041,13:55,835,-1511
0041,14:00,840,-1511
0041,14:05,845,-1511
0041,14:10,850,-2667
0041,14:15,855,-2667
0041,14:20,860,-2667
0041,14:25,865,-2667
0041,14:30,870,-4089
0041,14:35,875,-4089
0041,14:40,880,-4089
0041,14:45,885,-4978
0041,14:50,890,-4978
0041,14:55,895,-4978
0041,15:00,900,-4978
0041,15:05,905,-4978
0041,15:10,910,-6311
0041,15:15,915,-6311
0041,15:20,920,-6311
0041,15:25,925,-6311
0041,15:30,930,-7911
0041,15:35,935,-7911
0041,15:40,940,-7911
0041,15:45,945,-9333
0041,15:50,950,-9333
0041,15:55,955,-9333
0041,16:00,960,-9333
0041,16:05,965,-9333
0041,16:10,970,-7111
0041,16:15,975,-7111
0041,16:20,980,-7111
0041,16:25,985,-7111
0041,16:30,990,-5333
0041,16:35,995,-5333
0041,16:40,1000,-5333
0041,16:45,1005,-5333
0041,16:50,1010,-4800
0041,16:55,1015,-4800
0041,17:00,1020,-4800
0041,17:05,1025,-5422
0041,17:10,1030,-5422
0041,17:15,1035,-5422
0041,17:20,1040,-5422
0041,17:25,1045,-5422
0041,17:30,1050,-5600
0041,17:35,1055,-5600
0041,17:40,1060,-5600
0041,17:45,1065,-5600
0041,17:50,1070,-6844
0041,17:55,1075,-6844
0041,18:00,1080,-6844
0041,18:05,1085,-6844
0041,18:10,1090,-7556
0041,18:15,1095,-7556
0041,18:20,1100,-7556
0041,18:25,1105,-8533
0041,18:30,1110,-8533
0041,18:35,1115,-8533
0041,18:40,1120,-8533
0041,18:45,1125,-8533
0041,18:50,1130,-8356
0041,18:55,1135,-8356
0041,19:00,1140,-8356
0041,19:05,1145,-8356
0041,19:10,1150,-7556
0041,19:15,1155,-7556
0041,19:20,1160,-7556
0041,19:25,1165,-8711
0041,19:30,1170,-8711
0041,19:35,1175,-8711
0041,19:40,1180,-8711
0041,19:45,1185,-8711
0041,19:50,1190,-8711
0041,19:55,1195,-8711
0041,20:00,1200,-8711
0041,20:05,1205,-8711
0041,20:10,1210,-8711
0041,20:15,1215,-8711
0041,20:20,1220,-8711
0041,20:25,1225,-8711
0041,20:30,1230,-8978
0041,20:35,1235,-8978
0041,20:40,1240,-8978
0041,20:45,1245,-8978
0041,20:50,1250,-8978
0041,20:55,1255,-8978
0041,21:00,1260,-8978
0041,21:05,1265,-8978
0041,21:10,1270,-8978
0041,21:15,1275,-8978
0041,21:20,1280,-8978
0041,21:25,1285,-8978
0041,21:30,1290,-9244
0041,21:35,1295,-9244
0041,21:40,1300,-9244
0041,21:45,1305,-9244
0041,21:50,1310,-9244
0041,21:55,1315,-9244
0041,22:00,1320,-9244
0041,22:05,1325,-9244
0041,22:10,1330,-9244
0041,22:15,1335,-9244
0041,22:20,1340,-9244
0041,22:25,1345,-9244
0041,22:30,1350,-9244
0041,22:35,1355,-9244
0041,22:40,1360,-9244
0041,22:45,1365,-9244
0041,22:50,1370,-9244
0041,22:55,1375,-9244
0041,23:00,1380,-9244
0041,23:05,1385,-9244
0041,23:10,1390,-9244
0041,23:15,1395,-9244
0041,23:16,1396,-9244
0041,23:20,1400,-9244
0042,09:00,540,0
0042,09:05,545,0
0042,09:10,550,0
0042,09:15,555,0
0042,09:20,560,0
0042,09:25,565,0
0042,09:30,570,0
0042,09:35,575,0
0042,09:40,580,0
0042,09:45,585,0
0042,09:50,590,0
0042,09:55,595,0
0042,10:00,600,0
0042,10:05,605,0
0042,10:10,610,-178
0042,10:15,615,-178
0042,10:20,620,-178
0042,10:25,625,-1244
0042,10:30,630,-1244
0042,10:35,635,-1244
0042,10:40,640,-2311
0042,10:45,645,-2311
0042,10:50,650,-2311
0042,10:55,655,-2311
0042,11:00,660,-1244
0042,11:05,665,-1244
0042,11:10,670,-1244
0042,11:15,675,-1244
0042,11:20,680,-1244
0042,11:25,685,-1244
0042,11:30,690,1552
0042,11:35,695,1552
0042,11:40,700,1552
0042,11:45,705,172
0042,11:50,710,172
0042,11:55,715,172
0042,12:00,720,172
0042,12:05,725,-1067
0042,12:10,730,-1067
0042,12:15,735,-1067
0042,12:20,740,-1067
0042,12:25,745,-1067
0042,12:30,750,-1422
0042,12:35,755,-1422
0042,12:40,760,-1422
0042,12:45,765,-1422
0042,12:50,770,-2133
0042,12:55,775,-2133
0042,13:00,780,-2133
0042,13:05,785,-2133
0042,13:10,790,-2133
0042,13:15,795,-2133
0042,13:20,800,-2133
0042,13:25,805,-3200
0042,13:30,810,-3200
0042,13:35,815,-3200
0042,13:40,820,-3200
0042,13:45,825,-3200
0042,13:50,830,-3911
0042,13:55,835,-3911
0042,14:00,840,-3911
0042,14:05,845,-3911
0042,14:10,850,-4978
0042,14:15,855,-4978
0042,14:20,860,-4978
0042,14:25,865,-4978
0042,14:30,870,-6400
0042,14:35,875,-6400
0042,14:40,880,-6400
0042,14:45,885,-8000
0042,14:50,890,-8000
0042,14:55,895,-8000
0042,15:00,900,-8000
0042,15:05,905,-8000
0042,15:10,910,-9422
0042,15:15,915,-9422
0042,15:20,920,-9422
0042,15:25,925,-9422
0042,15:30,930,-10489
0042,15:35,935,-10489
0042,15:40,940,-10489
0042,15:45,945,-10489
0042,15:50,950,-10489
0042,15:55,955,-10489
0042,16:00,960,-10489
0042,16:05,965,-10489
0042,16:10,970,-10489
0042,16:15,975,-10489
0042,16:20,980,-10489
0042,16:25,985,-10489
0042,16:30,990,-11556
0042,16:35,995,-11556
0042,16:40,1000,-11556
0042,16:45,1005,-11556
0042,16:50,1010,-11911
0042,16:55,1015,-11911
0042,17:00,1020,-11911
0042,17:05,1025,-12267
0042,17:10,1030,-12267
0042,17:15,1035,-12267
0042,17:20,1040,-12267
0042,17:25,1045,-12267
0042,17:30,1050,-12089
0042,17:35,1055,-12089
0042,17:40,1060,-12089
0042,17:45,1065,-12089
0042,17:50,1070,-13689
0042,17:55,1075,-13689
0042,18:00,1080,-13689
0042,18:05,1085,-13689
0042,18:10,1090,-14933
0042,18:15,1095,-14933
0042,18:20,1100,-14933
0042,18:25,1105,-16356
0042,18:30,1110,-16356
0042,18:35,1115,-16356
0042,18:40,1120,-16356
0042,18:45,1125,-16356
0042,18:50,1130,-12800
0042,18:55,1135,-12800
0042,19:00,1140,-12800
0042,19:05,1145,-12800
0042,19:10,1150,-7289
0042,19:15,1155,-7289
0042,19:20,1160,-7289
0042,19:25,1165,1034
0042,19:30,1170,1034
0042,19:35,1175,1034
0042,19:40,1180,1034
0042,19:45,1185,5000
0042,19:50,1190,5000
0042,19:55,1195,5000
0042,20:00,1200,5000
0042,20:05,1205,5000
0042,20:10,1210,5000
0042,20:15,1215,5000
0042,20:20,1220,5000
0042,20:25,1225,5000
0042,20:30,1230,5000
0042,20:35,1235,5000
0042,20:40,1240,5000
0042,20:45,1245,5000
0042,20:50,1250,5000
0042,20:55,1255,5000
0042,21:00,1260,5000
0042,21:05,1265,5000
0042,21:10,1270,5000
0042,21:15,1275,5000
0042,21:20,1280,5000
0042,21:25,1285,5000
0042,21:30,1290,5000
0042,21:35,1295,5000
0042,21:40,1300,5000
0042,21:45,1305,4483
0042,21:50,1310,4483
0042,21:55,1315,4483
0042,22:00,1320,4483
0042,22:05,1325,4483
0042,22:10,1330,4483
0042,22:15,1335,4483
0042,22:20,1340,4483
0042,22:25,1345,4483
0042,22:30,1350,4483
0042,22:35,1355,4483
0042,22:40,1360,4483
0042,22:45,1365,4483
0042,22:50,1370,4483
0042,22:55,1375,4483
0042,23:00,1380,4483
0042,23:05,1385,4483
0042,23:10,1390,4483
0042,23:15,1395,4483
0042,23:16,1396,4483
0042,23:20,1400,4483
0043,09:00,540,0
0043,09:05,545,0
0043,09:10,550,0
0043,09:15,555,0
0043,09:20,560,0
0043,09:25,565,0
0043,09:30,570,0
0043,09:35,575,0
0043,09:40,580,0
0043,09:45,585,0
0043,09:50,590,0
0043,09:55,595,0
0043,10:00,600,0
0043,10:05,605,0
0043,10:10,610,0
0043,10:15,615,0
0043,10:20,620,0
0043,10:25,625,0
0043,10:30,630,0
0043,10:35,635,0
0043,10:40,640,0
0043,10:45,645,0
0043,10:50,650,0
0043,10:55,655,0
0043,11:00,660,0
0043,11:05,665,0
0043,11:10,670,0
0043,11:15,675,0
0043,11:20,680,0
0043,11:25,685,0
0043,11:30,690,-89
0043,11:35,695,-89
0043,11:40,700,-89
0043,11:45,705,-89
0043,11:50,710,-89
0043,11:55,715,-89
0043,12:00,720,-89
0043,12:05,725,-1067
0043,12:10,730,-1067
0043,12:15,735,-1067
0043,12:20,740,-1067
0043,12:25,745,-1067
0043,12:30,750,-1511
0043,12:35,755,-1511
0043,12:40,760,-1511
0043,12:45,765,-1511
0043,12:50,770,-1511
0043,12:55,775,-1511
0043,13:00,780,-1511
0043,13:05,785,-1511
0043,13:10,790,-1511
0043,13:15,795,-1511
0043,13:20,800,-1511
0043,13:25,805,-1511
0043,13:30,810,-1511
0043,13:35,815,-1511
0043,13:40,820,-1511
0043,13:45,825,-1511
0043,13:50,830,-1689
0043,13:55,835,-1689
0043,14:00,840,-1689
0043,14:05,845,-1689
0043,14:10,850,-2844
0043,14:15,855,-2844
0043,14:20,860,-2844
0043,14:25,865,-2844
0043,14:30,870,-3200
0043,14:35,875,-3200
0043,14:40,880,-3200
0043,14:45,885,2672
0043,14:50,890,2672
0043,14:55,895,2672
0043,15:00,900,2672
0043,15:05,905,2672
0043,15:10,910,1810
0043,15:15,915,1810
0043,15:20,920,1810
0043,15:25,925,1810
0043,15:30,930,2155
0043,15:35,935,2155
0043,15:40,940,2155
0043,15:45,945,1207
0043,15:50,950,1207
0043,15:55,955,1207
0043,16:00,960,1207
0043,16:05,965,1207
0043,16:10,970,0
0043,16:15,975,0
0043,16:20,980,0
0043,16:25,985,0
0043,16:30,990,-711
0043,16:35,995,-711
0043,16:40,1000,-711
0043,16:45,1005,-711
0043,16:50,1010,-711
0043,16:55,1015,-711
0043,17:00,1020,-711
0043,17:05,1025,-1422
0043,17:10,1030,-1422
0043,17:15,1035,-1422
0043,17:20,1040,-1422
0043,17:25,1045,-1422
0043,17:30,1050,-1511
0043,17:35,1055,-1511
0043,17:40,1060,-1511
0043,17:45,1065,-1511
0043,17:50,1070,-1511
0043,17:55,1075,-1511
0043,18:00,1080,-1511
0043,18:05,1085,-1511
0043,18:10,1090,-711
0043,18:15,1095,-711
0043,18:20,1100,-711
0043,18:25,1105,-889
0043,18:30,1110,-889
0043,18:35,1115,-889
0043,18:40,1120,-889
0043,18:45,1125,-889
0043,18:50,1130,1897
0043,18:55,1135,1897
0043,19:00,1140,1897
0043,19:05,1145,1897
0043,19:10,1150,4310
0043,19:15,1155,4310
0043,19:20,1160,4310
0043,19:25,1165,3966
0043,19:30,1170,3966
0043,19:35,1175,3966
0043,19:40,1180,3966
0043,19:45,1185,3966
0043,19:50,1190,3966
0043,19:55,1195,3966
0043,20:00,1200,3966
0043,20:05,1205,3966
0043,20:10,1210,3966
0043,20:15,1215,3966
0043,20:20,1220,3966
0043,20:25,1225,3966
0043,20:30,1230,3966
0043,20:35,1235,3966
0043,20:40,1240,3966
0043,20:45,1245,3276
0043,20:50,1250,3276
0043,20:55,1255,3276
0043,21:00,1260,3276
0043,21:05,1265,3276
0043,21:10,1270,3276
0043,21:15,1275,3276
0043,21:20,1280,3276
0043,21:25,1285,3276
0043,21:30,1290,3276
0043,21:35,1295,3276
0043,21:40,1300,3276
0043,21:45,1305,3276
0043,21:50,1310,3276
0043,21:55,1315,3276
0043,22:00,1320,3276
0043,22:05,1325,3276
0043,22:10,1330,3276
0043,22:15,1335,3276
0043,22:20,1340,3276
0043,22:25,1345,3276
0043,22:30,1350,3276
0043,22:35,1355,3276
0043,22:40,1360,3276
0043,22:45,1365,3276
0043,22:50,1370,3276
0043,22:55,1375,3276
0043,23:00,1380,3276
0043,23:05,1385,3276
0043,23:10,1390,3276
0043,23:15,1395,3276
0043,23:16,1396,3276
0043,23:20,1400,3276
0044,09:00,540,0
0044,09:05,545,0
0044,09:10,550,0
0044,09:15,555,0
0044,09:20,560,0
0044,09:25,565,0
0044,09:30,570,0
0044,09:35,575,0
0044,09:40,580,0
0044,09:45,585,0
0044,09:50,590,0
0044,09:55,595,0
0044,10:00,600,0
0044,10:05,605,0
0044,10:10,610,0
0044,10:15,615,0
0044,10:20,620,0
0044,10:25,625,0
0044,10:30,630,0
0044,10:35,635,0
0044,10:40,640,0
0044,10:45,645,0
0044,10:50,650,0
0044,10:55,655,0
0044,11:00,660,0
0044,11:05,665,0
0044,11:10,670,0
0044,11:15,675,0
0044,11:20,680,0
0044,11:25,685,0
0044,11:30,690,0
0044,11:35,695,0
0044,11:40,700,0
0044,11:45,705,-533
0044,11:50,710,-533
0044,11:55,715,-533
0044,12:00,720,-533
0044,12:05,725,-1511
0044,12:10,730,-1511
0044,12:15,735,-1511
0044,12:20,740,-1511
0044,12:25,745,-1511
0044,12:30,750,-2489
0044,12:35,755,-2489
0044,12:40,760,-2489
0044,12:45,765,-2489
0044,12:50,770,-3822
0044,12:55,775,-3822
0044,13:00,780,-3822
0044,13:05,785,-3289
0044,13:10,790,-3289
0044,13:15,795,-3289
0044,13:20,800,-3289
0044,13:25,805,-4800
0044,13:30,810,-4800
0044,13:35,815,-4800
0044,13:40,820,-4800
0044,13:45,825,-4800
0044,13:50,830,-5244
0044,13:55,835,-5244
0044,14:00,840,-5244
0044,14:05,845,-5244
0044,14:10,850,-6400
0044,14:15,855,-6400
0044,14:20,860,-6400
0044,14:25,865,-6400
0044,14:30,870,-7733
0044,14:35,875,-7733
0044,14:40,880,-7733
0044,14:45,885,-7022
0044,14:50,890,-7022
0044,14:55,895,-7022
0044,15:00,900,-7022
0044,15:05,905,-7022
0044,15:10,910,-8178
0044,15:15,915,-8178
0044,15:20,920,-8178
0044,15:25,925,-8178
0044,15:30,930,-6222
0044,15:35,935,-6222
0044,15:40,940,-6222
0044,15:45,945,-7556
0044,15:50,950,-7556
0044,15:55,955,-7556
0044,16:00,960,-7556
0044,16:05,965,-7556
0044,16:10,970,-3644
0044,16:15,975,-3644
0044,16:20,980,-3644
0044,16:25,985,-3644
0044,16:30,990,-3733
0044,16:35,995,-3733
0044,16:40,1000,-3733
0044,16:45,1005,-3733
0044,16:50,1010,-4267
0044,16:55,1015,-4267
0044,17:00,1020,-4267
0044,17:05,1025,-4800
0044,17:10,1030,-4800
0044,17:15,1035,-4800
0044,17:20,1040,-4800
0044,17:25,1045,-4800
0044,17:30,1050,-6400
0044,17:35,1055,-6400
0044,17:40,1060,-6400
0044,17:45,1065,-6400
0044,17:50,1070,-6933
0044,17:55,1075,-6933
0044,18:00,1080,-6933
0044,18:05,1085,-6933
0044,18:10,1090,-4978
0044,18:15,1095,-4978
0044,18:20,1100,-4978
0044,18:25,1105,-5956
0044,18:30,1110,-5956
0044,18:35,1115,-5956
0044,18:40,1120,-5956
0044,18:45,1125,-5956
0044,18:50,1130,-6222
0044,18:55,1135,-6222
0044,19:00,1140,-6222
0044,19:05,1145,-6222
0044,19:10,1150,-6311
0044,19:15,1155,-6311
0044,19:20,1160,-6311
0044,19:25,1165,-6933
0044,19:30,1170,-6933
0044,19:35,1175,-6933
0044,19:40,1180,-6933
0044,19:45,1185,-7822
0044,19:50,1190,-7822
0044,19:55,1195,-7822
0044,20:00,1200,-7822
0044,20:05,1205,-7822
0044,20:10,1210,-7822
0044,20:15,1215,-7822
0044,20:20,1220,-7822
0044,20:25,1225,-7822
0044,20:30,1230,-8178
0044,20:35,1235,-8178
0044,20:40,1240,-8178
0044,20:45,1245,-8178
0044,20:50,1250,-8178
0044,20:55,1255,-8178
0044,21:00,1260,-8178
0044,21:05,1265,-8178
0044,21:10,1270,-8178
0044,21:15,1275,-8178
0044,21:20,1280,-8178
0044,21:25,1285,-8178
0044,21:30,1290,-8178
0044,21:35,1295,-8178
0044,21:40,1300,-8178
0044,21:45,1305,-8178
0044,21:50,1310,-8178
0044,21:55,1315,-8178
0044,22:00,1320,-8178
0044,22:05,1325,-8178
0044,22:10,1330,-8178
0044,22:15,1335,-8178
0044,22:20,1340,-8178
0044,22:25,1345,-8178
0044,22:30,1350,-8178
0044,22:35,1355,-8178
0044,22:40,1360,-8178
0044,22:45,1365,-8178
0044,22:50,1370,-8178
0044,22:55,1375,-8178
0044,23:00,1380,-8178
0044,23:05,1385,-8178
0044,23:10,1390,-8178
0044,23:15,1395,-8178
0044,23:16,1396,-8178
0044,23:20,1400,-8178
0045,09:00,540,0
0045,09:05,545,0
0045,09:10,550,0
0045,09:15,555,0
0045,09:20,560,0
0045,09:25,565,0
0045,09:30,570,0
0045,09:35,575,0
0045,09:40,580,0
0045,09:45,585,0
0045,09:50,590,0
0045,09:55,595,0
0045,10:00,600,0
0045,10:05,605,0
0045,10:10,610,0
0045,10:15,615,0
0045,10:20,620,0
0045,10:25,625,0
0045,10:30,630,0
0045,10:35,635,0
0045,10:40,640,0
0045,10:45,645,0
0045,10:50,650,0
0045,10:55,655,0
0045,11:00,660,0
0045,11:05,665,0
0045,11:10,670,0
0045,11:15,675,0
0045,11:20,680,0
0045,11:25,685,0
0045,11:30,690,0
0045,11:35,695,0
0045,11:40,700,0
0045,11:45,705,0
0045,11:50,710,0
0045,11:55,715,0
0045,12:00,720,0
0045,12:05,725,0
0045,12:10,730,0
0045,12:15,735,0
0045,12:20,740,0
0045,12:25,745,0
0045,12:30,750,-711
0045,12:35,755,-711
0045,12:40,760,-711
0045,12:45,765,-711
0045,12:50,770,-1511
0045,12:55,775,-1511
0045,13:00,780,-1511
0045,13:05,785,-1511
0045,13:10,790,-1511
0045,13:15,795,-1511
0045,13:20,800,-1511
0045,13:25,805,-1511
0045,13:30,810,-1511
0045,13:35,815,-1511
0045,13:40,820,-1511
0045,13:45,825,-1511
0045,13:50,830,-1600
0045,13:55,835,-1600
0045,14:00,840,-1600
0045,14:05,845,-1600
0045,14:10,850,-1956
0045,14:15,855,-1956
0045,14:20,860,-1956
0045,14:25,865,-1956
0045,14:30,870,-2667
0045,14:35,875,-2667
0045,14:40,880,-2667
0045,14:45,885,-4089
0045,14:50,890,-4089
0045,14:55,895,-4089
0045,15:00,900,-4089
0045,15:05,905,-4089
0045,15:10,910,-4711
0045,15:15,915,-4711
0045,15:20,920,-4711
0045,15:25,925,-4711
0045,15:30,930,-5778
0045,15:35,935,-5778
0045,15:40,940,-5778
0045,15:45,945,-5333
0045,15:50,950,-5333
0045,15:55,955,-5333
0045,16:00,960,-5333
0045,16:05,965,-5333
0045,16:10,970,-5867
0045,16:15,975,-5867
0045,16:20,980,-5867
0045,16:25,985,-5867
0045,16:30,990,-7289
0045,16:35,995,-7289
0045,16:40,1000,-7289
0045,16:45,1005,-7289
0045,16:50,1010,-7733
0045,16:55,1015,-7733
0045,17:00,1020,-7733
0045,17:05,1025,-8267
0045,17:10,1030,-8267
0045,17:15,1035,-8267
0045,17:20,1040,-8267
0045,17:25,1045,-8267
0045,17:30,1050,-8267
0045,17:35,1055,-8267
0045,17:40,1060,-8267
0045,17:45,1065,-8267
0045,17:50,1070,-8267
0045,17:55,1075,-8267
0045,18:00,1080,-8267
0045,18:05,1085,-8267
0045,18:10,1090,-8267
0045,18:15,1095,-8267
0045,18:20,1100,-8267
0045,18:25,1105,-8711
0045,18:30,1110,-8711
0045,18:35,1115,-8711
0045,18:40,1120,-8711
0045,18:45,1125,-8711
0045,18:50,1130,-6489
0045,18:55,1135,-6489
0045,19:00,1140,-6489
0045,19:05,1145,-6489
0045,19:10,1150,-5600
0045,19:15,1155,-5600
0045,19:20,1160,-5600
0045,19:25,1165,-6489
0045,19:30,1170,-6489
0045,19:35,1175,-6489
0045,19:40,1180,-6489
0045,19:45,1185,-7467
0045,19:50,1190,-7467
0045,19:55,1195,-7467
0045,20:00,1200,-7467
0045,20:05,1205,-7467
0045,20:10,1210,-7467
0045,20:15,1215,-7467
0045,20:20,1220,-7467
0045,20:25,1225,-7467
0045,20:30,1230,-7467
0045,20:35,1235,-7467
0045,20:40,1240,-7467
0045,20:45,1245,-7467
0045,20:50,1250,-7467
0045,20:55,1255,-7467
0045,21:00,1260,-7467
0045,21:05,1265,-7467
0045,21:10,1270,-7467
0045,21:15,1275,-7467
0045,21:20,1280,-7467
0045,21:25,1285,-7467
0045,21:30,1290,-7467
0045,21:35,1295,-7467
0045,21:40,1300,-7467
0045,21:45,1305,-7467
0045,21:50,1310,-7467
0045,21:55,1315,-7467
0045,22:00,1320,-7467
0045,22:05,1325,-7467
0045,22:10,1330,-7467
0045,22:15,1335,-7467
0045,22:20,1340,-7467
0045,22:25,1345,-7467
0045,22:30,1350,-7467
0045,22:35,1355,-7467
0045,22:40,1360,-7467
0045,22:45,1365,-7467
0045,22:50,1370,-7467
0045,22:55,1375,-7467
0045,23:00,1380,-7467
0045,23:05,1385,-7467
0045,23:10,1390,-7467
0045,23:15,1395,-7467
0045,23:16,1396,-7467
0045,23:20,1400,-7467
0046,09:00,540,0
0046,09:05,545,0
0046,09:10,550,0
0046,09:15,555,0
0046,09:20,560,0
0046,09:25,565,0
0046,09:30,570,0
0046,09:35,575,0
0046,09:40,580,0
0046,09:45,585,0
0046,09:50,590,0
0046,09:55,595,0
0046,10:00,600,0
0046,10:05,605,0
0046,10:10,610,0
0046,10:15,615,0
0046,10:20,620,0
0046,10:25,625,0
0046,10:30,630,0
0046,10:35,635,0
0046,10:40,640,0
0046,10:45,645,0
0046,10:50,650,0
0046,10:55,655,0
0046,11:00,660,0
0046,11:05,665,0
0046,11:10,670,0
0046,11:15,675,0
0046,11:20,680,0
0046,11:25,685,0
0046,11:30,690,-1067
0046,11:35,695,-1067
0046,11:40,700,-1067
0046,11:45,705,-2489
0046,11:50,710,-2489
0046,11:55,715,-2489
0046,12:00,720,-2489
0046,12:05,725,-1600
0046,12:10,730,-1600
0046,12:15,735,-1600
0046,12:20,740,-1600
0046,12:25,745,-1600
0046,12:30,750,-3200
0046,12:35,755,-3200
0046,12:40,760,-3200
0046,12:45,765,-3200
0046,12:50,770,-1067
0046,12:55,775,-1067
0046,13:00,780,-1067
0046,13:05,785,-1244
0046,13:10,790,-1244
0046,13:15,795,-1244
0046,13:20,800,-1244
0046,13:25,805,-533
0046,13:30,810,-533
0046,13:35,815,-533
0046,13:40,820,-533
0046,13:45,825,-533
0046,13:50,830,-533
0046,13:55,835,-533
0046,14:00,840,-533
0046,14:05,845,-533
0046,14:10,850,-533
0046,14:15,855,-533
0046,14:20,860,-533
0046,14:25,865,-533
0046,14:30,870,-1244
0046,14:35,875,-1244
0046,14:40,880,-1244
0046,14:45,885,-2667
0046,14:50,890,-2667
0046,14:55,895,-2667
0046,15:00,900,-2667
0046,15:05,905,-2667
0046,15:10,910,-3556
0046,15:15,915,-3556
0046,15:20,920,-3556
0046,15:25,925,-3556
0046,15:30,930,-4444
0046,15:35,935,-4444
0046,15:40,940,-4444
0046,15:45,945,-5867
0046,15:50,950,-5867
0046,15:55,955,-5867
0046,16:00,960,-5867
0046,16:05,965,-5867
0046,16:10,970,-6933
0046,16:15,975,-6933
0046,16:20,980,-6933
0046,16:25,985,-6933
0046,16:30,990,-8533
0046,16:35,995,-8533
0046,16:40,1000,-8533
0046,16:45,1005,-8533
0046,16:50,1010,-9778
0046,16:55,1015,-9778
0046,17:00,1020,-9778
0046,17:05,1025,-9244
0046,17:10,1030,-9244
0046,17:15,1035,-9244
0046,17:20,1040,-9244
0046,17:25,1045,-9244
0046,17:30,1050,-10667
0046,17:35,1055,-10667
0046,17:40,1060,-10667
0046,17:45,1065,-10667
0046,17:50,1070,-10667
0046,17:55,1075,-10667
0046,18:00,1080,-10667
0046,18:05,1085,-10667
0046,18:10,1090,-10844
0046,18:15,1095,-10844
0046,18:20,1100,-10844
0046,18:25,1105,-10844
0046,18:30,1110,-10844
0046,18:35,1115,-10844
0046,18:40,1120,-10844
0046,18:45,1125,-10844
0046,18:50,1130,-10844
0046,18:55,1135,-10844
0046,19:00,1140,-10844
0046,19:05,1145,-10844
0046,19:10,1150,-10844
0046,19:15,1155,-10844
0046,19:20,1160,-10844
0046,19:25,1165,-10844
0046,19:30,1170,-10844
0046,19:35,1175,-10844
0046,19:40,1180,-10844
0046,19:45,1185,-10844
0046,19:50,1190,-10844
0046,19:55,1195,-10844
0046,20:00,1200,-10844
0046,20:05,1205,-10844
0046,20:10,1210,-10844
0046,20:15,1215,-10844
0046,20:20,1220,-10844
0046,20:25,1225,-10844
0046,20:30,1230,-11733
0046,20:35,1235,-11733
0046,20:40,1240,-11733
0046,20:45,1245,-11733
0046,20:50,1250,-11733
0046,20:55,1255,-11733
0046,21:00,1260,-11733
0046,21:05,1265,-11733
0046,21:10,1270,-11733
0046,21:15,1275,-11733
0046,21:20,1280,-11733
0046,21:25,1285,-11733
0046,21:30,1290,-11733
0046,21:35,1295,-11733
0046,21:40,1300,-11733
0046,21:45,1305,-11733
0046,21:50,1310,-11733
0046,21:55,1315,-11733
0046,22:00,1320,-11733
0046,22:05,1325,-11733
0046,22:10,1330,-11733
0046,22:15,1335,-11733
0046,22:20,1340,-11733
0046,22:25,1345,-11733
0046,22:30,1350,-11733
0046,22:35,1355,-11733
0046,22:40,1360,-11733
0046,22:45,1365,-11733
0046,22:50,1370,-11733
0046,22:55,1375,-11733
0046,23:00,1380,-11733
0046,23:05,1385,-11733
0046,23:10,1390,-11733
0046,23:15,1395,-11733
0046,23:16,1396,-11733
0046,23:20,1400,-11733
0047,09:00,540,0
0047,09:05,545,0
0047,09:10,550,0
0047,09:15,555,0
0047,09:20,560,0
0047,09:25,565,0
0047,09:30,570,0
0047,09:35,575,0
0047,09:40,580,0
0047,09:45,585,0
0047,09:50,590,0
0047,09:55,595,0
0047,10:00,600,0
0047,10:05,605,0
0047,10:10,610,0
0047,10:15,615,0
0047,10:20,620,0
0047,10:25,625,0
0047,10:30,630,0
0047,10:35,635,0
0047,10:40,640,0
0047,10:45,645,0
0047,10:50,650,0
0047,10:55,655,0
0047,11:00,660,0
0047,11:05,665,0
0047,11:10,670,0
0047,11:15,675,0
0047,11:20,680,0
0047,11:25,685,0
0047,11:30,690,-1333
0047,11:35,695,-1333
0047,11:40,700,-1333
0047,11:45,705,-2667
0047,11:50,710,-2667
0047,11:55,715,-2667
0047,12:00,720,-2667
0047,12:05,725,-3733
0047,12:10,730,-3733
0047,12:15,735,-3733
0047,12:20,740,-3733
0047,12:25,745,-3733
0047,12:30,750,-5333
0047,12:35,755,-5333
0047,12:40,760,-5333
0047,12:45,765,-5333
0047,12:50,770,-2044
0047,12:55,775,-2044
0047,13:00,780,-2044
0047,13:05,785,2586
0047,13:10,790,2586
0047,13:15,795,2586
0047,13:20,800,2586
0047,13:25,805,6466
0047,13:30,810,6466
0047,13:35,815,6466
0047,13:40,820,6466
0047,13:45,825,6466
0047,13:50,830,6466
0047,13:55,835,6466
0047,14:00,840,6466
0047,14:05,845,6466
0047,14:10,850,6466
0047,14:15,855,6466
0047,14:20,860,6466
0047,14:25,865,6466
0047,14:30,870,5776
0047,14:35,875,5776
0047,14:40,880,5776
0047,14:45,885,4224
0047,14:50,890,4224
0047,14:55,895,4224
0047,15:00,900,4224
0047,15:05,905,4224
0047,15:10,910,3190
0047,15:15,915,3190
0047,15:20,920,3190
0047,15:25,925,3190
0047,15:30,930,2241
0047,15:35,935,2241
0047,15:40,940,2241
0047,15:45,945,2414
0047,15:50,950,2414
0047,15:55,955,2414
0047,16:00,960,2414
0047,16:05,965,2414
0047,16:10,970,5086
0047,16:15,975,5086
0047,16:20,980,5086
0047,16:25,985,5086
0047,16:30,990,4655
0047,16:35,995,4655
0047,16:40,1000,4655
0047,16:45,1005,4655
0047,16:50,1010,3103
0047,16:55,1015,3103
0047,17:00,1020,3103
0047,17:05,1025,1983
0047,17:10,1030,1983
0047,17:15,1035,1983
0047,17:20,1040,1983
0047,17:25,1045,1983
0047,17:30,1050,3793
0047,17:35,1055,3793
0047,17:40,1060,3793
0047,17:45,1065,3793
0047,17:50,1070,2759
0047,17:55,1075,2759
0047,18:00,1080,2759
0047,18:05,1085,2759
0047,18:10,1090,3276
0047,18:15,1095,3276
0047,18:20,1100,3276
0047,18:25,1105,2155
0047,18:30,1110,2155
0047,18:35,1115,2155
0047,18:40,1120,2155
0047,18:45,1125,2155
0047,18:50,1130,603
0047,18:55,1135,603
0047,19:00,1140,603
0047,19:05,1145,603
0047,19:10,1150,862
0047,19:15,1155,862
0047,19:20,1160,862
0047,19:25,1165,1724
0047,19:30,1170,1724
0047,19:35,1175,1724
0047,19:40,1180,1724
0047,19:45,1185,1207
0047,19:50,1190,1207
0047,19:55,1195,1207
0047,20:00,1200,1207
0047,20:05,1205,1207
0047,20:10,1210,4052
0047,20:15,1215,4052
0047,20:20,1220,4052
0047,20:25,1225,4052
0047,20:30,1230,2241
0047,20:35,1235,2241
0047,20:40,1240,2241
0047,20:45,1245,1897
0047,20:50,1250,1897
0047,20:55,1255,1897
0047,21:00,1260,1897
0047,21:05,1265,1897
0047,21:10,1270,1552
0047,21:15,1275,1552
0047,21:20,1280,1552
0047,21:25,1285,1552
0047,21:30,1290,1293
0047,21:35,1295,1293
0047,21:40,1300,1293
0047,21:45,1305,1293
0047,21:50,1310,1293
0047,21:55,1315,1293
0047,22:00,1320,1293
0047,22:05,1325,1293
0047,22:10,1330,1293
0047,22:15,1335,1293
0047,22:20,1340,1293
0047,22:25,1345,1293
0047,22:30,1350,1293
0047,22:35,1355,1293
0047,22:40,1360,1293
0047,22:45,1365,1293
0047,22:50,1370,1293
0047,22:55,1375,1293
0047,23:00,1380,1293
0047,23:05,1385,1293
0047,23:10,1390,1293
0047,23:15,1395,1293
0047,23:16,1396,1293
0047,23:20,1400,1293
0048,09:00,540,0
0048,09:05,545,0
0048,09:10,550,0
0048,09:15,555,0
0048,09:20,560,0
0048,09:25,565,0
0048,09:30,570,0
0048,09:35,575,0
0048,09:40,580,0
0048,09:45,585,0
0048,09:50,590,0
0048,09:55,595,0
0048,10:00,600,0
0048,10:05,605,0
0048,10:10,610,0
0048,10:15,615,0
0048,10:20,620,0
0048,10:25,625,-711
0048,10:30,630,-711
0048,10:35,635,-711
0048,10:40,640,-1600
0048,10:45,645,-1600
0048,10:50,650,-1600
0048,10:55,655,-1600
0048,11:00,660,-2844
0048,11:05,665,-2844
0048,11:10,670,-3200
0048,11:15,675,-3200
0048,11:20,680,-3200
0048,11:25,685,-3200
0048,11:30,690,-3200
0048,11:35,695,-3200
0048,11:40,700,-3200
0048,11:45,705,-3200
0048,11:50,710,-3200
0048,11:55,715,-3200
0048,12:00,720,-3200
0048,12:05,725,-3911
0048,12:10,730,-3911
0048,12:15,735,-3911
0048,12:20,740,-3911
0048,12:25,745,-3911
0048,12:30,750,-5689
0048,12:35,755,-5689
0048,12:40,760,-5689
0048,12:45,765,-5689
0048,12:50,770,-5156
0048,12:55,775,-5156
0048,13:00,780,-5156
0048,13:05,785,-6400
0048,13:10,790,-6400
0048,13:15,795,-6400
0048,13:20,800,-6400
0048,13:25,805,-7644
0048,13:30,810,-7644
0048,13:35,815,-7644
0048,13:40,820,-7644
0048,13:45,825,-7644
0048,13:50,830,-8000
0048,13:55,835,-8000
0048,14:00,840,-8000
0048,14:05,845,-8000
0048,14:10,850,-8178
0048,14:15,855,-8178
0048,14:20,860,-8178
0048,14:25,865,-8178
0048,14:30,870,-8178
0048,14:35,875,-8178
0048,14:40,880,-8178
0048,14:45,885,-8178
0048,14:50,890,-8178
0048,14:55,895,-8178
0048,15:00,900,-8178
0048,15:05,905,-8178
0048,15:10,910,-8356
0048,15:15,915,-8356
0048,15:20,920,-8356
0048,15:25,925,-8356
0048,15:30,930,-5867
0048,15:35,935,-5867
0048,15:40,940,-5867
0048,15:45,945,-1600
0048,15:50,950,-1600
0048,15:55,955,-1600
0048,16:00,960,-1600
0048,16:05,965,-1600
0048,16:10,970,172
0048,16:15,975,172
0048,16:20,980,172
0048,16:25,985,172
0048,16:30,990,3276
0048,16:35,995,3276
0048,16:40,1000,3276
0048,16:45,1005,3276
0048,16:50,1010,4483
0048,16:55,1015,4483
0048,17:00,1020,4483
0048,17:05,1025,4138
0048,17:10,1030,4138
0048,17:15,1035,4138
0048,17:20,1040,4138
0048,17:25,1045,4138
0048,17:30,1050,4138
0048,17:35,1055,4138
0048,17:40,1060,4138
0048,17:45,1065,4138
0048,17:50,1070,4138
0048,17:55,1075,4138
0048,18:00,1080,4138
0048,18:05,1085,4138
0048,18:10,1090,3276
0048,18:15,1095,3276
0048,18:20,1100,3276
0048,18:25,1105,2069
0048,18:30,1110,2069
0048,18:35,1115,2069
0048,18:40,1120,2069
0048,18:45,1125,2069
0048,18:50,1130,1207
0048,18:55,1135,1207
0048,19:00,1140,1207
0048,19:05,1145,1207
0048,19:10,1150,0
0048,19:15,1155,0
0048,19:20,1160,0
0048,19:25,1165,-356
0048,19:30,1170,-356
0048,19:35,1175,-356
0048,19:40,1180,-356
0048,19:45,1185,-889
0048,19:50,1190,-889
0048,19:55,1195,-889
0048,20:00,1200,-889
0048,20:05,1205,-889
0048,20:10,1210,-1422
0048,20:15,1215,-1422
0048,20:20,1220,-1422
0048,20:25,1225,-1422
0048,20:30,1230,-1422
0048,20:35,1235,-1422
0048,20:40,1240,-1422
0048,20:45,1245,-1422
0048,20:50,1250,-1422
0048,20:55,1255,-1422
0048,21:00,1260,-1422
0048,21:05,1265,-1422
0048,21:10,1270,-1422
0048,21:15,1275,-1422
0048,21:20,1280,-1422
0048,21:25,1285,-1422
0048,21:30,1290,1207
0048,21:35,1295,1207
0048,21:40,1300,1207
0048,21:45,1305,7759
0048,21:50,1310,7759
0048,21:55,1315,7759
0048,22:00,1320,7759
0048,22:05,1325,11897
0048,22:10,1330,11897
0048,22:15,1335,11897
0048,22:20,1340,11897
0048,22:25,1345,11897
0048,22:30,1350,18448
0048,22:35,1355,18448
0048,22:40,1360,18448
0048,22:45,1365,18448
0048,22:50,1370,18448
0048,22:55,1375,18448
0048,23:00,1380,18448
0048,23:05,1385,18448
0048,23:10,1390,18448
0048,23:15,1395,18448
0048,23:16,1396,18448
0048,23:20,1400,18448
0049,09:00,540,0
0049,09:05,545,0
0049,09:10,550,0
0049,09:15,555,0
0049,09:20,560,0
0049,09:25,565,0
0049,09:30,570,0
0049,09:35,575,0
0049,09:40,580,0
0049,09:45,585,0
0049,09:50,590,0
0049,09:55,595,0
0049,10:00,600,0
0049,10:05,605,0
0049,10:10,610,0
0049,10:15,615,0
0049,10:20,620,0
0049,10:25,625,0
0049,10:30,630,0
0049,10:35,635,0
0049,10:40,640,0
0049,10:45,645,0
0049,10:50,650,0
0049,10:55,655,0
0049,11:00,660,0
0049,11:05,665,0
0049,11:10,670,0
0049,11:15,675,0
0049,11:20,680,0
0049,11:25,685,0
0049,11:30,690,0
0049,11:35,695,0
0049,11:40,700,0
0049,11:45,705,0
0049,11:50,710,0
0049,11:55,715,0
0049,12:00,720,0
0049,12:05,725,0
0049,12:10,730,0
0049,12:15,735,0
0049,12:20,740,0
0049,12:25,745,0
0049,12:30,750,0
0049,12:35,755,0
0049,12:40,760,0
0049,12:45,765,0
0049,12:50,770,0
0049,12:55,775,0
0049,13:00,780,0
0049,13:05,785,0
0049,13:10,790,0
0049,13:15,795,0
0049,13:20,800,0
0049,13:25,805,0
0049,13:30,810,0
0049,13:35,815,0
0049,13:40,820,0
0049,13:45,825,0
0049,13:50,830,0
0049,13:55,835,0
0049,14:00,840,0
0049,14:05,845,0
0049,14:10,850,-800
0049,14:15,855,-800
0049,14:20,860,-800
0049,14:25,865,-800
0049,14:30,870,-2133
0049,14:35,875,-2133
0049,14:40,880,-2133
0049,14:45,885,-2933
0049,14:50,890,-2933
0049,14:55,895,-2933
0049,15:00,900,-2933
0049,15:05,905,-2933
0049,15:10,910,-3644
0049,15:15,915,-3644
0049,15:20,920,-3644
0049,15:25,925,-3644
0049,15:30,930,-2578
0049,15:35,935,-2578
0049,15:40,940,-2578
0049,15:45,945,-2578
0049,15:50,950,-2578
0049,15:55,955,-2578
0049,16:00,960,-2578
0049,16:05,965,-2578
0049,16:10,970,-2667
0049,16:15,975,-2667
0049,16:20,980,-2667
0049,16:25,985,-2667
0049,16:30,990,-1778
0049,16:35,995,-1778
0049,16:40,1000,-1778
0049,16:45,1005,-1778
0049,16:50,1010,-2489
0049,16:55,1015,-2489
0049,17:00,1020,-2489
0049,17:05,1025,-3022
0049,17:10,1030,-3022
0049,17:15,1035,-3022
0049,17:20,1040,-3022
0049,17:25,1045,-3022
0049,17:30,1050,-3822
0049,17:35,1055,-3822
0049,17:40,1060,-3822
0049,17:45,1065,-3822
0049,17:50,1070,-4622
0049,17:55,1075,-4622
0049,18:00,1080,-4622
0049,18:05,1085,-4622
0049,18:10,1090,-4622
0049,18:15,1095,-4622
0049,18:20,1100,-4622
0049,18:25,1105,-4622
0049,18:30,1110,-4622
0049,18:35,1115,-4622
0049,18:40,1120,-4622
0049,18:45,1125,-4622
0049,18:50,1130,-4622
0049,18:55,1135,-4622
0049,19:00,1140,-4622
0049,19:05,1145,-4622
0049,19:10,1150,-4622
0049,19:15,1155,-4622
0049,19:20,1160,-4622
0049,19:25,1165,-5600
0049,19:30,1170,-5600
0049,19:35,1175,-5600
0049,19:40,1180,-5600
0049,19:45,1185,-5689
0049,19:50,1190,-5689
0049,19:55,1195,-5689
0049,20:00,1200,-5689
0049,20:05,1205,-5689
0049,20:10,1210,-5689
0049,20:15,1215,-5689
0049,20:20,1220,-5689
0049,20:25,1225,-5689
0049,20:30,1230,-5689
0049,20:35,1235,-5689
0049,20:40,1240,-5689
0049,20:45,1245,-5689
0049,20:50,1250,-5689
0049,20:55,1255,-5689
0049,21:00,1260,-5689
0049,21:05,1265,-5689
0049,21:10,1270,-5689
0049,21:15,1275,-5689
0049,21:20,1280,-5689
0049,21:25,1285,-5689
0049,21:30,1290,-5689
0049,21:35,1295,-5689
0049,21:40,1300,-5689
0049,21:45,1305,-5689
0049,21:50,1310,-5689
0049,21:55,1315,-5689
0049,22:00,1320,-5689
0049,22:05,1325,-5689
0049,22:10,1330,-5689
0049,22:15,1335,-5689
0049,22:20,1340,-5689
0049,22:25,1345,-5689
0049,22:30,1350,-5689
0049,22:35,1355,-5689
0049,22:40,1360,-5689
0049,22:45,1365,-5689
0049,22:50,1370,-5689
0049,22:55,1375,-5689
0049,23:00,1380,-5689
0049,23:05,1385,-5689
0049,23:10,1390,-5689
0049,23:15,1395,-5689
0049,23:16,1396,-5689
0049,23:20,1400,-5689
0050,09:00,540,0
0050,09:05,545,0
0050,09:10,550,0
0050,09:15,555,0
0050,09:20,560,0
0050,09:25,565,0
0050,09:30,570,0
0050,09:35,575,0
0050,09:40,580,0
0050,09:45,585,0
0050,09:50,590,0
0050,09:55,595,0
0050,10:00,600,0
0050,10:05,605,0
0050,10:10,610,0
0050,10:15,615,0
0050,10:20,620,0
0050,10:25,625,-711
0050,10:30,630,-711
0050,10:35,635,-711
0050,10:40,640,-1244
0050,10:45,645,-1244
0050,10:50,650,-1244
0050,10:55,655,-1244
0050,11:00,660,-1244
0050,11:05,665,-1244
0050,11:10,670,-1244
0050,11:15,675,-1244
0050,11:20,680,-1244
0050,11:25,685,-1244
0050,11:30,690,-2489
0050,11:35,695,-2489
0050,11:40,700,-2489
0050,11:45,705,-3911
0050,11:50,710,-3911
0050,11:55,715,-3911
0050,12:00,720,-3911
0050,12:05,725,-5156
0050,12:10,730,-5156
0050,12:15,735,-5156
0050,12:20,740,-5156
0050,12:25,745,-5156
0050,12:30,750,-6933
0050,12:35,755,-6933
0050,12:40,760,-6933
0050,12:45,765,-6933
0050,12:50,770,-8356
0050,12:55,775,-8356
0050,13:00,780,-8356
0050,13:05,785,-9778
0050,13:10,790,-9778
0050,13:15,795,-9778
0050,13:20,800,-9778
0050,13:25,805,-6578
0050,13:30,810,-6578
0050,13:35,815,-6578
0050,13:40,820,-6578
0050,13:45,825,-6578
0050,13:50,830,-2311
0050,13:55,835,-2311
0050,14:00,840,-2311
0050,14:05,845,-2311
0050,14:10,850,-3378
0050,14:15,855,-3378
0050,14:20,860,-3378
0050,14:25,865,-3378
0050,14:30,870,-3378
0050,14:35,875,-3378
0050,14:40,880,-3378
0050,14:45,885,-2844
0050,14:50,890,-2844
0050,14:55,895,-2844
0050,15:00,900,-2844
0050,15:05,905,-2844
0050,15:10,910,-4089
0050,15:15,915,-4089
0050,15:20,920,-4089
0050,15:25,925,-4089
0050,15:30,930,-2311
0050,15:35,935,-2311
0050,15:40,940,-2311
0050,15:45,945,-2133
0050,15:50,950,-2133
0050,15:55,955,-2133
0050,16:00,960,-2133
0050,16:05,965,-2133
0050,16:10,970,-3378
0050,16:15,975,-3378
0050,16:20,980,-3378
0050,16:25,985,-3378
0050,16:30,990,-3378
0050,16:35,995,-3378
0050,16:40,1000,-3378
0050,16:45,1005,-3378
0050,16:50,1010,-4978
0050,16:55,1015,-4978
0050,17:00,1020,-4978
0050,17:05,1025,-6400
0050,17:10,1030,-6400
0050,17:15,1035,-6400
0050,17:20,1040,-6400
0050,17:25,1045,-6400
0050,17:30,1050,-8178
0050,17:35,1055,-8178
0050,17:40,1060,-8178
0050,17:45,1065,-8178
0050,17:50,1070,-5867
0050,17:55,1075,-5867
0050,18:00,1080,-5867
0050,18:05,1085,-5867
0050,18:10,1090,-7111
0050,18:15,1095,-7111
0050,18:20,1100,-7111
0050,18:25,1105,-8711
0050,18:30,1110,-8711
0050,18:35,1115,-8711
0050,18:40,1120,-8711
0050,18:45,1125,-8711
0050,18:50,1130,-9778
0050,18:55,1135,-9778
0050,19:00,1140,-9778
0050,19:05,1145,-9778
0050,19:10,1150,-10844
0050,19:15,1155,-10844
0050,19:20,1160,-10844
0050,19:25,1165,-11200
0050,19:30,1170,-11200
0050,19:35,1175,-11200
0050,19:40,1180,-11200
0050,19:45,1185,-11556
0050,19:50,1190,-11556
0050,19:55,1195,-11556
0050,20:00,1200,-11556
0050,20:05,1205,-11556
0050,20:10,1210,-11733
0050,20:15,1215,-11733
0050,20:20,1220,-11733
0050,20:25,1225,-11733
0050,20:30,1230,-12089
0050,20:35,1235,-12089
0050,20:40,1240,-12089
0050,20:45,1245,-12089
0050,20:50,1250,-12089
0050,20:55,1255,-12089
0050,21:00,1260,-12089
0050,21:05,1265,-12089
0050,21:10,1270,-12089
0050,21:15,1275,-12089
0050,21:20,1280,-12089
0050,21:25,1285,-12089
0050,21:30,1290,-12089
0050,21:35,1295,-12089
0050,21:40,1300,-12089
0050,21:45,1305,-12089
0050,21:50,1310,-12089
0050,21:55,1315,-12089
0050,22:00,1320,-12089
0050,22:05,1325,-12089
0050,22:10,1330,-12089
0050,22:15,1335,-12089
0050,22:20,1340,-12089
0050,22:25,1345,-12089
0050,22:30,1350,-12089
0050,22:35,1355,-12089
0050,22:40,1360,-12089
0050,22:45,1365,-12089
0050,22:50,1370,-12089
0050,22:55,1375,-12089
0050,23:00,1380,-12089
0050,23:05,1385,-12089
0050,23:10,1390,-12089
0050,23:15,1395,-12089
0050,23:16,1396,-12089
0050,23:20,1400,-12089
0051,09:00,540,0
0051,09:05,545,0
0051,09:10,550,0
0051,09:15,555,0
0051,09:20,560,0
0051,09:25,565,0
0051,09:30,570,0
0051,09:35,575,0
0051,09:40,580,0
0051,09:45,585,0
0051,09:50,590,0
0051,09:55,595,0
0051,10:00,600,0
0051,10:05,605,0
0051,10:10,610,0
0051,10:15,615,0
0051,10:20,620,0
0051,10:25,625,0
0051,10:30,630,0
0051,10:35,635,0
0051,10:40,640,0
0051,10:45,645,0
0051,10:50,650,0
0051,10:55,655,0
0051,11:00,660,0
0051,11:05,665,0
0051,11:10,670,0
0051,11:15,675,0
0051,11:20,680,0
0051,11:25,685,0
0051,11:30,690,0
0051,11:35,695,0
0051,11:40,700,0
0051,11:45,705,0
0051,11:50,710,0
0051,11:55,715,0
0051,12:00,720,0
0051,12:05,725,0
0051,12:10,730,0
0051,12:15,735,0
0051,12:20,740,0
0051,12:25,745,0
0051,12:30,750,0
0051,12:35,755,0
0051,12:40,760,0
0051,12:45,765,0
0051,12:50,770,0
0051,12:55,775,0
0051,13:00,780,0
0051,13:05,785,0
0051,13:10,790,0
0051,13:15,795,0
0051,13:20,800,0
0051,13:25,805,0
0051,13:30,810,0
0051,13:35,815,0
0051,13:40,820,0
0051,13:45,825,0
0051,13:50,830,0
0051,13:55,835,0
0051,14:00,840,0
0051,14:05,845,0
0051,14:10,850,0
0051,14:15,855,0
0051,14:20,860,0
0051,14:25,865,0
0051,14:30,870,517
0051,14:35,875,517
0051,14:40,880,517
0051,14:45,885,-1067
0051,14:50,890,-1067
0051,14:55,895,-1067
0051,15:00,900,-1067
0051,15:05,905,-1067
0051,15:10,910,-2133
0051,15:15,915,-2133
0051,15:20,920,-2133
0051,15:25,925,-2133
0051,15:30,930,-3911
0051,15:35,935,-3911
0051,15:40,940,-3911
0051,15:45,945,-5511
0051,15:50,950,-5511
0051,15:55,955,-5511
0051,16:00,960,-5511
0051,16:05,965,-5511
0051,16:10,970,-6756
0051,16:15,975,-6756
0051,16:20,980,-6756
0051,16:25,985,-6756
0051,16:30,990,-8000
0051,16:35,995,-8000
0051,16:40,1000,-8000
0051,16:45,1005,-8000
0051,16:50,1010,-9422
0051,16:55,1015,-9422
0051,17:00,1020,-9422
0051,17:05,1025,-10489
0051,17:10,1030,-10489
0051,17:15,1035,-10489
0051,17:20,1040,-10489
0051,17:25,1045,-10489
0051,17:30,1050,-12089
0051,17:35,1055,-12089
0051,17:40,1060,-12089
0051,17:45,1065,-12089
0051,17:50,1070,-12444
0051,17:55,1075,-12444
0051,18:00,1080,-12444
0051,18:05,1085,-12444
0051,18:10,1090,-13156
0051,18:15,1095,-13156
0051,18:20,1100,-13156
0051,18:25,1105,-14400
0051,18:30,1110,-14400
0051,18:35,1115,-14400
0051,18:40,1120,-14400
0051,18:45,1125,-14400
0051,18:50,1130,-14578
0051,18:55,1135,-14578
0051,19:00,1140,-14578
0051,19:05,1145,-14578
0051,19:10,1150,-14578
0051,19:15,1155,-14578
0051,19:20,1160,-14578
0051,19:25,1165,-14578
0051,19:30,1170,-14578
0051,19:35,1175,-14578
0051,19:40,1180,-14578
0051,19:45,1185,-15289
0051,19:50,1190,-15289
0051,19:55,1195,-15289
0051,20:00,1200,-15289
0051,20:05,1205,-15289
0051,20:10,1210,-15289
0051,20:15,1215,-15289
0051,20:20,1220,-15289
0051,20:25,1225,-15289
0051,20:30,1230,-15289
0051,20:35,1235,-15289
0051,20:40,1240,-15289
0051,20:45,1245,-15289
0051,20:50,1250,-15289
0051,20:55,1255,-15289
0051,21:00,1260,-15289
0051,21:05,1265,-15289
0051,21:10,1270,-15289
0051,21:15,1275,-15289
0051,21:20,1280,-15289
0051,21:25,1285,-15289
0051,21:30,1290,-15289
0051,21:35,1295,-15289
0051,21:40,1300,-15289
0051,21:45,1305,-15289
0051,21:50,1310,-15289
0051,21:55,1315,-15289
0051,22:00,1320,-15289
0051,22:05,1325,-15289
0051,22:10,1330,-15289
0051,22:15,1335,-15289
0051,22:20,1340,-15289
0051,22:25,1345,-15289
0051,22:30,1350,-15289
0051,22:35,1355,-15289
0051,22:40,1360,-15289
0051,22:45,1365,-15289
0051,22:50,1370,-15289
0051,22:55,1375,-15289
0051,23:00,1380,-15289
0051,23:05,1385,-15289
0051,23:10,1390,-15289
0051,23:15,1395,-15289
0051,23:16,1396,-15289
0051,23:20,1400,-15289
0052,09:00,540,0
0052,09:05,545,0
0052,09:10,550,0
0052,09:15,555,0
0052,09:20,560,0
0052,09:25,565,0
0052,09:30,570,0
0052,09:35,575,0
0052,09:40,580,0
0052,09:45,585,0
0052,09:50,590,0
0052,09:55,595,0
0052,10:00,600,0
0052,10:05,605,0
0052,10:10,610,0
0052,10:15,615,0
0052,10:20,620,0
0052,10:25,625,0
0052,10:30,630,0
0052,10:35,635,0
0052,10:40,640,0
0052,10:45,645,0
0052,10:50,650,0
0052,10:55,655,0
0052,11:00,660,0
0052,11:05,665,0
0052,11:10,670,-178
0052,11:15,675,-178
0052,11:20,680,-178
0052,11:25,685,-178
0052,11:30,690,0
0052,11:35,695,0
0052,11:40,700,0
0052,11:45,705,-711
0052,11:50,710,-711
0052,11:55,715,-711
0052,12:00,720,-711
0052,12:05,725,-1600
0052,12:10,730,-1600
0052,12:15,735,-1600
0052,12:20,740,-1600
0052,12:25,745,-1600
0052,12:30,750,-2667
0052,12:35,755,-2667
0052,12:40,760,-2667
0052,12:45,765,-2667
0052,12:50,770,-3556
0052,12:55,775,-3556
0052,13:00,780,-3556
0052,13:05,785,-4444
0052,13:10,790,-4444
0052,13:15,795,-4444
0052,13:20,800,-4444
0052,13:25,805,-5511
0052,13:30,810,-5511
0052,13:35,815,-5511
0052,13:40,820,-5511
0052,13:45,825,-5511
0052,13:50,830,-6222
0052,13:55,835,-6222
0052,14:00,840,-6222
0052,14:05,845,-6222
0052,14:10,850,-6756
0052,14:15,855,-6756
0052,14:20,860,-6756
0052,14:25,865,-6756
0052,14:30,870,-7822
0052,14:35,875,-7822
0052,14:40,880,-7822
0052,14:45,885,-8533
0052,14:50,890,-8533
0052,14:55,895,-8533
0052,15:00,900,-8533
0052,15:05,905,-8533
0052,15:10,910,-9600
0052,15:15,915,-9600
0052,15:20,920,-9600
0052,15:25,925,-9600
0052,15:30,930,-10133
0052,15:35,935,-10133
0052,15:40,940,-10133
0052,15:45,945,-9244
0052,15:50,950,-9244
0052,15:55,955,-9244
0052,16:00,960,-9244
0052,16:05,965,-9244
0052,16:10,970,-10667
0052,16:15,975,-10667
0052,16:20,980,-10667
0052,16:25,985,-10667
0052,16:30,990,-10844
0052,16:35,995,-10844
0052,16:40,1000,-10844
0052,16:45,1005,-10844
0052,16:50,1010,-11200
0052,16:55,1015,-11200
0052,17:00,1020,-11200
0052,17:05,1025,-11733
0052,17:10,1030,-11733
0052,17:15,1035,-11733
0052,17:20,1040,-11733
0052,17:25,1045,-11733
0052,17:30,1050,-12444
0052,17:35,1055,-12444
0052,17:40,1060,-12444
0052,17:45,1065,-12444
0052,17:50,1070,-12444
0052,17:55,1075,-12444
0052,18:00,1080,-12444
0052,18:05,1085,-12444
0052,18:10,1090,-13156
0052,18:15,1095,-13156
0052,18:20,1100,-13156
0052,18:25,1105,-13511
0052,18:30,1110,-13511
0052,18:35,1115,-13511
0052,18:40,1120,-13511
0052,18:45,1125,-13511
0052,18:50,1130,-13867
0052,18:55,1135,-13867
0052,19:00,1140,-13867
0052,19:05,1145,-13867
0052,19:10,1150,-9956
0052,19:15,1155,-9956
0052,19:20,1160,-9956
0052,19:25,1165,-11200
0052,19:30,1170,-11200
0052,19:35,1175,-11200
0052,19:40,1180,-11200
0052,19:45,1185,-11733
0052,19:50,1190,-11733
0052,19:55,1195,-11733
0052,20:00,1200,-11733
0052,20:05,1205,-11733
0052,20:10,1210,-9422
0052,20:15,1215,-9422
0052,20:20,1220,-9422
0052,20:25,1225,-9422
0052,20:30,1230,-9600
0052,20:35,1235,-9600
0052,20:40,1240,-9600
0052,20:45,1245,-9778
0052,20:50,1250,-9778
0052,20:55,1255,-9778
0052,21:00,1260,-9778
0052,21:05,1265,-9778
0052,21:10,1270,-9778
0052,21:15,1275,-9778
0052,21:20,1280,-9778
0052,21:25,1285,-9778
0052,21:30,1290,-9778
0052,21:35,1295,-9778
0052,21:40,1300,-9778
0052,21:45,1305,-9778
0052,21:50,1310,-9778
0052,21:55,1315,-9778
0052,22:00,1320,-9778
0052,22:05,1325,-9778
0052,22:10,1330,-9778
0052,22:15,1335,-9778
0052,22:20,1340,-9778
0052,22:25,1345,-9778
0052,22:30,1350,-9778
0052,22:35,1355,-9778
0052,22:40,1360,-9778
0052,22:45,1365,-9778
0052,22:50,1370,-9778
0052,22:55,1375,-9778
0052,23:00,1380,-9778
0052,23:05,1385,-9778
0052,23:10,1390,-9778
0052,23:15,1395,-9778
0052,23:16,1396,-9778
0052,23:20,1400,-9778
0053,09:00,540,0
0053,09:05,545,0
0053,09:10,550,0
0053,09:15,555,0
0053,09:20,560,0
0053,09:25,565,0
0053,09:30,570,0
0053,09:35,575,0
0053,09:40,580,0
0053,09:45,585,0
0053,09:50,590,0
0053,09:55,595,0
0053,10:00,600,0
0053,10:05,605,0
0053,10:10,610,0
0053,10:15,615,0
0053,10:20,620,0
0053,10:25,625,0
0053,10:30,630,0
0053,10:35,635,0
0053,10:40,640,0
0053,10:45,645,0
0053,10:50,650,0
0053,10:55,655,0
0053,11:00,660,0
0053,11:05,665,0
0053,11:10,670,0
0053,11:15,675,0
0053,11:20,680,0
0053,11:25,685,0
0053,11:30,690,0
0053,11:35,695,0
0053,11:40,700,0
0053,11:45,705,0
0053,11:50,710,0
0053,11:55,715,0
0053,12:00,720,0
0053,12:05,725,0
0053,12:10,730,0
0053,12:15,735,0
0053,12:20,740,0
0053,12:25,745,0
0053,12:30,750,-356
0053,12:35,755,-356
0053,12:40,760,-356
0053,12:45,765,-356
0053,12:50,770,1293
0053,12:55,775,1293
0053,13:00,780,1293
0053,13:05,785,690
0053,13:10,790,690
0053,13:15,795,690
0053,13:20,800,690
0053,13:25,805,-1067
0053,13:30,810,-1067
0053,13:35,815,-1067
0053,13:40,820,-1067
0053,13:45,825,-1067
0053,13:50,830,-1511
0053,13:55,835,-1511
0053,14:00,840,-1511
0053,14:05,845,-1511
0053,14:10,850,-2133
0053,14:15,855,-2133
0053,14:20,860,-2133
0053,14:25,865,-2133
0053,14:30,870,-2844
0053,14:35,875,-2844
0053,14:40,880,-2844
0053,14:45,885,-4444
0053,14:50,890,-4444
0053,14:55,895,-4444
0053,15:00,900,-4444
0053,15:05,905,-4444
0053,15:10,910,-5422
0053,15:15,915,-5422
0053,15:20,920,-5422
0053,15:25,925,-5422
0053,15:30,930,-7289
0053,15:35,935,-7289
0053,15:40,940,-7289
0053,15:45,945,-7822
0053,15:50,950,-7822
0053,15:55,955,-7822
0053,16:00,960,-7822
0053,16:05,965,-7822
0053,16:10,970,-3822
0053,16:15,975,-3822
0053,16:20,980,-3822
0053,16:25,985,-3822
0053,16:30,990,-1156
0053,16:35,995,-1156
0053,16:40,1000,-1156
0053,16:45,1005,-1156
0053,16:50,1010,-2133
0053,16:55,1015,-2133
0053,17:00,1020,-2133
0053,17:05,1025,-3378
0053,17:10,1030,-3378
0053,17:15,1035,-3378
0053,17:20,1040,-3378
0053,17:25,1045,-3378
0053,17:30,1050,-2844
0053,17:35,1055,-2844
0053,17:40,1060,-2844
0053,17:45,1065,-2844
0053,17:50,1070,-711
0053,17:55,1075,-711
0053,18:00,1080,-711
0053,18:05,1085,-711
0053,18:10,1090,-1156
0053,18:15,1095,-1156
0053,18:20,1100,-1156
0053,18:25,1105,-1956
0053,18:30,1110,-1956
0053,18:35,1115,-1956
0053,18:40,1120,-1956
0053,18:45,1125,-1956
0053,18:50,1130,-1956
0053,18:55,1135,-1956
0053,19:00,1140,-1956
0053,19:05,1145,-1956
0053,19:10,1150,-1956
0053,19:15,1155,-1956
0053,19:20,1160,-1956
0053,19:25,1165,-1956
0053,19:30,1170,-1956
0053,19:35,1175,-1956
0053,19:40,1180,-1956
0053,19:45,1185,-1956
0053,19:50,1190,-1956
0053,19:55,1195,-1956
0053,20:00,1200,-1956
0053,20:05,1205,-1956
0053,20:10,1210,-1956
0053,20:15,1215,-1956
0053,20:20,1220,-1956
0053,20:25,1225,-1956
0053,20:30,1230,3362
0053,20:35,1235,3362
0053,20:40,1240,3362
0053,20:45,1245,8793
0053,20:50,1250,8793
0053,20:55,1255,8793
0053,21:00,1260,8793
0053,21:05,1265,8793
0053,21:10,1270,8534
0053,21:15,1275,8534
0053,21:20,1280,8534
0053,21:25,1285,8534
0053,21:30,1290,8534
0053,21:35,1295,8534
0053,21:40,1300,8534
0053,21:45,1305,8276
0053,21:50,1310,8276
0053,21:55,1315,8276
0053,22:00,1320,8276
0053,22:05,1325,8276
0053,22:10,1330,8276
0053,22:15,1335,8276
0053,22:20,1340,8276
0053,22:25,1345,8276
0053,22:30,1350,8276
0053,22:35,1355,8276
0053,22:40,1360,8276
0053,22:45,1365,8276
0053,22:50,1370,8276
0053,22:55,1375,8276
0053,23:00,1380,8276
0053,23:05,1385,8276
0053,23:10,1390,8276
0053,23:15,1395,8276
0053,23:16,1396,8276
0053,23:20,1400,8276
0054,09:00,540,0
0054,09:05,545,0
0054,09:10,550,0
0054,09:15,555,0
0054,09:20,560,0
0054,09:25,565,0
0054,09:30,570,0
0054,09:35,575,0
0054,09:40,580,0
0054,09:45,585,0
0054,09:50,590,0
0054,09:55,595,0
0054,10:00,600,0
0054,10:05,605,0
0054,10:10,610,0
0054,10:15,615,0
0054,10:20,620,0
0054,10:25,625,0
0054,10:30,630,0
0054,10:35,635,0
0054,10:40,640,0
0054,10:45,645,0
0054,10:50,650,0
0054,10:55,655,0
0054,11:00,660,0
0054,11:05,665,0
0054,11:10,670,0
0054,11:15,675,0
0054,11:20,680,0
0054,11:25,685,0
0054,11:30,690,-511
0054,11:35,695,-511
0054,11:40,700,-511
0054,11:45,705,-681
0054,11:50,710,-681
0054,11:55,715,-681
0054,12:00,720,-681
0054,12:05,725,-1362
0054,12:10,730,-1362
0054,12:15,735,-1362
0054,12:20,740,-1362
0054,12:25,745,-1362
0054,12:30,750,-1362
0054,12:35,755,-1362
0054,12:40,760,-1362
0054,12:45,765,-1362
0054,12:50,770,-1872
0054,12:55,775,-1872
0054,13:00,780,-1872
0054,13:05,785,-2213
0054,13:10,790,-2213
0054,13:15,795,-2213
0054,13:20,800,-2213
0054,13:25,805,-2723
0054,13:30,810,-2723
0054,13:35,815,-2723
0054,13:40,820,-2723
0054,13:45,825,-2723
0054,13:50,830,-3574
0054,13:55,835,-3574
0054,14:00,840,-3574
0054,14:05,845,-3574
0054,14:10,850,-4426
0054,14:15,855,-4426
0054,14:20,860,-4426
0054,14:25,865,-4426
0054,14:30,870,-5447
0054,14:35,875,-5447
0054,14:40,880,-5447
0054,14:45,885,-6468
0054,14:50,890,-6468
0054,14:55,895,-6468
0054,15:00,900,-6468
0054,15:05,905,-6468
0054,15:10,910,-7660
0054,15:15,915,-7660
0054,15:20,920,-7660
0054,15:25,925,-7660
0054,15:30,930,-9362
0054,15:35,935,-9362
0054,15:40,940,-9362
0054,15:45,945,-10894
0054,15:50,950,-10894
0054,15:55,955,-10894
0054,16:00,960,-10894
0054,16:05,965,-10894
0054,16:10,970,-12255
0054,16:15,975,-12255
0054,16:20,980,-12255
0054,16:25,985,-12255
0054,16:30,990,-13787
0054,16:35,995,-13787
0054,16:40,1000,-13787
0054,16:45,1005,-13787
0054,16:50,1010,-12085
0054,16:55,1015,-12085
0054,17:00,1020,-12085
0054,17:05,1025,-8170
0054,17:10,1030,-8170
0054,17:15,1035,-8170
0054,17:20,1040,-8170
0054,17:25,1045,-8170
0054,17:30,1050,331
0054,17:35,1055,331
0054,17:40,1060,331
0054,17:45,1065,331
0054,17:50,1070,165
0054,17:55,1075,165
0054,18:00,1080,165
0054,18:05,1085,165
0054,18:10,1090,-681
0054,18:15,1095,-681
0054,18:20,1100,-681
0054,18:25,1105,4463
0054,18:30,1110,4463
0054,18:35,1115,4463
0054,18:40,1120,4463
0054,18:45,1125,4463
0054,18:50,1130,8430
0054,18:55,1135,8430
0054,19:00,1140,8430
0054,19:05,1145,8430
0054,19:10,1150,7769
0054,19:15,1155,7769
0054,19:20,1160,7769
0054,19:25,1165,11240
0054,19:30,1170,11240
0054,19:35,1175,11240
0054,19:40,1180,11240
0054,19:45,1185,11901
0054,19:50,1190,11901
0054,19:55,1195,11901
0054,20:00,1200,11901
0054,20:05,1205,11901
0054,20:10,1210,10909
0054,20:15,1215,10909
0054,20:20,1220,10909
0054,20:25,1225,10909
0054,20:30,1230,10909
0054,20:35,1235,10909
0054,20:40,1240,10909
0054,20:45,1245,10909
0054,20:50,1250,10909
0054,20:55,1255,10909
0054,21:00,1260,10909
0054,21:05,1265,10909
0054,21:10,1270,10909
0054,21:15,1275,10909
0054,21:20,1280,10909
0054,21:25,1285,10909
0054,21:30,1290,10909
0054,21:35,1295,10909
0054,21:40,1300,10909
0054,21:45,1305,10909
0054,21:50,1310,10909
0054,21:55,1315,10909
0054,22:00,1320,10909
0054,22:05,1325,10909
0054,22:10,1330,10909
0054,22:15,1335,10909
0054,22:20,1340,10909
0054,22:25,1345,10909
0054,22:30,1350,10909
0054,22:35,1355,10909
0054,22:40,1360,10909
0054,22:45,1365,10909
0054,22:50,1370,10909
0054,22:55,1375,10909
0054,23:00,1380,10909
0054,23:05,1385,10909
0054,23:10,1390,10909
0054,23:15,1395,10909
0054,23:16,1396,10909
0054,23:20,1400,10909
0055,09:00,540,0
0055,09:05,545,0
0055,09:10,550,0
0055,09:15,555,0
0055,09:20,560,0
0055,09:25,565,0
0055,09:30,570,0
0055,09:35,575,0
0055,09:40,580,0
0055,09:45,585,0
0055,09:50,590,0
0055,09:55,595,0
0055,10:00,600,0
0055,10:05,605,0
0055,10:10,610,0
0055,10:15,615,0
0055,10:20,620,0
0055,10:25,625,0
0055,10:30,630,0
0055,10:35,635,0
0055,10:40,640,0
0055,10:45,645,0
0055,10:50,650,0
0055,10:55,655,0
0055,11:00,660,0
0055,11:05,665,0
0055,11:10,670,0
0055,11:15,675,0
0055,11:20,680,0
0055,11:25,685,0
0055,11:30,690,0
0055,11:35,695,0
0055,11:40,700,0
0055,11:45,705,-533
0055,11:50,710,-533
0055,11:55,715,-533
0055,12:00,720,-533
0055,12:05,725,-1511
0055,12:10,730,-1511
0055,12:15,735,-1511
0055,12:20,740,-1511
0055,12:25,745,-1511
0055,12:30,750,-2222
0055,12:35,755,-2222
0055,12:40,760,-2222
0055,12:45,765,-2222
0055,12:50,770,-2667
0055,12:55,775,-2667
0055,13:00,780,-2667
0055,13:05,785,-3911
0055,13:10,790,-3911
0055,13:15,795,-3911
0055,13:20,800,-3911
0055,13:25,805,-4533
0055,13:30,810,-4533
0055,13:35,815,-4533
0055,13:40,820,-4533
0055,13:45,825,-4533
0055,13:50,830,-5600
0055,13:55,835,-5600
0055,14:00,840,-5600
0055,14:05,845,-5600
0055,14:10,850,-6489
0055,14:15,855,-6489
0055,14:20,860,-6489
0055,14:25,865,-6489
0055,14:30,870,-4356
0055,14:35,875,-4356
0055,14:40,880,-4356
0055,14:45,885,-5067
0055,14:50,890,-5067
0055,14:55,895,-5067
0055,15:00,900,-5067
0055,15:05,905,-5067
0055,15:10,910,-5778
0055,15:15,915,-5778
0055,15:20,920,-5778
0055,15:25,925,-5778
0055,15:30,930,-7378
0055,15:35,935,-7378
0055,15:40,940,-7378
0055,15:45,945,-8444
0055,15:50,950,-8444
0055,15:55,955,-8444
0055,16:00,960,-8444
0055,16:05,965,-8444
0055,16:10,970,-5867
0055,16:15,975,-5867
0055,16:20,980,-5867
0055,16:25,985,-5867
0055,16:30,990,1034
0055,16:35,995,1034
0055,16:40,1000,1034
0055,16:45,1005,1034
0055,16:50,1010,2500
0055,16:55,1015,2500
0055,17:00,1020,2500
0055,17:05,1025,4138
0055,17:10,1030,4138
0055,17:15,1035,4138
0055,17:20,1040,4138
0055,17:25,1045,4138
0055,17:30,1050,2328
0055,17:35,1055,2328
0055,17:40,1060,2328
0055,17:45,1065,2328
0055,17:50,1070,1293
0055,17:55,1075,1293
0055,18:00,1080,1293
0055,18:05,1085,1293
0055,18:10,1090,259
0055,18:15,1095,259
0055,18:20,1100,259
0055,18:25,1105,1034
0055,18:30,1110,1034
0055,18:35,1115,1034
0055,18:40,1120,1034
0055,18:45,1125,1034
0055,18:50,1130,517
0055,18:55,1135,517
0055,19:00,1140,517
0055,19:05,1145,517
0055,19:10,1150,517
0055,19:15,1155,517
0055,19:20,1160,517
0055,19:25,1165,517
0055,19:30,1170,517
0055,19:35,1175,517
0055,19:40,1180,517
0055,19:45,1185,517
0055,19:50,1190,517
0055,19:55,1195,517
0055,20:00,1200,517
0055,20:05,1205,517
0055,20:10,1210,517
0055,20:15,1215,517
0055,20:20,1220,517
0055,20:25,1225,517
0055,20:30,1230,517
0055,20:35,1235,517
0055,20:40,1240,517
0055,20:45,1245,431
0055,20:50,1250,431
0055,20:55,1255,431
0055,21:00,1260,431
0055,21:05,1265,431
0055,21:10,1270,-711
0055,21:15,1275,-711
0055,21:20,1280,-711
0055,21:25,1285,-711
0055,21:30,1290,-2400
0055,21:35,1295,-2400
0055,21:40,1300,-2400
0055,21:45,1305,-267
0055,21:50,1310,-267
0055,21:55,1315,-267
0055,22:00,1320,-267
0055,22:05,1325,5172
0055,22:10,1330,5172
0055,22:15,1335,5172
0055,22:20,1340,5172
0055,22:25,1345,5172
0055,22:30,1350,5000
0055,22:35,1355,5000
0055,22:40,1360,5000
0055,22:45,1365,5000
0055,22:50,1370,5000
0055,22:55,1375,5000
0055,23:00,1380,5000
0055,23:05,1385,5000
0055,23:10,1390,5000
0055,23:15,1395,5000
0055,23:16,1396,5000
0055,23:20,1400,5000
0056,09:00,540,0
0056,09:05,545,0
0056,09:10,550,0
0056,09:15,555,0
0056,09:20,560,0
0056,09:25,565,0
0056,09:30,570,0
0056,09:35,575,0
0056,09:40,580,0
0056,09:45,585,0
0056,09:50,590,0
0056,09:55,595,0
0056,10:00,600,0
0056,10:05,605,0
0056,10:10,610,0
0056,10:15,615,0
0056,10:20,620,0
0056,10:25,625,0
0056,10:30,630,0
0056,10:35,635,0
0056,10:40,640,0
0056,10:45,645,0
0056,10:50,650,0
0056,10:55,655,0
0056,11:00,660,0
0056,11:05,665,0
0056,11:10,670,0
0056,11:15,675,0
0056,11:20,680,0
0056,11:25,685,0
0056,11:30,690,-178
0056,11:35,695,-178
0056,11:40,700,-178
0056,11:45,705,-178
0056,11:50,710,-178
0056,11:55,715,-178
0056,12:00,720,-178
0056,12:05,725,-178
0056,12:10,730,-178
0056,12:15,735,-178
0056,12:20,740,-178
0056,12:25,745,-178
0056,12:30,750,-178
0056,12:35,755,-178
0056,12:40,760,-178
0056,12:45,765,-178
0056,12:50,770,-178
0056,12:55,775,-178
0056,13:00,780,-178
0056,13:05,785,-356
0056,13:10,790,-356
0056,13:15,795,-356
0056,13:20,800,-356
0056,13:25,805,-1422
0056,13:30,810,-1422
0056,13:35,815,-1422
0056,13:40,820,-1422
0056,13:45,825,-1422
0056,13:50,830,-2311
0056,13:55,835,-2311
0056,14:00,840,-2311
0056,14:05,845,-2311
0056,14:10,850,-3378
0056,14:15,855,-3378
0056,14:20,860,-3378
0056,14:25,865,-3378
0056,14:30,870,-5156
0056,14:35,875,-5156
0056,14:40,880,-5156
0056,14:45,885,-1600
0056,14:50,890,-1600
0056,14:55,895,-1600
0056,15:00,900,-1600
0056,15:05,905,-1600
0056,15:10,910,5172
0056,15:15,915,5172
0056,15:20,920,5172
0056,15:25,925,5172
0056,15:30,930,4483
0056,15:35,935,4483
0056,15:40,940,4483
0056,15:45,945,4828
0056,15:50,950,4828
0056,15:55,955,4828
0056,16:00,960,4828
0056,16:05,965,4828
0056,16:10,970,10862
0056,16:15,975,10862
0056,16:20,980,10862
0056,16:25,985,10862
0056,16:30,990,16379
0056,16:35,995,16379
0056,16:40,1000,16379
0056,16:45,1005,16379
0056,16:50,1010,16379
0056,16:55,1015,16379
0056,17:00,1020,16379
0056,17:05,1025,15345
0056,17:10,1030,15345
0056,17:15,1035,15345
0056,17:20,1040,15345
0056,17:25,1045,15345
0056,17:30,1050,17586
0056,17:35,1055,17586
0056,17:40,1060,17586
0056,17:45,1065,17586
0056,17:50,1070,17586
0056,17:55,1075,17586
0056,18:00,1080,17586
0056,18:05,1085,17586
0056,18:10,1090,17586
0056,18:15,1095,17586
0056,18:20,1100,17586
0056,18:25,1105,16552
0056,18:30,1110,16552
0056,18:35,1115,16552
0056,18:40,1120,16552
0056,18:45,1125,16552
0056,18:50,1130,16897
0056,18:55,1135,16897
0056,19:00,1140,16897
0056,19:05,1145,16897
0056,19:10,1150,19138
0056,19:15,1155,19138
0056,19:20,1160,19138
0056,19:25,1165,18966
0056,19:30,1170,18966
0056,19:35,1175,18966
0056,19:40,1180,18966
0056,19:45,1185,18621
0056,19:50,1190,18621
0056,19:55,1195,18621
0056,20:00,1200,18621
0056,20:05,1205,18621
0056,20:10,1210,18276
0056,20:15,1215,18276
0056,20:20,1220,18276
0056,20:25,1225,18276
0056,20:30,1230,18276
0056,20:35,1235,18276
0056,20:40,1240,18276
0056,20:45,1245,18276
0056,20:50,1250,18276
0056,20:55,1255,18276
0056,21:00,1260,18276
0056,21:05,1265,18276
0056,21:10,1270,18276
0056,21:15,1275,18276
0056,21:20,1280,18276
0056,21:25,1285,18276
0056,21:30,1290,18276
0056,21:35,1295,18276
0056,21:40,1300,18276
0056,21:45,1305,18276
0056,21:50,1310,18276
0056,21:55,1315,18276
0056,22:00,1320,18276
0056,22:05,1325,18276
0056,22:10,1330,18276
0056,22:15,1335,18276
0056,22:20,1340,18276
0056,22:25,1345,18276
0056,22:30,1350,18276
0056,22:35,1355,18276
0056,22:40,1360,18276
0056,22:45,1365,18276
0056,22:50,1370,18276
0056,22:55,1375,18276
0056,23:00,1380,18276
0056,23:05,1385,18276
0056,23:10,1390,18276
0056,23:15,1395,18276
0056,23:16,1396,18276
0056,23:20,1400,18276
0057,09:00,540,0
0057,09:05,545,0
0057,09:10,550,0
0057,09:15,555,0
0057,09:20,560,0
0057,09:25,565,0
0057,09:30,570,0
0057,09:35,575,0
0057,09:40,580,0
0057,09:45,585,0
0057,09:50,590,0
0057,09:55,595,0
0057,10:00,600,0
0057,10:05,605,0
0057,10:10,610,-178
0057,10:15,615,-178
0057,10:20,620,-178
0057,10:25,625,-1067
0057,10:30,630,-1067
0057,10:35,635,-1067
0057,10:40,640,-2311
0057,10:45,645,-2311
0057,10:50,650,-2311
0057,10:55,655,-2311
0057,11:00,660,-3556
0057,11:05,665,-3556
0057,11:10,670,-4089
0057,11:15,675,-4089
0057,11:20,680,-4089
0057,11:25,685,-4089
0057,11:30,690,-5867
0057,11:35,695,-5867
0057,11:40,700,-5867
0057,11:45,705,-4978
0057,11:50,710,-4978
0057,11:55,715,-4978
0057,12:00,720,-4978
0057,12:05,725,-2311
0057,12:10,730,-2311
0057,12:15,735,-2311
0057,12:20,740,-2311
0057,12:25,745,-2311
0057,12:30,750,0
0057,12:35,755,0
0057,12:40,760,0
0057,12:45,765,0
0057,12:50,770,-178
0057,12:55,775,-178
0057,13:00,780,-178
0057,13:05,785,-1067
0057,13:10,790,-1067
0057,13:15,795,-1067
0057,13:20,800,-1067
0057,13:25,805,-2489
0057,13:30,810,-2489
0057,13:35,815,-2489
0057,13:40,820,-2489
0057,13:45,825,-2489
0057,13:50,830,-3556
0057,13:55,835,-3556
0057,14:00,840,-3556
0057,14:05,845,-3556
0057,14:10,850,-4444
0057,14:15,855,-4444
0057,14:20,860,-4444
0057,14:25,865,-4444
0057,14:30,870,-5156
0057,14:35,875,-5156
0057,14:40,880,-5156
0057,14:45,885,-6222
0057,14:50,890,-6222
0057,14:55,895,-6222
0057,15:00,900,-6222
0057,15:05,905,-6222
0057,15:10,910,-3733
0057,15:15,915,-3733
0057,15:20,920,-3733
0057,15:25,925,-3733
0057,15:30,930,-5511
0057,15:35,935,-5511
0057,15:40,940,-5511
0057,15:45,945,-6756
0057,15:50,950,-6756
0057,15:55,955,-6756
0057,16:00,960,-6756
0057,16:05,965,-6756
0057,16:10,970,-7644
0057,16:15,975,-7644
0057,16:20,980,-7644
0057,16:25,985,-7644
0057,16:30,990,-9244
0057,16:35,995,-9244
0057,16:40,1000,-9244
0057,16:45,1005,-9244
0057,16:50,1010,-9778
0057,16:55,1015,-9778
0057,17:00,1020,-9778
0057,17:05,1025,-11200
0057,17:10,1030,-11200
0057,17:15,1035,-11200
0057,17:20,1040,-11200
0057,17:25,1045,-11200
0057,17:30,1050,-12089
0057,17:35,1055,-12089
0057,17:40,1060,-12089
0057,17:45,1065,-12089
0057,17:50,1070,-12267
0057,17:55,1075,-12267
0057,18:00,1080,-12267
0057,18:05,1085,-12267
0057,18:10,1090,-12622
0057,18:15,1095,-12622
0057,18:20,1100,-12622
0057,18:25,1105,-13867
0057,18:30,1110,-13867
0057,18:35,1115,-13867
0057,18:40,1120,-13867
0057,18:45,1125,-13867
0057,18:50,1130,-13867
0057,18:55,1135,-13867
0057,19:00,1140,-13867
0057,19:05,1145,-13867
0057,19:10,1150,-14578
0057,19:15,1155,-14578
0057,19:20,1160,-14578
0057,19:25,1165,-16533
0057,19:30,1170,-16533
0057,19:35,1175,-16533
0057,19:40,1180,-16533
0057,19:45,1185,-18133
0057,19:50,1190,-18133
0057,19:55,1195,-18133
0057,20:00,1200,-18133
0057,20:05,1205,-18133
0057,20:10,1210,-19556
0057,20:15,1215,-19556
0057,20:20,1220,-19556
0057,20:25,1225,-19556
0057,20:30,1230,-18133
0057,20:35,1235,-18133
0057,20:40,1240,-18133
0057,20:45,1245,-15467
0057,20:50,1250,-15467
0057,20:55,1255,-15467
0057,21:00,1260,-15467
0057,21:05,1265,-15467
0057,21:10,1270,-12267
0057,21:15,1275,-12267
0057,21:20,1280,-12267
0057,21:25,1285,-12267
0057,21:30,1290,-8711
0057,21:35,1295,-8711
0057,21:40,1300,-8711
0057,21:45,1305,-8000
0057,21:50,1310,-8000
0057,21:55,1315,-8000
0057,22:00,1320,-8000
0057,22:05,1325,-8178
0057,22:10,1330,-8178
0057,22:15,1335,-8178
0057,22:20,1340,-8178
0057,22:25,1345,-8178
0057,22:30,1350,-8178
0057,22:35,1355,-8178
0057,22:40,1360,-8178
0057,22:45,1365,-8178
0057,22:50,1370,-8178
0057,22:55,1375,-8178
0057,23:00,1380,-8178
0057,23:05,1385,-8178
0057,23:10,1390,-8178
0057,23:15,1395,-8178
0057,23:16,1396,-8178
0057,23:20,1400,-8178
0058,09:00,540,0
0058,09:05,545,0
0058,09:10,550,0
0058,09:15,555,0
0058,09:20,560,0
0058,09:25,565,0
0058,09:30,570,0
0058,09:35,575,0
0058,09:40,580,0
0058,09:45,585,0
0058,09:50,590,0
0058,09:55,595,0
0058,10:00,600,0
0058,10:05,605,0
0058,10:10,610,-170
0058,10:15,615,-170
0058,10:20,620,-170
0058,10:25,625,331
0058,10:30,630,331
0058,10:35,635,331
0058,10:40,640,5620
0058,10:45,645,5620
0058,10:50,650,5620
0058,10:55,655,5620
0058,11:00,660,9917
0058,11:05,665,9917
0058,11:10,670,9917
0058,11:15,675,9917
0058,11:20,680,9917
0058,11:25,685,9917
0058,11:30,690,8595
0058,11:35,695,8595
0058,11:40,700,8595
0058,11:45,705,7603
0058,11:50,710,7603
0058,11:55,715,7603
0058,12:00,720,7603
0058,12:05,725,7603
0058,12:10,730,7603
0058,12:15,735,7603
0058,12:20,740,7603
0058,12:25,745,7603
0058,12:30,750,6777
0058,12:35,755,6777
0058,12:40,760,6777
0058,12:45,765,6777
0058,12:50,770,6281
0058,12:55,775,6281
0058,13:00,780,6281
0058,13:05,785,6116
0058,13:10,790,6116
0058,13:15,795,6116
0058,13:20,800,6116
0058,13:25,805,5785
0058,13:30,810,5785
0058,13:35,815,5785
0058,13:40,820,5785
0058,13:45,825,5785
0058,13:50,830,4463
0058,13:55,835,4463
0058,14:00,840,4463
0058,14:05,845,4463
0058,14:10,850,3306
0058,14:15,855,3306
0058,14:20,860,3306
0058,14:25,865,3306
0058,14:30,870,1983
0058,14:35,875,1983
0058,14:40,880,1983
0058,14:45,885,826
0058,14:50,890,826
0058,14:55,895,826
0058,15:00,900,826
0058,15:05,905,826
0058,15:10,910,-340
0058,15:15,915,-340
0058,15:20,920,-340
0058,15:25,925,-340
0058,15:30,930,-1532
0058,15:35,935,-1532
0058,15:40,940,-1532
0058,15:45,945,-2213
0058,15:50,950,-2213
0058,15:55,955,-2213
0058,16:00,960,-2213
0058,16:05,965,-2213
0058,16:10,970,-3404
0058,16:15,975,-3404
0058,16:20,980,-3404
0058,16:25,985,-3404
0058,16:30,990,-4596
0058,16:35,995,-4596
0058,16:40,1000,-4596
0058,16:45,1005,-4596
0058,16:50,1010,-5106
0058,16:55,1015,-5106
0058,17:00,1020,-5106
0058,17:05,1025,-6298
0058,17:10,1030,-6298
0058,17:15,1035,-6298
0058,17:20,1040,-6298
0058,17:25,1045,-6298
0058,17:30,1050,-5447
0058,17:35,1055,-5447
0058,17:40,1060,-5447
0058,17:45,1065,-5447
0058,17:50,1070,-6809
0058,17:55,1075,-6809
0058,18:00,1080,-6809
0058,18:05,1085,-6809
0058,18:10,1090,-7149
0058,18:15,1095,-7149
0058,18:20,1100,-7149
0058,18:25,1105,-7149
0058,18:30,1110,-7149
0058,18:35,1115,-7149
0058,18:40,1120,-7149
0058,18:45,1125,-7149
0058,18:50,1130,-7660
0058,18:55,1135,-7660
0058,19:00,1140,-7660
0058,19:05,1145,-7660
0058,19:10,1150,-8000
0058,19:15,1155,-8000
0058,19:20,1160,-8000
0058,19:25,1165,-9191
0058,19:30,1170,-9191
0058,19:35,1175,-9191
0058,19:40,1180,-9191
0058,19:45,1185,-9872
0058,19:50,1190,-9872
0058,19:55,1195,-9872
0058,20:00,1200,-9872
0058,20:05,1205,-9872
0058,20:10,1210,-10894
0058,20:15,1215,-10894
0058,20:20,1220,-10894
0058,20:25,1225,-10894
0058,20:30,1230,-12426
0058,20:35,1235,-12426
0058,20:40,1240,-12426
0058,20:45,1245,-12255
0058,20:50,1250,-12255
0058,20:55,1255,-12255
0058,21:00,1260,-12255
0058,21:05,1265,-12255
0058,21:10,1270,-12766
0058,21:15,1275,-12766
0058,21:20,1280,-12766
0058,21:25,1285,-12766
0058,21:30,1290,-12766
0058,21:35,1295,-12766
0058,21:40,1300,-12766
0058,21:45,1305,-12766
0058,21:50,1310,-12766
0058,21:55,1315,-12766
0058,22:00,1320,-12766
0058,22:05,1325,-12766
0058,22:10,1330,-12766
0058,22:15,1335,-12766
0058,22:20,1340,-12766
0058,22:25,1345,-12766
0058,22:30,1350,-12766
0058,22:35,1355,-12766
0058,22:40,1360,-12766
0058,22:45,1365,-12766
0058,22:50,1370,-12766
0058,22:55,1375,-12766
0058,23:00,1380,-12766
0058,23:05,1385,-12766
0058,23:10,1390,-12766
0058,23:15,1395,-12766
0058,23:16,1396,-12766
0058,23:20,1400,-12766
0059,09:00,540,0
0059,09:05,545,0
0059,09:10,550,0
0059,09:15,555,0
0059,09:20,560,0
0059,09:25,565,0
0059,09:30,570,0
0059,09:35,575,0
0059,09:40,580,0
0059,09:45,585,0
0059,09:50,590,0
0059,09:55,595,0
0059,10:00,600,0
0059,10:05,605,0
0059,10:10,610,0
0059,10:15,615,0
0059,10:20,620,0
0059,10:25,625,0
0059,10:30,630,0
0059,10:35,635,0
0059,10:40,640,0
0059,10:45,645,0
0059,10:50,650,0
0059,10:55,655,0
0059,11:00,660,0
0059,11:05,665,0
0059,11:10,670,0
0059,11:15,675,0
0059,11:20,680,0
0059,11:25,685,0
0059,11:30,690,-978
0059,11:35,695,-978
0059,11:40,700,-978
0059,11:45,705,-1067
0059,11:50,710,-1067
0059,11:55,715,-1067
0059,12:00,720,-1067
0059,12:05,725,-1333
0059,12:10,730,-1333
0059,12:15,735,-1333
0059,12:20,740,-1333
0059,12:25,745,-1333
0059,12:30,750,-1600
0059,12:35,755,-1600
0059,12:40,760,-1600
0059,12:45,765,-1600
0059,12:50,770,-2311
0059,12:55,775,-2311
0059,13:00,780,-2311
0059,13:05,785,-3467
0059,13:10,790,-3467
0059,13:15,795,-3467
0059,13:20,800,-3467
0059,13:25,805,-3911
0059,13:30,810,-3911
0059,13:35,815,-3911
0059,13:40,820,-3911
0059,13:45,825,-3911
0059,13:50,830,-3911
0059,13:55,835,-3911
0059,14:00,840,-3911
0059,14:05,845,-3911
0059,14:10,850,-3911
0059,14:15,855,-3911
0059,14:20,860,-3911
0059,14:25,865,-3911
0059,14:30,870,-3911
0059,14:35,875,-3911
0059,14:40,880,-3911
0059,14:45,885,-1689
0059,14:50,890,-1689
0059,14:55,895,-1689
0059,15:00,900,-1689
0059,15:05,905,-1689
0059,15:10,910,431
0059,15:15,915,431
0059,15:20,920,431
0059,15:25,925,431
0059,15:30,930,-267
0059,15:35,935,-267
0059,15:40,940,-267
0059,15:45,945,-1333
0059,15:50,950,-1333
0059,15:55,955,-1333
0059,16:00,960,-1333
0059,16:05,965,-1333
0059,16:10,970,-1867
0059,16:15,975,-1867
0059,16:20,980,-1867
0059,16:25,985,-1867
0059,16:30,990,-3200
0059,16:35,995,-3200
0059,16:40,1000,-3200
0059,16:45,1005,-3200
0059,16:50,1010,-2667
0059,16:55,1015,-2667
0059,17:00,1020,-2667
0059,17:05,1025,-3556
0059,17:10,1030,-3556
0059,17:15,1035,-3556
0059,17:20,1040,-3556
0059,17:25,1045,-3556
0059,17:30,1050,-4533
0059,17:35,1055,-4533
0059,17:40,1060,-4533
0059,17:45,1065,-4533
0059,17:50,1070,-5244
0059,17:55,1075,-5244
0059,18:00,1080,-5244
0059,18:05,1085,-5244
0059,18:10,1090,-6400
0059,18:15,1095,-6400
0059,18:20,1100,-6400
0059,18:25,1105,-5244
0059,18:30,1110,-5244
0059,18:35,1115,-5244
0059,18:40,1120,-5244
0059,18:45,1125,-5244
0059,18:50,1130,-6489
0059,18:55,1135,-6489
0059,19:00,1140,-6489
0059,19:05,1145,-6489
0059,19:10,1150,-6844
0059,19:15,1155,-6844
0059,19:20,1160,-6844
0059,19:25,1165,-7556
0059,19:30,1170,-7556
0059,19:35,1175,-7556
0059,19:40,1180,-7556
0059,19:45,1185,-7556
0059,19:50,1190,-7556
0059,19:55,1195,-7556
0059,20:00,1200,-7556
0059,20:05,1205,-7556
0059,20:10,1210,-8533
0059,20:15,1215,-8533
0059,20:20,1220,-8533
0059,20:25,1225,-8533
0059,20:30,1230,-8622
0059,20:35,1235,-8622
0059,20:40,1240,-8622
0059,20:45,1245,-8622
0059,20:50,1250,-8622
0059,20:55,1255,-8622
0059,21:00,1260,-8622
0059,21:05,1265,-8622
0059,21:10,1270,-9333
0059,21:15,1275,-9333
0059,21:20,1280,-9333
0059,21:25,1285,-9333
0059,21:30,1290,-7911
0059,21:35,1295,-7911
0059,21:40,1300,-7911
0059,21:45,1305,-5600
0059,21:50,1310,-5600
0059,21:55,1315,-5600
0059,22:00,1320,-5600
0059,22:05,1325,-6933
0059,22:10,1330,-6933
0059,22:15,1335,-6933
0059,22:20,1340,-6933
0059,22:25,1345,-6933
0059,22:30,1350,-89
0059,22:35,1355,-89
0059,22:40,1360,-89
0059,22:45,1365,-89
0059,22:50,1370,-89
0059,22:55,1375,-89
0059,23:00,1380,-89
0059,23:05,1385,-89
0059,23:10,1390,-89
0059,23:15,1395,-89
0059,23:16,1396,-89
0059,23:20,1400,-89
0060,09:00,540,0
0060,09:05,545,0
0060,09:10,550,0
0060,09:15,555,0
0060,09:20,560,0
0060,09:25,565,0
0060,09:30,570,0
0060,09:35,575,0
0060,09:40,580,0
0060,09:45,585,0
0060,09:50,590,0
0060,09:55,595,0
0060,10:00,600,0
0060,10:05,605,0
0060,10:10,610,0
0060,10:15,615,0
0060,10:20,620,0
0060,10:25,625,0
0060,10:30,630,0
0060,10:35,635,0
0060,10:40,640,0
0060,10:45,645,0
0060,10:50,650,0
0060,10:55,655,0
0060,11:00,660,0
0060,11:05,665,0
0060,11:10,670,0
0060,11:15,675,0
0060,11:20,680,0
0060,11:25,685,0
0060,11:30,690,-711
0060,11:35,695,-711
0060,11:40,700,-711
0060,11:45,705,-1067
0060,11:50,710,-1067
0060,11:55,715,-1067
0060,12:00,720,-1067
0060,12:05,725,-1422
0060,12:10,730,-1422
0060,12:15,735,-1422
0060,12:20,740,-1422
0060,12:25,745,-1422
0060,12:30,750,-889
0060,12:35,755,-889
0060,12:40,760,-889
0060,12:45,765,-889
0060,12:50,770,-1067
0060,12:55,775,-1067
0060,13:00,780,-1067
0060,13:05,785,-1422
0060,13:10,790,-1422
0060,13:15,795,-1422
0060,13:20,800,-1422
0060,13:25,805,-2311
0060,13:30,810,-2311
0060,13:35,815,-2311
0060,13:40,820,-2311
0060,13:45,825,-2311
0060,13:50,830,-2311
0060,13:55,835,-2311
0060,14:00,840,-2311
0060,14:05,845,-2311
0060,14:10,850,-2844
0060,14:15,855,-2844
0060,14:20,860,-2844
0060,14:25,865,-2844
0060,14:30,870,-3378
0060,14:35,875,-3378
0060,14:40,880,-3378
0060,14:45,885,-4622
0060,14:50,890,-4622
0060,14:55,895,-4622
0060,15:00,900,-4622
0060,15:05,905,-4622
0060,15:10,910,-5511
0060,15:15,915,-5511
0060,15:20,920,-5511
0060,15:25,925,-5511
0060,15:30,930,-6400
0060,15:35,935,-6400
0060,15:40,940,-6400
0060,15:45,945,-6578
0060,15:50,950,-6578
0060,15:55,955,-6578
0060,16:00,960,-6578
0060,16:05,965,-6578
0060,16:10,970,-7289
0060,16:15,975,-7289
0060,16:20,980,-7289
0060,16:25,985,-7289
0060,16:30,990,-7822
0060,16:35,995,-7822
0060,16:40,1000,-7822
0060,16:45,1005,-7822
0060,16:50,1010,-9067
0060,16:55,1015,-9067
0060,17:00,1020,-9067
0060,17:05,1025,-10311
0060,17:10,1030,-10311
0060,17:15,1035,-10311
0060,17:20,1040,-10311
0060,17:25,1045,-10311
0060,17:30,1050,-10311
0060,17:35,1055,-10311
0060,17:40,1060,-10311
0060,17:45,1065,-10311
0060,17:50,1070,-10489
0060,17:55,1075,-10489
0060,18:00,1080,-10489
0060,18:05,1085,-10489
0060,18:10,1090,-10489
0060,18:15,1095,-10489
0060,18:20,1100,-10489
0060,18:25,1105,-9956
0060,18:30,1110,-9956
0060,18:35,1115,-9956
0060,18:40,1120,-9956
0060,18:45,1125,-9956
0060,18:50,1130,-11022
0060,18:55,1135,-11022
0060,19:00,1140,-11022
0060,19:05,1145,-11022
0060,19:10,1150,-11733
0060,19:15,1155,-11733
0060,19:20,1160,-11733
0060,19:25,1165,-12800
0060,19:30,1170,-12800
0060,19:35,1175,-12800
0060,19:40,1180,-12800
0060,19:45,1185,-13689
0060,19:50,1190,-13689
0060,19:55,1195,-13689
0060,20:00,1200,-13689
0060,20:05,1205,-13689
0060,20:10,1210,-13689
0060,20:15,1215,-13689
0060,20:20,1220,-13689
0060,20:25,1225,-13689
0060,20:30,1230,-14400
0060,20:35,1235,-14400
0060,20:40,1240,-14400
0060,20:45,1245,-14400
0060,20:50,1250,-14400
0060,20:55,1255,-14400
0060,21:00,1260,-14400
0060,21:05,1265,-14400
0060,21:10,1270,-14400
0060,21:15,1275,-14400
0060,21:20,1280,-14400
0060,21:25,1285,-14400
0060,21:30,1290,-14400
0060,21:35,1295,-14400
0060,21:40,1300,-14400
0060,21:45,1305,-14400
0060,21:50,1310,-14400
0060,21:55,1315,-14400
0060,22:00,1320,-14400
0060,22:05,1325,-14400
0060,22:10,1330,-14400
0060,22:15,1335,-14400
0060,22:20,1340,-14400
0060,22:25,1345,-14400
0060,22:30,1350,-14400
0060,22:35,1355,-14400
0060,22:40,1360,-14400
0060,22:45,1365,-14400
0060,22:50,1370,-14400
0060,22:55,1375,-14400
0060,23:00,1380,-14400
0060,23:05,1385,-14400
0060,23:10,1390,-14400
0060,23:15,1395,-14400
0060,23:16,1396,-14400
0060,23:20,1400,-14400
0061,09:00,540,0
0061,09:05,545,0
0061,09:10,550,0
0061,09:15,555,0
0061,09:20,560,0
0061,09:25,565,0
0061,09:30,570,0
0061,09:35,575,0
0061,09:40,580,0
0061,09:45,585,0
0061,09:50,590,0
0061,09:55,595,0
0061,10:00,600,0
0061,10:05,605,0
0061,10:10,610,0
0061,10:15,615,0
0061,10:20,620,0
0061,10:25,625,0
0061,10:30,630,0
0061,10:35,635,0
0061,10:40,640,0
0061,10:45,645,0
0061,10:50,650,0
0061,10:55,655,0
0061,11:00,660,0
0061,11:05,665,0
0061,11:10,670,0
0061,11:15,675,0
0061,11:20,680,0
0061,11:25,685,0
0061,11:30,690,2479
0061,11:35,695,2479
0061,11:40,700,2479
0061,11:45,705,6446
0061,11:50,710,6446
0061,11:55,715,6446
0061,12:00,720,6446
0061,12:05,725,7190
0061,12:10,730,7190
0061,12:15,735,7190
0061,12:20,740,7190
0061,12:25,745,7190
0061,12:30,750,10413
0061,12:35,755,10413
0061,12:40,760,10413
0061,12:45,765,10413
0061,12:50,770,10909
0061,12:55,775,10909
0061,13:00,780,10909
0061,13:05,785,16116
0061,13:10,790,16116
0061,13:15,795,16116
0061,13:20,800,16116
0061,13:25,805,15124
0061,13:30,810,15124
0061,13:35,815,15124
0061,13:40,820,15124
0061,13:45,825,15124
0061,13:50,830,15124
0061,13:55,835,15124
0061,14:00,840,15124
0061,14:05,845,15124
0061,14:10,850,14380
0061,14:15,855,14380
0061,14:20,860,14380
0061,14:25,865,14380
0061,14:30,870,13884
0061,14:35,875,13884
0061,14:40,880,13884
0061,14:45,885,15620
0061,14:50,890,15620
0061,14:55,895,15620
0061,15:00,900,15620
0061,15:05,905,15620
0061,15:10,910,21570
0061,15:15,915,21570
0061,15:20,920,21570
0061,15:25,925,21570
0061,15:30,930,21570
0061,15:35,935,21570
0061,15:40,940,21570
0061,15:45,945,20083
0061,15:50,950,20083
0061,15:55,955,20083
0061,16:00,960,20083
0061,16:05,965,20083
0061,16:10,970,19835
0061,16:15,975,19835
0061,16:20,980,19835
0061,16:25,985,19835
0061,16:30,990,19587
0061,16:35,995,19587
0061,16:40,1000,19587
0061,16:45,1005,19587
0061,16:50,1010,18843
0061,16:55,1015,18843
0061,17:00,1020,18843
0061,17:05,1025,18843
0061,17:10,1030,18843
0061,17:15,1035,18843
0061,17:20,1040,18843
0061,17:25,1045,18843
0061,17:30,1050,19835
0061,17:35,1055,19835
0061,17:40,1060,19835
0061,17:45,1065,19835
0061,17:50,1070,22562
0061,17:55,1075,22562
0061,18:00,1080,22562
0061,18:05,1085,22562
0061,18:10,1090,27521
0061,18:15,1095,27521
0061,18:20,1100,27521
0061,18:25,1105,27273
0061,18:30,1110,27273
0061,18:35,1115,27273
0061,18:40,1120,27273
0061,18:45,1125,27273
0061,18:50,1130,27273
0061,18:55,1135,27273
0061,19:00,1140,27273
0061,19:05,1145,27273
0061,19:10,1150,27273
0061,19:15,1155,27273
0061,19:20,1160,27273
0061,19:25,1165,26777
0061,19:30,1170,26777
0061,19:35,1175,26777
0061,19:40,1180,26777
0061,19:45,1185,26777
0061,19:50,1190,26777
0061,19:55,1195,26777
0061,20:00,1200,26777
0061,20:05,1205,26777
0061,20:10,1210,26777
0061,20:15,1215,26777
0061,20:20,1220,26777
0061,20:25,1225,26777
0061,20:30,1230,26777
0061,20:35,1235,26777
0061,20:40,1240,26777
0061,20:45,1245,26777
0061,20:50,1250,26777
0061,20:55,1255,26777
0061,21:00,1260,26777
0061,21:05,1265,26777
0061,21:10,1270,26777
0061,21:15,1275,26777
0061,21:20,1280,26777
0061,21:25,1285,26777
0061,21:30,1290,26777
0061,21:35,1295,26777
0061,21:40,1300,26777
0061,21:45,1305,26777
0061,21:50,1310,26777
0061,21:55,1315,26777
0061,22:00,1320,26777
0061,22:05,1325,26777
0061,22:10,1330,26777
0061,22:15,1335,26777
0061,22:20,1340,26777
0061,22:25,1345,26777
0061,22:30,1350,26777
0061,22:35,1355,26777
0061,22:40,1360,26777
0061,22:45,1365,26777
0061,22:50,1370,26777
0061,22:55,1375,26777
0061,23:00,1380,26777
0061,23:05,1385,26777
0061,23:10,1390,26777
0061,23:15,1395,26777
0061,23:16,1396,26777
0061,23:20,1400,26777
0062,09:00,540,0
0062,09:05,545,0
0062,09:10,550,0
0062,09:15,555,0
0062,09:20,560,0
0062,09:25,565,0
0062,09:30,570,0
0062,09:35,575,0
0062,09:40,580,0
0062,09:45,585,0
0062,09:50,590,0
0062,09:55,595,0
0062,10:00,600,0
0062,10:05,605,0
0062,10:10,610,0
0062,10:15,615,0
0062,10:20,620,0
0062,10:25,625,0
0062,10:30,630,0
0062,10:35,635,0
0062,10:40,640,0
0062,10:45,645,0
0062,10:50,650,0
0062,10:55,655,0
0062,11:00,660,0
0062,11:05,665,0
0062,11:10,670,0
0062,11:15,675,0
0062,11:20,680,0
0062,11:25,685,0
0062,11:30,690,0
0062,11:35,695,0
0062,11:40,700,0
0062,11:45,705,0
0062,11:50,710,0
0062,11:55,715,0
0062,12:00,720,0
0062,12:05,725,0
0062,12:10,730,0
0062,12:15,735,0
0062,12:20,740,0
0062,12:25,745,0
0062,12:30,750,3793
0062,12:35,755,3793
0062,12:40,760,3793
0062,12:45,765,3793
0062,12:50,770,2759
0062,12:55,775,2759
0062,13:00,780,2759
0062,13:05,785,1379
0062,13:10,790,1379
0062,13:15,795,1379
0062,13:20,800,1379
0062,13:25,805,172
0062,13:30,810,172
0062,13:35,815,172
0062,13:40,820,172
0062,13:45,825,172
0062,13:50,830,172
0062,13:55,835,172
0062,14:00,840,172
0062,14:05,845,172
0062,14:10,850,172
0062,14:15,855,172
0062,14:20,860,172
0062,14:25,865,172
0062,14:30,870,-1600
0062,14:35,875,-1600
0062,14:40,880,-1600
0062,14:45,885,-3200
0062,14:50,890,-3200
0062,14:55,895,-3200
0062,15:00,900,-3200
0062,15:05,905,-3200
0062,15:10,910,-4444
0062,15:15,915,-4444
0062,15:20,920,-4444
0062,15:25,925,-4444
0062,15:30,930,-5511
0062,15:35,935,-5511
0062,15:40,940,-5511
0062,15:45,945,-6044
0062,15:50,950,-6044
0062,15:55,955,-6044
0062,16:00,960,-6044
0062,16:05,965,-6044
0062,16:10,970,-6933
0062,16:15,975,-6933
0062,16:20,980,-6933
0062,16:25,985,-6933
0062,16:30,990,-7822
0062,16:35,995,-7822
0062,16:40,1000,-7822
0062,16:45,1005,-7822
0062,16:50,1010,-8356
0062,16:55,1015,-8356
0062,17:00,1020,-8356
0062,17:05,1025,-9422
0062,17:10,1030,-9422
0062,17:15,1035,-9422
0062,17:20,1040,-9422
0062,17:25,1045,-9422
0062,17:30,1050,-11022
0062,17:35,1055,-11022
0062,17:40,1060,-11022
0062,17:45,1065,-11022
0062,17:50,1070,-10489
0062,17:55,1075,-10489
0062,18:00,1080,-10489
0062,18:05,1085,-10489
0062,18:10,1090,-9778
0062,18:15,1095,-9778
0062,18:20,1100,-9778
0062,18:25,1105,-8000
0062,18:30,1110,-8000
0062,18:35,1115,-8000
0062,18:40,1120,-8000
0062,18:45,1125,-8000
0062,18:50,1130,-9067
0062,18:55,1135,-9067
0062,19:00,1140,-9067
0062,19:05,1145,-9067
0062,19:10,1150,-9956
0062,19:15,1155,-9956
0062,19:20,1160,-9956
0062,19:25,1165,-10489
0062,19:30,1170,-10489
0062,19:35,1175,-10489
0062,19:40,1180,-10489
0062,19:45,1185,-10667
0062,19:50,1190,-10667
0062,19:55,1195,-10667
0062,20:00,1200,-10667
0062,20:05,1205,-10667
0062,20:10,1210,-8711
0062,20:15,1215,-8711
0062,20:20,1220,-8711
0062,20:25,1225,-8711
0062,20:30,1230,-178
0062,20:35,1235,-178
0062,20:40,1240,-178
0062,20:45,1245,-1600
0062,20:50,1250,-1600
0062,20:55,1255,-1600
0062,21:00,1260,-1600
0062,21:05,1265,-1600
0062,21:10,1270,-1600
0062,21:15,1275,-1600
0062,21:20,1280,-1600
0062,21:25,1285,-1600
0062,21:30,1290,-1956
0062,21:35,1295,-1956
0062,21:40,1300,-1956
0062,21:45,1305,-2311
0062,21:50,1310,-2311
0062,21:55,1315,-2311
0062,22:00,1320,-2311
0062,22:05,1325,-2311
0062,22:10,1330,-2311
0062,22:15,1335,-2311
0062,22:20,1340,-2311
0062,22:25,1345,-2311
0062,22:30,1350,-2311
0062,22:35,1355,-2311
0062,22:40,1360,-2311
0062,22:45,1365,-2311
0062,22:50,1370,-2311
0062,22:55,1375,-2311
0062,23:00,1380,-2311
0062,23:05,1385,-2311
0062,23:10,1390,-2311
0062,23:15,1395,-2311
0062,23:16,1396,-2311
0062,23:20,1400,-2311
0063,09:00,540,0
0063,09:05,545,0
0063,09:10,550,0
0063,09:15,555,0
0063,09:20,560,0
0063,09:25,565,0
0063,09:30,570,0
0063,09:35,575,0
0063,09:40,580,0
0063,09:45,585,0
0063,09:50,590,0
0063,09:55,595,0
0063,10:00,600,0
0063,10:05,605,0
0063,10:10,610,0
0063,10:15,615,0
0063,10:20,620,0
0063,10:25,625,-800
0063,10:30,630,-800
0063,10:35,635,-800
0063,10:40,640,-1867
0063,10:45,645,-1867
0063,10:50,650,-1867
0063,10:55,655,-1867
0063,11:00,660,-2667
0063,11:05,665,-2667
0063,11:10,670,-2756
0063,11:15,675,-2756
0063,11:20,680,-2756
0063,11:25,685,-2756
0063,11:30,690,-2756
0063,11:35,695,-2756
0063,11:40,700,-2756
0063,11:45,705,-3467
0063,11:50,710,-3467
0063,11:55,715,-3467
0063,12:00,720,-3467
0063,12:05,725,-4533
0063,12:10,730,-4533
0063,12:15,735,-4533
0063,12:20,740,-4533
0063,12:25,745,-4533
0063,12:30,750,-5067
0063,12:35,755,-5067
0063,12:40,760,-5067
0063,12:45,765,-5067
0063,12:50,770,-4000
0063,12:55,775,-4000
0063,13:00,780,-4000
0063,13:05,785,1466
0063,13:10,790,1466
0063,13:15,795,1466
0063,13:20,800,1466
0063,13:25,805,2931
0063,13:30,810,2931
0063,13:35,815,2931
0063,13:40,820,2931
0063,13:45,825,2931
0063,13:50,830,2069
0063,13:55,835,2069
0063,14:00,840,2069
0063,14:05,845,2069
0063,14:10,850,1207
0063,14:15,855,1207
0063,14:20,860,1207
0063,14:25,865,1207
0063,14:30,870,0
0063,14:35,875,0
0063,14:40,880,0
0063,14:45,885,776
0063,14:50,890,776
0063,14:55,895,776
0063,15:00,900,776
0063,15:05,905,776
0063,15:10,910,-89
0063,15:15,915,-89
0063,15:20,920,-89
0063,15:25,925,-89
0063,15:30,930,517
0063,15:35,935,517
0063,15:40,940,517
0063,15:45,945,1293
0063,15:50,950,1293
0063,15:55,955,1293
0063,16:00,960,1293
0063,16:05,965,1293
0063,16:10,970,431
0063,16:15,975,431
0063,16:20,980,431
0063,16:25,985,431
0063,16:30,990,-89
0063,16:35,995,-89
0063,16:40,1000,-89
0063,16:45,1005,-89
0063,16:50,1010,-800
0063,16:55,1015,-800
0063,17:00,1020,-800
0063,17:05,1025,-1867
0063,17:10,1030,-1867
0063,17:15,1035,-1867
0063,17:20,1040,-1867
0063,17:25,1045,-1867
0063,17:30,1050,-2933
0063,17:35,1055,-2933
0063,17:40,1060,-2933
0063,17:45,1065,-2933
0063,17:50,1070,-3644
0063,17:55,1075,-3644
0063,18:00,1080,-3644
0063,18:05,1085,-3644
0063,18:10,1090,-4800
0063,18:15,1095,-4800
0063,18:20,1100,-4800
0063,18:25,1105,-5689
0063,18:30,1110,-5689
0063,18:35,1115,-5689
0063,18:40,1120,-5689
0063,18:45,1125,-5689
0063,18:50,1130,-5689
0063,18:55,1135,-5689
0063,19:00,1140,-5689
0063,19:05,1145,-5689
0063,19:10,1150,-6133
0063,19:15,1155,-6133
0063,19:20,1160,-6133
0063,19:25,1165,-6133
0063,19:30,1170,-6133
0063,19:35,1175,-6133
0063,19:40,1180,-6133
0063,19:45,1185,-7111
0063,19:50,1190,-7111
0063,19:55,1195,-7111
0063,20:00,1200,-7111
0063,20:05,1205,-7111
0063,20:10,1210,-7911
0063,20:15,1215,-7911
0063,20:20,1220,-7911
0063,20:25,1225,-7911
0063,20:30,1230,-9244
0063,20:35,1235,-9244
0063,20:40,1240,-9244
0063,20:45,1245,-9244
0063,20:50,1250,-9244
0063,20:55,1255,-9244
0063,21:00,1260,-9244
0063,21:05,1265,-9244
0063,21:10,1270,-9244
0063,21:15,1275,-9244
0063,21:20,1280,-9244
0063,21:25,1285,-9244
0063,21:30,1290,-9244
0063,21:35,1295,-9244
0063,21:40,1300,-9244
0063,21:45,1305,-9422
0063,21:50,1310,-9422
0063,21:55,1315,-9422
0063,22:00,1320,-9422
0063,22:05,1325,-9422
0063,22:10,1330,-9422
0063,22:15,1335,-9422
0063,22:20,1340,-9422
0063,22:25,1345,-9422
0063,22:30,1350,-9422
0063,22:35,1355,-9422
0063,22:40,1360,-9422
0063,22:45,1365,-9422
0063,22:50,1370,-9422
0063,22:55,1375,-9422
0063,23:00,1380,-9422
0063,23:05,1385,-9422
0063,23:10,1390,-9422
0063,23:15,1395,-9422
0063,23:16,1396,-9422
0063,23:20,1400,-9422
0064,09:00,540,0
0064,09:05,545,0
0064,09:10,550,0
0064,09:15,555,0
0064,09:20,560,0
0064,09:25,565,0
0064,09:30,570,0
0064,09:35,575,0
0064,09:40,580,0
0064,09:45,585,0
0064,09:50,590,0
0064,09:55,595,0
0064,10:00,600,0
0064,10:05,605,0
0064,10:10,610,0
0064,10:15,615,0
0064,10:20,620,0
0064,10:25,625,0
0064,10:30,630,0
0064,10:35,635,0
0064,10:40,640,0
0064,10:45,645,0
0064,10:50,650,0
0064,10:55,655,0
0064,11:00,660,0
0064,11:05,665,0
0064,11:10,670,0
0064,11:15,675,0
0064,11:20,680,0
0064,11:25,685,0
0064,11:30,690,0
0064,11:35,695,0
0064,11:40,700,0
0064,11:45,705,0
0064,11:50,710,0
0064,11:55,715,0
0064,12:00,720,0
0064,12:05,725,0
0064,12:10,730,0
0064,12:15,735,0
0064,12:20,740,0
0064,12:25,745,0
0064,12:30,750,0
0064,12:35,755,0
0064,12:40,760,0
0064,12:45,765,0
0064,12:50,770,-255
0064,12:55,775,-255
0064,13:00,780,-255
0064,13:05,785,-255
0064,13:10,790,-255
0064,13:15,795,-255
0064,13:20,800,-255
0064,13:25,805,-255
0064,13:30,810,-255
0064,13:35,815,-255
0064,13:40,820,-255
0064,13:45,825,-255
0064,13:50,830,-511
0064,13:55,835,-511
0064,14:00,840,-511
0064,14:05,845,-511
0064,14:10,850,3471
0064,14:15,855,3471
0064,14:20,860,3471
0064,14:25,865,3471
0064,14:30,870,4711
0064,14:35,875,4711
0064,14:40,880,4711
0064,14:45,885,9669
0064,14:50,890,9669
0064,14:55,895,9669
0064,15:00,900,9669
0064,15:05,905,9669
0064,15:10,910,12149
0064,15:15,915,12149
0064,15:20,920,12149
0064,15:25,925,12149
0064,15:30,930,12149
0064,15:35,935,12149
0064,15:40,940,12149
0064,15:45,945,12149
0064,15:50,950,12149
0064,15:55,955,12149
0064,16:00,960,12149
0064,16:05,965,12149
0064,16:10,970,12149
0064,16:15,975,12149
0064,16:20,980,12149
0064,16:25,985,12149
0064,16:30,990,10661
0064,16:35,995,10661
0064,16:40,1000,10661
0064,16:45,1005,10661
0064,16:50,1010,9174
0064,16:55,1015,9174
0064,17:00,1020,9174
0064,17:05,1025,7934
0064,17:10,1030,7934
0064,17:15,1035,7934
0064,17:20,1040,7934
0064,17:25,1045,7934
0064,17:30,1050,8926
0064,17:35,1055,8926
0064,17:40,1060,8926
0064,17:45,1065,8926
0064,17:50,1070,11405
0064,17:55,1075,11405
0064,18:00,1080,11405
0064,18:05,1085,11405
0064,18:10,1090,11157
0064,18:15,1095,11157
0064,18:20,1100,11157
0064,18:25,1105,12149
0064,18:30,1110,12149
0064,18:35,1115,12149
0064,18:40,1120,12149
0064,18:45,1125,12149
0064,18:50,1130,16364
0064,18:55,1135,16364
0064,19:00,1140,16364
0064,19:05,1145,16364
0064,19:10,1150,15124
0064,19:15,1155,15124
0064,19:20,1160,15124
0064,19:25,1165,20331
0064,19:30,1170,20331
0064,19:35,1175,20331
0064,19:40,1180,20331
0064,19:45,1185,19339
0064,19:50,1190,19339
0064,19:55,1195,19339
0064,20:00,1200,19339
0064,20:05,1205,19339
0064,20:10,1210,19339
0064,20:15,1215,19339
0064,20:20,1220,19339
0064,20:25,1225,19339
0064,20:30,1230,19339
0064,20:35,1235,19339
0064,20:40,1240,19339
0064,20:45,1245,19339
0064,20:50,1250,19339
0064,20:55,1255,19339
0064,21:00,1260,19339
0064,21:05,1265,19339
0064,21:10,1270,19339
0064,21:15,1275,19339
0064,21:20,1280,19339
0064,21:25,1285,19339
0064,21:30,1290,18595
0064,21:35,1295,18595
0064,21:40,1300,18595
0064,21:45,1305,18595
0064,21:50,1310,18595
0064,21:55,1315,18595
0064,22:00,1320,18595
0064,22:05,1325,18595
0064,22:10,1330,18595
0064,22:15,1335,18595
0064,22:20,1340,18595
0064,22:25,1345,18595
0064,22:30,1350,18595
0064,22:35,1355,18595
0064,22:40,1360,18595
0064,22:45,1365,18595
0064,22:50,1370,18595
0064,22:55,1375,18595
0064,23:00,1380,18595
0064,23:05,1385,18595
0064,23:10,1390,18595
0064,23:15,1395,18595
0064,23:16,1396,18595
0064,23:20,1400,18595
0065,09:00,540,0
0065,09:05,545,0
0065,09:10,550,0
0065,09:15,555,0
0065,09:20,560,0
0065,09:25,565,0
0065,09:30,570,0
0065,09:35,575,0
0065,09:40,580,0
0065,09:45,585,0
0065,09:50,590,0
0065,09:55,595,0
0065,10:00,600,0
0065,10:05,605,0
0065,10:10,610,0
0065,10:15,615,0
0065,10:20,620,0
0065,10:25,625,0
0065,10:30,630,0
0065,10:35,635,0
0065,10:40,640,0
0065,10:45,645,0
0065,10:50,650,0
0065,10:55,655,0
0065,11:00,660,0
0065,11:05,665,0
0065,11:10,670,0
0065,11:15,675,0
0065,11:20,680,0
0065,11:25,685,0
0065,11:30,690,-356
0065,11:35,695,-356
0065,11:40,700,-356
0065,11:45,705,-889
0065,11:50,710,-889
0065,11:55,715,-889
0065,12:00,720,-889
0065,12:05,725,-889
0065,12:10,730,-889
0065,12:15,735,-889
0065,12:20,740,-889
0065,12:25,745,-889
0065,12:30,750,-1956
0065,12:35,755,-1956
0065,12:40,760,-1956
0065,12:45,765,-1956
0065,12:50,770,-2311
0065,12:55,775,-2311
0065,13:00,780,-2311
0065,13:05,785,-2311
0065,13:10,790,-2311
0065,13:15,795,-2311
0065,13:20,800,-2311
0065,13:25,805,-2667
0065,13:30,810,-2667
0065,13:35,815,-2667
0065,13:40,820,-2667
0065,13:45,825,-2667
0065,13:50,830,-4089
0065,13:55,835,-4089
0065,14:00,840,-4089
0065,14:05,845,-4089
0065,14:10,850,-3822
0065,14:15,855,-3822
0065,14:20,860,-3822
0065,14:25,865,-3822
0065,14:30,870,-2667
0065,14:35,875,-2667
0065,14:40,880,-2667
0065,14:45,885,-4089
0065,14:50,890,-4089
0065,14:55,895,-4089
0065,15:00,900,-4089
0065,15:05,905,-4089
0065,15:10,910,2759
0065,15:15,915,2759
0065,15:20,920,2759
0065,15:25,925,2759
0065,15:30,930,1207
0065,15:35,935,1207
0065,15:40,940,1207
0065,15:45,945,259
0065,15:50,950,259
0065,15:55,955,259
0065,16:00,960,259
0065,16:05,965,259
0065,16:10,970,-89
0065,16:15,975,-89
0065,16:20,980,-89
0065,16:25,985,-89
0065,16:30,990,-1422
0065,16:35,995,-1422
0065,16:40,1000,-1422
0065,16:45,1005,-1422
0065,16:50,1010,-1778
0065,16:55,1015,-1778
0065,17:00,1020,-1778
0065,17:05,1025,-2489
0065,17:10,1030,-2489
0065,17:15,1035,-2489
0065,17:20,1040,-2489
0065,17:25,1045,-2489
0065,17:30,1050,-2489
0065,17:35,1055,-2489
0065,17:40,1060,-2489
0065,17:45,1065,-2489
0065,17:50,1070,-2489
0065,17:55,1075,-2489
0065,18:00,1080,-2489
0065,18:05,1085,-2489
0065,18:10,1090,-2489
0065,18:15,1095,-2489
0065,18:20,1100,-2489
0065,18:25,1105,-2933
0065,18:30,1110,-2933
0065,18:35,1115,-2933
0065,18:40,1120,-2933
0065,18:45,1125,-2933
0065,18:50,1130,-2933
0065,18:55,1135,-2933
0065,19:00,1140,-2933
0065,19:05,1145,-2933
0065,19:10,1150,-3378
0065,19:15,1155,-3378
0065,19:20,1160,-3378
0065,19:25,1165,-3644
0065,19:30,1170,-3644
0065,19:35,1175,-3644
0065,19:40,1180,-3644
0065,19:45,1185,-3644
0065,19:50,1190,-3644
0065,19:55,1195,-3644
0065,20:00,1200,-3644
0065,20:05,1205,-3644
0065,20:10,1210,-3644
0065,20:15,1215,-3644
0065,20:20,1220,-3644
0065,20:25,1225,-3644
0065,20:30,1230,-3911
0065,20:35,1235,-3911
0065,20:40,1240,-3911
0065,20:45,1245,-3911
0065,20:50,1250,-3911
0065,20:55,1255,-3911
0065,21:00,1260,-3911
0065,21:05,1265,-3911
0065,21:10,1270,-3911
0065,21:15,1275,-3911
0065,21:20,1280,-3911
0065,21:25,1285,-3911
0065,21:30,1290,-3911
0065,21:35,1295,-3911
0065,21:40,1300,-3911
0065,21:45,1305,-3911
0065,21:50,1310,-3911
0065,21:55,1315,-3911
0065,22:00,1320,-3911
0065,22:05,1325,-3911
0065,22:10,1330,-3911
0065,22:15,1335,-3911
0065,22:20,1340,-3911
0065,22:25,1345,-3911
0065,22:30,1350,-3911
0065,22:35,1355,-3911
0065,22:40,1360,-3911
0065,22:45,1365,-3911
0065,22:50,1370,-3911
0065,22:55,1375,-3911
0065,23:00,1380,-3911
0065,23:05,1385,-3911
0065,23:10,1390,-3911
0065,23:15,1395,-3911
0065,23:16,1396,-3911
0065,23:20,1400,-3911
0066,09:00,540,0
0066,09:05,545,0
0066,09:10,550,0
0066,09:15,555,0
0066,09:20,560,0
0066,09:25,565,0
0066,09:30,570,0
0066,09:35,575,0
0066,09:40,580,0
0066,09:45,585,0
0066,09:50,590,0
0066,09:55,595,0
0066,10:00,600,0
0066,10:05,605,0
0066,10:10,610,0
0066,10:15,615,0
0066,10:20,620,0
0066,10:25,625,-178
0066,10:30,630,-178
0066,10:35,635,-178
0066,10:40,640,-356
0066,10:45,645,-356
0066,10:50,650,-356
0066,10:55,655,-356
0066,11:00,660,-356
0066,11:05,665,-356
0066,11:10,670,-356
0066,11:15,675,-356
0066,11:20,680,-356
0066,11:25,685,-356
0066,11:30,690,-2133
0066,11:35,695,-2133
0066,11:40,700,-2133
0066,11:45,705,-3200
0066,11:50,710,-3200
0066,11:55,715,-3200
0066,12:00,720,-3200
0066,12:05,725,-4089
0066,12:10,730,-4089
0066,12:15,735,-4089
0066,12:20,740,-4089
0066,12:25,745,-4089
0066,12:30,750,-4444
0066,12:35,755,-4444
0066,12:40,760,-4444
0066,12:45,765,-4444
0066,12:50,770,-5333
0066,12:55,775,-5333
0066,13:00,780,-5333
0066,13:05,785,-6756
0066,13:10,790,-6756
0066,13:15,795,-6756
0066,13:20,800,-6756
0066,13:25,805,-4622
0066,13:30,810,-4622
0066,13:35,815,-4622
0066,13:40,820,-4622
0066,13:45,825,-4622
0066,13:50,830,-6222
0066,13:55,835,-6222
0066,14:00,840,-6222
0066,14:05,845,-6222
0066,14:10,850,-3200
0066,14:15,855,-3200
0066,14:20,860,-3200
0066,14:25,865,-3200
0066,14:30,870,-3556
0066,14:35,875,-3556
0066,14:40,880,-3556
0066,14:45,885,3276
0066,14:50,890,3276
0066,14:55,895,3276
0066,15:00,900,3276
0066,15:05,905,3276
0066,15:10,910,2759
0066,15:15,915,2759
0066,15:20,920,2759
0066,15:25,925,2759
0066,15:30,930,9138
0066,15:35,935,9138
0066,15:40,940,9138
0066,15:45,945,14483
0066,15:50,950,14483
0066,15:55,955,14483
0066,16:00,960,14483
0066,16:05,965,14483
0066,16:10,970,13103
0066,16:15,975,13103
0066,16:20,980,13103
0066,16:25,985,13103
0066,16:30,990,11552
0066,16:35,995,11552
0066,16:40,1000,11552
0066,16:45,1005,11552
0066,16:50,1010,12241
0066,16:55,1015,12241
0066,17:00,1020,12241
0066,17:05,1025,10862
0066,17:10,1030,10862
0066,17:15,1035,10862
0066,17:20,1040,10862
0066,17:25,1045,10862
0066,17:30,1050,9655
0066,17:35,1055,9655
0066,17:40,1060,9655
0066,17:45,1065,9655
0066,17:50,1070,9310
0066,17:55,1075,9310
0066,18:00,1080,9310
0066,18:05,1085,9310
0066,18:10,1090,9310
0066,18:15,1095,9310
0066,18:20,1100,9310
0066,18:25,1105,9310
0066,18:30,1110,9310
0066,18:35,1115,9310
0066,18:40,1120,9310
0066,18:45,1125,9310
0066,18:50,1130,8621
0066,18:55,1135,8621
0066,19:00,1140,8621
0066,19:05,1145,8621
0066,19:10,1150,8621
0066,19:15,1155,8621
0066,19:20,1160,8621
0066,19:25,1165,8276
0066,19:30,1170,8276
0066,19:35,1175,8276
0066,19:40,1180,8276
0066,19:45,1185,8103
0066,19:50,1190,8103
0066,19:55,1195,8103
0066,20:00,1200,8103
0066,20:05,1205,8103
0066,20:10,1210,7759
0066,20:15,1215,7759
0066,20:20,1220,7759
0066,20:25,1225,7759
0066,20:30,1230,7759
0066,20:35,1235,7759
0066,20:40,1240,7759
0066,20:45,1245,7759
0066,20:50,1250,7759
0066,20:55,1255,7759
0066,21:00,1260,7759
0066,21:05,1265,7759
0066,21:10,1270,7759
0066,21:15,1275,7759
0066,21:20,1280,7759
0066,21:25,1285,7759
0066,21:30,1290,7759
0066,21:35,1295,7759
0066,21:40,1300,7759
0066,21:45,1305,7759
0066,21:50,1310,7759
0066,21:55,1315,7759
0066,22:00,1320,7759
0066,22:05,1325,8793
0066,22:10,1330,8793
0066,22:15,1335,8793
0066,22:20,1340,8793
0066,22:25,1345,8793
0066,22:30,1350,8276
0066,22:35,1355,8276
0066,22:40,1360,8276
0066,22:45,1365,8276
0066,22:50,1370,8276
0066,22:55,1375,8276
0066,23:00,1380,8276
0066,23:05,1385,8276
0066,23:10,1390,8276
0066,23:15,1395,8276
0066,23:16,1396,8276
0066,23:20,1400,8276
0067,09:00,540,0
0067,09:05,545,0
0067,09:10,550,0
0067,09:15,555,0
0067,09:20,560,0
0067,09:25,565,0
0067,09:30,570,0
0067,09:35,575,0
0067,09:40,580,0
0067,09:45,585,0
0067,09:50,590,0
0067,09:55,595,0
0067,10:00,600,0
0067,10:05,605,0
0067,10:10,610,0
0067,10:15,615,0
0067,10:20,620,0
0067,10:25,625,0
0067,10:30,630,0
0067,10:35,635,0
0067,10:40,640,0
0067,10:45,645,0
0067,10:50,650,0
0067,10:55,655,0
0067,11:00,660,0
0067,11:05,665,0
0067,11:10,670,0
0067,11:15,675,0
0067,11:20,680,0
0067,11:25,685,0
0067,11:30,690,-89
0067,11:35,695,-89
0067,11:40,700,-89
0067,11:45,705,-1511
0067,11:50,710,-1511
0067,11:55,715,-1511
0067,12:00,720,-1511
0067,12:05,725,-2489
0067,12:10,730,-2489
0067,12:15,735,-2489
0067,12:20,740,-2489
0067,12:25,745,-2489
0067,12:30,750,-4000
0067,12:35,755,-4000
0067,12:40,760,-4000
0067,12:45,765,-4000
0067,12:50,770,-4444
0067,12:55,775,-4444
0067,13:00,780,-4444
0067,13:05,785,-5067
0067,13:10,790,-5067
0067,13:15,795,-5067
0067,13:20,800,-5067
0067,13:25,805,-6133
0067,13:30,810,-6133
0067,13:35,815,-6133
0067,13:40,820,-6133
0067,13:45,825,-6133
0067,13:50,830,-5067
0067,13:55,835,-5067
0067,14:00,840,-5067
0067,14:05,845,-5067
0067,14:10,850,-4711
0067,14:15,855,-4711
0067,14:20,860,-4711
0067,14:25,865,-4711
0067,14:30,870,-4533
0067,14:35,875,-4533
0067,14:40,880,-4533
0067,14:45,885,-3733
0067,14:50,890,-3733
0067,14:55,895,-3733
0067,15:00,900,-3733
0067,15:05,905,-3733
0067,15:10,910,-1689
0067,15:15,915,-1689
0067,15:20,920,-1689
0067,15:25,925,-1689
0067,15:30,930,259
0067,15:35,935,259
0067,15:40,940,259
0067,15:45,945,-622
0067,15:50,950,-622
0067,15:55,955,-622
0067,16:00,960,-622
0067,16:05,965,-622
0067,16:10,970,-1867
0067,16:15,975,-1867
0067,16:20,980,-1867
0067,16:25,985,-1867
0067,16:30,990,-1956
0067,16:35,995,-1956
0067,16:40,1000,-1956
0067,16:45,1005,-1956
0067,16:50,1010,-889
0067,16:55,1015,-889
0067,17:00,1020,-889
0067,17:05,1025,1810
0067,17:10,1030,1810
0067,17:15,1035,1810
0067,17:20,1040,1810
0067,17:25,1045,1810
0067,17:30,1050,3966
0067,17:35,1055,3966
0067,17:40,1060,3966
0067,17:45,1065,3966
0067,17:50,1070,5000
0067,17:55,1075,5000
0067,18:00,1080,5000
0067,18:05,1085,5000
0067,18:10,1090,4397
0067,18:15,1095,4397
0067,18:20,1100,4397
0067,18:25,1105,2759
0067,18:30,1110,2759
0067,18:35,1115,2759
0067,18:40,1120,2759
0067,18:45,1125,2759
0067,18:50,1130,2328
0067,18:55,1135,2328
0067,19:00,1140,2328
0067,19:05,1145,2328
0067,19:10,1150,4483
0067,19:15,1155,4483
0067,19:20,1160,4483
0067,19:25,1165,6810
0067,19:30,1170,6810
0067,19:35,1175,6810
0067,19:40,1180,6810
0067,19:45,1185,5862
0067,19:50,1190,5862
0067,19:55,1195,5862
0067,20:00,1200,5862
0067,20:05,1205,5862
0067,20:10,1210,4741
0067,20:15,1215,4741
0067,20:20,1220,4741
0067,20:25,1225,4741
0067,20:30,1230,3362
0067,20:35,1235,3362
0067,20:40,1240,3362
0067,20:45,1245,2241
0067,20:50,1250,2241
0067,20:55,1255,2241
0067,21:00,1260,2241
0067,21:05,1265,2241
0067,21:10,1270,1207
0067,21:15,1275,1207
0067,21:20,1280,1207
0067,21:25,1285,1207
0067,21:30,1290,2931
0067,21:35,1295,2931
0067,21:40,1300,2931
0067,21:45,1305,1724
0067,21:50,1310,1724
0067,21:55,1315,1724
0067,22:00,1320,1724
0067,22:05,1325,1466
0067,22:10,1330,1466
0067,22:15,1335,1466
0067,22:20,1340,1466
0067,22:25,1345,1466
0067,22:30,1350,948
0067,22:35,1355,948
0067,22:40,1360,948
0067,22:45,1365,948
0067,22:50,1370,948
0067,22:55,1375,948
0067,23:00,1380,948
0067,23:05,1385,948
0067,23:10,1390,948
0067,23:15,1395,948
0067,23:16,1396,948
0067,23:20,1400,948
0068,09:00,540,0
0068,09:05,545,0
0068,09:10,550,0
0068,09:15,555,0
0068,09:20,560,0
0068,09:25,565,0
0068,09:30,570,0
0068,09:35,575,0
0068,09:40,580,0
0068,09:45,585,0
0068,09:50,590,0
0068,09:55,595,0
0068,10:00,600,0
0068,10:05,605,0
0068,10:10,610,0
0068,10:15,615,0
0068,10:20,620,0
0068,10:25,625,-533
0068,10:30,630,-533
0068,10:35,635,-533
0068,10:40,640,-1600
0068,10:45,645,-1600
0068,10:50,650,-1600
0068,10:55,655,-1600
0068,11:00,660,-2133
0068,11:05,665,-2133
0068,11:10,670,-2311
0068,11:15,675,-2311
0068,11:20,680,-2311
0068,11:25,685,-2311
0068,11:30,690,-3911
0068,11:35,695,-3911
0068,11:40,700,-3911
0068,11:45,705,-4089
0068,11:50,710,-4089
0068,11:55,715,-4089
0068,12:00,720,-4089
0068,12:05,725,-4622
0068,12:10,730,-4622
0068,12:15,735,-4622
0068,12:20,740,-4622
0068,12:25,745,-4622
0068,12:30,750,-4978
0068,12:35,755,-4978
0068,12:40,760,-4978
0068,12:45,765,-4978
0068,12:50,770,-6222
0068,12:55,775,-6222
0068,13:00,780,-6222
0068,13:05,785,-2489
0068,13:10,790,-2489
0068,13:15,795,-2489
0068,13:20,800,-2489
0068,13:25,805,-2489
0068,13:30,810,-2489
0068,13:35,815,-2489
0068,13:40,820,-2489
0068,13:45,825,-2489
0068,13:50,830,-3911
0068,13:55,835,-3911
0068,14:00,840,-3911
0068,14:05,845,-3911
0068,14:10,850,-4978
0068,14:15,855,-4978
0068,14:20,860,-4978
0068,14:25,865,-4978
0068,14:30,870,-6222
0068,14:35,875,-6222
0068,14:40,880,-6222
0068,14:45,885,-5689
0068,14:50,890,-5689
0068,14:55,895,-5689
0068,15:00,900,-5689
0068,15:05,905,-5689
0068,15:10,910,-5867
0068,15:15,915,-5867
0068,15:20,920,-5867
0068,15:25,925,-5867
0068,15:30,930,-4622
0068,15:35,935,-4622
0068,15:40,940,-4622
0068,15:45,945,-5867
0068,15:50,950,-5867
0068,15:55,955,-5867
0068,16:00,960,-5867
0068,16:05,965,-5867
0068,16:10,970,-6578
0068,16:15,975,-6578
0068,16:20,980,-6578
0068,16:25,985,-6578
0068,16:30,990,-7822
0068,16:35,995,-7822
0068,16:40,1000,-7822
0068,16:45,1005,-7822
0068,16:50,1010,-9067
0068,16:55,1015,-9067
0068,17:00,1020,-9067
0068,17:05,1025,-10133
0068,17:10,1030,-10133
0068,17:15,1035,-10133
0068,17:20,1040,-10133
0068,17:25,1045,-10133
0068,17:30,1050,-10844
0068,17:35,1055,-10844
0068,17:40,1060,-10844
0068,17:45,1065,-10844
0068,17:50,1070,-12444
0068,17:55,1075,-12444
0068,18:00,1080,-12444
0068,18:05,1085,-12444
0068,18:10,1090,-13333
0068,18:15,1095,-13333
0068,18:20,1100,-13333
0068,18:25,1105,-15111
0068,18:30,1110,-15111
0068,18:35,1115,-15111
0068,18:40,1120,-15111
0068,18:45,1125,-15111
0068,18:50,1130,-15111
0068,18:55,1135,-15111
0068,19:00,1140,-15111
0068,19:05,1145,-15111
0068,19:10,1150,-14400
0068,19:15,1155,-14400
0068,19:20,1160,-14400
0068,19:25,1165,-15467
0068,19:30,1170,-15467
0068,19:35,1175,-15467
0068,19:40,1180,-15467
0068,19:45,1185,-10133
0068,19:50,1190,-10133
0068,19:55,1195,-10133
0068,20:00,1200,-10133
0068,20:05,1205,-10133
0068,20:10,1210,-7644
0068,20:15,1215,-7644
0068,20:20,1220,-7644
0068,20:25,1225,-7644
0068,20:30,1230,-9422
0068,20:35,1235,-9422
0068,20:40,1240,-9422
0068,20:45,1245,-9778
0068,20:50,1250,-9778
0068,20:55,1255,-9778
0068,21:00,1260,-9778
0068,21:05,1265,-9778
0068,21:10,1270,-9778
0068,21:15,1275,-9778
0068,21:20,1280,-9778
0068,21:25,1285,-9778
0068,21:30,1290,-9778
0068,21:35,1295,-9778
0068,21:40,1300,-9778
0068,21:45,1305,-9778
0068,21:50,1310,-9778
0068,21:55,1315,-9778
0068,22:00,1320,-9778
0068,22:05,1325,-10133
0068,22:10,1330,-10133
0068,22:15,1335,-10133
0068,22:20,1340,-10133
0068,22:25,1345,-10133
0068,22:30,1350,-10133
0068,22:35,1355,-10133
0068,22:40,1360,-10133
0068,22:45,1365,-10133
0068,22:50,1370,-10133
0068,22:55,1375,-10133
0068,23:00,1380,-10133
0068,23:05,1385,-10133
0068,23:10,1390,-10133
0068,23:15,1395,-10133
0068,23:16,1396,-10133
0068,23:20,1400,-10133
0069,09:00,540,0
0069,09:05,545,0
0069,09:10,550,0
0069,09:15,555,0
0069,09:20,560,0
0069,09:25,565,0
0069,09:30,570,0
0069,09:35,575,0
0069,09:40,580,0
0069,09:45,585,0
0069,09:50,590,0
0069,09:55,595,0
0069,10:00,600,0
0069,10:05,605,0
0069,10:10,610,0
0069,10:15,615,0
0069,10:20,620,0
0069,10:25,625,0
0069,10:30,630,0
0069,10:35,635,0
0069,10:40,640,0
0069,10:45,645,0
0069,10:50,650,0
0069,10:55,655,0
0069,11:00,660,0
0069,11:05,665,0
0069,11:10,670,0
0069,11:15,675,0
0069,11:20,680,0
0069,11:25,685,0
0069,11:30,690,-178
0069,11:35,695,-178
0069,11:40,700,-178
0069,11:45,705,-1244
0069,11:50,710,-1244
0069,11:55,715,-1244
0069,12:00,720,-1244
0069,12:05,725,-1600
0069,12:10,730,-1600
0069,12:15,735,-1600
0069,12:20,740,-1600
0069,12:25,745,-1600
0069,12:30,750,-1956
0069,12:35,755,-1956
0069,12:40,760,-1956
0069,12:45,765,-1956
0069,12:50,770,-2133
0069,12:55,775,-2133
0069,13:00,780,-2133
0069,13:05,785,-2133
0069,13:10,790,-2133
0069,13:15,795,-2133
0069,13:20,800,-2133
0069,13:25,805,-2844
0069,13:30,810,-2844
0069,13:35,815,-2844
0069,13:40,820,-2844
0069,13:45,825,-2844
0069,13:50,830,-3200
0069,13:55,835,-3200
0069,14:00,840,-3200
0069,14:05,845,-3200
0069,14:10,850,-3200
0069,14:15,855,-3200
0069,14:20,860,-3200
0069,14:25,865,-3200
0069,14:30,870,-4267
0069,14:35,875,-4267
0069,14:40,880,-4267
0069,14:45,885,-5689
0069,14:50,890,-5689
0069,14:55,895,-5689
0069,15:00,900,-5689
0069,15:05,905,-5689
0069,15:10,910,-6933
0069,15:15,915,-6933
0069,15:20,920,-6933
0069,15:25,925,-6933
0069,15:30,930,-8533
0069,15:35,935,-8533
0069,15:40,940,-8533
0069,15:45,945,-9778
0069,15:50,950,-9778
0069,15:55,955,-9778
0069,16:00,960,-9778
0069,16:05,965,-9778
0069,16:10,970,-11022
0069,16:15,975,-11022
0069,16:20,980,-11022
0069,16:25,985,-11022
0069,16:30,990,-10311
0069,16:35,995,-10311
0069,16:40,1000,-10311
0069,16:45,1005,-10311
0069,16:50,1010,-9778
0069,16:55,1015,-9778
0069,17:00,1020,-9778
0069,17:05,1025,-9956
0069,17:10,1030,-9956
0069,17:15,1035,-9956
0069,17:20,1040,-9956
0069,17:25,1045,-9956
0069,17:30,1050,-10844
0069,17:35,1055,-10844
0069,17:40,1060,-10844
0069,17:45,1065,-10844
0069,17:50,1070,-10844
0069,17:55,1075,-10844
0069,18:00,1080,-10844
0069,18:05,1085,-10844
0069,18:10,1090,-10844
0069,18:15,1095,-10844
0069,18:20,1100,-10844
0069,18:25,1105,-10844
0069,18:30,1110,-10844
0069,18:35,1115,-10844
0069,18:40,1120,-10844
0069,18:45,1125,-10844
0069,18:50,1130,-11733
0069,18:55,1135,-11733
0069,19:00,1140,-11733
0069,19:05,1145,-11733
0069,19:10,1150,-12267
0069,19:15,1155,-12267
0069,19:20,1160,-12267
0069,19:25,1165,-7111
0069,19:30,1170,-7111
0069,19:35,1175,-7111
0069,19:40,1180,-7111
0069,19:45,1185,-4444
0069,19:50,1190,-4444
0069,19:55,1195,-4444
0069,20:00,1200,-4444
0069,20:05,1205,-4444
0069,20:10,1210,-4444
0069,20:15,1215,-4444
0069,20:20,1220,-4444
0069,20:25,1225,-4444
0069,20:30,1230,-5689
0069,20:35,1235,-5689
0069,20:40,1240,-5689
0069,20:45,1245,-5689
0069,20:50,1250,-5689
0069,20:55,1255,-5689
0069,21:00,1260,-5689
0069,21:05,1265,-5689
0069,21:10,1270,-5689
0069,21:15,1275,-5689
0069,21:20,1280,-5689
0069,21:25,1285,-5689
0069,21:30,1290,-5689
0069,21:35,1295,-5689
0069,21:40,1300,-5689
0069,21:45,1305,-5689
0069,21:50,1310,-5689
0069,21:55,1315,-5689
0069,22:00,1320,-5689
0069,22:05,1325,-6044
0069,22:10,1330,-6044
0069,22:15,1335,-6044
0069,22:20,1340,-6044
0069,22:25,1345,-6044
0069,22:30,1350,-6044
0069,22:35,1355,-6044
0069,22:40,1360,-6044
0069,22:45,1365,-6044
0069,22:50,1370,-6044
0069,22:55,1375,-6044
0069,23:00,1380,-6044
0069,23:05,1385,-6044
0069,23:10,1390,-6044
0069,23:15,1395,-6044
0069,23:16,1396,-6044
0069,23:20,1400,-6044
0070,09:00,540,0
0070,09:05,545,0
0070,09:10,550,0
0070,09:15,555,0
0070,09:20,560,0
0070,09:25,565,0
0070,09:30,570,0
0070,09:35,575,0
0070,09:40,580,0
0070,09:45,585,0
0070,09:50,590,0
0070,09:55,595,0
0070,10:00,600,0
0070,10:05,605,0
0070,10:10,610,0
0070,10:15,615,0
0070,10:20,620,0
0070,10:25,625,0
0070,10:30,630,0
0070,10:35,635,0
0070,10:40,640,0
0070,10:45,645,0
0070,10:50,650,0
0070,10:55,655,0
0070,11:00,660,-533
0070,11:05,665,-533
0070,11:10,670,-1067
0070,11:15,675,-1067
0070,11:20,680,-1067
0070,11:25,685,-1067
0070,11:30,690,-1778
0070,11:35,695,-1778
0070,11:40,700,-1778
0070,11:45,705,-2133
0070,11:50,710,-2133
0070,11:55,715,-2133
0070,12:00,720,-2133
0070,12:05,725,-2311
0070,12:10,730,-2311
0070,12:15,735,-2311
0070,12:20,740,-2311
0070,12:25,745,-2311
0070,12:30,750,-3022
0070,12:35,755,-3022
0070,12:40,760,-3022
0070,12:45,765,-3022
0070,12:50,770,-3378
0070,12:55,775,-3378
0070,13:00,780,-3378
0070,13:05,785,-4444
0070,13:10,790,-4444
0070,13:15,795,-4444
0070,13:20,800,-4444
0070,13:25,805,-6044
0070,13:30,810,-6044
0070,13:35,815,-6044
0070,13:40,820,-6044
0070,13:45,825,-6044
0070,13:50,830,-7289
0070,13:55,835,-7289
0070,14:00,840,-7289
0070,14:05,845,-7289
0070,14:10,850,-8533
0070,14:15,855,-8533
0070,14:20,860,-8533
0070,14:25,865,-8533
0070,14:30,870,-9956
0070,14:35,875,-9956
0070,14:40,880,-9956
0070,14:45,885,-10667
0070,14:50,890,-10667
0070,14:55,895,-10667
0070,15:00,900,-10667
0070,15:05,905,-10667
0070,15:10,910,-9956
0070,15:15,915,-9956
0070,15:20,920,-9956
0070,15:25,925,-9956
0070,15:30,930,-1600
0070,15:35,935,-1600
0070,15:40,940,-1600
0070,15:45,945,690
0070,15:50,950,690
0070,15:55,955,690
0070,16:00,960,690
0070,16:05,965,690
0070,16:10,970,1207
0070,16:15,975,1207
0070,16:20,980,1207
0070,16:25,985,1207
0070,16:30,990,1724
0070,16:35,995,1724
0070,16:40,1000,1724
0070,16:45,1005,1724
0070,16:50,1010,690
0070,16:55,1015,690
0070,17:00,1020,690
0070,17:05,1025,1034
0070,17:10,1030,1034
0070,17:15,1035,1034
0070,17:20,1040,1034
0070,17:25,1045,1034
0070,17:30,1050,1552
0070,17:35,1055,1552
0070,17:40,1060,1552
0070,17:45,1065,1552
0070,17:50,1070,517
0070,17:55,1075,517
0070,18:00,1080,517
0070,18:05,1085,517
0070,18:10,1090,-533
0070,18:15,1095,-533
0070,18:20,1100,-533
0070,18:25,1105,-1600
0070,18:30,1110,-1600
0070,18:35,1115,-1600
0070,18:40,1120,-1600
0070,18:45,1125,-1600
0070,18:50,1130,-2667
0070,18:55,1135,-2667
0070,19:00,1140,-2667
0070,19:05,1145,-2667
0070,19:10,1150,-3022
0070,19:15,1155,-3022
0070,19:20,1160,-3022
0070,19:25,1165,-3022
0070,19:30,1170,-3022
0070,19:35,1175,-3022
0070,19:40,1180,-3022
0070,19:45,1185,-3200
0070,19:50,1190,-3200
0070,19:55,1195,-3200
0070,20:00,1200,-3200
0070,20:05,1205,-3200
0070,20:10,1210,-4267
0070,20:15,1215,-4267
0070,20:20,1220,-4267
0070,20:25,1225,-4267
0070,20:30,1230,-4267
0070,20:35,1235,-4267
0070,20:40,1240,-4267
0070,20:45,1245,-4267
0070,20:50,1250,-4267
0070,20:55,1255,-4267
0070,21:00,1260,-4267
0070,21:05,1265,-4267
0070,21:10,1270,-4267
0070,21:15,1275,-4267
0070,21:20,1280,-4267
0070,21:25,1285,-4267
0070,21:30,1290,-4267
0070,21:35,1295,-4267
0070,21:40,1300,-4267
0070,21:45,1305,-4267
0070,21:50,1310,-4267
0070,21:55,1315,-4267
0070,22:00,1320,-4267
0070,22:05,1325,-4622
0070,22:10,1330,-4622
0070,22:15,1335,-4622
0070,22:20,1340,-4622
0070,22:25,1345,-4622
0070,22:30,1350,-4622
0070,22:35,1355,-4622
0070,22:40,1360,-4622
0070,22:45,1365,-4622
0070,22:50,1370,-4622
0070,22:55,1375,-4622
0070,23:00,1380,-4622
0070,23:05,1385,-4622
0070,23:10,1390,-4622
0070,23:15,1395,-4622
0070,23:16,1396,-4622
0070,23:20,1400,-4622
0071,09:00,540,0
0071,09:05,545,0
0071,09:10,550,0
0071,09:15,555,0
0071,09:20,560,0
0071,09:25,565,0
0071,09:30,570,0
0071,09:35,575,0
0071,09:40,580,0
0071,09:45,585,0
0071,09:50,590,0
0071,09:55,595,0
0071,10:00,600,0
0071,10:05,605,0
0071,10:10,610,-89
0071,10:15,615,-89
0071,10:20,620,-89
0071,10:25,625,-711
0071,10:30,630,-711
0071,10:35,635,-711
0071,10:40,640,-711
0071,10:45,645,-711
0071,10:50,650,-711
0071,10:55,655,-711
0071,11:00,660,-711
0071,11:05,665,-711
0071,11:10,670,-1067
0071,11:15,675,-1067
0071,11:20,680,-1067
0071,11:25,685,-1067
0071,11:30,690,-1867
0071,11:35,695,-1867
0071,11:40,700,-1867
0071,11:45,705,-978
0071,11:50,710,-978
0071,11:55,715,-978
0071,12:00,720,-978
0071,12:05,725,-2222
0071,12:10,730,-2222
0071,12:15,735,-2222
0071,12:20,740,-2222
0071,12:25,745,-2222
0071,12:30,750,-3111
0071,12:35,755,-3111
0071,12:40,760,-3111
0071,12:45,765,-3111
0071,12:50,770,-3111
0071,12:55,775,-3111
0071,13:00,780,-3111
0071,13:05,785,-3822
0071,13:10,790,-3822
0071,13:15,795,-3822
0071,13:20,800,-3822
0071,13:25,805,-2578
0071,13:30,810,-2578
0071,13:35,815,-2578
0071,13:40,820,-2578
0071,13:45,825,-2578
0071,13:50,830,-2933
0071,13:55,835,-2933
0071,14:00,840,-2933
0071,14:05,845,-2933
0071,14:10,850,-3467
0071,14:15,855,-3467
0071,14:20,860,-3467
0071,14:25,865,-3467
0071,14:30,870,-4978
0071,14:35,875,-4978
0071,14:40,880,-4978
0071,14:45,885,-267
0071,14:50,890,-267
0071,14:55,895,-267
0071,15:00,900,-267
0071,15:05,905,-267
0071,15:10,910,-444
0071,15:15,915,-444
0071,15:20,920,-444
0071,15:25,925,-444
0071,15:30,930,1724
0071,15:35,935,1724
0071,15:40,940,1724
0071,15:45,945,3621
0071,15:50,950,3621
0071,15:55,955,3621
0071,16:00,960,3621
0071,16:05,965,3621
0071,16:10,970,2328
0071,16:15,975,2328
0071,16:20,980,2328
0071,16:25,985,2328
0071,16:30,990,1121
0071,16:35,995,1121
0071,16:40,1000,1121
0071,16:45,1005,1121
0071,16:50,1010,-89
0071,16:55,1015,-89
0071,17:00,1020,-89
0071,17:05,1025,-178
0071,17:10,1030,-178
0071,17:15,1035,-178
0071,17:20,1040,-178
0071,17:25,1045,-178
0071,17:30,1050,-1422
0071,17:35,1055,-1422
0071,17:40,1060,-1422
0071,17:45,1065,-1422
0071,17:50,1070,-1956
0071,17:55,1075,-1956
0071,18:00,1080,-1956
0071,18:05,1085,-1956
0071,18:10,1090,-1956
0071,18:15,1095,-1956
0071,18:20,1100,-1956
0071,18:25,1105,-1956
0071,18:30,1110,-1956
0071,18:35,1115,-1956
0071,18:40,1120,-1956
0071,18:45,1125,-1956
0071,18:50,1130,-1956
0071,18:55,1135,-1956
0071,19:00,1140,-1956
0071,19:05,1145,-1956
0071,19:10,1150,-1067
0071,19:15,1155,-1067
0071,19:20,1160,-1067
0071,19:25,1165,-1778
0071,19:30,1170,-1778
0071,19:35,1175,-1778
0071,19:40,1180,-1778
0071,19:45,1185,-1778
0071,19:50,1190,-1778
0071,19:55,1195,-1778
0071,20:00,1200,-1778
0071,20:05,1205,-1778
0071,20:10,1210,-1778
0071,20:15,1215,-1778
0071,20:20,1220,-1778
0071,20:25,1225,-1778
0071,20:30,1230,-1778
0071,20:35,1235,-1778
0071,20:40,1240,-1778
0071,20:45,1245,-1778
0071,20:50,1250,-1778
0071,20:55,1255,-1778
0071,21:00,1260,-1778
0071,21:05,1265,-1778
0071,21:10,1270,-1778
0071,21:15,1275,-1778
0071,21:20,1280,-1778
0071,21:25,1285,-1778
0071,21:30,1290,345
0071,21:35,1295,345
0071,21:40,1300,345
0071,21:45,1305,1034
0071,21:50,1310,1034
0071,21:55,1315,1034
0071,22:00,1320,1034
0071,22:05,1325,776
0071,22:10,1330,776
0071,22:15,1335,776
0071,22:20,1340,776
0071,22:25,1345,776
0071,22:30,1350,776
0071,22:35,1355,776
0071,22:40,1360,776
0071,22:45,1365,776
0071,22:50,1370,776
0071,22:55,1375,776
0071,23:00,1380,776
0071,23:05,1385,776
0071,23:10,1390,776
0071,23:15,1395,776
0071,23:16,1396,776
0071,23:20,1400,776
0072,09:00,540,0
0072,09:05,545,0
0072,09:10,550,0
0072,09:15,555,0
0072,09:20,560,0
0072,09:25,565,0
0072,09:30,570,0
0072,09:35,575,0
0072,09:40,580,0
0072,09:45,585,0
0072,09:50,590,0
0072,09:55,595,0
0072,10:00,600,0
0072,10:05,605,0
0072,10:10,610,0
0072,10:15,615,0
0072,10:20,620,0
0072,10:25,625,0
0072,10:30,630,0
0072,10:35,635,0
0072,10:40,640,0
0072,10:45,645,0
0072,10:50,650,0
0072,10:55,655,0
0072,11:00,660,0
0072,11:05,665,0
0072,11:10,670,0
0072,11:15,675,0
0072,11:20,680,0
0072,11:25,685,0
0072,11:30,690,0
0072,11:35,695,0
0072,11:40,700,0
0072,11:45,705,0
0072,11:50,710,0
0072,11:55,715,0
0072,12:00,720,0
0072,12:05,725,0
0072,12:10,730,0
0072,12:15,735,0
0072,12:20,740,0
0072,12:25,745,0
0072,12:30,750,0
0072,12:35,755,0
0072,12:40,760,0
0072,12:45,765,0
0072,12:50,770,0
0072,12:55,775,0
0072,13:00,780,0
0072,13:05,785,-356
0072,13:10,790,-356
0072,13:15,795,-356
0072,13:20,800,-356
0072,13:25,805,-2044
0072,13:30,810,-2044
0072,13:35,815,-2044
0072,13:40,820,-2044
0072,13:45,825,-2044
0072,13:50,830,-2933
0072,13:55,835,-2933
0072,14:00,840,-2933
0072,14:05,845,-2933
0072,14:10,850,-4178
0072,14:15,855,-4178
0072,14:20,860,-4178
0072,14:25,865,-4178
0072,14:30,870,-5600
0072,14:35,875,-5600
0072,14:40,880,-5600
0072,14:45,885,-3733
0072,14:50,890,-3733
0072,14:55,895,-3733
0072,15:00,900,-3733
0072,15:05,905,-3733
0072,15:10,910,-2844
0072,15:15,915,-2844
0072,15:20,920,-2844
0072,15:25,925,-2844
0072,15:30,930,-4000
0072,15:35,935,-4000
0072,15:40,940,-4000
0072,15:45,945,-5422
0072,15:50,950,-5422
0072,15:55,955,-5422
0072,16:00,960,-5422
0072,16:05,965,-5422
0072,16:10,970,-5778
0072,16:15,975,-5778
0072,16:20,980,-5778
0072,16:25,985,-5778
0072,16:30,990,-7289
0072,16:35,995,-7289
0072,16:40,1000,-7289
0072,16:45,1005,-7289
0072,16:50,1010,-7822
0072,16:55,1015,-7822
0072,17:00,1020,-7822
0072,17:05,1025,-8622
0072,17:10,1030,-8622
0072,17:15,1035,-8622
0072,17:20,1040,-8622
0072,17:25,1045,-8622
0072,17:30,1050,-6844
0072,17:35,1055,-6844
0072,17:40,1060,-6844
0072,17:45,1065,-6844
0072,17:50,1070,-7022
0072,17:55,1075,-7022
0072,18:00,1080,-7022
0072,18:05,1085,-7022
0072,18:10,1090,-4889
0072,18:15,1095,-4889
0072,18:20,1100,-4889
0072,18:25,1105,-2133
0072,18:30,1110,-2133
0072,18:35,1115,-2133
0072,18:40,1120,-2133
0072,18:45,1125,-2133
0072,18:50,1130,4655
0072,18:55,1135,4655
0072,19:00,1140,4655
0072,19:05,1145,4655
0072,19:10,1150,4569
0072,19:15,1155,4569
0072,19:20,1160,4569
0072,19:25,1165,6638
0072,19:30,1170,6638
0072,19:35,1175,6638
0072,19:40,1180,6638
0072,19:45,1185,5862
0072,19:50,1190,5862
0072,19:55,1195,5862
0072,20:00,1200,5862
0072,20:05,1205,5862
0072,20:10,1210,4828
0072,20:15,1215,4828
0072,20:20,1220,4828
0072,20:25,1225,4828
0072,20:30,1230,3793
0072,20:35,1235,3793
0072,20:40,1240,3793
0072,20:45,1245,2845
0072,20:50,1250,2845
0072,20:55,1255,2845
0072,21:00,1260,2845
0072,21:05,1265,2845
0072,21:10,1270,2500
0072,21:15,1275,2500
0072,21:20,1280,2500
0072,21:25,1285,2500
0072,21:30,1290,2500
0072,21:35,1295,2500
0072,21:40,1300,2500
0072,21:45,1305,2500
0072,21:50,1310,2500
0072,21:55,1315,2500
0072,22:00,1320,2500
0072,22:05,1325,2500
0072,22:10,1330,2500
0072,22:15,1335,2500
0072,22:20,1340,2500
0072,22:25,1345,2500
0072,22:30,1350,2241
0072,22:35,1355,2241
0072,22:40,1360,2241
0072,22:45,1365,2241
0072,22:50,1370,2241
0072,22:55,1375,2241
0072,23:00,1380,2241
0072,23:05,1385,2241
0072,23:10,1390,2241
0072,23:15,1395,2241
0072,23:16,1396,2241
0072,23:20,1400,2241
0073,09:00,540,0
0073,09:05,545,0
0073,09:10,550,0
0073,09:15,555,0
0073,09:20,560,0
0073,09:25,565,0
0073,09:30,570,0
0073,09:35,575,0
0073,09:40,580,0
0073,09:45,585,0
0073,09:50,590,0
0073,09:55,595,0
0073,10:00,600,0
0073,10:05,605,0
0073,10:10,610,0
0073,10:15,615,0
0073,10:20,620,0
0073,10:25,625,0
0073,10:30,630,0
0073,10:35,635,0
0073,10:40,640,0
0073,10:45,645,0
0073,10:50,650,0
0073,10:55,655,0
0073,11:00,660,0
0073,11:05,665,0
0073,11:10,670,-533
0073,11:15,675,-533
0073,11:20,680,-533
0073,11:25,685,-533
0073,11:30,690,-533
0073,11:35,695,-533
0073,11:40,700,-533
0073,11:45,705,-533
0073,11:50,710,-533
0073,11:55,715,-533
0073,12:00,720,-533
0073,12:05,725,-533
0073,12:10,730,-533
0073,12:15,735,-533
0073,12:20,740,-533
0073,12:25,745,-533
0073,12:30,750,-533
0073,12:35,755,-533
0073,12:40,760,-533
0073,12:45,765,-533
0073,12:50,770,-533
0073,12:55,775,-533
0073,13:00,780,-533
0073,13:05,785,-800
0073,13:10,790,-800
0073,13:15,795,-800
0073,13:20,800,-800
0073,13:25,805,-800
0073,13:30,810,-800
0073,13:35,815,-800
0073,13:40,820,-800
0073,13:45,825,-800
0073,13:50,830,-1156
0073,13:55,835,-1156
0073,14:00,840,-1156
0073,14:05,845,-1156
0073,14:10,850,-1156
0073,14:15,855,-1156
0073,14:20,860,-1156
0073,14:25,865,-1156
0073,14:30,870,-1156
0073,14:35,875,-1156
0073,14:40,880,-1156
0073,14:45,885,-1867
0073,14:50,890,-1867
0073,14:55,895,-1867
0073,15:00,900,-1867
0073,15:05,905,-1867
0073,15:10,910,-3022
0073,15:15,915,-3022
0073,15:20,920,-3022
0073,15:25,925,-3022
0073,15:30,930,-2756
0073,15:35,935,-2756
0073,15:40,940,-2756
0073,15:45,945,2500
0073,15:50,950,2500
0073,15:55,955,2500
0073,16:00,960,2500
0073,16:05,965,2500
0073,16:10,970,1638
0073,16:15,975,1638
0073,16:20,980,1638
0073,16:25,985,1638
0073,16:30,990,172
0073,16:35,995,172
0073,16:40,1000,172
0073,16:45,1005,172
0073,16:50,1010,-444
0073,16:55,1015,-444
0073,17:00,1020,-444
0073,17:05,1025,-533
0073,17:10,1030,-533
0073,17:15,1035,-533
0073,17:20,1040,-533
0073,17:25,1045,-533
0073,17:30,1050,-1956
0073,17:35,1055,-1956
0073,17:40,1060,-1956
0073,17:45,1065,-1956
0073,17:50,1070,-1956
0073,17:55,1075,-1956
0073,18:00,1080,-1956
0073,18:05,1085,-1956
0073,18:10,1090,-1956
0073,18:15,1095,-1956
0073,18:20,1100,-1956
0073,18:25,1105,-1956
0073,18:30,1110,-1956
0073,18:35,1115,-1956
0073,18:40,1120,-1956
0073,18:45,1125,-1956
0073,18:50,1130,-1956
0073,18:55,1135,-1956
0073,19:00,1140,-1956
0073,19:05,1145,-1956
0073,19:10,1150,-1956
0073,19:15,1155,-1956
0073,19:20,1160,-1956
0073,19:25,1165,-1956
0073,19:30,1170,-1956
0073,19:35,1175,-1956
0073,19:40,1180,-1956
0073,19:45,1185,-1956
0073,19:50,1190,-1956
0073,19:55,1195,-1956
0073,20:00,1200,-1956
0073,20:05,1205,-1956
0073,20:10,1210,-1956
0073,20:15,1215,-1956
0073,20:20,1220,-1956
0073,20:25,1225,-1956
0073,20:30,1230,-1956
0073,20:35,1235,-1956
0073,20:40,1240,-1956
0073,20:45,1245,-1956
0073,20:50,1250,-1956
0073,20:55,1255,-1956
0073,21:00,1260,-1956
0073,21:05,1265,-1956
0073,21:10,1270,-1956
0073,21:15,1275,-1956
0073,21:20,1280,-1956
0073,21:25,1285,-1956
0073,21:30,1290,-1956
0073,21:35,1295,-1956
0073,21:40,1300,-1956
0073,21:45,1305,-1956
0073,21:50,1310,-1956
0073,21:55,1315,-1956
0073,22:00,1320,-1956
0073,22:05,1325,-1956
0073,22:10,1330,-1956
0073,22:15,1335,-1956
0073,22:20,1340,-1956
0073,22:25,1345,-1956
0073,22:30,1350,-1956
0073,22:35,1355,-1956
0073,22:40,1360,-1956
0073,22:45,1365,-1956
0073,22:50,1370,-1956
0073,22:55,1375,-1956
0073,23:00,1380,-1956
0073,23:05,1385,-1956
0073,23:10,1390,-1956
0073,23:15,1395,-1956
0073,23:16,1396,-1956
0073,23:20,1400,-1956
0074,09:00,540,0
0074,09:05,545,0
0074,09:10,550,0
0074,09:15,555,0
0074,09:20,560,0
0074,09:25,565,0
0074,09:30,570,0
0074,09:35,575,0
0074,09:40,580,0
0074,09:45,585,0
0074,09:50,590,0
0074,09:55,595,0
0074,10:00,600,0
0074,10:05,605,0
0074,10:10,610,0
0074,10:15,615,0
0074,10:20,620,0
0074,10:25,625,0
0074,10:30,630,0
0074,10:35,635,0
0074,10:40,640,0
0074,10:45,645,0
0074,10:50,650,0
0074,10:55,655,0
0074,11:00,660,-711
0074,11:05,665,-711
0074,11:10,670,-1156
0074,11:15,675,-1156
0074,11:20,680,-1156
0074,11:25,685,-1156
0074,11:30,690,-1600
0074,11:35,695,-1600
0074,11:40,700,-1600
0074,11:45,705,-1600
0074,11:50,710,-1600
0074,11:55,715,-1600
0074,12:00,720,-1600
0074,12:05,725,-1867
0074,12:10,730,-1867
0074,12:15,735,-1867
0074,12:20,740,-1867
0074,12:25,745,-1867
0074,12:30,750,-2400
0074,12:35,755,-2400
0074,12:40,760,-2400
0074,12:45,765,-2400
0074,12:50,770,-3911
0074,12:55,775,-3911
0074,13:00,780,-3911
0074,13:05,785,-4889
0074,13:10,790,-4889
0074,13:15,795,-4889
0074,13:20,800,-4889
0074,13:25,805,-6222
0074,13:30,810,-6222
0074,13:35,815,-6222
0074,13:40,820,-6222
0074,13:45,825,-6222
0074,13:50,830,-2844
0074,13:55,835,-2844
0074,14:00,840,-2844
0074,14:05,845,-2844
0074,14:10,850,-2222
0074,14:15,855,-2222
0074,14:20,860,-2222
0074,14:25,865,-2222
0074,14:30,870,-3556
0074,14:35,875,-3556
0074,14:40,880,-3556
0074,14:45,885,-4267
0074,14:50,890,-4267
0074,14:55,895,-4267
0074,15:00,900,-4267
0074,15:05,905,-4267
0074,15:10,910,-5600
0074,15:15,915,-5600
0074,15:20,920,-5600
0074,15:25,925,-5600
0074,15:30,930,-7200
0074,15:35,935,-7200
0074,15:40,940,-7200
0074,15:45,945,-7644
0074,15:50,950,-7644
0074,15:55,955,-7644
0074,16:00,960,-7644
0074,16:05,965,-7644
0074,16:10,970,-4089
0074,16:15,975,-4089
0074,16:20,980,-4089
0074,16:25,985,-4089
0074,16:30,990,2759
0074,16:35,995,2759
0074,16:40,1000,2759
0074,16:45,1005,2759
0074,16:50,1010,4138
0074,16:55,1015,4138
0074,17:00,1020,4138
0074,17:05,1025,6810
0074,17:10,1030,6810
0074,17:15,1035,6810
0074,17:20,1040,6810
0074,17:25,1045,6810
0074,17:30,1050,6810
0074,17:35,1055,6810
0074,17:40,1060,6810
0074,17:45,1065,6810
0074,17:50,1070,6810
0074,17:55,1075,6810
0074,18:00,1080,6810
0074,18:05,1085,6810
0074,18:10,1090,6810
0074,18:15,1095,6810
0074,18:20,1100,6810
0074,18:25,1105,7328
0074,18:30,1110,7328
0074,18:35,1115,7328
0074,18:40,1120,7328
0074,18:45,1125,7328
0074,18:50,1130,6207
0074,18:55,1135,6207
0074,19:00,1140,6207
0074,19:05,1145,6207
0074,19:10,1150,5862
0074,19:15,1155,5862
0074,19:20,1160,5862
0074,19:25,1165,4569
0074,19:30,1170,4569
0074,19:35,1175,4569
0074,19:40,1180,4569
0074,19:45,1185,4569
0074,19:50,1190,4569
0074,19:55,1195,4569
0074,20:00,1200,4569
0074,20:05,1205,4569
0074,20:10,1210,4569
0074,20:15,1215,4569
0074,20:20,1220,4569
0074,20:25,1225,4569
0074,20:30,1230,4569
0074,20:35,1235,4569
0074,20:40,1240,4569
0074,20:45,1245,4569
0074,20:50,1250,4569
0074,20:55,1255,4569
0074,21:00,1260,4569
0074,21:05,1265,4569
0074,21:10,1270,4569
0074,21:15,1275,4569
0074,21:20,1280,4569
0074,21:25,1285,4569
0074,21:30,1290,4569
0074,21:35,1295,4569
0074,21:40,1300,4569
0074,21:45,1305,4569
0074,21:50,1310,4569
0074,21:55,1315,4569
0074,22:00,1320,4569
0074,22:05,1325,4569
0074,22:10,1330,4569
0074,22:15,1335,4569
0074,22:20,1340,4569
0074,22:25,1345,4569
0074,22:30,1350,4569
0074,22:35,1355,4569
0074,22:40,1360,4569
0074,22:45,1365,4569
0074,22:50,1370,4569
0074,22:55,1375,4569
0074,23:00,1380,4569
0074,23:05,1385,4569
0074,23:10,1390,4569
0074,23:15,1395,4569
0074,23:16,1396,4569
0074,23:20,1400,4569
0075,09:00,540,0
0075,09:05,545,0
0075,09:10,550,0
0075,09:15,555,0
0075,09:20,560,0
0075,09:25,565,0
0075,09:30,570,0
0075,09:35,575,0
0075,09:40,580,0
0075,09:45,585,0
0075,09:50,590,0
0075,09:55,595,0
0075,10:00,600,0
0075,10:05,605,0
0075,10:10,610,0
0075,10:15,615,0
0075,10:20,620,0
0075,10:25,625,0
0075,10:30,630,0
0075,10:35,635,0
0075,10:40,640,0
0075,10:45,645,0
0075,10:50,650,0
0075,10:55,655,0
0075,11:00,660,0
0075,11:05,665,0
0075,11:10,670,0
0075,11:15,675,0
0075,11:20,680,0
0075,11:25,685,0
0075,11:30,690,0
0075,11:35,695,0
0075,11:40,700,0
0075,11:45,705,0
0075,11:50,710,0
0075,11:55,715,0
0075,12:00,720,0
0075,12:05,725,0
0075,12:10,730,0
0075,12:15,735,0
0075,12:20,740,0
0075,12:25,745,0
0075,12:30,750,-711
0075,12:35,755,-711
0075,12:40,760,-711
0075,12:45,765,-711
0075,12:50,770,259
0075,12:55,775,259
0075,13:00,780,259
0075,13:05,785,4310
0075,13:10,790,4310
0075,13:15,795,4310
0075,13:20,800,4310
0075,13:25,805,6897
0075,13:30,810,6897
0075,13:35,815,6897
0075,13:40,820,6897
0075,13:45,825,6897
0075,13:50,830,6897
0075,13:55,835,6897
0075,14:00,840,6897
0075,14:05,845,6897
0075,14:10,850,6897
0075,14:15,855,6897
0075,14:20,860,6897
0075,14:25,865,6897
0075,14:30,870,5776
0075,14:35,875,5776
0075,14:40,880,5776
0075,14:45,885,4397
0075,14:50,890,4397
0075,14:55,895,4397
0075,15:00,900,4397
0075,15:05,905,4397
0075,15:10,910,3534
0075,15:15,915,3534
0075,15:20,920,3534
0075,15:25,925,3534
0075,15:30,930,5259
0075,15:35,935,5259
0075,15:40,940,5259
0075,15:45,945,4138
0075,15:50,950,4138
0075,15:55,955,4138
0075,16:00,960,4138
0075,16:05,965,4138
0075,16:10,970,2845
0075,16:15,975,2845
0075,16:20,980,2845
0075,16:25,985,2845
0075,16:30,990,2155
0075,16:35,995,2155
0075,16:40,1000,2155
0075,16:45,1005,2155
0075,16:50,1010,2155
0075,16:55,1015,2155
0075,17:00,1020,2155
0075,17:05,1025,1983
0075,17:10,1030,1983
0075,17:15,1035,1983
0075,17:20,1040,1983
0075,17:25,1045,1983
0075,17:30,1050,259
0075,17:35,1055,259
0075,17:40,1060,259
0075,17:45,1065,259
0075,17:50,1070,-1156
0075,17:55,1075,-1156
0075,18:00,1080,-1156
0075,18:05,1085,-1156
0075,18:10,1090,-1600
0075,18:15,1095,-1600
0075,18:20,1100,-1600
0075,18:25,1105,-1778
0075,18:30,1110,-1778
0075,18:35,1115,-1778
0075,18:40,1120,-1778
0075,18:45,1125,-1778
0075,18:50,1130,-1778
0075,18:55,1135,-1778
0075,19:00,1140,-1778
0075,19:05,1145,-1778
0075,19:10,1150,-2578
0075,19:15,1155,-2578
0075,19:20,1160,-2578
0075,19:25,1165,-2844
0075,19:30,1170,-2844
0075,19:35,1175,-2844
0075,19:40,1180,-2844
0075,19:45,1185,-2844
0075,19:50,1190,-2844
0075,19:55,1195,-2844
0075,20:00,1200,-2844
0075,20:05,1205,-2844
0075,20:10,1210,-3289
0075,20:15,1215,-3289
0075,20:20,1220,-3289
0075,20:25,1225,-3289
0075,20:30,1230,-4889
0075,20:35,1235,-4889
0075,20:40,1240,-4889
0075,20:45,1245,-5244
0075,20:50,1250,-5244
0075,20:55,1255,-5244
0075,21:00,1260,-5244
0075,21:05,1265,-5244
0075,21:10,1270,-5511
0075,21:15,1275,-5511
0075,21:20,1280,-5511
0075,21:25,1285,-5511
0075,21:30,1290,-5511
0075,21:35,1295,-5511
0075,21:40,1300,-5511
0075,21:45,1305,-5511
0075,21:50,1310,-5511
0075,21:55,1315,-5511
0075,22:00,1320,-5511
0075,22:05,1325,-6044
0075,22:10,1330,-6044
0075,22:15,1335,-6044
0075,22:20,1340,-6044
0075,22:25,1345,-6044
0075,22:30,1350,-2311
0075,22:35,1355,-2311
0075,22:40,1360,-2311
0075,22:45,1365,-2311
0075,22:50,1370,-2311
0075,22:55,1375,-2311
0075,23:00,1380,-2311
0075,23:05,1385,-2311
0075,23:10,1390,-2311
0075,23:15,1395,-2311
0075,23:16,1396,-2311
0075,23:20,1400,-2311
0076,09:00,540,0
0076,09:05,545,0
0076,09:10,550,0
0076,09:15,555,0
0076,09:20,560,0
0076,09:25,565,0
0076,09:30,570,0
0076,09:35,575,0
0076,09:40,580,0
0076,09:45,585,0
0076,09:50,590,0
0076,09:55,595,0
0076,10:00,600,0
0076,10:05,605,0
0076,10:10,610,0
0076,10:15,615,0
0076,10:20,620,0
0076,10:25,625,0
0076,10:30,630,0
0076,10:35,635,0
0076,10:40,640,-89
0076,10:45,645,-89
0076,10:50,650,-89
0076,10:55,655,-89
0076,11:00,660,-89
0076,11:05,665,-89
0076,11:10,670,-89
0076,11:15,675,-89
0076,11:20,680,-89
0076,11:25,685,-89
0076,11:30,690,-89
0076,11:35,695,-89
0076,11:40,700,-89
0076,11:45,705,-89
0076,11:50,710,-89
0076,11:55,715,-89
0076,12:00,720,-89
0076,12:05,725,-89
0076,12:10,730,-89
0076,12:15,735,-89
0076,12:20,740,-89
0076,12:25,745,-89
0076,12:30,750,-533
0076,12:35,755,-533
0076,12:40,760,-533
0076,12:45,765,-533
0076,12:50,770,-711
0076,12:55,775,-711
0076,13:00,780,-711
0076,13:05,785,-978
0076,13:10,790,-978
0076,13:15,795,-978
0076,13:20,800,-978
0076,13:25,805,-1600
0076,13:30,810,-1600
0076,13:35,815,-1600
0076,13:40,820,-1600
0076,13:45,825,-1600
0076,13:50,830,-2489
0076,13:55,835,-2489
0076,14:00,840,-2489
0076,14:05,845,-2489
0076,14:10,850,-2489
0076,14:15,855,-2489
0076,14:20,860,-2489
0076,14:25,865,-2489
0076,14:30,870,-3022
0076,14:35,875,-3022
0076,14:40,880,-3022
0076,14:45,885,-4267
0076,14:50,890,-4267
0076,14:55,895,-4267
0076,15:00,900,-4267
0076,15:05,905,-4267
0076,15:10,910,-5244
0076,15:15,915,-5244
0076,15:20,920,-5244
0076,15:25,925,-5244
0076,15:30,930,-6933
0076,15:35,935,-6933
0076,15:40,940,-6933
0076,15:45,945,-6933
0076,15:50,950,-6933
0076,15:55,955,-6933
0076,16:00,960,-6933
0076,16:05,965,-6933
0076,16:10,970,-8089
0076,16:15,975,-8089
0076,16:20,980,-8089
0076,16:25,985,-8089
0076,16:30,990,-8622
0076,16:35,995,-8622
0076,16:40,1000,-8622
0076,16:45,1005,-8622
0076,16:50,1010,-3822
0076,16:55,1015,-3822
0076,17:00,1020,-3822
0076,17:05,1025,-2756
0076,17:10,1030,-2756
0076,17:15,1035,-2756
0076,17:20,1040,-2756
0076,17:25,1045,-2756
0076,17:30,1050,-4089
0076,17:35,1055,-4089
0076,17:40,1060,-4089
0076,17:45,1065,-4089
0076,17:50,1070,-5333
0076,17:55,1075,-5333
0076,18:00,1080,-5333
0076,18:05,1085,-5333
0076,18:10,1090,-6222
0076,18:15,1095,-6222
0076,18:20,1100,-6222
0076,18:25,1105,-5511
0076,18:30,1110,-5511
0076,18:35,1115,-5511
0076,18:40,1120,-5511
0076,18:45,1125,-5511
0076,18:50,1130,-5600
0076,18:55,1135,-5600
0076,19:00,1140,-5600
0076,19:05,1145,-5600
0076,19:10,1150,-5600
0076,19:15,1155,-5600
0076,19:20,1160,-5600
0076,19:25,1165,-5600
0076,19:30,1170,-5600
0076,19:35,1175,-5600
0076,19:40,1180,-5600
0076,19:45,1185,-5600
0076,19:50,1190,-5600
0076,19:55,1195,-5600
0076,20:00,1200,-5600
0076,20:05,1205,-5600
0076,20:10,1210,-5778
0076,20:15,1215,-5778
0076,20:20,1220,-5778
0076,20:25,1225,-5778
0076,20:30,1230,-6844
0076,20:35,1235,-6844
0076,20:40,1240,-6844
0076,20:45,1245,-6844
0076,20:50,1250,-6844
0076,20:55,1255,-6844
0076,21:00,1260,-6844
0076,21:05,1265,-6844
0076,21:10,1270,-5778
0076,21:15,1275,-5778
0076,21:20,1280,-5778
0076,21:25,1285,-5778
0076,21:30,1290,-6667
0076,21:35,1295,-6667
0076,21:40,1300,-6667
0076,21:45,1305,-6756
0076,21:50,1310,-6756
0076,21:55,1315,-6756
0076,22:00,1320,-6756
0076,22:05,1325,-6756
0076,22:10,1330,-6756
0076,22:15,1335,-6756
0076,22:20,1340,-6756
0076,22:25,1345,-6756
0076,22:30,1350,-6756
0076,22:35,1355,-6756
0076,22:40,1360,-6756
0076,22:45,1365,-6756
0076,22:50,1370,-6756
0076,22:55,1375,-6756
0076,23:00,1380,-6756
0076,23:05,1385,-6756
0076,23:10,1390,-6756
0076,23:15,1395,-6756
0076,23:16,1396,-6756
0076,23:20,1400,-6756
0077,09:00,540,0
0077,09:05,545,0
0077,09:10,550,0
0077,09:15,555,0
0077,09:20,560,0
0077,09:25,565,0
0077,09:30,570,0
0077,09:35,575,0
0077,09:40,580,0
0077,09:45,585,0
0077,09:50,590,0
0077,09:55,595,0
0077,10:00,600,0
0077,10:05,605,0
0077,10:10,610,0
0077,10:15,615,0
0077,10:20,620,0
0077,10:25,625,0
0077,10:30,630,0
0077,10:35,635,0
0077,10:40,640,0
0077,10:45,645,0
0077,10:50,650,0
0077,10:55,655,0
0077,11:00,660,-178
0077,11:05,665,-178
0077,11:10,670,862
0077,11:15,675,862
0077,11:20,680,862
0077,11:25,685,862
0077,11:30,690,6207
0077,11:35,695,6207
0077,11:40,700,6207
0077,11:45,705,5172
0077,11:50,710,5172
0077,11:55,715,5172
0077,12:00,720,5172
0077,12:05,725,3966
0077,12:10,730,3966
0077,12:15,735,3966
0077,12:20,740,3966
0077,12:25,745,3966
0077,12:30,750,3448
0077,12:35,755,3448
0077,12:40,760,3448
0077,12:45,765,3448
0077,12:50,770,2759
0077,12:55,775,2759
0077,13:00,780,2759
0077,13:05,785,2241
0077,13:10,790,2241
0077,13:15,795,2241
0077,13:20,800,2241
0077,13:25,805,1207
0077,13:30,810,1207
0077,13:35,815,1207
0077,13:40,820,1207
0077,13:45,825,1207
0077,13:50,830,0
0077,13:55,835,0
0077,14:00,840,0
0077,14:05,845,0
0077,14:10,850,-533
0077,14:15,855,-533
0077,14:20,860,-533
0077,14:25,865,-533
0077,14:30,870,2759
0077,14:35,875,2759
0077,14:40,880,2759
0077,14:45,885,6034
0077,14:50,890,6034
0077,14:55,895,6034
0077,15:00,900,6034
0077,15:05,905,6034
0077,15:10,910,7759
0077,15:15,915,7759
0077,15:20,920,7759
0077,15:25,925,7759
0077,15:30,930,6724
0077,15:35,935,6724
0077,15:40,940,6724
0077,15:45,945,6207
0077,15:50,950,6207
0077,15:55,955,6207
0077,16:00,960,6207
0077,16:05,965,6207
0077,16:10,970,5690
0077,16:15,975,5690
0077,16:20,980,5690
0077,16:25,985,5690
0077,16:30,990,4655
0077,16:35,995,4655
0077,16:40,1000,4655
0077,16:45,1005,4655
0077,16:50,1010,3793
0077,16:55,1015,3793
0077,17:00,1020,3793
0077,17:05,1025,3276
0077,17:10,1030,3276
0077,17:15,1035,3276
0077,17:20,1040,3276
0077,17:25,1045,3276
0077,17:30,1050,2586
0077,17:35,1055,2586
0077,17:40,1060,2586
0077,17:45,1065,2586
0077,17:50,1070,3448
0077,17:55,1075,3448
0077,18:00,1080,3448
0077,18:05,1085,3448
0077,18:10,1090,8793
0077,18:15,1095,8793
0077,18:20,1100,8793
0077,18:25,1105,11552
0077,18:30,1110,11552
0077,18:35,1115,11552
0077,18:40,1120,11552
0077,18:45,1125,11552
0077,18:50,1130,14138
0077,18:55,1135,14138
0077,19:00,1140,14138
0077,19:05,1145,14138
0077,19:10,1150,15172
0077,19:15,1155,15172
0077,19:20,1160,15172
0077,19:25,1165,13793
0077,19:30,1170,13793
0077,19:35,1175,13793
0077,19:40,1180,13793
0077,19:45,1185,13276
0077,19:50,1190,13276
0077,19:55,1195,13276
0077,20:00,1200,13276
0077,20:05,1205,13276
0077,20:10,1210,13276
0077,20:15,1215,13276
0077,20:20,1220,13276
0077,20:25,1225,13276
0077,20:30,1230,13276
0077,20:35,1235,13276
0077,20:40,1240,13276
0077,20:45,1245,13276
0077,20:50,1250,13276
0077,20:55,1255,13276
0077,21:00,1260,13276
0077,21:05,1265,13276
0077,21:10,1270,13276
0077,21:15,1275,13276
0077,21:20,1280,13276
0077,21:25,1285,13276
0077,21:30,1290,12414
0077,21:35,1295,12414
0077,21:40,1300,12414
0077,21:45,1305,12414
0077,21:50,1310,12414
0077,21:55,1315,12414
0077,22:00,1320,12414
0077,22:05,1325,12414
0077,22:10,1330,12414
0077,22:15,1335,12414
0077,22:20,1340,12414
0077,22:25,1345,12414
0077,22:30,1350,12414
0077,22:35,1355,12414
0077,22:40,1360,12414
0077,22:45,1365,12414
0077,22:50,1370,12414
0077,22:55,1375,12414
0077,23:00,1380,12414
0077,23:05,1385,12414
0077,23:10,1390,12414
0077,23:15,1395,12414
0077,23:16,1396,12414
0077,23:20,1400,12414
