machine,time,minute,value
0039,09:00,540,0
0039,09:05,545,0
0039,09:10,550,0
0039,09:15,555,0
0039,09:20,560,0
0039,09:25,565,0
0039,09:30,570,0
0039,09:35,575,0
0039,09:40,580,0
0039,09:45,585,0
0039,09:50,590,0
0039,09:55,595,0
0039,10:00,600,0
0039,10:05,605,0
0039,10:10,610,-178
0039,10:15,615,-178
0039,10:20,620,-178
0039,10:25,625,-1156
0039,10:30,630,-1156
0039,10:35,635,-1156
0039,10:40,640,1810
0039,10:45,645,1810
0039,10:50,650,1810
0039,10:55,655,1810
0039,11:00,660,2155
0039,11:05,665,2155
0039,11:10,670,1897
0039,11:15,675,1897
0039,11:20,680,1897
0039,11:25,685,1897
0039,11:30,690,862
0039,11:35,695,862
0039,11:40,700,862
0039,11:45,705,-533
0039,11:50,710,-533
0039,11:55,715,-533
0039,12:00,720,-533
0039,12:05,725,-1867
0039,12:10,730,-1867
0039,12:15,735,-1867
0039,12:20,740,-1867
0039,12:25,745,-1867
0039,12:30,750,-3378
0039,12:35,755,-3378
0039,12:40,760,-3378
0039,12:45,765,-3378
0039,12:50,770,2155
0039,12:55,775,2155
0039,13:00,780,2155
0039,13:05,785,3362
0039,13:10,790,3362
0039,13:15,795,3362
0039,13:20,800,3362
0039,13:25,805,5603
0039,13:30,810,5603
0039,13:35,815,5603
0039,13:40,820,5603
0039,13:45,825,5603
0039,13:50,830,5000
0039,13:55,835,5000
0039,14:00,840,5000
0039,14:05,845,5000
0039,14:10,850,4483
0039,14:15,855,4483
0039,14:20,860,4483
0039,14:25,865,4483
0039,14:30,870,3017
0039,14:35,875,3017
0039,14:40,880,3017
0039,14:45,885,1897
0039,14:50,890,1897
0039,14:55,895,1897
0039,15:00,900,1897
0039,15:05,905,1897
0039,15:10,910,603
0039,15:15,915,603
0039,15:20,920,603
0039,15:25,925,603
0039,15:30,930,-622
0039,15:35,935,-622
0039,15:40,940,-622
0039,15:45,945,-1956
0039,15:50,950,-1956
0039,15:55,955,-1956
0039,16:00,960,-1956
0039,16:05,965,-1956
0039,16:10,970,-3200
0039,16:15,975,-3200
0039,16:20,980,-3200
0039,16:25,985,-3200
0039,16:30,990,5086
0039,16:35,995,5086
0039,16:40,1000,5086
0039,16:45,1005,5086
0039,16:50,1010,4655
0039,16:55,1015,4655
0039,17:00,1020,4655
0039,17:05,1025,8017
0039,17:10,1030,8017
0039,17:15,1035,8017
0039,17:20,1040,8017
0039,17:25,1045,8017
0039,17:30,1050,7672
0039,17:35,1055,7672
0039,17:40,1060,7672
0039,17:45,1065,7672
0039,17:50,1070,7241
0039,17:55,1075,7241
0039,18:00,1080,7241
0039,18:05,1085,7241
0039,18:10,1090,7241
0039,18:15,1095,7241
0039,18:20,1100,7241
0039,18:25,1105,6724
0039,18:30,1110,6724
0039,18:35,1115,6724
0039,18:40,1120,6724
0039,18:45,1125,6724
0039,18:50,1130,6724
0039,18:55,1135,6724
0039,19:00,1140,6724
0039,19:05,1145,6724
0039,19:10,1150,6207
0039,19:15,1155,6207
0039,19:20,1160,6207
0039,19:25,1165,6207
0039,19:30,1170,6207
0039,19:35,1175,6207
0039,19:40,1180,6207
0039,19:45,1185,6207
0039,19:50,1190,6207
0039,19:55,1195,6207
0039,20:00,1200,6207
0039,20:05,1205,6207
0039,20:10,1210,5259
0039,20:15,1215,5259
0039,20:20,1220,5259
0039,20:25,1225,5259
0039,20:30,1230,5259
0039,20:35,1235,5259
0039,20:40,1240,5259
0039,20:45,1245,4741
0039,20:50,1250,4741
0039,20:55,1255,4741
0039,21:00,1260,4741
0039,21:05,1265,4741
0039,21:10,1270,3879
0039,21:15,1275,3879
0039,21:20,1280,3879
0039,21:25,1285,3879
0039,21:30,1290,3534
0039,21:35,1295,3534
0039,21:40,1300,3534
0039,21:45,1305,3534
0039,21:50,1310,3534
0039,21:55,1315,3534
0039,22:00,1320,3534
0039,22:05,1325,3362
0039,22:10,1330,3362
0039,22:15,1335,3362
0039,22:20,1340,3362
0039,22:25,1345,3362
0039,22:30,1350,3103
0039,22:35,1355,3103
0039,22:40,1360,3103
0039,22:45,1365,3103
0039,22:50,1370,3103
0039,22:55,1375,3103
0039,23:00,1380,3103
0039,23:05,1385,3103
0039,23:10,1390,3103
0039,23:15,1395,3103
0039,23:16,1396,3103
0039,23:20,1400,3103
0040,09:00,540,0
0040,09:05,545,0
0040,09:10,550,0
0040,09:15,555,0
0040,09:20,560,0
0040,09:25,565,0
0040,09:30,570,0
0040,09:35,575,0
0040,09:40,580,0
0040,09:45,585,0
0040,09:50,590,0
0040,09:55,595,0
0040,10:00,600,0
0040,10:05,605,0
0040,10:10,610,862
0040,10:15,615,862
0040,10:20,620,862
0040,10:25,625,2586
0040,10:30,630,2586
0040,10:35,635,2586
0040,10:40,640,6724
0040,10:45,645,6724
0040,10:50,650,6724
0040,10:55,655,6724
0040,11:00,660,6034
0040,11:05,665,6034
0040,11:10,670,5431
0040,11:15,675,5431
0040,11:20,680,5431
0040,11:25,685,5431
0040,11:30,690,4483
0040,11:35,695,4483
0040,11:40,700,4483
0040,11:45,705,4483
0040,11:50,710,4483
0040,11:55,715,4483
0040,12:00,720,4483
0040,12:05,725,4483
0040,12:10,730,4483
0040,12:15,735,4483
0040,12:20,740,4483
0040,12:25,745,4483
0040,12:30,750,3534
0040,12:35,755,3534
0040,12:40,760,3534
0040,12:45,765,3534
0040,12:50,770,3534
0040,12:55,775,3534
0040,13:00,780,3534
0040,13:05,785,7586
0040,13:10,790,7586
0040,13:15,795,7586
0040,13:20,800,7586
0040,13:25,805,6293
0040,13:30,810,6293
0040,13:35,815,6293
0040,13:40,820,6293
0040,13:45,825,6293
0040,13:50,830,5172
0040,13:55,835,5172
0040,14:00,840,5172
0040,14:05,845,5172
0040,14:10,850,3966
0040,14:15,855,3966
0040,14:20,860,3966
0040,14:25,865,3966
0040,14:30,870,2586
0040,14:35,875,2586
0040,14:40,880,2586
0040,14:45,885,1379
0040,14:50,890,1379
0040,14:55,895,1379
0040,15:00,900,1379
0040,15:05,905,1379
0040,15:10,910,431
0040,15:15,915,431
0040,15:20,920,431
0040,15:25,925,431
0040,15:30,930,-1156
0040,15:35,935,-1156
0040,15:40,940,-1156
0040,15:45,945,1207
0040,15:50,950,1207
0040,15:55,955,1207
0040,16:00,960,1207
0040,16:05,965,1207
0040,16:10,970,603
0040,16:15,975,603
0040,16:20,980,603
0040,16:25,985,603
0040,16:30,990,3017
0040,16:35,995,3017
0040,16:40,1000,3017
0040,16:45,1005,3017
0040,16:50,1010,1638
0040,16:55,1015,1638
0040,17:00,1020,1638
0040,17:05,1025,776
0040,17:10,1030,776
0040,17:15,1035,776
0040,17:20,1040,776
0040,17:25,1045,776
0040,17:30,1050,-533
0040,17:35,1055,-533
0040,17:40,1060,-533
0040,17:45,1065,-533
0040,17:50,1070,-1422
0040,17:55,1075,-1422
0040,18:00,1080,-1422
0040,18:05,1085,-1422
0040,18:10,1090,-1156
0040,18:15,1095,-1156
0040,18:20,1100,-1156
0040,18:25,1105,3190
0040,18:30,1110,3190
0040,18:35,1115,3190
0040,18:40,1120,3190
0040,18:45,1125,3190
0040,18:50,1130,2845
0040,18:55,1135,2845
0040,19:00,1140,2845
0040,19:05,1145,2845
0040,19:10,1150,1983
0040,19:15,1155,1983
0040,19:20,1160,1983
0040,19:25,1165,776
0040,19:30,1170,776
0040,19:35,1175,776
0040,19:40,1180,776
0040,19:45,1185,776
0040,19:50,1190,776
0040,19:55,1195,776
0040,20:00,1200,776
0040,20:05,1205,776
0040,20:10,1210,776
0040,20:15,1215,776
0040,20:20,1220,776
0040,20:25,1225,776
0040,20:30,1230,776
0040,20:35,1235,776
0040,20:40,1240,776
0040,20:45,1245,517
0040,20:50,1250,517
0040,20:55,1255,517
0040,21:00,1260,517
0040,21:05,1265,517
0040,21:10,1270,0
0040,21:15,1275,0
0040,21:20,1280,0
0040,21:25,1285,0
0040,21:30,1290,0
0040,21:35,1295,0
0040,21:40,1300,0
0040,21:45,1305,0
0040,21:50,1310,0
0040,21:55,1315,0
0040,22:00,1320,0
0040,22:05,1325,-89
0040,22:10,1330,-89
0040,22:15,1335,-89
0040,22:20,1340,-89
0040,22:25,1345,-89
0040,22:30,1350,-89
0040,22:35,1355,-89
0040,22:40,1360,-89
0040,22:45,1365,-89
0040,22:50,1370,-89
0040,22:55,1375,-89
0040,23:00,1380,-89
0040,23:05,1385,-89
0040,23:10,1390,-89
0040,23:15,1395,-89
0040,23:16,1396,-89
0040,23:20,1400,-89
0041,09:00,540,0
0041,09:05,545,0
0041,09:10,550,0
0041,09:15,555,0
0041,09:20,560,0
0041,09:25,565,0
0041,09:30,570,0
0041,09:35,575,0
0041,09:40,580,0
0041,09:45,585,0
0041,09:50,590,0
0041,09:55,595,0
0041,10:00,600,0
0041,10:05,605,0
0041,10:10,610,-178
0041,10:15,615,-178
0041,10:20,620,-178
0041,10:25,625,-1244
0041,10:30,630,-1244
0041,10:35,635,-1244
0041,10:40,640,-178
0041,10:45,645,-178
0041,10:50,650,-178
0041,10:55,655,-178
0041,11:00,660,-1244
0041,11:05,665,-1244
0041,11:10,670,-1778
0041,11:15,675,-1778
0041,11:20,680,-1778
0041,11:25,685,-1778
0041,11:30,690,-1956
0041,11:35,695,-1956
0041,11:40,700,-1956
0041,11:45,705,-1956
0041,11:50,710,-1956
0041,11:55,715,-1956
0041,12:00,720,-1956
0041,12:05,725,-3022
0041,12:10,730,-3022
0041,12:15,735,-3022
0041,12:20,740,-3022
0041,12:25,745,-3022
0041,12:30,750,-4622
0041,12:35,755,-4622
0041,12:40,760,-4622
0041,12:45,765,-4622
0041,12:50,770,-5156
0041,12:55,775,-5156
0041,13:00,780,-5156
0041,13:05,785,-5689
0041,13:10,790,-5689
0041,13:15,795,-5689
0041,13:20,800,-5689
0041,13:25,805,-7467
0041,13:30,810,-7467
0041,13:35,815,-7467
0041,13:40,820,-7467
0041,13:45,825,-7467
0041,13:50,830,-8356
0041,13:55,835,-8356
0041,14:00,840,-8356
0041,14:05,845,-8356
0041,14:10,850,-9422
0041,14:15,855,-9422
0041,14:20,860,-9422
0041,14:25,865,-9422
0041,14:30,870,-7289
0041,14:35,875,-7289
0041,14:40,880,-7289
0041,14:45,885,-4978
0041,14:50,890,-4978
0041,14:55,895,-4978
0041,15:00,900,-4978
0041,15:05,905,-4978
0041,15:10,910,-4622
0041,15:15,915,-4622
0041,15:20,920,-4622
0041,15:25,925,-4622
0041,15:30,930,-6222
0041,15:35,935,-6222
0041,15:40,940,-6222
0041,15:45,945,-6933
0041,15:50,950,-6933
0041,15:55,955,-6933
0041,16:00,960,-6933
0041,16:05,965,-6933
0041,16:10,970,-8000
0041,16:15,975,-8000
0041,16:20,980,-8000
0041,16:25,985,-8000
0041,16:30,990,-8889
0041,16:35,995,-8889
0041,16:40,1000,-8889
0041,16:45,1005,-8889
0041,16:50,1010,-10489
0041,16:55,1015,-10489
0041,17:00,1020,-10489
0041,17:05,1025,-11200
0041,17:10,1030,-11200
0041,17:15,1035,-11200
0041,17:20,1040,-11200
0041,17:25,1045,-11200
0041,17:30,1050,-12267
0041,17:35,1055,-12267
0041,17:40,1060,-12267
0041,17:45,1065,-12267
0041,17:50,1070,-12267
0041,17:55,1075,-12267
0041,18:00,1080,-12267
0041,18:05,1085,-12267
0041,18:10,1090,-12267
0041,18:15,1095,-12267
0041,18:20,1100,-12267
0041,18:25,1105,-12267
0041,18:30,1110,-12267
0041,18:35,1115,-12267
0041,18:40,1120,-12267
0041,18:45,1125,-12267
0041,18:50,1130,-12267
0041,18:55,1135,-12267
0041,19:00,1140,-12267
0041,19:05,1145,-12267
0041,19:10,1150,-12444
0041,19:15,1155,-12444
0041,19:20,1160,-12444
0041,19:25,1165,-8711
0041,19:30,1170,-8711
0041,19:35,1175,-8711
0041,19:40,1180,-8711
0041,19:45,1185,-8000
0041,19:50,1190,-8000
0041,19:55,1195,-8000
0041,20:00,1200,-8000
0041,20:05,1205,-8000
0041,20:10,1210,-6578
0041,20:15,1215,-6578
0041,20:20,1220,-6578
0041,20:25,1225,-6578
0041,20:30,1230,-7644
0041,20:35,1235,-7644
0041,20:40,1240,-7644
0041,20:45,1245,-8178
0041,20:50,1250,-8178
0041,20:55,1255,-8178
0041,21:00,1260,-8178
0041,21:05,1265,-8178
0041,21:10,1270,-8178
0041,21:15,1275,-8178
0041,21:20,1280,-8178
0041,21:25,1285,-8178
0041,21:30,1290,-8178
0041,21:35,1295,-8178
0041,21:40,1300,-8178
0041,21:45,1305,-8356
0041,21:50,1310,-8356
0041,21:55,1315,-8356
0041,22:00,1320,-8356
0041,22:05,1325,-8533
0041,22:10,1330,-8533
0041,22:15,1335,-8533
0041,22:20,1340,-8533
0041,22:25,1345,-8533
0041,22:30,1350,-8533
0041,22:35,1355,-8533
0041,22:40,1360,-8533
0041,22:45,1365,-8533
0041,22:50,1370,-8533
0041,22:55,1375,-8533
0041,23:00,1380,-8533
0041,23:05,1385,-8533
0041,23:10,1390,-8533
0041,23:15,1395,-8533
0041,23:16,1396,-8533
0041,23:20,1400,-8533
0042,09:00,540,0
0042,09:05,545,0
0042,09:10,550,0
0042,09:15,555,0
0042,09:20,560,0
0042,09:25,565,0
0042,09:30,570,0
0042,09:35,575,0
0042,09:40,580,0
0042,09:45,585,0
0042,09:50,590,0
0042,09:55,595,0
0042,10:00,600,0
0042,10:05,605,0
0042,10:10,610,0
0042,10:15,615,0
0042,10:20,620,0
0042,10:25,625,0
0042,10:30,630,0
0042,10:35,635,0
0042,10:40,640,0
0042,10:45,645,0
0042,10:50,650,0
0042,10:55,655,0
0042,11:00,660,0
0042,11:05,665,0
0042,11:10,670,0
0042,11:15,675,0
0042,11:20,680,0
0042,11:25,685,0
0042,11:30,690,0
0042,11:35,695,0
0042,11:40,700,0
0042,11:45,705,0
0042,11:50,710,0
0042,11:55,715,0
0042,12:00,720,0
0042,12:05,725,0
0042,12:10,730,0
0042,12:15,735,0
0042,12:20,740,0
0042,12:25,745,0
0042,12:30,750,0
0042,12:35,755,0
0042,12:40,760,0
0042,12:45,765,0
0042,12:50,770,0
0042,12:55,775,0
0042,13:00,780,0
0042,13:05,785,-889
0042,13:10,790,-889
0042,13:15,795,-889
0042,13:20,800,-889
0042,13:25,805,-2489
0042,13:30,810,-2489
0042,13:35,815,-2489
0042,13:40,820,-2489
0042,13:45,825,-2489
0042,13:50,830,-3556
0042,13:55,835,-3556
0042,14:00,840,-3556
0042,14:05,845,-3556
0042,14:10,850,-4444
0042,14:15,855,-4444
0042,14:20,860,-4444
0042,14:25,865,-4444
0042,14:30,870,-6222
0042,14:35,875,-6222
0042,14:40,880,-6222
0042,14:45,885,-7289
0042,14:50,890,-7289
0042,14:55,895,-7289
0042,15:00,900,-7289
0042,15:05,905,-7289
0042,15:10,910,-8356
0042,15:15,915,-8356
0042,15:20,920,-8356
0042,15:25,925,-8356
0042,15:30,930,-8000
0042,15:35,935,-8000
0042,15:40,940,-8000
0042,15:45,945,-8889
0042,15:50,950,-8889
0042,15:55,955,-8889
0042,16:00,960,-8889
0042,16:05,965,-8889
0042,16:10,970,-10133
0042,16:15,975,-10133
0042,16:20,980,-10133
0042,16:25,985,-10133
0042,16:30,990,-11200
0042,16:35,995,-11200
0042,16:40,1000,-11200
0042,16:45,1005,-11200
0042,16:50,1010,-10667
0042,16:55,1015,-10667
0042,17:00,1020,-10667
0042,17:05,1025,-6578
0042,17:10,1030,-6578
0042,17:15,1035,-6578
0042,17:20,1040,-6578
0042,17:25,1045,-6578
0042,17:30,1050,-7467
0042,17:35,1055,-7467
0042,17:40,1060,-7467
0042,17:45,1065,-7467
0042,17:50,1070,-7467
0042,17:55,1075,-7467
0042,18:00,1080,-7467
0042,18:05,1085,-7467
0042,18:10,1090,-7467
0042,18:15,1095,-7467
0042,18:20,1100,-7467
0042,18:25,1105,-7644
0042,18:30,1110,-7644
0042,18:35,1115,-7644
0042,18:40,1120,-7644
0042,18:45,1125,-7644
0042,18:50,1130,-2844
0042,18:55,1135,-2844
0042,19:00,1140,-2844
0042,19:05,1145,-2844
0042,19:10,1150,517
0042,19:15,1155,517
0042,19:20,1160,517
0042,19:25,1165,-711
0042,19:30,1170,-711
0042,19:35,1175,-711
0042,19:40,1180,-711
0042,19:45,1185,-1778
0042,19:50,1190,-1778
0042,19:55,1195,-1778
0042,20:00,1200,-1778
0042,20:05,1205,-1778
0042,20:10,1210,-2133
0042,20:15,1215,-2133
0042,20:20,1220,-2133
0042,20:25,1225,-2133
0042,20:30,1230,-2667
0042,20:35,1235,-2667
0042,20:40,1240,-2667
0042,20:45,1245,-3556
0042,20:50,1250,-3556
0042,20:55,1255,-3556
0042,21:00,1260,-3556
0042,21:05,1265,-3556
0042,21:10,1270,-3911
0042,21:15,1275,-3911
0042,21:20,1280,-3911
0042,21:25,1285,-3911
0042,21:30,1290,-3911
0042,21:35,1295,-3911
0042,21:40,1300,-3911
0042,21:45,1305,-3911
0042,21:50,1310,-3911
0042,21:55,1315,-3911
0042,22:00,1320,-3911
0042,22:05,1325,-3911
0042,22:10,1330,-3911
0042,22:15,1335,-3911
0042,22:20,1340,-3911
0042,22:25,1345,-3911
0042,22:30,1350,-3911
0042,22:35,1355,-3911
0042,22:40,1360,-3911
0042,22:45,1365,-3911
0042,22:50,1370,-3911
0042,22:55,1375,-3911
0042,23:00,1380,-3911
0042,23:05,1385,-3911
0042,23:10,1390,-3911
0042,23:15,1395,-3911
0042,23:16,1396,-3911
0042,23:20,1400,-3911
0043,09:00,540,0
0043,09:05,545,0
0043,09:10,550,0
0043,09:15,555,0
0043,09:20,560,0
0043,09:25,565,0
0043,09:30,570,0
0043,09:35,575,0
0043,09:40,580,0
0043,09:45,585,0
0043,09:50,590,0
0043,09:55,595,0
0043,10:00,600,0
0043,10:05,605,0
0043,10:10,610,0
0043,10:15,615,0
0043,10:20,620,0
0043,10:25,625,0
0043,10:30,630,0
0043,10:35,635,0
0043,10:40,640,0
0043,10:45,645,0
0043,10:50,650,0
0043,10:55,655,0
0043,11:00,660,0
0043,11:05,665,0
0043,11:10,670,0
0043,11:15,675,0
0043,11:20,680,0
0043,11:25,685,0
0043,11:30,690,-779
0043,11:35,695,-779
0043,11:40,700,-779
0043,11:45,705,513
0043,11:50,710,513
0043,11:55,715,513
0043,12:00,720,513
0043,12:05,725,5897
0043,12:10,730,5897
0043,12:15,735,5897
0043,12:20,740,5897
0043,12:25,745,5897
0043,12:30,750,11795
0043,12:35,755,11795
0043,12:40,760,11795
0043,12:45,765,11795
0043,12:50,770,13846
0043,12:55,775,13846
0043,13:00,780,13846
0043,13:05,785,13846
0043,13:10,790,13846
0043,13:15,795,13846
0043,13:20,800,13846
0043,13:25,805,13333
0043,13:30,810,13333
0043,13:35,815,13333
0043,13:40,820,13333
0043,13:45,825,13333
0043,13:50,830,13077
0043,13:55,835,13077
0043,14:00,840,13077
0043,14:05,845,13077
0043,14:10,850,12308
0043,14:15,855,12308
0043,14:20,860,12308
0043,14:25,865,12308
0043,14:30,870,11282
0043,14:35,875,11282
0043,14:40,880,11282
0043,14:45,885,10000
0043,14:50,890,10000
0043,14:55,895,10000
0043,15:00,900,10000
0043,15:05,905,10000
0043,15:10,910,8974
0043,15:15,915,8974
0043,15:20,920,8974
0043,15:25,925,8974
0043,15:30,930,7436
0043,15:35,935,7436
0043,15:40,940,7436
0043,15:45,945,7436
0043,15:50,950,7436
0043,15:55,955,7436
0043,16:00,960,7436
0043,16:05,965,7436
0043,16:10,970,6667
0043,16:15,975,6667
0043,16:20,980,6667
0043,16:25,985,6667
0043,16:30,990,8205
0043,16:35,995,8205
0043,16:40,1000,8205
0043,16:45,1005,8205
0043,16:50,1010,13590
0043,16:55,1015,13590
0043,17:00,1020,13590
0043,17:05,1025,17436
0043,17:10,1030,17436
0043,17:15,1035,17436
0043,17:20,1040,17436
0043,17:25,1045,17436
0043,17:30,1050,25641
0043,17:35,1055,25641
0043,17:40,1060,25641
0043,17:45,1065,25641
0043,17:50,1070,28205
0043,17:55,1075,28205
0043,18:00,1080,28205
0043,18:05,1085,28205
0043,18:10,1090,30513
0043,18:15,1095,30513
0043,18:20,1100,30513
0043,18:25,1105,34103
0043,18:30,1110,34103
0043,18:35,1115,34103
0043,18:40,1120,34103
0043,18:45,1125,34103
0043,18:50,1130,33846
0043,18:55,1135,33846
0043,19:00,1140,33846
0043,19:05,1145,33846
0043,19:10,1150,33846
0043,19:15,1155,33846
0043,19:20,1160,33846
0043,19:25,1165,33846
0043,19:30,1170,33846
0043,19:35,1175,33846
0043,19:40,1180,33846
0043,19:45,1185,33846
0043,19:50,1190,33846
0043,19:55,1195,33846
0043,20:00,1200,33846
0043,20:05,1205,33846
0043,20:10,1210,33846
0043,20:15,1215,33846
0043,20:20,1220,33846
0043,20:25,1225,33846
0043,20:30,1230,33846
0043,20:35,1235,33846
0043,20:40,1240,33846
0043,20:45,1245,33077
0043,20:50,1250,33077
0043,20:55,1255,33077
0043,21:00,1260,33077
0043,21:05,1265,33077
0043,21:10,1270,33077
0043,21:15,1275,33077
0043,21:20,1280,33077
0043,21:25,1285,33077
0043,21:30,1290,33077
0043,21:35,1295,33077
0043,21:40,1300,33077
0043,21:45,1305,33077
0043,21:50,1310,33077
0043,21:55,1315,33077
0043,22:00,1320,33077
0043,22:05,1325,33077
0043,22:10,1330,33077
0043,22:15,1335,33077
0043,22:20,1340,33077
0043,22:25,1345,33077
0043,22:30,1350,33077
0043,22:35,1355,33077
0043,22:40,1360,33077
0043,22:45,1365,33077
0043,22:50,1370,32821
0043,22:55,1375,32821
0043,23:00,1380,32821
0043,23:05,1385,32821
0043,23:10,1390,32821
0043,23:15,1395,32821
0043,23:16,1396,32821
0043,23:20,1400,32821
0044,09:00,540,0
0044,09:05,545,0
0044,09:10,550,0
0044,09:15,555,0
0044,09:20,560,0
0044,09:25,565,0
0044,09:30,570,0
0044,09:35,575,0
0044,09:40,580,0
0044,09:45,585,0
0044,09:50,590,0
0044,09:55,595,0
0044,10:00,600,0
0044,10:05,605,0
0044,10:10,610,0
0044,10:15,615,0
0044,10:20,620,0
0044,10:25,625,0
0044,10:30,630,0
0044,10:35,635,0
0044,10:40,640,0
0044,10:45,645,0
0044,10:50,650,0
0044,10:55,655,0
0044,11:00,660,0
0044,11:05,665,0
0044,11:10,670,0
0044,11:15,675,0
0044,11:20,680,0
0044,11:25,685,0
0044,11:30,690,0
0044,11:35,695,0
0044,11:40,700,0
0044,11:45,705,-356
0044,11:50,710,-356
0044,11:55,715,-356
0044,12:00,720,-356
0044,12:05,725,-356
0044,12:10,730,-356
0044,12:15,735,-356
0044,12:20,740,-356
0044,12:25,745,-356
0044,12:30,750,-533
0044,12:35,755,-533
0044,12:40,760,-533
0044,12:45,765,-533
0044,12:50,770,-533
0044,12:55,775,-533
0044,13:00,780,-533
0044,13:05,785,-889
0044,13:10,790,-889
0044,13:15,795,-889
0044,13:20,800,-889
0044,13:25,805,-1956
0044,13:30,810,-1956
0044,13:35,815,-1956
0044,13:40,820,-1956
0044,13:45,825,-1956
0044,13:50,830,-2844
0044,13:55,835,-2844
0044,14:00,840,-2844
0044,14:05,845,-2844
0044,14:10,850,-3911
0044,14:15,855,-3911
0044,14:20,860,-3911
0044,14:25,865,-3911
0044,14:30,870,-4800
0044,14:35,875,-4800
0044,14:40,880,-4800
0044,14:45,885,-4800
0044,14:50,890,-4800
0044,14:55,895,-4800
0044,15:00,900,-4800
0044,15:05,905,-4800
0044,15:10,910,-5333
0044,15:15,915,-5333
0044,15:20,920,-5333
0044,15:25,925,-5333
0044,15:30,930,-7289
0044,15:35,935,-7289
0044,15:40,940,-7289
0044,15:45,945,-6578
0044,15:50,950,-6578
0044,15:55,955,-6578
0044,16:00,960,-6578
0044,16:05,965,-6578
0044,16:10,970,-8000
0044,16:15,975,-8000
0044,16:20,980,-8000
0044,16:25,985,-8000
0044,16:30,990,-9778
0044,16:35,995,-9778
0044,16:40,1000,-9778
0044,16:45,1005,-9778
0044,16:50,1010,-9422
0044,16:55,1015,-9422
0044,17:00,1020,-9422
0044,17:05,1025,-10667
0044,17:10,1030,-10667
0044,17:15,1035,-10667
0044,17:20,1040,-10667
0044,17:25,1045,-10667
0044,17:30,1050,-11200
0044,17:35,1055,-11200
0044,17:40,1060,-11200
0044,17:45,1065,-11200
0044,17:50,1070,-11378
0044,17:55,1075,-11378
0044,18:00,1080,-11378
0044,18:05,1085,-11378
0044,18:10,1090,-11378
0044,18:15,1095,-11378
0044,18:20,1100,-11378
0044,18:25,1105,-11733
0044,18:30,1110,-11733
0044,18:35,1115,-11733
0044,18:40,1120,-11733
0044,18:45,1125,-11733
0044,18:50,1130,-11733
0044,18:55,1135,-11733
0044,19:00,1140,-11733
0044,19:05,1145,-11733
0044,19:10,1150,-11733
0044,19:15,1155,-11733
0044,19:20,1160,-11733
0044,19:25,1165,-11911
0044,19:30,1170,-11911
0044,19:35,1175,-11911
0044,19:40,1180,-11911
0044,19:45,1185,-11022
0044,19:50,1190,-11022
0044,19:55,1195,-11022
0044,20:00,1200,-11022
0044,20:05,1205,-11022
0044,20:10,1210,-11022
0044,20:15,1215,-11022
0044,20:20,1220,-11022
0044,20:25,1225,-11022
0044,20:30,1230,-11022
0044,20:35,1235,-11022
0044,20:40,1240,-11022
0044,20:45,1245,-11200
0044,20:50,1250,-11200
0044,20:55,1255,-11200
0044,21:00,1260,-11200
0044,21:05,1265,-11200
0044,21:10,1270,-12444
0044,21:15,1275,-12444
0044,21:20,1280,-12444
0044,21:25,1285,-12444
0044,21:30,1290,-12444
0044,21:35,1295,-12444
0044,21:40,1300,-12444
0044,21:45,1305,-12444
0044,21:50,1310,-12444
0044,21:55,1315,-12444
0044,22:00,1320,-12444
0044,22:05,1325,-12444
0044,22:10,1330,-12444
0044,22:15,1335,-12444
0044,22:20,1340,-12444
0044,22:25,1345,-12444
0044,22:30,1350,-12978
0044,22:35,1355,-12978
0044,22:40,1360,-12978
0044,22:45,1365,-12978
0044,22:50,1370,-12978
0044,22:55,1375,-12978
0044,23:00,1380,-12978
0044,23:05,1385,-12978
0044,23:10,1390,-12978
0044,23:15,1395,-12978
0044,23:16,1396,-12978
0044,23:20,1400,-12978
0045,09:00,540,0
0045,09:05,545,0
0045,09:10,550,0
0045,09:15,555,0
0045,09:20,560,0
0045,09:25,565,0
0045,09:30,570,0
0045,09:35,575,0
0045,09:40,580,0
0045,09:45,585,0
0045,09:50,590,0
0045,09:55,595,0
0045,10:00,600,0
0045,10:05,605,0
0045,10:10,610,0
0045,10:15,615,0
0045,10:20,620,0
0045,10:25,625,248
0045,10:30,630,248
0045,10:35,635,248
0045,10:40,640,-255
0045,10:45,645,-255
0045,10:50,650,-255
0045,10:55,655,-255
0045,11:00,660,-1021
0045,11:05,665,-1021
0045,11:10,670,-1277
0045,11:15,675,-1277
0045,11:20,680,-1277
0045,11:25,685,-1277
0045,11:30,690,-2809
0045,11:35,695,-2809
0045,11:40,700,-2809
0045,11:45,705,1983
0045,11:50,710,1983
0045,11:55,715,1983
0045,12:00,720,1983
0045,12:05,725,1736
0045,12:10,730,1736
0045,12:15,735,1736
0045,12:20,740,1736
0045,12:25,745,1736
0045,12:30,750,0
0045,12:35,755,0
0045,12:40,760,0
0045,12:45,765,0
0045,12:50,770,-1532
0045,12:55,775,-1532
0045,13:00,780,-1532
0045,13:05,785,496
0045,13:10,790,496
0045,13:15,795,496
0045,13:20,800,496
0045,13:25,805,5702
0045,13:30,810,5702
0045,13:35,815,5702
0045,13:40,820,5702
0045,13:45,825,5702
0045,13:50,830,10661
0045,13:55,835,10661
0045,14:00,840,10661
0045,14:05,845,10661
0045,14:10,850,12149
0045,14:15,855,12149
0045,14:20,860,12149
0045,14:25,865,12149
0045,14:30,870,16612
0045,14:35,875,16612
0045,14:40,880,16612
0045,14:45,885,16116
0045,14:50,890,16116
0045,14:55,895,16116
0045,15:00,900,16116
0045,15:05,905,16116
0045,15:10,910,20083
0045,15:15,915,20083
0045,15:20,920,20083
0045,15:25,925,20083
0045,15:30,930,20331
0045,15:35,935,20331
0045,15:40,940,20331
0045,15:45,945,19835
0045,15:50,950,19835
0045,15:55,955,19835
0045,16:00,960,19835
0045,16:05,965,19835
0045,16:10,970,18595
0045,16:15,975,18595
0045,16:20,980,18595
0045,16:25,985,18595
0045,16:30,990,18595
0045,16:35,995,18595
0045,16:40,1000,18595
0045,16:45,1005,18595
0045,16:50,1010,17851
0045,16:55,1015,17851
0045,17:00,1020,17851
0045,17:05,1025,17107
0045,17:10,1030,17107
0045,17:15,1035,17107
0045,17:20,1040,17107
0045,17:25,1045,17107
0045,17:30,1050,16612
0045,17:35,1055,16612
0045,17:40,1060,16612
0045,17:45,1065,16612
0045,17:50,1070,17603
0045,17:55,1075,17603
0045,18:00,1080,17603
0045,18:05,1085,17603
0045,18:10,1090,16860
0045,18:15,1095,16860
0045,18:20,1100,16860
0045,18:25,1105,16364
0045,18:30,1110,16364
0045,18:35,1115,16364
0045,18:40,1120,16364
0045,18:45,1125,16364
0045,18:50,1130,17107
0045,18:55,1135,17107
0045,19:00,1140,17107
0045,19:05,1145,17107
0045,19:10,1150,17107
0045,19:15,1155,17107
0045,19:20,1160,17107
0045,19:25,1165,16860
0045,19:30,1170,16860
0045,19:35,1175,16860
0045,19:40,1180,16860
0045,19:45,1185,15868
0045,19:50,1190,15868
0045,19:55,1195,15868
0045,20:00,1200,15868
0045,20:05,1205,15868
0045,20:10,1210,15620
0045,20:15,1215,15620
0045,20:20,1220,15620
0045,20:25,1225,15620
0045,20:30,1230,15620
0045,20:35,1235,15620
0045,20:40,1240,15620
0045,20:45,1245,15620
0045,20:50,1250,15620
0045,20:55,1255,15620
0045,21:00,1260,15620
0045,21:05,1265,15620
0045,21:10,1270,15620
0045,21:15,1275,15620
0045,21:20,1280,15620
0045,21:25,1285,15620
0045,21:30,1290,15620
0045,21:35,1295,15620
0045,21:40,1300,15620
0045,21:45,1305,15620
0045,21:50,1310,15620
0045,21:55,1315,15620
0045,22:00,1320,15620
0045,22:05,1325,15372
0045,22:10,1330,15372
0045,22:15,1335,15372
0045,22:20,1340,15372
0045,22:25,1345,15372
0045,22:30,1350,15124
0045,22:35,1355,15124
0045,22:40,1360,15124
0045,22:45,1365,15124
0045,22:50,1370,15124
0045,22:55,1375,15124
0045,23:00,1380,15124
0045,23:05,1385,15124
0045,23:10,1390,15124
0045,23:15,1395,15124
0045,23:16,1396,15124
0045,23:20,1400,15124
0046,09:00,540,0
0046,09:05,545,0
0046,09:10,550,0
0046,09:15,555,0
0046,09:20,560,0
0046,09:25,565,0
0046,09:30,570,0
0046,09:35,575,0
0046,09:40,580,0
0046,09:45,585,0
0046,09:50,590,0
0046,09:55,595,0
0046,10:00,600,0
0046,10:05,605,0
0046,10:10,610,0
0046,10:15,615,0
0046,10:20,620,0
0046,10:25,625,0
0046,10:30,630,0
0046,10:35,635,0
0046,10:40,640,0
0046,10:45,645,0
0046,10:50,650,0
0046,10:55,655,0
0046,11:00,660,0
0046,11:05,665,0
0046,11:10,670,0
0046,11:15,675,0
0046,11:20,680,0
0046,11:25,685,0
0046,11:30,690,0
0046,11:35,695,0
0046,11:40,700,0
0046,11:45,705,0
0046,11:50,710,0
0046,11:55,715,0
0046,12:00,720,0
0046,12:05,725,0
0046,12:10,730,0
0046,12:15,735,0
0046,12:20,740,0
0046,12:25,745,0
0046,12:30,750,0
0046,12:35,755,0
0046,12:40,760,0
0046,12:45,765,0
0046,12:50,770,0
0046,12:55,775,0
0046,13:00,780,0
0046,13:05,785,-356
0046,13:10,790,-356
0046,13:15,795,-356
0046,13:20,800,-356
0046,13:25,805,-356
0046,13:30,810,-356
0046,13:35,815,-356
0046,13:40,820,-356
0046,13:45,825,-356
0046,13:50,830,-1244
0046,13:55,835,-1244
0046,14:00,840,-1244
0046,14:05,845,-1244
0046,14:10,850,-1956
0046,14:15,855,-1956
0046,14:20,860,-1956
0046,14:25,865,-1956
0046,14:30,870,-2578
0046,14:35,875,-2578
0046,14:40,880,-2578
0046,14:45,885,-444
0046,14:50,890,-444
0046,14:55,895,-444
0046,15:00,900,-444
0046,15:05,905,-444
0046,15:10,910,-1422
0046,15:15,915,-1422
0046,15:20,920,-1422
0046,15:25,925,-1422
0046,15:30,930,-2844
0046,15:35,935,-2844
0046,15:40,940,-2844
0046,15:45,945,3448
0046,15:50,950,3448
0046,15:55,955,3448
0046,16:00,960,3448
0046,16:05,965,3448
0046,16:10,970,3190
0046,16:15,975,3190
0046,16:20,980,3190
0046,16:25,985,3190
0046,16:30,990,1983
0046,16:35,995,1983
0046,16:40,1000,1983
0046,16:45,1005,1983
0046,16:50,1010,1034
0046,16:55,1015,1034
0046,17:00,1020,1034
0046,17:05,1025,259
0046,17:10,1030,259
0046,17:15,1035,259
0046,17:20,1040,259
0046,17:25,1045,259
0046,17:30,1050,-533
0046,17:35,1055,-533
0046,17:40,1060,-533
0046,17:45,1065,-533
0046,17:50,1070,-889
0046,17:55,1075,-889
0046,18:00,1080,-889
0046,18:05,1085,-889
0046,18:10,1090,-889
0046,18:15,1095,-889
0046,18:20,1100,-889
0046,18:25,1105,-1956
0046,18:30,1110,-1956
0046,18:35,1115,-1956
0046,18:40,1120,-1956
0046,18:45,1125,-1956
0046,18:50,1130,-2044
0046,18:55,1135,-2044
0046,19:00,1140,-2044
0046,19:05,1145,-2044
0046,19:10,1150,-2044
0046,19:15,1155,-2044
0046,19:20,1160,-2044
0046,19:25,1165,-2756
0046,19:30,1170,-2756
0046,19:35,1175,-2756
0046,19:40,1180,-2756
0046,19:45,1185,-4267
0046,19:50,1190,-4267
0046,19:55,1195,-4267
0046,20:00,1200,-4267
0046,20:05,1205,-4267
0046,20:10,1210,-4622
0046,20:15,1215,-4622
0046,20:20,1220,-4622
0046,20:25,1225,-4622
0046,20:30,1230,-4800
0046,20:35,1235,-4800
0046,20:40,1240,-4800
0046,20:45,1245,-4978
0046,20:50,1250,-4978
0046,20:55,1255,-4978
0046,21:00,1260,-4978
0046,21:05,1265,-4978
0046,21:10,1270,-5333
0046,21:15,1275,-5333
0046,21:20,1280,-5333
0046,21:25,1285,-5333
0046,21:30,1290,-5333
0046,21:35,1295,-5333
0046,21:40,1300,-5333
0046,21:45,1305,-5600
0046,21:50,1310,-5600
0046,21:55,1315,-5600
0046,22:00,1320,-5600
0046,22:05,1325,-5600
0046,22:10,1330,-5600
0046,22:15,1335,-5600
0046,22:20,1340,-5600
0046,22:25,1345,-5600
0046,22:30,1350,-6133
0046,22:35,1355,-6133
0046,22:40,1360,-6133
0046,22:45,1365,-6133
0046,22:50,1370,-6133
0046,22:55,1375,-6133
0046,23:00,1380,-6133
0046,23:05,1385,-6133
0046,23:10,1390,-6133
0046,23:15,1395,-6133
0046,23:16,1396,-6133
0046,23:20,1400,-6133
0047,09:00,540,0
0047,09:05,545,0
0047,09:10,550,0
0047,09:15,555,0
0047,09:20,560,0
0047,09:25,565,0
0047,09:30,570,0
0047,09:35,575,0
0047,09:40,580,0
0047,09:45,585,0
0047,09:50,590,0
0047,09:55,595,0
0047,10:00,600,0
0047,10:05,605,0
0047,10:10,610,0
0047,10:15,615,0
0047,10:20,620,0
0047,10:25,625,0
0047,10:30,630,0
0047,10:35,635,0
0047,10:40,640,-178
0047,10:45,645,-178
0047,10:50,650,-178
0047,10:55,655,-178
0047,11:00,660,-1244
0047,11:05,665,-1244
0047,11:10,670,-1956
0047,11:15,675,-1956
0047,11:20,680,-1956
0047,11:25,685,-1956
0047,11:30,690,-3378
0047,11:35,695,-3378
0047,11:40,700,-3378
0047,11:45,705,-4800
0047,11:50,710,-4800
0047,11:55,715,-4800
0047,12:00,720,-4800
0047,12:05,725,-6222
0047,12:10,730,-6222
0047,12:15,735,-6222
0047,12:20,740,-6222
0047,12:25,745,-6222
0047,12:30,750,-5867
0047,12:35,755,-5867
0047,12:40,760,-5867
0047,12:45,765,-5867
0047,12:50,770,-6578
0047,12:55,775,-6578
0047,13:00,780,-6578
0047,13:05,785,-1244
0047,13:10,790,-1244
0047,13:15,795,-1244
0047,13:20,800,-1244
0047,13:25,805,-1244
0047,13:30,810,-1244
0047,13:35,815,-1244
0047,13:40,820,-1244
0047,13:45,825,-1244
0047,13:50,830,-1956
0047,13:55,835,-1956
0047,14:00,840,-1956
0047,14:05,845,-1956
0047,14:10,850,-3022
0047,14:15,855,-3022
0047,14:20,860,-3022
0047,14:25,865,-3022
0047,14:30,870,-4444
0047,14:35,875,-4444
0047,14:40,880,-4444
0047,14:45,885,-3733
0047,14:50,890,-3733
0047,14:55,895,-3733
0047,15:00,900,-3733
0047,15:05,905,-3733
0047,15:10,910,-178
0047,15:15,915,-178
0047,15:20,920,-178
0047,15:25,925,-178
0047,15:30,930,-1600
0047,15:35,935,-1600
0047,15:40,940,-1600
0047,15:45,945,-3022
0047,15:50,950,-3022
0047,15:55,955,-3022
0047,16:00,960,-3022
0047,16:05,965,-3022
0047,16:10,970,-4089
0047,16:15,975,-4089
0047,16:20,980,-4089
0047,16:25,985,-4089
0047,16:30,990,-1778
0047,16:35,995,-1778
0047,16:40,1000,-1778
0047,16:45,1005,-1778
0047,16:50,1010,-2489
0047,16:55,1015,-2489
0047,17:00,1020,-2489
0047,17:05,1025,-3733
0047,17:10,1030,-3733
0047,17:15,1035,-3733
0047,17:20,1040,-3733
0047,17:25,1045,-3733
0047,17:30,1050,1897
0047,17:35,1055,1897
0047,17:40,1060,1897
0047,17:45,1065,1897
0047,17:50,1070,8103
0047,17:55,1075,8103
0047,18:00,1080,8103
0047,18:05,1085,8103
0047,18:10,1090,7241
0047,18:15,1095,7241
0047,18:20,1100,7241
0047,18:25,1105,6552
0047,18:30,1110,6552
0047,18:35,1115,6552
0047,18:40,1120,6552
0047,18:45,1125,6552
0047,18:50,1130,6207
0047,18:55,1135,6207
0047,19:00,1140,6207
0047,19:05,1145,6207
0047,19:10,1150,6207
0047,19:15,1155,6207
0047,19:20,1160,6207
0047,19:25,1165,7241
0047,19:30,1170,7241
0047,19:35,1175,7241
0047,19:40,1180,7241
0047,19:45,1185,10000
0047,19:50,1190,10000
0047,19:55,1195,10000
0047,20:00,1200,10000
0047,20:05,1205,10000
0047,20:10,1210,9483
0047,20:15,1215,9483
0047,20:20,1220,9483
0047,20:25,1225,9483
0047,20:30,1230,9483
0047,20:35,1235,9483
0047,20:40,1240,9483
0047,20:45,1245,9310
0047,20:50,1250,9310
0047,20:55,1255,9310
0047,21:00,1260,9310
0047,21:05,1265,9310
0047,21:10,1270,9310
0047,21:15,1275,9310
0047,21:20,1280,9310
0047,21:25,1285,9310
0047,21:30,1290,10517
0047,21:35,1295,10517
0047,21:40,1300,10517
0047,21:45,1305,10000
0047,21:50,1310,10000
0047,21:55,1315,10000
0047,22:00,1320,10000
0047,22:05,1325,10000
0047,22:10,1330,10000
0047,22:15,1335,10000
0047,22:20,1340,10000
0047,22:25,1345,10000
0047,22:30,1350,10000
0047,22:35,1355,10000
0047,22:40,1360,10000
0047,22:45,1365,10000
0047,22:50,1370,10000
0047,22:55,1375,10000
0047,23:00,1380,10000
0047,23:05,1385,10000
0047,23:10,1390,10000
0047,23:15,1395,10000
0047,23:16,1396,10000
0047,23:20,1400,10000
0048,09:00,540,0
0048,09:05,545,0
0048,09:10,550,0
0048,09:15,555,0
0048,09:20,560,0
0048,09:25,565,0
0048,09:30,570,0
0048,09:35,575,0
0048,09:40,580,0
0048,09:45,585,0
0048,09:50,590,0
0048,09:55,595,0
0048,10:00,600,0
0048,10:05,605,0
0048,10:10,610,0
0048,10:15,615,0
0048,10:20,620,0
0048,10:25,625,0
0048,10:30,630,0
0048,10:35,635,0
0048,10:40,640,0
0048,10:45,645,0
0048,10:50,650,0
0048,10:55,655,0
0048,11:00,660,-533
0048,11:05,665,-533
0048,11:10,670,-533
0048,11:15,675,-533
0048,11:20,680,-533
0048,11:25,685,-533
0048,11:30,690,-533
0048,11:35,695,-533
0048,11:40,700,-533
0048,11:45,705,-533
0048,11:50,710,-533
0048,11:55,715,-533
0048,12:00,720,-533
0048,12:05,725,-533
0048,12:10,730,-533
0048,12:15,735,-533
0048,12:20,740,-533
0048,12:25,745,-533
0048,12:30,750,-533
0048,12:35,755,-533
0048,12:40,760,-533
0048,12:45,765,-533
0048,12:50,770,-1511
0048,12:55,775,-1511
0048,13:00,780,-1511
0048,13:05,785,-2133
0048,13:10,790,-2133
0048,13:15,795,-2133
0048,13:20,800,-2133
0048,13:25,805,1379
0048,13:30,810,1379
0048,13:35,815,1379
0048,13:40,820,1379
0048,13:45,825,1379
0048,13:50,830,5517
0048,13:55,835,5517
0048,14:00,840,5517
0048,14:05,845,5517
0048,14:10,850,5517
0048,14:15,855,5517
0048,14:20,860,5517
0048,14:25,865,5517
0048,14:30,870,5517
0048,14:35,875,5517
0048,14:40,880,5517
0048,14:45,885,4483
0048,14:50,890,4483
0048,14:55,895,4483
0048,15:00,900,4483
0048,15:05,905,4483
0048,15:10,910,3448
0048,15:15,915,3448
0048,15:20,920,3448
0048,15:25,925,3448
0048,15:30,930,8707
0048,15:35,935,8707
0048,15:40,940,8707
0048,15:45,945,7241
0048,15:50,950,7241
0048,15:55,955,7241
0048,16:00,960,7241
0048,16:05,965,7241
0048,16:10,970,6379
0048,16:15,975,6379
0048,16:20,980,6379
0048,16:25,985,6379
0048,16:30,990,4655
0048,16:35,995,4655
0048,16:40,1000,4655
0048,16:45,1005,4655
0048,16:50,1010,4224
0048,16:55,1015,4224
0048,17:00,1020,4224
0048,17:05,1025,3448
0048,17:10,1030,3448
0048,17:15,1035,3448
0048,17:20,1040,3448
0048,17:25,1045,3448
0048,17:30,1050,2500
0048,17:35,1055,2500
0048,17:40,1060,2500
0048,17:45,1065,2500
0048,17:50,1070,2241
0048,17:55,1075,2241
0048,18:00,1080,2241
0048,18:05,1085,2241
0048,18:10,1090,2241
0048,18:15,1095,2241
0048,18:20,1100,2241
0048,18:25,1105,1897
0048,18:30,1110,1897
0048,18:35,1115,1897
0048,18:40,1120,1897
0048,18:45,1125,1897
0048,18:50,1130,1897
0048,18:55,1135,1897
0048,19:00,1140,1897
0048,19:05,1145,1897
0048,19:10,1150,1724
0048,19:15,1155,1724
0048,19:20,1160,1724
0048,19:25,1165,431
0048,19:30,1170,431
0048,19:35,1175,431
0048,19:40,1180,431
0048,19:45,1185,-89
0048,19:50,1190,-89
0048,19:55,1195,-89
0048,20:00,1200,-89
0048,20:05,1205,-89
0048,20:10,1210,-889
0048,20:15,1215,-889
0048,20:20,1220,-889
0048,20:25,1225,-889
0048,20:30,1230,-889
0048,20:35,1235,-889
0048,20:40,1240,-889
0048,20:45,1245,-2311
0048,20:50,1250,-2311
0048,20:55,1255,-2311
0048,21:00,1260,-2311
0048,21:05,1265,-2311
0048,21:10,1270,-3644
0048,21:15,1275,-3644
0048,21:20,1280,-3644
0048,21:25,1285,-3644
0048,21:30,1290,-4533
0048,21:35,1295,-4533
0048,21:40,1300,-4533
0048,21:45,1305,-4533
0048,21:50,1310,-4533
0048,21:55,1315,-4533
0048,22:00,1320,-4533
0048,22:05,1325,-4533
0048,22:10,1330,-4533
0048,22:15,1335,-4533
0048,22:20,1340,-4533
0048,22:25,1345,-4533
0048,22:30,1350,-4622
0048,22:35,1355,-4622
0048,22:40,1360,-4622
0048,22:45,1365,-4622
0048,22:50,1370,-4622
0048,22:55,1375,-4622
0048,23:00,1380,-4622
0048,23:05,1385,-4622
0048,23:10,1390,-4622
0048,23:15,1395,-4622
0048,23:16,1396,-4622
0048,23:20,1400,-4622
0049,09:00,540,0
0049,09:05,545,0
0049,09:10,550,0
0049,09:15,555,0
0049,09:20,560,0
0049,09:25,565,0
0049,09:30,570,0
0049,09:35,575,0
0049,09:40,580,0
0049,09:45,585,0
0049,09:50,590,0
0049,09:55,595,0
0049,10:00,600,0
0049,10:05,605,0
0049,10:10,610,0
0049,10:15,615,0
0049,10:20,620,0
0049,10:25,625,0
0049,10:30,630,0
0049,10:35,635,0
0049,10:40,640,0
0049,10:45,645,0
0049,10:50,650,0
0049,10:55,655,0
0049,11:00,660,0
0049,11:05,665,0
0049,11:10,670,0
0049,11:15,675,0
0049,11:20,680,0
0049,11:25,685,0
0049,11:30,690,0
0049,11:35,695,0
0049,11:40,700,0
0049,11:45,705,0
0049,11:50,710,0
0049,11:55,715,0
0049,12:00,720,0
0049,12:05,725,0
0049,12:10,730,0
0049,12:15,735,0
0049,12:20,740,0
0049,12:25,745,0
0049,12:30,750,0
0049,12:35,755,0
0049,12:40,760,0
0049,12:45,765,0
0049,12:50,770,0
0049,12:55,775,0
0049,13:00,780,0
0049,13:05,785,-533
0049,13:10,790,-533
0049,13:15,795,-533
0049,13:20,800,-533
0049,13:25,805,-444
0049,13:30,810,-444
0049,13:35,815,-444
0049,13:40,820,-444
0049,13:45,825,-444
0049,13:50,830,-1511
0049,13:55,835,-1511
0049,14:00,840,-1511
0049,14:05,845,-1511
0049,14:10,850,-2400
0049,14:15,855,-2400
0049,14:20,860,-2400
0049,14:25,865,-2400
0049,14:30,870,-889
0049,14:35,875,-889
0049,14:40,880,-889
0049,14:45,885,4914
0049,14:50,890,4914
0049,14:55,895,4914
0049,15:00,900,4914
0049,15:05,905,4914
0049,15:10,910,6983
0049,15:15,915,6983
0049,15:20,920,6983
0049,15:25,925,6983
0049,15:30,930,5862
0049,15:35,935,5862
0049,15:40,940,5862
0049,15:45,945,4914
0049,15:50,950,4914
0049,15:55,955,4914
0049,16:00,960,4914
0049,16:05,965,4914
0049,16:10,970,3966
0049,16:15,975,3966
0049,16:20,980,3966
0049,16:25,985,3966
0049,16:30,990,2155
0049,16:35,995,2155
0049,16:40,1000,2155
0049,16:45,1005,2155
0049,16:50,1010,776
0049,16:55,1015,776
0049,17:00,1020,776
0049,17:05,1025,86
0049,17:10,1030,86
0049,17:15,1035,86
0049,17:20,1040,86
0049,17:25,1045,86
0049,17:30,1050,-1067
0049,17:35,1055,-1067
0049,17:40,1060,-1067
0049,17:45,1065,-1067
0049,17:50,1070,-978
0049,17:55,1075,-978
0049,18:00,1080,-978
0049,18:05,1085,-978
0049,18:10,1090,1897
0049,18:15,1095,1897
0049,18:20,1100,1897
0049,18:25,1105,5086
0049,18:30,1110,5086
0049,18:35,1115,5086
0049,18:40,1120,5086
0049,18:45,1125,5086
0049,18:50,1130,5086
0049,18:55,1135,5086
0049,19:00,1140,5086
0049,19:05,1145,5086
0049,19:10,1150,5086
0049,19:15,1155,5086
0049,19:20,1160,5086
0049,19:25,1165,5086
0049,19:30,1170,5086
0049,19:35,1175,5086
0049,19:40,1180,5086
0049,19:45,1185,5086
0049,19:50,1190,5086
0049,19:55,1195,5086
0049,20:00,1200,5086
0049,20:05,1205,5086
0049,20:10,1210,4828
0049,20:15,1215,4828
0049,20:20,1220,4828
0049,20:25,1225,4828
0049,20:30,1230,4224
0049,20:35,1235,4224
0049,20:40,1240,4224
0049,20:45,1245,4224
0049,20:50,1250,4224
0049,20:55,1255,4224
0049,21:00,1260,4224
0049,21:05,1265,4224
0049,21:10,1270,4224
0049,21:15,1275,4224
0049,21:20,1280,4224
0049,21:25,1285,4224
0049,21:30,1290,4224
0049,21:35,1295,4224
0049,21:40,1300,4224
0049,21:45,1305,3793
0049,21:50,1310,3793
0049,21:55,1315,3793
0049,22:00,1320,3793
0049,22:05,1325,3793
0049,22:10,1330,3793
0049,22:15,1335,3793
0049,22:20,1340,3793
0049,22:25,1345,3793
0049,22:30,1350,3793
0049,22:35,1355,3793
0049,22:40,1360,3793
0049,22:45,1365,3793
0049,22:50,1370,3793
0049,22:55,1375,3793
0049,23:00,1380,3793
0049,23:05,1385,3793
0049,23:10,1390,3793
0049,23:15,1395,3793
0049,23:16,1396,3793
0049,23:20,1400,3793
0050,09:00,540,0
0050,09:05,545,0
0050,09:10,550,0
0050,09:15,555,0
0050,09:20,560,0
0050,09:25,565,0
0050,09:30,570,0
0050,09:35,575,0
0050,09:40,580,0
0050,09:45,585,0
0050,09:50,590,0
0050,09:55,595,0
0050,10:00,600,0
0050,10:05,605,0
0050,10:10,610,0
0050,10:15,615,0
0050,10:20,620,0
0050,10:25,625,0
0050,10:30,630,0
0050,10:35,635,0
0050,10:40,640,0
0050,10:45,645,0
0050,10:50,650,0
0050,10:55,655,0
0050,11:00,660,0
0050,11:05,665,0
0050,11:10,670,-178
0050,11:15,675,-178
0050,11:20,680,-178
0050,11:25,685,-178
0050,11:30,690,-178
0050,11:35,695,-178
0050,11:40,700,-178
0050,11:45,705,-178
0050,11:50,710,-178
0050,11:55,715,-178
0050,12:00,720,-178
0050,12:05,725,-178
0050,12:10,730,-178
0050,12:15,735,-178
0050,12:20,740,-178
0050,12:25,745,-178
0050,12:30,750,-533
0050,12:35,755,-533
0050,12:40,760,-533
0050,12:45,765,-533
0050,12:50,770,-1956
0050,12:55,775,-1956
0050,13:00,780,-1956
0050,13:05,785,-3200
0050,13:10,790,-3200
0050,13:15,795,-3200
0050,13:20,800,-3200
0050,13:25,805,-5156
0050,13:30,810,-5156
0050,13:35,815,-5156
0050,13:40,820,-5156
0050,13:45,825,-5156
0050,13:50,830,-6756
0050,13:55,835,-6756
0050,14:00,840,-6756
0050,14:05,845,-6756
0050,14:10,850,-8178
0050,14:15,855,-8178
0050,14:20,860,-8178
0050,14:25,865,-8178
0050,14:30,870,-8178
0050,14:35,875,-8178
0050,14:40,880,-8178
0050,14:45,885,-9600
0050,14:50,890,-9600
0050,14:55,895,-9600
0050,15:00,900,-9600
0050,15:05,905,-9600
0050,15:10,910,-10133
0050,15:15,915,-10133
0050,15:20,920,-10133
0050,15:25,925,-10133
0050,15:30,930,-11733
0050,15:35,935,-11733
0050,15:40,940,-11733
0050,15:45,945,-13156
0050,15:50,950,-13156
0050,15:55,955,-13156
0050,16:00,960,-13156
0050,16:05,965,-13156
0050,16:10,970,-12622
0050,16:15,975,-12622
0050,16:20,980,-12622
0050,16:25,985,-12622
0050,16:30,990,-14400
0050,16:35,995,-14400
0050,16:40,1000,-14400
0050,16:45,1005,-14400
0050,16:50,1010,-15467
0050,16:55,1015,-15467
0050,17:00,1020,-15467
0050,17:05,1025,-15467
0050,17:10,1030,-15467
0050,17:15,1035,-15467
0050,17:20,1040,-15467
0050,17:25,1045,-15467
0050,17:30,1050,-15467
0050,17:35,1055,-15467
0050,17:40,1060,-15467
0050,17:45,1065,-15467
0050,17:50,1070,-16533
0050,17:55,1075,-16533
0050,18:00,1080,-16533
0050,18:05,1085,-16533
0050,18:10,1090,-16711
0050,18:15,1095,-16711
0050,18:20,1100,-16711
0050,18:25,1105,-18489
0050,18:30,1110,-18489
0050,18:35,1115,-18489
0050,18:40,1120,-18489
0050,18:45,1125,-18489
0050,18:50,1130,-19378
0050,18:55,1135,-19378
0050,19:00,1140,-19378
0050,19:05,1145,-19378
0050,19:10,1150,-19378
0050,19:15,1155,-19378
0050,19:20,1160,-19378
0050,19:25,1165,-19378
0050,19:30,1170,-19378
0050,19:35,1175,-19378
0050,19:40,1180,-19378
0050,19:45,1185,-19556
0050,19:50,1190,-19556
0050,19:55,1195,-19556
0050,20:00,1200,-19556
0050,20:05,1205,-19556
0050,20:10,1210,-19556
0050,20:15,1215,-19556
0050,20:20,1220,-19556
0050,20:25,1225,-19556
0050,20:30,1230,-20267
0050,20:35,1235,-20267
0050,20:40,1240,-20267
0050,20:45,1245,-20267
0050,20:50,1250,-20267
0050,20:55,1255,-20267
0050,21:00,1260,-20267
0050,21:05,1265,-20267
0050,21:10,1270,-20267
0050,21:15,1275,-20267
0050,21:20,1280,-20267
0050,21:25,1285,-20267
0050,21:30,1290,-20267
0050,21:35,1295,-20267
0050,21:40,1300,-20267
0050,21:45,1305,-20267
0050,21:50,1310,-20267
0050,21:55,1315,-20267
0050,22:00,1320,-20267
0050,22:05,1325,-20267
0050,22:10,1330,-20267
0050,22:15,1335,-20267
0050,22:20,1340,-20267
0050,22:25,1345,-20267
0050,22:30,1350,-20267
0050,22:35,1355,-20267
0050,22:40,1360,-20267
0050,22:45,1365,-20267
0050,22:50,1370,-20267
0050,22:55,1375,-20267
0050,23:00,1380,-20267
0050,23:05,1385,-20267
0050,23:10,1390,-20267
0050,23:15,1395,-20267
0050,23:16,1396,-20267
0050,23:20,1400,-20267
0051,09:00,540,0
0051,09:05,545,0
0051,09:10,550,0
0051,09:15,555,0
0051,09:20,560,0
0051,09:25,565,0
0051,09:30,570,0
0051,09:35,575,0
0051,09:40,580,0
0051,09:45,585,0
0051,09:50,590,0
0051,09:55,595,0
0051,10:00,600,0
0051,10:05,605,0
0051,10:10,610,0
0051,10:15,615,0
0051,10:20,620,0
0051,10:25,625,-444
0051,10:30,630,-444
0051,10:35,635,-444
0051,10:40,640,-800
0051,10:45,645,-800
0051,10:50,650,-800
0051,10:55,655,-800
0051,11:00,660,-89
0051,11:05,665,-89
0051,11:10,670,-622
0051,11:15,675,-622
0051,11:20,680,-622
0051,11:25,685,-622
0051,11:30,690,-2044
0051,11:35,695,-2044
0051,11:40,700,-2044
0051,11:45,705,-2044
0051,11:50,710,-2044
0051,11:55,715,-2044
0051,12:00,720,-2044
0051,12:05,725,-2667
0051,12:10,730,-2667
0051,12:15,735,-2667
0051,12:20,740,-2667
0051,12:25,745,-2667
0051,12:30,750,-2844
0051,12:35,755,-2844
0051,12:40,760,-2844
0051,12:45,765,-2844
0051,12:50,770,-2844
0051,12:55,775,-2844
0051,13:00,780,-2844
0051,13:05,785,-3822
0051,13:10,790,-3822
0051,13:15,795,-3822
0051,13:20,800,-3822
0051,13:25,805,-178
0051,13:30,810,-178
0051,13:35,815,-178
0051,13:40,820,-178
0051,13:45,825,-178
0051,13:50,830,3707
0051,13:55,835,3707
0051,14:00,840,3707
0051,14:05,845,3707
0051,14:10,850,2759
0051,14:15,855,2759
0051,14:20,860,2759
0051,14:25,865,2759
0051,14:30,870,1638
0051,14:35,875,1638
0051,14:40,880,1638
0051,14:45,885,1207
0051,14:50,890,1207
0051,14:55,895,1207
0051,15:00,900,1207
0051,15:05,905,1207
0051,15:10,910,1897
0051,15:15,915,1897
0051,15:20,920,1897
0051,15:25,925,1897
0051,15:30,930,603
0051,15:35,935,603
0051,15:40,940,603
0051,15:45,945,-889
0051,15:50,950,-889
0051,15:55,955,-889
0051,16:00,960,-889
0051,16:05,965,-889
0051,16:10,970,-1956
0051,16:15,975,-1956
0051,16:20,980,-1956
0051,16:25,985,-1956
0051,16:30,990,-3111
0051,16:35,995,-3111
0051,16:40,1000,-3111
0051,16:45,1005,-3111
0051,16:50,1010,-2578
0051,16:55,1015,-2578
0051,17:00,1020,-2578
0051,17:05,1025,-3378
0051,17:10,1030,-3378
0051,17:15,1035,-3378
0051,17:20,1040,-3378
0051,17:25,1045,-3378
0051,17:30,1050,-4444
0051,17:35,1055,-4444
0051,17:40,1060,-4444
0051,17:45,1065,-4444
0051,17:50,1070,-5156
0051,17:55,1075,-5156
0051,18:00,1080,-5156
0051,18:05,1085,-5156
0051,18:10,1090,-5244
0051,18:15,1095,-5244
0051,18:20,1100,-5244
0051,18:25,1105,-5956
0051,18:30,1110,-5956
0051,18:35,1115,-5956
0051,18:40,1120,-5956
0051,18:45,1125,-5956
0051,18:50,1130,-6667
0051,18:55,1135,-6667
0051,19:00,1140,-6667
0051,19:05,1145,-6667
0051,19:10,1150,-6667
0051,19:15,1155,-6667
0051,19:20,1160,-6667
0051,19:25,1165,-7378
0051,19:30,1170,-7378
0051,19:35,1175,-7378
0051,19:40,1180,-7378
0051,19:45,1185,-7911
0051,19:50,1190,-7911
0051,19:55,1195,-7911
0051,20:00,1200,-7911
0051,20:05,1205,-7911
0051,20:10,1210,-8444
0051,20:15,1215,-8444
0051,20:20,1220,-8444
0051,20:25,1225,-8444
0051,20:30,1230,-8711
0051,20:35,1235,-8711
0051,20:40,1240,-8711
0051,20:45,1245,-8711
0051,20:50,1250,-8711
0051,20:55,1255,-8711
0051,21:00,1260,-8711
0051,21:05,1265,-8711
0051,21:10,1270,-8711
0051,21:15,1275,-8711
0051,21:20,1280,-8711
0051,21:25,1285,-8711
0051,21:30,1290,-9067
0051,21:35,1295,-9067
0051,21:40,1300,-9067
0051,21:45,1305,-9067
0051,21:50,1310,-9067
0051,21:55,1315,-9067
0051,22:00,1320,-9067
0051,22:05,1325,-9244
0051,22:10,1330,-9244
0051,22:15,1335,-9244
0051,22:20,1340,-9244
0051,22:25,1345,-9244
0051,22:30,1350,-9244
0051,22:35,1355,-9244
0051,22:40,1360,-9244
0051,22:45,1365,-9244
0051,22:50,1370,-9244
0051,22:55,1375,-9244
0051,23:00,1380,-9244
0051,23:05,1385,-9244
0051,23:10,1390,-9244
0051,23:15,1395,-9244
0051,23:16,1396,-9244
0051,23:20,1400,-9244
0052,09:00,540,0
0052,09:05,545,0
0052,09:10,550,0
0052,09:15,555,0
0052,09:20,560,0
0052,09:25,565,0
0052,09:30,570,0
0052,09:35,575,0
0052,09:40,580,0
0052,09:45,585,0
0052,09:50,590,0
0052,09:55,595,0
0052,10:00,600,0
0052,10:05,605,0
0052,10:10,610,0
0052,10:15,615,0
0052,10:20,620,0
0052,10:25,625,0
0052,10:30,630,0
0052,10:35,635,0
0052,10:40,640,0
0052,10:45,645,0
0052,10:50,650,0
0052,10:55,655,0
0052,11:00,660,0
0052,11:05,665,0
0052,11:10,670,0
0052,11:15,675,0
0052,11:20,680,0
0052,11:25,685,0
0052,11:30,690,0
0052,11:35,695,0
0052,11:40,700,0
0052,11:45,705,0
0052,11:50,710,0
0052,11:55,715,0
0052,12:00,720,0
0052,12:05,725,0
0052,12:10,730,0
0052,12:15,735,0
0052,12:20,740,0
0052,12:25,745,0
0052,12:30,750,0
0052,12:35,755,0
0052,12:40,760,0
0052,12:45,765,0
0052,12:50,770,0
0052,12:55,775,0
0052,13:00,780,0
0052,13:05,785,-178
0052,13:10,790,-178
0052,13:15,795,-178
0052,13:20,800,-178
0052,13:25,805,-356
0052,13:30,810,-356
0052,13:35,815,-356
0052,13:40,820,-356
0052,13:45,825,-356
0052,13:50,830,-1422
0052,13:55,835,-1422
0052,14:00,840,-1422
0052,14:05,845,-1422
0052,14:10,850,690
0052,14:15,855,690
0052,14:20,860,690
0052,14:25,865,690
0052,14:30,870,1379
0052,14:35,875,1379
0052,14:40,880,1379
0052,14:45,885,172
0052,14:50,890,172
0052,14:55,895,172
0052,15:00,900,172
0052,15:05,905,172
0052,15:10,910,-889
0052,15:15,915,-889
0052,15:20,920,-889
0052,15:25,925,-889
0052,15:30,930,-2489
0052,15:35,935,-2489
0052,15:40,940,-2489
0052,15:45,945,1379
0052,15:50,950,1379
0052,15:55,955,1379
0052,16:00,960,1379
0052,16:05,965,1379
0052,16:10,970,3448
0052,16:15,975,3448
0052,16:20,980,3448
0052,16:25,985,3448
0052,16:30,990,10345
0052,16:35,995,10345
0052,16:40,1000,10345
0052,16:45,1005,10345
0052,16:50,1010,10000
0052,16:55,1015,10000
0052,17:00,1020,10000
0052,17:05,1025,8793
0052,17:10,1030,8793
0052,17:15,1035,8793
0052,17:20,1040,8793
0052,17:25,1045,8793
0052,17:30,1050,8276
0052,17:35,1055,8276
0052,17:40,1060,8276
0052,17:45,1065,8276
0052,17:50,1070,7241
0052,17:55,1075,7241
0052,18:00,1080,7241
0052,18:05,1085,7241
0052,18:10,1090,8103
0052,18:15,1095,8103
0052,18:20,1100,8103
0052,18:25,1105,6897
0052,18:30,1110,6897
0052,18:35,1115,6897
0052,18:40,1120,6897
0052,18:45,1125,6897
0052,18:50,1130,5690
0052,18:55,1135,5690
0052,19:00,1140,5690
0052,19:05,1145,5690
0052,19:10,1150,5517
0052,19:15,1155,5517
0052,19:20,1160,5517
0052,19:25,1165,4655
0052,19:30,1170,4655
0052,19:35,1175,4655
0052,19:40,1180,4655
0052,19:45,1185,6724
0052,19:50,1190,6724
0052,19:55,1195,6724
0052,20:00,1200,6724
0052,20:05,1205,6724
0052,20:10,1210,6552
0052,20:15,1215,6552
0052,20:20,1220,6552
0052,20:25,1225,6552
0052,20:30,1230,6207
0052,20:35,1235,6207
0052,20:40,1240,6207
0052,20:45,1245,5345
0052,20:50,1250,5345
0052,20:55,1255,5345
0052,21:00,1260,5345
0052,21:05,1265,5345
0052,21:10,1270,4655
0052,21:15,1275,4655
0052,21:20,1280,4655
0052,21:25,1285,4655
0052,21:30,1290,4655
0052,21:35,1295,4655
0052,21:40,1300,4655
0052,21:45,1305,4310
0052,21:50,1310,4310
0052,21:55,1315,4310
0052,22:00,1320,4310
0052,22:05,1325,4138
0052,22:10,1330,4138
0052,22:15,1335,4138
0052,22:20,1340,4138
0052,22:25,1345,4138
0052,22:30,1350,4138
0052,22:35,1355,4138
0052,22:40,1360,4138
0052,22:45,1365,4138
0052,22:50,1370,4138
0052,22:55,1375,4138
0052,23:00,1380,4138
0052,23:05,1385,4138
0052,23:10,1390,4138
0052,23:15,1395,4138
0052,23:16,1396,4138
0052,23:20,1400,4138
0053,09:00,540,0
0053,09:05,545,0
0053,09:10,550,0
0053,09:15,555,0
0053,09:20,560,0
0053,09:25,565,0
0053,09:30,570,0
0053,09:35,575,0
0053,09:40,580,0
0053,09:45,585,0
0053,09:50,590,0
0053,09:55,595,0
0053,10:00,600,0
0053,10:05,605,0
0053,10:10,610,0
0053,10:15,615,0
0053,10:20,620,0
0053,10:25,625,0
0053,10:30,630,0
0053,10:35,635,0
0053,10:40,640,-356
0053,10:45,645,-356
0053,10:50,650,-356
0053,10:55,655,-356
0053,11:00,660,-1600
0053,11:05,665,-1600
0053,11:10,670,-2133
0053,11:15,675,-2133
0053,11:20,680,-2133
0053,11:25,685,-2133
0053,11:30,690,-3911
0053,11:35,695,-3911
0053,11:40,700,-3911
0053,11:45,705,-1600
0053,11:50,710,-1600
0053,11:55,715,-1600
0053,12:00,720,-1600
0053,12:05,725,-889
0053,12:10,730,-889
0053,12:15,735,-889
0053,12:20,740,-889
0053,12:25,745,-889
0053,12:30,750,-2667
0053,12:35,755,-2667
0053,12:40,760,-2667
0053,12:45,765,-2667
0053,12:50,770,-4267
0053,12:55,775,-4267
0053,13:00,780,-4267
0053,13:05,785,-5689
0053,13:10,790,-5689
0053,13:15,795,-5689
0053,13:20,800,-5689
0053,13:25,805,-2311
0053,13:30,810,-2311
0053,13:35,815,-2311
0053,13:40,820,-2311
0053,13:45,825,-2311
0053,13:50,830,4655
0053,13:55,835,4655
0053,14:00,840,4655
0053,14:05,845,4655
0053,14:10,850,5862
0053,14:15,855,5862
0053,14:20,860,5862
0053,14:25,865,5862
0053,14:30,870,5862
0053,14:35,875,5862
0053,14:40,880,5862
0053,14:45,885,12586
0053,14:50,890,12586
0053,14:55,895,12586
0053,15:00,900,12586
0053,15:05,905,12586
0053,15:10,910,12586
0053,15:15,915,12586
0053,15:20,920,12586
0053,15:25,925,12586
0053,15:30,930,13966
0053,15:35,935,13966
0053,15:40,940,13966
0053,15:45,945,12759
0053,15:50,950,12759
0053,15:55,955,12759
0053,16:00,960,12759
0053,16:05,965,12759
0053,16:10,970,11379
0053,16:15,975,11379
0053,16:20,980,11379
0053,16:25,985,11379
0053,16:30,990,9655
0053,16:35,995,9655
0053,16:40,1000,9655
0053,16:45,1005,9655
0053,16:50,1010,7931
0053,16:55,1015,7931
0053,17:00,1020,7931
0053,17:05,1025,6724
0053,17:10,1030,6724
0053,17:15,1035,6724
0053,17:20,1040,6724
0053,17:25,1045,6724
0053,17:30,1050,4828
0053,17:35,1055,4828
0053,17:40,1060,4828
0053,17:45,1065,4828
0053,17:50,1070,3621
0053,17:55,1075,3621
0053,18:00,1080,3621
0053,18:05,1085,3621
0053,18:10,1090,3621
0053,18:15,1095,3621
0053,18:20,1100,3621
0053,18:25,1105,3621
0053,18:30,1110,3621
0053,18:35,1115,3621
0053,18:40,1120,3621
0053,18:45,1125,3621
0053,18:50,1130,2931
0053,18:55,1135,2931
0053,19:00,1140,2931
0053,19:05,1145,2931
0053,19:10,1150,2586
0053,19:15,1155,2586
0053,19:20,1160,2586
0053,19:25,1165,2069
0053,19:30,1170,2069
0053,19:35,1175,2069
0053,19:40,1180,2069
0053,19:45,1185,1897
0053,19:50,1190,1897
0053,19:55,1195,1897
0053,20:00,1200,1897
0053,20:05,1205,1897
0053,20:10,1210,862
0053,20:15,1215,862
0053,20:20,1220,862
0053,20:25,1225,862
0053,20:30,1230,172
0053,20:35,1235,172
0053,20:40,1240,172
0053,20:45,1245,-889
0053,20:50,1250,-889
0053,20:55,1255,-889
0053,21:00,1260,-889
0053,21:05,1265,-889
0053,21:10,1270,-1067
0053,21:15,1275,-1067
0053,21:20,1280,-1067
0053,21:25,1285,-1067
0053,21:30,1290,-1422
0053,21:35,1295,-1422
0053,21:40,1300,-1422
0053,21:45,1305,-1422
0053,21:50,1310,-1422
0053,21:55,1315,-1422
0053,22:00,1320,-1422
0053,22:05,1325,-1422
0053,22:10,1330,-1422
0053,22:15,1335,-1422
0053,22:20,1340,-1422
0053,22:25,1345,-1422
0053,22:30,1350,-1422
0053,22:35,1355,-1422
0053,22:40,1360,-1422
0053,22:45,1365,-1422
0053,22:50,1370,-1422
0053,22:55,1375,-1422
0053,23:00,1380,-1422
0053,23:05,1385,-1422
0053,23:10,1390,-1422
0053,23:15,1395,-1422
0053,23:16,1396,-1422
0053,23:20,1400,-1422
0054,09:00,540,0
0054,09:05,545,0
0054,09:10,550,0
0054,09:15,555,0
0054,09:20,560,0
0054,09:25,565,0
0054,09:30,570,0
0054,09:35,575,0
0054,09:40,580,0
0054,09:45,585,0
0054,09:50,590,0
0054,09:55,595,0
0054,10:00,600,0
0054,10:05,605,0
0054,10:10,610,0
0054,10:15,615,0
0054,10:20,620,0
0054,10:25,625,0
0054,10:30,630,0
0054,10:35,635,0
0054,10:40,640,0
0054,10:45,645,0
0054,10:50,650,0
0054,10:55,655,0
0054,11:00,660,0
0054,11:05,665,0
0054,11:10,670,0
0054,11:15,675,0
0054,11:20,680,0
0054,11:25,685,0
0054,11:30,690,5345
0054,11:35,695,5345
0054,11:40,700,5345
0054,11:45,705,11552
0054,11:50,710,11552
0054,11:55,715,11552
0054,12:00,720,11552
0054,12:05,725,10862
0054,12:10,730,10862
0054,12:15,735,10862
0054,12:20,740,10862
0054,12:25,745,10862
0054,12:30,750,10000
0054,12:35,755,10000
0054,12:40,760,10000
0054,12:45,765,10000
0054,12:50,770,9310
0054,12:55,775,9310
0054,13:00,780,9310
0054,13:05,785,9310
0054,13:10,790,9310
0054,13:15,795,9310
0054,13:20,800,9310
0054,13:25,805,9310
0054,13:30,810,9310
0054,13:35,815,9310
0054,13:40,820,9310
0054,13:45,825,9310
0054,13:50,830,8621
0054,13:55,835,8621
0054,14:00,840,8621
0054,14:05,845,8621
0054,14:10,850,8621
0054,14:15,855,8621
0054,14:20,860,8621
0054,14:25,865,8621
0054,14:30,870,8103
0054,14:35,875,8103
0054,14:40,880,8103
0054,14:45,885,8103
0054,14:50,890,8103
0054,14:55,895,8103
0054,15:00,900,8103
0054,15:05,905,8103
0054,15:10,910,7241
0054,15:15,915,7241
0054,15:20,920,7241
0054,15:25,925,7241
0054,15:30,930,6552
0054,15:35,935,6552
0054,15:40,940,6552
0054,15:45,945,5172
0054,15:50,950,5172
0054,15:55,955,5172
0054,16:00,960,5172
0054,16:05,965,5172
0054,16:10,970,5690
0054,16:15,975,5690
0054,16:20,980,5690
0054,16:25,985,5690
0054,16:30,990,7586
0054,16:35,995,7586
0054,16:40,1000,7586
0054,16:45,1005,7586
0054,16:50,1010,6207
0054,16:55,1015,6207
0054,17:00,1020,6207
0054,17:05,1025,4828
0054,17:10,1030,4828
0054,17:15,1035,4828
0054,17:20,1040,4828
0054,17:25,1045,4828
0054,17:30,1050,3276
0054,17:35,1055,3276
0054,17:40,1060,3276
0054,17:45,1065,3276
0054,17:50,1070,2414
0054,17:55,1075,2414
0054,18:00,1080,2414
0054,18:05,1085,2414
0054,18:10,1090,1724
0054,18:15,1095,1724
0054,18:20,1100,1724
0054,18:25,1105,172
0054,18:30,1110,172
0054,18:35,1115,172
0054,18:40,1120,172
0054,18:45,1125,172
0054,18:50,1130,-1067
0054,18:55,1135,-1067
0054,19:00,1140,-1067
0054,19:05,1145,-1067
0054,19:10,1150,-533
0054,19:15,1155,-533
0054,19:20,1160,-533
0054,19:25,1165,6379
0054,19:30,1170,6379
0054,19:35,1175,6379
0054,19:40,1180,6379
0054,19:45,1185,8276
0054,19:50,1190,8276
0054,19:55,1195,8276
0054,20:00,1200,8276
0054,20:05,1205,8276
0054,20:10,1210,9655
0054,20:15,1215,9655
0054,20:20,1220,9655
0054,20:25,1225,9655
0054,20:30,1230,8621
0054,20:35,1235,8621
0054,20:40,1240,8621
0054,20:45,1245,7759
0054,20:50,1250,7759
0054,20:55,1255,7759
0054,21:00,1260,7759
0054,21:05,1265,7759
0054,21:10,1270,7414
0054,21:15,1275,7414
0054,21:20,1280,7414
0054,21:25,1285,7414
0054,21:30,1290,7414
0054,21:35,1295,7414
0054,21:40,1300,7414
0054,21:45,1305,7414
0054,21:50,1310,7414
0054,21:55,1315,7414
0054,22:00,1320,7414
0054,22:05,1325,7414
0054,22:10,1330,7414
0054,22:15,1335,7414
0054,22:20,1340,7414
0054,22:25,1345,7414
0054,22:30,1350,7414
0054,22:35,1355,7414
0054,22:40,1360,7414
0054,22:45,1365,7414
0054,22:50,1370,7414
0054,22:55,1375,7414
0054,23:00,1380,7414
0054,23:05,1385,7414
0054,23:10,1390,7414
0054,23:15,1395,7414
0054,23:16,1396,7414
0054,23:20,1400,7414
0055,09:00,540,0
0055,09:05,545,0
0055,09:10,550,0
0055,09:15,555,0
0055,09:20,560,0
0055,09:25,565,0
0055,09:30,570,0
0055,09:35,575,0
0055,09:40,580,0
0055,09:45,585,0
0055,09:50,590,0
0055,09:55,595,0
0055,10:00,600,0
0055,10:05,605,0
0055,10:10,610,0
0055,10:15,615,0
0055,10:20,620,0
0055,10:25,625,0
0055,10:30,630,0
0055,10:35,635,0
0055,10:40,640,0
0055,10:45,645,0
0055,10:50,650,0
0055,10:55,655,0
0055,11:00,660,0
0055,11:05,665,0
0055,11:10,670,0
0055,11:15,675,0
0055,11:20,680,0
0055,11:25,685,0
0055,11:30,690,0
0055,11:35,695,0
0055,11:40,700,0
0055,11:45,705,0
0055,11:50,710,0
0055,11:55,715,0
0055,12:00,720,0
0055,12:05,725,0
0055,12:10,730,0
0055,12:15,735,0
0055,12:20,740,0
0055,12:25,745,0
0055,12:30,750,0
0055,12:35,755,0
0055,12:40,760,0
0055,12:45,765,0
0055,12:50,770,-260
0055,12:55,775,-260
0055,13:00,780,-260
0055,13:05,785,1795
0055,13:10,790,1795
0055,13:15,795,1795
0055,13:20,800,1795
0055,13:25,805,7436
0055,13:30,810,7436
0055,13:35,815,7436
0055,13:40,820,7436
0055,13:45,825,7436
0055,13:50,830,14103
0055,13:55,835,14103
0055,14:00,840,14103
0055,14:05,845,14103
0055,14:10,850,20000
0055,14:15,855,20000
0055,14:20,860,20000
0055,14:25,865,20000
0055,14:30,870,27692
0055,14:35,875,27692
0055,14:40,880,27692
0055,14:45,885,30256
0055,14:50,890,30256
0055,14:55,895,30256
0055,15:00,900,30256
0055,15:05,905,30256
0055,15:10,910,30256
0055,15:15,915,30256
0055,15:20,920,30256
0055,15:25,925,30256
0055,15:30,930,30256
0055,15:35,935,30256
0055,15:40,940,30256
0055,15:45,945,30256
0055,15:50,950,30256
0055,15:55,955,30256
0055,16:00,960,30256
0055,16:05,965,30256
0055,16:10,970,30256
0055,16:15,975,30256
0055,16:20,980,30256
0055,16:25,985,30256
0055,16:30,990,30256
0055,16:35,995,30256
0055,16:40,1000,30256
0055,16:45,1005,30256
0055,16:50,1010,30256
0055,16:55,1015,30256
0055,17:00,1020,30256
0055,17:05,1025,30256
0055,17:10,1030,30256
0055,17:15,1035,30256
0055,17:20,1040,30256
0055,17:25,1045,30256
0055,17:30,1050,30256
0055,17:35,1055,30256
0055,17:40,1060,30256
0055,17:45,1065,30256
0055,17:50,1070,30256
0055,17:55,1075,30256
0055,18:00,1080,30256
0055,18:05,1085,30256
0055,18:10,1090,30256
0055,18:15,1095,30256
0055,18:20,1100,30256
0055,18:25,1105,30256
0055,18:30,1110,30256
0055,18:35,1115,30256
0055,18:40,1120,30256
0055,18:45,1125,30256
0055,18:50,1130,29744
0055,18:55,1135,29744
0055,19:00,1140,29744
0055,19:05,1145,29744
0055,19:10,1150,29744
0055,19:15,1155,29744
0055,19:20,1160,29744
0055,19:25,1165,29487
0055,19:30,1170,29487
0055,19:35,1175,29487
0055,19:40,1180,29487
0055,19:45,1185,29231
0055,19:50,1190,29231
0055,19:55,1195,29231
0055,20:00,1200,29231
0055,20:05,1205,29231
0055,20:10,1210,29231
0055,20:15,1215,29231
0055,20:20,1220,29231
0055,20:25,1225,29231
0055,20:30,1230,29231
0055,20:35,1235,29231
0055,20:40,1240,29231
0055,20:45,1245,29231
0055,20:50,1250,29231
0055,20:55,1255,29231
0055,21:00,1260,29231
0055,21:05,1265,29231
0055,21:10,1270,29231
0055,21:15,1275,29231
0055,21:20,1280,29231
0055,21:25,1285,29231
0055,21:30,1290,29231
0055,21:35,1295,29231
0055,21:40,1300,29231
0055,21:45,1305,29231
0055,21:50,1310,29231
0055,21:55,1315,29231
0055,22:00,1320,29231
0055,22:05,1325,29231
0055,22:10,1330,29231
0055,22:15,1335,29231
0055,22:20,1340,29231
0055,22:25,1345,29231
0055,22:30,1350,29231
0055,22:35,1355,29231
0055,22:40,1360,29231
0055,22:45,1365,29231
0055,22:50,1370,29231
0055,22:55,1375,29231
0055,23:00,1380,29231
0055,23:05,1385,29231
0055,23:10,1390,29231
0055,23:15,1395,29231
0055,23:16,1396,29231
0055,23:20,1400,29231
0056,09:00,540,0
0056,09:05,545,0
0056,09:10,550,0
0056,09:15,555,0
0056,09:20,560,0
0056,09:25,565,0
0056,09:30,570,0
0056,09:35,575,0
0056,09:40,580,0
0056,09:45,585,0
0056,09:50,590,0
0056,09:55,595,0
0056,10:00,600,0
0056,10:05,605,0
0056,10:10,610,0
0056,10:15,615,0
0056,10:20,620,0
0056,10:25,625,-711
0056,10:30,630,-711
0056,10:35,635,-711
0056,10:40,640,-889
0056,10:45,645,-889
0056,10:50,650,-889
0056,10:55,655,-889
0056,11:00,660,-889
0056,11:05,665,-889
0056,11:10,670,-889
0056,11:15,675,-889
0056,11:20,680,-889
0056,11:25,685,-889
0056,11:30,690,-1422
0056,11:35,695,-1422
0056,11:40,700,-1422
0056,11:45,705,-1422
0056,11:50,710,-1422
0056,11:55,715,-1422
0056,12:00,720,-1422
0056,12:05,725,-1422
0056,12:10,730,-1422
0056,12:15,735,-1422
0056,12:20,740,-1422
0056,12:25,745,-1422
0056,12:30,750,862
0056,12:35,755,862
0056,12:40,760,862
0056,12:45,765,862
0056,12:50,770,-178
0056,12:55,775,-178
0056,13:00,780,-178
0056,13:05,785,-1244
0056,13:10,790,-1244
0056,13:15,795,-1244
0056,13:20,800,-1244
0056,13:25,805,-2311
0056,13:30,810,-2311
0056,13:35,815,-2311
0056,13:40,820,-2311
0056,13:45,825,-2311
0056,13:50,830,-2311
0056,13:55,835,-2311
0056,14:00,840,-2311
0056,14:05,845,-2311
0056,14:10,850,-2311
0056,14:15,855,-2311
0056,14:20,860,-2311
0056,14:25,865,-2311
0056,14:30,870,-2311
0056,14:35,875,-2311
0056,14:40,880,-2311
0056,14:45,885,1379
0056,14:50,890,1379
0056,14:55,895,1379
0056,15:00,900,1379
0056,15:05,905,1379
0056,15:10,910,6897
0056,15:15,915,6897
0056,15:20,920,6897
0056,15:25,925,6897
0056,15:30,930,7241
0056,15:35,935,7241
0056,15:40,940,7241
0056,15:45,945,6207
0056,15:50,950,6207
0056,15:55,955,6207
0056,16:00,960,6207
0056,16:05,965,6207
0056,16:10,970,5172
0056,16:15,975,5172
0056,16:20,980,5172
0056,16:25,985,5172
0056,16:30,990,3448
0056,16:35,995,3448
0056,16:40,1000,3448
0056,16:45,1005,3448
0056,16:50,1010,2586
0056,16:55,1015,2586
0056,17:00,1020,2586
0056,17:05,1025,1379
0056,17:10,1030,1379
0056,17:15,1035,1379
0056,17:20,1040,1379
0056,17:25,1045,1379
0056,17:30,1050,6207
0056,17:35,1055,6207
0056,17:40,1060,6207
0056,17:45,1065,6207
0056,17:50,1070,8793
0056,17:55,1075,8793
0056,18:00,1080,8793
0056,18:05,1085,8793
0056,18:10,1090,12759
0056,18:15,1095,12759
0056,18:20,1100,12759
0056,18:25,1105,13966
0056,18:30,1110,13966
0056,18:35,1115,13966
0056,18:40,1120,13966
0056,18:45,1125,13966
0056,18:50,1130,13621
0056,18:55,1135,13621
0056,19:00,1140,13621
0056,19:05,1145,13621
0056,19:10,1150,12759
0056,19:15,1155,12759
0056,19:20,1160,12759
0056,19:25,1165,12241
0056,19:30,1170,12241
0056,19:35,1175,12241
0056,19:40,1180,12241
0056,19:45,1185,12241
0056,19:50,1190,12241
0056,19:55,1195,12241
0056,20:00,1200,12241
0056,20:05,1205,12241
0056,20:10,1210,11379
0056,20:15,1215,11379
0056,20:20,1220,11379
0056,20:25,1225,11379
0056,20:30,1230,10862
0056,20:35,1235,10862
0056,20:40,1240,10862
0056,20:45,1245,10862
0056,20:50,1250,10862
0056,20:55,1255,10862
0056,21:00,1260,10862
0056,21:05,1265,10862
0056,21:10,1270,10862
0056,21:15,1275,10862
0056,21:20,1280,10862
0056,21:25,1285,10862
0056,21:30,1290,9655
0056,21:35,1295,9655
0056,21:40,1300,9655
0056,21:45,1305,9138
0056,21:50,1310,9138
0056,21:55,1315,9138
0056,22:00,1320,9138
0056,22:05,1325,9138
0056,22:10,1330,9138
0056,22:15,1335,9138
0056,22:20,1340,9138
0056,22:25,1345,9138
0056,22:30,1350,9138
0056,22:35,1355,9138
0056,22:40,1360,9138
0056,22:45,1365,9138
0056,22:50,1370,9138
0056,22:55,1375,9138
0056,23:00,1380,9138
0056,23:05,1385,9138
0056,23:10,1390,9138
0056,23:15,1395,9138
0056,23:16,1396,9138
0056,23:20,1400,9138
0057,09:00,540,0
0057,09:05,545,0
0057,09:10,550,0
0057,09:15,555,0
0057,09:20,560,0
0057,09:25,565,0
0057,09:30,570,0
0057,09:35,575,0
0057,09:40,580,0
0057,09:45,585,0
0057,09:50,590,0
0057,09:55,595,0
0057,10:00,600,0
0057,10:05,605,0
0057,10:10,610,0
0057,10:15,615,0
0057,10:20,620,0
0057,10:25,625,-89
0057,10:30,630,-89
0057,10:35,635,-89
0057,10:40,640,-89
0057,10:45,645,-89
0057,10:50,650,-89
0057,10:55,655,-89
0057,11:00,660,-89
0057,11:05,665,-89
0057,11:10,670,-89
0057,11:15,675,-89
0057,11:20,680,-89
0057,11:25,685,-89
0057,11:30,690,-89
0057,11:35,695,-89
0057,11:40,700,-89
0057,11:45,705,-1333
0057,11:50,710,-1333
0057,11:55,715,-1333
0057,12:00,720,-1333
0057,12:05,725,-1333
0057,12:10,730,-1333
0057,12:15,735,-1333
0057,12:20,740,-1333
0057,12:25,745,-1333
0057,12:30,750,-1689
0057,12:35,755,-1689
0057,12:40,760,-1689
0057,12:45,765,-1689
0057,12:50,770,-1867
0057,12:55,775,-1867
0057,13:00,780,-1867
0057,13:05,785,-2044
0057,13:10,790,-2044
0057,13:15,795,-2044
0057,13:20,800,-2044
0057,13:25,805,1638
0057,13:30,810,1638
0057,13:35,815,1638
0057,13:40,820,1638
0057,13:45,825,1638
0057,13:50,830,7155
0057,13:55,835,7155
0057,14:00,840,7155
0057,14:05,845,7155
0057,14:10,850,6121
0057,14:15,855,6121
0057,14:20,860,6121
0057,14:25,865,6121
0057,14:30,870,5517
0057,14:35,875,5517
0057,14:40,880,5517
0057,14:45,885,4138
0057,14:50,890,4138
0057,14:55,895,4138
0057,15:00,900,4138
0057,15:05,905,4138
0057,15:10,910,2931
0057,15:15,915,2931
0057,15:20,920,2931
0057,15:25,925,2931
0057,15:30,930,1810
0057,15:35,935,1810
0057,15:40,940,1810
0057,15:45,945,517
0057,15:50,950,517
0057,15:55,955,517
0057,16:00,960,517
0057,16:05,965,517
0057,16:10,970,3966
0057,16:15,975,3966
0057,16:20,980,3966
0057,16:25,985,3966
0057,16:30,990,6724
0057,16:35,995,6724
0057,16:40,1000,6724
0057,16:45,1005,6724
0057,16:50,1010,5690
0057,16:55,1015,5690
0057,17:00,1020,5690
0057,17:05,1025,6121
0057,17:10,1030,6121
0057,17:15,1035,6121
0057,17:20,1040,6121
0057,17:25,1045,6121
0057,17:30,1050,7414
0057,17:35,1055,7414
0057,17:40,1060,7414
0057,17:45,1065,7414
0057,17:50,1070,6293
0057,17:55,1075,6293
0057,18:00,1080,6293
0057,18:05,1085,6293
0057,18:10,1090,4914
0057,18:15,1095,4914
0057,18:20,1100,4914
0057,18:25,1105,3793
0057,18:30,1110,3793
0057,18:35,1115,3793
0057,18:40,1120,3793
0057,18:45,1125,3793
0057,18:50,1130,2586
0057,18:55,1135,2586
0057,19:00,1140,2586
0057,19:05,1145,2586
0057,19:10,1150,2328
0057,19:15,1155,2328
0057,19:20,1160,2328
0057,19:25,1165,2069
0057,19:30,1170,2069
0057,19:35,1175,2069
0057,19:40,1180,2069
0057,19:45,1185,2069
0057,19:50,1190,2069
0057,19:55,1195,2069
0057,20:00,1200,2069
0057,20:05,1205,2069
0057,20:10,1210,2069
0057,20:15,1215,2069
0057,20:20,1220,2069
0057,20:25,1225,2069
0057,20:30,1230,1724
0057,20:35,1235,1724
0057,20:40,1240,1724
0057,20:45,1245,1724
0057,20:50,1250,1724
0057,20:55,1255,1724
0057,21:00,1260,1724
0057,21:05,1265,1724
0057,21:10,1270,1207
0057,21:15,1275,1207
0057,21:20,1280,1207
0057,21:25,1285,1207
0057,21:30,1290,603
0057,21:35,1295,603
0057,21:40,1300,603
0057,21:45,1305,603
0057,21:50,1310,603
0057,21:55,1315,603
0057,22:00,1320,603
0057,22:05,1325,603
0057,22:10,1330,603
0057,22:15,1335,603
0057,22:20,1340,603
0057,22:25,1345,603
0057,22:30,1350,603
0057,22:35,1355,603
0057,22:40,1360,603
0057,22:45,1365,603
0057,22:50,1370,603
0057,22:55,1375,603
0057,23:00,1380,603
0057,23:05,1385,603
0057,23:10,1390,603
0057,23:15,1395,603
0057,23:16,1396,603
0057,23:20,1400,603
0058,09:00,540,0
0058,09:05,545,0
0058,09:10,550,0
0058,09:15,555,0
0058,09:20,560,0
0058,09:25,565,0
0058,09:30,570,0
0058,09:35,575,0
0058,09:40,580,0
0058,09:45,585,0
0058,09:50,590,0
0058,09:55,595,0
0058,10:00,600,0
0058,10:05,605,0
0058,10:10,610,0
0058,10:15,615,0
0058,10:20,620,0
0058,10:25,625,0
0058,10:30,630,0
0058,10:35,635,0
0058,10:40,640,0
0058,10:45,645,0
0058,10:50,650,0
0058,10:55,655,0
0058,11:00,660,-533
0058,11:05,665,-533
0058,11:10,670,-711
0058,11:15,675,-711
0058,11:20,680,-711
0058,11:25,685,-711
0058,11:30,690,-711
0058,11:35,695,-711
0058,11:40,700,-711
0058,11:45,705,-711
0058,11:50,710,-711
0058,11:55,715,-711
0058,12:00,720,-711
0058,12:05,725,-711
0058,12:10,730,-711
0058,12:15,735,-711
0058,12:20,740,-711
0058,12:25,745,-711
0058,12:30,750,-711
0058,12:35,755,-711
0058,12:40,760,-711
0058,12:45,765,-711
0058,12:50,770,4483
0058,12:55,775,4483
0058,13:00,780,4483
0058,13:05,785,6724
0058,13:10,790,6724
0058,13:15,795,6724
0058,13:20,800,6724
0058,13:25,805,5690
0058,13:30,810,5690
0058,13:35,815,5690
0058,13:40,820,5690
0058,13:45,825,5690
0058,13:50,830,4483
0058,13:55,835,4483
0058,14:00,840,4483
0058,14:05,845,4483
0058,14:10,850,3966
0058,14:15,855,3966
0058,14:20,860,3966
0058,14:25,865,3966
0058,14:30,870,3621
0058,14:35,875,3621
0058,14:40,880,3621
0058,14:45,885,2586
0058,14:50,890,2586
0058,14:55,895,2586
0058,15:00,900,2586
0058,15:05,905,2586
0058,15:10,910,1724
0058,15:15,915,1724
0058,15:20,920,1724
0058,15:25,925,1724
0058,15:30,930,517
0058,15:35,935,517
0058,15:40,940,517
0058,15:45,945,-356
0058,15:50,950,-356
0058,15:55,955,-356
0058,16:00,960,-356
0058,16:05,965,-356
0058,16:10,970,-889
0058,16:15,975,-889
0058,16:20,980,-889
0058,16:25,985,-889
0058,16:30,990,-1067
0058,16:35,995,-1067
0058,16:40,1000,-1067
0058,16:45,1005,-1067
0058,16:50,1010,-2489
0058,16:55,1015,-2489
0058,17:00,1020,-2489
0058,17:05,1025,-3911
0058,17:10,1030,-3911
0058,17:15,1035,-3911
0058,17:20,1040,-3911
0058,17:25,1045,-3911
0058,17:30,1050,-4267
0058,17:35,1055,-4267
0058,17:40,1060,-4267
0058,17:45,1065,-4267
0058,17:50,1070,-5511
0058,17:55,1075,-5511
0058,18:00,1080,-5511
0058,18:05,1085,-5511
0058,18:10,1090,-6578
0058,18:15,1095,-6578
0058,18:20,1100,-6578
0058,18:25,1105,-8356
0058,18:30,1110,-8356
0058,18:35,1115,-8356
0058,18:40,1120,-8356
0058,18:45,1125,-8356
0058,18:50,1130,-10133
0058,18:55,1135,-10133
0058,19:00,1140,-10133
0058,19:05,1145,-10133
0058,19:10,1150,-11378
0058,19:15,1155,-11378
0058,19:20,1160,-11378
0058,19:25,1165,-8889
0058,19:30,1170,-8889
0058,19:35,1175,-8889
0058,19:40,1180,-8889
0058,19:45,1185,-4267
0058,19:50,1190,-4267
0058,19:55,1195,-4267
0058,20:00,1200,-4267
0058,20:05,1205,-4267
0058,20:10,1210,-3556
0058,20:15,1215,-3556
0058,20:20,1220,-3556
0058,20:25,1225,-3556
0058,20:30,1230,-4089
0058,20:35,1235,-4089
0058,20:40,1240,-4089
0058,20:45,1245,-4089
0058,20:50,1250,-4089
0058,20:55,1255,-4089
0058,21:00,1260,-4089
0058,21:05,1265,-4089
0058,21:10,1270,-4089
0058,21:15,1275,-4089
0058,21:20,1280,-4089
0058,21:25,1285,-4089
0058,21:30,1290,-4089
0058,21:35,1295,-4089
0058,21:40,1300,-4089
0058,21:45,1305,-4089
0058,21:50,1310,-4089
0058,21:55,1315,-4089
0058,22:00,1320,-4089
0058,22:05,1325,-4089
0058,22:10,1330,-4089
0058,22:15,1335,-4089
0058,22:20,1340,-4089
0058,22:25,1345,-4089
0058,22:30,1350,-4089
0058,22:35,1355,-4089
0058,22:40,1360,-4089
0058,22:45,1365,-4089
0058,22:50,1370,-4089
0058,22:55,1375,-4089
0058,23:00,1380,-4089
0058,23:05,1385,-4089
0058,23:10,1390,-4089
0058,23:15,1395,-4089
0058,23:16,1396,-4089
0058,23:20,1400,-4089
0059,09:00,540,0
0059,09:05,545,0
0059,09:10,550,0
0059,09:15,555,0
0059,09:20,560,0
0059,09:25,565,0
0059,09:30,570,0
0059,09:35,575,0
0059,09:40,580,0
0059,09:45,585,0
0059,09:50,590,0
0059,09:55,595,0
0059,10:00,600,0
0059,10:05,605,0
0059,10:10,610,0
0059,10:15,615,0
0059,10:20,620,0
0059,10:25,625,-178
0059,10:30,630,-178
0059,10:35,635,-178
0059,10:40,640,-1244
0059,10:45,645,-1244
0059,10:50,650,-1244
0059,10:55,655,-1244
0059,11:00,660,-1422
0059,11:05,665,-1422
0059,11:10,670,-1422
0059,11:15,675,-1422
0059,11:20,680,-1422
0059,11:25,685,-1422
0059,11:30,690,-1956
0059,11:35,695,-1956
0059,11:40,700,-1956
0059,11:45,705,-1956
0059,11:50,710,-1956
0059,11:55,715,-1956
0059,12:00,720,-1956
0059,12:05,725,-2311
0059,12:10,730,-2311
0059,12:15,735,-2311
0059,12:20,740,-2311
0059,12:25,745,-2311
0059,12:30,750,-3733
0059,12:35,755,-3733
0059,12:40,760,-3733
0059,12:45,765,-3733
0059,12:50,770,-4978
0059,12:55,775,-4978
0059,13:00,780,-4978
0059,13:05,785,-6222
0059,13:10,790,-6222
0059,13:15,795,-6222
0059,13:20,800,-6222
0059,13:25,805,-7822
0059,13:30,810,-7822
0059,13:35,815,-7822
0059,13:40,820,-7822
0059,13:45,825,-7822
0059,13:50,830,-9244
0059,13:55,835,-9244
0059,14:00,840,-9244
0059,14:05,845,-9244
0059,14:10,850,-10311
0059,14:15,855,-10311
0059,14:20,860,-10311
0059,14:25,865,-10311
0059,14:30,870,-11733
0059,14:35,875,-11733
0059,14:40,880,-11733
0059,14:45,885,-13156
0059,14:50,890,-13156
0059,14:55,895,-13156
0059,15:00,900,-13156
0059,15:05,905,-13156
0059,15:10,910,-14400
0059,15:15,915,-14400
0059,15:20,920,-14400
0059,15:25,925,-14400
0059,15:30,930,-16000
0059,15:35,935,-16000
0059,15:40,940,-16000
0059,15:45,945,-15822
0059,15:50,950,-15822
0059,15:55,955,-15822
0059,16:00,960,-15822
0059,16:05,965,-15822
0059,16:10,970,-10133
0059,16:15,975,-10133
0059,16:20,980,-10133
0059,16:25,985,-10133
0059,16:30,990,-6400
0059,16:35,995,-6400
0059,16:40,1000,-6400
0059,16:45,1005,-6400
0059,16:50,1010,-7644
0059,16:55,1015,-7644
0059,17:00,1020,-7644
0059,17:05,1025,-8711
0059,17:10,1030,-8711
0059,17:15,1035,-8711
0059,17:20,1040,-8711
0059,17:25,1045,-8711
0059,17:30,1050,-10311
0059,17:35,1055,-10311
0059,17:40,1060,-10311
0059,17:45,1065,-10311
0059,17:50,1070,-11911
0059,17:55,1075,-11911
0059,18:00,1080,-11911
0059,18:05,1085,-11911
0059,18:10,1090,-13156
0059,18:15,1095,-13156
0059,18:20,1100,-13156
0059,18:25,1105,-12800
0059,18:30,1110,-12800
0059,18:35,1115,-12800
0059,18:40,1120,-12800
0059,18:45,1125,-12800
0059,18:50,1130,-9244
0059,18:55,1135,-9244
0059,19:00,1140,-9244
0059,19:05,1145,-9244
0059,19:10,1150,-10133
0059,19:15,1155,-10133
0059,19:20,1160,-10133
0059,19:25,1165,-11733
0059,19:30,1170,-11733
0059,19:35,1175,-11733
0059,19:40,1180,-11733
0059,19:45,1185,-13156
0059,19:50,1190,-13156
0059,19:55,1195,-13156
0059,20:00,1200,-13156
0059,20:05,1205,-13156
0059,20:10,1210,-13689
0059,20:15,1215,-13689
0059,20:20,1220,-13689
0059,20:25,1225,-13689
0059,20:30,1230,-14222
0059,20:35,1235,-14222
0059,20:40,1240,-14222
0059,20:45,1245,-14222
0059,20:50,1250,-14222
0059,20:55,1255,-14222
0059,21:00,1260,-14222
0059,21:05,1265,-14222
0059,21:10,1270,-14222
0059,21:15,1275,-14222
0059,21:20,1280,-14222
0059,21:25,1285,-14222
0059,21:30,1290,-15111
0059,21:35,1295,-15111
0059,21:40,1300,-15111
0059,21:45,1305,-15822
0059,21:50,1310,-15822
0059,21:55,1315,-15822
0059,22:00,1320,-15822
0059,22:05,1325,-15822
0059,22:10,1330,-15822
0059,22:15,1335,-15822
0059,22:20,1340,-15822
0059,22:25,1345,-15822
0059,22:30,1350,-16178
0059,22:35,1355,-16178
0059,22:40,1360,-16178
0059,22:45,1365,-16178
0059,22:50,1370,-16178
0059,22:55,1375,-16178
0059,23:00,1380,-16178
0059,23:05,1385,-16178
0059,23:10,1390,-16178
0059,23:15,1395,-16178
0059,23:16,1396,-16178
0059,23:20,1400,-16178
0060,09:00,540,0
0060,09:05,545,0
0060,09:10,550,0
0060,09:15,555,0
0060,09:20,560,0
0060,09:25,565,0
0060,09:30,570,0
0060,09:35,575,0
0060,09:40,580,0
0060,09:45,585,0
0060,09:50,590,0
0060,09:55,595,0
0060,10:00,600,0
0060,10:05,605,0
0060,10:10,610,0
0060,10:15,615,0
0060,10:20,620,0
0060,10:25,625,0
0060,10:30,630,0
0060,10:35,635,0
0060,10:40,640,0
0060,10:45,645,0
0060,10:50,650,0
0060,10:55,655,0
0060,11:00,660,0
0060,11:05,665,0
0060,11:10,670,0
0060,11:15,675,0
0060,11:20,680,0
0060,11:25,685,0
0060,11:30,690,0
0060,11:35,695,0
0060,11:40,700,0
0060,11:45,705,0
0060,11:50,710,0
0060,11:55,715,0
0060,12:00,720,0
0060,12:05,725,0
0060,12:10,730,0
0060,12:15,735,0
0060,12:20,740,0
0060,12:25,745,0
0060,12:30,750,0
0060,12:35,755,0
0060,12:40,760,0
0060,12:45,765,0
0060,12:50,770,-1511
0060,12:55,775,-1511
0060,13:00,780,-1511
0060,13:05,785,-2667
0060,13:10,790,-2667
0060,13:15,795,-2667
0060,13:20,800,-2667
0060,13:25,805,-2400
0060,13:30,810,-2400
0060,13:35,815,-2400
0060,13:40,820,-2400
0060,13:45,825,-2400
0060,13:50,830,-3822
0060,13:55,835,-3822
0060,14:00,840,-3822
0060,14:05,845,-3822
0060,14:10,850,-4444
0060,14:15,855,-4444
0060,14:20,860,-4444
0060,14:25,865,-4444
0060,14:30,870,-4444
0060,14:35,875,-4444
0060,14:40,880,-4444
0060,14:45,885,-1689
0060,14:50,890,-1689
0060,14:55,895,-1689
0060,15:00,900,-1689
0060,15:05,905,-1689
0060,15:10,910,-444
0060,15:15,915,-444
0060,15:20,920,-444
0060,15:25,925,-444
0060,15:30,930,-1333
0060,15:35,935,-1333
0060,15:40,940,-1333
0060,15:45,945,-1333
0060,15:50,950,-1333
0060,15:55,955,-1333
0060,16:00,960,-1333
0060,16:05,965,-1333
0060,16:10,970,-1778
0060,16:15,975,-1778
0060,16:20,980,-1778
0060,16:25,985,-1778
0060,16:30,990,-3111
0060,16:35,995,-3111
0060,16:40,1000,-3111
0060,16:45,1005,-3111
0060,16:50,1010,-4178
0060,16:55,1015,-4178
0060,17:00,1020,-4178
0060,17:05,1025,-4978
0060,17:10,1030,-4978
0060,17:15,1035,-4978
0060,17:20,1040,-4978
0060,17:25,1045,-4978
0060,17:30,1050,-4978
0060,17:35,1055,-4978
0060,17:40,1060,-4978
0060,17:45,1065,-4978
0060,17:50,1070,-5067
0060,17:55,1075,-5067
0060,18:00,1080,-5067
0060,18:05,1085,-5067
0060,18:10,1090,-5156
0060,18:15,1095,-5156
0060,18:20,1100,-5156
0060,18:25,1105,-5156
0060,18:30,1110,-5156
0060,18:35,1115,-5156
0060,18:40,1120,-5156
0060,18:45,1125,-5156
0060,18:50,1130,-5156
0060,18:55,1135,-5156
0060,19:00,1140,-5156
0060,19:05,1145,-5156
0060,19:10,1150,-4000
0060,19:15,1155,-4000
0060,19:20,1160,-4000
0060,19:25,1165,-4178
0060,19:30,1170,-4178
0060,19:35,1175,-4178
0060,19:40,1180,-4178
0060,19:45,1185,-4178
0060,19:50,1190,-4178
0060,19:55,1195,-4178
0060,20:00,1200,-4178
0060,20:05,1205,-4178
0060,20:10,1210,-4178
0060,20:15,1215,-4178
0060,20:20,1220,-4178
0060,20:25,1225,-4178
0060,20:30,1230,-4444
0060,20:35,1235,-4444
0060,20:40,1240,-4444
0060,20:45,1245,-4444
0060,20:50,1250,-4444
0060,20:55,1255,-4444
0060,21:00,1260,-4444
0060,21:05,1265,-4444
0060,21:10,1270,-4800
0060,21:15,1275,-4800
0060,21:20,1280,-4800
0060,21:25,1285,-4800
0060,21:30,1290,-4889
0060,21:35,1295,-4889
0060,21:40,1300,-4889
0060,21:45,1305,-4889
0060,21:50,1310,-4889
0060,21:55,1315,-4889
0060,22:00,1320,-4889
0060,22:05,1325,-4889
0060,22:10,1330,-4889
0060,22:15,1335,-4889
0060,22:20,1340,-4889
0060,22:25,1345,-4889
0060,22:30,1350,-4889
0060,22:35,1355,-4889
0060,22:40,1360,-4889
0060,22:45,1365,-4889
0060,22:50,1370,-4889
0060,22:55,1375,-4889
0060,23:00,1380,-4889
0060,23:05,1385,-4889
0060,23:10,1390,-4889
0060,23:15,1395,-4889
0060,23:16,1396,-4889
0060,23:20,1400,-4889
0061,09:00,540,0
0061,09:05,545,0
0061,09:10,550,0
0061,09:15,555,0
0061,09:20,560,0
0061,09:25,565,0
0061,09:30,570,0
0061,09:35,575,0
0061,09:40,580,0
0061,09:45,585,0
0061,09:50,590,0
0061,09:55,595,0
0061,10:00,600,0
0061,10:05,605,0
0061,10:10,610,0
0061,10:15,615,0
0061,10:20,620,0
0061,10:25,625,0
0061,10:30,630,0
0061,10:35,635,0
0061,10:40,640,0
0061,10:45,645,0
0061,10:50,650,0
0061,10:55,655,0
0061,11:00,660,0
0061,11:05,665,0
0061,11:10,670,0
0061,11:15,675,0
0061,11:20,680,0
0061,11:25,685,0
0061,11:30,690,0
0061,11:35,695,0
0061,11:40,700,0
0061,11:45,705,0
0061,11:50,710,0
0061,11:55,715,0
0061,12:00,720,0
0061,12:05,725,0
0061,12:10,730,0
0061,12:15,735,0
0061,12:20,740,0
0061,12:25,745,0
0061,12:30,750,-711
0061,12:35,755,-711
0061,12:40,760,-711
0061,12:45,765,-711
0061,12:50,770,-267
0061,12:55,775,-267
0061,13:00,780,-267
0061,13:05,785,-1511
0061,13:10,790,-1511
0061,13:15,795,-1511
0061,13:20,800,-1511
0061,13:25,805,-3200
0061,13:30,810,-3200
0061,13:35,815,-3200
0061,13:40,820,-3200
0061,13:45,825,-3200
0061,13:50,830,-4356
0061,13:55,835,-4356
0061,14:00,840,-4356
0061,14:05,845,-4356
0061,14:10,850,-4356
0061,14:15,855,-4356
0061,14:20,860,-4356
0061,14:25,865,-4356
0061,14:30,870,-4356
0061,14:35,875,-4356
0061,14:40,880,-4356
0061,14:45,885,-4533
0061,14:50,890,-4533
0061,14:55,895,-4533
0061,15:00,900,-4533
0061,15:05,905,-4533
0061,15:10,910,-4889
0061,15:15,915,-4889
0061,15:20,920,-4889
0061,15:25,925,-4889
0061,15:30,930,-6756
0061,15:35,935,-6756
0061,15:40,940,-6756
0061,15:45,945,-2400
0061,15:50,950,-2400
0061,15:55,955,-2400
0061,16:00,960,-2400
0061,16:05,965,-2400
0061,16:10,970,3707
0061,16:15,975,3707
0061,16:20,980,3707
0061,16:25,985,3707
0061,16:30,990,2500
0061,16:35,995,2500
0061,16:40,1000,2500
0061,16:45,1005,2500
0061,16:50,1010,948
0061,16:55,1015,948
0061,17:00,1020,948
0061,17:05,1025,2759
0061,17:10,1030,2759
0061,17:15,1035,2759
0061,17:20,1040,2759
0061,17:25,1045,2759
0061,17:30,1050,5259
0061,17:35,1055,5259
0061,17:40,1060,5259
0061,17:45,1065,5259
0061,17:50,1070,3879
0061,17:55,1075,3879
0061,18:00,1080,3879
0061,18:05,1085,3879
0061,18:10,1090,3534
0061,18:15,1095,3534
0061,18:20,1100,3534
0061,18:25,1105,2414
0061,18:30,1110,2414
0061,18:35,1115,2414
0061,18:40,1120,2414
0061,18:45,1125,2414
0061,18:50,1130,2414
0061,18:55,1135,2414
0061,19:00,1140,2414
0061,19:05,1145,2414
0061,19:10,1150,1983
0061,19:15,1155,1983
0061,19:20,1160,1983
0061,19:25,1165,1983
0061,19:30,1170,1983
0061,19:35,1175,1983
0061,19:40,1180,1983
0061,19:45,1185,1983
0061,19:50,1190,1983
0061,19:55,1195,1983
0061,20:00,1200,1983
0061,20:05,1205,1983
0061,20:10,1210,1983
0061,20:15,1215,1983
0061,20:20,1220,1983
0061,20:25,1225,1983
0061,20:30,1230,1983
0061,20:35,1235,1983
0061,20:40,1240,1983
0061,20:45,1245,1983
0061,20:50,1250,1983
0061,20:55,1255,1983
0061,21:00,1260,1983
0061,21:05,1265,1983
0061,21:10,1270,1983
0061,21:15,1275,1983
0061,21:20,1280,1983
0061,21:25,1285,1983
0061,21:30,1290,1983
0061,21:35,1295,1983
0061,21:40,1300,1983
0061,21:45,1305,1983
0061,21:50,1310,1983
0061,21:55,1315,1983
0061,22:00,1320,1983
0061,22:05,1325,1983
0061,22:10,1330,1983
0061,22:15,1335,1983
0061,22:20,1340,1983
0061,22:25,1345,1983
0061,22:30,1350,1983
0061,22:35,1355,1983
0061,22:40,1360,1983
0061,22:45,1365,1983
0061,22:50,1370,1983
0061,22:55,1375,1983
0061,23:00,1380,1983
0061,23:05,1385,1983
0061,23:10,1390,1983
0061,23:15,1395,1983
0061,23:16,1396,1983
0061,23:20,1400,1983
0062,09:00,540,0
0062,09:05,545,0
0062,09:10,550,0
0062,09:15,555,0
0062,09:20,560,0
0062,09:25,565,0
0062,09:30,570,0
0062,09:35,575,0
0062,09:40,580,0
0062,09:45,585,0
0062,09:50,590,0
0062,09:55,595,0
0062,10:00,600,0
0062,10:05,605,0
0062,10:10,610,0
0062,10:15,615,0
0062,10:20,620,0
0062,10:25,625,0
0062,10:30,630,0
0062,10:35,635,0
0062,10:40,640,0
0062,10:45,645,0
0062,10:50,650,0
0062,10:55,655,0
0062,11:00,660,0
0062,11:05,665,0
0062,11:10,670,0
0062,11:15,675,0
0062,11:20,680,0
0062,11:25,685,0
0062,11:30,690,0
0062,11:35,695,0
0062,11:40,700,0
0062,11:45,705,0
0062,11:50,710,0
0062,11:55,715,0
0062,12:00,720,0
0062,12:05,725,0
0062,12:10,730,0
0062,12:15,735,0
0062,12:20,740,0
0062,12:25,745,0
0062,12:30,750,-444
0062,12:35,755,-444
0062,12:40,760,-444
0062,12:45,765,-444
0062,12:50,770,-622
0062,12:55,775,-622
0062,13:00,780,-622
0062,13:05,785,-800
0062,13:10,790,-800
0062,13:15,795,-800
0062,13:20,800,-800
0062,13:25,805,-2133
0062,13:30,810,-2133
0062,13:35,815,-2133
0062,13:40,820,-2133
0062,13:45,825,-2133
0062,13:50,830,-1156
0062,13:55,835,-1156
0062,14:00,840,-1156
0062,14:05,845,-1156
0062,14:10,850,1552
0062,14:15,855,1552
0062,14:20,860,1552
0062,14:25,865,1552
0062,14:30,870,0
0062,14:35,875,0
0062,14:40,880,0
0062,14:45,885,-978
0062,14:50,890,-978
0062,14:55,895,-978
0062,15:00,900,-978
0062,15:05,905,-978
0062,15:10,910,-2222
0062,15:15,915,-2222
0062,15:20,920,-2222
0062,15:25,925,-2222
0062,15:30,930,-3911
0062,15:35,935,-3911
0062,15:40,940,-3911
0062,15:45,945,-5600
0062,15:50,950,-5600
0062,15:55,955,-5600
0062,16:00,960,-5600
0062,16:05,965,-5600
0062,16:10,970,-6578
0062,16:15,975,-6578
0062,16:20,980,-6578
0062,16:25,985,-6578
0062,16:30,990,-8356
0062,16:35,995,-8356
0062,16:40,1000,-8356
0062,16:45,1005,-8356
0062,16:50,1010,-4800
0062,16:55,1015,-4800
0062,17:00,1020,-4800
0062,17:05,1025,-622
0062,17:10,1030,-622
0062,17:15,1035,-622
0062,17:20,1040,-622
0062,17:25,1045,-622
0062,17:30,1050,2931
0062,17:35,1055,2931
0062,17:40,1060,2931
0062,17:45,1065,2931
0062,17:50,1070,2241
0062,17:55,1075,2241
0062,18:00,1080,2241
0062,18:05,1085,2241
0062,18:10,1090,1724
0062,18:15,1095,1724
0062,18:20,1100,1724
0062,18:25,1105,1293
0062,18:30,1110,1293
0062,18:35,1115,1293
0062,18:40,1120,1293
0062,18:45,1125,1293
0062,18:50,1130,1121
0062,18:55,1135,1121
0062,19:00,1140,1121
0062,19:05,1145,1121
0062,19:10,1150,345
0062,19:15,1155,345
0062,19:20,1160,345
0062,19:25,1165,345
0062,19:30,1170,345
0062,19:35,1175,345
0062,19:40,1180,345
0062,19:45,1185,345
0062,19:50,1190,345
0062,19:55,1195,345
0062,20:00,1200,345
0062,20:05,1205,345
0062,20:10,1210,345
0062,20:15,1215,345
0062,20:20,1220,345
0062,20:25,1225,345
0062,20:30,1230,345
0062,20:35,1235,345
0062,20:40,1240,345
0062,20:45,1245,345
0062,20:50,1250,345
0062,20:55,1255,345
0062,21:00,1260,345
0062,21:05,1265,345
0062,21:10,1270,345
0062,21:15,1275,345
0062,21:20,1280,345
0062,21:25,1285,345
0062,21:30,1290,345
0062,21:35,1295,345
0062,21:40,1300,345
0062,21:45,1305,345
0062,21:50,1310,345
0062,21:55,1315,345
0062,22:00,1320,345
0062,22:05,1325,345
0062,22:10,1330,345
0062,22:15,1335,345
0062,22:20,1340,345
0062,22:25,1345,345
0062,22:30,1350,345
0062,22:35,1355,345
0062,22:40,1360,345
0062,22:45,1365,345
0062,22:50,1370,345
0062,22:55,1375,345
0062,23:00,1380,345
0062,23:05,1385,345
0062,23:10,1390,345
0062,23:15,1395,345
0062,23:16,1396,345
0062,23:20,1400,345
0063,09:00,540,0
0063,09:05,545,0
0063,09:10,550,0
0063,09:15,555,0
0063,09:20,560,0
0063,09:25,565,0
0063,09:30,570,0
0063,09:35,575,0
0063,09:40,580,0
0063,09:45,585,0
0063,09:50,590,0
0063,09:55,595,0
0063,10:00,600,0
0063,10:05,605,0
0063,10:10,610,0
0063,10:15,615,0
0063,10:20,620,0
0063,10:25,625,0
0063,10:30,630,0
0063,10:35,635,0
0063,10:40,640,862
0063,10:45,645,862
0063,10:50,650,862
0063,10:55,655,862
0063,11:00,660,3621
0063,11:05,665,3621
0063,11:10,670,3448
0063,11:15,675,3448
0063,11:20,680,3448
0063,11:25,685,3448
0063,11:30,690,2414
0063,11:35,695,2414
0063,11:40,700,2414
0063,11:45,705,1293
0063,11:50,710,1293
0063,11:55,715,1293
0063,12:00,720,1293
0063,12:05,725,431
0063,12:10,730,431
0063,12:15,735,431
0063,12:20,740,431
0063,12:25,745,431
0063,12:30,750,7241
0063,12:35,755,7241
0063,12:40,760,7241
0063,12:45,765,7241
0063,12:50,770,9741
0063,12:55,775,9741
0063,13:00,780,9741
0063,13:05,785,9138
0063,13:10,790,9138
0063,13:15,795,9138
0063,13:20,800,9138
0063,13:25,805,7759
0063,13:30,810,7759
0063,13:35,815,7759
0063,13:40,820,7759
0063,13:45,825,7759
0063,13:50,830,7069
0063,13:55,835,7069
0063,14:00,840,7069
0063,14:05,845,7069
0063,14:10,850,6638
0063,14:15,855,6638
0063,14:20,860,6638
0063,14:25,865,6638
0063,14:30,870,6207
0063,14:35,875,6207
0063,14:40,880,6207
0063,14:45,885,5431
0063,14:50,890,5431
0063,14:55,895,5431
0063,15:00,900,5431
0063,15:05,905,5431
0063,15:10,910,4741
0063,15:15,915,4741
0063,15:20,920,4741
0063,15:25,925,4741
0063,15:30,930,3448
0063,15:35,935,3448
0063,15:40,940,3448
0063,15:45,945,3017
0063,15:50,950,3017
0063,15:55,955,3017
0063,16:00,960,3017
0063,16:05,965,3017
0063,16:10,970,2414
0063,16:15,975,2414
0063,16:20,980,2414
0063,16:25,985,2414
0063,16:30,990,1379
0063,16:35,995,1379
0063,16:40,1000,1379
0063,16:45,1005,1379
0063,16:50,1010,862
0063,16:55,1015,862
0063,17:00,1020,862
0063,17:05,1025,-356
0063,17:10,1030,-356
0063,17:15,1035,-356
0063,17:20,1040,-356
0063,17:25,1045,-356
0063,17:30,1050,-533
0063,17:35,1055,-533
0063,17:40,1060,-533
0063,17:45,1065,-533
0063,17:50,1070,-1867
0063,17:55,1075,-1867
0063,18:00,1080,-1867
0063,18:05,1085,-1867
0063,18:10,1090,-889
0063,18:15,1095,-889
0063,18:20,1100,-889
0063,18:25,1105,-2222
0063,18:30,1110,-2222
0063,18:35,1115,-2222
0063,18:40,1120,-2222
0063,18:45,1125,-2222
0063,18:50,1130,-3200
0063,18:55,1135,-3200
0063,19:00,1140,-3200
0063,19:05,1145,-3200
0063,19:10,1150,-2222
0063,19:15,1155,-2222
0063,19:20,1160,-2222
0063,19:25,1165,-444
0063,19:30,1170,-444
0063,19:35,1175,-444
0063,19:40,1180,-444
0063,19:45,1185,2500
0063,19:50,1190,2500
0063,19:55,1195,2500
0063,20:00,1200,2500
0063,20:05,1205,2500
0063,20:10,1210,1379
0063,20:15,1215,1379
0063,20:20,1220,1379
0063,20:25,1225,1379
0063,20:30,1230,-178
0063,20:35,1235,-178
0063,20:40,1240,-178
0063,20:45,1245,-1600
0063,20:50,1250,-1600
0063,20:55,1255,-1600
0063,21:00,1260,-1600
0063,21:05,1265,-1600
0063,21:10,1270,-2667
0063,21:15,1275,-2667
0063,21:20,1280,-2667
0063,21:25,1285,-2667
0063,21:30,1290,-4267
0063,21:35,1295,-4267
0063,21:40,1300,-4267
0063,21:45,1305,-5333
0063,21:50,1310,-5333
0063,21:55,1315,-5333
0063,22:00,1320,-5333
0063,22:05,1325,-5333
0063,22:10,1330,-5333
0063,22:15,1335,-5333
0063,22:20,1340,-5333
0063,22:25,1345,-5333
0063,22:30,1350,-5600
0063,22:35,1355,-5600
0063,22:40,1360,-5600
0063,22:45,1365,-5600
0063,22:50,1370,-5600
0063,22:55,1375,-5600
0063,23:00,1380,-5600
0063,23:05,1385,-5600
0063,23:10,1390,-5600
0063,23:15,1395,-5600
0063,23:16,1396,-5600
0063,23:20,1400,-5600
0064,09:00,540,0
0064,09:05,545,0
0064,09:10,550,0
0064,09:15,555,0
0064,09:20,560,0
0064,09:25,565,0
0064,09:30,570,0
0064,09:35,575,0
0064,09:40,580,0
0064,09:45,585,0
0064,09:50,590,0
0064,09:55,595,0
0064,10:00,600,0
0064,10:05,605,0
0064,10:10,610,0
0064,10:15,615,0
0064,10:20,620,0
0064,10:25,625,0
0064,10:30,630,0
0064,10:35,635,0
0064,10:40,640,0
0064,10:45,645,0
0064,10:50,650,0
0064,10:55,655,0
0064,11:00,660,0
0064,11:05,665,0
0064,11:10,670,0
0064,11:15,675,0
0064,11:20,680,0
0064,11:25,685,0
0064,11:30,690,-178
0064,11:35,695,-178
0064,11:40,700,-178
0064,11:45,705,-1244
0064,11:50,710,-1244
0064,11:55,715,-1244
0064,12:00,720,-1244
0064,12:05,725,-2133
0064,12:10,730,-2133
0064,12:15,735,-2133
0064,12:20,740,-2133
0064,12:25,745,-2133
0064,12:30,750,-1067
0064,12:35,755,-1067
0064,12:40,760,-1067
0064,12:45,765,-1067
0064,12:50,770,-1067
0064,12:55,775,-1067
0064,13:00,780,-1067
0064,13:05,785,-1422
0064,13:10,790,-1422
0064,13:15,795,-1422
0064,13:20,800,-1422
0064,13:25,805,-2489
0064,13:30,810,-2489
0064,13:35,815,-2489
0064,13:40,820,-2489
0064,13:45,825,-2489
0064,13:50,830,-3556
0064,13:55,835,-3556
0064,14:00,840,-3556
0064,14:05,845,-3556
0064,14:10,850,-4800
0064,14:15,855,-4800
0064,14:20,860,-4800
0064,14:25,865,-4800
0064,14:30,870,-5511
0064,14:35,875,-5511
0064,14:40,880,-5511
0064,14:45,885,-6222
0064,14:50,890,-6222
0064,14:55,895,-6222
0064,15:00,900,-6222
0064,15:05,905,-6222
0064,15:10,910,-6222
0064,15:15,915,-6222
0064,15:20,920,-6222
0064,15:25,925,-6222
0064,15:30,930,-6578
0064,15:35,935,-6578
0064,15:40,940,-6578
0064,15:45,945,-8000
0064,15:50,950,-8000
0064,15:55,955,-8000
0064,16:00,960,-8000
0064,16:05,965,-8000
0064,16:10,970,-7467
0064,16:15,975,-7467
0064,16:20,980,-7467
0064,16:25,985,-7467
0064,16:30,990,-9244
0064,16:35,995,-9244
0064,16:40,1000,-9244
0064,16:45,1005,-9244
0064,16:50,1010,-10489
0064,16:55,1015,-10489
0064,17:00,1020,-10489
0064,17:05,1025,-11733
0064,17:10,1030,-11733
0064,17:15,1035,-11733
0064,17:20,1040,-11733
0064,17:25,1045,-11733
0064,17:30,1050,-12444
0064,17:35,1055,-12444
0064,17:40,1060,-12444
0064,17:45,1065,-12444
0064,17:50,1070,-12978
0064,17:55,1075,-12978
0064,18:00,1080,-12978
0064,18:05,1085,-12978
0064,18:10,1090,-12978
0064,18:15,1095,-12978
0064,18:20,1100,-12978
0064,18:25,1105,-13333
0064,18:30,1110,-13333
0064,18:35,1115,-13333
0064,18:40,1120,-13333
0064,18:45,1125,-13333
0064,18:50,1130,-13333
0064,18:55,1135,-13333
0064,19:00,1140,-13333
0064,19:05,1145,-13333
0064,19:10,1150,-13333
0064,19:15,1155,-13333
0064,19:20,1160,-13333
0064,19:25,1165,-13333
0064,19:30,1170,-13333
0064,19:35,1175,-13333
0064,19:40,1180,-13333
0064,19:45,1185,-13333
0064,19:50,1190,-13333
0064,19:55,1195,-13333
0064,20:00,1200,-13333
0064,20:05,1205,-13333
0064,20:10,1210,-13333
0064,20:15,1215,-13333
0064,20:20,1220,-13333
0064,20:25,1225,-13333
0064,20:30,1230,-13333
0064,20:35,1235,-13333
0064,20:40,1240,-13333
0064,20:45,1245,-13511
0064,20:50,1250,-13511
0064,20:55,1255,-13511
0064,21:00,1260,-13511
0064,21:05,1265,-13511
0064,21:10,1270,-13511
0064,21:15,1275,-13511
0064,21:20,1280,-13511
0064,21:25,1285,-13511
0064,21:30,1290,-13511
0064,21:35,1295,-13511
0064,21:40,1300,-13511
0064,21:45,1305,-13511
0064,21:50,1310,-13511
0064,21:55,1315,-13511
0064,22:00,1320,-13511
0064,22:05,1325,-13867
0064,22:10,1330,-13867
0064,22:15,1335,-13867
0064,22:20,1340,-13867
0064,22:25,1345,-13867
0064,22:30,1350,-14044
0064,22:35,1355,-14044
0064,22:40,1360,-14044
0064,22:45,1365,-14044
0064,22:50,1370,-14044
0064,22:55,1375,-14044
0064,23:00,1380,-14044
0064,23:05,1385,-14044
0064,23:10,1390,-14044
0064,23:15,1395,-14044
0064,23:16,1396,-14044
0064,23:20,1400,-14044
0065,09:00,540,0
0065,09:05,545,0
0065,09:10,550,0
0065,09:15,555,0
0065,09:20,560,0
0065,09:25,565,0
0065,09:30,570,0
0065,09:35,575,0
0065,09:40,580,0
0065,09:45,585,0
0065,09:50,590,0
0065,09:55,595,0
0065,10:00,600,0
0065,10:05,605,0
0065,10:10,610,0
0065,10:15,615,0
0065,10:20,620,0
0065,10:25,625,0
0065,10:30,630,0
0065,10:35,635,0
0065,10:40,640,-178
0065,10:45,645,-178
0065,10:50,650,-178
0065,10:55,655,-178
0065,11:00,660,-533
0065,11:05,665,-533
0065,11:10,670,-711
0065,11:15,675,-711
0065,11:20,680,-711
0065,11:25,685,-711
0065,11:30,690,-1600
0065,11:35,695,-1600
0065,11:40,700,-1600
0065,11:45,705,-1600
0065,11:50,710,-1600
0065,11:55,715,-1600
0065,12:00,720,-1600
0065,12:05,725,-2133
0065,12:10,730,-2133
0065,12:15,735,-2133
0065,12:20,740,-2133
0065,12:25,745,-2133
0065,12:30,750,1034
0065,12:35,755,1034
0065,12:40,760,1034
0065,12:45,765,1034
0065,12:50,770,1552
0065,12:55,775,1552
0065,13:00,780,1552
0065,13:05,785,345
0065,13:10,790,345
0065,13:15,795,345
0065,13:20,800,345
0065,13:25,805,-1244
0065,13:30,810,-1244
0065,13:35,815,-1244
0065,13:40,820,-1244
0065,13:45,825,-1244
0065,13:50,830,-2844
0065,13:55,835,-2844
0065,14:00,840,-2844
0065,14:05,845,-2844
0065,14:10,850,-3911
0065,14:15,855,-3911
0065,14:20,860,-3911
0065,14:25,865,-3911
0065,14:30,870,-5156
0065,14:35,875,-5156
0065,14:40,880,-5156
0065,14:45,885,-6400
0065,14:50,890,-6400
0065,14:55,895,-6400
0065,15:00,900,-6400
0065,15:05,905,-6400
0065,15:10,910,-1244
0065,15:15,915,-1244
0065,15:20,920,-1244
0065,15:25,925,-1244
0065,15:30,930,-2667
0065,15:35,935,-2667
0065,15:40,940,-2667
0065,15:45,945,-4267
0065,15:50,950,-4267
0065,15:55,955,-4267
0065,16:00,960,-4267
0065,16:05,965,-4267
0065,16:10,970,-5511
0065,16:15,975,-5511
0065,16:20,980,-5511
0065,16:25,985,-5511
0065,16:30,990,-6933
0065,16:35,995,-6933
0065,16:40,1000,-6933
0065,16:45,1005,-6933
0065,16:50,1010,-7822
0065,16:55,1015,-7822
0065,17:00,1020,-7822
0065,17:05,1025,-9244
0065,17:10,1030,-9244
0065,17:15,1035,-9244
0065,17:20,1040,-9244
0065,17:25,1045,-9244
0065,17:30,1050,-9067
0065,17:35,1055,-9067
0065,17:40,1060,-9067
0065,17:45,1065,-9067
0065,17:50,1070,-9600
0065,17:55,1075,-9600
0065,18:00,1080,-9600
0065,18:05,1085,-9600
0065,18:10,1090,-9600
0065,18:15,1095,-9600
0065,18:20,1100,-9600
0065,18:25,1105,-9600
0065,18:30,1110,-9600
0065,18:35,1115,-9600
0065,18:40,1120,-9600
0065,18:45,1125,-9600
0065,18:50,1130,-9600
0065,18:55,1135,-9600
0065,19:00,1140,-9600
0065,19:05,1145,-9600
0065,19:10,1150,-9600
0065,19:15,1155,-9600
0065,19:20,1160,-9600
0065,19:25,1165,-9600
0065,19:30,1170,-9600
0065,19:35,1175,-9600
0065,19:40,1180,-9600
0065,19:45,1185,-9600
0065,19:50,1190,-9600
0065,19:55,1195,-9600
0065,20:00,1200,-9600
0065,20:05,1205,-9600
0065,20:10,1210,-9956
0065,20:15,1215,-9956
0065,20:20,1220,-9956
0065,20:25,1225,-9956
0065,20:30,1230,-10489
0065,20:35,1235,-10489
0065,20:40,1240,-10489
0065,20:45,1245,-11200
0065,20:50,1250,-11200
0065,20:55,1255,-11200
0065,21:00,1260,-11200
0065,21:05,1265,-11200
0065,21:10,1270,-11911
0065,21:15,1275,-11911
0065,21:20,1280,-11911
0065,21:25,1285,-11911
0065,21:30,1290,-12622
0065,21:35,1295,-12622
0065,21:40,1300,-12622
0065,21:45,1305,-12622
0065,21:50,1310,-12622
0065,21:55,1315,-12622
0065,22:00,1320,-12622
0065,22:05,1325,-12622
0065,22:10,1330,-12622
0065,22:15,1335,-12622
0065,22:20,1340,-12622
0065,22:25,1345,-12622
0065,22:30,1350,-12622
0065,22:35,1355,-12622
0065,22:40,1360,-12622
0065,22:45,1365,-12622
0065,22:50,1370,-12622
0065,22:55,1375,-12622
0065,23:00,1380,-12622
0065,23:05,1385,-12622
0065,23:10,1390,-12622
0065,23:15,1395,-12622
0065,23:16,1396,-12622
0065,23:20,1400,-12622
0066,09:00,540,0
0066,09:05,545,0
0066,09:10,550,0
0066,09:15,555,0
0066,09:20,560,0
0066,09:25,565,0
0066,09:30,570,0
0066,09:35,575,0
0066,09:40,580,0
0066,09:45,585,0
0066,09:50,590,0
0066,09:55,595,0
0066,10:00,600,0
0066,10:05,605,0
0066,10:10,610,0
0066,10:15,615,0
0066,10:20,620,0
0066,10:25,625,0
0066,10:30,630,0
0066,10:35,635,0
0066,10:40,640,0
0066,10:45,645,0
0066,10:50,650,0
0066,10:55,655,0
0066,11:00,660,-779
0066,11:05,665,-779
0066,11:10,670,-1299
0066,11:15,675,-1299
0066,11:20,680,-1299
0066,11:25,685,-1299
0066,11:30,690,-2078
0066,11:35,695,-2078
0066,11:40,700,-2078
0066,11:45,705,-2078
0066,11:50,710,-2078
0066,11:55,715,-2078
0066,12:00,720,-2078
0066,12:05,725,-2597
0066,12:10,730,-2597
0066,12:15,735,-2597
0066,12:20,740,-2597
0066,12:25,745,-2597
0066,12:30,750,-3896
0066,12:35,755,-3896
0066,12:40,760,-3896
0066,12:45,765,-3896
0066,12:50,770,-5714
0066,12:55,775,-5714
0066,13:00,780,-5714
0066,13:05,785,-6494
0066,13:10,790,-6494
0066,13:15,795,-6494
0066,13:20,800,-6494
0066,13:25,805,-7532
0066,13:30,810,-7532
0066,13:35,815,-7532
0066,13:40,820,-7532
0066,13:45,825,-7532
0066,13:50,830,-8831
0066,13:55,835,-8831
0066,14:00,840,-8831
0066,14:05,845,-8831
0066,14:10,850,-7532
0066,14:15,855,-7532
0066,14:20,860,-7532
0066,14:25,865,-7532
0066,14:30,870,-2597
0066,14:35,875,-2597
0066,14:40,880,-2597
0066,14:45,885,3077
0066,14:50,890,3077
0066,14:55,895,3077
0066,15:00,900,3077
0066,15:05,905,3077
0066,15:10,910,2821
0066,15:15,915,2821
0066,15:20,920,2821
0066,15:25,925,2821
0066,15:30,930,2051
0066,15:35,935,2051
0066,15:40,940,2051
0066,15:45,945,1026
0066,15:50,950,1026
0066,15:55,955,1026
0066,16:00,960,1026
0066,16:05,965,1026
0066,16:10,970,-260
0066,16:15,975,-260
0066,16:20,980,-260
0066,16:25,985,-260
0066,16:30,990,-1299
0066,16:35,995,-1299
0066,16:40,1000,-1299
0066,16:45,1005,-1299
0066,16:50,1010,4615
0066,16:55,1015,4615
0066,17:00,1020,4615
0066,17:05,1025,5385
0066,17:10,1030,5385
0066,17:15,1035,5385
0066,17:20,1040,5385
0066,17:25,1045,5385
0066,17:30,1050,4872
0066,17:35,1055,4872
0066,17:40,1060,4872
0066,17:45,1065,4872
0066,17:50,1070,9744
0066,17:55,1075,9744
0066,18:00,1080,9744
0066,18:05,1085,9744
0066,18:10,1090,15385
0066,18:15,1095,15385
0066,18:20,1100,15385
0066,18:25,1105,23590
0066,18:30,1110,23590
0066,18:35,1115,23590
0066,18:40,1120,23590
0066,18:45,1125,23590
0066,18:50,1130,31795
0066,18:55,1135,31795
0066,19:00,1140,31795
0066,19:05,1145,31795
0066,19:10,1150,37179
0066,19:15,1155,37179
0066,19:20,1160,37179
0066,19:25,1165,36923
0066,19:30,1170,36923
0066,19:35,1175,36923
0066,19:40,1180,36923
0066,19:45,1185,36923
0066,19:50,1190,36923
0066,19:55,1195,36923
0066,20:00,1200,36923
0066,20:05,1205,36923
0066,20:10,1210,36923
0066,20:15,1215,36923
0066,20:20,1220,36923
0066,20:25,1225,36923
0066,20:30,1230,36667
0066,20:35,1235,36667
0066,20:40,1240,36667
0066,20:45,1245,36667
0066,20:50,1250,36667
0066,20:55,1255,36667
0066,21:00,1260,36667
0066,21:05,1265,36667
0066,21:10,1270,36667
0066,21:15,1275,36667
0066,21:20,1280,36667
0066,21:25,1285,36667
0066,21:30,1290,36667
0066,21:35,1295,36667
0066,21:40,1300,36667
0066,21:45,1305,36667
0066,21:50,1310,36667
0066,21:55,1315,36667
0066,22:00,1320,36667
0066,22:05,1325,36667
0066,22:10,1330,36667
0066,22:15,1335,36667
0066,22:20,1340,36667
0066,22:25,1345,36667
0066,22:30,1350,36667
0066,22:35,1355,36667
0066,22:40,1360,36667
0066,22:45,1365,36667
0066,22:50,1370,36667
0066,22:55,1375,36667
0066,23:00,1380,36667
0066,23:05,1385,36667
0066,23:10,1390,36667
0066,23:15,1395,36667
0066,23:16,1396,36667
0066,23:20,1400,36667
0067,09:00,540,0
0067,09:05,545,0
0067,09:10,550,0
0067,09:15,555,0
0067,09:20,560,0
0067,09:25,565,0
0067,09:30,570,0
0067,09:35,575,0
0067,09:40,580,0
0067,09:45,585,0
0067,09:50,590,0
0067,09:55,595,0
0067,10:00,600,0
0067,10:05,605,0
0067,10:10,610,0
0067,10:15,615,0
0067,10:20,620,0
0067,10:25,625,-178
0067,10:30,630,-178
0067,10:35,635,-178
0067,10:40,640,3966
0067,10:45,645,3966
0067,10:50,650,3966
0067,10:55,655,3966
0067,11:00,660,6034
0067,11:05,665,6034
0067,11:10,670,6552
0067,11:15,675,6552
0067,11:20,680,6552
0067,11:25,685,6552
0067,11:30,690,5172
0067,11:35,695,5172
0067,11:40,700,5172
0067,11:45,705,4138
0067,11:50,710,4138
0067,11:55,715,4138
0067,12:00,720,4138
0067,12:05,725,3793
0067,12:10,730,3793
0067,12:15,735,3793
0067,12:20,740,3793
0067,12:25,745,3793
0067,12:30,750,3621
0067,12:35,755,3621
0067,12:40,760,3621
0067,12:45,765,3621
0067,12:50,770,2759
0067,12:55,775,2759
0067,13:00,780,2759
0067,13:05,785,2069
0067,13:10,790,2069
0067,13:15,795,2069
0067,13:20,800,2069
0067,13:25,805,1207
0067,13:30,810,1207
0067,13:35,815,1207
0067,13:40,820,1207
0067,13:45,825,1207
0067,13:50,830,0
0067,13:55,835,0
0067,14:00,840,0
0067,14:05,845,0
0067,14:10,850,517
0067,14:15,855,517
0067,14:20,860,517
0067,14:25,865,517
0067,14:30,870,-711
0067,14:35,875,-711
0067,14:40,880,-711
0067,14:45,885,-2133
0067,14:50,890,-2133
0067,14:55,895,-2133
0067,15:00,900,-2133
0067,15:05,905,-2133
0067,15:10,910,1724
0067,15:15,915,1724
0067,15:20,920,1724
0067,15:25,925,1724
0067,15:30,930,7069
0067,15:35,935,7069
0067,15:40,940,7069
0067,15:45,945,5862
0067,15:50,950,5862
0067,15:55,955,5862
0067,16:00,960,5862
0067,16:05,965,5862
0067,16:10,970,4655
0067,16:15,975,4655
0067,16:20,980,4655
0067,16:25,985,4655
0067,16:30,990,5172
0067,16:35,995,5172
0067,16:40,1000,5172
0067,16:45,1005,5172
0067,16:50,1010,10517
0067,16:55,1015,10517
0067,17:00,1020,10517
0067,17:05,1025,14483
0067,17:10,1030,14483
0067,17:15,1035,14483
0067,17:20,1040,14483
0067,17:25,1045,14483
0067,17:30,1050,14483
0067,17:35,1055,14483
0067,17:40,1060,14483
0067,17:45,1065,14483
0067,17:50,1070,14483
0067,17:55,1075,14483
0067,18:00,1080,14483
0067,18:05,1085,14483
0067,18:10,1090,14483
0067,18:15,1095,14483
0067,18:20,1100,14483
0067,18:25,1105,13966
0067,18:30,1110,13966
0067,18:35,1115,13966
0067,18:40,1120,13966
0067,18:45,1125,13966
0067,18:50,1130,13966
0067,18:55,1135,13966
0067,19:00,1140,13966
0067,19:05,1145,13966
0067,19:10,1150,13966
0067,19:15,1155,13966
0067,19:20,1160,13966
0067,19:25,1165,13621
0067,19:30,1170,13621
0067,19:35,1175,13621
0067,19:40,1180,13621
0067,19:45,1185,16379
0067,19:50,1190,16379
0067,19:55,1195,16379
0067,20:00,1200,16379
0067,20:05,1205,16379
0067,20:10,1210,15862
0067,20:15,1215,15862
0067,20:20,1220,15862
0067,20:25,1225,15862
0067,20:30,1230,15000
0067,20:35,1235,15000
0067,20:40,1240,15000
0067,20:45,1245,13966
0067,20:50,1250,13966
0067,20:55,1255,13966
0067,21:00,1260,13966
0067,21:05,1265,13966
0067,21:10,1270,13448
0067,21:15,1275,13448
0067,21:20,1280,13448
0067,21:25,1285,13448
0067,21:30,1290,13448
0067,21:35,1295,13448
0067,21:40,1300,13448
0067,21:45,1305,13448
0067,21:50,1310,13448
0067,21:55,1315,13448
0067,22:00,1320,13448
0067,22:05,1325,13448
0067,22:10,1330,13448
0067,22:15,1335,13448
0067,22:20,1340,13448
0067,22:25,1345,13448
0067,22:30,1350,13448
0067,22:35,1355,13448
0067,22:40,1360,13448
0067,22:45,1365,13448
0067,22:50,1370,13448
0067,22:55,1375,13448
0067,23:00,1380,13448
0067,23:05,1385,13448
0067,23:10,1390,13448
0067,23:15,1395,13448
0067,23:16,1396,13448
0067,23:20,1400,13448
0068,09:00,540,0
0068,09:05,545,0
0068,09:10,550,0
0068,09:15,555,0
0068,09:20,560,0
0068,09:25,565,0
0068,09:30,570,0
0068,09:35,575,0
0068,09:40,580,0
0068,09:45,585,0
0068,09:50,590,0
0068,09:55,595,0
0068,10:00,600,0
0068,10:05,605,0
0068,10:10,610,0
0068,10:15,615,0
0068,10:20,620,0
0068,10:25,625,0
0068,10:30,630,0
0068,10:35,635,0
0068,10:40,640,862
0068,10:45,645,862
0068,10:50,650,862
0068,10:55,655,862
0068,11:00,660,3621
0068,11:05,665,3621
0068,11:10,670,5000
0068,11:15,675,5000
0068,11:20,680,5000
0068,11:25,685,5000
0068,11:30,690,4138
0068,11:35,695,4138
0068,11:40,700,4138
0068,11:45,705,6552
0068,11:50,710,6552
0068,11:55,715,6552
0068,12:00,720,6552
0068,12:05,725,5345
0068,12:10,730,5345
0068,12:15,735,5345
0068,12:20,740,5345
0068,12:25,745,5345
0068,12:30,750,4310
0068,12:35,755,4310
0068,12:40,760,4310
0068,12:45,765,4310
0068,12:50,770,3103
0068,12:55,775,3103
0068,13:00,780,3103
0068,13:05,785,1897
0068,13:10,790,1897
0068,13:15,795,1897
0068,13:20,800,1897
0068,13:25,805,3448
0068,13:30,810,3448
0068,13:35,815,3448
0068,13:40,820,3448
0068,13:45,825,3448
0068,13:50,830,10345
0068,13:55,835,10345
0068,14:00,840,10345
0068,14:05,845,10345
0068,14:10,850,12069
0068,14:15,855,12069
0068,14:20,860,12069
0068,14:25,865,12069
0068,14:30,870,17414
0068,14:35,875,17414
0068,14:40,880,17414
0068,14:45,885,16724
0068,14:50,890,16724
0068,14:55,895,16724
0068,15:00,900,16724
0068,15:05,905,16724
0068,15:10,910,16379
0068,15:15,915,16379
0068,15:20,920,16379
0068,15:25,925,16379
0068,15:30,930,17759
0068,15:35,935,17759
0068,15:40,940,17759
0068,15:45,945,16552
0068,15:50,950,16552
0068,15:55,955,16552
0068,16:00,960,16552
0068,16:05,965,16552
0068,16:10,970,15862
0068,16:15,975,15862
0068,16:20,980,15862
0068,16:25,985,15862
0068,16:30,990,15172
0068,16:35,995,15172
0068,16:40,1000,15172
0068,16:45,1005,15172
0068,16:50,1010,13966
0068,16:55,1015,13966
0068,17:00,1020,13966
0068,17:05,1025,12931
0068,17:10,1030,12931
0068,17:15,1035,12931
0068,17:20,1040,12931
0068,17:25,1045,12931
0068,17:30,1050,11379
0068,17:35,1055,11379
0068,17:40,1060,11379
0068,17:45,1065,11379
0068,17:50,1070,11379
0068,17:55,1075,11379
0068,18:00,1080,11379
0068,18:05,1085,11379
0068,18:10,1090,10690
0068,18:15,1095,10690
0068,18:20,1100,10690
0068,18:25,1105,10000
0068,18:30,1110,10000
0068,18:35,1115,10000
0068,18:40,1120,10000
0068,18:45,1125,10000
0068,18:50,1130,9828
0068,18:55,1135,9828
0068,19:00,1140,9828
0068,19:05,1145,9828
0068,19:10,1150,9138
0068,19:15,1155,9138
0068,19:20,1160,9138
0068,19:25,1165,8621
0068,19:30,1170,8621
0068,19:35,1175,8621
0068,19:40,1180,8621
0068,19:45,1185,7759
0068,19:50,1190,7759
0068,19:55,1195,7759
0068,20:00,1200,7759
0068,20:05,1205,7759
0068,20:10,1210,6897
0068,20:15,1215,6897
0068,20:20,1220,6897
0068,20:25,1225,6897
0068,20:30,1230,6207
0068,20:35,1235,6207
0068,20:40,1240,6207
0068,20:45,1245,8276
0068,20:50,1250,8276
0068,20:55,1255,8276
0068,21:00,1260,8276
0068,21:05,1265,8276
0068,21:10,1270,9138
0068,21:15,1275,9138
0068,21:20,1280,9138
0068,21:25,1285,9138
0068,21:30,1290,13103
0068,21:35,1295,13103
0068,21:40,1300,13103
0068,21:45,1305,12586
0068,21:50,1310,12586
0068,21:55,1315,12586
0068,22:00,1320,12586
0068,22:05,1325,12586
0068,22:10,1330,12586
0068,22:15,1335,12586
0068,22:20,1340,12586
0068,22:25,1345,12586
0068,22:30,1350,12414
0068,22:35,1355,12414
0068,22:40,1360,12414
0068,22:45,1365,12414
0068,22:50,1370,12414
0068,22:55,1375,12414
0068,23:00,1380,12414
0068,23:05,1385,12414
0068,23:10,1390,12414
0068,23:15,1395,12414
0068,23:16,1396,12414
0068,23:20,1400,12414
0069,09:00,540,0
0069,09:05,545,0
0069,09:10,550,0
0069,09:15,555,0
0069,09:20,560,0
0069,09:25,565,0
0069,09:30,570,0
0069,09:35,575,0
0069,09:40,580,0
0069,09:45,585,0
0069,09:50,590,0
0069,09:55,595,0
0069,10:00,600,0
0069,10:05,605,0
0069,10:10,610,0
0069,10:15,615,0
0069,10:20,620,0
0069,10:25,625,0
0069,10:30,630,0
0069,10:35,635,0
0069,10:40,640,0
0069,10:45,645,0
0069,10:50,650,0
0069,10:55,655,0
0069,11:00,660,0
0069,11:05,665,0
0069,11:10,670,0
0069,11:15,675,0
0069,11:20,680,0
0069,11:25,685,0
0069,11:30,690,0
0069,11:35,695,0
0069,11:40,700,0
0069,11:45,705,0
0069,11:50,710,0
0069,11:55,715,0
0069,12:00,720,0
0069,12:05,725,0
0069,12:10,730,0
0069,12:15,735,0
0069,12:20,740,0
0069,12:25,745,0
0069,12:30,750,-1532
0069,12:35,755,-1532
0069,12:40,760,-1532
0069,12:45,765,-1532
0069,12:50,770,-3064
0069,12:55,775,-3064
0069,13:00,780,-3064
0069,13:05,785,-4085
0069,13:10,790,-4085
0069,13:15,795,-4085
0069,13:20,800,-4085
0069,13:25,805,-2043
0069,13:30,810,-2043
0069,13:35,815,-2043
0069,13:40,820,-2043
0069,13:45,825,-2043
0069,13:50,830,-2809
0069,13:55,835,-2809
0069,14:00,840,-2809
0069,14:05,845,-2809
0069,14:10,850,-1787
0069,14:15,855,-1787
0069,14:20,860,-1787
0069,14:25,865,-1787
0069,14:30,870,-3574
0069,14:35,875,-3574
0069,14:40,880,-3574
0069,14:45,885,-4340
0069,14:50,890,-4340
0069,14:55,895,-4340
0069,15:00,900,-4340
0069,15:05,905,-4340
0069,15:10,910,-4085
0069,15:15,915,-4085
0069,15:20,920,-4085
0069,15:25,925,-4085
0069,15:30,930,-5617
0069,15:35,935,-5617
0069,15:40,940,-5617
0069,15:45,945,-6894
0069,15:50,950,-6894
0069,15:55,955,-6894
0069,16:00,960,-6894
0069,16:05,965,-6894
0069,16:10,970,-7915
0069,16:15,975,-7915
0069,16:20,980,-7915
0069,16:25,985,-7915
0069,16:30,990,-9447
0069,16:35,995,-9447
0069,16:40,1000,-9447
0069,16:45,1005,-9447
0069,16:50,1010,-10979
0069,16:55,1015,-10979
0069,17:00,1020,-10979
0069,17:05,1025,-11745
0069,17:10,1030,-11745
0069,17:15,1035,-11745
0069,17:20,1040,-11745
0069,17:25,1045,-11745
0069,17:30,1050,-13532
0069,17:35,1055,-13532
0069,17:40,1060,-13532
0069,17:45,1065,-13532
0069,17:50,1070,-14553
0069,17:55,1075,-14553
0069,18:00,1080,-14553
0069,18:05,1085,-14553
0069,18:10,1090,-15830
0069,18:15,1095,-15830
0069,18:20,1100,-15830
0069,18:25,1105,-17362
0069,18:30,1110,-17362
0069,18:35,1115,-17362
0069,18:40,1120,-17362
0069,18:45,1125,-17362
0069,18:50,1130,-18638
0069,18:55,1135,-18638
0069,19:00,1140,-18638
0069,19:05,1145,-18638
0069,19:10,1150,-18128
0069,19:15,1155,-18128
0069,19:20,1160,-18128
0069,19:25,1165,-19404
0069,19:30,1170,-19404
0069,19:35,1175,-19404
0069,19:40,1180,-19404
0069,19:45,1185,-20681
0069,19:50,1190,-20681
0069,19:55,1195,-20681
0069,20:00,1200,-20681
0069,20:05,1205,-20681
0069,20:10,1210,-19915
0069,20:15,1215,-19915
0069,20:20,1220,-19915
0069,20:25,1225,-19915
0069,20:30,1230,-21191
0069,20:35,1235,-21191
0069,20:40,1240,-21191
0069,20:45,1245,-22468
0069,20:50,1250,-22468
0069,20:55,1255,-22468
0069,21:00,1260,-22468
0069,21:05,1265,-22468
0069,21:10,1270,-23489
0069,21:15,1275,-23489
0069,21:20,1280,-23489
0069,21:25,1285,-23489
0069,21:30,1290,-25277
0069,21:35,1295,-25277
0069,21:40,1300,-25277
0069,21:45,1305,-26553
0069,21:50,1310,-26553
0069,21:55,1315,-26553
0069,22:00,1320,-26553
0069,22:05,1325,-27830
0069,22:10,1330,-27830
0069,22:15,1335,-27830
0069,22:20,1340,-27830
0069,22:25,1345,-27830
0069,22:30,1350,-20936
0069,22:35,1355,-20936
0069,22:40,1360,-20936
0069,22:45,1365,-20936
0069,22:50,1370,-20936
0069,22:55,1375,-20936
0069,23:00,1380,-20936
0069,23:05,1385,-20936
0069,23:10,1390,-20936
0069,23:15,1395,-20936
0069,23:16,1396,-20936
0069,23:20,1400,-20936
0070,09:00,540,0
0070,09:05,545,0
0070,09:10,550,0
0070,09:15,555,0
0070,09:20,560,0
0070,09:25,565,0
0070,09:30,570,0
0070,09:35,575,0
0070,09:40,580,0
0070,09:45,585,0
0070,09:50,590,0
0070,09:55,595,0
0070,10:00,600,0
0070,10:05,605,0
0070,10:10,610,0
0070,10:15,615,0
0070,10:20,620,0
0070,10:25,625,0
0070,10:30,630,0
0070,10:35,635,0
0070,10:40,640,0
0070,10:45,645,0
0070,10:50,650,0
0070,10:55,655,0
0070,11:00,660,0
0070,11:05,665,0
0070,11:10,670,0
0070,11:15,675,0
0070,11:20,680,0
0070,11:25,685,0
0070,11:30,690,0
0070,11:35,695,0
0070,11:40,700,0
0070,11:45,705,0
0070,11:50,710,0
0070,11:55,715,0
0070,12:00,720,0
0070,12:05,725,0
0070,12:10,730,0
0070,12:15,735,0
0070,12:20,740,0
0070,12:25,745,0
0070,12:30,750,0
0070,12:35,755,0
0070,12:40,760,0
0070,12:45,765,0
0070,12:50,770,-889
0070,12:55,775,-889
0070,13:00,780,-889
0070,13:05,785,-1778
0070,13:10,790,-1778
0070,13:15,795,-1778
0070,13:20,800,-1778
0070,13:25,805,-1778
0070,13:30,810,-1778
0070,13:35,815,-1778
0070,13:40,820,-1778
0070,13:45,825,-1778
0070,13:50,830,-2844
0070,13:55,835,-2844
0070,14:00,840,-2844
0070,14:05,845,-2844
0070,14:10,850,-3556
0070,14:15,855,-3556
0070,14:20,860,-3556
0070,14:25,865,-3556
0070,14:30,870,-4444
0070,14:35,875,-4444
0070,14:40,880,-4444
0070,14:45,885,-5511
0070,14:50,890,-5511
0070,14:55,895,-5511
0070,15:00,900,-5511
0070,15:05,905,-5511
0070,15:10,910,-6756
0070,15:15,915,-6756
0070,15:20,920,-6756
0070,15:25,925,-6756
0070,15:30,930,-5689
0070,15:35,935,-5689
0070,15:40,940,-5689
0070,15:45,945,-6578
0070,15:50,950,-6578
0070,15:55,955,-6578
0070,16:00,960,-6578
0070,16:05,965,-6578
0070,16:10,970,-6578
0070,16:15,975,-6578
0070,16:20,980,-6578
0070,16:25,985,-6578
0070,16:30,990,-7467
0070,16:35,995,-7467
0070,16:40,1000,-7467
0070,16:45,1005,-7467
0070,16:50,1010,-6756
0070,16:55,1015,-6756
0070,17:00,1020,-6756
0070,17:05,1025,-7467
0070,17:10,1030,-7467
0070,17:15,1035,-7467
0070,17:20,1040,-7467
0070,17:25,1045,-7467
0070,17:30,1050,-8889
0070,17:35,1055,-8889
0070,17:40,1060,-8889
0070,17:45,1065,-8889
0070,17:50,1070,-9244
0070,17:55,1075,-9244
0070,18:00,1080,-9244
0070,18:05,1085,-9244
0070,18:10,1090,-9244
0070,18:15,1095,-9244
0070,18:20,1100,-9244
0070,18:25,1105,-9422
0070,18:30,1110,-9422
0070,18:35,1115,-9422
0070,18:40,1120,-9422
0070,18:45,1125,-9422
0070,18:50,1130,-9422
0070,18:55,1135,-9422
0070,19:00,1140,-9422
0070,19:05,1145,-9422
0070,19:10,1150,-9422
0070,19:15,1155,-9422
0070,19:20,1160,-9422
0070,19:25,1165,-9422
0070,19:30,1170,-9422
0070,19:35,1175,-9422
0070,19:40,1180,-9422
0070,19:45,1185,-9778
0070,19:50,1190,-9778
0070,19:55,1195,-9778
0070,20:00,1200,-9778
0070,20:05,1205,-9778
0070,20:10,1210,-10489
0070,20:15,1215,-10489
0070,20:20,1220,-10489
0070,20:25,1225,-10489
0070,20:30,1230,-10667
0070,20:35,1235,-10667
0070,20:40,1240,-10667
0070,20:45,1245,-10667
0070,20:50,1250,-10667
0070,20:55,1255,-10667
0070,21:00,1260,-10667
0070,21:05,1265,-10667
0070,21:10,1270,-10667
0070,21:15,1275,-10667
0070,21:20,1280,-10667
0070,21:25,1285,-10667
0070,21:30,1290,-10844
0070,21:35,1295,-10844
0070,21:40,1300,-10844
0070,21:45,1305,-10844
0070,21:50,1310,-10844
0070,21:55,1315,-10844
0070,22:00,1320,-10844
0070,22:05,1325,-10844
0070,22:10,1330,-10844
0070,22:15,1335,-10844
0070,22:20,1340,-10844
0070,22:25,1345,-10844
0070,22:30,1350,-10844
0070,22:35,1355,-10844
0070,22:40,1360,-10844
0070,22:45,1365,-10844
0070,22:50,1370,-10844
0070,22:55,1375,-10844
0070,23:00,1380,-10844
0070,23:05,1385,-10844
0070,23:10,1390,-10844
0070,23:15,1395,-10844
0070,23:16,1396,-10844
0070,23:20,1400,-10844
0071,09:00,540,0
0071,09:05,545,0
0071,09:10,550,0
0071,09:15,555,0
0071,09:20,560,0
0071,09:25,565,0
0071,09:30,570,0
0071,09:35,575,0
0071,09:40,580,0
0071,09:45,585,0
0071,09:50,590,0
0071,09:55,595,0
0071,10:00,600,0
0071,10:05,605,0
0071,10:10,610,0
0071,10:15,615,0
0071,10:20,620,0
0071,10:25,625,0
0071,10:30,630,0
0071,10:35,635,0
0071,10:40,640,0
0071,10:45,645,0
0071,10:50,650,0
0071,10:55,655,0
0071,11:00,660,0
0071,11:05,665,0
0071,11:10,670,0
0071,11:15,675,0
0071,11:20,680,0
0071,11:25,685,0
0071,11:30,690,-89
0071,11:35,695,-89
0071,11:40,700,-89
0071,11:45,705,-89
0071,11:50,710,-89
0071,11:55,715,-89
0071,12:00,720,-89
0071,12:05,725,-89
0071,12:10,730,-89
0071,12:15,735,-89
0071,12:20,740,-89
0071,12:25,745,-89
0071,12:30,750,-356
0071,12:35,755,-356
0071,12:40,760,-356
0071,12:45,765,-356
0071,12:50,770,-1956
0071,12:55,775,-1956
0071,13:00,780,-1956
0071,13:05,785,-3289
0071,13:10,790,-3289
0071,13:15,795,-3289
0071,13:20,800,-3289
0071,13:25,805,-3200
0071,13:30,810,-3200
0071,13:35,815,-3200
0071,13:40,820,-3200
0071,13:45,825,-3200
0071,13:50,830,-4711
0071,13:55,835,-4711
0071,14:00,840,-4711
0071,14:05,845,-4711
0071,14:10,850,-6044
0071,14:15,855,-6044
0071,14:20,860,-6044
0071,14:25,865,-6044
0071,14:30,870,-2400
0071,14:35,875,-2400
0071,14:40,880,-2400
0071,14:45,885,-4000
0071,14:50,890,-4000
0071,14:55,895,-4000
0071,15:00,900,-4000
0071,15:05,905,-4000
0071,15:10,910,-5244
0071,15:15,915,-5244
0071,15:20,920,-5244
0071,15:25,925,-5244
0071,15:30,930,-7022
0071,15:35,935,-7022
0071,15:40,940,-7022
0071,15:45,945,-622
0071,15:50,950,-622
0071,15:55,955,-622
0071,16:00,960,-622
0071,16:05,965,-622
0071,16:10,970,3534
0071,16:15,975,3534
0071,16:20,980,3534
0071,16:25,985,3534
0071,16:30,990,1897
0071,16:35,995,1897
0071,16:40,1000,1897
0071,16:45,1005,1897
0071,16:50,1010,345
0071,16:55,1015,345
0071,17:00,1020,345
0071,17:05,1025,-711
0071,17:10,1030,-711
0071,17:15,1035,-711
0071,17:20,1040,-711
0071,17:25,1045,-711
0071,17:30,1050,-1333
0071,17:35,1055,-1333
0071,17:40,1060,-1333
0071,17:45,1065,-1333
0071,17:50,1070,-2133
0071,17:55,1075,-2133
0071,18:00,1080,-2133
0071,18:05,1085,-2133
0071,18:10,1090,-2844
0071,18:15,1095,-2844
0071,18:20,1100,-2844
0071,18:25,1105,-3111
0071,18:30,1110,-3111
0071,18:35,1115,-3111
0071,18:40,1120,-3111
0071,18:45,1125,-3111
0071,18:50,1130,-4000
0071,18:55,1135,-4000
0071,19:00,1140,-4000
0071,19:05,1145,-4000
0071,19:10,1150,-4000
0071,19:15,1155,-4000
0071,19:20,1160,-4000
0071,19:25,1165,-5422
0071,19:30,1170,-5422
0071,19:35,1175,-5422
0071,19:40,1180,-5422
0071,19:45,1185,-6667
0071,19:50,1190,-6667
0071,19:55,1195,-6667
0071,20:00,1200,-6667
0071,20:05,1205,-6667
0071,20:10,1210,-7289
0071,20:15,1215,-7289
0071,20:20,1220,-7289
0071,20:25,1225,-7289
0071,20:30,1230,-3289
0071,20:35,1235,-3289
0071,20:40,1240,-3289
0071,20:45,1245,-4444
0071,20:50,1250,-4444
0071,20:55,1255,-4444
0071,21:00,1260,-4444
0071,21:05,1265,-4444
0071,21:10,1270,-4800
0071,21:15,1275,-4800
0071,21:20,1280,-4800
0071,21:25,1285,-4800
0071,21:30,1290,-4800
0071,21:35,1295,-4800
0071,21:40,1300,-4800
0071,21:45,1305,-4800
0071,21:50,1310,-4800
0071,21:55,1315,-4800
0071,22:00,1320,-4800
0071,22:05,1325,-5067
0071,22:10,1330,-5067
0071,22:15,1335,-5067
0071,22:20,1340,-5067
0071,22:25,1345,-5067
0071,22:30,1350,-5067
0071,22:35,1355,-5067
0071,22:40,1360,-5067
0071,22:45,1365,-5067
0071,22:50,1370,-5067
0071,22:55,1375,-5067
0071,23:00,1380,-5067
0071,23:05,1385,-5067
0071,23:10,1390,-5067
0071,23:15,1395,-5067
0071,23:16,1396,-5067
0071,23:20,1400,-5067
0072,09:00,540,0
0072,09:05,545,0
0072,09:10,550,0
0072,09:15,555,0
0072,09:20,560,0
0072,09:25,565,0
0072,09:30,570,0
0072,09:35,575,0
0072,09:40,580,0
0072,09:45,585,0
0072,09:50,590,0
0072,09:55,595,0
0072,10:00,600,0
0072,10:05,605,0
0072,10:10,610,-519
0072,10:15,615,-519
0072,10:20,620,-519
0072,10:25,625,-1558
0072,10:30,630,-1558
0072,10:35,635,-1558
0072,10:40,640,-2597
0072,10:45,645,-2597
0072,10:50,650,-2597
0072,10:55,655,-2597
0072,11:00,660,-2597
0072,11:05,665,-2597
0072,11:10,670,-2597
0072,11:15,675,-2597
0072,11:20,680,-2597
0072,11:25,685,-2597
0072,11:30,690,-1558
0072,11:35,695,-1558
0072,11:40,700,-1558
0072,11:45,705,-2078
0072,11:50,710,-2078
0072,11:55,715,-2078
0072,12:00,720,-2078
0072,12:05,725,-2078
0072,12:10,730,-2078
0072,12:15,735,-2078
0072,12:20,740,-2078
0072,12:25,745,-2078
0072,12:30,750,-3117
0072,12:35,755,-3117
0072,12:40,760,-3117
0072,12:45,765,-3117
0072,12:50,770,-3636
0072,12:55,775,-3636
0072,13:00,780,-3636
0072,13:05,785,-4156
0072,13:10,790,-4156
0072,13:15,795,-4156
0072,13:20,800,-4156
0072,13:25,805,-5195
0072,13:30,810,-5195
0072,13:35,815,-5195
0072,13:40,820,-5195
0072,13:45,825,-5195
0072,13:50,830,-4935
0072,13:55,835,-4935
0072,14:00,840,-4935
0072,14:05,845,-4935
0072,14:10,850,-2078
0072,14:15,855,-2078
0072,14:20,860,-2078
0072,14:25,865,-2078
0072,14:30,870,-3636
0072,14:35,875,-3636
0072,14:40,880,-3636
0072,14:45,885,-2078
0072,14:50,890,-2078
0072,14:55,895,-2078
0072,15:00,900,-2078
0072,15:05,905,-2078
0072,15:10,910,2821
0072,15:15,915,2821
0072,15:20,920,2821
0072,15:25,925,2821
0072,15:30,930,12821
0072,15:35,935,12821
0072,15:40,940,12821
0072,15:45,945,18974
0072,15:50,950,18974
0072,15:55,955,18974
0072,16:00,960,18974
0072,16:05,965,18974
0072,16:10,970,24615
0072,16:15,975,24615
0072,16:20,980,24615
0072,16:25,985,24615
0072,16:30,990,31282
0072,16:35,995,31282
0072,16:40,1000,31282
0072,16:45,1005,31282
0072,16:50,1010,31026
0072,16:55,1015,31026
0072,17:00,1020,31026
0072,17:05,1025,31026
0072,17:10,1030,31026
0072,17:15,1035,31026
0072,17:20,1040,31026
0072,17:25,1045,31026
0072,17:30,1050,31026
0072,17:35,1055,31026
0072,17:40,1060,31026
0072,17:45,1065,31026
0072,17:50,1070,31026
0072,17:55,1075,31026
0072,18:00,1080,31026
0072,18:05,1085,31026
0072,18:10,1090,30513
0072,18:15,1095,30513
0072,18:20,1100,30513
0072,18:25,1105,30513
0072,18:30,1110,30513
0072,18:35,1115,30513
0072,18:40,1120,30513
0072,18:45,1125,30513
0072,18:50,1130,30256
0072,18:55,1135,30256
0072,19:00,1140,30256
0072,19:05,1145,30256
0072,19:10,1150,32821
0072,19:15,1155,32821
0072,19:20,1160,32821
0072,19:25,1165,32821
0072,19:30,1170,32821
0072,19:35,1175,32821
0072,19:40,1180,32821
0072,19:45,1185,32821
0072,19:50,1190,32821
0072,19:55,1195,32821
0072,20:00,1200,32821
0072,20:05,1205,32821
0072,20:10,1210,32821
0072,20:15,1215,32821
0072,20:20,1220,32821
0072,20:25,1225,32821
0072,20:30,1230,34615
0072,20:35,1235,34615
0072,20:40,1240,34615
0072,20:45,1245,38974
0072,20:50,1250,38974
0072,20:55,1255,38974
0072,21:00,1260,38974
0072,21:05,1265,38974
0072,21:10,1270,38462
0072,21:15,1275,38462
0072,21:20,1280,38462
0072,21:25,1285,38462
0072,21:30,1290,38462
0072,21:35,1295,38462
0072,21:40,1300,38462
0072,21:45,1305,38462
0072,21:50,1310,38462
0072,21:55,1315,38462
0072,22:00,1320,38462
0072,22:05,1325,38205
0072,22:10,1330,38205
0072,22:15,1335,38205
0072,22:20,1340,38205
0072,22:25,1345,38205
0072,22:30,1350,38205
0072,22:35,1355,38205
0072,22:40,1360,38205
0072,22:45,1365,38205
0072,22:50,1370,38205
0072,22:55,1375,38205
0072,23:00,1380,38205
0072,23:05,1385,38205
0072,23:10,1390,38205
0072,23:15,1395,38205
0072,23:16,1396,38205
0072,23:20,1400,38205
0073,09:00,540,0
0073,09:05,545,0
0073,09:10,550,0
0073,09:15,555,0
0073,09:20,560,0
0073,09:25,565,0
0073,09:30,570,0
0073,09:35,575,0
0073,09:40,580,0
0073,09:45,585,0
0073,09:50,590,0
0073,09:55,595,0
0073,10:00,600,0
0073,10:05,605,0
0073,10:10,610,0
0073,10:15,615,0
0073,10:20,620,0
0073,10:25,625,0
0073,10:30,630,0
0073,10:35,635,0
0073,10:40,640,0
0073,10:45,645,0
0073,10:50,650,0
0073,10:55,655,0
0073,11:00,660,0
0073,11:05,665,0
0073,11:10,670,0
0073,11:15,675,0
0073,11:20,680,0
0073,11:25,685,0
0073,11:30,690,0
0073,11:35,695,0
0073,11:40,700,0
0073,11:45,705,0
0073,11:50,710,0
0073,11:55,715,0
0073,12:00,720,0
0073,12:05,725,0
0073,12:10,730,0
0073,12:15,735,0
0073,12:20,740,0
0073,12:25,745,0
0073,12:30,750,2586
0073,12:35,755,2586
0073,12:40,760,2586
0073,12:45,765,2586
0073,12:50,770,4483
0073,12:55,775,4483
0073,13:00,780,4483
0073,13:05,785,3276
0073,13:10,790,3276
0073,13:15,795,3276
0073,13:20,800,3276
0073,13:25,805,2414
0073,13:30,810,2414
0073,13:35,815,2414
0073,13:40,820,2414
0073,13:45,825,2414
0073,13:50,830,2069
0073,13:55,835,2069
0073,14:00,840,2069
0073,14:05,845,2069
0073,14:10,850,862
0073,14:15,855,862
0073,14:20,860,862
0073,14:25,865,862
0073,14:30,870,-889
0073,14:35,875,-889
0073,14:40,880,-889
0073,14:45,885,-2133
0073,14:50,890,-2133
0073,14:55,895,-2133
0073,15:00,900,-2133
0073,15:05,905,-2133
0073,15:10,910,-3200
0073,15:15,915,-3200
0073,15:20,920,-3200
0073,15:25,925,-3200
0073,15:30,930,-4444
0073,15:35,935,-4444
0073,15:40,940,-4444
0073,15:45,945,2414
0073,15:50,950,2414
0073,15:55,955,2414
0073,16:00,960,2414
0073,16:05,965,2414
0073,16:10,970,6552
0073,16:15,975,6552
0073,16:20,980,6552
0073,16:25,985,6552
0073,16:30,990,11897
0073,16:35,995,11897
0073,16:40,1000,11897
0073,16:45,1005,11897
0073,16:50,1010,13793
0073,16:55,1015,13793
0073,17:00,1020,13793
0073,17:05,1025,15000
0073,17:10,1030,15000
0073,17:15,1035,15000
0073,17:20,1040,15000
0073,17:25,1045,15000
0073,17:30,1050,13448
0073,17:35,1055,13448
0073,17:40,1060,13448
0073,17:45,1065,13448
0073,17:50,1070,13448
0073,17:55,1075,13448
0073,18:00,1080,13448
0073,18:05,1085,13448
0073,18:10,1090,13276
0073,18:15,1095,13276
0073,18:20,1100,13276
0073,18:25,1105,12241
0073,18:30,1110,12241
0073,18:35,1115,12241
0073,18:40,1120,12241
0073,18:45,1125,12241
0073,18:50,1130,11034
0073,18:55,1135,11034
0073,19:00,1140,11034
0073,19:05,1145,11034
0073,19:10,1150,10172
0073,19:15,1155,10172
0073,19:20,1160,10172
0073,19:25,1165,10172
0073,19:30,1170,10172
0073,19:35,1175,10172
0073,19:40,1180,10172
0073,19:45,1185,10172
0073,19:50,1190,10172
0073,19:55,1195,10172
0073,20:00,1200,10172
0073,20:05,1205,10172
0073,20:10,1210,10172
0073,20:15,1215,10172
0073,20:20,1220,10172
0073,20:25,1225,10172
0073,20:30,1230,9828
0073,20:35,1235,9828
0073,20:40,1240,9828
0073,20:45,1245,9828
0073,20:50,1250,9828
0073,20:55,1255,9828
0073,21:00,1260,9828
0073,21:05,1265,9828
0073,21:10,1270,9828
0073,21:15,1275,9828
0073,21:20,1280,9828
0073,21:25,1285,9828
0073,21:30,1290,9828
0073,21:35,1295,9828
0073,21:40,1300,9828
0073,21:45,1305,9828
0073,21:50,1310,9828
0073,21:55,1315,9828
0073,22:00,1320,9828
0073,22:05,1325,9310
0073,22:10,1330,9310
0073,22:15,1335,9310
0073,22:20,1340,9310
0073,22:25,1345,9310
0073,22:30,1350,9310
0073,22:35,1355,9310
0073,22:40,1360,9310
0073,22:45,1365,9310
0073,22:50,1370,9310
0073,22:55,1375,9310
0073,23:00,1380,9310
0073,23:05,1385,9310
0073,23:10,1390,9310
0073,23:15,1395,9310
0073,23:16,1396,9310
0073,23:20,1400,9310
0074,09:00,540,0
0074,09:05,545,0
0074,09:10,550,0
0074,09:15,555,0
0074,09:20,560,0
0074,09:25,565,0
0074,09:30,570,0
0074,09:35,575,0
0074,09:40,580,0
0074,09:45,585,0
0074,09:50,590,0
0074,09:55,595,0
0074,10:00,600,0
0074,10:05,605,0
0074,10:10,610,0
0074,10:15,615,0
0074,10:20,620,0
0074,10:25,625,0
0074,10:30,630,0
0074,10:35,635,0
0074,10:40,640,0
0074,10:45,645,0
0074,10:50,650,0
0074,10:55,655,0
0074,11:00,660,-178
0074,11:05,665,-178
0074,11:10,670,-178
0074,11:15,675,-178
0074,11:20,680,-178
0074,11:25,685,-178
0074,11:30,690,-356
0074,11:35,695,-356
0074,11:40,700,-356
0074,11:45,705,-356
0074,11:50,710,-356
0074,11:55,715,-356
0074,12:00,720,-356
0074,12:05,725,-711
0074,12:10,730,-711
0074,12:15,735,-711
0074,12:20,740,-711
0074,12:25,745,-711
0074,12:30,750,-711
0074,12:35,755,-711
0074,12:40,760,-711
0074,12:45,765,-711
0074,12:50,770,-711
0074,12:55,775,-711
0074,13:00,780,-711
0074,13:05,785,-2133
0074,13:10,790,-2133
0074,13:15,795,-2133
0074,13:20,800,-2133
0074,13:25,805,-533
0074,13:30,810,-533
0074,13:35,815,-533
0074,13:40,820,-533
0074,13:45,825,-533
0074,13:50,830,862
0074,13:55,835,862
0074,14:00,840,862
0074,14:05,845,862
0074,14:10,850,862
0074,14:15,855,862
0074,14:20,860,862
0074,14:25,865,862
0074,14:30,870,-356
0074,14:35,875,-356
0074,14:40,880,-356
0074,14:45,885,-1956
0074,14:50,890,-1956
0074,14:55,895,-1956
0074,15:00,900,-1956
0074,15:05,905,-1956
0074,15:10,910,-3378
0074,15:15,915,-3378
0074,15:20,920,-3378
0074,15:25,925,-3378
0074,15:30,930,-5156
0074,15:35,935,-5156
0074,15:40,940,-5156
0074,15:45,945,-6578
0074,15:50,950,-6578
0074,15:55,955,-6578
0074,16:00,960,-6578
0074,16:05,965,-6578
0074,16:10,970,-7822
0074,16:15,975,-7822
0074,16:20,980,-7822
0074,16:25,985,-7822
0074,16:30,990,-9244
0074,16:35,995,-9244
0074,16:40,1000,-9244
0074,16:45,1005,-9244
0074,16:50,1010,-1956
0074,16:55,1015,-1956
0074,17:00,1020,-1956
0074,17:05,1025,-1778
0074,17:10,1030,-1778
0074,17:15,1035,-1778
0074,17:20,1040,-1778
0074,17:25,1045,-1778
0074,17:30,1050,-3378
0074,17:35,1055,-3378
0074,17:40,1060,-3378
0074,17:45,1065,-3378
0074,17:50,1070,-1600
0074,17:55,1075,-1600
0074,18:00,1080,-1600
0074,18:05,1085,-1600
0074,18:10,1090,-889
0074,18:15,1095,-889
0074,18:20,1100,-889
0074,18:25,1105,-2489
0074,18:30,1110,-2489
0074,18:35,1115,-2489
0074,18:40,1120,-2489
0074,18:45,1125,-2489
0074,18:50,1130,-4089
0074,18:55,1135,-4089
0074,19:00,1140,-4089
0074,19:05,1145,-4089
0074,19:10,1150,-5333
0074,19:15,1155,-5333
0074,19:20,1160,-5333
0074,19:25,1165,-7111
0074,19:30,1170,-7111
0074,19:35,1175,-7111
0074,19:40,1180,-7111
0074,19:45,1185,-7111
0074,19:50,1190,-7111
0074,19:55,1195,-7111
0074,20:00,1200,-7111
0074,20:05,1205,-7111
0074,20:10,1210,-6400
0074,20:15,1215,-6400
0074,20:20,1220,-6400
0074,20:25,1225,-6400
0074,20:30,1230,-8178
0074,20:35,1235,-8178
0074,20:40,1240,-8178
0074,20:45,1245,-9778
0074,20:50,1250,-9778
0074,20:55,1255,-9778
0074,21:00,1260,-9778
0074,21:05,1265,-9778
0074,21:10,1270,-11022
0074,21:15,1275,-11022
0074,21:20,1280,-11022
0074,21:25,1285,-11022
0074,21:30,1290,-12444
0074,21:35,1295,-12444
0074,21:40,1300,-12444
0074,21:45,1305,-12622
0074,21:50,1310,-12622
0074,21:55,1315,-12622
0074,22:00,1320,-12622
0074,22:05,1325,-12622
0074,22:10,1330,-12622
0074,22:15,1335,-12622
0074,22:20,1340,-12622
0074,22:25,1345,-12622
0074,22:30,1350,-12622
0074,22:35,1355,-12622
0074,22:40,1360,-12622
0074,22:45,1365,-12622
0074,22:50,1370,-12622
0074,22:55,1375,-12622
0074,23:00,1380,-12622
0074,23:05,1385,-12622
0074,23:10,1390,-12622
0074,23:15,1395,-12622
0074,23:16,1396,-12622
0074,23:20,1400,-12622
0075,09:00,540,0
0075,09:05,545,0
0075,09:10,550,0
0075,09:15,555,0
0075,09:20,560,0
0075,09:25,565,0
0075,09:30,570,0
0075,09:35,575,0
0075,09:40,580,0
0075,09:45,585,0
0075,09:50,590,0
0075,09:55,595,0
0075,10:00,600,0
0075,10:05,605,0
0075,10:10,610,0
0075,10:15,615,0
0075,10:20,620,0
0075,10:25,625,0
0075,10:30,630,0
0075,10:35,635,0
0075,10:40,640,0
0075,10:45,645,0
0075,10:50,650,0
0075,10:55,655,0
0075,11:00,660,-356
0075,11:05,665,-356
0075,11:10,670,-356
0075,11:15,675,-356
0075,11:20,680,-356
0075,11:25,685,-356
0075,11:30,690,-356
0075,11:35,695,-356
0075,11:40,700,-356
0075,11:45,705,-356
0075,11:50,710,-356
0075,11:55,715,-356
0075,12:00,720,-356
0075,12:05,725,-889
0075,12:10,730,-889
0075,12:15,735,-889
0075,12:20,740,-889
0075,12:25,745,-889
0075,12:30,750,-889
0075,12:35,755,-889
0075,12:40,760,-889
0075,12:45,765,-889
0075,12:50,770,-889
0075,12:55,775,-889
0075,13:00,780,-889
0075,13:05,785,-1067
0075,13:10,790,-1067
0075,13:15,795,-1067
0075,13:20,800,-1067
0075,13:25,805,517
0075,13:30,810,517
0075,13:35,815,517
0075,13:40,820,517
0075,13:45,825,517
0075,13:50,830,-711
0075,13:55,835,-711
0075,14:00,840,-711
0075,14:05,845,-711
0075,14:10,850,-1422
0075,14:15,855,-1422
0075,14:20,860,-1422
0075,14:25,865,-1422
0075,14:30,870,-2844
0075,14:35,875,-2844
0075,14:40,880,-2844
0075,14:45,885,-4267
0075,14:50,890,-4267
0075,14:55,895,-4267
0075,15:00,900,-4267
0075,15:05,905,-4267
0075,15:10,910,-5156
0075,15:15,915,-5156
0075,15:20,920,-5156
0075,15:25,925,-5156
0075,15:30,930,-6756
0075,15:35,935,-6756
0075,15:40,940,-6756
0075,15:45,945,-8356
0075,15:50,950,-8356
0075,15:55,955,-8356
0075,16:00,960,-8356
0075,16:05,965,-8356
0075,16:10,970,-9422
0075,16:15,975,-9422
0075,16:20,980,-9422
0075,16:25,985,-9422
0075,16:30,990,-10667
0075,16:35,995,-10667
0075,16:40,1000,-10667
0075,16:45,1005,-10667
0075,16:50,1010,-6933
0075,16:55,1015,-6933
0075,17:00,1020,-6933
0075,17:05,1025,-8000
0075,17:10,1030,-8000
0075,17:15,1035,-8000
0075,17:20,1040,-8000
0075,17:25,1045,-8000
0075,17:30,1050,-9244
0075,17:35,1055,-9244
0075,17:40,1060,-9244
0075,17:45,1065,-9244
0075,17:50,1070,-10667
0075,17:55,1075,-10667
0075,18:00,1080,-10667
0075,18:05,1085,-10667
0075,18:10,1090,-11378
0075,18:15,1095,-11378
0075,18:20,1100,-11378
0075,18:25,1105,-8000
0075,18:30,1110,-8000
0075,18:35,1115,-8000
0075,18:40,1120,-8000
0075,18:45,1125,-8000
0075,18:50,1130,-9422
0075,18:55,1135,-9422
0075,19:00,1140,-9422
0075,19:05,1145,-9422
0075,19:10,1150,-10489
0075,19:15,1155,-10489
0075,19:20,1160,-10489
0075,19:25,1165,-9956
0075,19:30,1170,-9956
0075,19:35,1175,-9956
0075,19:40,1180,-9956
0075,19:45,1185,-11556
0075,19:50,1190,-11556
0075,19:55,1195,-11556
0075,20:00,1200,-11556
0075,20:05,1205,-11556
0075,20:10,1210,-7644
0075,20:15,1215,-7644
0075,20:20,1220,-7644
0075,20:25,1225,-7644
0075,20:30,1230,-6400
0075,20:35,1235,-6400
0075,20:40,1240,-6400
0075,20:45,1245,-6400
0075,20:50,1250,-6400
0075,20:55,1255,-6400
0075,21:00,1260,-6400
0075,21:05,1265,-6400
0075,21:10,1270,-6933
0075,21:15,1275,-6933
0075,21:20,1280,-6933
0075,21:25,1285,-6933
0075,21:30,1290,-7289
0075,21:35,1295,-7289
0075,21:40,1300,-7289
0075,21:45,1305,-7289
0075,21:50,1310,-7289
0075,21:55,1315,-7289
0075,22:00,1320,-7289
0075,22:05,1325,-7289
0075,22:10,1330,-7289
0075,22:15,1335,-7289
0075,22:20,1340,-7289
0075,22:25,1345,-7289
0075,22:30,1350,-7822
0075,22:35,1355,-7822
0075,22:40,1360,-7822
0075,22:45,1365,-7822
0075,22:50,1370,-7822
0075,22:55,1375,-7822
0075,23:00,1380,-7822
0075,23:05,1385,-7822
0075,23:10,1390,-7822
0075,23:15,1395,-7822
0075,23:16,1396,-7822
0075,23:20,1400,-7822
0076,09:00,540,0
0076,09:05,545,0
0076,09:10,550,0
0076,09:15,555,0
0076,09:20,560,0
0076,09:25,565,0
0076,09:30,570,0
0076,09:35,575,0
0076,09:40,580,0
0076,09:45,585,0
0076,09:50,590,0
0076,09:55,595,0
0076,10:00,600,0
0076,10:05,605,0
0076,10:10,610,0
0076,10:15,615,0
0076,10:20,620,0
0076,10:25,625,0
0076,10:30,630,0
0076,10:35,635,0
0076,10:40,640,0
0076,10:45,645,0
0076,10:50,650,0
0076,10:55,655,0
0076,11:00,660,0
0076,11:05,665,0
0076,11:10,670,0
0076,11:15,675,0
0076,11:20,680,0
0076,11:25,685,0
0076,11:30,690,0
0076,11:35,695,0
0076,11:40,700,0
0076,11:45,705,0
0076,11:50,710,0
0076,11:55,715,0
0076,12:00,720,0
0076,12:05,725,0
0076,12:10,730,0
0076,12:15,735,0
0076,12:20,740,0
0076,12:25,745,0
0076,12:30,750,0
0076,12:35,755,0
0076,12:40,760,0
0076,12:45,765,0
0076,12:50,770,0
0076,12:55,775,0
0076,13:00,780,0
0076,13:05,785,0
0076,13:10,790,0
0076,13:15,795,0
0076,13:20,800,0
0076,13:25,805,0
0076,13:30,810,0
0076,13:35,815,0
0076,13:40,820,0
0076,13:45,825,0
0076,13:50,830,-89
0076,13:55,835,-89
0076,14:00,840,-89
0076,14:05,845,-89
0076,14:10,850,-178
0076,14:15,855,-178
0076,14:20,860,-178
0076,14:25,865,-178
0076,14:30,870,-267
0076,14:35,875,-267
0076,14:40,880,-267
0076,14:45,885,-267
0076,14:50,890,-267
0076,14:55,895,-267
0076,15:00,900,-267
0076,15:05,905,-267
0076,15:10,910,-889
0076,15:15,915,-889
0076,15:20,920,-889
0076,15:25,925,-889
0076,15:30,930,-889
0076,15:35,935,-889
0076,15:40,940,-889
0076,15:45,945,-1867
0076,15:50,950,-1867
0076,15:55,955,-1867
0076,16:00,960,-1867
0076,16:05,965,-1867
0076,16:10,970,-3022
0076,16:15,975,-3022
0076,16:20,980,-3022
0076,16:25,985,-3022
0076,16:30,990,-4533
0076,16:35,995,-4533
0076,16:40,1000,-4533
0076,16:45,1005,-4533
0076,16:50,1010,2328
0076,16:55,1015,2328
0076,17:00,1020,2328
0076,17:05,1025,3534
0076,17:10,1030,3534
0076,17:15,1035,3534
0076,17:20,1040,3534
0076,17:25,1045,3534
0076,17:30,1050,3534
0076,17:35,1055,3534
0076,17:40,1060,3534
0076,17:45,1065,3534
0076,17:50,1070,3190
0076,17:55,1075,3190
0076,18:00,1080,3190
0076,18:05,1085,3190
0076,18:10,1090,3190
0076,18:15,1095,3190
0076,18:20,1100,3190
0076,18:25,1105,3190
0076,18:30,1110,3190
0076,18:35,1115,3190
0076,18:40,1120,3190
0076,18:45,1125,3190
0076,18:50,1130,3190
0076,18:55,1135,3190
0076,19:00,1140,3190
0076,19:05,1145,3190
0076,19:10,1150,3190
0076,19:15,1155,3190
0076,19:20,1160,3190
0076,19:25,1165,3190
0076,19:30,1170,3190
0076,19:35,1175,3190
0076,19:40,1180,3190
0076,19:45,1185,3190
0076,19:50,1190,3190
0076,19:55,1195,3190
0076,20:00,1200,3190
0076,20:05,1205,3190
0076,20:10,1210,2586
0076,20:15,1215,2586
0076,20:20,1220,2586
0076,20:25,1225,2586
0076,20:30,1230,1983
0076,20:35,1235,1983
0076,20:40,1240,1983
0076,20:45,1245,1983
0076,20:50,1250,1983
0076,20:55,1255,1983
0076,21:00,1260,1983
0076,21:05,1265,1983
0076,21:10,1270,1983
0076,21:15,1275,1983
0076,21:20,1280,1983
0076,21:25,1285,1983
0076,21:30,1290,1983
0076,21:35,1295,1983
0076,21:40,1300,1983
0076,21:45,1305,1983
0076,21:50,1310,1983
0076,21:55,1315,1983
0076,22:00,1320,1983
0076,22:05,1325,1983
0076,22:10,1330,1983
0076,22:15,1335,1983
0076,22:20,1340,1983
0076,22:25,1345,1983
0076,22:30,1350,1983
0076,22:35,1355,1983
0076,22:40,1360,1983
0076,22:45,1365,1983
0076,22:50,1370,1983
0076,22:55,1375,1983
0076,23:00,1380,1983
0076,23:05,1385,1983
0076,23:10,1390,1983
0076,23:15,1395,1983
0076,23:16,1396,1983
0076,23:20,1400,1983
0077,09:00,540,0
0077,09:05,545,0
0077,09:10,550,0
0077,09:15,555,0
0077,09:20,560,0
0077,09:25,565,0
0077,09:30,570,0
0077,09:35,575,0
0077,09:40,580,0
0077,09:45,585,0
0077,09:50,590,0
0077,09:55,595,0
0077,10:00,600,0
0077,10:05,605,0
0077,10:10,610,0
0077,10:15,615,0
0077,10:20,620,0
0077,10:25,625,0
0077,10:30,630,0
0077,10:35,635,0
0077,10:40,640,0
0077,10:45,645,0
0077,10:50,650,0
0077,10:55,655,0
0077,11:00,660,0
0077,11:05,665,0
0077,11:10,670,0
0077,11:15,675,0
0077,11:20,680,0
0077,11:25,685,0
0077,11:30,690,0
0077,11:35,695,0
0077,11:40,700,0
0077,11:45,705,0
0077,11:50,710,0
0077,11:55,715,0
0077,12:00,720,0
0077,12:05,725,0
0077,12:10,730,0
0077,12:15,735,0
0077,12:20,740,0
0077,12:25,745,0
0077,12:30,750,0
0077,12:35,755,0
0077,12:40,760,0
0077,12:45,765,0
0077,12:50,770,0
0077,12:55,775,0
0077,13:00,780,0
0077,13:05,785,0
0077,13:10,790,0
0077,13:15,795,0
0077,13:20,800,0
0077,13:25,805,-889
0077,13:30,810,-889
0077,13:35,815,-889
0077,13:40,820,-889
0077,13:45,825,-889
0077,13:50,830,-2489
0077,13:55,835,-2489
0077,14:00,840,-2489
0077,14:05,845,-2489
0077,14:10,850,-3733
0077,14:15,855,-3733
0077,14:20,860,-3733
0077,14:25,865,-3733
0077,14:30,870,-4267
0077,14:35,875,-4267
0077,14:40,880,-4267
0077,14:45,885,-3911
0077,14:50,890,-3911
0077,14:55,895,-3911
0077,15:00,900,-3911
0077,15:05,905,-3911
0077,15:10,910,-5333
0077,15:15,915,-5333
0077,15:20,920,-5333
0077,15:25,925,-5333
0077,15:30,930,-7111
0077,15:35,935,-7111
0077,15:40,940,-7111
0077,15:45,945,-7289
0077,15:50,950,-7289
0077,15:55,955,-7289
0077,16:00,960,-7289
0077,16:05,965,-7289
0077,16:10,970,-7289
0077,16:15,975,-7289
0077,16:20,980,-7289
0077,16:25,985,-7289
0077,16:30,990,-7289
0077,16:35,995,-7289
0077,16:40,1000,-7289
0077,16:45,1005,-7289
0077,16:50,1010,-6756
0077,16:55,1015,-6756
0077,17:00,1020,-6756
0077,17:05,1025,-8000
0077,17:10,1030,-8000
0077,17:15,1035,-8000
0077,17:20,1040,-8000
0077,17:25,1045,-8000
0077,17:30,1050,-8178
0077,17:35,1055,-8178
0077,17:40,1060,-8178
0077,17:45,1065,-8178
0077,17:50,1070,-8178
0077,17:55,1075,-8178
0077,18:00,1080,-8178
0077,18:05,1085,-8178
0077,18:10,1090,-8178
0077,18:15,1095,-8178
0077,18:20,1100,-8178
0077,18:25,1105,-9422
0077,18:30,1110,-9422
0077,18:35,1115,-9422
0077,18:40,1120,-9422
0077,18:45,1125,-9422
0077,18:50,1130,-10667
0077,18:55,1135,-10667
0077,19:00,1140,-10667
0077,19:05,1145,-10667
0077,19:10,1150,-11911
0077,19:15,1155,-11911
0077,19:20,1160,-11911
0077,19:25,1165,-13156
0077,19:30,1170,-13156
0077,19:35,1175,-13156
0077,19:40,1180,-13156
0077,19:45,1185,-14400
0077,19:50,1190,-14400
0077,19:55,1195,-14400
0077,20:00,1200,-14400
0077,20:05,1205,-14400
0077,20:10,1210,-15467
0077,20:15,1215,-15467
0077,20:20,1220,-15467
0077,20:25,1225,-15467
0077,20:30,1230,-16356
0077,20:35,1235,-16356
0077,20:40,1240,-16356
0077,20:45,1245,-17600
0077,20:50,1250,-17600
0077,20:55,1255,-17600
0077,21:00,1260,-17600
0077,21:05,1265,-17600
0077,21:10,1270,-18844
0077,21:15,1275,-18844
0077,21:20,1280,-18844
0077,21:25,1285,-18844
0077,21:30,1290,-20089
0077,21:35,1295,-20089
0077,21:40,1300,-20089
0077,21:45,1305,-16533
0077,21:50,1310,-16533
0077,21:55,1315,-16533
0077,22:00,1320,-16533
0077,22:05,1325,-12622
0077,22:10,1330,-12622
0077,22:15,1335,-12622
0077,22:20,1340,-12622
0077,22:25,1345,-12622
0077,22:30,1350,-13867
0077,22:35,1355,-13867
0077,22:40,1360,-13867
0077,22:45,1365,-13867
0077,22:50,1370,-14222
0077,22:55,1375,-14222
0077,23:00,1380,-14222
0077,23:05,1385,-14222
0077,23:10,1390,-14222
0077,23:15,1395,-14222
0077,23:16,1396,-14222
0077,23:20,1400,-14222
