machine,time,minute,value
0039,09:00,540,0
0039,09:05,545,0
0039,09:10,550,0
0039,09:15,555,0
0039,09:20,560,0
0039,09:25,565,0
0039,09:30,570,0
0039,09:35,575,0
0039,09:40,580,0
0039,09:45,585,0
0039,09:50,590,0
0039,09:55,595,0
0039,10:00,600,0
0039,10:05,605,0
0039,10:10,610,0
0039,10:15,615,0
0039,10:20,620,0
0039,10:25,625,0
0039,10:30,630,0
0039,10:35,635,0
0039,10:40,640,-89
0039,10:45,645,-89
0039,10:50,650,-89
0039,10:55,655,-89
0039,11:00,660,-978
0039,11:05,665,-978
0039,11:10,670,-1156
0039,11:15,675,-1156
0039,11:20,680,-1156
0039,11:25,685,-1156
0039,11:30,690,-1156
0039,11:35,695,-1156
0039,11:40,700,-1156
0039,11:45,705,-1511
0039,11:50,710,-1511
0039,11:55,715,-1511
0039,12:00,720,-1511
0039,12:05,725,-1511
0039,12:10,730,-1511
0039,12:15,735,-1511
0039,12:20,740,-1511
0039,12:25,745,-1511
0039,12:30,750,-2044
0039,12:35,755,-2044
0039,12:40,760,-2044
0039,12:45,765,-2044
0039,12:50,770,-2311
0039,12:55,775,-2311
0039,13:00,780,-2311
0039,13:05,785,-89
0039,13:10,790,-89
0039,13:15,795,-89
0039,13:20,800,-89
0039,13:25,805,-800
0039,13:30,810,-800
0039,13:35,815,-800
0039,13:40,820,-800
0039,13:45,825,-800
0039,13:50,830,-2222
0039,13:55,835,-2222
0039,14:00,840,-2222
0039,14:05,845,-2222
0039,14:10,850,-2756
0039,14:15,855,-2756
0039,14:20,860,-2756
0039,14:25,865,-2756
0039,14:30,870,-3644
0039,14:35,875,-3644
0039,14:40,880,-3644
0039,14:45,885,-4267
0039,14:50,890,-4267
0039,14:55,895,-4267
0039,15:00,900,-4267
0039,15:05,905,-4267
0039,15:10,910,-4711
0039,15:15,915,-4711
0039,15:20,920,-4711
0039,15:25,925,-4711
0039,15:30,930,-2400
0039,15:35,935,-2400
0039,15:40,940,-2400
0039,15:45,945,-2489
0039,15:50,950,-2489
0039,15:55,955,-2489
0039,16:00,960,-2489
0039,16:05,965,-2489
0039,16:10,970,-2933
0039,16:15,975,-2933
0039,16:20,980,-2933
0039,16:25,985,-2933
0039,16:30,990,-2578
0039,16:35,995,-2578
0039,16:40,1000,-2578
0039,16:45,1005,-2578
0039,16:50,1010,-3378
0039,16:55,1015,-3378
0039,17:00,1020,-3378
0039,17:05,1025,-4178
0039,17:10,1030,-4178
0039,17:15,1035,-4178
0039,17:20,1040,-4178
0039,17:25,1045,-4178
0039,17:30,1050,-5867
0039,17:35,1055,-5867
0039,17:40,1060,-5867
0039,17:45,1065,-5867
0039,17:50,1070,-4000
0039,17:55,1075,-4000
0039,18:00,1080,-4000
0039,18:05,1085,-4000
0039,18:10,1090,-1333
0039,18:15,1095,-1333
0039,18:20,1100,-1333
0039,18:25,1105,-3022
0039,18:30,1110,-3022
0039,18:35,1115,-3022
0039,18:40,1120,-3022
0039,18:45,1125,-3022
0039,18:50,1130,-4622
0039,18:55,1135,-4622
0039,19:00,1140,-4622
0039,19:05,1145,-4622
0039,19:10,1150,-3467
0039,19:15,1155,-3467
0039,19:20,1160,-3467
0039,19:25,1165,-3733
0039,19:30,1170,-3733
0039,19:35,1175,-3733
0039,19:40,1180,-3733
0039,19:45,1185,-5244
0039,19:50,1190,-5244
0039,19:55,1195,-5244
0039,20:00,1200,-5244
0039,20:05,1205,-5244
0039,20:10,1210,-6489
0039,20:15,1215,-6489
0039,20:20,1220,-6489
0039,20:25,1225,-6489
0039,20:30,1230,-7467
0039,20:35,1235,-7467
0039,20:40,1240,-7467
0039,20:45,1245,-8000
0039,20:50,1250,-8000
0039,20:55,1255,-8000
0039,21:00,1260,-8000
0039,21:05,1265,-8000
0039,21:10,1270,-8444
0039,21:15,1275,-8444
0039,21:20,1280,-8444
0039,21:25,1285,-8444
0039,21:30,1290,-8444
0039,21:35,1295,-8444
0039,21:40,1300,-8444
0039,21:45,1305,-8444
0039,21:50,1310,-8444
0039,21:55,1315,-8444
0039,22:00,1320,-8444
0039,22:05,1325,-7733
0039,22:10,1330,-7733
0039,22:15,1335,-7733
0039,22:20,1340,-7733
0039,22:25,1345,-7733
0039,22:30,1350,-2044
0039,22:35,1355,-2044
0039,22:40,1360,-2044
0039,22:45,1365,-2044
0039,22:50,1370,-1333
0039,22:55,1375,-1333
0039,23:00,1380,-1333
0039,23:05,1385,-1333
0039,23:10,1390,-1333
0039,23:15,1395,-1333
0039,23:16,1396,-1333
0039,23:20,1400,-1333
0040,09:00,540,0
0040,09:05,545,0
0040,09:10,550,0
0040,09:15,555,0
0040,09:20,560,0
0040,09:25,565,0
0040,09:30,570,0
0040,09:35,575,0
0040,09:40,580,0
0040,09:45,585,0
0040,09:50,590,0
0040,09:55,595,0
0040,10:00,600,0
0040,10:05,605,0
0040,10:10,610,0
0040,10:15,615,0
0040,10:20,620,0
0040,10:25,625,-533
0040,10:30,630,-533
0040,10:35,635,-533
0040,10:40,640,-1600
0040,10:45,645,-1600
0040,10:50,650,-1600
0040,10:55,655,-1600
0040,11:00,660,-2667
0040,11:05,665,-2667
0040,11:10,670,-3200
0040,11:15,675,-3200
0040,11:20,680,-3200
0040,11:25,685,-3200
0040,11:30,690,-2311
0040,11:35,695,-2311
0040,11:40,700,-2311
0040,11:45,705,1897
0040,11:50,710,1897
0040,11:55,715,1897
0040,12:00,720,1897
0040,12:05,725,862
0040,12:10,730,862
0040,12:15,735,862
0040,12:20,740,862
0040,12:25,745,862
0040,12:30,750,-889
0040,12:35,755,-889
0040,12:40,760,-889
0040,12:45,765,-889
0040,12:50,770,-1067
0040,12:55,775,-1067
0040,13:00,780,-1067
0040,13:05,785,-1067
0040,13:10,790,-1067
0040,13:15,795,-1067
0040,13:20,800,-1067
0040,13:25,805,-1067
0040,13:30,810,-1067
0040,13:35,815,-1067
0040,13:40,820,-1067
0040,13:45,825,-1067
0040,13:50,830,-2667
0040,13:55,835,-2667
0040,14:00,840,-2667
0040,14:05,845,-2667
0040,14:10,850,-4089
0040,14:15,855,-4089
0040,14:20,860,-4089
0040,14:25,865,-4089
0040,14:30,870,-4089
0040,14:35,875,-4089
0040,14:40,880,-4089
0040,14:45,885,-4089
0040,14:50,890,-4089
0040,14:55,895,-4089
0040,15:00,900,-4089
0040,15:05,905,-4089
0040,15:10,910,-4267
0040,15:15,915,-4267
0040,15:20,920,-4267
0040,15:25,925,-4267
0040,15:30,930,-6044
0040,15:35,935,-6044
0040,15:40,940,-6044
0040,15:45,945,-7467
0040,15:50,950,-7467
0040,15:55,955,-7467
0040,16:00,960,-7467
0040,16:05,965,-7467
0040,16:10,970,-8533
0040,16:15,975,-8533
0040,16:20,980,-8533
0040,16:25,985,-8533
0040,16:30,990,-8533
0040,16:35,995,-8533
0040,16:40,1000,-8533
0040,16:45,1005,-8533
0040,16:50,1010,-8533
0040,16:55,1015,-8533
0040,17:00,1020,-8533
0040,17:05,1025,-8533
0040,17:10,1030,-8533
0040,17:15,1035,-8533
0040,17:20,1040,-8533
0040,17:25,1045,-8533
0040,17:30,1050,-8533
0040,17:35,1055,-8533
0040,17:40,1060,-8533
0040,17:45,1065,-8533
0040,17:50,1070,-8711
0040,17:55,1075,-8711
0040,18:00,1080,-8711
0040,18:05,1085,-8711
0040,18:10,1090,-8711
0040,18:15,1095,-8711
0040,18:20,1100,-8711
0040,18:25,1105,-8711
0040,18:30,1110,-8711
0040,18:35,1115,-8711
0040,18:40,1120,-8711
0040,18:45,1125,-8711
0040,18:50,1130,-8711
0040,18:55,1135,-8711
0040,19:00,1140,-8711
0040,19:05,1145,-8711
0040,19:10,1150,-8711
0040,19:15,1155,-8711
0040,19:20,1160,-8711
0040,19:25,1165,-8711
0040,19:30,1170,-8711
0040,19:35,1175,-8711
0040,19:40,1180,-8711
0040,19:45,1185,-9244
0040,19:50,1190,-9244
0040,19:55,1195,-9244
0040,20:00,1200,-9244
0040,20:05,1205,-9244
0040,20:10,1210,-10133
0040,20:15,1215,-10133
0040,20:20,1220,-10133
0040,20:25,1225,-10133
0040,20:30,1230,-11378
0040,20:35,1235,-11378
0040,20:40,1240,-11378
0040,20:45,1245,-9067
0040,20:50,1250,-9067
0040,20:55,1255,-9067
0040,21:00,1260,-9067
0040,21:05,1265,-9067
0040,21:10,1270,-10489
0040,21:15,1275,-10489
0040,21:20,1280,-10489
0040,21:25,1285,-10489
0040,21:30,1290,-12089
0040,21:35,1295,-12089
0040,21:40,1300,-12089
0040,21:45,1305,-13511
0040,21:50,1310,-13511
0040,21:55,1315,-13511
0040,22:00,1320,-13511
0040,22:05,1325,-13511
0040,22:10,1330,-13511
0040,22:15,1335,-13511
0040,22:20,1340,-13511
0040,22:25,1345,-13511
0040,22:30,1350,-13511
0040,22:35,1355,-13511
0040,22:40,1360,-13511
0040,22:45,1365,-13511
0040,22:50,1370,-13511
0040,22:55,1375,-13511
0040,23:00,1380,-13511
0040,23:05,1385,-13511
0040,23:10,1390,-13511
0040,23:15,1395,-13511
0040,23:16,1396,-13511
0040,23:20,1400,-13511
0041,09:00,540,0
0041,09:05,545,0
0041,09:10,550,0
0041,09:15,555,0
0041,09:20,560,0
0041,09:25,565,0
0041,09:30,570,0
0041,09:35,575,0
0041,09:40,580,0
0041,09:45,585,0
0041,09:50,590,0
0041,09:55,595,0
0041,10:00,600,0
0041,10:05,605,0
0041,10:10,610,-356
0041,10:15,615,-356
0041,10:20,620,-356
0041,10:25,625,-711
0041,10:30,630,-711
0041,10:35,635,-711
0041,10:40,640,-1067
0041,10:45,645,-1067
0041,10:50,650,-1067
0041,10:55,655,-1067
0041,11:00,660,1034
0041,11:05,665,1034
0041,11:10,670,517
0041,11:15,675,517
0041,11:20,680,517
0041,11:25,685,517
0041,11:30,690,-1244
0041,11:35,695,-1244
0041,11:40,700,-1244
0041,11:45,705,-533
0041,11:50,710,-533
0041,11:55,715,-533
0041,12:00,720,-533
0041,12:05,725,345
0041,12:10,730,345
0041,12:15,735,345
0041,12:20,740,345
0041,12:25,745,345
0041,12:30,750,3793
0041,12:35,755,3793
0041,12:40,760,3793
0041,12:45,765,3793
0041,12:50,770,3793
0041,12:55,775,3793
0041,13:00,780,3793
0041,13:05,785,3793
0041,13:10,790,3793
0041,13:15,795,3793
0041,13:20,800,3793
0041,13:25,805,3793
0041,13:30,810,3793
0041,13:35,815,3793
0041,13:40,820,3793
0041,13:45,825,3793
0041,13:50,830,2586
0041,13:55,835,2586
0041,14:00,840,2586
0041,14:05,845,2586
0041,14:10,850,1379
0041,14:15,855,1379
0041,14:20,860,1379
0041,14:25,865,1379
0041,14:30,870,-178
0041,14:35,875,-178
0041,14:40,880,-178
0041,14:45,885,-1422
0041,14:50,890,-1422
0041,14:55,895,-1422
0041,15:00,900,-1422
0041,15:05,905,-1422
0041,15:10,910,-2667
0041,15:15,915,-2667
0041,15:20,920,-2667
0041,15:25,925,-2667
0041,15:30,930,2759
0041,15:35,935,2759
0041,15:40,940,2759
0041,15:45,945,2241
0041,15:50,950,2241
0041,15:55,955,2241
0041,16:00,960,2241
0041,16:05,965,2241
0041,16:10,970,1897
0041,16:15,975,1897
0041,16:20,980,1897
0041,16:25,985,1897
0041,16:30,990,1897
0041,16:35,995,1897
0041,16:40,1000,1897
0041,16:45,1005,1897
0041,16:50,1010,2759
0041,16:55,1015,2759
0041,17:00,1020,2759
0041,17:05,1025,8103
0041,17:10,1030,8103
0041,17:15,1035,8103
0041,17:20,1040,8103
0041,17:25,1045,8103
0041,17:30,1050,13621
0041,17:35,1055,13621
0041,17:40,1060,13621
0041,17:45,1065,13621
0041,17:50,1070,14483
0041,17:55,1075,14483
0041,18:00,1080,14483
0041,18:05,1085,14483
0041,18:10,1090,14483
0041,18:15,1095,14483
0041,18:20,1100,14483
0041,18:25,1105,14483
0041,18:30,1110,14483
0041,18:35,1115,14483
0041,18:40,1120,14483
0041,18:45,1125,14483
0041,18:50,1130,14483
0041,18:55,1135,14483
0041,19:00,1140,14483
0041,19:05,1145,14483
0041,19:10,1150,14483
0041,19:15,1155,14483
0041,19:20,1160,14483
0041,19:25,1165,14483
0041,19:30,1170,14483
0041,19:35,1175,14483
0041,19:40,1180,14483
0041,19:45,1185,14483
0041,19:50,1190,14483
0041,19:55,1195,14483
0041,20:00,1200,14483
0041,20:05,1205,14483
0041,20:10,1210,14483
0041,20:15,1215,14483
0041,20:20,1220,14483
0041,20:25,1225,14483
0041,20:30,1230,14138
0041,20:35,1235,14138
0041,20:40,1240,14138
0041,20:45,1245,14138
0041,20:50,1250,14138
0041,20:55,1255,14138
0041,21:00,1260,14138
0041,21:05,1265,14138
0041,21:10,1270,14138
0041,21:15,1275,14138
0041,21:20,1280,14138
0041,21:25,1285,14138
0041,21:30,1290,14138
0041,21:35,1295,14138
0041,21:40,1300,14138
0041,21:45,1305,14138
0041,21:50,1310,14138
0041,21:55,1315,14138
0041,22:00,1320,14138
0041,22:05,1325,14138
0041,22:10,1330,14138
0041,22:15,1335,14138
0041,22:20,1340,14138
0041,22:25,1345,14138
0041,22:30,1350,14138
0041,22:35,1355,14138
0041,22:40,1360,14138
0041,22:45,1365,14138
0041,22:50,1370,14138
0041,22:55,1375,14138
0041,23:00,1380,14138
0041,23:05,1385,14138
0041,23:10,1390,14138
0041,23:15,1395,14138
0041,23:16,1396,14138
0041,23:20,1400,14138
0042,09:00,540,0
0042,09:05,545,0
0042,09:10,550,0
0042,09:15,555,0
0042,09:20,560,0
0042,09:25,565,0
0042,09:30,570,0
0042,09:35,575,0
0042,09:40,580,0
0042,09:45,585,0
0042,09:50,590,0
0042,09:55,595,0
0042,10:00,600,0
0042,10:05,605,0
0042,10:10,610,0
0042,10:15,615,0
0042,10:20,620,0
0042,10:25,625,0
0042,10:30,630,0
0042,10:35,635,0
0042,10:40,640,0
0042,10:45,645,0
0042,10:50,650,0
0042,10:55,655,0
0042,11:00,660,-178
0042,11:05,665,-178
0042,11:10,670,-178
0042,11:15,675,-178
0042,11:20,680,-178
0042,11:25,685,-178
0042,11:30,690,-178
0042,11:35,695,-178
0042,11:40,700,-178
0042,11:45,705,-711
0042,11:50,710,-711
0042,11:55,715,-711
0042,12:00,720,-711
0042,12:05,725,-711
0042,12:10,730,-711
0042,12:15,735,-711
0042,12:20,740,-711
0042,12:25,745,-711
0042,12:30,750,259
0042,12:35,755,259
0042,12:40,760,259
0042,12:45,765,259
0042,12:50,770,-1244
0042,12:55,775,-1244
0042,13:00,780,-1244
0042,13:05,785,-1244
0042,13:10,790,-1244
0042,13:15,795,-1244
0042,13:20,800,-1244
0042,13:25,805,-1244
0042,13:30,810,-1244
0042,13:35,815,-1244
0042,13:40,820,-1244
0042,13:45,825,-1244
0042,13:50,830,-2133
0042,13:55,835,-2133
0042,14:00,840,-2133
0042,14:05,845,-2133
0042,14:10,850,-2133
0042,14:15,855,-2133
0042,14:20,860,-2133
0042,14:25,865,-2133
0042,14:30,870,-2400
0042,14:35,875,-2400
0042,14:40,880,-2400
0042,14:45,885,-2844
0042,14:50,890,-2844
0042,14:55,895,-2844
0042,15:00,900,-2844
0042,15:05,905,-2844
0042,15:10,910,862
0042,15:15,915,862
0042,15:20,920,862
0042,15:25,925,862
0042,15:30,930,6293
0042,15:35,935,6293
0042,15:40,940,6293
0042,15:45,945,6207
0042,15:50,950,6207
0042,15:55,955,6207
0042,16:00,960,6207
0042,16:05,965,6207
0042,16:10,970,6207
0042,16:15,975,6207
0042,16:20,980,6207
0042,16:25,985,6207
0042,16:30,990,6207
0042,16:35,995,6207
0042,16:40,1000,6207
0042,16:45,1005,6207
0042,16:50,1010,5776
0042,16:55,1015,5776
0042,17:00,1020,5776
0042,17:05,1025,4741
0042,17:10,1030,4741
0042,17:15,1035,4741
0042,17:20,1040,4741
0042,17:25,1045,4741
0042,17:30,1050,8190
0042,17:35,1055,8190
0042,17:40,1060,8190
0042,17:45,1065,8190
0042,17:50,1070,8190
0042,17:55,1075,8190
0042,18:00,1080,8190
0042,18:05,1085,8190
0042,18:10,1090,7759
0042,18:15,1095,7759
0042,18:20,1100,7759
0042,18:25,1105,7500
0042,18:30,1110,7500
0042,18:35,1115,7500
0042,18:40,1120,7500
0042,18:45,1125,7500
0042,18:50,1130,8190
0042,18:55,1135,8190
0042,19:00,1140,8190
0042,19:05,1145,8190
0042,19:10,1150,8103
0042,19:15,1155,8103
0042,19:20,1160,8103
0042,19:25,1165,8103
0042,19:30,1170,8103
0042,19:35,1175,8103
0042,19:40,1180,8103
0042,19:45,1185,8017
0042,19:50,1190,8017
0042,19:55,1195,8017
0042,20:00,1200,8017
0042,20:05,1205,8017
0042,20:10,1210,7931
0042,20:15,1215,7931
0042,20:20,1220,7931
0042,20:25,1225,7931
0042,20:30,1230,7931
0042,20:35,1235,7931
0042,20:40,1240,7931
0042,20:45,1245,7931
0042,20:50,1250,7931
0042,20:55,1255,7931
0042,21:00,1260,7931
0042,21:05,1265,7931
0042,21:10,1270,7931
0042,21:15,1275,7931
0042,21:20,1280,7931
0042,21:25,1285,7931
0042,21:30,1290,7586
0042,21:35,1295,7586
0042,21:40,1300,7586
0042,21:45,1305,7586
0042,21:50,1310,7586
0042,21:55,1315,7586
0042,22:00,1320,7586
0042,22:05,1325,7586
0042,22:10,1330,7586
0042,22:15,1335,7586
0042,22:20,1340,7586
0042,22:25,1345,7586
0042,22:30,1350,7586
0042,22:35,1355,7586
0042,22:40,1360,7586
0042,22:45,1365,7586
0042,22:50,1370,7586
0042,22:55,1375,7586
0042,23:00,1380,7586
0042,23:05,1385,7586
0042,23:10,1390,7586
0042,23:15,1395,7586
0042,23:16,1396,7586
0042,23:20,1400,7586
0043,09:00,540,0
0043,09:05,545,0
0043,09:10,550,0
0043,09:15,555,0
0043,09:20,560,0
0043,09:25,565,0
0043,09:30,570,0
0043,09:35,575,0
0043,09:40,580,0
0043,09:45,585,0
0043,09:50,590,0
0043,09:55,595,0
0043,10:00,600,0
0043,10:05,605,0
0043,10:10,610,0
0043,10:15,615,0
0043,10:20,620,0
0043,10:25,625,0
0043,10:30,630,0
0043,10:35,635,0
0043,10:40,640,0
0043,10:45,645,0
0043,10:50,650,0
0043,10:55,655,0
0043,11:00,660,0
0043,11:05,665,0
0043,11:10,670,0
0043,11:15,675,0
0043,11:20,680,0
0043,11:25,685,0
0043,11:30,690,0
0043,11:35,695,0
0043,11:40,700,0
0043,11:45,705,0
0043,11:50,710,0
0043,11:55,715,0
0043,12:00,720,0
0043,12:05,725,0
0043,12:10,730,0
0043,12:15,735,0
0043,12:20,740,0
0043,12:25,745,0
0043,12:30,750,0
0043,12:35,755,0
0043,12:40,760,0
0043,12:45,765,0
0043,12:50,770,0
0043,12:55,775,0
0043,13:00,780,0
0043,13:05,785,-1244
0043,13:10,790,-1244
0043,13:15,795,-1244
0043,13:20,800,-1244
0043,13:25,805,-2844
0043,13:30,810,-2844
0043,13:35,815,-2844
0043,13:40,820,-2844
0043,13:45,825,-2844
0043,13:50,830,-3200
0043,13:55,835,-3200
0043,14:00,840,-3200
0043,14:05,845,-3200
0043,14:10,850,-3556
0043,14:15,855,-3556
0043,14:20,860,-3556
0043,14:25,865,-3556
0043,14:30,870,1724
0043,14:35,875,1724
0043,14:40,880,1724
0043,14:45,885,2414
0043,14:50,890,2414
0043,14:55,895,2414
0043,15:00,900,2414
0043,15:05,905,2414
0043,15:10,910,1379
0043,15:15,915,1379
0043,15:20,920,1379
0043,15:25,925,1379
0043,15:30,930,172
0043,15:35,935,172
0043,15:40,940,172
0043,15:45,945,172
0043,15:50,950,172
0043,15:55,955,172
0043,16:00,960,172
0043,16:05,965,172
0043,16:10,970,172
0043,16:15,975,172
0043,16:20,980,172
0043,16:25,985,172
0043,16:30,990,-356
0043,16:35,995,-356
0043,16:40,1000,-356
0043,16:45,1005,-356
0043,16:50,1010,-533
0043,16:55,1015,-533
0043,17:00,1020,-533
0043,17:05,1025,-1778
0043,17:10,1030,-1778
0043,17:15,1035,-1778
0043,17:20,1040,-1778
0043,17:25,1045,-1778
0043,17:30,1050,-1778
0043,17:35,1055,-1778
0043,17:40,1060,-1778
0043,17:45,1065,-1778
0043,17:50,1070,-1778
0043,17:55,1075,-1778
0043,18:00,1080,-1778
0043,18:05,1085,-1778
0043,18:10,1090,-1956
0043,18:15,1095,-1956
0043,18:20,1100,-1956
0043,18:25,1105,-2667
0043,18:30,1110,-2667
0043,18:35,1115,-2667
0043,18:40,1120,-2667
0043,18:45,1125,-2667
0043,18:50,1130,-2667
0043,18:55,1135,-2667
0043,19:00,1140,-2667
0043,19:05,1145,-2667
0043,19:10,1150,-3200
0043,19:15,1155,-3200
0043,19:20,1160,-3200
0043,19:25,1165,2586
0043,19:30,1170,2586
0043,19:35,1175,2586
0043,19:40,1180,2586
0043,19:45,1185,10000
0043,19:50,1190,10000
0043,19:55,1195,10000
0043,20:00,1200,10000
0043,20:05,1205,10000
0043,20:10,1210,11034
0043,20:15,1215,11034
0043,20:20,1220,11034
0043,20:25,1225,11034
0043,20:30,1230,11034
0043,20:35,1235,11034
0043,20:40,1240,11034
0043,20:45,1245,11034
0043,20:50,1250,11034
0043,20:55,1255,11034
0043,21:00,1260,11034
0043,21:05,1265,11034
0043,21:10,1270,11034
0043,21:15,1275,11034
0043,21:20,1280,11034
0043,21:25,1285,11034
0043,21:30,1290,10862
0043,21:35,1295,10862
0043,21:40,1300,10862
0043,21:45,1305,10862
0043,21:50,1310,10862
0043,21:55,1315,10862
0043,22:00,1320,10862
0043,22:05,1325,10862
0043,22:10,1330,10862
0043,22:15,1335,10862
0043,22:20,1340,10862
0043,22:25,1345,10862
0043,22:30,1350,10862
0043,22:35,1355,10862
0043,22:40,1360,10862
0043,22:45,1365,10862
0043,22:50,1370,10862
0043,22:55,1375,10862
0043,23:00,1380,10862
0043,23:05,1385,10862
0043,23:10,1390,10862
0043,23:15,1395,10862
0043,23:16,1396,10862
0043,23:20,1400,10862
0044,09:00,540,0
0044,09:05,545,0
0044,09:10,550,0
0044,09:15,555,0
0044,09:20,560,0
0044,09:25,565,0
0044,09:30,570,0
0044,09:35,575,0
0044,09:40,580,0
0044,09:45,585,0
0044,09:50,590,0
0044,09:55,595,0
0044,10:00,600,0
0044,10:05,605,0
0044,10:10,610,0
0044,10:15,615,0
0044,10:20,620,0
0044,10:25,625,0
0044,10:30,630,0
0044,10:35,635,0
0044,10:40,640,0
0044,10:45,645,0
0044,10:50,650,0
0044,10:55,655,0
0044,11:00,660,0
0044,11:05,665,0
0044,11:10,670,0
0044,11:15,675,0
0044,11:20,680,0
0044,11:25,685,0
0044,11:30,690,0
0044,11:35,695,0
0044,11:40,700,0
0044,11:45,705,0
0044,11:50,710,0
0044,11:55,715,0
0044,12:00,720,0
0044,12:05,725,-533
0044,12:10,730,-533
0044,12:15,735,-533
0044,12:20,740,-533
0044,12:25,745,-533
0044,12:30,750,172
0044,12:35,755,172
0044,12:40,760,172
0044,12:45,765,172
0044,12:50,770,3966
0044,12:55,775,3966
0044,13:00,780,3966
0044,13:05,785,3276
0044,13:10,790,3276
0044,13:15,795,3276
0044,13:20,800,3276
0044,13:25,805,2069
0044,13:30,810,2069
0044,13:35,815,2069
0044,13:40,820,2069
0044,13:45,825,2069
0044,13:50,830,2414
0044,13:55,835,2414
0044,14:00,840,2414
0044,14:05,845,2414
0044,14:10,850,9138
0044,14:15,855,9138
0044,14:20,860,9138
0044,14:25,865,9138
0044,14:30,870,15862
0044,14:35,875,15862
0044,14:40,880,15862
0044,14:45,885,16724
0044,14:50,890,16724
0044,14:55,895,16724
0044,15:00,900,16724
0044,15:05,905,16724
0044,15:10,910,15690
0044,15:15,915,15690
0044,15:20,920,15690
0044,15:25,925,15690
0044,15:30,930,14138
0044,15:35,935,14138
0044,15:40,940,14138
0044,15:45,945,13793
0044,15:50,950,13793
0044,15:55,955,13793
0044,16:00,960,13793
0044,16:05,965,13793
0044,16:10,970,13793
0044,16:15,975,13793
0044,16:20,980,13793
0044,16:25,985,13793
0044,16:30,990,13793
0044,16:35,995,13793
0044,16:40,1000,13793
0044,16:45,1005,13793
0044,16:50,1010,13793
0044,16:55,1015,13793
0044,17:00,1020,13793
0044,17:05,1025,13793
0044,17:10,1030,13793
0044,17:15,1035,13793
0044,17:20,1040,13793
0044,17:25,1045,13793
0044,17:30,1050,15862
0044,17:35,1055,15862
0044,17:40,1060,15862
0044,17:45,1065,15862
0044,17:50,1070,15172
0044,17:55,1075,15172
0044,18:00,1080,15172
0044,18:05,1085,15172
0044,18:10,1090,15000
0044,18:15,1095,15000
0044,18:20,1100,15000
0044,18:25,1105,14483
0044,18:30,1110,14483
0044,18:35,1115,14483
0044,18:40,1120,14483
0044,18:45,1125,14483
0044,18:50,1130,13621
0044,18:55,1135,13621
0044,19:00,1140,13621
0044,19:05,1145,13621
0044,19:10,1150,13621
0044,19:15,1155,13621
0044,19:20,1160,13621
0044,19:25,1165,13448
0044,19:30,1170,13448
0044,19:35,1175,13448
0044,19:40,1180,13448
0044,19:45,1185,13448
0044,19:50,1190,13448
0044,19:55,1195,13448
0044,20:00,1200,13448
0044,20:05,1205,13448
0044,20:10,1210,13448
0044,20:15,1215,13448
0044,20:20,1220,13448
0044,20:25,1225,13448
0044,20:30,1230,13103
0044,20:35,1235,13103
0044,20:40,1240,13103
0044,20:45,1245,13103
0044,20:50,1250,13103
0044,20:55,1255,13103
0044,21:00,1260,13103
0044,21:05,1265,13103
0044,21:10,1270,13103
0044,21:15,1275,13103
0044,21:20,1280,13103
0044,21:25,1285,13103
0044,21:30,1290,12414
0044,21:35,1295,12414
0044,21:40,1300,12414
0044,21:45,1305,12414
0044,21:50,1310,12414
0044,21:55,1315,12414
0044,22:00,1320,12414
0044,22:05,1325,12414
0044,22:10,1330,12414
0044,22:15,1335,12414
0044,22:20,1340,12414
0044,22:25,1345,12414
0044,22:30,1350,12414
0044,22:35,1355,12414
0044,22:40,1360,12414
0044,22:45,1365,12414
0044,22:50,1370,12414
0044,22:55,1375,12414
0044,23:00,1380,12414
0044,23:05,1385,12414
0044,23:10,1390,12414
0044,23:15,1395,12414
0044,23:16,1396,12414
0044,23:20,1400,12414
0045,09:00,540,0
0045,09:05,545,0
0045,09:10,550,0
0045,09:15,555,0
0045,09:20,560,0
0045,09:25,565,0
0045,09:30,570,0
0045,09:35,575,0
0045,09:40,580,0
0045,09:45,585,0
0045,09:50,590,0
0045,09:55,595,0
0045,10:00,600,0
0045,10:05,605,0
0045,10:10,610,0
0045,10:15,615,0
0045,10:20,620,0
0045,10:25,625,0
0045,10:30,630,0
0045,10:35,635,0
0045,10:40,640,0
0045,10:45,645,0
0045,10:50,650,0
0045,10:55,655,0
0045,11:00,660,0
0045,11:05,665,0
0045,11:10,670,0
0045,11:15,675,0
0045,11:20,680,0
0045,11:25,685,0
0045,11:30,690,-889
0045,11:35,695,-889
0045,11:40,700,-889
0045,11:45,705,-889
0045,11:50,710,-889
0045,11:55,715,-889
0045,12:00,720,-889
0045,12:05,725,-1067
0045,12:10,730,-1067
0045,12:15,735,-1067
0045,12:20,740,-1067
0045,12:25,745,-1067
0045,12:30,750,-1067
0045,12:35,755,-1067
0045,12:40,760,-1067
0045,12:45,765,-1067
0045,12:50,770,-1244
0045,12:55,775,-1244
0045,13:00,780,-1244
0045,13:05,785,3621
0045,13:10,790,3621
0045,13:15,795,3621
0045,13:20,800,3621
0045,13:25,805,5862
0045,13:30,810,5862
0045,13:35,815,5862
0045,13:40,820,5862
0045,13:45,825,5862
0045,13:50,830,4828
0045,13:55,835,4828
0045,14:00,840,4828
0045,14:05,845,4828
0045,14:10,850,3793
0045,14:15,855,3793
0045,14:20,860,3793
0045,14:25,865,3793
0045,14:30,870,2414
0045,14:35,875,2414
0045,14:40,880,2414
0045,14:45,885,7759
0045,14:50,890,7759
0045,14:55,895,7759
0045,15:00,900,7759
0045,15:05,905,7759
0045,15:10,910,11724
0045,15:15,915,11724
0045,15:20,920,11724
0045,15:25,925,11724
0045,15:30,930,12586
0045,15:35,935,12586
0045,15:40,940,12586
0045,15:45,945,11724
0045,15:50,950,11724
0045,15:55,955,11724
0045,16:00,960,11724
0045,16:05,965,11724
0045,16:10,970,10690
0045,16:15,975,10690
0045,16:20,980,10690
0045,16:25,985,10690
0045,16:30,990,9828
0045,16:35,995,9828
0045,16:40,1000,9828
0045,16:45,1005,9828
0045,16:50,1010,8793
0045,16:55,1015,8793
0045,17:00,1020,8793
0045,17:05,1025,7759
0045,17:10,1030,7759
0045,17:15,1035,7759
0045,17:20,1040,7759
0045,17:25,1045,7759
0045,17:30,1050,7759
0045,17:35,1055,7759
0045,17:40,1060,7759
0045,17:45,1065,7759
0045,17:50,1070,7759
0045,17:55,1075,7759
0045,18:00,1080,7759
0045,18:05,1085,7759
0045,18:10,1090,7759
0045,18:15,1095,7759
0045,18:20,1100,7759
0045,18:25,1105,7759
0045,18:30,1110,7759
0045,18:35,1115,7759
0045,18:40,1120,7759
0045,18:45,1125,7759
0045,18:50,1130,7241
0045,18:55,1135,7241
0045,19:00,1140,7241
0045,19:05,1145,7241
0045,19:10,1150,7241
0045,19:15,1155,7241
0045,19:20,1160,7241
0045,19:25,1165,7241
0045,19:30,1170,7241
0045,19:35,1175,7241
0045,19:40,1180,7241
0045,19:45,1185,7241
0045,19:50,1190,7241
0045,19:55,1195,7241
0045,20:00,1200,7241
0045,20:05,1205,7241
0045,20:10,1210,7241
0045,20:15,1215,7241
0045,20:20,1220,7241
0045,20:25,1225,7241
0045,20:30,1230,6724
0045,20:35,1235,6724
0045,20:40,1240,6724
0045,20:45,1245,6207
0045,20:50,1250,6207
0045,20:55,1255,6207
0045,21:00,1260,6207
0045,21:05,1265,6207
0045,21:10,1270,5345
0045,21:15,1275,5345
0045,21:20,1280,5345
0045,21:25,1285,5345
0045,21:30,1290,5172
0045,21:35,1295,5172
0045,21:40,1300,5172
0045,21:45,1305,5172
0045,21:50,1310,5172
0045,21:55,1315,5172
0045,22:00,1320,5172
0045,22:05,1325,5172
0045,22:10,1330,5172
0045,22:15,1335,5172
0045,22:20,1340,5172
0045,22:25,1345,5172
0045,22:30,1350,5172
0045,22:35,1355,5172
0045,22:40,1360,5172
0045,22:45,1365,5172
0045,22:50,1370,5172
0045,22:55,1375,5172
0045,23:00,1380,5172
0045,23:05,1385,5172
0045,23:10,1390,5172
0045,23:15,1395,5172
0045,23:16,1396,5172
0045,23:20,1400,5172
0046,09:00,540,0
0046,09:05,545,0
0046,09:10,550,0
0046,09:15,555,0
0046,09:20,560,0
0046,09:25,565,0
0046,09:30,570,0
0046,09:35,575,0
0046,09:40,580,0
0046,09:45,585,0
0046,09:50,590,0
0046,09:55,595,0
0046,10:00,600,0
0046,10:05,605,0
0046,10:10,610,0
0046,10:15,615,0
0046,10:20,620,0
0046,10:25,625,0
0046,10:30,630,0
0046,10:35,635,0
0046,10:40,640,0
0046,10:45,645,0
0046,10:50,650,0
0046,10:55,655,0
0046,11:00,660,0
0046,11:05,665,0
0046,11:10,670,0
0046,11:15,675,0
0046,11:20,680,0
0046,11:25,685,0
0046,11:30,690,-1067
0046,11:35,695,-1067
0046,11:40,700,-1067
0046,11:45,705,-2667
0046,11:50,710,-2667
0046,11:55,715,-2667
0046,12:00,720,-2667
0046,12:05,725,-4089
0046,12:10,730,-4089
0046,12:15,735,-4089
0046,12:20,740,-4089
0046,12:25,745,-4089
0046,12:30,750,-4089
0046,12:35,755,-4089
0046,12:40,760,-4089
0046,12:45,765,-4089
0046,12:50,770,-4800
0046,12:55,775,-4800
0046,13:00,780,-4800
0046,13:05,785,-5689
0046,13:10,790,-5689
0046,13:15,795,-5689
0046,13:20,800,-5689
0046,13:25,805,-5689
0046,13:30,810,-5689
0046,13:35,815,-5689
0046,13:40,820,-5689
0046,13:45,825,-5689
0046,13:50,830,-6222
0046,13:55,835,-6222
0046,14:00,840,-6222
0046,14:05,845,-6222
0046,14:10,850,-6933
0046,14:15,855,-6933
0046,14:20,860,-6933
0046,14:25,865,-6933
0046,14:30,870,-6933
0046,14:35,875,-6933
0046,14:40,880,-6933
0046,14:45,885,-7111
0046,14:50,890,-7111
0046,14:55,895,-7111
0046,15:00,900,-7111
0046,15:05,905,-7111
0046,15:10,910,-8178
0046,15:15,915,-8178
0046,15:20,920,-8178
0046,15:25,925,-8178
0046,15:30,930,-5867
0046,15:35,935,-5867
0046,15:40,940,-5867
0046,15:45,945,-7289
0046,15:50,950,-7289
0046,15:55,955,-7289
0046,16:00,960,-7289
0046,16:05,965,-7289
0046,16:10,970,-7822
0046,16:15,975,-7822
0046,16:20,980,-7822
0046,16:25,985,-7822
0046,16:30,990,-7822
0046,16:35,995,-7822
0046,16:40,1000,-7822
0046,16:45,1005,-7822
0046,16:50,1010,-8178
0046,16:55,1015,-8178
0046,17:00,1020,-8178
0046,17:05,1025,-8178
0046,17:10,1030,-8178
0046,17:15,1035,-8178
0046,17:20,1040,-8178
0046,17:25,1045,-8178
0046,17:30,1050,-8711
0046,17:35,1055,-8711
0046,17:40,1060,-8711
0046,17:45,1065,-8711
0046,17:50,1070,-9244
0046,17:55,1075,-9244
0046,18:00,1080,-9244
0046,18:05,1085,-9244
0046,18:10,1090,-9422
0046,18:15,1095,-9422
0046,18:20,1100,-9422
0046,18:25,1105,-11022
0046,18:30,1110,-11022
0046,18:35,1115,-11022
0046,18:40,1120,-11022
0046,18:45,1125,-11022
0046,18:50,1130,-11911
0046,18:55,1135,-11911
0046,19:00,1140,-11911
0046,19:05,1145,-11911
0046,19:10,1150,-12267
0046,19:15,1155,-12267
0046,19:20,1160,-12267
0046,19:25,1165,-12978
0046,19:30,1170,-12978
0046,19:35,1175,-12978
0046,19:40,1180,-12978
0046,19:45,1185,-6222
0046,19:50,1190,-6222
0046,19:55,1195,-6222
0046,20:00,1200,-6222
0046,20:05,1205,-6222
0046,20:10,1210,0
0046,20:15,1215,0
0046,20:20,1220,0
0046,20:25,1225,0
0046,20:30,1230,7586
0046,20:35,1235,7586
0046,20:40,1240,7586
0046,20:45,1245,8793
0046,20:50,1250,8793
0046,20:55,1255,8793
0046,21:00,1260,8793
0046,21:05,1265,8793
0046,21:10,1270,8793
0046,21:15,1275,8793
0046,21:20,1280,8793
0046,21:25,1285,8793
0046,21:30,1290,8793
0046,21:35,1295,8793
0046,21:40,1300,8793
0046,21:45,1305,8793
0046,21:50,1310,8793
0046,21:55,1315,8793
0046,22:00,1320,8793
0046,22:05,1325,8793
0046,22:10,1330,8793
0046,22:15,1335,8793
0046,22:20,1340,8793
0046,22:25,1345,8793
0046,22:30,1350,8793
0046,22:35,1355,8793
0046,22:40,1360,8793
0046,22:45,1365,8793
0046,22:50,1370,8793
0046,22:55,1375,8793
0046,23:00,1380,8793
0046,23:05,1385,8793
0046,23:10,1390,8793
0046,23:15,1395,8793
0046,23:16,1396,8793
0046,23:20,1400,8793
0047,09:00,540,0
0047,09:05,545,0
0047,09:10,550,0
0047,09:15,555,0
0047,09:20,560,0
0047,09:25,565,0
0047,09:30,570,0
0047,09:35,575,0
0047,09:40,580,0
0047,09:45,585,0
0047,09:50,590,0
0047,09:55,595,0
0047,10:00,600,0
0047,10:05,605,0
0047,10:10,610,0
0047,10:15,615,0
0047,10:20,620,0
0047,10:25,625,0
0047,10:30,630,0
0047,10:35,635,0
0047,10:40,640,0
0047,10:45,645,0
0047,10:50,650,0
0047,10:55,655,0
0047,11:00,660,0
0047,11:05,665,0
0047,11:10,670,0
0047,11:15,675,0
0047,11:20,680,0
0047,11:25,685,0
0047,11:30,690,0
0047,11:35,695,0
0047,11:40,700,0
0047,11:45,705,0
0047,11:50,710,0
0047,11:55,715,0
0047,12:00,720,0
0047,12:05,725,-711
0047,12:10,730,-711
0047,12:15,735,-711
0047,12:20,740,-711
0047,12:25,745,-711
0047,12:30,750,-1956
0047,12:35,755,-1956
0047,12:40,760,-1956
0047,12:45,765,-1956
0047,12:50,770,-3200
0047,12:55,775,-3200
0047,13:00,780,-3200
0047,13:05,785,-3200
0047,13:10,790,-3200
0047,13:15,795,-3200
0047,13:20,800,-3200
0047,13:25,805,-3911
0047,13:30,810,-3911
0047,13:35,815,-3911
0047,13:40,820,-3911
0047,13:45,825,-3911
0047,13:50,830,-4267
0047,13:55,835,-4267
0047,14:00,840,-4267
0047,14:05,845,-4267
0047,14:10,850,-4622
0047,14:15,855,-4622
0047,14:20,860,-4622
0047,14:25,865,-4622
0047,14:30,870,-4800
0047,14:35,875,-4800
0047,14:40,880,-4800
0047,14:45,885,-4800
0047,14:50,890,-4800
0047,14:55,895,-4800
0047,15:00,900,-4800
0047,15:05,905,-4800
0047,15:10,910,-5156
0047,15:15,915,-5156
0047,15:20,920,-5156
0047,15:25,925,-5156
0047,15:30,930,-6578
0047,15:35,935,-6578
0047,15:40,940,-6578
0047,15:45,945,-6578
0047,15:50,950,-6578
0047,15:55,955,-6578
0047,16:00,960,-6578
0047,16:05,965,-6578
0047,16:10,970,-7289
0047,16:15,975,-7289
0047,16:20,980,-7289
0047,16:25,985,-7289
0047,16:30,990,-3911
0047,16:35,995,-3911
0047,16:40,1000,-3911
0047,16:45,1005,-3911
0047,16:50,1010,-1600
0047,16:55,1015,-1600
0047,17:00,1020,-1600
0047,17:05,1025,-2489
0047,17:10,1030,-2489
0047,17:15,1035,-2489
0047,17:20,1040,-2489
0047,17:25,1045,-2489
0047,17:30,1050,-3378
0047,17:35,1055,-3378
0047,17:40,1060,-3378
0047,17:45,1065,-3378
0047,17:50,1070,-3733
0047,17:55,1075,-3733
0047,18:00,1080,-3733
0047,18:05,1085,-3733
0047,18:10,1090,-2311
0047,18:15,1095,-2311
0047,18:20,1100,-2311
0047,18:25,1105,6552
0047,18:30,1110,6552
0047,18:35,1115,6552
0047,18:40,1120,6552
0047,18:45,1125,6552
0047,18:50,1130,10690
0047,18:55,1135,10690
0047,19:00,1140,10690
0047,19:05,1145,10690
0047,19:10,1150,10690
0047,19:15,1155,10690
0047,19:20,1160,10690
0047,19:25,1165,10690
0047,19:30,1170,10690
0047,19:35,1175,10690
0047,19:40,1180,10690
0047,19:45,1185,10690
0047,19:50,1190,10690
0047,19:55,1195,10690
0047,20:00,1200,10690
0047,20:05,1205,10690
0047,20:10,1210,10345
0047,20:15,1215,10345
0047,20:20,1220,10345
0047,20:25,1225,10345
0047,20:30,1230,10345
0047,20:35,1235,10345
0047,20:40,1240,10345
0047,20:45,1245,10345
0047,20:50,1250,10345
0047,20:55,1255,10345
0047,21:00,1260,10345
0047,21:05,1265,10345
0047,21:10,1270,10345
0047,21:15,1275,10345
0047,21:20,1280,10345
0047,21:25,1285,10345
0047,21:30,1290,10345
0047,21:35,1295,10345
0047,21:40,1300,10345
0047,21:45,1305,10345
0047,21:50,1310,10345
0047,21:55,1315,10345
0047,22:00,1320,10345
0047,22:05,1325,10345
0047,22:10,1330,10345
0047,22:15,1335,10345
0047,22:20,1340,10345
0047,22:25,1345,10345
0047,22:30,1350,10345
0047,22:35,1355,10345
0047,22:40,1360,10345
0047,22:45,1365,10345
0047,22:50,1370,10345
0047,22:55,1375,10345
0047,23:00,1380,10345
0047,23:05,1385,10345
0047,23:10,1390,10345
0047,23:15,1395,10345
0047,23:16,1396,10345
0047,23:20,1400,10345
0048,09:00,540,0
0048,09:05,545,0
0048,09:10,550,0
0048,09:15,555,0
0048,09:20,560,0
0048,09:25,565,0
0048,09:30,570,0
0048,09:35,575,0
0048,09:40,580,0
0048,09:45,585,0
0048,09:50,590,0
0048,09:55,595,0
0048,10:00,600,0
0048,10:05,605,0
0048,10:10,610,0
0048,10:15,615,0
0048,10:20,620,0
0048,10:25,625,0
0048,10:30,630,0
0048,10:35,635,0
0048,10:40,640,0
0048,10:45,645,0
0048,10:50,650,0
0048,10:55,655,0
0048,11:00,660,0
0048,11:05,665,0
0048,11:10,670,0
0048,11:15,675,0
0048,11:20,680,0
0048,11:25,685,0
0048,11:30,690,-1277
0048,11:35,695,-1277
0048,11:40,700,-1277
0048,11:45,705,992
0048,11:50,710,992
0048,11:55,715,992
0048,12:00,720,992
0048,12:05,725,248
0048,12:10,730,248
0048,12:15,735,248
0048,12:20,740,248
0048,12:25,745,248
0048,12:30,750,5207
0048,12:35,755,5207
0048,12:40,760,5207
0048,12:45,765,5207
0048,12:50,770,10413
0048,12:55,775,10413
0048,13:00,780,10413
0048,13:05,785,11157
0048,13:10,790,11157
0048,13:15,795,11157
0048,13:20,800,11157
0048,13:25,805,10165
0048,13:30,810,10165
0048,13:35,815,10165
0048,13:40,820,10165
0048,13:45,825,10165
0048,13:50,830,12149
0048,13:55,835,12149
0048,14:00,840,12149
0048,14:05,845,12149
0048,14:10,850,14628
0048,14:15,855,14628
0048,14:20,860,14628
0048,14:25,865,14628
0048,14:30,870,13388
0048,14:35,875,13388
0048,14:40,880,13388
0048,14:45,885,12149
0048,14:50,890,12149
0048,14:55,895,12149
0048,15:00,900,12149
0048,15:05,905,12149
0048,15:10,910,11157
0048,15:15,915,11157
0048,15:20,920,11157
0048,15:25,925,11157
0048,15:30,930,10413
0048,15:35,935,10413
0048,15:40,940,10413
0048,15:45,945,9669
0048,15:50,950,9669
0048,15:55,955,9669
0048,16:00,960,9669
0048,16:05,965,9669
0048,16:10,970,9669
0048,16:15,975,9669
0048,16:20,980,9669
0048,16:25,985,9669
0048,16:30,990,9669
0048,16:35,995,9669
0048,16:40,1000,9669
0048,16:45,1005,9669
0048,16:50,1010,9174
0048,16:55,1015,9174
0048,17:00,1020,9174
0048,17:05,1025,8926
0048,17:10,1030,8926
0048,17:15,1035,8926
0048,17:20,1040,8926
0048,17:25,1045,8926
0048,17:30,1050,7934
0048,17:35,1055,7934
0048,17:40,1060,7934
0048,17:45,1065,7934
0048,17:50,1070,7934
0048,17:55,1075,7934
0048,18:00,1080,7934
0048,18:05,1085,7934
0048,18:10,1090,7934
0048,18:15,1095,7934
0048,18:20,1100,7934
0048,18:25,1105,7934
0048,18:30,1110,7934
0048,18:35,1115,7934
0048,18:40,1120,7934
0048,18:45,1125,7934
0048,18:50,1130,7190
0048,18:55,1135,7190
0048,19:00,1140,7190
0048,19:05,1145,7190
0048,19:10,1150,5950
0048,19:15,1155,5950
0048,19:20,1160,5950
0048,19:25,1165,8678
0048,19:30,1170,8678
0048,19:35,1175,8678
0048,19:40,1180,8678
0048,19:45,1185,11405
0048,19:50,1190,11405
0048,19:55,1195,11405
0048,20:00,1200,11405
0048,20:05,1205,11405
0048,20:10,1210,14132
0048,20:15,1215,14132
0048,20:20,1220,14132
0048,20:25,1225,14132
0048,20:30,1230,21570
0048,20:35,1235,21570
0048,20:40,1240,21570
0048,20:45,1245,22810
0048,20:50,1250,22810
0048,20:55,1255,22810
0048,21:00,1260,22810
0048,21:05,1265,22810
0048,21:10,1270,22810
0048,21:15,1275,22810
0048,21:20,1280,22810
0048,21:25,1285,22810
0048,21:30,1290,22810
0048,21:35,1295,22810
0048,21:40,1300,22810
0048,21:45,1305,22810
0048,21:50,1310,22810
0048,21:55,1315,22810
0048,22:00,1320,22810
0048,22:05,1325,22810
0048,22:10,1330,22810
0048,22:15,1335,22810
0048,22:20,1340,22810
0048,22:25,1345,22810
0048,22:30,1350,22810
0048,22:35,1355,22810
0048,22:40,1360,22810
0048,22:45,1365,22810
0048,22:50,1370,22810
0048,22:55,1375,22810
0048,23:00,1380,22810
0048,23:05,1385,22810
0048,23:10,1390,22810
0048,23:15,1395,22810
0048,23:16,1396,22810
0048,23:20,1400,22810
0049,09:00,540,0
0049,09:05,545,0
0049,09:10,550,0
0049,09:15,555,0
0049,09:20,560,0
0049,09:25,565,0
0049,09:30,570,0
0049,09:35,575,0
0049,09:40,580,0
0049,09:45,585,0
0049,09:50,590,0
0049,09:55,595,0
0049,10:00,600,0
0049,10:05,605,0
0049,10:10,610,0
0049,10:15,615,0
0049,10:20,620,0
0049,10:25,625,-1277
0049,10:30,630,-1277
0049,10:35,635,-1277
0049,10:40,640,-2298
0049,10:45,645,-2298
0049,10:50,650,-2298
0049,10:55,655,-2298
0049,11:00,660,-3064
0049,11:05,665,-3064
0049,11:10,670,-3064
0049,11:15,675,-3064
0049,11:20,680,-3064
0049,11:25,685,-3064
0049,11:30,690,-4851
0049,11:35,695,-4851
0049,11:40,700,-4851
0049,11:45,705,-2809
0049,11:50,710,-2809
0049,11:55,715,-2809
0049,12:00,720,-2809
0049,12:05,725,-4085
0049,12:10,730,-4085
0049,12:15,735,-4085
0049,12:20,740,-4085
0049,12:25,745,-4085
0049,12:30,750,-5872
0049,12:35,755,-5872
0049,12:40,760,-5872
0049,12:45,765,-5872
0049,12:50,770,-7404
0049,12:55,775,-7404
0049,13:00,780,-7404
0049,13:05,785,-8681
0049,13:10,790,-8681
0049,13:15,795,-8681
0049,13:20,800,-8681
0049,13:25,805,-10213
0049,13:30,810,-10213
0049,13:35,815,-10213
0049,13:40,820,-10213
0049,13:45,825,-10213
0049,13:50,830,-11489
0049,13:55,835,-11489
0049,14:00,840,-11489
0049,14:05,845,-11489
0049,14:10,850,-12766
0049,14:15,855,-12766
0049,14:20,860,-12766
0049,14:25,865,-12766
0049,14:30,870,-14298
0049,14:35,875,-14298
0049,14:40,880,-14298
0049,14:45,885,-13787
0049,14:50,890,-13787
0049,14:55,895,-13787
0049,15:00,900,-13787
0049,15:05,905,-13787
0049,15:10,910,-15319
0049,15:15,915,-15319
0049,15:20,920,-15319
0049,15:25,925,-15319
0049,15:30,930,-16085
0049,15:35,935,-16085
0049,15:40,940,-16085
0049,15:45,945,-13532
0049,15:50,950,-13532
0049,15:55,955,-13532
0049,16:00,960,-13532
0049,16:05,965,-13532
0049,16:10,970,-12000
0049,16:15,975,-12000
0049,16:20,980,-12000
0049,16:25,985,-12000
0049,16:30,990,-12511
0049,16:35,995,-12511
0049,16:40,1000,-12511
0049,16:45,1005,-12511
0049,16:50,1010,-13021
0049,16:55,1015,-13021
0049,17:00,1020,-13021
0049,17:05,1025,-14043
0049,17:10,1030,-14043
0049,17:15,1035,-14043
0049,17:20,1040,-14043
0049,17:25,1045,-14043
0049,17:30,1050,-15064
0049,17:35,1055,-15064
0049,17:40,1060,-15064
0049,17:45,1065,-15064
0049,17:50,1070,-15064
0049,17:55,1075,-15064
0049,18:00,1080,-15064
0049,18:05,1085,-15064
0049,18:10,1090,-15064
0049,18:15,1095,-15064
0049,18:20,1100,-15064
0049,18:25,1105,-15064
0049,18:30,1110,-15064
0049,18:35,1115,-15064
0049,18:40,1120,-15064
0049,18:45,1125,-15064
0049,18:50,1130,-15830
0049,18:55,1135,-15830
0049,19:00,1140,-15830
0049,19:05,1145,-15830
0049,19:10,1150,-16851
0049,19:15,1155,-16851
0049,19:20,1160,-16851
0049,19:25,1165,-17362
0049,19:30,1170,-17362
0049,19:35,1175,-17362
0049,19:40,1180,-17362
0049,19:45,1185,-17362
0049,19:50,1190,-17362
0049,19:55,1195,-17362
0049,20:00,1200,-17362
0049,20:05,1205,-17362
0049,20:10,1210,-17872
0049,20:15,1215,-17872
0049,20:20,1220,-17872
0049,20:25,1225,-17872
0049,20:30,1230,-19404
0049,20:35,1235,-19404
0049,20:40,1240,-19404
0049,20:45,1245,-20170
0049,20:50,1250,-20170
0049,20:55,1255,-20170
0049,21:00,1260,-20170
0049,21:05,1265,-20170
0049,21:10,1270,-20170
0049,21:15,1275,-20170
0049,21:20,1280,-20170
0049,21:25,1285,-20170
0049,21:30,1290,-20170
0049,21:35,1295,-20170
0049,21:40,1300,-20170
0049,21:45,1305,-20170
0049,21:50,1310,-20170
0049,21:55,1315,-20170
0049,22:00,1320,-20170
0049,22:05,1325,-20170
0049,22:10,1330,-20170
0049,22:15,1335,-20170
0049,22:20,1340,-20170
0049,22:25,1345,-20170
0049,22:30,1350,-20170
0049,22:35,1355,-20170
0049,22:40,1360,-20170
0049,22:45,1365,-20170
0049,22:50,1370,-20170
0049,22:55,1375,-20170
0049,23:00,1380,-20170
0049,23:05,1385,-20170
0049,23:10,1390,-20170
0049,23:15,1395,-20170
0049,23:16,1396,-20170
0049,23:20,1400,-20170
0050,09:00,540,0
0050,09:05,545,0
0050,09:10,550,0
0050,09:15,555,0
0050,09:20,560,0
0050,09:25,565,0
0050,09:30,570,0
0050,09:35,575,0
0050,09:40,580,0
0050,09:45,585,0
0050,09:50,590,0
0050,09:55,595,0
0050,10:00,600,0
0050,10:05,605,0
0050,10:10,610,0
0050,10:15,615,0
0050,10:20,620,0
0050,10:25,625,0
0050,10:30,630,0
0050,10:35,635,0
0050,10:40,640,0
0050,10:45,645,0
0050,10:50,650,0
0050,10:55,655,0
0050,11:00,660,0
0050,11:05,665,0
0050,11:10,670,-178
0050,11:15,675,-178
0050,11:20,680,-178
0050,11:25,685,-178
0050,11:30,690,1379
0050,11:35,695,1379
0050,11:40,700,1379
0050,11:45,705,172
0050,11:50,710,172
0050,11:55,715,172
0050,12:00,720,172
0050,12:05,725,-1244
0050,12:10,730,-1244
0050,12:15,735,-1244
0050,12:20,740,-1244
0050,12:25,745,-1244
0050,12:30,750,5345
0050,12:35,755,5345
0050,12:40,760,5345
0050,12:45,765,5345
0050,12:50,770,3793
0050,12:55,775,3793
0050,13:00,780,3793
0050,13:05,785,2414
0050,13:10,790,2414
0050,13:15,795,2414
0050,13:20,800,2414
0050,13:25,805,690
0050,13:30,810,690
0050,13:35,815,690
0050,13:40,820,690
0050,13:45,825,690
0050,13:50,830,-533
0050,13:55,835,-533
0050,14:00,840,-533
0050,14:05,845,-533
0050,14:10,850,-1956
0050,14:15,855,-1956
0050,14:20,860,-1956
0050,14:25,865,-1956
0050,14:30,870,-3556
0050,14:35,875,-3556
0050,14:40,880,-3556
0050,14:45,885,-4978
0050,14:50,890,-4978
0050,14:55,895,-4978
0050,15:00,900,-4978
0050,15:05,905,-4978
0050,15:10,910,-4444
0050,15:15,915,-4444
0050,15:20,920,-4444
0050,15:25,925,-4444
0050,15:30,930,-4089
0050,15:35,935,-4089
0050,15:40,940,-4089
0050,15:45,945,-3733
0050,15:50,950,-3733
0050,15:55,955,-3733
0050,16:00,960,-3733
0050,16:05,965,-3733
0050,16:10,970,-1778
0050,16:15,975,-1778
0050,16:20,980,-1778
0050,16:25,985,-1778
0050,16:30,990,3448
0050,16:35,995,3448
0050,16:40,1000,3448
0050,16:45,1005,3448
0050,16:50,1010,7759
0050,16:55,1015,7759
0050,17:00,1020,7759
0050,17:05,1025,11724
0050,17:10,1030,11724
0050,17:15,1035,11724
0050,17:20,1040,11724
0050,17:25,1045,11724
0050,17:30,1050,11207
0050,17:35,1055,11207
0050,17:40,1060,11207
0050,17:45,1065,11207
0050,17:50,1070,14828
0050,17:55,1075,14828
0050,18:00,1080,14828
0050,18:05,1085,14828
0050,18:10,1090,17069
0050,18:15,1095,17069
0050,18:20,1100,17069
0050,18:25,1105,15517
0050,18:30,1110,15517
0050,18:35,1115,15517
0050,18:40,1120,15517
0050,18:45,1125,15517
0050,18:50,1130,17586
0050,18:55,1135,17586
0050,19:00,1140,17586
0050,19:05,1145,17586
0050,19:10,1150,17414
0050,19:15,1155,17414
0050,19:20,1160,17414
0050,19:25,1165,17414
0050,19:30,1170,17414
0050,19:35,1175,17414
0050,19:40,1180,17414
0050,19:45,1185,17414
0050,19:50,1190,17414
0050,19:55,1195,17414
0050,20:00,1200,17414
0050,20:05,1205,17414
0050,20:10,1210,16379
0050,20:15,1215,16379
0050,20:20,1220,16379
0050,20:25,1225,16379
0050,20:30,1230,16379
0050,20:35,1235,16379
0050,20:40,1240,16379
0050,20:45,1245,16379
0050,20:50,1250,16379
0050,20:55,1255,16379
0050,21:00,1260,16379
0050,21:05,1265,16379
0050,21:10,1270,16379
0050,21:15,1275,16379
0050,21:20,1280,16379
0050,21:25,1285,16379
0050,21:30,1290,16379
0050,21:35,1295,16379
0050,21:40,1300,16379
0050,21:45,1305,16379
0050,21:50,1310,16379
0050,21:55,1315,16379
0050,22:00,1320,16379
0050,22:05,1325,16379
0050,22:10,1330,16379
0050,22:15,1335,16379
0050,22:20,1340,16379
0050,22:25,1345,16379
0050,22:30,1350,16379
0050,22:35,1355,16379
0050,22:40,1360,16379
0050,22:45,1365,16379
0050,22:50,1370,16379
0050,22:55,1375,16379
0050,23:00,1380,16379
0050,23:05,1385,16379
0050,23:10,1390,16379
0050,23:15,1395,16379
0050,23:16,1396,16379
0050,23:20,1400,16379
0051,09:00,540,0
0051,09:05,545,0
0051,09:10,550,0
0051,09:15,555,0
0051,09:20,560,0
0051,09:25,565,0
0051,09:30,570,0
0051,09:35,575,0
0051,09:40,580,0
0051,09:45,585,0
0051,09:50,590,0
0051,09:55,595,0
0051,10:00,600,0
0051,10:05,605,0
0051,10:10,610,0
0051,10:15,615,0
0051,10:20,620,0
0051,10:25,625,0
0051,10:30,630,0
0051,10:35,635,0
0051,10:40,640,-178
0051,10:45,645,-178
0051,10:50,650,-178
0051,10:55,655,-178
0051,11:00,660,-1422
0051,11:05,665,-1422
0051,11:10,670,-1689
0051,11:15,675,-1689
0051,11:20,680,-1689
0051,11:25,685,-1689
0051,11:30,690,-1689
0051,11:35,695,-1689
0051,11:40,700,-1689
0051,11:45,705,-1689
0051,11:50,710,-1689
0051,11:55,715,-1689
0051,12:00,720,-1689
0051,12:05,725,-1511
0051,12:10,730,-1511
0051,12:15,735,-1511
0051,12:20,740,-1511
0051,12:25,745,-1511
0051,12:30,750,-2844
0051,12:35,755,-2844
0051,12:40,760,-2844
0051,12:45,765,-2844
0051,12:50,770,-2489
0051,12:55,775,-2489
0051,13:00,780,-2489
0051,13:05,785,-3822
0051,13:10,790,-3822
0051,13:15,795,-3822
0051,13:20,800,-3822
0051,13:25,805,-1511
0051,13:30,810,-1511
0051,13:35,815,-1511
0051,13:40,820,-1511
0051,13:45,825,-1511
0051,13:50,830,-978
0051,13:55,835,-978
0051,14:00,840,-978
0051,14:05,845,-978
0051,14:10,850,1207
0051,14:15,855,1207
0051,14:20,860,1207
0051,14:25,865,1207
0051,14:30,870,1638
0051,14:35,875,1638
0051,14:40,880,1638
0051,14:45,885,517
0051,14:50,890,517
0051,14:55,895,517
0051,15:00,900,517
0051,15:05,905,517
0051,15:10,910,-622
0051,15:15,915,-622
0051,15:20,920,-622
0051,15:25,925,-622
0051,15:30,930,-2222
0051,15:35,935,-2222
0051,15:40,940,-2222
0051,15:45,945,-2222
0051,15:50,950,-2222
0051,15:55,955,-2222
0051,16:00,960,-2222
0051,16:05,965,-2222
0051,16:10,970,-2222
0051,16:15,975,-2222
0051,16:20,980,-2222
0051,16:25,985,-2222
0051,16:30,990,-2578
0051,16:35,995,-2578
0051,16:40,1000,-2578
0051,16:45,1005,-2578
0051,16:50,1010,-444
0051,16:55,1015,-444
0051,17:00,1020,-444
0051,17:05,1025,-622
0051,17:10,1030,-622
0051,17:15,1035,-622
0051,17:20,1040,-622
0051,17:25,1045,-622
0051,17:30,1050,-622
0051,17:35,1055,-622
0051,17:40,1060,-622
0051,17:45,1065,-622
0051,17:50,1070,-1600
0051,17:55,1075,-1600
0051,18:00,1080,-1600
0051,18:05,1085,-1600
0051,18:10,1090,-2578
0051,18:15,1095,-2578
0051,18:20,1100,-2578
0051,18:25,1105,-4178
0051,18:30,1110,-4178
0051,18:35,1115,-4178
0051,18:40,1120,-4178
0051,18:45,1125,-4178
0051,18:50,1130,-4978
0051,18:55,1135,-4978
0051,19:00,1140,-4978
0051,19:05,1145,-4978
0051,19:10,1150,-4978
0051,19:15,1155,-4978
0051,19:20,1160,-4978
0051,19:25,1165,-4978
0051,19:30,1170,-4978
0051,19:35,1175,-4978
0051,19:40,1180,-4978
0051,19:45,1185,-4978
0051,19:50,1190,-4978
0051,19:55,1195,-4978
0051,20:00,1200,-4978
0051,20:05,1205,-4978
0051,20:10,1210,-4978
0051,20:15,1215,-4978
0051,20:20,1220,-4978
0051,20:25,1225,-4978
0051,20:30,1230,-5244
0051,20:35,1235,-5244
0051,20:40,1240,-5244
0051,20:45,1245,-6489
0051,20:50,1250,-6489
0051,20:55,1255,-6489
0051,21:00,1260,-6489
0051,21:05,1265,-6489
0051,21:10,1270,-4800
0051,21:15,1275,-4800
0051,21:20,1280,-4800
0051,21:25,1285,-4800
0051,21:30,1290,-3289
0051,21:35,1295,-3289
0051,21:40,1300,-3289
0051,21:45,1305,-3644
0051,21:50,1310,-3644
0051,21:55,1315,-3644
0051,22:00,1320,-3644
0051,22:05,1325,-3644
0051,22:10,1330,-3644
0051,22:15,1335,-3644
0051,22:20,1340,-3644
0051,22:25,1345,-3644
0051,22:30,1350,-3644
0051,22:35,1355,-3644
0051,22:40,1360,-3644
0051,22:45,1365,-3644
0051,22:50,1370,-3644
0051,22:55,1375,-3644
0051,23:00,1380,-3644
0051,23:05,1385,-3644
0051,23:10,1390,-3644
0051,23:15,1395,-3644
0051,23:16,1396,-3644
0051,23:20,1400,-3644
0052,09:00,540,0
0052,09:05,545,0
0052,09:10,550,0
0052,09:15,555,0
0052,09:20,560,0
0052,09:25,565,0
0052,09:30,570,0
0052,09:35,575,0
0052,09:40,580,0
0052,09:45,585,0
0052,09:50,590,0
0052,09:55,595,0
0052,10:00,600,0
0052,10:05,605,0
0052,10:10,610,0
0052,10:15,615,0
0052,10:20,620,0
0052,10:25,625,0
0052,10:30,630,0
0052,10:35,635,0
0052,10:40,640,0
0052,10:45,645,0
0052,10:50,650,0
0052,10:55,655,0
0052,11:00,660,0
0052,11:05,665,0
0052,11:10,670,0
0052,11:15,675,0
0052,11:20,680,0
0052,11:25,685,0
0052,11:30,690,0
0052,11:35,695,0
0052,11:40,700,0
0052,11:45,705,0
0052,11:50,710,0
0052,11:55,715,0
0052,12:00,720,0
0052,12:05,725,-511
0052,12:10,730,-511
0052,12:15,735,-511
0052,12:20,740,-511
0052,12:25,745,-511
0052,12:30,750,-1277
0052,12:35,755,-1277
0052,12:40,760,-1277
0052,12:45,765,-1277
0052,12:50,770,-2553
0052,12:55,775,-2553
0052,13:00,780,-2553
0052,13:05,785,-3574
0052,13:10,790,-3574
0052,13:15,795,-3574
0052,13:20,800,-3574
0052,13:25,805,-5106
0052,13:30,810,-5106
0052,13:35,815,-5106
0052,13:40,820,-5106
0052,13:45,825,-5106
0052,13:50,830,-6383
0052,13:55,835,-6383
0052,14:00,840,-6383
0052,14:05,845,-6383
0052,14:10,850,-7660
0052,14:15,855,-7660
0052,14:20,860,-7660
0052,14:25,865,-7660
0052,14:30,870,-8681
0052,14:35,875,-8681
0052,14:40,880,-8681
0052,14:45,885,-8681
0052,14:50,890,-8681
0052,14:55,895,-8681
0052,15:00,900,-8681
0052,15:05,905,-8681
0052,15:10,910,-8936
0052,15:15,915,-8936
0052,15:20,920,-8936
0052,15:25,925,-8936
0052,15:30,930,-9447
0052,15:35,935,-9447
0052,15:40,940,-9447
0052,15:45,945,-9447
0052,15:50,950,-9447
0052,15:55,955,-9447
0052,16:00,960,-9447
0052,16:05,965,-9447
0052,16:10,970,-8681
0052,16:15,975,-8681
0052,16:20,980,-8681
0052,16:25,985,-8681
0052,16:30,990,-9191
0052,16:35,995,-9191
0052,16:40,1000,-9191
0052,16:45,1005,-9191
0052,16:50,1010,-10468
0052,16:55,1015,-10468
0052,17:00,1020,-10468
0052,17:05,1025,-11489
0052,17:10,1030,-11489
0052,17:15,1035,-11489
0052,17:20,1040,-11489
0052,17:25,1045,-11489
0052,17:30,1050,-13021
0052,17:35,1055,-13021
0052,17:40,1060,-13021
0052,17:45,1065,-13021
0052,17:50,1070,-12511
0052,17:55,1075,-12511
0052,18:00,1080,-12511
0052,18:05,1085,-12511
0052,18:10,1090,-13532
0052,18:15,1095,-13532
0052,18:20,1100,-13532
0052,18:25,1105,-14553
0052,18:30,1110,-14553
0052,18:35,1115,-14553
0052,18:40,1120,-14553
0052,18:45,1125,-14553
0052,18:50,1130,-15830
0052,18:55,1135,-15830
0052,19:00,1140,-15830
0052,19:05,1145,-15830
0052,19:10,1150,-16851
0052,19:15,1155,-16851
0052,19:20,1160,-16851
0052,19:25,1165,-18383
0052,19:30,1170,-18383
0052,19:35,1175,-18383
0052,19:40,1180,-18383
0052,19:45,1185,-19660
0052,19:50,1190,-19660
0052,19:55,1195,-19660
0052,20:00,1200,-19660
0052,20:05,1205,-19660
0052,20:10,1210,-20936
0052,20:15,1215,-20936
0052,20:20,1220,-20936
0052,20:25,1225,-20936
0052,20:30,1230,-22213
0052,20:35,1235,-22213
0052,20:40,1240,-22213
0052,20:45,1245,-23489
0052,20:50,1250,-23489
0052,20:55,1255,-23489
0052,21:00,1260,-23489
0052,21:05,1265,-23489
0052,21:10,1270,-24766
0052,21:15,1275,-24766
0052,21:20,1280,-24766
0052,21:25,1285,-24766
0052,21:30,1290,-26043
0052,21:35,1295,-26043
0052,21:40,1300,-26043
0052,21:45,1305,-26553
0052,21:50,1310,-26553
0052,21:55,1315,-26553
0052,22:00,1320,-26553
0052,22:05,1325,-26553
0052,22:10,1330,-26553
0052,22:15,1335,-26553
0052,22:20,1340,-26553
0052,22:25,1345,-26553
0052,22:30,1350,-26553
0052,22:35,1355,-26553
0052,22:40,1360,-26553
0052,22:45,1365,-26553
0052,22:50,1370,-26553
0052,22:55,1375,-26553
0052,23:00,1380,-26553
0052,23:05,1385,-26553
0052,23:10,1390,-26553
0052,23:15,1395,-26553
0052,23:16,1396,-26553
0052,23:20,1400,-26553
0053,09:00,540,0
0053,09:05,545,0
0053,09:10,550,0
0053,09:15,555,0
0053,09:20,560,0
0053,09:25,565,0
0053,09:30,570,0
0053,09:35,575,0
0053,09:40,580,0
0053,09:45,585,0
0053,09:50,590,0
0053,09:55,595,0
0053,10:00,600,0
0053,10:05,605,0
0053,10:10,610,0
0053,10:15,615,0
0053,10:20,620,0
0053,10:25,625,0
0053,10:30,630,0
0053,10:35,635,0
0053,10:40,640,0
0053,10:45,645,0
0053,10:50,650,0
0053,10:55,655,0
0053,11:00,660,0
0053,11:05,665,0
0053,11:10,670,0
0053,11:15,675,0
0053,11:20,680,0
0053,11:25,685,0
0053,11:30,690,0
0053,11:35,695,0
0053,11:40,700,0
0053,11:45,705,-711
0053,11:50,710,-711
0053,11:55,715,-711
0053,12:00,720,-711
0053,12:05,725,0
0053,12:10,730,0
0053,12:15,735,0
0053,12:20,740,0
0053,12:25,745,0
0053,12:30,750,-1956
0053,12:35,755,-1956
0053,12:40,760,-1956
0053,12:45,765,-1956
0053,12:50,770,-3022
0053,12:55,775,-3022
0053,13:00,780,-3022
0053,13:05,785,-4267
0053,13:10,790,-4267
0053,13:15,795,-4267
0053,13:20,800,-4267
0053,13:25,805,-4267
0053,13:30,810,-4267
0053,13:35,815,-4267
0053,13:40,820,-4267
0053,13:45,825,-4267
0053,13:50,830,-4622
0053,13:55,835,-4622
0053,14:00,840,-4622
0053,14:05,845,-4622
0053,14:10,850,-5156
0053,14:15,855,-5156
0053,14:20,860,-5156
0053,14:25,865,-5156
0053,14:30,870,-5156
0053,14:35,875,-5156
0053,14:40,880,-5156
0053,14:45,885,-5867
0053,14:50,890,-5867
0053,14:55,895,-5867
0053,15:00,900,-5867
0053,15:05,905,-5867
0053,15:10,910,-6756
0053,15:15,915,-6756
0053,15:20,920,-6756
0053,15:25,925,-6756
0053,15:30,930,-3022
0053,15:35,935,-3022
0053,15:40,940,-3022
0053,15:45,945,-4622
0053,15:50,950,-4622
0053,15:55,955,-4622
0053,16:00,960,-4622
0053,16:05,965,-4622
0053,16:10,970,-3911
0053,16:15,975,-3911
0053,16:20,980,-3911
0053,16:25,985,-3911
0053,16:30,990,-4978
0053,16:35,995,-4978
0053,16:40,1000,-4978
0053,16:45,1005,-4978
0053,16:50,1010,-6400
0053,16:55,1015,-6400
0053,17:00,1020,-6400
0053,17:05,1025,-7644
0053,17:10,1030,-7644
0053,17:15,1035,-7644
0053,17:20,1040,-7644
0053,17:25,1045,-7644
0053,17:30,1050,-8533
0053,17:35,1055,-8533
0053,17:40,1060,-8533
0053,17:45,1065,-8533
0053,17:50,1070,-9422
0053,17:55,1075,-9422
0053,18:00,1080,-9422
0053,18:05,1085,-9422
0053,18:10,1090,-9778
0053,18:15,1095,-9778
0053,18:20,1100,-9778
0053,18:25,1105,-9956
0053,18:30,1110,-9956
0053,18:35,1115,-9956
0053,18:40,1120,-9956
0053,18:45,1125,-9956
0053,18:50,1130,-10667
0053,18:55,1135,-10667
0053,19:00,1140,-10667
0053,19:05,1145,-10667
0053,19:10,1150,-11911
0053,19:15,1155,-11911
0053,19:20,1160,-11911
0053,19:25,1165,-6756
0053,19:30,1170,-6756
0053,19:35,1175,-6756
0053,19:40,1180,-6756
0053,19:45,1185,-4622
0053,19:50,1190,-4622
0053,19:55,1195,-4622
0053,20:00,1200,-4622
0053,20:05,1205,-4622
0053,20:10,1210,-3378
0053,20:15,1215,-3378
0053,20:20,1220,-3378
0053,20:25,1225,-3378
0053,20:30,1230,-4444
0053,20:35,1235,-4444
0053,20:40,1240,-4444
0053,20:45,1245,-5511
0053,20:50,1250,-5511
0053,20:55,1255,-5511
0053,21:00,1260,-5511
0053,21:05,1265,-5511
0053,21:10,1270,-6222
0053,21:15,1275,-6222
0053,21:20,1280,-6222
0053,21:25,1285,-6222
0053,21:30,1290,-6222
0053,21:35,1295,-6222
0053,21:40,1300,-6222
0053,21:45,1305,-6222
0053,21:50,1310,-6222
0053,21:55,1315,-6222
0053,22:00,1320,-6222
0053,22:05,1325,-6222
0053,22:10,1330,-6222
0053,22:15,1335,-6222
0053,22:20,1340,-6222
0053,22:25,1345,-6222
0053,22:30,1350,-6222
0053,22:35,1355,-6222
0053,22:40,1360,-6222
0053,22:45,1365,-6222
0053,22:50,1370,-6222
0053,22:55,1375,-6222
0053,23:00,1380,-6222
0053,23:05,1385,-6222
0053,23:10,1390,-6222
0053,23:15,1395,-6222
0053,23:16,1396,-6222
0053,23:20,1400,-6222
0054,09:00,540,0
0054,09:05,545,0
0054,09:10,550,0
0054,09:15,555,0
0054,09:20,560,0
0054,09:25,565,0
0054,09:30,570,0
0054,09:35,575,0
0054,09:40,580,0
0054,09:45,585,0
0054,09:50,590,0
0054,09:55,595,0
0054,10:00,600,0
0054,10:05,605,0
0054,10:10,610,0
0054,10:15,615,0
0054,10:20,620,0
0054,10:25,625,0
0054,10:30,630,0
0054,10:35,635,0
0054,10:40,640,0
0054,10:45,645,0
0054,10:50,650,0
0054,10:55,655,0
0054,11:00,660,0
0054,11:05,665,0
0054,11:10,670,0
0054,11:15,675,0
0054,11:20,680,0
0054,11:25,685,0
0054,11:30,690,0
0054,11:35,695,0
0054,11:40,700,0
0054,11:45,705,0
0054,11:50,710,0
0054,11:55,715,0
0054,12:00,720,0
0054,12:05,725,-356
0054,12:10,730,-356
0054,12:15,735,-356
0054,12:20,740,-356
0054,12:25,745,-356
0054,12:30,750,-889
0054,12:35,755,-889
0054,12:40,760,-889
0054,12:45,765,-889
0054,12:50,770,-1778
0054,12:55,775,-1778
0054,13:00,780,-1778
0054,13:05,785,-3200
0054,13:10,790,-3200
0054,13:15,795,-3200
0054,13:20,800,-3200
0054,13:25,805,-2844
0054,13:30,810,-2844
0054,13:35,815,-2844
0054,13:40,820,-2844
0054,13:45,825,-2844
0054,13:50,830,-4444
0054,13:55,835,-4444
0054,14:00,840,-4444
0054,14:05,845,-4444
0054,14:10,850,-5156
0054,14:15,855,-5156
0054,14:20,860,-5156
0054,14:25,865,-5156
0054,14:30,870,-6044
0054,14:35,875,-6044
0054,14:40,880,-6044
0054,14:45,885,-7644
0054,14:50,890,-7644
0054,14:55,895,-7644
0054,15:00,900,-7644
0054,15:05,905,-7644
0054,15:10,910,-8533
0054,15:15,915,-8533
0054,15:20,920,-8533
0054,15:25,925,-8533
0054,15:30,930,-10311
0054,15:35,935,-10311
0054,15:40,940,-10311
0054,15:45,945,-11556
0054,15:50,950,-11556
0054,15:55,955,-11556
0054,16:00,960,-11556
0054,16:05,965,-11556
0054,16:10,970,-12622
0054,16:15,975,-12622
0054,16:20,980,-12622
0054,16:25,985,-12622
0054,16:30,990,-7111
0054,16:35,995,-7111
0054,16:40,1000,-7111
0054,16:45,1005,-7111
0054,16:50,1010,-7467
0054,16:55,1015,-7467
0054,17:00,1020,-7467
0054,17:05,1025,-8178
0054,17:10,1030,-8178
0054,17:15,1035,-8178
0054,17:20,1040,-8178
0054,17:25,1045,-8178
0054,17:30,1050,-6044
0054,17:35,1055,-6044
0054,17:40,1060,-6044
0054,17:45,1065,-6044
0054,17:50,1070,-7644
0054,17:55,1075,-7644
0054,18:00,1080,-7644
0054,18:05,1085,-7644
0054,18:10,1090,-8889
0054,18:15,1095,-8889
0054,18:20,1100,-8889
0054,18:25,1105,-9067
0054,18:30,1110,-9067
0054,18:35,1115,-9067
0054,18:40,1120,-9067
0054,18:45,1125,-9067
0054,18:50,1130,-9067
0054,18:55,1135,-9067
0054,19:00,1140,-9067
0054,19:05,1145,-9067
0054,19:10,1150,-6578
0054,19:15,1155,-6578
0054,19:20,1160,-6578
0054,19:25,1165,-7822
0054,19:30,1170,-7822
0054,19:35,1175,-7822
0054,19:40,1180,-7822
0054,19:45,1185,-8533
0054,19:50,1190,-8533
0054,19:55,1195,-8533
0054,20:00,1200,-8533
0054,20:05,1205,-8533
0054,20:10,1210,-8533
0054,20:15,1215,-8533
0054,20:20,1220,-8533
0054,20:25,1225,-8533
0054,20:30,1230,-8533
0054,20:35,1235,-8533
0054,20:40,1240,-8533
0054,20:45,1245,-8533
0054,20:50,1250,-8533
0054,20:55,1255,-8533
0054,21:00,1260,-8533
0054,21:05,1265,-8533
0054,21:10,1270,-8533
0054,21:15,1275,-8533
0054,21:20,1280,-8533
0054,21:25,1285,-8533
0054,21:30,1290,-8889
0054,21:35,1295,-8889
0054,21:40,1300,-8889
0054,21:45,1305,-8889
0054,21:50,1310,-8889
0054,21:55,1315,-8889
0054,22:00,1320,-8889
0054,22:05,1325,-8889
0054,22:10,1330,-8889
0054,22:15,1335,-8889
0054,22:20,1340,-8889
0054,22:25,1345,-8889
0054,22:30,1350,-8889
0054,22:35,1355,-8889
0054,22:40,1360,-8889
0054,22:45,1365,-8889
0054,22:50,1370,-8889
0054,22:55,1375,-8889
0054,23:00,1380,-8889
0054,23:05,1385,-8889
0054,23:10,1390,-8889
0054,23:15,1395,-8889
0054,23:16,1396,-8889
0054,23:20,1400,-8889
0055,09:00,540,0
0055,09:05,545,0
0055,09:10,550,0
0055,09:15,555,0
0055,09:20,560,0
0055,09:25,565,0
0055,09:30,570,0
0055,09:35,575,0
0055,09:40,580,0
0055,09:45,585,0
0055,09:50,590,0
0055,09:55,595,0
0055,10:00,600,0
0055,10:05,605,0
0055,10:10,610,0
0055,10:15,615,0
0055,10:20,620,0
0055,10:25,625,0
0055,10:30,630,0
0055,10:35,635,0
0055,10:40,640,0
0055,10:45,645,0
0055,10:50,650,0
0055,10:55,655,0
0055,11:00,660,0
0055,11:05,665,0
0055,11:10,670,0
0055,11:15,675,0
0055,11:20,680,0
0055,11:25,685,0
0055,11:30,690,-533
0055,11:35,695,-533
0055,11:40,700,-533
0055,11:45,705,-533
0055,11:50,710,-533
0055,11:55,715,-533
0055,12:00,720,-533
0055,12:05,725,-533
0055,12:10,730,-533
0055,12:15,735,-533
0055,12:20,740,-533
0055,12:25,745,-533
0055,12:30,750,-533
0055,12:35,755,-533
0055,12:40,760,-533
0055,12:45,765,-533
0055,12:50,770,-889
0055,12:55,775,-889
0055,13:00,780,-889
0055,13:05,785,-356
0055,13:10,790,-356
0055,13:15,795,-356
0055,13:20,800,-356
0055,13:25,805,5000
0055,13:30,810,5000
0055,13:35,815,5000
0055,13:40,820,5000
0055,13:45,825,5000
0055,13:50,830,3966
0055,13:55,835,3966
0055,14:00,840,3966
0055,14:05,845,3966
0055,14:10,850,2586
0055,14:15,855,2586
0055,14:20,860,2586
0055,14:25,865,2586
0055,14:30,870,1379
0055,14:35,875,1379
0055,14:40,880,1379
0055,14:45,885,1897
0055,14:50,890,1897
0055,14:55,895,1897
0055,15:00,900,1897
0055,15:05,905,1897
0055,15:10,910,517
0055,15:15,915,517
0055,15:20,920,517
0055,15:25,925,517
0055,15:30,930,-889
0055,15:35,935,-889
0055,15:40,940,-889
0055,15:45,945,-1956
0055,15:50,950,-1956
0055,15:55,955,-1956
0055,16:00,960,-1956
0055,16:05,965,-1956
0055,16:10,970,-1956
0055,16:15,975,-1956
0055,16:20,980,-1956
0055,16:25,985,-1956
0055,16:30,990,-2667
0055,16:35,995,-2667
0055,16:40,1000,-2667
0055,16:45,1005,-2667
0055,16:50,1010,-2667
0055,16:55,1015,-2667
0055,17:00,1020,-2667
0055,17:05,1025,-2667
0055,17:10,1030,-2667
0055,17:15,1035,-2667
0055,17:20,1040,-2667
0055,17:25,1045,-2667
0055,17:30,1050,-4089
0055,17:35,1055,-4089
0055,17:40,1060,-4089
0055,17:45,1065,-4089
0055,17:50,1070,-5156
0055,17:55,1075,-5156
0055,18:00,1080,-5156
0055,18:05,1085,-5156
0055,18:10,1090,-5867
0055,18:15,1095,-5867
0055,18:20,1100,-5867
0055,18:25,1105,-7289
0055,18:30,1110,-7289
0055,18:35,1115,-7289
0055,18:40,1120,-7289
0055,18:45,1125,-7289
0055,18:50,1130,-8000
0055,18:55,1135,-8000
0055,19:00,1140,-8000
0055,19:05,1145,-8000
0055,19:10,1150,-8356
0055,19:15,1155,-8356
0055,19:20,1160,-8356
0055,19:25,1165,-9067
0055,19:30,1170,-9067
0055,19:35,1175,-9067
0055,19:40,1180,-9067
0055,19:45,1185,-9956
0055,19:50,1190,-9956
0055,19:55,1195,-9956
0055,20:00,1200,-9956
0055,20:05,1205,-9956
0055,20:10,1210,-10667
0055,20:15,1215,-10667
0055,20:20,1220,-10667
0055,20:25,1225,-10667
0055,20:30,1230,-10667
0055,20:35,1235,-10667
0055,20:40,1240,-10667
0055,20:45,1245,-10667
0055,20:50,1250,-10667
0055,20:55,1255,-10667
0055,21:00,1260,-10667
0055,21:05,1265,-10667
0055,21:10,1270,-10667
0055,21:15,1275,-10667
0055,21:20,1280,-10667
0055,21:25,1285,-10667
0055,21:30,1290,-11733
0055,21:35,1295,-11733
0055,21:40,1300,-11733
0055,21:45,1305,-12978
0055,21:50,1310,-12978
0055,21:55,1315,-12978
0055,22:00,1320,-12978
0055,22:05,1325,-12978
0055,22:10,1330,-12978
0055,22:15,1335,-12978
0055,22:20,1340,-12978
0055,22:25,1345,-12978
0055,22:30,1350,-12978
0055,22:35,1355,-12978
0055,22:40,1360,-12978
0055,22:45,1365,-12978
0055,22:50,1370,-12978
0055,22:55,1375,-12978
0055,23:00,1380,-12978
0055,23:05,1385,-12978
0055,23:10,1390,-12978
0055,23:15,1395,-12978
0055,23:16,1396,-12978
0055,23:20,1400,-12978
0056,09:00,540,0
0056,09:05,545,0
0056,09:10,550,0
0056,09:15,555,0
0056,09:20,560,0
0056,09:25,565,0
0056,09:30,570,0
0056,09:35,575,0
0056,09:40,580,0
0056,09:45,585,0
0056,09:50,590,0
0056,09:55,595,0
0056,10:00,600,0
0056,10:05,605,0
0056,10:10,610,0
0056,10:15,615,0
0056,10:20,620,0
0056,10:25,625,0
0056,10:30,630,0
0056,10:35,635,0
0056,10:40,640,0
0056,10:45,645,0
0056,10:50,650,0
0056,10:55,655,0
0056,11:00,660,0
0056,11:05,665,0
0056,11:10,670,0
0056,11:15,675,0
0056,11:20,680,0
0056,11:25,685,0
0056,11:30,690,0
0056,11:35,695,0
0056,11:40,700,0
0056,11:45,705,-766
0056,11:50,710,-766
0056,11:55,715,-766
0056,12:00,720,-766
0056,12:05,725,-1021
0056,12:10,730,-1021
0056,12:15,735,-1021
0056,12:20,740,-1021
0056,12:25,745,-1021
0056,12:30,750,-1787
0056,12:35,755,-1787
0056,12:40,760,-1787
0056,12:45,765,-1787
0056,12:50,770,-2043
0056,12:55,775,-2043
0056,13:00,780,-2043
0056,13:05,785,-3064
0056,13:10,790,-3064
0056,13:15,795,-3064
0056,13:20,800,-3064
0056,13:25,805,-4085
0056,13:30,810,-4085
0056,13:35,815,-4085
0056,13:40,820,-4085
0056,13:45,825,-4085
0056,13:50,830,-5362
0056,13:55,835,-5362
0056,14:00,840,-5362
0056,14:05,845,-5362
0056,14:10,850,-6638
0056,14:15,855,-6638
0056,14:20,860,-6638
0056,14:25,865,-6638
0056,14:30,870,-5872
0056,14:35,875,-5872
0056,14:40,880,-5872
0056,14:45,885,-2298
0056,14:50,890,-2298
0056,14:55,895,-2298
0056,15:00,900,-2298
0056,15:05,905,-2298
0056,15:10,910,-1787
0056,15:15,915,-1787
0056,15:20,920,-1787
0056,15:25,925,-1787
0056,15:30,930,4959
0056,15:35,935,4959
0056,15:40,940,4959
0056,15:45,945,7686
0056,15:50,950,7686
0056,15:55,955,7686
0056,16:00,960,7686
0056,16:05,965,7686
0056,16:10,970,10165
0056,16:15,975,10165
0056,16:20,980,10165
0056,16:25,985,10165
0056,16:30,990,9421
0056,16:35,995,9421
0056,16:40,1000,9421
0056,16:45,1005,9421
0056,16:50,1010,8926
0056,16:55,1015,8926
0056,17:00,1020,8926
0056,17:05,1025,12893
0056,17:10,1030,12893
0056,17:15,1035,12893
0056,17:20,1040,12893
0056,17:25,1045,12893
0056,17:30,1050,16860
0056,17:35,1055,16860
0056,17:40,1060,16860
0056,17:45,1065,16860
0056,17:50,1070,16612
0056,17:55,1075,16612
0056,18:00,1080,16612
0056,18:05,1085,16612
0056,18:10,1090,15620
0056,18:15,1095,15620
0056,18:20,1100,15620
0056,18:25,1105,19339
0056,18:30,1110,19339
0056,18:35,1115,19339
0056,18:40,1120,19339
0056,18:45,1125,19339
0056,18:50,1130,22066
0056,18:55,1135,22066
0056,19:00,1140,22066
0056,19:05,1145,22066
0056,19:10,1150,21570
0056,19:15,1155,21570
0056,19:20,1160,21570
0056,19:25,1165,20579
0056,19:30,1170,20579
0056,19:35,1175,20579
0056,19:40,1180,20579
0056,19:45,1185,20331
0056,19:50,1190,20331
0056,19:55,1195,20331
0056,20:00,1200,20331
0056,20:05,1205,20331
0056,20:10,1210,20331
0056,20:15,1215,20331
0056,20:20,1220,20331
0056,20:25,1225,20331
0056,20:30,1230,20331
0056,20:35,1235,20331
0056,20:40,1240,20331
0056,20:45,1245,20331
0056,20:50,1250,20331
0056,20:55,1255,20331
0056,21:00,1260,20331
0056,21:05,1265,20331
0056,21:10,1270,20331
0056,21:15,1275,20331
0056,21:20,1280,20331
0056,21:25,1285,20331
0056,21:30,1290,20331
0056,21:35,1295,20331
0056,21:40,1300,20331
0056,21:45,1305,20331
0056,21:50,1310,20331
0056,21:55,1315,20331
0056,22:00,1320,20331
0056,22:05,1325,20331
0056,22:10,1330,20331
0056,22:15,1335,20331
0056,22:20,1340,20331
0056,22:25,1345,20331
0056,22:30,1350,20331
0056,22:35,1355,20331
0056,22:40,1360,20331
0056,22:45,1365,20331
0056,22:50,1370,20331
0056,22:55,1375,20331
0056,23:00,1380,20331
0056,23:05,1385,20331
0056,23:10,1390,20331
0056,23:15,1395,20331
0056,23:16,1396,20331
0056,23:20,1400,20331
0057,09:00,540,0
0057,09:05,545,0
0057,09:10,550,0
0057,09:15,555,0
0057,09:20,560,0
0057,09:25,565,0
0057,09:30,570,0
0057,09:35,575,0
0057,09:40,580,0
0057,09:45,585,0
0057,09:50,590,0
0057,09:55,595,0
0057,10:00,600,0
0057,10:05,605,0
0057,10:10,610,0
0057,10:15,615,0
0057,10:20,620,0
0057,10:25,625,0
0057,10:30,630,0
0057,10:35,635,0
0057,10:40,640,-356
0057,10:45,645,-356
0057,10:50,650,-356
0057,10:55,655,-356
0057,11:00,660,-1422
0057,11:05,665,-1422
0057,11:10,670,-1956
0057,11:15,675,-1956
0057,11:20,680,-1956
0057,11:25,685,-1956
0057,11:30,690,-2489
0057,11:35,695,-2489
0057,11:40,700,-2489
0057,11:45,705,-3378
0057,11:50,710,-3378
0057,11:55,715,-3378
0057,12:00,720,-3378
0057,12:05,725,-4444
0057,12:10,730,-4444
0057,12:15,735,-4444
0057,12:20,740,-4444
0057,12:25,745,-4444
0057,12:30,750,-6044
0057,12:35,755,-6044
0057,12:40,760,-6044
0057,12:45,765,-6044
0057,12:50,770,-7467
0057,12:55,775,-7467
0057,13:00,780,-7467
0057,13:05,785,-8178
0057,13:10,790,-8178
0057,13:15,795,-8178
0057,13:20,800,-8178
0057,13:25,805,-9778
0057,13:30,810,-9778
0057,13:35,815,-9778
0057,13:40,820,-9778
0057,13:45,825,-9778
0057,13:50,830,-11378
0057,13:55,835,-11378
0057,14:00,840,-11378
0057,14:05,845,-11378
0057,14:10,850,-12800
0057,14:15,855,-12800
0057,14:20,860,-12800
0057,14:25,865,-12800
0057,14:30,870,-13689
0057,14:35,875,-13689
0057,14:40,880,-13689
0057,14:45,885,-14222
0057,14:50,890,-14222
0057,14:55,895,-14222
0057,15:00,900,-14222
0057,15:05,905,-14222
0057,15:10,910,-11556
0057,15:15,915,-11556
0057,15:20,920,-11556
0057,15:25,925,-11556
0057,15:30,930,-8889
0057,15:35,935,-8889
0057,15:40,940,-8889
0057,15:45,945,-9956
0057,15:50,950,-9956
0057,15:55,955,-9956
0057,16:00,960,-9956
0057,16:05,965,-9956
0057,16:10,970,-10667
0057,16:15,975,-10667
0057,16:20,980,-10667
0057,16:25,985,-10667
0057,16:30,990,-11733
0057,16:35,995,-11733
0057,16:40,1000,-11733
0057,16:45,1005,-11733
0057,16:50,1010,-9778
0057,16:55,1015,-9778
0057,17:00,1020,-9778
0057,17:05,1025,-9422
0057,17:10,1030,-9422
0057,17:15,1035,-9422
0057,17:20,1040,-9422
0057,17:25,1045,-9422
0057,17:30,1050,-11200
0057,17:35,1055,-11200
0057,17:40,1060,-11200
0057,17:45,1065,-11200
0057,17:50,1070,-3022
0057,17:55,1075,-3022
0057,18:00,1080,-3022
0057,18:05,1085,-3022
0057,18:10,1090,2414
0057,18:15,1095,2414
0057,18:20,1100,2414
0057,18:25,1105,1207
0057,18:30,1110,1207
0057,18:35,1115,1207
0057,18:40,1120,1207
0057,18:45,1125,1207
0057,18:50,1130,1552
0057,18:55,1135,1552
0057,19:00,1140,1552
0057,19:05,1145,1552
0057,19:10,1150,1897
0057,19:15,1155,1897
0057,19:20,1160,1897
0057,19:25,1165,7069
0057,19:30,1170,7069
0057,19:35,1175,7069
0057,19:40,1180,7069
0057,19:45,1185,5517
0057,19:50,1190,5517
0057,19:55,1195,5517
0057,20:00,1200,5517
0057,20:05,1205,5517
0057,20:10,1210,5000
0057,20:15,1215,5000
0057,20:20,1220,5000
0057,20:25,1225,5000
0057,20:30,1230,5000
0057,20:35,1235,5000
0057,20:40,1240,5000
0057,20:45,1245,5000
0057,20:50,1250,5000
0057,20:55,1255,5000
0057,21:00,1260,5000
0057,21:05,1265,5000
0057,21:10,1270,5000
0057,21:15,1275,5000
0057,21:20,1280,5000
0057,21:25,1285,5000
0057,21:30,1290,5000
0057,21:35,1295,5000
0057,21:40,1300,5000
0057,21:45,1305,5000
0057,21:50,1310,5000
0057,21:55,1315,5000
0057,22:00,1320,5000
0057,22:05,1325,5000
0057,22:10,1330,5000
0057,22:15,1335,5000
0057,22:20,1340,5000
0057,22:25,1345,5000
0057,22:30,1350,5000
0057,22:35,1355,5000
0057,22:40,1360,5000
0057,22:45,1365,5000
0057,22:50,1370,5000
0057,22:55,1375,5000
0057,23:00,1380,5000
0057,23:05,1385,5000
0057,23:10,1390,5000
0057,23:15,1395,5000
0057,23:16,1396,5000
0057,23:20,1400,5000
0058,09:00,540,0
0058,09:05,545,0
0058,09:10,550,0
0058,09:15,555,0
0058,09:20,560,0
0058,09:25,565,0
0058,09:30,570,0
0058,09:35,575,0
0058,09:40,580,0
0058,09:45,585,0
0058,09:50,590,0
0058,09:55,595,0
0058,10:00,600,0
0058,10:05,605,0
0058,10:10,610,0
0058,10:15,615,0
0058,10:20,620,0
0058,10:25,625,0
0058,10:30,630,0
0058,10:35,635,0
0058,10:40,640,0
0058,10:45,645,0
0058,10:50,650,0
0058,10:55,655,0
0058,11:00,660,0
0058,11:05,665,0
0058,11:10,670,0
0058,11:15,675,0
0058,11:20,680,0
0058,11:25,685,0
0058,11:30,690,0
0058,11:35,695,0
0058,11:40,700,0
0058,11:45,705,0
0058,11:50,710,0
0058,11:55,715,0
0058,12:00,720,0
0058,12:05,725,-170
0058,12:10,730,-170
0058,12:15,735,-170
0058,12:20,740,-170
0058,12:25,745,-170
0058,12:30,750,1488
0058,12:35,755,1488
0058,12:40,760,1488
0058,12:45,765,1488
0058,12:50,770,-170
0058,12:55,775,-170
0058,13:00,780,-170
0058,13:05,785,-1362
0058,13:10,790,-1362
0058,13:15,795,-1362
0058,13:20,800,-1362
0058,13:25,805,-3234
0058,13:30,810,-3234
0058,13:35,815,-3234
0058,13:40,820,-3234
0058,13:45,825,-3234
0058,13:50,830,-3915
0058,13:55,835,-3915
0058,14:00,840,-3915
0058,14:05,845,-3915
0058,14:10,850,-4596
0058,14:15,855,-4596
0058,14:20,860,-4596
0058,14:25,865,-4596
0058,14:30,870,-5447
0058,14:35,875,-5447
0058,14:40,880,-5447
0058,14:45,885,-6298
0058,14:50,890,-6298
0058,14:55,895,-6298
0058,15:00,900,-6298
0058,15:05,905,-6298
0058,15:10,910,-7149
0058,15:15,915,-7149
0058,15:20,920,-7149
0058,15:25,925,-7149
0058,15:30,930,-8851
0058,15:35,935,-8851
0058,15:40,940,-8851
0058,15:45,945,-10553
0058,15:50,950,-10553
0058,15:55,955,-10553
0058,16:00,960,-10553
0058,16:05,965,-10553
0058,16:10,970,-9532
0058,16:15,975,-9532
0058,16:20,980,-9532
0058,16:25,985,-9532
0058,16:30,990,-10723
0058,16:35,995,-10723
0058,16:40,1000,-10723
0058,16:45,1005,-10723
0058,16:50,1010,-12255
0058,16:55,1015,-12255
0058,17:00,1020,-12255
0058,17:05,1025,-6809
0058,17:10,1030,-6809
0058,17:15,1035,-6809
0058,17:20,1040,-6809
0058,17:25,1045,-6809
0058,17:30,1050,1488
0058,17:35,1055,1488
0058,17:40,1060,1488
0058,17:45,1065,1488
0058,17:50,1070,6942
0058,17:55,1075,6942
0058,18:00,1080,6942
0058,18:05,1085,6942
0058,18:10,1090,13719
0058,18:15,1095,13719
0058,18:20,1100,13719
0058,18:25,1105,13223
0058,18:30,1110,13223
0058,18:35,1115,13223
0058,18:40,1120,13223
0058,18:45,1125,13223
0058,18:50,1130,12893
0058,18:55,1135,12893
0058,19:00,1140,12893
0058,19:05,1145,12893
0058,19:10,1150,12893
0058,19:15,1155,12893
0058,19:20,1160,12893
0058,19:25,1165,12893
0058,19:30,1170,12893
0058,19:35,1175,12893
0058,19:40,1180,12893
0058,19:45,1185,12893
0058,19:50,1190,12893
0058,19:55,1195,12893
0058,20:00,1200,12893
0058,20:05,1205,12893
0058,20:10,1210,12893
0058,20:15,1215,12893
0058,20:20,1220,12893
0058,20:25,1225,12893
0058,20:30,1230,12893
0058,20:35,1235,12893
0058,20:40,1240,12893
0058,20:45,1245,12893
0058,20:50,1250,12893
0058,20:55,1255,12893
0058,21:00,1260,12893
0058,21:05,1265,12893
0058,21:10,1270,12893
0058,21:15,1275,12893
0058,21:20,1280,12893
0058,21:25,1285,12893
0058,21:30,1290,12893
0058,21:35,1295,12893
0058,21:40,1300,12893
0058,21:45,1305,12893
0058,21:50,1310,12893
0058,21:55,1315,12893
0058,22:00,1320,12893
0058,22:05,1325,12893
0058,22:10,1330,12893
0058,22:15,1335,12893
0058,22:20,1340,12893
0058,22:25,1345,12893
0058,22:30,1350,12893
0058,22:35,1355,12893
0058,22:40,1360,12893
0058,22:45,1365,12893
0058,22:50,1370,12893
0058,22:55,1375,12893
0058,23:00,1380,12893
0058,23:05,1385,12893
0058,23:10,1390,12893
0058,23:15,1395,12893
0058,23:16,1396,12893
0058,23:20,1400,12893
0059,09:00,540,0
0059,09:05,545,0
0059,09:10,550,0
0059,09:15,555,0
0059,09:20,560,0
0059,09:25,565,0
0059,09:30,570,0
0059,09:35,575,0
0059,09:40,580,0
0059,09:45,585,0
0059,09:50,590,0
0059,09:55,595,0
0059,10:00,600,0
0059,10:05,605,0
0059,10:10,610,1240
0059,10:15,615,1240
0059,10:20,620,1240
0059,10:25,625,5207
0059,10:30,630,5207
0059,10:35,635,5207
0059,10:40,640,7686
0059,10:45,645,7686
0059,10:50,650,7686
0059,10:55,655,7686
0059,11:00,660,9917
0059,11:05,665,9917
0059,11:10,670,11405
0059,11:15,675,11405
0059,11:20,680,11405
0059,11:25,685,11405
0059,11:30,690,15372
0059,11:35,695,15372
0059,11:40,700,15372
0059,11:45,705,20826
0059,11:50,710,20826
0059,11:55,715,20826
0059,12:00,720,20826
0059,12:05,725,21570
0059,12:10,730,21570
0059,12:15,735,21570
0059,12:20,740,21570
0059,12:25,745,21570
0059,12:30,750,20331
0059,12:35,755,20331
0059,12:40,760,20331
0059,12:45,765,20331
0059,12:50,770,19339
0059,12:55,775,19339
0059,13:00,780,19339
0059,13:05,785,18595
0059,13:10,790,18595
0059,13:15,795,18595
0059,13:20,800,18595
0059,13:25,805,18595
0059,13:30,810,18595
0059,13:35,815,18595
0059,13:40,820,18595
0059,13:45,825,18595
0059,13:50,830,18595
0059,13:55,835,18595
0059,14:00,840,18595
0059,14:05,845,18595
0059,14:10,850,18347
0059,14:15,855,18347
0059,14:20,860,18347
0059,14:25,865,18347
0059,14:30,870,18347
0059,14:35,875,18347
0059,14:40,880,18347
0059,14:45,885,18347
0059,14:50,890,18347
0059,14:55,895,18347
0059,15:00,900,18347
0059,15:05,905,18347
0059,15:10,910,17603
0059,15:15,915,17603
0059,15:20,920,17603
0059,15:25,925,17603
0059,15:30,930,16364
0059,15:35,935,16364
0059,15:40,940,16364
0059,15:45,945,16364
0059,15:50,950,16364
0059,15:55,955,16364
0059,16:00,960,16364
0059,16:05,965,16364
0059,16:10,970,16364
0059,16:15,975,16364
0059,16:20,980,16364
0059,16:25,985,16364
0059,16:30,990,15124
0059,16:35,995,15124
0059,16:40,1000,15124
0059,16:45,1005,15124
0059,16:50,1010,13884
0059,16:55,1015,13884
0059,17:00,1020,13884
0059,17:05,1025,12893
0059,17:10,1030,12893
0059,17:15,1035,12893
0059,17:20,1040,12893
0059,17:25,1045,12893
0059,17:30,1050,12645
0059,17:35,1055,12645
0059,17:40,1060,12645
0059,17:45,1065,12645
0059,17:50,1070,13884
0059,17:55,1075,13884
0059,18:00,1080,13884
0059,18:05,1085,13884
0059,18:10,1090,13140
0059,18:15,1095,13140
0059,18:20,1100,13140
0059,18:25,1105,13140
0059,18:30,1110,13140
0059,18:35,1115,13140
0059,18:40,1120,13140
0059,18:45,1125,13140
0059,18:50,1130,12645
0059,18:55,1135,12645
0059,19:00,1140,12645
0059,19:05,1145,12645
0059,19:10,1150,12645
0059,19:15,1155,12645
0059,19:20,1160,12645
0059,19:25,1165,12645
0059,19:30,1170,12645
0059,19:35,1175,12645
0059,19:40,1180,12645
0059,19:45,1185,12645
0059,19:50,1190,12645
0059,19:55,1195,12645
0059,20:00,1200,12645
0059,20:05,1205,12645
0059,20:10,1210,12645
0059,20:15,1215,12645
0059,20:20,1220,12645
0059,20:25,1225,12645
0059,20:30,1230,12645
0059,20:35,1235,12645
0059,20:40,1240,12645
0059,20:45,1245,12645
0059,20:50,1250,12645
0059,20:55,1255,12645
0059,21:00,1260,12645
0059,21:05,1265,12645
0059,21:10,1270,12645
0059,21:15,1275,12645
0059,21:20,1280,12645
0059,21:25,1285,12645
0059,21:30,1290,12645
0059,21:35,1295,12645
0059,21:40,1300,12645
0059,21:45,1305,12645
0059,21:50,1310,12645
0059,21:55,1315,12645
0059,22:00,1320,12645
0059,22:05,1325,12645
0059,22:10,1330,12645
0059,22:15,1335,12645
0059,22:20,1340,12645
0059,22:25,1345,12645
0059,22:30,1350,12645
0059,22:35,1355,12645
0059,22:40,1360,12645
0059,22:45,1365,12645
0059,22:50,1370,12645
0059,22:55,1375,12645
0059,23:00,1380,12645
0059,23:05,1385,12645
0059,23:10,1390,12645
0059,23:15,1395,12645
0059,23:16,1396,12645
0059,23:20,1400,12645
0060,09:00,540,0
0060,09:05,545,0
0060,09:10,550,0
0060,09:15,555,0
0060,09:20,560,0
0060,09:25,565,0
0060,09:30,570,0
0060,09:35,575,0
0060,09:40,580,0
0060,09:45,585,0
0060,09:50,590,0
0060,09:55,595,0
0060,10:00,600,0
0060,10:05,605,0
0060,10:10,610,0
0060,10:15,615,0
0060,10:20,620,0
0060,10:25,625,0
0060,10:30,630,0
0060,10:35,635,0
0060,10:40,640,0
0060,10:45,645,0
0060,10:50,650,0
0060,10:55,655,0
0060,11:00,660,0
0060,11:05,665,0
0060,11:10,670,0
0060,11:15,675,0
0060,11:20,680,0
0060,11:25,685,0
0060,11:30,690,0
0060,11:35,695,0
0060,11:40,700,0
0060,11:45,705,-533
0060,11:50,710,-533
0060,11:55,715,-533
0060,12:00,720,-533
0060,12:05,725,-1422
0060,12:10,730,-1422
0060,12:15,735,-1422
0060,12:20,740,-1422
0060,12:25,745,-1422
0060,12:30,750,-889
0060,12:35,755,-889
0060,12:40,760,-889
0060,12:45,765,-889
0060,12:50,770,-178
0060,12:55,775,-178
0060,13:00,780,-178
0060,13:05,785,1207
0060,13:10,790,1207
0060,13:15,795,1207
0060,13:20,800,1207
0060,13:25,805,172
0060,13:30,810,172
0060,13:35,815,172
0060,13:40,820,172
0060,13:45,825,172
0060,13:50,830,-356
0060,13:55,835,-356
0060,14:00,840,-356
0060,14:05,845,-356
0060,14:10,850,-711
0060,14:15,855,-711
0060,14:20,860,-711
0060,14:25,865,-711
0060,14:30,870,-1600
0060,14:35,875,-1600
0060,14:40,880,-1600
0060,14:45,885,-2844
0060,14:50,890,-2844
0060,14:55,895,-2844
0060,15:00,900,-2844
0060,15:05,905,-2844
0060,15:10,910,-3022
0060,15:15,915,-3022
0060,15:20,920,-3022
0060,15:25,925,-3022
0060,15:30,930,-3733
0060,15:35,935,-3733
0060,15:40,940,-3733
0060,15:45,945,-4978
0060,15:50,950,-4978
0060,15:55,955,-4978
0060,16:00,960,-4978
0060,16:05,965,-4978
0060,16:10,970,-4978
0060,16:15,975,-4978
0060,16:20,980,-4978
0060,16:25,985,-4978
0060,16:30,990,-5333
0060,16:35,995,-5333
0060,16:40,1000,-5333
0060,16:45,1005,-5333
0060,16:50,1010,-6222
0060,16:55,1015,-6222
0060,17:00,1020,-6222
0060,17:05,1025,-6756
0060,17:10,1030,-6756
0060,17:15,1035,-6756
0060,17:20,1040,-6756
0060,17:25,1045,-6756
0060,17:30,1050,-8533
0060,17:35,1055,-8533
0060,17:40,1060,-8533
0060,17:45,1065,-8533
0060,17:50,1070,-8000
0060,17:55,1075,-8000
0060,18:00,1080,-8000
0060,18:05,1085,-8000
0060,18:10,1090,-9244
0060,18:15,1095,-9244
0060,18:20,1100,-9244
0060,18:25,1105,-10133
0060,18:30,1110,-10133
0060,18:35,1115,-10133
0060,18:40,1120,-10133
0060,18:45,1125,-10133
0060,18:50,1130,-11022
0060,18:55,1135,-11022
0060,19:00,1140,-11022
0060,19:05,1145,-11022
0060,19:10,1150,-11556
0060,19:15,1155,-11556
0060,19:20,1160,-11556
0060,19:25,1165,-11556
0060,19:30,1170,-11556
0060,19:35,1175,-11556
0060,19:40,1180,-11556
0060,19:45,1185,-11911
0060,19:50,1190,-11911
0060,19:55,1195,-11911
0060,20:00,1200,-11911
0060,20:05,1205,-11911
0060,20:10,1210,-6578
0060,20:15,1215,-6578
0060,20:20,1220,-6578
0060,20:25,1225,-6578
0060,20:30,1230,1552
0060,20:35,1235,1552
0060,20:40,1240,1552
0060,20:45,1245,1379
0060,20:50,1250,1379
0060,20:55,1255,1379
0060,21:00,1260,1379
0060,21:05,1265,1379
0060,21:10,1270,1379
0060,21:15,1275,1379
0060,21:20,1280,1379
0060,21:25,1285,1379
0060,21:30,1290,1379
0060,21:35,1295,1379
0060,21:40,1300,1379
0060,21:45,1305,1379
0060,21:50,1310,1379
0060,21:55,1315,1379
0060,22:00,1320,1379
0060,22:05,1325,1379
0060,22:10,1330,1379
0060,22:15,1335,1379
0060,22:20,1340,1379
0060,22:25,1345,1379
0060,22:30,1350,1379
0060,22:35,1355,1379
0060,22:40,1360,1379
0060,22:45,1365,1379
0060,22:50,1370,1379
0060,22:55,1375,1379
0060,23:00,1380,1379
0060,23:05,1385,1379
0060,23:10,1390,1379
0060,23:15,1395,1379
0060,23:16,1396,1379
0060,23:20,1400,1379
0061,09:00,540,0
0061,09:05,545,0
0061,09:10,550,0
0061,09:15,555,0
0061,09:20,560,0
0061,09:25,565,0
0061,09:30,570,0
0061,09:35,575,0
0061,09:40,580,0
0061,09:45,585,0
0061,09:50,590,0
0061,09:55,595,0
0061,10:00,600,0
0061,10:05,605,0
0061,10:10,610,0
0061,10:15,615,0
0061,10:20,620,0
0061,10:25,625,0
0061,10:30,630,0
0061,10:35,635,0
0061,10:40,640,0
0061,10:45,645,0
0061,10:50,650,0
0061,10:55,655,0
0061,11:00,660,0
0061,11:05,665,0
0061,11:10,670,0
0061,11:15,675,0
0061,11:20,680,0
0061,11:25,685,0
0061,11:30,690,0
0061,11:35,695,0
0061,11:40,700,0
0061,11:45,705,0
0061,11:50,710,0
0061,11:55,715,0
0061,12:00,720,0
0061,12:05,725,0
0061,12:10,730,0
0061,12:15,735,0
0061,12:20,740,0
0061,12:25,745,0
0061,12:30,750,0
0061,12:35,755,0
0061,12:40,760,0
0061,12:45,765,0
0061,12:50,770,0
0061,12:55,775,0
0061,13:00,780,0
0061,13:05,785,0
0061,13:10,790,0
0061,13:15,795,0
0061,13:20,800,0
0061,13:25,805,0
0061,13:30,810,0
0061,13:35,815,0
0061,13:40,820,0
0061,13:45,825,0
0061,13:50,830,0
0061,13:55,835,0
0061,14:00,840,0
0061,14:05,845,0
0061,14:10,850,-356
0061,14:15,855,-356
0061,14:20,860,-356
0061,14:25,865,-356
0061,14:30,870,-178
0061,14:35,875,-178
0061,14:40,880,-178
0061,14:45,885,-1778
0061,14:50,890,-1778
0061,14:55,895,-1778
0061,15:00,900,-1778
0061,15:05,905,-1778
0061,15:10,910,517
0061,15:15,915,517
0061,15:20,920,517
0061,15:25,925,517
0061,15:30,930,-1244
0061,15:35,935,-1244
0061,15:40,940,-1244
0061,15:45,945,2586
0061,15:50,950,2586
0061,15:55,955,2586
0061,16:00,960,2586
0061,16:05,965,2586
0061,16:10,970,1552
0061,16:15,975,1552
0061,16:20,980,1552
0061,16:25,985,1552
0061,16:30,990,-178
0061,16:35,995,-178
0061,16:40,1000,-178
0061,16:45,1005,-178
0061,16:50,1010,-1778
0061,16:55,1015,-1778
0061,17:00,1020,-1778
0061,17:05,1025,-2311
0061,17:10,1030,-2311
0061,17:15,1035,-2311
0061,17:20,1040,-2311
0061,17:25,1045,-2311
0061,17:30,1050,-2844
0061,17:35,1055,-2844
0061,17:40,1060,-2844
0061,17:45,1065,-2844
0061,17:50,1070,-2844
0061,17:55,1075,-2844
0061,18:00,1080,-2844
0061,18:05,1085,-2844
0061,18:10,1090,-3378
0061,18:15,1095,-3378
0061,18:20,1100,-3378
0061,18:25,1105,-3378
0061,18:30,1110,-3378
0061,18:35,1115,-3378
0061,18:40,1120,-3378
0061,18:45,1125,-3378
0061,18:50,1130,-2844
0061,18:55,1135,-2844
0061,19:00,1140,-2844
0061,19:05,1145,-2844
0061,19:10,1150,-3733
0061,19:15,1155,-3733
0061,19:20,1160,-3733
0061,19:25,1165,2759
0061,19:30,1170,2759
0061,19:35,1175,2759
0061,19:40,1180,2759
0061,19:45,1185,9483
0061,19:50,1190,9483
0061,19:55,1195,9483
0061,20:00,1200,9483
0061,20:05,1205,9483
0061,20:10,1210,12069
0061,20:15,1215,12069
0061,20:20,1220,12069
0061,20:25,1225,12069
0061,20:30,1230,12069
0061,20:35,1235,12069
0061,20:40,1240,12069
0061,20:45,1245,12069
0061,20:50,1250,12069
0061,20:55,1255,12069
0061,21:00,1260,12069
0061,21:05,1265,12069
0061,21:10,1270,12069
0061,21:15,1275,12069
0061,21:20,1280,12069
0061,21:25,1285,12069
0061,21:30,1290,12069
0061,21:35,1295,12069
0061,21:40,1300,12069
0061,21:45,1305,12069
0061,21:50,1310,12069
0061,21:55,1315,12069
0061,22:00,1320,12069
0061,22:05,1325,12069
0061,22:10,1330,12069
0061,22:15,1335,12069
0061,22:20,1340,12069
0061,22:25,1345,12069
0061,22:30,1350,12069
0061,22:35,1355,12069
0061,22:40,1360,12069
0061,22:45,1365,12069
0061,22:50,1370,12069
0061,22:55,1375,12069
0061,23:00,1380,12069
0061,23:05,1385,12069
0061,23:10,1390,12069
0061,23:15,1395,12069
0061,23:16,1396,12069
0061,23:20,1400,12069
0062,09:00,540,0
0062,09:05,545,0
0062,09:10,550,0
0062,09:15,555,0
0062,09:20,560,0
0062,09:25,565,0
0062,09:30,570,0
0062,09:35,575,0
0062,09:40,580,0
0062,09:45,585,0
0062,09:50,590,0
0062,09:55,595,0
0062,10:00,600,0
0062,10:05,605,0
0062,10:10,610,0
0062,10:15,615,0
0062,10:20,620,0
0062,10:25,625,-255
0062,10:30,630,-255
0062,10:35,635,-255
0062,10:40,640,-255
0062,10:45,645,-255
0062,10:50,650,-255
0062,10:55,655,-255
0062,11:00,660,-255
0062,11:05,665,-255
0062,11:10,670,0
0062,11:15,675,0
0062,11:20,680,0
0062,11:25,685,0
0062,11:30,690,4711
0062,11:35,695,4711
0062,11:40,700,4711
0062,11:45,705,5455
0062,11:50,710,5455
0062,11:55,715,5455
0062,12:00,720,5455
0062,12:05,725,4463
0062,12:10,730,4463
0062,12:15,735,4463
0062,12:20,740,4463
0062,12:25,745,4463
0062,12:30,750,3471
0062,12:35,755,3471
0062,12:40,760,3471
0062,12:45,765,3471
0062,12:50,770,2479
0062,12:55,775,2479
0062,13:00,780,2479
0062,13:05,785,1240
0062,13:10,790,1240
0062,13:15,795,1240
0062,13:20,800,1240
0062,13:25,805,6198
0062,13:30,810,6198
0062,13:35,815,6198
0062,13:40,820,6198
0062,13:45,825,6198
0062,13:50,830,6942
0062,13:55,835,6942
0062,14:00,840,6942
0062,14:05,845,6942
0062,14:10,850,5950
0062,14:15,855,5950
0062,14:20,860,5950
0062,14:25,865,5950
0062,14:30,870,7934
0062,14:35,875,7934
0062,14:40,880,7934
0062,14:45,885,11653
0062,14:50,890,11653
0062,14:55,895,11653
0062,15:00,900,11653
0062,15:05,905,11653
0062,15:10,910,15620
0062,15:15,915,15620
0062,15:20,920,15620
0062,15:25,925,15620
0062,15:30,930,14876
0062,15:35,935,14876
0062,15:40,940,14876
0062,15:45,945,13388
0062,15:50,950,13388
0062,15:55,955,13388
0062,16:00,960,13388
0062,16:05,965,13388
0062,16:10,970,12645
0062,16:15,975,12645
0062,16:20,980,12645
0062,16:25,985,12645
0062,16:30,990,20826
0062,16:35,995,20826
0062,16:40,1000,20826
0062,16:45,1005,20826
0062,16:50,1010,21570
0062,16:55,1015,21570
0062,17:00,1020,21570
0062,17:05,1025,20579
0062,17:10,1030,20579
0062,17:15,1035,20579
0062,17:20,1040,20579
0062,17:25,1045,20579
0062,17:30,1050,19339
0062,17:35,1055,19339
0062,17:40,1060,19339
0062,17:45,1065,19339
0062,17:50,1070,19091
0062,17:55,1075,19091
0062,18:00,1080,19091
0062,18:05,1085,19091
0062,18:10,1090,19091
0062,18:15,1095,19091
0062,18:20,1100,19091
0062,18:25,1105,19091
0062,18:30,1110,19091
0062,18:35,1115,19091
0062,18:40,1120,19091
0062,18:45,1125,19091
0062,18:50,1130,19091
0062,18:55,1135,19091
0062,19:00,1140,19091
0062,19:05,1145,19091
0062,19:10,1150,17851
0062,19:15,1155,17851
0062,19:20,1160,17851
0062,19:25,1165,17851
0062,19:30,1170,17851
0062,19:35,1175,17851
0062,19:40,1180,17851
0062,19:45,1185,17851
0062,19:50,1190,17851
0062,19:55,1195,17851
0062,20:00,1200,17851
0062,20:05,1205,17851
0062,20:10,1210,17851
0062,20:15,1215,17851
0062,20:20,1220,17851
0062,20:25,1225,17851
0062,20:30,1230,17851
0062,20:35,1235,17851
0062,20:40,1240,17851
0062,20:45,1245,17851
0062,20:50,1250,17851
0062,20:55,1255,17851
0062,21:00,1260,17851
0062,21:05,1265,17851
0062,21:10,1270,17851
0062,21:15,1275,17851
0062,21:20,1280,17851
0062,21:25,1285,17851
0062,21:30,1290,17851
0062,21:35,1295,17851
0062,21:40,1300,17851
0062,21:45,1305,17851
0062,21:50,1310,17851
0062,21:55,1315,17851
0062,22:00,1320,17851
0062,22:05,1325,17851
0062,22:10,1330,17851
0062,22:15,1335,17851
0062,22:20,1340,17851
0062,22:25,1345,17851
0062,22:30,1350,17851
0062,22:35,1355,17851
0062,22:40,1360,17851
0062,22:45,1365,17851
0062,22:50,1370,17851
0062,22:55,1375,17851
0062,23:00,1380,17851
0062,23:05,1385,17851
0062,23:10,1390,17851
0062,23:15,1395,17851
0062,23:16,1396,17851
0062,23:20,1400,17851
0063,09:00,540,0
0063,09:05,545,0
0063,09:10,550,0
0063,09:15,555,0
0063,09:20,560,0
0063,09:25,565,0
0063,09:30,570,0
0063,09:35,575,0
0063,09:40,580,0
0063,09:45,585,0
0063,09:50,590,0
0063,09:55,595,0
0063,10:00,600,0
0063,10:05,605,0
0063,10:10,610,0
0063,10:15,615,0
0063,10:20,620,0
0063,10:25,625,-178
0063,10:30,630,-178
0063,10:35,635,-178
0063,10:40,640,-1244
0063,10:45,645,-1244
0063,10:50,650,-1244
0063,10:55,655,-1244
0063,11:00,660,-1600
0063,11:05,665,-1600
0063,11:10,670,-1600
0063,11:15,675,-1600
0063,11:20,680,-1600
0063,11:25,685,-1600
0063,11:30,690,-2844
0063,11:35,695,-2844
0063,11:40,700,-2844
0063,11:45,705,-3378
0063,11:50,710,-3378
0063,11:55,715,-3378
0063,12:00,720,-3378
0063,12:05,725,-3733
0063,12:10,730,-3733
0063,12:15,735,-3733
0063,12:20,740,-3733
0063,12:25,745,-3733
0063,12:30,750,-3911
0063,12:35,755,-3911
0063,12:40,760,-3911
0063,12:45,765,-3911
0063,12:50,770,-4800
0063,12:55,775,-4800
0063,13:00,780,-4800
0063,13:05,785,-5156
0063,13:10,790,-5156
0063,13:15,795,-5156
0063,13:20,800,-5156
0063,13:25,805,-5511
0063,13:30,810,-5511
0063,13:35,815,-5511
0063,13:40,820,-5511
0063,13:45,825,-5511
0063,13:50,830,-6222
0063,13:55,835,-6222
0063,14:00,840,-6222
0063,14:05,845,-6222
0063,14:10,850,-6222
0063,14:15,855,-6222
0063,14:20,860,-6222
0063,14:25,865,-6222
0063,14:30,870,-6222
0063,14:35,875,-6222
0063,14:40,880,-6222
0063,14:45,885,-7111
0063,14:50,890,-7111
0063,14:55,895,-7111
0063,15:00,900,-7111
0063,15:05,905,-7111
0063,15:10,910,-8356
0063,15:15,915,-8356
0063,15:20,920,-8356
0063,15:25,925,-8356
0063,15:30,930,-8356
0063,15:35,935,-8356
0063,15:40,940,-8356
0063,15:45,945,-9778
0063,15:50,950,-9778
0063,15:55,955,-9778
0063,16:00,960,-9778
0063,16:05,965,-9778
0063,16:10,970,-10844
0063,16:15,975,-10844
0063,16:20,980,-10844
0063,16:25,985,-10844
0063,16:30,990,-12622
0063,16:35,995,-12622
0063,16:40,1000,-12622
0063,16:45,1005,-12622
0063,16:50,1010,-11022
0063,16:55,1015,-11022
0063,17:00,1020,-11022
0063,17:05,1025,-7822
0063,17:10,1030,-7822
0063,17:15,1035,-7822
0063,17:20,1040,-7822
0063,17:25,1045,-7822
0063,17:30,1050,-8000
0063,17:35,1055,-8000
0063,17:40,1060,-8000
0063,17:45,1065,-8000
0063,17:50,1070,-8178
0063,17:55,1075,-8178
0063,18:00,1080,-8178
0063,18:05,1085,-8178
0063,18:10,1090,-5689
0063,18:15,1095,-5689
0063,18:20,1100,-5689
0063,18:25,1105,-7467
0063,18:30,1110,-7467
0063,18:35,1115,-7467
0063,18:40,1120,-7467
0063,18:45,1125,-7467
0063,18:50,1130,-8889
0063,18:55,1135,-8889
0063,19:00,1140,-8889
0063,19:05,1145,-8889
0063,19:10,1150,-10311
0063,19:15,1155,-10311
0063,19:20,1160,-10311
0063,19:25,1165,-11200
0063,19:30,1170,-11200
0063,19:35,1175,-11200
0063,19:40,1180,-11200
0063,19:45,1185,-11911
0063,19:50,1190,-11911
0063,19:55,1195,-11911
0063,20:00,1200,-11911
0063,20:05,1205,-11911
0063,20:10,1210,-11911
0063,20:15,1215,-11911
0063,20:20,1220,-11911
0063,20:25,1225,-11911
0063,20:30,1230,-12800
0063,20:35,1235,-12800
0063,20:40,1240,-12800
0063,20:45,1245,-12800
0063,20:50,1250,-12800
0063,20:55,1255,-12800
0063,21:00,1260,-12800
0063,21:05,1265,-12800
0063,21:10,1270,-12800
0063,21:15,1275,-12800
0063,21:20,1280,-12800
0063,21:25,1285,-12800
0063,21:30,1290,-12978
0063,21:35,1295,-12978
0063,21:40,1300,-12978
0063,21:45,1305,-12978
0063,21:50,1310,-12978
0063,21:55,1315,-12978
0063,22:00,1320,-12978
0063,22:05,1325,-12978
0063,22:10,1330,-12978
0063,22:15,1335,-12978
0063,22:20,1340,-12978
0063,22:25,1345,-12978
0063,22:30,1350,-12978
0063,22:35,1355,-12978
0063,22:40,1360,-12978
0063,22:45,1365,-12978
0063,22:50,1370,-12978
0063,22:55,1375,-12978
0063,23:00,1380,-12978
0063,23:05,1385,-12978
0063,23:10,1390,-12978
0063,23:15,1395,-12978
0063,23:16,1396,-12978
0063,23:20,1400,-12978
0064,09:00,540,0
0064,09:05,545,0
0064,09:10,550,0
0064,09:15,555,0
0064,09:20,560,0
0064,09:25,565,0
0064,09:30,570,0
0064,09:35,575,0
0064,09:40,580,0
0064,09:45,585,0
0064,09:50,590,0
0064,09:55,595,0
0064,10:00,600,0
0064,10:05,605,0
0064,10:10,610,0
0064,10:15,615,0
0064,10:20,620,0
0064,10:25,625,-511
0064,10:30,630,-511
0064,10:35,635,-511
0064,10:40,640,-1277
0064,10:45,645,-1277
0064,10:50,650,-1277
0064,10:55,655,-1277
0064,11:00,660,-1277
0064,11:05,665,-1277
0064,11:10,670,-1277
0064,11:15,675,-1277
0064,11:20,680,-1277
0064,11:25,685,-1277
0064,11:30,690,-2043
0064,11:35,695,-2043
0064,11:40,700,-2043
0064,11:45,705,-511
0064,11:50,710,-511
0064,11:55,715,-511
0064,12:00,720,-511
0064,12:05,725,-511
0064,12:10,730,-511
0064,12:15,735,-511
0064,12:20,740,-511
0064,12:25,745,-511
0064,12:30,750,-2298
0064,12:35,755,-2298
0064,12:40,760,-2298
0064,12:45,765,-2298
0064,12:50,770,1983
0064,12:55,775,1983
0064,13:00,780,1983
0064,13:05,785,7934
0064,13:10,790,7934
0064,13:15,795,7934
0064,13:20,800,7934
0064,13:25,805,14132
0064,13:30,810,14132
0064,13:35,815,14132
0064,13:40,820,14132
0064,13:45,825,14132
0064,13:50,830,17603
0064,13:55,835,17603
0064,14:00,840,17603
0064,14:05,845,17603
0064,14:10,850,20083
0064,14:15,855,20083
0064,14:20,860,20083
0064,14:25,865,20083
0064,14:30,870,19587
0064,14:35,875,19587
0064,14:40,880,19587
0064,14:45,885,26281
0064,14:50,890,26281
0064,14:55,895,26281
0064,15:00,900,26281
0064,15:05,905,26281
0064,15:10,910,26281
0064,15:15,915,26281
0064,15:20,920,26281
0064,15:25,925,26281
0064,15:30,930,25289
0064,15:35,935,25289
0064,15:40,940,25289
0064,15:45,945,25537
0064,15:50,950,25537
0064,15:55,955,25537
0064,16:00,960,25537
0064,16:05,965,25537
0064,16:10,970,25537
0064,16:15,975,25537
0064,16:20,980,25537
0064,16:25,985,25537
0064,16:30,990,25537
0064,16:35,995,25537
0064,16:40,1000,25537
0064,16:45,1005,25537
0064,16:50,1010,25041
0064,16:55,1015,25041
0064,17:00,1020,25041
0064,17:05,1025,23802
0064,17:10,1030,23802
0064,17:15,1035,23802
0064,17:20,1040,23802
0064,17:25,1045,23802
0064,17:30,1050,23058
0064,17:35,1055,23058
0064,17:40,1060,23058
0064,17:45,1065,23058
0064,17:50,1070,23058
0064,17:55,1075,23058
0064,18:00,1080,23058
0064,18:05,1085,23058
0064,18:10,1090,23058
0064,18:15,1095,23058
0064,18:20,1100,23058
0064,18:25,1105,21570
0064,18:30,1110,21570
0064,18:35,1115,21570
0064,18:40,1120,21570
0064,18:45,1125,21570
0064,18:50,1130,20579
0064,18:55,1135,20579
0064,19:00,1140,20579
0064,19:05,1145,20579
0064,19:10,1150,21322
0064,19:15,1155,21322
0064,19:20,1160,21322
0064,19:25,1165,19835
0064,19:30,1170,19835
0064,19:35,1175,19835
0064,19:40,1180,19835
0064,19:45,1185,18595
0064,19:50,1190,18595
0064,19:55,1195,18595
0064,20:00,1200,18595
0064,20:05,1205,18595
0064,20:10,1210,18595
0064,20:15,1215,18595
0064,20:20,1220,18595
0064,20:25,1225,18595
0064,20:30,1230,18595
0064,20:35,1235,18595
0064,20:40,1240,18595
0064,20:45,1245,18595
0064,20:50,1250,18595
0064,20:55,1255,18595
0064,21:00,1260,18595
0064,21:05,1265,18595
0064,21:10,1270,18595
0064,21:15,1275,18595
0064,21:20,1280,18595
0064,21:25,1285,18595
0064,21:30,1290,18595
0064,21:35,1295,18595
0064,21:40,1300,18595
0064,21:45,1305,18595
0064,21:50,1310,18595
0064,21:55,1315,18595
0064,22:00,1320,18595
0064,22:05,1325,18595
0064,22:10,1330,18595
0064,22:15,1335,18595
0064,22:20,1340,18595
0064,22:25,1345,18595
0064,22:30,1350,18595
0064,22:35,1355,18595
0064,22:40,1360,18595
0064,22:45,1365,18595
0064,22:50,1370,18595
0064,22:55,1375,18595
0064,23:00,1380,18595
0064,23:05,1385,18595
0064,23:10,1390,18595
0064,23:15,1395,18595
0064,23:16,1396,18595
0064,23:20,1400,18595
0065,09:00,540,0
0065,09:05,545,0
0065,09:10,550,0
0065,09:15,555,0
0065,09:20,560,0
0065,09:25,565,0
0065,09:30,570,0
0065,09:35,575,0
0065,09:40,580,0
0065,09:45,585,0
0065,09:50,590,0
0065,09:55,595,0
0065,10:00,600,0
0065,10:05,605,0
0065,10:10,610,0
0065,10:15,615,0
0065,10:20,620,0
0065,10:25,625,0
0065,10:30,630,0
0065,10:35,635,0
0065,10:40,640,-255
0065,10:45,645,-255
0065,10:50,650,-255
0065,10:55,655,-255
0065,11:00,660,-511
0065,11:05,665,-511
0065,11:10,670,-511
0065,11:15,675,-511
0065,11:20,680,-511
0065,11:25,685,-511
0065,11:30,690,-511
0065,11:35,695,-511
0065,11:40,700,-511
0065,11:45,705,-766
0065,11:50,710,-766
0065,11:55,715,-766
0065,12:00,720,-766
0065,12:05,725,-1787
0065,12:10,730,-1787
0065,12:15,735,-1787
0065,12:20,740,-1787
0065,12:25,745,-1787
0065,12:30,750,-2809
0065,12:35,755,-2809
0065,12:40,760,-2809
0065,12:45,765,-2809
0065,12:50,770,-3064
0065,12:55,775,-3064
0065,13:00,780,-3064
0065,13:05,785,-4085
0065,13:10,790,-4085
0065,13:15,795,-4085
0065,13:20,800,-4085
0065,13:25,805,-5617
0065,13:30,810,-5617
0065,13:35,815,-5617
0065,13:40,820,-5617
0065,13:45,825,-5617
0065,13:50,830,-7149
0065,13:55,835,-7149
0065,14:00,840,-7149
0065,14:05,845,-7149
0065,14:10,850,-8426
0065,14:15,855,-8426
0065,14:20,860,-8426
0065,14:25,865,-8426
0065,14:30,870,-9957
0065,14:35,875,-9957
0065,14:40,880,-9957
0065,14:45,885,-11489
0065,14:50,890,-11489
0065,14:55,895,-11489
0065,15:00,900,-11489
0065,15:05,905,-11489
0065,15:10,910,-12511
0065,15:15,915,-12511
0065,15:20,920,-12511
0065,15:25,925,-12511
0065,15:30,930,-7404
0065,15:35,935,-7404
0065,15:40,940,-7404
0065,15:45,945,-8936
0065,15:50,950,-8936
0065,15:55,955,-8936
0065,16:00,960,-8936
0065,16:05,965,-8936
0065,16:10,970,-9957
0065,16:15,975,-9957
0065,16:20,980,-9957
0065,16:25,985,-9957
0065,16:30,990,-10213
0065,16:35,995,-10213
0065,16:40,1000,-10213
0065,16:45,1005,-10213
0065,16:50,1010,-10979
0065,16:55,1015,-10979
0065,17:00,1020,-10979
0065,17:05,1025,-12255
0065,17:10,1030,-12255
0065,17:15,1035,-12255
0065,17:20,1040,-12255
0065,17:25,1045,-12255
0065,17:30,1050,-13787
0065,17:35,1055,-13787
0065,17:40,1060,-13787
0065,17:45,1065,-13787
0065,17:50,1070,-15319
0065,17:55,1075,-15319
0065,18:00,1080,-15319
0065,18:05,1085,-15319
0065,18:10,1090,-15574
0065,18:15,1095,-15574
0065,18:20,1100,-15574
0065,18:25,1105,-16340
0065,18:30,1110,-16340
0065,18:35,1115,-16340
0065,18:40,1120,-16340
0065,18:45,1125,-16340
0065,18:50,1130,-16596
0065,18:55,1135,-16596
0065,19:00,1140,-16596
0065,19:05,1145,-16596
0065,19:10,1150,-18128
0065,19:15,1155,-18128
0065,19:20,1160,-18128
0065,19:25,1165,-19915
0065,19:30,1170,-19915
0065,19:35,1175,-19915
0065,19:40,1180,-19915
0065,19:45,1185,-20681
0065,19:50,1190,-20681
0065,19:55,1195,-20681
0065,20:00,1200,-20681
0065,20:05,1205,-20681
0065,20:10,1210,-21447
0065,20:15,1215,-21447
0065,20:20,1220,-21447
0065,20:25,1225,-21447
0065,20:30,1230,-21702
0065,20:35,1235,-21702
0065,20:40,1240,-21702
0065,20:45,1245,-21447
0065,20:50,1250,-21447
0065,20:55,1255,-21447
0065,21:00,1260,-21447
0065,21:05,1265,-21447
0065,21:10,1270,-20936
0065,21:15,1275,-20936
0065,21:20,1280,-20936
0065,21:25,1285,-20936
0065,21:30,1290,-21191
0065,21:35,1295,-21191
0065,21:40,1300,-21191
0065,21:45,1305,-21191
0065,21:50,1310,-21191
0065,21:55,1315,-21191
0065,22:00,1320,-21191
0065,22:05,1325,-21191
0065,22:10,1330,-21191
0065,22:15,1335,-21191
0065,22:20,1340,-21191
0065,22:25,1345,-21191
0065,22:30,1350,-21191
0065,22:35,1355,-21191
0065,22:40,1360,-21191
0065,22:45,1365,-21191
0065,22:50,1370,-21191
0065,22:55,1375,-21191
0065,23:00,1380,-21191
0065,23:05,1385,-21191
0065,23:10,1390,-21191
0065,23:15,1395,-21191
0065,23:16,1396,-21191
0065,23:20,1400,-21191
0066,09:00,540,0
0066,09:05,545,0
0066,09:10,550,0
0066,09:15,555,0
0066,09:20,560,0
0066,09:25,565,0
0066,09:30,570,0
0066,09:35,575,0
0066,09:40,580,0
0066,09:45,585,0
0066,09:50,590,0
0066,09:55,595,0
0066,10:00,600,0
0066,10:05,605,0
0066,10:10,610,0
0066,10:15,615,0
0066,10:20,620,0
0066,10:25,625,0
0066,10:30,630,0
0066,10:35,635,0
0066,10:40,640,0
0066,10:45,645,0
0066,10:50,650,0
0066,10:55,655,0
0066,11:00,660,0
0066,11:05,665,0
0066,11:10,670,0
0066,11:15,675,0
0066,11:20,680,0
0066,11:25,685,0
0066,11:30,690,0
0066,11:35,695,0
0066,11:40,700,0
0066,11:45,705,0
0066,11:50,710,0
0066,11:55,715,0
0066,12:00,720,0
0066,12:05,725,-889
0066,12:10,730,-889
0066,12:15,735,-889
0066,12:20,740,-889
0066,12:25,745,-889
0066,12:30,750,1293
0066,12:35,755,1293
0066,12:40,760,1293
0066,12:45,765,1293
0066,12:50,770,259
0066,12:55,775,259
0066,13:00,780,259
0066,13:05,785,-1067
0066,13:10,790,-1067
0066,13:15,795,-1067
0066,13:20,800,-1067
0066,13:25,805,-3022
0066,13:30,810,-3022
0066,13:35,815,-3022
0066,13:40,820,-3022
0066,13:45,825,-3022
0066,13:50,830,-4000
0066,13:55,835,-4000
0066,14:00,840,-4000
0066,14:05,845,-4000
0066,14:10,850,-5333
0066,14:15,855,-5333
0066,14:20,860,-5333
0066,14:25,865,-5333
0066,14:30,870,-4711
0066,14:35,875,-4711
0066,14:40,880,-4711
0066,14:45,885,-2489
0066,14:50,890,-2489
0066,14:55,895,-2489
0066,15:00,900,-2489
0066,15:05,905,-2489
0066,15:10,910,-2133
0066,15:15,915,-2133
0066,15:20,920,-2133
0066,15:25,925,-2133
0066,15:30,930,-1244
0066,15:35,935,-1244
0066,15:40,940,-1244
0066,15:45,945,-2222
0066,15:50,950,-2222
0066,15:55,955,-2222
0066,16:00,960,-2222
0066,16:05,965,-2222
0066,16:10,970,-3556
0066,16:15,975,-3556
0066,16:20,980,-3556
0066,16:25,985,-3556
0066,16:30,990,-3733
0066,16:35,995,-3733
0066,16:40,1000,-3733
0066,16:45,1005,-3733
0066,16:50,1010,-4533
0066,16:55,1015,-4533
0066,17:00,1020,-4533
0066,17:05,1025,-4800
0066,17:10,1030,-4800
0066,17:15,1035,-4800
0066,17:20,1040,-4800
0066,17:25,1045,-4800
0066,17:30,1050,-3556
0066,17:35,1055,-3556
0066,17:40,1060,-3556
0066,17:45,1065,-3556
0066,17:50,1070,-5156
0066,17:55,1075,-5156
0066,18:00,1080,-5156
0066,18:05,1085,-5156
0066,18:10,1090,-5778
0066,18:15,1095,-5778
0066,18:20,1100,-5778
0066,18:25,1105,-6844
0066,18:30,1110,-6844
0066,18:35,1115,-6844
0066,18:40,1120,-6844
0066,18:45,1125,-6844
0066,18:50,1130,-8000
0066,18:55,1135,-8000
0066,19:00,1140,-8000
0066,19:05,1145,-8000
0066,19:10,1150,-8267
0066,19:15,1155,-8267
0066,19:20,1160,-8267
0066,19:25,1165,-8267
0066,19:30,1170,-8267
0066,19:35,1175,-8267
0066,19:40,1180,-8267
0066,19:45,1185,-8533
0066,19:50,1190,-8533
0066,19:55,1195,-8533
0066,20:00,1200,-8533
0066,20:05,1205,-8533
0066,20:10,1210,-8533
0066,20:15,1215,-8533
0066,20:20,1220,-8533
0066,20:25,1225,-8533
0066,20:30,1230,-8533
0066,20:35,1235,-8533
0066,20:40,1240,-8533
0066,20:45,1245,-8533
0066,20:50,1250,-8533
0066,20:55,1255,-8533
0066,21:00,1260,-8533
0066,21:05,1265,-8533
0066,21:10,1270,-8533
0066,21:15,1275,-8533
0066,21:20,1280,-8533
0066,21:25,1285,-8533
0066,21:30,1290,-8533
0066,21:35,1295,-8533
0066,21:40,1300,-8533
0066,21:45,1305,-8533
0066,21:50,1310,-8533
0066,21:55,1315,-8533
0066,22:00,1320,-8533
0066,22:05,1325,-8533
0066,22:10,1330,-8533
0066,22:15,1335,-8533
0066,22:20,1340,-8533
0066,22:25,1345,-8533
0066,22:30,1350,-8533
0066,22:35,1355,-8533
0066,22:40,1360,-8533
0066,22:45,1365,-8533
0066,22:50,1370,-8533
0066,22:55,1375,-8533
0066,23:00,1380,-8533
0066,23:05,1385,-8533
0066,23:10,1390,-8533
0066,23:15,1395,-8533
0066,23:16,1396,-8533
0066,23:20,1400,-8533
0067,09:00,540,0
0067,09:05,545,0
0067,09:10,550,0
0067,09:15,555,0
0067,09:20,560,0
0067,09:25,565,0
0067,09:30,570,0
0067,09:35,575,0
0067,09:40,580,0
0067,09:45,585,0
0067,09:50,590,0
0067,09:55,595,0
0067,10:00,600,0
0067,10:05,605,0
0067,10:10,610,0
0067,10:15,615,0
0067,10:20,620,0
0067,10:25,625,-511
0067,10:30,630,-511
0067,10:35,635,-511
0067,10:40,640,4711
0067,10:45,645,4711
0067,10:50,650,4711
0067,10:55,655,4711
0067,11:00,660,5950
0067,11:05,665,5950
0067,11:10,670,5455
0067,11:15,675,5455
0067,11:20,680,5455
0067,11:25,685,5455
0067,11:30,690,4215
0067,11:35,695,4215
0067,11:40,700,4215
0067,11:45,705,3471
0067,11:50,710,3471
0067,11:55,715,3471
0067,12:00,720,3471
0067,12:05,725,2727
0067,12:10,730,2727
0067,12:15,735,2727
0067,12:20,740,2727
0067,12:25,745,2727
0067,12:30,750,1983
0067,12:35,755,1983
0067,12:40,760,1983
0067,12:45,765,1983
0067,12:50,770,5702
0067,12:55,775,5702
0067,13:00,780,5702
0067,13:05,785,6446
0067,13:10,790,6446
0067,13:15,795,6446
0067,13:20,800,6446
0067,13:25,805,11405
0067,13:30,810,11405
0067,13:35,815,11405
0067,13:40,820,11405
0067,13:45,825,11405
0067,13:50,830,11901
0067,13:55,835,11901
0067,14:00,840,11901
0067,14:05,845,11901
0067,14:10,850,10661
0067,14:15,855,10661
0067,14:20,860,10661
0067,14:25,865,10661
0067,14:30,870,12645
0067,14:35,875,12645
0067,14:40,880,12645
0067,14:45,885,11157
0067,14:50,890,11157
0067,14:55,895,11157
0067,15:00,900,11157
0067,15:05,905,11157
0067,15:10,910,10413
0067,15:15,915,10413
0067,15:20,920,10413
0067,15:25,925,10413
0067,15:30,930,9917
0067,15:35,935,9917
0067,15:40,940,9917
0067,15:45,945,11653
0067,15:50,950,11653
0067,15:55,955,11653
0067,16:00,960,11653
0067,16:05,965,11653
0067,16:10,970,13140
0067,16:15,975,13140
0067,16:20,980,13140
0067,16:25,985,13140
0067,16:30,990,12893
0067,16:35,995,12893
0067,16:40,1000,12893
0067,16:45,1005,12893
0067,16:50,1010,12893
0067,16:55,1015,12893
0067,17:00,1020,12893
0067,17:05,1025,11653
0067,17:10,1030,11653
0067,17:15,1035,11653
0067,17:20,1040,11653
0067,17:25,1045,11653
0067,17:30,1050,16860
0067,17:35,1055,16860
0067,17:40,1060,16860
0067,17:45,1065,16860
0067,17:50,1070,19587
0067,17:55,1075,19587
0067,18:00,1080,19587
0067,18:05,1085,19587
0067,18:10,1090,22066
0067,18:15,1095,22066
0067,18:20,1100,22066
0067,18:25,1105,21818
0067,18:30,1110,21818
0067,18:35,1115,21818
0067,18:40,1120,21818
0067,18:45,1125,21818
0067,18:50,1130,21818
0067,18:55,1135,21818
0067,19:00,1140,21818
0067,19:05,1145,21818
0067,19:10,1150,20826
0067,19:15,1155,20826
0067,19:20,1160,20826
0067,19:25,1165,19339
0067,19:30,1170,19339
0067,19:35,1175,19339
0067,19:40,1180,19339
0067,19:45,1185,20579
0067,19:50,1190,20579
0067,19:55,1195,20579
0067,20:00,1200,20579
0067,20:05,1205,20579
0067,20:10,1210,20083
0067,20:15,1215,20083
0067,20:20,1220,20083
0067,20:25,1225,20083
0067,20:30,1230,18595
0067,20:35,1235,18595
0067,20:40,1240,18595
0067,20:45,1245,17107
0067,20:50,1250,17107
0067,20:55,1255,17107
0067,21:00,1260,17107
0067,21:05,1265,17107
0067,21:10,1270,19091
0067,21:15,1275,19091
0067,21:20,1280,19091
0067,21:25,1285,19091
0067,21:30,1290,24545
0067,21:35,1295,24545
0067,21:40,1300,24545
0067,21:45,1305,24545
0067,21:50,1310,24545
0067,21:55,1315,24545
0067,22:00,1320,24545
0067,22:05,1325,24545
0067,22:10,1330,24545
0067,22:15,1335,24545
0067,22:20,1340,24545
0067,22:25,1345,24545
0067,22:30,1350,24545
0067,22:35,1355,24545
0067,22:40,1360,24545
0067,22:45,1365,24545
0067,22:50,1370,24545
0067,22:55,1375,24545
0067,23:00,1380,24545
0067,23:05,1385,24545
0067,23:10,1390,24545
0067,23:15,1395,24545
0067,23:16,1396,24545
0067,23:20,1400,24545
0068,09:00,540,0
0068,09:05,545,0
0068,09:10,550,0
0068,09:15,555,0
0068,09:20,560,0
0068,09:25,565,0
0068,09:30,570,0
0068,09:35,575,0
0068,09:40,580,0
0068,09:45,585,0
0068,09:50,590,0
0068,09:55,595,0
0068,10:00,600,0
0068,10:05,605,0
0068,10:10,610,0
0068,10:15,615,0
0068,10:20,620,0
0068,10:25,625,172
0068,10:30,630,172
0068,10:35,635,172
0068,10:40,640,517
0068,10:45,645,517
0068,10:50,650,517
0068,10:55,655,517
0068,11:00,660,3103
0068,11:05,665,3103
0068,11:10,670,4310
0068,11:15,675,4310
0068,11:20,680,4310
0068,11:25,685,4310
0068,11:30,690,11207
0068,11:35,695,11207
0068,11:40,700,11207
0068,11:45,705,13621
0068,11:50,710,13621
0068,11:55,715,13621
0068,12:00,720,13621
0068,12:05,725,13621
0068,12:10,730,13621
0068,12:15,735,13621
0068,12:20,740,13621
0068,12:25,745,13621
0068,12:30,750,15690
0068,12:35,755,15690
0068,12:40,760,15690
0068,12:45,765,15690
0068,12:50,770,14310
0068,12:55,775,14310
0068,13:00,780,14310
0068,13:05,785,13276
0068,13:10,790,13276
0068,13:15,795,13276
0068,13:20,800,13276
0068,13:25,805,13103
0068,13:30,810,13103
0068,13:35,815,13103
0068,13:40,820,13103
0068,13:45,825,13103
0068,13:50,830,11897
0068,13:55,835,11897
0068,14:00,840,11897
0068,14:05,845,11897
0068,14:10,850,10690
0068,14:15,855,10690
0068,14:20,860,10690
0068,14:25,865,10690
0068,14:30,870,10000
0068,14:35,875,10000
0068,14:40,880,10000
0068,14:45,885,8621
0068,14:50,890,8621
0068,14:55,895,8621
0068,15:00,900,8621
0068,15:05,905,8621
0068,15:10,910,7414
0068,15:15,915,7414
0068,15:20,920,7414
0068,15:25,925,7414
0068,15:30,930,5862
0068,15:35,935,5862
0068,15:40,940,5862
0068,15:45,945,4655
0068,15:50,950,4655
0068,15:55,955,4655
0068,16:00,960,4655
0068,16:05,965,4655
0068,16:10,970,4138
0068,16:15,975,4138
0068,16:20,980,4138
0068,16:25,985,4138
0068,16:30,990,8966
0068,16:35,995,8966
0068,16:40,1000,8966
0068,16:45,1005,8966
0068,16:50,1010,10345
0068,16:55,1015,10345
0068,17:00,1020,10345
0068,17:05,1025,13276
0068,17:10,1030,13276
0068,17:15,1035,13276
0068,17:20,1040,13276
0068,17:25,1045,13276
0068,17:30,1050,14828
0068,17:35,1055,14828
0068,17:40,1060,14828
0068,17:45,1065,14828
0068,17:50,1070,14483
0068,17:55,1075,14483
0068,18:00,1080,14483
0068,18:05,1085,14483
0068,18:10,1090,14483
0068,18:15,1095,14483
0068,18:20,1100,14483
0068,18:25,1105,13966
0068,18:30,1110,13966
0068,18:35,1115,13966
0068,18:40,1120,13966
0068,18:45,1125,13966
0068,18:50,1130,13276
0068,18:55,1135,13276
0068,19:00,1140,13276
0068,19:05,1145,13276
0068,19:10,1150,12241
0068,19:15,1155,12241
0068,19:20,1160,12241
0068,19:25,1165,11724
0068,19:30,1170,11724
0068,19:35,1175,11724
0068,19:40,1180,11724
0068,19:45,1185,11552
0068,19:50,1190,11552
0068,19:55,1195,11552
0068,20:00,1200,11552
0068,20:05,1205,11552
0068,20:10,1210,11552
0068,20:15,1215,11552
0068,20:20,1220,11552
0068,20:25,1225,11552
0068,20:30,1230,11552
0068,20:35,1235,11552
0068,20:40,1240,11552
0068,20:45,1245,11552
0068,20:50,1250,11552
0068,20:55,1255,11552
0068,21:00,1260,11552
0068,21:05,1265,11552
0068,21:10,1270,11552
0068,21:15,1275,11552
0068,21:20,1280,11552
0068,21:25,1285,11552
0068,21:30,1290,11552
0068,21:35,1295,11552
0068,21:40,1300,11552
0068,21:45,1305,11552
0068,21:50,1310,11552
0068,21:55,1315,11552
0068,22:00,1320,11552
0068,22:05,1325,11552
0068,22:10,1330,11552
0068,22:15,1335,11552
0068,22:20,1340,11552
0068,22:25,1345,11552
0068,22:30,1350,11552
0068,22:35,1355,11552
0068,22:40,1360,11552
0068,22:45,1365,11552
0068,22:50,1370,11552
0068,22:55,1375,11552
0068,23:00,1380,11552
0068,23:05,1385,11552
0068,23:10,1390,11552
0068,23:15,1395,11552
0068,23:16,1396,11552
0068,23:20,1400,11552
0069,09:00,540,0
0069,09:05,545,0
0069,09:10,550,0
0069,09:15,555,0
0069,09:20,560,0
0069,09:25,565,0
0069,09:30,570,0
0069,09:35,575,0
0069,09:40,580,0
0069,09:45,585,0
0069,09:50,590,0
0069,09:55,595,0
0069,10:00,600,0
0069,10:05,605,0
0069,10:10,610,-356
0069,10:15,615,-356
0069,10:20,620,-356
0069,10:25,625,-1511
0069,10:30,630,-1511
0069,10:35,635,-1511
0069,10:40,640,-1956
0069,10:45,645,-1956
0069,10:50,650,-1956
0069,10:55,655,-1956
0069,11:00,660,-1422
0069,11:05,665,-1422
0069,11:10,670,-1956
0069,11:15,675,-1956
0069,11:20,680,-1956
0069,11:25,685,-1956
0069,11:30,690,-1689
0069,11:35,695,-1689
0069,11:40,700,-1689
0069,11:45,705,-2756
0069,11:50,710,-2756
0069,11:55,715,-2756
0069,12:00,720,-2756
0069,12:05,725,-4089
0069,12:10,730,-4089
0069,12:15,735,-4089
0069,12:20,740,-4089
0069,12:25,745,-4089
0069,12:30,750,-4800
0069,12:35,755,-4800
0069,12:40,760,-4800
0069,12:45,765,-4800
0069,12:50,770,-4800
0069,12:55,775,-4800
0069,13:00,780,-4800
0069,13:05,785,-4800
0069,13:10,790,-4800
0069,13:15,795,-4800
0069,13:20,800,-4800
0069,13:25,805,-6133
0069,13:30,810,-6133
0069,13:35,815,-6133
0069,13:40,820,-6133
0069,13:45,825,-6133
0069,13:50,830,-6844
0069,13:55,835,-6844
0069,14:00,840,-6844
0069,14:05,845,-6844
0069,14:10,850,-6844
0069,14:15,855,-6844
0069,14:20,860,-6844
0069,14:25,865,-6844
0069,14:30,870,-7911
0069,14:35,875,-7911
0069,14:40,880,-7911
0069,14:45,885,-8978
0069,14:50,890,-8978
0069,14:55,895,-8978
0069,15:00,900,-8978
0069,15:05,905,-8978
0069,15:10,910,-9778
0069,15:15,915,-9778
0069,15:20,920,-9778
0069,15:25,925,-9778
0069,15:30,930,-8000
0069,15:35,935,-8000
0069,15:40,940,-8000
0069,15:45,945,-6844
0069,15:50,950,-6844
0069,15:55,955,-6844
0069,16:00,960,-6844
0069,16:05,965,-6844
0069,16:10,970,-4000
0069,16:15,975,-4000
0069,16:20,980,-4000
0069,16:25,985,-4000
0069,16:30,990,-4000
0069,16:35,995,-4000
0069,16:40,1000,-4000
0069,16:45,1005,-4000
0069,16:50,1010,-2044
0069,16:55,1015,-2044
0069,17:00,1020,-2044
0069,17:05,1025,2845
0069,17:10,1030,2845
0069,17:15,1035,2845
0069,17:20,1040,2845
0069,17:25,1045,2845
0069,17:30,1050,1810
0069,17:35,1055,1810
0069,17:40,1060,1810
0069,17:45,1065,1810
0069,17:50,1070,1121
0069,17:55,1075,1121
0069,18:00,1080,1121
0069,18:05,1085,1121
0069,18:10,1090,1121
0069,18:15,1095,1121
0069,18:20,1100,1121
0069,18:25,1105,1121
0069,18:30,1110,1121
0069,18:35,1115,1121
0069,18:40,1120,1121
0069,18:45,1125,1121
0069,18:50,1130,776
0069,18:55,1135,776
0069,19:00,1140,776
0069,19:05,1145,776
0069,19:10,1150,259
0069,19:15,1155,259
0069,19:20,1160,259
0069,19:25,1165,86
0069,19:30,1170,86
0069,19:35,1175,86
0069,19:40,1180,86
0069,19:45,1185,-622
0069,19:50,1190,-622
0069,19:55,1195,-622
0069,20:00,1200,-622
0069,20:05,1205,-622
0069,20:10,1210,-622
0069,20:15,1215,-622
0069,20:20,1220,-622
0069,20:25,1225,-622
0069,20:30,1230,-889
0069,20:35,1235,-889
0069,20:40,1240,-889
0069,20:45,1245,-1244
0069,20:50,1250,-1244
0069,20:55,1255,-1244
0069,21:00,1260,-1244
0069,21:05,1265,-1244
0069,21:10,1270,-1244
0069,21:15,1275,-1244
0069,21:20,1280,-1244
0069,21:25,1285,-1244
0069,21:30,1290,-1244
0069,21:35,1295,-1244
0069,21:40,1300,-1244
0069,21:45,1305,-1244
0069,21:50,1310,-1244
0069,21:55,1315,-1244
0069,22:00,1320,-1244
0069,22:05,1325,-1244
0069,22:10,1330,-1244
0069,22:15,1335,-1244
0069,22:20,1340,-1244
0069,22:25,1345,-1244
0069,22:30,1350,-1244
0069,22:35,1355,-1244
0069,22:40,1360,-1244
0069,22:45,1365,-1244
0069,22:50,1370,-1244
0069,22:55,1375,-1244
0069,23:00,1380,-1244
0069,23:05,1385,-1244
0069,23:10,1390,-1244
0069,23:15,1395,-1244
0069,23:16,1396,-1244
0069,23:20,1400,-1244
0070,09:00,540,0
0070,09:05,545,0
0070,09:10,550,0
0070,09:15,555,0
0070,09:20,560,0
0070,09:25,565,0
0070,09:30,570,0
0070,09:35,575,0
0070,09:40,580,0
0070,09:45,585,0
0070,09:50,590,0
0070,09:55,595,0
0070,10:00,600,0
0070,10:05,605,0
0070,10:10,610,0
0070,10:15,615,0
0070,10:20,620,0
0070,10:25,625,0
0070,10:30,630,0
0070,10:35,635,0
0070,10:40,640,0
0070,10:45,645,0
0070,10:50,650,0
0070,10:55,655,0
0070,11:00,660,0
0070,11:05,665,0
0070,11:10,670,0
0070,11:15,675,0
0070,11:20,680,0
0070,11:25,685,0
0070,11:30,690,0
0070,11:35,695,0
0070,11:40,700,0
0070,11:45,705,0
0070,11:50,710,0
0070,11:55,715,0
0070,12:00,720,0
0070,12:05,725,0
0070,12:10,730,0
0070,12:15,735,0
0070,12:20,740,0
0070,12:25,745,0
0070,12:30,750,1552
0070,12:35,755,1552
0070,12:40,760,1552
0070,12:45,765,1552
0070,12:50,770,6293
0070,12:55,775,6293
0070,13:00,780,6293
0070,13:05,785,5259
0070,13:10,790,5259
0070,13:15,795,5259
0070,13:20,800,5259
0070,13:25,805,4138
0070,13:30,810,4138
0070,13:35,815,4138
0070,13:40,820,4138
0070,13:45,825,4138
0070,13:50,830,3190
0070,13:55,835,3190
0070,14:00,840,3190
0070,14:05,845,3190
0070,14:10,850,2414
0070,14:15,855,2414
0070,14:20,860,2414
0070,14:25,865,2414
0070,14:30,870,4741
0070,14:35,875,4741
0070,14:40,880,4741
0070,14:45,885,4397
0070,14:50,890,4397
0070,14:55,895,4397
0070,15:00,900,4397
0070,15:05,905,4397
0070,15:10,910,3793
0070,15:15,915,3793
0070,15:20,920,3793
0070,15:25,925,3793
0070,15:30,930,3276
0070,15:35,935,3276
0070,15:40,940,3276
0070,15:45,945,3103
0070,15:50,950,3103
0070,15:55,955,3103
0070,16:00,960,3103
0070,16:05,965,3103
0070,16:10,970,3103
0070,16:15,975,3103
0070,16:20,980,3103
0070,16:25,985,3103
0070,16:30,990,3103
0070,16:35,995,3103
0070,16:40,1000,3103
0070,16:45,1005,3103
0070,16:50,1010,3103
0070,16:55,1015,3103
0070,17:00,1020,3103
0070,17:05,1025,3103
0070,17:10,1030,3103
0070,17:15,1035,3103
0070,17:20,1040,3103
0070,17:25,1045,3103
0070,17:30,1050,2931
0070,17:35,1055,2931
0070,17:40,1060,2931
0070,17:45,1065,2931
0070,17:50,1070,2328
0070,17:55,1075,2328
0070,18:00,1080,2328
0070,18:05,1085,2328
0070,18:10,1090,1724
0070,18:15,1095,1724
0070,18:20,1100,1724
0070,18:25,1105,172
0070,18:30,1110,172
0070,18:35,1115,172
0070,18:40,1120,172
0070,18:45,1125,172
0070,18:50,1130,-978
0070,18:55,1135,-978
0070,19:00,1140,-978
0070,19:05,1145,-978
0070,19:10,1150,-1422
0070,19:15,1155,-1422
0070,19:20,1160,-1422
0070,19:25,1165,-1689
0070,19:30,1170,-1689
0070,19:35,1175,-1689
0070,19:40,1180,-1689
0070,19:45,1185,-1689
0070,19:50,1190,-1689
0070,19:55,1195,-1689
0070,20:00,1200,-1689
0070,20:05,1205,-1689
0070,20:10,1210,-1689
0070,20:15,1215,-1689
0070,20:20,1220,-1689
0070,20:25,1225,-1689
0070,20:30,1230,-1689
0070,20:35,1235,-1689
0070,20:40,1240,-1689
0070,20:45,1245,-2044
0070,20:50,1250,-2044
0070,20:55,1255,-2044
0070,21:00,1260,-2044
0070,21:05,1265,-2044
0070,21:10,1270,-2044
0070,21:15,1275,-2044
0070,21:20,1280,-2044
0070,21:25,1285,-2044
0070,21:30,1290,-2133
0070,21:35,1295,-2133
0070,21:40,1300,-2133
0070,21:45,1305,3103
0070,21:50,1310,3103
0070,21:55,1315,3103
0070,22:00,1320,3103
0070,22:05,1325,8448
0070,22:10,1330,8448
0070,22:15,1335,8448
0070,22:20,1340,8448
0070,22:25,1345,8448
0070,22:30,1350,9052
0070,22:35,1355,9052
0070,22:40,1360,9052
0070,22:45,1365,9052
0070,22:50,1370,9052
0070,22:55,1375,9052
0070,23:00,1380,9052
0070,23:05,1385,9052
0070,23:10,1390,9052
0070,23:15,1395,9052
0070,23:16,1396,9052
0070,23:20,1400,9052
0071,09:00,540,0
0071,09:05,545,0
0071,09:10,550,0
0071,09:15,555,0
0071,09:20,560,0
0071,09:25,565,0
0071,09:30,570,0
0071,09:35,575,0
0071,09:40,580,0
0071,09:45,585,0
0071,09:50,590,0
0071,09:55,595,0
0071,10:00,600,0
0071,10:05,605,0
0071,10:10,610,0
0071,10:15,615,0
0071,10:20,620,0
0071,10:25,625,-533
0071,10:30,630,-533
0071,10:35,635,-533
0071,10:40,640,-1600
0071,10:45,645,-1600
0071,10:50,650,-1600
0071,10:55,655,-1600
0071,11:00,660,-2311
0071,11:05,665,-2311
0071,11:10,670,-889
0071,11:15,675,-889
0071,11:20,680,-889
0071,11:25,685,-889
0071,11:30,690,-178
0071,11:35,695,-178
0071,11:40,700,-178
0071,11:45,705,-1244
0071,11:50,710,-1244
0071,11:55,715,-1244
0071,12:00,720,-1244
0071,12:05,725,-1778
0071,12:10,730,-1778
0071,12:15,735,-1778
0071,12:20,740,-1778
0071,12:25,745,-1778
0071,12:30,750,-1956
0071,12:35,755,-1956
0071,12:40,760,-1956
0071,12:45,765,-1956
0071,12:50,770,-3022
0071,12:55,775,-3022
0071,13:00,780,-3022
0071,13:05,785,-3911
0071,13:10,790,-3911
0071,13:15,795,-3911
0071,13:20,800,-3911
0071,13:25,805,-4089
0071,13:30,810,-4089
0071,13:35,815,-4089
0071,13:40,820,-4089
0071,13:45,825,-4089
0071,13:50,830,-4622
0071,13:55,835,-4622
0071,14:00,840,-4622
0071,14:05,845,-4622
0071,14:10,850,-5511
0071,14:15,855,-5511
0071,14:20,860,-5511
0071,14:25,865,-5511
0071,14:30,870,-6578
0071,14:35,875,-6578
0071,14:40,880,-6578
0071,14:45,885,-6756
0071,14:50,890,-6756
0071,14:55,895,-6756
0071,15:00,900,-6756
0071,15:05,905,-6756
0071,15:10,910,-7822
0071,15:15,915,-7822
0071,15:20,920,-7822
0071,15:25,925,-7822
0071,15:30,930,-8178
0071,15:35,935,-8178
0071,15:40,940,-8178
0071,15:45,945,-2311
0071,15:50,950,-2311
0071,15:55,955,-2311
0071,16:00,960,-2311
0071,16:05,965,-2311
0071,16:10,970,2586
0071,16:15,975,2586
0071,16:20,980,2586
0071,16:25,985,2586
0071,16:30,990,9483
0071,16:35,995,9483
0071,16:40,1000,9483
0071,16:45,1005,9483
0071,16:50,1010,10862
0071,16:55,1015,10862
0071,17:00,1020,10862
0071,17:05,1025,10000
0071,17:10,1030,10000
0071,17:15,1035,10000
0071,17:20,1040,10000
0071,17:25,1045,10000
0071,17:30,1050,9483
0071,17:35,1055,9483
0071,17:40,1060,9483
0071,17:45,1065,9483
0071,17:50,1070,9483
0071,17:55,1075,9483
0071,18:00,1080,9483
0071,18:05,1085,9483
0071,18:10,1090,9483
0071,18:15,1095,9483
0071,18:20,1100,9483
0071,18:25,1105,9483
0071,18:30,1110,9483
0071,18:35,1115,9483
0071,18:40,1120,9483
0071,18:45,1125,9483
0071,18:50,1130,9483
0071,18:55,1135,9483
0071,19:00,1140,9483
0071,19:05,1145,9483
0071,19:10,1150,9138
0071,19:15,1155,9138
0071,19:20,1160,9138
0071,19:25,1165,8793
0071,19:30,1170,8793
0071,19:35,1175,8793
0071,19:40,1180,8793
0071,19:45,1185,8448
0071,19:50,1190,8448
0071,19:55,1195,8448
0071,20:00,1200,8448
0071,20:05,1205,8448
0071,20:10,1210,8103
0071,20:15,1215,8103
0071,20:20,1220,8103
0071,20:25,1225,8103
0071,20:30,1230,8103
0071,20:35,1235,8103
0071,20:40,1240,8103
0071,20:45,1245,8103
0071,20:50,1250,8103
0071,20:55,1255,8103
0071,21:00,1260,8103
0071,21:05,1265,8103
0071,21:10,1270,8103
0071,21:15,1275,8103
0071,21:20,1280,8103
0071,21:25,1285,8103
0071,21:30,1290,8103
0071,21:35,1295,8103
0071,21:40,1300,8103
0071,21:45,1305,8103
0071,21:50,1310,8103
0071,21:55,1315,8103
0071,22:00,1320,8103
0071,22:05,1325,8103
0071,22:10,1330,8103
0071,22:15,1335,8103
0071,22:20,1340,8103
0071,22:25,1345,8103
0071,22:30,1350,8103
0071,22:35,1355,8103
0071,22:40,1360,8103
0071,22:45,1365,8103
0071,22:50,1370,8103
0071,22:55,1375,8103
0071,23:00,1380,8103
0071,23:05,1385,8103
0071,23:10,1390,8103
0071,23:15,1395,8103
0071,23:16,1396,8103
0071,23:20,1400,8103
0072,09:00,540,0
0072,09:05,545,0
0072,09:10,550,0
0072,09:15,555,0
0072,09:20,560,0
0072,09:25,565,0
0072,09:30,570,0
0072,09:35,575,0
0072,09:40,580,0
0072,09:45,585,0
0072,09:50,590,0
0072,09:55,595,0
0072,10:00,600,0
0072,10:05,605,0
0072,10:10,610,0
0072,10:15,615,0
0072,10:20,620,0
0072,10:25,625,0
0072,10:30,630,0
0072,10:35,635,0
0072,10:40,640,0
0072,10:45,645,0
0072,10:50,650,0
0072,10:55,655,0
0072,11:00,660,0
0072,11:05,665,0
0072,11:10,670,0
0072,11:15,675,0
0072,11:20,680,0
0072,11:25,685,0
0072,11:30,690,0
0072,11:35,695,0
0072,11:40,700,0
0072,11:45,705,0
0072,11:50,710,0
0072,11:55,715,0
0072,12:00,720,0
0072,12:05,725,-711
0072,12:10,730,-711
0072,12:15,735,-711
0072,12:20,740,-711
0072,12:25,745,-711
0072,12:30,750,-533
0072,12:35,755,-533
0072,12:40,760,-533
0072,12:45,765,-533
0072,12:50,770,-1244
0072,12:55,775,-1244
0072,13:00,780,-1244
0072,13:05,785,-1244
0072,13:10,790,-1244
0072,13:15,795,-1244
0072,13:20,800,-1244
0072,13:25,805,-1600
0072,13:30,810,-1600
0072,13:35,815,-1600
0072,13:40,820,-1600
0072,13:45,825,-1600
0072,13:50,830,-1600
0072,13:55,835,-1600
0072,14:00,840,-1600
0072,14:05,845,-1600
0072,14:10,850,-1600
0072,14:15,855,-1600
0072,14:20,860,-1600
0072,14:25,865,-1600
0072,14:30,870,-1600
0072,14:35,875,-1600
0072,14:40,880,-1600
0072,14:45,885,-2844
0072,14:50,890,-2844
0072,14:55,895,-2844
0072,15:00,900,-2844
0072,15:05,905,-2844
0072,15:10,910,-3911
0072,15:15,915,-3911
0072,15:20,920,-3911
0072,15:25,925,-3911
0072,15:30,930,-4978
0072,15:35,935,-4978
0072,15:40,940,-4978
0072,15:45,945,-4978
0072,15:50,950,-4978
0072,15:55,955,-4978
0072,16:00,960,-4978
0072,16:05,965,-4978
0072,16:10,970,-4978
0072,16:15,975,-4978
0072,16:20,980,-4978
0072,16:25,985,-4978
0072,16:30,990,-4978
0072,16:35,995,-4978
0072,16:40,1000,-4978
0072,16:45,1005,-4978
0072,16:50,1010,-5689
0072,16:55,1015,-5689
0072,17:00,1020,-5689
0072,17:05,1025,-7111
0072,17:10,1030,-7111
0072,17:15,1035,-7111
0072,17:20,1040,-7111
0072,17:25,1045,-7111
0072,17:30,1050,-8000
0072,17:35,1055,-8000
0072,17:40,1060,-8000
0072,17:45,1065,-8000
0072,17:50,1070,-8000
0072,17:55,1075,-8000
0072,18:00,1080,-8000
0072,18:05,1085,-8000
0072,18:10,1090,-8000
0072,18:15,1095,-8000
0072,18:20,1100,-8000
0072,18:25,1105,-8711
0072,18:30,1110,-8711
0072,18:35,1115,-8711
0072,18:40,1120,-8711
0072,18:45,1125,-8711
0072,18:50,1130,-9067
0072,18:55,1135,-9067
0072,19:00,1140,-9067
0072,19:05,1145,-9067
0072,19:10,1150,-9956
0072,19:15,1155,-9956
0072,19:20,1160,-9956
0072,19:25,1165,-10133
0072,19:30,1170,-10133
0072,19:35,1175,-10133
0072,19:40,1180,-10133
0072,19:45,1185,-11200
0072,19:50,1190,-11200
0072,19:55,1195,-11200
0072,20:00,1200,-11200
0072,20:05,1205,-11200
0072,20:10,1210,-10311
0072,20:15,1215,-10311
0072,20:20,1220,-10311
0072,20:25,1225,-10311
0072,20:30,1230,-7822
0072,20:35,1235,-7822
0072,20:40,1240,-7822
0072,20:45,1245,-6933
0072,20:50,1250,-6933
0072,20:55,1255,-6933
0072,21:00,1260,-6933
0072,21:05,1265,-6933
0072,21:10,1270,-6933
0072,21:15,1275,-6933
0072,21:20,1280,-6933
0072,21:25,1285,-6933
0072,21:30,1290,-6933
0072,21:35,1295,-6933
0072,21:40,1300,-6933
0072,21:45,1305,-6933
0072,21:50,1310,-6933
0072,21:55,1315,-6933
0072,22:00,1320,-6933
0072,22:05,1325,-6933
0072,22:10,1330,-6933
0072,22:15,1335,-6933
0072,22:20,1340,-6933
0072,22:25,1345,-6933
0072,22:30,1350,-6933
0072,22:35,1355,-6933
0072,22:40,1360,-6933
0072,22:45,1365,-6933
0072,22:50,1370,-6933
0072,22:55,1375,-6933
0072,23:00,1380,-6933
0072,23:05,1385,-6933
0072,23:10,1390,-6933
0072,23:15,1395,-6933
0072,23:16,1396,-6933
0072,23:20,1400,-6933
0073,09:00,540,0
0073,09:05,545,0
0073,09:10,550,0
0073,09:15,555,0
0073,09:20,560,0
0073,09:25,565,0
0073,09:30,570,0
0073,09:35,575,0
0073,09:40,580,0
0073,09:45,585,0
0073,09:50,590,0
0073,09:55,595,0
0073,10:00,600,0
0073,10:05,605,0
0073,10:10,610,0
0073,10:15,615,0
0073,10:20,620,0
0073,10:25,625,-255
0073,10:30,630,-255
0073,10:35,635,-255
0073,10:40,640,-255
0073,10:45,645,-255
0073,10:50,650,-255
0073,10:55,655,-255
0073,11:00,660,-255
0073,11:05,665,-255
0073,11:10,670,-255
0073,11:15,675,-255
0073,11:20,680,-255
0073,11:25,685,-255
0073,11:30,690,-766
0073,11:35,695,-766
0073,11:40,700,-766
0073,11:45,705,-1021
0073,11:50,710,-1021
0073,11:55,715,-1021
0073,12:00,720,-1021
0073,12:05,725,-1277
0073,12:10,730,-1277
0073,12:15,735,-1277
0073,12:20,740,-1277
0073,12:25,745,-1277
0073,12:30,750,2231
0073,12:35,755,2231
0073,12:40,760,2231
0073,12:45,765,2231
0073,12:50,770,8926
0073,12:55,775,8926
0073,13:00,780,8926
0073,13:05,785,14380
0073,13:10,790,14380
0073,13:15,795,14380
0073,13:20,800,14380
0073,13:25,805,14380
0073,13:30,810,14380
0073,13:35,815,14380
0073,13:40,820,14380
0073,13:45,825,14380
0073,13:50,830,13884
0073,13:55,835,13884
0073,14:00,840,13884
0073,14:05,845,13884
0073,14:10,850,12645
0073,14:15,855,12645
0073,14:20,860,12645
0073,14:25,865,12645
0073,14:30,870,11157
0073,14:35,875,11157
0073,14:40,880,11157
0073,14:45,885,10661
0073,14:50,890,10661
0073,14:55,895,10661
0073,15:00,900,10661
0073,15:05,905,10661
0073,15:10,910,10413
0073,15:15,915,10413
0073,15:20,920,10413
0073,15:25,925,10413
0073,15:30,930,10413
0073,15:35,935,10413
0073,15:40,940,10413
0073,15:45,945,10413
0073,15:50,950,10413
0073,15:55,955,10413
0073,16:00,960,10413
0073,16:05,965,10413
0073,16:10,970,10413
0073,16:15,975,10413
0073,16:20,980,10413
0073,16:25,985,10413
0073,16:30,990,10413
0073,16:35,995,10413
0073,16:40,1000,10413
0073,16:45,1005,10413
0073,16:50,1010,9917
0073,16:55,1015,9917
0073,17:00,1020,9917
0073,17:05,1025,13388
0073,17:10,1030,13388
0073,17:15,1035,13388
0073,17:20,1040,13388
0073,17:25,1045,13388
0073,17:30,1050,19091
0073,17:35,1055,19091
0073,17:40,1060,19091
0073,17:45,1065,19091
0073,17:50,1070,19339
0073,17:55,1075,19339
0073,18:00,1080,19339
0073,18:05,1085,19339
0073,18:10,1090,18347
0073,18:15,1095,18347
0073,18:20,1100,18347
0073,18:25,1105,21074
0073,18:30,1110,21074
0073,18:35,1115,21074
0073,18:40,1120,21074
0073,18:45,1125,21074
0073,18:50,1130,25537
0073,18:55,1135,25537
0073,19:00,1140,25537
0073,19:05,1145,25537
0073,19:10,1150,25289
0073,19:15,1155,25289
0073,19:20,1160,25289
0073,19:25,1165,25041
0073,19:30,1170,25041
0073,19:35,1175,25041
0073,19:40,1180,25041
0073,19:45,1185,25041
0073,19:50,1190,25041
0073,19:55,1195,25041
0073,20:00,1200,25041
0073,20:05,1205,25041
0073,20:10,1210,25041
0073,20:15,1215,25041
0073,20:20,1220,25041
0073,20:25,1225,25041
0073,20:30,1230,25041
0073,20:35,1235,25041
0073,20:40,1240,25041
0073,20:45,1245,25041
0073,20:50,1250,25041
0073,20:55,1255,25041
0073,21:00,1260,25041
0073,21:05,1265,25041
0073,21:10,1270,25041
0073,21:15,1275,25041
0073,21:20,1280,25041
0073,21:25,1285,25041
0073,21:30,1290,25041
0073,21:35,1295,25041
0073,21:40,1300,25041
0073,21:45,1305,25041
0073,21:50,1310,25041
0073,21:55,1315,25041
0073,22:00,1320,25041
0073,22:05,1325,25041
0073,22:10,1330,25041
0073,22:15,1335,25041
0073,22:20,1340,25041
0073,22:25,1345,25041
0073,22:30,1350,25041
0073,22:35,1355,25041
0073,22:40,1360,25041
0073,22:45,1365,25041
0073,22:50,1370,25041
0073,22:55,1375,25041
0073,23:00,1380,25041
0073,23:05,1385,25041
0073,23:10,1390,25041
0073,23:15,1395,25041
0073,23:16,1396,25041
0073,23:20,1400,25041
0074,09:00,540,0
0074,09:05,545,0
0074,09:10,550,0
0074,09:15,555,0
0074,09:20,560,0
0074,09:25,565,0
0074,09:30,570,0
0074,09:35,575,0
0074,09:40,580,0
0074,09:45,585,0
0074,09:50,590,0
0074,09:55,595,0
0074,10:00,600,0
0074,10:05,605,0
0074,10:10,610,0
0074,10:15,615,0
0074,10:20,620,0
0074,10:25,625,0
0074,10:30,630,0
0074,10:35,635,0
0074,10:40,640,0
0074,10:45,645,0
0074,10:50,650,0
0074,10:55,655,0
0074,11:00,660,0
0074,11:05,665,0
0074,11:10,670,0
0074,11:15,675,0
0074,11:20,680,0
0074,11:25,685,0
0074,11:30,690,0
0074,11:35,695,0
0074,11:40,700,0
0074,11:45,705,0
0074,11:50,710,0
0074,11:55,715,0
0074,12:00,720,0
0074,12:05,725,0
0074,12:10,730,0
0074,12:15,735,0
0074,12:20,740,0
0074,12:25,745,0
0074,12:30,750,0
0074,12:35,755,0
0074,12:40,760,0
0074,12:45,765,0
0074,12:50,770,0
0074,12:55,775,0
0074,13:00,780,0
0074,13:05,785,0
0074,13:10,790,0
0074,13:15,795,0
0074,13:20,800,0
0074,13:25,805,2479
0074,13:30,810,2479
0074,13:35,815,2479
0074,13:40,820,2479
0074,13:45,825,2479
0074,13:50,830,6694
0074,13:55,835,6694
0074,14:00,840,6694
0074,14:05,845,6694
0074,14:10,850,6694
0074,14:15,855,6694
0074,14:20,860,6694
0074,14:25,865,6694
0074,14:30,870,6694
0074,14:35,875,6694
0074,14:40,880,6694
0074,14:45,885,13388
0074,14:50,890,13388
0074,14:55,895,13388
0074,15:00,900,13388
0074,15:05,905,13388
0074,15:10,910,18843
0074,15:15,915,18843
0074,15:20,920,18843
0074,15:25,925,18843
0074,15:30,930,24298
0074,15:35,935,24298
0074,15:40,940,24298
0074,15:45,945,25289
0074,15:50,950,25289
0074,15:55,955,25289
0074,16:00,960,25289
0074,16:05,965,25289
0074,16:10,970,24545
0074,16:15,975,24545
0074,16:20,980,24545
0074,16:25,985,24545
0074,16:30,990,24050
0074,16:35,995,24050
0074,16:40,1000,24050
0074,16:45,1005,24050
0074,16:50,1010,24050
0074,16:55,1015,24050
0074,17:00,1020,24050
0074,17:05,1025,23802
0074,17:10,1030,23802
0074,17:15,1035,23802
0074,17:20,1040,23802
0074,17:25,1045,23802
0074,17:30,1050,23554
0074,17:35,1055,23554
0074,17:40,1060,23554
0074,17:45,1065,23554
0074,17:50,1070,23554
0074,17:55,1075,23554
0074,18:00,1080,23554
0074,18:05,1085,23554
0074,18:10,1090,23554
0074,18:15,1095,23554
0074,18:20,1100,23554
0074,18:25,1105,23554
0074,18:30,1110,23554
0074,18:35,1115,23554
0074,18:40,1120,23554
0074,18:45,1125,23554
0074,18:50,1130,23554
0074,18:55,1135,23554
0074,19:00,1140,23554
0074,19:05,1145,23554
0074,19:10,1150,23554
0074,19:15,1155,23554
0074,19:20,1160,23554
0074,19:25,1165,23554
0074,19:30,1170,23554
0074,19:35,1175,23554
0074,19:40,1180,23554
0074,19:45,1185,23554
0074,19:50,1190,23554
0074,19:55,1195,23554
0074,20:00,1200,23554
0074,20:05,1205,23554
0074,20:10,1210,23058
0074,20:15,1215,23058
0074,20:20,1220,23058
0074,20:25,1225,23058
0074,20:30,1230,23058
0074,20:35,1235,23058
0074,20:40,1240,23058
0074,20:45,1245,23058
0074,20:50,1250,23058
0074,20:55,1255,23058
0074,21:00,1260,23058
0074,21:05,1265,23058
0074,21:10,1270,23058
0074,21:15,1275,23058
0074,21:20,1280,23058
0074,21:25,1285,23058
0074,21:30,1290,23058
0074,21:35,1295,23058
0074,21:40,1300,23058
0074,21:45,1305,23058
0074,21:50,1310,23058
0074,21:55,1315,23058
0074,22:00,1320,23058
0074,22:05,1325,23058
0074,22:10,1330,23058
0074,22:15,1335,23058
0074,22:20,1340,23058
0074,22:25,1345,23058
0074,22:30,1350,23058
0074,22:35,1355,23058
0074,22:40,1360,23058
0074,22:45,1365,23058
0074,22:50,1370,23058
0074,22:55,1375,23058
0074,23:00,1380,23058
0074,23:05,1385,23058
0074,23:10,1390,23058
0074,23:15,1395,23058
0074,23:16,1396,23058
0074,23:20,1400,23058
0075,09:00,540,0
0075,09:05,545,0
0075,09:10,550,0
0075,09:15,555,0
0075,09:20,560,0
0075,09:25,565,0
0075,09:30,570,0
0075,09:35,575,0
0075,09:40,580,0
0075,09:45,585,0
0075,09:50,590,0
0075,09:55,595,0
0075,10:00,600,0
0075,10:05,605,0
0075,10:10,610,0
0075,10:15,615,0
0075,10:20,620,0
0075,10:25,625,0
0075,10:30,630,0
0075,10:35,635,0
0075,10:40,640,0
0075,10:45,645,0
0075,10:50,650,0
0075,10:55,655,0
0075,11:00,660,0
0075,11:05,665,0
0075,11:10,670,0
0075,11:15,675,0
0075,11:20,680,0
0075,11:25,685,0
0075,11:30,690,-1156
0075,11:35,695,-1156
0075,11:40,700,-1156
0075,11:45,705,-1511
0075,11:50,710,-1511
0075,11:55,715,-1511
0075,12:00,720,-1511
0075,12:05,725,-1511
0075,12:10,730,-1511
0075,12:15,735,-1511
0075,12:20,740,-1511
0075,12:25,745,-1511
0075,12:30,750,-3022
0075,12:35,755,-3022
0075,12:40,760,-3022
0075,12:45,765,-3022
0075,12:50,770,-3556
0075,12:55,775,-3556
0075,13:00,780,-3556
0075,13:05,785,-4000
0075,13:10,790,-4000
0075,13:15,795,-4000
0075,13:20,800,-4000
0075,13:25,805,-4444
0075,13:30,810,-4444
0075,13:35,815,-4444
0075,13:40,820,-4444
0075,13:45,825,-4444
0075,13:50,830,-4444
0075,13:55,835,-4444
0075,14:00,840,-4444
0075,14:05,845,-4444
0075,14:10,850,-3644
0075,14:15,855,-3644
0075,14:20,860,-3644
0075,14:25,865,-3644
0075,14:30,870,1293
0075,14:35,875,1293
0075,14:40,880,1293
0075,14:45,885,6207
0075,14:50,890,6207
0075,14:55,895,6207
0075,15:00,900,6207
0075,15:05,905,6207
0075,15:10,910,9397
0075,15:15,915,9397
0075,15:20,920,9397
0075,15:25,925,9397
0075,15:30,930,8707
0075,15:35,935,8707
0075,15:40,940,8707
0075,15:45,945,8103
0075,15:50,950,8103
0075,15:55,955,8103
0075,16:00,960,8103
0075,16:05,965,8103
0075,16:10,970,7845
0075,16:15,975,7845
0075,16:20,980,7845
0075,16:25,985,7845
0075,16:30,990,7845
0075,16:35,995,7845
0075,16:40,1000,7845
0075,16:45,1005,7845
0075,16:50,1010,7414
0075,16:55,1015,7414
0075,17:00,1020,7414
0075,17:05,1025,6121
0075,17:10,1030,6121
0075,17:15,1035,6121
0075,17:20,1040,6121
0075,17:25,1045,6121
0075,17:30,1050,5345
0075,17:35,1055,5345
0075,17:40,1060,5345
0075,17:45,1065,5345
0075,17:50,1070,5345
0075,17:55,1075,5345
0075,18:00,1080,5345
0075,18:05,1085,5345
0075,18:10,1090,5345
0075,18:15,1095,5345
0075,18:20,1100,5345
0075,18:25,1105,5345
0075,18:30,1110,5345
0075,18:35,1115,5345
0075,18:40,1120,5345
0075,18:45,1125,5345
0075,18:50,1130,5345
0075,18:55,1135,5345
0075,19:00,1140,5345
0075,19:05,1145,5345
0075,19:10,1150,5345
0075,19:15,1155,5345
0075,19:20,1160,5345
0075,19:25,1165,5259
0075,19:30,1170,5259
0075,19:35,1175,5259
0075,19:40,1180,5259
0075,19:45,1185,4914
0075,19:50,1190,4914
0075,19:55,1195,4914
0075,20:00,1200,4914
0075,20:05,1205,4914
0075,20:10,1210,4828
0075,20:15,1215,4828
0075,20:20,1220,4828
0075,20:25,1225,4828
0075,20:30,1230,4828
0075,20:35,1235,4828
0075,20:40,1240,4828
0075,20:45,1245,4828
0075,20:50,1250,4828
0075,20:55,1255,4828
0075,21:00,1260,4828
0075,21:05,1265,4828
0075,21:10,1270,4828
0075,21:15,1275,4828
0075,21:20,1280,4828
0075,21:25,1285,4828
0075,21:30,1290,4828
0075,21:35,1295,4828
0075,21:40,1300,4828
0075,21:45,1305,4828
0075,21:50,1310,4828
0075,21:55,1315,4828
0075,22:00,1320,4828
0075,22:05,1325,4828
0075,22:10,1330,4828
0075,22:15,1335,4828
0075,22:20,1340,4828
0075,22:25,1345,4828
0075,22:30,1350,4828
0075,22:35,1355,4828
0075,22:40,1360,4828
0075,22:45,1365,4828
0075,22:50,1370,4828
0075,22:55,1375,4828
0075,23:00,1380,4828
0075,23:05,1385,4828
0075,23:10,1390,4828
0075,23:15,1395,4828
0075,23:16,1396,4828
0075,23:20,1400,4828
0076,09:00,540,0
0076,09:05,545,0
0076,09:10,550,0
0076,09:15,555,0
0076,09:20,560,0
0076,09:25,565,0
0076,09:30,570,0
0076,09:35,575,0
0076,09:40,580,0
0076,09:45,585,0
0076,09:50,590,0
0076,09:55,595,0
0076,10:00,600,0
0076,10:05,605,0
0076,10:10,610,0
0076,10:15,615,0
0076,10:20,620,0
0076,10:25,625,0
0076,10:30,630,0
0076,10:35,635,0
0076,10:40,640,0
0076,10:45,645,0
0076,10:50,650,0
0076,10:55,655,0
0076,11:00,660,0
0076,11:05,665,0
0076,11:10,670,0
0076,11:15,675,0
0076,11:20,680,0
0076,11:25,685,0
0076,11:30,690,0
0076,11:35,695,0
0076,11:40,700,0
0076,11:45,705,0
0076,11:50,710,0
0076,11:55,715,0
0076,12:00,720,0
0076,12:05,725,0
0076,12:10,730,0
0076,12:15,735,0
0076,12:20,740,0
0076,12:25,745,0
0076,12:30,750,-356
0076,12:35,755,-356
0076,12:40,760,-356
0076,12:45,765,-356
0076,12:50,770,2241
0076,12:55,775,2241
0076,13:00,780,2241
0076,13:05,785,2241
0076,13:10,790,2241
0076,13:15,795,2241
0076,13:20,800,2241
0076,13:25,805,2241
0076,13:30,810,2241
0076,13:35,815,2241
0076,13:40,820,2241
0076,13:45,825,2241
0076,13:50,830,1638
0076,13:55,835,1638
0076,14:00,840,1638
0076,14:05,845,1638
0076,14:10,850,1552
0076,14:15,855,1552
0076,14:20,860,1552
0076,14:25,865,1552
0076,14:30,870,1121
0076,14:35,875,1121
0076,14:40,880,1121
0076,14:45,885,1121
0076,14:50,890,1121
0076,14:55,895,1121
0076,15:00,900,1121
0076,15:05,905,1121
0076,15:10,910,1121
0076,15:15,915,1121
0076,15:20,920,1121
0076,15:25,925,1121
0076,15:30,930,517
0076,15:35,935,517
0076,15:40,940,517
0076,15:45,945,-178
0076,15:50,950,-178
0076,15:55,955,-178
0076,16:00,960,-178
0076,16:05,965,-178
0076,16:10,970,-1156
0076,16:15,975,-1156
0076,16:20,980,-1156
0076,16:25,985,-1156
0076,16:30,990,-800
0076,16:35,995,-800
0076,16:40,1000,-800
0076,16:45,1005,-800
0076,16:50,1010,2328
0076,16:55,1015,2328
0076,17:00,1020,2328
0076,17:05,1025,1638
0076,17:10,1030,1638
0076,17:15,1035,1638
0076,17:20,1040,1638
0076,17:25,1045,1638
0076,17:30,1050,690
0076,17:35,1055,690
0076,17:40,1060,690
0076,17:45,1065,690
0076,17:50,1070,-800
0076,17:55,1075,-800
0076,18:00,1080,-800
0076,18:05,1085,-800
0076,18:10,1090,-1333
0076,18:15,1095,-1333
0076,18:20,1100,-1333
0076,18:25,1105,1293
0076,18:30,1110,1293
0076,18:35,1115,1293
0076,18:40,1120,1293
0076,18:45,1125,1293
0076,18:50,1130,431
0076,18:55,1135,431
0076,19:00,1140,431
0076,19:05,1145,431
0076,19:10,1150,-800
0076,19:15,1155,-800
0076,19:20,1160,-800
0076,19:25,1165,-444
0076,19:30,1170,-444
0076,19:35,1175,-444
0076,19:40,1180,-444
0076,19:45,1185,-1511
0076,19:50,1190,-1511
0076,19:55,1195,-1511
0076,20:00,1200,-1511
0076,20:05,1205,-1511
0076,20:10,1210,-2044
0076,20:15,1215,-2044
0076,20:20,1220,-2044
0076,20:25,1225,-2044
0076,20:30,1230,-3022
0076,20:35,1235,-3022
0076,20:40,1240,-3022
0076,20:45,1245,-3022
0076,20:50,1250,-3022
0076,20:55,1255,-3022
0076,21:00,1260,-3022
0076,21:05,1265,-3022
0076,21:10,1270,-3022
0076,21:15,1275,-3022
0076,21:20,1280,-3022
0076,21:25,1285,-3022
0076,21:30,1290,-3022
0076,21:35,1295,-3022
0076,21:40,1300,-3022
0076,21:45,1305,-3022
0076,21:50,1310,-3022
0076,21:55,1315,-3022
0076,22:00,1320,-3022
0076,22:05,1325,-3022
0076,22:10,1330,-3022
0076,22:15,1335,-3022
0076,22:20,1340,-3022
0076,22:25,1345,-3022
0076,22:30,1350,-3022
0076,22:35,1355,-3022
0076,22:40,1360,-3022
0076,22:45,1365,-3022
0076,22:50,1370,-3022
0076,22:55,1375,-3022
0076,23:00,1380,-3022
0076,23:05,1385,-3022
0076,23:10,1390,-3022
0076,23:15,1395,-3022
0076,23:16,1396,-3022
0076,23:20,1400,-3022
0077,09:00,540,0
0077,09:05,545,0
0077,09:10,550,0
0077,09:15,555,0
0077,09:20,560,0
0077,09:25,565,0
0077,09:30,570,0
0077,09:35,575,0
0077,09:40,580,0
0077,09:45,585,0
0077,09:50,590,0
0077,09:55,595,0
0077,10:00,600,0
0077,10:05,605,0
0077,10:10,610,-260
0077,10:15,615,-260
0077,10:20,620,-260
0077,10:25,625,-1299
0077,10:30,630,-1299
0077,10:35,635,-1299
0077,10:40,640,-2078
0077,10:45,645,-2078
0077,10:50,650,-2078
0077,10:55,655,-2078
0077,11:00,660,-2857
0077,11:05,665,-2857
0077,11:10,670,-3377
0077,11:15,675,-3377
0077,11:20,680,-3377
0077,11:25,685,-3377
0077,11:30,690,-4416
0077,11:35,695,-4416
0077,11:40,700,-4416
0077,11:45,705,-5455
0077,11:50,710,-5455
0077,11:55,715,-5455
0077,12:00,720,-5455
0077,12:05,725,-6753
0077,12:10,730,-6753
0077,12:15,735,-6753
0077,12:20,740,-6753
0077,12:25,745,-6753
0077,12:30,750,-3117
0077,12:35,755,-3117
0077,12:40,760,-3117
0077,12:45,765,-3117
0077,12:50,770,1026
0077,12:55,775,1026
0077,13:00,780,1026
0077,13:05,785,5128
0077,13:10,790,5128
0077,13:15,795,5128
0077,13:20,800,5128
0077,13:25,805,10513
0077,13:30,810,10513
0077,13:35,815,10513
0077,13:40,820,10513
0077,13:45,825,10513
0077,13:50,830,10000
0077,13:55,835,10000
0077,14:00,840,10000
0077,14:05,845,10000
0077,14:10,850,12051
0077,14:15,855,12051
0077,14:20,860,12051
0077,14:25,865,12051
0077,14:30,870,11026
0077,14:35,875,11026
0077,14:40,880,11026
0077,14:45,885,10513
0077,14:50,890,10513
0077,14:55,895,10513
0077,15:00,900,10513
0077,15:05,905,10513
0077,15:10,910,15128
0077,15:15,915,15128
0077,15:20,920,15128
0077,15:25,925,15128
0077,15:30,930,17949
0077,15:35,935,17949
0077,15:40,940,17949
0077,15:45,945,23333
0077,15:50,950,23333
0077,15:55,955,23333
0077,16:00,960,23333
0077,16:05,965,23333
0077,16:10,970,25897
0077,16:15,975,25897
0077,16:20,980,25897
0077,16:25,985,25897
0077,16:30,990,25641
0077,16:35,995,25641
0077,16:40,1000,25641
0077,16:45,1005,25641
0077,16:50,1010,25641
0077,16:55,1015,25641
0077,17:00,1020,25641
0077,17:05,1025,25385
0077,17:10,1030,25385
0077,17:15,1035,25385
0077,17:20,1040,25385
0077,17:25,1045,25385
0077,17:30,1050,25385
0077,17:35,1055,25385
0077,17:40,1060,25385
0077,17:45,1065,25385
0077,17:50,1070,25385
0077,17:55,1075,25385
0077,18:00,1080,25385
0077,18:05,1085,25385
0077,18:10,1090,25385
0077,18:15,1095,25385
0077,18:20,1100,25385
0077,18:25,1105,25385
0077,18:30,1110,25385
0077,18:35,1115,25385
0077,18:40,1120,25385
0077,18:45,1125,25385
0077,18:50,1130,25385
0077,18:55,1135,25385
0077,19:00,1140,25385
0077,19:05,1145,25385
0077,19:10,1150,25385
0077,19:15,1155,25385
0077,19:20,1160,25385
0077,19:25,1165,25385
0077,19:30,1170,25385
0077,19:35,1175,25385
0077,19:40,1180,25385
0077,19:45,1185,25385
0077,19:50,1190,25385
0077,19:55,1195,25385
0077,20:00,1200,25385
0077,20:05,1205,25385
0077,20:10,1210,25385
0077,20:15,1215,25385
0077,20:20,1220,25385
0077,20:25,1225,25385
0077,20:30,1230,25385
0077,20:35,1235,25385
0077,20:40,1240,25385
0077,20:45,1245,24103
0077,20:50,1250,24103
0077,20:55,1255,24103
0077,21:00,1260,24103
0077,21:05,1265,24103
0077,21:10,1270,23077
0077,21:15,1275,23077
0077,21:20,1280,23077
0077,21:25,1285,23077
0077,21:30,1290,24872
0077,21:35,1295,24872
0077,21:40,1300,24872
0077,21:45,1305,23590
0077,21:50,1310,23590
0077,21:55,1315,23590
0077,22:00,1320,23590
0077,22:05,1325,27179
0077,22:10,1330,27179
0077,22:15,1335,27179
0077,22:20,1340,27179
0077,22:25,1345,27179
0077,22:30,1350,31026
0077,22:35,1355,31026
0077,22:40,1360,31026
0077,22:45,1365,31026
0077,22:50,1370,31026
0077,22:55,1375,31026
0077,23:00,1380,31026
0077,23:05,1385,31026
0077,23:10,1390,31026
0077,23:15,1395,31026
0077,23:16,1396,31026
0077,23:20,1400,31026
