signal_date,target_date,machine,group,wave_direction_pattern,region,convergence_score,UP_UP_UP,RIGHT,LOW_CONVERGENCE_RIGHT,DOWN_DOWN_DOWN,ALL_3,score,evaluation_status,actual_bullish,actual_open,actual_high,actual_low,actual_close,actual_close_ge_5000,actual_close_ge_10000,actual_close_ge_15000,actual_close_ge_20000,machine_status,history_rows,history_required,analysis_error
2026-08-29,2026-08-30,039,g3,UP-UP-UP,TOP,0.26281513913898447,True,False,False,False,False,1,evaluated,True,0,22314,-9702,22314,True,True,True,True,,,,
2026-08-29,2026-08-30,040,g4,UP-UP-DOWN,TOP,0.29124433231694347,False,False,False,False,False,0,evaluated,False,0,0,-11200,-11200,False,False,False,False,,,,
2026-08-29,2026-08-30,041,g5,DOWN-UP-DOWN,LEFT,0.39434857081144625,False,False,False,False,False,0,evaluated,True,0,4569,-8000,1810,False,False,False,False,,,,
2026-08-29,2026-08-30,042,g6,DOWN-DOWN-DOWN,LEFT,0.673776029263145,False,False,False,True,False,0,evaluated,True,0,6379,-10489,6379,True,False,False,False,,,,
2026-08-29,2026-08-30,043,g7,UP-DOWN-UP,TOP,0.29114593464061467,False,False,False,False,False,0,evaluated,True,0,2586,-15644,1552,False,False,False,False,,,,
2026-08-29,2026-08-30,044,g8,UP-DOWN-UP,TOP,0.3670876131877878,False,False,False,False,False,0,evaluated,True,0,6293,-9600,3621,False,False,False,False,,,,
2026-08-29,2026-08-30,045,g9,DOWN-DOWN-DOWN,LEFT,0.2913710673439551,False,False,False,True,False,0,evaluated,False,0,0,-20170,-20170,False,False,False,False,,,,
2026-08-29,2026-08-30,046,g1,UP-DOWN-UP,RIGHT,0.28376564060472964,False,True,True,False,False,2,evaluated,True,0,4310,-7022,3621,False,False,False,False,,,,
2026-08-29,2026-08-30,047,g2,DOWN-UP-DOWN,TOP,0.34580966970867055,False,False,False,False,False,0,evaluated,False,0,0,-10133,-6578,False,False,False,False,,,,
2026-08-29,2026-08-30,048,g3,UP-UP-DOWN,TOP,0.25828154304851114,False,False,False,False,False,0,evaluated,False,0,5431,-5422,-4267,False,False,False,False,,,,
2026-08-29,2026-08-30,049,g4,DOWN-DOWN-UP,RIGHT,0.2543450706955187,False,True,True,False,False,2,evaluated,True,0,46094,-8158,46094,True,True,True,True,,,,
2026-08-29,2026-08-30,050,g5,UP-UP-DOWN,TOP,0.25523882092995687,False,False,False,False,False,0,evaluated,True,0,6034,-7111,3966,False,False,False,False,,,,
2026-08-29,2026-08-30,051,g6,DOWN-UP-DOWN,LEFT,0.42829809968657306,False,False,False,False,False,0,evaluated,False,0,0,-11200,-11200,False,False,False,False,,,,
2026-08-29,2026-08-30,052,g7,UP-DOWN-UP,TOP,0.28812325551154294,False,False,False,False,False,0,evaluated,True,0,17241,-1422,16552,True,True,True,False,,,,
2026-08-29,2026-08-30,053,g8,UP-DOWN-DOWN,LEFT,0.2565538548565083,False,False,False,False,False,0,evaluated,False,0,0,-24511,-24511,False,False,False,False,,,,
2026-08-29,2026-08-30,054,g9,DOWN-DOWN-UP,LEFT,0.2825910951291879,False,False,False,False,False,0,evaluated,False,0,0,-17422,-11556,False,False,False,False,,,,
2026-08-29,2026-08-30,055,g1,UP-DOWN-UP,TOP,0.31058904410410226,False,False,False,False,False,0,evaluated,False,0,0,-13511,-13511,False,False,False,False,,,,
2026-08-29,2026-08-30,056,g2,UP-UP-UP,RIGHT,0.30546876710980586,True,True,True,False,True,3,evaluated,True,0,38462,-5455,38462,True,True,True,True,,,,
2026-08-29,2026-08-30,057,g3,DOWN-DOWN-DOWN,LEFT,0.4121379473622574,False,False,False,True,False,0,evaluated,True,0,17414,-4978,15862,True,True,True,False,,,,
2026-08-29,2026-08-30,058,g4,UP-UP-UP,TOP,0.2584175909647205,True,False,False,False,False,1,evaluated,False,0,10172,-2489,-178,False,False,False,False,,,,
2026-08-29,2026-08-30,059,g5,UP-UP-DOWN,TOP,0.2596692278812419,False,False,False,False,False,0,evaluated,True,0,10517,-6756,5172,True,False,False,False,,,,
2026-08-29,2026-08-30,060,g6,DOWN-UP-UP,LEFT,0.3071845604623612,False,False,False,False,False,0,evaluated,True,0,6724,-5956,2931,False,False,False,False,,,,
2026-08-29,2026-08-30,061,g7,UP-UP-UP,TOP,0.24081479179187515,True,False,False,False,False,1,evaluated,True,0,15517,-9067,15345,True,True,True,False,,,,
2026-08-29,2026-08-30,062,g8,DOWN-DOWN-DOWN,BOTTOM,0.7661999867584938,False,False,False,True,False,0,evaluated,False,0,7414,-1333,-1333,False,False,False,False,,,,
2026-08-29,2026-08-30,063,g9,DOWN-DOWN-DOWN,BOTTOM,0.6387273127719505,False,False,False,True,False,0,evaluated,True,0,19310,-8889,15862,True,True,True,False,,,,
2026-08-29,2026-08-30,064,g1,DOWN-UP-DOWN,RIGHT,0.2458177039309336,False,True,True,False,False,2,evaluated,False,0,11034,-6933,-6933,False,False,False,False,,,,
2026-08-29,2026-08-30,065,g2,UP-DOWN-UP,RIGHT,0.2742293350107895,False,True,True,False,False,2,evaluated,False,0,2931,-9689,-9689,False,False,False,False,,,,
2026-08-29,2026-08-30,066,g3,DOWN-DOWN-DOWN,LEFT,0.5849042990281413,False,False,False,True,False,0,evaluated,False,0,690,-12444,-8000,False,False,False,False,,,,
2026-08-29,2026-08-30,067,g4,UP-UP-DOWN,RIGHT,0.37196740637008563,False,True,True,False,False,2,evaluated,True,0,7931,-9511,7069,True,False,False,False,,,,
2026-08-29,2026-08-30,068,g5,UP-DOWN-DOWN,RIGHT,0.27211152585962517,False,True,True,False,False,2,evaluated,False,0,0,-14756,-12800,False,False,False,False,,,,
2026-08-29,2026-08-30,069,g6,DOWN-UP-UP,RIGHT,0.27663989940886946,False,True,True,False,False,2,evaluated,True,0,8966,-12800,6552,True,False,False,False,,,,
2026-08-29,2026-08-30,070,g7,UP-UP-DOWN,LEFT,0.24509641421975237,False,False,False,False,False,0,evaluated,False,0,517,-10311,-10311,False,False,False,False,,,,
2026-08-29,2026-08-30,071,g8,UP-DOWN-DOWN,TOP,0.37889581282009166,False,False,False,False,False,0,evaluated,True,0,2500,-7378,431,False,False,False,False,,,,
2026-08-29,2026-08-30,072,g9,UP-UP-DOWN,TOP,0.27477451484285054,False,False,False,False,False,0,evaluated,False,0,3190,-2133,-2133,False,False,False,False,,,,
2026-08-29,2026-08-30,073,g1,UP-DOWN-DOWN,TOP,0.2530651495025893,False,False,False,False,False,0,evaluated,True,0,9397,-2133,603,False,False,False,False,,,,
2026-08-29,2026-08-30,074,g2,UP-UP-DOWN,BOTTOM,0.4350022038558926,False,False,False,False,False,0,evaluated,False,0,0,-17778,-17778,False,False,False,False,,,,
2026-08-29,2026-08-30,075,g3,UP-UP-UP,TOP,0.2630123375801463,True,False,False,False,False,1,evaluated,True,0,21074,-3574,19339,True,True,True,False,,,,
2026-08-29,2026-08-30,076,g4,DOWN-DOWN-DOWN,LEFT,0.6490089753119598,False,False,False,True,False,0,evaluated,True,0,22314,-4340,20331,True,True,True,True,,,,
2026-08-29,2026-08-30,077,g5,DOWN-DOWN-DOWN,LEFT,0.7219968593115971,False,False,False,True,False,0,evaluated,True,0,9655,-4178,9655,True,False,False,False,,,,
2026-08-30,2026-08-31,039,g3,DOWN-UP-UP,TOP,0.3144246600515864,False,False,False,False,False,0,evaluated,False,0,0,-25787,-25787,False,False,False,False,,,,
2026-08-30,2026-08-31,040,g4,DOWN-DOWN-DOWN,LEFT,0.295653457277812,False,False,False,True,False,0,evaluated,False,0,0,-5689,-178,False,False,False,False,,,,
2026-08-30,2026-08-31,041,g5,DOWN-DOWN-UP,TOP,0.2926849534833935,False,False,False,False,False,0,evaluated,True,0,19138,0,11897,True,True,False,False,,,,
2026-08-30,2026-08-31,042,g6,UP-DOWN-UP,RIGHT,0.26493927047850063,False,True,True,False,False,2,evaluated,False,0,3879,-7644,-7644,False,False,False,False,,,,
2026-08-30,2026-08-31,043,g7,DOWN-UP-DOWN,BOTTOM,0.3652937659076385,False,False,False,False,False,0,evaluated,False,0,4224,-3111,-3111,False,False,False,False,,,,
2026-08-30,2026-08-31,044,g8,DOWN-DOWN-DOWN,LEFT,0.42033079203532264,False,False,False,True,False,0,evaluated,True,0,17931,-711,13276,True,True,False,False,,,,
2026-08-30,2026-08-31,045,g9,DOWN-DOWN-DOWN,BOTTOM,0.7449316167590383,False,False,False,True,False,0,evaluated,False,0,0,-12444,-12444,False,False,False,False,,,,
2026-08-30,2026-08-31,046,g1,DOWN-UP-UP,TOP,0.26062187555703276,False,False,False,False,False,0,evaluated,True,0,9483,-3644,7241,True,False,False,False,,,,
2026-08-30,2026-08-31,047,g2,UP-UP-DOWN,TOP,0.2853367491278931,False,False,False,False,False,0,evaluated,True,0,29744,-1558,29744,True,True,True,True,,,,
2026-08-30,2026-08-31,048,g3,DOWN-UP-DOWN,TOP,0.2942280455973003,False,False,False,False,False,0,evaluated,False,0,1736,-22468,-22468,False,False,False,False,,,,
2026-08-30,2026-08-31,049,g4,UP-UP-UP,TOP,0.4742236810605176,True,False,False,False,False,1,evaluated,True,0,26033,-2298,22562,True,True,True,True,,,,
2026-08-30,2026-08-31,050,g5,DOWN-DOWN-UP,BOTTOM,0.363459735217203,False,False,False,False,False,0,evaluated,True,0,8793,0,6121,True,False,False,False,,,,
2026-08-30,2026-08-31,051,g6,DOWN-UP-DOWN,BOTTOM,0.8249031302861837,False,False,False,False,False,0,evaluated,True,0,21570,-6638,19091,True,True,True,False,,,,
2026-08-30,2026-08-31,052,g7,DOWN-UP-DOWN,LEFT,0.33400397561551576,False,False,False,False,False,0,evaluated,False,0,0,-10133,-10133,False,False,False,False,,,,
2026-08-30,2026-08-31,053,g8,UP-DOWN-DOWN,RIGHT,0.26329537941550263,False,True,True,False,False,2,evaluated,True,0,11552,-1244,1724,False,False,False,False,,,,
2026-08-30,2026-08-31,054,g9,DOWN-UP-DOWN,BOTTOM,0.31369111012249684,False,False,False,False,False,0,evaluated,False,0,6198,-24766,-18638,False,False,False,False,,,,
2026-08-30,2026-08-31,055,g1,DOWN-DOWN-UP,RIGHT,0.25458966426422813,False,True,True,False,False,2,evaluated,False,0,2759,-8711,-1067,False,False,False,False,,,,
2026-08-30,2026-08-31,056,g2,UP-UP-UP,TOP,0.6901627121476359,True,False,False,False,False,1,evaluated,False,0,0,-16711,-16711,False,False,False,False,,,,
2026-08-30,2026-08-31,057,g3,UP-UP-UP,RIGHT,0.3548675127401364,True,True,True,False,True,3,evaluated,True,0,2931,-9600,1379,False,False,False,False,,,,
2026-08-30,2026-08-31,058,g4,DOWN-UP-DOWN,BOTTOM,0.28589317200888553,False,False,False,False,False,0,evaluated,False,0,0,-20426,-20426,False,False,False,False,,,,
2026-08-30,2026-08-31,059,g5,DOWN-UP-DOWN,LEFT,0.702283529309675,False,False,False,False,False,0,evaluated,True,0,10517,0,690,False,False,False,False,,,,
2026-08-30,2026-08-31,060,g6,UP-DOWN-DOWN,TOP,0.26234414331581046,False,False,False,False,False,0,evaluated,False,0,0,-14756,-8000,False,False,False,False,,,,
2026-08-30,2026-08-31,061,g7,UP-DOWN-DOWN,BOTTOM,0.34766792261802104,False,False,False,False,False,0,evaluated,True,0,27273,-1277,22066,True,True,True,True,,,,
2026-08-30,2026-08-31,062,g8,DOWN-DOWN-DOWN,BOTTOM,0.39430818000587375,False,False,False,True,False,0,evaluated,False,0,0,-17067,-16533,False,False,False,False,,,,
2026-08-30,2026-08-31,063,g9,UP-DOWN-UP,TOP,0.2965069052355941,False,False,False,False,False,0,evaluated,False,0,862,-8356,-1244,False,False,False,False,,,,
2026-08-30,2026-08-31,064,g1,UP-UP-DOWN,TOP,0.2623506865402053,False,False,False,False,False,0,evaluated,False,0,8879,-4800,-4800,False,False,False,False,,,,
2026-08-30,2026-08-31,065,g2,UP-DOWN-UP,TOP,0.2501167291302283,False,False,False,False,False,0,evaluated,True,0,7672,-800,259,False,False,False,False,,,,
2026-08-30,2026-08-31,066,g3,DOWN-DOWN-UP,BOTTOM,0.43219434211434116,False,False,False,False,False,0,evaluated,False,0,0,-17778,-17778,False,False,False,False,,,,
2026-08-30,2026-08-31,067,g4,DOWN-UP-UP,TOP,0.25036919497935894,False,False,False,False,False,0,evaluated,True,0,4310,-5600,2414,False,False,False,False,,,,
2026-08-30,2026-08-31,068,g5,DOWN-UP-UP,LEFT,0.32340476589618705,False,False,False,False,False,0,evaluated,True,0,25289,0,25041,True,True,True,True,,,,
2026-08-30,2026-08-31,069,g6,UP-UP-DOWN,TOP,0.2725286510572339,False,False,False,False,False,0,evaluated,False,0,3966,-6756,-4800,False,False,False,False,,,,
2026-08-30,2026-08-31,070,g7,DOWN-UP-DOWN,BOTTOM,0.5357388278300604,False,False,False,False,False,0,evaluated,False,0,2155,-8711,-6933,False,False,False,False,,,,
2026-08-30,2026-08-31,071,g8,UP-DOWN-DOWN,LEFT,0.288498653203465,False,False,False,False,False,0,evaluated,True,0,14138,-356,12759,True,True,False,False,,,,
2026-08-30,2026-08-31,072,g9,UP-DOWN-DOWN,LEFT,0.24338210896776846,False,False,False,False,False,0,evaluated,True,0,32308,-1558,28974,True,True,True,True,,,,
2026-08-30,2026-08-31,073,g1,UP-DOWN-DOWN,TOP,0.2547260081319773,False,False,False,False,False,0,evaluated,True,0,10690,-2844,7931,True,False,False,False,,,,
2026-08-30,2026-08-31,074,g2,UP-DOWN-UP,RIGHT,0.517955681108455,False,True,False,False,False,1,evaluated,True,0,8966,-14756,8966,True,False,False,False,,,,
2026-08-30,2026-08-31,075,g3,UP-DOWN-UP,RIGHT,0.29397318957178153,False,True,True,False,False,2,evaluated,False,0,1034,-9956,-9956,False,False,False,False,,,,
2026-08-30,2026-08-31,076,g4,DOWN-UP-UP,TOP,0.2803028153098961,False,False,False,False,False,0,evaluated,False,0,0,-7022,-7022,False,False,False,False,,,,
2026-08-30,2026-08-31,077,g5,UP-DOWN-DOWN,RIGHT,0.34492705218623154,False,True,True,False,False,2,evaluated,True,0,32051,-1558,28205,True,True,True,True,,,,
2026-08-31,2026-09-01,039,g3,DOWN-DOWN-DOWN,LEFT,0.4562527965705986,False,False,False,True,False,0,evaluated,False,0,2586,-8356,-5422,False,False,False,False,,,,
2026-08-31,2026-09-01,040,g4,DOWN-DOWN-DOWN,LEFT,0.2779705649385309,False,False,False,True,False,0,evaluated,True,0,12586,0,1552,False,False,False,False,,,,
2026-08-31,2026-09-01,041,g5,UP-DOWN-UP,TOP,0.30169519519550536,False,False,False,False,False,0,evaluated,False,0,0,-9600,-7289,False,False,False,False,,,,
2026-08-31,2026-09-01,042,g6,DOWN-UP-DOWN,BOTTOM,0.3910156317369071,False,False,False,False,False,0,evaluated,False,0,3448,-10133,-8889,False,False,False,False,,,,
2026-08-31,2026-09-01,043,g7,DOWN-DOWN-DOWN,LEFT,0.5871620141036138,False,False,False,True,False,0,evaluated,False,0,2069,-4178,-3556,False,False,False,False,,,,
2026-08-31,2026-09-01,044,g8,DOWN-UP-UP,TOP,0.33495705935430076,False,False,False,False,False,0,evaluated,False,0,0,-11733,-11733,False,False,False,False,,,,
2026-08-31,2026-09-01,045,g9,DOWN-UP-UP,RIGHT,0.5895916848548596,False,True,False,False,False,1,evaluated,True,0,35385,0,34615,True,True,True,True,,,,
2026-08-31,2026-09-01,046,g1,DOWN-DOWN-DOWN,LEFT,0.6838219011441886,False,False,False,True,False,0,evaluated,False,0,0,-11733,-11733,False,False,False,False,,,,
2026-08-31,2026-09-01,047,g2,UP-UP-DOWN,TOP,0.26540641777502283,False,False,False,False,False,0,evaluated,True,0,23306,-2809,19339,True,True,True,False,,,,
2026-08-31,2026-09-01,048,g3,DOWN-DOWN-UP,BOTTOM,0.2814130634450217,False,False,False,False,False,0,evaluated,False,0,0,-12978,-12089,False,False,False,False,,,,
2026-08-31,2026-09-01,049,g4,DOWN-UP-DOWN,LEFT,0.35237360635403814,False,False,False,False,False,0,evaluated,False,0,0,-5689,-5689,False,False,False,False,,,,
2026-08-31,2026-09-01,050,g5,DOWN-UP-UP,TOP,0.3103386973652297,False,False,False,False,False,0,evaluated,False,0,0,-15111,-13156,False,False,False,False,,,,
2026-08-31,2026-09-01,051,g6,UP-UP-DOWN,RIGHT,0.2659515102244917,False,True,True,False,False,2,evaluated,True,0,6724,-2578,5776,True,False,False,False,,,,
2026-08-31,2026-09-01,052,g7,DOWN-DOWN-DOWN,BOTTOM,0.38518608086067874,False,False,False,True,False,0,evaluated,False,0,0,-19200,-13511,False,False,False,False,,,,
2026-08-31,2026-09-01,053,g8,DOWN-DOWN-DOWN,BOTTOM,0.5670886709957326,False,False,False,True,False,0,evaluated,False,0,0,-20936,-20936,False,False,False,False,,,,
2026-08-31,2026-09-01,054,g9,UP-DOWN-UP,TOP,0.2634607127191604,False,False,False,False,False,0,evaluated,False,0,1121,-9156,-5244,False,False,False,False,,,,
2026-08-31,2026-09-01,055,g1,DOWN-UP-UP,TOP,0.25269600784454826,False,False,False,False,False,0,evaluated,False,0,0,-18667,-18667,False,False,False,False,,,,
2026-08-31,2026-09-01,056,g2,DOWN-DOWN-DOWN,LEFT,0.3693477072880208,False,False,False,True,False,0,evaluated,False,0,0,-19378,-19378,False,False,False,False,,,,
2026-08-31,2026-09-01,057,g3,UP-DOWN-UP,TOP,0.28445819029066466,False,False,False,False,False,0,evaluated,True,0,25537,-4340,21074,True,True,True,True,,,,
2026-08-31,2026-09-01,058,g4,DOWN-DOWN-DOWN,LEFT,0.2946510214635667,False,False,False,True,False,0,evaluated,False,0,0,-20681,-19915,False,False,False,False,,,,
2026-08-31,2026-09-01,059,g5,DOWN-DOWN-DOWN,LEFT,0.4434456990933954,False,False,False,True,False,0,evaluated,False,0,3707,-6933,-2578,False,False,False,False,,,,
2026-08-31,2026-09-01,060,g6,UP-DOWN-DOWN,BOTTOM,0.3081183600382884,False,False,False,False,False,0,evaluated,False,0,2155,-6044,-6044,False,False,False,False,,,,
2026-08-31,2026-09-01,061,g7,UP-UP-UP,TOP,0.3486272069388918,True,False,False,False,False,1,evaluated,False,0,0,-8978,-8978,False,False,False,False,,,,
2026-08-31,2026-09-01,062,g8,UP-UP-DOWN,RIGHT,0.26499726867735995,False,True,True,False,False,2,evaluated,True,0,21074,-9702,20331,True,True,True,True,,,,
2026-08-31,2026-09-01,063,g9,DOWN-UP-DOWN,BOTTOM,0.45103080955323016,False,False,False,False,False,0,evaluated,False,0,172,-10844,-10844,False,False,False,False,,,,
2026-08-31,2026-09-01,064,g1,DOWN-DOWN-DOWN,BOTTOM,0.5547054686245394,False,False,False,True,False,0,evaluated,True,0,6552,-3733,3621,False,False,False,False,,,,
2026-08-31,2026-09-01,065,g2,DOWN-DOWN-UP,RIGHT,0.3941737629114671,False,True,True,False,False,2,evaluated,True,0,6379,-12622,6207,True,False,False,False,,,,
2026-08-31,2026-09-01,066,g3,UP-DOWN-DOWN,LEFT,0.2908734500252159,False,False,False,False,False,0,evaluated,False,0,5259,-4711,-1867,False,False,False,False,,,,
2026-08-31,2026-09-01,067,g4,DOWN-UP-DOWN,RIGHT,0.31233002447254576,False,True,True,False,False,2,evaluated,True,0,7759,-1244,948,False,False,False,False,,,,
2026-08-31,2026-09-01,068,g5,DOWN-UP-DOWN,TOP,0.31059120130322515,False,False,False,False,False,0,evaluated,False,0,0,-6044,-4178,False,False,False,False,,,,
2026-08-31,2026-09-01,069,g6,UP-DOWN-UP,TOP,0.25248980090997386,False,False,False,False,False,0,evaluated,True,0,24793,-5362,23306,True,True,True,True,,,,
2026-08-31,2026-09-01,070,g7,DOWN-UP-UP,RIGHT,0.26468123801318544,False,True,True,False,False,2,evaluated,False,0,603,-6489,-6489,False,False,False,False,,,,
2026-08-31,2026-09-01,071,g8,UP-UP-DOWN,RIGHT,0.2913188574100901,False,True,True,False,False,2,evaluated,False,0,3534,-5867,-622,False,False,False,False,,,,
2026-08-31,2026-09-01,072,g9,UP-UP-DOWN,TOP,0.35135116475420214,False,False,False,False,False,0,evaluated,False,0,6552,-7200,-3467,False,False,False,False,,,,
2026-08-31,2026-09-01,073,g1,UP-UP-DOWN,TOP,0.26894904497922567,False,False,False,False,False,0,evaluated,False,0,0,-16000,-12978,False,False,False,False,,,,
2026-08-31,2026-09-01,074,g2,UP-UP-DOWN,RIGHT,0.24009743319962384,False,True,True,False,False,2,evaluated,False,0,0,-24255,-24255,False,False,False,False,,,,
2026-08-31,2026-09-01,075,g3,UP-UP-UP,TOP,0.24170521074264906,True,False,False,False,False,1,evaluated,True,0,34615,-779,27949,True,True,True,True,,,,
2026-08-31,2026-09-01,076,g4,UP-DOWN-DOWN,LEFT,0.3546191512850776,False,False,False,False,False,0,evaluated,False,0,4138,-12267,-12267,False,False,False,False,,,,
2026-08-31,2026-09-01,077,g5,UP-UP-DOWN,TOP,0.29917634376760494,False,False,False,False,False,0,evaluated,False,0,0,-14044,-11200,False,False,False,False,,,,
2026-09-01,2026-09-02,039,g3,UP-DOWN-UP,RIGHT,0.28079146512671294,False,True,True,False,False,2,evaluated,False,0,345,-16000,-16000,False,False,False,False,,,,
2026-09-01,2026-09-02,040,g4,UP-DOWN-UP,TOP,0.2873698238216036,False,False,False,False,False,0,evaluated,True,0,4224,-4356,2845,False,False,False,False,,,,
2026-09-01,2026-09-02,041,g5,UP-UP-DOWN,RIGHT,0.4074815015901697,False,True,True,False,False,2,evaluated,True,0,9655,-9422,7931,True,False,False,False,,,,
2026-09-01,2026-09-02,042,g6,UP-UP-DOWN,RIGHT,0.284694496548038,False,True,True,False,False,2,evaluated,True,0,11034,-4267,10000,True,True,False,False,,,,
2026-09-01,2026-09-02,043,g7,DOWN-UP-DOWN,RIGHT,0.4252604530659524,False,True,True,False,False,2,evaluated,True,0,30256,-2338,28718,True,True,True,True,,,,
2026-09-01,2026-09-02,044,g8,DOWN-DOWN-DOWN,LEFT,0.4098500744001321,False,False,False,True,False,0,evaluated,False,0,4052,-7911,-7911,False,False,False,False,,,,
2026-09-01,2026-09-02,045,g9,UP-UP-UP,TOP,0.5120530249612073,True,False,False,False,False,1,evaluated,True,0,1034,-5333,345,False,False,False,False,,,,
2026-09-01,2026-09-02,046,g1,DOWN-DOWN-UP,BOTTOM,0.6655240333187871,False,False,False,False,False,0,evaluated,True,0,6293,-978,2845,False,False,False,False,,,,
2026-09-01,2026-09-02,047,g2,UP-UP-DOWN,TOP,0.27375873614858837,False,False,False,False,False,0,evaluated,False,0,0,-16533,-16533,False,False,False,False,,,,
2026-09-01,2026-09-02,048,g3,UP-DOWN-UP,RIGHT,0.41469859317533275,False,True,True,False,False,2,evaluated,False,0,0,-16356,-11378,False,False,False,False,,,,
2026-09-01,2026-09-02,049,g4,DOWN-UP-DOWN,BOTTOM,0.29432631358577466,False,False,False,False,False,0,evaluated,True,0,1466,-7644,603,False,False,False,False,,,,
2026-09-01,2026-09-02,050,g5,UP-DOWN-DOWN,LEFT,0.2590785409050663,False,False,False,False,False,0,evaluated,False,0,5000,-7556,-7556,False,False,False,False,,,,
2026-09-01,2026-09-02,051,g6,UP-UP-DOWN,TOP,0.2594918456402535,False,False,False,False,False,0,evaluated,False,0,2759,-12800,-12800,False,False,False,False,,,,
2026-09-01,2026-09-02,052,g7,UP-DOWN-UP,TOP,0.30193615556330244,False,False,False,False,False,0,evaluated,True,0,8707,-8889,3362,False,False,False,False,,,,
2026-09-01,2026-09-02,053,g8,UP-UP-DOWN,RIGHT,0.5586780441406225,False,True,False,False,False,1,evaluated,True,0,10172,-1956,10000,True,True,False,False,,,,
2026-09-01,2026-09-02,054,g9,DOWN-DOWN-DOWN,BOTTOM,0.6130746248858291,False,False,False,True,False,0,evaluated,False,0,2241,-7022,-7022,False,False,False,False,,,,
2026-09-01,2026-09-02,055,g1,DOWN-UP-DOWN,RIGHT,0.5198902852064329,False,True,False,False,False,1,evaluated,False,0,0,-20426,-19660,False,False,False,False,,,,
2026-09-01,2026-09-02,056,g2,DOWN-UP-DOWN,RIGHT,0.3195963221085957,False,True,True,False,False,2,evaluated,False,0,8448,-10133,-4800,False,False,False,False,,,,
2026-09-01,2026-09-02,057,g3,DOWN-UP-UP,TOP,0.28754450561862344,False,False,False,False,False,0,evaluated,True,0,8879,-3022,4655,False,False,False,False,,,,
2026-09-01,2026-09-02,058,g4,UP-DOWN-UP,LEFT,0.27622992487101805,False,False,False,False,False,0,evaluated,True,0,11552,-178,1897,False,False,False,False,,,,
2026-09-01,2026-09-02,059,g5,DOWN-UP-DOWN,BOTTOM,0.5124305654843561,False,False,False,False,False,0,evaluated,False,0,0,-13511,-13511,False,False,False,False,,,,
2026-09-01,2026-09-02,060,g6,UP-DOWN-UP,TOP,0.30281852012821386,False,False,False,False,False,0,evaluated,True,0,7328,-3822,6466,True,False,False,False,,,,
2026-09-01,2026-09-02,061,g7,UP-DOWN-DOWN,LEFT,0.4626880621768983,False,False,False,False,False,0,evaluated,True,0,16724,-1956,12759,True,True,False,False,,,,
2026-09-01,2026-09-02,062,g8,UP-DOWN-DOWN,TOP,0.34557737130167276,False,False,False,False,False,0,evaluated,False,0,5172,-5956,-2311,False,False,False,False,,,,
2026-09-01,2026-09-02,063,g9,UP-DOWN-DOWN,RIGHT,0.3035851288375667,False,True,True,False,False,2,evaluated,False,0,0,-16178,-16178,False,False,False,False,,,,
2026-09-01,2026-09-02,064,g1,UP-DOWN-UP,TOP,0.2965053142146379,False,False,False,False,False,0,evaluated,False,0,0,-13689,-12089,False,False,False,False,,,,
2026-09-01,2026-09-02,065,g2,UP-UP-UP,TOP,0.2717106519965661,True,False,False,False,False,1,evaluated,True,0,5948,-8533,5948,True,False,False,False,,,,
2026-09-01,2026-09-02,066,g3,DOWN-DOWN-UP,BOTTOM,0.6552004591969556,False,False,False,False,False,0,evaluated,False,0,0,-12978,-9600,False,False,False,False,,,,
2026-09-01,2026-09-02,067,g4,UP-DOWN-UP,TOP,0.28583242975345113,False,False,False,False,False,0,evaluated,False,0,0,-12089,-6400,False,False,False,False,,,,
2026-09-01,2026-09-02,068,g5,DOWN-DOWN-UP,RIGHT,0.2546696862899097,False,True,True,False,False,2,evaluated,False,0,2328,-6133,-6133,False,False,False,False,,,,
2026-09-01,2026-09-02,069,g6,DOWN-UP-UP,TOP,0.40005498064381717,False,False,False,False,False,0,evaluated,False,0,517,-14578,-14578,False,False,False,False,,,,
2026-09-01,2026-09-02,070,g7,UP-UP-DOWN,RIGHT,0.24654351560726684,False,True,True,False,False,2,evaluated,True,0,28017,-511,25289,True,True,True,True,,,,
2026-09-01,2026-09-02,071,g8,DOWN-UP-UP,TOP,0.3406952103087829,False,False,False,False,False,0,evaluated,True,0,17931,-6933,11034,True,True,False,False,,,,
2026-09-01,2026-09-02,072,g9,UP-DOWN-UP,TOP,0.2776767678035065,False,False,False,False,False,0,evaluated,False,0,0,-12267,-12267,False,False,False,False,,,,
2026-09-01,2026-09-02,073,g1,UP-UP-DOWN,TOP,0.286916735535214,False,False,False,False,False,0,evaluated,False,0,517,-12267,-12267,False,False,False,False,,,,
2026-09-01,2026-09-02,074,g2,UP-DOWN-UP,RIGHT,0.38614134573718517,False,True,True,False,False,2,evaluated,True,0,9655,-5600,4310,False,False,False,False,,,,
2026-09-01,2026-09-02,075,g3,UP-UP-DOWN,TOP,0.24308463937740854,False,False,False,False,False,0,evaluated,False,0,9655,-2578,-1600,False,False,False,False,,,,
2026-09-01,2026-09-02,076,g4,DOWN-UP-DOWN,BOTTOM,0.6360978072983794,False,False,False,False,False,0,evaluated,False,0,0,-15644,-15644,False,False,False,False,,,,
2026-09-01,2026-09-02,077,g5,DOWN-DOWN-UP,LEFT,0.27085928997255093,False,False,False,False,False,0,evaluated,False,0,7586,-6756,-2133,False,False,False,False,,,,
2026-09-02,2026-09-03,039,g3,UP-UP-DOWN,RIGHT,0.32683077157255336,False,True,True,False,False,2,evaluated,False,0,431,-7022,-3644,False,False,False,False,,,,
2026-09-02,2026-09-03,040,g4,DOWN-DOWN-UP,TOP,0.25775992933675507,False,False,False,False,False,0,evaluated,False,0,3448,-11200,-11200,False,False,False,False,,,,
2026-09-02,2026-09-03,041,g5,UP-UP-UP,TOP,0.3724525932080951,True,False,False,False,False,1,evaluated,False,0,0,-13511,-12622,False,False,False,False,,,,
2026-09-02,2026-09-03,042,g6,UP-UP-DOWN,TOP,0.31862889520934257,False,False,False,False,False,0,evaluated,False,0,172,-9067,-4711,False,False,False,False,,,,
2026-09-02,2026-09-03,043,g7,UP-UP-DOWN,TOP,0.2787425515053663,False,False,False,False,False,0,evaluated,True,0,8017,-89,7328,True,False,False,False,,,,
2026-09-02,2026-09-03,044,g8,UP-DOWN-DOWN,BOTTOM,0.3950118826418533,False,False,False,False,False,0,evaluated,False,0,6293,-4267,-356,False,False,False,False,,,,
2026-09-02,2026-09-03,045,g9,UP-DOWN-DOWN,LEFT,0.5375792165498974,False,False,False,False,False,0,evaluated,False,0,0,-356,-356,False,False,False,False,,,,
2026-09-02,2026-09-03,046,g1,UP-UP-UP,TOP,0.2782565384500213,True,False,False,False,False,1,evaluated,True,0,21570,-511,21570,True,True,True,True,,,,
2026-09-02,2026-09-03,047,g2,DOWN-DOWN-DOWN,LEFT,0.5804689540569532,False,False,False,True,False,0,evaluated,False,0,0,-10489,-7467,False,False,False,False,,,,
2026-09-02,2026-09-03,048,g3,UP-UP-UP,RIGHT,0.51125562258253,True,True,False,False,False,2,evaluated,False,0,2069,-13867,-13867,False,False,False,False,,,,
2026-09-02,2026-09-03,049,g4,DOWN-DOWN-UP,BOTTOM,0.31347966286929263,False,False,False,False,False,0,evaluated,False,0,0,-2756,-2756,False,False,False,False,,,,
2026-09-02,2026-09-03,050,g5,DOWN-DOWN-UP,LEFT,0.2758995306202644,False,False,False,False,False,0,evaluated,False,0,4828,-16356,-3556,False,False,False,False,,,,
2026-09-02,2026-09-03,051,g6,DOWN-DOWN-DOWN,LEFT,0.5141871499814694,False,False,False,True,False,0,evaluated,False,0,0,-13867,-13867,False,False,False,False,,,,
2026-09-02,2026-09-03,052,g7,DOWN-UP-UP,LEFT,0.26365618086800247,False,False,False,False,False,0,evaluated,False,0,0,-5956,-5956,False,False,False,False,,,,
2026-09-02,2026-09-03,053,g8,UP-UP-UP,TOP,0.6232220516288851,True,False,False,False,False,1,evaluated,True,0,4914,-10044,2414,False,False,False,False,,,,
2026-09-02,2026-09-03,054,g9,DOWN-DOWN-UP,RIGHT,0.2872755495089422,False,True,True,False,False,2,evaluated,True,0,5862,-10844,5000,True,False,False,False,,,,
2026-09-02,2026-09-03,055,g1,UP-UP-UP,TOP,0.2879567728873291,True,False,False,False,False,1,evaluated,True,0,21322,-7660,21322,True,True,True,True,,,,
2026-09-02,2026-09-03,056,g2,UP-UP-DOWN,TOP,0.28972714188417836,False,False,False,False,False,0,evaluated,True,0,4224,-2489,2931,False,False,False,False,,,,
2026-09-02,2026-09-03,057,g3,UP-DOWN-DOWN,BOTTOM,0.25995989043636103,False,False,False,False,False,0,evaluated,True,0,12931,-2489,4483,False,False,False,False,,,,
2026-09-02,2026-09-03,058,g4,UP-DOWN-DOWN,RIGHT,0.4719788866789594,False,True,True,False,False,2,evaluated,True,0,12069,-2311,9655,True,False,False,False,,,,
2026-09-02,2026-09-03,059,g5,UP-UP-DOWN,RIGHT,0.2907034184811288,False,True,True,False,False,2,evaluated,False,0,0,-7644,-7644,False,False,False,False,,,,
2026-09-02,2026-09-03,060,g6,UP-UP-UP,TOP,0.4368673180860615,True,False,False,False,False,1,evaluated,False,0,0,-8889,-8889,False,False,False,False,,,,
2026-09-02,2026-09-03,061,g7,DOWN-UP-UP,RIGHT,0.3331375379906327,False,True,True,False,False,2,evaluated,True,0,48958,-1579,48698,True,True,True,True,,,,
2026-09-02,2026-09-03,062,g8,DOWN-DOWN-DOWN,LEFT,0.35436065526389593,False,False,False,True,False,0,evaluated,False,0,345,-4711,-3556,False,False,False,False,,,,
2026-09-02,2026-09-03,063,g9,DOWN-DOWN-UP,RIGHT,0.3103093113483625,False,True,True,False,False,2,evaluated,True,0,6207,-5600,948,False,False,False,False,,,,
2026-09-02,2026-09-03,064,g1,DOWN-DOWN-UP,RIGHT,0.2993044654086545,False,True,True,False,False,2,evaluated,False,0,0,-13867,-7467,False,False,False,False,,,,
2026-09-02,2026-09-03,065,g2,DOWN-UP-UP,RIGHT,0.2945675306551746,False,True,True,False,False,2,evaluated,True,0,6552,-3733,6379,True,False,False,False,,,,
2026-09-02,2026-09-03,066,g3,DOWN-UP-UP,RIGHT,0.38413267590792477,False,True,True,False,False,2,evaluated,True,0,8966,-7556,8707,True,False,False,False,,,,
2026-09-02,2026-09-03,067,g4,UP-UP-DOWN,LEFT,0.24446253163190235,False,False,False,False,False,0,evaluated,False,0,2586,-4978,0,False,False,False,False,,,,
2026-09-02,2026-09-03,068,g5,UP-DOWN-DOWN,TOP,0.29324810574747084,False,False,False,False,False,0,evaluated,True,0,7672,-2311,4397,False,False,False,False,,,,
2026-09-02,2026-09-03,069,g6,DOWN-DOWN-DOWN,LEFT,0.39522185924986275,False,False,False,True,False,0,evaluated,False,0,0,-5511,-5511,False,False,False,False,,,,
2026-09-02,2026-09-03,070,g7,UP-UP-UP,TOP,0.6155807275078886,True,False,False,False,False,1,evaluated,True,0,19483,-533,18448,True,True,True,False,,,,
2026-09-02,2026-09-03,071,g8,DOWN-UP-UP,TOP,0.3742483083932202,False,False,False,False,False,0,evaluated,True,0,6293,-4267,3793,False,False,False,False,,,,
2026-09-02,2026-09-03,072,g9,UP-DOWN-DOWN,TOP,0.293304553786465,False,False,False,False,False,0,evaluated,True,0,23554,-511,8678,True,False,False,False,,,,
2026-09-02,2026-09-03,073,g1,DOWN-UP-UP,RIGHT,0.28030308754207955,False,True,True,False,False,2,evaluated,True,0,5862,-1244,3707,False,False,False,False,,,,
2026-09-02,2026-09-03,074,g2,UP-UP-UP,RIGHT,0.48020296726831846,True,True,True,False,True,3,evaluated,True,0,18966,0,4310,False,False,False,False,,,,
2026-09-02,2026-09-03,075,g3,UP-DOWN-DOWN,RIGHT,0.3177946239476971,False,True,True,False,False,2,evaluated,False,0,0,-6400,-5156,False,False,False,False,,,,
2026-09-02,2026-09-03,076,g4,UP-UP-UP,RIGHT,0.5321665051383055,True,True,False,False,False,2,evaluated,True,0,13223,-12766,12231,True,True,False,False,,,,
2026-09-02,2026-09-03,077,g5,UP-UP-DOWN,TOP,0.3069235637354424,False,False,False,False,False,0,evaluated,False,0,0,-19911,-19911,False,False,False,False,,,,
20260903,20260904,039,g3,UP-UP-UP,TOP,0.3558583579727145,True,False,False,False,False,1,evaluated,False,0,0,-8444,-1333,False,False,False,False,,,,
20260903,20260904,040,g4,DOWN-DOWN-UP,TOP,0.3525687896277423,False,False,False,False,False,0,evaluated,False,0,1897,-13511,-13511,False,False,False,False,,,,
20260903,20260904,041,g5,DOWN-UP-UP,TOP,0.3123052194033049,False,False,False,False,False,0,evaluated,True,0,14483,-2667,14138,True,True,False,False,,,,
20260903,20260904,042,g6,UP-DOWN-DOWN,TOP,0.3045276116971313,False,False,False,False,False,0,evaluated,True,0,8190,-2844,7586,True,False,False,False,,,,
20260903,20260904,043,g7,DOWN-UP-DOWN,LEFT,0.3903912338008727,False,False,False,False,False,0,evaluated,True,0,11034,-3556,10862,True,True,False,False,,,,
20260903,20260904,044,g8,UP-UP-DOWN,RIGHT,0.2952605456203635,False,True,True,False,False,2,evaluated,True,0,16724,-533,12414,True,True,False,False,,,,
20260903,20260904,045,g9,DOWN-DOWN-DOWN,LEFT,0.6531466510112501,False,False,False,True,False,0,evaluated,True,0,12586,-1244,5172,True,False,False,False,,,,
20260903,20260904,046,g1,UP-UP-DOWN,TOP,0.29069564842346995,False,False,False,False,False,0,evaluated,True,0,8793,-12978,8793,True,False,False,False,,,,
20260903,20260904,047,g2,DOWN-DOWN-UP,BOTTOM,0.38554865740338307,False,False,False,False,False,0,evaluated,True,0,10690,-7289,10345,True,True,False,False,,,,
20260903,20260904,048,g3,UP-UP-UP,TOP,0.4041620716819855,True,False,False,False,False,1,evaluated,True,0,22810,-1277,22810,True,True,True,True,,,,
20260903,20260904,049,g4,UP-DOWN-DOWN,RIGHT,0.5389277003554234,False,True,False,False,False,1,evaluated,False,0,0,-20170,-20170,False,False,False,False,,,,
20260903,20260904,050,g5,DOWN-UP-UP,TOP,0.2843111387449546,False,False,False,False,False,0,evaluated,True,0,17586,-4978,16379,True,True,True,False,,,,
20260903,20260904,051,g6,DOWN-DOWN-DOWN,BOTTOM,0.7277603930687071,False,False,False,True,False,0,evaluated,False,0,1638,-6489,-3644,False,False,False,False,,,,
20260903,20260904,052,g7,UP-UP-DOWN,RIGHT,0.3317237144678248,False,True,True,False,False,2,evaluated,False,0,0,-26553,-26553,False,False,False,False,,,,
20260903,20260904,053,g8,UP-DOWN-UP,TOP,0.2676562130667197,False,False,False,False,False,0,evaluated,False,0,0,-11911,-6222,False,False,False,False,,,,
20260903,20260904,054,g9,UP-DOWN-DOWN,LEFT,0.3009985657729797,False,False,False,False,False,0,evaluated,False,0,0,-12622,-8889,False,False,False,False,,,,
20260903,20260904,055,g1,UP-UP-UP,TOP,0.5118159080966329,True,False,False,False,False,1,evaluated,False,0,5000,-12978,-12978,False,False,False,False,,,,
20260903,20260904,056,g2,DOWN-UP-UP,RIGHT,0.24976538536288173,False,True,True,False,False,2,evaluated,True,0,22066,-6638,20331,True,True,True,True,,,,
20260903,20260904,057,g3,UP-DOWN-UP,TOP,0.2911191457598379,False,False,False,False,False,0,evaluated,True,0,7069,-14222,5000,True,False,False,False,,,,
20260903,20260904,058,g4,UP-UP-UP,TOP,0.3652453560326505,True,False,False,False,False,1,evaluated,True,0,13719,-12255,12893,True,True,False,False,,,,
20260903,20260904,059,g5,UP-DOWN-UP,TOP,0.2968463563325172,False,False,False,False,False,0,evaluated,True,0,21570,0,12645,True,True,False,False,,,,
20260903,20260904,060,g6,DOWN-DOWN-DOWN,LEFT,0.3042711078563749,False,False,False,True,False,0,evaluated,True,0,1552,-11911,1379,False,False,False,False,,,,
20260903,20260904,061,g7,UP-UP-UP,TOP,0.4349371773941615,True,False,False,False,False,1,evaluated,True,0,12069,-3733,12069,True,True,False,False,,,,
20260903,20260904,062,g8,DOWN-UP-DOWN,TOP,0.2515984664269886,False,False,False,False,False,0,evaluated,True,0,21570,-255,17851,True,True,True,False,,,,
20260903,20260904,063,g9,UP-UP-DOWN,RIGHT,0.2504299099510868,False,True,True,False,False,2,evaluated,False,0,0,-12978,-12978,False,False,False,False,,,,
20260903,20260904,064,g1,UP-UP-DOWN,TOP,0.28152219204701234,False,False,False,False,False,0,evaluated,True,0,26281,-2298,18595,True,True,True,False,,,,
20260903,20260904,065,g2,UP-UP-UP,TOP,0.68255281116968,True,False,False,False,False,1,evaluated,False,0,0,-21702,-21191,False,False,False,False,,,,
20260903,20260904,066,g3,DOWN-UP-DOWN,BOTTOM,0.2479821105985066,False,False,False,False,False,0,evaluated,False,0,1293,-8533,-8533,False,False,False,False,,,,
20260903,20260904,067,g4,DOWN-DOWN-UP,BOTTOM,0.30065145510128743,False,False,False,False,False,0,evaluated,True,0,24545,-511,24545,True,True,True,True,,,,
20260903,20260904,068,g5,DOWN-UP-UP,TOP,0.26937044030267887,False,False,False,False,False,0,evaluated,True,0,15690,0,11552,True,True,False,False,,,,
20260903,20260904,069,g6,UP-DOWN-UP,TOP,0.24653954005856293,False,False,False,False,False,0,evaluated,False,0,2845,-9778,-1244,False,False,False,False,,,,
20260903,20260904,070,g7,DOWN-DOWN-UP,LEFT,0.39166233126834604,False,False,False,False,False,0,evaluated,True,0,9052,-2133,9052,True,False,False,False,,,,
20260903,20260904,071,g8,DOWN-UP-UP,TOP,0.3633144121575339,False,False,False,False,False,0,evaluated,True,0,10862,-8178,8103,True,False,False,False,,,,
20260903,20260904,072,g9,UP-DOWN-UP,TOP,0.297175121081664,False,False,False,False,False,0,evaluated,False,0,0,-11200,-6933,False,False,False,False,,,,
20260903,20260904,073,g1,DOWN-UP-UP,TOP,0.30774641203913167,False,False,False,False,False,0,evaluated,True,0,25537,-1277,25041,True,True,True,True,,,,
20260903,20260904,074,g2,UP-UP-UP,RIGHT,0.44346344682267325,True,True,True,False,True,3,evaluated,True,0,25289,0,23058,True,True,True,True,,,,
20260903,20260904,075,g3,UP-UP-UP,TOP,0.6612150688748721,True,False,False,False,False,1,evaluated,True,0,9397,-4444,4828,False,False,False,False,,,,
20260903,20260904,076,g4,UP-UP-UP,TOP,0.3809216788881562,True,False,False,False,False,1,evaluated,False,0,2328,-3022,-3022,False,False,False,False,,,,
20260903,20260904,077,g5,DOWN-UP-UP,TOP,0.24777804221741606,False,False,False,False,False,0,evaluated,True,0,31026,-6753,31026,True,True,True,True,,,,
2026-08-28,2026-08-29,039,g3,UP-UP-UP,BOTTOM,0.31150717509125914,True,False,False,False,False,1,evaluated,True,0,7931,-8622,6466,True,False,False,False,,,,
2026-08-28,2026-08-29,040,g4,DOWN-UP-UP,TOP,0.30751217939295983,False,False,False,False,False,0,evaluated,True,0,24545,-3319,14380,True,True,False,False,,,,
2026-08-28,2026-08-29,041,g5,DOWN-DOWN-UP,TOP,0.3248944346588909,False,False,False,False,False,0,evaluated,True,0,12241,-533,2759,False,False,False,False,,,,
2026-08-28,2026-08-29,042,g6,DOWN-UP-DOWN,LEFT,0.24253582749785751,False,False,False,False,False,0,evaluated,False,0,0,-16711,-16711,False,False,False,False,,,,
2026-08-28,2026-08-29,043,g7,DOWN-DOWN-DOWN,BOTTOM,0.37743108058400476,False,False,False,True,False,0,evaluated,True,0,7414,-13689,3793,False,False,False,False,,,,
2026-08-28,2026-08-29,044,g8,UP-UP-UP,TOP,0.25320486342988313,True,False,False,False,False,1,evaluated,True,0,13554,-10553,11901,True,True,False,False,,,,
2026-08-28,2026-08-29,045,g9,UP-UP-DOWN,TOP,0.326239297702678,False,False,False,False,False,0,evaluated,False,0,172,-6667,-3556,False,False,False,False,,,,
2026-08-28,2026-08-29,046,g1,UP-UP-UP,RIGHT,0.29311622115915725,True,True,True,False,True,3,evaluated,False,0,0,-13511,-4267,False,False,False,False,,,,
2026-08-28,2026-08-29,047,g2,DOWN-DOWN-UP,TOP,0.252463114119751,False,False,False,False,False,0,evaluated,True,0,15000,-3911,10345,True,True,False,False,,,,
2026-08-28,2026-08-29,048,g3,UP-UP-DOWN,TOP,0.25085192705914494,False,False,False,False,False,0,evaluated,True,0,1207,-13333,172,False,False,False,False,,,,
2026-08-28,2026-08-29,049,g4,UP-UP-UP,TOP,0.283860189327909,True,False,False,False,False,1,evaluated,False,0,1121,-4978,-2667,False,False,False,False,,,,
2026-08-28,2026-08-29,050,g5,UP-DOWN-DOWN,BOTTOM,0.3303176882983544,False,False,False,False,False,0,evaluated,True,0,17586,0,7759,True,False,False,False,,,,
2026-08-28,2026-08-29,051,g6,UP-DOWN-UP,TOP,0.29073217349755487,False,False,False,False,False,0,evaluated,True,0,3362,-2222,345,False,False,False,False,,,,
2026-08-28,2026-08-29,052,g7,DOWN-DOWN-DOWN,BOTTOM,0.7278881050900905,False,False,False,True,False,0,evaluated,True,0,15690,-1778,14138,True,True,False,False,,,,
2026-08-28,2026-08-29,053,g8,UP-DOWN-UP,RIGHT,0.2562083330027536,False,True,True,False,False,2,evaluated,True,0,18448,-3378,18448,True,True,True,False,,,,
2026-08-28,2026-08-29,054,g9,UP-DOWN-DOWN,TOP,0.27916902002866983,False,False,False,False,False,0,evaluated,False,0,1724,-10667,-6222,False,False,False,False,,,,
2026-08-28,2026-08-29,055,g1,UP-UP-UP,RIGHT,0.631960093977976,True,True,False,False,False,2,evaluated,False,0,0,-12444,-12444,False,False,False,False,,,,
2026-08-28,2026-08-29,056,g2,DOWN-DOWN-UP,BOTTOM,0.5856151555595326,False,False,False,False,False,0,evaluated,True,0,9397,-2578,6293,True,False,False,False,,,,
2026-08-28,2026-08-29,057,g3,UP-UP-DOWN,TOP,0.2727161134919651,False,False,False,False,False,0,evaluated,False,0,1983,-24766,-24766,False,False,False,False,,,,
2026-08-28,2026-08-29,058,g4,UP-UP-DOWN,RIGHT,0.535330887062048,False,True,False,False,False,1,evaluated,True,0,5690,-14400,5517,True,False,False,False,,,,
2026-08-28,2026-08-29,059,g5,UP-DOWN-DOWN,LEFT,0.29291344723407353,False,False,False,False,False,0,evaluated,False,0,4138,-10667,-1244,False,False,False,False,,,,
2026-08-28,2026-08-29,060,g6,DOWN-UP-UP,TOP,0.25279828690405015,False,False,False,False,False,0,evaluated,False,0,0,-22213,-22213,False,False,False,False,,,,
2026-08-28,2026-08-29,061,g7,DOWN-DOWN-UP,RIGHT,0.4072562971965328,False,True,True,False,False,2,evaluated,True,0,6983,-4978,6983,True,False,False,False,,,,
2026-08-28,2026-08-29,062,g8,UP-DOWN-DOWN,TOP,0.303009178968505,False,False,False,False,False,0,evaluated,False,0,5345,-16711,-16711,False,False,False,False,,,,
2026-08-28,2026-08-29,063,g9,UP-DOWN-UP,TOP,0.4682839232684891,False,False,False,False,False,0,evaluated,False,0,0,-5333,-4800,False,False,False,False,,,,
2026-08-28,2026-08-29,064,g1,DOWN-DOWN-UP,TOP,0.24878766273801733,False,False,False,False,False,0,evaluated,True,0,4655,-6578,2586,False,False,False,False,,,,
2026-08-28,2026-08-29,065,g2,DOWN-UP-DOWN,LEFT,0.24623984298813628,False,False,False,False,False,0,evaluated,False,0,4828,-8178,-8178,False,False,False,False,,,,
2026-08-28,2026-08-29,066,g3,DOWN-UP-UP,TOP,0.24123898907581354,False,False,False,False,False,0,evaluated,False,0,3448,-6311,-2578,False,False,False,False,,,,
2026-08-28,2026-08-29,067,g4,DOWN-DOWN-UP,LEFT,0.36386252396735164,False,False,False,False,False,0,evaluated,False,0,0,-13333,-13333,False,False,False,False,,,,
2026-08-28,2026-08-29,068,g5,DOWN-UP-UP,RIGHT,0.31322575022760557,False,True,True,False,False,2,evaluated,False,0,2931,-14933,-14933,False,False,False,False,,,,
2026-08-28,2026-08-29,069,g6,UP-UP-DOWN,TOP,0.2769241286859967,False,False,False,False,False,0,evaluated,False,0,690,-10133,-10133,False,False,False,False,,,,
2026-08-28,2026-08-29,070,g7,DOWN-UP-UP,RIGHT,0.6382430899922845,False,True,False,False,False,1,evaluated,False,0,3534,-7289,-3911,False,False,False,False,,,,
2026-08-28,2026-08-29,071,g8,UP-UP-UP,RIGHT,0.8946224532733013,True,True,False,False,False,2,evaluated,True,0,8707,-4800,5345,True,False,False,False,,,,
2026-08-28,2026-08-29,072,g9,UP-DOWN-DOWN,BOTTOM,0.5101540668577341,False,False,False,False,False,0,evaluated,True,0,33077,-4935,27179,True,True,True,True,,,,
2026-08-28,2026-08-29,073,g1,UP-DOWN-UP,TOP,0.247569309666136,False,False,False,False,False,0,evaluated,True,0,15345,-4444,12069,True,True,False,False,,,,
2026-08-28,2026-08-29,074,g2,UP-DOWN-DOWN,LEFT,0.25660441343274554,False,False,False,False,False,0,evaluated,False,0,0,-12800,-12800,False,False,False,False,,,,
2026-08-28,2026-08-29,075,g3,UP-UP-UP,RIGHT,0.5960467499089495,True,True,False,False,False,2,evaluated,True,0,16724,-1422,14483,True,True,False,False,,,,
2026-08-28,2026-08-29,076,g4,UP-DOWN-UP,TOP,0.35050983420494586,False,False,False,False,False,0,evaluated,False,0,1034,-11200,-11200,False,False,False,False,,,,
2026-08-28,2026-08-29,077,g5,UP-UP-DOWN,TOP,0.3882660609318972,False,False,False,False,False,0,evaluated,False,0,4483,-4800,-1244,False,False,False,False,,,,
20260905,20260906,039,g3,DOWN-DOWN-DOWN,BOTTOM,0.426389910558024,False,False,False,True,False,0,evaluated,True,0,9052,-6756,3621,,,,,,,,
20260905,20260906,040,g4,UP-DOWN-DOWN,LEFT,0.8647065611272441,False,False,False,False,False,0,evaluated,True,0,11034,0,2586,,,,,,,,
20260905,20260906,041,g5,UP-DOWN-DOWN,TOP,0.25584928623508896,False,False,False,False,False,0,evaluated,False,0,1379,-15822,-15289,,,,,,,,
20260905,20260906,042,g6,DOWN-UP-UP,TOP,0.47914138208032697,False,False,False,False,False,0,evaluated,False,0,2069,-5956,-5867,,,,,,,,
20260905,20260906,043,g7,UP-UP-UP,TOP,0.2609110817827207,True,False,False,False,False,1,evaluated,False,0,0,-14222,-8000,,,,,,,,
20260905,20260906,044,g8,DOWN-UP-DOWN,LEFT,0.2952744616048376,False,False,False,False,False,0,evaluated,True,0,21322,-1277,15620,,,,,,,,
20260905,20260906,045,g9,UP-DOWN-UP,RIGHT,0.5102392096551223,False,True,False,False,False,1,evaluated,False,0,0,-7289,-6756,,,,,,,,
20260905,20260906,046,g1,DOWN-DOWN-DOWN,LEFT,0.5011666706391902,False,False,False,True,False,0,evaluated,True,0,18793,-1244,18103,,,,,,,,
20260905,20260906,047,g2,DOWN-DOWN-DOWN,LEFT,0.626866817996111,False,False,False,True,False,0,evaluated,False,0,0,-15822,-12267,,,,,,,,
20260905,20260906,048,g3,DOWN-DOWN-UP,TOP,0.2823730746258222,False,False,False,False,False,0,evaluated,False,0,0,-6222,-6222,,,,,,,,
20260905,20260906,049,g4,DOWN-DOWN-DOWN,BOTTOM,0.861022119252733,False,False,False,True,False,0,evaluated,True,0,15862,-5156,14310,,,,,,,,
20260905,20260906,050,g5,UP-UP-UP,TOP,0.28345230446478276,True,False,False,False,False,1,evaluated,True,0,9569,-9778,8190,,,,,,,,
20260905,20260906,051,g6,DOWN-UP-UP,RIGHT,0.3866136600837835,False,True,True,False,False,2,evaluated,False,0,0,-12267,-2667,,,,,,,,
20260905,20260906,052,g7,DOWN-UP-DOWN,BOTTOM,0.5887504441662734,False,False,False,False,False,0,evaluated,True,0,12069,-1244,12069,,,,,,,,
20260905,20260906,053,g8,DOWN-DOWN-DOWN,BOTTOM,0.7086136349473229,False,False,False,True,False,0,evaluated,False,0,6897,-4533,-4533,,,,,,,,
20260905,20260906,054,g9,UP-DOWN-UP,TOP,0.29484253926701864,False,False,False,False,False,0,evaluated,True,0,13966,-889,12069,,,,,,,,
20260905,20260906,055,g1,UP-UP-UP,TOP,0.4976703003548366,True,False,False,False,False,1,evaluated,True,0,9741,0,86,,,,,,,,
20260905,20260906,056,g2,DOWN-DOWN-DOWN,LEFT,0.6127188771976868,False,False,False,True,False,0,evaluated,True,0,14483,-178,12414,,,,,,,,
20260905,20260906,057,g3,UP-UP-UP,TOP,0.2817351232897516,True,False,False,False,False,1,evaluated,True,0,5948,-6400,3276,,,,,,,,
20260905,20260906,058,g4,DOWN-UP-UP,TOP,0.2672113933710907,False,False,False,False,False,0,evaluated,True,0,15345,-1422,11207,,,,,,,,
20260905,20260906,059,g5,DOWN-DOWN-UP,BOTTOM,0.6778999116337918,False,False,False,False,False,0,evaluated,True,0,12414,-2489,9828,,,,,,,,
20260905,20260906,060,g6,DOWN-UP-DOWN,TOP,0.2853402990261852,False,False,False,False,False,0,evaluated,True,0,26033,-766,26033,,,,,,,,
20260905,20260906,061,g7,UP-UP-UP,TOP,0.4307113113215142,True,False,False,False,False,1,evaluated,False,0,0,-8889,-8889,,,,,,,,
20260905,20260906,062,g8,DOWN-UP-DOWN,LEFT,0.4451692823224781,False,False,False,False,False,0,evaluated,True,0,3276,-12978,2759,,,,,,,,
20260905,20260906,063,g9,UP-UP-UP,TOP,0.27606051021956324,True,False,False,False,False,1,evaluated,False,0,0,-22213,-22213,,,,,,,,
20260905,20260906,064,g1,UP-UP-DOWN,RIGHT,0.30268124118609796,False,True,True,False,False,2,evaluated,True,0,20331,0,12149,,,,,,,,
20260905,20260906,065,g2,UP-DOWN-UP,TOP,0.2916624531875027,False,False,False,False,False,0,evaluated,True,0,6638,-5600,6466,,,,,,,,
20260905,20260906,066,g3,UP-UP-UP,TOP,0.2705605678111377,True,False,False,False,False,1,evaluated,True,0,8621,-3822,2069,,,,,,,,
20260905,20260906,067,g4,DOWN-DOWN-DOWN,BOTTOM,0.5843791953922182,False,False,False,True,False,0,evaluated,True,0,5862,0,862,,,,,,,,
20260905,20260906,068,g5,UP-UP-DOWN,TOP,0.31006961796166677,False,False,False,False,False,0,evaluated,False,0,1207,-18844,-18844,,,,,,,,
20260905,20260906,069,g6,UP-DOWN-UP,RIGHT,0.2841161753018998,False,True,True,False,False,2,evaluated,True,0,3966,-10844,2759,,,,,,,,
20260905,20260906,070,g7,DOWN-DOWN-UP,LEFT,0.2778863688929941,False,False,False,False,False,0,evaluated,True,0,3276,-11733,172,,,,,,,,
20260905,20260906,071,g8,DOWN-DOWN-UP,LEFT,0.3430302569319331,False,False,False,False,False,0,evaluated,True,0,15862,-1778,14138,,,,,,,,
20260905,20260906,072,g9,UP-DOWN-UP,RIGHT,0.2654200872237754,False,True,True,False,False,2,evaluated,False,0,0,-13156,-6578,,,,,,,,
20260905,20260906,073,g1,DOWN-UP-UP,TOP,0.33953980744468293,False,False,False,False,False,0,evaluated,False,0,0,-8622,-8622,,,,,,,,
20260905,20260906,074,g2,DOWN-UP-UP,TOP,0.3057368472085342,False,False,False,False,False,0,evaluated,False,0,7672,-3111,-1956,,,,,,,,
20260905,20260906,075,g3,DOWN-UP-UP,RIGHT,0.2980462318273459,False,True,True,False,False,2,evaluated,False,0,5431,-6844,-6844,,,,,,,,
20260905,20260906,076,g4,DOWN-DOWN-UP,TOP,0.267460102606225,False,False,False,False,False,0,evaluated,True,0,6552,-2667,6034,,,,,,,,
20260905,20260906,077,g5,DOWN-DOWN-UP,LEFT,0.5678596300573038,False,False,False,False,False,0,evaluated,True,0,37436,-6494,36410,,,,,,,,
20260904,20260905,039,g3,DOWN-UP-DOWN,LEFT,0.4649733834603459,False,False,False,False,False,0,evaluated,False,0,8707,-9778,-7733,False,False,False,False,,,,
20260904,20260905,040,g4,UP-DOWN-UP,TOP,0.2576347201927457,False,False,False,False,False,0,evaluated,True,0,12397,-11404,12066,True,True,False,False,,,,
20260904,20260905,041,g5,UP-DOWN-UP,TOP,0.2928571311903966,False,False,False,False,False,0,evaluated,True,0,19138,-4622,17069,True,True,True,False,,,,
20260904,20260905,042,g6,UP-DOWN-DOWN,LEFT,0.3106326037690408,False,False,False,False,False,0,evaluated,True,0,33846,-2078,31538,True,True,True,True,,,,
20260904,20260905,043,g7,DOWN-DOWN-UP,BOTTOM,0.38768075831277804,False,False,False,False,False,0,evaluated,True,0,13448,-2667,7586,True,False,False,False,,,,
20260904,20260905,044,g8,UP-UP-UP,TOP,0.6156520272724907,True,False,False,False,False,1,evaluated,False,0,3448,-17422,-9244,False,False,False,False,,,,
20260904,20260905,045,g9,DOWN-UP-DOWN,RIGHT,0.47082860413144856,False,True,True,False,False,2,evaluated,False,0,0,-25021,-25021,False,False,False,False,,,,
20260904,20260905,046,g1,UP-DOWN-UP,TOP,0.3469055658466236,False,False,False,False,False,0,evaluated,False,0,6379,-4800,-1156,False,False,False,False,,,,
20260904,20260905,047,g2,DOWN-UP-DOWN,TOP,0.3133842793555752,False,False,False,False,False,0,evaluated,False,0,345,-15111,-7289,False,False,False,False,,,,
20260904,20260905,048,g3,DOWN-UP-UP,TOP,0.36431649047808856,False,False,False,False,False,0,evaluated,True,0,21074,0,21074,True,True,True,True,,,,
20260904,20260905,049,g4,DOWN-UP-UP,TOP,0.3358441939789435,False,False,False,False,False,0,evaluated,False,0,0,-17422,-17422,False,False,False,False,,,,
20260904,20260905,050,g5,UP-UP-DOWN,RIGHT,0.38447212441955425,False,True,True,False,False,2,evaluated,True,0,15172,-889,14483,True,True,False,False,,,,
20260904,20260905,051,g6,DOWN-DOWN-UP,RIGHT,0.39163545234843133,False,True,True,False,False,2,evaluated,False,0,0,-18489,-18489,False,False,False,False,,,,
20260904,20260905,052,g7,UP-DOWN-DOWN,LEFT,0.4873639040866772,False,False,False,False,False,0,evaluated,True,0,3190,-4533,259,False,False,False,False,,,,
20260904,20260905,053,g8,DOWN-DOWN-UP,LEFT,0.32385470056779864,False,False,False,False,False,0,evaluated,False,0,0,-16711,-6044,False,False,False,False,,,,
20260904,20260905,054,g9,DOWN-DOWN-DOWN,BOTTOM,0.6207099319693801,False,False,False,True,False,0,evaluated,True,0,7241,-3111,6121,True,False,False,False,,,,
20260904,20260905,055,g1,DOWN-DOWN-DOWN,LEFT,0.639167205802074,False,False,False,True,False,0,evaluated,True,0,27273,-766,19587,True,True,True,False,,,,
20260904,20260905,056,g2,UP-UP-UP,TOP,0.7758187843538594,True,False,False,False,False,1,evaluated,False,0,0,-32987,-30649,False,False,False,False,,,,
20260904,20260905,057,g3,DOWN-UP-DOWN,BOTTOM,0.40437713059636726,False,False,False,False,False,0,evaluated,True,0,36154,-3636,30769,True,True,True,True,,,,
20260904,20260905,058,g4,DOWN-UP-UP,TOP,0.3271468230820255,False,False,False,False,False,0,evaluated,True,0,20083,-255,10413,True,True,False,False,,,,
20260904,20260905,059,g5,DOWN-UP-DOWN,LEFT,0.2740294569867746,False,False,False,False,False,0,evaluated,False,0,5172,-12444,-5156,False,False,False,False,,,,
20260904,20260905,060,g6,DOWN-DOWN-UP,LEFT,0.2642691249756016,False,False,False,False,False,0,evaluated,False,0,0,-18311,-18311,False,False,False,False,,,,
20260904,20260905,061,g7,DOWN-DOWN-DOWN,LEFT,0.47645368980770275,False,False,False,True,False,0,evaluated,True,0,27769,0,26529,True,True,True,True,,,,
20260904,20260905,062,g8,UP-UP-UP,TOP,0.33230536353323825,True,False,False,False,False,1,evaluated,False,0,11207,-3556,-3556,False,False,False,False,,,,
20260904,20260905,063,g9,DOWN-UP-DOWN,RIGHT,0.3789997247351097,False,True,True,False,False,2,evaluated,True,0,10172,-7467,8276,True,False,False,False,,,,
20260904,20260905,064,g1,DOWN-UP-UP,TOP,0.32248990201271,False,False,False,False,False,0,evaluated,True,0,3362,-6133,2672,False,False,False,False,,,,
20260904,20260905,065,g2,DOWN-DOWN-DOWN,BOTTOM,0.7182436679990698,False,False,False,True,False,0,evaluated,False,0,0,-11022,-4622,False,False,False,False,,,,
20260904,20260905,066,g3,DOWN-UP-UP,RIGHT,0.40609438410859644,False,True,True,False,False,2,evaluated,True,0,10690,-3911,9655,True,False,False,False,,,,
20260904,20260905,067,g4,UP-UP-UP,TOP,0.24204751006793634,True,False,False,False,False,1,evaluated,False,0,0,-16889,-14400,False,False,False,False,,,,
20260904,20260905,068,g5,DOWN-DOWN-UP,TOP,0.3024861452826346,False,False,False,False,False,0,evaluated,True,0,10517,-6222,7069,True,False,False,False,,,,
20260904,20260905,069,g6,DOWN-DOWN-DOWN,LEFT,0.7235458097274228,False,False,False,True,False,0,evaluated,False,0,0,-15289,-5511,False,False,False,False,,,,
20260904,20260905,070,g7,DOWN-UP-DOWN,RIGHT,0.27643846816993156,False,True,True,False,False,2,evaluated,True,0,12414,-356,10862,True,True,False,False,,,,
20260904,20260905,071,g8,DOWN-DOWN-UP,TOP,0.36791268126381715,False,False,False,False,False,0,evaluated,True,0,10690,-9067,5345,True,False,False,False,,,,
20260904,20260905,072,g9,DOWN-DOWN-DOWN,LEFT,0.3024451430199635,False,False,False,True,False,0,evaluated,False,0,6207,-16889,-8356,False,False,False,False,,,,
20260904,20260905,073,g1,DOWN-UP-UP,TOP,0.332600258817736,False,False,False,False,False,0,evaluated,True,0,19483,-3733,16897,True,True,True,False,,,,
20260904,20260905,074,g2,UP-UP-UP,TOP,0.27153489431255384,True,False,False,False,False,1,evaluated,True,0,8103,-9956,5603,True,False,False,False,,,,
20260904,20260905,075,g3,UP-DOWN-DOWN,LEFT,0.2880380872858713,False,False,False,False,False,0,evaluated,False,0,4397,-5778,-2667,False,False,False,False,,,,
20260904,20260905,076,g4,DOWN-DOWN-UP,TOP,0.2650649899474393,False,False,False,False,False,0,evaluated,True,0,32564,-9610,30769,True,True,True,True,,,,
20260904,20260905,077,g5,UP-UP-UP,TOP,0.31793793736891673,True,False,False,False,False,1,evaluated,True,0,8448,-7911,4741,False,False,False,False,,,,
20260906,20260907,039,g3,UP-DOWN-UP,TOP,0.25580623033097727,False,False,False,False,False,0,evaluated,True,0,8017,-3378,3103,,,,,,,,
20260906,20260907,040,g4,DOWN-DOWN-DOWN,LEFT,0.5694731427632848,False,False,False,True,False,0,evaluated,False,0,7586,-1422,-89,,,,,,,,
20260906,20260907,041,g5,DOWN-UP-UP,TOP,0.3079555948302415,False,False,False,False,False,0,evaluated,False,0,0,-12444,-8533,,,,,,,,
20260906,20260907,042,g6,DOWN-DOWN-DOWN,LEFT,0.29519212913969517,False,False,False,True,False,0,evaluated,False,0,517,-11200,-3911,,,,,,,,
20260906,20260907,043,g7,UP-DOWN-UP,TOP,0.28406599050515746,False,False,False,False,False,0,evaluated,True,0,34103,-779,32821,,,,,,,,
20260906,20260907,044,g8,DOWN-DOWN-UP,LEFT,0.29954065495692184,False,False,False,False,False,0,evaluated,False,0,0,-12978,-12978,,,,,,,,
20260906,20260907,045,g9,UP-UP-UP,TOP,0.34250820696888873,True,False,False,False,False,1,evaluated,True,0,20331,-2809,15124,,,,,,,,
20260906,20260907,046,g1,DOWN-UP-UP,RIGHT,0.3041289376458748,False,True,True,False,False,2,evaluated,False,0,3448,-6133,-6133,,,,,,,,
20260906,20260907,047,g2,DOWN-UP-DOWN,BOTTOM,0.5102410409672558,False,False,False,False,False,0,evaluated,True,0,10517,-6578,10000,,,,,,,,
20260906,20260907,048,g3,DOWN-DOWN-UP,LEFT,0.2900359799160912,False,False,False,False,False,0,evaluated,False,0,8707,-4622,-4622,,,,,,,,
20260906,20260907,049,g4,UP-UP-UP,RIGHT,0.6405880258579111,True,True,False,False,False,2,evaluated,True,0,6983,-2400,3793,,,,,,,,
20260906,20260907,050,g5,DOWN-DOWN-UP,LEFT,0.4839345588846803,False,False,False,False,False,0,evaluated,False,0,0,-20267,-20267,,,,,,,,
20260906,20260907,051,g6,DOWN-UP-UP,TOP,0.2727712097249819,False,False,False,False,False,0,evaluated,False,0,3707,-9244,-9244,,,,,,,,
20260906,20260907,052,g7,UP-UP-UP,TOP,0.7369780274144304,True,False,False,False,False,1,evaluated,True,0,10345,-2489,4138,,,,,,,,
20260906,20260907,053,g8,UP-UP-DOWN,RIGHT,0.4108567264920312,False,True,True,False,False,2,evaluated,False,0,13966,-5689,-1422,,,,,,,,
20260906,20260907,054,g9,UP-UP-DOWN,LEFT,0.3488410674119714,False,False,False,False,False,0,evaluated,True,0,11552,-1067,7414,,,,,,,,
20260906,20260907,055,g1,DOWN-DOWN-DOWN,LEFT,0.5262987160283223,False,False,False,True,False,0,evaluated,True,0,30256,-260,29231,,,,,,,,
20260906,20260907,056,g2,UP-UP-DOWN,RIGHT,0.34859605452564313,False,True,True,False,False,2,evaluated,True,0,13966,-2311,9138,,,,,,,,
20260906,20260907,057,g3,UP-DOWN-DOWN,LEFT,0.42445651877425006,False,False,False,False,False,0,evaluated,True,0,7414,-2044,603,,,,,,,,
20260906,20260907,058,g4,DOWN-UP-DOWN,TOP,0.3071192339827796,False,False,False,False,False,0,evaluated,False,0,6724,-11378,-4089,,,,,,,,
20260906,20260907,059,g5,UP-UP-UP,RIGHT,0.6907529533029342,True,True,False,False,False,2,evaluated,False,0,0,-16178,-16178,,,,,,,,
20260906,20260907,060,g6,UP-UP-DOWN,LEFT,0.27932358219432774,False,False,False,False,False,0,evaluated,False,0,0,-5156,-4889,,,,,,,,
20260906,20260907,061,g7,UP-DOWN-DOWN,LEFT,0.5425565557526532,False,False,False,False,False,0,evaluated,True,0,5259,-6756,1983,,,,,,,,
20260906,20260907,062,g8,UP-DOWN-DOWN,BOTTOM,0.581553442152223,False,False,False,False,False,0,evaluated,True,0,2931,-8356,345,,,,,,,,
20260906,20260907,063,g9,UP-DOWN-DOWN,LEFT,0.5220841570045016,False,False,False,False,False,0,evaluated,False,0,9741,-5600,-5600,,,,,,,,
20260906,20260907,064,g1,UP-UP-UP,TOP,0.26366791054134087,True,False,False,False,False,1,evaluated,False,0,0,-14044,-14044,,,,,,,,
20260906,20260907,065,g2,DOWN-UP-DOWN,LEFT,0.3994449550060519,False,False,False,False,False,0,evaluated,False,0,1552,-12622,-12622,,,,,,,,
20260906,20260907,066,g3,DOWN-DOWN-UP,TOP,0.27096234248699613,False,False,False,False,False,0,evaluated,True,0,37179,-8831,36667,,,,,,,,
20260906,20260907,067,g4,UP-UP-UP,RIGHT,0.4709490884381361,True,True,True,False,True,3,evaluated,True,0,16379,-2133,13448,,,,,,,,
20260906,20260907,068,g5,DOWN-UP-UP,LEFT,0.2572599004321059,False,False,False,False,False,0,evaluated,True,0,17759,0,12414,,,,,,,,
20260906,20260907,069,g6,UP-DOWN-UP,TOP,0.292962872574435,False,False,False,False,False,0,evaluated,False,0,0,-27830,-20936,,,,,,,,
20260906,20260907,070,g7,UP-UP-DOWN,RIGHT,0.3674855691343405,False,True,True,False,False,2,evaluated,False,0,0,-10844,-10844,,,,,,,,
20260906,20260907,071,g8,DOWN-DOWN-UP,LEFT,0.31448989127479043,False,False,False,False,False,0,evaluated,False,0,3534,-7289,-5067,,,,,,,,
20260906,20260907,072,g9,UP-DOWN-DOWN,LEFT,0.24137808743653622,False,False,False,False,False,0,evaluated,True,0,38974,-5195,38205,,,,,,,,
20260906,20260907,073,g1,DOWN-DOWN-UP,TOP,0.32752772669426344,False,False,False,False,False,0,evaluated,True,0,15000,-4444,9310,,,,,,,,
20260906,20260907,074,g2,DOWN-UP-UP,RIGHT,0.2895713697240728,False,True,True,False,False,2,evaluated,False,0,862,-12622,-12622,,,,,,,,
20260906,20260907,075,g3,UP-DOWN-DOWN,TOP,0.2882652840732688,False,False,False,False,False,0,evaluated,False,0,517,-11556,-7822,,,,,,,,
20260906,20260907,076,g4,UP-DOWN-DOWN,LEFT,0.2802793290256699,False,False,False,False,False,0,evaluated,True,0,3534,-4533,1983,,,,,,,,
20260906,20260907,077,g5,UP-DOWN-DOWN,RIGHT,0.24491002276882912,False,True,True,False,False,2,evaluated,False,0,0,-20089,-14222,,,,,,,,
20260907,20260908,018,,,,,,,,,,,evaluated,False,0,3966,-2400,-267,,,,,insufficient_history,1,4,FFT解析には4件以上のOHLC履歴が必要です
20260907,20260908,019,,,,,,,,,,,evaluated,True,0,19310,-889,19310,,,,,insufficient_history,1,4,FFT解析には4件以上のOHLC履歴が必要です
20260907,20260908,039,g3,UP-UP-DOWN,RIGHT,0.28510957289522243,False,True,True,False,False,2,evaluated,False,0,0,-11911,-7644,,,,,ready,72,4,
20260907,20260908,040,g4,UP-DOWN-DOWN,BOTTOM,0.26723941160255127,False,False,False,False,False,0,evaluated,True,0,8707,-3022,4914,,,,,ready,72,4,
20260907,20260908,041,g5,DOWN-UP-DOWN,LEFT,0.35275612214853713,False,False,False,False,False,0,evaluated,True,0,19483,-2311,16897,,,,,ready,72,4,
20260907,20260908,042,g6,DOWN-UP-DOWN,RIGHT,0.29611587775103143,False,True,True,False,False,2,evaluated,True,0,19835,-1787,19339,,,,,ready,72,4,
20260907,20260908,043,g7,DOWN-UP-DOWN,LEFT,0.24887426950249647,False,False,False,False,False,0,evaluated,False,0,3966,-622,-622,,,,,ready,72,4,
20260907,20260908,044,g8,DOWN-DOWN-DOWN,BOTTOM,0.6867703369086979,False,False,False,True,False,0,evaluated,True,0,5690,-5422,3276,,,,,ready,72,4,
20260907,20260908,045,g9,UP-DOWN-UP,TOP,0.2722311707148043,False,False,False,False,False,0,evaluated,False,0,1638,-4800,-4800,,,,,ready,72,4,
20260907,20260908,046,g1,DOWN-DOWN-UP,BOTTOM,0.24701298406482475,False,False,False,False,False,0,evaluated,True,0,13276,-8711,13276,,,,,ready,72,4,
20260907,20260908,047,g2,UP-UP-UP,TOP,0.30151346876973495,True,False,False,False,False,1,evaluated,False,0,2069,-14400,-14400,,,,,ready,72,4,
20260907,20260908,048,g3,DOWN-UP-DOWN,TOP,0.28215752786659687,False,False,False,False,False,0,evaluated,True,0,22562,-4340,20331,,,,,ready,72,4,
20260907,20260908,049,g4,DOWN-UP-UP,TOP,0.3826057115435383,False,False,False,False,False,0,evaluated,False,0,2069,-10311,-10311,,,,,ready,72,4,
20260907,20260908,050,g5,DOWN-DOWN-UP,BOTTOM,0.4748387119162638,False,False,False,False,False,0,evaluated,True,0,22810,-2298,22810,,,,,ready,72,4,
20260907,20260908,051,g6,DOWN-DOWN-DOWN,BOTTOM,0.6435335370548843,False,False,False,True,False,0,evaluated,False,0,0,-14400,-14400,,,,,ready,72,4,
20260907,20260908,052,g7,DOWN-DOWN-UP,TOP,0.3204144862151418,False,False,False,False,False,0,evaluated,False,0,862,-11911,-3556,,,,,ready,72,4,
20260907,20260908,053,g8,UP-UP-DOWN,TOP,0.2922490076707023,False,False,False,False,False,0,evaluated,False,0,0,-15644,-9600,,,,,ready,72,4,
20260907,20260908,054,g9,DOWN-UP-UP,RIGHT,0.5271448382563335,False,True,False,False,False,1,evaluated,False,0,0,-12267,-12267,,,,,ready,72,4,
20260907,20260908,055,g1,UP-UP-UP,TOP,0.686509711524145,True,False,False,False,False,1,evaluated,False,0,0,-6489,-6489,,,,,ready,72,4,
20260907,20260908,056,g2,DOWN-DOWN-UP,LEFT,0.36007796123756375,False,False,False,False,False,0,evaluated,False,0,5948,-6222,-6222,,,,,ready,72,4,
20260907,20260908,057,g3,DOWN-UP-UP,RIGHT,0.3251660020110906,False,True,True,False,False,2,evaluated,True,0,3362,-6578,517,,,,,ready,72,4,
20260907,20260908,058,g4,UP-UP-DOWN,TOP,0.29004777489536515,False,False,False,False,False,0,evaluated,False,0,0,-9156,-8711,,,,,ready,72,4,
20260907,20260908,059,g5,DOWN-DOWN-UP,LEFT,0.35321877924460765,False,False,False,False,False,0,evaluated,False,0,5000,-7022,-178,,,,,ready,72,4,
20260907,20260908,060,g6,DOWN-UP-UP,RIGHT,0.6472701627665852,False,True,False,False,False,1,evaluated,True,0,9224,-1422,3362,,,,,ready,72,4,
20260907,20260908,061,g7,DOWN-UP-UP,RIGHT,0.44986455882327014,False,True,True,False,False,2,evaluated,True,0,7845,-6222,345,,,,,ready,72,4,
20260907,20260908,062,g8,UP-UP-UP,TOP,0.35123077461535135,True,False,False,False,False,1,evaluated,False,0,1379,-6311,-2222,,,,,ready,72,4,
20260907,20260908,063,g9,DOWN-UP-UP,TOP,0.35118271785851907,False,False,False,False,False,0,evaluated,False,0,7155,-5156,-1956,,,,,ready,72,4,
20260907,20260908,064,g1,DOWN-DOWN-DOWN,LEFT,0.30884437840095247,False,False,False,True,False,0,evaluated,True,0,10862,-7822,10690,,,,,ready,72,4,
20260907,20260908,065,g2,DOWN-DOWN-DOWN,BOTTOM,0.6265381557861003,False,False,False,True,False,0,evaluated,False,0,1724,-11733,-11733,,,,,ready,72,4,
20260907,20260908,066,g3,UP-DOWN-UP,TOP,0.26980297115876506,False,False,False,False,False,0,evaluated,True,0,7069,-1511,5172,,,,,ready,72,4,
20260907,20260908,067,g4,UP-DOWN-DOWN,LEFT,0.5654445786153669,False,False,False,False,False,0,evaluated,False,0,0,-11378,-4622,,,,,ready,72,4,
20260907,20260908,068,g5,UP-DOWN-UP,RIGHT,0.29586781452347344,False,True,True,False,False,2,evaluated,True,0,3103,-4444,2759,,,,,ready,72,4,
20260907,20260908,069,g6,DOWN-UP-DOWN,BOTTOM,0.907473225944919,False,False,False,False,False,0,evaluated,True,0,15690,-5867,12241,,,,,ready,72,4,
20260907,20260908,070,g7,UP-DOWN-DOWN,LEFT,0.2918338099826918,False,False,False,False,False,0,evaluated,True,0,4569,-4622,2931,,,,,ready,72,4,
20260907,20260908,071,g8,DOWN-DOWN-DOWN,BOTTOM,0.7467951079740308,False,False,False,True,False,0,evaluated,True,0,12414,-3200,11552,,,,,ready,72,4,
20260907,20260908,072,g9,UP-UP-UP,TOP,0.7395139273747102,True,False,False,False,False,1,evaluated,True,0,1724,-3644,431,,,,,ready,72,4,
20260907,20260908,073,g1,DOWN-UP-DOWN,LEFT,0.30065379517164514,False,False,False,False,False,0,evaluated,False,0,86,-7467,-7022,,,,,ready,72,4,
20260907,20260908,074,g2,UP-UP-DOWN,RIGHT,0.2986396545994916,False,True,True,False,False,2,evaluated,True,0,23306,-3574,18099,,,,,ready,72,4,
20260907,20260908,075,g3,DOWN-UP-DOWN,BOTTOM,0.8183102384015954,False,False,False,False,False,0,evaluated,True,0,9397,-1867,7586,,,,,ready,72,4,
20260907,20260908,076,g4,DOWN-DOWN-UP,LEFT,0.24727713668932227,False,False,False,False,False,0,evaluated,True,0,9914,-9333,8621,,,,,ready,72,4,
20260907,20260908,077,g5,DOWN-DOWN-DOWN,BOTTOM,0.7357700779284799,False,False,False,True,False,0,evaluated,True,0,27273,-2043,20579,,,,,ready,72,4,
20260908,20260909,018,,,,,,,,,,,evaluated,False,0,0,-15111,-6933,,,,,insufficient_history,2,4,FFT解析には4件以上のOHLC履歴が必要です
20260908,20260909,019,,,,,,,,,,,evaluated,False,0,0,-19200,-9067,,,,,insufficient_history,2,4,FFT解析には4件以上のOHLC履歴が必要です
20260908,20260909,039,g3,DOWN-UP-DOWN,LEFT,0.339574436788019,False,False,False,False,False,0,evaluated,False,0,0,-13333,-4978,,,,,ready,73,4,
20260908,20260909,040,g4,UP-DOWN-UP,TOP,0.24930411180941603,False,False,False,False,False,0,evaluated,False,0,1121,-3467,-1333,,,,,ready,73,4,
20260908,20260909,041,g5,DOWN-DOWN-DOWN,LEFT,0.2606689683323783,False,False,False,True,False,0,evaluated,False,0,0,-15467,-9778,,,,,ready,73,4,
20260908,20260909,042,g6,UP-UP-DOWN,TOP,0.3143408460760979,False,False,False,False,False,0,evaluated,False,0,0,-4178,-4178,,,,,ready,73,4,
20260908,20260909,043,g7,UP-UP-DOWN,TOP,0.280801833534699,False,False,False,False,False,0,evaluated,True,0,10517,-2133,8966,,,,,ready,73,4,
20260908,20260909,044,g8,UP-DOWN-UP,RIGHT,0.3025578502040389,False,True,True,False,False,2,evaluated,True,0,19655,-3911,17931,,,,,ready,73,4,
20260908,20260909,045,g9,UP-DOWN-DOWN,LEFT,0.2826123701317005,False,False,False,False,False,0,evaluated,True,0,10690,-2489,8793,,,,,ready,73,4,
20260908,20260909,046,g1,UP-UP-DOWN,RIGHT,0.32318647043991067,False,True,True,False,False,2,evaluated,False,0,0,-3022,-3022,,,,,ready,73,4,
20260908,20260909,047,g2,UP-DOWN-DOWN,BOTTOM,0.4020616026274946,False,False,False,False,False,0,evaluated,True,0,15000,-9244,15000,,,,,ready,73,4,
20260908,20260909,048,g3,UP-UP-DOWN,TOP,0.2665308946066025,False,False,False,False,False,0,evaluated,False,0,0,-8889,-8889,,,,,ready,73,4,
20260908,20260909,049,g4,DOWN-UP-DOWN,BOTTOM,0.3715144000122388,False,False,False,False,False,0,evaluated,True,0,8621,-3467,8621,,,,,ready,73,4,
20260908,20260909,050,g5,UP-UP-DOWN,TOP,0.28950190015718935,False,False,False,False,False,0,evaluated,False,0,0,-6578,-2933,,,,,ready,73,4,
20260908,20260909,051,g6,DOWN-DOWN-UP,RIGHT,0.5460204350412434,False,True,False,False,False,1,evaluated,False,0,0,-18489,-8000,,,,,ready,73,4,
20260908,20260909,052,g7,DOWN-DOWN-DOWN,LEFT,0.27711075144304076,False,False,False,True,False,0,evaluated,False,0,0,-6933,-6933,,,,,ready,73,4,
20260908,20260909,053,g8,UP-DOWN-UP,TOP,0.28020495084522434,False,False,False,False,False,0,evaluated,True,0,9310,-1422,431,,,,,ready,73,4,
20260908,20260909,054,g9,UP-UP-UP,TOP,0.2807051869330638,True,False,False,False,False,1,evaluated,True,0,14483,-3378,13103,,,,,ready,73,4,
20260908,20260909,055,g1,DOWN-DOWN-DOWN,LEFT,0.7254112853561105,False,False,False,True,False,0,evaluated,True,0,6552,-267,4741,,,,,ready,73,4,
20260908,20260909,056,g2,DOWN-DOWN-DOWN,BOTTOM,0.34280307372603613,False,False,False,True,False,0,evaluated,True,0,11724,-1067,7069,,,,,ready,73,4,
20260908,20260909,057,g3,UP-UP-DOWN,TOP,0.3041898770518574,False,False,False,False,False,0,evaluated,False,0,172,-11022,-11022,,,,,ready,73,4,
20260908,20260909,058,g4,UP-DOWN-UP,TOP,0.28147830153505904,False,False,False,False,False,0,evaluated,True,0,2759,-12800,1897,,,,,ready,73,4,
20260908,20260909,059,g5,DOWN-UP-DOWN,RIGHT,0.43386984224427183,False,True,True,False,False,2,evaluated,False,0,0,-28596,-28596,,,,,ready,73,4,
20260908,20260909,060,g6,UP-UP-UP,TOP,0.4932267435655081,True,False,False,False,False,1,evaluated,True,0,2500,-7467,1638,,,,,ready,73,4,
20260908,20260909,061,g7,UP-DOWN-DOWN,LEFT,0.31898972473052045,False,False,False,False,False,0,evaluated,False,0,0,-8800,-8800,,,,,ready,73,4,
20260908,20260909,062,g8,DOWN-UP-DOWN,LEFT,0.30225900516518167,False,False,False,False,False,0,evaluated,True,0,7931,-1156,7931,,,,,ready,73,4,
20260908,20260909,063,g9,UP-DOWN-DOWN,LEFT,0.42658565803255866,False,False,False,False,False,0,evaluated,False,0,0,-7111,-7111,,,,,ready,73,4,
20260908,20260909,064,g1,UP-DOWN-DOWN,TOP,0.2929474401901707,False,False,False,False,False,0,evaluated,True,0,2241,-5244,1552,,,,,ready,73,4,
20260908,20260909,065,g2,UP-DOWN-UP,TOP,0.26109686426190426,False,False,False,False,False,0,evaluated,True,0,17586,0,16034,,,,,ready,73,4,
20260908,20260909,066,g3,DOWN-DOWN-UP,LEFT,0.2553893658365448,False,False,False,False,False,0,evaluated,False,0,0,-13867,-6933,,,,,ready,73,4,
20260908,20260909,067,g4,DOWN-DOWN-UP,RIGHT,0.6037091614005629,False,True,False,False,False,1,evaluated,False,0,0,-15644,-15644,,,,,ready,73,4,
20260908,20260909,068,g5,UP-UP-DOWN,TOP,0.24138398855857368,False,False,False,False,False,0,evaluated,False,0,0,-9244,-7911,,,,,ready,73,4,
20260908,20260909,069,g6,UP-UP-UP,TOP,0.2583969491749656,True,False,False,False,False,1,evaluated,False,0,0,-4533,-4533,,,,,ready,73,4,
20260908,20260909,070,g7,DOWN-UP-UP,RIGHT,0.24182884635557156,False,True,True,False,False,2,evaluated,False,0,7155,-3378,-2311,,,,,ready,73,4,
20260908,20260909,071,g8,DOWN-UP-UP,TOP,0.27579521082032665,False,False,False,False,False,0,evaluated,False,0,0,-8267,-8267,,,,,ready,73,4,
20260908,20260909,072,g9,DOWN-UP-UP,TOP,0.669120505693438,False,False,False,False,False,0,evaluated,True,0,10690,-1067,8448,,,,,ready,73,4,
20260908,20260909,073,g1,DOWN-DOWN-UP,LEFT,0.2987984645132137,False,False,False,False,False,0,evaluated,True,0,6638,-2044,1724,,,,,ready,73,4,
20260908,20260909,074,g2,UP-DOWN-UP,TOP,0.31812125651047074,False,False,False,False,False,0,evaluated,True,0,14655,-889,14310,,,,,ready,73,4,
20260908,20260909,075,g3,UP-UP-UP,RIGHT,0.3972561538711503,True,True,True,False,True,3,evaluated,True,0,6983,-3644,2672,,,,,ready,73,4,
20260908,20260909,076,g4,DOWN-DOWN-UP,RIGHT,0.4624014281259574,False,True,True,False,False,2,evaluated,False,0,0,-4178,-4178,,,,,ready,73,4,
20260908,20260909,077,g5,UP-UP-UP,TOP,0.6050705683344455,True,False,False,False,False,1,evaluated,False,0,0,-7467,-3467,,,,,ready,73,4,
20260909,20260910,018,,,,,,,,,,,evaluated,False,0,862,-12622,-12622,,,,,insufficient_history,3,4,FFT解析には4件以上のOHLC履歴が必要です
20260909,20260910,019,,,,,,,,,,,evaluated,False,0,0,-16889,-16889,,,,,insufficient_history,3,4,FFT解析には4件以上のOHLC履歴が必要です
20260909,20260910,039,g3,DOWN-DOWN-DOWN,LEFT,0.5512460124024279,False,False,False,True,False,0,evaluated,False,0,1207,-15289,-6756,,,,,ready,74,4,
20260909,20260910,040,g4,DOWN-DOWN-DOWN,LEFT,0.49858637907275183,False,False,False,True,False,0,evaluated,False,0,0,-10667,-7111,,,,,ready,74,4,
20260909,20260910,041,g5,DOWN-DOWN-UP,LEFT,0.36348921349880936,False,False,False,False,False,0,evaluated,True,0,1379,-4800,345,,,,,ready,74,4,
20260909,20260910,042,g6,UP-DOWN-DOWN,LEFT,0.287447951259576,False,False,False,False,False,0,evaluated,False,0,0,-9422,-3644,,,,,ready,74,4,
20260909,20260910,043,g7,UP-DOWN-UP,TOP,0.3163841071916995,False,False,False,False,False,0,evaluated,False,0,3276,-12800,-12800,,,,,ready,74,4,
20260909,20260910,044,g8,UP-UP-UP,TOP,0.2677557758190685,True,False,False,False,False,1,evaluated,False,0,0,-10489,-8711,,,,,ready,74,4,
20260909,20260910,045,g9,DOWN-UP-UP,TOP,0.2829542724982518,False,False,False,False,False,0,evaluated,True,0,20331,-1787,13388,,,,,ready,74,4,
20260909,20260910,046,g1,UP-DOWN-DOWN,TOP,0.24952837880720258,False,False,False,False,False,0,evaluated,True,0,33590,-3896,30000,,,,,ready,74,4,
20260909,20260910,047,g2,UP-UP-DOWN,TOP,0.2661036454544624,False,False,False,False,False,0,evaluated,False,0,2672,-7822,-7822,,,,,ready,74,4,
20260909,20260910,048,g3,UP-UP-DOWN,TOP,0.2822481394488773,False,False,False,False,False,0,evaluated,False,0,12931,-2311,-1422,,,,,ready,74,4,
20260909,20260910,049,g4,UP-DOWN-DOWN,BOTTOM,0.345155995830845,False,False,False,False,False,0,evaluated,False,0,0,-19200,-19200,,,,,ready,74,4,
20260909,20260910,050,g5,DOWN-DOWN-UP,BOTTOM,0.37607468948717715,False,False,False,False,False,0,evaluated,False,0,0,-21447,-21447,,,,,ready,74,4,
20260909,20260910,051,g6,UP-UP-UP,RIGHT,0.29058406134888404,True,True,True,False,True,3,evaluated,True,0,7759,-12089,7759,,,,,ready,74,4,
20260909,20260910,052,g7,UP-DOWN-DOWN,LEFT,0.27727541449136406,False,False,False,False,False,0,evaluated,False,0,0,-21702,-11234,,,,,ready,74,4,
20260909,20260910,053,g8,DOWN-DOWN-UP,LEFT,0.2840059016117522,False,False,False,False,False,0,evaluated,True,0,15172,-3911,7241,,,,,ready,74,4,
20260909,20260910,054,g9,DOWN-UP-UP,TOP,0.3311085274847064,False,False,False,False,False,0,evaluated,False,0,0,-9333,-1333,,,,,ready,74,4,
20260909,20260910,055,g1,UP-DOWN-UP,RIGHT,0.35816593108291284,False,True,True,False,False,2,evaluated,True,0,10690,-3556,5345,,,,,ready,74,4,
20260909,20260910,056,g2,UP-UP-UP,TOP,0.6878222582731325,True,False,False,False,False,1,evaluated,False,0,1207,-16711,-16711,,,,,ready,74,4,
20260909,20260910,057,g3,UP-DOWN-UP,LEFT,0.3079415684534933,False,False,False,False,False,0,evaluated,False,0,9397,-6222,-1067,,,,,ready,74,4,
20260909,20260910,058,g4,DOWN-DOWN-UP,TOP,0.2855862947757948,False,False,False,False,False,0,evaluated,False,0,496,-20170,-17617,,,,,ready,74,4,
20260909,20260910,059,g5,DOWN-UP-UP,BOTTOM,0.7315443248959164,False,False,False,False,False,0,evaluated,False,0,0,-15289,-15289,,,,,ready,74,4,
20260909,20260910,060,g6,DOWN-UP-DOWN,LEFT,0.29926571281871905,False,False,False,False,False,0,evaluated,True,0,3793,-12267,2759,,,,,ready,74,4,
20260909,20260910,061,g7,DOWN-DOWN-DOWN,BOTTOM,0.6283351958867012,False,False,False,True,False,0,evaluated,True,0,15517,-4089,8793,,,,,ready,74,4,
20260909,20260910,062,g8,DOWN-DOWN-UP,BOTTOM,0.3763782187016754,False,False,False,False,False,0,evaluated,True,0,16379,0,690,,,,,ready,74,4,
20260909,20260910,063,g9,DOWN-UP-UP,RIGHT,0.40309946536977137,False,True,True,False,False,2,evaluated,False,0,2069,-11378,-533,,,,,ready,74,4,
20260909,20260910,064,g1,DOWN-DOWN-UP,LEFT,0.3594531458420215,False,False,False,False,False,0,evaluated,False,0,0,-14578,-14578,,,,,ready,74,4,
20260909,20260910,065,g2,DOWN-UP-UP,RIGHT,0.25858463937788156,False,True,True,False,False,2,evaluated,True,0,17069,-5156,16897,,,,,ready,74,4,
20260909,20260910,066,g3,UP-DOWN-UP,TOP,0.28474911222903354,False,False,False,False,False,0,evaluated,True,0,11207,-1244,6724,,,,,ready,74,4,
20260909,20260910,067,g4,UP-UP-UP,TOP,0.30334886251687987,True,False,False,False,False,1,evaluated,False,0,690,-17600,-3911,,,,,ready,74,4,
20260909,20260910,068,g5,DOWN-DOWN-DOWN,LEFT,0.45185049265145294,False,False,False,True,False,0,evaluated,False,0,0,-11556,-6756,,,,,ready,74,4,
20260909,20260910,069,g6,DOWN-DOWN-UP,RIGHT,0.5285059470242778,False,True,False,False,False,1,evaluated,True,0,15517,-6400,6897,,,,,ready,74,4,
20260909,20260910,070,g7,DOWN-DOWN-UP,BOTTOM,0.3559675675076788,False,False,False,False,False,0,evaluated,True,0,12414,-5867,7586,,,,,ready,74,4,
20260909,20260910,071,g8,DOWN-DOWN-UP,BOTTOM,0.5573133951057854,False,False,False,False,False,0,evaluated,True,0,9569,-2844,5172,,,,,ready,74,4,
20260909,20260910,072,g9,DOWN-DOWN-DOWN,LEFT,0.5250580056384435,False,False,False,True,False,0,evaluated,True,0,9655,-5778,6810,,,,,ready,74,4,
20260909,20260910,073,g1,DOWN-DOWN-DOWN,LEFT,0.2910175751513536,False,False,False,True,False,0,evaluated,False,0,0,-14222,-13156,,,,,ready,74,4,
20260909,20260910,074,g2,UP-DOWN-UP,TOP,0.2780473824013646,False,False,False,False,False,0,evaluated,False,0,2931,-11556,-11556,,,,,ready,74,4,
20260909,20260910,075,g3,DOWN-DOWN-UP,LEFT,0.25949430611527713,False,False,False,False,False,0,evaluated,False,0,0,-19733,-19733,,,,,ready,74,4,
20260909,20260910,076,g4,UP-UP-DOWN,RIGHT,0.5613399870105252,False,True,False,False,False,1,evaluated,False,0,0,-15467,-15111,,,,,ready,74,4,
20260909,20260910,077,g5,DOWN-DOWN-DOWN,LEFT,0.6140396968922641,False,False,False,True,False,0,evaluated,False,0,9052,-8711,-2756,,,,,ready,74,4,
20260910,20260911,018,,UP-DOWN-DOWN,BOTTOM,0.1454545454545455,False,False,False,False,False,0,evaluated,False,0,0,-7822,-6844,,,,,ready,4,4,
20260910,20260911,019,,UP-DOWN-DOWN,BOTTOM,0.1454545454545455,False,False,False,False,False,0,evaluated,True,0,10862,-889,5517,,,,,ready,4,4,
20260910,20260911,039,g3,UP-DOWN-DOWN,BOTTOM,0.5792714558098201,False,False,False,False,False,0,evaluated,True,0,14483,-3556,10172,,,,,ready,75,4,
20260910,20260911,040,g4,UP-DOWN-DOWN,BOTTOM,0.44584282517187757,False,False,False,False,False,0,evaluated,True,0,10345,-2133,7414,,,,,ready,75,4,
20260910,20260911,041,g5,UP-DOWN-DOWN,BOTTOM,0.49468396360758216,False,False,False,False,False,0,evaluated,False,0,0,-10311,-10311,,,,,ready,75,4,
20260910,20260911,042,g6,UP-DOWN-DOWN,RIGHT,0.24788243270547927,False,True,True,False,False,2,evaluated,False,0,0,-4089,-4089,,,,,ready,75,4,
20260910,20260911,043,g7,DOWN-UP-UP,TOP,0.30074726563228404,False,False,False,False,False,0,evaluated,True,0,17931,0,14828,,,,,ready,75,4,
20260910,20260911,044,g8,DOWN-DOWN-UP,TOP,0.2724680669782381,False,False,False,False,False,0,evaluated,True,0,21570,-1532,15372,,,,,ready,75,4,
20260910,20260911,045,g9,DOWN-DOWN-UP,LEFT,0.3378976193004033,False,False,False,False,False,0,evaluated,True,0,12241,-1600,4138,,,,,ready,75,4,
20260910,20260911,046,g1,UP-UP-DOWN,TOP,0.3023915348481755,False,False,False,False,False,0,evaluated,True,0,11207,-2133,4828,,,,,ready,75,4,
20260910,20260911,047,g2,UP-UP-DOWN,TOP,0.4220069120394221,False,False,False,False,False,0,evaluated,False,0,1466,-5689,-2400,,,,,ready,75,4,
20260910,20260911,048,g3,DOWN-UP-DOWN,TOP,0.35851041450106835,False,False,False,False,False,0,evaluated,False,0,0,-8533,-4711,,,,,ready,75,4,
20260910,20260911,049,g4,DOWN-DOWN-UP,RIGHT,0.4691849526636379,False,True,True,False,False,2,evaluated,False,0,0,-21447,-19660,,,,,ready,75,4,
20260910,20260911,050,g5,DOWN-DOWN-UP,RIGHT,0.5037412279676825,False,True,False,False,False,1,evaluated,False,0,2500,-5867,-5867,,,,,ready,75,4,
20260910,20260911,051,g6,UP-UP-UP,RIGHT,0.2915369253845531,True,True,True,False,True,3,evaluated,False,0,11034,-2667,-889,,,,,ready,75,4,
20260910,20260911,052,g7,DOWN-UP-DOWN,RIGHT,0.36182928745556253,False,True,True,False,False,2,evaluated,False,0,1897,-11556,-11556,,,,,ready,75,4,
20260910,20260911,053,g8,DOWN-UP-DOWN,LEFT,0.2918385963545559,False,False,False,False,False,0,evaluated,False,0,3276,-17244,-14044,,,,,ready,75,4,
20260910,20260911,054,g9,DOWN-UP-DOWN,BOTTOM,0.4475912925358867,False,False,False,False,False,0,evaluated,True,0,39231,-260,39231,,,,,ready,75,4,
20260910,20260911,055,g1,UP-DOWN-UP,TOP,0.30383252001312033,False,False,False,False,False,0,evaluated,True,0,12586,-711,11379,,,,,ready,75,4,
20260910,20260911,056,g2,DOWN-DOWN-UP,BOTTOM,0.5468900541714667,False,False,False,False,False,0,evaluated,False,0,2414,-8267,-3822,,,,,ready,75,4,
20260910,20260911,057,g3,DOWN-DOWN-UP,RIGHT,0.45559952345929033,False,True,True,False,False,2,evaluated,False,0,1379,-11022,-4089,,,,,ready,75,4,
20260910,20260911,058,g4,DOWN-DOWN-UP,TOP,0.30099859214854097,False,False,False,False,False,0,evaluated,True,0,11074,-12596,11074,,,,,ready,75,4,
20260910,20260911,059,g5,UP-UP-DOWN,RIGHT,0.33062420265330494,False,True,True,False,False,2,evaluated,True,0,11207,-3022,4310,,,,,ready,75,4,
20260910,20260911,060,g6,UP-DOWN-UP,TOP,0.2402369389396667,False,False,False,False,False,0,evaluated,False,0,0,-9867,-1244,,,,,ready,75,4,
20260910,20260911,061,g7,UP-UP-UP,TOP,0.24899989295898006,True,False,False,False,False,1,evaluated,True,0,8276,-5867,4569,,,,,ready,75,4,
20260910,20260911,062,g8,UP-DOWN-UP,TOP,0.29175088995378706,False,False,False,False,False,0,evaluated,False,0,14828,-1956,-1956,,,,,ready,75,4,
20260910,20260911,063,g9,UP-UP-DOWN,LEFT,0.3416031125907495,False,False,False,False,False,0,evaluated,False,0,0,-8089,-6311,,,,,ready,75,4,
20260910,20260911,064,g1,UP-DOWN-DOWN,RIGHT,0.32348363803265323,False,True,True,False,False,2,evaluated,True,0,24298,-6638,23802,,,,,ready,75,4,
20260910,20260911,065,g2,UP-UP-DOWN,TOP,0.24055539286901328,False,False,False,False,False,0,evaluated,False,0,0,-9689,-9689,,,,,ready,75,4,
20260910,20260911,066,g3,UP-DOWN-DOWN,TOP,0.3164358737944264,False,False,False,False,False,0,evaluated,True,0,10517,-1600,10000,,,,,ready,75,4,
20260910,20260911,067,g4,DOWN-DOWN-DOWN,BOTTOM,0.4856824323114911,False,False,False,True,False,0,evaluated,True,0,13448,0,13103,,,,,ready,75,4,
20260910,20260911,068,g5,UP-DOWN-UP,RIGHT,0.3946922134706883,False,True,True,False,False,2,evaluated,False,0,4310,-17956,-17956,,,,,ready,75,4,
20260910,20260911,069,g6,UP-UP-UP,TOP,0.5573477550312751,True,False,False,False,False,1,evaluated,False,0,1724,-6756,-2400,,,,,ready,75,4,
20260910,20260911,070,g7,UP-UP-UP,RIGHT,0.5328964544827861,True,True,False,False,False,2,evaluated,False,0,3793,-8000,-8000,,,,,ready,75,4,
20260910,20260911,071,g8,DOWN-UP-UP,RIGHT,0.31255949232172764,False,True,True,False,False,2,evaluated,False,0,0,-12800,-11022,,,,,ready,75,4,
20260910,20260911,072,g9,DOWN-DOWN-DOWN,LEFT,0.4496524338579502,False,False,False,True,False,0,evaluated,True,0,12069,-533,8103,,,,,ready,75,4,
20260910,20260911,073,g1,DOWN-UP-DOWN,LEFT,0.2610044245129415,False,False,False,False,False,0,evaluated,True,0,9741,-7022,6897,,,,,ready,75,4,
20260910,20260911,074,g2,DOWN-DOWN-UP,TOP,0.2858692964109636,False,False,False,False,False,0,evaluated,True,0,10172,-3378,9828,,,,,ready,75,4,
20260910,20260911,075,g3,DOWN-UP-DOWN,RIGHT,0.5652364852485194,False,True,False,False,False,1,evaluated,True,0,12241,-5867,7586,,,,,ready,75,4,
20260910,20260911,076,g4,DOWN-UP-DOWN,TOP,0.2539564384399301,False,False,False,False,False,0,evaluated,False,0,0,-12978,-6933,,,,,ready,75,4,
20260910,20260911,077,g5,DOWN-UP-UP,RIGHT,0.2977308248012407,False,True,True,False,False,2,evaluated,True,0,4310,-5422,4052,,,,,ready,75,4,
20260911,20260912,018,,UP-UP-UP,TOP,0.6196731064734015,True,False,False,False,False,1,evaluated,False,0,4310,-4000,-711,,,,,ready,5,4,
20260911,20260912,019,,UP-UP-UP,TOP,0.5556889988956744,True,False,False,False,False,1,evaluated,True,0,38718,-260,38205,,,,,ready,5,4,
20260911,20260912,039,g3,UP-UP-UP,RIGHT,0.38613686343082865,True,True,True,False,True,3,evaluated,True,0,10345,-4089,6552,,,,,ready,76,4,
20260911,20260912,040,g4,UP-DOWN-UP,TOP,0.32048633492287104,False,False,False,False,False,0,evaluated,False,0,3190,-6933,-2400,,,,,ready,76,4,
20260911,20260912,041,g5,UP-DOWN-DOWN,BOTTOM,0.505719479603284,False,False,False,False,False,0,evaluated,True,0,31538,-5195,30769,,,,,ready,76,4,
20260911,20260912,042,g6,UP-UP-DOWN,TOP,0.2631847428852909,False,False,False,False,False,0,evaluated,False,0,1034,-17778,-15289,,,,,ready,76,4,
20260911,20260912,043,g7,UP-UP-DOWN,TOP,0.3210370712055294,False,False,False,False,False,0,evaluated,True,0,23554,0,22810,,,,,ready,76,4,
20260911,20260912,044,g8,DOWN-UP-UP,TOP,0.2621754744457123,False,False,False,False,False,0,evaluated,False,0,5172,-15289,-15289,,,,,ready,76,4,
20260911,20260912,045,g9,UP-DOWN-DOWN,BOTTOM,0.47040949484184036,False,False,False,False,False,0,evaluated,False,0,7931,-1956,-1956,,,,,ready,76,4,
20260911,20260912,046,g1,DOWN-DOWN-DOWN,LEFT,0.3932589418519046,False,False,False,True,False,0,evaluated,False,0,5517,-10844,-9244,,,,,ready,76,4,
20260911,20260912,047,g2,DOWN-DOWN-DOWN,LEFT,0.3796416242759275,False,False,False,True,False,0,evaluated,False,0,1379,-13689,-6222,,,,,ready,76,4,
20260911,20260912,048,g3,DOWN-DOWN-DOWN,LEFT,0.48460593891432957,False,False,False,True,False,0,evaluated,False,0,0,-12800,-10667,,,,,ready,76,4,
20260911,20260912,049,g4,UP-DOWN-DOWN,RIGHT,0.2888349317859288,False,True,True,False,False,2,evaluated,True,0,25785,-1021,13388,,,,,ready,76,4,
20260911,20260912,050,g5,UP-UP-DOWN,TOP,0.336646057865295,False,False,False,False,False,0,evaluated,True,0,14828,-9778,11207,,,,,ready,76,4,
20260911,20260912,051,g6,UP-DOWN-DOWN,BOTTOM,0.4823840722716257,False,False,False,False,False,0,evaluated,False,0,3103,-14578,-10844,,,,,ready,76,4,
20260911,20260912,052,g7,UP-UP-UP,TOP,0.2757103963816374,True,False,False,False,False,1,evaluated,False,0,862,-19911,-19911,,,,,ready,76,4,
20260911,20260912,053,g8,UP-UP-DOWN,RIGHT,0.28419857709125607,False,True,True,False,False,2,evaluated,True,0,21074,-2809,15620,,,,,ready,76,4,
20260911,20260912,054,g9,UP-DOWN-UP,TOP,0.24747402455505962,False,False,False,False,False,0,evaluated,True,0,13793,-1956,6724,,,,,ready,76,4,
20260911,20260912,055,g1,UP-DOWN-UP,TOP,0.3088610186120464,False,False,False,False,False,0,evaluated,True,0,17069,0,9828,,,,,ready,76,4,
20260911,20260912,056,g2,UP-UP-DOWN,TOP,0.28425219039803806,False,False,False,False,False,0,evaluated,False,0,0,-21447,-16340,,,,,ready,76,4,
20260911,20260912,057,g3,UP-UP-UP,RIGHT,0.6474006732185097,True,True,False,False,False,2,evaluated,True,0,29008,0,24793,,,,,ready,76,4,
20260911,20260912,058,g4,DOWN-DOWN-DOWN,LEFT,0.3780235800325983,False,False,False,True,False,0,evaluated,False,0,9569,-6311,-6311,,,,,ready,76,4,
20260911,20260912,059,g5,DOWN-UP-UP,TOP,0.27708318881376715,False,False,False,False,False,0,evaluated,True,0,24545,-1021,24298,,,,,ready,76,4,
20260911,20260912,060,g6,DOWN-DOWN-UP,LEFT,0.43614882209234507,False,False,False,False,False,0,evaluated,False,0,0,-17600,-17600,,,,,ready,76,4,
20260911,20260912,061,g7,UP-DOWN-DOWN,LEFT,0.4051874289710051,False,False,False,False,False,0,evaluated,True,0,14876,-11915,12893,,,,,ready,76,4,
20260911,20260912,062,g8,DOWN-UP-DOWN,TOP,0.25863323643995084,False,False,False,False,False,0,evaluated,True,0,15345,-6400,13793,,,,,ready,76,4,
20260911,20260912,063,g9,DOWN-DOWN-UP,RIGHT,0.4600433058401453,False,True,True,False,False,2,evaluated,True,0,7845,-5956,690,,,,,ready,76,4,
20260911,20260912,064,g1,UP-UP-DOWN,TOP,0.26607394906299275,False,False,False,False,False,0,evaluated,False,0,0,-29872,-29872,,,,,ready,76,4,
20260911,20260912,065,g2,DOWN-DOWN-UP,LEFT,0.2693856372755974,False,False,False,False,False,0,evaluated,False,0,517,-10667,-3378,,,,,ready,76,4,
20260911,20260912,066,g3,DOWN-DOWN-DOWN,LEFT,0.3220009579091354,False,False,False,True,False,0,evaluated,True,0,9052,-8533,8276,,,,,ready,76,4,
20260911,20260912,067,g4,UP-UP-UP,TOP,0.24316302427098646,True,False,False,False,False,1,evaluated,True,0,15000,-2133,12931,,,,,ready,76,4,
20260911,20260912,068,g5,DOWN-UP-DOWN,TOP,0.25598694241938647,False,False,False,False,False,0,evaluated,True,0,15517,-1422,7759,,,,,ready,76,4,
20260911,20260912,069,g6,DOWN-DOWN-UP,TOP,0.2698920145361886,False,False,False,False,False,0,evaluated,False,0,0,-22723,-22723,,,,,ready,76,4,
20260911,20260912,070,g7,UP-DOWN-DOWN,TOP,0.24602848241545427,False,False,False,False,False,0,evaluated,False,0,0,-15289,-1422,,,,,ready,76,4,
20260911,20260912,071,g8,DOWN-DOWN-DOWN,BOTTOM,0.8139580176935245,False,False,False,True,False,0,evaluated,True,0,12759,-4800,12414,,,,,ready,76,4,
20260911,20260912,072,g9,DOWN-DOWN-DOWN,LEFT,0.41287854550486747,False,False,False,True,False,0,evaluated,True,0,11897,-5333,10862,,,,,ready,76,4,
20260911,20260912,073,g1,DOWN-UP-DOWN,TOP,0.25845699467234307,False,False,False,False,False,0,evaluated,False,0,0,-13333,-9778,,,,,ready,76,4,
20260911,20260912,074,g2,DOWN-DOWN-UP,TOP,0.2828497255197189,False,False,False,False,False,0,evaluated,True,0,10172,-9778,9655,,,,,ready,76,4,
20260911,20260912,075,g3,UP-UP-UP,TOP,0.3279106887583376,True,False,False,False,False,1,evaluated,False,0,345,-7644,-5956,,,,,ready,76,4,
20260911,20260912,076,g4,DOWN-UP-DOWN,LEFT,0.31568899957062935,False,False,False,False,False,0,evaluated,True,0,5517,-11200,2414,,,,,ready,76,4,
20260911,20260912,077,g5,UP-DOWN-DOWN,TOP,0.2935828518091239,False,False,False,False,False,0,evaluated,False,0,0,-11378,-11378,,,,,ready,76,4,
20260912,20260913,018,,UP-UP-UP,TOP,0.7189467536655856,True,False,False,False,False,1,evaluated,False,0,6897,-12622,-4089,,,,,ready,6,4,
20260912,20260913,019,,UP-UP-UP,TOP,0.8111983618303746,True,False,False,False,False,1,evaluated,False,0,0,-8444,-7644,,,,,ready,6,4,
20260912,20260913,039,g3,DOWN-UP-UP,TOP,0.2528503170826113,False,False,False,False,False,0,evaluated,True,0,12586,-8178,11379,,,,,ready,77,4,
20260912,20260913,040,g4,DOWN-DOWN-DOWN,LEFT,0.6423754077058841,False,False,False,True,False,0,evaluated,False,0,6897,-16000,-16000,,,,,ready,77,4,
20260912,20260913,041,g5,UP-UP-UP,TOP,0.2826456001400106,True,False,False,False,False,1,evaluated,True,0,462,-18037,308,,,,,ready,77,4,
20260912,20260913,042,g6,DOWN-DOWN-DOWN,LEFT,0.43263101562486206,False,False,False,True,False,0,evaluated,False,0,0,-11911,-5511,,,,,ready,77,4,
20260912,20260913,043,g7,UP-DOWN-UP,TOP,0.30557611715776845,False,False,False,False,False,0,evaluated,False,0,0,-8800,-8800,,,,,ready,77,4,
20260912,20260913,044,g8,DOWN-DOWN-DOWN,BOTTOM,0.6792638489674079,False,False,False,True,False,0,evaluated,False,0,7759,-10311,-10311,,,,,ready,77,4,
20260912,20260913,045,g9,UP-UP-UP,RIGHT,0.26306303558728195,True,True,True,False,True,3,evaluated,False,0,0,-15644,-15644,,,,,ready,77,4,
20260912,20260913,046,g1,DOWN-DOWN-UP,RIGHT,0.4103071067455447,False,True,True,False,False,2,evaluated,True,0,38718,-2597,35641,,,,,ready,77,4,
20260912,20260913,047,g2,DOWN-UP-DOWN,LEFT,0.26536035570626204,False,False,False,False,False,0,evaluated,False,0,3534,-8978,-1333,,,,,ready,77,4,
20260912,20260913,048,g3,UP-DOWN-DOWN,LEFT,0.4539806155856373,False,False,False,False,False,0,evaluated,False,0,0,-27574,-24766,,,,,ready,77,4,
20260912,20260913,049,g4,UP-UP-DOWN,TOP,0.2835152169253985,False,False,False,False,False,0,evaluated,False,0,0,-12089,-12089,,,,,ready,77,4,
20260912,20260913,050,g5,DOWN-DOWN-DOWN,BOTTOM,0.417972179972141,False,False,False,True,False,0,evaluated,False,0,0,-16356,-16356,,,,,ready,77,4,
20260912,20260913,051,g6,UP-DOWN-UP,BOTTOM,0.5992840936501193,False,False,False,False,False,0,evaluated,False,0,0,-26298,-26298,,,,,ready,77,4,
20260912,20260913,052,g7,UP-DOWN-UP,LEFT,0.2442708837230002,False,False,False,False,False,0,evaluated,False,0,948,-7556,-7200,,,,,ready,77,4,
20260912,20260913,053,g8,UP-UP-DOWN,TOP,0.299088432875395,False,False,False,False,False,0,evaluated,False,0,0,-13689,-1067,,,,,ready,77,4,
20260912,20260913,054,g9,DOWN-DOWN-UP,LEFT,0.241573235711119,False,False,False,False,False,0,evaluated,True,0,4483,-10489,345,,,,,ready,77,4,
20260912,20260913,055,g1,DOWN-UP-UP,TOP,0.31083368978608494,False,False,False,False,False,0,evaluated,True,0,14483,-3022,13448,,,,,ready,77,4,
20260912,20260913,056,g2,DOWN-DOWN-UP,LEFT,0.38616876904620534,False,False,False,False,False,0,evaluated,False,0,1552,-16356,-16356,,,,,ready,77,4,
20260912,20260913,057,g3,DOWN-DOWN-DOWN,LEFT,0.8877128355157,False,False,False,True,False,0,evaluated,False,0,690,-8533,-8533,,,,,ready,77,4,
20260912,20260913,058,g4,UP-DOWN-DOWN,LEFT,0.2774267788529271,False,False,False,False,False,0,evaluated,True,0,8362,-889,8017,,,,,ready,77,4,
20260912,20260913,059,g5,UP-UP-DOWN,TOP,0.24345802624986845,False,False,False,False,False,0,evaluated,False,0,3448,-9244,-4444,,,,,ready,77,4,
20260912,20260913,060,g6,DOWN-UP-DOWN,RIGHT,0.2963835943816062,False,True,True,False,False,2,evaluated,True,0,16379,-1956,12241,,,,,ready,77,4,
20260912,20260913,061,g7,DOWN-UP-UP,TOP,0.28813558821136553,False,False,False,False,False,0,evaluated,True,0,31282,-5455,20256,,,,,ready,77,4,
20260912,20260913,062,g8,UP-DOWN-UP,TOP,0.27054873384033584,False,False,False,False,False,0,evaluated,False,0,1638,-10044,0,,,,,ready,77,4,
20260912,20260913,063,g9,UP-UP-DOWN,TOP,0.2838052692500549,False,False,False,False,False,0,evaluated,False,0,690,-7822,-7822,,,,,ready,77,4,
20260912,20260913,064,g1,DOWN-DOWN-DOWN,BOTTOM,0.8512722128763943,False,False,False,True,False,0,evaluated,True,0,5862,-1244,3276,,,,,ready,77,4,
20260912,20260913,065,g2,UP-DOWN-DOWN,TOP,0.31252367803868064,False,False,False,False,False,0,evaluated,True,0,5000,-16533,3448,,,,,ready,77,4,
20260912,20260913,066,g3,UP-DOWN-UP,TOP,0.332068881957326,False,False,False,False,False,0,evaluated,True,0,5086,-5422,1638,,,,,ready,77,4,
20260912,20260913,067,g4,UP-DOWN-DOWN,LEFT,0.2782445566412064,False,False,False,False,False,0,evaluated,True,0,3103,-12622,2069,,,,,ready,77,4,
20260912,20260913,068,g5,DOWN-UP-DOWN,TOP,0.33057996915856547,False,False,False,False,False,0,evaluated,False,0,1207,-17600,-178,,,,,ready,77,4,
20260912,20260913,069,g6,UP-UP-DOWN,RIGHT,0.4081325240085527,False,True,True,False,False,2,evaluated,True,0,38974,0,36410,,,,,ready,77,4,
20260912,20260913,070,g7,DOWN-UP-UP,RIGHT,0.2679117106318303,False,True,True,False,False,2,evaluated,False,0,517,-10667,-7822,,,,,ready,77,4,
20260912,20260913,071,g8,UP-UP-UP,TOP,0.28662577938670986,True,False,False,False,False,1,evaluated,True,0,5517,-9511,948,,,,,ready,77,4,
20260912,20260913,072,g9,UP-DOWN-DOWN,BOTTOM,0.3279014852031219,False,False,False,False,False,0,evaluated,False,0,0,-12444,-12444,,,,,ready,77,4,
20260912,20260913,073,g1,DOWN-UP-DOWN,TOP,0.32661820530583263,False,False,False,False,False,0,evaluated,True,0,21074,-4596,21074,,,,,ready,77,4,
20260912,20260913,074,g2,UP-DOWN-UP,TOP,0.2449530925099478,False,False,False,False,False,0,evaluated,False,0,0,-17600,-17600,,,,,ready,77,4,
20260912,20260913,075,g3,DOWN-DOWN-UP,BOTTOM,0.5766548173744579,False,False,False,False,False,0,evaluated,False,0,4828,-7556,-2756,,,,,ready,77,4,
20260912,20260913,076,g4,UP-DOWN-UP,LEFT,0.24122778929271493,False,False,False,False,False,0,evaluated,True,0,29504,-7404,28264,,,,,ready,77,4,
20260912,20260913,077,g5,DOWN-DOWN-UP,TOP,0.30795078079995064,False,False,False,False,False,0,evaluated,False,0,6207,-17067,-17067,,,,,ready,77,4,
20260913,20260914,018,,DOWN-DOWN-UP,LEFT,0.2924812738478242,False,False,False,False,False,0,evaluated,False,0,0,-6222,-4800,,,,,ready,7,4,
20260913,20260914,019,,DOWN-DOWN-DOWN,BOTTOM,0.7439923212948792,False,False,False,True,False,0,evaluated,True,0,26033,0,24050,,,,,ready,7,4,
20260913,20260914,039,g3,DOWN-DOWN-UP,TOP,0.2848224592638031,False,False,False,False,False,0,evaluated,False,0,3448,-6844,-6844,,,,,ready,78,4,
20260913,20260914,040,g4,DOWN-DOWN-DOWN,BOTTOM,0.6152925907616149,False,False,False,True,False,0,evaluated,True,0,3793,-9867,3793,,,,,ready,78,4,
20260913,20260914,041,g5,UP-DOWN-DOWN,RIGHT,0.3951504591077881,False,True,True,False,False,2,evaluated,True,0,11379,-1244,7931,,,,,ready,78,4,
20260913,20260914,042,g6,DOWN-DOWN-DOWN,BOTTOM,0.4862110504961361,False,False,False,True,False,0,evaluated,False,0,0,-18311,-8356,,,,,ready,78,4,
20260913,20260914,043,g7,DOWN-DOWN-DOWN,BOTTOM,0.5264888438061033,False,False,False,True,False,0,evaluated,True,0,3966,-9244,3879,,,,,ready,78,4,
20260913,20260914,044,g8,UP-UP-UP,RIGHT,0.47849377952395655,True,True,True,False,True,3,evaluated,True,0,5862,-8711,4310,,,,,ready,78,4,
20260913,20260914,045,g9,DOWN-UP-UP,RIGHT,0.5467863451329406,False,True,False,False,False,1,evaluated,False,0,0,-10844,-9244,,,,,ready,78,4,
20260913,20260914,046,g1,DOWN-UP-UP,TOP,0.31320613186091606,False,False,False,False,False,0,evaluated,True,0,11724,-1067,8276,,,,,ready,78,4,
20260913,20260914,047,g2,DOWN-UP-DOWN,LEFT,0.2979427536292123,False,False,False,False,False,0,evaluated,False,0,3276,-4711,-3378,,,,,ready,78,4,
20260913,20260914,048,g3,DOWN-UP-DOWN,BOTTOM,0.31199193770169065,False,False,False,False,False,0,evaluated,True,0,7069,-4089,2672,,,,,ready,78,4,
20260913,20260914,049,g4,DOWN-DOWN-UP,TOP,0.24349384586959166,False,False,False,False,False,0,evaluated,True,0,4741,-3200,2328,,,,,ready,78,4,
20260913,20260914,050,g5,DOWN-UP-DOWN,RIGHT,0.6127835361043994,False,True,False,False,False,1,evaluated,False,0,0,-25277,-24766,,,,,ready,78,4,
20260913,20260914,051,g6,UP-UP-UP,RIGHT,0.32326543638411276,True,True,True,False,True,3,evaluated,True,0,3276,-18311,3276,,,,,ready,78,4,
20260913,20260914,052,g7,DOWN-DOWN-UP,RIGHT,0.361535137543628,False,True,True,False,False,2,evaluated,False,0,3966,-10489,-178,,,,,ready,78,4,
20260913,20260914,053,g8,UP-DOWN-UP,TOP,0.29888879868537643,False,False,False,False,False,0,evaluated,True,0,6724,-11022,6724,,,,,ready,78,4,
20260913,20260914,054,g9,DOWN-DOWN-UP,RIGHT,0.2468265720849102,False,True,True,False,False,2,evaluated,False,0,0,-15467,-8711,,,,,ready,78,4,
20260913,20260914,055,g1,UP-UP-DOWN,TOP,0.26188078725988173,False,False,False,False,False,0,evaluated,False,0,0,-7556,-7556,,,,,ready,78,4,
20260913,20260914,056,g2,DOWN-UP-DOWN,RIGHT,0.4003631448432474,False,True,True,False,False,2,evaluated,True,0,1379,-14756,1207,,,,,ready,78,4,
20260913,20260914,057,g3,DOWN-DOWN-DOWN,BOTTOM,0.7927868829765615,False,False,False,True,False,0,evaluated,True,0,11379,-3911,8448,,,,,ready,78,4,
20260913,20260914,058,g4,UP-DOWN-UP,TOP,0.27743549011878954,False,False,False,False,False,0,evaluated,False,0,2845,-8711,-8089,,,,,ready,78,4,
20260913,20260914,059,g5,UP-DOWN-DOWN,TOP,0.31834429073290094,False,False,False,False,False,0,evaluated,False,0,6983,-1422,-1422,,,,,ready,78,4,
20260913,20260914,060,g6,UP-UP-DOWN,RIGHT,0.32965232013559775,False,True,True,False,False,2,evaluated,False,0,6897,-6756,-6756,,,,,ready,78,4,
20260913,20260914,061,g7,UP-DOWN-DOWN,LEFT,0.2898513871022377,False,False,False,False,False,0,evaluated,False,0,0,-7289,-7289,,,,,ready,78,4,
20260913,20260914,062,g8,DOWN-UP-UP,LEFT,0.24147347079522052,False,False,False,False,False,0,evaluated,True,0,5345,-8533,1034,,,,,ready,78,4,
20260913,20260914,063,g9,DOWN-DOWN-DOWN,BOTTOM,0.5008668127015588,False,False,False,True,False,0,evaluated,False,0,0,-12800,-12800,,,,,ready,78,4,
20260913,20260914,064,g1,UP-UP-UP,RIGHT,0.6682962223990612,True,True,False,False,False,2,evaluated,True,0,26033,0,25289,,,,,ready,78,4,
20260913,20260914,065,g2,DOWN-UP-UP,RIGHT,0.25956212145874324,False,True,True,False,False,2,evaluated,True,0,22066,0,20579,,,,,ready,78,4,
20260913,20260914,066,g3,DOWN-DOWN-UP,LEFT,0.31178489596088244,False,False,False,False,False,0,evaluated,False,0,1897,-7378,-3556,,,,,ready,78,4,
20260913,20260914,067,g4,DOWN-UP-UP,TOP,0.25207658731690685,False,False,False,False,False,0,evaluated,False,0,0,-10844,-6222,,,,,ready,78,4,
20260913,20260914,068,g5,UP-DOWN-DOWN,TOP,0.29844053532710924,False,False,False,False,False,0,evaluated,False,0,1724,-8178,-4089,,,,,ready,78,4,
20260913,20260914,069,g6,UP-UP-DOWN,TOP,0.6412920306912335,False,False,False,False,False,0,evaluated,True,0,12241,0,8448,,,,,ready,78,4,
20260913,20260914,070,g7,DOWN-UP-UP,LEFT,0.3458012783657054,False,False,False,False,False,0,evaluated,True,0,10000,-9778,7414,,,,,ready,78,4,
20260913,20260914,071,g8,UP-DOWN-DOWN,BOTTOM,0.656034938784656,False,False,False,False,False,0,evaluated,True,0,13793,-5333,12586,,,,,ready,78,4,
20260913,20260914,072,g9,DOWN-UP-UP,RIGHT,0.27344140201353784,False,True,True,False,False,2,evaluated,False,0,0,-9600,-9600,,,,,ready,78,4,
20260913,20260914,073,g1,UP-UP-UP,TOP,0.2895332357581111,True,False,False,False,False,1,evaluated,True,0,15862,-356,13621,,,,,ready,78,4,
20260913,20260914,074,g2,DOWN-UP-UP,TOP,0.26552381086845855,False,False,False,False,False,0,evaluated,False,0,1466,-7911,-2311,,,,,ready,78,4,
20260913,20260914,075,g3,UP-UP-UP,RIGHT,0.29101075432395673,True,True,True,False,True,3,evaluated,True,0,15172,-5867,14310,,,,,ready,78,4,
20260913,20260914,076,g4,UP-UP-UP,TOP,0.5827882053331794,True,False,False,False,False,1,evaluated,True,0,12586,-3022,11207,,,,,ready,78,4,
20260913,20260914,077,g5,UP-DOWN-DOWN,BOTTOM,0.6974852821119129,False,False,False,False,False,0,evaluated,False,0,0,-14222,-1778,,,,,ready,78,4,
20260914,20260915,018,,DOWN-UP-UP,TOP,0.2910353560286346,False,False,False,False,False,0,evaluated,False,0,0,-12800,-12444,,,,,ready,8,4,
20260914,20260915,019,,DOWN-UP-UP,TOP,0.2964172738184301,False,False,False,False,False,0,evaluated,True,0,19655,-4444,19483,,,,,ready,8,4,
20260914,20260915,039,g3,UP-DOWN-DOWN,LEFT,0.26884491524263965,False,False,False,False,False,0,evaluated,True,0,10690,-2844,10517,,,,,ready,79,4,
20260914,20260915,040,g4,UP-DOWN-DOWN,RIGHT,0.29051316724102527,False,True,True,False,False,2,evaluated,False,0,0,-12978,-12978,,,,,ready,79,4,
20260914,20260915,041,g5,UP-UP-UP,TOP,0.7326882021434514,True,False,False,False,False,1,evaluated,False,0,1724,-14044,-14044,,,,,ready,79,4,
20260914,20260915,042,g6,DOWN-DOWN-UP,RIGHT,0.2836064879637078,False,True,True,False,False,2,evaluated,False,0,0,-16889,-16889,,,,,ready,79,4,
20260914,20260915,043,g7,DOWN-UP-UP,RIGHT,0.38065203095364064,False,True,True,False,False,2,evaluated,False,0,0,-16533,-15822,,,,,ready,79,4,
20260914,20260915,044,g8,UP-UP-DOWN,TOP,0.27589367558819955,False,False,False,False,False,0,evaluated,True,0,8362,-4356,4828,,,,,ready,79,4,
20260914,20260915,045,g9,UP-UP-UP,RIGHT,0.46387416316461394,True,True,True,False,True,3,evaluated,True,0,4483,-9956,948,,,,,ready,79,4,
20260914,20260915,046,g1,UP-DOWN-DOWN,BOTTOM,0.2570805577915404,False,False,False,False,False,0,evaluated,True,0,20579,-3830,16860,,,,,ready,79,4,
20260914,20260915,047,g2,DOWN-DOWN-UP,BOTTOM,0.6450189139132602,False,False,False,False,False,0,evaluated,True,0,13966,-3022,13103,,,,,ready,79,4,
20260914,20260915,048,g3,UP-UP-DOWN,TOP,0.27690837332751295,False,False,False,False,False,0,evaluated,False,0,2931,-10311,-9956,,,,,ready,79,4,
20260914,20260915,049,g4,DOWN-DOWN-DOWN,LEFT,0.6380412042027723,False,False,False,True,False,0,evaluated,True,0,9828,-4000,8534,,,,,ready,79,4,
20260914,20260915,050,g5,UP-DOWN-UP,TOP,0.33440086477309516,False,False,False,False,False,0,evaluated,True,0,11379,-2667,9655,,,,,ready,79,4,
20260914,20260915,051,g6,UP-UP-UP,TOP,0.31364719044958345,True,False,False,False,False,1,evaluated,False,0,5000,-12089,-12089,,,,,ready,79,4,
20260914,20260915,052,g7,UP-UP-UP,TOP,0.3323347204835245,True,False,False,False,False,1,evaluated,True,0,37179,-1818,37179,,,,,ready,79,4,
20260914,20260915,053,g8,DOWN-DOWN-UP,TOP,0.277914168254658,False,False,False,False,False,0,evaluated,False,0,9397,-5689,-5689,,,,,ready,79,4,
20260914,20260915,054,g9,UP-DOWN-UP,TOP,0.2680719334347246,False,False,False,False,False,0,evaluated,False,0,0,-9244,-9244,,,,,ready,79,4,
20260914,20260915,055,g1,DOWN-DOWN-UP,RIGHT,0.28464493781960865,False,True,True,False,False,2,evaluated,True,0,18793,-5867,18621,,,,,ready,79,4,
20260914,20260915,056,g2,UP-DOWN-UP,TOP,0.34015583705568575,False,False,False,False,False,0,evaluated,False,0,744,-22979,-22979,,,,,ready,79,4,
20260914,20260915,057,g3,UP-UP-UP,RIGHT,0.8231921839362324,True,True,False,False,False,2,evaluated,True,0,21818,0,17107,,,,,ready,79,4,
20260914,20260915,058,g4,UP-DOWN-DOWN,LEFT,0.32903272415289964,False,False,False,False,False,0,evaluated,False,0,0,-20089,-19733,,,,,ready,79,4,
20260914,20260915,059,g5,UP-UP-DOWN,TOP,0.26577634626985436,False,False,False,False,False,0,evaluated,False,0,0,-16356,-15111,,,,,ready,79,4,
20260914,20260915,060,g6,UP-DOWN-UP,TOP,0.2580563641207815,False,False,False,False,False,0,evaluated,True,0,16724,0,12414,,,,,ready,79,4,
20260914,20260915,061,g7,DOWN-DOWN-UP,BOTTOM,0.6418952097923456,False,False,False,False,False,0,evaluated,False,0,0,-13333,-13333,,,,,ready,79,4,
20260914,20260915,062,g8,UP-UP-DOWN,RIGHT,0.26902820136230265,False,True,True,False,False,2,evaluated,False,0,0,-13867,-13867,,,,,ready,79,4,
20260914,20260915,063,g9,UP-UP-UP,TOP,0.23999445558290633,True,False,False,False,False,1,evaluated,False,0,4138,-2489,-2489,,,,,ready,79,4,
20260914,20260915,064,g1,UP-UP-UP,TOP,0.36766240251531235,True,False,False,False,False,1,evaluated,True,0,9741,-3378,9569,,,,,ready,79,4,
20260914,20260915,065,g2,UP-UP-UP,RIGHT,0.4226005840977992,True,True,True,False,True,3,evaluated,False,0,0,-8178,-8178,,,,,ready,79,4,
20260914,20260915,066,g3,UP-DOWN-UP,RIGHT,0.29240719456925135,False,True,True,False,False,2,evaluated,True,0,24545,-255,22066,,,,,ready,79,4,
20260914,20260915,067,g4,UP-DOWN-DOWN,TOP,0.33865061147979747,False,False,False,False,False,0,evaluated,False,0,259,-6133,-6133,,,,,ready,79,4,
20260914,20260915,068,g5,DOWN-UP-DOWN,BOTTOM,0.47759189407985436,False,False,False,False,False,0,evaluated,True,0,6897,-6489,2328,,,,,ready,79,4,
20260914,20260915,069,g6,DOWN-DOWN-DOWN,LEFT,0.33375420964101177,False,False,False,True,False,0,evaluated,True,0,4741,-4000,948,,,,,ready,79,4,
20260914,20260915,070,g7,DOWN-DOWN-UP,RIGHT,0.4748795788234925,False,True,True,False,False,2,evaluated,False,0,0,-15644,-8711,,,,,ready,79,4,
20260914,20260915,071,g8,UP-UP-UP,RIGHT,0.32154357745874784,True,True,True,False,True,3,evaluated,False,0,862,-12800,-12800,,,,,ready,79,4,
20260914,20260915,072,g9,DOWN-UP-UP,BOTTOM,0.46743093107205635,False,False,False,False,False,0,evaluated,True,0,5259,-9422,1207,,,,,ready,79,4,
20260914,20260915,073,g1,UP-DOWN-DOWN,LEFT,0.3429404513652472,False,False,False,False,False,0,evaluated,True,0,31282,-4675,28462,,,,,ready,79,4,
20260914,20260915,074,g2,DOWN-DOWN-UP,TOP,0.2646632127832491,False,False,False,False,False,0,evaluated,False,0,0,-9778,-5689,,,,,ready,79,4,
20260914,20260915,075,g3,UP-DOWN-UP,TOP,0.2793002808419912,False,False,False,False,False,0,evaluated,False,0,0,-13511,-11733,,,,,ready,79,4,
20260914,20260915,076,g4,DOWN-DOWN-UP,TOP,0.274795925221353,False,False,False,False,False,0,evaluated,True,0,12931,-2844,5862,,,,,ready,79,4,
20260914,20260915,077,g5,UP-UP-UP,TOP,0.28384717141386506,True,False,False,False,False,1,evaluated,True,0,12414,0,11379,,,,,ready,79,4,
20260915,20260916,018,,DOWN-UP-DOWN,BOTTOM,0.5740195321639427,False,False,False,False,False,0,evaluated,False,0,690,-13511,-8000,,,,,ready,9,4,
20260915,20260916,019,,UP-UP-DOWN,TOP,0.34419974770586514,False,False,False,False,False,0,evaluated,True,0,9138,-2222,5517,,,,,ready,9,4,
20260915,20260916,039,g3,UP-DOWN-DOWN,TOP,0.26262626842662595,False,False,False,False,False,0,evaluated,False,0,517,-8444,-1600,,,,,ready,80,4,
20260915,20260916,040,g4,DOWN-DOWN-UP,BOTTOM,0.42209244763493337,False,False,False,False,False,0,evaluated,False,0,1466,-4533,-4533,,,,,ready,80,4,
20260915,20260916,041,g5,DOWN-DOWN-DOWN,LEFT,0.2967183545468213,False,False,False,True,False,0,evaluated,True,0,18793,-4622,15862,,,,,ready,80,4,
20260915,20260916,042,g6,DOWN-UP-DOWN,BOTTOM,0.8317362056028987,False,False,False,False,False,0,evaluated,False,0,0,-13333,-13333,,,,,ready,80,4,
20260915,20260916,043,g7,UP-DOWN-DOWN,TOP,0.2575826325837911,False,False,False,False,False,0,evaluated,False,0,3103,-8889,-622,,,,,ready,80,4,
20260915,20260916,044,g8,UP-DOWN-UP,TOP,0.3139623097655093,False,False,False,False,False,0,evaluated,False,0,517,-10311,-3200,,,,,ready,80,4,
20260915,20260916,045,g9,UP-DOWN-UP,TOP,0.2553357563450229,False,False,False,False,False,0,evaluated,True,0,14138,-3733,10345,,,,,ready,80,4,
20260915,20260916,046,g1,UP-UP-DOWN,TOP,0.26478464382659617,False,False,False,False,False,0,evaluated,False,0,431,-2222,-2222,,,,,ready,80,4,
20260915,20260916,047,g2,DOWN-UP-UP,RIGHT,0.2913063661027475,False,True,True,False,False,2,evaluated,False,0,0,-10044,-8622,,,,,ready,80,4,
20260915,20260916,048,g3,UP-DOWN-DOWN,TOP,0.29862423057623755,False,False,False,False,False,0,evaluated,True,0,18276,-7822,9655,,,,,ready,80,4,
20260915,20260916,049,g4,UP-UP-UP,TOP,0.28390004968049787,True,False,False,False,False,1,evaluated,False,0,0,-7378,-7111,,,,,ready,80,4,
20260915,20260916,050,g5,UP-DOWN-UP,BOTTOM,0.2590650826384605,False,False,False,False,False,0,evaluated,False,0,0,-9422,-9422,,,,,ready,80,4,
20260915,20260916,051,g6,UP-DOWN-DOWN,LEFT,0.3096114821930419,False,False,False,False,False,0,evaluated,True,0,6897,-3733,5431,,,,,ready,80,4,
20260915,20260916,052,g7,UP-DOWN-UP,TOP,0.3683784338956645,False,False,False,False,False,0,evaluated,True,0,2931,-7289,2414,,,,,ready,80,4,
20260915,20260916,053,g8,DOWN-UP-DOWN,LEFT,0.25708877460674795,False,False,False,False,False,0,evaluated,True,0,15537,-11574,14711,,,,,ready,80,4,
20260915,20260916,054,g9,DOWN-DOWN-UP,BOTTOM,0.2940021300790362,False,False,False,False,False,0,evaluated,False,0,1207,-14756,-14756,,,,,ready,80,4,
20260915,20260916,055,g1,UP-UP-UP,TOP,0.5679522265450296,True,False,False,False,False,1,evaluated,False,0,1379,-800,-533,,,,,ready,80,4,
20260915,20260916,056,g2,DOWN-DOWN-DOWN,LEFT,0.3099700746333912,False,False,False,True,False,0,evaluated,True,0,4310,-11911,3793,,,,,ready,80,4,
20260915,20260916,057,g3,DOWN-UP-UP,TOP,0.24866334321220152,False,False,False,False,False,0,evaluated,False,0,0,-9600,-9600,,,,,ready,80,4,
20260915,20260916,058,g4,DOWN-DOWN-UP,LEFT,0.24435792620539265,False,False,False,False,False,0,evaluated,True,0,4483,-4800,345,,,,,ready,80,4,
20260915,20260916,059,g5,DOWN-DOWN-UP,BOTTOM,0.493227108257858,False,False,False,False,False,0,evaluated,False,0,2672,-8711,-8711,,,,,ready,80,4,
20260915,20260916,060,g6,UP-UP-DOWN,RIGHT,0.35939812414759365,False,True,True,False,False,2,evaluated,False,0,603,-5778,-5778,,,,,ready,80,4,
20260915,20260916,061,g7,UP-UP-UP,RIGHT,0.2704726124714115,True,True,True,False,True,3,evaluated,True,0,9741,-3289,4828,,,,,ready,80,4,
20260915,20260916,062,g8,DOWN-UP-DOWN,LEFT,0.29409230054365865,False,False,False,False,False,0,evaluated,False,0,0,-13333,-13333,,,,,ready,80,4,
20260915,20260916,063,g9,DOWN-DOWN-DOWN,LEFT,0.34862451383179405,False,False,False,True,False,0,evaluated,True,0,17069,-6933,15517,,,,,ready,80,4,
20260915,20260916,064,g1,UP-DOWN-DOWN,TOP,0.2790341838956991,False,False,False,False,False,0,evaluated,True,0,7069,-1867,5086,,,,,ready,80,4,
20260915,20260916,065,g2,UP-DOWN-DOWN,LEFT,0.5382221936456267,False,False,False,False,False,0,evaluated,True,0,15690,-356,345,,,,,ready,80,4,
20260915,20260916,066,g3,UP-UP-DOWN,TOP,0.27224067343835234,False,False,False,False,False,0,evaluated,False,0,0,-11200,-11200,,,,,ready,80,4,
20260915,20260916,067,g4,DOWN-UP-DOWN,LEFT,0.2912024768279494,False,False,False,False,False,0,evaluated,False,0,2328,-9689,-2667,,,,,ready,80,4,
20260915,20260916,068,g5,UP-UP-UP,RIGHT,0.26156648086513745,True,True,True,False,True,3,evaluated,False,0,0,-15822,-15822,,,,,ready,80,4,
20260915,20260916,069,g6,UP-DOWN-UP,TOP,0.25904263999251465,False,False,False,False,False,0,evaluated,True,0,6466,-3022,431,,,,,ready,80,4,
20260915,20260916,070,g7,UP-UP-DOWN,BOTTOM,0.25483176332445023,False,False,False,False,False,0,evaluated,False,0,6207,-5778,-533,,,,,ready,80,4,
20260915,20260916,071,g8,DOWN-DOWN-UP,BOTTOM,0.4748397205047009,False,False,False,False,False,0,evaluated,False,0,948,-7022,-6933,,,,,ready,80,4,
20260915,20260916,072,g9,DOWN-UP-UP,TOP,0.28046515757013557,False,False,False,False,False,0,evaluated,False,0,0,-8978,-7733,,,,,ready,80,4,
20260915,20260916,073,g1,UP-DOWN-UP,TOP,0.31836639395010036,False,False,False,False,False,0,evaluated,True,0,17759,0,9310,,,,,ready,80,4,
20260915,20260916,074,g2,DOWN-DOWN-UP,LEFT,0.2668098484643787,False,False,False,False,False,0,evaluated,False,0,0,-24766,-20936,,,,,ready,80,4,
20260915,20260916,075,g3,DOWN-UP-DOWN,BOTTOM,0.47125803027491253,False,False,False,False,False,0,evaluated,False,0,2931,-2044,-978,,,,,ready,80,4,
20260915,20260916,076,g4,UP-DOWN-DOWN,TOP,0.2564553646183555,False,False,False,False,False,0,evaluated,True,0,4828,-4533,3017,,,,,ready,80,4,
20260915,20260916,077,g5,DOWN-UP-UP,TOP,0.28841363542473863,False,False,False,False,False,0,evaluated,True,0,16379,-2311,10172,,,,,ready,80,4,
20260916,20260917,018,,UP-DOWN-UP,TOP,0.3067401022553192,False,False,False,False,False,0,evaluated,True,0,7845,-178,5862,,,,,ready,10,4,
20260916,20260917,019,,DOWN-DOWN-UP,LEFT,0.2699323029908739,False,False,False,False,False,0,evaluated,False,0,0,-11733,-5511,,,,,ready,10,4,
20260916,20260917,039,g3,DOWN-UP-DOWN,TOP,0.28916884675261734,False,False,False,False,False,0,evaluated,False,0,0,-14400,-356,,,,,ready,81,4,
20260916,20260917,040,g4,DOWN-DOWN-UP,RIGHT,0.5001867711873342,False,True,False,False,False,1,evaluated,False,0,0,-7289,-7289,,,,,ready,81,4,
20260916,20260917,041,g5,UP-DOWN-UP,TOP,0.36825841842301943,False,False,False,False,False,0,evaluated,False,0,0,-7733,-6400,,,,,ready,81,4,
20260916,20260917,042,g6,UP-UP-DOWN,BOTTOM,0.7197246799409782,False,False,False,False,False,0,evaluated,False,0,992,-21702,-21702,,,,,ready,81,4,
20260916,20260917,043,g7,DOWN-DOWN-DOWN,LEFT,0.30395778901840154,False,False,False,True,False,0,evaluated,False,0,0,-19911,-19911,,,,,ready,81,4,
20260916,20260917,044,g8,DOWN-UP-DOWN,LEFT,0.2714057491057583,False,False,False,False,False,0,evaluated,False,0,0,-13156,-12800,,,,,ready,81,4,
20260916,20260917,045,g9,UP-UP-DOWN,RIGHT,0.4466952490908218,False,True,True,False,False,2,evaluated,True,0,6207,-5956,5345,,,,,ready,81,4,
20260916,20260917,046,g1,DOWN-UP-DOWN,LEFT,0.2978749400694519,False,False,False,False,False,0,evaluated,True,0,14655,-3556,14655,,,,,ready,81,4,
20260916,20260917,047,g2,UP-UP-DOWN,LEFT,0.28754921403272427,False,False,False,False,False,0,evaluated,True,0,11034,-7111,7586,,,,,ready,81,4,
20260916,20260917,048,g3,UP-DOWN-DOWN,LEFT,0.3066079610790805,False,False,False,False,False,0,evaluated,False,0,15172,-356,-356,,,,,ready,81,4,
20260916,20260917,049,g4,DOWN-DOWN-DOWN,LEFT,0.609761908971087,False,False,False,True,False,0,evaluated,True,0,19483,-711,12414,,,,,ready,81,4,
20260916,20260917,050,g5,UP-DOWN-DOWN,BOTTOM,0.7555722240563875,False,False,False,False,False,0,evaluated,False,0,3793,-15289,-11556,,,,,ready,81,4,
20260916,20260917,051,g6,UP-DOWN-UP,BOTTOM,0.5580229743288188,False,False,False,False,False,0,evaluated,True,0,10517,-8889,7414,,,,,ready,81,4,
20260916,20260917,052,g7,DOWN-DOWN-DOWN,LEFT,0.2745703891000727,False,False,False,True,False,0,evaluated,True,0,19655,-2667,16034,,,,,ready,81,4,
20260916,20260917,053,g8,UP-UP-UP,TOP,0.343418310581447,True,False,False,False,False,1,evaluated,True,0,13276,-6756,12586,,,,,ready,81,4,
20260916,20260917,054,g9,UP-DOWN-DOWN,BOTTOM,0.4406529802353044,False,False,False,False,False,0,evaluated,False,0,5345,-6844,-6844,,,,,ready,81,4,
20260916,20260917,055,g1,DOWN-DOWN-UP,LEFT,0.28672218922273596,False,False,False,False,False,0,evaluated,False,0,6983,-8622,-3022,,,,,ready,81,4,
20260916,20260917,056,g2,UP-UP-UP,TOP,0.2687830923844895,True,False,False,False,False,1,evaluated,False,0,948,-7289,-1244,,,,,ready,81,4,
20260916,20260917,057,g3,DOWN-DOWN-UP,RIGHT,0.43690227978595086,False,True,True,False,False,2,evaluated,False,0,0,-15467,-15467,,,,,ready,81,4,
20260916,20260917,058,g4,DOWN-DOWN-DOWN,LEFT,0.6438669507707226,False,False,False,True,False,0,evaluated,False,0,0,-21702,-17106,,,,,ready,81,4,
20260916,20260917,059,g5,UP-UP-DOWN,RIGHT,0.5580750771169778,False,True,False,False,False,1,evaluated,False,0,0,-9244,-9244,,,,,ready,81,4,
20260916,20260917,060,g6,DOWN-UP-UP,TOP,0.39110733002882037,False,False,False,False,False,0,evaluated,True,0,8103,-1511,1207,,,,,ready,81,4,
20260916,20260917,061,g7,UP-DOWN-UP,BOTTOM,0.2932895247909296,False,False,False,False,False,0,evaluated,True,0,10000,-7644,9655,,,,,ready,81,4,
20260916,20260917,062,g8,UP-DOWN-DOWN,BOTTOM,0.4539222222108179,False,False,False,False,False,0,evaluated,False,0,0,-20936,-20936,,,,,ready,81,4,
20260916,20260917,063,g9,UP-DOWN-UP,RIGHT,0.2827773755859392,False,True,True,False,False,2,evaluated,False,0,0,-7022,-7022,,,,,ready,81,4,
20260916,20260917,064,g1,UP-DOWN-UP,TOP,0.3501269760125537,False,False,False,False,False,0,evaluated,True,0,24793,-5106,24050,,,,,ready,81,4,
20260916,20260917,065,g2,DOWN-UP-UP,RIGHT,0.48160442817948057,False,True,True,False,False,2,evaluated,True,0,7241,-1689,6207,,,,,ready,81,4,
20260916,20260917,066,g3,DOWN-DOWN-UP,TOP,0.2917935189838865,False,False,False,False,False,0,evaluated,False,0,0,-11378,-9067,,,,,ready,81,4,
20260916,20260917,067,g4,UP-DOWN-UP,RIGHT,0.27738672744205495,False,True,True,False,False,2,evaluated,True,0,16724,-6933,11034,,,,,ready,81,4,
20260916,20260917,068,g5,UP-DOWN-DOWN,LEFT,0.2598765396676376,False,False,False,False,False,0,evaluated,False,0,4741,-4711,-1244,,,,,ready,81,4,
20260916,20260917,069,g6,DOWN-DOWN-DOWN,BOTTOM,0.7241694268222217,False,False,False,True,False,0,evaluated,True,0,5345,-9956,3362,,,,,ready,81,4,
20260916,20260917,070,g7,UP-DOWN-UP,RIGHT,0.3912875636201757,False,True,True,False,False,2,evaluated,False,0,3103,-6222,-3556,,,,,ready,81,4,
20260916,20260917,071,g8,UP-UP-UP,RIGHT,0.44027196113471967,True,True,True,False,True,3,evaluated,False,0,6034,-4533,-4533,,,,,ready,81,4,
20260916,20260917,072,g9,DOWN-UP-DOWN,TOP,0.2762117268011036,False,False,False,False,False,0,evaluated,False,0,3362,-9156,-6222,,,,,ready,81,4,
20260916,20260917,073,g1,UP-DOWN-DOWN,TOP,0.2867887578397259,False,False,False,False,False,0,evaluated,False,0,1207,-4178,-4178,,,,,ready,81,4,
20260916,20260917,074,g2,DOWN-DOWN-UP,TOP,0.2719651288951983,False,False,False,False,False,0,evaluated,False,0,517,-16000,-16000,,,,,ready,81,4,
20260916,20260917,075,g3,UP-UP-UP,RIGHT,0.4765212608091748,True,True,True,False,True,3,evaluated,False,0,0,-15289,-15289,,,,,ready,81,4,
20260916,20260917,076,g4,UP-DOWN-DOWN,LEFT,0.30427514734953365,False,False,False,False,False,0,evaluated,True,0,11207,0,7759,,,,,ready,81,4,
20260916,20260917,077,g5,UP-DOWN-UP,TOP,0.26736280919412847,False,False,False,False,False,0,evaluated,False,0,0,-6044,-5422,,,,,ready,81,4,
20260917,20260918,018,,UP-UP-UP,TOP,0.34507041038911956,True,False,False,False,False,1,evaluated,False,0,1121,-6400,-1333,,,,,ready,11,4,
20260917,20260918,019,,DOWN-DOWN-UP,BOTTOM,0.5333844834687484,False,False,False,False,False,0,evaluated,True,0,11034,-178,6207,,,,,ready,11,4,
20260917,20260918,039,g3,DOWN-UP-DOWN,LEFT,0.3068682724703131,False,False,False,False,False,0,evaluated,True,0,14655,-2844,14483,,,,,ready,82,4,
20260917,20260918,040,g4,UP-UP-UP,TOP,0.31746396486682105,True,False,False,False,False,1,evaluated,False,0,9569,-2578,-2578,,,,,ready,82,4,
20260917,20260918,041,g5,DOWN-DOWN-DOWN,LEFT,0.5268080352090811,False,False,False,True,False,0,evaluated,False,0,0,-9333,-9244,,,,,ready,82,4,
20260917,20260918,042,g6,UP-UP-DOWN,RIGHT,0.5256888619081262,False,True,False,False,False,1,evaluated,True,0,5000,-16356,4483,,,,,ready,82,4,
20260917,20260918,043,g7,DOWN-UP-DOWN,RIGHT,0.2760498314514167,False,True,True,False,False,2,evaluated,True,0,4310,-3200,3276,,,,,ready,82,4,
20260917,20260918,044,g8,DOWN-DOWN-DOWN,BOTTOM,0.47831410931047424,False,False,False,True,False,0,evaluated,False,0,0,-8178,-8178,,,,,ready,82,4,
20260917,20260918,045,g9,UP-UP-UP,TOP,0.802259888345504,True,False,False,False,False,1,evaluated,False,0,0,-8711,-7467,,,,,ready,82,4,
20260917,20260918,046,g1,UP-DOWN-UP,RIGHT,0.24378263736507744,False,True,True,False,False,2,evaluated,False,0,0,-11733,-11733,,,,,ready,82,4,
20260917,20260918,047,g2,UP-DOWN-UP,RIGHT,0.5454433051132304,False,True,False,False,False,1,evaluated,True,0,6466,-5333,1293,,,,,ready,82,4,
20260917,20260918,048,g3,DOWN-DOWN-DOWN,LEFT,0.4868524634491497,False,False,False,True,False,0,evaluated,True,0,18448,-8356,18448,,,,,ready,82,4,
20260917,20260918,049,g4,UP-DOWN-DOWN,LEFT,0.25218638644072744,False,False,False,False,False,0,evaluated,False,0,0,-5689,-5689,,,,,ready,82,4,
20260917,20260918,050,g5,UP-UP-UP,RIGHT,0.4589591772341747,True,True,True,False,True,3,evaluated,False,0,0,-12089,-12089,,,,,ready,82,4,
20260917,20260918,051,g6,UP-UP-UP,RIGHT,0.37378184348874643,True,True,True,False,True,3,evaluated,False,0,517,-15289,-15289,,,,,ready,82,4,
20260917,20260918,052,g7,UP-DOWN-DOWN,LEFT,0.29454559281082826,False,False,False,False,False,0,evaluated,False,0,0,-13867,-9778,,,,,ready,82,4,
20260917,20260918,053,g8,UP-DOWN-DOWN,TOP,0.3160065817860902,False,False,False,False,False,0,evaluated,True,0,8793,-7822,8276,,,,,ready,82,4,
20260917,20260918,054,g9,UP-DOWN-UP,TOP,0.2735219770050188,False,False,False,False,False,0,evaluated,True,0,11901,-13787,10909,,,,,ready,82,4,
20260917,20260918,055,g1,UP-UP-DOWN,RIGHT,0.4280704951178276,False,True,True,False,False,2,evaluated,True,0,5172,-8444,5000,,,,,ready,82,4,
20260917,20260918,056,g2,UP-DOWN-DOWN,LEFT,0.4005932009972053,False,False,False,False,False,0,evaluated,True,0,19138,-5156,18276,,,,,ready,82,4,
20260917,20260918,057,g3,UP-UP-DOWN,RIGHT,0.24865967498489938,False,True,True,False,False,2,evaluated,False,0,0,-19556,-8178,,,,,ready,82,4,
20260917,20260918,058,g4,UP-DOWN-DOWN,BOTTOM,0.5103267032430394,False,False,False,False,False,0,evaluated,False,0,9917,-12766,-12766,,,,,ready,82,4,
20260917,20260918,059,g5,UP-UP-DOWN,LEFT,0.24093461037672792,False,False,False,False,False,0,evaluated,False,0,431,-9333,-89,,,,,ready,82,4,
20260917,20260918,060,g6,DOWN-DOWN-DOWN,LEFT,0.4163978590304539,False,False,False,True,False,0,evaluated,False,0,0,-14400,-14400,,,,,ready,82,4,
20260917,20260918,061,g7,DOWN-UP-UP,RIGHT,0.44076402320419283,False,True,True,False,False,2,evaluated,True,0,27521,0,26777,,,,,ready,82,4,
20260917,20260918,062,g8,DOWN-UP-UP,RIGHT,0.3248978333560759,False,True,True,False,False,2,evaluated,False,0,3793,-11022,-2311,,,,,ready,82,4,
20260917,20260918,063,g9,UP-DOWN-UP,LEFT,0.28695272159265595,False,False,False,False,False,0,evaluated,False,0,2931,-9422,-9422,,,,,ready,82,4,
20260917,20260918,064,g1,DOWN-DOWN-DOWN,LEFT,0.70368800099607,False,False,False,True,False,0,evaluated,True,0,20331,-511,18595,,,,,ready,82,4,
20260917,20260918,065,g2,UP-UP-DOWN,TOP,0.3522452163530496,False,False,False,False,False,0,evaluated,False,0,2759,-4089,-3911,,,,,ready,82,4,
20260917,20260918,066,g3,UP-DOWN-DOWN,TOP,0.28890787602131585,False,False,False,False,False,0,evaluated,True,0,14483,-6756,8276,,,,,ready,82,4,
20260917,20260918,067,g4,UP-UP-UP,TOP,0.8398756348375693,True,False,False,False,False,1,evaluated,True,0,6810,-6133,948,,,,,ready,82,4,
20260917,20260918,068,g5,DOWN-UP-UP,TOP,0.3021491738414952,False,False,False,False,False,0,evaluated,False,0,0,-15467,-10133,,,,,ready,82,4,
20260917,20260918,069,g6,UP-UP-DOWN,RIGHT,0.2874753832001422,False,True,True,False,False,2,evaluated,False,0,0,-12267,-6044,,,,,ready,82,4,
20260917,20260918,070,g7,DOWN-UP-DOWN,LEFT,0.31433583632927165,False,False,False,False,False,0,evaluated,False,0,1724,-10667,-4622,,,,,ready,82,4,
20260917,20260918,071,g8,DOWN-DOWN-UP,BOTTOM,0.304252543206618,False,False,False,False,False,0,evaluated,True,0,3621,-4978,776,,,,,ready,82,4,
20260917,20260918,072,g9,DOWN-DOWN-DOWN,BOTTOM,0.9198059806153345,False,False,False,True,False,0,evaluated,True,0,6638,-8622,2241,,,,,ready,82,4,
20260917,20260918,073,g1,DOWN-UP-DOWN,TOP,0.2583279931210948,False,False,False,False,False,0,evaluated,False,0,2500,-3022,-1956,,,,,ready,82,4,
20260917,20260918,074,g2,DOWN-UP-DOWN,BOTTOM,0.3533937887608952,False,False,False,False,False,0,evaluated,True,0,7328,-7644,4569,,,,,ready,82,4,
20260917,20260918,075,g3,DOWN-UP-DOWN,BOTTOM,0.3100305152747851,False,False,False,False,False,0,evaluated,False,0,6897,-6044,-2311,,,,,ready,82,4,
20260917,20260918,076,g4,DOWN-DOWN-DOWN,BOTTOM,0.7068086567685994,False,False,False,True,False,0,evaluated,False,0,0,-8622,-6756,,,,,ready,82,4,
20260917,20260918,077,g5,DOWN-DOWN-UP,LEFT,0.3950502695470046,False,False,False,False,False,0,evaluated,True,0,15172,-533,12414,,,,,ready,82,4,
20260918,20260919,018,,UP-DOWN-DOWN,LEFT,0.35860300372006004,False,False,False,False,False,0,evaluated,False,0,1552,-12089,-12089,,,,,ready,12,4,
20260918,20260919,019,,UP-DOWN-UP,RIGHT,0.2848149717948606,False,True,True,False,False,2,evaluated,True,0,4483,-6044,1552,,,,,ready,12,4,
20260918,20260919,039,g3,DOWN-DOWN-DOWN,LEFT,0.2812605117989061,False,False,False,True,False,0,evaluated,False,0,1379,-17422,-17422,,,,,ready,83,4,
20260918,20260919,040,g4,DOWN-UP-DOWN,LEFT,0.30505137528353476,False,False,False,False,False,0,evaluated,True,0,7155,-8089,7069,,,,,ready,83,4,
20260918,20260919,041,g5,UP-DOWN-UP,TOP,0.3263546400046369,False,False,False,False,False,0,evaluated,True,0,11034,-5689,8621,,,,,ready,83,4,
20260918,20260919,042,g6,UP-UP-DOWN,RIGHT,0.3448113760637359,False,True,True,False,False,2,evaluated,False,0,0,-14756,-10133,,,,,ready,83,4,
20260918,20260919,043,g7,UP-DOWN-DOWN,LEFT,0.24739357258896344,False,False,False,False,False,0,evaluated,False,0,1379,-10667,-3911,,,,,ready,83,4,
20260918,20260919,044,g8,UP-UP-UP,RIGHT,0.24582416412785102,True,True,True,False,True,3,evaluated,False,0,0,-17422,-14222,,,,,ready,83,4,
20260918,20260919,045,g9,DOWN-DOWN-DOWN,LEFT,0.4153413628771655,False,False,False,True,False,0,evaluated,True,0,16379,0,9655,,,,,ready,83,4,
20260918,20260919,046,g1,DOWN-DOWN-UP,LEFT,0.2624397929950745,False,False,False,False,False,0,evaluated,False,0,16207,-5867,-5867,,,,,ready,83,4,
20260918,20260919,047,g2,UP-UP-UP,RIGHT,0.30337537642764,True,True,True,False,True,3,evaluated,False,0,2069,-9156,-2489,,,,,ready,83,4,
20260918,20260919,048,g3,DOWN-UP-UP,RIGHT,0.3421333387360944,False,True,True,False,False,2,evaluated,True,0,10345,-1778,8276,,,,,ready,83,4,
20260918,20260919,049,g4,DOWN-DOWN-UP,LEFT,0.33190856221747767,False,False,False,False,False,0,evaluated,True,0,11207,-5511,8793,,,,,ready,83,4,
20260918,20260919,050,g5,UP-DOWN-DOWN,LEFT,0.3957932917491658,False,False,False,False,False,0,evaluated,True,0,33077,-3117,32821,,,,,ready,83,4,
20260918,20260919,051,g6,UP-UP-DOWN,RIGHT,0.42145471656363853,False,True,True,False,False,2,evaluated,False,0,0,-20681,-20681,,,,,ready,83,4,
20260918,20260919,052,g7,DOWN-UP-DOWN,BOTTOM,0.45371742727363906,False,False,False,False,False,0,evaluated,True,0,23306,-4085,2727,,,,,ready,83,4,
20260918,20260919,053,g8,UP-DOWN-UP,TOP,0.27656452979939483,False,False,False,False,False,0,evaluated,True,0,8103,-3378,776,,,,,ready,83,4,
20260918,20260919,054,g9,DOWN-UP-DOWN,LEFT,0.443183556695124,False,False,False,False,False,0,evaluated,False,0,12231,-15660,-15660,,,,,ready,83,4,
20260918,20260919,055,g1,DOWN-DOWN-UP,LEFT,0.3092196913721912,False,False,False,False,False,0,evaluated,False,0,5172,-3378,-2222,,,,,ready,83,4,
20260918,20260919,056,g2,DOWN-UP-UP,TOP,0.30747089065312705,False,False,False,False,False,0,evaluated,False,0,3879,-7644,-4978,,,,,ready,83,4,
20260918,20260919,057,g3,DOWN-UP-DOWN,TOP,0.29556226488151705,False,False,False,False,False,0,evaluated,False,0,6810,-3733,-2311,,,,,ready,83,4,
20260918,20260919,058,g4,DOWN-UP-DOWN,BOTTOM,0.3374289530482758,False,False,False,False,False,0,evaluated,True,0,22314,-1532,14628,,,,,ready,83,4,
20260918,20260919,059,g5,UP-DOWN-UP,TOP,0.2904136840710817,False,False,False,False,False,0,evaluated,False,0,7931,-14222,-11911,,,,,ready,83,4,
20260918,20260919,060,g6,DOWN-DOWN-DOWN,BOTTOM,0.35644719410647896,False,False,False,True,False,0,evaluated,False,0,3017,-8800,-1067,,,,,ready,83,4,
20260918,20260919,061,g7,UP-DOWN-UP,TOP,0.26983998451496727,False,False,False,False,False,0,evaluated,True,0,20331,-2298,16860,,,,,ready,83,4,
20260918,20260919,062,g8,UP-DOWN-UP,RIGHT,0.24531019335719872,False,True,True,False,False,2,evaluated,True,0,23554,-2298,19339,,,,,ready,83,4,
20260918,20260919,063,g9,DOWN-DOWN-DOWN,BOTTOM,0.39347937570531244,False,False,False,True,False,0,evaluated,False,0,0,-13689,-6933,,,,,ready,83,4,
20260918,20260919,064,g1,UP-DOWN-UP,TOP,0.30714514552948036,False,False,False,False,False,0,evaluated,True,0,10517,-5511,7414,,,,,ready,83,4,
20260918,20260919,065,g2,DOWN-DOWN-DOWN,BOTTOM,0.6865679069178637,False,False,False,True,False,0,evaluated,False,0,10862,-6222,-4622,,,,,ready,83,4,
20260918,20260919,066,g3,DOWN-UP-UP,RIGHT,0.44142054149832954,False,True,True,False,False,2,evaluated,False,0,1379,-8800,-7289,,,,,ready,83,4,
20260918,20260919,067,g4,DOWN-DOWN-DOWN,BOTTOM,0.6596663604121815,False,False,False,True,False,0,evaluated,True,0,18966,-5511,10862,,,,,ready,83,4,
20260918,20260919,068,g5,UP-DOWN-DOWN,LEFT,0.24161601357270335,False,False,False,False,False,0,evaluated,True,0,14828,-3022,9655,,,,,ready,83,4,
20260918,20260919,069,g6,DOWN-DOWN-UP,LEFT,0.4363101559238285,False,False,False,False,False,0,evaluated,False,0,1207,-14578,-12622,,,,,ready,83,4,
20260918,20260919,070,g7,DOWN-DOWN-DOWN,BOTTOM,0.6996476707297488,False,False,False,True,False,0,evaluated,True,0,26777,-1021,26529,,,,,ready,83,4,
20260918,20260919,071,g8,UP-UP-UP,RIGHT,0.5590225182822087,True,True,False,False,False,2,evaluated,False,0,0,-13511,-3733,,,,,ready,83,4,
20260918,20260919,072,g9,UP-UP-UP,RIGHT,0.6706551750605574,True,True,False,False,False,2,evaluated,False,0,0,-27574,-19149,,,,,ready,83,4,
20260918,20260919,073,g1,UP-UP-DOWN,RIGHT,0.36634820919160804,False,True,True,False,False,2,evaluated,False,0,4310,-9956,-444,,,,,ready,83,4,
20260918,20260919,074,g2,UP-DOWN-UP,TOP,0.2950355744887212,False,False,False,False,False,0,evaluated,False,0,9397,-3111,-89,,,,,ready,83,4,
20260918,20260919,075,g3,DOWN-UP-UP,BOTTOM,0.2771585108238974,False,False,False,False,False,0,evaluated,False,0,4310,-15289,-15289,,,,,ready,83,4,
20260918,20260919,076,g4,DOWN-UP-UP,BOTTOM,0.9884088381670187,False,False,False,False,False,0,evaluated,False,0,0,-17600,-17600,,,,,ready,83,4,
20260918,20260919,077,g5,UP-DOWN-DOWN,TOP,0.29090932427095595,False,False,False,False,False,0,evaluated,False,0,0,-14222,-7822,,,,,ready,83,4,
20260919,20260920,018,,DOWN-DOWN-DOWN,BOTTOM,0.5418894407359767,False,False,False,True,False,0,evaluated,False,0,0,-14933,-9956,,,,,ready,13,4,
20260919,20260920,019,,UP-UP-DOWN,RIGHT,0.26612351514762456,False,True,True,False,False,2,evaluated,True,0,9052,-3911,8448,,,,,ready,13,4,
20260919,20260920,039,g3,UP-DOWN-DOWN,TOP,0.3154756215692879,False,False,False,False,False,0,evaluated,False,0,1379,-8622,-8622,,,,,ready,84,4,
20260919,20260920,040,g4,DOWN-UP-DOWN,BOTTOM,0.4323998572077171,False,False,False,False,False,0,evaluated,False,0,3707,-2578,-2578,,,,,ready,84,4,
20260919,20260920,041,g5,DOWN-DOWN-DOWN,LEFT,0.5345454800434888,False,False,False,True,False,0,evaluated,False,0,0,-7822,-6933,,,,,ready,84,4,
20260919,20260920,042,g6,UP-UP-DOWN,TOP,0.29466213886018167,False,False,False,False,False,0,evaluated,True,0,13793,-6044,13793,,,,,ready,84,4,
20260919,20260920,043,g7,UP-DOWN-DOWN,LEFT,0.37331702057415095,False,False,False,False,False,0,evaluated,False,0,0,-13689,-13689,,,,,ready,84,4,
20260919,20260920,044,g8,UP-UP-DOWN,TOP,0.25819906152576755,False,False,False,False,False,0,evaluated,False,0,3276,-9422,-6311,,,,,ready,84,4,
20260919,20260920,045,g9,DOWN-UP-UP,TOP,0.31589525695338005,False,False,False,False,False,0,evaluated,False,0,0,-10844,-5689,,,,,ready,84,4,
20260919,20260920,046,g1,DOWN-DOWN-DOWN,RIGHT,0.2520357177276996,False,True,True,True,False,2,evaluated,False,0,0,-10844,-6578,,,,,ready,84,4,
20260919,20260920,047,g2,UP-DOWN-UP,TOP,0.29175840836878075,False,False,False,False,False,0,evaluated,True,0,22066,-3064,18595,,,,,ready,84,4,
20260919,20260920,048,g3,DOWN-UP-UP,RIGHT,0.40649042980491457,False,True,True,False,False,2,evaluated,True,0,16034,0,12586,,,,,ready,84,4,
20260919,20260920,049,g4,UP-UP-UP,TOP,0.2601363953640382,True,False,False,False,False,1,evaluated,True,0,2241,-10489,172,,,,,ready,84,4,
20260919,20260920,050,g5,UP-UP-UP,TOP,0.29003412216369673,True,False,False,False,False,1,evaluated,False,0,345,-7556,-6578,,,,,ready,84,4,
20260919,20260920,051,g6,UP-UP-DOWN,TOP,0.2540112668685628,False,False,False,False,False,0,evaluated,False,0,0,-16178,-13511,,,,,ready,84,4,
20260919,20260920,052,g7,UP-UP-DOWN,RIGHT,0.2944128444178088,False,True,True,False,False,2,evaluated,True,0,12414,-2844,7069,,,,,ready,84,4,
20260919,20260920,053,g8,DOWN-DOWN-DOWN,LEFT,0.5035237543499196,False,False,False,True,False,0,evaluated,False,0,2414,-7467,-7467,,,,,ready,84,4,
20260919,20260920,054,g9,UP-UP-DOWN,RIGHT,0.39955094750499087,False,True,True,False,False,2,evaluated,True,0,3276,-4622,3103,,,,,ready,84,4,
20260919,20260920,055,g1,UP-DOWN-DOWN,RIGHT,0.3081912664378641,False,True,True,False,False,2,evaluated,False,0,9483,-978,-356,,,,,ready,84,4,
20260919,20260920,056,g2,UP-DOWN-DOWN,LEFT,0.277345588067468,False,False,False,False,False,0,evaluated,False,0,0,-16178,-16178,,,,,ready,84,4,
20260919,20260920,057,g3,DOWN-DOWN-UP,LEFT,0.4018060925908109,False,False,False,False,False,0,evaluated,False,0,0,-7467,-1067,,,,,ready,84,4,
20260919,20260920,058,g4,UP-DOWN-DOWN,TOP,0.28983941511224065,False,False,False,False,False,0,evaluated,False,0,0,-12800,-12800,,,,,ready,84,4,
20260919,20260920,059,g5,DOWN-DOWN-UP,TOP,0.27348165009540404,False,False,False,False,False,0,evaluated,False,0,8966,-2489,-1600,,,,,ready,84,4,
20260919,20260920,060,g6,DOWN-UP-DOWN,LEFT,0.29076164003861105,False,False,False,False,False,0,evaluated,True,0,22810,-255,21074,,,,,ready,84,4,
20260919,20260920,061,g7,DOWN-DOWN-UP,RIGHT,0.31832816341668335,False,True,True,False,False,2,evaluated,False,0,172,-8978,-8978,,,,,ready,84,4,
20260919,20260920,062,g8,UP-UP-DOWN,RIGHT,0.2449755100257961,False,True,True,False,False,2,evaluated,True,0,9052,-7822,4828,,,,,ready,84,4,
20260919,20260920,063,g9,UP-UP-DOWN,TOP,0.2814069589160888,False,False,False,False,False,0,evaluated,True,0,22562,-1021,18347,,,,,ready,84,4,
20260919,20260920,064,g1,DOWN-UP-DOWN,LEFT,0.3071744907464802,False,False,False,False,False,0,evaluated,False,0,0,-11378,-6400,,,,,ready,84,4,
20260919,20260920,065,g2,UP-DOWN-DOWN,RIGHT,0.3235095762677812,False,True,True,False,False,2,evaluated,True,0,10000,-9067,7931,,,,,ready,84,4,
20260919,20260920,066,g3,UP-UP-UP,TOP,0.28944834356834737,True,False,False,False,False,1,evaluated,False,0,0,-9422,-3022,,,,,ready,84,4,
20260919,20260920,067,g4,UP-UP-DOWN,TOP,0.28447542970512085,False,False,False,False,False,0,evaluated,False,0,4138,-6756,-4267,,,,,ready,84,4,
20260919,20260920,068,g5,DOWN-DOWN-UP,RIGHT,0.24790810240034555,False,True,True,False,False,2,evaluated,True,0,5086,-8622,2414,,,,,ready,84,4,
20260919,20260920,069,g6,UP-UP-DOWN,RIGHT,0.5692028856733431,False,True,False,False,False,1,evaluated,True,0,1810,-6844,948,,,,,ready,84,4,
20260919,20260920,070,g7,UP-UP-UP,TOP,0.7118771586192103,True,False,False,False,False,1,evaluated,True,0,21322,0,19587,,,,,ready,84,4,
20260919,20260920,071,g8,DOWN-DOWN-UP,LEFT,0.24553297223192838,False,False,False,False,False,0,evaluated,True,0,7241,-5689,5776,,,,,ready,84,4,
20260919,20260920,072,g9,UP-DOWN-UP,BOTTOM,0.5898364335054904,False,False,False,False,False,0,evaluated,False,0,0,-21191,-21191,,,,,ready,84,4,
20260919,20260920,073,g1,UP-UP-DOWN,RIGHT,0.41850914097873604,False,True,True,False,False,2,evaluated,True,0,17759,0,12069,,,,,ready,84,4,
20260919,20260920,074,g2,DOWN-DOWN-UP,TOP,0.2800341932479744,False,False,False,False,False,0,evaluated,False,0,0,-12267,-12267,,,,,ready,84,4,
20260919,20260920,075,g3,UP-DOWN-DOWN,RIGHT,0.3092708299916622,False,True,True,False,False,2,evaluated,False,0,0,-11733,-11733,,,,,ready,84,4,
20260919,20260920,076,g4,UP-UP-UP,RIGHT,0.39491763859825446,True,True,True,False,True,3,evaluated,True,0,2500,-9867,2414,,,,,ready,84,4,
20260919,20260920,077,g5,DOWN-UP-DOWN,BOTTOM,0.5415067502305754,False,False,False,False,False,0,evaluated,False,0,0,-17067,-11733,,,,,ready,84,4,
20260920,20260921,018,,DOWN-UP-UP,RIGHT,0.40942755645467976,False,True,True,False,False,2,evaluated,False,0,4569,-7378,-7378,,,,,ready,14,4,
20260920,20260921,019,,DOWN-UP-UP,RIGHT,0.24913721312552728,False,True,True,False,False,2,evaluated,True,0,22314,-1277,18347,,,,,ready,14,4,
20260920,20260921,039,g3,UP-UP-DOWN,TOP,0.2580885882288858,False,False,False,False,False,0,evaluated,True,0,10000,-3733,7759,,,,,ready,85,4,
20260920,20260921,040,g4,UP-UP-DOWN,RIGHT,0.3405615849627892,False,True,True,False,False,2,evaluated,False,0,11154,-20260,-20260,,,,,ready,85,4,
20260920,20260921,041,g5,DOWN-UP-DOWN,RIGHT,0.2918148799125556,False,True,True,False,False,2,evaluated,True,0,11570,-13617,11570,,,,,ready,85,4,
20260920,20260921,042,g6,DOWN-UP-UP,TOP,0.2519522874017399,False,False,False,False,False,0,evaluated,True,0,7328,-5244,1897,,,,,ready,85,4,
20260920,20260921,043,g7,DOWN-UP-DOWN,BOTTOM,0.4270161916114805,False,False,False,False,False,0,evaluated,False,0,3966,-16356,-13156,,,,,ready,85,4,
20260920,20260921,044,g8,UP-DOWN-UP,TOP,0.2864922509299199,False,False,False,False,False,0,evaluated,False,0,0,-16533,-11022,,,,,ready,85,4,
20260920,20260921,045,g9,DOWN-DOWN-DOWN,LEFT,0.7949657706567722,False,False,False,True,False,0,evaluated,False,0,1034,-19378,-19378,,,,,ready,85,4,
20260920,20260921,046,g1,UP-UP-DOWN,LEFT,0.24716963693452965,False,False,False,False,False,0,evaluated,False,0,5345,-8178,-8178,,,,,ready,85,4,
20260920,20260921,047,g2,UP-UP-DOWN,TOP,0.3132675680675535,False,False,False,False,False,0,evaluated,False,0,4655,-5511,-2756,,,,,ready,85,4,
20260920,20260921,048,g3,UP-UP-UP,TOP,0.28751336114217796,True,False,False,False,False,1,evaluated,False,0,2414,-14400,-12622,,,,,ready,85,4,
20260920,20260921,049,g4,DOWN-DOWN-UP,LEFT,0.263829807794258,False,False,False,False,False,0,evaluated,False,0,5259,-8889,-3467,,,,,ready,85,4,
20260920,20260921,050,g5,UP-DOWN-DOWN,LEFT,0.4004538647619701,False,False,False,False,False,0,evaluated,True,0,20083,-4596,13636,,,,,ready,85,4,
20260920,20260921,051,g6,UP-DOWN-DOWN,BOTTOM,0.40754864424199966,False,False,False,False,False,0,evaluated,False,0,0,-24766,-19149,,,,,ready,85,4,
20260920,20260921,052,g7,UP-DOWN-UP,LEFT,0.34108549130458077,False,False,False,False,False,0,evaluated,False,0,0,-18489,-15111,,,,,ready,85,4,
20260920,20260921,053,g8,DOWN-UP-DOWN,RIGHT,0.5227300113477529,False,True,False,False,False,1,evaluated,True,0,10172,-1778,9138,,,,,ready,85,4,
20260920,20260921,054,g9,DOWN-UP-UP,TOP,0.26526396618314607,False,False,False,False,False,0,evaluated,False,0,1897,-11556,-11556,,,,,ready,85,4,
20260920,20260921,055,g1,DOWN-UP-UP,TOP,0.3531977063200745,False,False,False,False,False,0,evaluated,False,0,0,-14578,-14578,,,,,ready,85,4,
20260920,20260921,056,g2,DOWN-UP-DOWN,BOTTOM,0.31125980570729805,False,False,False,False,False,0,evaluated,True,0,6810,-7378,4655,,,,,ready,85,4,
20260920,20260921,057,g3,DOWN-UP-DOWN,RIGHT,0.42553869298329583,False,True,True,False,False,2,evaluated,False,0,2931,-19022,-18844,,,,,ready,85,4,
20260920,20260921,058,g4,DOWN-DOWN-UP,LEFT,0.24374131204333915,False,False,False,False,False,0,evaluated,False,0,5172,-11378,-7822,,,,,ready,85,4,
20260920,20260921,059,g5,DOWN-DOWN-DOWN,LEFT,0.45371928891129254,False,False,False,True,False,0,evaluated,True,0,19483,0,19310,,,,,ready,85,4,
20260920,20260921,060,g6,UP-UP-UP,TOP,0.26759227035872435,True,False,False,False,False,1,evaluated,False,0,1552,-13156,-13156,,,,,ready,85,4,
20260920,20260921,061,g7,UP-UP-DOWN,TOP,0.27706139840327293,False,False,False,False,False,0,evaluated,False,0,0,-15289,-7822,,,,,ready,85,4,
20260920,20260921,062,g8,DOWN-UP-UP,RIGHT,0.3505940537607619,False,True,True,False,False,2,evaluated,True,0,17759,-1422,16379,,,,,ready,85,4,
20260920,20260921,063,g9,DOWN-UP-DOWN,TOP,0.29574047523889657,False,False,False,False,False,0,evaluated,False,0,345,-11733,-11733,,,,,ready,85,4,
20260920,20260921,064,g1,DOWN-DOWN-UP,BOTTOM,0.6650931562270546,False,False,False,False,False,0,evaluated,True,0,9052,-4978,5172,,,,,ready,85,4,
20260920,20260921,065,g2,DOWN-UP-UP,RIGHT,0.29772592570436984,False,True,True,False,False,2,evaluated,False,0,345,-6667,-6667,,,,,ready,85,4,
20260920,20260921,066,g3,DOWN-UP-DOWN,LEFT,0.32311884548062597,False,False,False,False,False,0,evaluated,True,0,18448,-5867,15862,,,,,ready,85,4,
20260920,20260921,067,g4,DOWN-DOWN-DOWN,BOTTOM,0.5665275803633751,False,False,False,True,False,0,evaluated,True,0,25289,0,21322,,,,,ready,85,4,
20260920,20260921,068,g5,DOWN-UP-UP,TOP,0.3026722499986325,False,False,False,False,False,0,evaluated,True,0,14828,-889,4483,,,,,ready,85,4,
20260920,20260921,069,g6,DOWN-UP-UP,TOP,0.30909537461233083,False,False,False,False,False,0,evaluated,True,0,21570,-1021,17603,,,,,ready,85,4,
20260920,20260921,070,g7,UP-DOWN-UP,TOP,0.3044210699116735,False,False,False,False,False,0,evaluated,False,0,0,-14756,-10311,,,,,ready,85,4,
20260920,20260921,071,g8,UP-DOWN-UP,RIGHT,0.5361921248707278,False,True,False,False,False,1,evaluated,True,0,19138,-3733,15172,,,,,ready,85,4,
20260920,20260921,072,g9,UP-DOWN-DOWN,BOTTOM,0.6212965961932594,False,False,False,False,False,0,evaluated,False,0,0,-14044,-14044,,,,,ready,85,4,
20260920,20260921,073,g1,UP-UP-UP,RIGHT,0.43168494272313684,True,True,True,False,True,3,evaluated,False,0,0,-12800,-2489,,,,,ready,85,4,
20260920,20260921,074,g2,DOWN-DOWN-DOWN,LEFT,0.4580746193381996,False,False,False,True,False,0,evaluated,False,0,0,-11200,-11200,,,,,ready,85,4,
20260920,20260921,075,g3,DOWN-UP-UP,BOTTOM,0.45013430791775355,False,False,False,False,False,0,evaluated,True,0,22314,0,15620,,,,,ready,85,4,
20260920,20260921,076,g4,DOWN-UP-UP,TOP,0.2559316313305584,False,False,False,False,False,0,evaluated,False,0,0,-9511,-6400,,,,,ready,85,4,
20260920,20260921,077,g5,UP-UP-UP,TOP,0.43421806084544423,True,False,False,False,False,1,evaluated,True,0,38718,-2078,37692,,,,,ready,85,4,
20260921,20260922,018,,UP-UP-UP,TOP,0.2761688130786455,True,False,False,False,False,1,evaluated,False,0,2069,-11733,-10311,,,,,ready,15,4,
20260921,20260922,019,,UP-UP-DOWN,TOP,0.2766405085758177,False,False,False,False,False,0,evaluated,True,0,11724,-4622,11034,,,,,ready,15,4,
20260921,20260922,039,g3,DOWN-UP-DOWN,TOP,0.2796665053017209,False,False,False,False,False,0,evaluated,True,0,14138,-6400,13793,,,,,ready,86,4,
20260921,20260922,040,g4,UP-DOWN-UP,LEFT,0.2818362335671385,False,False,False,False,False,0,evaluated,False,0,0,-14756,-14756,,,,,ready,86,4,
20260921,20260922,041,g5,UP-UP-DOWN,LEFT,0.3068376848354384,False,False,False,False,False,0,evaluated,False,0,0,-7733,-5956,,,,,ready,86,4,
20260921,20260922,042,g6,DOWN-UP-UP,RIGHT,0.25090158580400856,False,True,True,False,False,2,evaluated,True,0,24793,-1532,24545,,,,,ready,86,4,
20260921,20260922,043,g7,UP-DOWN-UP,TOP,0.2560116915802324,False,False,False,False,False,0,evaluated,True,0,23306,-5362,22562,,,,,ready,86,4,
20260921,20260922,044,g8,DOWN-DOWN-UP,TOP,0.29372768778433367,False,False,False,False,False,0,evaluated,False,0,7759,-14044,-6400,,,,,ready,86,4,
20260921,20260922,045,g9,DOWN-DOWN-DOWN,BOTTOM,0.7197960950133815,False,False,False,True,False,0,evaluated,False,0,5172,-10133,-889,,,,,ready,86,4,
20260921,20260922,046,g1,DOWN-UP-DOWN,RIGHT,0.35803933296782053,False,True,True,False,False,2,evaluated,False,0,0,-7733,-5867,,,,,ready,86,4,
20260921,20260922,047,g2,DOWN-UP-DOWN,LEFT,0.41006124928641785,False,False,False,False,False,0,evaluated,True,0,9138,-17956,8621,,,,,ready,86,4,
20260921,20260922,048,g3,DOWN-UP-DOWN,TOP,0.2529764736203126,False,False,False,False,False,0,evaluated,True,0,21074,-2298,19835,,,,,ready,86,4,
20260921,20260922,049,g4,DOWN-DOWN-DOWN,LEFT,0.3457953745502641,False,False,False,True,False,0,evaluated,True,0,10690,-8711,8621,,,,,ready,86,4,
20260921,20260922,050,g5,UP-UP-UP,RIGHT,0.6987491401059669,True,True,False,False,False,2,evaluated,False,0,0,-19378,-12089,,,,,ready,86,4,
20260921,20260922,051,g6,UP-UP-DOWN,RIGHT,0.5879193594511216,False,True,False,False,False,1,evaluated,False,0,0,-19022,-9244,,,,,ready,86,4,
20260921,20260922,052,g7,DOWN-DOWN-UP,BOTTOM,0.6025838173747224,False,False,False,False,False,0,evaluated,False,0,0,-15467,-14044,,,,,ready,86,4,
20260921,20260922,053,g8,UP-UP-UP,TOP,0.305119129900417,True,False,False,False,False,1,evaluated,True,0,19138,-4622,19138,,,,,ready,86,4,
20260921,20260922,054,g9,DOWN-UP-DOWN,BOTTOM,0.39373365729107046,False,False,False,False,False,0,evaluated,False,0,3448,-7022,-5867,,,,,ready,86,4,
20260921,20260922,055,g1,DOWN-UP-DOWN,TOP,0.2555668853170622,False,False,False,False,False,0,evaluated,True,0,19483,-178,11379,,,,,ready,86,4,
20260921,20260922,056,g2,UP-DOWN-UP,TOP,0.2964390851295917,False,False,False,False,False,0,evaluated,False,0,0,-20089,-19200,,,,,ready,86,4,
20260921,20260922,057,g3,DOWN-UP-DOWN,TOP,0.2917830238115803,False,False,False,False,False,0,evaluated,False,0,3707,-6578,-444,,,,,ready,86,4,
20260921,20260922,058,g4,DOWN-DOWN-UP,LEFT,0.27060954903069023,False,False,False,False,False,0,evaluated,False,0,2241,-18489,-18489,,,,,ready,86,4,
20260921,20260922,059,g5,UP-UP-UP,TOP,0.5310649396274074,True,False,False,False,False,1,evaluated,False,0,172,-12444,-11200,,,,,ready,86,4,
20260921,20260922,060,g6,UP-DOWN-DOWN,RIGHT,0.26411782203181233,False,True,True,False,False,2,evaluated,False,0,0,-19022,-19022,,,,,ready,86,4,
20260921,20260922,061,g7,UP-DOWN-UP,TOP,0.24091369274503027,False,False,False,False,False,0,evaluated,True,0,17586,-1244,15862,,,,,ready,86,4,
20260921,20260922,062,g8,UP-UP-UP,TOP,0.2474179744663838,True,False,False,False,False,1,evaluated,False,0,2759,-6489,-6489,,,,,ready,86,4,
20260921,20260922,063,g9,UP-DOWN-DOWN,TOP,0.29046724710873206,False,False,False,False,False,0,evaluated,False,0,1724,-8533,-3289,,,,,ready,86,4,
20260921,20260922,064,g1,UP-UP-UP,TOP,0.26832040502400434,True,False,False,False,False,1,evaluated,False,0,0,-14222,-14222,,,,,ready,86,4,
20260921,20260922,065,g2,UP-DOWN-UP,TOP,0.2536248462244435,False,False,False,False,False,0,evaluated,True,0,31538,-8052,30513,,,,,ready,86,4,
20260921,20260922,066,g3,UP-DOWN-DOWN,RIGHT,0.4897974031447312,False,True,True,False,False,2,evaluated,False,0,6034,-11022,-1067,,,,,ready,86,4,
20260921,20260922,067,g4,UP-UP-UP,TOP,0.3178908337954135,True,False,False,False,False,1,evaluated,True,0,29504,-1277,28264,,,,,ready,86,4,
20260921,20260922,068,g5,UP-DOWN-DOWN,TOP,0.2671283205151338,False,False,False,False,False,0,evaluated,False,0,0,-15644,-3556,,,,,ready,86,4,
20260921,20260922,069,g6,DOWN-UP-UP,RIGHT,0.42931884445764135,False,True,True,False,False,2,evaluated,False,0,4310,-10311,-10311,,,,,ready,86,4,
20260921,20260922,070,g7,DOWN-UP-DOWN,TOP,0.2892346502826534,False,False,False,False,False,0,evaluated,False,0,5172,-2400,-800,,,,,ready,86,4,
20260921,20260922,071,g8,UP-UP-DOWN,TOP,0.27590577843950015,False,False,False,False,False,0,evaluated,True,0,17586,-4978,14483,,,,,ready,86,4,
20260921,20260922,072,g9,UP-DOWN-DOWN,BOTTOM,0.5760249072293367,False,False,False,False,False,0,evaluated,False,0,0,-7733,-5511,,,,,ready,86,4,
20260921,20260922,073,g1,UP-UP-DOWN,TOP,0.2647654751276899,False,False,False,False,False,0,evaluated,True,0,7672,-2933,7672,,,,,ready,86,4,
20260921,20260922,074,g2,UP-DOWN-DOWN,BOTTOM,0.6115579902969337,False,False,False,False,False,0,evaluated,True,0,1724,-13867,345,,,,,ready,86,4,
20260921,20260922,075,g3,UP-UP-UP,RIGHT,0.289556123098789,True,True,True,False,True,3,evaluated,False,0,5000,-444,0,,,,,ready,86,4,
20260921,20260922,076,g4,DOWN-UP-DOWN,TOP,0.28785996871212527,False,False,False,False,False,0,evaluated,True,0,24545,-1277,23554,,,,,ready,86,4,
20260921,20260922,077,g5,UP-UP-UP,TOP,0.5476195366750045,True,False,False,False,False,1,evaluated,False,0,0,-15289,-14400,,,,,ready,86,4,
20260922,20260923,018,,UP-DOWN-DOWN,BOTTOM,0.2753932447867333,False,False,False,False,False,0,evaluated,True,0,20331,0,19835,,,,,ready,16,4,
20260922,20260923,019,,UP-DOWN-UP,TOP,0.2812104748870127,False,False,False,False,False,0,evaluated,False,0,0,-12622,-11378,,,,,ready,16,4,
20260922,20260923,039,g3,DOWN-DOWN-DOWN,LEFT,0.3479673891682765,False,False,False,True,False,0,evaluated,True,0,17069,-6400,16207,,,,,ready,87,4,
20260922,20260923,040,g4,DOWN-UP-UP,BOTTOM,0.6677340108145648,False,False,False,False,False,0,evaluated,False,0,1897,-12089,-12089,,,,,ready,87,4,
20260922,20260923,041,g5,DOWN-UP-UP,RIGHT,0.2927890065043639,False,True,True,False,False,2,evaluated,False,0,1379,-6667,-4889,,,,,ready,87,4,
20260922,20260923,042,g6,UP-DOWN-UP,RIGHT,0.28749165323509185,False,True,True,False,False,2,evaluated,True,0,21322,-5106,21322,,,,,ready,87,4,
20260922,20260923,043,g7,UP-UP-DOWN,TOP,0.29869737217152637,False,False,False,False,False,0,evaluated,False,0,1724,-5956,-5956,,,,,ready,87,4,
20260922,20260923,044,g8,DOWN-DOWN-UP,LEFT,0.27168683472355404,False,False,False,False,False,0,evaluated,False,0,0,-16356,-4089,,,,,ready,87,4,
20260922,20260923,045,g9,UP-DOWN-UP,RIGHT,0.3204328055350758,False,True,True,False,False,2,evaluated,True,0,9655,0,2069,,,,,ready,87,4,
20260922,20260923,046,g1,UP-UP-UP,TOP,0.28778529695341437,True,False,False,False,False,1,evaluated,True,0,3707,-6933,2241,,,,,ready,87,4,
20260922,20260923,047,g2,DOWN-UP-DOWN,LEFT,0.3379975932278708,False,False,False,False,False,0,evaluated,False,0,13276,-356,-356,,,,,ready,87,4,
20260922,20260923,048,g3,UP-DOWN-UP,TOP,0.30739967490853315,False,False,False,False,False,0,evaluated,True,0,2414,-7467,776,,,,,ready,87,4,
20260922,20260923,049,g4,UP-UP-UP,TOP,0.5769171452838912,True,False,False,False,False,1,evaluated,False,0,0,-10133,-4267,,,,,ready,87,4,
20260922,20260923,050,g5,UP-UP-DOWN,LEFT,0.2946399939132949,False,False,False,False,False,0,evaluated,False,0,0,-11911,-11911,,,,,ready,87,4,
20260922,20260923,051,g6,UP-UP-UP,RIGHT,0.5147685868186318,True,True,False,False,False,2,evaluated,True,0,5603,-3111,3017,,,,,ready,87,4,
20260922,20260923,052,g7,UP-UP-DOWN,RIGHT,0.32920524134871987,False,True,True,False,False,2,evaluated,False,0,0,-28085,-26553,,,,,ready,87,4,
20260922,20260923,053,g8,UP-DOWN-DOWN,TOP,0.2644040353602132,False,False,False,False,False,0,evaluated,False,0,3707,-6222,-3378,,,,,ready,87,4,
20260922,20260923,054,g9,UP-UP-DOWN,RIGHT,0.32453977837774484,False,True,True,False,False,2,evaluated,True,0,11034,-1956,4828,,,,,ready,87,4,
20260922,20260923,055,g1,UP-DOWN-UP,TOP,0.2833222423251487,False,False,False,False,False,0,evaluated,False,0,0,-23234,-21191,,,,,ready,87,4,
20260922,20260923,056,g2,DOWN-UP-DOWN,LEFT,0.27169581109065644,False,False,False,False,False,0,evaluated,True,0,5948,-6311,5000,,,,,ready,87,4,
20260922,20260923,057,g3,DOWN-DOWN-UP,TOP,0.2850947389680816,False,False,False,False,False,0,evaluated,False,0,14310,-2844,-178,,,,,ready,87,4,
20260922,20260923,058,g4,DOWN-DOWN-DOWN,BOTTOM,0.6371334149895587,False,False,False,True,False,0,evaluated,True,0,25041,-766,22066,,,,,ready,87,4,
20260922,20260923,059,g5,DOWN-DOWN-UP,TOP,0.33977301694760886,False,False,False,False,False,0,evaluated,False,0,1034,-10311,-10311,,,,,ready,87,4,
20260922,20260923,060,g6,UP-DOWN-DOWN,TOP,0.29114748490479303,False,False,False,False,False,0,evaluated,True,0,9828,-3289,7845,,,,,ready,87,4,
20260922,20260923,061,g7,DOWN-UP-UP,TOP,0.3399617706257445,False,False,False,False,False,0,evaluated,False,0,0,-5778,-4178,,,,,ready,87,4,
20260922,20260923,062,g8,UP-DOWN-UP,TOP,0.29943841035833607,False,False,False,False,False,0,evaluated,True,0,13276,-8178,11552,,,,,ready,87,4,
20260922,20260923,063,g9,DOWN-UP-UP,TOP,0.35550841735305505,False,False,False,False,False,0,evaluated,False,0,1207,-19022,-19022,,,,,ready,87,4,
20260922,20260923,064,g1,DOWN-DOWN-DOWN,LEFT,0.5232232862162165,False,False,False,True,False,0,evaluated,True,0,7845,-7378,517,,,,,ready,87,4,
20260922,20260923,065,g2,DOWN-UP-UP,TOP,0.29230879148119226,False,False,False,False,False,0,evaluated,True,0,6466,-2311,431,,,,,ready,87,4,
20260922,20260923,066,g3,UP-UP-UP,TOP,0.2615328036521053,True,False,False,False,False,1,evaluated,False,0,5000,-5956,-1422,,,,,ready,87,4,
20260922,20260923,067,g4,UP-DOWN-DOWN,LEFT,0.39749531623436296,False,False,False,False,False,0,evaluated,False,0,0,-18311,-18311,,,,,ready,87,4,
20260922,20260923,068,g5,DOWN-UP-UP,RIGHT,0.265957876586025,False,True,True,False,False,2,evaluated,True,0,6293,-2578,86,,,,,ready,87,4,
20260922,20260923,069,g6,UP-DOWN-UP,TOP,0.3158634317917969,False,False,False,False,False,0,evaluated,False,0,0,-14578,-14578,,,,,ready,87,4,
20260922,20260923,070,g7,DOWN-DOWN-UP,BOTTOM,0.4420633017852641,False,False,False,False,False,0,evaluated,False,0,0,-17600,-16533,,,,,ready,87,4,
20260922,20260923,071,g8,UP-UP-DOWN,TOP,0.3165307813878697,False,False,False,False,False,0,evaluated,True,0,11379,-6933,10345,,,,,ready,87,4,
20260922,20260923,072,g9,UP-DOWN-UP,RIGHT,0.513107389312919,False,True,False,False,False,1,evaluated,False,0,0,-23489,-23489,,,,,ready,87,4,
20260922,20260923,073,g1,DOWN-UP-UP,TOP,0.28562633527617565,False,False,False,False,False,0,evaluated,True,0,43490,-3684,42708,,,,,ready,87,4,
20260922,20260923,074,g2,UP-DOWN-DOWN,RIGHT,0.43086011147747505,False,True,True,False,False,2,evaluated,True,0,8190,-1422,7414,,,,,ready,87,4,
20260922,20260923,075,g3,UP-UP-DOWN,TOP,0.3139200603208915,False,False,False,False,False,0,evaluated,False,0,0,-17600,-17422,,,,,ready,87,4,
20260922,20260923,076,g4,UP-UP-DOWN,TOP,0.3017880498347463,False,False,False,False,False,0,evaluated,False,0,0,-10667,-9956,,,,,ready,87,4,
20260922,20260923,077,g5,DOWN-DOWN-DOWN,BOTTOM,0.5656437045494573,False,False,False,True,False,0,evaluated,True,0,21818,-1277,21818,,,,,ready,87,4,
20260923,20260924,018,,UP-UP-UP,TOP,0.6773798633825594,True,False,False,False,False,1,evaluated,False,0,776,-89,-89,,,,,ready,17,4,
20260923,20260924,019,,DOWN-DOWN-DOWN,LEFT,0.4021815210204036,False,False,False,True,False,0,evaluated,True,0,8190,-444,7672,,,,,ready,17,4,
20260923,20260924,039,g3,UP-DOWN-DOWN,TOP,0.25476871813013546,False,False,False,False,False,0,evaluated,True,0,3276,-7467,1983,,,,,ready,88,4,
20260923,20260924,040,g4,UP-UP-UP,RIGHT,0.7581772112695868,True,True,False,False,False,2,evaluated,True,0,7241,-15467,7241,,,,,ready,88,4,
20260923,20260924,041,g5,UP-UP-DOWN,RIGHT,0.29115790017519994,False,True,True,False,False,2,evaluated,False,0,0,-12978,-12978,,,,,ready,88,4,
20260923,20260924,042,g6,UP-DOWN-DOWN,TOP,0.3019621681627035,False,False,False,False,False,0,evaluated,False,0,0,-13156,-13156,,,,,ready,88,4,
20260923,20260924,043,g7,DOWN-DOWN-DOWN,LEFT,0.4966312302531152,False,False,False,True,False,0,evaluated,False,0,0,-14222,-13511,,,,,ready,88,4,
20260923,20260924,044,g8,DOWN-UP-DOWN,BOTTOM,0.3872442111641754,False,False,False,False,False,0,evaluated,True,0,17414,-1244,17414,,,,,ready,88,4,
20260923,20260924,045,g9,UP-UP-DOWN,RIGHT,0.269772060949918,False,True,True,False,False,2,evaluated,False,0,0,-16533,-16533,,,,,ready,88,4,
20260923,20260924,046,g1,DOWN-DOWN-UP,BOTTOM,0.4171762212782092,False,False,False,False,False,0,evaluated,True,0,17241,0,10517,,,,,ready,88,4,
20260923,20260924,047,g2,DOWN-DOWN-UP,BOTTOM,0.30073358417196805,False,False,False,False,False,0,evaluated,False,0,0,-19556,-19556,,,,,ready,88,4,
20260923,20260924,048,g3,DOWN-UP-DOWN,TOP,0.27699793612882295,False,False,False,False,False,0,evaluated,True,0,10517,-5333,10000,,,,,ready,88,4,
20260923,20260924,049,g4,DOWN-UP-DOWN,LEFT,0.8458955967814816,False,False,False,False,False,0,evaluated,True,0,7500,-5867,5086,,,,,ready,88,4,
20260923,20260924,050,g5,UP-DOWN-DOWN,BOTTOM,0.6650585218606035,False,False,False,False,False,0,evaluated,False,0,0,-8711,-8711,,,,,ready,88,4,
20260923,20260924,051,g6,UP-UP-UP,TOP,0.2890161555939448,True,False,False,False,False,1,evaluated,False,0,0,-10667,-9244,,,,,ready,88,4,
20260923,20260924,052,g7,DOWN-DOWN-UP,RIGHT,0.24922146850637938,False,True,True,False,False,2,evaluated,False,0,0,-10667,-9067,,,,,ready,88,4,
20260923,20260924,053,g8,DOWN-UP-UP,TOP,0.31779717741041325,False,False,False,False,False,0,evaluated,False,0,0,-13689,-12267,,,,,ready,88,4,
20260923,20260924,054,g9,DOWN-UP-UP,TOP,0.2978667882126791,False,False,False,False,False,0,evaluated,False,0,0,-13867,-13867,,,,,ready,88,4,
20260923,20260924,055,g1,DOWN-DOWN-DOWN,BOTTOM,0.6111903316441929,False,False,False,True,False,0,evaluated,False,0,0,-4356,-4356,,,,,ready,88,4,
20260923,20260924,056,g2,UP-DOWN-UP,TOP,0.2725639355973628,False,False,False,False,False,0,evaluated,False,0,0,-18844,-11378,,,,,ready,88,4,
20260923,20260924,057,g3,UP-DOWN-DOWN,RIGHT,0.3009452563825127,False,True,True,False,False,2,evaluated,False,0,3621,-8089,-8089,,,,,ready,88,4,
20260923,20260924,058,g4,UP-DOWN-UP,TOP,0.26053094574662705,False,False,False,False,False,0,evaluated,False,0,0,-15467,-15289,,,,,ready,88,4,
20260923,20260924,059,g5,DOWN-UP-DOWN,BOTTOM,0.6166758243933342,False,False,False,False,False,0,evaluated,False,0,3966,-3378,-889,,,,,ready,88,4,
20260923,20260924,060,g6,DOWN-UP-UP,TOP,0.25028326632770515,False,False,False,False,False,0,evaluated,False,0,0,-18311,-7644,,,,,ready,88,4,
20260923,20260924,061,g7,UP-DOWN-DOWN,LEFT,0.29155705987322755,False,False,False,False,False,0,evaluated,False,0,0,-18844,-14756,,,,,ready,88,4,
20260923,20260924,062,g8,DOWN-UP-UP,TOP,0.26018431365157135,False,False,False,False,False,0,evaluated,True,0,9397,-4978,8966,,,,,ready,88,4,
20260923,20260924,063,g9,UP-DOWN-DOWN,TOP,0.2674184736922114,False,False,False,False,False,0,evaluated,False,0,1379,-11911,-11911,,,,,ready,88,4,
20260923,20260924,064,g1,UP-DOWN-UP,RIGHT,0.3764208671654361,False,True,True,False,False,2,evaluated,False,0,0,-9156,-6489,,,,,ready,88,4,
20260923,20260924,065,g2,DOWN-DOWN-DOWN,LEFT,0.2795123258788521,False,False,False,True,False,0,evaluated,False,0,0,-11378,-11378,,,,,ready,88,4,
20260923,20260924,066,g3,UP-DOWN-UP,TOP,0.3016444514243346,False,False,False,False,False,0,evaluated,True,0,14310,-4089,12931,,,,,ready,88,4,
20260923,20260924,067,g4,DOWN-DOWN-DOWN,BOTTOM,0.7815016890052737,False,False,False,True,False,0,evaluated,True,0,6379,-10489,5517,,,,,ready,88,4,
20260923,20260924,068,g5,DOWN-UP-DOWN,LEFT,0.2605036164607476,False,False,False,False,False,0,evaluated,False,0,2931,-11378,-2844,,,,,ready,88,4,
20260923,20260924,069,g6,DOWN-DOWN-UP,BOTTOM,0.6261437887082333,False,False,False,False,False,0,evaluated,True,0,10862,-4978,10690,,,,,ready,88,4,
20260923,20260924,070,g7,DOWN-DOWN-UP,BOTTOM,0.7413508197514909,False,False,False,False,False,0,evaluated,True,0,8448,-16533,7759,,,,,ready,88,4,
20260923,20260924,071,g8,DOWN-UP-DOWN,LEFT,0.36267953284753074,False,False,False,False,False,0,evaluated,False,0,0,-7200,-7200,,,,,ready,88,4,
20260923,20260924,072,g9,DOWN-UP-UP,RIGHT,0.46332316298731124,False,True,True,False,False,2,evaluated,True,0,4569,-7911,690,,,,,ready,88,4,
20260923,20260924,073,g1,UP-DOWN-UP,TOP,0.329341942941226,False,False,False,False,False,0,evaluated,False,0,0,-17778,-15111,,,,,ready,88,4,
20260923,20260924,074,g2,UP-UP-UP,TOP,0.2946752925834959,True,False,False,False,False,1,evaluated,False,0,6207,-13511,-9244,,,,,ready,88,4,
20260923,20260924,075,g3,DOWN-DOWN-UP,RIGHT,0.27736456031294277,False,True,True,False,False,2,evaluated,True,0,20826,-6894,20331,,,,,ready,88,4,
20260923,20260924,076,g4,UP-DOWN-DOWN,LEFT,0.42753656600538914,False,False,False,False,False,0,evaluated,False,0,2845,-8089,-8089,,,,,ready,88,4,
20260923,20260924,077,g5,UP-UP-UP,TOP,0.46769688702231793,True,False,False,False,False,1,evaluated,True,0,6034,-4889,2155,,,,,ready,88,4,
20260924,20260925,018,g9,DOWN-DOWN-DOWN,LEFT,0.656050911486051,False,False,False,True,False,0,evaluated,False,0,0,-8889,-6400,,,,,ready,18,4,
20260924,20260925,019,g1,UP-DOWN-UP,RIGHT,0.415089699045032,False,True,True,False,False,2,evaluated,True,0,11897,-1422,9655,,,,,ready,18,4,
20260924,20260925,039,g3,UP-DOWN-DOWN,TOP,0.2911025060970134,False,False,False,False,False,0,evaluated,False,0,0,-21191,-17872,,,,,ready,89,4,
20260924,20260925,040,g4,UP-UP-UP,TOP,0.2812547978807898,True,False,False,False,False,1,evaluated,False,0,0,-6133,-5511,,,,,ready,89,4,
20260924,20260925,041,g5,DOWN-UP-UP,TOP,0.2876900238274648,False,False,False,False,False,0,evaluated,False,0,0,-10844,-8533,,,,,ready,89,4,
20260924,20260925,042,g6,DOWN-UP-UP,RIGHT,0.280733158192473,False,True,True,False,False,2,evaluated,True,0,4828,-7822,3190,,,,,ready,89,4,
20260924,20260925,043,g7,DOWN-DOWN-DOWN,BOTTOM,0.7585706571415715,False,False,False,True,False,0,evaluated,False,0,948,-7200,-3556,,,,,ready,89,4,
20260924,20260925,044,g8,UP-UP-UP,TOP,0.24150995949943177,True,False,False,False,False,1,evaluated,False,0,0,-7822,-2133,,,,,ready,89,4,
20260924,20260925,045,g9,DOWN-DOWN-UP,RIGHT,0.36668682750351256,False,True,True,False,False,2,evaluated,True,0,19655,0,18276,,,,,ready,89,4,
20260924,20260925,046,g1,UP-DOWN-UP,TOP,0.3322309318579999,False,False,False,False,False,0,evaluated,True,0,6897,-2756,4224,,,,,ready,89,4,
20260924,20260925,047,g2,DOWN-UP-UP,RIGHT,0.518067277379048,False,True,False,False,False,1,evaluated,True,0,22314,-2298,21570,,,,,ready,89,4,
20260924,20260925,048,g3,DOWN-UP-UP,RIGHT,0.27714264702740743,False,True,True,False,False,2,evaluated,False,0,0,-12444,-2844,,,,,ready,89,4,
20260924,20260925,049,g4,DOWN-DOWN-DOWN,LEFT,0.6681608267589245,False,False,False,True,False,0,evaluated,True,0,19655,-3911,17069,,,,,ready,89,4,
20260924,20260925,050,g5,UP-UP-UP,RIGHT,0.4760114887657757,True,True,True,False,True,3,evaluated,False,0,0,-19022,-16711,,,,,ready,89,4,
20260924,20260925,051,g6,UP-DOWN-UP,RIGHT,0.25508072217080646,False,True,True,False,False,2,evaluated,True,0,11724,-3378,8793,,,,,ready,89,4,
20260924,20260925,052,g7,DOWN-UP-UP,RIGHT,0.26765089310567336,False,True,True,False,False,2,evaluated,False,0,0,-14044,-11911,,,,,ready,89,4,
20260924,20260925,053,g8,DOWN-DOWN-DOWN,LEFT,0.4538755663726982,False,False,False,True,False,0,evaluated,False,0,0,-13867,-13867,,,,,ready,89,4,
20260924,20260925,054,g9,UP-UP-DOWN,RIGHT,0.301344685635918,False,True,True,False,False,2,evaluated,False,0,0,-9422,-6222,,,,,ready,89,4,
20260924,20260925,055,g1,DOWN-UP-DOWN,RIGHT,0.2873607367715715,False,True,True,False,False,2,evaluated,False,0,4138,-16000,-16000,,,,,ready,89,4,
20260924,20260925,056,g2,DOWN-UP-UP,TOP,0.34156848330217937,False,False,False,False,False,0,evaluated,True,0,10172,-889,862,,,,,ready,89,4,
20260924,20260925,057,g3,DOWN-UP-UP,TOP,0.2587604646863484,False,False,False,False,False,0,evaluated,True,0,26777,-2043,26777,,,,,ready,89,4,
20260924,20260925,058,g4,UP-UP-DOWN,RIGHT,0.31786552546628777,False,True,True,False,False,2,evaluated,True,0,21074,-766,17355,,,,,ready,89,4,
20260924,20260925,059,g5,UP-UP-UP,RIGHT,0.5061122728126759,True,True,False,False,False,2,evaluated,False,0,0,-13156,-13156,,,,,ready,89,4,
20260924,20260925,060,g6,DOWN-DOWN-UP,BOTTOM,0.32956948170073697,False,False,False,False,False,0,evaluated,False,0,690,-5689,-1689,,,,,ready,89,4,
20260924,20260925,061,g7,DOWN-UP-DOWN,BOTTOM,0.5059920290778803,False,False,False,False,False,0,evaluated,True,0,7328,-6133,948,,,,,ready,89,4,
20260924,20260925,062,g8,DOWN-UP-UP,TOP,0.2805477027229486,False,False,False,False,False,0,evaluated,True,0,23802,0,19835,,,,,ready,89,4,
20260924,20260925,063,g9,DOWN-UP-UP,RIGHT,0.2776347893331277,False,True,True,False,False,2,evaluated,False,0,0,-15111,-15111,,,,,ready,89,4,
20260924,20260925,064,g1,DOWN-UP-UP,TOP,0.2936829597399436,False,False,False,False,False,0,evaluated,False,0,172,-11911,-533,,,,,ready,89,4,
20260924,20260925,065,g2,DOWN-UP-DOWN,LEFT,0.3549165277030667,False,False,False,False,False,0,evaluated,False,0,0,-24766,-24766,,,,,ready,89,4,
20260924,20260925,066,g3,UP-UP-DOWN,TOP,0.33828708193684953,False,False,False,False,False,0,evaluated,False,0,0,-13333,-4089,,,,,ready,89,4,
20260924,20260925,067,g4,UP-UP-UP,RIGHT,0.3935137209120185,True,True,True,False,True,3,evaluated,False,0,345,-12622,-12267,,,,,ready,89,4,
20260924,20260925,068,g5,UP-DOWN-DOWN,LEFT,0.2872748497886898,False,False,False,False,False,0,evaluated,True,0,1293,-8800,1293,,,,,ready,89,4,
20260924,20260925,069,g6,UP-UP-UP,TOP,0.3156808128566172,True,False,False,False,False,1,evaluated,False,0,5086,-5867,-4711,,,,,ready,89,4,
20260924,20260925,070,g7,DOWN-UP-UP,RIGHT,0.38170676737498943,False,True,True,False,False,2,evaluated,True,0,44531,-526,42708,,,,,ready,89,4,
20260924,20260925,071,g8,DOWN-DOWN-DOWN,LEFT,0.2817525351924137,False,False,False,True,False,0,evaluated,True,0,8276,-8267,7586,,,,,ready,89,4,
20260924,20260925,072,g9,DOWN-UP-UP,RIGHT,0.39527470923759145,False,True,True,False,False,2,evaluated,True,0,13884,-10894,13058,,,,,ready,89,4,
20260924,20260925,073,g1,DOWN-DOWN-DOWN,LEFT,0.3845150939648845,False,False,False,True,False,0,evaluated,True,0,7241,-6933,6293,,,,,ready,89,4,
20260924,20260925,074,g2,DOWN-UP-UP,TOP,0.3064225182828637,False,False,False,False,False,0,evaluated,False,0,0,-6933,-6311,,,,,ready,89,4,
20260924,20260925,075,g3,UP-UP-UP,TOP,0.819501508520794,True,False,False,False,False,1,evaluated,True,0,9569,-444,5862,,,,,ready,89,4,
20260924,20260925,076,g4,DOWN-DOWN-DOWN,BOTTOM,0.7327258259339245,False,False,False,True,False,0,evaluated,True,0,24298,-2043,13140,,,,,ready,89,4,
20260924,20260925,077,g5,DOWN-DOWN-DOWN,LEFT,0.5527851296987842,False,False,False,True,False,0,evaluated,False,0,0,-16533,-10311,,,,,ready,89,4,
20260925,20260926,018,g9,DOWN-DOWN-DOWN,BOTTOM,0.58787106774432,False,False,False,True,False,0,evaluated,True,0,1724,-6756,1552,,,,,ready,19,4,
20260925,20260926,019,g1,DOWN-UP-UP,TOP,0.24001275473061634,False,False,False,False,False,0,evaluated,True,0,8534,-267,2845,,,,,ready,19,4,
20260925,20260926,039,g3,DOWN-UP-DOWN,RIGHT,0.246761510829001,False,True,True,False,False,2,evaluated,False,0,5776,-6756,-6756,,,,,ready,90,4,
20260925,20260926,040,g4,DOWN-DOWN-UP,TOP,0.2706895075026641,False,False,False,False,False,0,evaluated,True,0,6552,-5333,6466,,,,,ready,90,4,
20260925,20260926,041,g5,UP-DOWN-UP,TOP,0.3197832415474837,False,False,False,False,False,0,evaluated,False,0,1207,-17067,-17067,,,,,ready,90,4,
20260925,20260926,042,g6,DOWN-UP-UP,TOP,0.26012246599572875,False,False,False,False,False,0,evaluated,True,0,10517,-7467,8793,,,,,ready,90,4,
20260925,20260926,043,g7,UP-UP-UP,RIGHT,0.32506208519412905,True,True,True,False,True,3,evaluated,False,0,1207,-10133,-356,,,,,ready,90,4,
20260925,20260926,044,g8,UP-DOWN-DOWN,TOP,0.3067357781681259,False,False,False,False,False,0,evaluated,True,0,11897,-5511,11552,,,,,ready,90,4,
20260925,20260926,045,g9,UP-UP-UP,TOP,0.6209655140660785,True,False,False,False,False,1,evaluated,False,0,517,-8444,-2044,,,,,ready,90,4,
20260925,20260926,046,g1,DOWN-DOWN-DOWN,LEFT,0.5496235750710585,False,False,False,True,False,0,evaluated,False,0,8190,-2044,-89,,,,,ready,90,4,
20260925,20260926,047,g2,DOWN-UP-UP,TOP,0.30474112264105835,False,False,False,False,False,0,evaluated,False,0,0,-10667,-4622,,,,,ready,90,4,
20260925,20260926,048,g3,DOWN-UP-UP,TOP,0.3216730028123468,False,False,False,False,False,0,evaluated,False,0,0,-21191,-21191,,,,,ready,90,4,
20260925,20260926,049,g4,UP-UP-UP,TOP,0.25550132546990156,True,False,False,False,False,1,evaluated,False,0,0,-10489,-10311,,,,,ready,90,4,
20260925,20260926,050,g5,UP-DOWN-DOWN,BOTTOM,0.4343994245298103,False,False,False,False,False,0,evaluated,False,0,10000,-3200,-178,,,,,ready,90,4,
20260925,20260926,051,g6,UP-DOWN-UP,RIGHT,0.40955082436326506,False,True,True,False,False,2,evaluated,False,0,0,-12800,-3733,,,,,ready,90,4,
20260925,20260926,052,g7,UP-UP-DOWN,TOP,0.31057316574934746,False,False,False,False,False,0,evaluated,True,0,45312,0,45312,,,,,ready,90,4,
20260925,20260926,053,g8,UP-DOWN-UP,RIGHT,0.30835388940370534,False,True,True,False,False,2,evaluated,True,0,4224,-4622,2931,,,,,ready,90,4,
20260925,20260926,054,g9,UP-UP-UP,TOP,0.2709040297056876,True,False,False,False,False,1,evaluated,True,0,18966,-4267,17069,,,,,ready,90,4,
20260925,20260926,055,g1,DOWN-DOWN-UP,LEFT,0.33507743131853673,False,False,False,False,False,0,evaluated,False,0,862,-10133,-10133,,,,,ready,90,4,
20260925,20260926,056,g2,UP-DOWN-DOWN,TOP,0.2807404186433885,False,False,False,False,False,0,evaluated,True,0,776,-4000,690,,,,,ready,90,4,
20260925,20260926,057,g3,UP-DOWN-UP,TOP,0.281682059987339,False,False,False,False,False,0,evaluated,True,0,43750,-1316,43750,,,,,ready,90,4,
20260925,20260926,058,g4,DOWN-UP-UP,TOP,0.3221320500291721,False,False,False,False,False,0,evaluated,False,0,0,-8178,-6222,,,,,ready,90,4,
20260925,20260926,059,g5,UP-DOWN-UP,TOP,0.3207892271573968,False,False,False,False,False,0,evaluated,True,0,9828,-4267,3448,,,,,ready,90,4,
20260925,20260926,060,g6,DOWN-UP-UP,TOP,0.28775341223624384,False,False,False,False,False,0,evaluated,False,0,6466,-5067,-5067,,,,,ready,90,4,
20260925,20260926,061,g7,UP-UP-UP,RIGHT,0.25776267674286313,True,True,True,False,True,3,evaluated,True,0,2500,-7911,1121,,,,,ready,90,4,
20260925,20260926,062,g8,UP-UP-DOWN,TOP,0.25967019795380253,False,False,False,False,False,0,evaluated,True,0,7845,-711,5517,,,,,ready,90,4,
20260925,20260926,063,g9,UP-DOWN-DOWN,LEFT,0.2518940392007639,False,False,False,False,False,0,evaluated,False,0,0,-21702,-18128,,,,,ready,90,4,
20260925,20260926,064,g1,UP-DOWN-UP,RIGHT,0.4395194602146749,False,True,True,False,False,2,evaluated,True,0,36923,-5974,36923,,,,,ready,90,4,
20260925,20260926,065,g2,DOWN-DOWN-UP,BOTTOM,0.7684719500576833,False,False,False,False,False,0,evaluated,True,0,14138,-4089,9655,,,,,ready,90,4,
20260925,20260926,066,g3,DOWN-DOWN-DOWN,LEFT,0.3647676844790638,False,False,False,True,False,0,evaluated,True,0,13276,-8356,12069,,,,,ready,90,4,
20260925,20260926,067,g4,DOWN-UP-UP,TOP,0.2653575529005654,False,False,False,False,False,0,evaluated,False,0,2069,-8533,-8533,,,,,ready,90,4,
20260925,20260926,068,g5,DOWN-UP-UP,TOP,0.28555153390761834,False,False,False,False,False,0,evaluated,True,0,10000,-8356,6034,,,,,ready,90,4,
20260925,20260926,069,g6,DOWN-DOWN-UP,TOP,0.282800446441273,False,False,False,False,False,0,evaluated,False,0,3448,-10489,-1244,,,,,ready,90,4,
20260925,20260926,070,g7,UP-UP-UP,TOP,0.3877723626186024,True,False,False,False,False,1,evaluated,False,0,0,-4622,-2933,,,,,ready,90,4,
20260925,20260926,071,g8,UP-DOWN-DOWN,LEFT,0.31142595100529147,False,False,False,False,False,0,evaluated,False,0,6034,-13867,-9956,,,,,ready,90,4,
20260925,20260926,072,g9,UP-UP-UP,TOP,0.2975095254392468,True,False,False,False,False,1,evaluated,False,0,6897,-4089,-4089,,,,,ready,90,4,
20260925,20260926,073,g1,DOWN-DOWN-DOWN,LEFT,0.2769340465459169,False,False,False,True,False,0,evaluated,True,0,7069,-5867,2500,,,,,ready,90,4,
20260925,20260926,074,g2,DOWN-UP-DOWN,LEFT,0.3713793026951979,False,False,False,False,False,0,evaluated,True,0,5000,-9778,1379,,,,,ready,90,4,
20260925,20260926,075,g3,DOWN-UP-UP,TOP,0.3389584240119117,False,False,False,False,False,0,evaluated,False,0,8362,-5511,-2578,,,,,ready,90,4,
20260925,20260926,076,g4,UP-UP-DOWN,RIGHT,0.49134584552485194,False,True,True,False,False,2,evaluated,False,0,1983,-4978,-4978,,,,,ready,90,4,
20260925,20260926,077,g5,DOWN-UP-UP,RIGHT,0.34185135160422586,False,True,True,False,False,2,evaluated,False,0,0,-21957,-2553,,,,,ready,90,4,
20260926,20260927,018,g9,DOWN-UP-UP,TOP,0.2924325052203133,False,False,False,False,False,0,evaluated,True,0,8276,-7467,4655,,,,,ready,20,4,
20260926,20260927,019,g1,DOWN-DOWN-DOWN,LEFT,0.39125253880322486,False,False,False,True,False,0,evaluated,True,0,10000,-9422,7586,,,,,ready,20,4,
20260926,20260927,039,g3,DOWN-UP-UP,TOP,0.2702979654826211,False,False,False,False,False,0,evaluated,True,0,3793,-11022,862,,,,,ready,91,4,
20260926,20260927,040,g4,UP-DOWN-UP,RIGHT,0.24627177299175418,False,True,True,False,False,2,evaluated,True,0,8793,-2133,6379,,,,,ready,91,4,
20260926,20260927,041,g5,DOWN-DOWN-DOWN,BOTTOM,0.6586969884975948,False,False,False,True,False,0,evaluated,True,0,34103,0,32821,,,,,ready,91,4,
20260926,20260927,042,g6,DOWN-UP-UP,TOP,0.2542555537983352,False,False,False,False,False,0,evaluated,True,0,16207,0,13621,,,,,ready,91,4,
20260926,20260927,043,g7,DOWN-UP-UP,TOP,0.2961133515062436,False,False,False,False,False,0,evaluated,False,0,0,-12444,-4267,,,,,ready,91,4,
20260926,20260927,044,g8,DOWN-UP-UP,TOP,0.2472982201700723,False,False,False,False,False,0,evaluated,False,0,3190,-5067,-5067,,,,,ready,91,4,
20260926,20260927,045,g9,DOWN-DOWN-DOWN,LEFT,0.653610265801291,False,False,False,True,False,0,evaluated,False,0,8448,-4267,-4267,,,,,ready,91,4,
20260926,20260927,046,g1,UP-UP-DOWN,RIGHT,0.5568956056563077,False,True,False,False,False,1,evaluated,False,0,0,-19378,-14578,,,,,ready,91,4,
20260926,20260927,047,g2,UP-DOWN-UP,RIGHT,0.2755349567894807,False,True,True,False,False,2,evaluated,False,0,0,-9956,-9956,,,,,ready,91,4,
20260926,20260927,048,g3,UP-DOWN-UP,TOP,0.27714300352483345,False,False,False,False,False,0,evaluated,False,0,3719,-24255,-12255,,,,,ready,91,4,
20260926,20260927,049,g4,DOWN-DOWN-DOWN,BOTTOM,0.7771734667770023,False,False,False,True,False,0,evaluated,True,0,4828,-13867,2414,,,,,ready,91,4,
20260926,20260927,050,g5,UP-DOWN-UP,RIGHT,0.8382046252464812,False,True,False,False,False,1,evaluated,True,0,39231,-6753,39231,,,,,ready,91,4,
20260926,20260927,051,g6,UP-UP-UP,RIGHT,0.4416681008266107,True,True,True,False,True,3,evaluated,True,0,5345,-9067,4138,,,,,ready,91,4,
20260926,20260927,052,g7,UP-UP-UP,TOP,0.4454043791797957,True,False,False,False,False,1,evaluated,False,0,0,-5422,-5422,,,,,ready,91,4,
20260926,20260927,053,g8,UP-UP-DOWN,TOP,0.3005405166041757,False,False,False,False,False,0,evaluated,False,0,0,-12800,-12800,,,,,ready,91,4,
20260926,20260927,054,g9,UP-DOWN-UP,TOP,0.28511365585125503,False,False,False,False,False,0,evaluated,False,0,0,-14400,-6933,,,,,ready,91,4,
20260926,20260927,055,g1,DOWN-DOWN-UP,RIGHT,0.3115050158819296,False,True,True,False,False,2,evaluated,True,0,40625,-1316,39062,,,,,ready,91,4,
20260926,20260927,056,g2,DOWN-UP-UP,RIGHT,0.27793049666329706,False,True,True,False,False,2,evaluated,False,0,1207,-13511,-13511,,,,,ready,91,4,
20260926,20260927,057,g3,UP-DOWN-DOWN,TOP,0.2924948819433031,False,False,False,False,False,0,evaluated,False,0,0,-6933,-6578,,,,,ready,91,4,
20260926,20260927,058,g4,DOWN-DOWN-UP,BOTTOM,0.5662058327306283,False,False,False,False,False,0,evaluated,False,0,0,-17600,-17600,,,,,ready,91,4,
20260926,20260927,059,g5,DOWN-UP-DOWN,LEFT,0.25819618634795016,False,False,False,False,False,0,evaluated,False,0,345,-10667,-10667,,,,,ready,91,4,
20260926,20260927,060,g6,UP-DOWN-DOWN,BOTTOM,0.4733680265562167,False,False,False,False,False,0,evaluated,True,0,4741,-2044,2931,,,,,ready,91,4,
20260926,20260927,061,g7,UP-DOWN-UP,LEFT,0.3774119758776614,False,False,False,False,False,0,evaluated,False,0,10172,-2844,-1422,,,,,ready,91,4,
20260926,20260927,062,g8,DOWN-DOWN-DOWN,TOP,0.278686700887938,False,False,False,True,False,0,evaluated,True,0,22314,-2298,20083,,,,,ready,91,4,
20260926,20260927,063,g9,DOWN-DOWN-UP,RIGHT,0.3436703955778321,False,True,True,False,False,2,evaluated,True,0,7759,-13689,5172,,,,,ready,91,4,
20260926,20260927,064,g1,UP-UP-UP,TOP,0.27443105179861615,True,False,False,False,False,1,evaluated,False,0,690,-4889,-4889,,,,,ready,91,4,
20260926,20260927,065,g2,UP-UP-UP,RIGHT,0.3117205141495022,True,True,True,False,True,3,evaluated,False,0,0,-7200,-6222,,,,,ready,91,4,
20260926,20260927,066,g3,DOWN-UP-UP,TOP,0.24464063799453906,False,False,False,False,False,0,evaluated,False,0,4483,-3378,-3378,,,,,ready,91,4,
20260926,20260927,067,g4,UP-DOWN-DOWN,BOTTOM,0.2624094759842951,False,False,False,False,False,0,evaluated,False,0,0,-15467,-15467,,,,,ready,91,4,
20260926,20260927,068,g5,UP-DOWN-DOWN,LEFT,0.2524689720143224,False,False,False,False,False,0,evaluated,True,0,11379,-533,2931,,,,,ready,91,4,
20260926,20260927,069,g6,UP-DOWN-DOWN,TOP,0.30423391600687355,False,False,False,False,False,0,evaluated,True,0,13276,-1956,8448,,,,,ready,91,4,
20260926,20260927,070,g7,DOWN-DOWN-UP,TOP,0.26063799970702417,False,False,False,False,False,0,evaluated,True,0,4310,-889,2328,,,,,ready,91,4,
20260926,20260927,071,g8,DOWN-DOWN-UP,BOTTOM,0.33094073316015005,False,False,False,False,False,0,evaluated,False,0,0,-8356,-4267,,,,,ready,91,4,
20260926,20260927,072,g9,UP-UP-DOWN,TOP,0.3055191704181851,False,False,False,False,False,0,evaluated,True,0,5948,-9422,1466,,,,,ready,91,4,
20260926,20260927,073,g1,UP-DOWN-UP,TOP,0.328317135024089,False,False,False,False,False,0,evaluated,True,0,10345,-2133,8793,,,,,ready,91,4,
20260926,20260927,074,g2,UP-UP-DOWN,BOTTOM,0.5505098758214074,False,False,False,False,False,0,evaluated,False,0,0,-8889,-3644,,,,,ready,91,4,
20260926,20260927,075,g3,DOWN-UP-DOWN,TOP,0.2792486771297491,False,False,False,False,False,0,evaluated,False,0,0,-11733,-2133,,,,,ready,91,4,
20260926,20260927,076,g4,UP-UP-UP,TOP,0.2698442672184219,True,False,False,False,False,1,evaluated,True,0,17586,-6044,15517,,,,,ready,91,4,
20260926,20260927,077,g5,UP-DOWN-DOWN,LEFT,0.30079647235983775,False,False,False,False,False,0,evaluated,False,0,0,-9156,-8711,,,,,ready,91,4,
20260927,20260928,018,g9,UP-UP-UP,TOP,0.2517411002859631,True,False,False,False,False,1,evaluated,False,0,3190,-7467,-5067,,,,,ready,21,4,
20260927,20260928,019,g1,UP-DOWN-DOWN,TOP,0.3082038875592461,False,False,False,False,False,0,evaluated,False,0,0,-8089,-3822,,,,,ready,21,4,
20260927,20260928,039,g3,UP-DOWN-UP,RIGHT,0.281035325483174,False,True,True,False,False,2,evaluated,False,0,0,-10667,-10667,,,,,ready,92,4,
20260927,20260928,040,g4,UP-UP-DOWN,TOP,0.3121135229180847,False,False,False,False,False,0,evaluated,False,0,0,-8089,-8089,,,,,ready,92,4,
20260927,20260928,041,g5,UP-UP-DOWN,TOP,0.34121569554952735,False,False,False,False,False,0,evaluated,True,0,26529,0,26529,,,,,ready,92,4,
20260927,20260928,042,g6,DOWN-DOWN-UP,TOP,0.25635655487717035,False,False,False,False,False,0,evaluated,True,0,13276,-9067,12414,,,,,ready,92,4,
20260927,20260928,043,g7,DOWN-UP-DOWN,BOTTOM,0.5216755580388819,False,False,False,False,False,0,evaluated,True,0,11724,-889,3793,,,,,ready,92,4,
20260927,20260928,044,g8,DOWN-DOWN-UP,LEFT,0.5697144206245239,False,False,False,False,False,0,evaluated,False,0,1207,-13867,-13867,,,,,ready,92,4,
20260927,20260928,045,g9,DOWN-UP-DOWN,BOTTOM,0.4205670934399961,False,False,False,False,False,0,evaluated,False,0,0,-11378,-11378,,,,,ready,92,4,
20260927,20260928,046,g1,UP-UP-UP,TOP,0.2817946051947827,True,False,False,False,False,1,evaluated,False,0,0,-13511,-7822,,,,,ready,92,4,
20260927,20260928,047,g2,UP-UP-UP,RIGHT,0.28632694427191585,True,True,True,False,True,3,evaluated,False,0,0,-13156,-12267,,,,,ready,92,4,
20260927,20260928,048,g3,UP-DOWN-DOWN,RIGHT,0.26128345382824913,False,True,True,False,False,2,evaluated,False,0,0,-12267,-7289,,,,,ready,92,4,
20260927,20260928,049,g4,DOWN-UP-UP,RIGHT,0.7275025704641203,False,True,False,False,False,1,evaluated,False,0,3190,-4444,-2311,,,,,ready,92,4,
20260927,20260928,050,g5,UP-UP-UP,TOP,0.29305408617242745,True,False,False,False,False,1,evaluated,False,0,0,-7733,-7733,,,,,ready,92,4,
20260927,20260928,051,g6,UP-UP-UP,TOP,0.31516966127954515,True,False,False,False,False,1,evaluated,True,0,38974,-2078,38974,,,,,ready,92,4,
20260927,20260928,052,g7,UP-DOWN-DOWN,TOP,0.3162461096212671,False,False,False,False,False,0,evaluated,False,0,0,-1333,-1333,,,,,ready,92,4,
20260927,20260928,053,g8,DOWN-UP-UP,RIGHT,0.24003882055539993,False,True,True,False,False,2,evaluated,True,0,26529,0,23306,,,,,ready,92,4,
20260927,20260928,054,g9,DOWN-UP-UP,TOP,0.29438898294890226,False,False,False,False,False,0,evaluated,False,0,6466,-8533,-8533,,,,,ready,92,4,
20260927,20260928,055,g1,UP-UP-UP,RIGHT,0.38462269166454466,True,True,True,False,True,3,evaluated,False,0,0,-2044,-2044,,,,,ready,92,4,
20260927,20260928,056,g2,UP-UP-DOWN,TOP,0.30988488903049694,False,False,False,False,False,0,evaluated,True,0,21818,0,5702,,,,,ready,92,4,
20260927,20260928,057,g3,DOWN-DOWN-DOWN,LEFT,0.5076083403903423,False,False,False,True,False,0,evaluated,True,0,17931,-1778,17069,,,,,ready,92,4,
20260927,20260928,058,g4,DOWN-UP-UP,RIGHT,0.5670583265261292,False,True,False,False,False,1,evaluated,True,0,12069,-8889,8276,,,,,ready,92,4,
20260927,20260928,059,g5,DOWN-DOWN-UP,LEFT,0.33555618441012736,False,False,False,False,False,0,evaluated,False,0,0,-10844,-9067,,,,,ready,92,4,
20260927,20260928,060,g6,UP-UP-UP,RIGHT,0.24275207075320038,True,True,True,False,True,3,evaluated,False,0,0,-14400,-14400,,,,,ready,92,4,
20260927,20260928,061,g7,DOWN-UP-UP,RIGHT,0.34842370192058125,False,True,True,False,False,2,evaluated,True,0,9655,-2311,8362,,,,,ready,92,4,
20260927,20260928,062,g8,DOWN-DOWN-UP,TOP,0.3057379019453619,False,False,False,False,False,0,evaluated,True,0,5431,-5156,5172,,,,,ready,92,4,
20260927,20260928,063,g9,UP-UP-UP,TOP,0.24268830343924297,True,False,False,False,False,1,evaluated,False,0,603,-8622,-5689,,,,,ready,92,4,
20260927,20260928,064,g1,DOWN-DOWN-UP,RIGHT,0.26316617371086803,False,True,True,False,False,2,evaluated,False,0,2069,-13333,-13333,,,,,ready,92,4,
20260927,20260928,065,g2,DOWN-UP-DOWN,LEFT,0.2612839593960673,False,False,False,False,False,0,evaluated,True,0,44271,-263,42708,,,,,ready,92,4,
20260927,20260928,066,g3,DOWN-UP-UP,LEFT,0.5401740124738876,False,False,False,False,False,0,evaluated,True,0,14310,0,6034,,,,,ready,92,4,
20260927,20260928,067,g4,UP-DOWN-DOWN,LEFT,0.414567831804156,False,False,False,False,False,0,evaluated,True,0,10172,-6933,7931,,,,,ready,92,4,
20260927,20260928,068,g5,UP-DOWN-DOWN,BOTTOM,0.29749264865402214,False,False,False,False,False,0,evaluated,False,0,0,-12444,-12444,,,,,ready,92,4,
20260927,20260928,069,g6,DOWN-UP-DOWN,LEFT,0.26100201792093614,False,False,False,False,False,0,evaluated,False,0,0,-11911,-11911,,,,,ready,92,4,
20260927,20260928,070,g7,DOWN-DOWN-UP,LEFT,0.2569127906417956,False,False,False,False,False,0,evaluated,False,0,5690,-4267,-4267,,,,,ready,92,4,
20260927,20260928,071,g8,UP-DOWN-UP,TOP,0.2766452192727563,False,False,False,False,False,0,evaluated,False,0,0,-6489,-6489,,,,,ready,92,4,
20260927,20260928,072,g9,UP-UP-DOWN,TOP,0.28685910477352916,False,False,False,False,False,0,evaluated,True,0,5172,-10044,5172,,,,,ready,92,4,
20260927,20260928,073,g1,UP-DOWN-DOWN,LEFT,0.2616274565296547,False,False,False,False,False,0,evaluated,False,0,0,-12800,-12800,,,,,ready,92,4,
20260927,20260928,074,g2,UP-UP-DOWN,RIGHT,0.4022522086744641,False,True,True,False,False,2,evaluated,False,0,1293,-7111,-7111,,,,,ready,92,4,
20260927,20260928,075,g3,UP-DOWN-DOWN,TOP,0.507288708597691,False,False,False,False,False,0,evaluated,False,0,4569,-3289,-1778,,,,,ready,92,4,
20260927,20260928,076,g4,DOWN-UP-UP,TOP,0.31846800577643786,False,False,False,False,False,0,evaluated,False,0,0,-13689,-13689,,,,,ready,92,4,
20260927,20260928,077,g5,DOWN-DOWN-UP,RIGHT,0.3083148843464665,False,True,True,False,False,2,evaluated,True,0,35641,-1558,21282,,,,,ready,92,4,
20260928,20260929,018,g9,UP-DOWN-DOWN,LEFT,0.2755573962283331,False,False,False,False,False,0,evaluated,False,0,0,-9067,-9067,,,,,ready,22,4,
20260928,20260929,019,g1,UP-DOWN-DOWN,LEFT,0.35812705609583984,False,False,False,False,False,0,evaluated,False,0,0,-16356,-5867,,,,,ready,22,4,
20260928,20260929,039,g3,UP-DOWN-DOWN,TOP,0.30318155655282575,False,False,False,False,False,0,evaluated,False,0,0,-12267,-8356,,,,,ready,93,4,
20260928,20260929,040,g4,DOWN-UP-DOWN,RIGHT,0.2637577582702314,False,True,True,False,False,2,evaluated,False,0,0,-8267,-1067,,,,,ready,93,4,
20260928,20260929,041,g5,DOWN-DOWN-DOWN,LEFT,0.3661503193326954,False,False,False,True,False,0,evaluated,False,0,259,-5956,-5956,,,,,ready,93,4,
20260928,20260929,042,g6,DOWN-DOWN-UP,LEFT,0.24669626235729658,False,False,False,False,False,0,evaluated,False,0,0,-8356,-2667,,,,,ready,93,4,
20260928,20260929,043,g7,UP-UP-DOWN,RIGHT,0.43407307025267616,False,True,True,False,False,2,evaluated,False,0,0,-8622,-8622,,,,,ready,93,4,
20260928,20260929,044,g8,DOWN-UP-DOWN,RIGHT,0.5429469947803545,False,True,False,False,False,1,evaluated,False,0,5690,-10489,-10489,,,,,ready,93,4,
20260928,20260929,045,g9,DOWN-UP-UP,TOP,0.3186287992145672,False,False,False,False,False,0,evaluated,True,0,11897,-889,7759,,,,,ready,93,4,
20260928,20260929,046,g1,DOWN-UP-DOWN,RIGHT,0.37688236935069275,False,True,True,False,False,2,evaluated,True,0,11034,0,6897,,,,,ready,93,4,
20260928,20260929,047,g2,UP-UP-DOWN,TOP,0.3383610294984297,False,False,False,False,False,0,evaluated,False,0,1379,-11556,-356,,,,,ready,93,4,
20260928,20260929,048,g3,UP-DOWN-UP,TOP,0.29613506053163685,False,False,False,False,False,0,evaluated,False,0,3276,-6844,-2311,,,,,ready,93,4,
20260928,20260929,049,g4,UP-UP-UP,TOP,0.32604509298220974,True,False,False,False,False,1,evaluated,True,0,16724,-2133,14655,,,,,ready,93,4,
20260928,20260929,050,g5,DOWN-UP-DOWN,BOTTOM,0.46192275804764404,False,False,False,False,False,0,evaluated,False,0,0,-8444,-6133,,,,,ready,93,4,
20260928,20260929,051,g6,UP-DOWN-UP,TOP,0.3534657892551667,False,False,False,False,False,0,evaluated,True,0,26281,-3064,26281,,,,,ready,93,4,
20260928,20260929,052,g7,UP-DOWN-UP,TOP,0.3094505888591188,False,False,False,False,False,0,evaluated,False,0,0,-9244,-9244,,,,,ready,93,4,
20260928,20260929,053,g8,UP-DOWN-UP,TOP,0.2919621262938893,False,False,False,False,False,0,evaluated,False,0,0,-11022,-11022,,,,,ready,93,4,
20260928,20260929,054,g9,UP-UP-DOWN,TOP,0.2419798642688561,False,False,False,False,False,0,evaluated,False,0,0,-26809,-26809,,,,,ready,93,4,
20260928,20260929,055,g1,DOWN-UP-UP,BOTTOM,0.32631696814631395,False,False,False,False,False,0,evaluated,True,0,20331,0,16116,,,,,ready,93,4,
20260928,20260929,056,g2,DOWN-DOWN-UP,BOTTOM,0.2580587148809703,False,False,False,False,False,0,evaluated,True,0,9741,-1600,3276,,,,,ready,93,4,
20260928,20260929,057,g3,UP-DOWN-UP,TOP,0.28611101121050597,False,False,False,False,False,0,evaluated,False,0,0,-17778,-17778,,,,,ready,93,4,
20260928,20260929,058,g4,UP-UP-UP,RIGHT,0.2736637606722878,True,True,True,False,True,3,evaluated,False,0,0,-9511,-6933,,,,,ready,93,4,
20260928,20260929,059,g5,UP-DOWN-DOWN,RIGHT,0.46315040216343784,False,True,True,False,False,2,evaluated,False,0,0,-7822,-4533,,,,,ready,93,4,
20260928,20260929,060,g6,UP-UP-DOWN,TOP,0.27181251355183944,False,False,False,False,False,0,evaluated,True,0,10000,-3556,6379,,,,,ready,93,4,
20260928,20260929,061,g7,UP-DOWN-UP,TOP,0.2864539166726462,False,False,False,False,False,0,evaluated,True,0,10345,-6756,8621,,,,,ready,93,4,
20260928,20260929,062,g8,DOWN-UP-DOWN,TOP,0.25850053680244256,False,False,False,False,False,0,evaluated,False,0,0,-15289,-15289,,,,,ready,93,4,
20260928,20260929,063,g9,UP-DOWN-DOWN,BOTTOM,0.3635784476076559,False,False,False,False,False,0,evaluated,False,0,0,-10844,-10844,,,,,ready,93,4,
20260928,20260929,064,g1,UP-DOWN-DOWN,RIGHT,0.3127321279979416,False,True,True,False,False,2,evaluated,True,0,17759,-356,10862,,,,,ready,93,4,
20260928,20260929,065,g2,UP-UP-UP,TOP,0.6306645725721023,True,False,False,False,False,1,evaluated,True,0,2759,-711,1638,,,,,ready,93,4,
20260928,20260929,066,g3,DOWN-DOWN-DOWN,LEFT,0.324251790030171,False,False,False,True,False,0,evaluated,False,0,0,-19378,-19378,,,,,ready,93,4,
20260928,20260929,067,g4,DOWN-UP-UP,RIGHT,0.6128931706646175,False,True,False,False,False,1,evaluated,True,0,6983,-5333,862,,,,,ready,93,4,
20260928,20260929,068,g5,DOWN-DOWN-UP,TOP,0.2819128382456194,False,False,False,False,False,0,evaluated,False,0,5345,-3289,-3289,,,,,ready,93,4,
20260928,20260929,069,g6,UP-UP-DOWN,TOP,0.2541164600270559,False,False,False,False,False,0,evaluated,True,0,28264,-1277,20579,,,,,ready,93,4,
20260928,20260929,070,g7,DOWN-DOWN-DOWN,BOTTOM,0.5873056009567603,False,False,False,True,False,0,evaluated,True,0,9138,-2756,6379,,,,,ready,93,4,
20260928,20260929,071,g8,DOWN-DOWN-UP,RIGHT,0.2548682340850025,False,True,True,False,False,2,evaluated,False,0,862,-7378,-7200,,,,,ready,93,4,
20260928,20260929,072,g9,DOWN-DOWN-UP,LEFT,0.2842486076363381,False,False,False,False,False,0,evaluated,False,0,0,-14222,-14222,,,,,ready,93,4,
20260928,20260929,073,g1,DOWN-UP-DOWN,RIGHT,0.24690023560201046,False,True,True,False,False,2,evaluated,True,0,6552,-9156,5517,,,,,ready,93,4,
20260928,20260929,074,g2,DOWN-UP-UP,RIGHT,0.2569269676917688,False,True,True,False,False,2,evaluated,True,0,9397,-2578,86,,,,,ready,93,4,
20260928,20260929,075,g3,DOWN-DOWN-DOWN,LEFT,0.449070736731106,False,False,False,True,False,0,evaluated,False,0,0,-6222,-2578,,,,,ready,93,4,
20260928,20260929,076,g4,DOWN-DOWN-DOWN,BOTTOM,0.7583512483593714,False,False,False,True,False,0,evaluated,False,0,603,-4800,-2133,,,,,ready,93,4,
20260928,20260929,077,g5,UP-UP-UP,TOP,0.31038344371209636,True,False,False,False,False,1,evaluated,True,0,29256,-255,25785,,,,,ready,93,4,
20260929,20260930,018,g9,DOWN-DOWN-UP,LEFT,0.24811936978828464,False,False,False,False,False,0,evaluated,False,0,776,-8000,-533,,,,,ready,23,4,
20260929,20260930,019,g1,DOWN-DOWN-UP,BOTTOM,0.48212101768790705,False,False,False,False,False,0,evaluated,False,0,3103,-17244,-16533,,,,,ready,23,4,
20260929,20260930,039,g3,DOWN-UP-DOWN,LEFT,0.26584200810696923,False,False,False,False,False,0,evaluated,False,0,0,-12089,-12089,,,,,ready,94,4,
20260929,20260930,040,g4,DOWN-UP-UP,RIGHT,0.42166379661027853,False,True,True,False,False,2,evaluated,True,0,11379,-6400,11207,,,,,ready,94,4,
20260929,20260930,041,g5,DOWN-DOWN-UP,TOP,0.2863104088545747,False,False,False,False,False,0,evaluated,False,0,0,-7822,-7822,,,,,ready,94,4,
20260929,20260930,042,g6,DOWN-DOWN-UP,LEFT,0.29820484129353375,False,False,False,False,False,0,evaluated,False,0,0,-12267,-12267,,,,,ready,94,4,
20260929,20260930,043,g7,DOWN-UP-UP,RIGHT,0.24415445707342154,False,True,True,False,False,2,evaluated,False,0,690,-9511,-3822,,,,,ready,94,4,
20260929,20260930,044,g8,UP-UP-UP,TOP,0.27092782875938104,True,False,False,False,False,1,evaluated,False,0,172,-14222,-6222,,,,,ready,94,4,
20260929,20260930,045,g9,UP-DOWN-DOWN,BOTTOM,0.4429633764412436,False,False,False,False,False,0,evaluated,False,0,4397,-6844,-6844,,,,,ready,94,4,
20260929,20260930,046,g1,UP-UP-DOWN,TOP,0.38351643426688575,False,False,False,False,False,0,evaluated,True,0,18621,-5867,18621,,,,,ready,94,4,
20260929,20260930,047,g2,UP-DOWN-UP,RIGHT,0.2906481453522616,False,True,True,False,False,2,evaluated,True,0,2586,-4533,690,,,,,ready,94,4,
20260929,20260930,048,g3,DOWN-UP-DOWN,LEFT,0.33431711548829834,False,False,False,False,False,0,evaluated,True,0,8879,-2578,4914,,,,,ready,94,4,
20260929,20260930,049,g4,UP-UP-UP,TOP,0.5251736328453112,True,False,False,False,False,1,evaluated,False,0,1379,-11911,-11911,,,,,ready,94,4,
20260929,20260930,050,g5,UP-UP-UP,RIGHT,0.7939456379069958,True,True,False,False,False,2,evaluated,False,0,2845,-5511,-89,,,,,ready,94,4,
20260929,20260930,051,g6,UP-UP-UP,TOP,0.7029156925524648,True,False,False,False,False,1,evaluated,True,0,6121,-356,2586,,,,,ready,94,4,
20260929,20260930,052,g7,DOWN-DOWN-DOWN,LEFT,0.4419890043027831,False,False,False,True,False,0,evaluated,True,0,11207,-4622,10000,,,,,ready,94,4,
20260929,20260930,053,g8,DOWN-UP-DOWN,BOTTOM,0.3771844634804371,False,False,False,False,False,0,evaluated,True,0,20579,-4851,20579,,,,,ready,94,4,
20260929,20260930,054,g9,DOWN-UP-DOWN,LEFT,0.36650858361229044,False,False,False,False,False,0,evaluated,True,0,4828,-4622,1983,,,,,ready,94,4,
20260929,20260930,055,g1,DOWN-UP-UP,RIGHT,0.6076359648656218,False,True,False,False,False,1,evaluated,False,0,690,-3644,-3644,,,,,ready,94,4,
20260929,20260930,056,g2,DOWN-UP-UP,TOP,0.29430865323721545,False,False,False,False,False,0,evaluated,False,0,0,-10133,-10133,,,,,ready,94,4,
20260929,20260930,057,g3,UP-DOWN-DOWN,LEFT,0.3479284723518321,False,False,False,False,False,0,evaluated,False,0,0,-16889,-5156,,,,,ready,94,4,
20260929,20260930,058,g4,UP-DOWN-UP,RIGHT,0.43440283643183686,False,True,True,False,False,2,evaluated,True,0,12414,-8000,11379,,,,,ready,94,4,
20260929,20260930,059,g5,UP-UP-UP,TOP,0.26725561561878874,True,False,False,False,False,1,evaluated,False,0,172,-4889,-4089,,,,,ready,94,4,
20260929,20260930,060,g6,UP-UP-DOWN,TOP,0.28386089015702753,False,False,False,False,False,0,evaluated,False,0,1638,-5067,-1867,,,,,ready,94,4,
20260929,20260930,061,g7,DOWN-UP-UP,RIGHT,0.40037070844356437,False,True,True,False,False,2,evaluated,False,0,0,-16178,-10844,,,,,ready,94,4,
20260929,20260930,062,g8,DOWN-DOWN-DOWN,LEFT,0.3644861141744208,False,False,False,True,False,0,evaluated,True,0,12759,-3911,11897,,,,,ready,94,4,
20260929,20260930,063,g9,DOWN-UP-UP,TOP,0.2633355002579286,False,False,False,False,False,0,evaluated,True,0,6121,-1244,603,,,,,ready,94,4,
20260929,20260930,064,g1,DOWN-UP-UP,TOP,0.2688893168133384,False,False,False,False,False,0,evaluated,False,0,7414,-3467,-889,,,,,ready,94,4,
20260929,20260930,065,g2,DOWN-UP-DOWN,LEFT,0.4336374895480426,False,False,False,False,False,0,evaluated,True,0,7845,0,345,,,,,ready,94,4,
20260929,20260930,066,g3,DOWN-UP-DOWN,LEFT,0.303535974317765,False,False,False,False,False,0,evaluated,False,0,9397,-4444,-4444,,,,,ready,94,4,
20260929,20260930,067,g4,UP-UP-UP,TOP,0.6272975343421747,True,False,False,False,False,1,evaluated,False,0,2069,-4533,-4533,,,,,ready,94,4,
20260929,20260930,068,g5,UP-DOWN-DOWN,RIGHT,0.2741441426684522,False,True,True,False,False,2,evaluated,True,0,5776,-2667,2759,,,,,ready,94,4,
20260929,20260930,069,g6,UP-UP-UP,TOP,0.2628798402389646,True,False,False,False,False,1,evaluated,True,0,2328,-10133,1379,,,,,ready,94,4,
20260929,20260930,070,g7,UP-UP-UP,RIGHT,0.27004898265637445,True,True,True,False,True,3,evaluated,False,0,948,-5867,-2844,,,,,ready,94,4,
20260929,20260930,071,g8,DOWN-UP-UP,LEFT,0.2977717347666198,False,False,False,False,False,0,evaluated,True,0,32821,-779,31538,,,,,ready,94,4,
20260929,20260930,072,g9,DOWN-DOWN-UP,LEFT,0.31129159142459817,False,False,False,False,False,0,evaluated,False,0,0,-22979,-22979,,,,,ready,94,4,
20260929,20260930,073,g1,DOWN-UP-UP,TOP,0.25707113669250026,False,False,False,False,False,0,evaluated,False,0,4138,-1600,-267,,,,,ready,94,4,
20260929,20260930,074,g2,DOWN-UP-UP,TOP,0.3045668392194375,False,False,False,False,False,0,evaluated,True,0,12586,-533,5517,,,,,ready,94,4,
20260929,20260930,075,g3,UP-DOWN-DOWN,LEFT,0.24681256527910134,False,False,False,False,False,0,evaluated,False,0,862,-11556,-1600,,,,,ready,94,4,
20260929,20260930,076,g4,UP-UP-UP,TOP,0.4226543356486,True,False,False,False,False,1,evaluated,True,0,13621,-1422,5690,,,,,ready,94,4,
20260929,20260930,077,g5,DOWN-DOWN-UP,TOP,0.2415994169175233,False,False,False,False,False,0,evaluated,False,0,0,-6400,-6400,,,,,ready,94,4,
20260930,20261001,018,g9,DOWN-UP-UP,TOP,0.3117670360192707,False,False,False,False,False,0,evaluated,True,0,12241,-1956,10690,,,,,ready,24,4,
20260930,20261001,019,g1,UP-UP-DOWN,BOTTOM,0.34881076680334955,False,False,False,False,False,0,evaluated,False,0,1466,-9067,-6578,,,,,ready,24,4,
20260930,20261001,039,g3,DOWN-DOWN-UP,LEFT,0.2753810468386484,False,False,False,False,False,0,evaluated,False,0,8793,-1511,-1511,,,,,ready,95,4,
20260930,20261001,040,g4,UP-UP-UP,TOP,0.6618253708754893,True,False,False,False,False,1,evaluated,True,0,1897,-4978,517,,,,,ready,95,4,
20260930,20261001,041,g5,UP-DOWN-DOWN,LEFT,0.37235575207380345,False,False,False,False,False,0,evaluated,False,0,0,-8800,-6667,,,,,ready,95,4,
20260930,20261001,042,g6,DOWN-DOWN-UP,BOTTOM,0.3451582645412674,False,False,False,False,False,0,evaluated,False,0,0,-8267,-2756,,,,,ready,95,4,
20260930,20261001,043,g7,DOWN-UP-UP,TOP,0.2747859930951587,False,False,False,False,False,0,evaluated,True,0,12759,-3200,7586,,,,,ready,95,4,
20260930,20261001,044,g8,UP-DOWN-DOWN,RIGHT,0.36795591300246855,False,True,True,False,False,2,evaluated,False,0,0,-13511,-9067,,,,,ready,95,4,
20260930,20261001,045,g9,DOWN-UP-UP,RIGHT,0.47733043704983513,False,True,True,False,False,2,evaluated,False,0,0,-9956,-5067,,,,,ready,95,4,
20260930,20261001,046,g1,DOWN-DOWN-UP,LEFT,0.29438971392971225,False,False,False,False,False,0,evaluated,True,0,10690,-356,9483,,,,,ready,95,4,
20260930,20261001,047,g2,UP-UP-UP,RIGHT,0.37399356955281715,True,True,True,False,True,3,evaluated,False,0,5603,-3111,-3022,,,,,ready,95,4,
20260930,20261001,048,g3,DOWN-UP-DOWN,RIGHT,0.3119645891221482,False,True,True,False,False,2,evaluated,False,0,2241,-18844,-18844,,,,,ready,95,4,
20260930,20261001,049,g4,DOWN-DOWN-DOWN,LEFT,0.7751981833997115,False,False,False,True,False,0,evaluated,False,0,0,-18667,-18667,,,,,ready,95,4,
20260930,20261001,050,g5,UP-UP-UP,TOP,0.24277391835307938,True,False,False,False,False,1,evaluated,True,0,17759,0,15172,,,,,ready,95,4,
20260930,20261001,051,g6,UP-DOWN-DOWN,TOP,0.39755764842582586,False,False,False,False,False,0,evaluated,True,0,6897,-13156,6897,,,,,ready,95,4,
20260930,20261001,052,g7,DOWN-DOWN-UP,TOP,0.2551584150227406,False,False,False,False,False,0,evaluated,False,0,0,-19556,-19556,,,,,ready,95,4,
20260930,20261001,053,g8,UP-DOWN-UP,TOP,0.3324667007385612,False,False,False,False,False,0,evaluated,False,0,0,-11733,-4978,,,,,ready,95,4,
20260930,20261001,054,g9,UP-DOWN-DOWN,TOP,0.305669244238835,False,False,False,False,False,0,evaluated,False,0,0,-22213,-8936,,,,,ready,95,4,
20260930,20261001,055,g1,UP-DOWN-DOWN,LEFT,0.4925062529798019,False,False,False,False,False,0,evaluated,False,0,0,-8533,-3111,,,,,ready,95,4,
20260930,20261001,056,g2,UP-DOWN-DOWN,LEFT,0.30676880504536075,False,False,False,False,False,0,evaluated,False,0,6293,-8533,-8533,,,,,ready,95,4,
20260930,20261001,057,g3,DOWN-DOWN-UP,BOTTOM,0.6174961576916198,False,False,False,False,False,0,evaluated,False,0,0,-24000,-18894,,,,,ready,95,4,
20260930,20261001,058,g4,UP-UP-UP,TOP,0.2889256332076834,True,False,False,False,False,1,evaluated,True,0,6293,-2933,3190,,,,,ready,95,4,
20260930,20261001,059,g5,DOWN-UP-DOWN,LEFT,0.277110583500895,False,False,False,False,False,0,evaluated,False,0,2414,-10311,-10311,,,,,ready,95,4,
20260930,20261001,060,g6,DOWN-UP-DOWN,LEFT,0.31113629064185855,False,False,False,False,False,0,evaluated,False,0,0,-23745,-23745,,,,,ready,95,4,
20260930,20261001,061,g7,UP-UP-UP,TOP,0.24277930749399468,True,False,False,False,False,1,evaluated,False,0,0,-20426,-14298,,,,,ready,95,4,
20260930,20261001,062,g8,DOWN-UP-UP,TOP,0.24374308497413533,False,False,False,False,False,0,evaluated,True,0,6466,-3556,517,,,,,ready,95,4,
20260930,20261001,063,g9,UP-DOWN-DOWN,LEFT,0.3192357939182796,False,False,False,False,False,0,evaluated,True,0,24545,-2298,15620,,,,,ready,95,4,
20260930,20261001,064,g1,UP-DOWN-DOWN,LEFT,0.3200679115513073,False,False,False,False,False,0,evaluated,False,0,1552,-9778,-4000,,,,,ready,95,4,
20260930,20261001,065,g2,UP-DOWN-DOWN,LEFT,0.26410308612970823,False,False,False,False,False,0,evaluated,True,0,18276,-1067,15690,,,,,ready,95,4,
20260930,20261001,066,g3,DOWN-DOWN-DOWN,BOTTOM,0.7473802597828403,False,False,False,True,False,0,evaluated,False,0,0,-21702,-20936,,,,,ready,95,4,
20260930,20261001,067,g4,DOWN-DOWN-DOWN,LEFT,0.5712246341827469,False,False,False,True,False,0,evaluated,False,0,0,-17244,-17244,,,,,ready,95,4,
20260930,20261001,068,g5,DOWN-UP-UP,RIGHT,0.24859897513407014,False,True,True,False,False,2,evaluated,True,0,17241,-711,15690,,,,,ready,95,4,
20260930,20261001,069,g6,DOWN-DOWN-DOWN,LEFT,0.31204027415363944,False,False,False,True,False,0,evaluated,True,0,20331,-1787,15620,,,,,ready,95,4,
20260930,20261001,070,g7,UP-UP-DOWN,RIGHT,0.3093371111878944,False,True,True,False,False,2,evaluated,False,0,7414,-2044,-800,,,,,ready,95,4,
20260930,20261001,071,g8,DOWN-DOWN-DOWN,LEFT,0.3663941249445797,False,False,False,True,False,0,evaluated,True,0,1897,-13156,1379,,,,,ready,95,4,
20260930,20261001,072,g9,DOWN-UP-DOWN,BOTTOM,0.37987437153754056,False,False,False,False,False,0,evaluated,True,0,8966,-11378,8448,,,,,ready,95,4,
20260930,20261001,073,g1,DOWN-DOWN-DOWN,LEFT,0.4782455773034632,False,False,False,True,False,0,evaluated,True,0,13276,-3200,7069,,,,,ready,95,4,
20260930,20261001,074,g2,DOWN-UP-DOWN,BOTTOM,0.2469994200995279,False,False,False,False,False,0,evaluated,False,0,4397,-2578,-1511,,,,,ready,95,4,
20260930,20261001,075,g3,UP-DOWN-DOWN,LEFT,0.4269982151366455,False,False,False,False,False,0,evaluated,True,0,21570,-255,16364,,,,,ready,95,4,
20260930,20261001,076,g4,DOWN-UP-DOWN,LEFT,0.26861680006724475,False,False,False,False,False,0,evaluated,False,0,6897,-11556,-11556,,,,,ready,95,4,
20260930,20261001,077,g5,DOWN-UP-DOWN,RIGHT,0.2559555526854552,False,True,True,False,False,2,evaluated,False,0,259,-8533,-6489,,,,,ready,95,4,
20261001,20261002,018,g9,UP-DOWN-UP,TOP,0.30592697521532697,False,False,False,False,False,0,evaluated,True,0,6034,-3644,4741,,,,,ready,25,4,
20261001,20261002,019,g1,UP-UP-DOWN,RIGHT,0.28075002589430964,False,True,True,False,False,2,evaluated,True,0,10690,-1600,7931,,,,,ready,25,4,
20261001,20261002,039,g3,UP-DOWN-DOWN,LEFT,0.30036508048224664,False,False,False,False,False,0,evaluated,False,0,15345,-1244,-1244,,,,,ready,96,4,
20261001,20261002,040,g4,DOWN-UP-UP,TOP,0.32940509328449996,False,False,False,False,False,0,evaluated,False,0,0,-6667,-6667,,,,,ready,96,4,
20261001,20261002,041,g5,DOWN-DOWN-UP,TOP,0.2907198572258938,False,False,False,False,False,0,evaluated,False,0,0,-18489,-18489,,,,,ready,96,4,
20261001,20261002,042,g6,DOWN-UP-UP,RIGHT,0.3769004351617301,False,True,True,False,False,2,evaluated,False,0,0,-14044,-14044,,,,,ready,96,4,
20261001,20261002,043,g7,UP-UP-DOWN,RIGHT,0.32829402005123043,False,True,True,False,False,2,evaluated,True,0,11897,-889,9138,,,,,ready,96,4,
20261001,20261002,044,g8,UP-UP-UP,TOP,0.6275853689068445,True,False,False,False,False,1,evaluated,True,0,3103,-6044,1466,,,,,ready,96,4,
20261001,20261002,045,g9,UP-UP-UP,RIGHT,0.4344053742310401,True,True,True,False,True,3,evaluated,True,0,1638,-9600,690,,,,,ready,96,4,
20261001,20261002,046,g1,UP-DOWN-DOWN,TOP,0.3348176840591115,False,False,False,False,False,0,evaluated,True,0,28512,-1021,22314,,,,,ready,96,4,
20261001,20261002,047,g2,DOWN-UP-UP,TOP,0.6526066630225308,False,False,False,False,False,0,evaluated,True,0,14483,-4978,8966,,,,,ready,96,4,
20261001,20261002,048,g3,DOWN-DOWN-UP,LEFT,0.2869707483959213,False,False,False,False,False,0,evaluated,False,0,6121,-5244,-2756,,,,,ready,96,4,
20261001,20261002,049,g4,DOWN-DOWN-DOWN,BOTTOM,0.8464791391507256,False,False,False,True,False,0,evaluated,False,0,0,-15644,-14400,,,,,ready,96,4,
20261001,20261002,050,g5,DOWN-UP-DOWN,RIGHT,0.24120465062710472,False,True,True,False,False,2,evaluated,False,0,5690,-2044,-800,,,,,ready,96,4,
20261001,20261002,051,g6,UP-DOWN-UP,TOP,0.32659225026784466,False,False,False,False,False,0,evaluated,True,0,10172,-356,3621,,,,,ready,96,4,
20261001,20261002,052,g7,DOWN-UP-DOWN,BOTTOM,0.4150850767057419,False,False,False,False,False,0,evaluated,True,0,13448,-2311,7241,,,,,ready,96,4,
20261001,20261002,053,g8,DOWN-UP-DOWN,TOP,0.2824600629896026,False,False,False,False,False,0,evaluated,False,0,3448,-9867,-7200,,,,,ready,96,4,
20261001,20261002,054,g9,DOWN-UP-DOWN,LEFT,0.2467748097608614,False,False,False,False,False,0,evaluated,True,0,14655,-4800,14138,,,,,ready,96,4,
20261001,20261002,055,g1,DOWN-DOWN-UP,RIGHT,0.4854322364001675,False,True,True,False,False,2,evaluated,False,0,0,-8978,-8000,,,,,ready,96,4,
20261001,20261002,056,g2,DOWN-DOWN-UP,RIGHT,0.3048675400031188,False,True,True,False,False,2,evaluated,True,0,6207,-5867,2672,,,,,ready,96,4,
20261001,20261002,057,g3,DOWN-UP-DOWN,BOTTOM,0.427397387460844,False,False,False,False,False,0,evaluated,False,0,0,-14222,-14222,,,,,ready,96,4,
20261001,20261002,058,g4,DOWN-DOWN-UP,BOTTOM,0.2680452141728401,False,False,False,False,False,0,evaluated,False,0,1810,-5867,-5867,,,,,ready,96,4,
20261001,20261002,059,g5,DOWN-DOWN-UP,RIGHT,0.3469530586525409,False,True,True,False,False,2,evaluated,False,0,0,-16533,-16533,,,,,ready,96,4,
20261001,20261002,060,g6,DOWN-DOWN-UP,BOTTOM,0.28116938342623743,False,False,False,False,False,0,evaluated,False,0,3362,-7822,-6400,,,,,ready,96,4,
20261001,20261002,061,g7,UP-DOWN-UP,TOP,0.29984785178492124,False,False,False,False,False,0,evaluated,False,0,0,-8356,-3378,,,,,ready,96,4,
20261001,20261002,062,g8,DOWN-UP-DOWN,LEFT,0.4300467136146381,False,False,False,False,False,0,evaluated,False,0,8707,-3022,-1156,,,,,ready,96,4,
20261001,20261002,063,g9,UP-DOWN-UP,TOP,0.28456958588885306,False,False,False,False,False,0,evaluated,False,0,0,-12622,-12622,,,,,ready,96,4,
20261001,20261002,064,g1,UP-DOWN-DOWN,BOTTOM,0.2971224926628987,False,False,False,False,False,0,evaluated,True,0,23802,-1277,21074,,,,,ready,96,4,
20261001,20261002,065,g2,UP-DOWN-DOWN,LEFT,0.6003038705163346,False,False,False,False,False,0,evaluated,False,0,0,-10667,-10667,,,,,ready,96,4,
20261001,20261002,066,g3,DOWN-DOWN-UP,RIGHT,0.40132016754299993,False,True,True,False,False,2,evaluated,True,0,3621,-3644,345,,,,,ready,96,4,
20261001,20261002,067,g4,UP-DOWN-DOWN,BOTTOM,0.4943814947655657,False,False,False,False,False,0,evaluated,False,0,0,-20089,-20089,,,,,ready,96,4,
20261001,20261002,068,g5,DOWN-UP-UP,TOP,0.28182566487203997,False,False,False,False,False,0,evaluated,True,0,5431,-3911,517,,,,,ready,96,4,
20261001,20261002,069,g6,UP-UP-DOWN,TOP,0.27318786939540884,False,False,False,False,False,0,evaluated,False,0,6983,-4800,-3822,,,,,ready,96,4,
20261001,20261002,070,g7,UP-DOWN-UP,TOP,0.48330877441271625,False,False,False,False,False,0,evaluated,False,0,0,-14933,-14933,,,,,ready,96,4,
20261001,20261002,071,g8,DOWN-DOWN-UP,TOP,0.2907251977478619,False,False,False,False,False,0,evaluated,False,0,0,-19200,-19200,,,,,ready,96,4,
20261001,20261002,072,g9,UP-UP-DOWN,BOTTOM,0.37288190750290184,False,False,False,False,False,0,evaluated,True,0,11034,-2311,3966,,,,,ready,96,4,
20261001,20261002,073,g1,DOWN-DOWN-DOWN,LEFT,0.5609560530524456,False,False,False,True,False,0,evaluated,False,0,0,-20936,-19915,,,,,ready,96,4,
20261001,20261002,074,g2,UP-UP-DOWN,RIGHT,0.3982252872012355,False,True,True,False,False,2,evaluated,False,0,0,-14400,-14400,,,,,ready,96,4,
20261001,20261002,075,g3,DOWN-DOWN-UP,LEFT,0.2986732657252916,False,False,False,False,False,0,evaluated,False,0,0,-17600,-13333,,,,,ready,96,4,
20261001,20261002,076,g4,DOWN-UP-DOWN,BOTTOM,0.2578727704604382,False,False,False,False,False,0,evaluated,False,0,0,-9689,-9689,,,,,ready,96,4,
20261001,20261002,077,g5,UP-DOWN-UP,TOP,0.315299755476928,False,False,False,False,False,0,evaluated,True,0,10862,-3022,7759,,,,,ready,96,4,
20261002,20261003,018,g9,DOWN-UP-UP,TOP,0.2542192230231952,False,False,False,False,False,0,evaluated,True,0,20579,-255,16364,,,,,ready,26,4,
20261002,20261003,019,g1,UP-UP-DOWN,TOP,0.2757829042826796,False,False,False,False,False,0,evaluated,False,0,2500,-8622,-1689,,,,,ready,26,4,
20261002,20261003,039,g3,UP-DOWN-DOWN,LEFT,0.2747568887028873,False,False,False,False,False,0,evaluated,False,0,0,-15467,-5156,,,,,ready,97,4,
20261002,20261003,040,g4,DOWN-UP-DOWN,TOP,0.28762617092481113,False,False,False,False,False,0,evaluated,False,0,517,-16178,-16178,,,,,ready,97,4,
20261002,20261003,041,g5,DOWN-UP-DOWN,LEFT,0.29368291786753775,False,False,False,False,False,0,evaluated,True,0,13388,-12085,12397,,,,,ready,97,4,
20261002,20261003,042,g6,DOWN-UP-UP,RIGHT,0.5922970980255331,False,True,False,False,False,1,evaluated,True,0,31026,-6494,26667,,,,,ready,97,4,
20261002,20261003,043,g7,UP-UP-DOWN,RIGHT,0.2648744497831269,False,True,True,False,False,2,evaluated,False,0,1724,-14222,-356,,,,,ready,97,4,
20261002,20261003,044,g8,DOWN-DOWN-DOWN,LEFT,0.7170420654345735,False,False,False,True,False,0,evaluated,True,0,12586,-5333,5172,,,,,ready,97,4,
20261002,20261003,045,g9,DOWN-UP-UP,TOP,0.29195182187643576,False,False,False,False,False,0,evaluated,True,0,22314,0,17355,,,,,ready,97,4,
20261002,20261003,046,g1,DOWN-DOWN-UP,LEFT,0.2755953692650204,False,False,False,False,False,0,evaluated,True,0,517,-12800,172,,,,,ready,97,4,
20261002,20261003,047,g2,DOWN-DOWN-DOWN,LEFT,0.5225020552085453,False,False,False,True,False,0,evaluated,False,0,15000,-2133,-1956,,,,,ready,97,4,
20261002,20261003,048,g3,UP-DOWN-DOWN,BOTTOM,0.28579644609007926,False,False,False,False,False,0,evaluated,True,0,40104,-3947,38542,,,,,ready,97,4,
20261002,20261003,049,g4,UP-UP-UP,RIGHT,0.695377942750516,True,True,False,False,False,2,evaluated,False,0,0,-12089,-3556,,,,,ready,97,4,
20261002,20261003,050,g5,UP-UP-DOWN,RIGHT,0.32241919110907025,False,True,True,False,False,2,evaluated,True,0,15690,-2311,13621,,,,,ready,97,4,
20261002,20261003,051,g6,DOWN-DOWN-DOWN,TOP,0.47601745661366535,False,False,False,True,False,0,evaluated,True,0,17414,0,12069,,,,,ready,97,4,
20261002,20261003,052,g7,DOWN-UP-UP,RIGHT,0.31467840196618035,False,True,True,False,False,2,evaluated,False,0,1983,-5778,-800,,,,,ready,97,4,
20261002,20261003,053,g8,UP-DOWN-UP,TOP,0.26626410162533887,False,False,False,False,False,0,evaluated,False,0,0,-15467,-15467,,,,,ready,97,4,
20261002,20261003,054,g9,DOWN-DOWN-DOWN,LEFT,0.3667505962654506,False,False,False,True,False,0,evaluated,True,0,22066,-7660,11157,,,,,ready,97,4,
20261002,20261003,055,g1,UP-DOWN-UP,TOP,0.2537091801853584,False,False,False,False,False,0,evaluated,False,0,2500,-5422,-3111,,,,,ready,97,4,
20261002,20261003,056,g2,UP-UP-DOWN,TOP,0.2736245609633634,False,False,False,False,False,0,evaluated,False,0,0,-31948,-31948,,,,,ready,97,4,
20261002,20261003,057,g3,UP-UP-UP,TOP,0.2910893979855239,True,False,False,False,False,1,evaluated,True,0,15517,-6044,6897,,,,,ready,97,4,
20261002,20261003,058,g4,DOWN-UP-UP,RIGHT,0.39999532541786686,False,True,True,False,False,2,evaluated,False,0,3621,-6311,-267,,,,,ready,97,4,
20261002,20261003,059,g5,UP-DOWN-UP,RIGHT,0.30991106973467264,False,True,True,False,False,2,evaluated,False,0,5948,-6222,-5156,,,,,ready,97,4,
20261002,20261003,060,g6,DOWN-UP-DOWN,TOP,0.24985132945662725,False,False,False,False,False,0,evaluated,True,0,16379,-4978,14138,,,,,ready,97,4,
20261002,20261003,061,g7,DOWN-UP-DOWN,RIGHT,0.2954315406504675,False,True,True,False,False,2,evaluated,False,0,1897,-12622,-8356,,,,,ready,97,4,
20261002,20261003,062,g8,DOWN-DOWN-UP,LEFT,0.25168697394629824,False,False,False,False,False,0,evaluated,True,0,28017,0,25041,,,,,ready,97,4,
20261002,20261003,063,g9,DOWN-UP-DOWN,LEFT,0.29673783711433455,False,False,False,False,False,0,evaluated,False,0,0,-11378,-11378,,,,,ready,97,4,
20261002,20261003,064,g1,UP-UP-DOWN,TOP,0.2742195555971648,False,False,False,False,False,0,evaluated,False,0,0,-15111,-15111,,,,,ready,97,4,
20261002,20261003,065,g2,DOWN-DOWN-DOWN,BOTTOM,0.8337768738372806,False,False,False,True,False,0,evaluated,True,0,19310,-1422,7931,,,,,ready,97,4,
20261002,20261003,066,g3,UP-DOWN-DOWN,BOTTOM,0.4760637935514551,False,False,False,False,False,0,evaluated,False,0,0,-25277,-22213,,,,,ready,97,4,
20261002,20261003,067,g4,UP-UP-UP,TOP,0.2913808926529081,True,False,False,False,False,1,evaluated,True,0,10862,0,9828,,,,,ready,97,4,
20261002,20261003,068,g5,UP-DOWN-DOWN,LEFT,0.2842496046038727,False,False,False,False,False,0,evaluated,False,0,0,-14044,-14044,,,,,ready,97,4,
20261002,20261003,069,g6,DOWN-DOWN-DOWN,BOTTOM,0.4278719529320206,False,False,False,True,False,0,evaluated,False,0,172,-10844,-10844,,,,,ready,97,4,
20261002,20261003,070,g7,DOWN-DOWN-DOWN,LEFT,0.49650474105851783,False,False,False,True,False,0,evaluated,True,0,21322,-6894,18099,,,,,ready,97,4,
20261002,20261003,071,g8,DOWN-DOWN-DOWN,BOTTOM,0.792601628015435,False,False,False,True,False,0,evaluated,True,0,21818,-2298,19339,,,,,ready,97,4,
20261002,20261003,072,g9,UP-UP-DOWN,RIGHT,0.2933617959124909,False,True,True,False,False,2,evaluated,True,0,19483,0,19310,,,,,ready,97,4,
20261002,20261003,073,g1,DOWN-DOWN-UP,BOTTOM,0.3544699491578306,False,False,False,False,False,0,evaluated,False,0,14655,-356,0,,,,,ready,97,4,
20261002,20261003,074,g2,UP-UP-DOWN,RIGHT,0.3313224938269873,False,True,True,False,False,2,evaluated,False,0,7500,-4444,-1867,,,,,ready,97,4,
20261002,20261003,075,g3,UP-DOWN-DOWN,LEFT,0.25231692746387013,False,False,False,False,False,0,evaluated,True,0,5172,-13689,5172,,,,,ready,97,4,
20261002,20261003,076,g4,UP-DOWN-UP,TOP,0.308165937198112,False,False,False,False,False,0,evaluated,True,0,22562,-2298,19835,,,,,ready,97,4,
20261002,20261003,077,g5,DOWN-UP-UP,BOTTOM,0.31610558571853486,False,False,False,False,False,0,evaluated,True,0,5086,-4800,517,,,,,ready,97,4,
20261003,20261004,018,g9,UP-DOWN-UP,TOP,0.47813225775394574,False,False,False,False,False,0,evaluated,True,0,5776,0,3879,,,,,ready,27,4,
20261003,20261004,019,g1,UP-DOWN-UP,TOP,0.2727909075131334,False,False,False,False,False,0,evaluated,True,0,7500,-2667,7069,,,,,ready,27,4,
20261003,20261004,039,g3,DOWN-DOWN-UP,LEFT,0.29659736696546546,False,False,False,False,False,0,evaluated,False,0,7586,-2133,-978,,,,,ready,98,4,
20261003,20261004,040,g4,UP-DOWN-DOWN,TOP,0.25406249338530396,False,False,False,False,False,0,evaluated,True,0,10172,-3733,9483,,,,,ready,98,4,
20261003,20261004,041,g5,UP-UP-DOWN,RIGHT,0.2896305852419693,False,True,True,False,False,2,evaluated,True,0,5862,-267,2414,,,,,ready,98,4,
20261003,20261004,042,g6,DOWN-UP-UP,RIGHT,0.40691354997196916,False,True,True,False,False,2,evaluated,False,0,0,-3644,-3644,,,,,ready,98,4,
20261003,20261004,043,g7,DOWN-UP-UP,RIGHT,0.32009914035921194,False,True,True,False,False,2,evaluated,True,0,11379,-711,3966,,,,,ready,98,4,
20261003,20261004,044,g8,DOWN-UP-UP,RIGHT,0.3750849590570213,False,True,True,False,False,2,evaluated,True,0,11034,-1600,7586,,,,,ready,98,4,
20261003,20261004,045,g9,DOWN-UP-UP,TOP,0.32037654339554156,False,False,False,False,False,0,evaluated,False,0,0,-9600,-9600,,,,,ready,98,4,
20261003,20261004,046,g1,UP-DOWN-UP,TOP,0.2564251957580893,False,False,False,False,False,0,evaluated,True,0,15000,-6756,6552,,,,,ready,98,4,
20261003,20261004,047,g2,DOWN-UP-DOWN,BOTTOM,0.35913753938017734,False,False,False,False,False,0,evaluated,True,0,5000,-5867,3534,,,,,ready,98,4,
20261003,20261004,048,g3,UP-DOWN-UP,TOP,0.6305576676227964,False,False,False,False,False,0,evaluated,True,0,17414,-356,13793,,,,,ready,98,4,
20261003,20261004,049,g4,UP-UP-UP,TOP,0.5454043735859397,True,False,False,False,False,1,evaluated,False,0,0,-9156,-1867,,,,,ready,98,4,
20261003,20261004,050,g5,DOWN-UP-UP,TOP,0.25982340961908557,False,False,False,False,False,0,evaluated,False,0,1552,-13689,-13689,,,,,ready,98,4,
20261003,20261004,051,g6,DOWN-DOWN-DOWN,LEFT,0.3640181218993136,False,False,False,True,False,0,evaluated,False,0,4310,-5778,-1156,,,,,ready,98,4,
20261003,20261004,052,g7,UP-DOWN-DOWN,LEFT,0.29512857530655867,False,False,False,False,False,0,evaluated,False,0,0,-13689,-13689,,,,,ready,98,4,
20261003,20261004,053,g8,DOWN-UP-DOWN,LEFT,0.2788435646078573,False,False,False,False,False,0,evaluated,False,0,6207,-14044,-14044,,,,,ready,98,4,
20261003,20261004,054,g9,UP-DOWN-UP,TOP,0.2887065279128459,False,False,False,False,False,0,evaluated,False,0,4138,-6311,-3467,,,,,ready,98,4,
20261003,20261004,055,g1,DOWN-DOWN-UP,BOTTOM,0.290762476978796,False,False,False,False,False,0,evaluated,False,0,0,-19200,-19200,,,,,ready,98,4,
20261003,20261004,056,g2,DOWN-DOWN-UP,BOTTOM,0.4857803736361801,False,False,False,False,False,0,evaluated,True,0,13276,-6400,11552,,,,,ready,98,4,
20261003,20261004,057,g3,UP-DOWN-DOWN,BOTTOM,0.4352705799086737,False,False,False,False,False,0,evaluated,True,0,8879,-8089,8448,,,,,ready,98,4,
20261003,20261004,058,g4,UP-DOWN-UP,RIGHT,0.24153354701441143,False,True,True,False,False,2,evaluated,True,0,9569,-1422,4224,,,,,ready,98,4,
20261003,20261004,059,g5,DOWN-DOWN-UP,TOP,0.2458260682396729,False,False,False,False,False,0,evaluated,False,0,1034,-11556,-8356,,,,,ready,98,4,
20261003,20261004,060,g6,DOWN-UP-UP,RIGHT,0.25084766806092207,False,True,True,False,False,2,evaluated,False,0,2586,-14222,-14222,,,,,ready,98,4,
20261003,20261004,061,g7,UP-DOWN-UP,TOP,0.27651662869105254,False,False,False,False,False,0,evaluated,False,0,7931,-6133,-1333,,,,,ready,98,4,
20261003,20261004,062,g8,DOWN-UP-DOWN,LEFT,0.30035624885402,False,False,False,False,False,0,evaluated,False,0,0,-11378,-11378,,,,,ready,98,4,
20261003,20261004,063,g9,UP-DOWN-DOWN,RIGHT,0.30062662552298536,False,True,True,False,False,2,evaluated,False,0,3448,-5422,-3733,,,,,ready,98,4,
20261003,20261004,064,g1,DOWN-DOWN-DOWN,LEFT,0.7594653075173186,False,False,False,True,False,0,evaluated,False,0,2759,-3556,-3556,,,,,ready,98,4,
20261003,20261004,065,g2,UP-UP-UP,RIGHT,0.27141391665628556,True,True,True,False,True,3,evaluated,False,0,0,-14933,-14933,,,,,ready,98,4,
20261003,20261004,066,g3,UP-UP-DOWN,RIGHT,0.9632906656960414,False,True,False,False,False,1,evaluated,False,0,1466,-6844,-6222,,,,,ready,98,4,
20261003,20261004,067,g4,DOWN-UP-UP,TOP,0.3352971888448447,False,False,False,False,False,0,evaluated,False,0,3276,-14044,-14044,,,,,ready,98,4,
20261003,20261004,068,g5,DOWN-DOWN-UP,RIGHT,0.30451296560158825,False,True,True,False,False,2,evaluated,False,0,1983,-7644,-7467,,,,,ready,98,4,
20261003,20261004,069,g6,UP-DOWN-DOWN,RIGHT,0.33708313727371286,False,True,True,False,False,2,evaluated,True,0,7241,-4711,6724,,,,,ready,98,4,
20261003,20261004,070,g7,UP-DOWN-DOWN,RIGHT,0.26087201268569804,False,True,True,False,False,2,evaluated,False,0,5000,-5511,-178,,,,,ready,98,4,
20261003,20261004,071,g8,UP-UP-DOWN,RIGHT,0.31826251121744364,False,True,True,False,False,2,evaluated,True,0,5517,-1956,1897,,,,,ready,98,4,
20261003,20261004,072,g9,UP-UP-DOWN,RIGHT,0.2632121807918071,False,True,True,False,False,2,evaluated,False,0,690,-2044,-2044,,,,,ready,98,4,
20261003,20261004,073,g1,DOWN-DOWN-UP,LEFT,0.3727603338102734,False,False,False,False,False,0,evaluated,False,0,3793,-13689,-13689,,,,,ready,98,4,
20261003,20261004,074,g2,DOWN-UP-UP,TOP,0.24327443520629333,False,False,False,False,False,0,evaluated,False,0,10345,-1956,-1956,,,,,ready,98,4,
20261003,20261004,075,g3,DOWN-UP-DOWN,TOP,0.30109509883686636,False,False,False,False,False,0,evaluated,True,0,8190,-4267,4655,,,,,ready,98,4,
20261003,20261004,076,g4,UP-UP-UP,TOP,0.3013853937015821,True,False,False,False,False,1,evaluated,True,0,16379,-1778,13793,,,,,ready,98,4,
20261003,20261004,077,g5,UP-UP-DOWN,RIGHT,0.2532360104594983,False,True,True,False,False,2,evaluated,True,0,8448,-9511,6466,,,,,ready,98,4,
20261004,20261005,018,g9,DOWN-DOWN-DOWN,LEFT,0.5892337249067345,False,False,False,True,False,0,evaluated,False,0,7069,-15289,-12800,,,,,ready,28,4,
20261004,20261005,019,g1,DOWN-UP-DOWN,LEFT,0.28981106869917816,False,False,False,False,False,0,evaluated,True,0,3534,-6578,3534,,,,,ready,28,4,
20261004,20261005,039,g3,DOWN-UP-DOWN,BOTTOM,0.30131591104847877,False,False,False,False,False,0,evaluated,True,0,15690,-6578,15690,,,,,ready,99,4,
20261004,20261005,040,g4,DOWN-DOWN-UP,TOP,0.2486310944026987,False,False,False,False,False,0,evaluated,False,0,0,-9600,-4622,,,,,ready,99,4,
20261004,20261005,041,g5,UP-DOWN-UP,RIGHT,0.31420912079591223,False,True,True,False,False,2,evaluated,False,0,0,-12267,-5511,,,,,ready,99,4,
20261004,20261005,042,g6,UP-UP-DOWN,TOP,0.29293825433411347,False,False,False,False,False,0,evaluated,True,0,18966,0,17931,,,,,ready,99,4,
20261004,20261005,043,g7,UP-UP-UP,RIGHT,0.2566138690357169,True,True,True,False,True,3,evaluated,False,0,0,-14400,-14400,,,,,ready,99,4,
20261004,20261005,044,g8,UP-DOWN-UP,TOP,0.2859352371686783,False,False,False,False,False,0,evaluated,True,0,13621,0,9138,,,,,ready,99,4,
20261004,20261005,045,g9,DOWN-DOWN-UP,LEFT,0.27163894452246784,False,False,False,False,False,0,evaluated,False,0,0,-22979,-22979,,,,,ready,99,4,
20261004,20261005,046,g1,UP-DOWN-UP,TOP,0.48749421797633363,False,False,False,False,False,0,evaluated,True,0,7931,-10311,5000,,,,,ready,99,4,
20261004,20261005,047,g2,DOWN-UP-DOWN,LEFT,0.30178205349246634,False,False,False,False,False,0,evaluated,True,0,23058,-3574,22562,,,,,ready,99,4,
20261004,20261005,048,g3,DOWN-DOWN-UP,TOP,0.8982498576841966,False,False,False,False,False,0,evaluated,False,0,0,-10133,-10133,,,,,ready,99,4,
20261004,20261005,049,g4,DOWN-DOWN-DOWN,LEFT,0.6534635318788127,False,False,False,True,False,0,evaluated,False,0,0,-15289,-15289,,,,,ready,99,4,
20261004,20261005,050,g5,DOWN-DOWN-UP,RIGHT,0.2663714289755451,False,True,True,False,False,2,evaluated,True,0,10862,0,3793,,,,,ready,99,4,
20261004,20261005,051,g6,DOWN-DOWN-DOWN,LEFT,0.2859501045540621,False,False,False,True,False,0,evaluated,True,0,3879,-4800,1379,,,,,ready,99,4,
20261004,20261005,052,g7,UP-DOWN-DOWN,BOTTOM,0.29476370511208305,False,False,False,False,False,0,evaluated,True,0,11552,-2311,9138,,,,,ready,99,4,
20261004,20261005,053,g8,UP-DOWN-UP,RIGHT,0.2419117045987048,False,True,True,False,False,2,evaluated,True,0,11207,-6400,11207,,,,,ready,99,4,
20261004,20261005,054,g9,DOWN-UP-UP,TOP,0.2725139890683398,False,False,False,False,False,0,evaluated,True,0,7586,-13333,7069,,,,,ready,99,4,
20261004,20261005,055,g1,DOWN-DOWN-DOWN,BOTTOM,0.44380553431748426,False,False,False,True,False,0,evaluated,False,0,3103,-10133,-10133,,,,,ready,99,4,
20261004,20261005,056,g2,UP-UP-UP,TOP,0.2947200765841598,True,False,False,False,False,1,evaluated,False,0,2328,-5867,-2400,,,,,ready,99,4,
20261004,20261005,057,g3,UP-UP-UP,RIGHT,0.9712527552197855,True,True,False,False,False,2,evaluated,False,0,0,-10844,-6400,,,,,ready,99,4,
20261004,20261005,058,g4,UP-UP-DOWN,RIGHT,0.516424565869978,False,True,False,False,False,1,evaluated,True,0,7414,-6044,7241,,,,,ready,99,4,
20261004,20261005,059,g5,DOWN-DOWN-DOWN,BOTTOM,0.8952771171950267,False,False,False,True,False,0,evaluated,True,0,14655,-2311,7069,,,,,ready,99,4,
20261004,20261005,060,g6,DOWN-UP-DOWN,RIGHT,0.6083992418457048,False,True,False,False,False,1,evaluated,False,0,0,-12622,-12622,,,,,ready,99,4,
20261004,20261005,061,g7,DOWN-UP-UP,BOTTOM,0.37452896012549586,False,False,False,False,False,0,evaluated,False,0,0,-11200,-10844,,,,,ready,99,4,
20261004,20261005,062,g8,DOWN-DOWN-UP,TOP,0.2868318103307341,False,False,False,False,False,0,evaluated,True,0,12414,-3200,12241,,,,,ready,99,4,
20261004,20261005,063,g9,DOWN-UP-UP,TOP,0.28178874573189094,False,False,False,False,False,0,evaluated,False,0,0,-9867,-3644,,,,,ready,99,4,
20261004,20261005,064,g1,DOWN-UP-DOWN,RIGHT,0.38182021966433954,False,True,True,False,False,2,evaluated,True,0,22314,-3830,20331,,,,,ready,99,4,
20261004,20261005,065,g2,DOWN-UP-UP,RIGHT,0.4883163049070677,False,True,True,False,False,2,evaluated,False,0,0,-18311,-18311,,,,,ready,99,4,
20261004,20261005,066,g3,UP-UP-DOWN,RIGHT,0.7223285436147517,False,True,False,False,False,1,evaluated,False,0,0,-15644,-15644,,,,,ready,99,4,
20261004,20261005,067,g4,UP-UP-DOWN,TOP,0.2762219053194198,False,False,False,False,False,0,evaluated,False,0,0,-17956,-17956,,,,,ready,99,4,
20261004,20261005,068,g5,UP-UP-DOWN,TOP,0.26610970751653373,False,False,False,False,False,0,evaluated,False,0,0,-13156,-13156,,,,,ready,99,4,
20261004,20261005,069,g6,DOWN-UP-UP,TOP,0.27847832716456933,False,False,False,False,False,0,evaluated,False,0,0,-11556,-4444,,,,,ready,99,4,
20261004,20261005,070,g7,DOWN-DOWN-UP,BOTTOM,0.3480296091379068,False,False,False,False,False,0,evaluated,False,0,0,-11911,-11911,,,,,ready,99,4,
20261004,20261005,071,g8,DOWN-UP-UP,BOTTOM,0.7245213282920837,False,False,False,False,False,0,evaluated,False,0,0,-15467,-15467,,,,,ready,99,4,
20261004,20261005,072,g9,UP-UP-DOWN,TOP,0.31644045994242365,False,False,False,False,False,0,evaluated,True,0,4569,-1600,3793,,,,,ready,99,4,
20261004,20261005,073,g1,UP-UP-DOWN,BOTTOM,0.7497114311195697,False,False,False,False,False,0,evaluated,False,0,2328,-9600,-1600,,,,,ready,99,4,
20261004,20261005,074,g2,DOWN-UP-UP,TOP,0.29029782915353697,False,False,False,False,False,0,evaluated,False,0,0,-9156,-9156,,,,,ready,99,4,
20261004,20261005,075,g3,UP-DOWN-DOWN,RIGHT,0.295583583861864,False,True,True,False,False,2,evaluated,True,0,7328,-3378,3621,,,,,ready,99,4,
20261004,20261005,076,g4,DOWN-UP-UP,TOP,0.288127825846907,False,False,False,False,False,0,evaluated,False,0,7155,-2756,-2756,,,,,ready,99,4,
20261004,20261005,077,g5,UP-UP-DOWN,LEFT,0.4063958429043588,False,False,False,False,False,0,evaluated,True,0,6638,-6311,5000,,,,,ready,99,4,
20261005,20261006,018,g9,DOWN-DOWN-DOWN,BOTTOM,0.6597334382013488,False,False,False,True,False,0,evaluated,True,0,17241,0,13966,,,,,ready,29,4,
20261005,20261006,019,g1,DOWN-DOWN-UP,BOTTOM,0.37747155146026257,False,False,False,False,False,0,evaluated,True,0,4569,-7200,2414,,,,,ready,29,4,
20261005,20261006,039,g3,UP-DOWN-UP,TOP,0.2766270417599157,False,False,False,False,False,0,evaluated,True,0,6552,0,1466,,,,,ready,100,4,
20261005,20261006,040,g4,DOWN-DOWN-UP,LEFT,0.34507645166163003,False,False,False,False,False,0,evaluated,True,0,12759,0,11552,,,,,ready,100,4,
20261005,20261006,041,g5,UP-UP-DOWN,RIGHT,0.27005614108918397,False,True,True,False,False,2,evaluated,True,0,15000,-2311,9828,,,,,ready,100,4,
20261005,20261006,042,g6,UP-DOWN-UP,TOP,0.28348071373097705,False,False,False,False,False,0,evaluated,False,0,1379,-6311,-6311,,,,,ready,100,4,
20261005,20261006,043,g7,UP-UP-DOWN,TOP,0.28855063106607204,False,False,False,False,False,0,evaluated,False,0,1897,-10133,-10133,,,,,ready,100,4,
20261005,20261006,044,g8,UP-DOWN-DOWN,TOP,0.2837431897414917,False,False,False,False,False,0,evaluated,True,0,7241,-15111,7241,,,,,ready,100,4,
20261005,20261006,045,g9,DOWN-UP-DOWN,LEFT,0.2866795454143819,False,False,False,False,False,0,evaluated,False,0,2328,-5067,-2044,,,,,ready,100,4,
20261005,20261006,046,g1,DOWN-DOWN-DOWN,LEFT,0.44731001830575845,False,False,False,True,False,0,evaluated,False,0,2414,-1511,-711,,,,,ready,100,4,
20261005,20261006,047,g2,DOWN-DOWN-UP,TOP,0.31201321260812176,False,False,False,False,False,0,evaluated,True,0,22066,-3319,19339,,,,,ready,100,4,
20261005,20261006,048,g3,DOWN-DOWN-DOWN,LEFT,0.3618027898752022,False,False,False,True,False,0,evaluated,False,0,5862,-2311,-2311,,,,,ready,100,4,
20261005,20261006,049,g4,DOWN-DOWN-UP,BOTTOM,0.6580160233713719,False,False,False,False,False,0,evaluated,False,0,0,-15822,-15822,,,,,ready,100,4,
20261005,20261006,050,g5,UP-DOWN-UP,TOP,0.2867986204757278,False,False,False,False,False,0,evaluated,False,0,0,-18311,-18311,,,,,ready,100,4,
20261005,20261006,051,g6,DOWN-DOWN-UP,TOP,0.3231360636888573,False,False,False,False,False,0,evaluated,False,0,1724,-14222,-14222,,,,,ready,100,4,
20261005,20261006,052,g7,UP-UP-DOWN,LEFT,0.25979283090926997,False,False,False,False,False,0,evaluated,True,0,15690,-178,862,,,,,ready,100,4,
20261005,20261006,053,g8,UP-DOWN-UP,LEFT,0.2706065752976736,False,False,False,False,False,0,evaluated,False,0,1121,-9956,-2578,,,,,ready,100,4,
20261005,20261006,054,g9,UP-UP-DOWN,TOP,0.29391489812128524,False,False,False,False,False,0,evaluated,True,0,18966,-889,13276,,,,,ready,100,4,
20261005,20261006,055,g1,UP-DOWN-UP,TOP,0.3033428429954952,False,False,False,False,False,0,evaluated,False,0,0,-12444,-4089,,,,,ready,100,4,
20261005,20261006,056,g2,DOWN-DOWN-DOWN,LEFT,0.5271389307103037,False,False,False,True,False,0,evaluated,True,0,31795,0,31795,,,,,ready,100,4,
20261005,20261006,057,g3,UP-UP-DOWN,TOP,0.24304479525114586,False,False,False,False,False,0,evaluated,False,0,0,-30128,-27830,,,,,ready,100,4,
20261005,20261006,058,g4,UP-UP-UP,TOP,0.5460696099764613,True,False,False,False,False,1,evaluated,False,0,0,-20681,-20681,,,,,ready,100,4,
20261005,20261006,059,g5,UP-UP-DOWN,TOP,0.27871028450924773,False,False,False,False,False,0,evaluated,True,0,11552,-1422,172,,,,,ready,100,4,
20261005,20261006,060,g6,UP-UP-DOWN,TOP,0.31118790461098544,False,False,False,False,False,0,evaluated,False,0,2069,-13511,-13511,,,,,ready,100,4,
20261005,20261006,061,g7,UP-UP-UP,RIGHT,0.25383369697275004,True,True,True,False,True,3,evaluated,True,0,13103,0,11034,,,,,ready,100,4,
20261005,20261006,062,g8,DOWN-UP-UP,TOP,0.2983608589051727,False,False,False,False,False,0,evaluated,False,0,0,-10489,-3556,,,,,ready,100,4,
20261005,20261006,063,g9,UP-DOWN-DOWN,RIGHT,0.3020237027535083,False,True,True,False,False,2,evaluated,False,0,0,-17778,-14400,,,,,ready,100,4,
20261005,20261006,064,g1,UP-DOWN-UP,TOP,0.266347419978211,False,False,False,False,False,0,evaluated,False,0,0,-8000,-8000,,,,,ready,100,4,
20261005,20261006,065,g2,UP-UP-DOWN,TOP,0.30798756977312647,False,False,False,False,False,0,evaluated,False,0,11552,-1956,-1956,,,,,ready,100,4,
20261005,20261006,066,g3,UP-UP-DOWN,RIGHT,0.4776449161639522,False,True,True,False,False,2,evaluated,False,0,1121,-7200,-1156,,,,,ready,100,4,
20261005,20261006,067,g4,DOWN-DOWN-UP,BOTTOM,0.5446773086646062,False,False,False,False,False,0,evaluated,False,0,9310,-14400,-14400,,,,,ready,100,4,
20261005,20261006,068,g5,UP-DOWN-DOWN,TOP,0.2912891236657541,False,False,False,False,False,0,evaluated,False,0,4569,-5156,-978,,,,,ready,100,4,
20261005,20261006,069,g6,UP-UP-DOWN,TOP,0.3001665473149431,False,False,False,False,False,0,evaluated,False,0,0,-13511,-8178,,,,,ready,100,4,
20261005,20261006,070,g7,UP-UP-DOWN,RIGHT,0.4676669965347038,False,True,True,False,False,2,evaluated,False,0,0,-13333,-10667,,,,,ready,100,4,
20261005,20261006,071,g8,UP-UP-UP,RIGHT,0.5172464484312163,True,True,False,False,False,2,evaluated,False,0,0,-14044,-14044,,,,,ready,100,4,
20261005,20261006,072,g9,DOWN-UP-DOWN,TOP,0.24339143940583208,False,False,False,False,False,0,evaluated,True,0,17759,-1600,10000,,,,,ready,100,4,
20261005,20261006,073,g1,UP-UP-UP,RIGHT,0.7029360499971913,True,True,False,False,False,2,evaluated,False,0,0,-8978,-3822,,,,,ready,100,4,
20261005,20261006,074,g2,DOWN-UP-DOWN,TOP,0.2991011295267312,False,False,False,False,False,0,evaluated,False,0,6810,-4711,-3378,,,,,ready,100,4,
20261005,20261006,075,g3,UP-DOWN-UP,TOP,0.297249629230827,False,False,False,False,False,0,evaluated,False,0,0,-15111,-15111,,,,,ready,100,4,
20261005,20261006,076,g4,UP-UP-DOWN,TOP,0.26468189139962395,False,False,False,False,False,0,evaluated,False,0,0,-16178,-16178,,,,,ready,100,4,
20261005,20261006,077,g5,DOWN-DOWN-UP,RIGHT,0.3335849542108118,False,True,True,False,False,2,evaluated,False,0,862,-6933,-533,,,,,ready,100,4,
20261006,20261007,018,g9,UP-DOWN-UP,TOP,0.2942638352831848,False,False,False,False,False,0,evaluated,False,0,5000,-7289,-5867,,,,,ready,30,4,
20261006,20261007,019,g1,DOWN-DOWN-UP,RIGHT,0.2909169743918604,False,True,True,False,False,2,evaluated,False,0,4655,-6133,-6133,,,,,ready,30,4,
20261006,20261007,039,g3,UP-DOWN-UP,TOP,0.26035294363452566,False,False,False,False,False,0,evaluated,False,0,0,-13511,-6756,,,,,ready,101,4,
20261006,20261007,040,g4,UP-DOWN-UP,TOP,0.2510256184960743,False,False,False,False,False,0,evaluated,False,0,0,-19022,-13867,,,,,ready,101,4,
20261006,20261007,041,g5,UP-UP-DOWN,RIGHT,0.34987801831307297,False,True,True,False,False,2,evaluated,True,0,15862,-8000,15690,,,,,ready,101,4,
20261006,20261007,042,g6,UP-DOWN-UP,TOP,0.2974150488579552,False,False,False,False,False,0,evaluated,False,0,0,-8978,-7822,,,,,ready,101,4,
20261006,20261007,043,g7,DOWN-UP-UP,RIGHT,0.31515558253557585,False,True,True,False,False,2,evaluated,False,0,3793,-6578,-6578,,,,,ready,101,4,
20261006,20261007,044,g8,UP-UP-DOWN,TOP,0.46166166900095573,False,False,False,False,False,0,evaluated,False,0,0,-9956,-9956,,,,,ready,101,4,
20261006,20261007,045,g9,DOWN-UP-DOWN,LEFT,0.31609353090692816,False,False,False,False,False,0,evaluated,False,0,0,-15467,-15467,,,,,ready,101,4,
20261006,20261007,046,g1,UP-DOWN-DOWN,LEFT,0.2946625761673759,False,False,False,False,False,0,evaluated,False,0,172,-9778,-7822,,,,,ready,101,4,
20261006,20261007,047,g2,DOWN-UP-UP,TOP,0.4141714690197893,False,False,False,False,False,0,evaluated,False,0,1983,-3556,-3556,,,,,ready,101,4,
20261006,20261007,048,g3,DOWN-DOWN-UP,TOP,0.27121131151555633,False,False,False,False,False,0,evaluated,True,0,12931,-3378,12586,,,,,ready,101,4,
20261006,20261007,049,g4,UP-UP-DOWN,RIGHT,0.5455374562547957,False,True,False,False,False,1,evaluated,False,0,0,-17067,-13867,,,,,ready,101,4,
20261006,20261007,050,g5,DOWN-DOWN-UP,BOTTOM,0.7268937374946585,False,False,False,False,False,0,evaluated,False,0,517,-10133,-10133,,,,,ready,101,4,
20261006,20261007,051,g6,DOWN-DOWN-DOWN,LEFT,0.3721264856341162,False,False,False,True,False,0,evaluated,False,0,2931,-2933,-2933,,,,,ready,101,4,
20261006,20261007,052,g7,UP-DOWN-DOWN,RIGHT,0.5240589775304154,False,True,False,False,False,1,evaluated,False,0,1207,-9333,-2044,,,,,ready,101,4,
20261006,20261007,053,g8,UP-DOWN-DOWN,TOP,0.26649267310677405,False,False,False,False,False,0,evaluated,False,0,862,-11022,-11022,,,,,ready,101,4,
20261006,20261007,054,g9,UP-UP-UP,TOP,0.6622909136508346,True,False,False,False,False,1,evaluated,False,0,4052,-7556,-7556,,,,,ready,101,4,
20261006,20261007,055,g1,DOWN-DOWN-DOWN,BOTTOM,0.6382172664573023,False,False,False,True,False,0,evaluated,False,0,10000,-1956,-1956,,,,,ready,101,4,
20261006,20261007,056,g2,DOWN-UP-DOWN,RIGHT,0.3884156826956735,False,True,True,False,False,2,evaluated,False,0,431,-1600,-800,,,,,ready,101,4,
20261006,20261007,057,g3,DOWN-UP-DOWN,RIGHT,0.3118099542616428,False,True,True,False,False,2,evaluated,False,0,2931,-12622,-8178,,,,,ready,101,4,
20261006,20261007,058,g4,DOWN-DOWN-UP,TOP,0.30758635927584776,False,False,False,False,False,0,evaluated,False,0,862,-8356,-7289,,,,,ready,101,4,
20261006,20261007,059,g5,UP-UP-DOWN,TOP,0.29726966634758845,False,False,False,False,False,0,evaluated,True,0,17069,-889,14483,,,,,ready,101,4,
20261006,20261007,060,g6,DOWN-DOWN-UP,BOTTOM,0.5819967504879933,False,False,False,False,False,0,evaluated,False,0,0,-10667,-6756,,,,,ready,101,4,
20261006,20261007,061,g7,UP-DOWN-UP,BOTTOM,0.2740934299799035,False,False,False,False,False,0,evaluated,False,0,0,-6311,-3822,,,,,ready,101,4,
20261006,20261007,062,g8,DOWN-DOWN-DOWN,BOTTOM,0.7332851785001846,False,False,False,True,False,0,evaluated,False,0,0,-5867,-5867,,,,,ready,101,4,
20261006,20261007,063,g9,DOWN-UP-UP,TOP,0.26313404109003835,False,False,False,False,False,0,evaluated,False,0,0,-16000,-16000,,,,,ready,101,4,
20261006,20261007,064,g1,DOWN-DOWN-DOWN,LEFT,0.5693719709526227,False,False,False,True,False,0,evaluated,True,0,22314,0,22314,,,,,ready,101,4,
20261006,20261007,065,g2,DOWN-DOWN-UP,TOP,0.2976057828580776,False,False,False,False,False,0,evaluated,False,0,3362,-5867,-5867,,,,,ready,101,4,
20261006,20261007,066,g3,UP-UP-UP,RIGHT,0.8588263835470035,True,True,False,False,False,2,evaluated,True,0,10000,-178,7241,,,,,ready,101,4,
20261006,20261007,067,g4,UP-DOWN-UP,RIGHT,0.3595022484803686,False,True,True,False,False,2,evaluated,False,0,1724,-7111,-7111,,,,,ready,101,4,
20261006,20261007,068,g5,DOWN-DOWN-UP,TOP,0.2793936282720735,False,False,False,False,False,0,evaluated,True,0,27025,-9191,24545,,,,,ready,101,4,
20261006,20261007,069,g6,DOWN-DOWN-DOWN,LEFT,0.46713751359715394,False,False,False,True,False,0,evaluated,True,0,19138,-3022,15862,,,,,ready,101,4,
20261006,20261007,070,g7,DOWN-UP-UP,RIGHT,0.2664455437788654,False,True,True,False,False,2,evaluated,False,0,0,-11378,-3733,,,,,ready,101,4,
20261006,20261007,071,g8,DOWN-UP-UP,BOTTOM,0.5193820770884355,False,False,False,False,False,0,evaluated,True,0,7069,-8000,5345,,,,,ready,101,4,
20261006,20261007,072,g9,DOWN-UP-DOWN,TOP,0.2513001787296397,False,False,False,False,False,0,evaluated,False,0,0,-11200,-11200,,,,,ready,101,4,
20261006,20261007,073,g1,UP-UP-UP,TOP,0.26905247936779875,True,False,False,False,False,1,evaluated,False,0,3103,-3822,-1067,,,,,ready,101,4,
20261006,20261007,074,g2,UP-UP-DOWN,RIGHT,0.2792515739468098,False,True,True,False,False,2,evaluated,True,0,9397,-1956,2672,,,,,ready,101,4,
20261006,20261007,075,g3,DOWN-DOWN-DOWN,BOTTOM,0.71020016023612,False,False,False,True,False,0,evaluated,True,0,11034,-3022,10172,,,,,ready,101,4,
20261006,20261007,076,g4,DOWN-UP-UP,TOP,0.3301605630878529,False,False,False,False,False,0,evaluated,False,0,1379,-11733,-11733,,,,,ready,101,4,
20261006,20261007,077,g5,UP-DOWN-DOWN,LEFT,0.2949205180565856,False,False,False,False,False,0,evaluated,False,0,0,-10311,-2667,,,,,ready,101,4,
20261007,20261008,018,g9,DOWN-UP-DOWN,LEFT,0.4090930109250771,False,False,False,False,False,0,pending,,,,,,,,,,ready,31,4,
20261007,20261008,019,g1,UP-UP-DOWN,TOP,0.26552461796359106,False,False,False,False,False,0,pending,,,,,,,,,,ready,31,4,
20261007,20261008,039,g3,DOWN-UP-DOWN,LEFT,0.31881495020904826,False,False,False,False,False,0,pending,,,,,,,,,,ready,102,4,
20261007,20261008,040,g4,UP-DOWN-DOWN,LEFT,0.3103189822991126,False,False,False,False,False,0,pending,,,,,,,,,,ready,102,4,
20261007,20261008,041,g5,UP-UP-DOWN,TOP,0.27238164254792496,False,False,False,False,False,0,pending,,,,,,,,,,ready,102,4,
20261007,20261008,042,g6,DOWN-UP-DOWN,TOP,0.2568903259501675,False,False,False,False,False,0,pending,,,,,,,,,,ready,102,4,
20261007,20261008,043,g7,DOWN-UP-UP,RIGHT,0.4082801755850912,False,True,True,False,False,2,pending,,,,,,,,,,ready,102,4,
20261007,20261008,044,g8,DOWN-DOWN-DOWN,LEFT,0.5720114409084504,False,False,False,True,False,0,pending,,,,,,,,,,ready,102,4,
20261007,20261008,045,g9,UP-DOWN-DOWN,BOTTOM,0.5187947596951041,False,False,False,False,False,0,pending,,,,,,,,,,ready,102,4,
20261007,20261008,046,g1,DOWN-DOWN-UP,BOTTOM,0.6928257621253586,False,False,False,False,False,0,pending,,,,,,,,,,ready,102,4,
20261007,20261008,047,g2,DOWN-DOWN-UP,LEFT,0.25887694549668483,False,False,False,False,False,0,pending,,,,,,,,,,ready,102,4,
20261007,20261008,048,g3,UP-DOWN-UP,TOP,0.28153739223412066,False,False,False,False,False,0,pending,,,,,,,,,,ready,102,4,
20261007,20261008,049,g4,UP-DOWN-UP,TOP,0.29068090981005845,False,False,False,False,False,0,pending,,,,,,,,,,ready,102,4,
20261007,20261008,050,g5,UP-UP-UP,RIGHT,0.8372641393436253,True,True,False,False,False,2,pending,,,,,,,,,,ready,102,4,
20261007,20261008,051,g6,DOWN-UP-DOWN,LEFT,0.35109288651143056,False,False,False,False,False,0,pending,,,,,,,,,,ready,102,4,
20261007,20261008,052,g7,UP-UP-UP,TOP,0.2770529610718637,True,False,False,False,False,1,pending,,,,,,,,,,ready,102,4,
20261007,20261008,053,g8,DOWN-UP-UP,TOP,0.26285082273127336,False,False,False,False,False,0,pending,,,,,,,,,,ready,102,4,
20261007,20261008,054,g9,DOWN-DOWN-DOWN,LEFT,0.3044408305041145,False,False,False,True,False,0,pending,,,,,,,,,,ready,102,4,
20261007,20261008,055,g1,UP-UP-UP,RIGHT,0.3969392720314344,True,True,True,False,True,3,pending,,,,,,,,,,ready,102,4,
20261007,20261008,056,g2,UP-DOWN-UP,LEFT,0.35359058782335406,False,False,False,False,False,0,pending,,,,,,,,,,ready,102,4,
20261007,20261008,057,g3,UP-UP-UP,TOP,0.459780684189404,True,False,False,False,False,1,pending,,,,,,,,,,ready,102,4,
20261007,20261008,058,g4,DOWN-UP-UP,TOP,0.2776713405664796,False,False,False,False,False,0,pending,,,,,,,,,,ready,102,4,
20261007,20261008,059,g5,UP-DOWN-UP,TOP,0.37026238344768747,False,False,False,False,False,0,pending,,,,,,,,,,ready,102,4,
20261007,20261008,060,g6,UP-UP-UP,TOP,0.31387832406393235,True,False,False,False,False,1,pending,,,,,,,,,,ready,102,4,
20261007,20261008,061,g7,DOWN-UP-UP,RIGHT,0.28889643040504764,False,True,True,False,False,2,pending,,,,,,,,,,ready,102,4,
20261007,20261008,062,g8,DOWN-UP-DOWN,RIGHT,0.31441183014116025,False,True,True,False,False,2,pending,,,,,,,,,,ready,102,4,
20261007,20261008,063,g9,UP-DOWN-DOWN,LEFT,0.293694422683076,False,False,False,False,False,0,pending,,,,,,,,,,ready,102,4,
20261007,20261008,064,g1,UP-DOWN-UP,RIGHT,0.3367192347993485,False,True,True,False,False,2,pending,,,,,,,,,,ready,102,4,
20261007,20261008,065,g2,UP-DOWN-DOWN,LEFT,0.24366236205716618,False,False,False,False,False,0,pending,,,,,,,,,,ready,102,4,
20261007,20261008,066,g3,UP-UP-DOWN,TOP,0.2574201302858584,False,False,False,False,False,0,pending,,,,,,,,,,ready,102,4,
20261007,20261008,067,g4,UP-UP-DOWN,TOP,0.2400132425930276,False,False,False,False,False,0,pending,,,,,,,,,,ready,102,4,
20261007,20261008,068,g5,UP-DOWN-UP,TOP,0.24391716797415375,False,False,False,False,False,0,pending,,,,,,,,,,ready,102,4,
20261007,20261008,069,g6,DOWN-UP-UP,RIGHT,0.6327007352500351,False,True,False,False,False,1,pending,,,,,,,,,,ready,102,4,
20261007,20261008,070,g7,UP-UP-UP,TOP,0.38959957732311146,True,False,False,False,False,1,pending,,,,,,,,,,ready,102,4,
20261007,20261008,071,g8,UP-UP-UP,RIGHT,0.4710796231380402,True,True,True,False,True,3,pending,,,,,,,,,,ready,102,4,
20261007,20261008,072,g9,DOWN-UP-UP,RIGHT,0.3571340432450222,False,True,True,False,False,2,pending,,,,,,,,,,ready,102,4,
20261007,20261008,073,g1,UP-UP-DOWN,TOP,0.2909332370386558,False,False,False,False,False,0,pending,,,,,,,,,,ready,102,4,
20261007,20261008,074,g2,UP-UP-UP,TOP,0.2939520103377603,True,False,False,False,False,1,pending,,,,,,,,,,ready,102,4,
20261007,20261008,075,g3,UP-UP-UP,RIGHT,0.6080189946285504,True,True,False,False,False,2,pending,,,,,,,,,,ready,102,4,
20261007,20261008,076,g4,DOWN-DOWN-DOWN,LEFT,0.4598651774881938,False,False,False,True,False,0,pending,,,,,,,,,,ready,102,4,
20261007,20261008,077,g5,DOWN-DOWN-UP,RIGHT,0.4170811519781349,False,True,True,False,False,2,pending,,,,,,,,,,ready,102,4,
