machine,time,minute,value
0039,09:00,540,0
0039,09:05,545,0
0039,09:10,550,0
0039,09:15,555,0
0039,09:20,560,0
0039,09:25,565,0
0039,09:30,570,0
0039,09:35,575,0
0039,09:40,580,0
0039,09:45,585,0
0039,09:50,590,0
0039,09:55,595,0
0039,10:00,600,0
0039,10:05,605,0
0039,10:10,610,0
0039,10:15,615,0
0039,10:20,620,0
0039,10:25,625,-444
0039,10:30,630,-444
0039,10:35,635,-444
0039,10:40,640,-1333
0039,10:45,645,-1333
0039,10:50,650,-1333
0039,10:55,655,-1333
0039,11:00,660,-2311
0039,11:05,665,-2311
0039,11:10,670,-2311
0039,11:15,675,-2311
0039,11:20,680,-2311
0039,11:25,685,-2311
0039,11:30,690,-4267
0039,11:35,695,-4267
0039,11:40,700,-4267
0039,11:45,705,-5600
0039,11:50,710,-5600
0039,11:55,715,-5600
0039,12:00,720,-5600
0039,12:05,725,-5600
0039,12:10,730,-5600
0039,12:15,735,-5600
0039,12:20,740,-5600
0039,12:25,745,-5600
0039,12:30,750,-8178
0039,12:35,755,-8178
0039,12:40,760,-8178
0039,12:45,765,-8178
0039,12:50,770,-8622
0039,12:55,775,-8622
0039,13:00,780,-8622
0039,13:05,785,-8622
0039,13:10,790,-8622
0039,13:15,795,-8622
0039,13:20,800,-8622
0039,13:25,805,-6933
0039,13:30,810,-6933
0039,13:35,815,-6933
0039,13:40,820,-6933
0039,13:45,825,-6933
0039,13:50,830,-8000
0039,13:55,835,-8000
0039,14:00,840,-8000
0039,14:05,845,-8000
0039,14:10,850,-8000
0039,14:15,855,-8000
0039,14:20,860,-8000
0039,14:25,865,-8000
0039,14:30,870,-3911
0039,14:35,875,-3911
0039,14:40,880,-3911
0039,14:45,885,-2400
0039,14:50,890,-2400
0039,14:55,895,-2400
0039,15:00,900,-2400
0039,15:05,905,-2400
0039,15:10,910,-2400
0039,15:15,915,-2400
0039,15:20,920,-2400
0039,15:25,925,-2400
0039,15:30,930,-1067
0039,15:35,935,-1067
0039,15:40,940,-1067
0039,15:45,945,-2133
0039,15:50,950,-2133
0039,15:55,955,-2133
0039,16:00,960,-2133
0039,16:05,965,-2133
0039,16:10,970,-2133
0039,16:15,975,-2133
0039,16:20,980,-2133
0039,16:25,985,-2133
0039,16:30,990,-533
0039,16:35,995,-533
0039,16:40,1000,-533
0039,16:45,1005,-533
0039,16:50,1010,4828
0039,16:55,1015,4828
0039,17:00,1020,4828
0039,17:05,1025,4828
0039,17:10,1030,4828
0039,17:15,1035,4828
0039,17:20,1040,4828
0039,17:25,1045,4828
0039,17:30,1050,4224
0039,17:35,1055,4224
0039,17:40,1060,4224
0039,17:45,1065,4224
0039,17:50,1070,3276
0039,17:55,1075,3276
0039,18:00,1080,3276
0039,18:05,1085,3276
0039,18:10,1090,3276
0039,18:15,1095,3276
0039,18:20,1100,3276
0039,18:25,1105,5431
0039,18:30,1110,5431
0039,18:35,1115,5431
0039,18:40,1120,5431
0039,18:45,1125,5431
0039,18:50,1130,4310
0039,18:55,1135,4310
0039,19:00,1140,4310
0039,19:05,1145,4310
0039,19:10,1150,4310
0039,19:15,1155,4310
0039,19:20,1160,4310
0039,19:25,1165,7931
0039,19:30,1170,7931
0039,19:35,1175,7931
0039,19:40,1180,7931
0039,19:45,1185,6724
0039,19:50,1190,6724
0039,19:55,1195,6724
0039,20:00,1200,6724
0039,20:05,1205,6724
0039,20:10,1210,6724
0039,20:15,1215,6724
0039,20:20,1220,6724
0039,20:25,1225,6724
0039,20:30,1230,5259
0039,20:35,1235,5259
0039,20:40,1240,5259
0039,20:45,1245,4741
0039,20:50,1250,4741
0039,20:55,1255,4741
0039,21:00,1260,4741
0039,21:05,1265,4741
0039,21:10,1270,4741
0039,21:15,1275,4741
0039,21:20,1280,4741
0039,21:25,1285,4741
0039,21:30,1290,6897
0039,21:35,1295,6897
0039,21:40,1300,6897
0039,21:45,1305,6466
0039,21:50,1310,6466
0039,21:55,1315,6466
0039,22:00,1320,6466
0039,22:05,1325,6466
0039,22:10,1330,6466
0039,22:15,1335,6466
0039,22:20,1340,6466
0039,22:25,1345,6466
0039,22:30,1350,6466
0039,22:35,1355,6466
0039,22:40,1360,6466
0039,22:45,1365,6466
0039,22:50,1370,6466
0039,22:55,1375,6466
0039,23:00,1380,6466
0039,23:05,1385,6466
0039,23:10,1390,6466
0039,23:15,1395,6466
0039,23:16,1396,6466
0039,23:20,1400,6466
0040,09:00,540,0
0040,09:05,545,0
0040,09:10,550,0
0040,09:15,555,0
0040,09:20,560,0
0040,09:25,565,0
0040,09:30,570,0
0040,09:35,575,0
0040,09:40,580,0
0040,09:45,585,0
0040,09:50,590,0
0040,09:55,595,0
0040,10:00,600,0
0040,10:05,605,0
0040,10:10,610,0
0040,10:15,615,0
0040,10:20,620,0
0040,10:25,625,-1021
0040,10:30,630,-1021
0040,10:35,635,-1021
0040,10:40,640,-2043
0040,10:45,645,-2043
0040,10:50,650,-2043
0040,10:55,655,-2043
0040,11:00,660,-3319
0040,11:05,665,-3319
0040,11:10,670,-3319
0040,11:15,675,-3319
0040,11:20,680,-3319
0040,11:25,685,-3319
0040,11:30,690,-3064
0040,11:35,695,-3064
0040,11:40,700,-3064
0040,11:45,705,496
0040,11:50,710,496
0040,11:55,715,496
0040,12:00,720,496
0040,12:05,725,496
0040,12:10,730,496
0040,12:15,735,496
0040,12:20,740,496
0040,12:25,745,496
0040,12:30,750,2727
0040,12:35,755,2727
0040,12:40,760,2727
0040,12:45,765,2727
0040,12:50,770,8182
0040,12:55,775,8182
0040,13:00,780,8182
0040,13:05,785,8182
0040,13:10,790,8182
0040,13:15,795,8182
0040,13:20,800,8182
0040,13:25,805,11157
0040,13:30,810,11157
0040,13:35,815,11157
0040,13:40,820,11157
0040,13:45,825,11157
0040,13:50,830,11901
0040,13:55,835,11901
0040,14:00,840,11901
0040,14:05,845,11901
0040,14:10,850,11901
0040,14:15,855,11901
0040,14:20,860,11901
0040,14:25,865,11901
0040,14:30,870,20083
0040,14:35,875,20083
0040,14:40,880,20083
0040,14:45,885,18595
0040,14:50,890,18595
0040,14:55,895,18595
0040,15:00,900,18595
0040,15:05,905,18595
0040,15:10,910,18595
0040,15:15,915,18595
0040,15:20,920,18595
0040,15:25,925,18595
0040,15:30,930,24545
0040,15:35,935,24545
0040,15:40,940,24545
0040,15:45,945,23058
0040,15:50,950,23058
0040,15:55,955,23058
0040,16:00,960,23058
0040,16:05,965,23058
0040,16:10,970,23058
0040,16:15,975,23058
0040,16:20,980,23058
0040,16:25,985,23058
0040,16:30,990,20826
0040,16:35,995,20826
0040,16:40,1000,20826
0040,16:45,1005,20826
0040,16:50,1010,20826
0040,16:55,1015,20826
0040,17:00,1020,20826
0040,17:05,1025,20826
0040,17:10,1030,20826
0040,17:15,1035,20826
0040,17:20,1040,20826
0040,17:25,1045,20826
0040,17:30,1050,21074
0040,17:35,1055,21074
0040,17:40,1060,21074
0040,17:45,1065,21074
0040,17:50,1070,19339
0040,17:55,1075,19339
0040,18:00,1080,19339
0040,18:05,1085,19339
0040,18:10,1090,19339
0040,18:15,1095,19339
0040,18:20,1100,19339
0040,18:25,1105,17603
0040,18:30,1110,17603
0040,18:35,1115,17603
0040,18:40,1120,17603
0040,18:45,1125,17603
0040,18:50,1130,17603
0040,18:55,1135,17603
0040,19:00,1140,17603
0040,19:05,1145,17603
0040,19:10,1150,17603
0040,19:15,1155,17603
0040,19:20,1160,17603
0040,19:25,1165,17603
0040,19:30,1170,17603
0040,19:35,1175,17603
0040,19:40,1180,17603
0040,19:45,1185,17603
0040,19:50,1190,17603
0040,19:55,1195,17603
0040,20:00,1200,17603
0040,20:05,1205,17603
0040,20:10,1210,17603
0040,20:15,1215,17603
0040,20:20,1220,17603
0040,20:25,1225,17603
0040,20:30,1230,15372
0040,20:35,1235,15372
0040,20:40,1240,15372
0040,20:45,1245,15124
0040,20:50,1250,15124
0040,20:55,1255,15124
0040,21:00,1260,15124
0040,21:05,1265,15124
0040,21:10,1270,15124
0040,21:15,1275,15124
0040,21:20,1280,15124
0040,21:25,1285,15124
0040,21:30,1290,14876
0040,21:35,1295,14876
0040,21:40,1300,14876
0040,21:45,1305,14380
0040,21:50,1310,14380
0040,21:55,1315,14380
0040,22:00,1320,14380
0040,22:05,1325,14380
0040,22:10,1330,14380
0040,22:15,1335,14380
0040,22:20,1340,14380
0040,22:25,1345,14380
0040,22:30,1350,14380
0040,22:35,1355,14380
0040,22:40,1360,14380
0040,22:45,1365,14380
0040,22:50,1370,14380
0040,22:55,1375,14380
0040,23:00,1380,14380
0040,23:05,1385,14380
0040,23:10,1390,14380
0040,23:15,1395,14380
0040,23:16,1396,14380
0040,23:20,1400,14380
0041,09:00,540,0
0041,09:05,545,0
0041,09:10,550,0
0041,09:15,555,0
0041,09:20,560,0
0041,09:25,565,0
0041,09:30,570,0
0041,09:35,575,0
0041,09:40,580,0
0041,09:45,585,0
0041,09:50,590,0
0041,09:55,595,0
0041,10:00,600,0
0041,10:05,605,0
0041,10:10,610,-533
0041,10:15,615,-533
0041,10:20,620,-533
0041,10:25,625,1379
0041,10:30,630,1379
0041,10:35,635,1379
0041,10:40,640,2759
0041,10:45,645,2759
0041,10:50,650,2759
0041,10:55,655,2759
0041,11:00,660,1552
0041,11:05,665,1552
0041,11:10,670,1552
0041,11:15,675,1552
0041,11:20,680,1552
0041,11:25,685,1552
0041,11:30,690,7241
0041,11:35,695,7241
0041,11:40,700,7241
0041,11:45,705,6379
0041,11:50,710,6379
0041,11:55,715,6379
0041,12:00,720,6379
0041,12:05,725,6379
0041,12:10,730,6379
0041,12:15,735,6379
0041,12:20,740,6379
0041,12:25,745,6379
0041,12:30,750,4483
0041,12:35,755,4483
0041,12:40,760,4483
0041,12:45,765,4483
0041,12:50,770,3448
0041,12:55,775,3448
0041,13:00,780,3448
0041,13:05,785,3448
0041,13:10,790,3448
0041,13:15,795,3448
0041,13:20,800,3448
0041,13:25,805,2241
0041,13:30,810,2241
0041,13:35,815,2241
0041,13:40,820,2241
0041,13:45,825,2241
0041,13:50,830,1724
0041,13:55,835,1724
0041,14:00,840,1724
0041,14:05,845,1724
0041,14:10,850,1724
0041,14:15,855,1724
0041,14:20,860,1724
0041,14:25,865,1724
0041,14:30,870,9310
0041,14:35,875,9310
0041,14:40,880,9310
0041,14:45,885,7759
0041,14:50,890,7759
0041,14:55,895,7759
0041,15:00,900,7759
0041,15:05,905,7759
0041,15:10,910,7759
0041,15:15,915,7759
0041,15:20,920,7759
0041,15:25,925,7759
0041,15:30,930,12069
0041,15:35,935,12069
0041,15:40,940,12069
0041,15:45,945,10690
0041,15:50,950,10690
0041,15:55,955,10690
0041,16:00,960,10690
0041,16:05,965,10690
0041,16:10,970,10690
0041,16:15,975,10690
0041,16:20,980,10690
0041,16:25,985,10690
0041,16:30,990,12241
0041,16:35,995,12241
0041,16:40,1000,12241
0041,16:45,1005,12241
0041,16:50,1010,11034
0041,16:55,1015,11034
0041,17:00,1020,11034
0041,17:05,1025,11034
0041,17:10,1030,11034
0041,17:15,1035,11034
0041,17:20,1040,11034
0041,17:25,1045,11034
0041,17:30,1050,10690
0041,17:35,1055,10690
0041,17:40,1060,10690
0041,17:45,1065,10690
0041,17:50,1070,9483
0041,17:55,1075,9483
0041,18:00,1080,9483
0041,18:05,1085,9483
0041,18:10,1090,9483
0041,18:15,1095,9483
0041,18:20,1100,9483
0041,18:25,1105,8793
0041,18:30,1110,8793
0041,18:35,1115,8793
0041,18:40,1120,8793
0041,18:45,1125,8793
0041,18:50,1130,7414
0041,18:55,1135,7414
0041,19:00,1140,7414
0041,19:05,1145,7414
0041,19:10,1150,7414
0041,19:15,1155,7414
0041,19:20,1160,7414
0041,19:25,1165,6207
0041,19:30,1170,6207
0041,19:35,1175,6207
0041,19:40,1180,6207
0041,19:45,1185,5000
0041,19:50,1190,5000
0041,19:55,1195,5000
0041,20:00,1200,5000
0041,20:05,1205,5000
0041,20:10,1210,5000
0041,20:15,1215,5000
0041,20:20,1220,5000
0041,20:25,1225,5000
0041,20:30,1230,3103
0041,20:35,1235,3103
0041,20:40,1240,3103
0041,20:45,1245,3103
0041,20:50,1250,3103
0041,20:55,1255,3103
0041,21:00,1260,3103
0041,21:05,1265,3103
0041,21:10,1270,3103
0041,21:15,1275,3103
0041,21:20,1280,3103
0041,21:25,1285,3103
0041,21:30,1290,2759
0041,21:35,1295,2759
0041,21:40,1300,2759
0041,21:45,1305,2759
0041,21:50,1310,2759
0041,21:55,1315,2759
0041,22:00,1320,2759
0041,22:05,1325,2759
0041,22:10,1330,2759
0041,22:15,1335,2759
0041,22:20,1340,2759
0041,22:25,1345,2759
0041,22:30,1350,2759
0041,22:35,1355,2759
0041,22:40,1360,2759
0041,22:45,1365,2759
0041,22:50,1370,2759
0041,22:55,1375,2759
0041,23:00,1380,2759
0041,23:05,1385,2759
0041,23:10,1390,2759
0041,23:15,1395,2759
0041,23:16,1396,2759
0041,23:20,1400,2759
0042,09:00,540,0
0042,09:05,545,0
0042,09:10,550,0
0042,09:15,555,0
0042,09:20,560,0
0042,09:25,565,0
0042,09:30,570,0
0042,09:35,575,0
0042,09:40,580,0
0042,09:45,585,0
0042,09:50,590,0
0042,09:55,595,0
0042,10:00,600,0
0042,10:05,605,0
0042,10:10,610,0
0042,10:15,615,0
0042,10:20,620,0
0042,10:25,625,0
0042,10:30,630,0
0042,10:35,635,0
0042,10:40,640,0
0042,10:45,645,0
0042,10:50,650,0
0042,10:55,655,0
0042,11:00,660,0
0042,11:05,665,0
0042,11:10,670,0
0042,11:15,675,0
0042,11:20,680,0
0042,11:25,685,0
0042,11:30,690,-356
0042,11:35,695,-356
0042,11:40,700,-356
0042,11:45,705,-356
0042,11:50,710,-356
0042,11:55,715,-356
0042,12:00,720,-356
0042,12:05,725,-356
0042,12:10,730,-356
0042,12:15,735,-356
0042,12:20,740,-356
0042,12:25,745,-356
0042,12:30,750,-356
0042,12:35,755,-356
0042,12:40,760,-356
0042,12:45,765,-356
0042,12:50,770,-356
0042,12:55,775,-356
0042,13:00,780,-356
0042,13:05,785,-356
0042,13:10,790,-356
0042,13:15,795,-356
0042,13:20,800,-356
0042,13:25,805,-533
0042,13:30,810,-533
0042,13:35,815,-533
0042,13:40,820,-533
0042,13:45,825,-533
0042,13:50,830,-1600
0042,13:55,835,-1600
0042,14:00,840,-1600
0042,14:05,845,-1600
0042,14:10,850,-1600
0042,14:15,855,-1600
0042,14:20,860,-1600
0042,14:25,865,-1600
0042,14:30,870,-4267
0042,14:35,875,-4267
0042,14:40,880,-4267
0042,14:45,885,-5156
0042,14:50,890,-5156
0042,14:55,895,-5156
0042,15:00,900,-5156
0042,15:05,905,-5156
0042,15:10,910,-5156
0042,15:15,915,-5156
0042,15:20,920,-5156
0042,15:25,925,-5156
0042,15:30,930,-6400
0042,15:35,935,-6400
0042,15:40,940,-6400
0042,15:45,945,-6400
0042,15:50,950,-6400
0042,15:55,955,-6400
0042,16:00,960,-6400
0042,16:05,965,-6400
0042,16:10,970,-6400
0042,16:15,975,-6400
0042,16:20,980,-6400
0042,16:25,985,-6400
0042,16:30,990,-8178
0042,16:35,995,-8178
0042,16:40,1000,-8178
0042,16:45,1005,-8178
0042,16:50,1010,-8533
0042,16:55,1015,-8533
0042,17:00,1020,-8533
0042,17:05,1025,-8533
0042,17:10,1030,-8533
0042,17:15,1035,-8533
0042,17:20,1040,-8533
0042,17:25,1045,-8533
0042,17:30,1050,-8533
0042,17:35,1055,-8533
0042,17:40,1060,-8533
0042,17:45,1065,-8533
0042,17:50,1070,-8533
0042,17:55,1075,-8533
0042,18:00,1080,-8533
0042,18:05,1085,-8533
0042,18:10,1090,-8533
0042,18:15,1095,-8533
0042,18:20,1100,-8533
0042,18:25,1105,-9422
0042,18:30,1110,-9422
0042,18:35,1115,-9422
0042,18:40,1120,-9422
0042,18:45,1125,-9422
0042,18:50,1130,-9422
0042,18:55,1135,-9422
0042,19:00,1140,-9422
0042,19:05,1145,-9422
0042,19:10,1150,-9422
0042,19:15,1155,-9422
0042,19:20,1160,-9422
0042,19:25,1165,-11022
0042,19:30,1170,-11022
0042,19:35,1175,-11022
0042,19:40,1180,-11022
0042,19:45,1185,-11022
0042,19:50,1190,-11022
0042,19:55,1195,-11022
0042,20:00,1200,-11022
0042,20:05,1205,-11022
0042,20:10,1210,-11022
0042,20:15,1215,-11022
0042,20:20,1220,-11022
0042,20:25,1225,-11022
0042,20:30,1230,-12800
0042,20:35,1235,-12800
0042,20:40,1240,-12800
0042,20:45,1245,-13511
0042,20:50,1250,-13511
0042,20:55,1255,-13511
0042,21:00,1260,-13511
0042,21:05,1265,-13511
0042,21:10,1270,-13511
0042,21:15,1275,-13511
0042,21:20,1280,-13511
0042,21:25,1285,-13511
0042,21:30,1290,-16533
0042,21:35,1295,-16533
0042,21:40,1300,-16533
0042,21:45,1305,-16711
0042,21:50,1310,-16711
0042,21:55,1315,-16711
0042,22:00,1320,-16711
0042,22:05,1325,-16711
0042,22:10,1330,-16711
0042,22:15,1335,-16711
0042,22:20,1340,-16711
0042,22:25,1345,-16711
0042,22:30,1350,-16711
0042,22:35,1355,-16711
0042,22:40,1360,-16711
0042,22:45,1365,-16711
0042,22:50,1370,-16711
0042,22:55,1375,-16711
0042,23:00,1380,-16711
0042,23:05,1385,-16711
0042,23:10,1390,-16711
0042,23:15,1395,-16711
0042,23:16,1396,-16711
0042,23:20,1400,-16711
0043,09:00,540,0
0043,09:05,545,0
0043,09:10,550,0
0043,09:15,555,0
0043,09:20,560,0
0043,09:25,565,0
0043,09:30,570,0
0043,09:35,575,0
0043,09:40,580,0
0043,09:45,585,0
0043,09:50,590,0
0043,09:55,595,0
0043,10:00,600,0
0043,10:05,605,0
0043,10:10,610,0
0043,10:15,615,0
0043,10:20,620,0
0043,10:25,625,-711
0043,10:30,630,-711
0043,10:35,635,-711
0043,10:40,640,-1600
0043,10:45,645,-1600
0043,10:50,650,-1600
0043,10:55,655,-1600
0043,11:00,660,-2311
0043,11:05,665,-2311
0043,11:10,670,-2311
0043,11:15,675,-2311
0043,11:20,680,-2311
0043,11:25,685,-2311
0043,11:30,690,-1956
0043,11:35,695,-1956
0043,11:40,700,-1956
0043,11:45,705,-2667
0043,11:50,710,-2667
0043,11:55,715,-2667
0043,12:00,720,-2667
0043,12:05,725,-2667
0043,12:10,730,-2667
0043,12:15,735,-2667
0043,12:20,740,-2667
0043,12:25,745,-2667
0043,12:30,750,-4267
0043,12:35,755,-4267
0043,12:40,760,-4267
0043,12:45,765,-4267
0043,12:50,770,-4978
0043,12:55,775,-4978
0043,13:00,780,-4978
0043,13:05,785,-4978
0043,13:10,790,-4978
0043,13:15,795,-4978
0043,13:20,800,-4978
0043,13:25,805,-6400
0043,13:30,810,-6400
0043,13:35,815,-6400
0043,13:40,820,-6400
0043,13:45,825,-6400
0043,13:50,830,-7289
0043,13:55,835,-7289
0043,14:00,840,-7289
0043,14:05,845,-7289
0043,14:10,850,-7289
0043,14:15,855,-7289
0043,14:20,860,-7289
0043,14:25,865,-7289
0043,14:30,870,-6578
0043,14:35,875,-6578
0043,14:40,880,-6578
0043,14:45,885,-8178
0043,14:50,890,-8178
0043,14:55,895,-8178
0043,15:00,900,-8178
0043,15:05,905,-8178
0043,15:10,910,-8178
0043,15:15,915,-8178
0043,15:20,920,-8178
0043,15:25,925,-8178
0043,15:30,930,-10489
0043,15:35,935,-10489
0043,15:40,940,-10489
0043,15:45,945,-11378
0043,15:50,950,-11378
0043,15:55,955,-11378
0043,16:00,960,-11378
0043,16:05,965,-11378
0043,16:10,970,-11378
0043,16:15,975,-11378
0043,16:20,980,-11378
0043,16:25,985,-11378
0043,16:30,990,-13689
0043,16:35,995,-13689
0043,16:40,1000,-13689
0043,16:45,1005,-13689
0043,16:50,1010,-11556
0043,16:55,1015,-11556
0043,17:00,1020,-11556
0043,17:05,1025,-11556
0043,17:10,1030,-11556
0043,17:15,1035,-11556
0043,17:20,1040,-11556
0043,17:25,1045,-11556
0043,17:30,1050,-3556
0043,17:35,1055,-3556
0043,17:40,1060,-3556
0043,17:45,1065,-3556
0043,17:50,1070,690
0043,17:55,1075,690
0043,18:00,1080,690
0043,18:05,1085,690
0043,18:10,1090,690
0043,18:15,1095,690
0043,18:20,1100,690
0043,18:25,1105,-1067
0043,18:30,1110,-1067
0043,18:35,1115,-1067
0043,18:40,1120,-1067
0043,18:45,1125,-1067
0043,18:50,1130,-2311
0043,18:55,1135,-2311
0043,19:00,1140,-2311
0043,19:05,1145,-2311
0043,19:10,1150,-2311
0043,19:15,1155,-2311
0043,19:20,1160,-2311
0043,19:25,1165,-3022
0043,19:30,1170,-3022
0043,19:35,1175,-3022
0043,19:40,1180,-3022
0043,19:45,1185,4138
0043,19:50,1190,4138
0043,19:55,1195,4138
0043,20:00,1200,4138
0043,20:05,1205,4138
0043,20:10,1210,4138
0043,20:15,1215,4138
0043,20:20,1220,4138
0043,20:25,1225,4138
0043,20:30,1230,7414
0043,20:35,1235,7414
0043,20:40,1240,7414
0043,20:45,1245,7241
0043,20:50,1250,7241
0043,20:55,1255,7241
0043,21:00,1260,7241
0043,21:05,1265,7241
0043,21:10,1270,7241
0043,21:15,1275,7241
0043,21:20,1280,7241
0043,21:25,1285,7241
0043,21:30,1290,6207
0043,21:35,1295,6207
0043,21:40,1300,6207
0043,21:45,1305,5000
0043,21:50,1310,5000
0043,21:55,1315,5000
0043,22:00,1320,5000
0043,22:05,1325,5000
0043,22:10,1330,5000
0043,22:15,1335,5000
0043,22:20,1340,5000
0043,22:25,1345,5000
0043,22:30,1350,3793
0043,22:35,1355,3793
0043,22:40,1360,3793
0043,22:45,1365,3793
0043,22:50,1370,3793
0043,22:55,1375,3793
0043,23:00,1380,3793
0043,23:05,1385,3793
0043,23:10,1390,3793
0043,23:15,1395,3793
0043,23:16,1396,3793
0043,23:20,1400,3793
0044,09:00,540,0
0044,09:05,545,0
0044,09:10,550,0
0044,09:15,555,0
0044,09:20,560,0
0044,09:25,565,0
0044,09:30,570,0
0044,09:35,575,0
0044,09:40,580,0
0044,09:45,585,0
0044,09:50,590,0
0044,09:55,595,0
0044,10:00,600,0
0044,10:05,605,0
0044,10:10,610,0
0044,10:15,615,0
0044,10:20,620,0
0044,10:25,625,0
0044,10:30,630,0
0044,10:35,635,0
0044,10:40,640,0
0044,10:45,645,0
0044,10:50,650,0
0044,10:55,655,0
0044,11:00,660,0
0044,11:05,665,0
0044,11:10,670,0
0044,11:15,675,0
0044,11:20,680,0
0044,11:25,685,0
0044,11:30,690,0
0044,11:35,695,0
0044,11:40,700,0
0044,11:45,705,0
0044,11:50,710,0
0044,11:55,715,0
0044,12:00,720,0
0044,12:05,725,0
0044,12:10,730,0
0044,12:15,735,0
0044,12:20,740,0
0044,12:25,745,0
0044,12:30,750,0
0044,12:35,755,0
0044,12:40,760,0
0044,12:45,765,0
0044,12:50,770,0
0044,12:55,775,0
0044,13:00,780,0
0044,13:05,785,0
0044,13:10,790,0
0044,13:15,795,0
0044,13:20,800,0
0044,13:25,805,-681
0044,13:30,810,-681
0044,13:35,815,-681
0044,13:40,820,-681
0044,13:45,825,-681
0044,13:50,830,-1191
0044,13:55,835,-1191
0044,14:00,840,-1191
0044,14:05,845,-1191
0044,14:10,850,-1191
0044,14:15,855,-1191
0044,14:20,860,-1191
0044,14:25,865,-1191
0044,14:30,870,-4426
0044,14:35,875,-4426
0044,14:40,880,-4426
0044,14:45,885,-5957
0044,14:50,890,-5957
0044,14:55,895,-5957
0044,15:00,900,-5957
0044,15:05,905,-5957
0044,15:10,910,-5957
0044,15:15,915,-5957
0044,15:20,920,-5957
0044,15:25,925,-5957
0044,15:30,930,-6979
0044,15:35,935,-6979
0044,15:40,940,-6979
0044,15:45,945,-8511
0044,15:50,950,-8511
0044,15:55,955,-8511
0044,16:00,960,-8511
0044,16:05,965,-8511
0044,16:10,970,-8511
0044,16:15,975,-8511
0044,16:20,980,-8511
0044,16:25,985,-8511
0044,16:30,990,-10553
0044,16:35,995,-10553
0044,16:40,1000,-10553
0044,16:45,1005,-10553
0044,16:50,1010,-8851
0044,16:55,1015,-8851
0044,17:00,1020,-8851
0044,17:05,1025,-8851
0044,17:10,1030,-8851
0044,17:15,1035,-8851
0044,17:20,1040,-8851
0044,17:25,1045,-8851
0044,17:30,1050,-4766
0044,17:35,1055,-4766
0044,17:40,1060,-4766
0044,17:45,1065,-4766
0044,17:50,1070,-4936
0044,17:55,1075,-4936
0044,18:00,1080,-4936
0044,18:05,1085,-4936
0044,18:10,1090,-4936
0044,18:15,1095,-4936
0044,18:20,1100,-4936
0044,18:25,1105,-6128
0044,18:30,1110,-6128
0044,18:35,1115,-6128
0044,18:40,1120,-6128
0044,18:45,1125,-6128
0044,18:50,1130,-6128
0044,18:55,1135,-6128
0044,19:00,1140,-6128
0044,19:05,1145,-6128
0044,19:10,1150,-6128
0044,19:15,1155,-6128
0044,19:20,1160,-6128
0044,19:25,1165,-1191
0044,19:30,1170,-1191
0044,19:35,1175,-1191
0044,19:40,1180,-1191
0044,19:45,1185,4298
0044,19:50,1190,4298
0044,19:55,1195,4298
0044,20:00,1200,4298
0044,20:05,1205,4298
0044,20:10,1210,4298
0044,20:15,1215,4298
0044,20:20,1220,4298
0044,20:25,1225,4298
0044,20:30,1230,13554
0044,20:35,1235,13554
0044,20:40,1240,13554
0044,20:45,1245,13554
0044,20:50,1250,13554
0044,20:55,1255,13554
0044,21:00,1260,13554
0044,21:05,1265,13554
0044,21:10,1270,13554
0044,21:15,1275,13554
0044,21:20,1280,13554
0044,21:25,1285,13554
0044,21:30,1290,11901
0044,21:35,1295,11901
0044,21:40,1300,11901
0044,21:45,1305,11901
0044,21:50,1310,11901
0044,21:55,1315,11901
0044,22:00,1320,11901
0044,22:05,1325,11901
0044,22:10,1330,11901
0044,22:15,1335,11901
0044,22:20,1340,11901
0044,22:25,1345,11901
0044,22:30,1350,11901
0044,22:35,1355,11901
0044,22:40,1360,11901
0044,22:45,1365,11901
0044,22:50,1370,11901
0044,22:55,1375,11901
0044,23:00,1380,11901
0044,23:05,1385,11901
0044,23:10,1390,11901
0044,23:15,1395,11901
0044,23:16,1396,11901
0044,23:20,1400,11901
0045,09:00,540,0
0045,09:05,545,0
0045,09:10,550,0
0045,09:15,555,0
0045,09:20,560,0
0045,09:25,565,0
0045,09:30,570,0
0045,09:35,575,0
0045,09:40,580,0
0045,09:45,585,0
0045,09:50,590,0
0045,09:55,595,0
0045,10:00,600,0
0045,10:05,605,0
0045,10:10,610,-267
0045,10:15,615,-267
0045,10:20,620,-267
0045,10:25,625,-1244
0045,10:30,630,-1244
0045,10:35,635,-1244
0045,10:40,640,-1956
0045,10:45,645,-1956
0045,10:50,650,-1956
0045,10:55,655,-1956
0045,11:00,660,-1956
0045,11:05,665,-1956
0045,11:10,670,-1956
0045,11:15,675,-1956
0045,11:20,680,-1956
0045,11:25,685,-1956
0045,11:30,690,-4089
0045,11:35,695,-4089
0045,11:40,700,-4089
0045,11:45,705,-5067
0045,11:50,710,-5067
0045,11:55,715,-5067
0045,12:00,720,-5067
0045,12:05,725,-5067
0045,12:10,730,-5067
0045,12:15,735,-5067
0045,12:20,740,-5067
0045,12:25,745,-5067
0045,12:30,750,-5600
0045,12:35,755,-5600
0045,12:40,760,-5600
0045,12:45,765,-5600
0045,12:50,770,-6667
0045,12:55,775,-6667
0045,13:00,780,-6667
0045,13:05,785,-6667
0045,13:10,790,-6667
0045,13:15,795,-6667
0045,13:20,800,-6667
0045,13:25,805,-4711
0045,13:30,810,-4711
0045,13:35,815,-4711
0045,13:40,820,-4711
0045,13:45,825,-4711
0045,13:50,830,-2933
0045,13:55,835,-2933
0045,14:00,840,-2933
0045,14:05,845,-2933
0045,14:10,850,-2933
0045,14:15,855,-2933
0045,14:20,860,-2933
0045,14:25,865,-2933
0045,14:30,870,-89
0045,14:35,875,-89
0045,14:40,880,-89
0045,14:45,885,-1067
0045,14:50,890,-1067
0045,14:55,895,-1067
0045,15:00,900,-1067
0045,15:05,905,-1067
0045,15:10,910,-1067
0045,15:15,915,-1067
0045,15:20,920,-1067
0045,15:25,925,-1067
0045,15:30,930,-2400
0045,15:35,935,-2400
0045,15:40,940,-2400
0045,15:45,945,-3378
0045,15:50,950,-3378
0045,15:55,955,-3378
0045,16:00,960,-3378
0045,16:05,965,-3378
0045,16:10,970,-3378
0045,16:15,975,-3378
0045,16:20,980,-3378
0045,16:25,985,-3378
0045,16:30,990,-3911
0045,16:35,995,-3911
0045,16:40,1000,-3911
0045,16:45,1005,-3911
0045,16:50,1010,172
0045,16:55,1015,172
0045,17:00,1020,172
0045,17:05,1025,172
0045,17:10,1030,172
0045,17:15,1035,172
0045,17:20,1040,172
0045,17:25,1045,172
0045,17:30,1050,-1689
0045,17:35,1055,-1689
0045,17:40,1060,-1689
0045,17:45,1065,-1689
0045,17:50,1070,-2222
0045,17:55,1075,-2222
0045,18:00,1080,-2222
0045,18:05,1085,-2222
0045,18:10,1090,-2222
0045,18:15,1095,-2222
0045,18:20,1100,-2222
0045,18:25,1105,-2222
0045,18:30,1110,-2222
0045,18:35,1115,-2222
0045,18:40,1120,-2222
0045,18:45,1125,-2222
0045,18:50,1130,-2222
0045,18:55,1135,-2222
0045,19:00,1140,-2222
0045,19:05,1145,-2222
0045,19:10,1150,-2222
0045,19:15,1155,-2222
0045,19:20,1160,-2222
0045,19:25,1165,-2578
0045,19:30,1170,-2578
0045,19:35,1175,-2578
0045,19:40,1180,-2578
0045,19:45,1185,-2578
0045,19:50,1190,-2578
0045,19:55,1195,-2578
0045,20:00,1200,-2578
0045,20:05,1205,-2578
0045,20:10,1210,-2578
0045,20:15,1215,-2578
0045,20:20,1220,-2578
0045,20:25,1225,-2578
0045,20:30,1230,-3111
0045,20:35,1235,-3111
0045,20:40,1240,-3111
0045,20:45,1245,-3111
0045,20:50,1250,-3111
0045,20:55,1255,-3111
0045,21:00,1260,-3111
0045,21:05,1265,-3111
0045,21:10,1270,-3111
0045,21:15,1275,-3111
0045,21:20,1280,-3111
0045,21:25,1285,-3111
0045,21:30,1290,-3556
0045,21:35,1295,-3556
0045,21:40,1300,-3556
0045,21:45,1305,-3556
0045,21:50,1310,-3556
0045,21:55,1315,-3556
0045,22:00,1320,-3556
0045,22:05,1325,-3556
0045,22:10,1330,-3556
0045,22:15,1335,-3556
0045,22:20,1340,-3556
0045,22:25,1345,-3556
0045,22:30,1350,-3556
0045,22:35,1355,-3556
0045,22:40,1360,-3556
0045,22:45,1365,-3556
0045,22:50,1370,-3556
0045,22:55,1375,-3556
0045,23:00,1380,-3556
0045,23:05,1385,-3556
0045,23:10,1390,-3556
0045,23:15,1395,-3556
0045,23:16,1396,-3556
0045,23:20,1400,-3556
0046,09:00,540,0
0046,09:05,545,0
0046,09:10,550,0
0046,09:15,555,0
0046,09:20,560,0
0046,09:25,565,0
0046,09:30,570,0
0046,09:35,575,0
0046,09:40,580,0
0046,09:45,585,0
0046,09:50,590,0
0046,09:55,595,0
0046,10:00,600,0
0046,10:05,605,0
0046,10:10,610,0
0046,10:15,615,0
0046,10:20,620,0
0046,10:25,625,-1067
0046,10:30,630,-1067
0046,10:35,635,-1067
0046,10:40,640,-2133
0046,10:45,645,-2133
0046,10:50,650,-2133
0046,10:55,655,-2133
0046,11:00,660,-2489
0046,11:05,665,-2489
0046,11:10,670,-2489
0046,11:15,675,-2489
0046,11:20,680,-2489
0046,11:25,685,-2489
0046,11:30,690,-4444
0046,11:35,695,-4444
0046,11:40,700,-4444
0046,11:45,705,-3911
0046,11:50,710,-3911
0046,11:55,715,-3911
0046,12:00,720,-3911
0046,12:05,725,-3911
0046,12:10,730,-3911
0046,12:15,735,-3911
0046,12:20,740,-3911
0046,12:25,745,-3911
0046,12:30,750,-6400
0046,12:35,755,-6400
0046,12:40,760,-6400
0046,12:45,765,-6400
0046,12:50,770,-7822
0046,12:55,775,-7822
0046,13:00,780,-7822
0046,13:05,785,-7822
0046,13:10,790,-7822
0046,13:15,795,-7822
0046,13:20,800,-7822
0046,13:25,805,-11022
0046,13:30,810,-11022
0046,13:35,815,-11022
0046,13:40,820,-11022
0046,13:45,825,-11022
0046,13:50,830,-10311
0046,13:55,835,-10311
0046,14:00,840,-10311
0046,14:05,845,-10311
0046,14:10,850,-10311
0046,14:15,855,-10311
0046,14:20,860,-10311
0046,14:25,865,-10311
0046,14:30,870,-13511
0046,14:35,875,-13511
0046,14:40,880,-13511
0046,14:45,885,-9778
0046,14:50,890,-9778
0046,14:55,895,-9778
0046,15:00,900,-9778
0046,15:05,905,-9778
0046,15:10,910,-9778
0046,15:15,915,-9778
0046,15:20,920,-9778
0046,15:25,925,-9778
0046,15:30,930,0
0046,15:35,935,0
0046,15:40,940,0
0046,15:45,945,-356
0046,15:50,950,-356
0046,15:55,955,-356
0046,16:00,960,-356
0046,16:05,965,-356
0046,16:10,970,-356
0046,16:15,975,-356
0046,16:20,980,-356
0046,16:25,985,-356
0046,16:30,990,-3022
0046,16:35,995,-3022
0046,16:40,1000,-3022
0046,16:45,1005,-3022
0046,16:50,1010,-4267
0046,16:55,1015,-4267
0046,17:00,1020,-4267
0046,17:05,1025,-4267
0046,17:10,1030,-4267
0046,17:15,1035,-4267
0046,17:20,1040,-4267
0046,17:25,1045,-4267
0046,17:30,1050,-6400
0046,17:35,1055,-6400
0046,17:40,1060,-6400
0046,17:45,1065,-6400
0046,17:50,1070,-7289
0046,17:55,1075,-7289
0046,18:00,1080,-7289
0046,18:05,1085,-7289
0046,18:10,1090,-7289
0046,18:15,1095,-7289
0046,18:20,1100,-7289
0046,18:25,1105,-7644
0046,18:30,1110,-7644
0046,18:35,1115,-7644
0046,18:40,1120,-7644
0046,18:45,1125,-7644
0046,18:50,1130,-7644
0046,18:55,1135,-7644
0046,19:00,1140,-7644
0046,19:05,1145,-7644
0046,19:10,1150,-7644
0046,19:15,1155,-7644
0046,19:20,1160,-7644
0046,19:25,1165,-7822
0046,19:30,1170,-7822
0046,19:35,1175,-7822
0046,19:40,1180,-7822
0046,19:45,1185,-3378
0046,19:50,1190,-3378
0046,19:55,1195,-3378
0046,20:00,1200,-3378
0046,20:05,1205,-3378
0046,20:10,1210,-3378
0046,20:15,1215,-3378
0046,20:20,1220,-3378
0046,20:25,1225,-3378
0046,20:30,1230,-3378
0046,20:35,1235,-3378
0046,20:40,1240,-3378
0046,20:45,1245,-3378
0046,20:50,1250,-3378
0046,20:55,1255,-3378
0046,21:00,1260,-3378
0046,21:05,1265,-3378
0046,21:10,1270,-3378
0046,21:15,1275,-3378
0046,21:20,1280,-3378
0046,21:25,1285,-3378
0046,21:30,1290,-3378
0046,21:35,1295,-3378
0046,21:40,1300,-3378
0046,21:45,1305,-3911
0046,21:50,1310,-3911
0046,21:55,1315,-3911
0046,22:00,1320,-3911
0046,22:05,1325,-3911
0046,22:10,1330,-3911
0046,22:15,1335,-3911
0046,22:20,1340,-3911
0046,22:25,1345,-3911
0046,22:30,1350,-4267
0046,22:35,1355,-4267
0046,22:40,1360,-4267
0046,22:45,1365,-4267
0046,22:50,1370,-4267
0046,22:55,1375,-4267
0046,23:00,1380,-4267
0046,23:05,1385,-4267
0046,23:10,1390,-4267
0046,23:15,1395,-4267
0046,23:16,1396,-4267
0046,23:20,1400,-4267
0047,09:00,540,0
0047,09:05,545,0
0047,09:10,550,0
0047,09:15,555,0
0047,09:20,560,0
0047,09:25,565,0
0047,09:30,570,0
0047,09:35,575,0
0047,09:40,580,0
0047,09:45,585,0
0047,09:50,590,0
0047,09:55,595,0
0047,10:00,600,0
0047,10:05,605,0
0047,10:10,610,0
0047,10:15,615,0
0047,10:20,620,0
0047,10:25,625,0
0047,10:30,630,0
0047,10:35,635,0
0047,10:40,640,-356
0047,10:45,645,-356
0047,10:50,650,-356
0047,10:55,655,-356
0047,11:00,660,-356
0047,11:05,665,-356
0047,11:10,670,-356
0047,11:15,675,-356
0047,11:20,680,-356
0047,11:25,685,-356
0047,11:30,690,-2489
0047,11:35,695,-2489
0047,11:40,700,-2489
0047,11:45,705,-3911
0047,11:50,710,-3911
0047,11:55,715,-3911
0047,12:00,720,-3911
0047,12:05,725,-3911
0047,12:10,730,-3911
0047,12:15,735,-3911
0047,12:20,740,-3911
0047,12:25,745,-3911
0047,12:30,750,-2311
0047,12:35,755,-2311
0047,12:40,760,-2311
0047,12:45,765,-2311
0047,12:50,770,-1422
0047,12:55,775,-1422
0047,13:00,780,-1422
0047,13:05,785,-1422
0047,13:10,790,-1422
0047,13:15,795,-1422
0047,13:20,800,-1422
0047,13:25,805,5517
0047,13:30,810,5517
0047,13:35,815,5517
0047,13:40,820,5517
0047,13:45,825,5517
0047,13:50,830,9655
0047,13:55,835,9655
0047,14:00,840,9655
0047,14:05,845,9655
0047,14:10,850,9655
0047,14:15,855,9655
0047,14:20,860,9655
0047,14:25,865,9655
0047,14:30,870,15000
0047,14:35,875,15000
0047,14:40,880,15000
0047,14:45,885,15000
0047,14:50,890,15000
0047,14:55,895,15000
0047,15:00,900,15000
0047,15:05,905,15000
0047,15:10,910,15000
0047,15:15,915,15000
0047,15:20,920,15000
0047,15:25,925,15000
0047,15:30,930,14483
0047,15:35,935,14483
0047,15:40,940,14483
0047,15:45,945,13276
0047,15:50,950,13276
0047,15:55,955,13276
0047,16:00,960,13276
0047,16:05,965,13276
0047,16:10,970,13276
0047,16:15,975,13276
0047,16:20,980,13276
0047,16:25,985,13276
0047,16:30,990,11207
0047,16:35,995,11207
0047,16:40,1000,11207
0047,16:45,1005,11207
0047,16:50,1010,10172
0047,16:55,1015,10172
0047,17:00,1020,10172
0047,17:05,1025,10172
0047,17:10,1030,10172
0047,17:15,1035,10172
0047,17:20,1040,10172
0047,17:25,1045,10172
0047,17:30,1050,8276
0047,17:35,1055,8276
0047,17:40,1060,8276
0047,17:45,1065,8276
0047,17:50,1070,8276
0047,17:55,1075,8276
0047,18:00,1080,8276
0047,18:05,1085,8276
0047,18:10,1090,8276
0047,18:15,1095,8276
0047,18:20,1100,8276
0047,18:25,1105,8276
0047,18:30,1110,8276
0047,18:35,1115,8276
0047,18:40,1120,8276
0047,18:45,1125,8276
0047,18:50,1130,8276
0047,18:55,1135,8276
0047,19:00,1140,8276
0047,19:05,1145,8276
0047,19:10,1150,8276
0047,19:15,1155,8276
0047,19:20,1160,8276
0047,19:25,1165,7586
0047,19:30,1170,7586
0047,19:35,1175,7586
0047,19:40,1180,7586
0047,19:45,1185,7586
0047,19:50,1190,7586
0047,19:55,1195,7586
0047,20:00,1200,7586
0047,20:05,1205,7586
0047,20:10,1210,7586
0047,20:15,1215,7586
0047,20:20,1220,7586
0047,20:25,1225,7586
0047,20:30,1230,7241
0047,20:35,1235,7241
0047,20:40,1240,7241
0047,20:45,1245,11379
0047,20:50,1250,11379
0047,20:55,1255,11379
0047,21:00,1260,11379
0047,21:05,1265,11379
0047,21:10,1270,11379
0047,21:15,1275,11379
0047,21:20,1280,11379
0047,21:25,1285,11379
0047,21:30,1290,11207
0047,21:35,1295,11207
0047,21:40,1300,11207
0047,21:45,1305,11207
0047,21:50,1310,11207
0047,21:55,1315,11207
0047,22:00,1320,11207
0047,22:05,1325,11207
0047,22:10,1330,11207
0047,22:15,1335,11207
0047,22:20,1340,11207
0047,22:25,1345,11207
0047,22:30,1350,10345
0047,22:35,1355,10345
0047,22:40,1360,10345
0047,22:45,1365,10345
0047,22:50,1370,10345
0047,22:55,1375,10345
0047,23:00,1380,10345
0047,23:05,1385,10345
0047,23:10,1390,10345
0047,23:15,1395,10345
0047,23:16,1396,10345
0047,23:20,1400,10345
0048,09:00,540,0
0048,09:05,545,0
0048,09:10,550,0
0048,09:15,555,0
0048,09:20,560,0
0048,09:25,565,0
0048,09:30,570,0
0048,09:35,575,0
0048,09:40,580,0
0048,09:45,585,0
0048,09:50,590,0
0048,09:55,595,0
0048,10:00,600,0
0048,10:05,605,0
0048,10:10,610,0
0048,10:15,615,0
0048,10:20,620,0
0048,10:25,625,0
0048,10:30,630,0
0048,10:35,635,0
0048,10:40,640,-889
0048,10:45,645,-889
0048,10:50,650,-889
0048,10:55,655,-889
0048,11:00,660,-2133
0048,11:05,665,-2133
0048,11:10,670,-2133
0048,11:15,675,-2133
0048,11:20,680,-2133
0048,11:25,685,-2133
0048,11:30,690,-4267
0048,11:35,695,-4267
0048,11:40,700,-4267
0048,11:45,705,-5511
0048,11:50,710,-5511
0048,11:55,715,-5511
0048,12:00,720,-5511
0048,12:05,725,-5511
0048,12:10,730,-5511
0048,12:15,735,-5511
0048,12:20,740,-5511
0048,12:25,745,-5511
0048,12:30,750,-5689
0048,12:35,755,-5689
0048,12:40,760,-5689
0048,12:45,765,-5689
0048,12:50,770,-5689
0048,12:55,775,-5689
0048,13:00,780,-5689
0048,13:05,785,-5689
0048,13:10,790,-5689
0048,13:15,795,-5689
0048,13:20,800,-5689
0048,13:25,805,-6400
0048,13:30,810,-6400
0048,13:35,815,-6400
0048,13:40,820,-6400
0048,13:45,825,-6400
0048,13:50,830,-5867
0048,13:55,835,-5867
0048,14:00,840,-5867
0048,14:05,845,-5867
0048,14:10,850,-5867
0048,14:15,855,-5867
0048,14:20,860,-5867
0048,14:25,865,-5867
0048,14:30,870,-4800
0048,14:35,875,-4800
0048,14:40,880,-4800
0048,14:45,885,-5689
0048,14:50,890,-5689
0048,14:55,895,-5689
0048,15:00,900,-5689
0048,15:05,905,-5689
0048,15:10,910,-5689
0048,15:15,915,-5689
0048,15:20,920,-5689
0048,15:25,925,-5689
0048,15:30,930,-356
0048,15:35,935,-356
0048,15:40,940,-356
0048,15:45,945,-1778
0048,15:50,950,-1778
0048,15:55,955,-1778
0048,16:00,960,-1778
0048,16:05,965,-1778
0048,16:10,970,-1778
0048,16:15,975,-1778
0048,16:20,980,-1778
0048,16:25,985,-1778
0048,16:30,990,-4800
0048,16:35,995,-4800
0048,16:40,1000,-4800
0048,16:45,1005,-4800
0048,16:50,1010,-6222
0048,16:55,1015,-6222
0048,17:00,1020,-6222
0048,17:05,1025,-6222
0048,17:10,1030,-6222
0048,17:15,1035,-6222
0048,17:20,1040,-6222
0048,17:25,1045,-6222
0048,17:30,1050,-8889
0048,17:35,1055,-8889
0048,17:40,1060,-8889
0048,17:45,1065,-8889
0048,17:50,1070,-10489
0048,17:55,1075,-10489
0048,18:00,1080,-10489
0048,18:05,1085,-10489
0048,18:10,1090,-10489
0048,18:15,1095,-10489
0048,18:20,1100,-10489
0048,18:25,1105,-12978
0048,18:30,1110,-12978
0048,18:35,1115,-12978
0048,18:40,1120,-12978
0048,18:45,1125,-12978
0048,18:50,1130,-12622
0048,18:55,1135,-12622
0048,19:00,1140,-12622
0048,19:05,1145,-12622
0048,19:10,1150,-12622
0048,19:15,1155,-12622
0048,19:20,1160,-12622
0048,19:25,1165,-13333
0048,19:30,1170,-13333
0048,19:35,1175,-13333
0048,19:40,1180,-13333
0048,19:45,1185,-4267
0048,19:50,1190,-4267
0048,19:55,1195,-4267
0048,20:00,1200,-4267
0048,20:05,1205,-4267
0048,20:10,1210,-4267
0048,20:15,1215,-4267
0048,20:20,1220,-4267
0048,20:25,1225,-4267
0048,20:30,1230,-178
0048,20:35,1235,-178
0048,20:40,1240,-178
0048,20:45,1245,1207
0048,20:50,1250,1207
0048,20:55,1255,1207
0048,21:00,1260,1207
0048,21:05,1265,1207
0048,21:10,1270,1207
0048,21:15,1275,1207
0048,21:20,1280,1207
0048,21:25,1285,1207
0048,21:30,1290,1034
0048,21:35,1295,1034
0048,21:40,1300,1034
0048,21:45,1305,345
0048,21:50,1310,345
0048,21:55,1315,345
0048,22:00,1320,345
0048,22:05,1325,345
0048,22:10,1330,345
0048,22:15,1335,345
0048,22:20,1340,345
0048,22:25,1345,345
0048,22:30,1350,172
0048,22:35,1355,172
0048,22:40,1360,172
0048,22:45,1365,172
0048,22:50,1370,172
0048,22:55,1375,172
0048,23:00,1380,172
0048,23:05,1385,172
0048,23:10,1390,172
0048,23:15,1395,172
0048,23:16,1396,172
0048,23:20,1400,172
0049,09:00,540,0
0049,09:05,545,0
0049,09:10,550,0
0049,09:15,555,0
0049,09:20,560,0
0049,09:25,565,0
0049,09:30,570,0
0049,09:35,575,0
0049,09:40,580,0
0049,09:45,585,0
0049,09:50,590,0
0049,09:55,595,0
0049,10:00,600,0
0049,10:05,605,0
0049,10:10,610,0
0049,10:15,615,0
0049,10:20,620,0
0049,10:25,625,0
0049,10:30,630,0
0049,10:35,635,0
0049,10:40,640,0
0049,10:45,645,0
0049,10:50,650,0
0049,10:55,655,0
0049,11:00,660,0
0049,11:05,665,0
0049,11:10,670,0
0049,11:15,675,0
0049,11:20,680,0
0049,11:25,685,0
0049,11:30,690,0
0049,11:35,695,0
0049,11:40,700,0
0049,11:45,705,-622
0049,11:50,710,-622
0049,11:55,715,-622
0049,12:00,720,-622
0049,12:05,725,-622
0049,12:10,730,-622
0049,12:15,735,-622
0049,12:20,740,-622
0049,12:25,745,-622
0049,12:30,750,-622
0049,12:35,755,-622
0049,12:40,760,-622
0049,12:45,765,-622
0049,12:50,770,-2311
0049,12:55,775,-2311
0049,13:00,780,-2311
0049,13:05,785,-2311
0049,13:10,790,-2311
0049,13:15,795,-2311
0049,13:20,800,-2311
0049,13:25,805,-3822
0049,13:30,810,-3822
0049,13:35,815,-3822
0049,13:40,820,-3822
0049,13:45,825,-3822
0049,13:50,830,-4444
0049,13:55,835,-4444
0049,14:00,840,-4444
0049,14:05,845,-4444
0049,14:10,850,-4444
0049,14:15,855,-4444
0049,14:20,860,-4444
0049,14:25,865,-4444
0049,14:30,870,-4978
0049,14:35,875,-4978
0049,14:40,880,-4978
0049,14:45,885,431
0049,14:50,890,431
0049,14:55,895,431
0049,15:00,900,431
0049,15:05,905,431
0049,15:10,910,431
0049,15:15,915,431
0049,15:20,920,431
0049,15:25,925,431
0049,15:30,930,-2222
0049,15:35,935,-2222
0049,15:40,940,-2222
0049,15:45,945,-3378
0049,15:50,950,-3378
0049,15:55,955,-3378
0049,16:00,960,-3378
0049,16:05,965,-3378
0049,16:10,970,-3378
0049,16:15,975,-3378
0049,16:20,980,-3378
0049,16:25,985,-3378
0049,16:30,990,-3644
0049,16:35,995,-3644
0049,16:40,1000,-3644
0049,16:45,1005,-3644
0049,16:50,1010,-4000
0049,16:55,1015,-4000
0049,17:00,1020,-4000
0049,17:05,1025,-4000
0049,17:10,1030,-4000
0049,17:15,1035,-4000
0049,17:20,1040,-4000
0049,17:25,1045,-4000
0049,17:30,1050,-4356
0049,17:35,1055,-4356
0049,17:40,1060,-4356
0049,17:45,1065,-4356
0049,17:50,1070,1121
0049,17:55,1075,1121
0049,18:00,1080,1121
0049,18:05,1085,1121
0049,18:10,1090,1121
0049,18:15,1095,1121
0049,18:20,1100,1121
0049,18:25,1105,603
0049,18:30,1110,603
0049,18:35,1115,603
0049,18:40,1120,603
0049,18:45,1125,603
0049,18:50,1130,-178
0049,18:55,1135,-178
0049,19:00,1140,-178
0049,19:05,1145,-178
0049,19:10,1150,-178
0049,19:15,1155,-178
0049,19:20,1160,-178
0049,19:25,1165,-1867
0049,19:30,1170,-1867
0049,19:35,1175,-1867
0049,19:40,1180,-1867
0049,19:45,1185,-2133
0049,19:50,1190,-2133
0049,19:55,1195,-2133
0049,20:00,1200,-2133
0049,20:05,1205,-2133
0049,20:10,1210,-2133
0049,20:15,1215,-2133
0049,20:20,1220,-2133
0049,20:25,1225,-2133
0049,20:30,1230,-2133
0049,20:35,1235,-2133
0049,20:40,1240,-2133
0049,20:45,1245,-2133
0049,20:50,1250,-2133
0049,20:55,1255,-2133
0049,21:00,1260,-2133
0049,21:05,1265,-2133
0049,21:10,1270,-2133
0049,21:15,1275,-2133
0049,21:20,1280,-2133
0049,21:25,1285,-2133
0049,21:30,1290,-2578
0049,21:35,1295,-2578
0049,21:40,1300,-2578
0049,21:45,1305,-2578
0049,21:50,1310,-2578
0049,21:55,1315,-2578
0049,22:00,1320,-2578
0049,22:05,1325,-2578
0049,22:10,1330,-2578
0049,22:15,1335,-2578
0049,22:20,1340,-2578
0049,22:25,1345,-2578
0049,22:30,1350,-2667
0049,22:35,1355,-2667
0049,22:40,1360,-2667
0049,22:45,1365,-2667
0049,22:50,1370,-2667
0049,22:55,1375,-2667
0049,23:00,1380,-2667
0049,23:05,1385,-2667
0049,23:10,1390,-2667
0049,23:15,1395,-2667
0049,23:16,1396,-2667
0049,23:20,1400,-2667
0050,09:00,540,0
0050,09:05,545,0
0050,09:10,550,0
0050,09:15,555,0
0050,09:20,560,0
0050,09:25,565,0
0050,09:30,570,0
0050,09:35,575,0
0050,09:40,580,0
0050,09:45,585,0
0050,09:50,590,0
0050,09:55,595,0
0050,10:00,600,0
0050,10:05,605,0
0050,10:10,610,0
0050,10:15,615,0
0050,10:20,620,0
0050,10:25,625,0
0050,10:30,630,0
0050,10:35,635,0
0050,10:40,640,0
0050,10:45,645,0
0050,10:50,650,0
0050,10:55,655,0
0050,11:00,660,0
0050,11:05,665,0
0050,11:10,670,0
0050,11:15,675,0
0050,11:20,680,0
0050,11:25,685,0
0050,11:30,690,345
0050,11:35,695,345
0050,11:40,700,345
0050,11:45,705,7586
0050,11:50,710,7586
0050,11:55,715,7586
0050,12:00,720,7586
0050,12:05,725,7586
0050,12:10,730,7586
0050,12:15,735,7586
0050,12:20,740,7586
0050,12:25,745,7586
0050,12:30,750,13966
0050,12:35,755,13966
0050,12:40,760,13966
0050,12:45,765,13966
0050,12:50,770,12586
0050,12:55,775,12586
0050,13:00,780,12586
0050,13:05,785,12586
0050,13:10,790,12586
0050,13:15,795,12586
0050,13:20,800,12586
0050,13:25,805,11724
0050,13:30,810,11724
0050,13:35,815,11724
0050,13:40,820,11724
0050,13:45,825,11724
0050,13:50,830,15172
0050,13:55,835,15172
0050,14:00,840,15172
0050,14:05,845,15172
0050,14:10,850,15172
0050,14:15,855,15172
0050,14:20,860,15172
0050,14:25,865,15172
0050,14:30,870,17586
0050,14:35,875,17586
0050,14:40,880,17586
0050,14:45,885,16207
0050,14:50,890,16207
0050,14:55,895,16207
0050,15:00,900,16207
0050,15:05,905,16207
0050,15:10,910,16207
0050,15:15,915,16207
0050,15:20,920,16207
0050,15:25,925,16207
0050,15:30,930,13103
0050,15:35,935,13103
0050,15:40,940,13103
0050,15:45,945,13448
0050,15:50,950,13448
0050,15:55,955,13448
0050,16:00,960,13448
0050,16:05,965,13448
0050,16:10,970,13448
0050,16:15,975,13448
0050,16:20,980,13448
0050,16:25,985,13448
0050,16:30,990,17414
0050,16:35,995,17414
0050,16:40,1000,17414
0050,16:45,1005,17414
0050,16:50,1010,15690
0050,16:55,1015,15690
0050,17:00,1020,15690
0050,17:05,1025,15690
0050,17:10,1030,15690
0050,17:15,1035,15690
0050,17:20,1040,15690
0050,17:25,1045,15690
0050,17:30,1050,12586
0050,17:35,1055,12586
0050,17:40,1060,12586
0050,17:45,1065,12586
0050,17:50,1070,11207
0050,17:55,1075,11207
0050,18:00,1080,11207
0050,18:05,1085,11207
0050,18:10,1090,11207
0050,18:15,1095,11207
0050,18:20,1100,11207
0050,18:25,1105,9655
0050,18:30,1110,9655
0050,18:35,1115,9655
0050,18:40,1120,9655
0050,18:45,1125,9655
0050,18:50,1130,11897
0050,18:55,1135,11897
0050,19:00,1140,11897
0050,19:05,1145,11897
0050,19:10,1150,11897
0050,19:15,1155,11897
0050,19:20,1160,11897
0050,19:25,1165,10690
0050,19:30,1170,10690
0050,19:35,1175,10690
0050,19:40,1180,10690
0050,19:45,1185,9655
0050,19:50,1190,9655
0050,19:55,1195,9655
0050,20:00,1200,9655
0050,20:05,1205,9655
0050,20:10,1210,9655
0050,20:15,1215,9655
0050,20:20,1220,9655
0050,20:25,1225,9655
0050,20:30,1230,8276
0050,20:35,1235,8276
0050,20:40,1240,8276
0050,20:45,1245,8276
0050,20:50,1250,8276
0050,20:55,1255,8276
0050,21:00,1260,8276
0050,21:05,1265,8276
0050,21:10,1270,8276
0050,21:15,1275,8276
0050,21:20,1280,8276
0050,21:25,1285,8276
0050,21:30,1290,7931
0050,21:35,1295,7931
0050,21:40,1300,7931
0050,21:45,1305,7931
0050,21:50,1310,7931
0050,21:55,1315,7931
0050,22:00,1320,7931
0050,22:05,1325,7931
0050,22:10,1330,7931
0050,22:15,1335,7931
0050,22:20,1340,7931
0050,22:25,1345,7931
0050,22:30,1350,7759
0050,22:35,1355,7759
0050,22:40,1360,7759
0050,22:45,1365,7759
0050,22:50,1370,7759
0050,22:55,1375,7759
0050,23:00,1380,7759
0050,23:05,1385,7759
0050,23:10,1390,7759
0050,23:15,1395,7759
0050,23:16,1396,7759
0050,23:20,1400,7759
0051,09:00,540,0
0051,09:05,545,0
0051,09:10,550,0
0051,09:15,555,0
0051,09:20,560,0
0051,09:25,565,0
0051,09:30,570,0
0051,09:35,575,0
0051,09:40,580,0
0051,09:45,585,0
0051,09:50,590,0
0051,09:55,595,0
0051,10:00,600,0
0051,10:05,605,0
0051,10:10,610,0
0051,10:15,615,0
0051,10:20,620,0
0051,10:25,625,0
0051,10:30,630,0
0051,10:35,635,0
0051,10:40,640,0
0051,10:45,645,0
0051,10:50,650,0
0051,10:55,655,0
0051,11:00,660,0
0051,11:05,665,0
0051,11:10,670,0
0051,11:15,675,0
0051,11:20,680,0
0051,11:25,685,0
0051,11:30,690,0
0051,11:35,695,0
0051,11:40,700,0
0051,11:45,705,0
0051,11:50,710,0
0051,11:55,715,0
0051,12:00,720,0
0051,12:05,725,0
0051,12:10,730,0
0051,12:15,735,0
0051,12:20,740,0
0051,12:25,745,0
0051,12:30,750,0
0051,12:35,755,0
0051,12:40,760,0
0051,12:45,765,0
0051,12:50,770,0
0051,12:55,775,0
0051,13:00,780,0
0051,13:05,785,0
0051,13:10,790,0
0051,13:15,795,0
0051,13:20,800,0
0051,13:25,805,0
0051,13:30,810,0
0051,13:35,815,0
0051,13:40,820,0
0051,13:45,825,0
0051,13:50,830,-711
0051,13:55,835,-711
0051,14:00,840,-711
0051,14:05,845,-711
0051,14:10,850,-711
0051,14:15,855,-711
0051,14:20,860,-711
0051,14:25,865,-711
0051,14:30,870,-2222
0051,14:35,875,-2222
0051,14:40,880,-2222
0051,14:45,885,-2133
0051,14:50,890,-2133
0051,14:55,895,-2133
0051,15:00,900,-2133
0051,15:05,905,-2133
0051,15:10,910,-2133
0051,15:15,915,-2133
0051,15:20,920,-2133
0051,15:25,925,-2133
0051,15:30,930,3362
0051,15:35,935,3362
0051,15:40,940,3362
0051,15:45,945,2759
0051,15:50,950,2759
0051,15:55,955,2759
0051,16:00,960,2759
0051,16:05,965,2759
0051,16:10,970,2759
0051,16:15,975,2759
0051,16:20,980,2759
0051,16:25,985,2759
0051,16:30,990,1724
0051,16:35,995,1724
0051,16:40,1000,1724
0051,16:45,1005,1724
0051,16:50,1010,1724
0051,16:55,1015,1724
0051,17:00,1020,1724
0051,17:05,1025,1724
0051,17:10,1030,1724
0051,17:15,1035,1724
0051,17:20,1040,1724
0051,17:25,1045,1724
0051,17:30,1050,1207
0051,17:35,1055,1207
0051,17:40,1060,1207
0051,17:45,1065,1207
0051,17:50,1070,948
0051,17:55,1075,948
0051,18:00,1080,948
0051,18:05,1085,948
0051,18:10,1090,948
0051,18:15,1095,948
0051,18:20,1100,948
0051,18:25,1105,-800
0051,18:30,1110,-800
0051,18:35,1115,-800
0051,18:40,1120,-800
0051,18:45,1125,-800
0051,18:50,1130,-1422
0051,18:55,1135,-1422
0051,19:00,1140,-1422
0051,19:05,1145,-1422
0051,19:10,1150,-1422
0051,19:15,1155,-1422
0051,19:20,1160,-1422
0051,19:25,1165,1810
0051,19:30,1170,1810
0051,19:35,1175,1810
0051,19:40,1180,1810
0051,19:45,1185,948
0051,19:50,1190,948
0051,19:55,1195,948
0051,20:00,1200,948
0051,20:05,1205,948
0051,20:10,1210,948
0051,20:15,1215,948
0051,20:20,1220,948
0051,20:25,1225,948
0051,20:30,1230,948
0051,20:35,1235,948
0051,20:40,1240,948
0051,20:45,1245,603
0051,20:50,1250,603
0051,20:55,1255,603
0051,21:00,1260,603
0051,21:05,1265,603
0051,21:10,1270,603
0051,21:15,1275,603
0051,21:20,1280,603
0051,21:25,1285,603
0051,21:30,1290,603
0051,21:35,1295,603
0051,21:40,1300,603
0051,21:45,1305,603
0051,21:50,1310,603
0051,21:55,1315,603
0051,22:00,1320,603
0051,22:05,1325,603
0051,22:10,1330,603
0051,22:15,1335,603
0051,22:20,1340,603
0051,22:25,1345,603
0051,22:30,1350,345
0051,22:35,1355,345
0051,22:40,1360,345
0051,22:45,1365,345
0051,22:50,1370,345
0051,22:55,1375,345
0051,23:00,1380,345
0051,23:05,1385,345
0051,23:10,1390,345
0051,23:15,1395,345
0051,23:16,1396,345
0051,23:20,1400,345
0052,09:00,540,0
0052,09:05,545,0
0052,09:10,550,0
0052,09:15,555,0
0052,09:20,560,0
0052,09:25,565,0
0052,09:30,570,0
0052,09:35,575,0
0052,09:40,580,0
0052,09:45,585,0
0052,09:50,590,0
0052,09:55,595,0
0052,10:00,600,0
0052,10:05,605,0
0052,10:10,610,0
0052,10:15,615,0
0052,10:20,620,0
0052,10:25,625,0
0052,10:30,630,0
0052,10:35,635,0
0052,10:40,640,-889
0052,10:45,645,-889
0052,10:50,650,-889
0052,10:55,655,-889
0052,11:00,660,-1778
0052,11:05,665,-1778
0052,11:10,670,-1778
0052,11:15,675,-1778
0052,11:20,680,-1778
0052,11:25,685,-1778
0052,11:30,690,0
0052,11:35,695,0
0052,11:40,700,0
0052,11:45,705,-1244
0052,11:50,710,-1244
0052,11:55,715,-1244
0052,12:00,720,-1244
0052,12:05,725,-1244
0052,12:10,730,-1244
0052,12:15,735,-1244
0052,12:20,740,-1244
0052,12:25,745,-1244
0052,12:30,750,-1422
0052,12:35,755,-1422
0052,12:40,760,-1422
0052,12:45,765,-1422
0052,12:50,770,2241
0052,12:55,775,2241
0052,13:00,780,2241
0052,13:05,785,2241
0052,13:10,790,2241
0052,13:15,795,2241
0052,13:20,800,2241
0052,13:25,805,1897
0052,13:30,810,1897
0052,13:35,815,1897
0052,13:40,820,1897
0052,13:45,825,1897
0052,13:50,830,2069
0052,13:55,835,2069
0052,14:00,840,2069
0052,14:05,845,2069
0052,14:10,850,2069
0052,14:15,855,2069
0052,14:20,860,2069
0052,14:25,865,2069
0052,14:30,870,4655
0052,14:35,875,4655
0052,14:40,880,4655
0052,14:45,885,3621
0052,14:50,890,3621
0052,14:55,895,3621
0052,15:00,900,3621
0052,15:05,905,3621
0052,15:10,910,3621
0052,15:15,915,3621
0052,15:20,920,3621
0052,15:25,925,3621
0052,15:30,930,1034
0052,15:35,935,1034
0052,15:40,940,1034
0052,15:45,945,-533
0052,15:50,950,-533
0052,15:55,955,-533
0052,16:00,960,-533
0052,16:05,965,-533
0052,16:10,970,-533
0052,16:15,975,-533
0052,16:20,980,-533
0052,16:25,985,-533
0052,16:30,990,7586
0052,16:35,995,7586
0052,16:40,1000,7586
0052,16:45,1005,7586
0052,16:50,1010,9310
0052,16:55,1015,9310
0052,17:00,1020,9310
0052,17:05,1025,9310
0052,17:10,1030,9310
0052,17:15,1035,9310
0052,17:20,1040,9310
0052,17:25,1045,9310
0052,17:30,1050,12931
0052,17:35,1055,12931
0052,17:40,1060,12931
0052,17:45,1065,12931
0052,17:50,1070,12759
0052,17:55,1075,12759
0052,18:00,1080,12759
0052,18:05,1085,12759
0052,18:10,1090,12759
0052,18:15,1095,12759
0052,18:20,1100,12759
0052,18:25,1105,12069
0052,18:30,1110,12069
0052,18:35,1115,12069
0052,18:40,1120,12069
0052,18:45,1125,12069
0052,18:50,1130,11724
0052,18:55,1135,11724
0052,19:00,1140,11724
0052,19:05,1145,11724
0052,19:10,1150,11724
0052,19:15,1155,11724
0052,19:20,1160,11724
0052,19:25,1165,10517
0052,19:30,1170,10517
0052,19:35,1175,10517
0052,19:40,1180,10517
0052,19:45,1185,15690
0052,19:50,1190,15690
0052,19:55,1195,15690
0052,20:00,1200,15690
0052,20:05,1205,15690
0052,20:10,1210,15690
0052,20:15,1215,15690
0052,20:20,1220,15690
0052,20:25,1225,15690
0052,20:30,1230,14655
0052,20:35,1235,14655
0052,20:40,1240,14655
0052,20:45,1245,14655
0052,20:50,1250,14655
0052,20:55,1255,14655
0052,21:00,1260,14655
0052,21:05,1265,14655
0052,21:10,1270,14655
0052,21:15,1275,14655
0052,21:20,1280,14655
0052,21:25,1285,14655
0052,21:30,1290,14655
0052,21:35,1295,14655
0052,21:40,1300,14655
0052,21:45,1305,14655
0052,21:50,1310,14655
0052,21:55,1315,14655
0052,22:00,1320,14655
0052,22:05,1325,14655
0052,22:10,1330,14655
0052,22:15,1335,14655
0052,22:20,1340,14655
0052,22:25,1345,14655
0052,22:30,1350,14138
0052,22:35,1355,14138
0052,22:40,1360,14138
0052,22:45,1365,14138
0052,22:50,1370,14138
0052,22:55,1375,14138
0052,23:00,1380,14138
0052,23:05,1385,14138
0052,23:10,1390,14138
0052,23:15,1395,14138
0052,23:16,1396,14138
0052,23:20,1400,14138
0053,09:00,540,0
0053,09:05,545,0
0053,09:10,550,0
0053,09:15,555,0
0053,09:20,560,0
0053,09:25,565,0
0053,09:30,570,0
0053,09:35,575,0
0053,09:40,580,0
0053,09:45,585,0
0053,09:50,590,0
0053,09:55,595,0
0053,10:00,600,0
0053,10:05,605,0
0053,10:10,610,0
0053,10:15,615,0
0053,10:20,620,0
0053,10:25,625,0
0053,10:30,630,0
0053,10:35,635,0
0053,10:40,640,0
0053,10:45,645,0
0053,10:50,650,0
0053,10:55,655,0
0053,11:00,660,0
0053,11:05,665,0
0053,11:10,670,0
0053,11:15,675,0
0053,11:20,680,0
0053,11:25,685,0
0053,11:30,690,0
0053,11:35,695,0
0053,11:40,700,0
0053,11:45,705,-178
0053,11:50,710,-178
0053,11:55,715,-178
0053,12:00,720,-178
0053,12:05,725,-178
0053,12:10,730,-178
0053,12:15,735,-178
0053,12:20,740,-178
0053,12:25,745,-178
0053,12:30,750,-3378
0053,12:35,755,-3378
0053,12:40,760,-3378
0053,12:45,765,-3378
0053,12:50,770,-1244
0053,12:55,775,-1244
0053,13:00,780,-1244
0053,13:05,785,-1244
0053,13:10,790,-1244
0053,13:15,795,-1244
0053,13:20,800,-1244
0053,13:25,805,6207
0053,13:30,810,6207
0053,13:35,815,6207
0053,13:40,820,6207
0053,13:45,825,6207
0053,13:50,830,5345
0053,13:55,835,5345
0053,14:00,840,5345
0053,14:05,845,5345
0053,14:10,850,5345
0053,14:15,855,5345
0053,14:20,860,5345
0053,14:25,865,5345
0053,14:30,870,4828
0053,14:35,875,4828
0053,14:40,880,4828
0053,14:45,885,3448
0053,14:50,890,3448
0053,14:55,895,3448
0053,15:00,900,3448
0053,15:05,905,3448
0053,15:10,910,3448
0053,15:15,915,3448
0053,15:20,920,3448
0053,15:25,925,3448
0053,15:30,930,5000
0053,15:35,935,5000
0053,15:40,940,5000
0053,15:45,945,10345
0053,15:50,950,10345
0053,15:55,955,10345
0053,16:00,960,10345
0053,16:05,965,10345
0053,16:10,970,10345
0053,16:15,975,10345
0053,16:20,980,10345
0053,16:25,985,10345
0053,16:30,990,14828
0053,16:35,995,14828
0053,16:40,1000,14828
0053,16:45,1005,14828
0053,16:50,1010,14828
0053,16:55,1015,14828
0053,17:00,1020,14828
0053,17:05,1025,14828
0053,17:10,1030,14828
0053,17:15,1035,14828
0053,17:20,1040,14828
0053,17:25,1045,14828
0053,17:30,1050,14655
0053,17:35,1055,14655
0053,17:40,1060,14655
0053,17:45,1065,14655
0053,17:50,1070,14655
0053,17:55,1075,14655
0053,18:00,1080,14655
0053,18:05,1085,14655
0053,18:10,1090,14655
0053,18:15,1095,14655
0053,18:20,1100,14655
0053,18:25,1105,14138
0053,18:30,1110,14138
0053,18:35,1115,14138
0053,18:40,1120,14138
0053,18:45,1125,14138
0053,18:50,1130,12931
0053,18:55,1135,12931
0053,19:00,1140,12931
0053,19:05,1145,12931
0053,19:10,1150,12931
0053,19:15,1155,12931
0053,19:20,1160,12931
0053,19:25,1165,15345
0053,19:30,1170,15345
0053,19:35,1175,15345
0053,19:40,1180,15345
0053,19:45,1185,16379
0053,19:50,1190,16379
0053,19:55,1195,16379
0053,20:00,1200,16379
0053,20:05,1205,16379
0053,20:10,1210,16379
0053,20:15,1215,16379
0053,20:20,1220,16379
0053,20:25,1225,16379
0053,20:30,1230,18448
0053,20:35,1235,18448
0053,20:40,1240,18448
0053,20:45,1245,18448
0053,20:50,1250,18448
0053,20:55,1255,18448
0053,21:00,1260,18448
0053,21:05,1265,18448
0053,21:10,1270,18448
0053,21:15,1275,18448
0053,21:20,1280,18448
0053,21:25,1285,18448
0053,21:30,1290,18448
0053,21:35,1295,18448
0053,21:40,1300,18448
0053,21:45,1305,18448
0053,21:50,1310,18448
0053,21:55,1315,18448
0053,22:00,1320,18448
0053,22:05,1325,18448
0053,22:10,1330,18448
0053,22:15,1335,18448
0053,22:20,1340,18448
0053,22:25,1345,18448
0053,22:30,1350,18448
0053,22:35,1355,18448
0053,22:40,1360,18448
0053,22:45,1365,18448
0053,22:50,1370,18448
0053,22:55,1375,18448
0053,23:00,1380,18448
0053,23:05,1385,18448
0053,23:10,1390,18448
0053,23:15,1395,18448
0053,23:16,1396,18448
0053,23:20,1400,18448
0054,09:00,540,0
0054,09:05,545,0
0054,09:10,550,0
0054,09:15,555,0
0054,09:20,560,0
0054,09:25,565,0
0054,09:30,570,0
0054,09:35,575,0
0054,09:40,580,0
0054,09:45,585,0
0054,09:50,590,0
0054,09:55,595,0
0054,10:00,600,0
0054,10:05,605,0
0054,10:10,610,0
0054,10:15,615,0
0054,10:20,620,0
0054,10:25,625,0
0054,10:30,630,0
0054,10:35,635,0
0054,10:40,640,0
0054,10:45,645,0
0054,10:50,650,0
0054,10:55,655,0
0054,11:00,660,0
0054,11:05,665,0
0054,11:10,670,0
0054,11:15,675,0
0054,11:20,680,0
0054,11:25,685,0
0054,11:30,690,-711
0054,11:35,695,-711
0054,11:40,700,-711
0054,11:45,705,-1956
0054,11:50,710,-1956
0054,11:55,715,-1956
0054,12:00,720,-1956
0054,12:05,725,-1956
0054,12:10,730,-1956
0054,12:15,735,-1956
0054,12:20,740,-1956
0054,12:25,745,-1956
0054,12:30,750,0
0054,12:35,755,0
0054,12:40,760,0
0054,12:45,765,0
0054,12:50,770,-356
0054,12:55,775,-356
0054,13:00,780,-356
0054,13:05,785,-356
0054,13:10,790,-356
0054,13:15,795,-356
0054,13:20,800,-356
0054,13:25,805,-1778
0054,13:30,810,-1778
0054,13:35,815,-1778
0054,13:40,820,-1778
0054,13:45,825,-1778
0054,13:50,830,-2311
0054,13:55,835,-2311
0054,14:00,840,-2311
0054,14:05,845,-2311
0054,14:10,850,-2311
0054,14:15,855,-2311
0054,14:20,860,-2311
0054,14:25,865,-2311
0054,14:30,870,-889
0054,14:35,875,-889
0054,14:40,880,-889
0054,14:45,885,1724
0054,14:50,890,1724
0054,14:55,895,1724
0054,15:00,900,1724
0054,15:05,905,1724
0054,15:10,910,1724
0054,15:15,915,1724
0054,15:20,920,1724
0054,15:25,925,1724
0054,15:30,930,-889
0054,15:35,935,-889
0054,15:40,940,-889
0054,15:45,945,-1956
0054,15:50,950,-1956
0054,15:55,955,-1956
0054,16:00,960,-1956
0054,16:05,965,-1956
0054,16:10,970,-1956
0054,16:15,975,-1956
0054,16:20,980,-1956
0054,16:25,985,-1956
0054,16:30,990,-4622
0054,16:35,995,-4622
0054,16:40,1000,-4622
0054,16:45,1005,-4622
0054,16:50,1010,-6044
0054,16:55,1015,-6044
0054,17:00,1020,-6044
0054,17:05,1025,-6044
0054,17:10,1030,-6044
0054,17:15,1035,-6044
0054,17:20,1040,-6044
0054,17:25,1045,-6044
0054,17:30,1050,-8533
0054,17:35,1055,-8533
0054,17:40,1060,-8533
0054,17:45,1065,-8533
0054,17:50,1070,-9067
0054,17:55,1075,-9067
0054,18:00,1080,-9067
0054,18:05,1085,-9067
0054,18:10,1090,-9067
0054,18:15,1095,-9067
0054,18:20,1100,-9067
0054,18:25,1105,-10311
0054,18:30,1110,-10311
0054,18:35,1115,-10311
0054,18:40,1120,-10311
0054,18:45,1125,-10311
0054,18:50,1130,-10311
0054,18:55,1135,-10311
0054,19:00,1140,-10311
0054,19:05,1145,-10311
0054,19:10,1150,-10311
0054,19:15,1155,-10311
0054,19:20,1160,-10311
0054,19:25,1165,-10667
0054,19:30,1170,-10667
0054,19:35,1175,-10667
0054,19:40,1180,-10667
0054,19:45,1185,-9956
0054,19:50,1190,-9956
0054,19:55,1195,-9956
0054,20:00,1200,-9956
0054,20:05,1205,-9956
0054,20:10,1210,-9956
0054,20:15,1215,-9956
0054,20:20,1220,-9956
0054,20:25,1225,-9956
0054,20:30,1230,-10489
0054,20:35,1235,-10489
0054,20:40,1240,-10489
0054,20:45,1245,-8000
0054,20:50,1250,-8000
0054,20:55,1255,-8000
0054,21:00,1260,-8000
0054,21:05,1265,-8000
0054,21:10,1270,-8000
0054,21:15,1275,-8000
0054,21:20,1280,-8000
0054,21:25,1285,-8000
0054,21:30,1290,-6222
0054,21:35,1295,-6222
0054,21:40,1300,-6222
0054,21:45,1305,-6222
0054,21:50,1310,-6222
0054,21:55,1315,-6222
0054,22:00,1320,-6222
0054,22:05,1325,-6222
0054,22:10,1330,-6222
0054,22:15,1335,-6222
0054,22:20,1340,-6222
0054,22:25,1345,-6222
0054,22:30,1350,-6222
0054,22:35,1355,-6222
0054,22:40,1360,-6222
0054,22:45,1365,-6222
0054,22:50,1370,-6222
0054,22:55,1375,-6222
0054,23:00,1380,-6222
0054,23:05,1385,-6222
0054,23:10,1390,-6222
0054,23:15,1395,-6222
0054,23:16,1396,-6222
0054,23:20,1400,-6222
0055,09:00,540,0
0055,09:05,545,0
0055,09:10,550,0
0055,09:15,555,0
0055,09:20,560,0
0055,09:25,565,0
0055,09:30,570,0
0055,09:35,575,0
0055,09:40,580,0
0055,09:45,585,0
0055,09:50,590,0
0055,09:55,595,0
0055,10:00,600,0
0055,10:05,605,0
0055,10:10,610,0
0055,10:15,615,0
0055,10:20,620,0
0055,10:25,625,0
0055,10:30,630,0
0055,10:35,635,0
0055,10:40,640,0
0055,10:45,645,0
0055,10:50,650,0
0055,10:55,655,0
0055,11:00,660,0
0055,11:05,665,0
0055,11:10,670,0
0055,11:15,675,0
0055,11:20,680,0
0055,11:25,685,0
0055,11:30,690,0
0055,11:35,695,0
0055,11:40,700,0
0055,11:45,705,-889
0055,11:50,710,-889
0055,11:55,715,-889
0055,12:00,720,-889
0055,12:05,725,-889
0055,12:10,730,-889
0055,12:15,735,-889
0055,12:20,740,-889
0055,12:25,745,-889
0055,12:30,750,-2489
0055,12:35,755,-2489
0055,12:40,760,-2489
0055,12:45,765,-2489
0055,12:50,770,-1600
0055,12:55,775,-1600
0055,13:00,780,-1600
0055,13:05,785,-1600
0055,13:10,790,-1600
0055,13:15,795,-1600
0055,13:20,800,-1600
0055,13:25,805,-2489
0055,13:30,810,-2489
0055,13:35,815,-2489
0055,13:40,820,-2489
0055,13:45,825,-2489
0055,13:50,830,-2489
0055,13:55,835,-2489
0055,14:00,840,-2489
0055,14:05,845,-2489
0055,14:10,850,-2489
0055,14:15,855,-2489
0055,14:20,860,-2489
0055,14:25,865,-2489
0055,14:30,870,-4444
0055,14:35,875,-4444
0055,14:40,880,-4444
0055,14:45,885,-5867
0055,14:50,890,-5867
0055,14:55,895,-5867
0055,15:00,900,-5867
0055,15:05,905,-5867
0055,15:10,910,-5867
0055,15:15,915,-5867
0055,15:20,920,-5867
0055,15:25,925,-5867
0055,15:30,930,-4267
0055,15:35,935,-4267
0055,15:40,940,-4267
0055,15:45,945,-5156
0055,15:50,950,-5156
0055,15:55,955,-5156
0055,16:00,960,-5156
0055,16:05,965,-5156
0055,16:10,970,-5156
0055,16:15,975,-5156
0055,16:20,980,-5156
0055,16:25,985,-5156
0055,16:30,990,-8356
0055,16:35,995,-8356
0055,16:40,1000,-8356
0055,16:45,1005,-8356
0055,16:50,1010,-9067
0055,16:55,1015,-9067
0055,17:00,1020,-9067
0055,17:05,1025,-9067
0055,17:10,1030,-9067
0055,17:15,1035,-9067
0055,17:20,1040,-9067
0055,17:25,1045,-9067
0055,17:30,1050,-10844
0055,17:35,1055,-10844
0055,17:40,1060,-10844
0055,17:45,1065,-10844
0055,17:50,1070,-11733
0055,17:55,1075,-11733
0055,18:00,1080,-11733
0055,18:05,1085,-11733
0055,18:10,1090,-11733
0055,18:15,1095,-11733
0055,18:20,1100,-11733
0055,18:25,1105,-11733
0055,18:30,1110,-11733
0055,18:35,1115,-11733
0055,18:40,1120,-11733
0055,18:45,1125,-11733
0055,18:50,1130,-11911
0055,18:55,1135,-11911
0055,19:00,1140,-11911
0055,19:05,1145,-11911
0055,19:10,1150,-11911
0055,19:15,1155,-11911
0055,19:20,1160,-11911
0055,19:25,1165,-11022
0055,19:30,1170,-11022
0055,19:35,1175,-11022
0055,19:40,1180,-11022
0055,19:45,1185,-11022
0055,19:50,1190,-11022
0055,19:55,1195,-11022
0055,20:00,1200,-11022
0055,20:05,1205,-11022
0055,20:10,1210,-11022
0055,20:15,1215,-11022
0055,20:20,1220,-11022
0055,20:25,1225,-11022
0055,20:30,1230,-11556
0055,20:35,1235,-11556
0055,20:40,1240,-11556
0055,20:45,1245,-11556
0055,20:50,1250,-11556
0055,20:55,1255,-11556
0055,21:00,1260,-11556
0055,21:05,1265,-11556
0055,21:10,1270,-11556
0055,21:15,1275,-11556
0055,21:20,1280,-11556
0055,21:25,1285,-11556
0055,21:30,1290,-11556
0055,21:35,1295,-11556
0055,21:40,1300,-11556
0055,21:45,1305,-11556
0055,21:50,1310,-11556
0055,21:55,1315,-11556
0055,22:00,1320,-11556
0055,22:05,1325,-11556
0055,22:10,1330,-11556
0055,22:15,1335,-11556
0055,22:20,1340,-11556
0055,22:25,1345,-11556
0055,22:30,1350,-12444
0055,22:35,1355,-12444
0055,22:40,1360,-12444
0055,22:45,1365,-12444
0055,22:50,1370,-12444
0055,22:55,1375,-12444
0055,23:00,1380,-12444
0055,23:05,1385,-12444
0055,23:10,1390,-12444
0055,23:15,1395,-12444
0055,23:16,1396,-12444
0055,23:20,1400,-12444
0056,09:00,540,0
0056,09:05,545,0
0056,09:10,550,0
0056,09:15,555,0
0056,09:20,560,0
0056,09:25,565,0
0056,09:30,570,0
0056,09:35,575,0
0056,09:40,580,0
0056,09:45,585,0
0056,09:50,590,0
0056,09:55,595,0
0056,10:00,600,0
0056,10:05,605,0
0056,10:10,610,0
0056,10:15,615,0
0056,10:20,620,0
0056,10:25,625,0
0056,10:30,630,0
0056,10:35,635,0
0056,10:40,640,-89
0056,10:45,645,-89
0056,10:50,650,-89
0056,10:55,655,-89
0056,11:00,660,-89
0056,11:05,665,-89
0056,11:10,670,-89
0056,11:15,675,-89
0056,11:20,680,-89
0056,11:25,685,-89
0056,11:30,690,-622
0056,11:35,695,-622
0056,11:40,700,-622
0056,11:45,705,-1244
0056,11:50,710,-1244
0056,11:55,715,-1244
0056,12:00,720,-1244
0056,12:05,725,-1244
0056,12:10,730,-1244
0056,12:15,735,-1244
0056,12:20,740,-1244
0056,12:25,745,-1244
0056,12:30,750,-2578
0056,12:35,755,-2578
0056,12:40,760,-2578
0056,12:45,765,-2578
0056,12:50,770,-533
0056,12:55,775,-533
0056,13:00,780,-533
0056,13:05,785,-533
0056,13:10,790,-533
0056,13:15,795,-533
0056,13:20,800,-533
0056,13:25,805,5517
0056,13:30,810,5517
0056,13:35,815,5517
0056,13:40,820,5517
0056,13:45,825,5517
0056,13:50,830,9397
0056,13:55,835,9397
0056,14:00,840,9397
0056,14:05,845,9397
0056,14:10,850,9397
0056,14:15,855,9397
0056,14:20,860,9397
0056,14:25,865,9397
0056,14:30,870,7241
0056,14:35,875,7241
0056,14:40,880,7241
0056,14:45,885,6034
0056,14:50,890,6034
0056,14:55,895,6034
0056,15:00,900,6034
0056,15:05,905,6034
0056,15:10,910,6034
0056,15:15,915,6034
0056,15:20,920,6034
0056,15:25,925,6034
0056,15:30,930,7241
0056,15:35,935,7241
0056,15:40,940,7241
0056,15:45,945,5690
0056,15:50,950,5690
0056,15:55,955,5690
0056,16:00,960,5690
0056,16:05,965,5690
0056,16:10,970,5690
0056,16:15,975,5690
0056,16:20,980,5690
0056,16:25,985,5690
0056,16:30,990,3448
0056,16:35,995,3448
0056,16:40,1000,3448
0056,16:45,1005,3448
0056,16:50,1010,2328
0056,16:55,1015,2328
0056,17:00,1020,2328
0056,17:05,1025,2328
0056,17:10,1030,2328
0056,17:15,1035,2328
0056,17:20,1040,2328
0056,17:25,1045,2328
0056,17:30,1050,-444
0056,17:35,1055,-444
0056,17:40,1060,-444
0056,17:45,1065,-444
0056,17:50,1070,-2044
0056,17:55,1075,-2044
0056,18:00,1080,-2044
0056,18:05,1085,-2044
0056,18:10,1090,-2044
0056,18:15,1095,-2044
0056,18:20,1100,-2044
0056,18:25,1105,517
0056,18:30,1110,517
0056,18:35,1115,517
0056,18:40,1120,517
0056,18:45,1125,517
0056,18:50,1130,-622
0056,18:55,1135,-622
0056,19:00,1140,-622
0056,19:05,1145,-622
0056,19:10,1150,-622
0056,19:15,1155,-622
0056,19:20,1160,-622
0056,19:25,1165,5948
0056,19:30,1170,5948
0056,19:35,1175,5948
0056,19:40,1180,5948
0056,19:45,1185,7845
0056,19:50,1190,7845
0056,19:55,1195,7845
0056,20:00,1200,7845
0056,20:05,1205,7845
0056,20:10,1210,7845
0056,20:15,1215,7845
0056,20:20,1220,7845
0056,20:25,1225,7845
0056,20:30,1230,6293
0056,20:35,1235,6293
0056,20:40,1240,6293
0056,20:45,1245,6293
0056,20:50,1250,6293
0056,20:55,1255,6293
0056,21:00,1260,6293
0056,21:05,1265,6293
0056,21:10,1270,6293
0056,21:15,1275,6293
0056,21:20,1280,6293
0056,21:25,1285,6293
0056,21:30,1290,6293
0056,21:35,1295,6293
0056,21:40,1300,6293
0056,21:45,1305,6293
0056,21:50,1310,6293
0056,21:55,1315,6293
0056,22:00,1320,6293
0056,22:05,1325,6293
0056,22:10,1330,6293
0056,22:15,1335,6293
0056,22:20,1340,6293
0056,22:25,1345,6293
0056,22:30,1350,6293
0056,22:35,1355,6293
0056,22:40,1360,6293
0056,22:45,1365,6293
0056,22:50,1370,6293
0056,22:55,1375,6293
0056,23:00,1380,6293
0056,23:05,1385,6293
0056,23:10,1390,6293
0056,23:15,1395,6293
0056,23:16,1396,6293
0056,23:20,1400,6293
0057,09:00,540,0
0057,09:05,545,0
0057,09:10,550,0
0057,09:15,555,0
0057,09:20,560,0
0057,09:25,565,0
0057,09:30,570,0
0057,09:35,575,0
0057,09:40,580,0
0057,09:45,585,0
0057,09:50,590,0
0057,09:55,595,0
0057,10:00,600,0
0057,10:05,605,0
0057,10:10,610,0
0057,10:15,615,0
0057,10:20,620,0
0057,10:25,625,0
0057,10:30,630,0
0057,10:35,635,0
0057,10:40,640,1983
0057,10:45,645,1983
0057,10:50,650,1983
0057,10:55,655,1983
0057,11:00,660,1983
0057,11:05,665,1983
0057,11:10,670,1983
0057,11:15,675,1983
0057,11:20,680,1983
0057,11:25,685,1983
0057,11:30,690,1240
0057,11:35,695,1240
0057,11:40,700,1240
0057,11:45,705,744
0057,11:50,710,744
0057,11:55,715,744
0057,12:00,720,744
0057,12:05,725,744
0057,12:10,730,744
0057,12:15,735,744
0057,12:20,740,744
0057,12:25,745,744
0057,12:30,750,-255
0057,12:35,755,-255
0057,12:40,760,-255
0057,12:45,765,-255
0057,12:50,770,-1277
0057,12:55,775,-1277
0057,13:00,780,-1277
0057,13:05,785,-1277
0057,13:10,790,-1277
0057,13:15,795,-1277
0057,13:20,800,-1277
0057,13:25,805,-3319
0057,13:30,810,-3319
0057,13:35,815,-3319
0057,13:40,820,-3319
0057,13:45,825,-3319
0057,13:50,830,-4340
0057,13:55,835,-4340
0057,14:00,840,-4340
0057,14:05,845,-4340
0057,14:10,850,-4340
0057,14:15,855,-4340
0057,14:20,860,-4340
0057,14:25,865,-4340
0057,14:30,870,-6894
0057,14:35,875,-6894
0057,14:40,880,-6894
0057,14:45,885,-8170
0057,14:50,890,-8170
0057,14:55,895,-8170
0057,15:00,900,-8170
0057,15:05,905,-8170
0057,15:10,910,-8170
0057,15:15,915,-8170
0057,15:20,920,-8170
0057,15:25,925,-8170
0057,15:30,930,-10979
0057,15:35,935,-10979
0057,15:40,940,-10979
0057,15:45,945,-12511
0057,15:50,950,-12511
0057,15:55,955,-12511
0057,16:00,960,-12511
0057,16:05,965,-12511
0057,16:10,970,-12511
0057,16:15,975,-12511
0057,16:20,980,-12511
0057,16:25,985,-12511
0057,16:30,990,-15574
0057,16:35,995,-15574
0057,16:40,1000,-15574
0057,16:45,1005,-15574
0057,16:50,1010,-17106
0057,16:55,1015,-17106
0057,17:00,1020,-17106
0057,17:05,1025,-17106
0057,17:10,1030,-17106
0057,17:15,1035,-17106
0057,17:20,1040,-17106
0057,17:25,1045,-17106
0057,17:30,1050,-19915
0057,17:35,1055,-19915
0057,17:40,1060,-19915
0057,17:45,1065,-19915
0057,17:50,1070,-21447
0057,17:55,1075,-21447
0057,18:00,1080,-21447
0057,18:05,1085,-21447
0057,18:10,1090,-21447
0057,18:15,1095,-21447
0057,18:20,1100,-21447
0057,18:25,1105,-21957
0057,18:30,1110,-21957
0057,18:35,1115,-21957
0057,18:40,1120,-21957
0057,18:45,1125,-21957
0057,18:50,1130,-21957
0057,18:55,1135,-21957
0057,19:00,1140,-21957
0057,19:05,1145,-21957
0057,19:10,1150,-21957
0057,19:15,1155,-21957
0057,19:20,1160,-21957
0057,19:25,1165,-21191
0057,19:30,1170,-21191
0057,19:35,1175,-21191
0057,19:40,1180,-21191
0057,19:45,1185,-22213
0057,19:50,1190,-22213
0057,19:55,1195,-22213
0057,20:00,1200,-22213
0057,20:05,1205,-22213
0057,20:10,1210,-22213
0057,20:15,1215,-22213
0057,20:20,1220,-22213
0057,20:25,1225,-22213
0057,20:30,1230,-22213
0057,20:35,1235,-22213
0057,20:40,1240,-22213
0057,20:45,1245,-23234
0057,20:50,1250,-23234
0057,20:55,1255,-23234
0057,21:00,1260,-23234
0057,21:05,1265,-23234
0057,21:10,1270,-23234
0057,21:15,1275,-23234
0057,21:20,1280,-23234
0057,21:25,1285,-23234
0057,21:30,1290,-24766
0057,21:35,1295,-24766
0057,21:40,1300,-24766
0057,21:45,1305,-24766
0057,21:50,1310,-24766
0057,21:55,1315,-24766
0057,22:00,1320,-24766
0057,22:05,1325,-24766
0057,22:10,1330,-24766
0057,22:15,1335,-24766
0057,22:20,1340,-24766
0057,22:25,1345,-24766
0057,22:30,1350,-24766
0057,22:35,1355,-24766
0057,22:40,1360,-24766
0057,22:45,1365,-24766
0057,22:50,1370,-24766
0057,22:55,1375,-24766
0057,23:00,1380,-24766
0057,23:05,1385,-24766
0057,23:10,1390,-24766
0057,23:15,1395,-24766
0057,23:16,1396,-24766
0057,23:20,1400,-24766
0058,09:00,540,0
0058,09:05,545,0
0058,09:10,550,0
0058,09:15,555,0
0058,09:20,560,0
0058,09:25,565,0
0058,09:30,570,0
0058,09:35,575,0
0058,09:40,580,0
0058,09:45,585,0
0058,09:50,590,0
0058,09:55,595,0
0058,10:00,600,0
0058,10:05,605,0
0058,10:10,610,-356
0058,10:15,615,-356
0058,10:20,620,-356
0058,10:25,625,-1600
0058,10:30,630,-1600
0058,10:35,635,-1600
0058,10:40,640,-2667
0058,10:45,645,-2667
0058,10:50,650,-2667
0058,10:55,655,-2667
0058,11:00,660,-2844
0058,11:05,665,-2844
0058,11:10,670,-2844
0058,11:15,675,-2844
0058,11:20,680,-2844
0058,11:25,685,-2844
0058,11:30,690,-3556
0058,11:35,695,-3556
0058,11:40,700,-3556
0058,11:45,705,-4800
0058,11:50,710,-4800
0058,11:55,715,-4800
0058,12:00,720,-4800
0058,12:05,725,-4800
0058,12:10,730,-4800
0058,12:15,735,-4800
0058,12:20,740,-4800
0058,12:25,745,-4800
0058,12:30,750,-5867
0058,12:35,755,-5867
0058,12:40,760,-5867
0058,12:45,765,-5867
0058,12:50,770,-7467
0058,12:55,775,-7467
0058,13:00,780,-7467
0058,13:05,785,-7467
0058,13:10,790,-7467
0058,13:15,795,-7467
0058,13:20,800,-7467
0058,13:25,805,-9778
0058,13:30,810,-9778
0058,13:35,815,-9778
0058,13:40,820,-9778
0058,13:45,825,-9778
0058,13:50,830,-11200
0058,13:55,835,-11200
0058,14:00,840,-11200
0058,14:05,845,-11200
0058,14:10,850,-11200
0058,14:15,855,-11200
0058,14:20,860,-11200
0058,14:25,865,-11200
0058,14:30,870,-9600
0058,14:35,875,-9600
0058,14:40,880,-9600
0058,14:45,885,-11200
0058,14:50,890,-11200
0058,14:55,895,-11200
0058,15:00,900,-11200
0058,15:05,905,-11200
0058,15:10,910,-11200
0058,15:15,915,-11200
0058,15:20,920,-11200
0058,15:25,925,-11200
0058,15:30,930,-14400
0058,15:35,935,-14400
0058,15:40,940,-14400
0058,15:45,945,-8711
0058,15:50,950,-8711
0058,15:55,955,-8711
0058,16:00,960,-8711
0058,16:05,965,-8711
0058,16:10,970,-8711
0058,16:15,975,-8711
0058,16:20,980,-8711
0058,16:25,985,-8711
0058,16:30,990,-11378
0058,16:35,995,-11378
0058,16:40,1000,-11378
0058,16:45,1005,-11378
0058,16:50,1010,-12622
0058,16:55,1015,-12622
0058,17:00,1020,-12622
0058,17:05,1025,-12622
0058,17:10,1030,-12622
0058,17:15,1035,-12622
0058,17:20,1040,-12622
0058,17:25,1045,-12622
0058,17:30,1050,-10844
0058,17:35,1055,-10844
0058,17:40,1060,-10844
0058,17:45,1065,-10844
0058,17:50,1070,-11022
0058,17:55,1075,-11022
0058,18:00,1080,-11022
0058,18:05,1085,-11022
0058,18:10,1090,-11022
0058,18:15,1095,-11022
0058,18:20,1100,-11022
0058,18:25,1105,-3556
0058,18:30,1110,-3556
0058,18:35,1115,-3556
0058,18:40,1120,-3556
0058,18:45,1125,-3556
0058,18:50,1130,-3911
0058,18:55,1135,-3911
0058,19:00,1140,-3911
0058,19:05,1145,-3911
0058,19:10,1150,-3911
0058,19:15,1155,-3911
0058,19:20,1160,-3911
0058,19:25,1165,-3911
0058,19:30,1170,-3911
0058,19:35,1175,-3911
0058,19:40,1180,-3911
0058,19:45,1185,-3022
0058,19:50,1190,-3022
0058,19:55,1195,-3022
0058,20:00,1200,-3022
0058,20:05,1205,-3022
0058,20:10,1210,-3022
0058,20:15,1215,-3022
0058,20:20,1220,-3022
0058,20:25,1225,-3022
0058,20:30,1230,5000
0058,20:35,1235,5000
0058,20:40,1240,5000
0058,20:45,1245,5690
0058,20:50,1250,5690
0058,20:55,1255,5690
0058,21:00,1260,5690
0058,21:05,1265,5690
0058,21:10,1270,5690
0058,21:15,1275,5690
0058,21:20,1280,5690
0058,21:25,1285,5690
0058,21:30,1290,5690
0058,21:35,1295,5690
0058,21:40,1300,5690
0058,21:45,1305,5690
0058,21:50,1310,5690
0058,21:55,1315,5690
0058,22:00,1320,5690
0058,22:05,1325,5690
0058,22:10,1330,5690
0058,22:15,1335,5690
0058,22:20,1340,5690
0058,22:25,1345,5690
0058,22:30,1350,5517
0058,22:35,1355,5517
0058,22:40,1360,5517
0058,22:45,1365,5517
0058,22:50,1370,5517
0058,22:55,1375,5517
0058,23:00,1380,5517
0058,23:05,1385,5517
0058,23:10,1390,5517
0058,23:15,1395,5517
0058,23:16,1396,5517
0058,23:20,1400,5517
0059,09:00,540,0
0059,09:05,545,0
0059,09:10,550,0
0059,09:15,555,0
0059,09:20,560,0
0059,09:25,565,0
0059,09:30,570,0
0059,09:35,575,0
0059,09:40,580,0
0059,09:45,585,0
0059,09:50,590,0
0059,09:55,595,0
0059,10:00,600,0
0059,10:05,605,0
0059,10:10,610,0
0059,10:15,615,0
0059,10:20,620,0
0059,10:25,625,-1067
0059,10:30,630,-1067
0059,10:35,635,-1067
0059,10:40,640,-2133
0059,10:45,645,-2133
0059,10:50,650,-2133
0059,10:55,655,-2133
0059,11:00,660,1724
0059,11:05,665,1724
0059,11:10,670,1724
0059,11:15,675,1724
0059,11:20,680,1724
0059,11:25,685,1724
0059,11:30,690,1724
0059,11:35,695,1724
0059,11:40,700,1724
0059,11:45,705,690
0059,11:50,710,690
0059,11:55,715,690
0059,12:00,720,690
0059,12:05,725,690
0059,12:10,730,690
0059,12:15,735,690
0059,12:20,740,690
0059,12:25,745,690
0059,12:30,750,-2133
0059,12:35,755,-2133
0059,12:40,760,-2133
0059,12:45,765,-2133
0059,12:50,770,-3378
0059,12:55,775,-3378
0059,13:00,780,-3378
0059,13:05,785,-3378
0059,13:10,790,-3378
0059,13:15,795,-3378
0059,13:20,800,-3378
0059,13:25,805,-5867
0059,13:30,810,-5867
0059,13:35,815,-5867
0059,13:40,820,-5867
0059,13:45,825,-5867
0059,13:50,830,-7289
0059,13:55,835,-7289
0059,14:00,840,-7289
0059,14:05,845,-7289
0059,14:10,850,-7289
0059,14:15,855,-7289
0059,14:20,860,-7289
0059,14:25,865,-7289
0059,14:30,870,-9778
0059,14:35,875,-9778
0059,14:40,880,-9778
0059,14:45,885,-10667
0059,14:50,890,-10667
0059,14:55,895,-10667
0059,15:00,900,-10667
0059,15:05,905,-10667
0059,15:10,910,-10667
0059,15:15,915,-10667
0059,15:20,920,-10667
0059,15:25,925,-10667
0059,15:30,930,-8889
0059,15:35,935,-8889
0059,15:40,940,-8889
0059,15:45,945,-5511
0059,15:50,950,-5511
0059,15:55,955,-5511
0059,16:00,960,-5511
0059,16:05,965,-5511
0059,16:10,970,-5511
0059,16:15,975,-5511
0059,16:20,980,-5511
0059,16:25,985,-5511
0059,16:30,990,172
0059,16:35,995,172
0059,16:40,1000,172
0059,16:45,1005,172
0059,16:50,1010,4138
0059,16:55,1015,4138
0059,17:00,1020,4138
0059,17:05,1025,4138
0059,17:10,1030,4138
0059,17:15,1035,4138
0059,17:20,1040,4138
0059,17:25,1045,4138
0059,17:30,1050,2759
0059,17:35,1055,2759
0059,17:40,1060,2759
0059,17:45,1065,2759
0059,17:50,1070,1897
0059,17:55,1075,1897
0059,18:00,1080,1897
0059,18:05,1085,1897
0059,18:10,1090,1897
0059,18:15,1095,1897
0059,18:20,1100,1897
0059,18:25,1105,1034
0059,18:30,1110,1034
0059,18:35,1115,1034
0059,18:40,1120,1034
0059,18:45,1125,1034
0059,18:50,1130,1034
0059,18:55,1135,1034
0059,19:00,1140,1034
0059,19:05,1145,1034
0059,19:10,1150,1034
0059,19:15,1155,1034
0059,19:20,1160,1034
0059,19:25,1165,1034
0059,19:30,1170,1034
0059,19:35,1175,1034
0059,19:40,1180,1034
0059,19:45,1185,1034
0059,19:50,1190,1034
0059,19:55,1195,1034
0059,20:00,1200,1034
0059,20:05,1205,1034
0059,20:10,1210,1034
0059,20:15,1215,1034
0059,20:20,1220,1034
0059,20:25,1225,1034
0059,20:30,1230,690
0059,20:35,1235,690
0059,20:40,1240,690
0059,20:45,1245,517
0059,20:50,1250,517
0059,20:55,1255,517
0059,21:00,1260,517
0059,21:05,1265,517
0059,21:10,1270,517
0059,21:15,1275,517
0059,21:20,1280,517
0059,21:25,1285,517
0059,21:30,1290,172
0059,21:35,1295,172
0059,21:40,1300,172
0059,21:45,1305,172
0059,21:50,1310,172
0059,21:55,1315,172
0059,22:00,1320,172
0059,22:05,1325,172
0059,22:10,1330,172
0059,22:15,1335,172
0059,22:20,1340,172
0059,22:25,1345,172
0059,22:30,1350,-1244
0059,22:35,1355,-1244
0059,22:40,1360,-1244
0059,22:45,1365,-1244
0059,22:50,1370,-1244
0059,22:55,1375,-1244
0059,23:00,1380,-1244
0059,23:05,1385,-1244
0059,23:10,1390,-1244
0059,23:15,1395,-1244
0059,23:16,1396,-1244
0059,23:20,1400,-1244
0060,09:00,540,0
0060,09:05,545,0
0060,09:10,550,0
0060,09:15,555,0
0060,09:20,560,0
0060,09:25,565,0
0060,09:30,570,0
0060,09:35,575,0
0060,09:40,580,0
0060,09:45,585,0
0060,09:50,590,0
0060,09:55,595,0
0060,10:00,600,0
0060,10:05,605,0
0060,10:10,610,0
0060,10:15,615,0
0060,10:20,620,0
0060,10:25,625,0
0060,10:30,630,0
0060,10:35,635,0
0060,10:40,640,0
0060,10:45,645,0
0060,10:50,650,0
0060,10:55,655,0
0060,11:00,660,0
0060,11:05,665,0
0060,11:10,670,0
0060,11:15,675,0
0060,11:20,680,0
0060,11:25,685,0
0060,11:30,690,0
0060,11:35,695,0
0060,11:40,700,0
0060,11:45,705,-1277
0060,11:50,710,-1277
0060,11:55,715,-1277
0060,12:00,720,-1277
0060,12:05,725,-1277
0060,12:10,730,-1277
0060,12:15,735,-1277
0060,12:20,740,-1277
0060,12:25,745,-1277
0060,12:30,750,-1787
0060,12:35,755,-1787
0060,12:40,760,-1787
0060,12:45,765,-1787
0060,12:50,770,-2553
0060,12:55,775,-2553
0060,13:00,780,-2553
0060,13:05,785,-2553
0060,13:10,790,-2553
0060,13:15,795,-2553
0060,13:20,800,-2553
0060,13:25,805,-4340
0060,13:30,810,-4340
0060,13:35,815,-4340
0060,13:40,820,-4340
0060,13:45,825,-4340
0060,13:50,830,-5362
0060,13:55,835,-5362
0060,14:00,840,-5362
0060,14:05,845,-5362
0060,14:10,850,-5362
0060,14:15,855,-5362
0060,14:20,860,-5362
0060,14:25,865,-5362
0060,14:30,870,-7915
0060,14:35,875,-7915
0060,14:40,880,-7915
0060,14:45,885,-8936
0060,14:50,890,-8936
0060,14:55,895,-8936
0060,15:00,900,-8936
0060,15:05,905,-8936
0060,15:10,910,-8936
0060,15:15,915,-8936
0060,15:20,920,-8936
0060,15:25,925,-8936
0060,15:30,930,-11234
0060,15:35,935,-11234
0060,15:40,940,-11234
0060,15:45,945,-12511
0060,15:50,950,-12511
0060,15:55,955,-12511
0060,16:00,960,-12511
0060,16:05,965,-12511
0060,16:10,970,-12511
0060,16:15,975,-12511
0060,16:20,980,-12511
0060,16:25,985,-12511
0060,16:30,990,-13787
0060,16:35,995,-13787
0060,16:40,1000,-13787
0060,16:45,1005,-13787
0060,16:50,1010,-14298
0060,16:55,1015,-14298
0060,17:00,1020,-14298
0060,17:05,1025,-14298
0060,17:10,1030,-14298
0060,17:15,1035,-14298
0060,17:20,1040,-14298
0060,17:25,1045,-14298
0060,17:30,1050,-16085
0060,17:35,1055,-16085
0060,17:40,1060,-16085
0060,17:45,1065,-16085
0060,17:50,1070,-15064
0060,17:55,1075,-15064
0060,18:00,1080,-15064
0060,18:05,1085,-15064
0060,18:10,1090,-15064
0060,18:15,1095,-15064
0060,18:20,1100,-15064
0060,18:25,1105,-17362
0060,18:30,1110,-17362
0060,18:35,1115,-17362
0060,18:40,1120,-17362
0060,18:45,1125,-17362
0060,18:50,1130,-18383
0060,18:55,1135,-18383
0060,19:00,1140,-18383
0060,19:05,1145,-18383
0060,19:10,1150,-18383
0060,19:15,1155,-18383
0060,19:20,1160,-18383
0060,19:25,1165,-20170
0060,19:30,1170,-20170
0060,19:35,1175,-20170
0060,19:40,1180,-20170
0060,19:45,1185,-21447
0060,19:50,1190,-21447
0060,19:55,1195,-21447
0060,20:00,1200,-21447
0060,20:05,1205,-21447
0060,20:10,1210,-21447
0060,20:15,1215,-21447
0060,20:20,1220,-21447
0060,20:25,1225,-21447
0060,20:30,1230,-21957
0060,20:35,1235,-21957
0060,20:40,1240,-21957
0060,20:45,1245,-21957
0060,20:50,1250,-21957
0060,20:55,1255,-21957
0060,21:00,1260,-21957
0060,21:05,1265,-21957
0060,21:10,1270,-21957
0060,21:15,1275,-21957
0060,21:20,1280,-21957
0060,21:25,1285,-21957
0060,21:30,1290,-22213
0060,21:35,1295,-22213
0060,21:40,1300,-22213
0060,21:45,1305,-22213
0060,21:50,1310,-22213
0060,21:55,1315,-22213
0060,22:00,1320,-22213
0060,22:05,1325,-22213
0060,22:10,1330,-22213
0060,22:15,1335,-22213
0060,22:20,1340,-22213
0060,22:25,1345,-22213
0060,22:30,1350,-22213
0060,22:35,1355,-22213
0060,22:40,1360,-22213
0060,22:45,1365,-22213
0060,22:50,1370,-22213
0060,22:55,1375,-22213
0060,23:00,1380,-22213
0060,23:05,1385,-22213
0060,23:10,1390,-22213
0060,23:15,1395,-22213
0060,23:16,1396,-22213
0060,23:20,1400,-22213
0061,09:00,540,0
0061,09:05,545,0
0061,09:10,550,0
0061,09:15,555,0
0061,09:20,560,0
0061,09:25,565,0
0061,09:30,570,0
0061,09:35,575,0
0061,09:40,580,0
0061,09:45,585,0
0061,09:50,590,0
0061,09:55,595,0
0061,10:00,600,0
0061,10:05,605,0
0061,10:10,610,0
0061,10:15,615,0
0061,10:20,620,0
0061,10:25,625,0
0061,10:30,630,0
0061,10:35,635,0
0061,10:40,640,0
0061,10:45,645,0
0061,10:50,650,0
0061,10:55,655,0
0061,11:00,660,0
0061,11:05,665,0
0061,11:10,670,0
0061,11:15,675,0
0061,11:20,680,0
0061,11:25,685,0
0061,11:30,690,-178
0061,11:35,695,-178
0061,11:40,700,-178
0061,11:45,705,-178
0061,11:50,710,-178
0061,11:55,715,-178
0061,12:00,720,-178
0061,12:05,725,-178
0061,12:10,730,-178
0061,12:15,735,-178
0061,12:20,740,-178
0061,12:25,745,-178
0061,12:30,750,-178
0061,12:35,755,-178
0061,12:40,760,-178
0061,12:45,765,-178
0061,12:50,770,-178
0061,12:55,775,-178
0061,13:00,780,-178
0061,13:05,785,-178
0061,13:10,790,-178
0061,13:15,795,-178
0061,13:20,800,-178
0061,13:25,805,-2756
0061,13:30,810,-2756
0061,13:35,815,-2756
0061,13:40,820,-2756
0061,13:45,825,-2756
0061,13:50,830,-1244
0061,13:55,835,-1244
0061,14:00,840,-1244
0061,14:05,845,-1244
0061,14:10,850,-1244
0061,14:15,855,-1244
0061,14:20,860,-1244
0061,14:25,865,-1244
0061,14:30,870,-978
0061,14:35,875,-978
0061,14:40,880,-978
0061,14:45,885,-2311
0061,14:50,890,-2311
0061,14:55,895,-2311
0061,15:00,900,-2311
0061,15:05,905,-2311
0061,15:10,910,-2311
0061,15:15,915,-2311
0061,15:20,920,-2311
0061,15:25,925,-2311
0061,15:30,930,-267
0061,15:35,935,-267
0061,15:40,940,-267
0061,15:45,945,5862
0061,15:50,950,5862
0061,15:55,955,5862
0061,16:00,960,5862
0061,16:05,965,5862
0061,16:10,970,5862
0061,16:15,975,5862
0061,16:20,980,5862
0061,16:25,985,5862
0061,16:30,990,6466
0061,16:35,995,6466
0061,16:40,1000,6466
0061,16:45,1005,6466
0061,16:50,1010,5862
0061,16:55,1015,5862
0061,17:00,1020,5862
0061,17:05,1025,5862
0061,17:10,1030,5862
0061,17:15,1035,5862
0061,17:20,1040,5862
0061,17:25,1045,5862
0061,17:30,1050,3276
0061,17:35,1055,3276
0061,17:40,1060,3276
0061,17:45,1065,3276
0061,17:50,1070,1897
0061,17:55,1075,1897
0061,18:00,1080,1897
0061,18:05,1085,1897
0061,18:10,1090,1897
0061,18:15,1095,1897
0061,18:20,1100,1897
0061,18:25,1105,-622
0061,18:30,1110,-622
0061,18:35,1115,-622
0061,18:40,1120,-622
0061,18:45,1125,-622
0061,18:50,1130,-2133
0061,18:55,1135,-2133
0061,19:00,1140,-2133
0061,19:05,1145,-2133
0061,19:10,1150,-2133
0061,19:15,1155,-2133
0061,19:20,1160,-2133
0061,19:25,1165,-4533
0061,19:30,1170,-4533
0061,19:35,1175,-4533
0061,19:40,1180,-4533
0061,19:45,1185,-4978
0061,19:50,1190,-4978
0061,19:55,1195,-4978
0061,20:00,1200,-4978
0061,20:05,1205,-4978
0061,20:10,1210,-4978
0061,20:15,1215,-4978
0061,20:20,1220,-4978
0061,20:25,1225,-4978
0061,20:30,1230,0
0061,20:35,1235,0
0061,20:40,1240,0
0061,20:45,1245,-622
0061,20:50,1250,-622
0061,20:55,1255,-622
0061,21:00,1260,-622
0061,21:05,1265,-622
0061,21:10,1270,-622
0061,21:15,1275,-622
0061,21:20,1280,-622
0061,21:25,1285,-622
0061,21:30,1290,172
0061,21:35,1295,172
0061,21:40,1300,172
0061,21:45,1305,6207
0061,21:50,1310,6207
0061,21:55,1315,6207
0061,22:00,1320,6207
0061,22:05,1325,6207
0061,22:10,1330,6207
0061,22:15,1335,6207
0061,22:20,1340,6207
0061,22:25,1345,6207
0061,22:30,1350,6983
0061,22:35,1355,6983
0061,22:40,1360,6983
0061,22:45,1365,6983
0061,22:50,1370,6983
0061,22:55,1375,6983
0061,23:00,1380,6983
0061,23:05,1385,6983
0061,23:10,1390,6983
0061,23:15,1395,6983
0061,23:16,1396,6983
0061,23:20,1400,6983
0062,09:00,540,0
0062,09:05,545,0
0062,09:10,550,0
0062,09:15,555,0
0062,09:20,560,0
0062,09:25,565,0
0062,09:30,570,0
0062,09:35,575,0
0062,09:40,580,0
0062,09:45,585,0
0062,09:50,590,0
0062,09:55,595,0
0062,10:00,600,0
0062,10:05,605,0
0062,10:10,610,0
0062,10:15,615,0
0062,10:20,620,0
0062,10:25,625,0
0062,10:30,630,0
0062,10:35,635,0
0062,10:40,640,0
0062,10:45,645,0
0062,10:50,650,0
0062,10:55,655,0
0062,11:00,660,0
0062,11:05,665,0
0062,11:10,670,0
0062,11:15,675,0
0062,11:20,680,0
0062,11:25,685,0
0062,11:30,690,690
0062,11:35,695,690
0062,11:40,700,690
0062,11:45,705,4828
0062,11:50,710,4828
0062,11:55,715,4828
0062,12:00,720,4828
0062,12:05,725,4828
0062,12:10,730,4828
0062,12:15,735,4828
0062,12:20,740,4828
0062,12:25,745,4828
0062,12:30,750,5345
0062,12:35,755,5345
0062,12:40,760,5345
0062,12:45,765,5345
0062,12:50,770,4655
0062,12:55,775,4655
0062,13:00,780,4655
0062,13:05,785,4655
0062,13:10,790,4655
0062,13:15,795,4655
0062,13:20,800,4655
0062,13:25,805,3103
0062,13:30,810,3103
0062,13:35,815,3103
0062,13:40,820,3103
0062,13:45,825,3103
0062,13:50,830,1897
0062,13:55,835,1897
0062,14:00,840,1897
0062,14:05,845,1897
0062,14:10,850,1897
0062,14:15,855,1897
0062,14:20,860,1897
0062,14:25,865,1897
0062,14:30,870,-889
0062,14:35,875,-889
0062,14:40,880,-889
0062,14:45,885,-2133
0062,14:50,890,-2133
0062,14:55,895,-2133
0062,15:00,900,-2133
0062,15:05,905,-2133
0062,15:10,910,-2133
0062,15:15,915,-2133
0062,15:20,920,-2133
0062,15:25,925,-2133
0062,15:30,930,-4444
0062,15:35,935,-4444
0062,15:40,940,-4444
0062,15:45,945,-5689
0062,15:50,950,-5689
0062,15:55,955,-5689
0062,16:00,960,-5689
0062,16:05,965,-5689
0062,16:10,970,-5689
0062,16:15,975,-5689
0062,16:20,980,-5689
0062,16:25,985,-5689
0062,16:30,990,-8178
0062,16:35,995,-8178
0062,16:40,1000,-8178
0062,16:45,1005,-8178
0062,16:50,1010,-9600
0062,16:55,1015,-9600
0062,17:00,1020,-9600
0062,17:05,1025,-9600
0062,17:10,1030,-9600
0062,17:15,1035,-9600
0062,17:20,1040,-9600
0062,17:25,1045,-9600
0062,17:30,1050,-12800
0062,17:35,1055,-12800
0062,17:40,1060,-12800
0062,17:45,1065,-12800
0062,17:50,1070,-12622
0062,17:55,1075,-12622
0062,18:00,1080,-12622
0062,18:05,1085,-12622
0062,18:10,1090,-12622
0062,18:15,1095,-12622
0062,18:20,1100,-12622
0062,18:25,1105,-12622
0062,18:30,1110,-12622
0062,18:35,1115,-12622
0062,18:40,1120,-12622
0062,18:45,1125,-12622
0062,18:50,1130,-13689
0062,18:55,1135,-13689
0062,19:00,1140,-13689
0062,19:05,1145,-13689
0062,19:10,1150,-13689
0062,19:15,1155,-13689
0062,19:20,1160,-13689
0062,19:25,1165,-14222
0062,19:30,1170,-14222
0062,19:35,1175,-14222
0062,19:40,1180,-14222
0062,19:45,1185,-15467
0062,19:50,1190,-15467
0062,19:55,1195,-15467
0062,20:00,1200,-15467
0062,20:05,1205,-15467
0062,20:10,1210,-15467
0062,20:15,1215,-15467
0062,20:20,1220,-15467
0062,20:25,1225,-15467
0062,20:30,1230,-16711
0062,20:35,1235,-16711
0062,20:40,1240,-16711
0062,20:45,1245,-16711
0062,20:50,1250,-16711
0062,20:55,1255,-16711
0062,21:00,1260,-16711
0062,21:05,1265,-16711
0062,21:10,1270,-16711
0062,21:15,1275,-16711
0062,21:20,1280,-16711
0062,21:25,1285,-16711
0062,21:30,1290,-16711
0062,21:35,1295,-16711
0062,21:40,1300,-16711
0062,21:45,1305,-16711
0062,21:50,1310,-16711
0062,21:55,1315,-16711
0062,22:00,1320,-16711
0062,22:05,1325,-16711
0062,22:10,1330,-16711
0062,22:15,1335,-16711
0062,22:20,1340,-16711
0062,22:25,1345,-16711
0062,22:30,1350,-16711
0062,22:35,1355,-16711
0062,22:40,1360,-16711
0062,22:45,1365,-16711
0062,22:50,1370,-16711
0062,22:55,1375,-16711
0062,23:00,1380,-16711
0062,23:05,1385,-16711
0062,23:10,1390,-16711
0062,23:15,1395,-16711
0062,23:16,1396,-16711
0062,23:20,1400,-16711
0063,09:00,540,0
0063,09:05,545,0
0063,09:10,550,0
0063,09:15,555,0
0063,09:20,560,0
0063,09:25,565,0
0063,09:30,570,0
0063,09:35,575,0
0063,09:40,580,0
0063,09:45,585,0
0063,09:50,590,0
0063,09:55,595,0
0063,10:00,600,0
0063,10:05,605,0
0063,10:10,610,0
0063,10:15,615,0
0063,10:20,620,0
0063,10:25,625,0
0063,10:30,630,0
0063,10:35,635,0
0063,10:40,640,0
0063,10:45,645,0
0063,10:50,650,0
0063,10:55,655,0
0063,11:00,660,0
0063,11:05,665,0
0063,11:10,670,0
0063,11:15,675,0
0063,11:20,680,0
0063,11:25,685,0
0063,11:30,690,0
0063,11:35,695,0
0063,11:40,700,0
0063,11:45,705,0
0063,11:50,710,0
0063,11:55,715,0
0063,12:00,720,0
0063,12:05,725,0
0063,12:10,730,0
0063,12:15,735,0
0063,12:20,740,0
0063,12:25,745,0
0063,12:30,750,0
0063,12:35,755,0
0063,12:40,760,0
0063,12:45,765,0
0063,12:50,770,0
0063,12:55,775,0
0063,13:00,780,0
0063,13:05,785,0
0063,13:10,790,0
0063,13:15,795,0
0063,13:20,800,0
0063,13:25,805,-1067
0063,13:30,810,-1067
0063,13:35,815,-1067
0063,13:40,820,-1067
0063,13:45,825,-1067
0063,13:50,830,-1333
0063,13:55,835,-1333
0063,14:00,840,-1333
0063,14:05,845,-1333
0063,14:10,850,-1333
0063,14:15,855,-1333
0063,14:20,860,-1333
0063,14:25,865,-1333
0063,14:30,870,-3378
0063,14:35,875,-3378
0063,14:40,880,-3378
0063,14:45,885,-1244
0063,14:50,890,-1244
0063,14:55,895,-1244
0063,15:00,900,-1244
0063,15:05,905,-1244
0063,15:10,910,-1244
0063,15:15,915,-1244
0063,15:20,920,-1244
0063,15:25,925,-1244
0063,15:30,930,-3822
0063,15:35,935,-3822
0063,15:40,940,-3822
0063,15:45,945,-5333
0063,15:50,950,-5333
0063,15:55,955,-5333
0063,16:00,960,-5333
0063,16:05,965,-5333
0063,16:10,970,-5333
0063,16:15,975,-5333
0063,16:20,980,-5333
0063,16:25,985,-5333
0063,16:30,990,-1778
0063,16:35,995,-1778
0063,16:40,1000,-1778
0063,16:45,1005,-1778
0063,16:50,1010,-2044
0063,16:55,1015,-2044
0063,17:00,1020,-2044
0063,17:05,1025,-2044
0063,17:10,1030,-2044
0063,17:15,1035,-2044
0063,17:20,1040,-2044
0063,17:25,1045,-2044
0063,17:30,1050,-2489
0063,17:35,1055,-2489
0063,17:40,1060,-2489
0063,17:45,1065,-2489
0063,17:50,1070,-1689
0063,17:55,1075,-1689
0063,18:00,1080,-1689
0063,18:05,1085,-1689
0063,18:10,1090,-1689
0063,18:15,1095,-1689
0063,18:20,1100,-1689
0063,18:25,1105,-2311
0063,18:30,1110,-2311
0063,18:35,1115,-2311
0063,18:40,1120,-2311
0063,18:45,1125,-2311
0063,18:50,1130,-2311
0063,18:55,1135,-2311
0063,19:00,1140,-2311
0063,19:05,1145,-2311
0063,19:10,1150,-2311
0063,19:15,1155,-2311
0063,19:20,1160,-2311
0063,19:25,1165,-2489
0063,19:30,1170,-2489
0063,19:35,1175,-2489
0063,19:40,1180,-2489
0063,19:45,1185,-2489
0063,19:50,1190,-2489
0063,19:55,1195,-2489
0063,20:00,1200,-2489
0063,20:05,1205,-2489
0063,20:10,1210,-2489
0063,20:15,1215,-2489
0063,20:20,1220,-2489
0063,20:25,1225,-2489
0063,20:30,1230,-3644
0063,20:35,1235,-3644
0063,20:40,1240,-3644
0063,20:45,1245,-2311
0063,20:50,1250,-2311
0063,20:55,1255,-2311
0063,21:00,1260,-2311
0063,21:05,1265,-2311
0063,21:10,1270,-2311
0063,21:15,1275,-2311
0063,21:20,1280,-2311
0063,21:25,1285,-2311
0063,21:30,1290,-4000
0063,21:35,1295,-4000
0063,21:40,1300,-4000
0063,21:45,1305,-3378
0063,21:50,1310,-3378
0063,21:55,1315,-3378
0063,22:00,1320,-3378
0063,22:05,1325,-3378
0063,22:10,1330,-3378
0063,22:15,1335,-3378
0063,22:20,1340,-3378
0063,22:25,1345,-3378
0063,22:30,1350,-4800
0063,22:35,1355,-4800
0063,22:40,1360,-4800
0063,22:45,1365,-4800
0063,22:50,1370,-4800
0063,22:55,1375,-4800
0063,23:00,1380,-4800
0063,23:05,1385,-4800
0063,23:10,1390,-4800
0063,23:15,1395,-4800
0063,23:16,1396,-4800
0063,23:20,1400,-4800
0064,09:00,540,0
0064,09:05,545,0
0064,09:10,550,0
0064,09:15,555,0
0064,09:20,560,0
0064,09:25,565,0
0064,09:30,570,0
0064,09:35,575,0
0064,09:40,580,0
0064,09:45,585,0
0064,09:50,590,0
0064,09:55,595,0
0064,10:00,600,0
0064,10:05,605,0
0064,10:10,610,0
0064,10:15,615,0
0064,10:20,620,0
0064,10:25,625,-267
0064,10:30,630,-267
0064,10:35,635,-267
0064,10:40,640,-1244
0064,10:45,645,-1244
0064,10:50,650,-1244
0064,10:55,655,-1244
0064,11:00,660,-533
0064,11:05,665,-533
0064,11:10,670,-533
0064,11:15,675,-533
0064,11:20,680,-533
0064,11:25,685,-533
0064,11:30,690,4569
0064,11:35,695,4569
0064,11:40,700,4569
0064,11:45,705,3362
0064,11:50,710,3362
0064,11:55,715,3362
0064,12:00,720,3362
0064,12:05,725,3362
0064,12:10,730,3362
0064,12:15,735,3362
0064,12:20,740,3362
0064,12:25,745,3362
0064,12:30,750,1466
0064,12:35,755,1466
0064,12:40,760,1466
0064,12:45,765,1466
0064,12:50,770,1034
0064,12:55,775,1034
0064,13:00,780,1034
0064,13:05,785,1034
0064,13:10,790,1034
0064,13:15,795,1034
0064,13:20,800,1034
0064,13:25,805,-1956
0064,13:30,810,-1956
0064,13:35,815,-1956
0064,13:40,820,-1956
0064,13:45,825,-1956
0064,13:50,830,-3289
0064,13:55,835,-3289
0064,14:00,840,-3289
0064,14:05,845,-3289
0064,14:10,850,-3289
0064,14:15,855,-3289
0064,14:20,860,-3289
0064,14:25,865,-3289
0064,14:30,870,-6044
0064,14:35,875,-6044
0064,14:40,880,-6044
0064,14:45,885,-6578
0064,14:50,890,-6578
0064,14:55,895,-6578
0064,15:00,900,-6578
0064,15:05,905,-6578
0064,15:10,910,-6578
0064,15:15,915,-6578
0064,15:20,920,-6578
0064,15:25,925,-6578
0064,15:30,930,3534
0064,15:35,935,3534
0064,15:40,940,3534
0064,15:45,945,4483
0064,15:50,950,4483
0064,15:55,955,4483
0064,16:00,960,4483
0064,16:05,965,4483
0064,16:10,970,4483
0064,16:15,975,4483
0064,16:20,980,4483
0064,16:25,985,4483
0064,16:30,990,3448
0064,16:35,995,3448
0064,16:40,1000,3448
0064,16:45,1005,3448
0064,16:50,1010,3448
0064,16:55,1015,3448
0064,17:00,1020,3448
0064,17:05,1025,3448
0064,17:10,1030,3448
0064,17:15,1035,3448
0064,17:20,1040,3448
0064,17:25,1045,3448
0064,17:30,1050,4655
0064,17:35,1055,4655
0064,17:40,1060,4655
0064,17:45,1065,4655
0064,17:50,1070,3362
0064,17:55,1075,3362
0064,18:00,1080,3362
0064,18:05,1085,3362
0064,18:10,1090,3362
0064,18:15,1095,3362
0064,18:20,1100,3362
0064,18:25,1105,1034
0064,18:30,1110,1034
0064,18:35,1115,1034
0064,18:40,1120,1034
0064,18:45,1125,1034
0064,18:50,1130,172
0064,18:55,1135,172
0064,19:00,1140,172
0064,19:05,1145,172
0064,19:10,1150,172
0064,19:15,1155,172
0064,19:20,1160,172
0064,19:25,1165,-2489
0064,19:30,1170,-2489
0064,19:35,1175,-2489
0064,19:40,1180,-2489
0064,19:45,1185,-1867
0064,19:50,1190,-1867
0064,19:55,1195,-1867
0064,20:00,1200,-1867
0064,20:05,1205,-1867
0064,20:10,1210,-1867
0064,20:15,1215,-1867
0064,20:20,1220,-1867
0064,20:25,1225,-1867
0064,20:30,1230,-3644
0064,20:35,1235,-3644
0064,20:40,1240,-3644
0064,20:45,1245,-4178
0064,20:50,1250,-4178
0064,20:55,1255,-4178
0064,21:00,1260,-4178
0064,21:05,1265,-4178
0064,21:10,1270,-4178
0064,21:15,1275,-4178
0064,21:20,1280,-4178
0064,21:25,1285,-4178
0064,21:30,1290,3534
0064,21:35,1295,3534
0064,21:40,1300,3534
0064,21:45,1305,2586
0064,21:50,1310,2586
0064,21:55,1315,2586
0064,22:00,1320,2586
0064,22:05,1325,2586
0064,22:10,1330,2586
0064,22:15,1335,2586
0064,22:20,1340,2586
0064,22:25,1345,2586
0064,22:30,1350,2586
0064,22:35,1355,2586
0064,22:40,1360,2586
0064,22:45,1365,2586
0064,22:50,1370,2586
0064,22:55,1375,2586
0064,23:00,1380,2586
0064,23:05,1385,2586
0064,23:10,1390,2586
0064,23:15,1395,2586
0064,23:16,1396,2586
0064,23:20,1400,2586
0065,09:00,540,0
0065,09:05,545,0
0065,09:10,550,0
0065,09:15,555,0
0065,09:20,560,0
0065,09:25,565,0
0065,09:30,570,0
0065,09:35,575,0
0065,09:40,580,0
0065,09:45,585,0
0065,09:50,590,0
0065,09:55,595,0
0065,10:00,600,0
0065,10:05,605,0
0065,10:10,610,0
0065,10:15,615,0
0065,10:20,620,0
0065,10:25,625,0
0065,10:30,630,0
0065,10:35,635,0
0065,10:40,640,-178
0065,10:45,645,-178
0065,10:50,650,-178
0065,10:55,655,-178
0065,11:00,660,-1067
0065,11:05,665,-1067
0065,11:10,670,-1067
0065,11:15,675,-1067
0065,11:20,680,-1067
0065,11:25,685,-1067
0065,11:30,690,-2311
0065,11:35,695,-2311
0065,11:40,700,-2311
0065,11:45,705,259
0065,11:50,710,259
0065,11:55,715,259
0065,12:00,720,259
0065,12:05,725,259
0065,12:10,730,259
0065,12:15,735,259
0065,12:20,740,259
0065,12:25,745,259
0065,12:30,750,4828
0065,12:35,755,4828
0065,12:40,760,4828
0065,12:45,765,4828
0065,12:50,770,3879
0065,12:55,775,3879
0065,13:00,780,3879
0065,13:05,785,3879
0065,13:10,790,3879
0065,13:15,795,3879
0065,13:20,800,3879
0065,13:25,805,1379
0065,13:30,810,1379
0065,13:35,815,1379
0065,13:40,820,1379
0065,13:45,825,1379
0065,13:50,830,431
0065,13:55,835,431
0065,14:00,840,431
0065,14:05,845,431
0065,14:10,850,431
0065,14:15,855,431
0065,14:20,860,431
0065,14:25,865,431
0065,14:30,870,-444
0065,14:35,875,-444
0065,14:40,880,-444
0065,14:45,885,-1156
0065,14:50,890,-1156
0065,14:55,895,-1156
0065,15:00,900,-1156
0065,15:05,905,-1156
0065,15:10,910,-1156
0065,15:15,915,-1156
0065,15:20,920,-1156
0065,15:25,925,-1156
0065,15:30,930,-2667
0065,15:35,935,-2667
0065,15:40,940,-2667
0065,15:45,945,-89
0065,15:50,950,-89
0065,15:55,955,-89
0065,16:00,960,-89
0065,16:05,965,-89
0065,16:10,970,-89
0065,16:15,975,-89
0065,16:20,980,-89
0065,16:25,985,-89
0065,16:30,990,-3022
0065,16:35,995,-3022
0065,16:40,1000,-3022
0065,16:45,1005,-3022
0065,16:50,1010,-4622
0065,16:55,1015,-4622
0065,17:00,1020,-4622
0065,17:05,1025,-4622
0065,17:10,1030,-4622
0065,17:15,1035,-4622
0065,17:20,1040,-4622
0065,17:25,1045,-4622
0065,17:30,1050,-6578
0065,17:35,1055,-6578
0065,17:40,1060,-6578
0065,17:45,1065,-6578
0065,17:50,1070,-7200
0065,17:55,1075,-7200
0065,18:00,1080,-7200
0065,18:05,1085,-7200
0065,18:10,1090,-7200
0065,18:15,1095,-7200
0065,18:20,1100,-7200
0065,18:25,1105,-7289
0065,18:30,1110,-7289
0065,18:35,1115,-7289
0065,18:40,1120,-7289
0065,18:45,1125,-7289
0065,18:50,1130,-7289
0065,18:55,1135,-7289
0065,19:00,1140,-7289
0065,19:05,1145,-7289
0065,19:10,1150,-7289
0065,19:15,1155,-7289
0065,19:20,1160,-7289
0065,19:25,1165,-7556
0065,19:30,1170,-7556
0065,19:35,1175,-7556
0065,19:40,1180,-7556
0065,19:45,1185,-7556
0065,19:50,1190,-7556
0065,19:55,1195,-7556
0065,20:00,1200,-7556
0065,20:05,1205,-7556
0065,20:10,1210,-7556
0065,20:15,1215,-7556
0065,20:20,1220,-7556
0065,20:25,1225,-7556
0065,20:30,1230,-7822
0065,20:35,1235,-7822
0065,20:40,1240,-7822
0065,20:45,1245,-8178
0065,20:50,1250,-8178
0065,20:55,1255,-8178
0065,21:00,1260,-8178
0065,21:05,1265,-8178
0065,21:10,1270,-8178
0065,21:15,1275,-8178
0065,21:20,1280,-8178
0065,21:25,1285,-8178
0065,21:30,1290,-8178
0065,21:35,1295,-8178
0065,21:40,1300,-8178
0065,21:45,1305,-8178
0065,21:50,1310,-8178
0065,21:55,1315,-8178
0065,22:00,1320,-8178
0065,22:05,1325,-8178
0065,22:10,1330,-8178
0065,22:15,1335,-8178
0065,22:20,1340,-8178
0065,22:25,1345,-8178
0065,22:30,1350,-8178
0065,22:35,1355,-8178
0065,22:40,1360,-8178
0065,22:45,1365,-8178
0065,22:50,1370,-8178
0065,22:55,1375,-8178
0065,23:00,1380,-8178
0065,23:05,1385,-8178
0065,23:10,1390,-8178
0065,23:15,1395,-8178
0065,23:16,1396,-8178
0065,23:20,1400,-8178
0066,09:00,540,0
0066,09:05,545,0
0066,09:10,550,0
0066,09:15,555,0
0066,09:20,560,0
0066,09:25,565,0
0066,09:30,570,0
0066,09:35,575,0
0066,09:40,580,0
0066,09:45,585,0
0066,09:50,590,0
0066,09:55,595,0
0066,10:00,600,0
0066,10:05,605,0
0066,10:10,610,0
0066,10:15,615,0
0066,10:20,620,0
0066,10:25,625,0
0066,10:30,630,0
0066,10:35,635,0
0066,10:40,640,0
0066,10:45,645,0
0066,10:50,650,0
0066,10:55,655,0
0066,11:00,660,0
0066,11:05,665,0
0066,11:10,670,0
0066,11:15,675,0
0066,11:20,680,0
0066,11:25,685,0
0066,11:30,690,0
0066,11:35,695,0
0066,11:40,700,0
0066,11:45,705,-711
0066,11:50,710,-711
0066,11:55,715,-711
0066,12:00,720,-711
0066,12:05,725,-711
0066,12:10,730,-711
0066,12:15,735,-711
0066,12:20,740,-711
0066,12:25,745,-711
0066,12:30,750,-711
0066,12:35,755,-711
0066,12:40,760,-711
0066,12:45,765,-711
0066,12:50,770,-711
0066,12:55,775,-711
0066,13:00,780,-711
0066,13:05,785,-711
0066,13:10,790,-711
0066,13:15,795,-711
0066,13:20,800,-711
0066,13:25,805,-3556
0066,13:30,810,-3556
0066,13:35,815,-3556
0066,13:40,820,-3556
0066,13:45,825,-3556
0066,13:50,830,-3467
0066,13:55,835,-3467
0066,14:00,840,-3467
0066,14:05,845,-3467
0066,14:10,850,-3467
0066,14:15,855,-3467
0066,14:20,860,-3467
0066,14:25,865,-3467
0066,14:30,870,-6311
0066,14:35,875,-6311
0066,14:40,880,-6311
0066,14:45,885,-4889
0066,14:50,890,-4889
0066,14:55,895,-4889
0066,15:00,900,-4889
0066,15:05,905,-4889
0066,15:10,910,-4889
0066,15:15,915,-4889
0066,15:20,920,-4889
0066,15:25,925,-4889
0066,15:30,930,-1067
0066,15:35,935,-1067
0066,15:40,940,-1067
0066,15:45,945,-2133
0066,15:50,950,-2133
0066,15:55,955,-2133
0066,16:00,960,-2133
0066,16:05,965,-2133
0066,16:10,970,-2133
0066,16:15,975,-2133
0066,16:20,980,-2133
0066,16:25,985,-2133
0066,16:30,990,-4089
0066,16:35,995,-4089
0066,16:40,1000,-4089
0066,16:45,1005,-4089
0066,16:50,1010,-4444
0066,16:55,1015,-4444
0066,17:00,1020,-4444
0066,17:05,1025,-4444
0066,17:10,1030,-4444
0066,17:15,1035,-4444
0066,17:20,1040,-4444
0066,17:25,1045,-4444
0066,17:30,1050,2931
0066,17:35,1055,2931
0066,17:40,1060,2931
0066,17:45,1065,2931
0066,17:50,1070,2069
0066,17:55,1075,2069
0066,18:00,1080,2069
0066,18:05,1085,2069
0066,18:10,1090,2069
0066,18:15,1095,2069
0066,18:20,1100,2069
0066,18:25,1105,3448
0066,18:30,1110,3448
0066,18:35,1115,3448
0066,18:40,1120,3448
0066,18:45,1125,3448
0066,18:50,1130,3190
0066,18:55,1135,3190
0066,19:00,1140,3190
0066,19:05,1145,3190
0066,19:10,1150,3190
0066,19:15,1155,3190
0066,19:20,1160,3190
0066,19:25,1165,2241
0066,19:30,1170,2241
0066,19:35,1175,2241
0066,19:40,1180,2241
0066,19:45,1185,1466
0066,19:50,1190,1466
0066,19:55,1195,1466
0066,20:00,1200,1466
0066,20:05,1205,1466
0066,20:10,1210,1466
0066,20:15,1215,1466
0066,20:20,1220,1466
0066,20:25,1225,1466
0066,20:30,1230,-1333
0066,20:35,1235,-1333
0066,20:40,1240,-1333
0066,20:45,1245,-2311
0066,20:50,1250,-2311
0066,20:55,1255,-2311
0066,21:00,1260,-2311
0066,21:05,1265,-2311
0066,21:10,1270,-2311
0066,21:15,1275,-2311
0066,21:20,1280,-2311
0066,21:25,1285,-2311
0066,21:30,1290,-2311
0066,21:35,1295,-2311
0066,21:40,1300,-2311
0066,21:45,1305,-2578
0066,21:50,1310,-2578
0066,21:55,1315,-2578
0066,22:00,1320,-2578
0066,22:05,1325,-2578
0066,22:10,1330,-2578
0066,22:15,1335,-2578
0066,22:20,1340,-2578
0066,22:25,1345,-2578
0066,22:30,1350,-2578
0066,22:35,1355,-2578
0066,22:40,1360,-2578
0066,22:45,1365,-2578
0066,22:50,1370,-2578
0066,22:55,1375,-2578
0066,23:00,1380,-2578
0066,23:05,1385,-2578
0066,23:10,1390,-2578
0066,23:15,1395,-2578
0066,23:16,1396,-2578
0066,23:20,1400,-2578
0067,09:00,540,0
0067,09:05,545,0
0067,09:10,550,0
0067,09:15,555,0
0067,09:20,560,0
0067,09:25,565,0
0067,09:30,570,0
0067,09:35,575,0
0067,09:40,580,0
0067,09:45,585,0
0067,09:50,590,0
0067,09:55,595,0
0067,10:00,600,0
0067,10:05,605,0
0067,10:10,610,0
0067,10:15,615,0
0067,10:20,620,0
0067,10:25,625,0
0067,10:30,630,0
0067,10:35,635,0
0067,10:40,640,0
0067,10:45,645,0
0067,10:50,650,0
0067,10:55,655,0
0067,11:00,660,0
0067,11:05,665,0
0067,11:10,670,0
0067,11:15,675,0
0067,11:20,680,0
0067,11:25,685,0
0067,11:30,690,-1778
0067,11:35,695,-1778
0067,11:40,700,-1778
0067,11:45,705,-2489
0067,11:50,710,-2489
0067,11:55,715,-2489
0067,12:00,720,-2489
0067,12:05,725,-2489
0067,12:10,730,-2489
0067,12:15,735,-2489
0067,12:20,740,-2489
0067,12:25,745,-2489
0067,12:30,750,-2844
0067,12:35,755,-2844
0067,12:40,760,-2844
0067,12:45,765,-2844
0067,12:50,770,-3378
0067,12:55,775,-3378
0067,13:00,780,-3378
0067,13:05,785,-3378
0067,13:10,790,-3378
0067,13:15,795,-3378
0067,13:20,800,-3378
0067,13:25,805,-5333
0067,13:30,810,-5333
0067,13:35,815,-5333
0067,13:40,820,-5333
0067,13:45,825,-5333
0067,13:50,830,-6044
0067,13:55,835,-6044
0067,14:00,840,-6044
0067,14:05,845,-6044
0067,14:10,850,-6044
0067,14:15,855,-6044
0067,14:20,860,-6044
0067,14:25,865,-6044
0067,14:30,870,-8889
0067,14:35,875,-8889
0067,14:40,880,-8889
0067,14:45,885,-5156
0067,14:50,890,-5156
0067,14:55,895,-5156
0067,15:00,900,-5156
0067,15:05,905,-5156
0067,15:10,910,-5156
0067,15:15,915,-5156
0067,15:20,920,-5156
0067,15:25,925,-5156
0067,15:30,930,-7467
0067,15:35,935,-7467
0067,15:40,940,-7467
0067,15:45,945,-4978
0067,15:50,950,-4978
0067,15:55,955,-4978
0067,16:00,960,-4978
0067,16:05,965,-4978
0067,16:10,970,-4978
0067,16:15,975,-4978
0067,16:20,980,-4978
0067,16:25,985,-4978
0067,16:30,990,-7289
0067,16:35,995,-7289
0067,16:40,1000,-7289
0067,16:45,1005,-7289
0067,16:50,1010,-8711
0067,16:55,1015,-8711
0067,17:00,1020,-8711
0067,17:05,1025,-8711
0067,17:10,1030,-8711
0067,17:15,1035,-8711
0067,17:20,1040,-8711
0067,17:25,1045,-8711
0067,17:30,1050,-11378
0067,17:35,1055,-11378
0067,17:40,1060,-11378
0067,17:45,1065,-11378
0067,17:50,1070,-11911
0067,17:55,1075,-11911
0067,18:00,1080,-11911
0067,18:05,1085,-11911
0067,18:10,1090,-11911
0067,18:15,1095,-11911
0067,18:20,1100,-11911
0067,18:25,1105,-9956
0067,18:30,1110,-9956
0067,18:35,1115,-9956
0067,18:40,1120,-9956
0067,18:45,1125,-9956
0067,18:50,1130,-9956
0067,18:55,1135,-9956
0067,19:00,1140,-9956
0067,19:05,1145,-9956
0067,19:10,1150,-9956
0067,19:15,1155,-9956
0067,19:20,1160,-9956
0067,19:25,1165,-10667
0067,19:30,1170,-10667
0067,19:35,1175,-10667
0067,19:40,1180,-10667
0067,19:45,1185,-10489
0067,19:50,1190,-10489
0067,19:55,1195,-10489
0067,20:00,1200,-10489
0067,20:05,1205,-10489
0067,20:10,1210,-10489
0067,20:15,1215,-10489
0067,20:20,1220,-10489
0067,20:25,1225,-10489
0067,20:30,1230,-12444
0067,20:35,1235,-12444
0067,20:40,1240,-12444
0067,20:45,1245,-12444
0067,20:50,1250,-12444
0067,20:55,1255,-12444
0067,21:00,1260,-12444
0067,21:05,1265,-12444
0067,21:10,1270,-12444
0067,21:15,1275,-12444
0067,21:20,1280,-12444
0067,21:25,1285,-12444
0067,21:30,1290,-12978
0067,21:35,1295,-12978
0067,21:40,1300,-12978
0067,21:45,1305,-13333
0067,21:50,1310,-13333
0067,21:55,1315,-13333
0067,22:00,1320,-13333
0067,22:05,1325,-13333
0067,22:10,1330,-13333
0067,22:15,1335,-13333
0067,22:20,1340,-13333
0067,22:25,1345,-13333
0067,22:30,1350,-13333
0067,22:35,1355,-13333
0067,22:40,1360,-13333
0067,22:45,1365,-13333
0067,22:50,1370,-13333
0067,22:55,1375,-13333
0067,23:00,1380,-13333
0067,23:05,1385,-13333
0067,23:10,1390,-13333
0067,23:15,1395,-13333
0067,23:16,1396,-13333
0067,23:20,1400,-13333
0068,09:00,540,0
0068,09:05,545,0
0068,09:10,550,0
0068,09:15,555,0
0068,09:20,560,0
0068,09:25,565,0
0068,09:30,570,0
0068,09:35,575,0
0068,09:40,580,0
0068,09:45,585,0
0068,09:50,590,0
0068,09:55,595,0
0068,10:00,600,0
0068,10:05,605,0
0068,10:10,610,0
0068,10:15,615,0
0068,10:20,620,0
0068,10:25,625,0
0068,10:30,630,0
0068,10:35,635,0
0068,10:40,640,0
0068,10:45,645,0
0068,10:50,650,0
0068,10:55,655,0
0068,11:00,660,-711
0068,11:05,665,-711
0068,11:10,670,-711
0068,11:15,675,-711
0068,11:20,680,-711
0068,11:25,685,-711
0068,11:30,690,2586
0068,11:35,695,2586
0068,11:40,700,2586
0068,11:45,705,1034
0068,11:50,710,1034
0068,11:55,715,1034
0068,12:00,720,1034
0068,12:05,725,1034
0068,12:10,730,1034
0068,12:15,735,1034
0068,12:20,740,1034
0068,12:25,745,1034
0068,12:30,750,-1600
0068,12:35,755,-1600
0068,12:40,760,-1600
0068,12:45,765,-1600
0068,12:50,770,-1600
0068,12:55,775,-1600
0068,13:00,780,-1600
0068,13:05,785,-1600
0068,13:10,790,-1600
0068,13:15,795,-1600
0068,13:20,800,-1600
0068,13:25,805,2931
0068,13:30,810,2931
0068,13:35,815,2931
0068,13:40,820,2931
0068,13:45,825,2931
0068,13:50,830,1379
0068,13:55,835,1379
0068,14:00,840,1379
0068,14:05,845,1379
0068,14:10,850,1379
0068,14:15,855,1379
0068,14:20,860,1379
0068,14:25,865,1379
0068,14:30,870,690
0068,14:35,875,690
0068,14:40,880,690
0068,14:45,885,-889
0068,14:50,890,-889
0068,14:55,895,-889
0068,15:00,900,-889
0068,15:05,905,-889
0068,15:10,910,-889
0068,15:15,915,-889
0068,15:20,920,-889
0068,15:25,925,-889
0068,15:30,930,-4089
0068,15:35,935,-4089
0068,15:40,940,-4089
0068,15:45,945,-5689
0068,15:50,950,-5689
0068,15:55,955,-5689
0068,16:00,960,-5689
0068,16:05,965,-5689
0068,16:10,970,-5689
0068,16:15,975,-5689
0068,16:20,980,-5689
0068,16:25,985,-5689
0068,16:30,990,-6400
0068,16:35,995,-6400
0068,16:40,1000,-6400
0068,16:45,1005,-6400
0068,16:50,1010,-7644
0068,16:55,1015,-7644
0068,17:00,1020,-7644
0068,17:05,1025,-7644
0068,17:10,1030,-7644
0068,17:15,1035,-7644
0068,17:20,1040,-7644
0068,17:25,1045,-7644
0068,17:30,1050,-8356
0068,17:35,1055,-8356
0068,17:40,1060,-8356
0068,17:45,1065,-8356
0068,17:50,1070,-9956
0068,17:55,1075,-9956
0068,18:00,1080,-9956
0068,18:05,1085,-9956
0068,18:10,1090,-9956
0068,18:15,1095,-9956
0068,18:20,1100,-9956
0068,18:25,1105,-10133
0068,18:30,1110,-10133
0068,18:35,1115,-10133
0068,18:40,1120,-10133
0068,18:45,1125,-10133
0068,18:50,1130,-10844
0068,18:55,1135,-10844
0068,19:00,1140,-10844
0068,19:05,1145,-10844
0068,19:10,1150,-10844
0068,19:15,1155,-10844
0068,19:20,1160,-10844
0068,19:25,1165,-10133
0068,19:30,1170,-10133
0068,19:35,1175,-10133
0068,19:40,1180,-10133
0068,19:45,1185,-11022
0068,19:50,1190,-11022
0068,19:55,1195,-11022
0068,20:00,1200,-11022
0068,20:05,1205,-11022
0068,20:10,1210,-11022
0068,20:15,1215,-11022
0068,20:20,1220,-11022
0068,20:25,1225,-11022
0068,20:30,1230,-11911
0068,20:35,1235,-11911
0068,20:40,1240,-11911
0068,20:45,1245,-12978
0068,20:50,1250,-12978
0068,20:55,1255,-12978
0068,21:00,1260,-12978
0068,21:05,1265,-12978
0068,21:10,1270,-12978
0068,21:15,1275,-12978
0068,21:20,1280,-12978
0068,21:25,1285,-12978
0068,21:30,1290,-14044
0068,21:35,1295,-14044
0068,21:40,1300,-14044
0068,21:45,1305,-14933
0068,21:50,1310,-14933
0068,21:55,1315,-14933
0068,22:00,1320,-14933
0068,22:05,1325,-14933
0068,22:10,1330,-14933
0068,22:15,1335,-14933
0068,22:20,1340,-14933
0068,22:25,1345,-14933
0068,22:30,1350,-14933
0068,22:35,1355,-14933
0068,22:40,1360,-14933
0068,22:45,1365,-14933
0068,22:50,1370,-14933
0068,22:55,1375,-14933
0068,23:00,1380,-14933
0068,23:05,1385,-14933
0068,23:10,1390,-14933
0068,23:15,1395,-14933
0068,23:16,1396,-14933
0068,23:20,1400,-14933
0069,09:00,540,0
0069,09:05,545,0
0069,09:10,550,0
0069,09:15,555,0
0069,09:20,560,0
0069,09:25,565,0
0069,09:30,570,0
0069,09:35,575,0
0069,09:40,580,0
0069,09:45,585,0
0069,09:50,590,0
0069,09:55,595,0
0069,10:00,600,0
0069,10:05,605,0
0069,10:10,610,0
0069,10:15,615,0
0069,10:20,620,0
0069,10:25,625,0
0069,10:30,630,0
0069,10:35,635,0
0069,10:40,640,-356
0069,10:45,645,-356
0069,10:50,650,-356
0069,10:55,655,-356
0069,11:00,660,-1600
0069,11:05,665,-1600
0069,11:10,670,-1600
0069,11:15,675,-1600
0069,11:20,680,-1600
0069,11:25,685,-1600
0069,11:30,690,-3733
0069,11:35,695,-3733
0069,11:40,700,-3733
0069,11:45,705,-5156
0069,11:50,710,-5156
0069,11:55,715,-5156
0069,12:00,720,-5156
0069,12:05,725,-5156
0069,12:10,730,-5156
0069,12:15,735,-5156
0069,12:20,740,-5156
0069,12:25,745,-5156
0069,12:30,750,-178
0069,12:35,755,-178
0069,12:40,760,-178
0069,12:45,765,-178
0069,12:50,770,-356
0069,12:55,775,-356
0069,13:00,780,-356
0069,13:05,785,-356
0069,13:10,790,-356
0069,13:15,795,-356
0069,13:20,800,-356
0069,13:25,805,690
0069,13:30,810,690
0069,13:35,815,690
0069,13:40,820,690
0069,13:45,825,690
0069,13:50,830,-711
0069,13:55,835,-711
0069,14:00,840,-711
0069,14:05,845,-711
0069,14:10,850,-711
0069,14:15,855,-711
0069,14:20,860,-711
0069,14:25,865,-711
0069,14:30,870,-3733
0069,14:35,875,-3733
0069,14:40,880,-3733
0069,14:45,885,-3733
0069,14:50,890,-3733
0069,14:55,895,-3733
0069,15:00,900,-3733
0069,15:05,905,-3733
0069,15:10,910,-3733
0069,15:15,915,-3733
0069,15:20,920,-3733
0069,15:25,925,-3733
0069,15:30,930,-2311
0069,15:35,935,-2311
0069,15:40,940,-2311
0069,15:45,945,-356
0069,15:50,950,-356
0069,15:55,955,-356
0069,16:00,960,-356
0069,16:05,965,-356
0069,16:10,970,-356
0069,16:15,975,-356
0069,16:20,980,-356
0069,16:25,985,-356
0069,16:30,990,-3556
0069,16:35,995,-3556
0069,16:40,1000,-3556
0069,16:45,1005,-3556
0069,16:50,1010,-4800
0069,16:55,1015,-4800
0069,17:00,1020,-4800
0069,17:05,1025,-4800
0069,17:10,1030,-4800
0069,17:15,1035,-4800
0069,17:20,1040,-4800
0069,17:25,1045,-4800
0069,17:30,1050,-7467
0069,17:35,1055,-7467
0069,17:40,1060,-7467
0069,17:45,1065,-7467
0069,17:50,1070,-7822
0069,17:55,1075,-7822
0069,18:00,1080,-7822
0069,18:05,1085,-7822
0069,18:10,1090,-7822
0069,18:15,1095,-7822
0069,18:20,1100,-7822
0069,18:25,1105,-8000
0069,18:30,1110,-8000
0069,18:35,1115,-8000
0069,18:40,1120,-8000
0069,18:45,1125,-8000
0069,18:50,1130,-6933
0069,18:55,1135,-6933
0069,19:00,1140,-6933
0069,19:05,1145,-6933
0069,19:10,1150,-6933
0069,19:15,1155,-6933
0069,19:20,1160,-6933
0069,19:25,1165,-8711
0069,19:30,1170,-8711
0069,19:35,1175,-8711
0069,19:40,1180,-8711
0069,19:45,1185,-8889
0069,19:50,1190,-8889
0069,19:55,1195,-8889
0069,20:00,1200,-8889
0069,20:05,1205,-8889
0069,20:10,1210,-8889
0069,20:15,1215,-8889
0069,20:20,1220,-8889
0069,20:25,1225,-8889
0069,20:30,1230,-9956
0069,20:35,1235,-9956
0069,20:40,1240,-9956
0069,20:45,1245,-10133
0069,20:50,1250,-10133
0069,20:55,1255,-10133
0069,21:00,1260,-10133
0069,21:05,1265,-10133
0069,21:10,1270,-10133
0069,21:15,1275,-10133
0069,21:20,1280,-10133
0069,21:25,1285,-10133
0069,21:30,1290,-10133
0069,21:35,1295,-10133
0069,21:40,1300,-10133
0069,21:45,1305,-10133
0069,21:50,1310,-10133
0069,21:55,1315,-10133
0069,22:00,1320,-10133
0069,22:05,1325,-10133
0069,22:10,1330,-10133
0069,22:15,1335,-10133
0069,22:20,1340,-10133
0069,22:25,1345,-10133
0069,22:30,1350,-10133
0069,22:35,1355,-10133
0069,22:40,1360,-10133
0069,22:45,1365,-10133
0069,22:50,1370,-10133
0069,22:55,1375,-10133
0069,23:00,1380,-10133
0069,23:05,1385,-10133
0069,23:10,1390,-10133
0069,23:15,1395,-10133
0069,23:16,1396,-10133
0069,23:20,1400,-10133
0070,09:00,540,0
0070,09:05,545,0
0070,09:10,550,0
0070,09:15,555,0
0070,09:20,560,0
0070,09:25,565,0
0070,09:30,570,0
0070,09:35,575,0
0070,09:40,580,0
0070,09:45,585,0
0070,09:50,590,0
0070,09:55,595,0
0070,10:00,600,0
0070,10:05,605,0
0070,10:10,610,0
0070,10:15,615,0
0070,10:20,620,0
0070,10:25,625,0
0070,10:30,630,0
0070,10:35,635,0
0070,10:40,640,0
0070,10:45,645,0
0070,10:50,650,0
0070,10:55,655,0
0070,11:00,660,-711
0070,11:05,665,-711
0070,11:10,670,-711
0070,11:15,675,-711
0070,11:20,680,-711
0070,11:25,685,-711
0070,11:30,690,-711
0070,11:35,695,-711
0070,11:40,700,-711
0070,11:45,705,0
0070,11:50,710,0
0070,11:55,715,0
0070,12:00,720,0
0070,12:05,725,0
0070,12:10,730,0
0070,12:15,735,0
0070,12:20,740,0
0070,12:25,745,0
0070,12:30,750,1034
0070,12:35,755,1034
0070,12:40,760,1034
0070,12:45,765,1034
0070,12:50,770,1207
0070,12:55,775,1207
0070,13:00,780,1207
0070,13:05,785,1207
0070,13:10,790,1207
0070,13:15,795,1207
0070,13:20,800,1207
0070,13:25,805,3017
0070,13:30,810,3017
0070,13:35,815,3017
0070,13:40,820,3017
0070,13:45,825,3017
0070,13:50,830,1638
0070,13:55,835,1638
0070,14:00,840,1638
0070,14:05,845,1638
0070,14:10,850,1638
0070,14:15,855,1638
0070,14:20,860,1638
0070,14:25,865,1638
0070,14:30,870,-711
0070,14:35,875,-711
0070,14:40,880,-711
0070,14:45,885,-711
0070,14:50,890,-711
0070,14:55,895,-711
0070,15:00,900,-711
0070,15:05,905,-711
0070,15:10,910,-711
0070,15:15,915,-711
0070,15:20,920,-711
0070,15:25,925,-711
0070,15:30,930,-1511
0070,15:35,935,-1511
0070,15:40,940,-1511
0070,15:45,945,-2844
0070,15:50,950,-2844
0070,15:55,955,-2844
0070,16:00,960,-2844
0070,16:05,965,-2844
0070,16:10,970,-2844
0070,16:15,975,-2844
0070,16:20,980,-2844
0070,16:25,985,-2844
0070,16:30,990,-5778
0070,16:35,995,-5778
0070,16:40,1000,-5778
0070,16:45,1005,-5778
0070,16:50,1010,-7289
0070,16:55,1015,-7289
0070,17:00,1020,-7289
0070,17:05,1025,-7289
0070,17:10,1030,-7289
0070,17:15,1035,-7289
0070,17:20,1040,-7289
0070,17:25,1045,-7289
0070,17:30,1050,3534
0070,17:35,1055,3534
0070,17:40,1060,3534
0070,17:45,1065,3534
0070,17:50,1070,2241
0070,17:55,1075,2241
0070,18:00,1080,2241
0070,18:05,1085,2241
0070,18:10,1090,2241
0070,18:15,1095,2241
0070,18:20,1100,2241
0070,18:25,1105,1034
0070,18:30,1110,1034
0070,18:35,1115,1034
0070,18:40,1120,1034
0070,18:45,1125,1034
0070,18:50,1130,1034
0070,18:55,1135,1034
0070,19:00,1140,1034
0070,19:05,1145,1034
0070,19:10,1150,1034
0070,19:15,1155,1034
0070,19:20,1160,1034
0070,19:25,1165,-622
0070,19:30,1170,-622
0070,19:35,1175,-622
0070,19:40,1180,-622
0070,19:45,1185,-978
0070,19:50,1190,-978
0070,19:55,1195,-978
0070,20:00,1200,-978
0070,20:05,1205,-978
0070,20:10,1210,-978
0070,20:15,1215,-978
0070,20:20,1220,-978
0070,20:25,1225,-978
0070,20:30,1230,-978
0070,20:35,1235,-978
0070,20:40,1240,-978
0070,20:45,1245,-2489
0070,20:50,1250,-2489
0070,20:55,1255,-2489
0070,21:00,1260,-2489
0070,21:05,1265,-2489
0070,21:10,1270,-2489
0070,21:15,1275,-2489
0070,21:20,1280,-2489
0070,21:25,1285,-2489
0070,21:30,1290,-3644
0070,21:35,1295,-3644
0070,21:40,1300,-3644
0070,21:45,1305,-3911
0070,21:50,1310,-3911
0070,21:55,1315,-3911
0070,22:00,1320,-3911
0070,22:05,1325,-3911
0070,22:10,1330,-3911
0070,22:15,1335,-3911
0070,22:20,1340,-3911
0070,22:25,1345,-3911
0070,22:30,1350,-3911
0070,22:35,1355,-3911
0070,22:40,1360,-3911
0070,22:45,1365,-3911
0070,22:50,1370,-3911
0070,22:55,1375,-3911
0070,23:00,1380,-3911
0070,23:05,1385,-3911
0070,23:10,1390,-3911
0070,23:15,1395,-3911
0070,23:16,1396,-3911
0070,23:20,1400,-3911
0071,09:00,540,0
0071,09:05,545,0
0071,09:10,550,0
0071,09:15,555,0
0071,09:20,560,0
0071,09:25,565,0
0071,09:30,570,0
0071,09:35,575,0
0071,09:40,580,0
0071,09:45,585,0
0071,09:50,590,0
0071,09:55,595,0
0071,10:00,600,0
0071,10:05,605,0
0071,10:10,610,0
0071,10:15,615,0
0071,10:20,620,0
0071,10:25,625,0
0071,10:30,630,0
0071,10:35,635,0
0071,10:40,640,0
0071,10:45,645,0
0071,10:50,650,0
0071,10:55,655,0
0071,11:00,660,0
0071,11:05,665,0
0071,11:10,670,0
0071,11:15,675,0
0071,11:20,680,0
0071,11:25,685,0
0071,11:30,690,-89
0071,11:35,695,-89
0071,11:40,700,-89
0071,11:45,705,-89
0071,11:50,710,-89
0071,11:55,715,-89
0071,12:00,720,-89
0071,12:05,725,-89
0071,12:10,730,-89
0071,12:15,735,-89
0071,12:20,740,-89
0071,12:25,745,-89
0071,12:30,750,-89
0071,12:35,755,-89
0071,12:40,760,-89
0071,12:45,765,-89
0071,12:50,770,-89
0071,12:55,775,-89
0071,13:00,780,-89
0071,13:05,785,-89
0071,13:10,790,-89
0071,13:15,795,-89
0071,13:20,800,-89
0071,13:25,805,-533
0071,13:30,810,-533
0071,13:35,815,-533
0071,13:40,820,-533
0071,13:45,825,-533
0071,13:50,830,-622
0071,13:55,835,-622
0071,14:00,840,-622
0071,14:05,845,-622
0071,14:10,850,-622
0071,14:15,855,-622
0071,14:20,860,-622
0071,14:25,865,-622
0071,14:30,870,-3200
0071,14:35,875,-3200
0071,14:40,880,-3200
0071,14:45,885,-4800
0071,14:50,890,-4800
0071,14:55,895,-4800
0071,15:00,900,-4800
0071,15:05,905,-4800
0071,15:10,910,-4800
0071,15:15,915,-4800
0071,15:20,920,-4800
0071,15:25,925,-4800
0071,15:30,930,-1956
0071,15:35,935,-1956
0071,15:40,940,-1956
0071,15:45,945,1552
0071,15:50,950,1552
0071,15:55,955,1552
0071,16:00,960,1552
0071,16:05,965,1552
0071,16:10,970,1552
0071,16:15,975,1552
0071,16:20,980,1552
0071,16:25,985,1552
0071,16:30,990,345
0071,16:35,995,345
0071,16:40,1000,345
0071,16:45,1005,345
0071,16:50,1010,4397
0071,16:55,1015,4397
0071,17:00,1020,4397
0071,17:05,1025,4397
0071,17:10,1030,4397
0071,17:15,1035,4397
0071,17:20,1040,4397
0071,17:25,1045,4397
0071,17:30,1050,8707
0071,17:35,1055,8707
0071,17:40,1060,8707
0071,17:45,1065,8707
0071,17:50,1070,8448
0071,17:55,1075,8448
0071,18:00,1080,8448
0071,18:05,1085,8448
0071,18:10,1090,8448
0071,18:15,1095,8448
0071,18:20,1100,8448
0071,18:25,1105,8448
0071,18:30,1110,8448
0071,18:35,1115,8448
0071,18:40,1120,8448
0071,18:45,1125,8448
0071,18:50,1130,8448
0071,18:55,1135,8448
0071,19:00,1140,8448
0071,19:05,1145,8448
0071,19:10,1150,8448
0071,19:15,1155,8448
0071,19:20,1160,8448
0071,19:25,1165,7241
0071,19:30,1170,7241
0071,19:35,1175,7241
0071,19:40,1180,7241
0071,19:45,1185,6983
0071,19:50,1190,6983
0071,19:55,1195,6983
0071,20:00,1200,6983
0071,20:05,1205,6983
0071,20:10,1210,6983
0071,20:15,1215,6983
0071,20:20,1220,6983
0071,20:25,1225,6983
0071,20:30,1230,6638
0071,20:35,1235,6638
0071,20:40,1240,6638
0071,20:45,1245,6207
0071,20:50,1250,6207
0071,20:55,1255,6207
0071,21:00,1260,6207
0071,21:05,1265,6207
0071,21:10,1270,6207
0071,21:15,1275,6207
0071,21:20,1280,6207
0071,21:25,1285,6207
0071,21:30,1290,5345
0071,21:35,1295,5345
0071,21:40,1300,5345
0071,21:45,1305,5345
0071,21:50,1310,5345
0071,21:55,1315,5345
0071,22:00,1320,5345
0071,22:05,1325,5345
0071,22:10,1330,5345
0071,22:15,1335,5345
0071,22:20,1340,5345
0071,22:25,1345,5345
0071,22:30,1350,5345
0071,22:35,1355,5345
0071,22:40,1360,5345
0071,22:45,1365,5345
0071,22:50,1370,5345
0071,22:55,1375,5345
0071,23:00,1380,5345
0071,23:05,1385,5345
0071,23:10,1390,5345
0071,23:15,1395,5345
0071,23:16,1396,5345
0071,23:20,1400,5345
0072,09:00,540,0
0072,09:05,545,0
0072,09:10,550,0
0072,09:15,555,0
0072,09:20,560,0
0072,09:25,565,0
0072,09:30,570,0
0072,09:35,575,0
0072,09:40,580,0
0072,09:45,585,0
0072,09:50,590,0
0072,09:55,595,0
0072,10:00,600,0
0072,10:05,605,0
0072,10:10,610,0
0072,10:15,615,0
0072,10:20,620,0
0072,10:25,625,-1039
0072,10:30,630,-1039
0072,10:35,635,-1039
0072,10:40,640,-2078
0072,10:45,645,-2078
0072,10:50,650,-2078
0072,10:55,655,-2078
0072,11:00,660,-2597
0072,11:05,665,-2597
0072,11:10,670,-2597
0072,11:15,675,-2597
0072,11:20,680,-2597
0072,11:25,685,-2597
0072,11:30,690,-4935
0072,11:35,695,-4935
0072,11:40,700,-4935
0072,11:45,705,769
0072,11:50,710,769
0072,11:55,715,769
0072,12:00,720,769
0072,12:05,725,769
0072,12:10,730,769
0072,12:15,735,769
0072,12:20,740,769
0072,12:25,745,769
0072,12:30,750,0
0072,12:35,755,0
0072,12:40,760,0
0072,12:45,765,0
0072,12:50,770,3846
0072,12:55,775,3846
0072,13:00,780,3846
0072,13:05,785,3846
0072,13:10,790,3846
0072,13:15,795,3846
0072,13:20,800,3846
0072,13:25,805,2821
0072,13:30,810,2821
0072,13:35,815,2821
0072,13:40,820,2821
0072,13:45,825,2821
0072,13:50,830,9744
0072,13:55,835,9744
0072,14:00,840,9744
0072,14:05,845,9744
0072,14:10,850,9744
0072,14:15,855,9744
0072,14:20,860,9744
0072,14:25,865,9744
0072,14:30,870,17436
0072,14:35,875,17436
0072,14:40,880,17436
0072,14:45,885,23077
0072,14:50,890,23077
0072,14:55,895,23077
0072,15:00,900,23077
0072,15:05,905,23077
0072,15:10,910,23077
0072,15:15,915,23077
0072,15:20,920,23077
0072,15:25,925,23077
0072,15:30,930,32051
0072,15:35,935,32051
0072,15:40,940,32051
0072,15:45,945,33077
0072,15:50,950,33077
0072,15:55,955,33077
0072,16:00,960,33077
0072,16:05,965,33077
0072,16:10,970,33077
0072,16:15,975,33077
0072,16:20,980,33077
0072,16:25,985,33077
0072,16:30,990,31795
0072,16:35,995,31795
0072,16:40,1000,31795
0072,16:45,1005,31795
0072,16:50,1010,30769
0072,16:55,1015,30769
0072,17:00,1020,30769
0072,17:05,1025,30769
0072,17:10,1030,30769
0072,17:15,1035,30769
0072,17:20,1040,30769
0072,17:25,1045,30769
0072,17:30,1050,29744
0072,17:35,1055,29744
0072,17:40,1060,29744
0072,17:45,1065,29744
0072,17:50,1070,29744
0072,17:55,1075,29744
0072,18:00,1080,29744
0072,18:05,1085,29744
0072,18:10,1090,29744
0072,18:15,1095,29744
0072,18:20,1100,29744
0072,18:25,1105,28462
0072,18:30,1110,28462
0072,18:35,1115,28462
0072,18:40,1120,28462
0072,18:45,1125,28462
0072,18:50,1130,28205
0072,18:55,1135,28205
0072,19:00,1140,28205
0072,19:05,1145,28205
0072,19:10,1150,28205
0072,19:15,1155,28205
0072,19:20,1160,28205
0072,19:25,1165,27436
0072,19:30,1170,27436
0072,19:35,1175,27436
0072,19:40,1180,27436
0072,19:45,1185,27179
0072,19:50,1190,27179
0072,19:55,1195,27179
0072,20:00,1200,27179
0072,20:05,1205,27179
0072,20:10,1210,27179
0072,20:15,1215,27179
0072,20:20,1220,27179
0072,20:25,1225,27179
0072,20:30,1230,27179
0072,20:35,1235,27179
0072,20:40,1240,27179
0072,20:45,1245,27179
0072,20:50,1250,27179
0072,20:55,1255,27179
0072,21:00,1260,27179
0072,21:05,1265,27179
0072,21:10,1270,27179
0072,21:15,1275,27179
0072,21:20,1280,27179
0072,21:25,1285,27179
0072,21:30,1290,27179
0072,21:35,1295,27179
0072,21:40,1300,27179
0072,21:45,1305,27179
0072,21:50,1310,27179
0072,21:55,1315,27179
0072,22:00,1320,27179
0072,22:05,1325,27179
0072,22:10,1330,27179
0072,22:15,1335,27179
0072,22:20,1340,27179
0072,22:25,1345,27179
0072,22:30,1350,27179
0072,22:35,1355,27179
0072,22:40,1360,27179
0072,22:45,1365,27179
0072,22:50,1370,27179
0072,22:55,1375,27179
0072,23:00,1380,27179
0072,23:05,1385,27179
0072,23:10,1390,27179
0072,23:15,1395,27179
0072,23:16,1396,27179
0072,23:20,1400,27179
0073,09:00,540,0
0073,09:05,545,0
0073,09:10,550,0
0073,09:15,555,0
0073,09:20,560,0
0073,09:25,565,0
0073,09:30,570,0
0073,09:35,575,0
0073,09:40,580,0
0073,09:45,585,0
0073,09:50,590,0
0073,09:55,595,0
0073,10:00,600,0
0073,10:05,605,0
0073,10:10,610,0
0073,10:15,615,0
0073,10:20,620,0
0073,10:25,625,0
0073,10:30,630,0
0073,10:35,635,0
0073,10:40,640,0
0073,10:45,645,0
0073,10:50,650,0
0073,10:55,655,0
0073,11:00,660,0
0073,11:05,665,0
0073,11:10,670,0
0073,11:15,675,0
0073,11:20,680,0
0073,11:25,685,0
0073,11:30,690,0
0073,11:35,695,0
0073,11:40,700,0
0073,11:45,705,-1600
0073,11:50,710,-1600
0073,11:55,715,-1600
0073,12:00,720,-1600
0073,12:05,725,-1600
0073,12:10,730,-1600
0073,12:15,735,-1600
0073,12:20,740,-1600
0073,12:25,745,-1600
0073,12:30,750,7759
0073,12:35,755,7759
0073,12:40,760,7759
0073,12:45,765,7759
0073,12:50,770,8448
0073,12:55,775,8448
0073,13:00,780,8448
0073,13:05,785,8448
0073,13:10,790,8448
0073,13:15,795,8448
0073,13:20,800,8448
0073,13:25,805,5690
0073,13:30,810,5690
0073,13:35,815,5690
0073,13:40,820,5690
0073,13:45,825,5690
0073,13:50,830,4483
0073,13:55,835,4483
0073,14:00,840,4483
0073,14:05,845,4483
0073,14:10,850,4483
0073,14:15,855,4483
0073,14:20,860,4483
0073,14:25,865,4483
0073,14:30,870,1552
0073,14:35,875,1552
0073,14:40,880,1552
0073,14:45,885,172
0073,14:50,890,172
0073,14:55,895,172
0073,15:00,900,172
0073,15:05,905,172
0073,15:10,910,172
0073,15:15,915,172
0073,15:20,920,172
0073,15:25,925,172
0073,15:30,930,-3022
0073,15:35,935,-3022
0073,15:40,940,-3022
0073,15:45,945,-4444
0073,15:50,950,-4444
0073,15:55,955,-4444
0073,16:00,960,-4444
0073,16:05,965,-4444
0073,16:10,970,-4444
0073,16:15,975,-4444
0073,16:20,980,-4444
0073,16:25,985,-4444
0073,16:30,990,6724
0073,16:35,995,6724
0073,16:40,1000,6724
0073,16:45,1005,6724
0073,16:50,1010,11379
0073,16:55,1015,11379
0073,17:00,1020,11379
0073,17:05,1025,11379
0073,17:10,1030,11379
0073,17:15,1035,11379
0073,17:20,1040,11379
0073,17:25,1045,11379
0073,17:30,1050,15345
0073,17:35,1055,15345
0073,17:40,1060,15345
0073,17:45,1065,15345
0073,17:50,1070,14310
0073,17:55,1075,14310
0073,18:00,1080,14310
0073,18:05,1085,14310
0073,18:10,1090,14310
0073,18:15,1095,14310
0073,18:20,1100,14310
0073,18:25,1105,12759
0073,18:30,1110,12759
0073,18:35,1115,12759
0073,18:40,1120,12759
0073,18:45,1125,12759
0073,18:50,1130,12759
0073,18:55,1135,12759
0073,19:00,1140,12759
0073,19:05,1145,12759
0073,19:10,1150,12759
0073,19:15,1155,12759
0073,19:20,1160,12759
0073,19:25,1165,12069
0073,19:30,1170,12069
0073,19:35,1175,12069
0073,19:40,1180,12069
0073,19:45,1185,12069
0073,19:50,1190,12069
0073,19:55,1195,12069
0073,20:00,1200,12069
0073,20:05,1205,12069
0073,20:10,1210,12069
0073,20:15,1215,12069
0073,20:20,1220,12069
0073,20:25,1225,12069
0073,20:30,1230,12069
0073,20:35,1235,12069
0073,20:40,1240,12069
0073,20:45,1245,12069
0073,20:50,1250,12069
0073,20:55,1255,12069
0073,21:00,1260,12069
0073,21:05,1265,12069
0073,21:10,1270,12069
0073,21:15,1275,12069
0073,21:20,1280,12069
0073,21:25,1285,12069
0073,21:30,1290,12069
0073,21:35,1295,12069
0073,21:40,1300,12069
0073,21:45,1305,12069
0073,21:50,1310,12069
0073,21:55,1315,12069
0073,22:00,1320,12069
0073,22:05,1325,12069
0073,22:10,1330,12069
0073,22:15,1335,12069
0073,22:20,1340,12069
0073,22:25,1345,12069
0073,22:30,1350,12069
0073,22:35,1355,12069
0073,22:40,1360,12069
0073,22:45,1365,12069
0073,22:50,1370,12069
0073,22:55,1375,12069
0073,23:00,1380,12069
0073,23:05,1385,12069
0073,23:10,1390,12069
0073,23:15,1395,12069
0073,23:16,1396,12069
0073,23:20,1400,12069
0074,09:00,540,0
0074,09:05,545,0
0074,09:10,550,0
0074,09:15,555,0
0074,09:20,560,0
0074,09:25,565,0
0074,09:30,570,0
0074,09:35,575,0
0074,09:40,580,0
0074,09:45,585,0
0074,09:50,590,0
0074,09:55,595,0
0074,10:00,600,0
0074,10:05,605,0
0074,10:10,610,0
0074,10:15,615,0
0074,10:20,620,0
0074,10:25,625,-889
0074,10:30,630,-889
0074,10:35,635,-889
0074,10:40,640,-2133
0074,10:45,645,-2133
0074,10:50,650,-2133
0074,10:55,655,-2133
0074,11:00,660,-3022
0074,11:05,665,-3022
0074,11:10,670,-3022
0074,11:15,675,-3022
0074,11:20,680,-3022
0074,11:25,685,-3022
0074,11:30,690,-4089
0074,11:35,695,-4089
0074,11:40,700,-4089
0074,11:45,705,-5511
0074,11:50,710,-5511
0074,11:55,715,-5511
0074,12:00,720,-5511
0074,12:05,725,-5511
0074,12:10,730,-5511
0074,12:15,735,-5511
0074,12:20,740,-5511
0074,12:25,745,-5511
0074,12:30,750,-8356
0074,12:35,755,-8356
0074,12:40,760,-8356
0074,12:45,765,-8356
0074,12:50,770,-8533
0074,12:55,775,-8533
0074,13:00,780,-8533
0074,13:05,785,-8533
0074,13:10,790,-8533
0074,13:15,795,-8533
0074,13:20,800,-8533
0074,13:25,805,-10133
0074,13:30,810,-10133
0074,13:35,815,-10133
0074,13:40,820,-10133
0074,13:45,825,-10133
0074,13:50,830,-10844
0074,13:55,835,-10844
0074,14:00,840,-10844
0074,14:05,845,-10844
0074,14:10,850,-10844
0074,14:15,855,-10844
0074,14:20,860,-10844
0074,14:25,865,-10844
0074,14:30,870,-11022
0074,14:35,875,-11022
0074,14:40,880,-11022
0074,14:45,885,-6756
0074,14:50,890,-6756
0074,14:55,895,-6756
0074,15:00,900,-6756
0074,15:05,905,-6756
0074,15:10,910,-6756
0074,15:15,915,-6756
0074,15:20,920,-6756
0074,15:25,925,-6756
0074,15:30,930,-5867
0074,15:35,935,-5867
0074,15:40,940,-5867
0074,15:45,945,-7289
0074,15:50,950,-7289
0074,15:55,955,-7289
0074,16:00,960,-7289
0074,16:05,965,-7289
0074,16:10,970,-7289
0074,16:15,975,-7289
0074,16:20,980,-7289
0074,16:25,985,-7289
0074,16:30,990,-5867
0074,16:35,995,-5867
0074,16:40,1000,-5867
0074,16:45,1005,-5867
0074,16:50,1010,-7289
0074,16:55,1015,-7289
0074,17:00,1020,-7289
0074,17:05,1025,-7289
0074,17:10,1030,-7289
0074,17:15,1035,-7289
0074,17:20,1040,-7289
0074,17:25,1045,-7289
0074,17:30,1050,-8711
0074,17:35,1055,-8711
0074,17:40,1060,-8711
0074,17:45,1065,-8711
0074,17:50,1070,-10311
0074,17:55,1075,-10311
0074,18:00,1080,-10311
0074,18:05,1085,-10311
0074,18:10,1090,-10311
0074,18:15,1095,-10311
0074,18:20,1100,-10311
0074,18:25,1105,-11022
0074,18:30,1110,-11022
0074,18:35,1115,-11022
0074,18:40,1120,-11022
0074,18:45,1125,-11022
0074,18:50,1130,-11022
0074,18:55,1135,-11022
0074,19:00,1140,-11022
0074,19:05,1145,-11022
0074,19:10,1150,-11022
0074,19:15,1155,-11022
0074,19:20,1160,-11022
0074,19:25,1165,-11911
0074,19:30,1170,-11911
0074,19:35,1175,-11911
0074,19:40,1180,-11911
0074,19:45,1185,-11911
0074,19:50,1190,-11911
0074,19:55,1195,-11911
0074,20:00,1200,-11911
0074,20:05,1205,-11911
0074,20:10,1210,-11911
0074,20:15,1215,-11911
0074,20:20,1220,-11911
0074,20:25,1225,-11911
0074,20:30,1230,-12089
0074,20:35,1235,-12089
0074,20:40,1240,-12089
0074,20:45,1245,-12089
0074,20:50,1250,-12089
0074,20:55,1255,-12089
0074,21:00,1260,-12089
0074,21:05,1265,-12089
0074,21:10,1270,-12089
0074,21:15,1275,-12089
0074,21:20,1280,-12089
0074,21:25,1285,-12089
0074,21:30,1290,-12622
0074,21:35,1295,-12622
0074,21:40,1300,-12622
0074,21:45,1305,-12622
0074,21:50,1310,-12622
0074,21:55,1315,-12622
0074,22:00,1320,-12622
0074,22:05,1325,-12622
0074,22:10,1330,-12622
0074,22:15,1335,-12622
0074,22:20,1340,-12622
0074,22:25,1345,-12622
0074,22:30,1350,-12800
0074,22:35,1355,-12800
0074,22:40,1360,-12800
0074,22:45,1365,-12800
0074,22:50,1370,-12800
0074,22:55,1375,-12800
0074,23:00,1380,-12800
0074,23:05,1385,-12800
0074,23:10,1390,-12800
0074,23:15,1395,-12800
0074,23:16,1396,-12800
0074,23:20,1400,-12800
0075,09:00,540,0
0075,09:05,545,0
0075,09:10,550,0
0075,09:15,555,0
0075,09:20,560,0
0075,09:25,565,0
0075,09:30,570,0
0075,09:35,575,0
0075,09:40,580,0
0075,09:45,585,0
0075,09:50,590,0
0075,09:55,595,0
0075,10:00,600,0
0075,10:05,605,0
0075,10:10,610,-356
0075,10:15,615,-356
0075,10:20,620,-356
0075,10:25,625,-1422
0075,10:30,630,-1422
0075,10:35,635,-1422
0075,10:40,640,-889
0075,10:45,645,-889
0075,10:50,650,-889
0075,10:55,655,-889
0075,11:00,660,3103
0075,11:05,665,3103
0075,11:10,670,3103
0075,11:15,675,3103
0075,11:20,680,3103
0075,11:25,685,3103
0075,11:30,690,6724
0075,11:35,695,6724
0075,11:40,700,6724
0075,11:45,705,5517
0075,11:50,710,5517
0075,11:55,715,5517
0075,12:00,720,5517
0075,12:05,725,5517
0075,12:10,730,5517
0075,12:15,735,5517
0075,12:20,740,5517
0075,12:25,745,5517
0075,12:30,750,2759
0075,12:35,755,2759
0075,12:40,760,2759
0075,12:45,765,2759
0075,12:50,770,2586
0075,12:55,775,2586
0075,13:00,780,2586
0075,13:05,785,2586
0075,13:10,790,2586
0075,13:15,795,2586
0075,13:20,800,2586
0075,13:25,805,862
0075,13:30,810,862
0075,13:35,815,862
0075,13:40,820,862
0075,13:45,825,862
0075,13:50,830,3103
0075,13:55,835,3103
0075,14:00,840,3103
0075,14:05,845,3103
0075,14:10,850,3103
0075,14:15,855,3103
0075,14:20,860,3103
0075,14:25,865,3103
0075,14:30,870,2586
0075,14:35,875,2586
0075,14:40,880,2586
0075,14:45,885,5345
0075,14:50,890,5345
0075,14:55,895,5345
0075,15:00,900,5345
0075,15:05,905,5345
0075,15:10,910,5345
0075,15:15,915,5345
0075,15:20,920,5345
0075,15:25,925,5345
0075,15:30,930,8621
0075,15:35,935,8621
0075,15:40,940,8621
0075,15:45,945,13966
0075,15:50,950,13966
0075,15:55,955,13966
0075,16:00,960,13966
0075,16:05,965,13966
0075,16:10,970,13966
0075,16:15,975,13966
0075,16:20,980,13966
0075,16:25,985,13966
0075,16:30,990,13793
0075,16:35,995,13793
0075,16:40,1000,13793
0075,16:45,1005,13793
0075,16:50,1010,12414
0075,16:55,1015,12414
0075,17:00,1020,12414
0075,17:05,1025,12414
0075,17:10,1030,12414
0075,17:15,1035,12414
0075,17:20,1040,12414
0075,17:25,1045,12414
0075,17:30,1050,11379
0075,17:35,1055,11379
0075,17:40,1060,11379
0075,17:45,1065,11379
0075,17:50,1070,11379
0075,17:55,1075,11379
0075,18:00,1080,11379
0075,18:05,1085,11379
0075,18:10,1090,11379
0075,18:15,1095,11379
0075,18:20,1100,11379
0075,18:25,1105,11379
0075,18:30,1110,11379
0075,18:35,1115,11379
0075,18:40,1120,11379
0075,18:45,1125,11379
0075,18:50,1130,11379
0075,18:55,1135,11379
0075,19:00,1140,11379
0075,19:05,1145,11379
0075,19:10,1150,11379
0075,19:15,1155,11379
0075,19:20,1160,11379
0075,19:25,1165,10517
0075,19:30,1170,10517
0075,19:35,1175,10517
0075,19:40,1180,10517
0075,19:45,1185,13793
0075,19:50,1190,13793
0075,19:55,1195,13793
0075,20:00,1200,13793
0075,20:05,1205,13793
0075,20:10,1210,13793
0075,20:15,1215,13793
0075,20:20,1220,13793
0075,20:25,1225,13793
0075,20:30,1230,16724
0075,20:35,1235,16724
0075,20:40,1240,16724
0075,20:45,1245,15862
0075,20:50,1250,15862
0075,20:55,1255,15862
0075,21:00,1260,15862
0075,21:05,1265,15862
0075,21:10,1270,15862
0075,21:15,1275,15862
0075,21:20,1280,15862
0075,21:25,1285,15862
0075,21:30,1290,14828
0075,21:35,1295,14828
0075,21:40,1300,14828
0075,21:45,1305,14828
0075,21:50,1310,14828
0075,21:55,1315,14828
0075,22:00,1320,14828
0075,22:05,1325,14828
0075,22:10,1330,14828
0075,22:15,1335,14828
0075,22:20,1340,14828
0075,22:25,1345,14828
0075,22:30,1350,14483
0075,22:35,1355,14483
0075,22:40,1360,14483
0075,22:45,1365,14483
0075,22:50,1370,14483
0075,22:55,1375,14483
0075,23:00,1380,14483
0075,23:05,1385,14483
0075,23:10,1390,14483
0075,23:15,1395,14483
0075,23:16,1396,14483
0075,23:20,1400,14483
0076,09:00,540,0
0076,09:05,545,0
0076,09:10,550,0
0076,09:15,555,0
0076,09:20,560,0
0076,09:25,565,0
0076,09:30,570,0
0076,09:35,575,0
0076,09:40,580,0
0076,09:45,585,0
0076,09:50,590,0
0076,09:55,595,0
0076,10:00,600,0
0076,10:05,605,0
0076,10:10,610,0
0076,10:15,615,0
0076,10:20,620,0
0076,10:25,625,0
0076,10:30,630,0
0076,10:35,635,0
0076,10:40,640,0
0076,10:45,645,0
0076,10:50,650,0
0076,10:55,655,0
0076,11:00,660,-356
0076,11:05,665,-356
0076,11:10,670,-356
0076,11:15,675,-356
0076,11:20,680,-356
0076,11:25,685,-356
0076,11:30,690,1034
0076,11:35,695,1034
0076,11:40,700,1034
0076,11:45,705,-356
0076,11:50,710,-356
0076,11:55,715,-356
0076,12:00,720,-356
0076,12:05,725,-356
0076,12:10,730,-356
0076,12:15,735,-356
0076,12:20,740,-356
0076,12:25,745,-356
0076,12:30,750,-3378
0076,12:35,755,-3378
0076,12:40,760,-3378
0076,12:45,765,-3378
0076,12:50,770,-3911
0076,12:55,775,-3911
0076,13:00,780,-3911
0076,13:05,785,-3911
0076,13:10,790,-3911
0076,13:15,795,-3911
0076,13:20,800,-3911
0076,13:25,805,-4800
0076,13:30,810,-4800
0076,13:35,815,-4800
0076,13:40,820,-4800
0076,13:45,825,-4800
0076,13:50,830,-5156
0076,13:55,835,-5156
0076,14:00,840,-5156
0076,14:05,845,-5156
0076,14:10,850,-5156
0076,14:15,855,-5156
0076,14:20,860,-5156
0076,14:25,865,-5156
0076,14:30,870,-7111
0076,14:35,875,-7111
0076,14:40,880,-7111
0076,14:45,885,-6400
0076,14:50,890,-6400
0076,14:55,895,-6400
0076,15:00,900,-6400
0076,15:05,905,-6400
0076,15:10,910,-6400
0076,15:15,915,-6400
0076,15:20,920,-6400
0076,15:25,925,-6400
0076,15:30,930,-4800
0076,15:35,935,-4800
0076,15:40,940,-4800
0076,15:45,945,-3911
0076,15:50,950,-3911
0076,15:55,955,-3911
0076,16:00,960,-3911
0076,16:05,965,-3911
0076,16:10,970,-3911
0076,16:15,975,-3911
0076,16:20,980,-3911
0076,16:25,985,-3911
0076,16:30,990,-5511
0076,16:35,995,-5511
0076,16:40,1000,-5511
0076,16:45,1005,-5511
0076,16:50,1010,-6044
0076,16:55,1015,-6044
0076,17:00,1020,-6044
0076,17:05,1025,-6044
0076,17:10,1030,-6044
0076,17:15,1035,-6044
0076,17:20,1040,-6044
0076,17:25,1045,-6044
0076,17:30,1050,-6933
0076,17:35,1055,-6933
0076,17:40,1060,-6933
0076,17:45,1065,-6933
0076,17:50,1070,-6933
0076,17:55,1075,-6933
0076,18:00,1080,-6933
0076,18:05,1085,-6933
0076,18:10,1090,-6933
0076,18:15,1095,-6933
0076,18:20,1100,-6933
0076,18:25,1105,-6933
0076,18:30,1110,-6933
0076,18:35,1115,-6933
0076,18:40,1120,-6933
0076,18:45,1125,-6933
0076,18:50,1130,-6933
0076,18:55,1135,-6933
0076,19:00,1140,-6933
0076,19:05,1145,-6933
0076,19:10,1150,-6933
0076,19:15,1155,-6933
0076,19:20,1160,-6933
0076,19:25,1165,-8711
0076,19:30,1170,-8711
0076,19:35,1175,-8711
0076,19:40,1180,-8711
0076,19:45,1185,-10133
0076,19:50,1190,-10133
0076,19:55,1195,-10133
0076,20:00,1200,-10133
0076,20:05,1205,-10133
0076,20:10,1210,-10133
0076,20:15,1215,-10133
0076,20:20,1220,-10133
0076,20:25,1225,-10133
0076,20:30,1230,-10667
0076,20:35,1235,-10667
0076,20:40,1240,-10667
0076,20:45,1245,-11022
0076,20:50,1250,-11022
0076,20:55,1255,-11022
0076,21:00,1260,-11022
0076,21:05,1265,-11022
0076,21:10,1270,-11022
0076,21:15,1275,-11022
0076,21:20,1280,-11022
0076,21:25,1285,-11022
0076,21:30,1290,-11200
0076,21:35,1295,-11200
0076,21:40,1300,-11200
0076,21:45,1305,-11200
0076,21:50,1310,-11200
0076,21:55,1315,-11200
0076,22:00,1320,-11200
0076,22:05,1325,-11200
0076,22:10,1330,-11200
0076,22:15,1335,-11200
0076,22:20,1340,-11200
0076,22:25,1345,-11200
0076,22:30,1350,-11200
0076,22:35,1355,-11200
0076,22:40,1360,-11200
0076,22:45,1365,-11200
0076,22:50,1370,-11200
0076,22:55,1375,-11200
0076,23:00,1380,-11200
0076,23:05,1385,-11200
0076,23:10,1390,-11200
0076,23:15,1395,-11200
0076,23:16,1396,-11200
0076,23:20,1400,-11200
0077,09:00,540,0
0077,09:05,545,0
0077,09:10,550,0
0077,09:15,555,0
0077,09:20,560,0
0077,09:25,565,0
0077,09:30,570,0
0077,09:35,575,0
0077,09:40,580,0
0077,09:45,585,0
0077,09:50,590,0
0077,09:55,595,0
0077,10:00,600,0
0077,10:05,605,0
0077,10:10,610,0
0077,10:15,615,0
0077,10:20,620,0
0077,10:25,625,0
0077,10:30,630,0
0077,10:35,635,0
0077,10:40,640,0
0077,10:45,645,0
0077,10:50,650,0
0077,10:55,655,0
0077,11:00,660,-356
0077,11:05,665,-356
0077,11:10,670,-356
0077,11:15,675,-356
0077,11:20,680,-356
0077,11:25,685,-356
0077,11:30,690,-356
0077,11:35,695,-356
0077,11:40,700,-356
0077,11:45,705,-622
0077,11:50,710,-622
0077,11:55,715,-622
0077,12:00,720,-622
0077,12:05,725,-622
0077,12:10,730,-622
0077,12:15,735,-622
0077,12:20,740,-622
0077,12:25,745,-622
0077,12:30,750,-356
0077,12:35,755,-356
0077,12:40,760,-356
0077,12:45,765,-356
0077,12:50,770,0
0077,12:55,775,0
0077,13:00,780,0
0077,13:05,785,0
0077,13:10,790,0
0077,13:15,795,0
0077,13:20,800,0
0077,13:25,805,-1067
0077,13:30,810,-1067
0077,13:35,815,-1067
0077,13:40,820,-1067
0077,13:45,825,-1067
0077,13:50,830,-1956
0077,13:55,835,-1956
0077,14:00,840,-1956
0077,14:05,845,-1956
0077,14:10,850,-1956
0077,14:15,855,-1956
0077,14:20,860,-1956
0077,14:25,865,-1956
0077,14:30,870,-3733
0077,14:35,875,-3733
0077,14:40,880,-3733
0077,14:45,885,-4800
0077,14:50,890,-4800
0077,14:55,895,-4800
0077,15:00,900,-4800
0077,15:05,905,-4800
0077,15:10,910,-4800
0077,15:15,915,-4800
0077,15:20,920,-4800
0077,15:25,925,-4800
0077,15:30,930,172
0077,15:35,935,172
0077,15:40,940,172
0077,15:45,945,1379
0077,15:50,950,1379
0077,15:55,955,1379
0077,16:00,960,1379
0077,16:05,965,1379
0077,16:10,970,1379
0077,16:15,975,1379
0077,16:20,980,1379
0077,16:25,985,1379
0077,16:30,990,-267
0077,16:35,995,-267
0077,16:40,1000,-267
0077,16:45,1005,-267
0077,16:50,1010,-267
0077,16:55,1015,-267
0077,17:00,1020,-267
0077,17:05,1025,-267
0077,17:10,1030,-267
0077,17:15,1035,-267
0077,17:20,1040,-267
0077,17:25,1045,-267
0077,17:30,1050,-356
0077,17:35,1055,-356
0077,17:40,1060,-356
0077,17:45,1065,-356
0077,17:50,1070,-711
0077,17:55,1075,-711
0077,18:00,1080,-711
0077,18:05,1085,-711
0077,18:10,1090,-711
0077,18:15,1095,-711
0077,18:20,1100,-711
0077,18:25,1105,948
0077,18:30,1110,948
0077,18:35,1115,948
0077,18:40,1120,948
0077,18:45,1125,948
0077,18:50,1130,3362
0077,18:55,1135,3362
0077,19:00,1140,3362
0077,19:05,1145,3362
0077,19:10,1150,3362
0077,19:15,1155,3362
0077,19:20,1160,3362
0077,19:25,1165,4483
0077,19:30,1170,4483
0077,19:35,1175,4483
0077,19:40,1180,4483
0077,19:45,1185,3190
0077,19:50,1190,3190
0077,19:55,1195,3190
0077,20:00,1200,3190
0077,20:05,1205,3190
0077,20:10,1210,3190
0077,20:15,1215,3190
0077,20:20,1220,3190
0077,20:25,1225,3190
0077,20:30,1230,3448
0077,20:35,1235,3448
0077,20:40,1240,3448
0077,20:45,1245,2672
0077,20:50,1250,2672
0077,20:55,1255,2672
0077,21:00,1260,2672
0077,21:05,1265,2672
0077,21:10,1270,2672
0077,21:15,1275,2672
0077,21:20,1280,2672
0077,21:25,1285,2672
0077,21:30,1290,3621
0077,21:35,1295,3621
0077,21:40,1300,3621
0077,21:45,1305,2155
0077,21:50,1310,2155
0077,21:55,1315,2155
0077,22:00,1320,2155
0077,22:05,1325,2155
0077,22:10,1330,2155
0077,22:15,1335,2155
0077,22:20,1340,2155
0077,22:25,1345,2155
0077,22:30,1350,-889
0077,22:35,1355,-889
0077,22:40,1360,-889
0077,22:45,1365,-889
0077,22:50,1370,-1244
0077,22:55,1375,-1244
0077,23:00,1380,-1244
0077,23:05,1385,-1244
0077,23:10,1390,-1244
0077,23:15,1395,-1244
0077,23:16,1396,-1244
0077,23:20,1400,-1244
