time,minute,machine,group,value,delta_5m,delta_10m,delta_30m
09:00,540,0039,g3,0,,,
09:05,545,0039,g3,0,0,,
09:10,550,0039,g3,0,0,0,
09:15,555,0039,g3,0,0,0,
09:20,560,0039,g3,0,0,0,
09:25,565,0039,g3,0,0,0,
09:30,570,0039,g3,0,0,0,0
09:35,575,0039,g3,0,0,0,0
09:40,580,0039,g3,0,0,0,0
09:45,585,0039,g3,0,0,0,0
09:50,590,0039,g3,0,0,0,0
09:55,595,0039,g3,0,0,0,0
10:00,600,0039,g3,0,0,0,0
10:05,605,0039,g3,0,0,0,0
10:10,610,0039,g3,0,0,0,0
10:15,615,0039,g3,0,0,0,0
10:20,620,0039,g3,0,0,0,0
10:25,625,0039,g3,-444,-444,-444,-444
10:30,630,0039,g3,-444,0,-444,-444
10:35,635,0039,g3,-444,0,0,-444
10:40,640,0039,g3,-1333,-889,-889,-1333
10:45,645,0039,g3,-1333,0,-889,-1333
10:50,650,0039,g3,-1333,0,0,-1333
10:55,655,0039,g3,-1333,0,0,-889
11:00,660,0039,g3,-2311,-978,-978,-1867
11:05,665,0039,g3,-2311,0,-978,-1867
11:10,670,0039,g3,-2311,0,0,-978
11:15,675,0039,g3,-2311,0,0,-978
11:20,680,0039,g3,-2311,0,0,-978
11:25,685,0039,g3,-2311,0,0,-978
11:30,690,0039,g3,-4267,-1956,-1956,-1956
11:35,695,0039,g3,-4267,0,-1956,-1956
11:40,700,0039,g3,-4267,0,0,-1956
11:45,705,0039,g3,-5600,-1333,-1333,-3289
11:50,710,0039,g3,-5600,0,-1333,-3289
11:55,715,0039,g3,-5600,0,0,-3289
12:00,720,0039,g3,-5600,0,0,-1333
12:05,725,0039,g3,-5600,0,0,-1333
12:10,730,0039,g3,-5600,0,0,-1333
12:15,735,0039,g3,-5600,0,0,0
12:20,740,0039,g3,-5600,0,0,0
12:25,745,0039,g3,-5600,0,0,0
12:30,750,0039,g3,-8178,-2578,-2578,-2578
12:35,755,0039,g3,-8178,0,-2578,-2578
12:40,760,0039,g3,-8178,0,0,-2578
12:45,765,0039,g3,-8178,0,0,-2578
12:50,770,0039,g3,-8622,-444,-444,-3022
12:55,775,0039,g3,-8622,0,-444,-3022
13:00,780,0039,g3,-8622,0,0,-444
13:05,785,0039,g3,-8622,0,0,-444
13:10,790,0039,g3,-8622,0,0,-444
13:15,795,0039,g3,-8622,0,0,-444
13:20,800,0039,g3,-8622,0,0,0
13:25,805,0039,g3,-6933,1689,1689,1689
13:30,810,0039,g3,-6933,0,1689,1689
13:35,815,0039,g3,-6933,0,0,1689
13:40,820,0039,g3,-6933,0,0,1689
13:45,825,0039,g3,-6933,0,0,1689
13:50,830,0039,g3,-8000,-1067,-1067,622
13:55,835,0039,g3,-8000,0,-1067,-1067
14:00,840,0039,g3,-8000,0,0,-1067
14:05,845,0039,g3,-8000,0,0,-1067
14:10,850,0039,g3,-8000,0,0,-1067
14:15,855,0039,g3,-8000,0,0,-1067
14:20,860,0039,g3,-8000,0,0,0
14:25,865,0039,g3,-8000,0,0,0
14:30,870,0039,g3,-3911,4089,4089,4089
14:35,875,0039,g3,-3911,0,4089,4089
14:40,880,0039,g3,-3911,0,0,4089
14:45,885,0039,g3,-2400,1511,1511,5600
14:50,890,0039,g3,-2400,0,1511,5600
14:55,895,0039,g3,-2400,0,0,5600
15:00,900,0039,g3,-2400,0,0,1511
15:05,905,0039,g3,-2400,0,0,1511
15:10,910,0039,g3,-2400,0,0,1511
15:15,915,0039,g3,-2400,0,0,0
15:20,920,0039,g3,-2400,0,0,0
15:25,925,0039,g3,-2400,0,0,0
15:30,930,0039,g3,-1067,1333,1333,1333
15:35,935,0039,g3,-1067,0,1333,1333
15:40,940,0039,g3,-1067,0,0,1333
15:45,945,0039,g3,-2133,-1066,-1066,267
15:50,950,0039,g3,-2133,0,-1066,267
15:55,955,0039,g3,-2133,0,0,267
16:00,960,0039,g3,-2133,0,0,-1066
16:05,965,0039,g3,-2133,0,0,-1066
16:10,970,0039,g3,-2133,0,0,-1066
16:15,975,0039,g3,-2133,0,0,0
16:20,980,0039,g3,-2133,0,0,0
16:25,985,0039,g3,-2133,0,0,0
16:30,990,0039,g3,-533,1600,1600,1600
16:35,995,0039,g3,-533,0,1600,1600
16:40,1000,0039,g3,-533,0,0,1600
16:45,1005,0039,g3,-533,0,0,1600
16:50,1010,0039,g3,4828,5361,5361,6961
16:55,1015,0039,g3,4828,0,5361,6961
17:00,1020,0039,g3,4828,0,0,5361
17:05,1025,0039,g3,4828,0,0,5361
17:10,1030,0039,g3,4828,0,0,5361
17:15,1035,0039,g3,4828,0,0,5361
17:20,1040,0039,g3,4828,0,0,0
17:25,1045,0039,g3,4828,0,0,0
17:30,1050,0039,g3,4224,-604,-604,-604
17:35,1055,0039,g3,4224,0,-604,-604
17:40,1060,0039,g3,4224,0,0,-604
17:45,1065,0039,g3,4224,0,0,-604
17:50,1070,0039,g3,3276,-948,-948,-1552
17:55,1075,0039,g3,3276,0,-948,-1552
18:00,1080,0039,g3,3276,0,0,-948
18:05,1085,0039,g3,3276,0,0,-948
18:10,1090,0039,g3,3276,0,0,-948
18:15,1095,0039,g3,3276,0,0,-948
18:20,1100,0039,g3,3276,0,0,0
18:25,1105,0039,g3,5431,2155,2155,2155
18:30,1110,0039,g3,5431,0,2155,2155
18:35,1115,0039,g3,5431,0,0,2155
18:40,1120,0039,g3,5431,0,0,2155
18:45,1125,0039,g3,5431,0,0,2155
18:50,1130,0039,g3,4310,-1121,-1121,1034
18:55,1135,0039,g3,4310,0,-1121,-1121
19:00,1140,0039,g3,4310,0,0,-1121
19:05,1145,0039,g3,4310,0,0,-1121
19:10,1150,0039,g3,4310,0,0,-1121
19:15,1155,0039,g3,4310,0,0,-1121
19:20,1160,0039,g3,4310,0,0,0
19:25,1165,0039,g3,7931,3621,3621,3621
19:30,1170,0039,g3,7931,0,3621,3621
19:35,1175,0039,g3,7931,0,0,3621
19:40,1180,0039,g3,7931,0,0,3621
19:45,1185,0039,g3,6724,-1207,-1207,2414
19:50,1190,0039,g3,6724,0,-1207,2414
19:55,1195,0039,g3,6724,0,0,-1207
20:00,1200,0039,g3,6724,0,0,-1207
20:05,1205,0039,g3,6724,0,0,-1207
20:10,1210,0039,g3,6724,0,0,-1207
20:15,1215,0039,g3,6724,0,0,0
20:20,1220,0039,g3,6724,0,0,0
20:25,1225,0039,g3,6724,0,0,0
20:30,1230,0039,g3,5259,-1465,-1465,-1465
20:35,1235,0039,g3,5259,0,-1465,-1465
20:40,1240,0039,g3,5259,0,0,-1465
20:45,1245,0039,g3,4741,-518,-518,-1983
20:50,1250,0039,g3,4741,0,-518,-1983
20:55,1255,0039,g3,4741,0,0,-1983
21:00,1260,0039,g3,4741,0,0,-518
21:05,1265,0039,g3,4741,0,0,-518
21:10,1270,0039,g3,4741,0,0,-518
21:15,1275,0039,g3,4741,0,0,0
21:20,1280,0039,g3,4741,0,0,0
21:25,1285,0039,g3,4741,0,0,0
21:30,1290,0039,g3,6897,2156,2156,2156
21:35,1295,0039,g3,6897,0,2156,2156
21:40,1300,0039,g3,6897,0,0,2156
21:45,1305,0039,g3,6466,-431,-431,1725
21:50,1310,0039,g3,6466,0,-431,1725
21:55,1315,0039,g3,6466,0,0,1725
22:00,1320,0039,g3,6466,0,0,-431
22:05,1325,0039,g3,6466,0,0,-431
22:10,1330,0039,g3,6466,0,0,-431
22:15,1335,0039,g3,6466,0,0,0
22:20,1340,0039,g3,6466,0,0,0
22:25,1345,0039,g3,6466,0,0,0
22:30,1350,0039,g3,6466,0,0,0
22:35,1355,0039,g3,6466,0,0,0
22:40,1360,0039,g3,6466,0,0,0
22:45,1365,0039,g3,6466,0,0,0
22:50,1370,0039,g3,6466,0,0,0
22:55,1375,0039,g3,6466,0,0,0
23:00,1380,0039,g3,6466,0,0,0
23:05,1385,0039,g3,6466,0,0,0
23:10,1390,0039,g3,6466,0,0,0
23:15,1395,0039,g3,6466,0,0,0
23:16,1396,0039,g3,6466,,,
23:20,1400,0039,g3,6466,0,0,0
09:00,540,0040,g4,0,,,
09:05,545,0040,g4,0,0,,
09:10,550,0040,g4,0,0,0,
09:15,555,0040,g4,0,0,0,
09:20,560,0040,g4,0,0,0,
09:25,565,0040,g4,0,0,0,
09:30,570,0040,g4,0,0,0,0
09:35,575,0040,g4,0,0,0,0
09:40,580,0040,g4,0,0,0,0
09:45,585,0040,g4,0,0,0,0
09:50,590,0040,g4,0,0,0,0
09:55,595,0040,g4,0,0,0,0
10:00,600,0040,g4,0,0,0,0
10:05,605,0040,g4,0,0,0,0
10:10,610,0040,g4,0,0,0,0
10:15,615,0040,g4,0,0,0,0
10:20,620,0040,g4,0,0,0,0
10:25,625,0040,g4,-1021,-1021,-1021,-1021
10:30,630,0040,g4,-1021,0,-1021,-1021
10:35,635,0040,g4,-1021,0,0,-1021
10:40,640,0040,g4,-2043,-1022,-1022,-2043
10:45,645,0040,g4,-2043,0,-1022,-2043
10:50,650,0040,g4,-2043,0,0,-2043
10:55,655,0040,g4,-2043,0,0,-1022
11:00,660,0040,g4,-3319,-1276,-1276,-2298
11:05,665,0040,g4,-3319,0,-1276,-2298
11:10,670,0040,g4,-3319,0,0,-1276
11:15,675,0040,g4,-3319,0,0,-1276
11:20,680,0040,g4,-3319,0,0,-1276
11:25,685,0040,g4,-3319,0,0,-1276
11:30,690,0040,g4,-3064,255,255,255
11:35,695,0040,g4,-3064,0,255,255
11:40,700,0040,g4,-3064,0,0,255
11:45,705,0040,g4,496,3560,3560,3815
11:50,710,0040,g4,496,0,3560,3815
11:55,715,0040,g4,496,0,0,3815
12:00,720,0040,g4,496,0,0,3560
12:05,725,0040,g4,496,0,0,3560
12:10,730,0040,g4,496,0,0,3560
12:15,735,0040,g4,496,0,0,0
12:20,740,0040,g4,496,0,0,0
12:25,745,0040,g4,496,0,0,0
12:30,750,0040,g4,2727,2231,2231,2231
12:35,755,0040,g4,2727,0,2231,2231
12:40,760,0040,g4,2727,0,0,2231
12:45,765,0040,g4,2727,0,0,2231
12:50,770,0040,g4,8182,5455,5455,7686
12:55,775,0040,g4,8182,0,5455,7686
13:00,780,0040,g4,8182,0,0,5455
13:05,785,0040,g4,8182,0,0,5455
13:10,790,0040,g4,8182,0,0,5455
13:15,795,0040,g4,8182,0,0,5455
13:20,800,0040,g4,8182,0,0,0
13:25,805,0040,g4,11157,2975,2975,2975
13:30,810,0040,g4,11157,0,2975,2975
13:35,815,0040,g4,11157,0,0,2975
13:40,820,0040,g4,11157,0,0,2975
13:45,825,0040,g4,11157,0,0,2975
13:50,830,0040,g4,11901,744,744,3719
13:55,835,0040,g4,11901,0,744,744
14:00,840,0040,g4,11901,0,0,744
14:05,845,0040,g4,11901,0,0,744
14:10,850,0040,g4,11901,0,0,744
14:15,855,0040,g4,11901,0,0,744
14:20,860,0040,g4,11901,0,0,0
14:25,865,0040,g4,11901,0,0,0
14:30,870,0040,g4,20083,8182,8182,8182
14:35,875,0040,g4,20083,0,8182,8182
14:40,880,0040,g4,20083,0,0,8182
14:45,885,0040,g4,18595,-1488,-1488,6694
14:50,890,0040,g4,18595,0,-1488,6694
14:55,895,0040,g4,18595,0,0,6694
15:00,900,0040,g4,18595,0,0,-1488
15:05,905,0040,g4,18595,0,0,-1488
15:10,910,0040,g4,18595,0,0,-1488
15:15,915,0040,g4,18595,0,0,0
15:20,920,0040,g4,18595,0,0,0
15:25,925,0040,g4,18595,0,0,0
15:30,930,0040,g4,24545,5950,5950,5950
15:35,935,0040,g4,24545,0,5950,5950
15:40,940,0040,g4,24545,0,0,5950
15:45,945,0040,g4,23058,-1487,-1487,4463
15:50,950,0040,g4,23058,0,-1487,4463
15:55,955,0040,g4,23058,0,0,4463
16:00,960,0040,g4,23058,0,0,-1487
16:05,965,0040,g4,23058,0,0,-1487
16:10,970,0040,g4,23058,0,0,-1487
16:15,975,0040,g4,23058,0,0,0
16:20,980,0040,g4,23058,0,0,0
16:25,985,0040,g4,23058,0,0,0
16:30,990,0040,g4,20826,-2232,-2232,-2232
16:35,995,0040,g4,20826,0,-2232,-2232
16:40,1000,0040,g4,20826,0,0,-2232
16:45,1005,0040,g4,20826,0,0,-2232
16:50,1010,0040,g4,20826,0,0,-2232
16:55,1015,0040,g4,20826,0,0,-2232
17:00,1020,0040,g4,20826,0,0,0
17:05,1025,0040,g4,20826,0,0,0
17:10,1030,0040,g4,20826,0,0,0
17:15,1035,0040,g4,20826,0,0,0
17:20,1040,0040,g4,20826,0,0,0
17:25,1045,0040,g4,20826,0,0,0
17:30,1050,0040,g4,21074,248,248,248
17:35,1055,0040,g4,21074,0,248,248
17:40,1060,0040,g4,21074,0,0,248
17:45,1065,0040,g4,21074,0,0,248
17:50,1070,0040,g4,19339,-1735,-1735,-1487
17:55,1075,0040,g4,19339,0,-1735,-1487
18:00,1080,0040,g4,19339,0,0,-1735
18:05,1085,0040,g4,19339,0,0,-1735
18:10,1090,0040,g4,19339,0,0,-1735
18:15,1095,0040,g4,19339,0,0,-1735
18:20,1100,0040,g4,19339,0,0,0
18:25,1105,0040,g4,17603,-1736,-1736,-1736
18:30,1110,0040,g4,17603,0,-1736,-1736
18:35,1115,0040,g4,17603,0,0,-1736
18:40,1120,0040,g4,17603,0,0,-1736
18:45,1125,0040,g4,17603,0,0,-1736
18:50,1130,0040,g4,17603,0,0,-1736
18:55,1135,0040,g4,17603,0,0,0
19:00,1140,0040,g4,17603,0,0,0
19:05,1145,0040,g4,17603,0,0,0
19:10,1150,0040,g4,17603,0,0,0
19:15,1155,0040,g4,17603,0,0,0
19:20,1160,0040,g4,17603,0,0,0
19:25,1165,0040,g4,17603,0,0,0
19:30,1170,0040,g4,17603,0,0,0
19:35,1175,0040,g4,17603,0,0,0
19:40,1180,0040,g4,17603,0,0,0
19:45,1185,0040,g4,17603,0,0,0
19:50,1190,0040,g4,17603,0,0,0
19:55,1195,0040,g4,17603,0,0,0
20:00,1200,0040,g4,17603,0,0,0
20:05,1205,0040,g4,17603,0,0,0
20:10,1210,0040,g4,17603,0,0,0
20:15,1215,0040,g4,17603,0,0,0
20:20,1220,0040,g4,17603,0,0,0
20:25,1225,0040,g4,17603,0,0,0
20:30,1230,0040,g4,15372,-2231,-2231,-2231
20:35,1235,0040,g4,15372,0,-2231,-2231
20:40,1240,0040,g4,15372,0,0,-2231
20:45,1245,0040,g4,15124,-248,-248,-2479
20:50,1250,0040,g4,15124,0,-248,-2479
20:55,1255,0040,g4,15124,0,0,-2479
21:00,1260,0040,g4,15124,0,0,-248
21:05,1265,0040,g4,15124,0,0,-248
21:10,1270,0040,g4,15124,0,0,-248
21:15,1275,0040,g4,15124,0,0,0
21:20,1280,0040,g4,15124,0,0,0
21:25,1285,0040,g4,15124,0,0,0
21:30,1290,0040,g4,14876,-248,-248,-248
21:35,1295,0040,g4,14876,0,-248,-248
21:40,1300,0040,g4,14876,0,0,-248
21:45,1305,0040,g4,14380,-496,-496,-744
21:50,1310,0040,g4,14380,0,-496,-744
21:55,1315,0040,g4,14380,0,0,-744
22:00,1320,0040,g4,14380,0,0,-496
22:05,1325,0040,g4,14380,0,0,-496
22:10,1330,0040,g4,14380,0,0,-496
22:15,1335,0040,g4,14380,0,0,0
22:20,1340,0040,g4,14380,0,0,0
22:25,1345,0040,g4,14380,0,0,0
22:30,1350,0040,g4,14380,0,0,0
22:35,1355,0040,g4,14380,0,0,0
22:40,1360,0040,g4,14380,0,0,0
22:45,1365,0040,g4,14380,0,0,0
22:50,1370,0040,g4,14380,0,0,0
22:55,1375,0040,g4,14380,0,0,0
23:00,1380,0040,g4,14380,0,0,0
23:05,1385,0040,g4,14380,0,0,0
23:10,1390,0040,g4,14380,0,0,0
23:15,1395,0040,g4,14380,0,0,0
23:16,1396,0040,g4,14380,,,
23:20,1400,0040,g4,14380,0,0,0
09:00,540,0041,g5,0,,,
09:05,545,0041,g5,0,0,,
09:10,550,0041,g5,0,0,0,
09:15,555,0041,g5,0,0,0,
09:20,560,0041,g5,0,0,0,
09:25,565,0041,g5,0,0,0,
09:30,570,0041,g5,0,0,0,0
09:35,575,0041,g5,0,0,0,0
09:40,580,0041,g5,0,0,0,0
09:45,585,0041,g5,0,0,0,0
09:50,590,0041,g5,0,0,0,0
09:55,595,0041,g5,0,0,0,0
10:00,600,0041,g5,0,0,0,0
10:05,605,0041,g5,0,0,0,0
10:10,610,0041,g5,-533,-533,-533,-533
10:15,615,0041,g5,-533,0,-533,-533
10:20,620,0041,g5,-533,0,0,-533
10:25,625,0041,g5,1379,1912,1912,1379
10:30,630,0041,g5,1379,0,1912,1379
10:35,635,0041,g5,1379,0,0,1379
10:40,640,0041,g5,2759,1380,1380,3292
10:45,645,0041,g5,2759,0,1380,3292
10:50,650,0041,g5,2759,0,0,3292
10:55,655,0041,g5,2759,0,0,1380
11:00,660,0041,g5,1552,-1207,-1207,173
11:05,665,0041,g5,1552,0,-1207,173
11:10,670,0041,g5,1552,0,0,-1207
11:15,675,0041,g5,1552,0,0,-1207
11:20,680,0041,g5,1552,0,0,-1207
11:25,685,0041,g5,1552,0,0,-1207
11:30,690,0041,g5,7241,5689,5689,5689
11:35,695,0041,g5,7241,0,5689,5689
11:40,700,0041,g5,7241,0,0,5689
11:45,705,0041,g5,6379,-862,-862,4827
11:50,710,0041,g5,6379,0,-862,4827
11:55,715,0041,g5,6379,0,0,4827
12:00,720,0041,g5,6379,0,0,-862
12:05,725,0041,g5,6379,0,0,-862
12:10,730,0041,g5,6379,0,0,-862
12:15,735,0041,g5,6379,0,0,0
12:20,740,0041,g5,6379,0,0,0
12:25,745,0041,g5,6379,0,0,0
12:30,750,0041,g5,4483,-1896,-1896,-1896
12:35,755,0041,g5,4483,0,-1896,-1896
12:40,760,0041,g5,4483,0,0,-1896
12:45,765,0041,g5,4483,0,0,-1896
12:50,770,0041,g5,3448,-1035,-1035,-2931
12:55,775,0041,g5,3448,0,-1035,-2931
13:00,780,0041,g5,3448,0,0,-1035
13:05,785,0041,g5,3448,0,0,-1035
13:10,790,0041,g5,3448,0,0,-1035
13:15,795,0041,g5,3448,0,0,-1035
13:20,800,0041,g5,3448,0,0,0
13:25,805,0041,g5,2241,-1207,-1207,-1207
13:30,810,0041,g5,2241,0,-1207,-1207
13:35,815,0041,g5,2241,0,0,-1207
13:40,820,0041,g5,2241,0,0,-1207
13:45,825,0041,g5,2241,0,0,-1207
13:50,830,0041,g5,1724,-517,-517,-1724
13:55,835,0041,g5,1724,0,-517,-517
14:00,840,0041,g5,1724,0,0,-517
14:05,845,0041,g5,1724,0,0,-517
14:10,850,0041,g5,1724,0,0,-517
14:15,855,0041,g5,1724,0,0,-517
14:20,860,0041,g5,1724,0,0,0
14:25,865,0041,g5,1724,0,0,0
14:30,870,0041,g5,9310,7586,7586,7586
14:35,875,0041,g5,9310,0,7586,7586
14:40,880,0041,g5,9310,0,0,7586
14:45,885,0041,g5,7759,-1551,-1551,6035
14:50,890,0041,g5,7759,0,-1551,6035
14:55,895,0041,g5,7759,0,0,6035
15:00,900,0041,g5,7759,0,0,-1551
15:05,905,0041,g5,7759,0,0,-1551
15:10,910,0041,g5,7759,0,0,-1551
15:15,915,0041,g5,7759,0,0,0
15:20,920,0041,g5,7759,0,0,0
15:25,925,0041,g5,7759,0,0,0
15:30,930,0041,g5,12069,4310,4310,4310
15:35,935,0041,g5,12069,0,4310,4310
15:40,940,0041,g5,12069,0,0,4310
15:45,945,0041,g5,10690,-1379,-1379,2931
15:50,950,0041,g5,10690,0,-1379,2931
15:55,955,0041,g5,10690,0,0,2931
16:00,960,0041,g5,10690,0,0,-1379
16:05,965,0041,g5,10690,0,0,-1379
16:10,970,0041,g5,10690,0,0,-1379
16:15,975,0041,g5,10690,0,0,0
16:20,980,0041,g5,10690,0,0,0
16:25,985,0041,g5,10690,0,0,0
16:30,990,0041,g5,12241,1551,1551,1551
16:35,995,0041,g5,12241,0,1551,1551
16:40,1000,0041,g5,12241,0,0,1551
16:45,1005,0041,g5,12241,0,0,1551
16:50,1010,0041,g5,11034,-1207,-1207,344
16:55,1015,0041,g5,11034,0,-1207,344
17:00,1020,0041,g5,11034,0,0,-1207
17:05,1025,0041,g5,11034,0,0,-1207
17:10,1030,0041,g5,11034,0,0,-1207
17:15,1035,0041,g5,11034,0,0,-1207
17:20,1040,0041,g5,11034,0,0,0
17:25,1045,0041,g5,11034,0,0,0
17:30,1050,0041,g5,10690,-344,-344,-344
17:35,1055,0041,g5,10690,0,-344,-344
17:40,1060,0041,g5,10690,0,0,-344
17:45,1065,0041,g5,10690,0,0,-344
17:50,1070,0041,g5,9483,-1207,-1207,-1551
17:55,1075,0041,g5,9483,0,-1207,-1551
18:00,1080,0041,g5,9483,0,0,-1207
18:05,1085,0041,g5,9483,0,0,-1207
18:10,1090,0041,g5,9483,0,0,-1207
18:15,1095,0041,g5,9483,0,0,-1207
18:20,1100,0041,g5,9483,0,0,0
18:25,1105,0041,g5,8793,-690,-690,-690
18:30,1110,0041,g5,8793,0,-690,-690
18:35,1115,0041,g5,8793,0,0,-690
18:40,1120,0041,g5,8793,0,0,-690
18:45,1125,0041,g5,8793,0,0,-690
18:50,1130,0041,g5,7414,-1379,-1379,-2069
18:55,1135,0041,g5,7414,0,-1379,-1379
19:00,1140,0041,g5,7414,0,0,-1379
19:05,1145,0041,g5,7414,0,0,-1379
19:10,1150,0041,g5,7414,0,0,-1379
19:15,1155,0041,g5,7414,0,0,-1379
19:20,1160,0041,g5,7414,0,0,0
19:25,1165,0041,g5,6207,-1207,-1207,-1207
19:30,1170,0041,g5,6207,0,-1207,-1207
19:35,1175,0041,g5,6207,0,0,-1207
19:40,1180,0041,g5,6207,0,0,-1207
19:45,1185,0041,g5,5000,-1207,-1207,-2414
19:50,1190,0041,g5,5000,0,-1207,-2414
19:55,1195,0041,g5,5000,0,0,-1207
20:00,1200,0041,g5,5000,0,0,-1207
20:05,1205,0041,g5,5000,0,0,-1207
20:10,1210,0041,g5,5000,0,0,-1207
20:15,1215,0041,g5,5000,0,0,0
20:20,1220,0041,g5,5000,0,0,0
20:25,1225,0041,g5,5000,0,0,0
20:30,1230,0041,g5,3103,-1897,-1897,-1897
20:35,1235,0041,g5,3103,0,-1897,-1897
20:40,1240,0041,g5,3103,0,0,-1897
20:45,1245,0041,g5,3103,0,0,-1897
20:50,1250,0041,g5,3103,0,0,-1897
20:55,1255,0041,g5,3103,0,0,-1897
21:00,1260,0041,g5,3103,0,0,0
21:05,1265,0041,g5,3103,0,0,0
21:10,1270,0041,g5,3103,0,0,0
21:15,1275,0041,g5,3103,0,0,0
21:20,1280,0041,g5,3103,0,0,0
21:25,1285,0041,g5,3103,0,0,0
21:30,1290,0041,g5,2759,-344,-344,-344
21:35,1295,0041,g5,2759,0,-344,-344
21:40,1300,0041,g5,2759,0,0,-344
21:45,1305,0041,g5,2759,0,0,-344
21:50,1310,0041,g5,2759,0,0,-344
21:55,1315,0041,g5,2759,0,0,-344
22:00,1320,0041,g5,2759,0,0,0
22:05,1325,0041,g5,2759,0,0,0
22:10,1330,0041,g5,2759,0,0,0
22:15,1335,0041,g5,2759,0,0,0
22:20,1340,0041,g5,2759,0,0,0
22:25,1345,0041,g5,2759,0,0,0
22:30,1350,0041,g5,2759,0,0,0
22:35,1355,0041,g5,2759,0,0,0
22:40,1360,0041,g5,2759,0,0,0
22:45,1365,0041,g5,2759,0,0,0
22:50,1370,0041,g5,2759,0,0,0
22:55,1375,0041,g5,2759,0,0,0
23:00,1380,0041,g5,2759,0,0,0
23:05,1385,0041,g5,2759,0,0,0
23:10,1390,0041,g5,2759,0,0,0
23:15,1395,0041,g5,2759,0,0,0
23:16,1396,0041,g5,2759,,,
23:20,1400,0041,g5,2759,0,0,0
09:00,540,0042,g6,0,,,
09:05,545,0042,g6,0,0,,
09:10,550,0042,g6,0,0,0,
09:15,555,0042,g6,0,0,0,
09:20,560,0042,g6,0,0,0,
09:25,565,0042,g6,0,0,0,
09:30,570,0042,g6,0,0,0,0
09:35,575,0042,g6,0,0,0,0
09:40,580,0042,g6,0,0,0,0
09:45,585,0042,g6,0,0,0,0
09:50,590,0042,g6,0,0,0,0
09:55,595,0042,g6,0,0,0,0
10:00,600,0042,g6,0,0,0,0
10:05,605,0042,g6,0,0,0,0
10:10,610,0042,g6,0,0,0,0
10:15,615,0042,g6,0,0,0,0
10:20,620,0042,g6,0,0,0,0
10:25,625,0042,g6,0,0,0,0
10:30,630,0042,g6,0,0,0,0
10:35,635,0042,g6,0,0,0,0
10:40,640,0042,g6,0,0,0,0
10:45,645,0042,g6,0,0,0,0
10:50,650,0042,g6,0,0,0,0
10:55,655,0042,g6,0,0,0,0
11:00,660,0042,g6,0,0,0,0
11:05,665,0042,g6,0,0,0,0
11:10,670,0042,g6,0,0,0,0
11:15,675,0042,g6,0,0,0,0
11:20,680,0042,g6,0,0,0,0
11:25,685,0042,g6,0,0,0,0
11:30,690,0042,g6,-356,-356,-356,-356
11:35,695,0042,g6,-356,0,-356,-356
11:40,700,0042,g6,-356,0,0,-356
11:45,705,0042,g6,-356,0,0,-356
11:50,710,0042,g6,-356,0,0,-356
11:55,715,0042,g6,-356,0,0,-356
12:00,720,0042,g6,-356,0,0,0
12:05,725,0042,g6,-356,0,0,0
12:10,730,0042,g6,-356,0,0,0
12:15,735,0042,g6,-356,0,0,0
12:20,740,0042,g6,-356,0,0,0
12:25,745,0042,g6,-356,0,0,0
12:30,750,0042,g6,-356,0,0,0
12:35,755,0042,g6,-356,0,0,0
12:40,760,0042,g6,-356,0,0,0
12:45,765,0042,g6,-356,0,0,0
12:50,770,0042,g6,-356,0,0,0
12:55,775,0042,g6,-356,0,0,0
13:00,780,0042,g6,-356,0,0,0
13:05,785,0042,g6,-356,0,0,0
13:10,790,0042,g6,-356,0,0,0
13:15,795,0042,g6,-356,0,0,0
13:20,800,0042,g6,-356,0,0,0
13:25,805,0042,g6,-533,-177,-177,-177
13:30,810,0042,g6,-533,0,-177,-177
13:35,815,0042,g6,-533,0,0,-177
13:40,820,0042,g6,-533,0,0,-177
13:45,825,0042,g6,-533,0,0,-177
13:50,830,0042,g6,-1600,-1067,-1067,-1244
13:55,835,0042,g6,-1600,0,-1067,-1067
14:00,840,0042,g6,-1600,0,0,-1067
14:05,845,0042,g6,-1600,0,0,-1067
14:10,850,0042,g6,-1600,0,0,-1067
14:15,855,0042,g6,-1600,0,0,-1067
14:20,860,0042,g6,-1600,0,0,0
14:25,865,0042,g6,-1600,0,0,0
14:30,870,0042,g6,-4267,-2667,-2667,-2667
14:35,875,0042,g6,-4267,0,-2667,-2667
14:40,880,0042,g6,-4267,0,0,-2667
14:45,885,0042,g6,-5156,-889,-889,-3556
14:50,890,0042,g6,-5156,0,-889,-3556
14:55,895,0042,g6,-5156,0,0,-3556
15:00,900,0042,g6,-5156,0,0,-889
15:05,905,0042,g6,-5156,0,0,-889
15:10,910,0042,g6,-5156,0,0,-889
15:15,915,0042,g6,-5156,0,0,0
15:20,920,0042,g6,-5156,0,0,0
15:25,925,0042,g6,-5156,0,0,0
15:30,930,0042,g6,-6400,-1244,-1244,-1244
15:35,935,0042,g6,-6400,0,-1244,-1244
15:40,940,0042,g6,-6400,0,0,-1244
15:45,945,0042,g6,-6400,0,0,-1244
15:50,950,0042,g6,-6400,0,0,-1244
15:55,955,0042,g6,-6400,0,0,-1244
16:00,960,0042,g6,-6400,0,0,0
16:05,965,0042,g6,-6400,0,0,0
16:10,970,0042,g6,-6400,0,0,0
16:15,975,0042,g6,-6400,0,0,0
16:20,980,0042,g6,-6400,0,0,0
16:25,985,0042,g6,-6400,0,0,0
16:30,990,0042,g6,-8178,-1778,-1778,-1778
16:35,995,0042,g6,-8178,0,-1778,-1778
16:40,1000,0042,g6,-8178,0,0,-1778
16:45,1005,0042,g6,-8178,0,0,-1778
16:50,1010,0042,g6,-8533,-355,-355,-2133
16:55,1015,0042,g6,-8533,0,-355,-2133
17:00,1020,0042,g6,-8533,0,0,-355
17:05,1025,0042,g6,-8533,0,0,-355
17:10,1030,0042,g6,-8533,0,0,-355
17:15,1035,0042,g6,-8533,0,0,-355
17:20,1040,0042,g6,-8533,0,0,0
17:25,1045,0042,g6,-8533,0,0,0
17:30,1050,0042,g6,-8533,0,0,0
17:35,1055,0042,g6,-8533,0,0,0
17:40,1060,0042,g6,-8533,0,0,0
17:45,1065,0042,g6,-8533,0,0,0
17:50,1070,0042,g6,-8533,0,0,0
17:55,1075,0042,g6,-8533,0,0,0
18:00,1080,0042,g6,-8533,0,0,0
18:05,1085,0042,g6,-8533,0,0,0
18:10,1090,0042,g6,-8533,0,0,0
18:15,1095,0042,g6,-8533,0,0,0
18:20,1100,0042,g6,-8533,0,0,0
18:25,1105,0042,g6,-9422,-889,-889,-889
18:30,1110,0042,g6,-9422,0,-889,-889
18:35,1115,0042,g6,-9422,0,0,-889
18:40,1120,0042,g6,-9422,0,0,-889
18:45,1125,0042,g6,-9422,0,0,-889
18:50,1130,0042,g6,-9422,0,0,-889
18:55,1135,0042,g6,-9422,0,0,0
19:00,1140,0042,g6,-9422,0,0,0
19:05,1145,0042,g6,-9422,0,0,0
19:10,1150,0042,g6,-9422,0,0,0
19:15,1155,0042,g6,-9422,0,0,0
19:20,1160,0042,g6,-9422,0,0,0
19:25,1165,0042,g6,-11022,-1600,-1600,-1600
19:30,1170,0042,g6,-11022,0,-1600,-1600
19:35,1175,0042,g6,-11022,0,0,-1600
19:40,1180,0042,g6,-11022,0,0,-1600
19:45,1185,0042,g6,-11022,0,0,-1600
19:50,1190,0042,g6,-11022,0,0,-1600
19:55,1195,0042,g6,-11022,0,0,0
20:00,1200,0042,g6,-11022,0,0,0
20:05,1205,0042,g6,-11022,0,0,0
20:10,1210,0042,g6,-11022,0,0,0
20:15,1215,0042,g6,-11022,0,0,0
20:20,1220,0042,g6,-11022,0,0,0
20:25,1225,0042,g6,-11022,0,0,0
20:30,1230,0042,g6,-12800,-1778,-1778,-1778
20:35,1235,0042,g6,-12800,0,-1778,-1778
20:40,1240,0042,g6,-12800,0,0,-1778
20:45,1245,0042,g6,-13511,-711,-711,-2489
20:50,1250,0042,g6,-13511,0,-711,-2489
20:55,1255,0042,g6,-13511,0,0,-2489
21:00,1260,0042,g6,-13511,0,0,-711
21:05,1265,0042,g6,-13511,0,0,-711
21:10,1270,0042,g6,-13511,0,0,-711
21:15,1275,0042,g6,-13511,0,0,0
21:20,1280,0042,g6,-13511,0,0,0
21:25,1285,0042,g6,-13511,0,0,0
21:30,1290,0042,g6,-16533,-3022,-3022,-3022
21:35,1295,0042,g6,-16533,0,-3022,-3022
21:40,1300,0042,g6,-16533,0,0,-3022
21:45,1305,0042,g6,-16711,-178,-178,-3200
21:50,1310,0042,g6,-16711,0,-178,-3200
21:55,1315,0042,g6,-16711,0,0,-3200
22:00,1320,0042,g6,-16711,0,0,-178
22:05,1325,0042,g6,-16711,0,0,-178
22:10,1330,0042,g6,-16711,0,0,-178
22:15,1335,0042,g6,-16711,0,0,0
22:20,1340,0042,g6,-16711,0,0,0
22:25,1345,0042,g6,-16711,0,0,0
22:30,1350,0042,g6,-16711,0,0,0
22:35,1355,0042,g6,-16711,0,0,0
22:40,1360,0042,g6,-16711,0,0,0
22:45,1365,0042,g6,-16711,0,0,0
22:50,1370,0042,g6,-16711,0,0,0
22:55,1375,0042,g6,-16711,0,0,0
23:00,1380,0042,g6,-16711,0,0,0
23:05,1385,0042,g6,-16711,0,0,0
23:10,1390,0042,g6,-16711,0,0,0
23:15,1395,0042,g6,-16711,0,0,0
23:16,1396,0042,g6,-16711,,,
23:20,1400,0042,g6,-16711,0,0,0
09:00,540,0043,g7,0,,,
09:05,545,0043,g7,0,0,,
09:10,550,0043,g7,0,0,0,
09:15,555,0043,g7,0,0,0,
09:20,560,0043,g7,0,0,0,
09:25,565,0043,g7,0,0,0,
09:30,570,0043,g7,0,0,0,0
09:35,575,0043,g7,0,0,0,0
09:40,580,0043,g7,0,0,0,0
09:45,585,0043,g7,0,0,0,0
09:50,590,0043,g7,0,0,0,0
09:55,595,0043,g7,0,0,0,0
10:00,600,0043,g7,0,0,0,0
10:05,605,0043,g7,0,0,0,0
10:10,610,0043,g7,0,0,0,0
10:15,615,0043,g7,0,0,0,0
10:20,620,0043,g7,0,0,0,0
10:25,625,0043,g7,-711,-711,-711,-711
10:30,630,0043,g7,-711,0,-711,-711
10:35,635,0043,g7,-711,0,0,-711
10:40,640,0043,g7,-1600,-889,-889,-1600
10:45,645,0043,g7,-1600,0,-889,-1600
10:50,650,0043,g7,-1600,0,0,-1600
10:55,655,0043,g7,-1600,0,0,-889
11:00,660,0043,g7,-2311,-711,-711,-1600
11:05,665,0043,g7,-2311,0,-711,-1600
11:10,670,0043,g7,-2311,0,0,-711
11:15,675,0043,g7,-2311,0,0,-711
11:20,680,0043,g7,-2311,0,0,-711
11:25,685,0043,g7,-2311,0,0,-711
11:30,690,0043,g7,-1956,355,355,355
11:35,695,0043,g7,-1956,0,355,355
11:40,700,0043,g7,-1956,0,0,355
11:45,705,0043,g7,-2667,-711,-711,-356
11:50,710,0043,g7,-2667,0,-711,-356
11:55,715,0043,g7,-2667,0,0,-356
12:00,720,0043,g7,-2667,0,0,-711
12:05,725,0043,g7,-2667,0,0,-711
12:10,730,0043,g7,-2667,0,0,-711
12:15,735,0043,g7,-2667,0,0,0
12:20,740,0043,g7,-2667,0,0,0
12:25,745,0043,g7,-2667,0,0,0
12:30,750,0043,g7,-4267,-1600,-1600,-1600
12:35,755,0043,g7,-4267,0,-1600,-1600
12:40,760,0043,g7,-4267,0,0,-1600
12:45,765,0043,g7,-4267,0,0,-1600
12:50,770,0043,g7,-4978,-711,-711,-2311
12:55,775,0043,g7,-4978,0,-711,-2311
13:00,780,0043,g7,-4978,0,0,-711
13:05,785,0043,g7,-4978,0,0,-711
13:10,790,0043,g7,-4978,0,0,-711
13:15,795,0043,g7,-4978,0,0,-711
13:20,800,0043,g7,-4978,0,0,0
13:25,805,0043,g7,-6400,-1422,-1422,-1422
13:30,810,0043,g7,-6400,0,-1422,-1422
13:35,815,0043,g7,-6400,0,0,-1422
13:40,820,0043,g7,-6400,0,0,-1422
13:45,825,0043,g7,-6400,0,0,-1422
13:50,830,0043,g7,-7289,-889,-889,-2311
13:55,835,0043,g7,-7289,0,-889,-889
14:00,840,0043,g7,-7289,0,0,-889
14:05,845,0043,g7,-7289,0,0,-889
14:10,850,0043,g7,-7289,0,0,-889
14:15,855,0043,g7,-7289,0,0,-889
14:20,860,0043,g7,-7289,0,0,0
14:25,865,0043,g7,-7289,0,0,0
14:30,870,0043,g7,-6578,711,711,711
14:35,875,0043,g7,-6578,0,711,711
14:40,880,0043,g7,-6578,0,0,711
14:45,885,0043,g7,-8178,-1600,-1600,-889
14:50,890,0043,g7,-8178,0,-1600,-889
14:55,895,0043,g7,-8178,0,0,-889
15:00,900,0043,g7,-8178,0,0,-1600
15:05,905,0043,g7,-8178,0,0,-1600
15:10,910,0043,g7,-8178,0,0,-1600
15:15,915,0043,g7,-8178,0,0,0
15:20,920,0043,g7,-8178,0,0,0
15:25,925,0043,g7,-8178,0,0,0
15:30,930,0043,g7,-10489,-2311,-2311,-2311
15:35,935,0043,g7,-10489,0,-2311,-2311
15:40,940,0043,g7,-10489,0,0,-2311
15:45,945,0043,g7,-11378,-889,-889,-3200
15:50,950,0043,g7,-11378,0,-889,-3200
15:55,955,0043,g7,-11378,0,0,-3200
16:00,960,0043,g7,-11378,0,0,-889
16:05,965,0043,g7,-11378,0,0,-889
16:10,970,0043,g7,-11378,0,0,-889
16:15,975,0043,g7,-11378,0,0,0
16:20,980,0043,g7,-11378,0,0,0
16:25,985,0043,g7,-11378,0,0,0
16:30,990,0043,g7,-13689,-2311,-2311,-2311
16:35,995,0043,g7,-13689,0,-2311,-2311
16:40,1000,0043,g7,-13689,0,0,-2311
16:45,1005,0043,g7,-13689,0,0,-2311
16:50,1010,0043,g7,-11556,2133,2133,-178
16:55,1015,0043,g7,-11556,0,2133,-178
17:00,1020,0043,g7,-11556,0,0,2133
17:05,1025,0043,g7,-11556,0,0,2133
17:10,1030,0043,g7,-11556,0,0,2133
17:15,1035,0043,g7,-11556,0,0,2133
17:20,1040,0043,g7,-11556,0,0,0
17:25,1045,0043,g7,-11556,0,0,0
17:30,1050,0043,g7,-3556,8000,8000,8000
17:35,1055,0043,g7,-3556,0,8000,8000
17:40,1060,0043,g7,-3556,0,0,8000
17:45,1065,0043,g7,-3556,0,0,8000
17:50,1070,0043,g7,690,4246,4246,12246
17:55,1075,0043,g7,690,0,4246,12246
18:00,1080,0043,g7,690,0,0,4246
18:05,1085,0043,g7,690,0,0,4246
18:10,1090,0043,g7,690,0,0,4246
18:15,1095,0043,g7,690,0,0,4246
18:20,1100,0043,g7,690,0,0,0
18:25,1105,0043,g7,-1067,-1757,-1757,-1757
18:30,1110,0043,g7,-1067,0,-1757,-1757
18:35,1115,0043,g7,-1067,0,0,-1757
18:40,1120,0043,g7,-1067,0,0,-1757
18:45,1125,0043,g7,-1067,0,0,-1757
18:50,1130,0043,g7,-2311,-1244,-1244,-3001
18:55,1135,0043,g7,-2311,0,-1244,-1244
19:00,1140,0043,g7,-2311,0,0,-1244
19:05,1145,0043,g7,-2311,0,0,-1244
19:10,1150,0043,g7,-2311,0,0,-1244
19:15,1155,0043,g7,-2311,0,0,-1244
19:20,1160,0043,g7,-2311,0,0,0
19:25,1165,0043,g7,-3022,-711,-711,-711
19:30,1170,0043,g7,-3022,0,-711,-711
19:35,1175,0043,g7,-3022,0,0,-711
19:40,1180,0043,g7,-3022,0,0,-711
19:45,1185,0043,g7,4138,7160,7160,6449
19:50,1190,0043,g7,4138,0,7160,6449
19:55,1195,0043,g7,4138,0,0,7160
20:00,1200,0043,g7,4138,0,0,7160
20:05,1205,0043,g7,4138,0,0,7160
20:10,1210,0043,g7,4138,0,0,7160
20:15,1215,0043,g7,4138,0,0,0
20:20,1220,0043,g7,4138,0,0,0
20:25,1225,0043,g7,4138,0,0,0
20:30,1230,0043,g7,7414,3276,3276,3276
20:35,1235,0043,g7,7414,0,3276,3276
20:40,1240,0043,g7,7414,0,0,3276
20:45,1245,0043,g7,7241,-173,-173,3103
20:50,1250,0043,g7,7241,0,-173,3103
20:55,1255,0043,g7,7241,0,0,3103
21:00,1260,0043,g7,7241,0,0,-173
21:05,1265,0043,g7,7241,0,0,-173
21:10,1270,0043,g7,7241,0,0,-173
21:15,1275,0043,g7,7241,0,0,0
21:20,1280,0043,g7,7241,0,0,0
21:25,1285,0043,g7,7241,0,0,0
21:30,1290,0043,g7,6207,-1034,-1034,-1034
21:35,1295,0043,g7,6207,0,-1034,-1034
21:40,1300,0043,g7,6207,0,0,-1034
21:45,1305,0043,g7,5000,-1207,-1207,-2241
21:50,1310,0043,g7,5000,0,-1207,-2241
21:55,1315,0043,g7,5000,0,0,-2241
22:00,1320,0043,g7,5000,0,0,-1207
22:05,1325,0043,g7,5000,0,0,-1207
22:10,1330,0043,g7,5000,0,0,-1207
22:15,1335,0043,g7,5000,0,0,0
22:20,1340,0043,g7,5000,0,0,0
22:25,1345,0043,g7,5000,0,0,0
22:30,1350,0043,g7,3793,-1207,-1207,-1207
22:35,1355,0043,g7,3793,0,-1207,-1207
22:40,1360,0043,g7,3793,0,0,-1207
22:45,1365,0043,g7,3793,0,0,-1207
22:50,1370,0043,g7,3793,0,0,-1207
22:55,1375,0043,g7,3793,0,0,-1207
23:00,1380,0043,g7,3793,0,0,0
23:05,1385,0043,g7,3793,0,0,0
23:10,1390,0043,g7,3793,0,0,0
23:15,1395,0043,g7,3793,0,0,0
23:16,1396,0043,g7,3793,,,
23:20,1400,0043,g7,3793,0,0,0
09:00,540,0044,g8,0,,,
09:05,545,0044,g8,0,0,,
09:10,550,0044,g8,0,0,0,
09:15,555,0044,g8,0,0,0,
09:20,560,0044,g8,0,0,0,
09:25,565,0044,g8,0,0,0,
09:30,570,0044,g8,0,0,0,0
09:35,575,0044,g8,0,0,0,0
09:40,580,0044,g8,0,0,0,0
09:45,585,0044,g8,0,0,0,0
09:50,590,0044,g8,0,0,0,0
09:55,595,0044,g8,0,0,0,0
10:00,600,0044,g8,0,0,0,0
10:05,605,0044,g8,0,0,0,0
10:10,610,0044,g8,0,0,0,0
10:15,615,0044,g8,0,0,0,0
10:20,620,0044,g8,0,0,0,0
10:25,625,0044,g8,0,0,0,0
10:30,630,0044,g8,0,0,0,0
10:35,635,0044,g8,0,0,0,0
10:40,640,0044,g8,0,0,0,0
10:45,645,0044,g8,0,0,0,0
10:50,650,0044,g8,0,0,0,0
10:55,655,0044,g8,0,0,0,0
11:00,660,0044,g8,0,0,0,0
11:05,665,0044,g8,0,0,0,0
11:10,670,0044,g8,0,0,0,0
11:15,675,0044,g8,0,0,0,0
11:20,680,0044,g8,0,0,0,0
11:25,685,0044,g8,0,0,0,0
11:30,690,0044,g8,0,0,0,0
11:35,695,0044,g8,0,0,0,0
11:40,700,0044,g8,0,0,0,0
11:45,705,0044,g8,0,0,0,0
11:50,710,0044,g8,0,0,0,0
11:55,715,0044,g8,0,0,0,0
12:00,720,0044,g8,0,0,0,0
12:05,725,0044,g8,0,0,0,0
12:10,730,0044,g8,0,0,0,0
12:15,735,0044,g8,0,0,0,0
12:20,740,0044,g8,0,0,0,0
12:25,745,0044,g8,0,0,0,0
12:30,750,0044,g8,0,0,0,0
12:35,755,0044,g8,0,0,0,0
12:40,760,0044,g8,0,0,0,0
12:45,765,0044,g8,0,0,0,0
12:50,770,0044,g8,0,0,0,0
12:55,775,0044,g8,0,0,0,0
13:00,780,0044,g8,0,0,0,0
13:05,785,0044,g8,0,0,0,0
13:10,790,0044,g8,0,0,0,0
13:15,795,0044,g8,0,0,0,0
13:20,800,0044,g8,0,0,0,0
13:25,805,0044,g8,-681,-681,-681,-681
13:30,810,0044,g8,-681,0,-681,-681
13:35,815,0044,g8,-681,0,0,-681
13:40,820,0044,g8,-681,0,0,-681
13:45,825,0044,g8,-681,0,0,-681
13:50,830,0044,g8,-1191,-510,-510,-1191
13:55,835,0044,g8,-1191,0,-510,-510
14:00,840,0044,g8,-1191,0,0,-510
14:05,845,0044,g8,-1191,0,0,-510
14:10,850,0044,g8,-1191,0,0,-510
14:15,855,0044,g8,-1191,0,0,-510
14:20,860,0044,g8,-1191,0,0,0
14:25,865,0044,g8,-1191,0,0,0
14:30,870,0044,g8,-4426,-3235,-3235,-3235
14:35,875,0044,g8,-4426,0,-3235,-3235
14:40,880,0044,g8,-4426,0,0,-3235
14:45,885,0044,g8,-5957,-1531,-1531,-4766
14:50,890,0044,g8,-5957,0,-1531,-4766
14:55,895,0044,g8,-5957,0,0,-4766
15:00,900,0044,g8,-5957,0,0,-1531
15:05,905,0044,g8,-5957,0,0,-1531
15:10,910,0044,g8,-5957,0,0,-1531
15:15,915,0044,g8,-5957,0,0,0
15:20,920,0044,g8,-5957,0,0,0
15:25,925,0044,g8,-5957,0,0,0
15:30,930,0044,g8,-6979,-1022,-1022,-1022
15:35,935,0044,g8,-6979,0,-1022,-1022
15:40,940,0044,g8,-6979,0,0,-1022
15:45,945,0044,g8,-8511,-1532,-1532,-2554
15:50,950,0044,g8,-8511,0,-1532,-2554
15:55,955,0044,g8,-8511,0,0,-2554
16:00,960,0044,g8,-8511,0,0,-1532
16:05,965,0044,g8,-8511,0,0,-1532
16:10,970,0044,g8,-8511,0,0,-1532
16:15,975,0044,g8,-8511,0,0,0
16:20,980,0044,g8,-8511,0,0,0
16:25,985,0044,g8,-8511,0,0,0
16:30,990,0044,g8,-10553,-2042,-2042,-2042
16:35,995,0044,g8,-10553,0,-2042,-2042
16:40,1000,0044,g8,-10553,0,0,-2042
16:45,1005,0044,g8,-10553,0,0,-2042
16:50,1010,0044,g8,-8851,1702,1702,-340
16:55,1015,0044,g8,-8851,0,1702,-340
17:00,1020,0044,g8,-8851,0,0,1702
17:05,1025,0044,g8,-8851,0,0,1702
17:10,1030,0044,g8,-8851,0,0,1702
17:15,1035,0044,g8,-8851,0,0,1702
17:20,1040,0044,g8,-8851,0,0,0
17:25,1045,0044,g8,-8851,0,0,0
17:30,1050,0044,g8,-4766,4085,4085,4085
17:35,1055,0044,g8,-4766,0,4085,4085
17:40,1060,0044,g8,-4766,0,0,4085
17:45,1065,0044,g8,-4766,0,0,4085
17:50,1070,0044,g8,-4936,-170,-170,3915
17:55,1075,0044,g8,-4936,0,-170,3915
18:00,1080,0044,g8,-4936,0,0,-170
18:05,1085,0044,g8,-4936,0,0,-170
18:10,1090,0044,g8,-4936,0,0,-170
18:15,1095,0044,g8,-4936,0,0,-170
18:20,1100,0044,g8,-4936,0,0,0
18:25,1105,0044,g8,-6128,-1192,-1192,-1192
18:30,1110,0044,g8,-6128,0,-1192,-1192
18:35,1115,0044,g8,-6128,0,0,-1192
18:40,1120,0044,g8,-6128,0,0,-1192
18:45,1125,0044,g8,-6128,0,0,-1192
18:50,1130,0044,g8,-6128,0,0,-1192
18:55,1135,0044,g8,-6128,0,0,0
19:00,1140,0044,g8,-6128,0,0,0
19:05,1145,0044,g8,-6128,0,0,0
19:10,1150,0044,g8,-6128,0,0,0
19:15,1155,0044,g8,-6128,0,0,0
19:20,1160,0044,g8,-6128,0,0,0
19:25,1165,0044,g8,-1191,4937,4937,4937
19:30,1170,0044,g8,-1191,0,4937,4937
19:35,1175,0044,g8,-1191,0,0,4937
19:40,1180,0044,g8,-1191,0,0,4937
19:45,1185,0044,g8,4298,5489,5489,10426
19:50,1190,0044,g8,4298,0,5489,10426
19:55,1195,0044,g8,4298,0,0,5489
20:00,1200,0044,g8,4298,0,0,5489
20:05,1205,0044,g8,4298,0,0,5489
20:10,1210,0044,g8,4298,0,0,5489
20:15,1215,0044,g8,4298,0,0,0
20:20,1220,0044,g8,4298,0,0,0
20:25,1225,0044,g8,4298,0,0,0
20:30,1230,0044,g8,13554,9256,9256,9256
20:35,1235,0044,g8,13554,0,9256,9256
20:40,1240,0044,g8,13554,0,0,9256
20:45,1245,0044,g8,13554,0,0,9256
20:50,1250,0044,g8,13554,0,0,9256
20:55,1255,0044,g8,13554,0,0,9256
21:00,1260,0044,g8,13554,0,0,0
21:05,1265,0044,g8,13554,0,0,0
21:10,1270,0044,g8,13554,0,0,0
21:15,1275,0044,g8,13554,0,0,0
21:20,1280,0044,g8,13554,0,0,0
21:25,1285,0044,g8,13554,0,0,0
21:30,1290,0044,g8,11901,-1653,-1653,-1653
21:35,1295,0044,g8,11901,0,-1653,-1653
21:40,1300,0044,g8,11901,0,0,-1653
21:45,1305,0044,g8,11901,0,0,-1653
21:50,1310,0044,g8,11901,0,0,-1653
21:55,1315,0044,g8,11901,0,0,-1653
22:00,1320,0044,g8,11901,0,0,0
22:05,1325,0044,g8,11901,0,0,0
22:10,1330,0044,g8,11901,0,0,0
22:15,1335,0044,g8,11901,0,0,0
22:20,1340,0044,g8,11901,0,0,0
22:25,1345,0044,g8,11901,0,0,0
22:30,1350,0044,g8,11901,0,0,0
22:35,1355,0044,g8,11901,0,0,0
22:40,1360,0044,g8,11901,0,0,0
22:45,1365,0044,g8,11901,0,0,0
22:50,1370,0044,g8,11901,0,0,0
22:55,1375,0044,g8,11901,0,0,0
23:00,1380,0044,g8,11901,0,0,0
23:05,1385,0044,g8,11901,0,0,0
23:10,1390,0044,g8,11901,0,0,0
23:15,1395,0044,g8,11901,0,0,0
23:16,1396,0044,g8,11901,,,
23:20,1400,0044,g8,11901,0,0,0
09:00,540,0045,g9,0,,,
09:05,545,0045,g9,0,0,,
09:10,550,0045,g9,0,0,0,
09:15,555,0045,g9,0,0,0,
09:20,560,0045,g9,0,0,0,
09:25,565,0045,g9,0,0,0,
09:30,570,0045,g9,0,0,0,0
09:35,575,0045,g9,0,0,0,0
09:40,580,0045,g9,0,0,0,0
09:45,585,0045,g9,0,0,0,0
09:50,590,0045,g9,0,0,0,0
09:55,595,0045,g9,0,0,0,0
10:00,600,0045,g9,0,0,0,0
10:05,605,0045,g9,0,0,0,0
10:10,610,0045,g9,-267,-267,-267,-267
10:15,615,0045,g9,-267,0,-267,-267
10:20,620,0045,g9,-267,0,0,-267
10:25,625,0045,g9,-1244,-977,-977,-1244
10:30,630,0045,g9,-1244,0,-977,-1244
10:35,635,0045,g9,-1244,0,0,-1244
10:40,640,0045,g9,-1956,-712,-712,-1689
10:45,645,0045,g9,-1956,0,-712,-1689
10:50,650,0045,g9,-1956,0,0,-1689
10:55,655,0045,g9,-1956,0,0,-712
11:00,660,0045,g9,-1956,0,0,-712
11:05,665,0045,g9,-1956,0,0,-712
11:10,670,0045,g9,-1956,0,0,0
11:15,675,0045,g9,-1956,0,0,0
11:20,680,0045,g9,-1956,0,0,0
11:25,685,0045,g9,-1956,0,0,0
11:30,690,0045,g9,-4089,-2133,-2133,-2133
11:35,695,0045,g9,-4089,0,-2133,-2133
11:40,700,0045,g9,-4089,0,0,-2133
11:45,705,0045,g9,-5067,-978,-978,-3111
11:50,710,0045,g9,-5067,0,-978,-3111
11:55,715,0045,g9,-5067,0,0,-3111
12:00,720,0045,g9,-5067,0,0,-978
12:05,725,0045,g9,-5067,0,0,-978
12:10,730,0045,g9,-5067,0,0,-978
12:15,735,0045,g9,-5067,0,0,0
12:20,740,0045,g9,-5067,0,0,0
12:25,745,0045,g9,-5067,0,0,0
12:30,750,0045,g9,-5600,-533,-533,-533
12:35,755,0045,g9,-5600,0,-533,-533
12:40,760,0045,g9,-5600,0,0,-533
12:45,765,0045,g9,-5600,0,0,-533
12:50,770,0045,g9,-6667,-1067,-1067,-1600
12:55,775,0045,g9,-6667,0,-1067,-1600
13:00,780,0045,g9,-6667,0,0,-1067
13:05,785,0045,g9,-6667,0,0,-1067
13:10,790,0045,g9,-6667,0,0,-1067
13:15,795,0045,g9,-6667,0,0,-1067
13:20,800,0045,g9,-6667,0,0,0
13:25,805,0045,g9,-4711,1956,1956,1956
13:30,810,0045,g9,-4711,0,1956,1956
13:35,815,0045,g9,-4711,0,0,1956
13:40,820,0045,g9,-4711,0,0,1956
13:45,825,0045,g9,-4711,0,0,1956
13:50,830,0045,g9,-2933,1778,1778,3734
13:55,835,0045,g9,-2933,0,1778,1778
14:00,840,0045,g9,-2933,0,0,1778
14:05,845,0045,g9,-2933,0,0,1778
14:10,850,0045,g9,-2933,0,0,1778
14:15,855,0045,g9,-2933,0,0,1778
14:20,860,0045,g9,-2933,0,0,0
14:25,865,0045,g9,-2933,0,0,0
14:30,870,0045,g9,-89,2844,2844,2844
14:35,875,0045,g9,-89,0,2844,2844
14:40,880,0045,g9,-89,0,0,2844
14:45,885,0045,g9,-1067,-978,-978,1866
14:50,890,0045,g9,-1067,0,-978,1866
14:55,895,0045,g9,-1067,0,0,1866
15:00,900,0045,g9,-1067,0,0,-978
15:05,905,0045,g9,-1067,0,0,-978
15:10,910,0045,g9,-1067,0,0,-978
15:15,915,0045,g9,-1067,0,0,0
15:20,920,0045,g9,-1067,0,0,0
15:25,925,0045,g9,-1067,0,0,0
15:30,930,0045,g9,-2400,-1333,-1333,-1333
15:35,935,0045,g9,-2400,0,-1333,-1333
15:40,940,0045,g9,-2400,0,0,-1333
15:45,945,0045,g9,-3378,-978,-978,-2311
15:50,950,0045,g9,-3378,0,-978,-2311
15:55,955,0045,g9,-3378,0,0,-2311
16:00,960,0045,g9,-3378,0,0,-978
16:05,965,0045,g9,-3378,0,0,-978
16:10,970,0045,g9,-3378,0,0,-978
16:15,975,0045,g9,-3378,0,0,0
16:20,980,0045,g9,-3378,0,0,0
16:25,985,0045,g9,-3378,0,0,0
16:30,990,0045,g9,-3911,-533,-533,-533
16:35,995,0045,g9,-3911,0,-533,-533
16:40,1000,0045,g9,-3911,0,0,-533
16:45,1005,0045,g9,-3911,0,0,-533
16:50,1010,0045,g9,172,4083,4083,3550
16:55,1015,0045,g9,172,0,4083,3550
17:00,1020,0045,g9,172,0,0,4083
17:05,1025,0045,g9,172,0,0,4083
17:10,1030,0045,g9,172,0,0,4083
17:15,1035,0045,g9,172,0,0,4083
17:20,1040,0045,g9,172,0,0,0
17:25,1045,0045,g9,172,0,0,0
17:30,1050,0045,g9,-1689,-1861,-1861,-1861
17:35,1055,0045,g9,-1689,0,-1861,-1861
17:40,1060,0045,g9,-1689,0,0,-1861
17:45,1065,0045,g9,-1689,0,0,-1861
17:50,1070,0045,g9,-2222,-533,-533,-2394
17:55,1075,0045,g9,-2222,0,-533,-2394
18:00,1080,0045,g9,-2222,0,0,-533
18:05,1085,0045,g9,-2222,0,0,-533
18:10,1090,0045,g9,-2222,0,0,-533
18:15,1095,0045,g9,-2222,0,0,-533
18:20,1100,0045,g9,-2222,0,0,0
18:25,1105,0045,g9,-2222,0,0,0
18:30,1110,0045,g9,-2222,0,0,0
18:35,1115,0045,g9,-2222,0,0,0
18:40,1120,0045,g9,-2222,0,0,0
18:45,1125,0045,g9,-2222,0,0,0
18:50,1130,0045,g9,-2222,0,0,0
18:55,1135,0045,g9,-2222,0,0,0
19:00,1140,0045,g9,-2222,0,0,0
19:05,1145,0045,g9,-2222,0,0,0
19:10,1150,0045,g9,-2222,0,0,0
19:15,1155,0045,g9,-2222,0,0,0
19:20,1160,0045,g9,-2222,0,0,0
19:25,1165,0045,g9,-2578,-356,-356,-356
19:30,1170,0045,g9,-2578,0,-356,-356
19:35,1175,0045,g9,-2578,0,0,-356
19:40,1180,0045,g9,-2578,0,0,-356
19:45,1185,0045,g9,-2578,0,0,-356
19:50,1190,0045,g9,-2578,0,0,-356
19:55,1195,0045,g9,-2578,0,0,0
20:00,1200,0045,g9,-2578,0,0,0
20:05,1205,0045,g9,-2578,0,0,0
20:10,1210,0045,g9,-2578,0,0,0
20:15,1215,0045,g9,-2578,0,0,0
20:20,1220,0045,g9,-2578,0,0,0
20:25,1225,0045,g9,-2578,0,0,0
20:30,1230,0045,g9,-3111,-533,-533,-533
20:35,1235,0045,g9,-3111,0,-533,-533
20:40,1240,0045,g9,-3111,0,0,-533
20:45,1245,0045,g9,-3111,0,0,-533
20:50,1250,0045,g9,-3111,0,0,-533
20:55,1255,0045,g9,-3111,0,0,-533
21:00,1260,0045,g9,-3111,0,0,0
21:05,1265,0045,g9,-3111,0,0,0
21:10,1270,0045,g9,-3111,0,0,0
21:15,1275,0045,g9,-3111,0,0,0
21:20,1280,0045,g9,-3111,0,0,0
21:25,1285,0045,g9,-3111,0,0,0
21:30,1290,0045,g9,-3556,-445,-445,-445
21:35,1295,0045,g9,-3556,0,-445,-445
21:40,1300,0045,g9,-3556,0,0,-445
21:45,1305,0045,g9,-3556,0,0,-445
21:50,1310,0045,g9,-3556,0,0,-445
21:55,1315,0045,g9,-3556,0,0,-445
22:00,1320,0045,g9,-3556,0,0,0
22:05,1325,0045,g9,-3556,0,0,0
22:10,1330,0045,g9,-3556,0,0,0
22:15,1335,0045,g9,-3556,0,0,0
22:20,1340,0045,g9,-3556,0,0,0
22:25,1345,0045,g9,-3556,0,0,0
22:30,1350,0045,g9,-3556,0,0,0
22:35,1355,0045,g9,-3556,0,0,0
22:40,1360,0045,g9,-3556,0,0,0
22:45,1365,0045,g9,-3556,0,0,0
22:50,1370,0045,g9,-3556,0,0,0
22:55,1375,0045,g9,-3556,0,0,0
23:00,1380,0045,g9,-3556,0,0,0
23:05,1385,0045,g9,-3556,0,0,0
23:10,1390,0045,g9,-3556,0,0,0
23:15,1395,0045,g9,-3556,0,0,0
23:16,1396,0045,g9,-3556,,,
23:20,1400,0045,g9,-3556,0,0,0
09:00,540,0046,g1,0,,,
09:05,545,0046,g1,0,0,,
09:10,550,0046,g1,0,0,0,
09:15,555,0046,g1,0,0,0,
09:20,560,0046,g1,0,0,0,
09:25,565,0046,g1,0,0,0,
09:30,570,0046,g1,0,0,0,0
09:35,575,0046,g1,0,0,0,0
09:40,580,0046,g1,0,0,0,0
09:45,585,0046,g1,0,0,0,0
09:50,590,0046,g1,0,0,0,0
09:55,595,0046,g1,0,0,0,0
10:00,600,0046,g1,0,0,0,0
10:05,605,0046,g1,0,0,0,0
10:10,610,0046,g1,0,0,0,0
10:15,615,0046,g1,0,0,0,0
10:20,620,0046,g1,0,0,0,0
10:25,625,0046,g1,-1067,-1067,-1067,-1067
10:30,630,0046,g1,-1067,0,-1067,-1067
10:35,635,0046,g1,-1067,0,0,-1067
10:40,640,0046,g1,-2133,-1066,-1066,-2133
10:45,645,0046,g1,-2133,0,-1066,-2133
10:50,650,0046,g1,-2133,0,0,-2133
10:55,655,0046,g1,-2133,0,0,-1066
11:00,660,0046,g1,-2489,-356,-356,-1422
11:05,665,0046,g1,-2489,0,-356,-1422
11:10,670,0046,g1,-2489,0,0,-356
11:15,675,0046,g1,-2489,0,0,-356
11:20,680,0046,g1,-2489,0,0,-356
11:25,685,0046,g1,-2489,0,0,-356
11:30,690,0046,g1,-4444,-1955,-1955,-1955
11:35,695,0046,g1,-4444,0,-1955,-1955
11:40,700,0046,g1,-4444,0,0,-1955
11:45,705,0046,g1,-3911,533,533,-1422
11:50,710,0046,g1,-3911,0,533,-1422
11:55,715,0046,g1,-3911,0,0,-1422
12:00,720,0046,g1,-3911,0,0,533
12:05,725,0046,g1,-3911,0,0,533
12:10,730,0046,g1,-3911,0,0,533
12:15,735,0046,g1,-3911,0,0,0
12:20,740,0046,g1,-3911,0,0,0
12:25,745,0046,g1,-3911,0,0,0
12:30,750,0046,g1,-6400,-2489,-2489,-2489
12:35,755,0046,g1,-6400,0,-2489,-2489
12:40,760,0046,g1,-6400,0,0,-2489
12:45,765,0046,g1,-6400,0,0,-2489
12:50,770,0046,g1,-7822,-1422,-1422,-3911
12:55,775,0046,g1,-7822,0,-1422,-3911
13:00,780,0046,g1,-7822,0,0,-1422
13:05,785,0046,g1,-7822,0,0,-1422
13:10,790,0046,g1,-7822,0,0,-1422
13:15,795,0046,g1,-7822,0,0,-1422
13:20,800,0046,g1,-7822,0,0,0
13:25,805,0046,g1,-11022,-3200,-3200,-3200
13:30,810,0046,g1,-11022,0,-3200,-3200
13:35,815,0046,g1,-11022,0,0,-3200
13:40,820,0046,g1,-11022,0,0,-3200
13:45,825,0046,g1,-11022,0,0,-3200
13:50,830,0046,g1,-10311,711,711,-2489
13:55,835,0046,g1,-10311,0,711,711
14:00,840,0046,g1,-10311,0,0,711
14:05,845,0046,g1,-10311,0,0,711
14:10,850,0046,g1,-10311,0,0,711
14:15,855,0046,g1,-10311,0,0,711
14:20,860,0046,g1,-10311,0,0,0
14:25,865,0046,g1,-10311,0,0,0
14:30,870,0046,g1,-13511,-3200,-3200,-3200
14:35,875,0046,g1,-13511,0,-3200,-3200
14:40,880,0046,g1,-13511,0,0,-3200
14:45,885,0046,g1,-9778,3733,3733,533
14:50,890,0046,g1,-9778,0,3733,533
14:55,895,0046,g1,-9778,0,0,533
15:00,900,0046,g1,-9778,0,0,3733
15:05,905,0046,g1,-9778,0,0,3733
15:10,910,0046,g1,-9778,0,0,3733
15:15,915,0046,g1,-9778,0,0,0
15:20,920,0046,g1,-9778,0,0,0
15:25,925,0046,g1,-9778,0,0,0
15:30,930,0046,g1,0,9778,9778,9778
15:35,935,0046,g1,0,0,9778,9778
15:40,940,0046,g1,0,0,0,9778
15:45,945,0046,g1,-356,-356,-356,9422
15:50,950,0046,g1,-356,0,-356,9422
15:55,955,0046,g1,-356,0,0,9422
16:00,960,0046,g1,-356,0,0,-356
16:05,965,0046,g1,-356,0,0,-356
16:10,970,0046,g1,-356,0,0,-356
16:15,975,0046,g1,-356,0,0,0
16:20,980,0046,g1,-356,0,0,0
16:25,985,0046,g1,-356,0,0,0
16:30,990,0046,g1,-3022,-2666,-2666,-2666
16:35,995,0046,g1,-3022,0,-2666,-2666
16:40,1000,0046,g1,-3022,0,0,-2666
16:45,1005,0046,g1,-3022,0,0,-2666
16:50,1010,0046,g1,-4267,-1245,-1245,-3911
16:55,1015,0046,g1,-4267,0,-1245,-3911
17:00,1020,0046,g1,-4267,0,0,-1245
17:05,1025,0046,g1,-4267,0,0,-1245
17:10,1030,0046,g1,-4267,0,0,-1245
17:15,1035,0046,g1,-4267,0,0,-1245
17:20,1040,0046,g1,-4267,0,0,0
17:25,1045,0046,g1,-4267,0,0,0
17:30,1050,0046,g1,-6400,-2133,-2133,-2133
17:35,1055,0046,g1,-6400,0,-2133,-2133
17:40,1060,0046,g1,-6400,0,0,-2133
17:45,1065,0046,g1,-6400,0,0,-2133
17:50,1070,0046,g1,-7289,-889,-889,-3022
17:55,1075,0046,g1,-7289,0,-889,-3022
18:00,1080,0046,g1,-7289,0,0,-889
18:05,1085,0046,g1,-7289,0,0,-889
18:10,1090,0046,g1,-7289,0,0,-889
18:15,1095,0046,g1,-7289,0,0,-889
18:20,1100,0046,g1,-7289,0,0,0
18:25,1105,0046,g1,-7644,-355,-355,-355
18:30,1110,0046,g1,-7644,0,-355,-355
18:35,1115,0046,g1,-7644,0,0,-355
18:40,1120,0046,g1,-7644,0,0,-355
18:45,1125,0046,g1,-7644,0,0,-355
18:50,1130,0046,g1,-7644,0,0,-355
18:55,1135,0046,g1,-7644,0,0,0
19:00,1140,0046,g1,-7644,0,0,0
19:05,1145,0046,g1,-7644,0,0,0
19:10,1150,0046,g1,-7644,0,0,0
19:15,1155,0046,g1,-7644,0,0,0
19:20,1160,0046,g1,-7644,0,0,0
19:25,1165,0046,g1,-7822,-178,-178,-178
19:30,1170,0046,g1,-7822,0,-178,-178
19:35,1175,0046,g1,-7822,0,0,-178
19:40,1180,0046,g1,-7822,0,0,-178
19:45,1185,0046,g1,-3378,4444,4444,4266
19:50,1190,0046,g1,-3378,0,4444,4266
19:55,1195,0046,g1,-3378,0,0,4444
20:00,1200,0046,g1,-3378,0,0,4444
20:05,1205,0046,g1,-3378,0,0,4444
20:10,1210,0046,g1,-3378,0,0,4444
20:15,1215,0046,g1,-3378,0,0,0
20:20,1220,0046,g1,-3378,0,0,0
20:25,1225,0046,g1,-3378,0,0,0
20:30,1230,0046,g1,-3378,0,0,0
20:35,1235,0046,g1,-3378,0,0,0
20:40,1240,0046,g1,-3378,0,0,0
20:45,1245,0046,g1,-3378,0,0,0
20:50,1250,0046,g1,-3378,0,0,0
20:55,1255,0046,g1,-3378,0,0,0
21:00,1260,0046,g1,-3378,0,0,0
21:05,1265,0046,g1,-3378,0,0,0
21:10,1270,0046,g1,-3378,0,0,0
21:15,1275,0046,g1,-3378,0,0,0
21:20,1280,0046,g1,-3378,0,0,0
21:25,1285,0046,g1,-3378,0,0,0
21:30,1290,0046,g1,-3378,0,0,0
21:35,1295,0046,g1,-3378,0,0,0
21:40,1300,0046,g1,-3378,0,0,0
21:45,1305,0046,g1,-3911,-533,-533,-533
21:50,1310,0046,g1,-3911,0,-533,-533
21:55,1315,0046,g1,-3911,0,0,-533
22:00,1320,0046,g1,-3911,0,0,-533
22:05,1325,0046,g1,-3911,0,0,-533
22:10,1330,0046,g1,-3911,0,0,-533
22:15,1335,0046,g1,-3911,0,0,0
22:20,1340,0046,g1,-3911,0,0,0
22:25,1345,0046,g1,-3911,0,0,0
22:30,1350,0046,g1,-4267,-356,-356,-356
22:35,1355,0046,g1,-4267,0,-356,-356
22:40,1360,0046,g1,-4267,0,0,-356
22:45,1365,0046,g1,-4267,0,0,-356
22:50,1370,0046,g1,-4267,0,0,-356
22:55,1375,0046,g1,-4267,0,0,-356
23:00,1380,0046,g1,-4267,0,0,0
23:05,1385,0046,g1,-4267,0,0,0
23:10,1390,0046,g1,-4267,0,0,0
23:15,1395,0046,g1,-4267,0,0,0
23:16,1396,0046,g1,-4267,,,
23:20,1400,0046,g1,-4267,0,0,0
09:00,540,0047,g2,0,,,
09:05,545,0047,g2,0,0,,
09:10,550,0047,g2,0,0,0,
09:15,555,0047,g2,0,0,0,
09:20,560,0047,g2,0,0,0,
09:25,565,0047,g2,0,0,0,
09:30,570,0047,g2,0,0,0,0
09:35,575,0047,g2,0,0,0,0
09:40,580,0047,g2,0,0,0,0
09:45,585,0047,g2,0,0,0,0
09:50,590,0047,g2,0,0,0,0
09:55,595,0047,g2,0,0,0,0
10:00,600,0047,g2,0,0,0,0
10:05,605,0047,g2,0,0,0,0
10:10,610,0047,g2,0,0,0,0
10:15,615,0047,g2,0,0,0,0
10:20,620,0047,g2,0,0,0,0
10:25,625,0047,g2,0,0,0,0
10:30,630,0047,g2,0,0,0,0
10:35,635,0047,g2,0,0,0,0
10:40,640,0047,g2,-356,-356,-356,-356
10:45,645,0047,g2,-356,0,-356,-356
10:50,650,0047,g2,-356,0,0,-356
10:55,655,0047,g2,-356,0,0,-356
11:00,660,0047,g2,-356,0,0,-356
11:05,665,0047,g2,-356,0,0,-356
11:10,670,0047,g2,-356,0,0,0
11:15,675,0047,g2,-356,0,0,0
11:20,680,0047,g2,-356,0,0,0
11:25,685,0047,g2,-356,0,0,0
11:30,690,0047,g2,-2489,-2133,-2133,-2133
11:35,695,0047,g2,-2489,0,-2133,-2133
11:40,700,0047,g2,-2489,0,0,-2133
11:45,705,0047,g2,-3911,-1422,-1422,-3555
11:50,710,0047,g2,-3911,0,-1422,-3555
11:55,715,0047,g2,-3911,0,0,-3555
12:00,720,0047,g2,-3911,0,0,-1422
12:05,725,0047,g2,-3911,0,0,-1422
12:10,730,0047,g2,-3911,0,0,-1422
12:15,735,0047,g2,-3911,0,0,0
12:20,740,0047,g2,-3911,0,0,0
12:25,745,0047,g2,-3911,0,0,0
12:30,750,0047,g2,-2311,1600,1600,1600
12:35,755,0047,g2,-2311,0,1600,1600
12:40,760,0047,g2,-2311,0,0,1600
12:45,765,0047,g2,-2311,0,0,1600
12:50,770,0047,g2,-1422,889,889,2489
12:55,775,0047,g2,-1422,0,889,2489
13:00,780,0047,g2,-1422,0,0,889
13:05,785,0047,g2,-1422,0,0,889
13:10,790,0047,g2,-1422,0,0,889
13:15,795,0047,g2,-1422,0,0,889
13:20,800,0047,g2,-1422,0,0,0
13:25,805,0047,g2,5517,6939,6939,6939
13:30,810,0047,g2,5517,0,6939,6939
13:35,815,0047,g2,5517,0,0,6939
13:40,820,0047,g2,5517,0,0,6939
13:45,825,0047,g2,5517,0,0,6939
13:50,830,0047,g2,9655,4138,4138,11077
13:55,835,0047,g2,9655,0,4138,4138
14:00,840,0047,g2,9655,0,0,4138
14:05,845,0047,g2,9655,0,0,4138
14:10,850,0047,g2,9655,0,0,4138
14:15,855,0047,g2,9655,0,0,4138
14:20,860,0047,g2,9655,0,0,0
14:25,865,0047,g2,9655,0,0,0
14:30,870,0047,g2,15000,5345,5345,5345
14:35,875,0047,g2,15000,0,5345,5345
14:40,880,0047,g2,15000,0,0,5345
14:45,885,0047,g2,15000,0,0,5345
14:50,890,0047,g2,15000,0,0,5345
14:55,895,0047,g2,15000,0,0,5345
15:00,900,0047,g2,15000,0,0,0
15:05,905,0047,g2,15000,0,0,0
15:10,910,0047,g2,15000,0,0,0
15:15,915,0047,g2,15000,0,0,0
15:20,920,0047,g2,15000,0,0,0
15:25,925,0047,g2,15000,0,0,0
15:30,930,0047,g2,14483,-517,-517,-517
15:35,935,0047,g2,14483,0,-517,-517
15:40,940,0047,g2,14483,0,0,-517
15:45,945,0047,g2,13276,-1207,-1207,-1724
15:50,950,0047,g2,13276,0,-1207,-1724
15:55,955,0047,g2,13276,0,0,-1724
16:00,960,0047,g2,13276,0,0,-1207
16:05,965,0047,g2,13276,0,0,-1207
16:10,970,0047,g2,13276,0,0,-1207
16:15,975,0047,g2,13276,0,0,0
16:20,980,0047,g2,13276,0,0,0
16:25,985,0047,g2,13276,0,0,0
16:30,990,0047,g2,11207,-2069,-2069,-2069
16:35,995,0047,g2,11207,0,-2069,-2069
16:40,1000,0047,g2,11207,0,0,-2069
16:45,1005,0047,g2,11207,0,0,-2069
16:50,1010,0047,g2,10172,-1035,-1035,-3104
16:55,1015,0047,g2,10172,0,-1035,-3104
17:00,1020,0047,g2,10172,0,0,-1035
17:05,1025,0047,g2,10172,0,0,-1035
17:10,1030,0047,g2,10172,0,0,-1035
17:15,1035,0047,g2,10172,0,0,-1035
17:20,1040,0047,g2,10172,0,0,0
17:25,1045,0047,g2,10172,0,0,0
17:30,1050,0047,g2,8276,-1896,-1896,-1896
17:35,1055,0047,g2,8276,0,-1896,-1896
17:40,1060,0047,g2,8276,0,0,-1896
17:45,1065,0047,g2,8276,0,0,-1896
17:50,1070,0047,g2,8276,0,0,-1896
17:55,1075,0047,g2,8276,0,0,-1896
18:00,1080,0047,g2,8276,0,0,0
18:05,1085,0047,g2,8276,0,0,0
18:10,1090,0047,g2,8276,0,0,0
18:15,1095,0047,g2,8276,0,0,0
18:20,1100,0047,g2,8276,0,0,0
18:25,1105,0047,g2,8276,0,0,0
18:30,1110,0047,g2,8276,0,0,0
18:35,1115,0047,g2,8276,0,0,0
18:40,1120,0047,g2,8276,0,0,0
18:45,1125,0047,g2,8276,0,0,0
18:50,1130,0047,g2,8276,0,0,0
18:55,1135,0047,g2,8276,0,0,0
19:00,1140,0047,g2,8276,0,0,0
19:05,1145,0047,g2,8276,0,0,0
19:10,1150,0047,g2,8276,0,0,0
19:15,1155,0047,g2,8276,0,0,0
19:20,1160,0047,g2,8276,0,0,0
19:25,1165,0047,g2,7586,-690,-690,-690
19:30,1170,0047,g2,7586,0,-690,-690
19:35,1175,0047,g2,7586,0,0,-690
19:40,1180,0047,g2,7586,0,0,-690
19:45,1185,0047,g2,7586,0,0,-690
19:50,1190,0047,g2,7586,0,0,-690
19:55,1195,0047,g2,7586,0,0,0
20:00,1200,0047,g2,7586,0,0,0
20:05,1205,0047,g2,7586,0,0,0
20:10,1210,0047,g2,7586,0,0,0
20:15,1215,0047,g2,7586,0,0,0
20:20,1220,0047,g2,7586,0,0,0
20:25,1225,0047,g2,7586,0,0,0
20:30,1230,0047,g2,7241,-345,-345,-345
20:35,1235,0047,g2,7241,0,-345,-345
20:40,1240,0047,g2,7241,0,0,-345
20:45,1245,0047,g2,11379,4138,4138,3793
20:50,1250,0047,g2,11379,0,4138,3793
20:55,1255,0047,g2,11379,0,0,3793
21:00,1260,0047,g2,11379,0,0,4138
21:05,1265,0047,g2,11379,0,0,4138
21:10,1270,0047,g2,11379,0,0,4138
21:15,1275,0047,g2,11379,0,0,0
21:20,1280,0047,g2,11379,0,0,0
21:25,1285,0047,g2,11379,0,0,0
21:30,1290,0047,g2,11207,-172,-172,-172
21:35,1295,0047,g2,11207,0,-172,-172
21:40,1300,0047,g2,11207,0,0,-172
21:45,1305,0047,g2,11207,0,0,-172
21:50,1310,0047,g2,11207,0,0,-172
21:55,1315,0047,g2,11207,0,0,-172
22:00,1320,0047,g2,11207,0,0,0
22:05,1325,0047,g2,11207,0,0,0
22:10,1330,0047,g2,11207,0,0,0
22:15,1335,0047,g2,11207,0,0,0
22:20,1340,0047,g2,11207,0,0,0
22:25,1345,0047,g2,11207,0,0,0
22:30,1350,0047,g2,10345,-862,-862,-862
22:35,1355,0047,g2,10345,0,-862,-862
22:40,1360,0047,g2,10345,0,0,-862
22:45,1365,0047,g2,10345,0,0,-862
22:50,1370,0047,g2,10345,0,0,-862
22:55,1375,0047,g2,10345,0,0,-862
23:00,1380,0047,g2,10345,0,0,0
23:05,1385,0047,g2,10345,0,0,0
23:10,1390,0047,g2,10345,0,0,0
23:15,1395,0047,g2,10345,0,0,0
23:16,1396,0047,g2,10345,,,
23:20,1400,0047,g2,10345,0,0,0
09:00,540,0048,g3,0,,,
09:05,545,0048,g3,0,0,,
09:10,550,0048,g3,0,0,0,
09:15,555,0048,g3,0,0,0,
09:20,560,0048,g3,0,0,0,
09:25,565,0048,g3,0,0,0,
09:30,570,0048,g3,0,0,0,0
09:35,575,0048,g3,0,0,0,0
09:40,580,0048,g3,0,0,0,0
09:45,585,0048,g3,0,0,0,0
09:50,590,0048,g3,0,0,0,0
09:55,595,0048,g3,0,0,0,0
10:00,600,0048,g3,0,0,0,0
10:05,605,0048,g3,0,0,0,0
10:10,610,0048,g3,0,0,0,0
10:15,615,0048,g3,0,0,0,0
10:20,620,0048,g3,0,0,0,0
10:25,625,0048,g3,0,0,0,0
10:30,630,0048,g3,0,0,0,0
10:35,635,0048,g3,0,0,0,0
10:40,640,0048,g3,-889,-889,-889,-889
10:45,645,0048,g3,-889,0,-889,-889
10:50,650,0048,g3,-889,0,0,-889
10:55,655,0048,g3,-889,0,0,-889
11:00,660,0048,g3,-2133,-1244,-1244,-2133
11:05,665,0048,g3,-2133,0,-1244,-2133
11:10,670,0048,g3,-2133,0,0,-1244
11:15,675,0048,g3,-2133,0,0,-1244
11:20,680,0048,g3,-2133,0,0,-1244
11:25,685,0048,g3,-2133,0,0,-1244
11:30,690,0048,g3,-4267,-2134,-2134,-2134
11:35,695,0048,g3,-4267,0,-2134,-2134
11:40,700,0048,g3,-4267,0,0,-2134
11:45,705,0048,g3,-5511,-1244,-1244,-3378
11:50,710,0048,g3,-5511,0,-1244,-3378
11:55,715,0048,g3,-5511,0,0,-3378
12:00,720,0048,g3,-5511,0,0,-1244
12:05,725,0048,g3,-5511,0,0,-1244
12:10,730,0048,g3,-5511,0,0,-1244
12:15,735,0048,g3,-5511,0,0,0
12:20,740,0048,g3,-5511,0,0,0
12:25,745,0048,g3,-5511,0,0,0
12:30,750,0048,g3,-5689,-178,-178,-178
12:35,755,0048,g3,-5689,0,-178,-178
12:40,760,0048,g3,-5689,0,0,-178
12:45,765,0048,g3,-5689,0,0,-178
12:50,770,0048,g3,-5689,0,0,-178
12:55,775,0048,g3,-5689,0,0,-178
13:00,780,0048,g3,-5689,0,0,0
13:05,785,0048,g3,-5689,0,0,0
13:10,790,0048,g3,-5689,0,0,0
13:15,795,0048,g3,-5689,0,0,0
13:20,800,0048,g3,-5689,0,0,0
13:25,805,0048,g3,-6400,-711,-711,-711
13:30,810,0048,g3,-6400,0,-711,-711
13:35,815,0048,g3,-6400,0,0,-711
13:40,820,0048,g3,-6400,0,0,-711
13:45,825,0048,g3,-6400,0,0,-711
13:50,830,0048,g3,-5867,533,533,-178
13:55,835,0048,g3,-5867,0,533,533
14:00,840,0048,g3,-5867,0,0,533
14:05,845,0048,g3,-5867,0,0,533
14:10,850,0048,g3,-5867,0,0,533
14:15,855,0048,g3,-5867,0,0,533
14:20,860,0048,g3,-5867,0,0,0
14:25,865,0048,g3,-5867,0,0,0
14:30,870,0048,g3,-4800,1067,1067,1067
14:35,875,0048,g3,-4800,0,1067,1067
14:40,880,0048,g3,-4800,0,0,1067
14:45,885,0048,g3,-5689,-889,-889,178
14:50,890,0048,g3,-5689,0,-889,178
14:55,895,0048,g3,-5689,0,0,178
15:00,900,0048,g3,-5689,0,0,-889
15:05,905,0048,g3,-5689,0,0,-889
15:10,910,0048,g3,-5689,0,0,-889
15:15,915,0048,g3,-5689,0,0,0
15:20,920,0048,g3,-5689,0,0,0
15:25,925,0048,g3,-5689,0,0,0
15:30,930,0048,g3,-356,5333,5333,5333
15:35,935,0048,g3,-356,0,5333,5333
15:40,940,0048,g3,-356,0,0,5333
15:45,945,0048,g3,-1778,-1422,-1422,3911
15:50,950,0048,g3,-1778,0,-1422,3911
15:55,955,0048,g3,-1778,0,0,3911
16:00,960,0048,g3,-1778,0,0,-1422
16:05,965,0048,g3,-1778,0,0,-1422
16:10,970,0048,g3,-1778,0,0,-1422
16:15,975,0048,g3,-1778,0,0,0
16:20,980,0048,g3,-1778,0,0,0
16:25,985,0048,g3,-1778,0,0,0
16:30,990,0048,g3,-4800,-3022,-3022,-3022
16:35,995,0048,g3,-4800,0,-3022,-3022
16:40,1000,0048,g3,-4800,0,0,-3022
16:45,1005,0048,g3,-4800,0,0,-3022
16:50,1010,0048,g3,-6222,-1422,-1422,-4444
16:55,1015,0048,g3,-6222,0,-1422,-4444
17:00,1020,0048,g3,-6222,0,0,-1422
17:05,1025,0048,g3,-6222,0,0,-1422
17:10,1030,0048,g3,-6222,0,0,-1422
17:15,1035,0048,g3,-6222,0,0,-1422
17:20,1040,0048,g3,-6222,0,0,0
17:25,1045,0048,g3,-6222,0,0,0
17:30,1050,0048,g3,-8889,-2667,-2667,-2667
17:35,1055,0048,g3,-8889,0,-2667,-2667
17:40,1060,0048,g3,-8889,0,0,-2667
17:45,1065,0048,g3,-8889,0,0,-2667
17:50,1070,0048,g3,-10489,-1600,-1600,-4267
17:55,1075,0048,g3,-10489,0,-1600,-4267
18:00,1080,0048,g3,-10489,0,0,-1600
18:05,1085,0048,g3,-10489,0,0,-1600
18:10,1090,0048,g3,-10489,0,0,-1600
18:15,1095,0048,g3,-10489,0,0,-1600
18:20,1100,0048,g3,-10489,0,0,0
18:25,1105,0048,g3,-12978,-2489,-2489,-2489
18:30,1110,0048,g3,-12978,0,-2489,-2489
18:35,1115,0048,g3,-12978,0,0,-2489
18:40,1120,0048,g3,-12978,0,0,-2489
18:45,1125,0048,g3,-12978,0,0,-2489
18:50,1130,0048,g3,-12622,356,356,-2133
18:55,1135,0048,g3,-12622,0,356,356
19:00,1140,0048,g3,-12622,0,0,356
19:05,1145,0048,g3,-12622,0,0,356
19:10,1150,0048,g3,-12622,0,0,356
19:15,1155,0048,g3,-12622,0,0,356
19:20,1160,0048,g3,-12622,0,0,0
19:25,1165,0048,g3,-13333,-711,-711,-711
19:30,1170,0048,g3,-13333,0,-711,-711
19:35,1175,0048,g3,-13333,0,0,-711
19:40,1180,0048,g3,-13333,0,0,-711
19:45,1185,0048,g3,-4267,9066,9066,8355
19:50,1190,0048,g3,-4267,0,9066,8355
19:55,1195,0048,g3,-4267,0,0,9066
20:00,1200,0048,g3,-4267,0,0,9066
20:05,1205,0048,g3,-4267,0,0,9066
20:10,1210,0048,g3,-4267,0,0,9066
20:15,1215,0048,g3,-4267,0,0,0
20:20,1220,0048,g3,-4267,0,0,0
20:25,1225,0048,g3,-4267,0,0,0
20:30,1230,0048,g3,-178,4089,4089,4089
20:35,1235,0048,g3,-178,0,4089,4089
20:40,1240,0048,g3,-178,0,0,4089
20:45,1245,0048,g3,1207,1385,1385,5474
20:50,1250,0048,g3,1207,0,1385,5474
20:55,1255,0048,g3,1207,0,0,5474
21:00,1260,0048,g3,1207,0,0,1385
21:05,1265,0048,g3,1207,0,0,1385
21:10,1270,0048,g3,1207,0,0,1385
21:15,1275,0048,g3,1207,0,0,0
21:20,1280,0048,g3,1207,0,0,0
21:25,1285,0048,g3,1207,0,0,0
21:30,1290,0048,g3,1034,-173,-173,-173
21:35,1295,0048,g3,1034,0,-173,-173
21:40,1300,0048,g3,1034,0,0,-173
21:45,1305,0048,g3,345,-689,-689,-862
21:50,1310,0048,g3,345,0,-689,-862
21:55,1315,0048,g3,345,0,0,-862
22:00,1320,0048,g3,345,0,0,-689
22:05,1325,0048,g3,345,0,0,-689
22:10,1330,0048,g3,345,0,0,-689
22:15,1335,0048,g3,345,0,0,0
22:20,1340,0048,g3,345,0,0,0
22:25,1345,0048,g3,345,0,0,0
22:30,1350,0048,g3,172,-173,-173,-173
22:35,1355,0048,g3,172,0,-173,-173
22:40,1360,0048,g3,172,0,0,-173
22:45,1365,0048,g3,172,0,0,-173
22:50,1370,0048,g3,172,0,0,-173
22:55,1375,0048,g3,172,0,0,-173
23:00,1380,0048,g3,172,0,0,0
23:05,1385,0048,g3,172,0,0,0
23:10,1390,0048,g3,172,0,0,0
23:15,1395,0048,g3,172,0,0,0
23:16,1396,0048,g3,172,,,
23:20,1400,0048,g3,172,0,0,0
09:00,540,0049,g4,0,,,
09:05,545,0049,g4,0,0,,
09:10,550,0049,g4,0,0,0,
09:15,555,0049,g4,0,0,0,
09:20,560,0049,g4,0,0,0,
09:25,565,0049,g4,0,0,0,
09:30,570,0049,g4,0,0,0,0
09:35,575,0049,g4,0,0,0,0
09:40,580,0049,g4,0,0,0,0
09:45,585,0049,g4,0,0,0,0
09:50,590,0049,g4,0,0,0,0
09:55,595,0049,g4,0,0,0,0
10:00,600,0049,g4,0,0,0,0
10:05,605,0049,g4,0,0,0,0
10:10,610,0049,g4,0,0,0,0
10:15,615,0049,g4,0,0,0,0
10:20,620,0049,g4,0,0,0,0
10:25,625,0049,g4,0,0,0,0
10:30,630,0049,g4,0,0,0,0
10:35,635,0049,g4,0,0,0,0
10:40,640,0049,g4,0,0,0,0
10:45,645,0049,g4,0,0,0,0
10:50,650,0049,g4,0,0,0,0
10:55,655,0049,g4,0,0,0,0
11:00,660,0049,g4,0,0,0,0
11:05,665,0049,g4,0,0,0,0
11:10,670,0049,g4,0,0,0,0
11:15,675,0049,g4,0,0,0,0
11:20,680,0049,g4,0,0,0,0
11:25,685,0049,g4,0,0,0,0
11:30,690,0049,g4,0,0,0,0
11:35,695,0049,g4,0,0,0,0
11:40,700,0049,g4,0,0,0,0
11:45,705,0049,g4,-622,-622,-622,-622
11:50,710,0049,g4,-622,0,-622,-622
11:55,715,0049,g4,-622,0,0,-622
12:00,720,0049,g4,-622,0,0,-622
12:05,725,0049,g4,-622,0,0,-622
12:10,730,0049,g4,-622,0,0,-622
12:15,735,0049,g4,-622,0,0,0
12:20,740,0049,g4,-622,0,0,0
12:25,745,0049,g4,-622,0,0,0
12:30,750,0049,g4,-622,0,0,0
12:35,755,0049,g4,-622,0,0,0
12:40,760,0049,g4,-622,0,0,0
12:45,765,0049,g4,-622,0,0,0
12:50,770,0049,g4,-2311,-1689,-1689,-1689
12:55,775,0049,g4,-2311,0,-1689,-1689
13:00,780,0049,g4,-2311,0,0,-1689
13:05,785,0049,g4,-2311,0,0,-1689
13:10,790,0049,g4,-2311,0,0,-1689
13:15,795,0049,g4,-2311,0,0,-1689
13:20,800,0049,g4,-2311,0,0,0
13:25,805,0049,g4,-3822,-1511,-1511,-1511
13:30,810,0049,g4,-3822,0,-1511,-1511
13:35,815,0049,g4,-3822,0,0,-1511
13:40,820,0049,g4,-3822,0,0,-1511
13:45,825,0049,g4,-3822,0,0,-1511
13:50,830,0049,g4,-4444,-622,-622,-2133
13:55,835,0049,g4,-4444,0,-622,-622
14:00,840,0049,g4,-4444,0,0,-622
14:05,845,0049,g4,-4444,0,0,-622
14:10,850,0049,g4,-4444,0,0,-622
14:15,855,0049,g4,-4444,0,0,-622
14:20,860,0049,g4,-4444,0,0,0
14:25,865,0049,g4,-4444,0,0,0
14:30,870,0049,g4,-4978,-534,-534,-534
14:35,875,0049,g4,-4978,0,-534,-534
14:40,880,0049,g4,-4978,0,0,-534
14:45,885,0049,g4,431,5409,5409,4875
14:50,890,0049,g4,431,0,5409,4875
14:55,895,0049,g4,431,0,0,4875
15:00,900,0049,g4,431,0,0,5409
15:05,905,0049,g4,431,0,0,5409
15:10,910,0049,g4,431,0,0,5409
15:15,915,0049,g4,431,0,0,0
15:20,920,0049,g4,431,0,0,0
15:25,925,0049,g4,431,0,0,0
15:30,930,0049,g4,-2222,-2653,-2653,-2653
15:35,935,0049,g4,-2222,0,-2653,-2653
15:40,940,0049,g4,-2222,0,0,-2653
15:45,945,0049,g4,-3378,-1156,-1156,-3809
15:50,950,0049,g4,-3378,0,-1156,-3809
15:55,955,0049,g4,-3378,0,0,-3809
16:00,960,0049,g4,-3378,0,0,-1156
16:05,965,0049,g4,-3378,0,0,-1156
16:10,970,0049,g4,-3378,0,0,-1156
16:15,975,0049,g4,-3378,0,0,0
16:20,980,0049,g4,-3378,0,0,0
16:25,985,0049,g4,-3378,0,0,0
16:30,990,0049,g4,-3644,-266,-266,-266
16:35,995,0049,g4,-3644,0,-266,-266
16:40,1000,0049,g4,-3644,0,0,-266
16:45,1005,0049,g4,-3644,0,0,-266
16:50,1010,0049,g4,-4000,-356,-356,-622
16:55,1015,0049,g4,-4000,0,-356,-622
17:00,1020,0049,g4,-4000,0,0,-356
17:05,1025,0049,g4,-4000,0,0,-356
17:10,1030,0049,g4,-4000,0,0,-356
17:15,1035,0049,g4,-4000,0,0,-356
17:20,1040,0049,g4,-4000,0,0,0
17:25,1045,0049,g4,-4000,0,0,0
17:30,1050,0049,g4,-4356,-356,-356,-356
17:35,1055,0049,g4,-4356,0,-356,-356
17:40,1060,0049,g4,-4356,0,0,-356
17:45,1065,0049,g4,-4356,0,0,-356
17:50,1070,0049,g4,1121,5477,5477,5121
17:55,1075,0049,g4,1121,0,5477,5121
18:00,1080,0049,g4,1121,0,0,5477
18:05,1085,0049,g4,1121,0,0,5477
18:10,1090,0049,g4,1121,0,0,5477
18:15,1095,0049,g4,1121,0,0,5477
18:20,1100,0049,g4,1121,0,0,0
18:25,1105,0049,g4,603,-518,-518,-518
18:30,1110,0049,g4,603,0,-518,-518
18:35,1115,0049,g4,603,0,0,-518
18:40,1120,0049,g4,603,0,0,-518
18:45,1125,0049,g4,603,0,0,-518
18:50,1130,0049,g4,-178,-781,-781,-1299
18:55,1135,0049,g4,-178,0,-781,-781
19:00,1140,0049,g4,-178,0,0,-781
19:05,1145,0049,g4,-178,0,0,-781
19:10,1150,0049,g4,-178,0,0,-781
19:15,1155,0049,g4,-178,0,0,-781
19:20,1160,0049,g4,-178,0,0,0
19:25,1165,0049,g4,-1867,-1689,-1689,-1689
19:30,1170,0049,g4,-1867,0,-1689,-1689
19:35,1175,0049,g4,-1867,0,0,-1689
19:40,1180,0049,g4,-1867,0,0,-1689
19:45,1185,0049,g4,-2133,-266,-266,-1955
19:50,1190,0049,g4,-2133,0,-266,-1955
19:55,1195,0049,g4,-2133,0,0,-266
20:00,1200,0049,g4,-2133,0,0,-266
20:05,1205,0049,g4,-2133,0,0,-266
20:10,1210,0049,g4,-2133,0,0,-266
20:15,1215,0049,g4,-2133,0,0,0
20:20,1220,0049,g4,-2133,0,0,0
20:25,1225,0049,g4,-2133,0,0,0
20:30,1230,0049,g4,-2133,0,0,0
20:35,1235,0049,g4,-2133,0,0,0
20:40,1240,0049,g4,-2133,0,0,0
20:45,1245,0049,g4,-2133,0,0,0
20:50,1250,0049,g4,-2133,0,0,0
20:55,1255,0049,g4,-2133,0,0,0
21:00,1260,0049,g4,-2133,0,0,0
21:05,1265,0049,g4,-2133,0,0,0
21:10,1270,0049,g4,-2133,0,0,0
21:15,1275,0049,g4,-2133,0,0,0
21:20,1280,0049,g4,-2133,0,0,0
21:25,1285,0049,g4,-2133,0,0,0
21:30,1290,0049,g4,-2578,-445,-445,-445
21:35,1295,0049,g4,-2578,0,-445,-445
21:40,1300,0049,g4,-2578,0,0,-445
21:45,1305,0049,g4,-2578,0,0,-445
21:50,1310,0049,g4,-2578,0,0,-445
21:55,1315,0049,g4,-2578,0,0,-445
22:00,1320,0049,g4,-2578,0,0,0
22:05,1325,0049,g4,-2578,0,0,0
22:10,1330,0049,g4,-2578,0,0,0
22:15,1335,0049,g4,-2578,0,0,0
22:20,1340,0049,g4,-2578,0,0,0
22:25,1345,0049,g4,-2578,0,0,0
22:30,1350,0049,g4,-2667,-89,-89,-89
22:35,1355,0049,g4,-2667,0,-89,-89
22:40,1360,0049,g4,-2667,0,0,-89
22:45,1365,0049,g4,-2667,0,0,-89
22:50,1370,0049,g4,-2667,0,0,-89
22:55,1375,0049,g4,-2667,0,0,-89
23:00,1380,0049,g4,-2667,0,0,0
23:05,1385,0049,g4,-2667,0,0,0
23:10,1390,0049,g4,-2667,0,0,0
23:15,1395,0049,g4,-2667,0,0,0
23:16,1396,0049,g4,-2667,,,
23:20,1400,0049,g4,-2667,0,0,0
09:00,540,0050,g5,0,,,
09:05,545,0050,g5,0,0,,
09:10,550,0050,g5,0,0,0,
09:15,555,0050,g5,0,0,0,
09:20,560,0050,g5,0,0,0,
09:25,565,0050,g5,0,0,0,
09:30,570,0050,g5,0,0,0,0
09:35,575,0050,g5,0,0,0,0
09:40,580,0050,g5,0,0,0,0
09:45,585,0050,g5,0,0,0,0
09:50,590,0050,g5,0,0,0,0
09:55,595,0050,g5,0,0,0,0
10:00,600,0050,g5,0,0,0,0
10:05,605,0050,g5,0,0,0,0
10:10,610,0050,g5,0,0,0,0
10:15,615,0050,g5,0,0,0,0
10:20,620,0050,g5,0,0,0,0
10:25,625,0050,g5,0,0,0,0
10:30,630,0050,g5,0,0,0,0
10:35,635,0050,g5,0,0,0,0
10:40,640,0050,g5,0,0,0,0
10:45,645,0050,g5,0,0,0,0
10:50,650,0050,g5,0,0,0,0
10:55,655,0050,g5,0,0,0,0
11:00,660,0050,g5,0,0,0,0
11:05,665,0050,g5,0,0,0,0
11:10,670,0050,g5,0,0,0,0
11:15,675,0050,g5,0,0,0,0
11:20,680,0050,g5,0,0,0,0
11:25,685,0050,g5,0,0,0,0
11:30,690,0050,g5,345,345,345,345
11:35,695,0050,g5,345,0,345,345
11:40,700,0050,g5,345,0,0,345
11:45,705,0050,g5,7586,7241,7241,7586
11:50,710,0050,g5,7586,0,7241,7586
11:55,715,0050,g5,7586,0,0,7586
12:00,720,0050,g5,7586,0,0,7241
12:05,725,0050,g5,7586,0,0,7241
12:10,730,0050,g5,7586,0,0,7241
12:15,735,0050,g5,7586,0,0,0
12:20,740,0050,g5,7586,0,0,0
12:25,745,0050,g5,7586,0,0,0
12:30,750,0050,g5,13966,6380,6380,6380
12:35,755,0050,g5,13966,0,6380,6380
12:40,760,0050,g5,13966,0,0,6380
12:45,765,0050,g5,13966,0,0,6380
12:50,770,0050,g5,12586,-1380,-1380,5000
12:55,775,0050,g5,12586,0,-1380,5000
13:00,780,0050,g5,12586,0,0,-1380
13:05,785,0050,g5,12586,0,0,-1380
13:10,790,0050,g5,12586,0,0,-1380
13:15,795,0050,g5,12586,0,0,-1380
13:20,800,0050,g5,12586,0,0,0
13:25,805,0050,g5,11724,-862,-862,-862
13:30,810,0050,g5,11724,0,-862,-862
13:35,815,0050,g5,11724,0,0,-862
13:40,820,0050,g5,11724,0,0,-862
13:45,825,0050,g5,11724,0,0,-862
13:50,830,0050,g5,15172,3448,3448,2586
13:55,835,0050,g5,15172,0,3448,3448
14:00,840,0050,g5,15172,0,0,3448
14:05,845,0050,g5,15172,0,0,3448
14:10,850,0050,g5,15172,0,0,3448
14:15,855,0050,g5,15172,0,0,3448
14:20,860,0050,g5,15172,0,0,0
14:25,865,0050,g5,15172,0,0,0
14:30,870,0050,g5,17586,2414,2414,2414
14:35,875,0050,g5,17586,0,2414,2414
14:40,880,0050,g5,17586,0,0,2414
14:45,885,0050,g5,16207,-1379,-1379,1035
14:50,890,0050,g5,16207,0,-1379,1035
14:55,895,0050,g5,16207,0,0,1035
15:00,900,0050,g5,16207,0,0,-1379
15:05,905,0050,g5,16207,0,0,-1379
15:10,910,0050,g5,16207,0,0,-1379
15:15,915,0050,g5,16207,0,0,0
15:20,920,0050,g5,16207,0,0,0
15:25,925,0050,g5,16207,0,0,0
15:30,930,0050,g5,13103,-3104,-3104,-3104
15:35,935,0050,g5,13103,0,-3104,-3104
15:40,940,0050,g5,13103,0,0,-3104
15:45,945,0050,g5,13448,345,345,-2759
15:50,950,0050,g5,13448,0,345,-2759
15:55,955,0050,g5,13448,0,0,-2759
16:00,960,0050,g5,13448,0,0,345
16:05,965,0050,g5,13448,0,0,345
16:10,970,0050,g5,13448,0,0,345
16:15,975,0050,g5,13448,0,0,0
16:20,980,0050,g5,13448,0,0,0
16:25,985,0050,g5,13448,0,0,0
16:30,990,0050,g5,17414,3966,3966,3966
16:35,995,0050,g5,17414,0,3966,3966
16:40,1000,0050,g5,17414,0,0,3966
16:45,1005,0050,g5,17414,0,0,3966
16:50,1010,0050,g5,15690,-1724,-1724,2242
16:55,1015,0050,g5,15690,0,-1724,2242
17:00,1020,0050,g5,15690,0,0,-1724
17:05,1025,0050,g5,15690,0,0,-1724
17:10,1030,0050,g5,15690,0,0,-1724
17:15,1035,0050,g5,15690,0,0,-1724
17:20,1040,0050,g5,15690,0,0,0
17:25,1045,0050,g5,15690,0,0,0
17:30,1050,0050,g5,12586,-3104,-3104,-3104
17:35,1055,0050,g5,12586,0,-3104,-3104
17:40,1060,0050,g5,12586,0,0,-3104
17:45,1065,0050,g5,12586,0,0,-3104
17:50,1070,0050,g5,11207,-1379,-1379,-4483
17:55,1075,0050,g5,11207,0,-1379,-4483
18:00,1080,0050,g5,11207,0,0,-1379
18:05,1085,0050,g5,11207,0,0,-1379
18:10,1090,0050,g5,11207,0,0,-1379
18:15,1095,0050,g5,11207,0,0,-1379
18:20,1100,0050,g5,11207,0,0,0
18:25,1105,0050,g5,9655,-1552,-1552,-1552
18:30,1110,0050,g5,9655,0,-1552,-1552
18:35,1115,0050,g5,9655,0,0,-1552
18:40,1120,0050,g5,9655,0,0,-1552
18:45,1125,0050,g5,9655,0,0,-1552
18:50,1130,0050,g5,11897,2242,2242,690
18:55,1135,0050,g5,11897,0,2242,2242
19:00,1140,0050,g5,11897,0,0,2242
19:05,1145,0050,g5,11897,0,0,2242
19:10,1150,0050,g5,11897,0,0,2242
19:15,1155,0050,g5,11897,0,0,2242
19:20,1160,0050,g5,11897,0,0,0
19:25,1165,0050,g5,10690,-1207,-1207,-1207
19:30,1170,0050,g5,10690,0,-1207,-1207
19:35,1175,0050,g5,10690,0,0,-1207
19:40,1180,0050,g5,10690,0,0,-1207
19:45,1185,0050,g5,9655,-1035,-1035,-2242
19:50,1190,0050,g5,9655,0,-1035,-2242
19:55,1195,0050,g5,9655,0,0,-1035
20:00,1200,0050,g5,9655,0,0,-1035
20:05,1205,0050,g5,9655,0,0,-1035
20:10,1210,0050,g5,9655,0,0,-1035
20:15,1215,0050,g5,9655,0,0,0
20:20,1220,0050,g5,9655,0,0,0
20:25,1225,0050,g5,9655,0,0,0
20:30,1230,0050,g5,8276,-1379,-1379,-1379
20:35,1235,0050,g5,8276,0,-1379,-1379
20:40,1240,0050,g5,8276,0,0,-1379
20:45,1245,0050,g5,8276,0,0,-1379
20:50,1250,0050,g5,8276,0,0,-1379
20:55,1255,0050,g5,8276,0,0,-1379
21:00,1260,0050,g5,8276,0,0,0
21:05,1265,0050,g5,8276,0,0,0
21:10,1270,0050,g5,8276,0,0,0
21:15,1275,0050,g5,8276,0,0,0
21:20,1280,0050,g5,8276,0,0,0
21:25,1285,0050,g5,8276,0,0,0
21:30,1290,0050,g5,7931,-345,-345,-345
21:35,1295,0050,g5,7931,0,-345,-345
21:40,1300,0050,g5,7931,0,0,-345
21:45,1305,0050,g5,7931,0,0,-345
21:50,1310,0050,g5,7931,0,0,-345
21:55,1315,0050,g5,7931,0,0,-345
22:00,1320,0050,g5,7931,0,0,0
22:05,1325,0050,g5,7931,0,0,0
22:10,1330,0050,g5,7931,0,0,0
22:15,1335,0050,g5,7931,0,0,0
22:20,1340,0050,g5,7931,0,0,0
22:25,1345,0050,g5,7931,0,0,0
22:30,1350,0050,g5,7759,-172,-172,-172
22:35,1355,0050,g5,7759,0,-172,-172
22:40,1360,0050,g5,7759,0,0,-172
22:45,1365,0050,g5,7759,0,0,-172
22:50,1370,0050,g5,7759,0,0,-172
22:55,1375,0050,g5,7759,0,0,-172
23:00,1380,0050,g5,7759,0,0,0
23:05,1385,0050,g5,7759,0,0,0
23:10,1390,0050,g5,7759,0,0,0
23:15,1395,0050,g5,7759,0,0,0
23:16,1396,0050,g5,7759,,,
23:20,1400,0050,g5,7759,0,0,0
09:00,540,0051,g6,0,,,
09:05,545,0051,g6,0,0,,
09:10,550,0051,g6,0,0,0,
09:15,555,0051,g6,0,0,0,
09:20,560,0051,g6,0,0,0,
09:25,565,0051,g6,0,0,0,
09:30,570,0051,g6,0,0,0,0
09:35,575,0051,g6,0,0,0,0
09:40,580,0051,g6,0,0,0,0
09:45,585,0051,g6,0,0,0,0
09:50,590,0051,g6,0,0,0,0
09:55,595,0051,g6,0,0,0,0
10:00,600,0051,g6,0,0,0,0
10:05,605,0051,g6,0,0,0,0
10:10,610,0051,g6,0,0,0,0
10:15,615,0051,g6,0,0,0,0
10:20,620,0051,g6,0,0,0,0
10:25,625,0051,g6,0,0,0,0
10:30,630,0051,g6,0,0,0,0
10:35,635,0051,g6,0,0,0,0
10:40,640,0051,g6,0,0,0,0
10:45,645,0051,g6,0,0,0,0
10:50,650,0051,g6,0,0,0,0
10:55,655,0051,g6,0,0,0,0
11:00,660,0051,g6,0,0,0,0
11:05,665,0051,g6,0,0,0,0
11:10,670,0051,g6,0,0,0,0
11:15,675,0051,g6,0,0,0,0
11:20,680,0051,g6,0,0,0,0
11:25,685,0051,g6,0,0,0,0
11:30,690,0051,g6,0,0,0,0
11:35,695,0051,g6,0,0,0,0
11:40,700,0051,g6,0,0,0,0
11:45,705,0051,g6,0,0,0,0
11:50,710,0051,g6,0,0,0,0
11:55,715,0051,g6,0,0,0,0
12:00,720,0051,g6,0,0,0,0
12:05,725,0051,g6,0,0,0,0
12:10,730,0051,g6,0,0,0,0
12:15,735,0051,g6,0,0,0,0
12:20,740,0051,g6,0,0,0,0
12:25,745,0051,g6,0,0,0,0
12:30,750,0051,g6,0,0,0,0
12:35,755,0051,g6,0,0,0,0
12:40,760,0051,g6,0,0,0,0
12:45,765,0051,g6,0,0,0,0
12:50,770,0051,g6,0,0,0,0
12:55,775,0051,g6,0,0,0,0
13:00,780,0051,g6,0,0,0,0
13:05,785,0051,g6,0,0,0,0
13:10,790,0051,g6,0,0,0,0
13:15,795,0051,g6,0,0,0,0
13:20,800,0051,g6,0,0,0,0
13:25,805,0051,g6,0,0,0,0
13:30,810,0051,g6,0,0,0,0
13:35,815,0051,g6,0,0,0,0
13:40,820,0051,g6,0,0,0,0
13:45,825,0051,g6,0,0,0,0
13:50,830,0051,g6,-711,-711,-711,-711
13:55,835,0051,g6,-711,0,-711,-711
14:00,840,0051,g6,-711,0,0,-711
14:05,845,0051,g6,-711,0,0,-711
14:10,850,0051,g6,-711,0,0,-711
14:15,855,0051,g6,-711,0,0,-711
14:20,860,0051,g6,-711,0,0,0
14:25,865,0051,g6,-711,0,0,0
14:30,870,0051,g6,-2222,-1511,-1511,-1511
14:35,875,0051,g6,-2222,0,-1511,-1511
14:40,880,0051,g6,-2222,0,0,-1511
14:45,885,0051,g6,-2133,89,89,-1422
14:50,890,0051,g6,-2133,0,89,-1422
14:55,895,0051,g6,-2133,0,0,-1422
15:00,900,0051,g6,-2133,0,0,89
15:05,905,0051,g6,-2133,0,0,89
15:10,910,0051,g6,-2133,0,0,89
15:15,915,0051,g6,-2133,0,0,0
15:20,920,0051,g6,-2133,0,0,0
15:25,925,0051,g6,-2133,0,0,0
15:30,930,0051,g6,3362,5495,5495,5495
15:35,935,0051,g6,3362,0,5495,5495
15:40,940,0051,g6,3362,0,0,5495
15:45,945,0051,g6,2759,-603,-603,4892
15:50,950,0051,g6,2759,0,-603,4892
15:55,955,0051,g6,2759,0,0,4892
16:00,960,0051,g6,2759,0,0,-603
16:05,965,0051,g6,2759,0,0,-603
16:10,970,0051,g6,2759,0,0,-603
16:15,975,0051,g6,2759,0,0,0
16:20,980,0051,g6,2759,0,0,0
16:25,985,0051,g6,2759,0,0,0
16:30,990,0051,g6,1724,-1035,-1035,-1035
16:35,995,0051,g6,1724,0,-1035,-1035
16:40,1000,0051,g6,1724,0,0,-1035
16:45,1005,0051,g6,1724,0,0,-1035
16:50,1010,0051,g6,1724,0,0,-1035
16:55,1015,0051,g6,1724,0,0,-1035
17:00,1020,0051,g6,1724,0,0,0
17:05,1025,0051,g6,1724,0,0,0
17:10,1030,0051,g6,1724,0,0,0
17:15,1035,0051,g6,1724,0,0,0
17:20,1040,0051,g6,1724,0,0,0
17:25,1045,0051,g6,1724,0,0,0
17:30,1050,0051,g6,1207,-517,-517,-517
17:35,1055,0051,g6,1207,0,-517,-517
17:40,1060,0051,g6,1207,0,0,-517
17:45,1065,0051,g6,1207,0,0,-517
17:50,1070,0051,g6,948,-259,-259,-776
17:55,1075,0051,g6,948,0,-259,-776
18:00,1080,0051,g6,948,0,0,-259
18:05,1085,0051,g6,948,0,0,-259
18:10,1090,0051,g6,948,0,0,-259
18:15,1095,0051,g6,948,0,0,-259
18:20,1100,0051,g6,948,0,0,0
18:25,1105,0051,g6,-800,-1748,-1748,-1748
18:30,1110,0051,g6,-800,0,-1748,-1748
18:35,1115,0051,g6,-800,0,0,-1748
18:40,1120,0051,g6,-800,0,0,-1748
18:45,1125,0051,g6,-800,0,0,-1748
18:50,1130,0051,g6,-1422,-622,-622,-2370
18:55,1135,0051,g6,-1422,0,-622,-622
19:00,1140,0051,g6,-1422,0,0,-622
19:05,1145,0051,g6,-1422,0,0,-622
19:10,1150,0051,g6,-1422,0,0,-622
19:15,1155,0051,g6,-1422,0,0,-622
19:20,1160,0051,g6,-1422,0,0,0
19:25,1165,0051,g6,1810,3232,3232,3232
19:30,1170,0051,g6,1810,0,3232,3232
19:35,1175,0051,g6,1810,0,0,3232
19:40,1180,0051,g6,1810,0,0,3232
19:45,1185,0051,g6,948,-862,-862,2370
19:50,1190,0051,g6,948,0,-862,2370
19:55,1195,0051,g6,948,0,0,-862
20:00,1200,0051,g6,948,0,0,-862
20:05,1205,0051,g6,948,0,0,-862
20:10,1210,0051,g6,948,0,0,-862
20:15,1215,0051,g6,948,0,0,0
20:20,1220,0051,g6,948,0,0,0
20:25,1225,0051,g6,948,0,0,0
20:30,1230,0051,g6,948,0,0,0
20:35,1235,0051,g6,948,0,0,0
20:40,1240,0051,g6,948,0,0,0
20:45,1245,0051,g6,603,-345,-345,-345
20:50,1250,0051,g6,603,0,-345,-345
20:55,1255,0051,g6,603,0,0,-345
21:00,1260,0051,g6,603,0,0,-345
21:05,1265,0051,g6,603,0,0,-345
21:10,1270,0051,g6,603,0,0,-345
21:15,1275,0051,g6,603,0,0,0
21:20,1280,0051,g6,603,0,0,0
21:25,1285,0051,g6,603,0,0,0
21:30,1290,0051,g6,603,0,0,0
21:35,1295,0051,g6,603,0,0,0
21:40,1300,0051,g6,603,0,0,0
21:45,1305,0051,g6,603,0,0,0
21:50,1310,0051,g6,603,0,0,0
21:55,1315,0051,g6,603,0,0,0
22:00,1320,0051,g6,603,0,0,0
22:05,1325,0051,g6,603,0,0,0
22:10,1330,0051,g6,603,0,0,0
22:15,1335,0051,g6,603,0,0,0
22:20,1340,0051,g6,603,0,0,0
22:25,1345,0051,g6,603,0,0,0
22:30,1350,0051,g6,345,-258,-258,-258
22:35,1355,0051,g6,345,0,-258,-258
22:40,1360,0051,g6,345,0,0,-258
22:45,1365,0051,g6,345,0,0,-258
22:50,1370,0051,g6,345,0,0,-258
22:55,1375,0051,g6,345,0,0,-258
23:00,1380,0051,g6,345,0,0,0
23:05,1385,0051,g6,345,0,0,0
23:10,1390,0051,g6,345,0,0,0
23:15,1395,0051,g6,345,0,0,0
23:16,1396,0051,g6,345,,,
23:20,1400,0051,g6,345,0,0,0
09:00,540,0052,g7,0,,,
09:05,545,0052,g7,0,0,,
09:10,550,0052,g7,0,0,0,
09:15,555,0052,g7,0,0,0,
09:20,560,0052,g7,0,0,0,
09:25,565,0052,g7,0,0,0,
09:30,570,0052,g7,0,0,0,0
09:35,575,0052,g7,0,0,0,0
09:40,580,0052,g7,0,0,0,0
09:45,585,0052,g7,0,0,0,0
09:50,590,0052,g7,0,0,0,0
09:55,595,0052,g7,0,0,0,0
10:00,600,0052,g7,0,0,0,0
10:05,605,0052,g7,0,0,0,0
10:10,610,0052,g7,0,0,0,0
10:15,615,0052,g7,0,0,0,0
10:20,620,0052,g7,0,0,0,0
10:25,625,0052,g7,0,0,0,0
10:30,630,0052,g7,0,0,0,0
10:35,635,0052,g7,0,0,0,0
10:40,640,0052,g7,-889,-889,-889,-889
10:45,645,0052,g7,-889,0,-889,-889
10:50,650,0052,g7,-889,0,0,-889
10:55,655,0052,g7,-889,0,0,-889
11:00,660,0052,g7,-1778,-889,-889,-1778
11:05,665,0052,g7,-1778,0,-889,-1778
11:10,670,0052,g7,-1778,0,0,-889
11:15,675,0052,g7,-1778,0,0,-889
11:20,680,0052,g7,-1778,0,0,-889
11:25,685,0052,g7,-1778,0,0,-889
11:30,690,0052,g7,0,1778,1778,1778
11:35,695,0052,g7,0,0,1778,1778
11:40,700,0052,g7,0,0,0,1778
11:45,705,0052,g7,-1244,-1244,-1244,534
11:50,710,0052,g7,-1244,0,-1244,534
11:55,715,0052,g7,-1244,0,0,534
12:00,720,0052,g7,-1244,0,0,-1244
12:05,725,0052,g7,-1244,0,0,-1244
12:10,730,0052,g7,-1244,0,0,-1244
12:15,735,0052,g7,-1244,0,0,0
12:20,740,0052,g7,-1244,0,0,0
12:25,745,0052,g7,-1244,0,0,0
12:30,750,0052,g7,-1422,-178,-178,-178
12:35,755,0052,g7,-1422,0,-178,-178
12:40,760,0052,g7,-1422,0,0,-178
12:45,765,0052,g7,-1422,0,0,-178
12:50,770,0052,g7,2241,3663,3663,3485
12:55,775,0052,g7,2241,0,3663,3485
13:00,780,0052,g7,2241,0,0,3663
13:05,785,0052,g7,2241,0,0,3663
13:10,790,0052,g7,2241,0,0,3663
13:15,795,0052,g7,2241,0,0,3663
13:20,800,0052,g7,2241,0,0,0
13:25,805,0052,g7,1897,-344,-344,-344
13:30,810,0052,g7,1897,0,-344,-344
13:35,815,0052,g7,1897,0,0,-344
13:40,820,0052,g7,1897,0,0,-344
13:45,825,0052,g7,1897,0,0,-344
13:50,830,0052,g7,2069,172,172,-172
13:55,835,0052,g7,2069,0,172,172
14:00,840,0052,g7,2069,0,0,172
14:05,845,0052,g7,2069,0,0,172
14:10,850,0052,g7,2069,0,0,172
14:15,855,0052,g7,2069,0,0,172
14:20,860,0052,g7,2069,0,0,0
14:25,865,0052,g7,2069,0,0,0
14:30,870,0052,g7,4655,2586,2586,2586
14:35,875,0052,g7,4655,0,2586,2586
14:40,880,0052,g7,4655,0,0,2586
14:45,885,0052,g7,3621,-1034,-1034,1552
14:50,890,0052,g7,3621,0,-1034,1552
14:55,895,0052,g7,3621,0,0,1552
15:00,900,0052,g7,3621,0,0,-1034
15:05,905,0052,g7,3621,0,0,-1034
15:10,910,0052,g7,3621,0,0,-1034
15:15,915,0052,g7,3621,0,0,0
15:20,920,0052,g7,3621,0,0,0
15:25,925,0052,g7,3621,0,0,0
15:30,930,0052,g7,1034,-2587,-2587,-2587
15:35,935,0052,g7,1034,0,-2587,-2587
15:40,940,0052,g7,1034,0,0,-2587
15:45,945,0052,g7,-533,-1567,-1567,-4154
15:50,950,0052,g7,-533,0,-1567,-4154
15:55,955,0052,g7,-533,0,0,-4154
16:00,960,0052,g7,-533,0,0,-1567
16:05,965,0052,g7,-533,0,0,-1567
16:10,970,0052,g7,-533,0,0,-1567
16:15,975,0052,g7,-533,0,0,0
16:20,980,0052,g7,-533,0,0,0
16:25,985,0052,g7,-533,0,0,0
16:30,990,0052,g7,7586,8119,8119,8119
16:35,995,0052,g7,7586,0,8119,8119
16:40,1000,0052,g7,7586,0,0,8119
16:45,1005,0052,g7,7586,0,0,8119
16:50,1010,0052,g7,9310,1724,1724,9843
16:55,1015,0052,g7,9310,0,1724,9843
17:00,1020,0052,g7,9310,0,0,1724
17:05,1025,0052,g7,9310,0,0,1724
17:10,1030,0052,g7,9310,0,0,1724
17:15,1035,0052,g7,9310,0,0,1724
17:20,1040,0052,g7,9310,0,0,0
17:25,1045,0052,g7,9310,0,0,0
17:30,1050,0052,g7,12931,3621,3621,3621
17:35,1055,0052,g7,12931,0,3621,3621
17:40,1060,0052,g7,12931,0,0,3621
17:45,1065,0052,g7,12931,0,0,3621
17:50,1070,0052,g7,12759,-172,-172,3449
17:55,1075,0052,g7,12759,0,-172,3449
18:00,1080,0052,g7,12759,0,0,-172
18:05,1085,0052,g7,12759,0,0,-172
18:10,1090,0052,g7,12759,0,0,-172
18:15,1095,0052,g7,12759,0,0,-172
18:20,1100,0052,g7,12759,0,0,0
18:25,1105,0052,g7,12069,-690,-690,-690
18:30,1110,0052,g7,12069,0,-690,-690
18:35,1115,0052,g7,12069,0,0,-690
18:40,1120,0052,g7,12069,0,0,-690
18:45,1125,0052,g7,12069,0,0,-690
18:50,1130,0052,g7,11724,-345,-345,-1035
18:55,1135,0052,g7,11724,0,-345,-345
19:00,1140,0052,g7,11724,0,0,-345
19:05,1145,0052,g7,11724,0,0,-345
19:10,1150,0052,g7,11724,0,0,-345
19:15,1155,0052,g7,11724,0,0,-345
19:20,1160,0052,g7,11724,0,0,0
19:25,1165,0052,g7,10517,-1207,-1207,-1207
19:30,1170,0052,g7,10517,0,-1207,-1207
19:35,1175,0052,g7,10517,0,0,-1207
19:40,1180,0052,g7,10517,0,0,-1207
19:45,1185,0052,g7,15690,5173,5173,3966
19:50,1190,0052,g7,15690,0,5173,3966
19:55,1195,0052,g7,15690,0,0,5173
20:00,1200,0052,g7,15690,0,0,5173
20:05,1205,0052,g7,15690,0,0,5173
20:10,1210,0052,g7,15690,0,0,5173
20:15,1215,0052,g7,15690,0,0,0
20:20,1220,0052,g7,15690,0,0,0
20:25,1225,0052,g7,15690,0,0,0
20:30,1230,0052,g7,14655,-1035,-1035,-1035
20:35,1235,0052,g7,14655,0,-1035,-1035
20:40,1240,0052,g7,14655,0,0,-1035
20:45,1245,0052,g7,14655,0,0,-1035
20:50,1250,0052,g7,14655,0,0,-1035
20:55,1255,0052,g7,14655,0,0,-1035
21:00,1260,0052,g7,14655,0,0,0
21:05,1265,0052,g7,14655,0,0,0
21:10,1270,0052,g7,14655,0,0,0
21:15,1275,0052,g7,14655,0,0,0
21:20,1280,0052,g7,14655,0,0,0
21:25,1285,0052,g7,14655,0,0,0
21:30,1290,0052,g7,14655,0,0,0
21:35,1295,0052,g7,14655,0,0,0
21:40,1300,0052,g7,14655,0,0,0
21:45,1305,0052,g7,14655,0,0,0
21:50,1310,0052,g7,14655,0,0,0
21:55,1315,0052,g7,14655,0,0,0
22:00,1320,0052,g7,14655,0,0,0
22:05,1325,0052,g7,14655,0,0,0
22:10,1330,0052,g7,14655,0,0,0
22:15,1335,0052,g7,14655,0,0,0
22:20,1340,0052,g7,14655,0,0,0
22:25,1345,0052,g7,14655,0,0,0
22:30,1350,0052,g7,14138,-517,-517,-517
22:35,1355,0052,g7,14138,0,-517,-517
22:40,1360,0052,g7,14138,0,0,-517
22:45,1365,0052,g7,14138,0,0,-517
22:50,1370,0052,g7,14138,0,0,-517
22:55,1375,0052,g7,14138,0,0,-517
23:00,1380,0052,g7,14138,0,0,0
23:05,1385,0052,g7,14138,0,0,0
23:10,1390,0052,g7,14138,0,0,0
23:15,1395,0052,g7,14138,0,0,0
23:16,1396,0052,g7,14138,,,
23:20,1400,0052,g7,14138,0,0,0
09:00,540,0053,g8,0,,,
09:05,545,0053,g8,0,0,,
09:10,550,0053,g8,0,0,0,
09:15,555,0053,g8,0,0,0,
09:20,560,0053,g8,0,0,0,
09:25,565,0053,g8,0,0,0,
09:30,570,0053,g8,0,0,0,0
09:35,575,0053,g8,0,0,0,0
09:40,580,0053,g8,0,0,0,0
09:45,585,0053,g8,0,0,0,0
09:50,590,0053,g8,0,0,0,0
09:55,595,0053,g8,0,0,0,0
10:00,600,0053,g8,0,0,0,0
10:05,605,0053,g8,0,0,0,0
10:10,610,0053,g8,0,0,0,0
10:15,615,0053,g8,0,0,0,0
10:20,620,0053,g8,0,0,0,0
10:25,625,0053,g8,0,0,0,0
10:30,630,0053,g8,0,0,0,0
10:35,635,0053,g8,0,0,0,0
10:40,640,0053,g8,0,0,0,0
10:45,645,0053,g8,0,0,0,0
10:50,650,0053,g8,0,0,0,0
10:55,655,0053,g8,0,0,0,0
11:00,660,0053,g8,0,0,0,0
11:05,665,0053,g8,0,0,0,0
11:10,670,0053,g8,0,0,0,0
11:15,675,0053,g8,0,0,0,0
11:20,680,0053,g8,0,0,0,0
11:25,685,0053,g8,0,0,0,0
11:30,690,0053,g8,0,0,0,0
11:35,695,0053,g8,0,0,0,0
11:40,700,0053,g8,0,0,0,0
11:45,705,0053,g8,-178,-178,-178,-178
11:50,710,0053,g8,-178,0,-178,-178
11:55,715,0053,g8,-178,0,0,-178
12:00,720,0053,g8,-178,0,0,-178
12:05,725,0053,g8,-178,0,0,-178
12:10,730,0053,g8,-178,0,0,-178
12:15,735,0053,g8,-178,0,0,0
12:20,740,0053,g8,-178,0,0,0
12:25,745,0053,g8,-178,0,0,0
12:30,750,0053,g8,-3378,-3200,-3200,-3200
12:35,755,0053,g8,-3378,0,-3200,-3200
12:40,760,0053,g8,-3378,0,0,-3200
12:45,765,0053,g8,-3378,0,0,-3200
12:50,770,0053,g8,-1244,2134,2134,-1066
12:55,775,0053,g8,-1244,0,2134,-1066
13:00,780,0053,g8,-1244,0,0,2134
13:05,785,0053,g8,-1244,0,0,2134
13:10,790,0053,g8,-1244,0,0,2134
13:15,795,0053,g8,-1244,0,0,2134
13:20,800,0053,g8,-1244,0,0,0
13:25,805,0053,g8,6207,7451,7451,7451
13:30,810,0053,g8,6207,0,7451,7451
13:35,815,0053,g8,6207,0,0,7451
13:40,820,0053,g8,6207,0,0,7451
13:45,825,0053,g8,6207,0,0,7451
13:50,830,0053,g8,5345,-862,-862,6589
13:55,835,0053,g8,5345,0,-862,-862
14:00,840,0053,g8,5345,0,0,-862
14:05,845,0053,g8,5345,0,0,-862
14:10,850,0053,g8,5345,0,0,-862
14:15,855,0053,g8,5345,0,0,-862
14:20,860,0053,g8,5345,0,0,0
14:25,865,0053,g8,5345,0,0,0
14:30,870,0053,g8,4828,-517,-517,-517
14:35,875,0053,g8,4828,0,-517,-517
14:40,880,0053,g8,4828,0,0,-517
14:45,885,0053,g8,3448,-1380,-1380,-1897
14:50,890,0053,g8,3448,0,-1380,-1897
14:55,895,0053,g8,3448,0,0,-1897
15:00,900,0053,g8,3448,0,0,-1380
15:05,905,0053,g8,3448,0,0,-1380
15:10,910,0053,g8,3448,0,0,-1380
15:15,915,0053,g8,3448,0,0,0
15:20,920,0053,g8,3448,0,0,0
15:25,925,0053,g8,3448,0,0,0
15:30,930,0053,g8,5000,1552,1552,1552
15:35,935,0053,g8,5000,0,1552,1552
15:40,940,0053,g8,5000,0,0,1552
15:45,945,0053,g8,10345,5345,5345,6897
15:50,950,0053,g8,10345,0,5345,6897
15:55,955,0053,g8,10345,0,0,6897
16:00,960,0053,g8,10345,0,0,5345
16:05,965,0053,g8,10345,0,0,5345
16:10,970,0053,g8,10345,0,0,5345
16:15,975,0053,g8,10345,0,0,0
16:20,980,0053,g8,10345,0,0,0
16:25,985,0053,g8,10345,0,0,0
16:30,990,0053,g8,14828,4483,4483,4483
16:35,995,0053,g8,14828,0,4483,4483
16:40,1000,0053,g8,14828,0,0,4483
16:45,1005,0053,g8,14828,0,0,4483
16:50,1010,0053,g8,14828,0,0,4483
16:55,1015,0053,g8,14828,0,0,4483
17:00,1020,0053,g8,14828,0,0,0
17:05,1025,0053,g8,14828,0,0,0
17:10,1030,0053,g8,14828,0,0,0
17:15,1035,0053,g8,14828,0,0,0
17:20,1040,0053,g8,14828,0,0,0
17:25,1045,0053,g8,14828,0,0,0
17:30,1050,0053,g8,14655,-173,-173,-173
17:35,1055,0053,g8,14655,0,-173,-173
17:40,1060,0053,g8,14655,0,0,-173
17:45,1065,0053,g8,14655,0,0,-173
17:50,1070,0053,g8,14655,0,0,-173
17:55,1075,0053,g8,14655,0,0,-173
18:00,1080,0053,g8,14655,0,0,0
18:05,1085,0053,g8,14655,0,0,0
18:10,1090,0053,g8,14655,0,0,0
18:15,1095,0053,g8,14655,0,0,0
18:20,1100,0053,g8,14655,0,0,0
18:25,1105,0053,g8,14138,-517,-517,-517
18:30,1110,0053,g8,14138,0,-517,-517
18:35,1115,0053,g8,14138,0,0,-517
18:40,1120,0053,g8,14138,0,0,-517
18:45,1125,0053,g8,14138,0,0,-517
18:50,1130,0053,g8,12931,-1207,-1207,-1724
18:55,1135,0053,g8,12931,0,-1207,-1207
19:00,1140,0053,g8,12931,0,0,-1207
19:05,1145,0053,g8,12931,0,0,-1207
19:10,1150,0053,g8,12931,0,0,-1207
19:15,1155,0053,g8,12931,0,0,-1207
19:20,1160,0053,g8,12931,0,0,0
19:25,1165,0053,g8,15345,2414,2414,2414
19:30,1170,0053,g8,15345,0,2414,2414
19:35,1175,0053,g8,15345,0,0,2414
19:40,1180,0053,g8,15345,0,0,2414
19:45,1185,0053,g8,16379,1034,1034,3448
19:50,1190,0053,g8,16379,0,1034,3448
19:55,1195,0053,g8,16379,0,0,1034
20:00,1200,0053,g8,16379,0,0,1034
20:05,1205,0053,g8,16379,0,0,1034
20:10,1210,0053,g8,16379,0,0,1034
20:15,1215,0053,g8,16379,0,0,0
20:20,1220,0053,g8,16379,0,0,0
20:25,1225,0053,g8,16379,0,0,0
20:30,1230,0053,g8,18448,2069,2069,2069
20:35,1235,0053,g8,18448,0,2069,2069
20:40,1240,0053,g8,18448,0,0,2069
20:45,1245,0053,g8,18448,0,0,2069
20:50,1250,0053,g8,18448,0,0,2069
20:55,1255,0053,g8,18448,0,0,2069
21:00,1260,0053,g8,18448,0,0,0
21:05,1265,0053,g8,18448,0,0,0
21:10,1270,0053,g8,18448,0,0,0
21:15,1275,0053,g8,18448,0,0,0
21:20,1280,0053,g8,18448,0,0,0
21:25,1285,0053,g8,18448,0,0,0
21:30,1290,0053,g8,18448,0,0,0
21:35,1295,0053,g8,18448,0,0,0
21:40,1300,0053,g8,18448,0,0,0
21:45,1305,0053,g8,18448,0,0,0
21:50,1310,0053,g8,18448,0,0,0
21:55,1315,0053,g8,18448,0,0,0
22:00,1320,0053,g8,18448,0,0,0
22:05,1325,0053,g8,18448,0,0,0
22:10,1330,0053,g8,18448,0,0,0
22:15,1335,0053,g8,18448,0,0,0
22:20,1340,0053,g8,18448,0,0,0
22:25,1345,0053,g8,18448,0,0,0
22:30,1350,0053,g8,18448,0,0,0
22:35,1355,0053,g8,18448,0,0,0
22:40,1360,0053,g8,18448,0,0,0
22:45,1365,0053,g8,18448,0,0,0
22:50,1370,0053,g8,18448,0,0,0
22:55,1375,0053,g8,18448,0,0,0
23:00,1380,0053,g8,18448,0,0,0
23:05,1385,0053,g8,18448,0,0,0
23:10,1390,0053,g8,18448,0,0,0
23:15,1395,0053,g8,18448,0,0,0
23:16,1396,0053,g8,18448,,,
23:20,1400,0053,g8,18448,0,0,0
09:00,540,0054,g9,0,,,
09:05,545,0054,g9,0,0,,
09:10,550,0054,g9,0,0,0,
09:15,555,0054,g9,0,0,0,
09:20,560,0054,g9,0,0,0,
09:25,565,0054,g9,0,0,0,
09:30,570,0054,g9,0,0,0,0
09:35,575,0054,g9,0,0,0,0
09:40,580,0054,g9,0,0,0,0
09:45,585,0054,g9,0,0,0,0
09:50,590,0054,g9,0,0,0,0
09:55,595,0054,g9,0,0,0,0
10:00,600,0054,g9,0,0,0,0
10:05,605,0054,g9,0,0,0,0
10:10,610,0054,g9,0,0,0,0
10:15,615,0054,g9,0,0,0,0
10:20,620,0054,g9,0,0,0,0
10:25,625,0054,g9,0,0,0,0
10:30,630,0054,g9,0,0,0,0
10:35,635,0054,g9,0,0,0,0
10:40,640,0054,g9,0,0,0,0
10:45,645,0054,g9,0,0,0,0
10:50,650,0054,g9,0,0,0,0
10:55,655,0054,g9,0,0,0,0
11:00,660,0054,g9,0,0,0,0
11:05,665,0054,g9,0,0,0,0
11:10,670,0054,g9,0,0,0,0
11:15,675,0054,g9,0,0,0,0
11:20,680,0054,g9,0,0,0,0
11:25,685,0054,g9,0,0,0,0
11:30,690,0054,g9,-711,-711,-711,-711
11:35,695,0054,g9,-711,0,-711,-711
11:40,700,0054,g9,-711,0,0,-711
11:45,705,0054,g9,-1956,-1245,-1245,-1956
11:50,710,0054,g9,-1956,0,-1245,-1956
11:55,715,0054,g9,-1956,0,0,-1956
12:00,720,0054,g9,-1956,0,0,-1245
12:05,725,0054,g9,-1956,0,0,-1245
12:10,730,0054,g9,-1956,0,0,-1245
12:15,735,0054,g9,-1956,0,0,0
12:20,740,0054,g9,-1956,0,0,0
12:25,745,0054,g9,-1956,0,0,0
12:30,750,0054,g9,0,1956,1956,1956
12:35,755,0054,g9,0,0,1956,1956
12:40,760,0054,g9,0,0,0,1956
12:45,765,0054,g9,0,0,0,1956
12:50,770,0054,g9,-356,-356,-356,1600
12:55,775,0054,g9,-356,0,-356,1600
13:00,780,0054,g9,-356,0,0,-356
13:05,785,0054,g9,-356,0,0,-356
13:10,790,0054,g9,-356,0,0,-356
13:15,795,0054,g9,-356,0,0,-356
13:20,800,0054,g9,-356,0,0,0
13:25,805,0054,g9,-1778,-1422,-1422,-1422
13:30,810,0054,g9,-1778,0,-1422,-1422
13:35,815,0054,g9,-1778,0,0,-1422
13:40,820,0054,g9,-1778,0,0,-1422
13:45,825,0054,g9,-1778,0,0,-1422
13:50,830,0054,g9,-2311,-533,-533,-1955
13:55,835,0054,g9,-2311,0,-533,-533
14:00,840,0054,g9,-2311,0,0,-533
14:05,845,0054,g9,-2311,0,0,-533
14:10,850,0054,g9,-2311,0,0,-533
14:15,855,0054,g9,-2311,0,0,-533
14:20,860,0054,g9,-2311,0,0,0
14:25,865,0054,g9,-2311,0,0,0
14:30,870,0054,g9,-889,1422,1422,1422
14:35,875,0054,g9,-889,0,1422,1422
14:40,880,0054,g9,-889,0,0,1422
14:45,885,0054,g9,1724,2613,2613,4035
14:50,890,0054,g9,1724,0,2613,4035
14:55,895,0054,g9,1724,0,0,4035
15:00,900,0054,g9,1724,0,0,2613
15:05,905,0054,g9,1724,0,0,2613
15:10,910,0054,g9,1724,0,0,2613
15:15,915,0054,g9,1724,0,0,0
15:20,920,0054,g9,1724,0,0,0
15:25,925,0054,g9,1724,0,0,0
15:30,930,0054,g9,-889,-2613,-2613,-2613
15:35,935,0054,g9,-889,0,-2613,-2613
15:40,940,0054,g9,-889,0,0,-2613
15:45,945,0054,g9,-1956,-1067,-1067,-3680
15:50,950,0054,g9,-1956,0,-1067,-3680
15:55,955,0054,g9,-1956,0,0,-3680
16:00,960,0054,g9,-1956,0,0,-1067
16:05,965,0054,g9,-1956,0,0,-1067
16:10,970,0054,g9,-1956,0,0,-1067
16:15,975,0054,g9,-1956,0,0,0
16:20,980,0054,g9,-1956,0,0,0
16:25,985,0054,g9,-1956,0,0,0
16:30,990,0054,g9,-4622,-2666,-2666,-2666
16:35,995,0054,g9,-4622,0,-2666,-2666
16:40,1000,0054,g9,-4622,0,0,-2666
16:45,1005,0054,g9,-4622,0,0,-2666
16:50,1010,0054,g9,-6044,-1422,-1422,-4088
16:55,1015,0054,g9,-6044,0,-1422,-4088
17:00,1020,0054,g9,-6044,0,0,-1422
17:05,1025,0054,g9,-6044,0,0,-1422
17:10,1030,0054,g9,-6044,0,0,-1422
17:15,1035,0054,g9,-6044,0,0,-1422
17:20,1040,0054,g9,-6044,0,0,0
17:25,1045,0054,g9,-6044,0,0,0
17:30,1050,0054,g9,-8533,-2489,-2489,-2489
17:35,1055,0054,g9,-8533,0,-2489,-2489
17:40,1060,0054,g9,-8533,0,0,-2489
17:45,1065,0054,g9,-8533,0,0,-2489
17:50,1070,0054,g9,-9067,-534,-534,-3023
17:55,1075,0054,g9,-9067,0,-534,-3023
18:00,1080,0054,g9,-9067,0,0,-534
18:05,1085,0054,g9,-9067,0,0,-534
18:10,1090,0054,g9,-9067,0,0,-534
18:15,1095,0054,g9,-9067,0,0,-534
18:20,1100,0054,g9,-9067,0,0,0
18:25,1105,0054,g9,-10311,-1244,-1244,-1244
18:30,1110,0054,g9,-10311,0,-1244,-1244
18:35,1115,0054,g9,-10311,0,0,-1244
18:40,1120,0054,g9,-10311,0,0,-1244
18:45,1125,0054,g9,-10311,0,0,-1244
18:50,1130,0054,g9,-10311,0,0,-1244
18:55,1135,0054,g9,-10311,0,0,0
19:00,1140,0054,g9,-10311,0,0,0
19:05,1145,0054,g9,-10311,0,0,0
19:10,1150,0054,g9,-10311,0,0,0
19:15,1155,0054,g9,-10311,0,0,0
19:20,1160,0054,g9,-10311,0,0,0
19:25,1165,0054,g9,-10667,-356,-356,-356
19:30,1170,0054,g9,-10667,0,-356,-356
19:35,1175,0054,g9,-10667,0,0,-356
19:40,1180,0054,g9,-10667,0,0,-356
19:45,1185,0054,g9,-9956,711,711,355
19:50,1190,0054,g9,-9956,0,711,355
19:55,1195,0054,g9,-9956,0,0,711
20:00,1200,0054,g9,-9956,0,0,711
20:05,1205,0054,g9,-9956,0,0,711
20:10,1210,0054,g9,-9956,0,0,711
20:15,1215,0054,g9,-9956,0,0,0
20:20,1220,0054,g9,-9956,0,0,0
20:25,1225,0054,g9,-9956,0,0,0
20:30,1230,0054,g9,-10489,-533,-533,-533
20:35,1235,0054,g9,-10489,0,-533,-533
20:40,1240,0054,g9,-10489,0,0,-533
20:45,1245,0054,g9,-8000,2489,2489,1956
20:50,1250,0054,g9,-8000,0,2489,1956
20:55,1255,0054,g9,-8000,0,0,1956
21:00,1260,0054,g9,-8000,0,0,2489
21:05,1265,0054,g9,-8000,0,0,2489
21:10,1270,0054,g9,-8000,0,0,2489
21:15,1275,0054,g9,-8000,0,0,0
21:20,1280,0054,g9,-8000,0,0,0
21:25,1285,0054,g9,-8000,0,0,0
21:30,1290,0054,g9,-6222,1778,1778,1778
21:35,1295,0054,g9,-6222,0,1778,1778
21:40,1300,0054,g9,-6222,0,0,1778
21:45,1305,0054,g9,-6222,0,0,1778
21:50,1310,0054,g9,-6222,0,0,1778
21:55,1315,0054,g9,-6222,0,0,1778
22:00,1320,0054,g9,-6222,0,0,0
22:05,1325,0054,g9,-6222,0,0,0
22:10,1330,0054,g9,-6222,0,0,0
22:15,1335,0054,g9,-6222,0,0,0
22:20,1340,0054,g9,-6222,0,0,0
22:25,1345,0054,g9,-6222,0,0,0
22:30,1350,0054,g9,-6222,0,0,0
22:35,1355,0054,g9,-6222,0,0,0
22:40,1360,0054,g9,-6222,0,0,0
22:45,1365,0054,g9,-6222,0,0,0
22:50,1370,0054,g9,-6222,0,0,0
22:55,1375,0054,g9,-6222,0,0,0
23:00,1380,0054,g9,-6222,0,0,0
23:05,1385,0054,g9,-6222,0,0,0
23:10,1390,0054,g9,-6222,0,0,0
23:15,1395,0054,g9,-6222,0,0,0
23:16,1396,0054,g9,-6222,,,
23:20,1400,0054,g9,-6222,0,0,0
09:00,540,0055,g1,0,,,
09:05,545,0055,g1,0,0,,
09:10,550,0055,g1,0,0,0,
09:15,555,0055,g1,0,0,0,
09:20,560,0055,g1,0,0,0,
09:25,565,0055,g1,0,0,0,
09:30,570,0055,g1,0,0,0,0
09:35,575,0055,g1,0,0,0,0
09:40,580,0055,g1,0,0,0,0
09:45,585,0055,g1,0,0,0,0
09:50,590,0055,g1,0,0,0,0
09:55,595,0055,g1,0,0,0,0
10:00,600,0055,g1,0,0,0,0
10:05,605,0055,g1,0,0,0,0
10:10,610,0055,g1,0,0,0,0
10:15,615,0055,g1,0,0,0,0
10:20,620,0055,g1,0,0,0,0
10:25,625,0055,g1,0,0,0,0
10:30,630,0055,g1,0,0,0,0
10:35,635,0055,g1,0,0,0,0
10:40,640,0055,g1,0,0,0,0
10:45,645,0055,g1,0,0,0,0
10:50,650,0055,g1,0,0,0,0
10:55,655,0055,g1,0,0,0,0
11:00,660,0055,g1,0,0,0,0
11:05,665,0055,g1,0,0,0,0
11:10,670,0055,g1,0,0,0,0
11:15,675,0055,g1,0,0,0,0
11:20,680,0055,g1,0,0,0,0
11:25,685,0055,g1,0,0,0,0
11:30,690,0055,g1,0,0,0,0
11:35,695,0055,g1,0,0,0,0
11:40,700,0055,g1,0,0,0,0
11:45,705,0055,g1,-889,-889,-889,-889
11:50,710,0055,g1,-889,0,-889,-889
11:55,715,0055,g1,-889,0,0,-889
12:00,720,0055,g1,-889,0,0,-889
12:05,725,0055,g1,-889,0,0,-889
12:10,730,0055,g1,-889,0,0,-889
12:15,735,0055,g1,-889,0,0,0
12:20,740,0055,g1,-889,0,0,0
12:25,745,0055,g1,-889,0,0,0
12:30,750,0055,g1,-2489,-1600,-1600,-1600
12:35,755,0055,g1,-2489,0,-1600,-1600
12:40,760,0055,g1,-2489,0,0,-1600
12:45,765,0055,g1,-2489,0,0,-1600
12:50,770,0055,g1,-1600,889,889,-711
12:55,775,0055,g1,-1600,0,889,-711
13:00,780,0055,g1,-1600,0,0,889
13:05,785,0055,g1,-1600,0,0,889
13:10,790,0055,g1,-1600,0,0,889
13:15,795,0055,g1,-1600,0,0,889
13:20,800,0055,g1,-1600,0,0,0
13:25,805,0055,g1,-2489,-889,-889,-889
13:30,810,0055,g1,-2489,0,-889,-889
13:35,815,0055,g1,-2489,0,0,-889
13:40,820,0055,g1,-2489,0,0,-889
13:45,825,0055,g1,-2489,0,0,-889
13:50,830,0055,g1,-2489,0,0,-889
13:55,835,0055,g1,-2489,0,0,0
14:00,840,0055,g1,-2489,0,0,0
14:05,845,0055,g1,-2489,0,0,0
14:10,850,0055,g1,-2489,0,0,0
14:15,855,0055,g1,-2489,0,0,0
14:20,860,0055,g1,-2489,0,0,0
14:25,865,0055,g1,-2489,0,0,0
14:30,870,0055,g1,-4444,-1955,-1955,-1955
14:35,875,0055,g1,-4444,0,-1955,-1955
14:40,880,0055,g1,-4444,0,0,-1955
14:45,885,0055,g1,-5867,-1423,-1423,-3378
14:50,890,0055,g1,-5867,0,-1423,-3378
14:55,895,0055,g1,-5867,0,0,-3378
15:00,900,0055,g1,-5867,0,0,-1423
15:05,905,0055,g1,-5867,0,0,-1423
15:10,910,0055,g1,-5867,0,0,-1423
15:15,915,0055,g1,-5867,0,0,0
15:20,920,0055,g1,-5867,0,0,0
15:25,925,0055,g1,-5867,0,0,0
15:30,930,0055,g1,-4267,1600,1600,1600
15:35,935,0055,g1,-4267,0,1600,1600
15:40,940,0055,g1,-4267,0,0,1600
15:45,945,0055,g1,-5156,-889,-889,711
15:50,950,0055,g1,-5156,0,-889,711
15:55,955,0055,g1,-5156,0,0,711
16:00,960,0055,g1,-5156,0,0,-889
16:05,965,0055,g1,-5156,0,0,-889
16:10,970,0055,g1,-5156,0,0,-889
16:15,975,0055,g1,-5156,0,0,0
16:20,980,0055,g1,-5156,0,0,0
16:25,985,0055,g1,-5156,0,0,0
16:30,990,0055,g1,-8356,-3200,-3200,-3200
16:35,995,0055,g1,-8356,0,-3200,-3200
16:40,1000,0055,g1,-8356,0,0,-3200
16:45,1005,0055,g1,-8356,0,0,-3200
16:50,1010,0055,g1,-9067,-711,-711,-3911
16:55,1015,0055,g1,-9067,0,-711,-3911
17:00,1020,0055,g1,-9067,0,0,-711
17:05,1025,0055,g1,-9067,0,0,-711
17:10,1030,0055,g1,-9067,0,0,-711
17:15,1035,0055,g1,-9067,0,0,-711
17:20,1040,0055,g1,-9067,0,0,0
17:25,1045,0055,g1,-9067,0,0,0
17:30,1050,0055,g1,-10844,-1777,-1777,-1777
17:35,1055,0055,g1,-10844,0,-1777,-1777
17:40,1060,0055,g1,-10844,0,0,-1777
17:45,1065,0055,g1,-10844,0,0,-1777
17:50,1070,0055,g1,-11733,-889,-889,-2666
17:55,1075,0055,g1,-11733,0,-889,-2666
18:00,1080,0055,g1,-11733,0,0,-889
18:05,1085,0055,g1,-11733,0,0,-889
18:10,1090,0055,g1,-11733,0,0,-889
18:15,1095,0055,g1,-11733,0,0,-889
18:20,1100,0055,g1,-11733,0,0,0
18:25,1105,0055,g1,-11733,0,0,0
18:30,1110,0055,g1,-11733,0,0,0
18:35,1115,0055,g1,-11733,0,0,0
18:40,1120,0055,g1,-11733,0,0,0
18:45,1125,0055,g1,-11733,0,0,0
18:50,1130,0055,g1,-11911,-178,-178,-178
18:55,1135,0055,g1,-11911,0,-178,-178
19:00,1140,0055,g1,-11911,0,0,-178
19:05,1145,0055,g1,-11911,0,0,-178
19:10,1150,0055,g1,-11911,0,0,-178
19:15,1155,0055,g1,-11911,0,0,-178
19:20,1160,0055,g1,-11911,0,0,0
19:25,1165,0055,g1,-11022,889,889,889
19:30,1170,0055,g1,-11022,0,889,889
19:35,1175,0055,g1,-11022,0,0,889
19:40,1180,0055,g1,-11022,0,0,889
19:45,1185,0055,g1,-11022,0,0,889
19:50,1190,0055,g1,-11022,0,0,889
19:55,1195,0055,g1,-11022,0,0,0
20:00,1200,0055,g1,-11022,0,0,0
20:05,1205,0055,g1,-11022,0,0,0
20:10,1210,0055,g1,-11022,0,0,0
20:15,1215,0055,g1,-11022,0,0,0
20:20,1220,0055,g1,-11022,0,0,0
20:25,1225,0055,g1,-11022,0,0,0
20:30,1230,0055,g1,-11556,-534,-534,-534
20:35,1235,0055,g1,-11556,0,-534,-534
20:40,1240,0055,g1,-11556,0,0,-534
20:45,1245,0055,g1,-11556,0,0,-534
20:50,1250,0055,g1,-11556,0,0,-534
20:55,1255,0055,g1,-11556,0,0,-534
21:00,1260,0055,g1,-11556,0,0,0
21:05,1265,0055,g1,-11556,0,0,0
21:10,1270,0055,g1,-11556,0,0,0
21:15,1275,0055,g1,-11556,0,0,0
21:20,1280,0055,g1,-11556,0,0,0
21:25,1285,0055,g1,-11556,0,0,0
21:30,1290,0055,g1,-11556,0,0,0
21:35,1295,0055,g1,-11556,0,0,0
21:40,1300,0055,g1,-11556,0,0,0
21:45,1305,0055,g1,-11556,0,0,0
21:50,1310,0055,g1,-11556,0,0,0
21:55,1315,0055,g1,-11556,0,0,0
22:00,1320,0055,g1,-11556,0,0,0
22:05,1325,0055,g1,-11556,0,0,0
22:10,1330,0055,g1,-11556,0,0,0
22:15,1335,0055,g1,-11556,0,0,0
22:20,1340,0055,g1,-11556,0,0,0
22:25,1345,0055,g1,-11556,0,0,0
22:30,1350,0055,g1,-12444,-888,-888,-888
22:35,1355,0055,g1,-12444,0,-888,-888
22:40,1360,0055,g1,-12444,0,0,-888
22:45,1365,0055,g1,-12444,0,0,-888
22:50,1370,0055,g1,-12444,0,0,-888
22:55,1375,0055,g1,-12444,0,0,-888
23:00,1380,0055,g1,-12444,0,0,0
23:05,1385,0055,g1,-12444,0,0,0
23:10,1390,0055,g1,-12444,0,0,0
23:15,1395,0055,g1,-12444,0,0,0
23:16,1396,0055,g1,-12444,,,
23:20,1400,0055,g1,-12444,0,0,0
09:00,540,0056,g2,0,,,
09:05,545,0056,g2,0,0,,
09:10,550,0056,g2,0,0,0,
09:15,555,0056,g2,0,0,0,
09:20,560,0056,g2,0,0,0,
09:25,565,0056,g2,0,0,0,
09:30,570,0056,g2,0,0,0,0
09:35,575,0056,g2,0,0,0,0
09:40,580,0056,g2,0,0,0,0
09:45,585,0056,g2,0,0,0,0
09:50,590,0056,g2,0,0,0,0
09:55,595,0056,g2,0,0,0,0
10:00,600,0056,g2,0,0,0,0
10:05,605,0056,g2,0,0,0,0
10:10,610,0056,g2,0,0,0,0
10:15,615,0056,g2,0,0,0,0
10:20,620,0056,g2,0,0,0,0
10:25,625,0056,g2,0,0,0,0
10:30,630,0056,g2,0,0,0,0
10:35,635,0056,g2,0,0,0,0
10:40,640,0056,g2,-89,-89,-89,-89
10:45,645,0056,g2,-89,0,-89,-89
10:50,650,0056,g2,-89,0,0,-89
10:55,655,0056,g2,-89,0,0,-89
11:00,660,0056,g2,-89,0,0,-89
11:05,665,0056,g2,-89,0,0,-89
11:10,670,0056,g2,-89,0,0,0
11:15,675,0056,g2,-89,0,0,0
11:20,680,0056,g2,-89,0,0,0
11:25,685,0056,g2,-89,0,0,0
11:30,690,0056,g2,-622,-533,-533,-533
11:35,695,0056,g2,-622,0,-533,-533
11:40,700,0056,g2,-622,0,0,-533
11:45,705,0056,g2,-1244,-622,-622,-1155
11:50,710,0056,g2,-1244,0,-622,-1155
11:55,715,0056,g2,-1244,0,0,-1155
12:00,720,0056,g2,-1244,0,0,-622
12:05,725,0056,g2,-1244,0,0,-622
12:10,730,0056,g2,-1244,0,0,-622
12:15,735,0056,g2,-1244,0,0,0
12:20,740,0056,g2,-1244,0,0,0
12:25,745,0056,g2,-1244,0,0,0
12:30,750,0056,g2,-2578,-1334,-1334,-1334
12:35,755,0056,g2,-2578,0,-1334,-1334
12:40,760,0056,g2,-2578,0,0,-1334
12:45,765,0056,g2,-2578,0,0,-1334
12:50,770,0056,g2,-533,2045,2045,711
12:55,775,0056,g2,-533,0,2045,711
13:00,780,0056,g2,-533,0,0,2045
13:05,785,0056,g2,-533,0,0,2045
13:10,790,0056,g2,-533,0,0,2045
13:15,795,0056,g2,-533,0,0,2045
13:20,800,0056,g2,-533,0,0,0
13:25,805,0056,g2,5517,6050,6050,6050
13:30,810,0056,g2,5517,0,6050,6050
13:35,815,0056,g2,5517,0,0,6050
13:40,820,0056,g2,5517,0,0,6050
13:45,825,0056,g2,5517,0,0,6050
13:50,830,0056,g2,9397,3880,3880,9930
13:55,835,0056,g2,9397,0,3880,3880
14:00,840,0056,g2,9397,0,0,3880
14:05,845,0056,g2,9397,0,0,3880
14:10,850,0056,g2,9397,0,0,3880
14:15,855,0056,g2,9397,0,0,3880
14:20,860,0056,g2,9397,0,0,0
14:25,865,0056,g2,9397,0,0,0
14:30,870,0056,g2,7241,-2156,-2156,-2156
14:35,875,0056,g2,7241,0,-2156,-2156
14:40,880,0056,g2,7241,0,0,-2156
14:45,885,0056,g2,6034,-1207,-1207,-3363
14:50,890,0056,g2,6034,0,-1207,-3363
14:55,895,0056,g2,6034,0,0,-3363
15:00,900,0056,g2,6034,0,0,-1207
15:05,905,0056,g2,6034,0,0,-1207
15:10,910,0056,g2,6034,0,0,-1207
15:15,915,0056,g2,6034,0,0,0
15:20,920,0056,g2,6034,0,0,0
15:25,925,0056,g2,6034,0,0,0
15:30,930,0056,g2,7241,1207,1207,1207
15:35,935,0056,g2,7241,0,1207,1207
15:40,940,0056,g2,7241,0,0,1207
15:45,945,0056,g2,5690,-1551,-1551,-344
15:50,950,0056,g2,5690,0,-1551,-344
15:55,955,0056,g2,5690,0,0,-344
16:00,960,0056,g2,5690,0,0,-1551
16:05,965,0056,g2,5690,0,0,-1551
16:10,970,0056,g2,5690,0,0,-1551
16:15,975,0056,g2,5690,0,0,0
16:20,980,0056,g2,5690,0,0,0
16:25,985,0056,g2,5690,0,0,0
16:30,990,0056,g2,3448,-2242,-2242,-2242
16:35,995,0056,g2,3448,0,-2242,-2242
16:40,1000,0056,g2,3448,0,0,-2242
16:45,1005,0056,g2,3448,0,0,-2242
16:50,1010,0056,g2,2328,-1120,-1120,-3362
16:55,1015,0056,g2,2328,0,-1120,-3362
17:00,1020,0056,g2,2328,0,0,-1120
17:05,1025,0056,g2,2328,0,0,-1120
17:10,1030,0056,g2,2328,0,0,-1120
17:15,1035,0056,g2,2328,0,0,-1120
17:20,1040,0056,g2,2328,0,0,0
17:25,1045,0056,g2,2328,0,0,0
17:30,1050,0056,g2,-444,-2772,-2772,-2772
17:35,1055,0056,g2,-444,0,-2772,-2772
17:40,1060,0056,g2,-444,0,0,-2772
17:45,1065,0056,g2,-444,0,0,-2772
17:50,1070,0056,g2,-2044,-1600,-1600,-4372
17:55,1075,0056,g2,-2044,0,-1600,-4372
18:00,1080,0056,g2,-2044,0,0,-1600
18:05,1085,0056,g2,-2044,0,0,-1600
18:10,1090,0056,g2,-2044,0,0,-1600
18:15,1095,0056,g2,-2044,0,0,-1600
18:20,1100,0056,g2,-2044,0,0,0
18:25,1105,0056,g2,517,2561,2561,2561
18:30,1110,0056,g2,517,0,2561,2561
18:35,1115,0056,g2,517,0,0,2561
18:40,1120,0056,g2,517,0,0,2561
18:45,1125,0056,g2,517,0,0,2561
18:50,1130,0056,g2,-622,-1139,-1139,1422
18:55,1135,0056,g2,-622,0,-1139,-1139
19:00,1140,0056,g2,-622,0,0,-1139
19:05,1145,0056,g2,-622,0,0,-1139
19:10,1150,0056,g2,-622,0,0,-1139
19:15,1155,0056,g2,-622,0,0,-1139
19:20,1160,0056,g2,-622,0,0,0
19:25,1165,0056,g2,5948,6570,6570,6570
19:30,1170,0056,g2,5948,0,6570,6570
19:35,1175,0056,g2,5948,0,0,6570
19:40,1180,0056,g2,5948,0,0,6570
19:45,1185,0056,g2,7845,1897,1897,8467
19:50,1190,0056,g2,7845,0,1897,8467
19:55,1195,0056,g2,7845,0,0,1897
20:00,1200,0056,g2,7845,0,0,1897
20:05,1205,0056,g2,7845,0,0,1897
20:10,1210,0056,g2,7845,0,0,1897
20:15,1215,0056,g2,7845,0,0,0
20:20,1220,0056,g2,7845,0,0,0
20:25,1225,0056,g2,7845,0,0,0
20:30,1230,0056,g2,6293,-1552,-1552,-1552
20:35,1235,0056,g2,6293,0,-1552,-1552
20:40,1240,0056,g2,6293,0,0,-1552
20:45,1245,0056,g2,6293,0,0,-1552
20:50,1250,0056,g2,6293,0,0,-1552
20:55,1255,0056,g2,6293,0,0,-1552
21:00,1260,0056,g2,6293,0,0,0
21:05,1265,0056,g2,6293,0,0,0
21:10,1270,0056,g2,6293,0,0,0
21:15,1275,0056,g2,6293,0,0,0
21:20,1280,0056,g2,6293,0,0,0
21:25,1285,0056,g2,6293,0,0,0
21:30,1290,0056,g2,6293,0,0,0
21:35,1295,0056,g2,6293,0,0,0
21:40,1300,0056,g2,6293,0,0,0
21:45,1305,0056,g2,6293,0,0,0
21:50,1310,0056,g2,6293,0,0,0
21:55,1315,0056,g2,6293,0,0,0
22:00,1320,0056,g2,6293,0,0,0
22:05,1325,0056,g2,6293,0,0,0
22:10,1330,0056,g2,6293,0,0,0
22:15,1335,0056,g2,6293,0,0,0
22:20,1340,0056,g2,6293,0,0,0
22:25,1345,0056,g2,6293,0,0,0
22:30,1350,0056,g2,6293,0,0,0
22:35,1355,0056,g2,6293,0,0,0
22:40,1360,0056,g2,6293,0,0,0
22:45,1365,0056,g2,6293,0,0,0
22:50,1370,0056,g2,6293,0,0,0
22:55,1375,0056,g2,6293,0,0,0
23:00,1380,0056,g2,6293,0,0,0
23:05,1385,0056,g2,6293,0,0,0
23:10,1390,0056,g2,6293,0,0,0
23:15,1395,0056,g2,6293,0,0,0
23:16,1396,0056,g2,6293,,,
23:20,1400,0056,g2,6293,0,0,0
09:00,540,0057,g3,0,,,
09:05,545,0057,g3,0,0,,
09:10,550,0057,g3,0,0,0,
09:15,555,0057,g3,0,0,0,
09:20,560,0057,g3,0,0,0,
09:25,565,0057,g3,0,0,0,
09:30,570,0057,g3,0,0,0,0
09:35,575,0057,g3,0,0,0,0
09:40,580,0057,g3,0,0,0,0
09:45,585,0057,g3,0,0,0,0
09:50,590,0057,g3,0,0,0,0
09:55,595,0057,g3,0,0,0,0
10:00,600,0057,g3,0,0,0,0
10:05,605,0057,g3,0,0,0,0
10:10,610,0057,g3,0,0,0,0
10:15,615,0057,g3,0,0,0,0
10:20,620,0057,g3,0,0,0,0
10:25,625,0057,g3,0,0,0,0
10:30,630,0057,g3,0,0,0,0
10:35,635,0057,g3,0,0,0,0
10:40,640,0057,g3,1983,1983,1983,1983
10:45,645,0057,g3,1983,0,1983,1983
10:50,650,0057,g3,1983,0,0,1983
10:55,655,0057,g3,1983,0,0,1983
11:00,660,0057,g3,1983,0,0,1983
11:05,665,0057,g3,1983,0,0,1983
11:10,670,0057,g3,1983,0,0,0
11:15,675,0057,g3,1983,0,0,0
11:20,680,0057,g3,1983,0,0,0
11:25,685,0057,g3,1983,0,0,0
11:30,690,0057,g3,1240,-743,-743,-743
11:35,695,0057,g3,1240,0,-743,-743
11:40,700,0057,g3,1240,0,0,-743
11:45,705,0057,g3,744,-496,-496,-1239
11:50,710,0057,g3,744,0,-496,-1239
11:55,715,0057,g3,744,0,0,-1239
12:00,720,0057,g3,744,0,0,-496
12:05,725,0057,g3,744,0,0,-496
12:10,730,0057,g3,744,0,0,-496
12:15,735,0057,g3,744,0,0,0
12:20,740,0057,g3,744,0,0,0
12:25,745,0057,g3,744,0,0,0
12:30,750,0057,g3,-255,-999,-999,-999
12:35,755,0057,g3,-255,0,-999,-999
12:40,760,0057,g3,-255,0,0,-999
12:45,765,0057,g3,-255,0,0,-999
12:50,770,0057,g3,-1277,-1022,-1022,-2021
12:55,775,0057,g3,-1277,0,-1022,-2021
13:00,780,0057,g3,-1277,0,0,-1022
13:05,785,0057,g3,-1277,0,0,-1022
13:10,790,0057,g3,-1277,0,0,-1022
13:15,795,0057,g3,-1277,0,0,-1022
13:20,800,0057,g3,-1277,0,0,0
13:25,805,0057,g3,-3319,-2042,-2042,-2042
13:30,810,0057,g3,-3319,0,-2042,-2042
13:35,815,0057,g3,-3319,0,0,-2042
13:40,820,0057,g3,-3319,0,0,-2042
13:45,825,0057,g3,-3319,0,0,-2042
13:50,830,0057,g3,-4340,-1021,-1021,-3063
13:55,835,0057,g3,-4340,0,-1021,-1021
14:00,840,0057,g3,-4340,0,0,-1021
14:05,845,0057,g3,-4340,0,0,-1021
14:10,850,0057,g3,-4340,0,0,-1021
14:15,855,0057,g3,-4340,0,0,-1021
14:20,860,0057,g3,-4340,0,0,0
14:25,865,0057,g3,-4340,0,0,0
14:30,870,0057,g3,-6894,-2554,-2554,-2554
14:35,875,0057,g3,-6894,0,-2554,-2554
14:40,880,0057,g3,-6894,0,0,-2554
14:45,885,0057,g3,-8170,-1276,-1276,-3830
14:50,890,0057,g3,-8170,0,-1276,-3830
14:55,895,0057,g3,-8170,0,0,-3830
15:00,900,0057,g3,-8170,0,0,-1276
15:05,905,0057,g3,-8170,0,0,-1276
15:10,910,0057,g3,-8170,0,0,-1276
15:15,915,0057,g3,-8170,0,0,0
15:20,920,0057,g3,-8170,0,0,0
15:25,925,0057,g3,-8170,0,0,0
15:30,930,0057,g3,-10979,-2809,-2809,-2809
15:35,935,0057,g3,-10979,0,-2809,-2809
15:40,940,0057,g3,-10979,0,0,-2809
15:45,945,0057,g3,-12511,-1532,-1532,-4341
15:50,950,0057,g3,-12511,0,-1532,-4341
15:55,955,0057,g3,-12511,0,0,-4341
16:00,960,0057,g3,-12511,0,0,-1532
16:05,965,0057,g3,-12511,0,0,-1532
16:10,970,0057,g3,-12511,0,0,-1532
16:15,975,0057,g3,-12511,0,0,0
16:20,980,0057,g3,-12511,0,0,0
16:25,985,0057,g3,-12511,0,0,0
16:30,990,0057,g3,-15574,-3063,-3063,-3063
16:35,995,0057,g3,-15574,0,-3063,-3063
16:40,1000,0057,g3,-15574,0,0,-3063
16:45,1005,0057,g3,-15574,0,0,-3063
16:50,1010,0057,g3,-17106,-1532,-1532,-4595
16:55,1015,0057,g3,-17106,0,-1532,-4595
17:00,1020,0057,g3,-17106,0,0,-1532
17:05,1025,0057,g3,-17106,0,0,-1532
17:10,1030,0057,g3,-17106,0,0,-1532
17:15,1035,0057,g3,-17106,0,0,-1532
17:20,1040,0057,g3,-17106,0,0,0
17:25,1045,0057,g3,-17106,0,0,0
17:30,1050,0057,g3,-19915,-2809,-2809,-2809
17:35,1055,0057,g3,-19915,0,-2809,-2809
17:40,1060,0057,g3,-19915,0,0,-2809
17:45,1065,0057,g3,-19915,0,0,-2809
17:50,1070,0057,g3,-21447,-1532,-1532,-4341
17:55,1075,0057,g3,-21447,0,-1532,-4341
18:00,1080,0057,g3,-21447,0,0,-1532
18:05,1085,0057,g3,-21447,0,0,-1532
18:10,1090,0057,g3,-21447,0,0,-1532
18:15,1095,0057,g3,-21447,0,0,-1532
18:20,1100,0057,g3,-21447,0,0,0
18:25,1105,0057,g3,-21957,-510,-510,-510
18:30,1110,0057,g3,-21957,0,-510,-510
18:35,1115,0057,g3,-21957,0,0,-510
18:40,1120,0057,g3,-21957,0,0,-510
18:45,1125,0057,g3,-21957,0,0,-510
18:50,1130,0057,g3,-21957,0,0,-510
18:55,1135,0057,g3,-21957,0,0,0
19:00,1140,0057,g3,-21957,0,0,0
19:05,1145,0057,g3,-21957,0,0,0
19:10,1150,0057,g3,-21957,0,0,0
19:15,1155,0057,g3,-21957,0,0,0
19:20,1160,0057,g3,-21957,0,0,0
19:25,1165,0057,g3,-21191,766,766,766
19:30,1170,0057,g3,-21191,0,766,766
19:35,1175,0057,g3,-21191,0,0,766
19:40,1180,0057,g3,-21191,0,0,766
19:45,1185,0057,g3,-22213,-1022,-1022,-256
19:50,1190,0057,g3,-22213,0,-1022,-256
19:55,1195,0057,g3,-22213,0,0,-1022
20:00,1200,0057,g3,-22213,0,0,-1022
20:05,1205,0057,g3,-22213,0,0,-1022
20:10,1210,0057,g3,-22213,0,0,-1022
20:15,1215,0057,g3,-22213,0,0,0
20:20,1220,0057,g3,-22213,0,0,0
20:25,1225,0057,g3,-22213,0,0,0
20:30,1230,0057,g3,-22213,0,0,0
20:35,1235,0057,g3,-22213,0,0,0
20:40,1240,0057,g3,-22213,0,0,0
20:45,1245,0057,g3,-23234,-1021,-1021,-1021
20:50,1250,0057,g3,-23234,0,-1021,-1021
20:55,1255,0057,g3,-23234,0,0,-1021
21:00,1260,0057,g3,-23234,0,0,-1021
21:05,1265,0057,g3,-23234,0,0,-1021
21:10,1270,0057,g3,-23234,0,0,-1021
21:15,1275,0057,g3,-23234,0,0,0
21:20,1280,0057,g3,-23234,0,0,0
21:25,1285,0057,g3,-23234,0,0,0
21:30,1290,0057,g3,-24766,-1532,-1532,-1532
21:35,1295,0057,g3,-24766,0,-1532,-1532
21:40,1300,0057,g3,-24766,0,0,-1532
21:45,1305,0057,g3,-24766,0,0,-1532
21:50,1310,0057,g3,-24766,0,0,-1532
21:55,1315,0057,g3,-24766,0,0,-1532
22:00,1320,0057,g3,-24766,0,0,0
22:05,1325,0057,g3,-24766,0,0,0
22:10,1330,0057,g3,-24766,0,0,0
22:15,1335,0057,g3,-24766,0,0,0
22:20,1340,0057,g3,-24766,0,0,0
22:25,1345,0057,g3,-24766,0,0,0
22:30,1350,0057,g3,-24766,0,0,0
22:35,1355,0057,g3,-24766,0,0,0
22:40,1360,0057,g3,-24766,0,0,0
22:45,1365,0057,g3,-24766,0,0,0
22:50,1370,0057,g3,-24766,0,0,0
22:55,1375,0057,g3,-24766,0,0,0
23:00,1380,0057,g3,-24766,0,0,0
23:05,1385,0057,g3,-24766,0,0,0
23:10,1390,0057,g3,-24766,0,0,0
23:15,1395,0057,g3,-24766,0,0,0
23:16,1396,0057,g3,-24766,,,
23:20,1400,0057,g3,-24766,0,0,0
09:00,540,0058,g4,0,,,
09:05,545,0058,g4,0,0,,
09:10,550,0058,g4,0,0,0,
09:15,555,0058,g4,0,0,0,
09:20,560,0058,g4,0,0,0,
09:25,565,0058,g4,0,0,0,
09:30,570,0058,g4,0,0,0,0
09:35,575,0058,g4,0,0,0,0
09:40,580,0058,g4,0,0,0,0
09:45,585,0058,g4,0,0,0,0
09:50,590,0058,g4,0,0,0,0
09:55,595,0058,g4,0,0,0,0
10:00,600,0058,g4,0,0,0,0
10:05,605,0058,g4,0,0,0,0
10:10,610,0058,g4,-356,-356,-356,-356
10:15,615,0058,g4,-356,0,-356,-356
10:20,620,0058,g4,-356,0,0,-356
10:25,625,0058,g4,-1600,-1244,-1244,-1600
10:30,630,0058,g4,-1600,0,-1244,-1600
10:35,635,0058,g4,-1600,0,0,-1600
10:40,640,0058,g4,-2667,-1067,-1067,-2311
10:45,645,0058,g4,-2667,0,-1067,-2311
10:50,650,0058,g4,-2667,0,0,-2311
10:55,655,0058,g4,-2667,0,0,-1067
11:00,660,0058,g4,-2844,-177,-177,-1244
11:05,665,0058,g4,-2844,0,-177,-1244
11:10,670,0058,g4,-2844,0,0,-177
11:15,675,0058,g4,-2844,0,0,-177
11:20,680,0058,g4,-2844,0,0,-177
11:25,685,0058,g4,-2844,0,0,-177
11:30,690,0058,g4,-3556,-712,-712,-712
11:35,695,0058,g4,-3556,0,-712,-712
11:40,700,0058,g4,-3556,0,0,-712
11:45,705,0058,g4,-4800,-1244,-1244,-1956
11:50,710,0058,g4,-4800,0,-1244,-1956
11:55,715,0058,g4,-4800,0,0,-1956
12:00,720,0058,g4,-4800,0,0,-1244
12:05,725,0058,g4,-4800,0,0,-1244
12:10,730,0058,g4,-4800,0,0,-1244
12:15,735,0058,g4,-4800,0,0,0
12:20,740,0058,g4,-4800,0,0,0
12:25,745,0058,g4,-4800,0,0,0
12:30,750,0058,g4,-5867,-1067,-1067,-1067
12:35,755,0058,g4,-5867,0,-1067,-1067
12:40,760,0058,g4,-5867,0,0,-1067
12:45,765,0058,g4,-5867,0,0,-1067
12:50,770,0058,g4,-7467,-1600,-1600,-2667
12:55,775,0058,g4,-7467,0,-1600,-2667
13:00,780,0058,g4,-7467,0,0,-1600
13:05,785,0058,g4,-7467,0,0,-1600
13:10,790,0058,g4,-7467,0,0,-1600
13:15,795,0058,g4,-7467,0,0,-1600
13:20,800,0058,g4,-7467,0,0,0
13:25,805,0058,g4,-9778,-2311,-2311,-2311
13:30,810,0058,g4,-9778,0,-2311,-2311
13:35,815,0058,g4,-9778,0,0,-2311
13:40,820,0058,g4,-9778,0,0,-2311
13:45,825,0058,g4,-9778,0,0,-2311
13:50,830,0058,g4,-11200,-1422,-1422,-3733
13:55,835,0058,g4,-11200,0,-1422,-1422
14:00,840,0058,g4,-11200,0,0,-1422
14:05,845,0058,g4,-11200,0,0,-1422
14:10,850,0058,g4,-11200,0,0,-1422
14:15,855,0058,g4,-11200,0,0,-1422
14:20,860,0058,g4,-11200,0,0,0
14:25,865,0058,g4,-11200,0,0,0
14:30,870,0058,g4,-9600,1600,1600,1600
14:35,875,0058,g4,-9600,0,1600,1600
14:40,880,0058,g4,-9600,0,0,1600
14:45,885,0058,g4,-11200,-1600,-1600,0
14:50,890,0058,g4,-11200,0,-1600,0
14:55,895,0058,g4,-11200,0,0,0
15:00,900,0058,g4,-11200,0,0,-1600
15:05,905,0058,g4,-11200,0,0,-1600
15:10,910,0058,g4,-11200,0,0,-1600
15:15,915,0058,g4,-11200,0,0,0
15:20,920,0058,g4,-11200,0,0,0
15:25,925,0058,g4,-11200,0,0,0
15:30,930,0058,g4,-14400,-3200,-3200,-3200
15:35,935,0058,g4,-14400,0,-3200,-3200
15:40,940,0058,g4,-14400,0,0,-3200
15:45,945,0058,g4,-8711,5689,5689,2489
15:50,950,0058,g4,-8711,0,5689,2489
15:55,955,0058,g4,-8711,0,0,2489
16:00,960,0058,g4,-8711,0,0,5689
16:05,965,0058,g4,-8711,0,0,5689
16:10,970,0058,g4,-8711,0,0,5689
16:15,975,0058,g4,-8711,0,0,0
16:20,980,0058,g4,-8711,0,0,0
16:25,985,0058,g4,-8711,0,0,0
16:30,990,0058,g4,-11378,-2667,-2667,-2667
16:35,995,0058,g4,-11378,0,-2667,-2667
16:40,1000,0058,g4,-11378,0,0,-2667
16:45,1005,0058,g4,-11378,0,0,-2667
16:50,1010,0058,g4,-12622,-1244,-1244,-3911
16:55,1015,0058,g4,-12622,0,-1244,-3911
17:00,1020,0058,g4,-12622,0,0,-1244
17:05,1025,0058,g4,-12622,0,0,-1244
17:10,1030,0058,g4,-12622,0,0,-1244
17:15,1035,0058,g4,-12622,0,0,-1244
17:20,1040,0058,g4,-12622,0,0,0
17:25,1045,0058,g4,-12622,0,0,0
17:30,1050,0058,g4,-10844,1778,1778,1778
17:35,1055,0058,g4,-10844,0,1778,1778
17:40,1060,0058,g4,-10844,0,0,1778
17:45,1065,0058,g4,-10844,0,0,1778
17:50,1070,0058,g4,-11022,-178,-178,1600
17:55,1075,0058,g4,-11022,0,-178,1600
18:00,1080,0058,g4,-11022,0,0,-178
18:05,1085,0058,g4,-11022,0,0,-178
18:10,1090,0058,g4,-11022,0,0,-178
18:15,1095,0058,g4,-11022,0,0,-178
18:20,1100,0058,g4,-11022,0,0,0
18:25,1105,0058,g4,-3556,7466,7466,7466
18:30,1110,0058,g4,-3556,0,7466,7466
18:35,1115,0058,g4,-3556,0,0,7466
18:40,1120,0058,g4,-3556,0,0,7466
18:45,1125,0058,g4,-3556,0,0,7466
18:50,1130,0058,g4,-3911,-355,-355,7111
18:55,1135,0058,g4,-3911,0,-355,-355
19:00,1140,0058,g4,-3911,0,0,-355
19:05,1145,0058,g4,-3911,0,0,-355
19:10,1150,0058,g4,-3911,0,0,-355
19:15,1155,0058,g4,-3911,0,0,-355
19:20,1160,0058,g4,-3911,0,0,0
19:25,1165,0058,g4,-3911,0,0,0
19:30,1170,0058,g4,-3911,0,0,0
19:35,1175,0058,g4,-3911,0,0,0
19:40,1180,0058,g4,-3911,0,0,0
19:45,1185,0058,g4,-3022,889,889,889
19:50,1190,0058,g4,-3022,0,889,889
19:55,1195,0058,g4,-3022,0,0,889
20:00,1200,0058,g4,-3022,0,0,889
20:05,1205,0058,g4,-3022,0,0,889
20:10,1210,0058,g4,-3022,0,0,889
20:15,1215,0058,g4,-3022,0,0,0
20:20,1220,0058,g4,-3022,0,0,0
20:25,1225,0058,g4,-3022,0,0,0
20:30,1230,0058,g4,5000,8022,8022,8022
20:35,1235,0058,g4,5000,0,8022,8022
20:40,1240,0058,g4,5000,0,0,8022
20:45,1245,0058,g4,5690,690,690,8712
20:50,1250,0058,g4,5690,0,690,8712
20:55,1255,0058,g4,5690,0,0,8712
21:00,1260,0058,g4,5690,0,0,690
21:05,1265,0058,g4,5690,0,0,690
21:10,1270,0058,g4,5690,0,0,690
21:15,1275,0058,g4,5690,0,0,0
21:20,1280,0058,g4,5690,0,0,0
21:25,1285,0058,g4,5690,0,0,0
21:30,1290,0058,g4,5690,0,0,0
21:35,1295,0058,g4,5690,0,0,0
21:40,1300,0058,g4,5690,0,0,0
21:45,1305,0058,g4,5690,0,0,0
21:50,1310,0058,g4,5690,0,0,0
21:55,1315,0058,g4,5690,0,0,0
22:00,1320,0058,g4,5690,0,0,0
22:05,1325,0058,g4,5690,0,0,0
22:10,1330,0058,g4,5690,0,0,0
22:15,1335,0058,g4,5690,0,0,0
22:20,1340,0058,g4,5690,0,0,0
22:25,1345,0058,g4,5690,0,0,0
22:30,1350,0058,g4,5517,-173,-173,-173
22:35,1355,0058,g4,5517,0,-173,-173
22:40,1360,0058,g4,5517,0,0,-173
22:45,1365,0058,g4,5517,0,0,-173
22:50,1370,0058,g4,5517,0,0,-173
22:55,1375,0058,g4,5517,0,0,-173
23:00,1380,0058,g4,5517,0,0,0
23:05,1385,0058,g4,5517,0,0,0
23:10,1390,0058,g4,5517,0,0,0
23:15,1395,0058,g4,5517,0,0,0
23:16,1396,0058,g4,5517,,,
23:20,1400,0058,g4,5517,0,0,0
09:00,540,0059,g5,0,,,
09:05,545,0059,g5,0,0,,
09:10,550,0059,g5,0,0,0,
09:15,555,0059,g5,0,0,0,
09:20,560,0059,g5,0,0,0,
09:25,565,0059,g5,0,0,0,
09:30,570,0059,g5,0,0,0,0
09:35,575,0059,g5,0,0,0,0
09:40,580,0059,g5,0,0,0,0
09:45,585,0059,g5,0,0,0,0
09:50,590,0059,g5,0,0,0,0
09:55,595,0059,g5,0,0,0,0
10:00,600,0059,g5,0,0,0,0
10:05,605,0059,g5,0,0,0,0
10:10,610,0059,g5,0,0,0,0
10:15,615,0059,g5,0,0,0,0
10:20,620,0059,g5,0,0,0,0
10:25,625,0059,g5,-1067,-1067,-1067,-1067
10:30,630,0059,g5,-1067,0,-1067,-1067
10:35,635,0059,g5,-1067,0,0,-1067
10:40,640,0059,g5,-2133,-1066,-1066,-2133
10:45,645,0059,g5,-2133,0,-1066,-2133
10:50,650,0059,g5,-2133,0,0,-2133
10:55,655,0059,g5,-2133,0,0,-1066
11:00,660,0059,g5,1724,3857,3857,2791
11:05,665,0059,g5,1724,0,3857,2791
11:10,670,0059,g5,1724,0,0,3857
11:15,675,0059,g5,1724,0,0,3857
11:20,680,0059,g5,1724,0,0,3857
11:25,685,0059,g5,1724,0,0,3857
11:30,690,0059,g5,1724,0,0,0
11:35,695,0059,g5,1724,0,0,0
11:40,700,0059,g5,1724,0,0,0
11:45,705,0059,g5,690,-1034,-1034,-1034
11:50,710,0059,g5,690,0,-1034,-1034
11:55,715,0059,g5,690,0,0,-1034
12:00,720,0059,g5,690,0,0,-1034
12:05,725,0059,g5,690,0,0,-1034
12:10,730,0059,g5,690,0,0,-1034
12:15,735,0059,g5,690,0,0,0
12:20,740,0059,g5,690,0,0,0
12:25,745,0059,g5,690,0,0,0
12:30,750,0059,g5,-2133,-2823,-2823,-2823
12:35,755,0059,g5,-2133,0,-2823,-2823
12:40,760,0059,g5,-2133,0,0,-2823
12:45,765,0059,g5,-2133,0,0,-2823
12:50,770,0059,g5,-3378,-1245,-1245,-4068
12:55,775,0059,g5,-3378,0,-1245,-4068
13:00,780,0059,g5,-3378,0,0,-1245
13:05,785,0059,g5,-3378,0,0,-1245
13:10,790,0059,g5,-3378,0,0,-1245
13:15,795,0059,g5,-3378,0,0,-1245
13:20,800,0059,g5,-3378,0,0,0
13:25,805,0059,g5,-5867,-2489,-2489,-2489
13:30,810,0059,g5,-5867,0,-2489,-2489
13:35,815,0059,g5,-5867,0,0,-2489
13:40,820,0059,g5,-5867,0,0,-2489
13:45,825,0059,g5,-5867,0,0,-2489
13:50,830,0059,g5,-7289,-1422,-1422,-3911
13:55,835,0059,g5,-7289,0,-1422,-1422
14:00,840,0059,g5,-7289,0,0,-1422
14:05,845,0059,g5,-7289,0,0,-1422
14:10,850,0059,g5,-7289,0,0,-1422
14:15,855,0059,g5,-7289,0,0,-1422
14:20,860,0059,g5,-7289,0,0,0
14:25,865,0059,g5,-7289,0,0,0
14:30,870,0059,g5,-9778,-2489,-2489,-2489
14:35,875,0059,g5,-9778,0,-2489,-2489
14:40,880,0059,g5,-9778,0,0,-2489
14:45,885,0059,g5,-10667,-889,-889,-3378
14:50,890,0059,g5,-10667,0,-889,-3378
14:55,895,0059,g5,-10667,0,0,-3378
15:00,900,0059,g5,-10667,0,0,-889
15:05,905,0059,g5,-10667,0,0,-889
15:10,910,0059,g5,-10667,0,0,-889
15:15,915,0059,g5,-10667,0,0,0
15:20,920,0059,g5,-10667,0,0,0
15:25,925,0059,g5,-10667,0,0,0
15:30,930,0059,g5,-8889,1778,1778,1778
15:35,935,0059,g5,-8889,0,1778,1778
15:40,940,0059,g5,-8889,0,0,1778
15:45,945,0059,g5,-5511,3378,3378,5156
15:50,950,0059,g5,-5511,0,3378,5156
15:55,955,0059,g5,-5511,0,0,5156
16:00,960,0059,g5,-5511,0,0,3378
16:05,965,0059,g5,-5511,0,0,3378
16:10,970,0059,g5,-5511,0,0,3378
16:15,975,0059,g5,-5511,0,0,0
16:20,980,0059,g5,-5511,0,0,0
16:25,985,0059,g5,-5511,0,0,0
16:30,990,0059,g5,172,5683,5683,5683
16:35,995,0059,g5,172,0,5683,5683
16:40,1000,0059,g5,172,0,0,5683
16:45,1005,0059,g5,172,0,0,5683
16:50,1010,0059,g5,4138,3966,3966,9649
16:55,1015,0059,g5,4138,0,3966,9649
17:00,1020,0059,g5,4138,0,0,3966
17:05,1025,0059,g5,4138,0,0,3966
17:10,1030,0059,g5,4138,0,0,3966
17:15,1035,0059,g5,4138,0,0,3966
17:20,1040,0059,g5,4138,0,0,0
17:25,1045,0059,g5,4138,0,0,0
17:30,1050,0059,g5,2759,-1379,-1379,-1379
17:35,1055,0059,g5,2759,0,-1379,-1379
17:40,1060,0059,g5,2759,0,0,-1379
17:45,1065,0059,g5,2759,0,0,-1379
17:50,1070,0059,g5,1897,-862,-862,-2241
17:55,1075,0059,g5,1897,0,-862,-2241
18:00,1080,0059,g5,1897,0,0,-862
18:05,1085,0059,g5,1897,0,0,-862
18:10,1090,0059,g5,1897,0,0,-862
18:15,1095,0059,g5,1897,0,0,-862
18:20,1100,0059,g5,1897,0,0,0
18:25,1105,0059,g5,1034,-863,-863,-863
18:30,1110,0059,g5,1034,0,-863,-863
18:35,1115,0059,g5,1034,0,0,-863
18:40,1120,0059,g5,1034,0,0,-863
18:45,1125,0059,g5,1034,0,0,-863
18:50,1130,0059,g5,1034,0,0,-863
18:55,1135,0059,g5,1034,0,0,0
19:00,1140,0059,g5,1034,0,0,0
19:05,1145,0059,g5,1034,0,0,0
19:10,1150,0059,g5,1034,0,0,0
19:15,1155,0059,g5,1034,0,0,0
19:20,1160,0059,g5,1034,0,0,0
19:25,1165,0059,g5,1034,0,0,0
19:30,1170,0059,g5,1034,0,0,0
19:35,1175,0059,g5,1034,0,0,0
19:40,1180,0059,g5,1034,0,0,0
19:45,1185,0059,g5,1034,0,0,0
19:50,1190,0059,g5,1034,0,0,0
19:55,1195,0059,g5,1034,0,0,0
20:00,1200,0059,g5,1034,0,0,0
20:05,1205,0059,g5,1034,0,0,0
20:10,1210,0059,g5,1034,0,0,0
20:15,1215,0059,g5,1034,0,0,0
20:20,1220,0059,g5,1034,0,0,0
20:25,1225,0059,g5,1034,0,0,0
20:30,1230,0059,g5,690,-344,-344,-344
20:35,1235,0059,g5,690,0,-344,-344
20:40,1240,0059,g5,690,0,0,-344
20:45,1245,0059,g5,517,-173,-173,-517
20:50,1250,0059,g5,517,0,-173,-517
20:55,1255,0059,g5,517,0,0,-517
21:00,1260,0059,g5,517,0,0,-173
21:05,1265,0059,g5,517,0,0,-173
21:10,1270,0059,g5,517,0,0,-173
21:15,1275,0059,g5,517,0,0,0
21:20,1280,0059,g5,517,0,0,0
21:25,1285,0059,g5,517,0,0,0
21:30,1290,0059,g5,172,-345,-345,-345
21:35,1295,0059,g5,172,0,-345,-345
21:40,1300,0059,g5,172,0,0,-345
21:45,1305,0059,g5,172,0,0,-345
21:50,1310,0059,g5,172,0,0,-345
21:55,1315,0059,g5,172,0,0,-345
22:00,1320,0059,g5,172,0,0,0
22:05,1325,0059,g5,172,0,0,0
22:10,1330,0059,g5,172,0,0,0
22:15,1335,0059,g5,172,0,0,0
22:20,1340,0059,g5,172,0,0,0
22:25,1345,0059,g5,172,0,0,0
22:30,1350,0059,g5,-1244,-1416,-1416,-1416
22:35,1355,0059,g5,-1244,0,-1416,-1416
22:40,1360,0059,g5,-1244,0,0,-1416
22:45,1365,0059,g5,-1244,0,0,-1416
22:50,1370,0059,g5,-1244,0,0,-1416
22:55,1375,0059,g5,-1244,0,0,-1416
23:00,1380,0059,g5,-1244,0,0,0
23:05,1385,0059,g5,-1244,0,0,0
23:10,1390,0059,g5,-1244,0,0,0
23:15,1395,0059,g5,-1244,0,0,0
23:16,1396,0059,g5,-1244,,,
23:20,1400,0059,g5,-1244,0,0,0
09:00,540,0060,g6,0,,,
09:05,545,0060,g6,0,0,,
09:10,550,0060,g6,0,0,0,
09:15,555,0060,g6,0,0,0,
09:20,560,0060,g6,0,0,0,
09:25,565,0060,g6,0,0,0,
09:30,570,0060,g6,0,0,0,0
09:35,575,0060,g6,0,0,0,0
09:40,580,0060,g6,0,0,0,0
09:45,585,0060,g6,0,0,0,0
09:50,590,0060,g6,0,0,0,0
09:55,595,0060,g6,0,0,0,0
10:00,600,0060,g6,0,0,0,0
10:05,605,0060,g6,0,0,0,0
10:10,610,0060,g6,0,0,0,0
10:15,615,0060,g6,0,0,0,0
10:20,620,0060,g6,0,0,0,0
10:25,625,0060,g6,0,0,0,0
10:30,630,0060,g6,0,0,0,0
10:35,635,0060,g6,0,0,0,0
10:40,640,0060,g6,0,0,0,0
10:45,645,0060,g6,0,0,0,0
10:50,650,0060,g6,0,0,0,0
10:55,655,0060,g6,0,0,0,0
11:00,660,0060,g6,0,0,0,0
11:05,665,0060,g6,0,0,0,0
11:10,670,0060,g6,0,0,0,0
11:15,675,0060,g6,0,0,0,0
11:20,680,0060,g6,0,0,0,0
11:25,685,0060,g6,0,0,0,0
11:30,690,0060,g6,0,0,0,0
11:35,695,0060,g6,0,0,0,0
11:40,700,0060,g6,0,0,0,0
11:45,705,0060,g6,-1277,-1277,-1277,-1277
11:50,710,0060,g6,-1277,0,-1277,-1277
11:55,715,0060,g6,-1277,0,0,-1277
12:00,720,0060,g6,-1277,0,0,-1277
12:05,725,0060,g6,-1277,0,0,-1277
12:10,730,0060,g6,-1277,0,0,-1277
12:15,735,0060,g6,-1277,0,0,0
12:20,740,0060,g6,-1277,0,0,0
12:25,745,0060,g6,-1277,0,0,0
12:30,750,0060,g6,-1787,-510,-510,-510
12:35,755,0060,g6,-1787,0,-510,-510
12:40,760,0060,g6,-1787,0,0,-510
12:45,765,0060,g6,-1787,0,0,-510
12:50,770,0060,g6,-2553,-766,-766,-1276
12:55,775,0060,g6,-2553,0,-766,-1276
13:00,780,0060,g6,-2553,0,0,-766
13:05,785,0060,g6,-2553,0,0,-766
13:10,790,0060,g6,-2553,0,0,-766
13:15,795,0060,g6,-2553,0,0,-766
13:20,800,0060,g6,-2553,0,0,0
13:25,805,0060,g6,-4340,-1787,-1787,-1787
13:30,810,0060,g6,-4340,0,-1787,-1787
13:35,815,0060,g6,-4340,0,0,-1787
13:40,820,0060,g6,-4340,0,0,-1787
13:45,825,0060,g6,-4340,0,0,-1787
13:50,830,0060,g6,-5362,-1022,-1022,-2809
13:55,835,0060,g6,-5362,0,-1022,-1022
14:00,840,0060,g6,-5362,0,0,-1022
14:05,845,0060,g6,-5362,0,0,-1022
14:10,850,0060,g6,-5362,0,0,-1022
14:15,855,0060,g6,-5362,0,0,-1022
14:20,860,0060,g6,-5362,0,0,0
14:25,865,0060,g6,-5362,0,0,0
14:30,870,0060,g6,-7915,-2553,-2553,-2553
14:35,875,0060,g6,-7915,0,-2553,-2553
14:40,880,0060,g6,-7915,0,0,-2553
14:45,885,0060,g6,-8936,-1021,-1021,-3574
14:50,890,0060,g6,-8936,0,-1021,-3574
14:55,895,0060,g6,-8936,0,0,-3574
15:00,900,0060,g6,-8936,0,0,-1021
15:05,905,0060,g6,-8936,0,0,-1021
15:10,910,0060,g6,-8936,0,0,-1021
15:15,915,0060,g6,-8936,0,0,0
15:20,920,0060,g6,-8936,0,0,0
15:25,925,0060,g6,-8936,0,0,0
15:30,930,0060,g6,-11234,-2298,-2298,-2298
15:35,935,0060,g6,-11234,0,-2298,-2298
15:40,940,0060,g6,-11234,0,0,-2298
15:45,945,0060,g6,-12511,-1277,-1277,-3575
15:50,950,0060,g6,-12511,0,-1277,-3575
15:55,955,0060,g6,-12511,0,0,-3575
16:00,960,0060,g6,-12511,0,0,-1277
16:05,965,0060,g6,-12511,0,0,-1277
16:10,970,0060,g6,-12511,0,0,-1277
16:15,975,0060,g6,-12511,0,0,0
16:20,980,0060,g6,-12511,0,0,0
16:25,985,0060,g6,-12511,0,0,0
16:30,990,0060,g6,-13787,-1276,-1276,-1276
16:35,995,0060,g6,-13787,0,-1276,-1276
16:40,1000,0060,g6,-13787,0,0,-1276
16:45,1005,0060,g6,-13787,0,0,-1276
16:50,1010,0060,g6,-14298,-511,-511,-1787
16:55,1015,0060,g6,-14298,0,-511,-1787
17:00,1020,0060,g6,-14298,0,0,-511
17:05,1025,0060,g6,-14298,0,0,-511
17:10,1030,0060,g6,-14298,0,0,-511
17:15,1035,0060,g6,-14298,0,0,-511
17:20,1040,0060,g6,-14298,0,0,0
17:25,1045,0060,g6,-14298,0,0,0
17:30,1050,0060,g6,-16085,-1787,-1787,-1787
17:35,1055,0060,g6,-16085,0,-1787,-1787
17:40,1060,0060,g6,-16085,0,0,-1787
17:45,1065,0060,g6,-16085,0,0,-1787
17:50,1070,0060,g6,-15064,1021,1021,-766
17:55,1075,0060,g6,-15064,0,1021,-766
18:00,1080,0060,g6,-15064,0,0,1021
18:05,1085,0060,g6,-15064,0,0,1021
18:10,1090,0060,g6,-15064,0,0,1021
18:15,1095,0060,g6,-15064,0,0,1021
18:20,1100,0060,g6,-15064,0,0,0
18:25,1105,0060,g6,-17362,-2298,-2298,-2298
18:30,1110,0060,g6,-17362,0,-2298,-2298
18:35,1115,0060,g6,-17362,0,0,-2298
18:40,1120,0060,g6,-17362,0,0,-2298
18:45,1125,0060,g6,-17362,0,0,-2298
18:50,1130,0060,g6,-18383,-1021,-1021,-3319
18:55,1135,0060,g6,-18383,0,-1021,-1021
19:00,1140,0060,g6,-18383,0,0,-1021
19:05,1145,0060,g6,-18383,0,0,-1021
19:10,1150,0060,g6,-18383,0,0,-1021
19:15,1155,0060,g6,-18383,0,0,-1021
19:20,1160,0060,g6,-18383,0,0,0
19:25,1165,0060,g6,-20170,-1787,-1787,-1787
19:30,1170,0060,g6,-20170,0,-1787,-1787
19:35,1175,0060,g6,-20170,0,0,-1787
19:40,1180,0060,g6,-20170,0,0,-1787
19:45,1185,0060,g6,-21447,-1277,-1277,-3064
19:50,1190,0060,g6,-21447,0,-1277,-3064
19:55,1195,0060,g6,-21447,0,0,-1277
20:00,1200,0060,g6,-21447,0,0,-1277
20:05,1205,0060,g6,-21447,0,0,-1277
20:10,1210,0060,g6,-21447,0,0,-1277
20:15,1215,0060,g6,-21447,0,0,0
20:20,1220,0060,g6,-21447,0,0,0
20:25,1225,0060,g6,-21447,0,0,0
20:30,1230,0060,g6,-21957,-510,-510,-510
20:35,1235,0060,g6,-21957,0,-510,-510
20:40,1240,0060,g6,-21957,0,0,-510
20:45,1245,0060,g6,-21957,0,0,-510
20:50,1250,0060,g6,-21957,0,0,-510
20:55,1255,0060,g6,-21957,0,0,-510
21:00,1260,0060,g6,-21957,0,0,0
21:05,1265,0060,g6,-21957,0,0,0
21:10,1270,0060,g6,-21957,0,0,0
21:15,1275,0060,g6,-21957,0,0,0
21:20,1280,0060,g6,-21957,0,0,0
21:25,1285,0060,g6,-21957,0,0,0
21:30,1290,0060,g6,-22213,-256,-256,-256
21:35,1295,0060,g6,-22213,0,-256,-256
21:40,1300,0060,g6,-22213,0,0,-256
21:45,1305,0060,g6,-22213,0,0,-256
21:50,1310,0060,g6,-22213,0,0,-256
21:55,1315,0060,g6,-22213,0,0,-256
22:00,1320,0060,g6,-22213,0,0,0
22:05,1325,0060,g6,-22213,0,0,0
22:10,1330,0060,g6,-22213,0,0,0
22:15,1335,0060,g6,-22213,0,0,0
22:20,1340,0060,g6,-22213,0,0,0
22:25,1345,0060,g6,-22213,0,0,0
22:30,1350,0060,g6,-22213,0,0,0
22:35,1355,0060,g6,-22213,0,0,0
22:40,1360,0060,g6,-22213,0,0,0
22:45,1365,0060,g6,-22213,0,0,0
22:50,1370,0060,g6,-22213,0,0,0
22:55,1375,0060,g6,-22213,0,0,0
23:00,1380,0060,g6,-22213,0,0,0
23:05,1385,0060,g6,-22213,0,0,0
23:10,1390,0060,g6,-22213,0,0,0
23:15,1395,0060,g6,-22213,0,0,0
23:16,1396,0060,g6,-22213,,,
23:20,1400,0060,g6,-22213,0,0,0
09:00,540,0061,g7,0,,,
09:05,545,0061,g7,0,0,,
09:10,550,0061,g7,0,0,0,
09:15,555,0061,g7,0,0,0,
09:20,560,0061,g7,0,0,0,
09:25,565,0061,g7,0,0,0,
09:30,570,0061,g7,0,0,0,0
09:35,575,0061,g7,0,0,0,0
09:40,580,0061,g7,0,0,0,0
09:45,585,0061,g7,0,0,0,0
09:50,590,0061,g7,0,0,0,0
09:55,595,0061,g7,0,0,0,0
10:00,600,0061,g7,0,0,0,0
10:05,605,0061,g7,0,0,0,0
10:10,610,0061,g7,0,0,0,0
10:15,615,0061,g7,0,0,0,0
10:20,620,0061,g7,0,0,0,0
10:25,625,0061,g7,0,0,0,0
10:30,630,0061,g7,0,0,0,0
10:35,635,0061,g7,0,0,0,0
10:40,640,0061,g7,0,0,0,0
10:45,645,0061,g7,0,0,0,0
10:50,650,0061,g7,0,0,0,0
10:55,655,0061,g7,0,0,0,0
11:00,660,0061,g7,0,0,0,0
11:05,665,0061,g7,0,0,0,0
11:10,670,0061,g7,0,0,0,0
11:15,675,0061,g7,0,0,0,0
11:20,680,0061,g7,0,0,0,0
11:25,685,0061,g7,0,0,0,0
11:30,690,0061,g7,-178,-178,-178,-178
11:35,695,0061,g7,-178,0,-178,-178
11:40,700,0061,g7,-178,0,0,-178
11:45,705,0061,g7,-178,0,0,-178
11:50,710,0061,g7,-178,0,0,-178
11:55,715,0061,g7,-178,0,0,-178
12:00,720,0061,g7,-178,0,0,0
12:05,725,0061,g7,-178,0,0,0
12:10,730,0061,g7,-178,0,0,0
12:15,735,0061,g7,-178,0,0,0
12:20,740,0061,g7,-178,0,0,0
12:25,745,0061,g7,-178,0,0,0
12:30,750,0061,g7,-178,0,0,0
12:35,755,0061,g7,-178,0,0,0
12:40,760,0061,g7,-178,0,0,0
12:45,765,0061,g7,-178,0,0,0
12:50,770,0061,g7,-178,0,0,0
12:55,775,0061,g7,-178,0,0,0
13:00,780,0061,g7,-178,0,0,0
13:05,785,0061,g7,-178,0,0,0
13:10,790,0061,g7,-178,0,0,0
13:15,795,0061,g7,-178,0,0,0
13:20,800,0061,g7,-178,0,0,0
13:25,805,0061,g7,-2756,-2578,-2578,-2578
13:30,810,0061,g7,-2756,0,-2578,-2578
13:35,815,0061,g7,-2756,0,0,-2578
13:40,820,0061,g7,-2756,0,0,-2578
13:45,825,0061,g7,-2756,0,0,-2578
13:50,830,0061,g7,-1244,1512,1512,-1066
13:55,835,0061,g7,-1244,0,1512,1512
14:00,840,0061,g7,-1244,0,0,1512
14:05,845,0061,g7,-1244,0,0,1512
14:10,850,0061,g7,-1244,0,0,1512
14:15,855,0061,g7,-1244,0,0,1512
14:20,860,0061,g7,-1244,0,0,0
14:25,865,0061,g7,-1244,0,0,0
14:30,870,0061,g7,-978,266,266,266
14:35,875,0061,g7,-978,0,266,266
14:40,880,0061,g7,-978,0,0,266
14:45,885,0061,g7,-2311,-1333,-1333,-1067
14:50,890,0061,g7,-2311,0,-1333,-1067
14:55,895,0061,g7,-2311,0,0,-1067
15:00,900,0061,g7,-2311,0,0,-1333
15:05,905,0061,g7,-2311,0,0,-1333
15:10,910,0061,g7,-2311,0,0,-1333
15:15,915,0061,g7,-2311,0,0,0
15:20,920,0061,g7,-2311,0,0,0
15:25,925,0061,g7,-2311,0,0,0
15:30,930,0061,g7,-267,2044,2044,2044
15:35,935,0061,g7,-267,0,2044,2044
15:40,940,0061,g7,-267,0,0,2044
15:45,945,0061,g7,5862,6129,6129,8173
15:50,950,0061,g7,5862,0,6129,8173
15:55,955,0061,g7,5862,0,0,8173
16:00,960,0061,g7,5862,0,0,6129
16:05,965,0061,g7,5862,0,0,6129
16:10,970,0061,g7,5862,0,0,6129
16:15,975,0061,g7,5862,0,0,0
16:20,980,0061,g7,5862,0,0,0
16:25,985,0061,g7,5862,0,0,0
16:30,990,0061,g7,6466,604,604,604
16:35,995,0061,g7,6466,0,604,604
16:40,1000,0061,g7,6466,0,0,604
16:45,1005,0061,g7,6466,0,0,604
16:50,1010,0061,g7,5862,-604,-604,0
16:55,1015,0061,g7,5862,0,-604,0
17:00,1020,0061,g7,5862,0,0,-604
17:05,1025,0061,g7,5862,0,0,-604
17:10,1030,0061,g7,5862,0,0,-604
17:15,1035,0061,g7,5862,0,0,-604
17:20,1040,0061,g7,5862,0,0,0
17:25,1045,0061,g7,5862,0,0,0
17:30,1050,0061,g7,3276,-2586,-2586,-2586
17:35,1055,0061,g7,3276,0,-2586,-2586
17:40,1060,0061,g7,3276,0,0,-2586
17:45,1065,0061,g7,3276,0,0,-2586
17:50,1070,0061,g7,1897,-1379,-1379,-3965
17:55,1075,0061,g7,1897,0,-1379,-3965
18:00,1080,0061,g7,1897,0,0,-1379
18:05,1085,0061,g7,1897,0,0,-1379
18:10,1090,0061,g7,1897,0,0,-1379
18:15,1095,0061,g7,1897,0,0,-1379
18:20,1100,0061,g7,1897,0,0,0
18:25,1105,0061,g7,-622,-2519,-2519,-2519
18:30,1110,0061,g7,-622,0,-2519,-2519
18:35,1115,0061,g7,-622,0,0,-2519
18:40,1120,0061,g7,-622,0,0,-2519
18:45,1125,0061,g7,-622,0,0,-2519
18:50,1130,0061,g7,-2133,-1511,-1511,-4030
18:55,1135,0061,g7,-2133,0,-1511,-1511
19:00,1140,0061,g7,-2133,0,0,-1511
19:05,1145,0061,g7,-2133,0,0,-1511
19:10,1150,0061,g7,-2133,0,0,-1511
19:15,1155,0061,g7,-2133,0,0,-1511
19:20,1160,0061,g7,-2133,0,0,0
19:25,1165,0061,g7,-4533,-2400,-2400,-2400
19:30,1170,0061,g7,-4533,0,-2400,-2400
19:35,1175,0061,g7,-4533,0,0,-2400
19:40,1180,0061,g7,-4533,0,0,-2400
19:45,1185,0061,g7,-4978,-445,-445,-2845
19:50,1190,0061,g7,-4978,0,-445,-2845
19:55,1195,0061,g7,-4978,0,0,-445
20:00,1200,0061,g7,-4978,0,0,-445
20:05,1205,0061,g7,-4978,0,0,-445
20:10,1210,0061,g7,-4978,0,0,-445
20:15,1215,0061,g7,-4978,0,0,0
20:20,1220,0061,g7,-4978,0,0,0
20:25,1225,0061,g7,-4978,0,0,0
20:30,1230,0061,g7,0,4978,4978,4978
20:35,1235,0061,g7,0,0,4978,4978
20:40,1240,0061,g7,0,0,0,4978
20:45,1245,0061,g7,-622,-622,-622,4356
20:50,1250,0061,g7,-622,0,-622,4356
20:55,1255,0061,g7,-622,0,0,4356
21:00,1260,0061,g7,-622,0,0,-622
21:05,1265,0061,g7,-622,0,0,-622
21:10,1270,0061,g7,-622,0,0,-622
21:15,1275,0061,g7,-622,0,0,0
21:20,1280,0061,g7,-622,0,0,0
21:25,1285,0061,g7,-622,0,0,0
21:30,1290,0061,g7,172,794,794,794
21:35,1295,0061,g7,172,0,794,794
21:40,1300,0061,g7,172,0,0,794
21:45,1305,0061,g7,6207,6035,6035,6829
21:50,1310,0061,g7,6207,0,6035,6829
21:55,1315,0061,g7,6207,0,0,6829
22:00,1320,0061,g7,6207,0,0,6035
22:05,1325,0061,g7,6207,0,0,6035
22:10,1330,0061,g7,6207,0,0,6035
22:15,1335,0061,g7,6207,0,0,0
22:20,1340,0061,g7,6207,0,0,0
22:25,1345,0061,g7,6207,0,0,0
22:30,1350,0061,g7,6983,776,776,776
22:35,1355,0061,g7,6983,0,776,776
22:40,1360,0061,g7,6983,0,0,776
22:45,1365,0061,g7,6983,0,0,776
22:50,1370,0061,g7,6983,0,0,776
22:55,1375,0061,g7,6983,0,0,776
23:00,1380,0061,g7,6983,0,0,0
23:05,1385,0061,g7,6983,0,0,0
23:10,1390,0061,g7,6983,0,0,0
23:15,1395,0061,g7,6983,0,0,0
23:16,1396,0061,g7,6983,,,
23:20,1400,0061,g7,6983,0,0,0
09:00,540,0062,g8,0,,,
09:05,545,0062,g8,0,0,,
09:10,550,0062,g8,0,0,0,
09:15,555,0062,g8,0,0,0,
09:20,560,0062,g8,0,0,0,
09:25,565,0062,g8,0,0,0,
09:30,570,0062,g8,0,0,0,0
09:35,575,0062,g8,0,0,0,0
09:40,580,0062,g8,0,0,0,0
09:45,585,0062,g8,0,0,0,0
09:50,590,0062,g8,0,0,0,0
09:55,595,0062,g8,0,0,0,0
10:00,600,0062,g8,0,0,0,0
10:05,605,0062,g8,0,0,0,0
10:10,610,0062,g8,0,0,0,0
10:15,615,0062,g8,0,0,0,0
10:20,620,0062,g8,0,0,0,0
10:25,625,0062,g8,0,0,0,0
10:30,630,0062,g8,0,0,0,0
10:35,635,0062,g8,0,0,0,0
10:40,640,0062,g8,0,0,0,0
10:45,645,0062,g8,0,0,0,0
10:50,650,0062,g8,0,0,0,0
10:55,655,0062,g8,0,0,0,0
11:00,660,0062,g8,0,0,0,0
11:05,665,0062,g8,0,0,0,0
11:10,670,0062,g8,0,0,0,0
11:15,675,0062,g8,0,0,0,0
11:20,680,0062,g8,0,0,0,0
11:25,685,0062,g8,0,0,0,0
11:30,690,0062,g8,690,690,690,690
11:35,695,0062,g8,690,0,690,690
11:40,700,0062,g8,690,0,0,690
11:45,705,0062,g8,4828,4138,4138,4828
11:50,710,0062,g8,4828,0,4138,4828
11:55,715,0062,g8,4828,0,0,4828
12:00,720,0062,g8,4828,0,0,4138
12:05,725,0062,g8,4828,0,0,4138
12:10,730,0062,g8,4828,0,0,4138
12:15,735,0062,g8,4828,0,0,0
12:20,740,0062,g8,4828,0,0,0
12:25,745,0062,g8,4828,0,0,0
12:30,750,0062,g8,5345,517,517,517
12:35,755,0062,g8,5345,0,517,517
12:40,760,0062,g8,5345,0,0,517
12:45,765,0062,g8,5345,0,0,517
12:50,770,0062,g8,4655,-690,-690,-173
12:55,775,0062,g8,4655,0,-690,-173
13:00,780,0062,g8,4655,0,0,-690
13:05,785,0062,g8,4655,0,0,-690
13:10,790,0062,g8,4655,0,0,-690
13:15,795,0062,g8,4655,0,0,-690
13:20,800,0062,g8,4655,0,0,0
13:25,805,0062,g8,3103,-1552,-1552,-1552
13:30,810,0062,g8,3103,0,-1552,-1552
13:35,815,0062,g8,3103,0,0,-1552
13:40,820,0062,g8,3103,0,0,-1552
13:45,825,0062,g8,3103,0,0,-1552
13:50,830,0062,g8,1897,-1206,-1206,-2758
13:55,835,0062,g8,1897,0,-1206,-1206
14:00,840,0062,g8,1897,0,0,-1206
14:05,845,0062,g8,1897,0,0,-1206
14:10,850,0062,g8,1897,0,0,-1206
14:15,855,0062,g8,1897,0,0,-1206
14:20,860,0062,g8,1897,0,0,0
14:25,865,0062,g8,1897,0,0,0
14:30,870,0062,g8,-889,-2786,-2786,-2786
14:35,875,0062,g8,-889,0,-2786,-2786
14:40,880,0062,g8,-889,0,0,-2786
14:45,885,0062,g8,-2133,-1244,-1244,-4030
14:50,890,0062,g8,-2133,0,-1244,-4030
14:55,895,0062,g8,-2133,0,0,-4030
15:00,900,0062,g8,-2133,0,0,-1244
15:05,905,0062,g8,-2133,0,0,-1244
15:10,910,0062,g8,-2133,0,0,-1244
15:15,915,0062,g8,-2133,0,0,0
15:20,920,0062,g8,-2133,0,0,0
15:25,925,0062,g8,-2133,0,0,0
15:30,930,0062,g8,-4444,-2311,-2311,-2311
15:35,935,0062,g8,-4444,0,-2311,-2311
15:40,940,0062,g8,-4444,0,0,-2311
15:45,945,0062,g8,-5689,-1245,-1245,-3556
15:50,950,0062,g8,-5689,0,-1245,-3556
15:55,955,0062,g8,-5689,0,0,-3556
16:00,960,0062,g8,-5689,0,0,-1245
16:05,965,0062,g8,-5689,0,0,-1245
16:10,970,0062,g8,-5689,0,0,-1245
16:15,975,0062,g8,-5689,0,0,0
16:20,980,0062,g8,-5689,0,0,0
16:25,985,0062,g8,-5689,0,0,0
16:30,990,0062,g8,-8178,-2489,-2489,-2489
16:35,995,0062,g8,-8178,0,-2489,-2489
16:40,1000,0062,g8,-8178,0,0,-2489
16:45,1005,0062,g8,-8178,0,0,-2489
16:50,1010,0062,g8,-9600,-1422,-1422,-3911
16:55,1015,0062,g8,-9600,0,-1422,-3911
17:00,1020,0062,g8,-9600,0,0,-1422
17:05,1025,0062,g8,-9600,0,0,-1422
17:10,1030,0062,g8,-9600,0,0,-1422
17:15,1035,0062,g8,-9600,0,0,-1422
17:20,1040,0062,g8,-9600,0,0,0
17:25,1045,0062,g8,-9600,0,0,0
17:30,1050,0062,g8,-12800,-3200,-3200,-3200
17:35,1055,0062,g8,-12800,0,-3200,-3200
17:40,1060,0062,g8,-12800,0,0,-3200
17:45,1065,0062,g8,-12800,0,0,-3200
17:50,1070,0062,g8,-12622,178,178,-3022
17:55,1075,0062,g8,-12622,0,178,-3022
18:00,1080,0062,g8,-12622,0,0,178
18:05,1085,0062,g8,-12622,0,0,178
18:10,1090,0062,g8,-12622,0,0,178
18:15,1095,0062,g8,-12622,0,0,178
18:20,1100,0062,g8,-12622,0,0,0
18:25,1105,0062,g8,-12622,0,0,0
18:30,1110,0062,g8,-12622,0,0,0
18:35,1115,0062,g8,-12622,0,0,0
18:40,1120,0062,g8,-12622,0,0,0
18:45,1125,0062,g8,-12622,0,0,0
18:50,1130,0062,g8,-13689,-1067,-1067,-1067
18:55,1135,0062,g8,-13689,0,-1067,-1067
19:00,1140,0062,g8,-13689,0,0,-1067
19:05,1145,0062,g8,-13689,0,0,-1067
19:10,1150,0062,g8,-13689,0,0,-1067
19:15,1155,0062,g8,-13689,0,0,-1067
19:20,1160,0062,g8,-13689,0,0,0
19:25,1165,0062,g8,-14222,-533,-533,-533
19:30,1170,0062,g8,-14222,0,-533,-533
19:35,1175,0062,g8,-14222,0,0,-533
19:40,1180,0062,g8,-14222,0,0,-533
19:45,1185,0062,g8,-15467,-1245,-1245,-1778
19:50,1190,0062,g8,-15467,0,-1245,-1778
19:55,1195,0062,g8,-15467,0,0,-1245
20:00,1200,0062,g8,-15467,0,0,-1245
20:05,1205,0062,g8,-15467,0,0,-1245
20:10,1210,0062,g8,-15467,0,0,-1245
20:15,1215,0062,g8,-15467,0,0,0
20:20,1220,0062,g8,-15467,0,0,0
20:25,1225,0062,g8,-15467,0,0,0
20:30,1230,0062,g8,-16711,-1244,-1244,-1244
20:35,1235,0062,g8,-16711,0,-1244,-1244
20:40,1240,0062,g8,-16711,0,0,-1244
20:45,1245,0062,g8,-16711,0,0,-1244
20:50,1250,0062,g8,-16711,0,0,-1244
20:55,1255,0062,g8,-16711,0,0,-1244
21:00,1260,0062,g8,-16711,0,0,0
21:05,1265,0062,g8,-16711,0,0,0
21:10,1270,0062,g8,-16711,0,0,0
21:15,1275,0062,g8,-16711,0,0,0
21:20,1280,0062,g8,-16711,0,0,0
21:25,1285,0062,g8,-16711,0,0,0
21:30,1290,0062,g8,-16711,0,0,0
21:35,1295,0062,g8,-16711,0,0,0
21:40,1300,0062,g8,-16711,0,0,0
21:45,1305,0062,g8,-16711,0,0,0
21:50,1310,0062,g8,-16711,0,0,0
21:55,1315,0062,g8,-16711,0,0,0
22:00,1320,0062,g8,-16711,0,0,0
22:05,1325,0062,g8,-16711,0,0,0
22:10,1330,0062,g8,-16711,0,0,0
22:15,1335,0062,g8,-16711,0,0,0
22:20,1340,0062,g8,-16711,0,0,0
22:25,1345,0062,g8,-16711,0,0,0
22:30,1350,0062,g8,-16711,0,0,0
22:35,1355,0062,g8,-16711,0,0,0
22:40,1360,0062,g8,-16711,0,0,0
22:45,1365,0062,g8,-16711,0,0,0
22:50,1370,0062,g8,-16711,0,0,0
22:55,1375,0062,g8,-16711,0,0,0
23:00,1380,0062,g8,-16711,0,0,0
23:05,1385,0062,g8,-16711,0,0,0
23:10,1390,0062,g8,-16711,0,0,0
23:15,1395,0062,g8,-16711,0,0,0
23:16,1396,0062,g8,-16711,,,
23:20,1400,0062,g8,-16711,0,0,0
09:00,540,0063,g9,0,,,
09:05,545,0063,g9,0,0,,
09:10,550,0063,g9,0,0,0,
09:15,555,0063,g9,0,0,0,
09:20,560,0063,g9,0,0,0,
09:25,565,0063,g9,0,0,0,
09:30,570,0063,g9,0,0,0,0
09:35,575,0063,g9,0,0,0,0
09:40,580,0063,g9,0,0,0,0
09:45,585,0063,g9,0,0,0,0
09:50,590,0063,g9,0,0,0,0
09:55,595,0063,g9,0,0,0,0
10:00,600,0063,g9,0,0,0,0
10:05,605,0063,g9,0,0,0,0
10:10,610,0063,g9,0,0,0,0
10:15,615,0063,g9,0,0,0,0
10:20,620,0063,g9,0,0,0,0
10:25,625,0063,g9,0,0,0,0
10:30,630,0063,g9,0,0,0,0
10:35,635,0063,g9,0,0,0,0
10:40,640,0063,g9,0,0,0,0
10:45,645,0063,g9,0,0,0,0
10:50,650,0063,g9,0,0,0,0
10:55,655,0063,g9,0,0,0,0
11:00,660,0063,g9,0,0,0,0
11:05,665,0063,g9,0,0,0,0
11:10,670,0063,g9,0,0,0,0
11:15,675,0063,g9,0,0,0,0
11:20,680,0063,g9,0,0,0,0
11:25,685,0063,g9,0,0,0,0
11:30,690,0063,g9,0,0,0,0
11:35,695,0063,g9,0,0,0,0
11:40,700,0063,g9,0,0,0,0
11:45,705,0063,g9,0,0,0,0
11:50,710,0063,g9,0,0,0,0
11:55,715,0063,g9,0,0,0,0
12:00,720,0063,g9,0,0,0,0
12:05,725,0063,g9,0,0,0,0
12:10,730,0063,g9,0,0,0,0
12:15,735,0063,g9,0,0,0,0
12:20,740,0063,g9,0,0,0,0
12:25,745,0063,g9,0,0,0,0
12:30,750,0063,g9,0,0,0,0
12:35,755,0063,g9,0,0,0,0
12:40,760,0063,g9,0,0,0,0
12:45,765,0063,g9,0,0,0,0
12:50,770,0063,g9,0,0,0,0
12:55,775,0063,g9,0,0,0,0
13:00,780,0063,g9,0,0,0,0
13:05,785,0063,g9,0,0,0,0
13:10,790,0063,g9,0,0,0,0
13:15,795,0063,g9,0,0,0,0
13:20,800,0063,g9,0,0,0,0
13:25,805,0063,g9,-1067,-1067,-1067,-1067
13:30,810,0063,g9,-1067,0,-1067,-1067
13:35,815,0063,g9,-1067,0,0,-1067
13:40,820,0063,g9,-1067,0,0,-1067
13:45,825,0063,g9,-1067,0,0,-1067
13:50,830,0063,g9,-1333,-266,-266,-1333
13:55,835,0063,g9,-1333,0,-266,-266
14:00,840,0063,g9,-1333,0,0,-266
14:05,845,0063,g9,-1333,0,0,-266
14:10,850,0063,g9,-1333,0,0,-266
14:15,855,0063,g9,-1333,0,0,-266
14:20,860,0063,g9,-1333,0,0,0
14:25,865,0063,g9,-1333,0,0,0
14:30,870,0063,g9,-3378,-2045,-2045,-2045
14:35,875,0063,g9,-3378,0,-2045,-2045
14:40,880,0063,g9,-3378,0,0,-2045
14:45,885,0063,g9,-1244,2134,2134,89
14:50,890,0063,g9,-1244,0,2134,89
14:55,895,0063,g9,-1244,0,0,89
15:00,900,0063,g9,-1244,0,0,2134
15:05,905,0063,g9,-1244,0,0,2134
15:10,910,0063,g9,-1244,0,0,2134
15:15,915,0063,g9,-1244,0,0,0
15:20,920,0063,g9,-1244,0,0,0
15:25,925,0063,g9,-1244,0,0,0
15:30,930,0063,g9,-3822,-2578,-2578,-2578
15:35,935,0063,g9,-3822,0,-2578,-2578
15:40,940,0063,g9,-3822,0,0,-2578
15:45,945,0063,g9,-5333,-1511,-1511,-4089
15:50,950,0063,g9,-5333,0,-1511,-4089
15:55,955,0063,g9,-5333,0,0,-4089
16:00,960,0063,g9,-5333,0,0,-1511
16:05,965,0063,g9,-5333,0,0,-1511
16:10,970,0063,g9,-5333,0,0,-1511
16:15,975,0063,g9,-5333,0,0,0
16:20,980,0063,g9,-5333,0,0,0
16:25,985,0063,g9,-5333,0,0,0
16:30,990,0063,g9,-1778,3555,3555,3555
16:35,995,0063,g9,-1778,0,3555,3555
16:40,1000,0063,g9,-1778,0,0,3555
16:45,1005,0063,g9,-1778,0,0,3555
16:50,1010,0063,g9,-2044,-266,-266,3289
16:55,1015,0063,g9,-2044,0,-266,3289
17:00,1020,0063,g9,-2044,0,0,-266
17:05,1025,0063,g9,-2044,0,0,-266
17:10,1030,0063,g9,-2044,0,0,-266
17:15,1035,0063,g9,-2044,0,0,-266
17:20,1040,0063,g9,-2044,0,0,0
17:25,1045,0063,g9,-2044,0,0,0
17:30,1050,0063,g9,-2489,-445,-445,-445
17:35,1055,0063,g9,-2489,0,-445,-445
17:40,1060,0063,g9,-2489,0,0,-445
17:45,1065,0063,g9,-2489,0,0,-445
17:50,1070,0063,g9,-1689,800,800,355
17:55,1075,0063,g9,-1689,0,800,355
18:00,1080,0063,g9,-1689,0,0,800
18:05,1085,0063,g9,-1689,0,0,800
18:10,1090,0063,g9,-1689,0,0,800
18:15,1095,0063,g9,-1689,0,0,800
18:20,1100,0063,g9,-1689,0,0,0
18:25,1105,0063,g9,-2311,-622,-622,-622
18:30,1110,0063,g9,-2311,0,-622,-622
18:35,1115,0063,g9,-2311,0,0,-622
18:40,1120,0063,g9,-2311,0,0,-622
18:45,1125,0063,g9,-2311,0,0,-622
18:50,1130,0063,g9,-2311,0,0,-622
18:55,1135,0063,g9,-2311,0,0,0
19:00,1140,0063,g9,-2311,0,0,0
19:05,1145,0063,g9,-2311,0,0,0
19:10,1150,0063,g9,-2311,0,0,0
19:15,1155,0063,g9,-2311,0,0,0
19:20,1160,0063,g9,-2311,0,0,0
19:25,1165,0063,g9,-2489,-178,-178,-178
19:30,1170,0063,g9,-2489,0,-178,-178
19:35,1175,0063,g9,-2489,0,0,-178
19:40,1180,0063,g9,-2489,0,0,-178
19:45,1185,0063,g9,-2489,0,0,-178
19:50,1190,0063,g9,-2489,0,0,-178
19:55,1195,0063,g9,-2489,0,0,0
20:00,1200,0063,g9,-2489,0,0,0
20:05,1205,0063,g9,-2489,0,0,0
20:10,1210,0063,g9,-2489,0,0,0
20:15,1215,0063,g9,-2489,0,0,0
20:20,1220,0063,g9,-2489,0,0,0
20:25,1225,0063,g9,-2489,0,0,0
20:30,1230,0063,g9,-3644,-1155,-1155,-1155
20:35,1235,0063,g9,-3644,0,-1155,-1155
20:40,1240,0063,g9,-3644,0,0,-1155
20:45,1245,0063,g9,-2311,1333,1333,178
20:50,1250,0063,g9,-2311,0,1333,178
20:55,1255,0063,g9,-2311,0,0,178
21:00,1260,0063,g9,-2311,0,0,1333
21:05,1265,0063,g9,-2311,0,0,1333
21:10,1270,0063,g9,-2311,0,0,1333
21:15,1275,0063,g9,-2311,0,0,0
21:20,1280,0063,g9,-2311,0,0,0
21:25,1285,0063,g9,-2311,0,0,0
21:30,1290,0063,g9,-4000,-1689,-1689,-1689
21:35,1295,0063,g9,-4000,0,-1689,-1689
21:40,1300,0063,g9,-4000,0,0,-1689
21:45,1305,0063,g9,-3378,622,622,-1067
21:50,1310,0063,g9,-3378,0,622,-1067
21:55,1315,0063,g9,-3378,0,0,-1067
22:00,1320,0063,g9,-3378,0,0,622
22:05,1325,0063,g9,-3378,0,0,622
22:10,1330,0063,g9,-3378,0,0,622
22:15,1335,0063,g9,-3378,0,0,0
22:20,1340,0063,g9,-3378,0,0,0
22:25,1345,0063,g9,-3378,0,0,0
22:30,1350,0063,g9,-4800,-1422,-1422,-1422
22:35,1355,0063,g9,-4800,0,-1422,-1422
22:40,1360,0063,g9,-4800,0,0,-1422
22:45,1365,0063,g9,-4800,0,0,-1422
22:50,1370,0063,g9,-4800,0,0,-1422
22:55,1375,0063,g9,-4800,0,0,-1422
23:00,1380,0063,g9,-4800,0,0,0
23:05,1385,0063,g9,-4800,0,0,0
23:10,1390,0063,g9,-4800,0,0,0
23:15,1395,0063,g9,-4800,0,0,0
23:16,1396,0063,g9,-4800,,,
23:20,1400,0063,g9,-4800,0,0,0
09:00,540,0064,g1,0,,,
09:05,545,0064,g1,0,0,,
09:10,550,0064,g1,0,0,0,
09:15,555,0064,g1,0,0,0,
09:20,560,0064,g1,0,0,0,
09:25,565,0064,g1,0,0,0,
09:30,570,0064,g1,0,0,0,0
09:35,575,0064,g1,0,0,0,0
09:40,580,0064,g1,0,0,0,0
09:45,585,0064,g1,0,0,0,0
09:50,590,0064,g1,0,0,0,0
09:55,595,0064,g1,0,0,0,0
10:00,600,0064,g1,0,0,0,0
10:05,605,0064,g1,0,0,0,0
10:10,610,0064,g1,0,0,0,0
10:15,615,0064,g1,0,0,0,0
10:20,620,0064,g1,0,0,0,0
10:25,625,0064,g1,-267,-267,-267,-267
10:30,630,0064,g1,-267,0,-267,-267
10:35,635,0064,g1,-267,0,0,-267
10:40,640,0064,g1,-1244,-977,-977,-1244
10:45,645,0064,g1,-1244,0,-977,-1244
10:50,650,0064,g1,-1244,0,0,-1244
10:55,655,0064,g1,-1244,0,0,-977
11:00,660,0064,g1,-533,711,711,-266
11:05,665,0064,g1,-533,0,711,-266
11:10,670,0064,g1,-533,0,0,711
11:15,675,0064,g1,-533,0,0,711
11:20,680,0064,g1,-533,0,0,711
11:25,685,0064,g1,-533,0,0,711
11:30,690,0064,g1,4569,5102,5102,5102
11:35,695,0064,g1,4569,0,5102,5102
11:40,700,0064,g1,4569,0,0,5102
11:45,705,0064,g1,3362,-1207,-1207,3895
11:50,710,0064,g1,3362,0,-1207,3895
11:55,715,0064,g1,3362,0,0,3895
12:00,720,0064,g1,3362,0,0,-1207
12:05,725,0064,g1,3362,0,0,-1207
12:10,730,0064,g1,3362,0,0,-1207
12:15,735,0064,g1,3362,0,0,0
12:20,740,0064,g1,3362,0,0,0
12:25,745,0064,g1,3362,0,0,0
12:30,750,0064,g1,1466,-1896,-1896,-1896
12:35,755,0064,g1,1466,0,-1896,-1896
12:40,760,0064,g1,1466,0,0,-1896
12:45,765,0064,g1,1466,0,0,-1896
12:50,770,0064,g1,1034,-432,-432,-2328
12:55,775,0064,g1,1034,0,-432,-2328
13:00,780,0064,g1,1034,0,0,-432
13:05,785,0064,g1,1034,0,0,-432
13:10,790,0064,g1,1034,0,0,-432
13:15,795,0064,g1,1034,0,0,-432
13:20,800,0064,g1,1034,0,0,0
13:25,805,0064,g1,-1956,-2990,-2990,-2990
13:30,810,0064,g1,-1956,0,-2990,-2990
13:35,815,0064,g1,-1956,0,0,-2990
13:40,820,0064,g1,-1956,0,0,-2990
13:45,825,0064,g1,-1956,0,0,-2990
13:50,830,0064,g1,-3289,-1333,-1333,-4323
13:55,835,0064,g1,-3289,0,-1333,-1333
14:00,840,0064,g1,-3289,0,0,-1333
14:05,845,0064,g1,-3289,0,0,-1333
14:10,850,0064,g1,-3289,0,0,-1333
14:15,855,0064,g1,-3289,0,0,-1333
14:20,860,0064,g1,-3289,0,0,0
14:25,865,0064,g1,-3289,0,0,0
14:30,870,0064,g1,-6044,-2755,-2755,-2755
14:35,875,0064,g1,-6044,0,-2755,-2755
14:40,880,0064,g1,-6044,0,0,-2755
14:45,885,0064,g1,-6578,-534,-534,-3289
14:50,890,0064,g1,-6578,0,-534,-3289
14:55,895,0064,g1,-6578,0,0,-3289
15:00,900,0064,g1,-6578,0,0,-534
15:05,905,0064,g1,-6578,0,0,-534
15:10,910,0064,g1,-6578,0,0,-534
15:15,915,0064,g1,-6578,0,0,0
15:20,920,0064,g1,-6578,0,0,0
15:25,925,0064,g1,-6578,0,0,0
15:30,930,0064,g1,3534,10112,10112,10112
15:35,935,0064,g1,3534,0,10112,10112
15:40,940,0064,g1,3534,0,0,10112
15:45,945,0064,g1,4483,949,949,11061
15:50,950,0064,g1,4483,0,949,11061
15:55,955,0064,g1,4483,0,0,11061
16:00,960,0064,g1,4483,0,0,949
16:05,965,0064,g1,4483,0,0,949
16:10,970,0064,g1,4483,0,0,949
16:15,975,0064,g1,4483,0,0,0
16:20,980,0064,g1,4483,0,0,0
16:25,985,0064,g1,4483,0,0,0
16:30,990,0064,g1,3448,-1035,-1035,-1035
16:35,995,0064,g1,3448,0,-1035,-1035
16:40,1000,0064,g1,3448,0,0,-1035
16:45,1005,0064,g1,3448,0,0,-1035
16:50,1010,0064,g1,3448,0,0,-1035
16:55,1015,0064,g1,3448,0,0,-1035
17:00,1020,0064,g1,3448,0,0,0
17:05,1025,0064,g1,3448,0,0,0
17:10,1030,0064,g1,3448,0,0,0
17:15,1035,0064,g1,3448,0,0,0
17:20,1040,0064,g1,3448,0,0,0
17:25,1045,0064,g1,3448,0,0,0
17:30,1050,0064,g1,4655,1207,1207,1207
17:35,1055,0064,g1,4655,0,1207,1207
17:40,1060,0064,g1,4655,0,0,1207
17:45,1065,0064,g1,4655,0,0,1207
17:50,1070,0064,g1,3362,-1293,-1293,-86
17:55,1075,0064,g1,3362,0,-1293,-86
18:00,1080,0064,g1,3362,0,0,-1293
18:05,1085,0064,g1,3362,0,0,-1293
18:10,1090,0064,g1,3362,0,0,-1293
18:15,1095,0064,g1,3362,0,0,-1293
18:20,1100,0064,g1,3362,0,0,0
18:25,1105,0064,g1,1034,-2328,-2328,-2328
18:30,1110,0064,g1,1034,0,-2328,-2328
18:35,1115,0064,g1,1034,0,0,-2328
18:40,1120,0064,g1,1034,0,0,-2328
18:45,1125,0064,g1,1034,0,0,-2328
18:50,1130,0064,g1,172,-862,-862,-3190
18:55,1135,0064,g1,172,0,-862,-862
19:00,1140,0064,g1,172,0,0,-862
19:05,1145,0064,g1,172,0,0,-862
19:10,1150,0064,g1,172,0,0,-862
19:15,1155,0064,g1,172,0,0,-862
19:20,1160,0064,g1,172,0,0,0
19:25,1165,0064,g1,-2489,-2661,-2661,-2661
19:30,1170,0064,g1,-2489,0,-2661,-2661
19:35,1175,0064,g1,-2489,0,0,-2661
19:40,1180,0064,g1,-2489,0,0,-2661
19:45,1185,0064,g1,-1867,622,622,-2039
19:50,1190,0064,g1,-1867,0,622,-2039
19:55,1195,0064,g1,-1867,0,0,622
20:00,1200,0064,g1,-1867,0,0,622
20:05,1205,0064,g1,-1867,0,0,622
20:10,1210,0064,g1,-1867,0,0,622
20:15,1215,0064,g1,-1867,0,0,0
20:20,1220,0064,g1,-1867,0,0,0
20:25,1225,0064,g1,-1867,0,0,0
20:30,1230,0064,g1,-3644,-1777,-1777,-1777
20:35,1235,0064,g1,-3644,0,-1777,-1777
20:40,1240,0064,g1,-3644,0,0,-1777
20:45,1245,0064,g1,-4178,-534,-534,-2311
20:50,1250,0064,g1,-4178,0,-534,-2311
20:55,1255,0064,g1,-4178,0,0,-2311
21:00,1260,0064,g1,-4178,0,0,-534
21:05,1265,0064,g1,-4178,0,0,-534
21:10,1270,0064,g1,-4178,0,0,-534
21:15,1275,0064,g1,-4178,0,0,0
21:20,1280,0064,g1,-4178,0,0,0
21:25,1285,0064,g1,-4178,0,0,0
21:30,1290,0064,g1,3534,7712,7712,7712
21:35,1295,0064,g1,3534,0,7712,7712
21:40,1300,0064,g1,3534,0,0,7712
21:45,1305,0064,g1,2586,-948,-948,6764
21:50,1310,0064,g1,2586,0,-948,6764
21:55,1315,0064,g1,2586,0,0,6764
22:00,1320,0064,g1,2586,0,0,-948
22:05,1325,0064,g1,2586,0,0,-948
22:10,1330,0064,g1,2586,0,0,-948
22:15,1335,0064,g1,2586,0,0,0
22:20,1340,0064,g1,2586,0,0,0
22:25,1345,0064,g1,2586,0,0,0
22:30,1350,0064,g1,2586,0,0,0
22:35,1355,0064,g1,2586,0,0,0
22:40,1360,0064,g1,2586,0,0,0
22:45,1365,0064,g1,2586,0,0,0
22:50,1370,0064,g1,2586,0,0,0
22:55,1375,0064,g1,2586,0,0,0
23:00,1380,0064,g1,2586,0,0,0
23:05,1385,0064,g1,2586,0,0,0
23:10,1390,0064,g1,2586,0,0,0
23:15,1395,0064,g1,2586,0,0,0
23:16,1396,0064,g1,2586,,,
23:20,1400,0064,g1,2586,0,0,0
09:00,540,0065,g2,0,,,
09:05,545,0065,g2,0,0,,
09:10,550,0065,g2,0,0,0,
09:15,555,0065,g2,0,0,0,
09:20,560,0065,g2,0,0,0,
09:25,565,0065,g2,0,0,0,
09:30,570,0065,g2,0,0,0,0
09:35,575,0065,g2,0,0,0,0
09:40,580,0065,g2,0,0,0,0
09:45,585,0065,g2,0,0,0,0
09:50,590,0065,g2,0,0,0,0
09:55,595,0065,g2,0,0,0,0
10:00,600,0065,g2,0,0,0,0
10:05,605,0065,g2,0,0,0,0
10:10,610,0065,g2,0,0,0,0
10:15,615,0065,g2,0,0,0,0
10:20,620,0065,g2,0,0,0,0
10:25,625,0065,g2,0,0,0,0
10:30,630,0065,g2,0,0,0,0
10:35,635,0065,g2,0,0,0,0
10:40,640,0065,g2,-178,-178,-178,-178
10:45,645,0065,g2,-178,0,-178,-178
10:50,650,0065,g2,-178,0,0,-178
10:55,655,0065,g2,-178,0,0,-178
11:00,660,0065,g2,-1067,-889,-889,-1067
11:05,665,0065,g2,-1067,0,-889,-1067
11:10,670,0065,g2,-1067,0,0,-889
11:15,675,0065,g2,-1067,0,0,-889
11:20,680,0065,g2,-1067,0,0,-889
11:25,685,0065,g2,-1067,0,0,-889
11:30,690,0065,g2,-2311,-1244,-1244,-1244
11:35,695,0065,g2,-2311,0,-1244,-1244
11:40,700,0065,g2,-2311,0,0,-1244
11:45,705,0065,g2,259,2570,2570,1326
11:50,710,0065,g2,259,0,2570,1326
11:55,715,0065,g2,259,0,0,1326
12:00,720,0065,g2,259,0,0,2570
12:05,725,0065,g2,259,0,0,2570
12:10,730,0065,g2,259,0,0,2570
12:15,735,0065,g2,259,0,0,0
12:20,740,0065,g2,259,0,0,0
12:25,745,0065,g2,259,0,0,0
12:30,750,0065,g2,4828,4569,4569,4569
12:35,755,0065,g2,4828,0,4569,4569
12:40,760,0065,g2,4828,0,0,4569
12:45,765,0065,g2,4828,0,0,4569
12:50,770,0065,g2,3879,-949,-949,3620
12:55,775,0065,g2,3879,0,-949,3620
13:00,780,0065,g2,3879,0,0,-949
13:05,785,0065,g2,3879,0,0,-949
13:10,790,0065,g2,3879,0,0,-949
13:15,795,0065,g2,3879,0,0,-949
13:20,800,0065,g2,3879,0,0,0
13:25,805,0065,g2,1379,-2500,-2500,-2500
13:30,810,0065,g2,1379,0,-2500,-2500
13:35,815,0065,g2,1379,0,0,-2500
13:40,820,0065,g2,1379,0,0,-2500
13:45,825,0065,g2,1379,0,0,-2500
13:50,830,0065,g2,431,-948,-948,-3448
13:55,835,0065,g2,431,0,-948,-948
14:00,840,0065,g2,431,0,0,-948
14:05,845,0065,g2,431,0,0,-948
14:10,850,0065,g2,431,0,0,-948
14:15,855,0065,g2,431,0,0,-948
14:20,860,0065,g2,431,0,0,0
14:25,865,0065,g2,431,0,0,0
14:30,870,0065,g2,-444,-875,-875,-875
14:35,875,0065,g2,-444,0,-875,-875
14:40,880,0065,g2,-444,0,0,-875
14:45,885,0065,g2,-1156,-712,-712,-1587
14:50,890,0065,g2,-1156,0,-712,-1587
14:55,895,0065,g2,-1156,0,0,-1587
15:00,900,0065,g2,-1156,0,0,-712
15:05,905,0065,g2,-1156,0,0,-712
15:10,910,0065,g2,-1156,0,0,-712
15:15,915,0065,g2,-1156,0,0,0
15:20,920,0065,g2,-1156,0,0,0
15:25,925,0065,g2,-1156,0,0,0
15:30,930,0065,g2,-2667,-1511,-1511,-1511
15:35,935,0065,g2,-2667,0,-1511,-1511
15:40,940,0065,g2,-2667,0,0,-1511
15:45,945,0065,g2,-89,2578,2578,1067
15:50,950,0065,g2,-89,0,2578,1067
15:55,955,0065,g2,-89,0,0,1067
16:00,960,0065,g2,-89,0,0,2578
16:05,965,0065,g2,-89,0,0,2578
16:10,970,0065,g2,-89,0,0,2578
16:15,975,0065,g2,-89,0,0,0
16:20,980,0065,g2,-89,0,0,0
16:25,985,0065,g2,-89,0,0,0
16:30,990,0065,g2,-3022,-2933,-2933,-2933
16:35,995,0065,g2,-3022,0,-2933,-2933
16:40,1000,0065,g2,-3022,0,0,-2933
16:45,1005,0065,g2,-3022,0,0,-2933
16:50,1010,0065,g2,-4622,-1600,-1600,-4533
16:55,1015,0065,g2,-4622,0,-1600,-4533
17:00,1020,0065,g2,-4622,0,0,-1600
17:05,1025,0065,g2,-4622,0,0,-1600
17:10,1030,0065,g2,-4622,0,0,-1600
17:15,1035,0065,g2,-4622,0,0,-1600
17:20,1040,0065,g2,-4622,0,0,0
17:25,1045,0065,g2,-4622,0,0,0
17:30,1050,0065,g2,-6578,-1956,-1956,-1956
17:35,1055,0065,g2,-6578,0,-1956,-1956
17:40,1060,0065,g2,-6578,0,0,-1956
17:45,1065,0065,g2,-6578,0,0,-1956
17:50,1070,0065,g2,-7200,-622,-622,-2578
17:55,1075,0065,g2,-7200,0,-622,-2578
18:00,1080,0065,g2,-7200,0,0,-622
18:05,1085,0065,g2,-7200,0,0,-622
18:10,1090,0065,g2,-7200,0,0,-622
18:15,1095,0065,g2,-7200,0,0,-622
18:20,1100,0065,g2,-7200,0,0,0
18:25,1105,0065,g2,-7289,-89,-89,-89
18:30,1110,0065,g2,-7289,0,-89,-89
18:35,1115,0065,g2,-7289,0,0,-89
18:40,1120,0065,g2,-7289,0,0,-89
18:45,1125,0065,g2,-7289,0,0,-89
18:50,1130,0065,g2,-7289,0,0,-89
18:55,1135,0065,g2,-7289,0,0,0
19:00,1140,0065,g2,-7289,0,0,0
19:05,1145,0065,g2,-7289,0,0,0
19:10,1150,0065,g2,-7289,0,0,0
19:15,1155,0065,g2,-7289,0,0,0
19:20,1160,0065,g2,-7289,0,0,0
19:25,1165,0065,g2,-7556,-267,-267,-267
19:30,1170,0065,g2,-7556,0,-267,-267
19:35,1175,0065,g2,-7556,0,0,-267
19:40,1180,0065,g2,-7556,0,0,-267
19:45,1185,0065,g2,-7556,0,0,-267
19:50,1190,0065,g2,-7556,0,0,-267
19:55,1195,0065,g2,-7556,0,0,0
20:00,1200,0065,g2,-7556,0,0,0
20:05,1205,0065,g2,-7556,0,0,0
20:10,1210,0065,g2,-7556,0,0,0
20:15,1215,0065,g2,-7556,0,0,0
20:20,1220,0065,g2,-7556,0,0,0
20:25,1225,0065,g2,-7556,0,0,0
20:30,1230,0065,g2,-7822,-266,-266,-266
20:35,1235,0065,g2,-7822,0,-266,-266
20:40,1240,0065,g2,-7822,0,0,-266
20:45,1245,0065,g2,-8178,-356,-356,-622
20:50,1250,0065,g2,-8178,0,-356,-622
20:55,1255,0065,g2,-8178,0,0,-622
21:00,1260,0065,g2,-8178,0,0,-356
21:05,1265,0065,g2,-8178,0,0,-356
21:10,1270,0065,g2,-8178,0,0,-356
21:15,1275,0065,g2,-8178,0,0,0
21:20,1280,0065,g2,-8178,0,0,0
21:25,1285,0065,g2,-8178,0,0,0
21:30,1290,0065,g2,-8178,0,0,0
21:35,1295,0065,g2,-8178,0,0,0
21:40,1300,0065,g2,-8178,0,0,0
21:45,1305,0065,g2,-8178,0,0,0
21:50,1310,0065,g2,-8178,0,0,0
21:55,1315,0065,g2,-8178,0,0,0
22:00,1320,0065,g2,-8178,0,0,0
22:05,1325,0065,g2,-8178,0,0,0
22:10,1330,0065,g2,-8178,0,0,0
22:15,1335,0065,g2,-8178,0,0,0
22:20,1340,0065,g2,-8178,0,0,0
22:25,1345,0065,g2,-8178,0,0,0
22:30,1350,0065,g2,-8178,0,0,0
22:35,1355,0065,g2,-8178,0,0,0
22:40,1360,0065,g2,-8178,0,0,0
22:45,1365,0065,g2,-8178,0,0,0
22:50,1370,0065,g2,-8178,0,0,0
22:55,1375,0065,g2,-8178,0,0,0
23:00,1380,0065,g2,-8178,0,0,0
23:05,1385,0065,g2,-8178,0,0,0
23:10,1390,0065,g2,-8178,0,0,0
23:15,1395,0065,g2,-8178,0,0,0
23:16,1396,0065,g2,-8178,,,
23:20,1400,0065,g2,-8178,0,0,0
09:00,540,0066,g3,0,,,
09:05,545,0066,g3,0,0,,
09:10,550,0066,g3,0,0,0,
09:15,555,0066,g3,0,0,0,
09:20,560,0066,g3,0,0,0,
09:25,565,0066,g3,0,0,0,
09:30,570,0066,g3,0,0,0,0
09:35,575,0066,g3,0,0,0,0
09:40,580,0066,g3,0,0,0,0
09:45,585,0066,g3,0,0,0,0
09:50,590,0066,g3,0,0,0,0
09:55,595,0066,g3,0,0,0,0
10:00,600,0066,g3,0,0,0,0
10:05,605,0066,g3,0,0,0,0
10:10,610,0066,g3,0,0,0,0
10:15,615,0066,g3,0,0,0,0
10:20,620,0066,g3,0,0,0,0
10:25,625,0066,g3,0,0,0,0
10:30,630,0066,g3,0,0,0,0
10:35,635,0066,g3,0,0,0,0
10:40,640,0066,g3,0,0,0,0
10:45,645,0066,g3,0,0,0,0
10:50,650,0066,g3,0,0,0,0
10:55,655,0066,g3,0,0,0,0
11:00,660,0066,g3,0,0,0,0
11:05,665,0066,g3,0,0,0,0
11:10,670,0066,g3,0,0,0,0
11:15,675,0066,g3,0,0,0,0
11:20,680,0066,g3,0,0,0,0
11:25,685,0066,g3,0,0,0,0
11:30,690,0066,g3,0,0,0,0
11:35,695,0066,g3,0,0,0,0
11:40,700,0066,g3,0,0,0,0
11:45,705,0066,g3,-711,-711,-711,-711
11:50,710,0066,g3,-711,0,-711,-711
11:55,715,0066,g3,-711,0,0,-711
12:00,720,0066,g3,-711,0,0,-711
12:05,725,0066,g3,-711,0,0,-711
12:10,730,0066,g3,-711,0,0,-711
12:15,735,0066,g3,-711,0,0,0
12:20,740,0066,g3,-711,0,0,0
12:25,745,0066,g3,-711,0,0,0
12:30,750,0066,g3,-711,0,0,0
12:35,755,0066,g3,-711,0,0,0
12:40,760,0066,g3,-711,0,0,0
12:45,765,0066,g3,-711,0,0,0
12:50,770,0066,g3,-711,0,0,0
12:55,775,0066,g3,-711,0,0,0
13:00,780,0066,g3,-711,0,0,0
13:05,785,0066,g3,-711,0,0,0
13:10,790,0066,g3,-711,0,0,0
13:15,795,0066,g3,-711,0,0,0
13:20,800,0066,g3,-711,0,0,0
13:25,805,0066,g3,-3556,-2845,-2845,-2845
13:30,810,0066,g3,-3556,0,-2845,-2845
13:35,815,0066,g3,-3556,0,0,-2845
13:40,820,0066,g3,-3556,0,0,-2845
13:45,825,0066,g3,-3556,0,0,-2845
13:50,830,0066,g3,-3467,89,89,-2756
13:55,835,0066,g3,-3467,0,89,89
14:00,840,0066,g3,-3467,0,0,89
14:05,845,0066,g3,-3467,0,0,89
14:10,850,0066,g3,-3467,0,0,89
14:15,855,0066,g3,-3467,0,0,89
14:20,860,0066,g3,-3467,0,0,0
14:25,865,0066,g3,-3467,0,0,0
14:30,870,0066,g3,-6311,-2844,-2844,-2844
14:35,875,0066,g3,-6311,0,-2844,-2844
14:40,880,0066,g3,-6311,0,0,-2844
14:45,885,0066,g3,-4889,1422,1422,-1422
14:50,890,0066,g3,-4889,0,1422,-1422
14:55,895,0066,g3,-4889,0,0,-1422
15:00,900,0066,g3,-4889,0,0,1422
15:05,905,0066,g3,-4889,0,0,1422
15:10,910,0066,g3,-4889,0,0,1422
15:15,915,0066,g3,-4889,0,0,0
15:20,920,0066,g3,-4889,0,0,0
15:25,925,0066,g3,-4889,0,0,0
15:30,930,0066,g3,-1067,3822,3822,3822
15:35,935,0066,g3,-1067,0,3822,3822
15:40,940,0066,g3,-1067,0,0,3822
15:45,945,0066,g3,-2133,-1066,-1066,2756
15:50,950,0066,g3,-2133,0,-1066,2756
15:55,955,0066,g3,-2133,0,0,2756
16:00,960,0066,g3,-2133,0,0,-1066
16:05,965,0066,g3,-2133,0,0,-1066
16:10,970,0066,g3,-2133,0,0,-1066
16:15,975,0066,g3,-2133,0,0,0
16:20,980,0066,g3,-2133,0,0,0
16:25,985,0066,g3,-2133,0,0,0
16:30,990,0066,g3,-4089,-1956,-1956,-1956
16:35,995,0066,g3,-4089,0,-1956,-1956
16:40,1000,0066,g3,-4089,0,0,-1956
16:45,1005,0066,g3,-4089,0,0,-1956
16:50,1010,0066,g3,-4444,-355,-355,-2311
16:55,1015,0066,g3,-4444,0,-355,-2311
17:00,1020,0066,g3,-4444,0,0,-355
17:05,1025,0066,g3,-4444,0,0,-355
17:10,1030,0066,g3,-4444,0,0,-355
17:15,1035,0066,g3,-4444,0,0,-355
17:20,1040,0066,g3,-4444,0,0,0
17:25,1045,0066,g3,-4444,0,0,0
17:30,1050,0066,g3,2931,7375,7375,7375
17:35,1055,0066,g3,2931,0,7375,7375
17:40,1060,0066,g3,2931,0,0,7375
17:45,1065,0066,g3,2931,0,0,7375
17:50,1070,0066,g3,2069,-862,-862,6513
17:55,1075,0066,g3,2069,0,-862,6513
18:00,1080,0066,g3,2069,0,0,-862
18:05,1085,0066,g3,2069,0,0,-862
18:10,1090,0066,g3,2069,0,0,-862
18:15,1095,0066,g3,2069,0,0,-862
18:20,1100,0066,g3,2069,0,0,0
18:25,1105,0066,g3,3448,1379,1379,1379
18:30,1110,0066,g3,3448,0,1379,1379
18:35,1115,0066,g3,3448,0,0,1379
18:40,1120,0066,g3,3448,0,0,1379
18:45,1125,0066,g3,3448,0,0,1379
18:50,1130,0066,g3,3190,-258,-258,1121
18:55,1135,0066,g3,3190,0,-258,-258
19:00,1140,0066,g3,3190,0,0,-258
19:05,1145,0066,g3,3190,0,0,-258
19:10,1150,0066,g3,3190,0,0,-258
19:15,1155,0066,g3,3190,0,0,-258
19:20,1160,0066,g3,3190,0,0,0
19:25,1165,0066,g3,2241,-949,-949,-949
19:30,1170,0066,g3,2241,0,-949,-949
19:35,1175,0066,g3,2241,0,0,-949
19:40,1180,0066,g3,2241,0,0,-949
19:45,1185,0066,g3,1466,-775,-775,-1724
19:50,1190,0066,g3,1466,0,-775,-1724
19:55,1195,0066,g3,1466,0,0,-775
20:00,1200,0066,g3,1466,0,0,-775
20:05,1205,0066,g3,1466,0,0,-775
20:10,1210,0066,g3,1466,0,0,-775
20:15,1215,0066,g3,1466,0,0,0
20:20,1220,0066,g3,1466,0,0,0
20:25,1225,0066,g3,1466,0,0,0
20:30,1230,0066,g3,-1333,-2799,-2799,-2799
20:35,1235,0066,g3,-1333,0,-2799,-2799
20:40,1240,0066,g3,-1333,0,0,-2799
20:45,1245,0066,g3,-2311,-978,-978,-3777
20:50,1250,0066,g3,-2311,0,-978,-3777
20:55,1255,0066,g3,-2311,0,0,-3777
21:00,1260,0066,g3,-2311,0,0,-978
21:05,1265,0066,g3,-2311,0,0,-978
21:10,1270,0066,g3,-2311,0,0,-978
21:15,1275,0066,g3,-2311,0,0,0
21:20,1280,0066,g3,-2311,0,0,0
21:25,1285,0066,g3,-2311,0,0,0
21:30,1290,0066,g3,-2311,0,0,0
21:35,1295,0066,g3,-2311,0,0,0
21:40,1300,0066,g3,-2311,0,0,0
21:45,1305,0066,g3,-2578,-267,-267,-267
21:50,1310,0066,g3,-2578,0,-267,-267
21:55,1315,0066,g3,-2578,0,0,-267
22:00,1320,0066,g3,-2578,0,0,-267
22:05,1325,0066,g3,-2578,0,0,-267
22:10,1330,0066,g3,-2578,0,0,-267
22:15,1335,0066,g3,-2578,0,0,0
22:20,1340,0066,g3,-2578,0,0,0
22:25,1345,0066,g3,-2578,0,0,0
22:30,1350,0066,g3,-2578,0,0,0
22:35,1355,0066,g3,-2578,0,0,0
22:40,1360,0066,g3,-2578,0,0,0
22:45,1365,0066,g3,-2578,0,0,0
22:50,1370,0066,g3,-2578,0,0,0
22:55,1375,0066,g3,-2578,0,0,0
23:00,1380,0066,g3,-2578,0,0,0
23:05,1385,0066,g3,-2578,0,0,0
23:10,1390,0066,g3,-2578,0,0,0
23:15,1395,0066,g3,-2578,0,0,0
23:16,1396,0066,g3,-2578,,,
23:20,1400,0066,g3,-2578,0,0,0
09:00,540,0067,g4,0,,,
09:05,545,0067,g4,0,0,,
09:10,550,0067,g4,0,0,0,
09:15,555,0067,g4,0,0,0,
09:20,560,0067,g4,0,0,0,
09:25,565,0067,g4,0,0,0,
09:30,570,0067,g4,0,0,0,0
09:35,575,0067,g4,0,0,0,0
09:40,580,0067,g4,0,0,0,0
09:45,585,0067,g4,0,0,0,0
09:50,590,0067,g4,0,0,0,0
09:55,595,0067,g4,0,0,0,0
10:00,600,0067,g4,0,0,0,0
10:05,605,0067,g4,0,0,0,0
10:10,610,0067,g4,0,0,0,0
10:15,615,0067,g4,0,0,0,0
10:20,620,0067,g4,0,0,0,0
10:25,625,0067,g4,0,0,0,0
10:30,630,0067,g4,0,0,0,0
10:35,635,0067,g4,0,0,0,0
10:40,640,0067,g4,0,0,0,0
10:45,645,0067,g4,0,0,0,0
10:50,650,0067,g4,0,0,0,0
10:55,655,0067,g4,0,0,0,0
11:00,660,0067,g4,0,0,0,0
11:05,665,0067,g4,0,0,0,0
11:10,670,0067,g4,0,0,0,0
11:15,675,0067,g4,0,0,0,0
11:20,680,0067,g4,0,0,0,0
11:25,685,0067,g4,0,0,0,0
11:30,690,0067,g4,-1778,-1778,-1778,-1778
11:35,695,0067,g4,-1778,0,-1778,-1778
11:40,700,0067,g4,-1778,0,0,-1778
11:45,705,0067,g4,-2489,-711,-711,-2489
11:50,710,0067,g4,-2489,0,-711,-2489
11:55,715,0067,g4,-2489,0,0,-2489
12:00,720,0067,g4,-2489,0,0,-711
12:05,725,0067,g4,-2489,0,0,-711
12:10,730,0067,g4,-2489,0,0,-711
12:15,735,0067,g4,-2489,0,0,0
12:20,740,0067,g4,-2489,0,0,0
12:25,745,0067,g4,-2489,0,0,0
12:30,750,0067,g4,-2844,-355,-355,-355
12:35,755,0067,g4,-2844,0,-355,-355
12:40,760,0067,g4,-2844,0,0,-355
12:45,765,0067,g4,-2844,0,0,-355
12:50,770,0067,g4,-3378,-534,-534,-889
12:55,775,0067,g4,-3378,0,-534,-889
13:00,780,0067,g4,-3378,0,0,-534
13:05,785,0067,g4,-3378,0,0,-534
13:10,790,0067,g4,-3378,0,0,-534
13:15,795,0067,g4,-3378,0,0,-534
13:20,800,0067,g4,-3378,0,0,0
13:25,805,0067,g4,-5333,-1955,-1955,-1955
13:30,810,0067,g4,-5333,0,-1955,-1955
13:35,815,0067,g4,-5333,0,0,-1955
13:40,820,0067,g4,-5333,0,0,-1955
13:45,825,0067,g4,-5333,0,0,-1955
13:50,830,0067,g4,-6044,-711,-711,-2666
13:55,835,0067,g4,-6044,0,-711,-711
14:00,840,0067,g4,-6044,0,0,-711
14:05,845,0067,g4,-6044,0,0,-711
14:10,850,0067,g4,-6044,0,0,-711
14:15,855,0067,g4,-6044,0,0,-711
14:20,860,0067,g4,-6044,0,0,0
14:25,865,0067,g4,-6044,0,0,0
14:30,870,0067,g4,-8889,-2845,-2845,-2845
14:35,875,0067,g4,-8889,0,-2845,-2845
14:40,880,0067,g4,-8889,0,0,-2845
14:45,885,0067,g4,-5156,3733,3733,888
14:50,890,0067,g4,-5156,0,3733,888
14:55,895,0067,g4,-5156,0,0,888
15:00,900,0067,g4,-5156,0,0,3733
15:05,905,0067,g4,-5156,0,0,3733
15:10,910,0067,g4,-5156,0,0,3733
15:15,915,0067,g4,-5156,0,0,0
15:20,920,0067,g4,-5156,0,0,0
15:25,925,0067,g4,-5156,0,0,0
15:30,930,0067,g4,-7467,-2311,-2311,-2311
15:35,935,0067,g4,-7467,0,-2311,-2311
15:40,940,0067,g4,-7467,0,0,-2311
15:45,945,0067,g4,-4978,2489,2489,178
15:50,950,0067,g4,-4978,0,2489,178
15:55,955,0067,g4,-4978,0,0,178
16:00,960,0067,g4,-4978,0,0,2489
16:05,965,0067,g4,-4978,0,0,2489
16:10,970,0067,g4,-4978,0,0,2489
16:15,975,0067,g4,-4978,0,0,0
16:20,980,0067,g4,-4978,0,0,0
16:25,985,0067,g4,-4978,0,0,0
16:30,990,0067,g4,-7289,-2311,-2311,-2311
16:35,995,0067,g4,-7289,0,-2311,-2311
16:40,1000,0067,g4,-7289,0,0,-2311
16:45,1005,0067,g4,-7289,0,0,-2311
16:50,1010,0067,g4,-8711,-1422,-1422,-3733
16:55,1015,0067,g4,-8711,0,-1422,-3733
17:00,1020,0067,g4,-8711,0,0,-1422
17:05,1025,0067,g4,-8711,0,0,-1422
17:10,1030,0067,g4,-8711,0,0,-1422
17:15,1035,0067,g4,-8711,0,0,-1422
17:20,1040,0067,g4,-8711,0,0,0
17:25,1045,0067,g4,-8711,0,0,0
17:30,1050,0067,g4,-11378,-2667,-2667,-2667
17:35,1055,0067,g4,-11378,0,-2667,-2667
17:40,1060,0067,g4,-11378,0,0,-2667
17:45,1065,0067,g4,-11378,0,0,-2667
17:50,1070,0067,g4,-11911,-533,-533,-3200
17:55,1075,0067,g4,-11911,0,-533,-3200
18:00,1080,0067,g4,-11911,0,0,-533
18:05,1085,0067,g4,-11911,0,0,-533
18:10,1090,0067,g4,-11911,0,0,-533
18:15,1095,0067,g4,-11911,0,0,-533
18:20,1100,0067,g4,-11911,0,0,0
18:25,1105,0067,g4,-9956,1955,1955,1955
18:30,1110,0067,g4,-9956,0,1955,1955
18:35,1115,0067,g4,-9956,0,0,1955
18:40,1120,0067,g4,-9956,0,0,1955
18:45,1125,0067,g4,-9956,0,0,1955
18:50,1130,0067,g4,-9956,0,0,1955
18:55,1135,0067,g4,-9956,0,0,0
19:00,1140,0067,g4,-9956,0,0,0
19:05,1145,0067,g4,-9956,0,0,0
19:10,1150,0067,g4,-9956,0,0,0
19:15,1155,0067,g4,-9956,0,0,0
19:20,1160,0067,g4,-9956,0,0,0
19:25,1165,0067,g4,-10667,-711,-711,-711
19:30,1170,0067,g4,-10667,0,-711,-711
19:35,1175,0067,g4,-10667,0,0,-711
19:40,1180,0067,g4,-10667,0,0,-711
19:45,1185,0067,g4,-10489,178,178,-533
19:50,1190,0067,g4,-10489,0,178,-533
19:55,1195,0067,g4,-10489,0,0,178
20:00,1200,0067,g4,-10489,0,0,178
20:05,1205,0067,g4,-10489,0,0,178
20:10,1210,0067,g4,-10489,0,0,178
20:15,1215,0067,g4,-10489,0,0,0
20:20,1220,0067,g4,-10489,0,0,0
20:25,1225,0067,g4,-10489,0,0,0
20:30,1230,0067,g4,-12444,-1955,-1955,-1955
20:35,1235,0067,g4,-12444,0,-1955,-1955
20:40,1240,0067,g4,-12444,0,0,-1955
20:45,1245,0067,g4,-12444,0,0,-1955
20:50,1250,0067,g4,-12444,0,0,-1955
20:55,1255,0067,g4,-12444,0,0,-1955
21:00,1260,0067,g4,-12444,0,0,0
21:05,1265,0067,g4,-12444,0,0,0
21:10,1270,0067,g4,-12444,0,0,0
21:15,1275,0067,g4,-12444,0,0,0
21:20,1280,0067,g4,-12444,0,0,0
21:25,1285,0067,g4,-12444,0,0,0
21:30,1290,0067,g4,-12978,-534,-534,-534
21:35,1295,0067,g4,-12978,0,-534,-534
21:40,1300,0067,g4,-12978,0,0,-534
21:45,1305,0067,g4,-13333,-355,-355,-889
21:50,1310,0067,g4,-13333,0,-355,-889
21:55,1315,0067,g4,-13333,0,0,-889
22:00,1320,0067,g4,-13333,0,0,-355
22:05,1325,0067,g4,-13333,0,0,-355
22:10,1330,0067,g4,-13333,0,0,-355
22:15,1335,0067,g4,-13333,0,0,0
22:20,1340,0067,g4,-13333,0,0,0
22:25,1345,0067,g4,-13333,0,0,0
22:30,1350,0067,g4,-13333,0,0,0
22:35,1355,0067,g4,-13333,0,0,0
22:40,1360,0067,g4,-13333,0,0,0
22:45,1365,0067,g4,-13333,0,0,0
22:50,1370,0067,g4,-13333,0,0,0
22:55,1375,0067,g4,-13333,0,0,0
23:00,1380,0067,g4,-13333,0,0,0
23:05,1385,0067,g4,-13333,0,0,0
23:10,1390,0067,g4,-13333,0,0,0
23:15,1395,0067,g4,-13333,0,0,0
23:16,1396,0067,g4,-13333,,,
23:20,1400,0067,g4,-13333,0,0,0
09:00,540,0068,g5,0,,,
09:05,545,0068,g5,0,0,,
09:10,550,0068,g5,0,0,0,
09:15,555,0068,g5,0,0,0,
09:20,560,0068,g5,0,0,0,
09:25,565,0068,g5,0,0,0,
09:30,570,0068,g5,0,0,0,0
09:35,575,0068,g5,0,0,0,0
09:40,580,0068,g5,0,0,0,0
09:45,585,0068,g5,0,0,0,0
09:50,590,0068,g5,0,0,0,0
09:55,595,0068,g5,0,0,0,0
10:00,600,0068,g5,0,0,0,0
10:05,605,0068,g5,0,0,0,0
10:10,610,0068,g5,0,0,0,0
10:15,615,0068,g5,0,0,0,0
10:20,620,0068,g5,0,0,0,0
10:25,625,0068,g5,0,0,0,0
10:30,630,0068,g5,0,0,0,0
10:35,635,0068,g5,0,0,0,0
10:40,640,0068,g5,0,0,0,0
10:45,645,0068,g5,0,0,0,0
10:50,650,0068,g5,0,0,0,0
10:55,655,0068,g5,0,0,0,0
11:00,660,0068,g5,-711,-711,-711,-711
11:05,665,0068,g5,-711,0,-711,-711
11:10,670,0068,g5,-711,0,0,-711
11:15,675,0068,g5,-711,0,0,-711
11:20,680,0068,g5,-711,0,0,-711
11:25,685,0068,g5,-711,0,0,-711
11:30,690,0068,g5,2586,3297,3297,3297
11:35,695,0068,g5,2586,0,3297,3297
11:40,700,0068,g5,2586,0,0,3297
11:45,705,0068,g5,1034,-1552,-1552,1745
11:50,710,0068,g5,1034,0,-1552,1745
11:55,715,0068,g5,1034,0,0,1745
12:00,720,0068,g5,1034,0,0,-1552
12:05,725,0068,g5,1034,0,0,-1552
12:10,730,0068,g5,1034,0,0,-1552
12:15,735,0068,g5,1034,0,0,0
12:20,740,0068,g5,1034,0,0,0
12:25,745,0068,g5,1034,0,0,0
12:30,750,0068,g5,-1600,-2634,-2634,-2634
12:35,755,0068,g5,-1600,0,-2634,-2634
12:40,760,0068,g5,-1600,0,0,-2634
12:45,765,0068,g5,-1600,0,0,-2634
12:50,770,0068,g5,-1600,0,0,-2634
12:55,775,0068,g5,-1600,0,0,-2634
13:00,780,0068,g5,-1600,0,0,0
13:05,785,0068,g5,-1600,0,0,0
13:10,790,0068,g5,-1600,0,0,0
13:15,795,0068,g5,-1600,0,0,0
13:20,800,0068,g5,-1600,0,0,0
13:25,805,0068,g5,2931,4531,4531,4531
13:30,810,0068,g5,2931,0,4531,4531
13:35,815,0068,g5,2931,0,0,4531
13:40,820,0068,g5,2931,0,0,4531
13:45,825,0068,g5,2931,0,0,4531
13:50,830,0068,g5,1379,-1552,-1552,2979
13:55,835,0068,g5,1379,0,-1552,-1552
14:00,840,0068,g5,1379,0,0,-1552
14:05,845,0068,g5,1379,0,0,-1552
14:10,850,0068,g5,1379,0,0,-1552
14:15,855,0068,g5,1379,0,0,-1552
14:20,860,0068,g5,1379,0,0,0
14:25,865,0068,g5,1379,0,0,0
14:30,870,0068,g5,690,-689,-689,-689
14:35,875,0068,g5,690,0,-689,-689
14:40,880,0068,g5,690,0,0,-689
14:45,885,0068,g5,-889,-1579,-1579,-2268
14:50,890,0068,g5,-889,0,-1579,-2268
14:55,895,0068,g5,-889,0,0,-2268
15:00,900,0068,g5,-889,0,0,-1579
15:05,905,0068,g5,-889,0,0,-1579
15:10,910,0068,g5,-889,0,0,-1579
15:15,915,0068,g5,-889,0,0,0
15:20,920,0068,g5,-889,0,0,0
15:25,925,0068,g5,-889,0,0,0
15:30,930,0068,g5,-4089,-3200,-3200,-3200
15:35,935,0068,g5,-4089,0,-3200,-3200
15:40,940,0068,g5,-4089,0,0,-3200
15:45,945,0068,g5,-5689,-1600,-1600,-4800
15:50,950,0068,g5,-5689,0,-1600,-4800
15:55,955,0068,g5,-5689,0,0,-4800
16:00,960,0068,g5,-5689,0,0,-1600
16:05,965,0068,g5,-5689,0,0,-1600
16:10,970,0068,g5,-5689,0,0,-1600
16:15,975,0068,g5,-5689,0,0,0
16:20,980,0068,g5,-5689,0,0,0
16:25,985,0068,g5,-5689,0,0,0
16:30,990,0068,g5,-6400,-711,-711,-711
16:35,995,0068,g5,-6400,0,-711,-711
16:40,1000,0068,g5,-6400,0,0,-711
16:45,1005,0068,g5,-6400,0,0,-711
16:50,1010,0068,g5,-7644,-1244,-1244,-1955
16:55,1015,0068,g5,-7644,0,-1244,-1955
17:00,1020,0068,g5,-7644,0,0,-1244
17:05,1025,0068,g5,-7644,0,0,-1244
17:10,1030,0068,g5,-7644,0,0,-1244
17:15,1035,0068,g5,-7644,0,0,-1244
17:20,1040,0068,g5,-7644,0,0,0
17:25,1045,0068,g5,-7644,0,0,0
17:30,1050,0068,g5,-8356,-712,-712,-712
17:35,1055,0068,g5,-8356,0,-712,-712
17:40,1060,0068,g5,-8356,0,0,-712
17:45,1065,0068,g5,-8356,0,0,-712
17:50,1070,0068,g5,-9956,-1600,-1600,-2312
17:55,1075,0068,g5,-9956,0,-1600,-2312
18:00,1080,0068,g5,-9956,0,0,-1600
18:05,1085,0068,g5,-9956,0,0,-1600
18:10,1090,0068,g5,-9956,0,0,-1600
18:15,1095,0068,g5,-9956,0,0,-1600
18:20,1100,0068,g5,-9956,0,0,0
18:25,1105,0068,g5,-10133,-177,-177,-177
18:30,1110,0068,g5,-10133,0,-177,-177
18:35,1115,0068,g5,-10133,0,0,-177
18:40,1120,0068,g5,-10133,0,0,-177
18:45,1125,0068,g5,-10133,0,0,-177
18:50,1130,0068,g5,-10844,-711,-711,-888
18:55,1135,0068,g5,-10844,0,-711,-711
19:00,1140,0068,g5,-10844,0,0,-711
19:05,1145,0068,g5,-10844,0,0,-711
19:10,1150,0068,g5,-10844,0,0,-711
19:15,1155,0068,g5,-10844,0,0,-711
19:20,1160,0068,g5,-10844,0,0,0
19:25,1165,0068,g5,-10133,711,711,711
19:30,1170,0068,g5,-10133,0,711,711
19:35,1175,0068,g5,-10133,0,0,711
19:40,1180,0068,g5,-10133,0,0,711
19:45,1185,0068,g5,-11022,-889,-889,-178
19:50,1190,0068,g5,-11022,0,-889,-178
19:55,1195,0068,g5,-11022,0,0,-889
20:00,1200,0068,g5,-11022,0,0,-889
20:05,1205,0068,g5,-11022,0,0,-889
20:10,1210,0068,g5,-11022,0,0,-889
20:15,1215,0068,g5,-11022,0,0,0
20:20,1220,0068,g5,-11022,0,0,0
20:25,1225,0068,g5,-11022,0,0,0
20:30,1230,0068,g5,-11911,-889,-889,-889
20:35,1235,0068,g5,-11911,0,-889,-889
20:40,1240,0068,g5,-11911,0,0,-889
20:45,1245,0068,g5,-12978,-1067,-1067,-1956
20:50,1250,0068,g5,-12978,0,-1067,-1956
20:55,1255,0068,g5,-12978,0,0,-1956
21:00,1260,0068,g5,-12978,0,0,-1067
21:05,1265,0068,g5,-12978,0,0,-1067
21:10,1270,0068,g5,-12978,0,0,-1067
21:15,1275,0068,g5,-12978,0,0,0
21:20,1280,0068,g5,-12978,0,0,0
21:25,1285,0068,g5,-12978,0,0,0
21:30,1290,0068,g5,-14044,-1066,-1066,-1066
21:35,1295,0068,g5,-14044,0,-1066,-1066
21:40,1300,0068,g5,-14044,0,0,-1066
21:45,1305,0068,g5,-14933,-889,-889,-1955
21:50,1310,0068,g5,-14933,0,-889,-1955
21:55,1315,0068,g5,-14933,0,0,-1955
22:00,1320,0068,g5,-14933,0,0,-889
22:05,1325,0068,g5,-14933,0,0,-889
22:10,1330,0068,g5,-14933,0,0,-889
22:15,1335,0068,g5,-14933,0,0,0
22:20,1340,0068,g5,-14933,0,0,0
22:25,1345,0068,g5,-14933,0,0,0
22:30,1350,0068,g5,-14933,0,0,0
22:35,1355,0068,g5,-14933,0,0,0
22:40,1360,0068,g5,-14933,0,0,0
22:45,1365,0068,g5,-14933,0,0,0
22:50,1370,0068,g5,-14933,0,0,0
22:55,1375,0068,g5,-14933,0,0,0
23:00,1380,0068,g5,-14933,0,0,0
23:05,1385,0068,g5,-14933,0,0,0
23:10,1390,0068,g5,-14933,0,0,0
23:15,1395,0068,g5,-14933,0,0,0
23:16,1396,0068,g5,-14933,,,
23:20,1400,0068,g5,-14933,0,0,0
09:00,540,0069,g6,0,,,
09:05,545,0069,g6,0,0,,
09:10,550,0069,g6,0,0,0,
09:15,555,0069,g6,0,0,0,
09:20,560,0069,g6,0,0,0,
09:25,565,0069,g6,0,0,0,
09:30,570,0069,g6,0,0,0,0
09:35,575,0069,g6,0,0,0,0
09:40,580,0069,g6,0,0,0,0
09:45,585,0069,g6,0,0,0,0
09:50,590,0069,g6,0,0,0,0
09:55,595,0069,g6,0,0,0,0
10:00,600,0069,g6,0,0,0,0
10:05,605,0069,g6,0,0,0,0
10:10,610,0069,g6,0,0,0,0
10:15,615,0069,g6,0,0,0,0
10:20,620,0069,g6,0,0,0,0
10:25,625,0069,g6,0,0,0,0
10:30,630,0069,g6,0,0,0,0
10:35,635,0069,g6,0,0,0,0
10:40,640,0069,g6,-356,-356,-356,-356
10:45,645,0069,g6,-356,0,-356,-356
10:50,650,0069,g6,-356,0,0,-356
10:55,655,0069,g6,-356,0,0,-356
11:00,660,0069,g6,-1600,-1244,-1244,-1600
11:05,665,0069,g6,-1600,0,-1244,-1600
11:10,670,0069,g6,-1600,0,0,-1244
11:15,675,0069,g6,-1600,0,0,-1244
11:20,680,0069,g6,-1600,0,0,-1244
11:25,685,0069,g6,-1600,0,0,-1244
11:30,690,0069,g6,-3733,-2133,-2133,-2133
11:35,695,0069,g6,-3733,0,-2133,-2133
11:40,700,0069,g6,-3733,0,0,-2133
11:45,705,0069,g6,-5156,-1423,-1423,-3556
11:50,710,0069,g6,-5156,0,-1423,-3556
11:55,715,0069,g6,-5156,0,0,-3556
12:00,720,0069,g6,-5156,0,0,-1423
12:05,725,0069,g6,-5156,0,0,-1423
12:10,730,0069,g6,-5156,0,0,-1423
12:15,735,0069,g6,-5156,0,0,0
12:20,740,0069,g6,-5156,0,0,0
12:25,745,0069,g6,-5156,0,0,0
12:30,750,0069,g6,-178,4978,4978,4978
12:35,755,0069,g6,-178,0,4978,4978
12:40,760,0069,g6,-178,0,0,4978
12:45,765,0069,g6,-178,0,0,4978
12:50,770,0069,g6,-356,-178,-178,4800
12:55,775,0069,g6,-356,0,-178,4800
13:00,780,0069,g6,-356,0,0,-178
13:05,785,0069,g6,-356,0,0,-178
13:10,790,0069,g6,-356,0,0,-178
13:15,795,0069,g6,-356,0,0,-178
13:20,800,0069,g6,-356,0,0,0
13:25,805,0069,g6,690,1046,1046,1046
13:30,810,0069,g6,690,0,1046,1046
13:35,815,0069,g6,690,0,0,1046
13:40,820,0069,g6,690,0,0,1046
13:45,825,0069,g6,690,0,0,1046
13:50,830,0069,g6,-711,-1401,-1401,-355
13:55,835,0069,g6,-711,0,-1401,-1401
14:00,840,0069,g6,-711,0,0,-1401
14:05,845,0069,g6,-711,0,0,-1401
14:10,850,0069,g6,-711,0,0,-1401
14:15,855,0069,g6,-711,0,0,-1401
14:20,860,0069,g6,-711,0,0,0
14:25,865,0069,g6,-711,0,0,0
14:30,870,0069,g6,-3733,-3022,-3022,-3022
14:35,875,0069,g6,-3733,0,-3022,-3022
14:40,880,0069,g6,-3733,0,0,-3022
14:45,885,0069,g6,-3733,0,0,-3022
14:50,890,0069,g6,-3733,0,0,-3022
14:55,895,0069,g6,-3733,0,0,-3022
15:00,900,0069,g6,-3733,0,0,0
15:05,905,0069,g6,-3733,0,0,0
15:10,910,0069,g6,-3733,0,0,0
15:15,915,0069,g6,-3733,0,0,0
15:20,920,0069,g6,-3733,0,0,0
15:25,925,0069,g6,-3733,0,0,0
15:30,930,0069,g6,-2311,1422,1422,1422
15:35,935,0069,g6,-2311,0,1422,1422
15:40,940,0069,g6,-2311,0,0,1422
15:45,945,0069,g6,-356,1955,1955,3377
15:50,950,0069,g6,-356,0,1955,3377
15:55,955,0069,g6,-356,0,0,3377
16:00,960,0069,g6,-356,0,0,1955
16:05,965,0069,g6,-356,0,0,1955
16:10,970,0069,g6,-356,0,0,1955
16:15,975,0069,g6,-356,0,0,0
16:20,980,0069,g6,-356,0,0,0
16:25,985,0069,g6,-356,0,0,0
16:30,990,0069,g6,-3556,-3200,-3200,-3200
16:35,995,0069,g6,-3556,0,-3200,-3200
16:40,1000,0069,g6,-3556,0,0,-3200
16:45,1005,0069,g6,-3556,0,0,-3200
16:50,1010,0069,g6,-4800,-1244,-1244,-4444
16:55,1015,0069,g6,-4800,0,-1244,-4444
17:00,1020,0069,g6,-4800,0,0,-1244
17:05,1025,0069,g6,-4800,0,0,-1244
17:10,1030,0069,g6,-4800,0,0,-1244
17:15,1035,0069,g6,-4800,0,0,-1244
17:20,1040,0069,g6,-4800,0,0,0
17:25,1045,0069,g6,-4800,0,0,0
17:30,1050,0069,g6,-7467,-2667,-2667,-2667
17:35,1055,0069,g6,-7467,0,-2667,-2667
17:40,1060,0069,g6,-7467,0,0,-2667
17:45,1065,0069,g6,-7467,0,0,-2667
17:50,1070,0069,g6,-7822,-355,-355,-3022
17:55,1075,0069,g6,-7822,0,-355,-3022
18:00,1080,0069,g6,-7822,0,0,-355
18:05,1085,0069,g6,-7822,0,0,-355
18:10,1090,0069,g6,-7822,0,0,-355
18:15,1095,0069,g6,-7822,0,0,-355
18:20,1100,0069,g6,-7822,0,0,0
18:25,1105,0069,g6,-8000,-178,-178,-178
18:30,1110,0069,g6,-8000,0,-178,-178
18:35,1115,0069,g6,-8000,0,0,-178
18:40,1120,0069,g6,-8000,0,0,-178
18:45,1125,0069,g6,-8000,0,0,-178
18:50,1130,0069,g6,-6933,1067,1067,889
18:55,1135,0069,g6,-6933,0,1067,1067
19:00,1140,0069,g6,-6933,0,0,1067
19:05,1145,0069,g6,-6933,0,0,1067
19:10,1150,0069,g6,-6933,0,0,1067
19:15,1155,0069,g6,-6933,0,0,1067
19:20,1160,0069,g6,-6933,0,0,0
19:25,1165,0069,g6,-8711,-1778,-1778,-1778
19:30,1170,0069,g6,-8711,0,-1778,-1778
19:35,1175,0069,g6,-8711,0,0,-1778
19:40,1180,0069,g6,-8711,0,0,-1778
19:45,1185,0069,g6,-8889,-178,-178,-1956
19:50,1190,0069,g6,-8889,0,-178,-1956
19:55,1195,0069,g6,-8889,0,0,-178
20:00,1200,0069,g6,-8889,0,0,-178
20:05,1205,0069,g6,-8889,0,0,-178
20:10,1210,0069,g6,-8889,0,0,-178
20:15,1215,0069,g6,-8889,0,0,0
20:20,1220,0069,g6,-8889,0,0,0
20:25,1225,0069,g6,-8889,0,0,0
20:30,1230,0069,g6,-9956,-1067,-1067,-1067
20:35,1235,0069,g6,-9956,0,-1067,-1067
20:40,1240,0069,g6,-9956,0,0,-1067
20:45,1245,0069,g6,-10133,-177,-177,-1244
20:50,1250,0069,g6,-10133,0,-177,-1244
20:55,1255,0069,g6,-10133,0,0,-1244
21:00,1260,0069,g6,-10133,0,0,-177
21:05,1265,0069,g6,-10133,0,0,-177
21:10,1270,0069,g6,-10133,0,0,-177
21:15,1275,0069,g6,-10133,0,0,0
21:20,1280,0069,g6,-10133,0,0,0
21:25,1285,0069,g6,-10133,0,0,0
21:30,1290,0069,g6,-10133,0,0,0
21:35,1295,0069,g6,-10133,0,0,0
21:40,1300,0069,g6,-10133,0,0,0
21:45,1305,0069,g6,-10133,0,0,0
21:50,1310,0069,g6,-10133,0,0,0
21:55,1315,0069,g6,-10133,0,0,0
22:00,1320,0069,g6,-10133,0,0,0
22:05,1325,0069,g6,-10133,0,0,0
22:10,1330,0069,g6,-10133,0,0,0
22:15,1335,0069,g6,-10133,0,0,0
22:20,1340,0069,g6,-10133,0,0,0
22:25,1345,0069,g6,-10133,0,0,0
22:30,1350,0069,g6,-10133,0,0,0
22:35,1355,0069,g6,-10133,0,0,0
22:40,1360,0069,g6,-10133,0,0,0
22:45,1365,0069,g6,-10133,0,0,0
22:50,1370,0069,g6,-10133,0,0,0
22:55,1375,0069,g6,-10133,0,0,0
23:00,1380,0069,g6,-10133,0,0,0
23:05,1385,0069,g6,-10133,0,0,0
23:10,1390,0069,g6,-10133,0,0,0
23:15,1395,0069,g6,-10133,0,0,0
23:16,1396,0069,g6,-10133,,,
23:20,1400,0069,g6,-10133,0,0,0
09:00,540,0070,g7,0,,,
09:05,545,0070,g7,0,0,,
09:10,550,0070,g7,0,0,0,
09:15,555,0070,g7,0,0,0,
09:20,560,0070,g7,0,0,0,
09:25,565,0070,g7,0,0,0,
09:30,570,0070,g7,0,0,0,0
09:35,575,0070,g7,0,0,0,0
09:40,580,0070,g7,0,0,0,0
09:45,585,0070,g7,0,0,0,0
09:50,590,0070,g7,0,0,0,0
09:55,595,0070,g7,0,0,0,0
10:00,600,0070,g7,0,0,0,0
10:05,605,0070,g7,0,0,0,0
10:10,610,0070,g7,0,0,0,0
10:15,615,0070,g7,0,0,0,0
10:20,620,0070,g7,0,0,0,0
10:25,625,0070,g7,0,0,0,0
10:30,630,0070,g7,0,0,0,0
10:35,635,0070,g7,0,0,0,0
10:40,640,0070,g7,0,0,0,0
10:45,645,0070,g7,0,0,0,0
10:50,650,0070,g7,0,0,0,0
10:55,655,0070,g7,0,0,0,0
11:00,660,0070,g7,-711,-711,-711,-711
11:05,665,0070,g7,-711,0,-711,-711
11:10,670,0070,g7,-711,0,0,-711
11:15,675,0070,g7,-711,0,0,-711
11:20,680,0070,g7,-711,0,0,-711
11:25,685,0070,g7,-711,0,0,-711
11:30,690,0070,g7,-711,0,0,0
11:35,695,0070,g7,-711,0,0,0
11:40,700,0070,g7,-711,0,0,0
11:45,705,0070,g7,0,711,711,711
11:50,710,0070,g7,0,0,711,711
11:55,715,0070,g7,0,0,0,711
12:00,720,0070,g7,0,0,0,711
12:05,725,0070,g7,0,0,0,711
12:10,730,0070,g7,0,0,0,711
12:15,735,0070,g7,0,0,0,0
12:20,740,0070,g7,0,0,0,0
12:25,745,0070,g7,0,0,0,0
12:30,750,0070,g7,1034,1034,1034,1034
12:35,755,0070,g7,1034,0,1034,1034
12:40,760,0070,g7,1034,0,0,1034
12:45,765,0070,g7,1034,0,0,1034
12:50,770,0070,g7,1207,173,173,1207
12:55,775,0070,g7,1207,0,173,1207
13:00,780,0070,g7,1207,0,0,173
13:05,785,0070,g7,1207,0,0,173
13:10,790,0070,g7,1207,0,0,173
13:15,795,0070,g7,1207,0,0,173
13:20,800,0070,g7,1207,0,0,0
13:25,805,0070,g7,3017,1810,1810,1810
13:30,810,0070,g7,3017,0,1810,1810
13:35,815,0070,g7,3017,0,0,1810
13:40,820,0070,g7,3017,0,0,1810
13:45,825,0070,g7,3017,0,0,1810
13:50,830,0070,g7,1638,-1379,-1379,431
13:55,835,0070,g7,1638,0,-1379,-1379
14:00,840,0070,g7,1638,0,0,-1379
14:05,845,0070,g7,1638,0,0,-1379
14:10,850,0070,g7,1638,0,0,-1379
14:15,855,0070,g7,1638,0,0,-1379
14:20,860,0070,g7,1638,0,0,0
14:25,865,0070,g7,1638,0,0,0
14:30,870,0070,g7,-711,-2349,-2349,-2349
14:35,875,0070,g7,-711,0,-2349,-2349
14:40,880,0070,g7,-711,0,0,-2349
14:45,885,0070,g7,-711,0,0,-2349
14:50,890,0070,g7,-711,0,0,-2349
14:55,895,0070,g7,-711,0,0,-2349
15:00,900,0070,g7,-711,0,0,0
15:05,905,0070,g7,-711,0,0,0
15:10,910,0070,g7,-711,0,0,0
15:15,915,0070,g7,-711,0,0,0
15:20,920,0070,g7,-711,0,0,0
15:25,925,0070,g7,-711,0,0,0
15:30,930,0070,g7,-1511,-800,-800,-800
15:35,935,0070,g7,-1511,0,-800,-800
15:40,940,0070,g7,-1511,0,0,-800
15:45,945,0070,g7,-2844,-1333,-1333,-2133
15:50,950,0070,g7,-2844,0,-1333,-2133
15:55,955,0070,g7,-2844,0,0,-2133
16:00,960,0070,g7,-2844,0,0,-1333
16:05,965,0070,g7,-2844,0,0,-1333
16:10,970,0070,g7,-2844,0,0,-1333
16:15,975,0070,g7,-2844,0,0,0
16:20,980,0070,g7,-2844,0,0,0
16:25,985,0070,g7,-2844,0,0,0
16:30,990,0070,g7,-5778,-2934,-2934,-2934
16:35,995,0070,g7,-5778,0,-2934,-2934
16:40,1000,0070,g7,-5778,0,0,-2934
16:45,1005,0070,g7,-5778,0,0,-2934
16:50,1010,0070,g7,-7289,-1511,-1511,-4445
16:55,1015,0070,g7,-7289,0,-1511,-4445
17:00,1020,0070,g7,-7289,0,0,-1511
17:05,1025,0070,g7,-7289,0,0,-1511
17:10,1030,0070,g7,-7289,0,0,-1511
17:15,1035,0070,g7,-7289,0,0,-1511
17:20,1040,0070,g7,-7289,0,0,0
17:25,1045,0070,g7,-7289,0,0,0
17:30,1050,0070,g7,3534,10823,10823,10823
17:35,1055,0070,g7,3534,0,10823,10823
17:40,1060,0070,g7,3534,0,0,10823
17:45,1065,0070,g7,3534,0,0,10823
17:50,1070,0070,g7,2241,-1293,-1293,9530
17:55,1075,0070,g7,2241,0,-1293,9530
18:00,1080,0070,g7,2241,0,0,-1293
18:05,1085,0070,g7,2241,0,0,-1293
18:10,1090,0070,g7,2241,0,0,-1293
18:15,1095,0070,g7,2241,0,0,-1293
18:20,1100,0070,g7,2241,0,0,0
18:25,1105,0070,g7,1034,-1207,-1207,-1207
18:30,1110,0070,g7,1034,0,-1207,-1207
18:35,1115,0070,g7,1034,0,0,-1207
18:40,1120,0070,g7,1034,0,0,-1207
18:45,1125,0070,g7,1034,0,0,-1207
18:50,1130,0070,g7,1034,0,0,-1207
18:55,1135,0070,g7,1034,0,0,0
19:00,1140,0070,g7,1034,0,0,0
19:05,1145,0070,g7,1034,0,0,0
19:10,1150,0070,g7,1034,0,0,0
19:15,1155,0070,g7,1034,0,0,0
19:20,1160,0070,g7,1034,0,0,0
19:25,1165,0070,g7,-622,-1656,-1656,-1656
19:30,1170,0070,g7,-622,0,-1656,-1656
19:35,1175,0070,g7,-622,0,0,-1656
19:40,1180,0070,g7,-622,0,0,-1656
19:45,1185,0070,g7,-978,-356,-356,-2012
19:50,1190,0070,g7,-978,0,-356,-2012
19:55,1195,0070,g7,-978,0,0,-356
20:00,1200,0070,g7,-978,0,0,-356
20:05,1205,0070,g7,-978,0,0,-356
20:10,1210,0070,g7,-978,0,0,-356
20:15,1215,0070,g7,-978,0,0,0
20:20,1220,0070,g7,-978,0,0,0
20:25,1225,0070,g7,-978,0,0,0
20:30,1230,0070,g7,-978,0,0,0
20:35,1235,0070,g7,-978,0,0,0
20:40,1240,0070,g7,-978,0,0,0
20:45,1245,0070,g7,-2489,-1511,-1511,-1511
20:50,1250,0070,g7,-2489,0,-1511,-1511
20:55,1255,0070,g7,-2489,0,0,-1511
21:00,1260,0070,g7,-2489,0,0,-1511
21:05,1265,0070,g7,-2489,0,0,-1511
21:10,1270,0070,g7,-2489,0,0,-1511
21:15,1275,0070,g7,-2489,0,0,0
21:20,1280,0070,g7,-2489,0,0,0
21:25,1285,0070,g7,-2489,0,0,0
21:30,1290,0070,g7,-3644,-1155,-1155,-1155
21:35,1295,0070,g7,-3644,0,-1155,-1155
21:40,1300,0070,g7,-3644,0,0,-1155
21:45,1305,0070,g7,-3911,-267,-267,-1422
21:50,1310,0070,g7,-3911,0,-267,-1422
21:55,1315,0070,g7,-3911,0,0,-1422
22:00,1320,0070,g7,-3911,0,0,-267
22:05,1325,0070,g7,-3911,0,0,-267
22:10,1330,0070,g7,-3911,0,0,-267
22:15,1335,0070,g7,-3911,0,0,0
22:20,1340,0070,g7,-3911,0,0,0
22:25,1345,0070,g7,-3911,0,0,0
22:30,1350,0070,g7,-3911,0,0,0
22:35,1355,0070,g7,-3911,0,0,0
22:40,1360,0070,g7,-3911,0,0,0
22:45,1365,0070,g7,-3911,0,0,0
22:50,1370,0070,g7,-3911,0,0,0
22:55,1375,0070,g7,-3911,0,0,0
23:00,1380,0070,g7,-3911,0,0,0
23:05,1385,0070,g7,-3911,0,0,0
23:10,1390,0070,g7,-3911,0,0,0
23:15,1395,0070,g7,-3911,0,0,0
23:16,1396,0070,g7,-3911,,,
23:20,1400,0070,g7,-3911,0,0,0
09:00,540,0071,g8,0,,,
09:05,545,0071,g8,0,0,,
09:10,550,0071,g8,0,0,0,
09:15,555,0071,g8,0,0,0,
09:20,560,0071,g8,0,0,0,
09:25,565,0071,g8,0,0,0,
09:30,570,0071,g8,0,0,0,0
09:35,575,0071,g8,0,0,0,0
09:40,580,0071,g8,0,0,0,0
09:45,585,0071,g8,0,0,0,0
09:50,590,0071,g8,0,0,0,0
09:55,595,0071,g8,0,0,0,0
10:00,600,0071,g8,0,0,0,0
10:05,605,0071,g8,0,0,0,0
10:10,610,0071,g8,0,0,0,0
10:15,615,0071,g8,0,0,0,0
10:20,620,0071,g8,0,0,0,0
10:25,625,0071,g8,0,0,0,0
10:30,630,0071,g8,0,0,0,0
10:35,635,0071,g8,0,0,0,0
10:40,640,0071,g8,0,0,0,0
10:45,645,0071,g8,0,0,0,0
10:50,650,0071,g8,0,0,0,0
10:55,655,0071,g8,0,0,0,0
11:00,660,0071,g8,0,0,0,0
11:05,665,0071,g8,0,0,0,0
11:10,670,0071,g8,0,0,0,0
11:15,675,0071,g8,0,0,0,0
11:20,680,0071,g8,0,0,0,0
11:25,685,0071,g8,0,0,0,0
11:30,690,0071,g8,-89,-89,-89,-89
11:35,695,0071,g8,-89,0,-89,-89
11:40,700,0071,g8,-89,0,0,-89
11:45,705,0071,g8,-89,0,0,-89
11:50,710,0071,g8,-89,0,0,-89
11:55,715,0071,g8,-89,0,0,-89
12:00,720,0071,g8,-89,0,0,0
12:05,725,0071,g8,-89,0,0,0
12:10,730,0071,g8,-89,0,0,0
12:15,735,0071,g8,-89,0,0,0
12:20,740,0071,g8,-89,0,0,0
12:25,745,0071,g8,-89,0,0,0
12:30,750,0071,g8,-89,0,0,0
12:35,755,0071,g8,-89,0,0,0
12:40,760,0071,g8,-89,0,0,0
12:45,765,0071,g8,-89,0,0,0
12:50,770,0071,g8,-89,0,0,0
12:55,775,0071,g8,-89,0,0,0
13:00,780,0071,g8,-89,0,0,0
13:05,785,0071,g8,-89,0,0,0
13:10,790,0071,g8,-89,0,0,0
13:15,795,0071,g8,-89,0,0,0
13:20,800,0071,g8,-89,0,0,0
13:25,805,0071,g8,-533,-444,-444,-444
13:30,810,0071,g8,-533,0,-444,-444
13:35,815,0071,g8,-533,0,0,-444
13:40,820,0071,g8,-533,0,0,-444
13:45,825,0071,g8,-533,0,0,-444
13:50,830,0071,g8,-622,-89,-89,-533
13:55,835,0071,g8,-622,0,-89,-89
14:00,840,0071,g8,-622,0,0,-89
14:05,845,0071,g8,-622,0,0,-89
14:10,850,0071,g8,-622,0,0,-89
14:15,855,0071,g8,-622,0,0,-89
14:20,860,0071,g8,-622,0,0,0
14:25,865,0071,g8,-622,0,0,0
14:30,870,0071,g8,-3200,-2578,-2578,-2578
14:35,875,0071,g8,-3200,0,-2578,-2578
14:40,880,0071,g8,-3200,0,0,-2578
14:45,885,0071,g8,-4800,-1600,-1600,-4178
14:50,890,0071,g8,-4800,0,-1600,-4178
14:55,895,0071,g8,-4800,0,0,-4178
15:00,900,0071,g8,-4800,0,0,-1600
15:05,905,0071,g8,-4800,0,0,-1600
15:10,910,0071,g8,-4800,0,0,-1600
15:15,915,0071,g8,-4800,0,0,0
15:20,920,0071,g8,-4800,0,0,0
15:25,925,0071,g8,-4800,0,0,0
15:30,930,0071,g8,-1956,2844,2844,2844
15:35,935,0071,g8,-1956,0,2844,2844
15:40,940,0071,g8,-1956,0,0,2844
15:45,945,0071,g8,1552,3508,3508,6352
15:50,950,0071,g8,1552,0,3508,6352
15:55,955,0071,g8,1552,0,0,6352
16:00,960,0071,g8,1552,0,0,3508
16:05,965,0071,g8,1552,0,0,3508
16:10,970,0071,g8,1552,0,0,3508
16:15,975,0071,g8,1552,0,0,0
16:20,980,0071,g8,1552,0,0,0
16:25,985,0071,g8,1552,0,0,0
16:30,990,0071,g8,345,-1207,-1207,-1207
16:35,995,0071,g8,345,0,-1207,-1207
16:40,1000,0071,g8,345,0,0,-1207
16:45,1005,0071,g8,345,0,0,-1207
16:50,1010,0071,g8,4397,4052,4052,2845
16:55,1015,0071,g8,4397,0,4052,2845
17:00,1020,0071,g8,4397,0,0,4052
17:05,1025,0071,g8,4397,0,0,4052
17:10,1030,0071,g8,4397,0,0,4052
17:15,1035,0071,g8,4397,0,0,4052
17:20,1040,0071,g8,4397,0,0,0
17:25,1045,0071,g8,4397,0,0,0
17:30,1050,0071,g8,8707,4310,4310,4310
17:35,1055,0071,g8,8707,0,4310,4310
17:40,1060,0071,g8,8707,0,0,4310
17:45,1065,0071,g8,8707,0,0,4310
17:50,1070,0071,g8,8448,-259,-259,4051
17:55,1075,0071,g8,8448,0,-259,4051
18:00,1080,0071,g8,8448,0,0,-259
18:05,1085,0071,g8,8448,0,0,-259
18:10,1090,0071,g8,8448,0,0,-259
18:15,1095,0071,g8,8448,0,0,-259
18:20,1100,0071,g8,8448,0,0,0
18:25,1105,0071,g8,8448,0,0,0
18:30,1110,0071,g8,8448,0,0,0
18:35,1115,0071,g8,8448,0,0,0
18:40,1120,0071,g8,8448,0,0,0
18:45,1125,0071,g8,8448,0,0,0
18:50,1130,0071,g8,8448,0,0,0
18:55,1135,0071,g8,8448,0,0,0
19:00,1140,0071,g8,8448,0,0,0
19:05,1145,0071,g8,8448,0,0,0
19:10,1150,0071,g8,8448,0,0,0
19:15,1155,0071,g8,8448,0,0,0
19:20,1160,0071,g8,8448,0,0,0
19:25,1165,0071,g8,7241,-1207,-1207,-1207
19:30,1170,0071,g8,7241,0,-1207,-1207
19:35,1175,0071,g8,7241,0,0,-1207
19:40,1180,0071,g8,7241,0,0,-1207
19:45,1185,0071,g8,6983,-258,-258,-1465
19:50,1190,0071,g8,6983,0,-258,-1465
19:55,1195,0071,g8,6983,0,0,-258
20:00,1200,0071,g8,6983,0,0,-258
20:05,1205,0071,g8,6983,0,0,-258
20:10,1210,0071,g8,6983,0,0,-258
20:15,1215,0071,g8,6983,0,0,0
20:20,1220,0071,g8,6983,0,0,0
20:25,1225,0071,g8,6983,0,0,0
20:30,1230,0071,g8,6638,-345,-345,-345
20:35,1235,0071,g8,6638,0,-345,-345
20:40,1240,0071,g8,6638,0,0,-345
20:45,1245,0071,g8,6207,-431,-431,-776
20:50,1250,0071,g8,6207,0,-431,-776
20:55,1255,0071,g8,6207,0,0,-776
21:00,1260,0071,g8,6207,0,0,-431
21:05,1265,0071,g8,6207,0,0,-431
21:10,1270,0071,g8,6207,0,0,-431
21:15,1275,0071,g8,6207,0,0,0
21:20,1280,0071,g8,6207,0,0,0
21:25,1285,0071,g8,6207,0,0,0
21:30,1290,0071,g8,5345,-862,-862,-862
21:35,1295,0071,g8,5345,0,-862,-862
21:40,1300,0071,g8,5345,0,0,-862
21:45,1305,0071,g8,5345,0,0,-862
21:50,1310,0071,g8,5345,0,0,-862
21:55,1315,0071,g8,5345,0,0,-862
22:00,1320,0071,g8,5345,0,0,0
22:05,1325,0071,g8,5345,0,0,0
22:10,1330,0071,g8,5345,0,0,0
22:15,1335,0071,g8,5345,0,0,0
22:20,1340,0071,g8,5345,0,0,0
22:25,1345,0071,g8,5345,0,0,0
22:30,1350,0071,g8,5345,0,0,0
22:35,1355,0071,g8,5345,0,0,0
22:40,1360,0071,g8,5345,0,0,0
22:45,1365,0071,g8,5345,0,0,0
22:50,1370,0071,g8,5345,0,0,0
22:55,1375,0071,g8,5345,0,0,0
23:00,1380,0071,g8,5345,0,0,0
23:05,1385,0071,g8,5345,0,0,0
23:10,1390,0071,g8,5345,0,0,0
23:15,1395,0071,g8,5345,0,0,0
23:16,1396,0071,g8,5345,,,
23:20,1400,0071,g8,5345,0,0,0
09:00,540,0072,g9,0,,,
09:05,545,0072,g9,0,0,,
09:10,550,0072,g9,0,0,0,
09:15,555,0072,g9,0,0,0,
09:20,560,0072,g9,0,0,0,
09:25,565,0072,g9,0,0,0,
09:30,570,0072,g9,0,0,0,0
09:35,575,0072,g9,0,0,0,0
09:40,580,0072,g9,0,0,0,0
09:45,585,0072,g9,0,0,0,0
09:50,590,0072,g9,0,0,0,0
09:55,595,0072,g9,0,0,0,0
10:00,600,0072,g9,0,0,0,0
10:05,605,0072,g9,0,0,0,0
10:10,610,0072,g9,0,0,0,0
10:15,615,0072,g9,0,0,0,0
10:20,620,0072,g9,0,0,0,0
10:25,625,0072,g9,-1039,-1039,-1039,-1039
10:30,630,0072,g9,-1039,0,-1039,-1039
10:35,635,0072,g9,-1039,0,0,-1039
10:40,640,0072,g9,-2078,-1039,-1039,-2078
10:45,645,0072,g9,-2078,0,-1039,-2078
10:50,650,0072,g9,-2078,0,0,-2078
10:55,655,0072,g9,-2078,0,0,-1039
11:00,660,0072,g9,-2597,-519,-519,-1558
11:05,665,0072,g9,-2597,0,-519,-1558
11:10,670,0072,g9,-2597,0,0,-519
11:15,675,0072,g9,-2597,0,0,-519
11:20,680,0072,g9,-2597,0,0,-519
11:25,685,0072,g9,-2597,0,0,-519
11:30,690,0072,g9,-4935,-2338,-2338,-2338
11:35,695,0072,g9,-4935,0,-2338,-2338
11:40,700,0072,g9,-4935,0,0,-2338
11:45,705,0072,g9,769,5704,5704,3366
11:50,710,0072,g9,769,0,5704,3366
11:55,715,0072,g9,769,0,0,3366
12:00,720,0072,g9,769,0,0,5704
12:05,725,0072,g9,769,0,0,5704
12:10,730,0072,g9,769,0,0,5704
12:15,735,0072,g9,769,0,0,0
12:20,740,0072,g9,769,0,0,0
12:25,745,0072,g9,769,0,0,0
12:30,750,0072,g9,0,-769,-769,-769
12:35,755,0072,g9,0,0,-769,-769
12:40,760,0072,g9,0,0,0,-769
12:45,765,0072,g9,0,0,0,-769
12:50,770,0072,g9,3846,3846,3846,3077
12:55,775,0072,g9,3846,0,3846,3077
13:00,780,0072,g9,3846,0,0,3846
13:05,785,0072,g9,3846,0,0,3846
13:10,790,0072,g9,3846,0,0,3846
13:15,795,0072,g9,3846,0,0,3846
13:20,800,0072,g9,3846,0,0,0
13:25,805,0072,g9,2821,-1025,-1025,-1025
13:30,810,0072,g9,2821,0,-1025,-1025
13:35,815,0072,g9,2821,0,0,-1025
13:40,820,0072,g9,2821,0,0,-1025
13:45,825,0072,g9,2821,0,0,-1025
13:50,830,0072,g9,9744,6923,6923,5898
13:55,835,0072,g9,9744,0,6923,6923
14:00,840,0072,g9,9744,0,0,6923
14:05,845,0072,g9,9744,0,0,6923
14:10,850,0072,g9,9744,0,0,6923
14:15,855,0072,g9,9744,0,0,6923
14:20,860,0072,g9,9744,0,0,0
14:25,865,0072,g9,9744,0,0,0
14:30,870,0072,g9,17436,7692,7692,7692
14:35,875,0072,g9,17436,0,7692,7692
14:40,880,0072,g9,17436,0,0,7692
14:45,885,0072,g9,23077,5641,5641,13333
14:50,890,0072,g9,23077,0,5641,13333
14:55,895,0072,g9,23077,0,0,13333
15:00,900,0072,g9,23077,0,0,5641
15:05,905,0072,g9,23077,0,0,5641
15:10,910,0072,g9,23077,0,0,5641
15:15,915,0072,g9,23077,0,0,0
15:20,920,0072,g9,23077,0,0,0
15:25,925,0072,g9,23077,0,0,0
15:30,930,0072,g9,32051,8974,8974,8974
15:35,935,0072,g9,32051,0,8974,8974
15:40,940,0072,g9,32051,0,0,8974
15:45,945,0072,g9,33077,1026,1026,10000
15:50,950,0072,g9,33077,0,1026,10000
15:55,955,0072,g9,33077,0,0,10000
16:00,960,0072,g9,33077,0,0,1026
16:05,965,0072,g9,33077,0,0,1026
16:10,970,0072,g9,33077,0,0,1026
16:15,975,0072,g9,33077,0,0,0
16:20,980,0072,g9,33077,0,0,0
16:25,985,0072,g9,33077,0,0,0
16:30,990,0072,g9,31795,-1282,-1282,-1282
16:35,995,0072,g9,31795,0,-1282,-1282
16:40,1000,0072,g9,31795,0,0,-1282
16:45,1005,0072,g9,31795,0,0,-1282
16:50,1010,0072,g9,30769,-1026,-1026,-2308
16:55,1015,0072,g9,30769,0,-1026,-2308
17:00,1020,0072,g9,30769,0,0,-1026
17:05,1025,0072,g9,30769,0,0,-1026
17:10,1030,0072,g9,30769,0,0,-1026
17:15,1035,0072,g9,30769,0,0,-1026
17:20,1040,0072,g9,30769,0,0,0
17:25,1045,0072,g9,30769,0,0,0
17:30,1050,0072,g9,29744,-1025,-1025,-1025
17:35,1055,0072,g9,29744,0,-1025,-1025
17:40,1060,0072,g9,29744,0,0,-1025
17:45,1065,0072,g9,29744,0,0,-1025
17:50,1070,0072,g9,29744,0,0,-1025
17:55,1075,0072,g9,29744,0,0,-1025
18:00,1080,0072,g9,29744,0,0,0
18:05,1085,0072,g9,29744,0,0,0
18:10,1090,0072,g9,29744,0,0,0
18:15,1095,0072,g9,29744,0,0,0
18:20,1100,0072,g9,29744,0,0,0
18:25,1105,0072,g9,28462,-1282,-1282,-1282
18:30,1110,0072,g9,28462,0,-1282,-1282
18:35,1115,0072,g9,28462,0,0,-1282
18:40,1120,0072,g9,28462,0,0,-1282
18:45,1125,0072,g9,28462,0,0,-1282
18:50,1130,0072,g9,28205,-257,-257,-1539
18:55,1135,0072,g9,28205,0,-257,-257
19:00,1140,0072,g9,28205,0,0,-257
19:05,1145,0072,g9,28205,0,0,-257
19:10,1150,0072,g9,28205,0,0,-257
19:15,1155,0072,g9,28205,0,0,-257
19:20,1160,0072,g9,28205,0,0,0
19:25,1165,0072,g9,27436,-769,-769,-769
19:30,1170,0072,g9,27436,0,-769,-769
19:35,1175,0072,g9,27436,0,0,-769
19:40,1180,0072,g9,27436,0,0,-769
19:45,1185,0072,g9,27179,-257,-257,-1026
19:50,1190,0072,g9,27179,0,-257,-1026
19:55,1195,0072,g9,27179,0,0,-257
20:00,1200,0072,g9,27179,0,0,-257
20:05,1205,0072,g9,27179,0,0,-257
20:10,1210,0072,g9,27179,0,0,-257
20:15,1215,0072,g9,27179,0,0,0
20:20,1220,0072,g9,27179,0,0,0
20:25,1225,0072,g9,27179,0,0,0
20:30,1230,0072,g9,27179,0,0,0
20:35,1235,0072,g9,27179,0,0,0
20:40,1240,0072,g9,27179,0,0,0
20:45,1245,0072,g9,27179,0,0,0
20:50,1250,0072,g9,27179,0,0,0
20:55,1255,0072,g9,27179,0,0,0
21:00,1260,0072,g9,27179,0,0,0
21:05,1265,0072,g9,27179,0,0,0
21:10,1270,0072,g9,27179,0,0,0
21:15,1275,0072,g9,27179,0,0,0
21:20,1280,0072,g9,27179,0,0,0
21:25,1285,0072,g9,27179,0,0,0
21:30,1290,0072,g9,27179,0,0,0
21:35,1295,0072,g9,27179,0,0,0
21:40,1300,0072,g9,27179,0,0,0
21:45,1305,0072,g9,27179,0,0,0
21:50,1310,0072,g9,27179,0,0,0
21:55,1315,0072,g9,27179,0,0,0
22:00,1320,0072,g9,27179,0,0,0
22:05,1325,0072,g9,27179,0,0,0
22:10,1330,0072,g9,27179,0,0,0
22:15,1335,0072,g9,27179,0,0,0
22:20,1340,0072,g9,27179,0,0,0
22:25,1345,0072,g9,27179,0,0,0
22:30,1350,0072,g9,27179,0,0,0
22:35,1355,0072,g9,27179,0,0,0
22:40,1360,0072,g9,27179,0,0,0
22:45,1365,0072,g9,27179,0,0,0
22:50,1370,0072,g9,27179,0,0,0
22:55,1375,0072,g9,27179,0,0,0
23:00,1380,0072,g9,27179,0,0,0
23:05,1385,0072,g9,27179,0,0,0
23:10,1390,0072,g9,27179,0,0,0
23:15,1395,0072,g9,27179,0,0,0
23:16,1396,0072,g9,27179,,,
23:20,1400,0072,g9,27179,0,0,0
09:00,540,0073,g1,0,,,
09:05,545,0073,g1,0,0,,
09:10,550,0073,g1,0,0,0,
09:15,555,0073,g1,0,0,0,
09:20,560,0073,g1,0,0,0,
09:25,565,0073,g1,0,0,0,
09:30,570,0073,g1,0,0,0,0
09:35,575,0073,g1,0,0,0,0
09:40,580,0073,g1,0,0,0,0
09:45,585,0073,g1,0,0,0,0
09:50,590,0073,g1,0,0,0,0
09:55,595,0073,g1,0,0,0,0
10:00,600,0073,g1,0,0,0,0
10:05,605,0073,g1,0,0,0,0
10:10,610,0073,g1,0,0,0,0
10:15,615,0073,g1,0,0,0,0
10:20,620,0073,g1,0,0,0,0
10:25,625,0073,g1,0,0,0,0
10:30,630,0073,g1,0,0,0,0
10:35,635,0073,g1,0,0,0,0
10:40,640,0073,g1,0,0,0,0
10:45,645,0073,g1,0,0,0,0
10:50,650,0073,g1,0,0,0,0
10:55,655,0073,g1,0,0,0,0
11:00,660,0073,g1,0,0,0,0
11:05,665,0073,g1,0,0,0,0
11:10,670,0073,g1,0,0,0,0
11:15,675,0073,g1,0,0,0,0
11:20,680,0073,g1,0,0,0,0
11:25,685,0073,g1,0,0,0,0
11:30,690,0073,g1,0,0,0,0
11:35,695,0073,g1,0,0,0,0
11:40,700,0073,g1,0,0,0,0
11:45,705,0073,g1,-1600,-1600,-1600,-1600
11:50,710,0073,g1,-1600,0,-1600,-1600
11:55,715,0073,g1,-1600,0,0,-1600
12:00,720,0073,g1,-1600,0,0,-1600
12:05,725,0073,g1,-1600,0,0,-1600
12:10,730,0073,g1,-1600,0,0,-1600
12:15,735,0073,g1,-1600,0,0,0
12:20,740,0073,g1,-1600,0,0,0
12:25,745,0073,g1,-1600,0,0,0
12:30,750,0073,g1,7759,9359,9359,9359
12:35,755,0073,g1,7759,0,9359,9359
12:40,760,0073,g1,7759,0,0,9359
12:45,765,0073,g1,7759,0,0,9359
12:50,770,0073,g1,8448,689,689,10048
12:55,775,0073,g1,8448,0,689,10048
13:00,780,0073,g1,8448,0,0,689
13:05,785,0073,g1,8448,0,0,689
13:10,790,0073,g1,8448,0,0,689
13:15,795,0073,g1,8448,0,0,689
13:20,800,0073,g1,8448,0,0,0
13:25,805,0073,g1,5690,-2758,-2758,-2758
13:30,810,0073,g1,5690,0,-2758,-2758
13:35,815,0073,g1,5690,0,0,-2758
13:40,820,0073,g1,5690,0,0,-2758
13:45,825,0073,g1,5690,0,0,-2758
13:50,830,0073,g1,4483,-1207,-1207,-3965
13:55,835,0073,g1,4483,0,-1207,-1207
14:00,840,0073,g1,4483,0,0,-1207
14:05,845,0073,g1,4483,0,0,-1207
14:10,850,0073,g1,4483,0,0,-1207
14:15,855,0073,g1,4483,0,0,-1207
14:20,860,0073,g1,4483,0,0,0
14:25,865,0073,g1,4483,0,0,0
14:30,870,0073,g1,1552,-2931,-2931,-2931
14:35,875,0073,g1,1552,0,-2931,-2931
14:40,880,0073,g1,1552,0,0,-2931
14:45,885,0073,g1,172,-1380,-1380,-4311
14:50,890,0073,g1,172,0,-1380,-4311
14:55,895,0073,g1,172,0,0,-4311
15:00,900,0073,g1,172,0,0,-1380
15:05,905,0073,g1,172,0,0,-1380
15:10,910,0073,g1,172,0,0,-1380
15:15,915,0073,g1,172,0,0,0
15:20,920,0073,g1,172,0,0,0
15:25,925,0073,g1,172,0,0,0
15:30,930,0073,g1,-3022,-3194,-3194,-3194
15:35,935,0073,g1,-3022,0,-3194,-3194
15:40,940,0073,g1,-3022,0,0,-3194
15:45,945,0073,g1,-4444,-1422,-1422,-4616
15:50,950,0073,g1,-4444,0,-1422,-4616
15:55,955,0073,g1,-4444,0,0,-4616
16:00,960,0073,g1,-4444,0,0,-1422
16:05,965,0073,g1,-4444,0,0,-1422
16:10,970,0073,g1,-4444,0,0,-1422
16:15,975,0073,g1,-4444,0,0,0
16:20,980,0073,g1,-4444,0,0,0
16:25,985,0073,g1,-4444,0,0,0
16:30,990,0073,g1,6724,11168,11168,11168
16:35,995,0073,g1,6724,0,11168,11168
16:40,1000,0073,g1,6724,0,0,11168
16:45,1005,0073,g1,6724,0,0,11168
16:50,1010,0073,g1,11379,4655,4655,15823
16:55,1015,0073,g1,11379,0,4655,15823
17:00,1020,0073,g1,11379,0,0,4655
17:05,1025,0073,g1,11379,0,0,4655
17:10,1030,0073,g1,11379,0,0,4655
17:15,1035,0073,g1,11379,0,0,4655
17:20,1040,0073,g1,11379,0,0,0
17:25,1045,0073,g1,11379,0,0,0
17:30,1050,0073,g1,15345,3966,3966,3966
17:35,1055,0073,g1,15345,0,3966,3966
17:40,1060,0073,g1,15345,0,0,3966
17:45,1065,0073,g1,15345,0,0,3966
17:50,1070,0073,g1,14310,-1035,-1035,2931
17:55,1075,0073,g1,14310,0,-1035,2931
18:00,1080,0073,g1,14310,0,0,-1035
18:05,1085,0073,g1,14310,0,0,-1035
18:10,1090,0073,g1,14310,0,0,-1035
18:15,1095,0073,g1,14310,0,0,-1035
18:20,1100,0073,g1,14310,0,0,0
18:25,1105,0073,g1,12759,-1551,-1551,-1551
18:30,1110,0073,g1,12759,0,-1551,-1551
18:35,1115,0073,g1,12759,0,0,-1551
18:40,1120,0073,g1,12759,0,0,-1551
18:45,1125,0073,g1,12759,0,0,-1551
18:50,1130,0073,g1,12759,0,0,-1551
18:55,1135,0073,g1,12759,0,0,0
19:00,1140,0073,g1,12759,0,0,0
19:05,1145,0073,g1,12759,0,0,0
19:10,1150,0073,g1,12759,0,0,0
19:15,1155,0073,g1,12759,0,0,0
19:20,1160,0073,g1,12759,0,0,0
19:25,1165,0073,g1,12069,-690,-690,-690
19:30,1170,0073,g1,12069,0,-690,-690
19:35,1175,0073,g1,12069,0,0,-690
19:40,1180,0073,g1,12069,0,0,-690
19:45,1185,0073,g1,12069,0,0,-690
19:50,1190,0073,g1,12069,0,0,-690
19:55,1195,0073,g1,12069,0,0,0
20:00,1200,0073,g1,12069,0,0,0
20:05,1205,0073,g1,12069,0,0,0
20:10,1210,0073,g1,12069,0,0,0
20:15,1215,0073,g1,12069,0,0,0
20:20,1220,0073,g1,12069,0,0,0
20:25,1225,0073,g1,12069,0,0,0
20:30,1230,0073,g1,12069,0,0,0
20:35,1235,0073,g1,12069,0,0,0
20:40,1240,0073,g1,12069,0,0,0
20:45,1245,0073,g1,12069,0,0,0
20:50,1250,0073,g1,12069,0,0,0
20:55,1255,0073,g1,12069,0,0,0
21:00,1260,0073,g1,12069,0,0,0
21:05,1265,0073,g1,12069,0,0,0
21:10,1270,0073,g1,12069,0,0,0
21:15,1275,0073,g1,12069,0,0,0
21:20,1280,0073,g1,12069,0,0,0
21:25,1285,0073,g1,12069,0,0,0
21:30,1290,0073,g1,12069,0,0,0
21:35,1295,0073,g1,12069,0,0,0
21:40,1300,0073,g1,12069,0,0,0
21:45,1305,0073,g1,12069,0,0,0
21:50,1310,0073,g1,12069,0,0,0
21:55,1315,0073,g1,12069,0,0,0
22:00,1320,0073,g1,12069,0,0,0
22:05,1325,0073,g1,12069,0,0,0
22:10,1330,0073,g1,12069,0,0,0
22:15,1335,0073,g1,12069,0,0,0
22:20,1340,0073,g1,12069,0,0,0
22:25,1345,0073,g1,12069,0,0,0
22:30,1350,0073,g1,12069,0,0,0
22:35,1355,0073,g1,12069,0,0,0
22:40,1360,0073,g1,12069,0,0,0
22:45,1365,0073,g1,12069,0,0,0
22:50,1370,0073,g1,12069,0,0,0
22:55,1375,0073,g1,12069,0,0,0
23:00,1380,0073,g1,12069,0,0,0
23:05,1385,0073,g1,12069,0,0,0
23:10,1390,0073,g1,12069,0,0,0
23:15,1395,0073,g1,12069,0,0,0
23:16,1396,0073,g1,12069,,,
23:20,1400,0073,g1,12069,0,0,0
09:00,540,0074,g2,0,,,
09:05,545,0074,g2,0,0,,
09:10,550,0074,g2,0,0,0,
09:15,555,0074,g2,0,0,0,
09:20,560,0074,g2,0,0,0,
09:25,565,0074,g2,0,0,0,
09:30,570,0074,g2,0,0,0,0
09:35,575,0074,g2,0,0,0,0
09:40,580,0074,g2,0,0,0,0
09:45,585,0074,g2,0,0,0,0
09:50,590,0074,g2,0,0,0,0
09:55,595,0074,g2,0,0,0,0
10:00,600,0074,g2,0,0,0,0
10:05,605,0074,g2,0,0,0,0
10:10,610,0074,g2,0,0,0,0
10:15,615,0074,g2,0,0,0,0
10:20,620,0074,g2,0,0,0,0
10:25,625,0074,g2,-889,-889,-889,-889
10:30,630,0074,g2,-889,0,-889,-889
10:35,635,0074,g2,-889,0,0,-889
10:40,640,0074,g2,-2133,-1244,-1244,-2133
10:45,645,0074,g2,-2133,0,-1244,-2133
10:50,650,0074,g2,-2133,0,0,-2133
10:55,655,0074,g2,-2133,0,0,-1244
11:00,660,0074,g2,-3022,-889,-889,-2133
11:05,665,0074,g2,-3022,0,-889,-2133
11:10,670,0074,g2,-3022,0,0,-889
11:15,675,0074,g2,-3022,0,0,-889
11:20,680,0074,g2,-3022,0,0,-889
11:25,685,0074,g2,-3022,0,0,-889
11:30,690,0074,g2,-4089,-1067,-1067,-1067
11:35,695,0074,g2,-4089,0,-1067,-1067
11:40,700,0074,g2,-4089,0,0,-1067
11:45,705,0074,g2,-5511,-1422,-1422,-2489
11:50,710,0074,g2,-5511,0,-1422,-2489
11:55,715,0074,g2,-5511,0,0,-2489
12:00,720,0074,g2,-5511,0,0,-1422
12:05,725,0074,g2,-5511,0,0,-1422
12:10,730,0074,g2,-5511,0,0,-1422
12:15,735,0074,g2,-5511,0,0,0
12:20,740,0074,g2,-5511,0,0,0
12:25,745,0074,g2,-5511,0,0,0
12:30,750,0074,g2,-8356,-2845,-2845,-2845
12:35,755,0074,g2,-8356,0,-2845,-2845
12:40,760,0074,g2,-8356,0,0,-2845
12:45,765,0074,g2,-8356,0,0,-2845
12:50,770,0074,g2,-8533,-177,-177,-3022
12:55,775,0074,g2,-8533,0,-177,-3022
13:00,780,0074,g2,-8533,0,0,-177
13:05,785,0074,g2,-8533,0,0,-177
13:10,790,0074,g2,-8533,0,0,-177
13:15,795,0074,g2,-8533,0,0,-177
13:20,800,0074,g2,-8533,0,0,0
13:25,805,0074,g2,-10133,-1600,-1600,-1600
13:30,810,0074,g2,-10133,0,-1600,-1600
13:35,815,0074,g2,-10133,0,0,-1600
13:40,820,0074,g2,-10133,0,0,-1600
13:45,825,0074,g2,-10133,0,0,-1600
13:50,830,0074,g2,-10844,-711,-711,-2311
13:55,835,0074,g2,-10844,0,-711,-711
14:00,840,0074,g2,-10844,0,0,-711
14:05,845,0074,g2,-10844,0,0,-711
14:10,850,0074,g2,-10844,0,0,-711
14:15,855,0074,g2,-10844,0,0,-711
14:20,860,0074,g2,-10844,0,0,0
14:25,865,0074,g2,-10844,0,0,0
14:30,870,0074,g2,-11022,-178,-178,-178
14:35,875,0074,g2,-11022,0,-178,-178
14:40,880,0074,g2,-11022,0,0,-178
14:45,885,0074,g2,-6756,4266,4266,4088
14:50,890,0074,g2,-6756,0,4266,4088
14:55,895,0074,g2,-6756,0,0,4088
15:00,900,0074,g2,-6756,0,0,4266
15:05,905,0074,g2,-6756,0,0,4266
15:10,910,0074,g2,-6756,0,0,4266
15:15,915,0074,g2,-6756,0,0,0
15:20,920,0074,g2,-6756,0,0,0
15:25,925,0074,g2,-6756,0,0,0
15:30,930,0074,g2,-5867,889,889,889
15:35,935,0074,g2,-5867,0,889,889
15:40,940,0074,g2,-5867,0,0,889
15:45,945,0074,g2,-7289,-1422,-1422,-533
15:50,950,0074,g2,-7289,0,-1422,-533
15:55,955,0074,g2,-7289,0,0,-533
16:00,960,0074,g2,-7289,0,0,-1422
16:05,965,0074,g2,-7289,0,0,-1422
16:10,970,0074,g2,-7289,0,0,-1422
16:15,975,0074,g2,-7289,0,0,0
16:20,980,0074,g2,-7289,0,0,0
16:25,985,0074,g2,-7289,0,0,0
16:30,990,0074,g2,-5867,1422,1422,1422
16:35,995,0074,g2,-5867,0,1422,1422
16:40,1000,0074,g2,-5867,0,0,1422
16:45,1005,0074,g2,-5867,0,0,1422
16:50,1010,0074,g2,-7289,-1422,-1422,0
16:55,1015,0074,g2,-7289,0,-1422,0
17:00,1020,0074,g2,-7289,0,0,-1422
17:05,1025,0074,g2,-7289,0,0,-1422
17:10,1030,0074,g2,-7289,0,0,-1422
17:15,1035,0074,g2,-7289,0,0,-1422
17:20,1040,0074,g2,-7289,0,0,0
17:25,1045,0074,g2,-7289,0,0,0
17:30,1050,0074,g2,-8711,-1422,-1422,-1422
17:35,1055,0074,g2,-8711,0,-1422,-1422
17:40,1060,0074,g2,-8711,0,0,-1422
17:45,1065,0074,g2,-8711,0,0,-1422
17:50,1070,0074,g2,-10311,-1600,-1600,-3022
17:55,1075,0074,g2,-10311,0,-1600,-3022
18:00,1080,0074,g2,-10311,0,0,-1600
18:05,1085,0074,g2,-10311,0,0,-1600
18:10,1090,0074,g2,-10311,0,0,-1600
18:15,1095,0074,g2,-10311,0,0,-1600
18:20,1100,0074,g2,-10311,0,0,0
18:25,1105,0074,g2,-11022,-711,-711,-711
18:30,1110,0074,g2,-11022,0,-711,-711
18:35,1115,0074,g2,-11022,0,0,-711
18:40,1120,0074,g2,-11022,0,0,-711
18:45,1125,0074,g2,-11022,0,0,-711
18:50,1130,0074,g2,-11022,0,0,-711
18:55,1135,0074,g2,-11022,0,0,0
19:00,1140,0074,g2,-11022,0,0,0
19:05,1145,0074,g2,-11022,0,0,0
19:10,1150,0074,g2,-11022,0,0,0
19:15,1155,0074,g2,-11022,0,0,0
19:20,1160,0074,g2,-11022,0,0,0
19:25,1165,0074,g2,-11911,-889,-889,-889
19:30,1170,0074,g2,-11911,0,-889,-889
19:35,1175,0074,g2,-11911,0,0,-889
19:40,1180,0074,g2,-11911,0,0,-889
19:45,1185,0074,g2,-11911,0,0,-889
19:50,1190,0074,g2,-11911,0,0,-889
19:55,1195,0074,g2,-11911,0,0,0
20:00,1200,0074,g2,-11911,0,0,0
20:05,1205,0074,g2,-11911,0,0,0
20:10,1210,0074,g2,-11911,0,0,0
20:15,1215,0074,g2,-11911,0,0,0
20:20,1220,0074,g2,-11911,0,0,0
20:25,1225,0074,g2,-11911,0,0,0
20:30,1230,0074,g2,-12089,-178,-178,-178
20:35,1235,0074,g2,-12089,0,-178,-178
20:40,1240,0074,g2,-12089,0,0,-178
20:45,1245,0074,g2,-12089,0,0,-178
20:50,1250,0074,g2,-12089,0,0,-178
20:55,1255,0074,g2,-12089,0,0,-178
21:00,1260,0074,g2,-12089,0,0,0
21:05,1265,0074,g2,-12089,0,0,0
21:10,1270,0074,g2,-12089,0,0,0
21:15,1275,0074,g2,-12089,0,0,0
21:20,1280,0074,g2,-12089,0,0,0
21:25,1285,0074,g2,-12089,0,0,0
21:30,1290,0074,g2,-12622,-533,-533,-533
21:35,1295,0074,g2,-12622,0,-533,-533
21:40,1300,0074,g2,-12622,0,0,-533
21:45,1305,0074,g2,-12622,0,0,-533
21:50,1310,0074,g2,-12622,0,0,-533
21:55,1315,0074,g2,-12622,0,0,-533
22:00,1320,0074,g2,-12622,0,0,0
22:05,1325,0074,g2,-12622,0,0,0
22:10,1330,0074,g2,-12622,0,0,0
22:15,1335,0074,g2,-12622,0,0,0
22:20,1340,0074,g2,-12622,0,0,0
22:25,1345,0074,g2,-12622,0,0,0
22:30,1350,0074,g2,-12800,-178,-178,-178
22:35,1355,0074,g2,-12800,0,-178,-178
22:40,1360,0074,g2,-12800,0,0,-178
22:45,1365,0074,g2,-12800,0,0,-178
22:50,1370,0074,g2,-12800,0,0,-178
22:55,1375,0074,g2,-12800,0,0,-178
23:00,1380,0074,g2,-12800,0,0,0
23:05,1385,0074,g2,-12800,0,0,0
23:10,1390,0074,g2,-12800,0,0,0
23:15,1395,0074,g2,-12800,0,0,0
23:16,1396,0074,g2,-12800,,,
23:20,1400,0074,g2,-12800,0,0,0
09:00,540,0075,g3,0,,,
09:05,545,0075,g3,0,0,,
09:10,550,0075,g3,0,0,0,
09:15,555,0075,g3,0,0,0,
09:20,560,0075,g3,0,0,0,
09:25,565,0075,g3,0,0,0,
09:30,570,0075,g3,0,0,0,0
09:35,575,0075,g3,0,0,0,0
09:40,580,0075,g3,0,0,0,0
09:45,585,0075,g3,0,0,0,0
09:50,590,0075,g3,0,0,0,0
09:55,595,0075,g3,0,0,0,0
10:00,600,0075,g3,0,0,0,0
10:05,605,0075,g3,0,0,0,0
10:10,610,0075,g3,-356,-356,-356,-356
10:15,615,0075,g3,-356,0,-356,-356
10:20,620,0075,g3,-356,0,0,-356
10:25,625,0075,g3,-1422,-1066,-1066,-1422
10:30,630,0075,g3,-1422,0,-1066,-1422
10:35,635,0075,g3,-1422,0,0,-1422
10:40,640,0075,g3,-889,533,533,-533
10:45,645,0075,g3,-889,0,533,-533
10:50,650,0075,g3,-889,0,0,-533
10:55,655,0075,g3,-889,0,0,533
11:00,660,0075,g3,3103,3992,3992,4525
11:05,665,0075,g3,3103,0,3992,4525
11:10,670,0075,g3,3103,0,0,3992
11:15,675,0075,g3,3103,0,0,3992
11:20,680,0075,g3,3103,0,0,3992
11:25,685,0075,g3,3103,0,0,3992
11:30,690,0075,g3,6724,3621,3621,3621
11:35,695,0075,g3,6724,0,3621,3621
11:40,700,0075,g3,6724,0,0,3621
11:45,705,0075,g3,5517,-1207,-1207,2414
11:50,710,0075,g3,5517,0,-1207,2414
11:55,715,0075,g3,5517,0,0,2414
12:00,720,0075,g3,5517,0,0,-1207
12:05,725,0075,g3,5517,0,0,-1207
12:10,730,0075,g3,5517,0,0,-1207
12:15,735,0075,g3,5517,0,0,0
12:20,740,0075,g3,5517,0,0,0
12:25,745,0075,g3,5517,0,0,0
12:30,750,0075,g3,2759,-2758,-2758,-2758
12:35,755,0075,g3,2759,0,-2758,-2758
12:40,760,0075,g3,2759,0,0,-2758
12:45,765,0075,g3,2759,0,0,-2758
12:50,770,0075,g3,2586,-173,-173,-2931
12:55,775,0075,g3,2586,0,-173,-2931
13:00,780,0075,g3,2586,0,0,-173
13:05,785,0075,g3,2586,0,0,-173
13:10,790,0075,g3,2586,0,0,-173
13:15,795,0075,g3,2586,0,0,-173
13:20,800,0075,g3,2586,0,0,0
13:25,805,0075,g3,862,-1724,-1724,-1724
13:30,810,0075,g3,862,0,-1724,-1724
13:35,815,0075,g3,862,0,0,-1724
13:40,820,0075,g3,862,0,0,-1724
13:45,825,0075,g3,862,0,0,-1724
13:50,830,0075,g3,3103,2241,2241,517
13:55,835,0075,g3,3103,0,2241,2241
14:00,840,0075,g3,3103,0,0,2241
14:05,845,0075,g3,3103,0,0,2241
14:10,850,0075,g3,3103,0,0,2241
14:15,855,0075,g3,3103,0,0,2241
14:20,860,0075,g3,3103,0,0,0
14:25,865,0075,g3,3103,0,0,0
14:30,870,0075,g3,2586,-517,-517,-517
14:35,875,0075,g3,2586,0,-517,-517
14:40,880,0075,g3,2586,0,0,-517
14:45,885,0075,g3,5345,2759,2759,2242
14:50,890,0075,g3,5345,0,2759,2242
14:55,895,0075,g3,5345,0,0,2242
15:00,900,0075,g3,5345,0,0,2759
15:05,905,0075,g3,5345,0,0,2759
15:10,910,0075,g3,5345,0,0,2759
15:15,915,0075,g3,5345,0,0,0
15:20,920,0075,g3,5345,0,0,0
15:25,925,0075,g3,5345,0,0,0
15:30,930,0075,g3,8621,3276,3276,3276
15:35,935,0075,g3,8621,0,3276,3276
15:40,940,0075,g3,8621,0,0,3276
15:45,945,0075,g3,13966,5345,5345,8621
15:50,950,0075,g3,13966,0,5345,8621
15:55,955,0075,g3,13966,0,0,8621
16:00,960,0075,g3,13966,0,0,5345
16:05,965,0075,g3,13966,0,0,5345
16:10,970,0075,g3,13966,0,0,5345
16:15,975,0075,g3,13966,0,0,0
16:20,980,0075,g3,13966,0,0,0
16:25,985,0075,g3,13966,0,0,0
16:30,990,0075,g3,13793,-173,-173,-173
16:35,995,0075,g3,13793,0,-173,-173
16:40,1000,0075,g3,13793,0,0,-173
16:45,1005,0075,g3,13793,0,0,-173
16:50,1010,0075,g3,12414,-1379,-1379,-1552
16:55,1015,0075,g3,12414,0,-1379,-1552
17:00,1020,0075,g3,12414,0,0,-1379
17:05,1025,0075,g3,12414,0,0,-1379
17:10,1030,0075,g3,12414,0,0,-1379
17:15,1035,0075,g3,12414,0,0,-1379
17:20,1040,0075,g3,12414,0,0,0
17:25,1045,0075,g3,12414,0,0,0
17:30,1050,0075,g3,11379,-1035,-1035,-1035
17:35,1055,0075,g3,11379,0,-1035,-1035
17:40,1060,0075,g3,11379,0,0,-1035
17:45,1065,0075,g3,11379,0,0,-1035
17:50,1070,0075,g3,11379,0,0,-1035
17:55,1075,0075,g3,11379,0,0,-1035
18:00,1080,0075,g3,11379,0,0,0
18:05,1085,0075,g3,11379,0,0,0
18:10,1090,0075,g3,11379,0,0,0
18:15,1095,0075,g3,11379,0,0,0
18:20,1100,0075,g3,11379,0,0,0
18:25,1105,0075,g3,11379,0,0,0
18:30,1110,0075,g3,11379,0,0,0
18:35,1115,0075,g3,11379,0,0,0
18:40,1120,0075,g3,11379,0,0,0
18:45,1125,0075,g3,11379,0,0,0
18:50,1130,0075,g3,11379,0,0,0
18:55,1135,0075,g3,11379,0,0,0
19:00,1140,0075,g3,11379,0,0,0
19:05,1145,0075,g3,11379,0,0,0
19:10,1150,0075,g3,11379,0,0,0
19:15,1155,0075,g3,11379,0,0,0
19:20,1160,0075,g3,11379,0,0,0
19:25,1165,0075,g3,10517,-862,-862,-862
19:30,1170,0075,g3,10517,0,-862,-862
19:35,1175,0075,g3,10517,0,0,-862
19:40,1180,0075,g3,10517,0,0,-862
19:45,1185,0075,g3,13793,3276,3276,2414
19:50,1190,0075,g3,13793,0,3276,2414
19:55,1195,0075,g3,13793,0,0,3276
20:00,1200,0075,g3,13793,0,0,3276
20:05,1205,0075,g3,13793,0,0,3276
20:10,1210,0075,g3,13793,0,0,3276
20:15,1215,0075,g3,13793,0,0,0
20:20,1220,0075,g3,13793,0,0,0
20:25,1225,0075,g3,13793,0,0,0
20:30,1230,0075,g3,16724,2931,2931,2931
20:35,1235,0075,g3,16724,0,2931,2931
20:40,1240,0075,g3,16724,0,0,2931
20:45,1245,0075,g3,15862,-862,-862,2069
20:50,1250,0075,g3,15862,0,-862,2069
20:55,1255,0075,g3,15862,0,0,2069
21:00,1260,0075,g3,15862,0,0,-862
21:05,1265,0075,g3,15862,0,0,-862
21:10,1270,0075,g3,15862,0,0,-862
21:15,1275,0075,g3,15862,0,0,0
21:20,1280,0075,g3,15862,0,0,0
21:25,1285,0075,g3,15862,0,0,0
21:30,1290,0075,g3,14828,-1034,-1034,-1034
21:35,1295,0075,g3,14828,0,-1034,-1034
21:40,1300,0075,g3,14828,0,0,-1034
21:45,1305,0075,g3,14828,0,0,-1034
21:50,1310,0075,g3,14828,0,0,-1034
21:55,1315,0075,g3,14828,0,0,-1034
22:00,1320,0075,g3,14828,0,0,0
22:05,1325,0075,g3,14828,0,0,0
22:10,1330,0075,g3,14828,0,0,0
22:15,1335,0075,g3,14828,0,0,0
22:20,1340,0075,g3,14828,0,0,0
22:25,1345,0075,g3,14828,0,0,0
22:30,1350,0075,g3,14483,-345,-345,-345
22:35,1355,0075,g3,14483,0,-345,-345
22:40,1360,0075,g3,14483,0,0,-345
22:45,1365,0075,g3,14483,0,0,-345
22:50,1370,0075,g3,14483,0,0,-345
22:55,1375,0075,g3,14483,0,0,-345
23:00,1380,0075,g3,14483,0,0,0
23:05,1385,0075,g3,14483,0,0,0
23:10,1390,0075,g3,14483,0,0,0
23:15,1395,0075,g3,14483,0,0,0
23:16,1396,0075,g3,14483,,,
23:20,1400,0075,g3,14483,0,0,0
09:00,540,0076,g4,0,,,
09:05,545,0076,g4,0,0,,
09:10,550,0076,g4,0,0,0,
09:15,555,0076,g4,0,0,0,
09:20,560,0076,g4,0,0,0,
09:25,565,0076,g4,0,0,0,
09:30,570,0076,g4,0,0,0,0
09:35,575,0076,g4,0,0,0,0
09:40,580,0076,g4,0,0,0,0
09:45,585,0076,g4,0,0,0,0
09:50,590,0076,g4,0,0,0,0
09:55,595,0076,g4,0,0,0,0
10:00,600,0076,g4,0,0,0,0
10:05,605,0076,g4,0,0,0,0
10:10,610,0076,g4,0,0,0,0
10:15,615,0076,g4,0,0,0,0
10:20,620,0076,g4,0,0,0,0
10:25,625,0076,g4,0,0,0,0
10:30,630,0076,g4,0,0,0,0
10:35,635,0076,g4,0,0,0,0
10:40,640,0076,g4,0,0,0,0
10:45,645,0076,g4,0,0,0,0
10:50,650,0076,g4,0,0,0,0
10:55,655,0076,g4,0,0,0,0
11:00,660,0076,g4,-356,-356,-356,-356
11:05,665,0076,g4,-356,0,-356,-356
11:10,670,0076,g4,-356,0,0,-356
11:15,675,0076,g4,-356,0,0,-356
11:20,680,0076,g4,-356,0,0,-356
11:25,685,0076,g4,-356,0,0,-356
11:30,690,0076,g4,1034,1390,1390,1390
11:35,695,0076,g4,1034,0,1390,1390
11:40,700,0076,g4,1034,0,0,1390
11:45,705,0076,g4,-356,-1390,-1390,0
11:50,710,0076,g4,-356,0,-1390,0
11:55,715,0076,g4,-356,0,0,0
12:00,720,0076,g4,-356,0,0,-1390
12:05,725,0076,g4,-356,0,0,-1390
12:10,730,0076,g4,-356,0,0,-1390
12:15,735,0076,g4,-356,0,0,0
12:20,740,0076,g4,-356,0,0,0
12:25,745,0076,g4,-356,0,0,0
12:30,750,0076,g4,-3378,-3022,-3022,-3022
12:35,755,0076,g4,-3378,0,-3022,-3022
12:40,760,0076,g4,-3378,0,0,-3022
12:45,765,0076,g4,-3378,0,0,-3022
12:50,770,0076,g4,-3911,-533,-533,-3555
12:55,775,0076,g4,-3911,0,-533,-3555
13:00,780,0076,g4,-3911,0,0,-533
13:05,785,0076,g4,-3911,0,0,-533
13:10,790,0076,g4,-3911,0,0,-533
13:15,795,0076,g4,-3911,0,0,-533
13:20,800,0076,g4,-3911,0,0,0
13:25,805,0076,g4,-4800,-889,-889,-889
13:30,810,0076,g4,-4800,0,-889,-889
13:35,815,0076,g4,-4800,0,0,-889
13:40,820,0076,g4,-4800,0,0,-889
13:45,825,0076,g4,-4800,0,0,-889
13:50,830,0076,g4,-5156,-356,-356,-1245
13:55,835,0076,g4,-5156,0,-356,-356
14:00,840,0076,g4,-5156,0,0,-356
14:05,845,0076,g4,-5156,0,0,-356
14:10,850,0076,g4,-5156,0,0,-356
14:15,855,0076,g4,-5156,0,0,-356
14:20,860,0076,g4,-5156,0,0,0
14:25,865,0076,g4,-5156,0,0,0
14:30,870,0076,g4,-7111,-1955,-1955,-1955
14:35,875,0076,g4,-7111,0,-1955,-1955
14:40,880,0076,g4,-7111,0,0,-1955
14:45,885,0076,g4,-6400,711,711,-1244
14:50,890,0076,g4,-6400,0,711,-1244
14:55,895,0076,g4,-6400,0,0,-1244
15:00,900,0076,g4,-6400,0,0,711
15:05,905,0076,g4,-6400,0,0,711
15:10,910,0076,g4,-6400,0,0,711
15:15,915,0076,g4,-6400,0,0,0
15:20,920,0076,g4,-6400,0,0,0
15:25,925,0076,g4,-6400,0,0,0
15:30,930,0076,g4,-4800,1600,1600,1600
15:35,935,0076,g4,-4800,0,1600,1600
15:40,940,0076,g4,-4800,0,0,1600
15:45,945,0076,g4,-3911,889,889,2489
15:50,950,0076,g4,-3911,0,889,2489
15:55,955,0076,g4,-3911,0,0,2489
16:00,960,0076,g4,-3911,0,0,889
16:05,965,0076,g4,-3911,0,0,889
16:10,970,0076,g4,-3911,0,0,889
16:15,975,0076,g4,-3911,0,0,0
16:20,980,0076,g4,-3911,0,0,0
16:25,985,0076,g4,-3911,0,0,0
16:30,990,0076,g4,-5511,-1600,-1600,-1600
16:35,995,0076,g4,-5511,0,-1600,-1600
16:40,1000,0076,g4,-5511,0,0,-1600
16:45,1005,0076,g4,-5511,0,0,-1600
16:50,1010,0076,g4,-6044,-533,-533,-2133
16:55,1015,0076,g4,-6044,0,-533,-2133
17:00,1020,0076,g4,-6044,0,0,-533
17:05,1025,0076,g4,-6044,0,0,-533
17:10,1030,0076,g4,-6044,0,0,-533
17:15,1035,0076,g4,-6044,0,0,-533
17:20,1040,0076,g4,-6044,0,0,0
17:25,1045,0076,g4,-6044,0,0,0
17:30,1050,0076,g4,-6933,-889,-889,-889
17:35,1055,0076,g4,-6933,0,-889,-889
17:40,1060,0076,g4,-6933,0,0,-889
17:45,1065,0076,g4,-6933,0,0,-889
17:50,1070,0076,g4,-6933,0,0,-889
17:55,1075,0076,g4,-6933,0,0,-889
18:00,1080,0076,g4,-6933,0,0,0
18:05,1085,0076,g4,-6933,0,0,0
18:10,1090,0076,g4,-6933,0,0,0
18:15,1095,0076,g4,-6933,0,0,0
18:20,1100,0076,g4,-6933,0,0,0
18:25,1105,0076,g4,-6933,0,0,0
18:30,1110,0076,g4,-6933,0,0,0
18:35,1115,0076,g4,-6933,0,0,0
18:40,1120,0076,g4,-6933,0,0,0
18:45,1125,0076,g4,-6933,0,0,0
18:50,1130,0076,g4,-6933,0,0,0
18:55,1135,0076,g4,-6933,0,0,0
19:00,1140,0076,g4,-6933,0,0,0
19:05,1145,0076,g4,-6933,0,0,0
19:10,1150,0076,g4,-6933,0,0,0
19:15,1155,0076,g4,-6933,0,0,0
19:20,1160,0076,g4,-6933,0,0,0
19:25,1165,0076,g4,-8711,-1778,-1778,-1778
19:30,1170,0076,g4,-8711,0,-1778,-1778
19:35,1175,0076,g4,-8711,0,0,-1778
19:40,1180,0076,g4,-8711,0,0,-1778
19:45,1185,0076,g4,-10133,-1422,-1422,-3200
19:50,1190,0076,g4,-10133,0,-1422,-3200
19:55,1195,0076,g4,-10133,0,0,-1422
20:00,1200,0076,g4,-10133,0,0,-1422
20:05,1205,0076,g4,-10133,0,0,-1422
20:10,1210,0076,g4,-10133,0,0,-1422
20:15,1215,0076,g4,-10133,0,0,0
20:20,1220,0076,g4,-10133,0,0,0
20:25,1225,0076,g4,-10133,0,0,0
20:30,1230,0076,g4,-10667,-534,-534,-534
20:35,1235,0076,g4,-10667,0,-534,-534
20:40,1240,0076,g4,-10667,0,0,-534
20:45,1245,0076,g4,-11022,-355,-355,-889
20:50,1250,0076,g4,-11022,0,-355,-889
20:55,1255,0076,g4,-11022,0,0,-889
21:00,1260,0076,g4,-11022,0,0,-355
21:05,1265,0076,g4,-11022,0,0,-355
21:10,1270,0076,g4,-11022,0,0,-355
21:15,1275,0076,g4,-11022,0,0,0
21:20,1280,0076,g4,-11022,0,0,0
21:25,1285,0076,g4,-11022,0,0,0
21:30,1290,0076,g4,-11200,-178,-178,-178
21:35,1295,0076,g4,-11200,0,-178,-178
21:40,1300,0076,g4,-11200,0,0,-178
21:45,1305,0076,g4,-11200,0,0,-178
21:50,1310,0076,g4,-11200,0,0,-178
21:55,1315,0076,g4,-11200,0,0,-178
22:00,1320,0076,g4,-11200,0,0,0
22:05,1325,0076,g4,-11200,0,0,0
22:10,1330,0076,g4,-11200,0,0,0
22:15,1335,0076,g4,-11200,0,0,0
22:20,1340,0076,g4,-11200,0,0,0
22:25,1345,0076,g4,-11200,0,0,0
22:30,1350,0076,g4,-11200,0,0,0
22:35,1355,0076,g4,-11200,0,0,0
22:40,1360,0076,g4,-11200,0,0,0
22:45,1365,0076,g4,-11200,0,0,0
22:50,1370,0076,g4,-11200,0,0,0
22:55,1375,0076,g4,-11200,0,0,0
23:00,1380,0076,g4,-11200,0,0,0
23:05,1385,0076,g4,-11200,0,0,0
23:10,1390,0076,g4,-11200,0,0,0
23:15,1395,0076,g4,-11200,0,0,0
23:16,1396,0076,g4,-11200,,,
23:20,1400,0076,g4,-11200,0,0,0
09:00,540,0077,g5,0,,,
09:05,545,0077,g5,0,0,,
09:10,550,0077,g5,0,0,0,
09:15,555,0077,g5,0,0,0,
09:20,560,0077,g5,0,0,0,
09:25,565,0077,g5,0,0,0,
09:30,570,0077,g5,0,0,0,0
09:35,575,0077,g5,0,0,0,0
09:40,580,0077,g5,0,0,0,0
09:45,585,0077,g5,0,0,0,0
09:50,590,0077,g5,0,0,0,0
09:55,595,0077,g5,0,0,0,0
10:00,600,0077,g5,0,0,0,0
10:05,605,0077,g5,0,0,0,0
10:10,610,0077,g5,0,0,0,0
10:15,615,0077,g5,0,0,0,0
10:20,620,0077,g5,0,0,0,0
10:25,625,0077,g5,0,0,0,0
10:30,630,0077,g5,0,0,0,0
10:35,635,0077,g5,0,0,0,0
10:40,640,0077,g5,0,0,0,0
10:45,645,0077,g5,0,0,0,0
10:50,650,0077,g5,0,0,0,0
10:55,655,0077,g5,0,0,0,0
11:00,660,0077,g5,-356,-356,-356,-356
11:05,665,0077,g5,-356,0,-356,-356
11:10,670,0077,g5,-356,0,0,-356
11:15,675,0077,g5,-356,0,0,-356
11:20,680,0077,g5,-356,0,0,-356
11:25,685,0077,g5,-356,0,0,-356
11:30,690,0077,g5,-356,0,0,0
11:35,695,0077,g5,-356,0,0,0
11:40,700,0077,g5,-356,0,0,0
11:45,705,0077,g5,-622,-266,-266,-266
11:50,710,0077,g5,-622,0,-266,-266
11:55,715,0077,g5,-622,0,0,-266
12:00,720,0077,g5,-622,0,0,-266
12:05,725,0077,g5,-622,0,0,-266
12:10,730,0077,g5,-622,0,0,-266
12:15,735,0077,g5,-622,0,0,0
12:20,740,0077,g5,-622,0,0,0
12:25,745,0077,g5,-622,0,0,0
12:30,750,0077,g5,-356,266,266,266
12:35,755,0077,g5,-356,0,266,266
12:40,760,0077,g5,-356,0,0,266
12:45,765,0077,g5,-356,0,0,266
12:50,770,0077,g5,0,356,356,622
12:55,775,0077,g5,0,0,356,622
13:00,780,0077,g5,0,0,0,356
13:05,785,0077,g5,0,0,0,356
13:10,790,0077,g5,0,0,0,356
13:15,795,0077,g5,0,0,0,356
13:20,800,0077,g5,0,0,0,0
13:25,805,0077,g5,-1067,-1067,-1067,-1067
13:30,810,0077,g5,-1067,0,-1067,-1067
13:35,815,0077,g5,-1067,0,0,-1067
13:40,820,0077,g5,-1067,0,0,-1067
13:45,825,0077,g5,-1067,0,0,-1067
13:50,830,0077,g5,-1956,-889,-889,-1956
13:55,835,0077,g5,-1956,0,-889,-889
14:00,840,0077,g5,-1956,0,0,-889
14:05,845,0077,g5,-1956,0,0,-889
14:10,850,0077,g5,-1956,0,0,-889
14:15,855,0077,g5,-1956,0,0,-889
14:20,860,0077,g5,-1956,0,0,0
14:25,865,0077,g5,-1956,0,0,0
14:30,870,0077,g5,-3733,-1777,-1777,-1777
14:35,875,0077,g5,-3733,0,-1777,-1777
14:40,880,0077,g5,-3733,0,0,-1777
14:45,885,0077,g5,-4800,-1067,-1067,-2844
14:50,890,0077,g5,-4800,0,-1067,-2844
14:55,895,0077,g5,-4800,0,0,-2844
15:00,900,0077,g5,-4800,0,0,-1067
15:05,905,0077,g5,-4800,0,0,-1067
15:10,910,0077,g5,-4800,0,0,-1067
15:15,915,0077,g5,-4800,0,0,0
15:20,920,0077,g5,-4800,0,0,0
15:25,925,0077,g5,-4800,0,0,0
15:30,930,0077,g5,172,4972,4972,4972
15:35,935,0077,g5,172,0,4972,4972
15:40,940,0077,g5,172,0,0,4972
15:45,945,0077,g5,1379,1207,1207,6179
15:50,950,0077,g5,1379,0,1207,6179
15:55,955,0077,g5,1379,0,0,6179
16:00,960,0077,g5,1379,0,0,1207
16:05,965,0077,g5,1379,0,0,1207
16:10,970,0077,g5,1379,0,0,1207
16:15,975,0077,g5,1379,0,0,0
16:20,980,0077,g5,1379,0,0,0
16:25,985,0077,g5,1379,0,0,0
16:30,990,0077,g5,-267,-1646,-1646,-1646
16:35,995,0077,g5,-267,0,-1646,-1646
16:40,1000,0077,g5,-267,0,0,-1646
16:45,1005,0077,g5,-267,0,0,-1646
16:50,1010,0077,g5,-267,0,0,-1646
16:55,1015,0077,g5,-267,0,0,-1646
17:00,1020,0077,g5,-267,0,0,0
17:05,1025,0077,g5,-267,0,0,0
17:10,1030,0077,g5,-267,0,0,0
17:15,1035,0077,g5,-267,0,0,0
17:20,1040,0077,g5,-267,0,0,0
17:25,1045,0077,g5,-267,0,0,0
17:30,1050,0077,g5,-356,-89,-89,-89
17:35,1055,0077,g5,-356,0,-89,-89
17:40,1060,0077,g5,-356,0,0,-89
17:45,1065,0077,g5,-356,0,0,-89
17:50,1070,0077,g5,-711,-355,-355,-444
17:55,1075,0077,g5,-711,0,-355,-444
18:00,1080,0077,g5,-711,0,0,-355
18:05,1085,0077,g5,-711,0,0,-355
18:10,1090,0077,g5,-711,0,0,-355
18:15,1095,0077,g5,-711,0,0,-355
18:20,1100,0077,g5,-711,0,0,0
18:25,1105,0077,g5,948,1659,1659,1659
18:30,1110,0077,g5,948,0,1659,1659
18:35,1115,0077,g5,948,0,0,1659
18:40,1120,0077,g5,948,0,0,1659
18:45,1125,0077,g5,948,0,0,1659
18:50,1130,0077,g5,3362,2414,2414,4073
18:55,1135,0077,g5,3362,0,2414,2414
19:00,1140,0077,g5,3362,0,0,2414
19:05,1145,0077,g5,3362,0,0,2414
19:10,1150,0077,g5,3362,0,0,2414
19:15,1155,0077,g5,3362,0,0,2414
19:20,1160,0077,g5,3362,0,0,0
19:25,1165,0077,g5,4483,1121,1121,1121
19:30,1170,0077,g5,4483,0,1121,1121
19:35,1175,0077,g5,4483,0,0,1121
19:40,1180,0077,g5,4483,0,0,1121
19:45,1185,0077,g5,3190,-1293,-1293,-172
19:50,1190,0077,g5,3190,0,-1293,-172
19:55,1195,0077,g5,3190,0,0,-1293
20:00,1200,0077,g5,3190,0,0,-1293
20:05,1205,0077,g5,3190,0,0,-1293
20:10,1210,0077,g5,3190,0,0,-1293
20:15,1215,0077,g5,3190,0,0,0
20:20,1220,0077,g5,3190,0,0,0
20:25,1225,0077,g5,3190,0,0,0
20:30,1230,0077,g5,3448,258,258,258
20:35,1235,0077,g5,3448,0,258,258
20:40,1240,0077,g5,3448,0,0,258
20:45,1245,0077,g5,2672,-776,-776,-518
20:50,1250,0077,g5,2672,0,-776,-518
20:55,1255,0077,g5,2672,0,0,-518
21:00,1260,0077,g5,2672,0,0,-776
21:05,1265,0077,g5,2672,0,0,-776
21:10,1270,0077,g5,2672,0,0,-776
21:15,1275,0077,g5,2672,0,0,0
21:20,1280,0077,g5,2672,0,0,0
21:25,1285,0077,g5,2672,0,0,0
21:30,1290,0077,g5,3621,949,949,949
21:35,1295,0077,g5,3621,0,949,949
21:40,1300,0077,g5,3621,0,0,949
21:45,1305,0077,g5,2155,-1466,-1466,-517
21:50,1310,0077,g5,2155,0,-1466,-517
21:55,1315,0077,g5,2155,0,0,-517
22:00,1320,0077,g5,2155,0,0,-1466
22:05,1325,0077,g5,2155,0,0,-1466
22:10,1330,0077,g5,2155,0,0,-1466
22:15,1335,0077,g5,2155,0,0,0
22:20,1340,0077,g5,2155,0,0,0
22:25,1345,0077,g5,2155,0,0,0
22:30,1350,0077,g5,-889,-3044,-3044,-3044
22:35,1355,0077,g5,-889,0,-3044,-3044
22:40,1360,0077,g5,-889,0,0,-3044
22:45,1365,0077,g5,-889,0,0,-3044
22:50,1370,0077,g5,-1244,-355,-355,-3399
22:55,1375,0077,g5,-1244,0,-355,-3399
23:00,1380,0077,g5,-1244,0,0,-355
23:05,1385,0077,g5,-1244,0,0,-355
23:10,1390,0077,g5,-1244,0,0,-355
23:15,1395,0077,g5,-1244,0,0,-355
23:16,1396,0077,g5,-1244,,,
23:20,1400,0077,g5,-1244,0,0,0
