machine,time,minute,value
0039,09:00,540,0
0039,09:05,545,0
0039,09:10,550,0
0039,09:15,555,0
0039,09:20,560,0
0039,09:25,565,0
0039,09:30,570,0
0039,09:35,575,0
0039,09:40,580,0
0039,09:45,585,0
0039,09:50,590,0
0039,09:55,595,0
0039,10:00,600,0
0039,10:05,605,0
0039,10:10,610,0
0039,10:15,615,0
0039,10:20,620,0
0039,10:25,625,-255
0039,10:30,630,-255
0039,10:35,635,-255
0039,10:40,640,-255
0039,10:45,645,-255
0039,10:50,650,-255
0039,10:55,655,-255
0039,11:00,660,-255
0039,11:05,665,-255
0039,11:10,670,-255
0039,11:15,675,-255
0039,11:20,680,-255
0039,11:25,685,-255
0039,11:30,690,-1021
0039,11:35,695,-1021
0039,11:40,700,-1021
0039,11:45,705,-2298
0039,11:50,710,-2298
0039,11:55,715,-2298
0039,12:00,720,-2298
0039,12:05,725,-3574
0039,12:10,730,-3574
0039,12:15,735,-3574
0039,12:20,740,-3574
0039,12:25,745,-3574
0039,12:30,750,-5106
0039,12:35,755,-5106
0039,12:40,760,-5106
0039,12:45,765,-5106
0039,12:50,770,-6383
0039,12:55,775,-6383
0039,13:00,780,-6383
0039,13:05,785,-7915
0039,13:10,790,-7915
0039,13:15,795,-7915
0039,13:20,800,-7915
0039,13:25,805,-9702
0039,13:30,810,-9702
0039,13:35,815,-9702
0039,13:40,820,-9702
0039,13:45,825,-9702
0039,13:50,830,-11234
0039,13:55,835,-11234
0039,14:00,840,-11234
0039,14:05,845,-11234
0039,14:10,850,-12511
0039,14:15,855,-12511
0039,14:20,860,-12511
0039,14:25,865,-12511
0039,14:30,870,-14043
0039,14:35,875,-14043
0039,14:40,880,-14043
0039,14:45,885,-15319
0039,14:50,890,-15319
0039,14:55,895,-15319
0039,15:00,900,-15319
0039,15:05,905,-15319
0039,15:10,910,-16596
0039,15:15,915,-16596
0039,15:20,920,-16596
0039,15:25,925,-16596
0039,15:30,930,-18383
0039,15:35,935,-18383
0039,15:40,940,-18383
0039,15:45,945,-19915
0039,15:50,950,-19915
0039,15:55,955,-19915
0039,16:00,960,-19915
0039,16:05,965,-19915
0039,16:10,970,-21191
0039,16:15,975,-21191
0039,16:20,980,-21191
0039,16:25,985,-21191
0039,16:30,990,-22468
0039,16:35,995,-22468
0039,16:40,1000,-22468
0039,16:45,1005,-22468
0039,16:50,1010,-24000
0039,16:55,1015,-24000
0039,17:00,1020,-24000
0039,17:05,1025,-24766
0039,17:10,1030,-24766
0039,17:15,1035,-24766
0039,17:20,1040,-24766
0039,17:25,1045,-24766
0039,17:30,1050,-23234
0039,17:35,1055,-23234
0039,17:40,1060,-23234
0039,17:45,1065,-23234
0039,17:50,1070,-21191
0039,17:55,1075,-21191
0039,18:00,1080,-21191
0039,18:05,1085,-21191
0039,18:10,1090,-22723
0039,18:15,1095,-22723
0039,18:20,1100,-22723
0039,18:25,1105,-18638
0039,18:30,1110,-18638
0039,18:35,1115,-18638
0039,18:40,1120,-18638
0039,18:45,1125,-18638
0039,18:50,1130,-20170
0039,18:55,1135,-20170
0039,19:00,1140,-20170
0039,19:05,1145,-20170
0039,19:10,1150,-21447
0039,19:15,1155,-21447
0039,19:20,1160,-21447
0039,19:25,1165,-23234
0039,19:30,1170,-23234
0039,19:35,1175,-23234
0039,19:40,1180,-23234
0039,19:45,1185,-21191
0039,19:50,1190,-21191
0039,19:55,1195,-21191
0039,20:00,1200,-21191
0039,20:05,1205,-21191
0039,20:10,1210,-20426
0039,20:15,1215,-20426
0039,20:20,1220,-20426
0039,20:25,1225,-20426
0039,20:30,1230,-22213
0039,20:35,1235,-22213
0039,20:40,1240,-22213
0039,20:45,1245,-19404
0039,20:50,1250,-19404
0039,20:55,1255,-19404
0039,21:00,1260,-19404
0039,21:05,1265,-19404
0039,21:10,1270,-16340
0039,21:15,1275,-16340
0039,21:20,1280,-16340
0039,21:25,1285,-16340
0039,21:30,1290,-16596
0039,21:35,1295,-16596
0039,21:40,1300,-16596
0039,21:45,1305,-14298
0039,21:50,1310,-14298
0039,21:55,1315,-14298
0039,22:00,1320,-14298
0039,22:05,1325,-13532
0039,22:10,1330,-13532
0039,22:15,1335,-13532
0039,22:20,1340,-13532
0039,22:25,1345,-13532
0039,22:30,1350,-14043
0039,22:35,1355,-14043
0039,22:40,1360,-14043
0039,22:45,1365,-14043
0039,22:50,1370,-14043
0039,22:55,1375,-14043
0039,23:00,1380,-14043
0039,23:05,1385,-14043
0039,23:10,1390,-14043
0039,23:15,1395,-14043
0039,23:16,1396,-14043
0039,23:20,1400,-14043
0040,09:00,540,0
0040,09:05,545,0
0040,09:10,550,0
0040,09:15,555,0
0040,09:20,560,0
0040,09:25,565,0
0040,09:30,570,0
0040,09:35,575,0
0040,09:40,580,0
0040,09:45,585,0
0040,09:50,590,0
0040,09:55,595,0
0040,10:00,600,0
0040,10:05,605,0
0040,10:10,610,0
0040,10:15,615,0
0040,10:20,620,0
0040,10:25,625,0
0040,10:30,630,0
0040,10:35,635,0
0040,10:40,640,-800
0040,10:45,645,-800
0040,10:50,650,-800
0040,10:55,655,-800
0040,11:00,660,-889
0040,11:05,665,-889
0040,11:10,670,-889
0040,11:15,675,-889
0040,11:20,680,-889
0040,11:25,685,-889
0040,11:30,690,-889
0040,11:35,695,-889
0040,11:40,700,-889
0040,11:45,705,-1156
0040,11:50,710,-1156
0040,11:55,715,-1156
0040,12:00,720,-1156
0040,12:05,725,-1156
0040,12:10,730,-1156
0040,12:15,735,-1156
0040,12:20,740,-1156
0040,12:25,745,-1156
0040,12:30,750,-1156
0040,12:35,755,-1156
0040,12:40,760,-1156
0040,12:45,765,-1156
0040,12:50,770,-1156
0040,12:55,775,-1156
0040,13:00,780,-1156
0040,13:05,785,-1156
0040,13:10,790,-1156
0040,13:15,795,-1156
0040,13:20,800,-1156
0040,13:25,805,-1778
0040,13:30,810,-1778
0040,13:35,815,-1778
0040,13:40,820,-1778
0040,13:45,825,-1778
0040,13:50,830,1810
0040,13:55,835,1810
0040,14:00,840,1810
0040,14:05,845,1810
0040,14:10,850,7328
0040,14:15,855,7328
0040,14:20,860,7328
0040,14:25,865,7328
0040,14:30,870,7069
0040,14:35,875,7069
0040,14:40,880,7069
0040,14:45,885,6379
0040,14:50,890,6379
0040,14:55,895,6379
0040,15:00,900,6379
0040,15:05,905,6379
0040,15:10,910,5172
0040,15:15,915,5172
0040,15:20,920,5172
0040,15:25,925,5172
0040,15:30,930,6121
0040,15:35,935,6121
0040,15:40,940,6121
0040,15:45,945,5603
0040,15:50,950,5603
0040,15:55,955,5603
0040,16:00,960,5603
0040,16:05,965,5603
0040,16:10,970,4483
0040,16:15,975,4483
0040,16:20,980,4483
0040,16:25,985,4483
0040,16:30,990,4655
0040,16:35,995,4655
0040,16:40,1000,4655
0040,16:45,1005,4655
0040,16:50,1010,5603
0040,16:55,1015,5603
0040,17:00,1020,5603
0040,17:05,1025,4483
0040,17:10,1030,4483
0040,17:15,1035,4483
0040,17:20,1040,4483
0040,17:25,1045,4483
0040,17:30,1050,2845
0040,17:35,1055,2845
0040,17:40,1060,2845
0040,17:45,1065,2845
0040,17:50,1070,4741
0040,17:55,1075,4741
0040,18:00,1080,4741
0040,18:05,1085,4741
0040,18:10,1090,4397
0040,18:15,1095,4397
0040,18:20,1100,4397
0040,18:25,1105,2759
0040,18:30,1110,2759
0040,18:35,1115,2759
0040,18:40,1120,2759
0040,18:45,1125,2759
0040,18:50,1130,3190
0040,18:55,1135,3190
0040,19:00,1140,3190
0040,19:05,1145,3190
0040,19:10,1150,2069
0040,19:15,1155,2069
0040,19:20,1160,2069
0040,19:25,1165,1379
0040,19:30,1170,1379
0040,19:35,1175,1379
0040,19:40,1180,1379
0040,19:45,1185,0
0040,19:50,1190,0
0040,19:55,1195,0
0040,20:00,1200,0
0040,20:05,1205,0
0040,20:10,1210,-1333
0040,20:15,1215,-1333
0040,20:20,1220,-1333
0040,20:25,1225,-1333
0040,20:30,1230,-2756
0040,20:35,1235,-2756
0040,20:40,1240,-2756
0040,20:45,1245,-978
0040,20:50,1250,-978
0040,20:55,1255,-978
0040,21:00,1260,-978
0040,21:05,1265,-978
0040,21:10,1270,0
0040,21:15,1275,0
0040,21:20,1280,0
0040,21:25,1285,0
0040,21:30,1290,-1422
0040,21:35,1295,-1422
0040,21:40,1300,-1422
0040,21:45,1305,-2844
0040,21:50,1310,-2844
0040,21:55,1315,-2844
0040,22:00,1320,-2844
0040,22:05,1325,-3822
0040,22:10,1330,-3822
0040,22:15,1335,-3822
0040,22:20,1340,-3822
0040,22:25,1345,-3822
0040,22:30,1350,-4178
0040,22:35,1355,-4178
0040,22:40,1360,-4178
0040,22:45,1365,-4178
0040,22:50,1370,-4178
0040,22:55,1375,-4178
0040,23:00,1380,-4178
0040,23:05,1385,-4178
0040,23:10,1390,-4178
0040,23:15,1395,-4178
0040,23:16,1396,-4178
0040,23:20,1400,-4178
0041,09:00,540,0
0041,09:05,545,0
0041,09:10,550,0
0041,09:15,555,0
0041,09:20,560,0
0041,09:25,565,0
0041,09:30,570,0
0041,09:35,575,0
0041,09:40,580,0
0041,09:45,585,0
0041,09:50,590,0
0041,09:55,595,0
0041,10:00,600,0
0041,10:05,605,0
0041,10:10,610,0
0041,10:15,615,0
0041,10:20,620,0
0041,10:25,625,0
0041,10:30,630,0
0041,10:35,635,0
0041,10:40,640,0
0041,10:45,645,0
0041,10:50,650,0
0041,10:55,655,0
0041,11:00,660,-889
0041,11:05,665,-889
0041,11:10,670,-178
0041,11:15,675,-178
0041,11:20,680,-178
0041,11:25,685,-178
0041,11:30,690,3621
0041,11:35,695,3621
0041,11:40,700,3621
0041,11:45,705,2759
0041,11:50,710,2759
0041,11:55,715,2759
0041,12:00,720,2759
0041,12:05,725,5000
0041,12:10,730,5000
0041,12:15,735,5000
0041,12:20,740,5000
0041,12:25,745,5000
0041,12:30,750,3621
0041,12:35,755,3621
0041,12:40,760,3621
0041,12:45,765,3621
0041,12:50,770,3966
0041,12:55,775,3966
0041,13:00,780,3966
0041,13:05,785,2759
0041,13:10,790,2759
0041,13:15,795,2759
0041,13:20,800,2759
0041,13:25,805,3793
0041,13:30,810,3793
0041,13:35,815,3793
0041,13:40,820,3793
0041,13:45,825,3793
0041,13:50,830,3793
0041,13:55,835,3793
0041,14:00,840,3793
0041,14:05,845,3793
0041,14:10,850,3448
0041,14:15,855,3448
0041,14:20,860,3448
0041,14:25,865,3448
0041,14:30,870,2069
0041,14:35,875,2069
0041,14:40,880,2069
0041,14:45,885,862
0041,14:50,890,862
0041,14:55,895,862
0041,15:00,900,862
0041,15:05,905,862
0041,15:10,910,-356
0041,15:15,915,-356
0041,15:20,920,-356
0041,15:25,925,-356
0041,15:30,930,-1778
0041,15:35,935,-1778
0041,15:40,940,-1778
0041,15:45,945,-2489
0041,15:50,950,-2489
0041,15:55,955,-2489
0041,16:00,960,-2489
0041,16:05,965,-2489
0041,16:10,970,1034
0041,16:15,975,1034
0041,16:20,980,1034
0041,16:25,985,1034
0041,16:30,990,3793
0041,16:35,995,3793
0041,16:40,1000,3793
0041,16:45,1005,3793
0041,16:50,1010,2586
0041,16:55,1015,2586
0041,17:00,1020,2586
0041,17:05,1025,7069
0041,17:10,1030,7069
0041,17:15,1035,7069
0041,17:20,1040,7069
0041,17:25,1045,7069
0041,17:30,1050,7241
0041,17:35,1055,7241
0041,17:40,1060,7241
0041,17:45,1065,7241
0041,17:50,1070,6034
0041,17:55,1075,6034
0041,18:00,1080,6034
0041,18:05,1085,6034
0041,18:10,1090,7586
0041,18:15,1095,7586
0041,18:20,1100,7586
0041,18:25,1105,12586
0041,18:30,1110,12586
0041,18:35,1115,12586
0041,18:40,1120,12586
0041,18:45,1125,12586
0041,18:50,1130,13103
0041,18:55,1135,13103
0041,19:00,1140,13103
0041,19:05,1145,13103
0041,19:10,1150,11897
0041,19:15,1155,11897
0041,19:20,1160,11897
0041,19:25,1165,10345
0041,19:30,1170,10345
0041,19:35,1175,10345
0041,19:40,1180,10345
0041,19:45,1185,9310
0041,19:50,1190,9310
0041,19:55,1195,9310
0041,20:00,1200,9310
0041,20:05,1205,9310
0041,20:10,1210,8793
0041,20:15,1215,8793
0041,20:20,1220,8793
0041,20:25,1225,8793
0041,20:30,1230,7759
0041,20:35,1235,7759
0041,20:40,1240,7759
0041,20:45,1245,7241
0041,20:50,1250,7241
0041,20:55,1255,7241
0041,21:00,1260,7241
0041,21:05,1265,7241
0041,21:10,1270,6724
0041,21:15,1275,6724
0041,21:20,1280,6724
0041,21:25,1285,6724
0041,21:30,1290,6552
0041,21:35,1295,6552
0041,21:40,1300,6552
0041,21:45,1305,6552
0041,21:50,1310,6552
0041,21:55,1315,6552
0041,22:00,1320,6552
0041,22:05,1325,6379
0041,22:10,1330,6379
0041,22:15,1335,6379
0041,22:20,1340,6379
0041,22:25,1345,6379
0041,22:30,1350,6379
0041,22:35,1355,6379
0041,22:40,1360,6379
0041,22:45,1365,6379
0041,22:50,1370,6379
0041,22:55,1375,6379
0041,23:00,1380,6379
0041,23:05,1385,6379
0041,23:10,1390,6379
0041,23:15,1395,6379
0041,23:16,1396,6379
0041,23:20,1400,6379
0042,09:00,540,0
0042,09:05,545,0
0042,09:10,550,0
0042,09:15,555,0
0042,09:20,560,0
0042,09:25,565,0
0042,09:30,570,0
0042,09:35,575,0
0042,09:40,580,0
0042,09:45,585,0
0042,09:50,590,0
0042,09:55,595,0
0042,10:00,600,0
0042,10:05,605,0
0042,10:10,610,-89
0042,10:15,615,-89
0042,10:20,620,-89
0042,10:25,625,-89
0042,10:30,630,-89
0042,10:35,635,-89
0042,10:40,640,-89
0042,10:45,645,-89
0042,10:50,650,-89
0042,10:55,655,-89
0042,11:00,660,-89
0042,11:05,665,-89
0042,11:10,670,-89
0042,11:15,675,-89
0042,11:20,680,-89
0042,11:25,685,-89
0042,11:30,690,-89
0042,11:35,695,-89
0042,11:40,700,-89
0042,11:45,705,-89
0042,11:50,710,-89
0042,11:55,715,-89
0042,12:00,720,-89
0042,12:05,725,-89
0042,12:10,730,-89
0042,12:15,735,-89
0042,12:20,740,-89
0042,12:25,745,-89
0042,12:30,750,-89
0042,12:35,755,-89
0042,12:40,760,-89
0042,12:45,765,-89
0042,12:50,770,-89
0042,12:55,775,-89
0042,13:00,780,-89
0042,13:05,785,-89
0042,13:10,790,-89
0042,13:15,795,-89
0042,13:20,800,-89
0042,13:25,805,-89
0042,13:30,810,-89
0042,13:35,815,-89
0042,13:40,820,-89
0042,13:45,825,-89
0042,13:50,830,-89
0042,13:55,835,-89
0042,14:00,840,-89
0042,14:05,845,-89
0042,14:10,850,-89
0042,14:15,855,-89
0042,14:20,860,-89
0042,14:25,865,-89
0042,14:30,870,-1333
0042,14:35,875,-1333
0042,14:40,880,-1333
0042,14:45,885,-2756
0042,14:50,890,-2756
0042,14:55,895,-2756
0042,15:00,900,-2756
0042,15:05,905,-2756
0042,15:10,910,-4000
0042,15:15,915,-4000
0042,15:20,920,-4000
0042,15:25,925,-4000
0042,15:30,930,-5422
0042,15:35,935,-5422
0042,15:40,940,-5422
0042,15:45,945,-6400
0042,15:50,950,-6400
0042,15:55,955,-6400
0042,16:00,960,-6400
0042,16:05,965,-6400
0042,16:10,970,-7644
0042,16:15,975,-7644
0042,16:20,980,-7644
0042,16:25,985,-7644
0042,16:30,990,-5156
0042,16:35,995,-5156
0042,16:40,1000,-5156
0042,16:45,1005,-5156
0042,16:50,1010,-2933
0042,16:55,1015,-2933
0042,17:00,1020,-2933
0042,17:05,1025,-4000
0042,17:10,1030,-4000
0042,17:15,1035,-4000
0042,17:20,1040,-4000
0042,17:25,1045,-4000
0042,17:30,1050,-5422
0042,17:35,1055,-5422
0042,17:40,1060,-5422
0042,17:45,1065,-5422
0042,17:50,1070,-6667
0042,17:55,1075,-6667
0042,18:00,1080,-6667
0042,18:05,1085,-6667
0042,18:10,1090,-4356
0042,18:15,1095,-4356
0042,18:20,1100,-4356
0042,18:25,1105,-3378
0042,18:30,1110,-3378
0042,18:35,1115,-3378
0042,18:40,1120,-3378
0042,18:45,1125,-3378
0042,18:50,1130,-4622
0042,18:55,1135,-4622
0042,19:00,1140,-4622
0042,19:05,1145,-4622
0042,19:10,1150,-5689
0042,19:15,1155,-5689
0042,19:20,1160,-5689
0042,19:25,1165,-7022
0042,19:30,1170,-7022
0042,19:35,1175,-7022
0042,19:40,1180,-7022
0042,19:45,1185,-8267
0042,19:50,1190,-8267
0042,19:55,1195,-8267
0042,20:00,1200,-8267
0042,20:05,1205,-8267
0042,20:10,1210,-5244
0042,20:15,1215,-5244
0042,20:20,1220,-5244
0042,20:25,1225,-5244
0042,20:30,1230,1121
0042,20:35,1235,1121
0042,20:40,1240,1121
0042,20:45,1245,7500
0042,20:50,1250,7500
0042,20:55,1255,7500
0042,21:00,1260,7500
0042,21:05,1265,7500
0042,21:10,1270,7414
0042,21:15,1275,7414
0042,21:20,1280,7414
0042,21:25,1285,7414
0042,21:30,1290,7414
0042,21:35,1295,7414
0042,21:40,1300,7414
0042,21:45,1305,7414
0042,21:50,1310,7414
0042,21:55,1315,7414
0042,22:00,1320,7414
0042,22:05,1325,7414
0042,22:10,1330,7414
0042,22:15,1335,7414
0042,22:20,1340,7414
0042,22:25,1345,7414
0042,22:30,1350,7414
0042,22:35,1355,7414
0042,22:40,1360,7414
0042,22:45,1365,7414
0042,22:50,1370,7414
0042,22:55,1375,7414
0042,23:00,1380,7414
0042,23:05,1385,7414
0042,23:10,1390,7414
0042,23:15,1395,7414
0042,23:16,1396,7414
0042,23:20,1400,7414
0043,09:00,540,0
0043,09:05,545,0
0043,09:10,550,0
0043,09:15,555,0
0043,09:20,560,0
0043,09:25,565,0
0043,09:30,570,0
0043,09:35,575,0
0043,09:40,580,0
0043,09:45,585,0
0043,09:50,590,0
0043,09:55,595,0
0043,10:00,600,0
0043,10:05,605,0
0043,10:10,610,0
0043,10:15,615,0
0043,10:20,620,0
0043,10:25,625,-889
0043,10:30,630,-889
0043,10:35,635,-889
0043,10:40,640,-1956
0043,10:45,645,-1956
0043,10:50,650,-1956
0043,10:55,655,-1956
0043,11:00,660,-2489
0043,11:05,665,-2489
0043,11:10,670,-3022
0043,11:15,675,-3022
0043,11:20,680,-3022
0043,11:25,685,-3022
0043,11:30,690,-4444
0043,11:35,695,-4444
0043,11:40,700,-4444
0043,11:45,705,-1956
0043,11:50,710,-1956
0043,11:55,715,-1956
0043,12:00,720,-1956
0043,12:05,725,-3200
0043,12:10,730,-3200
0043,12:15,735,-3200
0043,12:20,740,-3200
0043,12:25,745,-3200
0043,12:30,750,-4444
0043,12:35,755,-4444
0043,12:40,760,-4444
0043,12:45,765,-4444
0043,12:50,770,-4267
0043,12:55,775,-4267
0043,13:00,780,-4267
0043,13:05,785,-4978
0043,13:10,790,-4978
0043,13:15,795,-4978
0043,13:20,800,-4978
0043,13:25,805,-5333
0043,13:30,810,-5333
0043,13:35,815,-5333
0043,13:40,820,-5333
0043,13:45,825,-5333
0043,13:50,830,-5333
0043,13:55,835,-5333
0043,14:00,840,-5333
0043,14:05,845,-5333
0043,14:10,850,-5333
0043,14:15,855,-5333
0043,14:20,860,-5333
0043,14:25,865,-5333
0043,14:30,870,-6578
0043,14:35,875,-6578
0043,14:40,880,-6578
0043,14:45,885,-8000
0043,14:50,890,-8000
0043,14:55,895,-8000
0043,15:00,900,-8000
0043,15:05,905,-8000
0043,15:10,910,-8889
0043,15:15,915,-8889
0043,15:20,920,-8889
0043,15:25,925,-8889
0043,15:30,930,-10133
0043,15:35,935,-10133
0043,15:40,940,-10133
0043,15:45,945,-11378
0043,15:50,950,-11378
0043,15:55,955,-11378
0043,16:00,960,-11378
0043,16:05,965,-11378
0043,16:10,970,-11911
0043,16:15,975,-11911
0043,16:20,980,-11911
0043,16:25,985,-11911
0043,16:30,990,-12978
0043,16:35,995,-12978
0043,16:40,1000,-12978
0043,16:45,1005,-12978
0043,16:50,1010,-10667
0043,16:55,1015,-10667
0043,17:00,1020,-10667
0043,17:05,1025,-9778
0043,17:10,1030,-9778
0043,17:15,1035,-9778
0043,17:20,1040,-9778
0043,17:25,1045,-9778
0043,17:30,1050,-11556
0043,17:35,1055,-11556
0043,17:40,1060,-11556
0043,17:45,1065,-11556
0043,17:50,1070,-13156
0043,17:55,1075,-13156
0043,18:00,1080,-13156
0043,18:05,1085,-13156
0043,18:10,1090,-13689
0043,18:15,1095,-13689
0043,18:20,1100,-13689
0043,18:25,1105,-14222
0043,18:30,1110,-14222
0043,18:35,1115,-14222
0043,18:40,1120,-14222
0043,18:45,1125,-14222
0043,18:50,1130,-15289
0043,18:55,1135,-15289
0043,19:00,1140,-15289
0043,19:05,1145,-15289
0043,19:10,1150,-15289
0043,19:15,1155,-15289
0043,19:20,1160,-15289
0043,19:25,1165,-15289
0043,19:30,1170,-15289
0043,19:35,1175,-15289
0043,19:40,1180,-15289
0043,19:45,1185,-15289
0043,19:50,1190,-15289
0043,19:55,1195,-15289
0043,20:00,1200,-15289
0043,20:05,1205,-15289
0043,20:10,1210,-15289
0043,20:15,1215,-15289
0043,20:20,1220,-15289
0043,20:25,1225,-15289
0043,20:30,1230,-16711
0043,20:35,1235,-16711
0043,20:40,1240,-16711
0043,20:45,1245,-18133
0043,20:50,1250,-18133
0043,20:55,1255,-18133
0043,21:00,1260,-18133
0043,21:05,1265,-18133
0043,21:10,1270,-19378
0043,21:15,1275,-19378
0043,21:20,1280,-19378
0043,21:25,1285,-19378
0043,21:30,1290,-19733
0043,21:35,1295,-19733
0043,21:40,1300,-19733
0043,21:45,1305,-19733
0043,21:50,1310,-19733
0043,21:55,1315,-19733
0043,22:00,1320,-19733
0043,22:05,1325,-19733
0043,22:10,1330,-19733
0043,22:15,1335,-19733
0043,22:20,1340,-19733
0043,22:25,1345,-19733
0043,22:30,1350,-19733
0043,22:35,1355,-19733
0043,22:40,1360,-19733
0043,22:45,1365,-19733
0043,22:50,1370,-19733
0043,22:55,1375,-19733
0043,23:00,1380,-19733
0043,23:05,1385,-19733
0043,23:10,1390,-19733
0043,23:15,1395,-19733
0043,23:16,1396,-19733
0043,23:20,1400,-19733
0044,09:00,540,0
0044,09:05,545,0
0044,09:10,550,0
0044,09:15,555,0
0044,09:20,560,0
0044,09:25,565,0
0044,09:30,570,0
0044,09:35,575,0
0044,09:40,580,0
0044,09:45,585,0
0044,09:50,590,0
0044,09:55,595,0
0044,10:00,600,0
0044,10:05,605,0
0044,10:10,610,0
0044,10:15,615,0
0044,10:20,620,0
0044,10:25,625,0
0044,10:30,630,0
0044,10:35,635,0
0044,10:40,640,0
0044,10:45,645,0
0044,10:50,650,0
0044,10:55,655,0
0044,11:00,660,0
0044,11:05,665,0
0044,11:10,670,0
0044,11:15,675,0
0044,11:20,680,0
0044,11:25,685,0
0044,11:30,690,-711
0044,11:35,695,-711
0044,11:40,700,-711
0044,11:45,705,4483
0044,11:50,710,4483
0044,11:55,715,4483
0044,12:00,720,4483
0044,12:05,725,3276
0044,12:10,730,3276
0044,12:15,735,3276
0044,12:20,740,3276
0044,12:25,745,3276
0044,12:30,750,3448
0044,12:35,755,3448
0044,12:40,760,3448
0044,12:45,765,3448
0044,12:50,770,2586
0044,12:55,775,2586
0044,13:00,780,2586
0044,13:05,785,2414
0044,13:10,790,2414
0044,13:15,795,2414
0044,13:20,800,2414
0044,13:25,805,862
0044,13:30,810,862
0044,13:35,815,862
0044,13:40,820,862
0044,13:45,825,862
0044,13:50,830,172
0044,13:55,835,172
0044,14:00,840,172
0044,14:05,845,172
0044,14:10,850,172
0044,14:15,855,172
0044,14:20,860,172
0044,14:25,865,172
0044,14:30,870,-356
0044,14:35,875,-356
0044,14:40,880,-356
0044,14:45,885,-711
0044,14:50,890,-711
0044,14:55,895,-711
0044,15:00,900,-711
0044,15:05,905,-711
0044,15:10,910,-1778
0044,15:15,915,-1778
0044,15:20,920,-1778
0044,15:25,925,-1778
0044,15:30,930,-2667
0044,15:35,935,-2667
0044,15:40,940,-2667
0044,15:45,945,2759
0044,15:50,950,2759
0044,15:55,955,2759
0044,16:00,960,2759
0044,16:05,965,2759
0044,16:10,970,3448
0044,16:15,975,3448
0044,16:20,980,3448
0044,16:25,985,3448
0044,16:30,990,3621
0044,16:35,995,3621
0044,16:40,1000,3621
0044,16:45,1005,3621
0044,16:50,1010,2241
0044,16:55,1015,2241
0044,17:00,1020,2241
0044,17:05,1025,3103
0044,17:10,1030,3103
0044,17:15,1035,3103
0044,17:20,1040,3103
0044,17:25,1045,3103
0044,17:30,1050,1724
0044,17:35,1055,1724
0044,17:40,1060,1724
0044,17:45,1065,1724
0044,17:50,1070,3621
0044,17:55,1075,3621
0044,18:00,1080,3621
0044,18:05,1085,3621
0044,18:10,1090,2759
0044,18:15,1095,2759
0044,18:20,1100,2759
0044,18:25,1105,2759
0044,18:30,1110,2759
0044,18:35,1115,2759
0044,18:40,1120,2759
0044,18:45,1125,2759
0044,18:50,1130,12069
0044,18:55,1135,12069
0044,19:00,1140,12069
0044,19:05,1145,12069
0044,19:10,1150,12931
0044,19:15,1155,12931
0044,19:20,1160,12931
0044,19:25,1165,18103
0044,19:30,1170,18103
0044,19:35,1175,18103
0044,19:40,1180,18103
0044,19:45,1185,17759
0044,19:50,1190,17759
0044,19:55,1195,17759
0044,20:00,1200,17759
0044,20:05,1205,17759
0044,20:10,1210,17759
0044,20:15,1215,17759
0044,20:20,1220,17759
0044,20:25,1225,17759
0044,20:30,1230,17759
0044,20:35,1235,17759
0044,20:40,1240,17759
0044,20:45,1245,17759
0044,20:50,1250,17759
0044,20:55,1255,17759
0044,21:00,1260,17759
0044,21:05,1265,17759
0044,21:10,1270,17759
0044,21:15,1275,17759
0044,21:20,1280,17759
0044,21:25,1285,17759
0044,21:30,1290,17586
0044,21:35,1295,17586
0044,21:40,1300,17586
0044,21:45,1305,17414
0044,21:50,1310,17414
0044,21:55,1315,17414
0044,22:00,1320,17414
0044,22:05,1325,17414
0044,22:10,1330,17414
0044,22:15,1335,17414
0044,22:20,1340,17414
0044,22:25,1345,17414
0044,22:30,1350,17414
0044,22:35,1355,17414
0044,22:40,1360,17414
0044,22:45,1365,17414
0044,22:50,1370,17414
0044,22:55,1375,17414
0044,23:00,1380,17414
0044,23:05,1385,17414
0044,23:10,1390,17414
0044,23:15,1395,17414
0044,23:16,1396,17414
0044,23:20,1400,17414
0045,09:00,540,0
0045,09:05,545,0
0045,09:10,550,0
0045,09:15,555,0
0045,09:20,560,0
0045,09:25,565,0
0045,09:30,570,0
0045,09:35,575,0
0045,09:40,580,0
0045,09:45,585,0
0045,09:50,590,0
0045,09:55,595,0
0045,10:00,600,0
0045,10:05,605,0
0045,10:10,610,0
0045,10:15,615,0
0045,10:20,620,0
0045,10:25,625,0
0045,10:30,630,0
0045,10:35,635,0
0045,10:40,640,0
0045,10:45,645,0
0045,10:50,650,0
0045,10:55,655,0
0045,11:00,660,-533
0045,11:05,665,-533
0045,11:10,670,-533
0045,11:15,675,-533
0045,11:20,680,-533
0045,11:25,685,-533
0045,11:30,690,-533
0045,11:35,695,-533
0045,11:40,700,-533
0045,11:45,705,-533
0045,11:50,710,-533
0045,11:55,715,-533
0045,12:00,720,-533
0045,12:05,725,-533
0045,12:10,730,-533
0045,12:15,735,-533
0045,12:20,740,-533
0045,12:25,745,-533
0045,12:30,750,-533
0045,12:35,755,-533
0045,12:40,760,-533
0045,12:45,765,-533
0045,12:50,770,-533
0045,12:55,775,-533
0045,13:00,780,-533
0045,13:05,785,-533
0045,13:10,790,-533
0045,13:15,795,-533
0045,13:20,800,-533
0045,13:25,805,-533
0045,13:30,810,-533
0045,13:35,815,-533
0045,13:40,820,-533
0045,13:45,825,-533
0045,13:50,830,-533
0045,13:55,835,-533
0045,14:00,840,-533
0045,14:05,845,-533
0045,14:10,850,-533
0045,14:15,855,-533
0045,14:20,860,-533
0045,14:25,865,-533
0045,14:30,870,-1244
0045,14:35,875,-1244
0045,14:40,880,-1244
0045,14:45,885,-889
0045,14:50,890,-889
0045,14:55,895,-889
0045,15:00,900,-889
0045,15:05,905,-889
0045,15:10,910,-2133
0045,15:15,915,-2133
0045,15:20,920,-2133
0045,15:25,925,-2133
0045,15:30,930,3276
0045,15:35,935,3276
0045,15:40,940,3276
0045,15:45,945,5517
0045,15:50,950,5517
0045,15:55,955,5517
0045,16:00,960,5517
0045,16:05,965,5517
0045,16:10,970,4310
0045,16:15,975,4310
0045,16:20,980,4310
0045,16:25,985,4310
0045,16:30,990,2586
0045,16:35,995,2586
0045,16:40,1000,2586
0045,16:45,1005,2586
0045,16:50,1010,5000
0045,16:55,1015,5000
0045,17:00,1020,5000
0045,17:05,1025,3966
0045,17:10,1030,3966
0045,17:15,1035,3966
0045,17:20,1040,3966
0045,17:25,1045,3966
0045,17:30,1050,11034
0045,17:35,1055,11034
0045,17:40,1060,11034
0045,17:45,1065,11034
0045,17:50,1070,12586
0045,17:55,1075,12586
0045,18:00,1080,12586
0045,18:05,1085,12586
0045,18:10,1090,11897
0045,18:15,1095,11897
0045,18:20,1100,11897
0045,18:25,1105,10172
0045,18:30,1110,10172
0045,18:35,1115,10172
0045,18:40,1120,10172
0045,18:45,1125,10172
0045,18:50,1130,8621
0045,18:55,1135,8621
0045,19:00,1140,8621
0045,19:05,1145,8621
0045,19:10,1150,7586
0045,19:15,1155,7586
0045,19:20,1160,7586
0045,19:25,1165,7586
0045,19:30,1170,7586
0045,19:35,1175,7586
0045,19:40,1180,7586
0045,19:45,1185,7586
0045,19:50,1190,7586
0045,19:55,1195,7586
0045,20:00,1200,7586
0045,20:05,1205,7586
0045,20:10,1210,7414
0045,20:15,1215,7414
0045,20:20,1220,7414
0045,20:25,1225,7414
0045,20:30,1230,7414
0045,20:35,1235,7414
0045,20:40,1240,7414
0045,20:45,1245,7414
0045,20:50,1250,7414
0045,20:55,1255,7414
0045,21:00,1260,7414
0045,21:05,1265,7414
0045,21:10,1270,7069
0045,21:15,1275,7069
0045,21:20,1280,7069
0045,21:25,1285,7069
0045,21:30,1290,6207
0045,21:35,1295,6207
0045,21:40,1300,6207
0045,21:45,1305,6207
0045,21:50,1310,6207
0045,21:55,1315,6207
0045,22:00,1320,6207
0045,22:05,1325,6207
0045,22:10,1330,6207
0045,22:15,1335,6207
0045,22:20,1340,6207
0045,22:25,1345,6207
0045,22:30,1350,6207
0045,22:35,1355,6207
0045,22:40,1360,6207
0045,22:45,1365,6207
0045,22:50,1370,6207
0045,22:55,1375,6207
0045,23:00,1380,6207
0045,23:05,1385,6207
0045,23:10,1390,6207
0045,23:15,1395,6207
0045,23:16,1396,6207
0045,23:20,1400,6207
0046,09:00,540,0
0046,09:05,545,0
0046,09:10,550,0
0046,09:15,555,0
0046,09:20,560,0
0046,09:25,565,0
0046,09:30,570,0
0046,09:35,575,0
0046,09:40,580,0
0046,09:45,585,0
0046,09:50,590,0
0046,09:55,595,0
0046,10:00,600,0
0046,10:05,605,0
0046,10:10,610,0
0046,10:15,615,0
0046,10:20,620,0
0046,10:25,625,0
0046,10:30,630,0
0046,10:35,635,0
0046,10:40,640,0
0046,10:45,645,0
0046,10:50,650,0
0046,10:55,655,0
0046,11:00,660,0
0046,11:05,665,0
0046,11:10,670,0
0046,11:15,675,0
0046,11:20,680,0
0046,11:25,685,0
0046,11:30,690,-889
0046,11:35,695,-889
0046,11:40,700,-889
0046,11:45,705,-1244
0046,11:50,710,-1244
0046,11:55,715,-1244
0046,12:00,720,-1244
0046,12:05,725,-1244
0046,12:10,730,-1244
0046,12:15,735,-1244
0046,12:20,740,-1244
0046,12:25,745,-1244
0046,12:30,750,-1511
0046,12:35,755,-1511
0046,12:40,760,-1511
0046,12:45,765,-1511
0046,12:50,770,-2222
0046,12:55,775,-2222
0046,13:00,780,-2222
0046,13:05,785,-2489
0046,13:10,790,-2489
0046,13:15,795,-2489
0046,13:20,800,-2489
0046,13:25,805,-3733
0046,13:30,810,-3733
0046,13:35,815,-3733
0046,13:40,820,-3733
0046,13:45,825,-3733
0046,13:50,830,-4444
0046,13:55,835,-4444
0046,14:00,840,-4444
0046,14:05,845,-4444
0046,14:10,850,-5600
0046,14:15,855,-5600
0046,14:20,860,-5600
0046,14:25,865,-5600
0046,14:30,870,-6667
0046,14:35,875,-6667
0046,14:40,880,-6667
0046,14:45,885,-6667
0046,14:50,890,-6667
0046,14:55,895,-6667
0046,15:00,900,-6667
0046,15:05,905,-6667
0046,15:10,910,-7644
0046,15:15,915,-7644
0046,15:20,920,-7644
0046,15:25,925,-7644
0046,15:30,930,-5778
0046,15:35,935,-5778
0046,15:40,940,-5778
0046,15:45,945,-4000
0046,15:50,950,-4000
0046,15:55,955,-4000
0046,16:00,960,-4000
0046,16:05,965,-4000
0046,16:10,970,-178
0046,16:15,975,-178
0046,16:20,980,-178
0046,16:25,985,-178
0046,16:30,990,3621
0046,16:35,995,3621
0046,16:40,1000,3621
0046,16:45,1005,3621
0046,16:50,1010,2759
0046,16:55,1015,2759
0046,17:00,1020,2759
0046,17:05,1025,1552
0046,17:10,1030,1552
0046,17:15,1035,1552
0046,17:20,1040,1552
0046,17:25,1045,1552
0046,17:30,1050,0
0046,17:35,1055,0
0046,17:40,1060,0
0046,17:45,1065,0
0046,17:50,1070,-1156
0046,17:55,1075,-1156
0046,18:00,1080,-1156
0046,18:05,1085,-1156
0046,18:10,1090,-2489
0046,18:15,1095,-2489
0046,18:20,1100,-2489
0046,18:25,1105,-978
0046,18:30,1110,-978
0046,18:35,1115,-978
0046,18:40,1120,-978
0046,18:45,1125,-978
0046,18:50,1130,4397
0046,18:55,1135,4397
0046,19:00,1140,4397
0046,19:05,1145,4397
0046,19:10,1150,6897
0046,19:15,1155,6897
0046,19:20,1160,6897
0046,19:25,1165,6552
0046,19:30,1170,6552
0046,19:35,1175,6552
0046,19:40,1180,6552
0046,19:45,1185,6379
0046,19:50,1190,6379
0046,19:55,1195,6379
0046,20:00,1200,6379
0046,20:05,1205,6379
0046,20:10,1210,6207
0046,20:15,1215,6207
0046,20:20,1220,6207
0046,20:25,1225,6207
0046,20:30,1230,6207
0046,20:35,1235,6207
0046,20:40,1240,6207
0046,20:45,1245,6207
0046,20:50,1250,6207
0046,20:55,1255,6207
0046,21:00,1260,6207
0046,21:05,1265,6207
0046,21:10,1270,6034
0046,21:15,1275,6034
0046,21:20,1280,6034
0046,21:25,1285,6034
0046,21:30,1290,6034
0046,21:35,1295,6034
0046,21:40,1300,6034
0046,21:45,1305,6034
0046,21:50,1310,6034
0046,21:55,1315,6034
0046,22:00,1320,6034
0046,22:05,1325,6034
0046,22:10,1330,6034
0046,22:15,1335,6034
0046,22:20,1340,6034
0046,22:25,1345,6034
0046,22:30,1350,6034
0046,22:35,1355,6034
0046,22:40,1360,6034
0046,22:45,1365,6034
0046,22:50,1370,6034
0046,22:55,1375,6034
0046,23:00,1380,6034
0046,23:05,1385,6034
0046,23:10,1390,6034
0046,23:15,1395,6034
0046,23:16,1396,6034
0046,23:20,1400,6034
0047,09:00,540,0
0047,09:05,545,0
0047,09:10,550,0
0047,09:15,555,0
0047,09:20,560,0
0047,09:25,565,0
0047,09:30,570,0
0047,09:35,575,0
0047,09:40,580,0
0047,09:45,585,0
0047,09:50,590,0
0047,09:55,595,0
0047,10:00,600,0
0047,10:05,605,0
0047,10:10,610,0
0047,10:15,615,0
0047,10:20,620,0
0047,10:25,625,-711
0047,10:30,630,-711
0047,10:35,635,-711
0047,10:40,640,345
0047,10:45,645,345
0047,10:50,650,345
0047,10:55,655,345
0047,11:00,660,-711
0047,11:05,665,-711
0047,11:10,670,-1244
0047,11:15,675,-1244
0047,11:20,680,-1244
0047,11:25,685,-1244
0047,11:30,690,-2311
0047,11:35,695,-2311
0047,11:40,700,-2311
0047,11:45,705,-3556
0047,11:50,710,-3556
0047,11:55,715,-3556
0047,12:00,720,-3556
0047,12:05,725,-2844
0047,12:10,730,-2844
0047,12:15,735,-2844
0047,12:20,740,-2844
0047,12:25,745,-2844
0047,12:30,750,-178
0047,12:35,755,-178
0047,12:40,760,-178
0047,12:45,765,-178
0047,12:50,770,862
0047,12:55,775,862
0047,13:00,780,862
0047,13:05,785,862
0047,13:10,790,862
0047,13:15,795,862
0047,13:20,800,862
0047,13:25,805,862
0047,13:30,810,862
0047,13:35,815,862
0047,13:40,820,862
0047,13:45,825,862
0047,13:50,830,-178
0047,13:55,835,-178
0047,14:00,840,-178
0047,14:05,845,-178
0047,14:10,850,-889
0047,14:15,855,-889
0047,14:20,860,-889
0047,14:25,865,-889
0047,14:30,870,-1956
0047,14:35,875,-1956
0047,14:40,880,-1956
0047,14:45,885,-1067
0047,14:50,890,-1067
0047,14:55,895,-1067
0047,15:00,900,-1067
0047,15:05,905,-1067
0047,15:10,910,-2133
0047,15:15,915,-2133
0047,15:20,920,-2133
0047,15:25,925,-2133
0047,15:30,930,-3200
0047,15:35,935,-3200
0047,15:40,940,-3200
0047,15:45,945,-4267
0047,15:50,950,-4267
0047,15:55,955,-4267
0047,16:00,960,-4267
0047,16:05,965,-4267
0047,16:10,970,-1956
0047,16:15,975,-1956
0047,16:20,980,-1956
0047,16:25,985,-1956
0047,16:30,990,3448
0047,16:35,995,3448
0047,16:40,1000,3448
0047,16:45,1005,3448
0047,16:50,1010,3621
0047,16:55,1015,3621
0047,17:00,1020,3621
0047,17:05,1025,2759
0047,17:10,1030,2759
0047,17:15,1035,2759
0047,17:20,1040,2759
0047,17:25,1045,2759
0047,17:30,1050,2069
0047,17:35,1055,2069
0047,17:40,1060,2069
0047,17:45,1065,2069
0047,17:50,1070,1724
0047,17:55,1075,1724
0047,18:00,1080,1724
0047,18:05,1085,1724
0047,18:10,1090,4310
0047,18:15,1095,4310
0047,18:20,1100,4310
0047,18:25,1105,11897
0047,18:30,1110,11897
0047,18:35,1115,11897
0047,18:40,1120,11897
0047,18:45,1125,11897
0047,18:50,1130,14310
0047,18:55,1135,14310
0047,19:00,1140,14310
0047,19:05,1145,14310
0047,19:10,1150,13103
0047,19:15,1155,13103
0047,19:20,1160,13103
0047,19:25,1165,11724
0047,19:30,1170,11724
0047,19:35,1175,11724
0047,19:40,1180,11724
0047,19:45,1185,11724
0047,19:50,1190,11724
0047,19:55,1195,11724
0047,20:00,1200,11724
0047,20:05,1205,11724
0047,20:10,1210,11552
0047,20:15,1215,11552
0047,20:20,1220,11552
0047,20:25,1225,11552
0047,20:30,1230,10862
0047,20:35,1235,10862
0047,20:40,1240,10862
0047,20:45,1245,10862
0047,20:50,1250,10862
0047,20:55,1255,10862
0047,21:00,1260,10862
0047,21:05,1265,10862
0047,21:10,1270,10517
0047,21:15,1275,10517
0047,21:20,1280,10517
0047,21:25,1285,10517
0047,21:30,1290,11207
0047,21:35,1295,11207
0047,21:40,1300,11207
0047,21:45,1305,14138
0047,21:50,1310,14138
0047,21:55,1315,14138
0047,22:00,1320,14138
0047,22:05,1325,13966
0047,22:10,1330,13966
0047,22:15,1335,13966
0047,22:20,1340,13966
0047,22:25,1345,13966
0047,22:30,1350,17069
0047,22:35,1355,17069
0047,22:40,1360,17069
0047,22:45,1365,17069
0047,22:50,1370,17069
0047,22:55,1375,17069
0047,23:00,1380,17069
0047,23:05,1385,17069
0047,23:10,1390,17069
0047,23:15,1395,17069
0047,23:16,1396,17069
0047,23:20,1400,17069
0048,09:00,540,0
0048,09:05,545,0
0048,09:10,550,0
0048,09:15,555,0
0048,09:20,560,0
0048,09:25,565,0
0048,09:30,570,0
0048,09:35,575,0
0048,09:40,580,0
0048,09:45,585,0
0048,09:50,590,0
0048,09:55,595,0
0048,10:00,600,0
0048,10:05,605,0
0048,10:10,610,-178
0048,10:15,615,-178
0048,10:20,620,-178
0048,10:25,625,3966
0048,10:30,630,3966
0048,10:35,635,3966
0048,10:40,640,5000
0048,10:45,645,5000
0048,10:50,650,5000
0048,10:55,655,5000
0048,11:00,660,4138
0048,11:05,665,4138
0048,11:10,670,3621
0048,11:15,675,3621
0048,11:20,680,3621
0048,11:25,685,3621
0048,11:30,690,2069
0048,11:35,695,2069
0048,11:40,700,2069
0048,11:45,705,862
0048,11:50,710,862
0048,11:55,715,862
0048,12:00,720,862
0048,12:05,725,172
0048,12:10,730,172
0048,12:15,735,172
0048,12:20,740,172
0048,12:25,745,172
0048,12:30,750,-1067
0048,12:35,755,-1067
0048,12:40,760,-1067
0048,12:45,765,-1067
0048,12:50,770,-2311
0048,12:55,775,-2311
0048,13:00,780,-2311
0048,13:05,785,1897
0048,13:10,790,1897
0048,13:15,795,1897
0048,13:20,800,1897
0048,13:25,805,690
0048,13:30,810,690
0048,13:35,815,690
0048,13:40,820,690
0048,13:45,825,690
0048,13:50,830,-178
0048,13:55,835,-178
0048,14:00,840,-178
0048,14:05,845,-178
0048,14:10,850,-1067
0048,14:15,855,-1067
0048,14:20,860,-1067
0048,14:25,865,-1067
0048,14:30,870,-2489
0048,14:35,875,-2489
0048,14:40,880,-2489
0048,14:45,885,1379
0048,14:50,890,1379
0048,14:55,895,1379
0048,15:00,900,1379
0048,15:05,905,1379
0048,15:10,910,7069
0048,15:15,915,7069
0048,15:20,920,7069
0048,15:25,925,7069
0048,15:30,930,9310
0048,15:35,935,9310
0048,15:40,940,9310
0048,15:45,945,10172
0048,15:50,950,10172
0048,15:55,955,10172
0048,16:00,960,10172
0048,16:05,965,10172
0048,16:10,970,12759
0048,16:15,975,12759
0048,16:20,980,12759
0048,16:25,985,12759
0048,16:30,990,11724
0048,16:35,995,11724
0048,16:40,1000,11724
0048,16:45,1005,11724
0048,16:50,1010,10517
0048,16:55,1015,10517
0048,17:00,1020,10517
0048,17:05,1025,9828
0048,17:10,1030,9828
0048,17:15,1035,9828
0048,17:20,1040,9828
0048,17:25,1045,9828
0048,17:30,1050,8448
0048,17:35,1055,8448
0048,17:40,1060,8448
0048,17:45,1065,8448
0048,17:50,1070,7069
0048,17:55,1075,7069
0048,18:00,1080,7069
0048,18:05,1085,7069
0048,18:10,1090,6379
0048,18:15,1095,6379
0048,18:20,1100,6379
0048,18:25,1105,8966
0048,18:30,1110,8966
0048,18:35,1115,8966
0048,18:40,1120,8966
0048,18:45,1125,8966
0048,18:50,1130,15690
0048,18:55,1135,15690
0048,19:00,1140,15690
0048,19:05,1145,15690
0048,19:10,1150,19655
0048,19:15,1155,19655
0048,19:20,1160,19655
0048,19:25,1165,19655
0048,19:30,1170,19655
0048,19:35,1175,19655
0048,19:40,1180,19655
0048,19:45,1185,19483
0048,19:50,1190,19483
0048,19:55,1195,19483
0048,20:00,1200,19483
0048,20:05,1205,19483
0048,20:10,1210,19483
0048,20:15,1215,19483
0048,20:20,1220,19483
0048,20:25,1225,19483
0048,20:30,1230,19483
0048,20:35,1235,19483
0048,20:40,1240,19483
0048,20:45,1245,19483
0048,20:50,1250,19483
0048,20:55,1255,19483
0048,21:00,1260,19483
0048,21:05,1265,19483
0048,21:10,1270,19483
0048,21:15,1275,19483
0048,21:20,1280,19483
0048,21:25,1285,19483
0048,21:30,1290,19483
0048,21:35,1295,19483
0048,21:40,1300,19483
0048,21:45,1305,19483
0048,21:50,1310,19483
0048,21:55,1315,19483
0048,22:00,1320,19483
0048,22:05,1325,19483
0048,22:10,1330,19483
0048,22:15,1335,19483
0048,22:20,1340,19483
0048,22:25,1345,19483
0048,22:30,1350,19483
0048,22:35,1355,19483
0048,22:40,1360,19483
0048,22:45,1365,19483
0048,22:50,1370,19483
0048,22:55,1375,19483
0048,23:00,1380,19483
0048,23:05,1385,19483
0048,23:10,1390,19483
0048,23:15,1395,19483
0048,23:16,1396,19483
0048,23:20,1400,19483
0049,09:00,540,0
0049,09:05,545,0
0049,09:10,550,0
0049,09:15,555,0
0049,09:20,560,0
0049,09:25,565,0
0049,09:30,570,0
0049,09:35,575,0
0049,09:40,580,0
0049,09:45,585,0
0049,09:50,590,0
0049,09:55,595,0
0049,10:00,600,0
0049,10:05,605,0
0049,10:10,610,0
0049,10:15,615,0
0049,10:20,620,0
0049,10:25,625,0
0049,10:30,630,0
0049,10:35,635,0
0049,10:40,640,0
0049,10:45,645,0
0049,10:50,650,0
0049,10:55,655,0
0049,11:00,660,0
0049,11:05,665,0
0049,11:10,670,0
0049,11:15,675,0
0049,11:20,680,0
0049,11:25,685,0
0049,11:30,690,-1600
0049,11:35,695,-1600
0049,11:40,700,-1600
0049,11:45,705,-3022
0049,11:50,710,-3022
0049,11:55,715,-3022
0049,12:00,720,-3022
0049,12:05,725,-3911
0049,12:10,730,-3911
0049,12:15,735,-3911
0049,12:20,740,-3911
0049,12:25,745,-3911
0049,12:30,750,-1956
0049,12:35,755,-1956
0049,12:40,760,-1956
0049,12:45,765,-1956
0049,12:50,770,-1600
0049,12:55,775,-1600
0049,13:00,780,-1600
0049,13:05,785,-2844
0049,13:10,790,-2844
0049,13:15,795,-2844
0049,13:20,800,-2844
0049,13:25,805,-4089
0049,13:30,810,-4089
0049,13:35,815,-4089
0049,13:40,820,-4089
0049,13:45,825,-4089
0049,13:50,830,-4800
0049,13:55,835,-4800
0049,14:00,840,-4800
0049,14:05,845,-4800
0049,14:10,850,-5511
0049,14:15,855,-5511
0049,14:20,860,-5511
0049,14:25,865,-5511
0049,14:30,870,-6933
0049,14:35,875,-6933
0049,14:40,880,-6933
0049,14:45,885,-6400
0049,14:50,890,-6400
0049,14:55,895,-6400
0049,15:00,900,-6400
0049,15:05,905,-6400
0049,15:10,910,-6756
0049,15:15,915,-6756
0049,15:20,920,-6756
0049,15:25,925,-6756
0049,15:30,930,-8533
0049,15:35,935,-8533
0049,15:40,940,-8533
0049,15:45,945,-9422
0049,15:50,950,-9422
0049,15:55,955,-9422
0049,16:00,960,-9422
0049,16:05,965,-9422
0049,16:10,970,-6933
0049,16:15,975,-6933
0049,16:20,980,-6933
0049,16:25,985,-6933
0049,16:30,990,-8178
0049,16:35,995,-8178
0049,16:40,1000,-8178
0049,16:45,1005,-8178
0049,16:50,1010,-8000
0049,16:55,1015,-8000
0049,17:00,1020,-8000
0049,17:05,1025,-8356
0049,17:10,1030,-8356
0049,17:15,1035,-8356
0049,17:20,1040,-8356
0049,17:25,1045,-8356
0049,17:30,1050,-8356
0049,17:35,1055,-8356
0049,17:40,1060,-8356
0049,17:45,1065,-8356
0049,17:50,1070,-8356
0049,17:55,1075,-8356
0049,18:00,1080,-8356
0049,18:05,1085,-8356
0049,18:10,1090,-8356
0049,18:15,1095,-8356
0049,18:20,1100,-8356
0049,18:25,1105,-8356
0049,18:30,1110,-8356
0049,18:35,1115,-8356
0049,18:40,1120,-8356
0049,18:45,1125,-8356
0049,18:50,1130,-9422
0049,18:55,1135,-9422
0049,19:00,1140,-9422
0049,19:05,1145,-9422
0049,19:10,1150,-10311
0049,19:15,1155,-10311
0049,19:20,1160,-10311
0049,19:25,1165,-10489
0049,19:30,1170,-10489
0049,19:35,1175,-10489
0049,19:40,1180,-10489
0049,19:45,1185,-11733
0049,19:50,1190,-11733
0049,19:55,1195,-11733
0049,20:00,1200,-11733
0049,20:05,1205,-11733
0049,20:10,1210,-7111
0049,20:15,1215,-7111
0049,20:20,1220,-7111
0049,20:25,1225,-7111
0049,20:30,1230,-889
0049,20:35,1235,-889
0049,20:40,1240,-889
0049,20:45,1245,-889
0049,20:50,1250,-889
0049,20:55,1255,-889
0049,21:00,1260,-889
0049,21:05,1265,-889
0049,21:10,1270,-1422
0049,21:15,1275,-1422
0049,21:20,1280,-1422
0049,21:25,1285,-1422
0049,21:30,1290,-1422
0049,21:35,1295,-1422
0049,21:40,1300,-1422
0049,21:45,1305,-889
0049,21:50,1310,-889
0049,21:55,1315,-889
0049,22:00,1320,-889
0049,22:05,1325,-889
0049,22:10,1330,-889
0049,22:15,1335,-889
0049,22:20,1340,-889
0049,22:25,1345,-889
0049,22:30,1350,-889
0049,22:35,1355,-889
0049,22:40,1360,-889
0049,22:45,1365,-889
0049,22:50,1370,-889
0049,22:55,1375,-889
0049,23:00,1380,-889
0049,23:05,1385,-889
0049,23:10,1390,-889
0049,23:15,1395,-889
0049,23:16,1396,-889
0049,23:20,1400,-889
0050,09:00,540,0
0050,09:05,545,0
0050,09:10,550,0
0050,09:15,555,0
0050,09:20,560,0
0050,09:25,565,0
0050,09:30,570,0
0050,09:35,575,0
0050,09:40,580,0
0050,09:45,585,0
0050,09:50,590,0
0050,09:55,595,0
0050,10:00,600,0
0050,10:05,605,0
0050,10:10,610,0
0050,10:15,615,0
0050,10:20,620,0
0050,10:25,625,0
0050,10:30,630,0
0050,10:35,635,0
0050,10:40,640,0
0050,10:45,645,0
0050,10:50,650,0
0050,10:55,655,0
0050,11:00,660,0
0050,11:05,665,0
0050,11:10,670,-178
0050,11:15,675,-178
0050,11:20,680,-178
0050,11:25,685,-178
0050,11:30,690,259
0050,11:35,695,259
0050,11:40,700,259
0050,11:45,705,-89
0050,11:50,710,-89
0050,11:55,715,-89
0050,12:00,720,-89
0050,12:05,725,-89
0050,12:10,730,-89
0050,12:15,735,-89
0050,12:20,740,-89
0050,12:25,745,-89
0050,12:30,750,-89
0050,12:35,755,-89
0050,12:40,760,-89
0050,12:45,765,-89
0050,12:50,770,431
0050,12:55,775,431
0050,13:00,780,431
0050,13:05,785,-800
0050,13:10,790,-800
0050,13:15,795,-800
0050,13:20,800,-800
0050,13:25,805,-1067
0050,13:30,810,-1067
0050,13:35,815,-1067
0050,13:40,820,-1067
0050,13:45,825,-1067
0050,13:50,830,1379
0050,13:55,835,1379
0050,14:00,840,1379
0050,14:05,845,1379
0050,14:10,850,517
0050,14:15,855,517
0050,14:20,860,517
0050,14:25,865,517
0050,14:30,870,1897
0050,14:35,875,1897
0050,14:40,880,1897
0050,14:45,885,4224
0050,14:50,890,4224
0050,14:55,895,4224
0050,15:00,900,4224
0050,15:05,905,4224
0050,15:10,910,3017
0050,15:15,915,3017
0050,15:20,920,3017
0050,15:25,925,3017
0050,15:30,930,1638
0050,15:35,935,1638
0050,15:40,940,1638
0050,15:45,945,172
0050,15:50,950,172
0050,15:55,955,172
0050,16:00,960,172
0050,16:05,965,172
0050,16:10,970,-1067
0050,16:15,975,-1067
0050,16:20,980,-1067
0050,16:25,985,-1067
0050,16:30,990,-2667
0050,16:35,995,-2667
0050,16:40,1000,-2667
0050,16:45,1005,-2667
0050,16:50,1010,2414
0050,16:55,1015,2414
0050,17:00,1020,2414
0050,17:05,1025,1552
0050,17:10,1030,1552
0050,17:15,1035,1552
0050,17:20,1040,1552
0050,17:25,1045,1552
0050,17:30,1050,603
0050,17:35,1055,603
0050,17:40,1060,603
0050,17:45,1065,603
0050,17:50,1070,-800
0050,17:55,1075,-800
0050,18:00,1080,-800
0050,18:05,1085,-800
0050,18:10,1090,-533
0050,18:15,1095,-533
0050,18:20,1100,-533
0050,18:25,1105,-1956
0050,18:30,1110,-1956
0050,18:35,1115,-1956
0050,18:40,1120,-1956
0050,18:45,1125,-1956
0050,18:50,1130,-3378
0050,18:55,1135,-3378
0050,19:00,1140,-3378
0050,19:05,1145,-3378
0050,19:10,1150,-4089
0050,19:15,1155,-4089
0050,19:20,1160,-4089
0050,19:25,1165,-1511
0050,19:30,1170,-1511
0050,19:35,1175,-1511
0050,19:40,1180,-1511
0050,19:45,1185,-1689
0050,19:50,1190,-1689
0050,19:55,1195,-1689
0050,20:00,1200,-1689
0050,20:05,1205,-1689
0050,20:10,1210,-2044
0050,20:15,1215,-2044
0050,20:20,1220,-2044
0050,20:25,1225,-2044
0050,20:30,1230,-2044
0050,20:35,1235,-2044
0050,20:40,1240,-2044
0050,20:45,1245,-2044
0050,20:50,1250,-2044
0050,20:55,1255,-2044
0050,21:00,1260,-2044
0050,21:05,1265,-2044
0050,21:10,1270,-2400
0050,21:15,1275,-2400
0050,21:20,1280,-2400
0050,21:25,1285,-2400
0050,21:30,1290,-2756
0050,21:35,1295,-2756
0050,21:40,1300,-2756
0050,21:45,1305,-2756
0050,21:50,1310,-2756
0050,21:55,1315,-2756
0050,22:00,1320,-2756
0050,22:05,1325,-2756
0050,22:10,1330,-2756
0050,22:15,1335,-2756
0050,22:20,1340,-2756
0050,22:25,1345,-2756
0050,22:30,1350,-2756
0050,22:35,1355,-2756
0050,22:40,1360,-2756
0050,22:45,1365,-2756
0050,22:50,1370,-2756
0050,22:55,1375,-2756
0050,23:00,1380,-2756
0050,23:05,1385,-2756
0050,23:10,1390,-2756
0050,23:15,1395,-2756
0050,23:16,1396,-2756
0050,23:20,1400,-2756
0051,09:00,540,0
0051,09:05,545,0
0051,09:10,550,0
0051,09:15,555,0
0051,09:20,560,0
0051,09:25,565,0
0051,09:30,570,0
0051,09:35,575,0
0051,09:40,580,0
0051,09:45,585,0
0051,09:50,590,0
0051,09:55,595,0
0051,10:00,600,0
0051,10:05,605,0
0051,10:10,610,0
0051,10:15,615,0
0051,10:20,620,0
0051,10:25,625,-889
0051,10:30,630,-889
0051,10:35,635,-889
0051,10:40,640,-1244
0051,10:45,645,-1244
0051,10:50,650,-1244
0051,10:55,655,-1244
0051,11:00,660,-1244
0051,11:05,665,-1244
0051,11:10,670,-1244
0051,11:15,675,-1244
0051,11:20,680,-1244
0051,11:25,685,-1244
0051,11:30,690,-2133
0051,11:35,695,-2133
0051,11:40,700,-2133
0051,11:45,705,-2844
0051,11:50,710,-2844
0051,11:55,715,-2844
0051,12:00,720,-2844
0051,12:05,725,-2844
0051,12:10,730,-2844
0051,12:15,735,-2844
0051,12:20,740,-2844
0051,12:25,745,-2844
0051,12:30,750,-3556
0051,12:35,755,-3556
0051,12:40,760,-3556
0051,12:45,765,-3556
0051,12:50,770,-2489
0051,12:55,775,-2489
0051,13:00,780,-2489
0051,13:05,785,345
0051,13:10,790,345
0051,13:15,795,345
0051,13:20,800,345
0051,13:25,805,-1244
0051,13:30,810,-1244
0051,13:35,815,-1244
0051,13:40,820,-1244
0051,13:45,825,-1244
0051,13:50,830,-2311
0051,13:55,835,-2311
0051,14:00,840,-2311
0051,14:05,845,-2311
0051,14:10,850,-3556
0051,14:15,855,-3556
0051,14:20,860,-3556
0051,14:25,865,-3556
0051,14:30,870,-3022
0051,14:35,875,-3022
0051,14:40,880,-3022
0051,14:45,885,-4089
0051,14:50,890,-4089
0051,14:55,895,-4089
0051,15:00,900,-4089
0051,15:05,905,-4089
0051,15:10,910,-5156
0051,15:15,915,-5156
0051,15:20,920,-5156
0051,15:25,925,-5156
0051,15:30,930,-6400
0051,15:35,935,-6400
0051,15:40,940,-6400
0051,15:45,945,-7467
0051,15:50,950,-7467
0051,15:55,955,-7467
0051,16:00,960,-7467
0051,16:05,965,-7467
0051,16:10,970,-8533
0051,16:15,975,-8533
0051,16:20,980,-8533
0051,16:25,985,-8533
0051,16:30,990,-9956
0051,16:35,995,-9956
0051,16:40,1000,-9956
0051,16:45,1005,-9956
0051,16:50,1010,-11378
0051,16:55,1015,-11378
0051,17:00,1020,-11378
0051,17:05,1025,-12444
0051,17:10,1030,-12444
0051,17:15,1035,-12444
0051,17:20,1040,-12444
0051,17:25,1045,-12444
0051,17:30,1050,-12978
0051,17:35,1055,-12978
0051,17:40,1060,-12978
0051,17:45,1065,-12978
0051,17:50,1070,-8711
0051,17:55,1075,-8711
0051,18:00,1080,-8711
0051,18:05,1085,-8711
0051,18:10,1090,-6756
0051,18:15,1095,-6756
0051,18:20,1100,-6756
0051,18:25,1105,-8178
0051,18:30,1110,-8178
0051,18:35,1115,-8178
0051,18:40,1120,-8178
0051,18:45,1125,-8178
0051,18:50,1130,-9244
0051,18:55,1135,-9244
0051,19:00,1140,-9244
0051,19:05,1145,-9244
0051,19:10,1150,-5333
0051,19:15,1155,-5333
0051,19:20,1160,-5333
0051,19:25,1165,0
0051,19:30,1170,0
0051,19:35,1175,0
0051,19:40,1180,0
0051,19:45,1185,-711
0051,19:50,1190,-711
0051,19:55,1195,-711
0051,20:00,1200,-711
0051,20:05,1205,-711
0051,20:10,1210,-1422
0051,20:15,1215,-1422
0051,20:20,1220,-1422
0051,20:25,1225,-1422
0051,20:30,1230,-2489
0051,20:35,1235,-2489
0051,20:40,1240,-2489
0051,20:45,1245,1207
0051,20:50,1250,1207
0051,20:55,1255,1207
0051,21:00,1260,1207
0051,21:05,1265,1207
0051,21:10,1270,3621
0051,21:15,1275,3621
0051,21:20,1280,3621
0051,21:25,1285,3621
0051,21:30,1290,2759
0051,21:35,1295,2759
0051,21:40,1300,2759
0051,21:45,1305,2759
0051,21:50,1310,2759
0051,21:55,1315,2759
0051,22:00,1320,2759
0051,22:05,1325,2759
0051,22:10,1330,2759
0051,22:15,1335,2759
0051,22:20,1340,2759
0051,22:25,1345,2759
0051,22:30,1350,2759
0051,22:35,1355,2759
0051,22:40,1360,2759
0051,22:45,1365,2759
0051,22:50,1370,2759
0051,22:55,1375,2759
0051,23:00,1380,2759
0051,23:05,1385,2759
0051,23:10,1390,2759
0051,23:15,1395,2759
0051,23:16,1396,2759
0051,23:20,1400,2759
0052,09:00,540,0
0052,09:05,545,0
0052,09:10,550,0
0052,09:15,555,0
0052,09:20,560,0
0052,09:25,565,0
0052,09:30,570,0
0052,09:35,575,0
0052,09:40,580,0
0052,09:45,585,0
0052,09:50,590,0
0052,09:55,595,0
0052,10:00,600,0
0052,10:05,605,0
0052,10:10,610,0
0052,10:15,615,0
0052,10:20,620,0
0052,10:25,625,0
0052,10:30,630,0
0052,10:35,635,0
0052,10:40,640,-533
0052,10:45,645,-533
0052,10:50,650,-533
0052,10:55,655,-533
0052,11:00,660,-1067
0052,11:05,665,-1067
0052,11:10,670,-1067
0052,11:15,675,-1067
0052,11:20,680,-1067
0052,11:25,685,-1067
0052,11:30,690,-1067
0052,11:35,695,-1067
0052,11:40,700,-1067
0052,11:45,705,-1600
0052,11:50,710,-1600
0052,11:55,715,-1600
0052,12:00,720,-1600
0052,12:05,725,-1600
0052,12:10,730,-1600
0052,12:15,735,-1600
0052,12:20,740,-1600
0052,12:25,745,-1600
0052,12:30,750,-2667
0052,12:35,755,-2667
0052,12:40,760,-2667
0052,12:45,765,-2667
0052,12:50,770,-2844
0052,12:55,775,-2844
0052,13:00,780,-2844
0052,13:05,785,-3378
0052,13:10,790,-3378
0052,13:15,795,-3378
0052,13:20,800,-3378
0052,13:25,805,-4978
0052,13:30,810,-4978
0052,13:35,815,-4978
0052,13:40,820,-4978
0052,13:45,825,-4978
0052,13:50,830,-3022
0052,13:55,835,-3022
0052,14:00,840,-3022
0052,14:05,845,-3022
0052,14:10,850,1207
0052,14:15,855,1207
0052,14:20,860,1207
0052,14:25,865,1207
0052,14:30,870,3448
0052,14:35,875,3448
0052,14:40,880,3448
0052,14:45,885,1897
0052,14:50,890,1897
0052,14:55,895,1897
0052,15:00,900,1897
0052,15:05,905,1897
0052,15:10,910,517
0052,15:15,915,517
0052,15:20,920,517
0052,15:25,925,517
0052,15:30,930,-1067
0052,15:35,935,-1067
0052,15:40,940,-1067
0052,15:45,945,-1778
0052,15:50,950,-1778
0052,15:55,955,-1778
0052,16:00,960,-1778
0052,16:05,965,-1778
0052,16:10,970,-2667
0052,16:15,975,-2667
0052,16:20,980,-2667
0052,16:25,985,-2667
0052,16:30,990,-3733
0052,16:35,995,-3733
0052,16:40,1000,-3733
0052,16:45,1005,-3733
0052,16:50,1010,-4444
0052,16:55,1015,-4444
0052,17:00,1020,-4444
0052,17:05,1025,-5333
0052,17:10,1030,-5333
0052,17:15,1035,-5333
0052,17:20,1040,-5333
0052,17:25,1045,-5333
0052,17:30,1050,-6756
0052,17:35,1055,-6756
0052,17:40,1060,-6756
0052,17:45,1065,-6756
0052,17:50,1070,-8178
0052,17:55,1075,-8178
0052,18:00,1080,-8178
0052,18:05,1085,-8178
0052,18:10,1090,-9600
0052,18:15,1095,-9600
0052,18:20,1100,-9600
0052,18:25,1105,-7822
0052,18:30,1110,-7822
0052,18:35,1115,-7822
0052,18:40,1120,-7822
0052,18:45,1125,-7822
0052,18:50,1130,-2311
0052,18:55,1135,-2311
0052,19:00,1140,-2311
0052,19:05,1145,-2311
0052,19:10,1150,-1422
0052,19:15,1155,-1422
0052,19:20,1160,-1422
0052,19:25,1165,-2489
0052,19:30,1170,-2489
0052,19:35,1175,-2489
0052,19:40,1180,-2489
0052,19:45,1185,-3733
0052,19:50,1190,-3733
0052,19:55,1195,-3733
0052,20:00,1200,-3733
0052,20:05,1205,-3733
0052,20:10,1210,-4089
0052,20:15,1215,-4089
0052,20:20,1220,-4089
0052,20:25,1225,-4089
0052,20:30,1230,-711
0052,20:35,1235,-711
0052,20:40,1240,-711
0052,20:45,1245,4655
0052,20:50,1250,4655
0052,20:55,1255,4655
0052,21:00,1260,4655
0052,21:05,1265,4655
0052,21:10,1270,10000
0052,21:15,1275,10000
0052,21:20,1280,10000
0052,21:25,1285,10000
0052,21:30,1290,8448
0052,21:35,1295,8448
0052,21:40,1300,8448
0052,21:45,1305,7586
0052,21:50,1310,7586
0052,21:55,1315,7586
0052,22:00,1320,7586
0052,22:05,1325,6552
0052,22:10,1330,6552
0052,22:15,1335,6552
0052,22:20,1340,6552
0052,22:25,1345,6552
0052,22:30,1350,6379
0052,22:35,1355,6379
0052,22:40,1360,6379
0052,22:45,1365,6379
0052,22:50,1370,6379
0052,22:55,1375,6379
0052,23:00,1380,6379
0052,23:05,1385,6379
0052,23:10,1390,6379
0052,23:15,1395,6379
0052,23:16,1396,6379
0052,23:20,1400,6379
0053,09:00,540,0
0053,09:05,545,0
0053,09:10,550,0
0053,09:15,555,0
0053,09:20,560,0
0053,09:25,565,0
0053,09:30,570,0
0053,09:35,575,0
0053,09:40,580,0
0053,09:45,585,0
0053,09:50,590,0
0053,09:55,595,0
0053,10:00,600,0
0053,10:05,605,0
0053,10:10,610,0
0053,10:15,615,0
0053,10:20,620,0
0053,10:25,625,0
0053,10:30,630,0
0053,10:35,635,0
0053,10:40,640,0
0053,10:45,645,0
0053,10:50,650,0
0053,10:55,655,0
0053,11:00,660,0
0053,11:05,665,0
0053,11:10,670,0
0053,11:15,675,0
0053,11:20,680,0
0053,11:25,685,0
0053,11:30,690,0
0053,11:35,695,0
0053,11:40,700,0
0053,11:45,705,0
0053,11:50,710,0
0053,11:55,715,0
0053,12:00,720,0
0053,12:05,725,-178
0053,12:10,730,-178
0053,12:15,735,-178
0053,12:20,740,-178
0053,12:25,745,-178
0053,12:30,750,-178
0053,12:35,755,-178
0053,12:40,760,-178
0053,12:45,765,-178
0053,12:50,770,-533
0053,12:55,775,-533
0053,13:00,780,-533
0053,13:05,785,-1067
0053,13:10,790,-1067
0053,13:15,795,-1067
0053,13:20,800,-1067
0053,13:25,805,-1956
0053,13:30,810,-1956
0053,13:35,815,-1956
0053,13:40,820,-1956
0053,13:45,825,-1956
0053,13:50,830,-1956
0053,13:55,835,-1956
0053,14:00,840,-1956
0053,14:05,845,-1956
0053,14:10,850,-1956
0053,14:15,855,-1956
0053,14:20,860,-1956
0053,14:25,865,-1956
0053,14:30,870,-3733
0053,14:35,875,-3733
0053,14:40,880,-3733
0053,14:45,885,-5156
0053,14:50,890,-5156
0053,14:55,895,-5156
0053,15:00,900,-5156
0053,15:05,905,-5156
0053,15:10,910,-5867
0053,15:15,915,-5867
0053,15:20,920,-5867
0053,15:25,925,-5867
0053,15:30,930,-6933
0053,15:35,935,-6933
0053,15:40,940,-6933
0053,15:45,945,-8533
0053,15:50,950,-8533
0053,15:55,955,-8533
0053,16:00,960,-8533
0053,16:05,965,-8533
0053,16:10,970,-9422
0053,16:15,975,-9422
0053,16:20,980,-9422
0053,16:25,985,-9422
0053,16:30,990,-10844
0053,16:35,995,-10844
0053,16:40,1000,-10844
0053,16:45,1005,-10844
0053,16:50,1010,-10311
0053,16:55,1015,-10311
0053,17:00,1020,-10311
0053,17:05,1025,-11022
0053,17:10,1030,-11022
0053,17:15,1035,-11022
0053,17:20,1040,-11022
0053,17:25,1045,-11022
0053,17:30,1050,-9778
0053,17:35,1055,-9778
0053,17:40,1060,-9778
0053,17:45,1065,-9778
0053,17:50,1070,-6044
0053,17:55,1075,-6044
0053,18:00,1080,-6044
0053,18:05,1085,-6044
0053,18:10,1090,-7289
0053,18:15,1095,-7289
0053,18:20,1100,-7289
0053,18:25,1105,-6578
0053,18:30,1110,-6578
0053,18:35,1115,-6578
0053,18:40,1120,-6578
0053,18:45,1125,-6578
0053,18:50,1130,-2844
0053,18:55,1135,-2844
0053,19:00,1140,-2844
0053,19:05,1145,-2844
0053,19:10,1150,1207
0053,19:15,1155,1207
0053,19:20,1160,1207
0053,19:25,1165,690
0053,19:30,1170,690
0053,19:35,1175,690
0053,19:40,1180,690
0053,19:45,1185,-711
0053,19:50,1190,-711
0053,19:55,1195,-711
0053,20:00,1200,-711
0053,20:05,1205,-711
0053,20:10,1210,-1956
0053,20:15,1215,-1956
0053,20:20,1220,-1956
0053,20:25,1225,-1956
0053,20:30,1230,-2133
0053,20:35,1235,-2133
0053,20:40,1240,-2133
0053,20:45,1245,-2489
0053,20:50,1250,-2489
0053,20:55,1255,-2489
0053,21:00,1260,-2489
0053,21:05,1265,-2489
0053,21:10,1270,-3200
0053,21:15,1275,-3200
0053,21:20,1280,-3200
0053,21:25,1285,-3200
0053,21:30,1290,-4800
0053,21:35,1295,-4800
0053,21:40,1300,-4800
0053,21:45,1305,-5689
0053,21:50,1310,-5689
0053,21:55,1315,-5689
0053,22:00,1320,-5689
0053,22:05,1325,-5689
0053,22:10,1330,-5689
0053,22:15,1335,-5689
0053,22:20,1340,-5689
0053,22:25,1345,-5689
0053,22:30,1350,-5689
0053,22:35,1355,-5689
0053,22:40,1360,-5689
0053,22:45,1365,-5689
0053,22:50,1370,-5689
0053,22:55,1375,-5689
0053,23:00,1380,-5689
0053,23:05,1385,-5689
0053,23:10,1390,-5689
0053,23:15,1395,-5689
0053,23:16,1396,-5689
0053,23:20,1400,-5689
0054,09:00,540,0
0054,09:05,545,0
0054,09:10,550,0
0054,09:15,555,0
0054,09:20,560,0
0054,09:25,565,0
0054,09:30,570,0
0054,09:35,575,0
0054,09:40,580,0
0054,09:45,585,0
0054,09:50,590,0
0054,09:55,595,0
0054,10:00,600,0
0054,10:05,605,0
0054,10:10,610,0
0054,10:15,615,0
0054,10:20,620,0
0054,10:25,625,0
0054,10:30,630,0
0054,10:35,635,0
0054,10:40,640,0
0054,10:45,645,0
0054,10:50,650,0
0054,10:55,655,0
0054,11:00,660,-89
0054,11:05,665,-89
0054,11:10,670,-622
0054,11:15,675,-622
0054,11:20,680,-622
0054,11:25,685,-622
0054,11:30,690,-1867
0054,11:35,695,-1867
0054,11:40,700,-1867
0054,11:45,705,-1867
0054,11:50,710,-1867
0054,11:55,715,-1867
0054,12:00,720,-1867
0054,12:05,725,-2756
0054,12:10,730,-2756
0054,12:15,735,-2756
0054,12:20,740,-2756
0054,12:25,745,-2756
0054,12:30,750,-3467
0054,12:35,755,-3467
0054,12:40,760,-3467
0054,12:45,765,-3467
0054,12:50,770,-4533
0054,12:55,775,-4533
0054,13:00,780,-4533
0054,13:05,785,-5156
0054,13:10,790,-5156
0054,13:15,795,-5156
0054,13:20,800,-5156
0054,13:25,805,-5422
0054,13:30,810,-5422
0054,13:35,815,-5422
0054,13:40,820,-5422
0054,13:45,825,-5422
0054,13:50,830,-3378
0054,13:55,835,-3378
0054,14:00,840,-3378
0054,14:05,845,-3378
0054,14:10,850,-4800
0054,14:15,855,-4800
0054,14:20,860,-4800
0054,14:25,865,-4800
0054,14:30,870,-5867
0054,14:35,875,-5867
0054,14:40,880,-5867
0054,14:45,885,-7467
0054,14:50,890,-7467
0054,14:55,895,-7467
0054,15:00,900,-7467
0054,15:05,905,-7467
0054,15:10,910,-8800
0054,15:15,915,-8800
0054,15:20,920,-8800
0054,15:25,925,-8800
0054,15:30,930,-5333
0054,15:35,935,-5333
0054,15:40,940,-5333
0054,15:45,945,-178
0054,15:50,950,-178
0054,15:55,955,-178
0054,16:00,960,-178
0054,16:05,965,-178
0054,16:10,970,1034
0054,16:15,975,1034
0054,16:20,980,1034
0054,16:25,985,1034
0054,16:30,990,86
0054,16:35,995,86
0054,16:40,1000,86
0054,16:45,1005,86
0054,16:50,1010,-1333
0054,16:55,1015,-1333
0054,17:00,1020,-1333
0054,17:05,1025,-2756
0054,17:10,1030,-2756
0054,17:15,1035,-2756
0054,17:20,1040,-2756
0054,17:25,1045,-2756
0054,17:30,1050,-4356
0054,17:35,1055,-4356
0054,17:40,1060,-4356
0054,17:45,1065,-4356
0054,17:50,1070,-5422
0054,17:55,1075,-5422
0054,18:00,1080,-5422
0054,18:05,1085,-5422
0054,18:10,1090,-6044
0054,18:15,1095,-6044
0054,18:20,1100,-6044
0054,18:25,1105,-6667
0054,18:30,1110,-6667
0054,18:35,1115,-6667
0054,18:40,1120,-6667
0054,18:45,1125,-6667
0054,18:50,1130,-7822
0054,18:55,1135,-7822
0054,19:00,1140,-7822
0054,19:05,1145,-7822
0054,19:10,1150,-9156
0054,19:15,1155,-9156
0054,19:20,1160,-9156
0054,19:25,1165,-8356
0054,19:30,1170,-8356
0054,19:35,1175,-8356
0054,19:40,1180,-8356
0054,19:45,1185,-8356
0054,19:50,1190,-8356
0054,19:55,1195,-8356
0054,20:00,1200,-8356
0054,20:05,1205,-8356
0054,20:10,1210,-6311
0054,20:15,1215,-6311
0054,20:20,1220,-6311
0054,20:25,1225,-6311
0054,20:30,1230,-1511
0054,20:35,1235,-1511
0054,20:40,1240,-1511
0054,20:45,1245,-1956
0054,20:50,1250,-1956
0054,20:55,1255,-1956
0054,21:00,1260,-1956
0054,21:05,1265,-1956
0054,21:10,1270,-2667
0054,21:15,1275,-2667
0054,21:20,1280,-2667
0054,21:25,1285,-2667
0054,21:30,1290,-2667
0054,21:35,1295,-2667
0054,21:40,1300,-2667
0054,21:45,1305,-2667
0054,21:50,1310,-2667
0054,21:55,1315,-2667
0054,22:00,1320,-2667
0054,22:05,1325,-2667
0054,22:10,1330,-2667
0054,22:15,1335,-2667
0054,22:20,1340,-2667
0054,22:25,1345,-2667
0054,22:30,1350,-2667
0054,22:35,1355,-2667
0054,22:40,1360,-2667
0054,22:45,1365,-2667
0054,22:50,1370,-2667
0054,22:55,1375,-2667
0054,23:00,1380,-2667
0054,23:05,1385,-2667
0054,23:10,1390,-2667
0054,23:15,1395,-2667
0054,23:16,1396,-2667
0054,23:20,1400,-2667
0055,09:00,540,0
0055,09:05,545,0
0055,09:10,550,0
0055,09:15,555,0
0055,09:20,560,0
0055,09:25,565,0
0055,09:30,570,0
0055,09:35,575,0
0055,09:40,580,0
0055,09:45,585,0
0055,09:50,590,0
0055,09:55,595,0
0055,10:00,600,0
0055,10:05,605,0
0055,10:10,610,0
0055,10:15,615,0
0055,10:20,620,0
0055,10:25,625,0
0055,10:30,630,0
0055,10:35,635,0
0055,10:40,640,0
0055,10:45,645,0
0055,10:50,650,0
0055,10:55,655,0
0055,11:00,660,0
0055,11:05,665,0
0055,11:10,670,0
0055,11:15,675,0
0055,11:20,680,0
0055,11:25,685,0
0055,11:30,690,-89
0055,11:35,695,-89
0055,11:40,700,-89
0055,11:45,705,-89
0055,11:50,710,-89
0055,11:55,715,-89
0055,12:00,720,-89
0055,12:05,725,-89
0055,12:10,730,-89
0055,12:15,735,-89
0055,12:20,740,-89
0055,12:25,745,-89
0055,12:30,750,-89
0055,12:35,755,-89
0055,12:40,760,-89
0055,12:45,765,-89
0055,12:50,770,-267
0055,12:55,775,-267
0055,13:00,780,-267
0055,13:05,785,-1244
0055,13:10,790,-1244
0055,13:15,795,-1244
0055,13:20,800,-1244
0055,13:25,805,-2133
0055,13:30,810,-2133
0055,13:35,815,-2133
0055,13:40,820,-2133
0055,13:45,825,-2133
0055,13:50,830,-1689
0055,13:55,835,-1689
0055,14:00,840,-1689
0055,14:05,845,-1689
0055,14:10,850,2414
0055,14:15,855,2414
0055,14:20,860,2414
0055,14:25,865,2414
0055,14:30,870,6034
0055,14:35,875,6034
0055,14:40,880,6034
0055,14:45,885,4914
0055,14:50,890,4914
0055,14:55,895,4914
0055,15:00,900,4914
0055,15:05,905,4914
0055,15:10,910,3793
0055,15:15,915,3793
0055,15:20,920,3793
0055,15:25,925,3793
0055,15:30,930,3362
0055,15:35,935,3362
0055,15:40,940,3362
0055,15:45,945,2241
0055,15:50,950,2241
0055,15:55,955,2241
0055,16:00,960,2241
0055,16:05,965,2241
0055,16:10,970,3103
0055,16:15,975,3103
0055,16:20,980,3103
0055,16:25,985,3103
0055,16:30,990,1552
0055,16:35,995,1552
0055,16:40,1000,1552
0055,16:45,1005,1552
0055,16:50,1010,431
0055,16:55,1015,431
0055,17:00,1020,431
0055,17:05,1025,2845
0055,17:10,1030,2845
0055,17:15,1035,2845
0055,17:20,1040,2845
0055,17:25,1045,2845
0055,17:30,1050,6466
0055,17:35,1055,6466
0055,17:40,1060,6466
0055,17:45,1065,6466
0055,17:50,1070,5086
0055,17:55,1075,5086
0055,18:00,1080,5086
0055,18:05,1085,5086
0055,18:10,1090,4052
0055,18:15,1095,4052
0055,18:20,1100,4052
0055,18:25,1105,2500
0055,18:30,1110,2500
0055,18:35,1115,2500
0055,18:40,1120,2500
0055,18:45,1125,2500
0055,18:50,1130,1810
0055,18:55,1135,1810
0055,19:00,1140,1810
0055,19:05,1145,1810
0055,19:10,1150,1810
0055,19:15,1155,1810
0055,19:20,1160,1810
0055,19:25,1165,1810
0055,19:30,1170,1810
0055,19:35,1175,1810
0055,19:40,1180,1810
0055,19:45,1185,1810
0055,19:50,1190,1810
0055,19:55,1195,1810
0055,20:00,1200,1810
0055,20:05,1205,1810
0055,20:10,1210,1810
0055,20:15,1215,1810
0055,20:20,1220,1810
0055,20:25,1225,1810
0055,20:30,1230,1552
0055,20:35,1235,1552
0055,20:40,1240,1552
0055,20:45,1245,1552
0055,20:50,1250,1552
0055,20:55,1255,1552
0055,21:00,1260,1552
0055,21:05,1265,1552
0055,21:10,1270,1379
0055,21:15,1275,1379
0055,21:20,1280,1379
0055,21:25,1285,1379
0055,21:30,1290,603
0055,21:35,1295,603
0055,21:40,1300,603
0055,21:45,1305,603
0055,21:50,1310,603
0055,21:55,1315,603
0055,22:00,1320,603
0055,22:05,1325,603
0055,22:10,1330,603
0055,22:15,1335,603
0055,22:20,1340,603
0055,22:25,1345,603
0055,22:30,1350,603
0055,22:35,1355,603
0055,22:40,1360,603
0055,22:45,1365,603
0055,22:50,1370,603
0055,22:55,1375,603
0055,23:00,1380,603
0055,23:05,1385,603
0055,23:10,1390,603
0055,23:15,1395,603
0055,23:16,1396,603
0055,23:20,1400,603
0056,09:00,540,0
0056,09:05,545,0
0056,09:10,550,0
0056,09:15,555,0
0056,09:20,560,0
0056,09:25,565,0
0056,09:30,570,0
0056,09:35,575,0
0056,09:40,580,0
0056,09:45,585,0
0056,09:50,590,0
0056,09:55,595,0
0056,10:00,600,0
0056,10:05,605,0
0056,10:10,610,0
0056,10:15,615,0
0056,10:20,620,0
0056,10:25,625,0
0056,10:30,630,0
0056,10:35,635,0
0056,10:40,640,0
0056,10:45,645,0
0056,10:50,650,0
0056,10:55,655,0
0056,11:00,660,-255
0056,11:05,665,-255
0056,11:10,670,-511
0056,11:15,675,-511
0056,11:20,680,-511
0056,11:25,685,-511
0056,11:30,690,-766
0056,11:35,695,-766
0056,11:40,700,-766
0056,11:45,705,-1277
0056,11:50,710,-1277
0056,11:55,715,-1277
0056,12:00,720,-1277
0056,12:05,725,-255
0056,12:10,730,-255
0056,12:15,735,-255
0056,12:20,740,-255
0056,12:25,745,-255
0056,12:30,750,-255
0056,12:35,755,-255
0056,12:40,760,-255
0056,12:45,765,-255
0056,12:50,770,0
0056,12:55,775,0
0056,13:00,780,0
0056,13:05,785,-1277
0056,13:10,790,-1277
0056,13:15,795,-1277
0056,13:20,800,-1277
0056,13:25,805,-2809
0056,13:30,810,-2809
0056,13:35,815,-2809
0056,13:40,820,-2809
0056,13:45,825,-2809
0056,13:50,830,-3830
0056,13:55,835,-3830
0056,14:00,840,-3830
0056,14:05,845,-3830
0056,14:10,850,-5106
0056,14:15,855,-5106
0056,14:20,860,-5106
0056,14:25,865,-5106
0056,14:30,870,-6383
0056,14:35,875,-6383
0056,14:40,880,-6383
0056,14:45,885,-6638
0056,14:50,890,-6638
0056,14:55,895,-6638
0056,15:00,900,-6638
0056,15:05,905,-6638
0056,15:10,910,-5872
0056,15:15,915,-5872
0056,15:20,920,-5872
0056,15:25,925,-5872
0056,15:30,930,-7404
0056,15:35,935,-7404
0056,15:40,940,-7404
0056,15:45,945,-7149
0056,15:50,950,-7149
0056,15:55,955,-7149
0056,16:00,960,-7149
0056,16:05,965,-7149
0056,16:10,970,-8170
0056,16:15,975,-8170
0056,16:20,980,-8170
0056,16:25,985,-8170
0056,16:30,990,-8936
0056,16:35,995,-8936
0056,16:40,1000,-8936
0056,16:45,1005,-8936
0056,16:50,1010,-9957
0056,16:55,1015,-9957
0056,17:00,1020,-9957
0056,17:05,1025,-10979
0056,17:10,1030,-10979
0056,17:15,1035,-10979
0056,17:20,1040,-10979
0056,17:25,1045,-10979
0056,17:30,1050,-11489
0056,17:35,1055,-11489
0056,17:40,1060,-11489
0056,17:45,1065,-11489
0056,17:50,1070,-12000
0056,17:55,1075,-12000
0056,18:00,1080,-12000
0056,18:05,1085,-12000
0056,18:10,1090,-12255
0056,18:15,1095,-12255
0056,18:20,1100,-12255
0056,18:25,1105,-13532
0056,18:30,1110,-13532
0056,18:35,1115,-13532
0056,18:40,1120,-13532
0056,18:45,1125,-13532
0056,18:50,1130,-14809
0056,18:55,1135,-14809
0056,19:00,1140,-14809
0056,19:05,1145,-14809
0056,19:10,1150,-15830
0056,19:15,1155,-15830
0056,19:20,1160,-15830
0056,19:25,1165,-17362
0056,19:30,1170,-17362
0056,19:35,1175,-17362
0056,19:40,1180,-17362
0056,19:45,1185,-18128
0056,19:50,1190,-18128
0056,19:55,1195,-18128
0056,20:00,1200,-18128
0056,20:05,1205,-18128
0056,20:10,1210,-18383
0056,20:15,1215,-18383
0056,20:20,1220,-18383
0056,20:25,1225,-18383
0056,20:30,1230,-19660
0056,20:35,1235,-19660
0056,20:40,1240,-19660
0056,20:45,1245,-20681
0056,20:50,1250,-20681
0056,20:55,1255,-20681
0056,21:00,1260,-20681
0056,21:05,1265,-20681
0056,21:10,1270,-20681
0056,21:15,1275,-20681
0056,21:20,1280,-20681
0056,21:25,1285,-20681
0056,21:30,1290,-20681
0056,21:35,1295,-20681
0056,21:40,1300,-20681
0056,21:45,1305,-20681
0056,21:50,1310,-20681
0056,21:55,1315,-20681
0056,22:00,1320,-20681
0056,22:05,1325,-20681
0056,22:10,1330,-20681
0056,22:15,1335,-20681
0056,22:20,1340,-20681
0056,22:25,1345,-20681
0056,22:30,1350,-20681
0056,22:35,1355,-20681
0056,22:40,1360,-20681
0056,22:45,1365,-20681
0056,22:50,1370,-20681
0056,22:55,1375,-20681
0056,23:00,1380,-20681
0056,23:05,1385,-20681
0056,23:10,1390,-20681
0056,23:15,1395,-20681
0056,23:16,1396,-20681
0056,23:20,1400,-20681
0057,09:00,540,0
0057,09:05,545,0
0057,09:10,550,0
0057,09:15,555,0
0057,09:20,560,0
0057,09:25,565,0
0057,09:30,570,0
0057,09:35,575,0
0057,09:40,580,0
0057,09:45,585,0
0057,09:50,590,0
0057,09:55,595,0
0057,10:00,600,0
0057,10:05,605,0
0057,10:10,610,0
0057,10:15,615,0
0057,10:20,620,0
0057,10:25,625,-533
0057,10:30,630,-533
0057,10:35,635,-533
0057,10:40,640,-1422
0057,10:45,645,-1422
0057,10:50,650,-1422
0057,10:55,655,-1422
0057,11:00,660,-1956
0057,11:05,665,-1956
0057,11:10,670,-2311
0057,11:15,675,-2311
0057,11:20,680,-2311
0057,11:25,685,-2311
0057,11:30,690,-178
0057,11:35,695,-178
0057,11:40,700,-178
0057,11:45,705,-1244
0057,11:50,710,-1244
0057,11:55,715,-1244
0057,12:00,720,-1244
0057,12:05,725,-1244
0057,12:10,730,-1244
0057,12:15,735,-1244
0057,12:20,740,-1244
0057,12:25,745,-1244
0057,12:30,750,-1244
0057,12:35,755,-1244
0057,12:40,760,-1244
0057,12:45,765,-1244
0057,12:50,770,2759
0057,12:55,775,2759
0057,13:00,780,2759
0057,13:05,785,5345
0057,13:10,790,5345
0057,13:15,795,5345
0057,13:20,800,5345
0057,13:25,805,3793
0057,13:30,810,3793
0057,13:35,815,3793
0057,13:40,820,3793
0057,13:45,825,3793
0057,13:50,830,2414
0057,13:55,835,2414
0057,14:00,840,2414
0057,14:05,845,2414
0057,14:10,850,1379
0057,14:15,855,1379
0057,14:20,860,1379
0057,14:25,865,1379
0057,14:30,870,1379
0057,14:35,875,1379
0057,14:40,880,1379
0057,14:45,885,5517
0057,14:50,890,5517
0057,14:55,895,5517
0057,15:00,900,5517
0057,15:05,905,5517
0057,15:10,910,4828
0057,15:15,915,4828
0057,15:20,920,4828
0057,15:25,925,4828
0057,15:30,930,5517
0057,15:35,935,5517
0057,15:40,940,5517
0057,15:45,945,5000
0057,15:50,950,5000
0057,15:55,955,5000
0057,16:00,960,5000
0057,16:05,965,5000
0057,16:10,970,3966
0057,16:15,975,3966
0057,16:20,980,3966
0057,16:25,985,3966
0057,16:30,990,2586
0057,16:35,995,2586
0057,16:40,1000,2586
0057,16:45,1005,2586
0057,16:50,1010,1552
0057,16:55,1015,1552
0057,17:00,1020,1552
0057,17:05,1025,517
0057,17:10,1030,517
0057,17:15,1035,517
0057,17:20,1040,517
0057,17:25,1045,517
0057,17:30,1050,-1244
0057,17:35,1055,-1244
0057,17:40,1060,-1244
0057,17:45,1065,-1244
0057,17:50,1070,5517
0057,17:55,1075,5517
0057,18:00,1080,5517
0057,18:05,1085,5517
0057,18:10,1090,10862
0057,18:15,1095,10862
0057,18:20,1100,10862
0057,18:25,1105,14483
0057,18:30,1110,14483
0057,18:35,1115,14483
0057,18:40,1120,14483
0057,18:45,1125,14483
0057,18:50,1130,13103
0057,18:55,1135,13103
0057,19:00,1140,13103
0057,19:05,1145,13103
0057,19:10,1150,12759
0057,19:15,1155,12759
0057,19:20,1160,12759
0057,19:25,1165,12586
0057,19:30,1170,12586
0057,19:35,1175,12586
0057,19:40,1180,12586
0057,19:45,1185,12586
0057,19:50,1190,12586
0057,19:55,1195,12586
0057,20:00,1200,12586
0057,20:05,1205,12586
0057,20:10,1210,12586
0057,20:15,1215,12586
0057,20:20,1220,12586
0057,20:25,1225,12586
0057,20:30,1230,12586
0057,20:35,1235,12586
0057,20:40,1240,12586
0057,20:45,1245,12586
0057,20:50,1250,12586
0057,20:55,1255,12586
0057,21:00,1260,12586
0057,21:05,1265,12586
0057,21:10,1270,12586
0057,21:15,1275,12586
0057,21:20,1280,12586
0057,21:25,1285,12586
0057,21:30,1290,12414
0057,21:35,1295,12414
0057,21:40,1300,12414
0057,21:45,1305,12414
0057,21:50,1310,12414
0057,21:55,1315,12414
0057,22:00,1320,12414
0057,22:05,1325,11897
0057,22:10,1330,11897
0057,22:15,1335,11897
0057,22:20,1340,11897
0057,22:25,1345,11897
0057,22:30,1350,11897
0057,22:35,1355,11897
0057,22:40,1360,11897
0057,22:45,1365,11897
0057,22:50,1370,11897
0057,22:55,1375,11897
0057,23:00,1380,11897
0057,23:05,1385,11897
0057,23:10,1390,11897
0057,23:15,1395,11897
0057,23:16,1396,11897
0057,23:20,1400,11897
0058,09:00,540,0
0058,09:05,545,0
0058,09:10,550,0
0058,09:15,555,0
0058,09:20,560,0
0058,09:25,565,0
0058,09:30,570,0
0058,09:35,575,0
0058,09:40,580,0
0058,09:45,585,0
0058,09:50,590,0
0058,09:55,595,0
0058,10:00,600,0
0058,10:05,605,0
0058,10:10,610,0
0058,10:15,615,0
0058,10:20,620,0
0058,10:25,625,0
0058,10:30,630,0
0058,10:35,635,0
0058,10:40,640,0
0058,10:45,645,0
0058,10:50,650,0
0058,10:55,655,0
0058,11:00,660,0
0058,11:05,665,0
0058,11:10,670,0
0058,11:15,675,0
0058,11:20,680,0
0058,11:25,685,0
0058,11:30,690,248
0058,11:35,695,248
0058,11:40,700,248
0058,11:45,705,-1277
0058,11:50,710,-1277
0058,11:55,715,-1277
0058,12:00,720,-1277
0058,12:05,725,-2553
0058,12:10,730,-2553
0058,12:15,735,-2553
0058,12:20,740,-2553
0058,12:25,745,-2553
0058,12:30,750,-4340
0058,12:35,755,-4340
0058,12:40,760,-4340
0058,12:45,765,-4340
0058,12:50,770,-4851
0058,12:55,775,-4851
0058,13:00,780,-4851
0058,13:05,785,-4851
0058,13:10,790,-4851
0058,13:15,795,-4851
0058,13:20,800,-4851
0058,13:25,805,-4851
0058,13:30,810,-4851
0058,13:35,815,-4851
0058,13:40,820,-4851
0058,13:45,825,-4851
0058,13:50,830,-5362
0058,13:55,835,-5362
0058,14:00,840,-5362
0058,14:05,845,-5362
0058,14:10,850,-6128
0058,14:15,855,-6128
0058,14:20,860,-6128
0058,14:25,865,-6128
0058,14:30,870,-7660
0058,14:35,875,-7660
0058,14:40,880,-7660
0058,14:45,885,-8936
0058,14:50,890,-8936
0058,14:55,895,-8936
0058,15:00,900,-8936
0058,15:05,905,-8936
0058,15:10,910,-9702
0058,15:15,915,-9702
0058,15:20,920,-9702
0058,15:25,925,-9702
0058,15:30,930,-10723
0058,15:35,935,-10723
0058,15:40,940,-10723
0058,15:45,945,-11745
0058,15:50,950,-11745
0058,15:55,955,-11745
0058,16:00,960,-11745
0058,16:05,965,-11745
0058,16:10,970,-13021
0058,16:15,975,-13021
0058,16:20,980,-13021
0058,16:25,985,-13021
0058,16:30,990,-12511
0058,16:35,995,-12511
0058,16:40,1000,-12511
0058,16:45,1005,-12511
0058,16:50,1010,-13787
0058,16:55,1015,-13787
0058,17:00,1020,-13787
0058,17:05,1025,-9702
0058,17:10,1030,-9702
0058,17:15,1035,-9702
0058,17:20,1040,-9702
0058,17:25,1045,-9702
0058,17:30,1050,-11234
0058,17:35,1055,-11234
0058,17:40,1060,-11234
0058,17:45,1065,-11234
0058,17:50,1070,-12511
0058,17:55,1075,-12511
0058,18:00,1080,-12511
0058,18:05,1085,-12511
0058,18:10,1090,-13532
0058,18:15,1095,-13532
0058,18:20,1100,-13532
0058,18:25,1105,-15064
0058,18:30,1110,-15064
0058,18:35,1115,-15064
0058,18:40,1120,-15064
0058,18:45,1125,-15064
0058,18:50,1130,-16085
0058,18:55,1135,-16085
0058,19:00,1140,-16085
0058,19:05,1145,-16085
0058,19:10,1150,-17106
0058,19:15,1155,-17106
0058,19:20,1160,-17106
0058,19:25,1165,-18638
0058,19:30,1170,-18638
0058,19:35,1175,-18638
0058,19:40,1180,-18638
0058,19:45,1185,-19404
0058,19:50,1190,-19404
0058,19:55,1195,-19404
0058,20:00,1200,-19404
0058,20:05,1205,-19404
0058,20:10,1210,-19404
0058,20:15,1215,-19404
0058,20:20,1220,-19404
0058,20:25,1225,-19404
0058,20:30,1230,-19404
0058,20:35,1235,-19404
0058,20:40,1240,-19404
0058,20:45,1245,-19404
0058,20:50,1250,-19404
0058,20:55,1255,-19404
0058,21:00,1260,-19404
0058,21:05,1265,-19404
0058,21:10,1270,-19404
0058,21:15,1275,-19404
0058,21:20,1280,-19404
0058,21:25,1285,-19404
0058,21:30,1290,-19404
0058,21:35,1295,-19404
0058,21:40,1300,-19404
0058,21:45,1305,-19660
0058,21:50,1310,-19660
0058,21:55,1315,-19660
0058,22:00,1320,-19660
0058,22:05,1325,-20170
0058,22:10,1330,-20170
0058,22:15,1335,-20170
0058,22:20,1340,-20170
0058,22:25,1345,-20170
0058,22:30,1350,-20170
0058,22:35,1355,-20170
0058,22:40,1360,-20170
0058,22:45,1365,-20170
0058,22:50,1370,-20170
0058,22:55,1375,-20170
0058,23:00,1380,-20170
0058,23:05,1385,-20170
0058,23:10,1390,-20170
0058,23:15,1395,-20170
0058,23:16,1396,-20170
0058,23:20,1400,-20170
0059,09:00,540,0
0059,09:05,545,0
0059,09:10,550,0
0059,09:15,555,0
0059,09:20,560,0
0059,09:25,565,0
0059,09:30,570,0
0059,09:35,575,0
0059,09:40,580,0
0059,09:45,585,0
0059,09:50,590,0
0059,09:55,595,0
0059,10:00,600,0
0059,10:05,605,0
0059,10:10,610,0
0059,10:15,615,0
0059,10:20,620,0
0059,10:25,625,0
0059,10:30,630,0
0059,10:35,635,0
0059,10:40,640,0
0059,10:45,645,0
0059,10:50,650,0
0059,10:55,655,0
0059,11:00,660,0
0059,11:05,665,0
0059,11:10,670,0
0059,11:15,675,0
0059,11:20,680,0
0059,11:25,685,0
0059,11:30,690,0
0059,11:35,695,0
0059,11:40,700,0
0059,11:45,705,0
0059,11:50,710,0
0059,11:55,715,0
0059,12:00,720,0
0059,12:05,725,0
0059,12:10,730,0
0059,12:15,735,0
0059,12:20,740,0
0059,12:25,745,0
0059,12:30,750,-1067
0059,12:35,755,-1067
0059,12:40,760,-1067
0059,12:45,765,-1067
0059,12:50,770,-2489
0059,12:55,775,-2489
0059,13:00,780,-2489
0059,13:05,785,-3556
0059,13:10,790,-3556
0059,13:15,795,-3556
0059,13:20,800,-3556
0059,13:25,805,-4978
0059,13:30,810,-4978
0059,13:35,815,-4978
0059,13:40,820,-4978
0059,13:45,825,-4978
0059,13:50,830,-6044
0059,13:55,835,-6044
0059,14:00,840,-6044
0059,14:05,845,-6044
0059,14:10,850,-6222
0059,14:15,855,-6222
0059,14:20,860,-6222
0059,14:25,865,-6222
0059,14:30,870,-6400
0059,14:35,875,-6400
0059,14:40,880,-6400
0059,14:45,885,-4622
0059,14:50,890,-4622
0059,14:55,895,-4622
0059,15:00,900,-4622
0059,15:05,905,-4622
0059,15:10,910,-5867
0059,15:15,915,-5867
0059,15:20,920,-5867
0059,15:25,925,-5867
0059,15:30,930,-4444
0059,15:35,935,-4444
0059,15:40,940,-4444
0059,15:45,945,-5689
0059,15:50,950,-5689
0059,15:55,955,-5689
0059,16:00,960,-5689
0059,16:05,965,-5689
0059,16:10,970,-5156
0059,16:15,975,-5156
0059,16:20,980,-5156
0059,16:25,985,-5156
0059,16:30,990,-6933
0059,16:35,995,-6933
0059,16:40,1000,-6933
0059,16:45,1005,-6933
0059,16:50,1010,-8711
0059,16:55,1015,-8711
0059,17:00,1020,-8711
0059,17:05,1025,-9778
0059,17:10,1030,-9778
0059,17:15,1035,-9778
0059,17:20,1040,-9778
0059,17:25,1045,-9778
0059,17:30,1050,-8889
0059,17:35,1055,-8889
0059,17:40,1060,-8889
0059,17:45,1065,-8889
0059,17:50,1070,-9778
0059,17:55,1075,-9778
0059,18:00,1080,-9778
0059,18:05,1085,-9778
0059,18:10,1090,-10844
0059,18:15,1095,-10844
0059,18:20,1100,-10844
0059,18:25,1105,-11733
0059,18:30,1110,-11733
0059,18:35,1115,-11733
0059,18:40,1120,-11733
0059,18:45,1125,-11733
0059,18:50,1130,-13156
0059,18:55,1135,-13156
0059,19:00,1140,-13156
0059,19:05,1145,-13156
0059,19:10,1150,-13867
0059,19:15,1155,-13867
0059,19:20,1160,-13867
0059,19:25,1165,-13156
0059,19:30,1170,-13156
0059,19:35,1175,-13156
0059,19:40,1180,-13156
0059,19:45,1185,-11022
0059,19:50,1190,-11022
0059,19:55,1195,-11022
0059,20:00,1200,-11022
0059,20:05,1205,-11022
0059,20:10,1210,-8356
0059,20:15,1215,-8356
0059,20:20,1220,-8356
0059,20:25,1225,-8356
0059,20:30,1230,-5511
0059,20:35,1235,-5511
0059,20:40,1240,-5511
0059,20:45,1245,-3022
0059,20:50,1250,-3022
0059,20:55,1255,-3022
0059,21:00,1260,-3022
0059,21:05,1265,-3022
0059,21:10,1270,-4089
0059,21:15,1275,-4089
0059,21:20,1280,-4089
0059,21:25,1285,-4089
0059,21:30,1290,-5156
0059,21:35,1295,-5156
0059,21:40,1300,-5156
0059,21:45,1305,-1956
0059,21:50,1310,-1956
0059,21:55,1315,-1956
0059,22:00,1320,-1956
0059,22:05,1325,-2133
0059,22:10,1330,-2133
0059,22:15,1335,-2133
0059,22:20,1340,-2133
0059,22:25,1345,-2133
0059,22:30,1350,-2311
0059,22:35,1355,-2311
0059,22:40,1360,-2311
0059,22:45,1365,-2311
0059,22:50,1370,-2311
0059,22:55,1375,-2311
0059,23:00,1380,-2311
0059,23:05,1385,-2311
0059,23:10,1390,-2311
0059,23:15,1395,-2311
0059,23:16,1396,-2311
0059,23:20,1400,-2311
0060,09:00,540,0
0060,09:05,545,0
0060,09:10,550,0
0060,09:15,555,0
0060,09:20,560,0
0060,09:25,565,0
0060,09:30,570,0
0060,09:35,575,0
0060,09:40,580,0
0060,09:45,585,0
0060,09:50,590,0
0060,09:55,595,0
0060,10:00,600,0
0060,10:05,605,0
0060,10:10,610,0
0060,10:15,615,0
0060,10:20,620,0
0060,10:25,625,-889
0060,10:30,630,-889
0060,10:35,635,-889
0060,10:40,640,2069
0060,10:45,645,2069
0060,10:50,650,2069
0060,10:55,655,2069
0060,11:00,660,5776
0060,11:05,665,5776
0060,11:10,670,5517
0060,11:15,675,5517
0060,11:20,680,5517
0060,11:25,685,5517
0060,11:30,690,3879
0060,11:35,695,3879
0060,11:40,700,3879
0060,11:45,705,5776
0060,11:50,710,5776
0060,11:55,715,5776
0060,12:00,720,5776
0060,12:05,725,8103
0060,12:10,730,8103
0060,12:15,735,8103
0060,12:20,740,8103
0060,12:25,745,8103
0060,12:30,750,7845
0060,12:35,755,7845
0060,12:40,760,7845
0060,12:45,765,7845
0060,12:50,770,7845
0060,12:55,775,7845
0060,13:00,780,7845
0060,13:05,785,6724
0060,13:10,790,6724
0060,13:15,795,6724
0060,13:20,800,6724
0060,13:25,805,6810
0060,13:30,810,6810
0060,13:35,815,6810
0060,13:40,820,6810
0060,13:45,825,6810
0060,13:50,830,5517
0060,13:55,835,5517
0060,14:00,840,5517
0060,14:05,845,5517
0060,14:10,850,4310
0060,14:15,855,4310
0060,14:20,860,4310
0060,14:25,865,4310
0060,14:30,870,2500
0060,14:35,875,2500
0060,14:40,880,2500
0060,14:45,885,948
0060,14:50,890,948
0060,14:55,895,948
0060,15:00,900,948
0060,15:05,905,948
0060,15:10,910,-267
0060,15:15,915,-267
0060,15:20,920,-267
0060,15:25,925,-267
0060,15:30,930,-1956
0060,15:35,935,-1956
0060,15:40,940,-1956
0060,15:45,945,-3556
0060,15:50,950,-3556
0060,15:55,955,-3556
0060,16:00,960,-3556
0060,16:05,965,-3556
0060,16:10,970,-4800
0060,16:15,975,-4800
0060,16:20,980,-4800
0060,16:25,985,-4800
0060,16:30,990,-2756
0060,16:35,995,-2756
0060,16:40,1000,-2756
0060,16:45,1005,-2756
0060,16:50,1010,-4089
0060,16:55,1015,-4089
0060,17:00,1020,-4089
0060,17:05,1025,-5422
0060,17:10,1030,-5422
0060,17:15,1035,-5422
0060,17:20,1040,-5422
0060,17:25,1045,-5422
0060,17:30,1050,-7200
0060,17:35,1055,-7200
0060,17:40,1060,-7200
0060,17:45,1065,-7200
0060,17:50,1070,-8533
0060,17:55,1075,-8533
0060,18:00,1080,-8533
0060,18:05,1085,-8533
0060,18:10,1090,-9956
0060,18:15,1095,-9956
0060,18:20,1100,-9956
0060,18:25,1105,-4356
0060,18:30,1110,-4356
0060,18:35,1115,-4356
0060,18:40,1120,-4356
0060,18:45,1125,-4356
0060,18:50,1130,-2311
0060,18:55,1135,-2311
0060,19:00,1140,-2311
0060,19:05,1145,-2311
0060,19:10,1150,172
0060,19:15,1155,172
0060,19:20,1160,172
0060,19:25,1165,0
0060,19:30,1170,0
0060,19:35,1175,0
0060,19:40,1180,0
0060,19:45,1185,0
0060,19:50,1190,0
0060,19:55,1195,0
0060,20:00,1200,0
0060,20:05,1205,0
0060,20:10,1210,0
0060,20:15,1215,0
0060,20:20,1220,0
0060,20:25,1225,0
0060,20:30,1230,0
0060,20:35,1235,0
0060,20:40,1240,0
0060,20:45,1245,0
0060,20:50,1250,0
0060,20:55,1255,0
0060,21:00,1260,0
0060,21:05,1265,0
0060,21:10,1270,-356
0060,21:15,1275,-356
0060,21:20,1280,-356
0060,21:25,1285,-356
0060,21:30,1290,-356
0060,21:35,1295,-356
0060,21:40,1300,-356
0060,21:45,1305,-356
0060,21:50,1310,-356
0060,21:55,1315,-356
0060,22:00,1320,-356
0060,22:05,1325,-356
0060,22:10,1330,-356
0060,22:15,1335,-356
0060,22:20,1340,-356
0060,22:25,1345,-356
0060,22:30,1350,-356
0060,22:35,1355,-356
0060,22:40,1360,-356
0060,22:45,1365,-356
0060,22:50,1370,-356
0060,22:55,1375,-356
0060,23:00,1380,-356
0060,23:05,1385,-356
0060,23:10,1390,-356
0060,23:15,1395,-356
0060,23:16,1396,-356
0060,23:20,1400,-356
0061,09:00,540,0
0061,09:05,545,0
0061,09:10,550,0
0061,09:15,555,0
0061,09:20,560,0
0061,09:25,565,0
0061,09:30,570,0
0061,09:35,575,0
0061,09:40,580,0
0061,09:45,585,0
0061,09:50,590,0
0061,09:55,595,0
0061,10:00,600,0
0061,10:05,605,0
0061,10:10,610,0
0061,10:15,615,0
0061,10:20,620,0
0061,10:25,625,0
0061,10:30,630,0
0061,10:35,635,0
0061,10:40,640,0
0061,10:45,645,0
0061,10:50,650,0
0061,10:55,655,0
0061,11:00,660,0
0061,11:05,665,0
0061,11:10,670,0
0061,11:15,675,0
0061,11:20,680,0
0061,11:25,685,0
0061,11:30,690,0
0061,11:35,695,0
0061,11:40,700,0
0061,11:45,705,-1277
0061,11:50,710,-1277
0061,11:55,715,-1277
0061,12:00,720,-1277
0061,12:05,725,-2553
0061,12:10,730,-2553
0061,12:15,735,-2553
0061,12:20,740,-2553
0061,12:25,745,-2553
0061,12:30,750,-3319
0061,12:35,755,-3319
0061,12:40,760,-3319
0061,12:45,765,-3319
0061,12:50,770,-3574
0061,12:55,775,-3574
0061,13:00,780,-3574
0061,13:05,785,-4851
0061,13:10,790,-4851
0061,13:15,795,-4851
0061,13:20,800,-4851
0061,13:25,805,-6383
0061,13:30,810,-6383
0061,13:35,815,-6383
0061,13:40,820,-6383
0061,13:45,825,-6383
0061,13:50,830,-7915
0061,13:55,835,-7915
0061,14:00,840,-7915
0061,14:05,845,-7915
0061,14:10,850,-8681
0061,14:15,855,-8681
0061,14:20,860,-8681
0061,14:25,865,-8681
0061,14:30,870,-8936
0061,14:35,875,-8936
0061,14:40,880,-8936
0061,14:45,885,-9957
0061,14:50,890,-9957
0061,14:55,895,-9957
0061,15:00,900,-9957
0061,15:05,905,-9957
0061,15:10,910,-10723
0061,15:15,915,-10723
0061,15:20,920,-10723
0061,15:25,925,-10723
0061,15:30,930,-11745
0061,15:35,935,-11745
0061,15:40,940,-11745
0061,15:45,945,-12766
0061,15:50,950,-12766
0061,15:55,955,-12766
0061,16:00,960,-12766
0061,16:05,965,-12766
0061,16:10,970,-13532
0061,16:15,975,-13532
0061,16:20,980,-13532
0061,16:25,985,-13532
0061,16:30,990,-14809
0061,16:35,995,-14809
0061,16:40,1000,-14809
0061,16:45,1005,-14809
0061,16:50,1010,-16340
0061,16:55,1015,-16340
0061,17:00,1020,-16340
0061,17:05,1025,-17617
0061,17:10,1030,-17617
0061,17:15,1035,-17617
0061,17:20,1040,-17617
0061,17:25,1045,-17617
0061,17:30,1050,-17362
0061,17:35,1055,-17362
0061,17:40,1060,-17362
0061,17:45,1065,-17362
0061,17:50,1070,-18894
0061,17:55,1075,-18894
0061,18:00,1080,-18894
0061,18:05,1085,-18894
0061,18:10,1090,-20426
0061,18:15,1095,-20426
0061,18:20,1100,-20426
0061,18:25,1105,-21957
0061,18:30,1110,-21957
0061,18:35,1115,-21957
0061,18:40,1120,-21957
0061,18:45,1125,-21957
0061,18:50,1130,-22468
0061,18:55,1135,-22468
0061,19:00,1140,-22468
0061,19:05,1145,-22468
0061,19:10,1150,-22468
0061,19:15,1155,-22468
0061,19:20,1160,-22468
0061,19:25,1165,-24000
0061,19:30,1170,-24000
0061,19:35,1175,-24000
0061,19:40,1180,-24000
0061,19:45,1185,-25532
0061,19:50,1190,-25532
0061,19:55,1195,-25532
0061,20:00,1200,-25532
0061,20:05,1205,-25532
0061,20:10,1210,-26809
0061,20:15,1215,-26809
0061,20:20,1220,-26809
0061,20:25,1225,-26809
0061,20:30,1230,-27574
0061,20:35,1235,-27574
0061,20:40,1240,-27574
0061,20:45,1245,-20681
0061,20:50,1250,-20681
0061,20:55,1255,-20681
0061,21:00,1260,-20681
0061,21:05,1265,-20681
0061,21:10,1270,-16596
0061,21:15,1275,-16596
0061,21:20,1280,-16596
0061,21:25,1285,-16596
0061,21:30,1290,-16851
0061,21:35,1295,-16851
0061,21:40,1300,-16851
0061,21:45,1305,-17362
0061,21:50,1310,-17362
0061,21:55,1315,-17362
0061,22:00,1320,-17362
0061,22:05,1325,-17362
0061,22:10,1330,-17362
0061,22:15,1335,-17362
0061,22:20,1340,-17362
0061,22:25,1345,-17362
0061,22:30,1350,-17362
0061,22:35,1355,-17362
0061,22:40,1360,-17362
0061,22:45,1365,-17362
0061,22:50,1370,-17362
0061,22:55,1375,-17362
0061,23:00,1380,-17362
0061,23:05,1385,-17362
0061,23:10,1390,-17362
0061,23:15,1395,-17362
0061,23:16,1396,-17362
0061,23:20,1400,-17362
0062,09:00,540,0
0062,09:05,545,0
0062,09:10,550,0
0062,09:15,555,0
0062,09:20,560,0
0062,09:25,565,0
0062,09:30,570,0
0062,09:35,575,0
0062,09:40,580,0
0062,09:45,585,0
0062,09:50,590,0
0062,09:55,595,0
0062,10:00,600,0
0062,10:05,605,0
0062,10:10,610,0
0062,10:15,615,0
0062,10:20,620,0
0062,10:25,625,-511
0062,10:30,630,-511
0062,10:35,635,-511
0062,10:40,640,-1787
0062,10:45,645,-1787
0062,10:50,650,-1787
0062,10:55,655,-1787
0062,11:00,660,-2553
0062,11:05,665,-2553
0062,11:10,670,-3064
0062,11:15,675,-3064
0062,11:20,680,-3064
0062,11:25,685,-3064
0062,11:30,690,-4851
0062,11:35,695,-4851
0062,11:40,700,-4851
0062,11:45,705,-2553
0062,11:50,710,-2553
0062,11:55,715,-2553
0062,12:00,720,-2553
0062,12:05,725,-3574
0062,12:10,730,-3574
0062,12:15,735,-3574
0062,12:20,740,-3574
0062,12:25,745,-3574
0062,12:30,750,-5106
0062,12:35,755,-5106
0062,12:40,760,-5106
0062,12:45,765,-5106
0062,12:50,770,-6638
0062,12:55,775,-6638
0062,13:00,780,-6638
0062,13:05,785,-7915
0062,13:10,790,-7915
0062,13:15,795,-7915
0062,13:20,800,-7915
0062,13:25,805,-8426
0062,13:30,810,-8426
0062,13:35,815,-8426
0062,13:40,820,-8426
0062,13:45,825,-8426
0062,13:50,830,-8426
0062,13:55,835,-8426
0062,14:00,840,-8426
0062,14:05,845,-8426
0062,14:10,850,-8681
0062,14:15,855,-8681
0062,14:20,860,-8681
0062,14:25,865,-8681
0062,14:30,870,-9957
0062,14:35,875,-9957
0062,14:40,880,-9957
0062,14:45,885,-11489
0062,14:50,890,-11489
0062,14:55,895,-11489
0062,15:00,900,-11489
0062,15:05,905,-11489
0062,15:10,910,-12511
0062,15:15,915,-12511
0062,15:20,920,-12511
0062,15:25,925,-12511
0062,15:30,930,-13277
0062,15:35,935,-13277
0062,15:40,940,-13277
0062,15:45,945,-14043
0062,15:50,950,-14043
0062,15:55,955,-14043
0062,16:00,960,-14043
0062,16:05,965,-14043
0062,16:10,970,-15064
0062,16:15,975,-15064
0062,16:20,980,-15064
0062,16:25,985,-15064
0062,16:30,990,-15830
0062,16:35,995,-15830
0062,16:40,1000,-15830
0062,16:45,1005,-15830
0062,16:50,1010,-16851
0062,16:55,1015,-16851
0062,17:00,1020,-16851
0062,17:05,1025,-17362
0062,17:10,1030,-17362
0062,17:15,1035,-17362
0062,17:20,1040,-17362
0062,17:25,1045,-17362
0062,17:30,1050,-18383
0062,17:35,1055,-18383
0062,17:40,1060,-18383
0062,17:45,1065,-18383
0062,17:50,1070,-18383
0062,17:55,1075,-18383
0062,18:00,1080,-18383
0062,18:05,1085,-18383
0062,18:10,1090,-18383
0062,18:15,1095,-18383
0062,18:20,1100,-18383
0062,18:25,1105,-19660
0062,18:30,1110,-19660
0062,18:35,1115,-19660
0062,18:40,1120,-19660
0062,18:45,1125,-19660
0062,18:50,1130,-20936
0062,18:55,1135,-20936
0062,19:00,1140,-20936
0062,19:05,1145,-20936
0062,19:10,1150,-21957
0062,19:15,1155,-21957
0062,19:20,1160,-21957
0062,19:25,1165,-23234
0062,19:30,1170,-23234
0062,19:35,1175,-23234
0062,19:40,1180,-23234
0062,19:45,1185,-22213
0062,19:50,1190,-22213
0062,19:55,1195,-22213
0062,20:00,1200,-22213
0062,20:05,1205,-22213
0062,20:10,1210,-22979
0062,20:15,1215,-22979
0062,20:20,1220,-22979
0062,20:25,1225,-22979
0062,20:30,1230,-21191
0062,20:35,1235,-21191
0062,20:40,1240,-21191
0062,20:45,1245,-19915
0062,20:50,1250,-19915
0062,20:55,1255,-19915
0062,21:00,1260,-19915
0062,21:05,1265,-19915
0062,21:10,1270,-20681
0062,21:15,1275,-20681
0062,21:20,1280,-20681
0062,21:25,1285,-20681
0062,21:30,1290,-20681
0062,21:35,1295,-20681
0062,21:40,1300,-20681
0062,21:45,1305,-21191
0062,21:50,1310,-21191
0062,21:55,1315,-21191
0062,22:00,1320,-21191
0062,22:05,1325,-21191
0062,22:10,1330,-21191
0062,22:15,1335,-21191
0062,22:20,1340,-21191
0062,22:25,1345,-21191
0062,22:30,1350,-21191
0062,22:35,1355,-21191
0062,22:40,1360,-21191
0062,22:45,1365,-21191
0062,22:50,1370,-21191
0062,22:55,1375,-21191
0062,23:00,1380,-21191
0062,23:05,1385,-21191
0062,23:10,1390,-21191
0062,23:15,1395,-21191
0062,23:16,1396,-21191
0062,23:20,1400,-21191
0063,09:00,540,0
0063,09:05,545,0
0063,09:10,550,0
0063,09:15,555,0
0063,09:20,560,0
0063,09:25,565,0
0063,09:30,570,0
0063,09:35,575,0
0063,09:40,580,0
0063,09:45,585,0
0063,09:50,590,0
0063,09:55,595,0
0063,10:00,600,0
0063,10:05,605,0
0063,10:10,610,0
0063,10:15,615,0
0063,10:20,620,0
0063,10:25,625,0
0063,10:30,630,0
0063,10:35,635,0
0063,10:40,640,0
0063,10:45,645,0
0063,10:50,650,0
0063,10:55,655,0
0063,11:00,660,0
0063,11:05,665,0
0063,11:10,670,-356
0063,11:15,675,-356
0063,11:20,680,-356
0063,11:25,685,-356
0063,11:30,690,-800
0063,11:35,695,-800
0063,11:40,700,-800
0063,11:45,705,-800
0063,11:50,710,-800
0063,11:55,715,-800
0063,12:00,720,-800
0063,12:05,725,-800
0063,12:10,730,-800
0063,12:15,735,-800
0063,12:20,740,-800
0063,12:25,745,-800
0063,12:30,750,-1156
0063,12:35,755,-1156
0063,12:40,760,-1156
0063,12:45,765,-1156
0063,12:50,770,-1156
0063,12:55,775,-1156
0063,13:00,780,-1156
0063,13:05,785,-1156
0063,13:10,790,-1156
0063,13:15,795,-1156
0063,13:20,800,-1156
0063,13:25,805,-1156
0063,13:30,810,-1156
0063,13:35,815,-1156
0063,13:40,820,-1156
0063,13:45,825,-1156
0063,13:50,830,-1867
0063,13:55,835,-1867
0063,14:00,840,-1867
0063,14:05,845,-1867
0063,14:10,850,-3111
0063,14:15,855,-3111
0063,14:20,860,-3111
0063,14:25,865,-3111
0063,14:30,870,-4711
0063,14:35,875,-4711
0063,14:40,880,-4711
0063,14:45,885,-5867
0063,14:50,890,-5867
0063,14:55,895,-5867
0063,15:00,900,-5867
0063,15:05,905,-5867
0063,15:10,910,-4889
0063,15:15,915,-4889
0063,15:20,920,-4889
0063,15:25,925,-4889
0063,15:30,930,1466
0063,15:35,935,1466
0063,15:40,940,1466
0063,15:45,945,1897
0063,15:50,950,1897
0063,15:55,955,1897
0063,16:00,960,1897
0063,16:05,965,1897
0063,16:10,970,603
0063,16:15,975,603
0063,16:20,980,603
0063,16:25,985,603
0063,16:30,990,-1244
0063,16:35,995,-1244
0063,16:40,1000,-1244
0063,16:45,1005,-1244
0063,16:50,1010,-2844
0063,16:55,1015,-2844
0063,17:00,1020,-2844
0063,17:05,1025,-4178
0063,17:10,1030,-4178
0063,17:15,1035,-4178
0063,17:20,1040,-4178
0063,17:25,1045,-4178
0063,17:30,1050,-5778
0063,17:35,1055,-5778
0063,17:40,1060,-5778
0063,17:45,1065,-5778
0063,17:50,1070,948
0063,17:55,1075,948
0063,18:00,1080,948
0063,18:05,1085,948
0063,18:10,1090,-89
0063,18:15,1095,-89
0063,18:20,1100,-89
0063,18:25,1105,-622
0063,18:30,1110,-622
0063,18:35,1115,-622
0063,18:40,1120,-622
0063,18:45,1125,-622
0063,18:50,1130,-1689
0063,18:55,1135,-1689
0063,19:00,1140,-1689
0063,19:05,1145,-1689
0063,19:10,1150,-2756
0063,19:15,1155,-2756
0063,19:20,1160,-2756
0063,19:25,1165,-4267
0063,19:30,1170,-4267
0063,19:35,1175,-4267
0063,19:40,1180,-4267
0063,19:45,1185,-533
0063,19:50,1190,-533
0063,19:55,1195,-533
0063,20:00,1200,-533
0063,20:05,1205,-533
0063,20:10,1210,4914
0063,20:15,1215,4914
0063,20:20,1220,4914
0063,20:25,1225,4914
0063,20:30,1230,5431
0063,20:35,1235,5431
0063,20:40,1240,5431
0063,20:45,1245,4914
0063,20:50,1250,4914
0063,20:55,1255,4914
0063,21:00,1260,4914
0063,21:05,1265,4914
0063,21:10,1270,4914
0063,21:15,1275,4914
0063,21:20,1280,4914
0063,21:25,1285,4914
0063,21:30,1290,4914
0063,21:35,1295,4914
0063,21:40,1300,4914
0063,21:45,1305,4914
0063,21:50,1310,4914
0063,21:55,1315,4914
0063,22:00,1320,4914
0063,22:05,1325,4914
0063,22:10,1330,4914
0063,22:15,1335,4914
0063,22:20,1340,4914
0063,22:25,1345,4914
0063,22:30,1350,4914
0063,22:35,1355,4914
0063,22:40,1360,4914
0063,22:45,1365,4914
0063,22:50,1370,4914
0063,22:55,1375,4914
0063,23:00,1380,4914
0063,23:05,1385,4914
0063,23:10,1390,4914
0063,23:15,1395,4914
0063,23:16,1396,4914
0063,23:20,1400,4914
0064,09:00,540,0
0064,09:05,545,0
0064,09:10,550,0
0064,09:15,555,0
0064,09:20,560,0
0064,09:25,565,0
0064,09:30,570,0
0064,09:35,575,0
0064,09:40,580,0
0064,09:45,585,0
0064,09:50,590,0
0064,09:55,595,0
0064,10:00,600,0
0064,10:05,605,0
0064,10:10,610,0
0064,10:15,615,0
0064,10:20,620,0
0064,10:25,625,-255
0064,10:30,630,-255
0064,10:35,635,-255
0064,10:40,640,-1277
0064,10:45,645,-1277
0064,10:50,650,-1277
0064,10:55,655,-1277
0064,11:00,660,-2298
0064,11:05,665,-2298
0064,11:10,670,-2809
0064,11:15,675,-2809
0064,11:20,680,-2809
0064,11:25,685,-2809
0064,11:30,690,-1532
0064,11:35,695,-1532
0064,11:40,700,-1532
0064,11:45,705,992
0064,11:50,710,992
0064,11:55,715,992
0064,12:00,720,992
0064,12:05,725,-255
0064,12:10,730,-255
0064,12:15,735,-255
0064,12:20,740,-255
0064,12:25,745,-255
0064,12:30,750,-1532
0064,12:35,755,-1532
0064,12:40,760,-1532
0064,12:45,765,-1532
0064,12:50,770,-3064
0064,12:55,775,-3064
0064,13:00,780,-3064
0064,13:05,785,-4085
0064,13:10,790,-4085
0064,13:15,795,-4085
0064,13:20,800,-4085
0064,13:25,805,-5617
0064,13:30,810,-5617
0064,13:35,815,-5617
0064,13:40,820,-5617
0064,13:45,825,-5617
0064,13:50,830,-6894
0064,13:55,835,-6894
0064,14:00,840,-6894
0064,14:05,845,-6894
0064,14:10,850,-7915
0064,14:15,855,-7915
0064,14:20,860,-7915
0064,14:25,865,-7915
0064,14:30,870,-9447
0064,14:35,875,-9447
0064,14:40,880,-9447
0064,14:45,885,-7149
0064,14:50,890,-7149
0064,14:55,895,-7149
0064,15:00,900,-7149
0064,15:05,905,-7149
0064,15:10,910,-8426
0064,15:15,915,-8426
0064,15:20,920,-8426
0064,15:25,925,-8426
0064,15:30,930,-9957
0064,15:35,935,-9957
0064,15:40,940,-9957
0064,15:45,945,-11489
0064,15:50,950,-11489
0064,15:55,955,-11489
0064,16:00,960,-11489
0064,16:05,965,-11489
0064,16:10,970,-12511
0064,16:15,975,-12511
0064,16:20,980,-12511
0064,16:25,985,-12511
0064,16:30,990,-12255
0064,16:35,995,-12255
0064,16:40,1000,-12255
0064,16:45,1005,-12255
0064,16:50,1010,-13277
0064,16:55,1015,-13277
0064,17:00,1020,-13277
0064,17:05,1025,-14553
0064,17:10,1030,-14553
0064,17:15,1035,-14553
0064,17:20,1040,-14553
0064,17:25,1045,-14553
0064,17:30,1050,-16085
0064,17:35,1055,-16085
0064,17:40,1060,-16085
0064,17:45,1065,-16085
0064,17:50,1070,-11234
0064,17:55,1075,-11234
0064,18:00,1080,-11234
0064,18:05,1085,-11234
0064,18:10,1090,-8681
0064,18:15,1095,-8681
0064,18:20,1100,-8681
0064,18:25,1105,-9957
0064,18:30,1110,-9957
0064,18:35,1115,-9957
0064,18:40,1120,-9957
0064,18:45,1125,-9957
0064,18:50,1130,-11489
0064,18:55,1135,-11489
0064,19:00,1140,-11489
0064,19:05,1145,-11489
0064,19:10,1150,-12766
0064,19:15,1155,-12766
0064,19:20,1160,-12766
0064,19:25,1165,-14298
0064,19:30,1170,-14298
0064,19:35,1175,-14298
0064,19:40,1180,-14298
0064,19:45,1185,-15830
0064,19:50,1190,-15830
0064,19:55,1195,-15830
0064,20:00,1200,-15830
0064,20:05,1205,-15830
0064,20:10,1210,-17106
0064,20:15,1215,-17106
0064,20:20,1220,-17106
0064,20:25,1225,-17106
0064,20:30,1230,-18638
0064,20:35,1235,-18638
0064,20:40,1240,-18638
0064,20:45,1245,-19660
0064,20:50,1250,-19660
0064,20:55,1255,-19660
0064,21:00,1260,-19660
0064,21:05,1265,-19660
0064,21:10,1270,-19915
0064,21:15,1275,-19915
0064,21:20,1280,-19915
0064,21:25,1285,-19915
0064,21:30,1290,-20426
0064,21:35,1295,-20426
0064,21:40,1300,-20426
0064,21:45,1305,-21191
0064,21:50,1310,-21191
0064,21:55,1315,-21191
0064,22:00,1320,-21191
0064,22:05,1325,-21191
0064,22:10,1330,-21191
0064,22:15,1335,-21191
0064,22:20,1340,-21191
0064,22:25,1345,-21191
0064,22:30,1350,-21191
0064,22:35,1355,-21191
0064,22:40,1360,-21191
0064,22:45,1365,-21191
0064,22:50,1370,-21191
0064,22:55,1375,-21191
0064,23:00,1380,-21191
0064,23:05,1385,-21191
0064,23:10,1390,-21191
0064,23:15,1395,-21191
0064,23:16,1396,-21191
0064,23:20,1400,-21191
0065,09:00,540,0
0065,09:05,545,0
0065,09:10,550,0
0065,09:15,555,0
0065,09:20,560,0
0065,09:25,565,0
0065,09:30,570,0
0065,09:35,575,0
0065,09:40,580,0
0065,09:45,585,0
0065,09:50,590,0
0065,09:55,595,0
0065,10:00,600,0
0065,10:05,605,0
0065,10:10,610,0
0065,10:15,615,0
0065,10:20,620,0
0065,10:25,625,0
0065,10:30,630,0
0065,10:35,635,0
0065,10:40,640,0
0065,10:45,645,0
0065,10:50,650,0
0065,10:55,655,0
0065,11:00,660,-1067
0065,11:05,665,-1067
0065,11:10,670,-1600
0065,11:15,675,-1600
0065,11:20,680,-1600
0065,11:25,685,-1600
0065,11:30,690,-2489
0065,11:35,695,-2489
0065,11:40,700,-2489
0065,11:45,705,-2489
0065,11:50,710,-2489
0065,11:55,715,-2489
0065,12:00,720,-2489
0065,12:05,725,-2489
0065,12:10,730,-2489
0065,12:15,735,-2489
0065,12:20,740,-2489
0065,12:25,745,-2489
0065,12:30,750,-2489
0065,12:35,755,-2489
0065,12:40,760,-2489
0065,12:45,765,-2489
0065,12:50,770,-2489
0065,12:55,775,-2489
0065,13:00,780,-2489
0065,13:05,785,-2844
0065,13:10,790,-2844
0065,13:15,795,-2844
0065,13:20,800,-2844
0065,13:25,805,-4089
0065,13:30,810,-4089
0065,13:35,815,-4089
0065,13:40,820,-4089
0065,13:45,825,-4089
0065,13:50,830,-5333
0065,13:55,835,-5333
0065,14:00,840,-5333
0065,14:05,845,-5333
0065,14:10,850,-6044
0065,14:15,855,-6044
0065,14:20,860,-6044
0065,14:25,865,-6044
0065,14:30,870,-6756
0065,14:35,875,-6756
0065,14:40,880,-6756
0065,14:45,885,-5867
0065,14:50,890,-5867
0065,14:55,895,-5867
0065,15:00,900,-5867
0065,15:05,905,-5867
0065,15:10,910,-7111
0065,15:15,915,-7111
0065,15:20,920,-7111
0065,15:25,925,-7111
0065,15:30,930,-6756
0065,15:35,935,-6756
0065,15:40,940,-6756
0065,15:45,945,-8000
0065,15:50,950,-8000
0065,15:55,955,-8000
0065,16:00,960,-8000
0065,16:05,965,-8000
0065,16:10,970,-9067
0065,16:15,975,-9067
0065,16:20,980,-9067
0065,16:25,985,-9067
0065,16:30,990,-10311
0065,16:35,995,-10311
0065,16:40,1000,-10311
0065,16:45,1005,-10311
0065,16:50,1010,-11378
0065,16:55,1015,-11378
0065,17:00,1020,-11378
0065,17:05,1025,-5867
0065,17:10,1030,-5867
0065,17:15,1035,-5867
0065,17:20,1040,-5867
0065,17:25,1045,-5867
0065,17:30,1050,-6578
0065,17:35,1055,-6578
0065,17:40,1060,-6578
0065,17:45,1065,-6578
0065,17:50,1070,-5867
0065,17:55,1075,-5867
0065,18:00,1080,-5867
0065,18:05,1085,-5867
0065,18:10,1090,-4800
0065,18:15,1095,-4800
0065,18:20,1100,-4800
0065,18:25,1105,-6222
0065,18:30,1110,-6222
0065,18:35,1115,-6222
0065,18:40,1120,-6222
0065,18:45,1125,-6222
0065,18:50,1130,-7111
0065,18:55,1135,-7111
0065,19:00,1140,-7111
0065,19:05,1145,-7111
0065,19:10,1150,-7644
0065,19:15,1155,-7644
0065,19:20,1160,-7644
0065,19:25,1165,-8000
0065,19:30,1170,-8000
0065,19:35,1175,-8000
0065,19:40,1180,-8000
0065,19:45,1185,-8533
0065,19:50,1190,-8533
0065,19:55,1195,-8533
0065,20:00,1200,-8533
0065,20:05,1205,-8533
0065,20:10,1210,-8711
0065,20:15,1215,-8711
0065,20:20,1220,-8711
0065,20:25,1225,-8711
0065,20:30,1230,-6044
0065,20:35,1235,-6044
0065,20:40,1240,-6044
0065,20:45,1245,-7289
0065,20:50,1250,-7289
0065,20:55,1255,-7289
0065,21:00,1260,-7289
0065,21:05,1265,-7289
0065,21:10,1270,-8000
0065,21:15,1275,-8000
0065,21:20,1280,-8000
0065,21:25,1285,-8000
0065,21:30,1290,-8178
0065,21:35,1295,-8178
0065,21:40,1300,-8178
0065,21:45,1305,-8711
0065,21:50,1310,-8711
0065,21:55,1315,-8711
0065,22:00,1320,-8711
0065,22:05,1325,-9600
0065,22:10,1330,-9600
0065,22:15,1335,-9600
0065,22:20,1340,-9600
0065,22:25,1345,-9600
0065,22:30,1350,-9956
0065,22:35,1355,-9956
0065,22:40,1360,-9956
0065,22:45,1365,-9956
0065,22:50,1370,-9956
0065,22:55,1375,-9956
0065,23:00,1380,-9956
0065,23:05,1385,-9956
0065,23:10,1390,-9956
0065,23:15,1395,-9956
0065,23:16,1396,-9956
0065,23:20,1400,-9956
0066,09:00,540,0
0066,09:05,545,0
0066,09:10,550,0
0066,09:15,555,0
0066,09:20,560,0
0066,09:25,565,0
0066,09:30,570,0
0066,09:35,575,0
0066,09:40,580,0
0066,09:45,585,0
0066,09:50,590,0
0066,09:55,595,0
0066,10:00,600,0
0066,10:05,605,0
0066,10:10,610,0
0066,10:15,615,0
0066,10:20,620,0
0066,10:25,625,0
0066,10:30,630,0
0066,10:35,635,0
0066,10:40,640,-178
0066,10:45,645,-178
0066,10:50,650,-178
0066,10:55,655,-178
0066,11:00,660,-178
0066,11:05,665,-178
0066,11:10,670,-178
0066,11:15,675,-178
0066,11:20,680,-178
0066,11:25,685,-178
0066,11:30,690,-533
0066,11:35,695,-533
0066,11:40,700,-533
0066,11:45,705,-533
0066,11:50,710,-533
0066,11:55,715,-533
0066,12:00,720,-533
0066,12:05,725,690
0066,12:10,730,690
0066,12:15,735,690
0066,12:20,740,690
0066,12:25,745,690
0066,12:30,750,3276
0066,12:35,755,3276
0066,12:40,760,3276
0066,12:45,765,3276
0066,12:50,770,2241
0066,12:55,775,2241
0066,13:00,780,2241
0066,13:05,785,862
0066,13:10,790,862
0066,13:15,795,862
0066,13:20,800,862
0066,13:25,805,0
0066,13:30,810,0
0066,13:35,815,0
0066,13:40,820,0
0066,13:45,825,0
0066,13:50,830,-533
0066,13:55,835,-533
0066,14:00,840,-533
0066,14:05,845,-533
0066,14:10,850,-711
0066,14:15,855,-711
0066,14:20,860,-711
0066,14:25,865,-711
0066,14:30,870,-1600
0066,14:35,875,-1600
0066,14:40,880,-1600
0066,14:45,885,-3022
0066,14:50,890,-3022
0066,14:55,895,-3022
0066,15:00,900,-3022
0066,15:05,905,-3022
0066,15:10,910,-4089
0066,15:15,915,-4089
0066,15:20,920,-4089
0066,15:25,925,-4089
0066,15:30,930,2414
0066,15:35,935,2414
0066,15:40,940,2414
0066,15:45,945,8966
0066,15:50,950,8966
0066,15:55,955,8966
0066,16:00,960,8966
0066,16:05,965,8966
0066,16:10,970,8276
0066,16:15,975,8276
0066,16:20,980,8276
0066,16:25,985,8276
0066,16:30,990,8448
0066,16:35,995,8448
0066,16:40,1000,8448
0066,16:45,1005,8448
0066,16:50,1010,8621
0066,16:55,1015,8621
0066,17:00,1020,8621
0066,17:05,1025,12586
0066,17:10,1030,12586
0066,17:15,1035,12586
0066,17:20,1040,12586
0066,17:25,1045,12586
0066,17:30,1050,11897
0066,17:35,1055,11897
0066,17:40,1060,11897
0066,17:45,1065,11897
0066,17:50,1070,10345
0066,17:55,1075,10345
0066,18:00,1080,10345
0066,18:05,1085,10345
0066,18:10,1090,9138
0066,18:15,1095,9138
0066,18:20,1100,9138
0066,18:25,1105,7931
0066,18:30,1110,7931
0066,18:35,1115,7931
0066,18:40,1120,7931
0066,18:45,1125,7931
0066,18:50,1130,6724
0066,18:55,1135,6724
0066,19:00,1140,6724
0066,19:05,1145,6724
0066,19:10,1150,7414
0066,19:15,1155,7414
0066,19:20,1160,7414
0066,19:25,1165,5862
0066,19:30,1170,5862
0066,19:35,1175,5862
0066,19:40,1180,5862
0066,19:45,1185,5517
0066,19:50,1190,5517
0066,19:55,1195,5517
0066,20:00,1200,5517
0066,20:05,1205,5517
0066,20:10,1210,5345
0066,20:15,1215,5345
0066,20:20,1220,5345
0066,20:25,1225,5345
0066,20:30,1230,5345
0066,20:35,1235,5345
0066,20:40,1240,5345
0066,20:45,1245,5345
0066,20:50,1250,5345
0066,20:55,1255,5345
0066,21:00,1260,5345
0066,21:05,1265,5345
0066,21:10,1270,5345
0066,21:15,1275,5345
0066,21:20,1280,5345
0066,21:25,1285,5345
0066,21:30,1290,5172
0066,21:35,1295,5172
0066,21:40,1300,5172
0066,21:45,1305,4310
0066,21:50,1310,4310
0066,21:55,1315,4310
0066,22:00,1320,4310
0066,22:05,1325,4310
0066,22:10,1330,4310
0066,22:15,1335,4310
0066,22:20,1340,4310
0066,22:25,1345,4310
0066,22:30,1350,4310
0066,22:35,1355,4310
0066,22:40,1360,4310
0066,22:45,1365,4310
0066,22:50,1370,4310
0066,22:55,1375,4310
0066,23:00,1380,4310
0066,23:05,1385,4310
0066,23:10,1390,4310
0066,23:15,1395,4310
0066,23:16,1396,4310
0066,23:20,1400,4310
0067,09:00,540,0
0067,09:05,545,0
0067,09:10,550,0
0067,09:15,555,0
0067,09:20,560,0
0067,09:25,565,0
0067,09:30,570,0
0067,09:35,575,0
0067,09:40,580,0
0067,09:45,585,0
0067,09:50,590,0
0067,09:55,595,0
0067,10:00,600,0
0067,10:05,605,0
0067,10:10,610,0
0067,10:15,615,0
0067,10:20,620,0
0067,10:25,625,0
0067,10:30,630,0
0067,10:35,635,0
0067,10:40,640,0
0067,10:45,645,0
0067,10:50,650,0
0067,10:55,655,0
0067,11:00,660,172
0067,11:05,665,172
0067,11:10,670,2241
0067,11:15,675,2241
0067,11:20,680,2241
0067,11:25,685,2241
0067,11:30,690,1207
0067,11:35,695,1207
0067,11:40,700,1207
0067,11:45,705,4828
0067,11:50,710,4828
0067,11:55,715,4828
0067,12:00,720,4828
0067,12:05,725,3966
0067,12:10,730,3966
0067,12:15,735,3966
0067,12:20,740,3966
0067,12:25,745,3966
0067,12:30,750,2414
0067,12:35,755,2414
0067,12:40,760,2414
0067,12:45,765,2414
0067,12:50,770,4310
0067,12:55,775,4310
0067,13:00,780,4310
0067,13:05,785,3448
0067,13:10,790,3448
0067,13:15,795,3448
0067,13:20,800,3448
0067,13:25,805,1724
0067,13:30,810,1724
0067,13:35,815,1724
0067,13:40,820,1724
0067,13:45,825,1724
0067,13:50,830,517
0067,13:55,835,517
0067,14:00,840,517
0067,14:05,845,517
0067,14:10,850,4138
0067,14:15,855,4138
0067,14:20,860,4138
0067,14:25,865,4138
0067,14:30,870,3103
0067,14:35,875,3103
0067,14:40,880,3103
0067,14:45,885,7069
0067,14:50,890,7069
0067,14:55,895,7069
0067,15:00,900,7069
0067,15:05,905,7069
0067,15:10,910,9483
0067,15:15,915,9483
0067,15:20,920,9483
0067,15:25,925,9483
0067,15:30,930,11897
0067,15:35,935,11897
0067,15:40,940,11897
0067,15:45,945,12414
0067,15:50,950,12414
0067,15:55,955,12414
0067,16:00,960,12414
0067,16:05,965,12414
0067,16:10,970,11379
0067,16:15,975,11379
0067,16:20,980,11379
0067,16:25,985,11379
0067,16:30,990,10172
0067,16:35,995,10172
0067,16:40,1000,10172
0067,16:45,1005,10172
0067,16:50,1010,9310
0067,16:55,1015,9310
0067,17:00,1020,9310
0067,17:05,1025,8448
0067,17:10,1030,8448
0067,17:15,1035,8448
0067,17:20,1040,8448
0067,17:25,1045,8448
0067,17:30,1050,7931
0067,17:35,1055,7931
0067,17:40,1060,7931
0067,17:45,1065,7931
0067,17:50,1070,7069
0067,17:55,1075,7069
0067,18:00,1080,7069
0067,18:05,1085,7069
0067,18:10,1090,6207
0067,18:15,1095,6207
0067,18:20,1100,6207
0067,18:25,1105,5690
0067,18:30,1110,5690
0067,18:35,1115,5690
0067,18:40,1120,5690
0067,18:45,1125,5690
0067,18:50,1130,4828
0067,18:55,1135,4828
0067,19:00,1140,4828
0067,19:05,1145,4828
0067,19:10,1150,3621
0067,19:15,1155,3621
0067,19:20,1160,3621
0067,19:25,1165,2241
0067,19:30,1170,2241
0067,19:35,1175,2241
0067,19:40,1180,2241
0067,19:45,1185,3103
0067,19:50,1190,3103
0067,19:55,1195,3103
0067,20:00,1200,3103
0067,20:05,1205,3103
0067,20:10,1210,2759
0067,20:15,1215,2759
0067,20:20,1220,2759
0067,20:25,1225,2759
0067,20:30,1230,1724
0067,20:35,1235,1724
0067,20:40,1240,1724
0067,20:45,1245,2931
0067,20:50,1250,2931
0067,20:55,1255,2931
0067,21:00,1260,2931
0067,21:05,1265,2931
0067,21:10,1270,2414
0067,21:15,1275,2414
0067,21:20,1280,2414
0067,21:25,1285,2414
0067,21:30,1290,1552
0067,21:35,1295,1552
0067,21:40,1300,1552
0067,21:45,1305,1552
0067,21:50,1310,1552
0067,21:55,1315,1552
0067,22:00,1320,1552
0067,22:05,1325,1552
0067,22:10,1330,1552
0067,22:15,1335,1552
0067,22:20,1340,1552
0067,22:25,1345,1552
0067,22:30,1350,1552
0067,22:35,1355,1552
0067,22:40,1360,1552
0067,22:45,1365,1552
0067,22:50,1370,1552
0067,22:55,1375,1552
0067,23:00,1380,1552
0067,23:05,1385,1552
0067,23:10,1390,1552
0067,23:15,1395,1552
0067,23:16,1396,1552
0067,23:20,1400,1552
0068,09:00,540,0
0068,09:05,545,0
0068,09:10,550,0
0068,09:15,555,0
0068,09:20,560,0
0068,09:25,565,0
0068,09:30,570,0
0068,09:35,575,0
0068,09:40,580,0
0068,09:45,585,0
0068,09:50,590,0
0068,09:55,595,0
0068,10:00,600,0
0068,10:05,605,0
0068,10:10,610,-178
0068,10:15,615,-178
0068,10:20,620,-178
0068,10:25,625,-889
0068,10:30,630,-889
0068,10:35,635,-889
0068,10:40,640,-2044
0068,10:45,645,-2044
0068,10:50,650,-2044
0068,10:55,655,-2044
0068,11:00,660,-3111
0068,11:05,665,-3111
0068,11:10,670,-3467
0068,11:15,675,-3467
0068,11:20,680,-3467
0068,11:25,685,-3467
0068,11:30,690,-356
0068,11:35,695,-356
0068,11:40,700,-356
0068,11:45,705,3707
0068,11:50,710,3707
0068,11:55,715,3707
0068,12:00,720,3707
0068,12:05,725,2845
0068,12:10,730,2845
0068,12:15,735,2845
0068,12:20,740,2845
0068,12:25,745,2845
0068,12:30,750,1379
0068,12:35,755,1379
0068,12:40,760,1379
0068,12:45,765,1379
0068,12:50,770,0
0068,12:55,775,0
0068,13:00,780,0
0068,13:05,785,-1156
0068,13:10,790,-1156
0068,13:15,795,-1156
0068,13:20,800,-1156
0068,13:25,805,-1867
0068,13:30,810,-1867
0068,13:35,815,-1867
0068,13:40,820,-1867
0068,13:45,825,-1867
0068,13:50,830,-1067
0068,13:55,835,-1067
0068,14:00,840,-1067
0068,14:05,845,-1067
0068,14:10,850,-2222
0068,14:15,855,-2222
0068,14:20,860,-2222
0068,14:25,865,-2222
0068,14:30,870,-267
0068,14:35,875,-267
0068,14:40,880,-267
0068,14:45,885,-1067
0068,14:50,890,-1067
0068,14:55,895,-1067
0068,15:00,900,-1067
0068,15:05,905,-1067
0068,15:10,910,-1956
0068,15:15,915,-1956
0068,15:20,920,-1956
0068,15:25,925,-1956
0068,15:30,930,-3289
0068,15:35,935,-3289
0068,15:40,940,-3289
0068,15:45,945,-3822
0068,15:50,950,-3822
0068,15:55,955,-3822
0068,16:00,960,-3822
0068,16:05,965,-3822
0068,16:10,970,-5156
0068,16:15,975,-5156
0068,16:20,980,-5156
0068,16:25,985,-5156
0068,16:30,990,-6756
0068,16:35,995,-6756
0068,16:40,1000,-6756
0068,16:45,1005,-6756
0068,16:50,1010,-8356
0068,16:55,1015,-8356
0068,17:00,1020,-8356
0068,17:05,1025,-2756
0068,17:10,1030,-2756
0068,17:15,1035,-2756
0068,17:20,1040,-2756
0068,17:25,1045,-2756
0068,17:30,1050,-533
0068,17:35,1055,-533
0068,17:40,1060,-533
0068,17:45,1065,-533
0068,17:50,1070,-1422
0068,17:55,1075,-1422
0068,18:00,1080,-1422
0068,18:05,1085,-1422
0068,18:10,1090,-2844
0068,18:15,1095,-2844
0068,18:20,1100,-2844
0068,18:25,1105,-3289
0068,18:30,1110,-3289
0068,18:35,1115,-3289
0068,18:40,1120,-3289
0068,18:45,1125,-3289
0068,18:50,1130,-4000
0068,18:55,1135,-4000
0068,19:00,1140,-4000
0068,19:05,1145,-4000
0068,19:10,1150,-5156
0068,19:15,1155,-5156
0068,19:20,1160,-5156
0068,19:25,1165,-4356
0068,19:30,1170,-4356
0068,19:35,1175,-4356
0068,19:40,1180,-4356
0068,19:45,1185,-711
0068,19:50,1190,-711
0068,19:55,1195,-711
0068,20:00,1200,-711
0068,20:05,1205,-711
0068,20:10,1210,-1067
0068,20:15,1215,-1067
0068,20:20,1220,-1067
0068,20:25,1225,-1067
0068,20:30,1230,-1333
0068,20:35,1235,-1333
0068,20:40,1240,-1333
0068,20:45,1245,-1511
0068,20:50,1250,-1511
0068,20:55,1255,-1511
0068,21:00,1260,-1511
0068,21:05,1265,-1511
0068,21:10,1270,-267
0068,21:15,1275,-267
0068,21:20,1280,-267
0068,21:25,1285,-267
0068,21:30,1290,-267
0068,21:35,1295,-267
0068,21:40,1300,-267
0068,21:45,1305,-267
0068,21:50,1310,-267
0068,21:55,1315,-267
0068,22:00,1320,-267
0068,22:05,1325,-356
0068,22:10,1330,-356
0068,22:15,1335,-356
0068,22:20,1340,-356
0068,22:25,1345,-356
0068,22:30,1350,-356
0068,22:35,1355,-356
0068,22:40,1360,-356
0068,22:45,1365,-356
0068,22:50,1370,-356
0068,22:55,1375,-356
0068,23:00,1380,-356
0068,23:05,1385,-356
0068,23:10,1390,-356
0068,23:15,1395,-356
0068,23:16,1396,-356
0068,23:20,1400,-356
0069,09:00,540,0
0069,09:05,545,0
0069,09:10,550,0
0069,09:15,555,0
0069,09:20,560,0
0069,09:25,565,0
0069,09:30,570,0
0069,09:35,575,0
0069,09:40,580,0
0069,09:45,585,0
0069,09:50,590,0
0069,09:55,595,0
0069,10:00,600,0
0069,10:05,605,0
0069,10:10,610,0
0069,10:15,615,0
0069,10:20,620,0
0069,10:25,625,0
0069,10:30,630,0
0069,10:35,635,0
0069,10:40,640,-1277
0069,10:45,645,-1277
0069,10:50,650,-1277
0069,10:55,655,-1277
0069,11:00,660,-2298
0069,11:05,665,-2298
0069,11:10,670,-2298
0069,11:15,675,-2298
0069,11:20,680,-2298
0069,11:25,685,-2298
0069,11:30,690,-2553
0069,11:35,695,-2553
0069,11:40,700,-2553
0069,11:45,705,-2553
0069,11:50,710,-2553
0069,11:55,715,-2553
0069,12:00,720,-2553
0069,12:05,725,-2553
0069,12:10,730,-2553
0069,12:15,735,-2553
0069,12:20,740,-2553
0069,12:25,745,-2553
0069,12:30,750,-2553
0069,12:35,755,-2553
0069,12:40,760,-2553
0069,12:45,765,-2553
0069,12:50,770,-2809
0069,12:55,775,-2809
0069,13:00,780,-2809
0069,13:05,785,-4085
0069,13:10,790,-4085
0069,13:15,795,-4085
0069,13:20,800,-4085
0069,13:25,805,-4340
0069,13:30,810,-4340
0069,13:35,815,-4340
0069,13:40,820,-4340
0069,13:45,825,-4340
0069,13:50,830,-5106
0069,13:55,835,-5106
0069,14:00,840,-5106
0069,14:05,845,-5106
0069,14:10,850,-5362
0069,14:15,855,-5362
0069,14:20,860,-5362
0069,14:25,865,-5362
0069,14:30,870,-6383
0069,14:35,875,-6383
0069,14:40,880,-6383
0069,14:45,885,-7404
0069,14:50,890,-7404
0069,14:55,895,-7404
0069,15:00,900,-7404
0069,15:05,905,-7404
0069,15:10,910,-2298
0069,15:15,915,-2298
0069,15:20,920,-2298
0069,15:25,925,-2298
0069,15:30,930,2727
0069,15:35,935,2727
0069,15:40,940,2727
0069,15:45,945,7438
0069,15:50,950,7438
0069,15:55,955,7438
0069,16:00,960,7438
0069,16:05,965,7438
0069,16:10,970,7686
0069,16:15,975,7686
0069,16:20,980,7686
0069,16:25,985,7686
0069,16:30,990,6694
0069,16:35,995,6694
0069,16:40,1000,6694
0069,16:45,1005,6694
0069,16:50,1010,5702
0069,16:55,1015,5702
0069,17:00,1020,5702
0069,17:05,1025,6694
0069,17:10,1030,6694
0069,17:15,1035,6694
0069,17:20,1040,6694
0069,17:25,1045,6694
0069,17:30,1050,5455
0069,17:35,1055,5455
0069,17:40,1060,5455
0069,17:45,1065,5455
0069,17:50,1070,4215
0069,17:55,1075,4215
0069,18:00,1080,4215
0069,18:05,1085,4215
0069,18:10,1090,6694
0069,18:15,1095,6694
0069,18:20,1100,6694
0069,18:25,1105,5702
0069,18:30,1110,5702
0069,18:35,1115,5702
0069,18:40,1120,5702
0069,18:45,1125,5702
0069,18:50,1130,4463
0069,18:55,1135,4463
0069,19:00,1140,4463
0069,19:05,1145,4463
0069,19:10,1150,5207
0069,19:15,1155,5207
0069,19:20,1160,5207
0069,19:25,1165,13140
0069,19:30,1170,13140
0069,19:35,1175,13140
0069,19:40,1180,13140
0069,19:45,1185,20083
0069,19:50,1190,20083
0069,19:55,1195,20083
0069,20:00,1200,20083
0069,20:05,1205,20083
0069,20:10,1210,25289
0069,20:15,1215,25289
0069,20:20,1220,25289
0069,20:25,1225,25289
0069,20:30,1230,24545
0069,20:35,1235,24545
0069,20:40,1240,24545
0069,20:45,1245,24545
0069,20:50,1250,24545
0069,20:55,1255,24545
0069,21:00,1260,24545
0069,21:05,1265,24545
0069,21:10,1270,24298
0069,21:15,1275,24298
0069,21:20,1280,24298
0069,21:25,1285,24298
0069,21:30,1290,24298
0069,21:35,1295,24298
0069,21:40,1300,24298
0069,21:45,1305,23554
0069,21:50,1310,23554
0069,21:55,1315,23554
0069,22:00,1320,23554
0069,22:05,1325,23554
0069,22:10,1330,23554
0069,22:15,1335,23554
0069,22:20,1340,23554
0069,22:25,1345,23554
0069,22:30,1350,23554
0069,22:35,1355,23554
0069,22:40,1360,23554
0069,22:45,1365,23554
0069,22:50,1370,23554
0069,22:55,1375,23554
0069,23:00,1380,23554
0069,23:05,1385,23554
0069,23:10,1390,23554
0069,23:15,1395,23554
0069,23:16,1396,23554
0069,23:20,1400,23554
0070,09:00,540,0
0070,09:05,545,0
0070,09:10,550,0
0070,09:15,555,0
0070,09:20,560,0
0070,09:25,565,0
0070,09:30,570,0
0070,09:35,575,0
0070,09:40,580,0
0070,09:45,585,0
0070,09:50,590,0
0070,09:55,595,0
0070,10:00,600,0
0070,10:05,605,0
0070,10:10,610,0
0070,10:15,615,0
0070,10:20,620,0
0070,10:25,625,0
0070,10:30,630,0
0070,10:35,635,0
0070,10:40,640,0
0070,10:45,645,0
0070,10:50,650,0
0070,10:55,655,0
0070,11:00,660,-178
0070,11:05,665,-178
0070,11:10,670,-178
0070,11:15,675,-178
0070,11:20,680,-178
0070,11:25,685,-178
0070,11:30,690,-711
0070,11:35,695,-711
0070,11:40,700,-711
0070,11:45,705,4483
0070,11:50,710,4483
0070,11:55,715,4483
0070,12:00,720,4483
0070,12:05,725,10000
0070,12:10,730,10000
0070,12:15,735,10000
0070,12:20,740,10000
0070,12:25,745,10000
0070,12:30,750,9483
0070,12:35,755,9483
0070,12:40,760,9483
0070,12:45,765,9483
0070,12:50,770,9483
0070,12:55,775,9483
0070,13:00,780,9483
0070,13:05,785,9483
0070,13:10,790,9483
0070,13:15,795,9483
0070,13:20,800,9483
0070,13:25,805,8966
0070,13:30,810,8966
0070,13:35,815,8966
0070,13:40,820,8966
0070,13:45,825,8966
0070,13:50,830,7414
0070,13:55,835,7414
0070,14:00,840,7414
0070,14:05,845,7414
0070,14:10,850,6724
0070,14:15,855,6724
0070,14:20,860,6724
0070,14:25,865,6724
0070,14:30,870,7586
0070,14:35,875,7586
0070,14:40,880,7586
0070,14:45,885,7414
0070,14:50,890,7414
0070,14:55,895,7414
0070,15:00,900,7414
0070,15:05,905,7414
0070,15:10,910,10345
0070,15:15,915,10345
0070,15:20,920,10345
0070,15:25,925,10345
0070,15:30,930,10000
0070,15:35,935,10000
0070,15:40,940,10000
0070,15:45,945,8793
0070,15:50,950,8793
0070,15:55,955,8793
0070,16:00,960,8793
0070,16:05,965,8793
0070,16:10,970,7586
0070,16:15,975,7586
0070,16:20,980,7586
0070,16:25,985,7586
0070,16:30,990,6724
0070,16:35,995,6724
0070,16:40,1000,6724
0070,16:45,1005,6724
0070,16:50,1010,5172
0070,16:55,1015,5172
0070,17:00,1020,5172
0070,17:05,1025,4310
0070,17:10,1030,4310
0070,17:15,1035,4310
0070,17:20,1040,4310
0070,17:25,1045,4310
0070,17:30,1050,4655
0070,17:35,1055,4655
0070,17:40,1060,4655
0070,17:45,1065,4655
0070,17:50,1070,5345
0070,17:55,1075,5345
0070,18:00,1080,5345
0070,18:05,1085,5345
0070,18:10,1090,6379
0070,18:15,1095,6379
0070,18:20,1100,6379
0070,18:25,1105,4828
0070,18:30,1110,4828
0070,18:35,1115,4828
0070,18:40,1120,4828
0070,18:45,1125,4828
0070,18:50,1130,3448
0070,18:55,1135,3448
0070,19:00,1140,3448
0070,19:05,1145,3448
0070,19:10,1150,2069
0070,19:15,1155,2069
0070,19:20,1160,2069
0070,19:25,1165,1034
0070,19:30,1170,1034
0070,19:35,1175,1034
0070,19:40,1180,1034
0070,19:45,1185,690
0070,19:50,1190,690
0070,19:55,1195,690
0070,20:00,1200,690
0070,20:05,1205,690
0070,20:10,1210,1552
0070,20:15,1215,1552
0070,20:20,1220,1552
0070,20:25,1225,1552
0070,20:30,1230,1207
0070,20:35,1235,1207
0070,20:40,1240,1207
0070,20:45,1245,1207
0070,20:50,1250,1207
0070,20:55,1255,1207
0070,21:00,1260,1207
0070,21:05,1265,1207
0070,21:10,1270,1207
0070,21:15,1275,1207
0070,21:20,1280,1207
0070,21:25,1285,1207
0070,21:30,1290,1207
0070,21:35,1295,1207
0070,21:40,1300,1207
0070,21:45,1305,1207
0070,21:50,1310,1207
0070,21:55,1315,1207
0070,22:00,1320,1207
0070,22:05,1325,1207
0070,22:10,1330,1207
0070,22:15,1335,1207
0070,22:20,1340,1207
0070,22:25,1345,1207
0070,22:30,1350,1207
0070,22:35,1355,1207
0070,22:40,1360,1207
0070,22:45,1365,1207
0070,22:50,1370,1207
0070,22:55,1375,1207
0070,23:00,1380,1207
0070,23:05,1385,1207
0070,23:10,1390,1207
0070,23:15,1395,1207
0070,23:16,1396,1207
0070,23:20,1400,1207
0071,09:00,540,0
0071,09:05,545,0
0071,09:10,550,0
0071,09:15,555,0
0071,09:20,560,0
0071,09:25,565,0
0071,09:30,570,0
0071,09:35,575,0
0071,09:40,580,0
0071,09:45,585,0
0071,09:50,590,0
0071,09:55,595,0
0071,10:00,600,0
0071,10:05,605,0
0071,10:10,610,0
0071,10:15,615,0
0071,10:20,620,0
0071,10:25,625,0
0071,10:30,630,0
0071,10:35,635,0
0071,10:40,640,0
0071,10:45,645,0
0071,10:50,650,0
0071,10:55,655,0
0071,11:00,660,0
0071,11:05,665,0
0071,11:10,670,0
0071,11:15,675,0
0071,11:20,680,0
0071,11:25,685,0
0071,11:30,690,-511
0071,11:35,695,-511
0071,11:40,700,-511
0071,11:45,705,-511
0071,11:50,710,-511
0071,11:55,715,-511
0071,12:00,720,-511
0071,12:05,725,-511
0071,12:10,730,-511
0071,12:15,735,-511
0071,12:20,740,-511
0071,12:25,745,-511
0071,12:30,750,-1277
0071,12:35,755,-1277
0071,12:40,760,-1277
0071,12:45,765,-1277
0071,12:50,770,2231
0071,12:55,775,2231
0071,13:00,780,2231
0071,13:05,785,6694
0071,13:10,790,6694
0071,13:15,795,6694
0071,13:20,800,6694
0071,13:25,805,14628
0071,13:30,810,14628
0071,13:35,815,14628
0071,13:40,820,14628
0071,13:45,825,14628
0071,13:50,830,13884
0071,13:55,835,13884
0071,14:00,840,13884
0071,14:05,845,13884
0071,14:10,850,12645
0071,14:15,855,12645
0071,14:20,860,12645
0071,14:25,865,12645
0071,14:30,870,10661
0071,14:35,875,10661
0071,14:40,880,10661
0071,14:45,885,9669
0071,14:50,890,9669
0071,14:55,895,9669
0071,15:00,900,9669
0071,15:05,905,9669
0071,15:10,910,8182
0071,15:15,915,8182
0071,15:20,920,8182
0071,15:25,925,8182
0071,15:30,930,6942
0071,15:35,935,6942
0071,15:40,940,6942
0071,15:45,945,12149
0071,15:50,950,12149
0071,15:55,955,12149
0071,16:00,960,12149
0071,16:05,965,12149
0071,16:10,970,11901
0071,16:15,975,11901
0071,16:20,980,11901
0071,16:25,985,11901
0071,16:30,990,10661
0071,16:35,995,10661
0071,16:40,1000,10661
0071,16:45,1005,10661
0071,16:50,1010,11405
0071,16:55,1015,11405
0071,17:00,1020,11405
0071,17:05,1025,14132
0071,17:10,1030,14132
0071,17:15,1035,14132
0071,17:20,1040,14132
0071,17:25,1045,14132
0071,17:30,1050,18099
0071,17:35,1055,18099
0071,17:40,1060,18099
0071,17:45,1065,18099
0071,17:50,1070,17355
0071,17:55,1075,17355
0071,18:00,1080,17355
0071,18:05,1085,17355
0071,18:10,1090,17107
0071,18:15,1095,17107
0071,18:20,1100,17107
0071,18:25,1105,18347
0071,18:30,1110,18347
0071,18:35,1115,18347
0071,18:40,1120,18347
0071,18:45,1125,18347
0071,18:50,1130,17355
0071,18:55,1135,17355
0071,19:00,1140,17355
0071,19:05,1145,17355
0071,19:10,1150,16364
0071,19:15,1155,16364
0071,19:20,1160,16364
0071,19:25,1165,19587
0071,19:30,1170,19587
0071,19:35,1175,19587
0071,19:40,1180,19587
0071,19:45,1185,22810
0071,19:50,1190,22810
0071,19:55,1195,22810
0071,20:00,1200,22810
0071,20:05,1205,22810
0071,20:10,1210,22810
0071,20:15,1215,22810
0071,20:20,1220,22810
0071,20:25,1225,22810
0071,20:30,1230,22810
0071,20:35,1235,22810
0071,20:40,1240,22810
0071,20:45,1245,22810
0071,20:50,1250,22810
0071,20:55,1255,22810
0071,21:00,1260,22810
0071,21:05,1265,22810
0071,21:10,1270,22810
0071,21:15,1275,22810
0071,21:20,1280,22810
0071,21:25,1285,22810
0071,21:30,1290,22810
0071,21:35,1295,22810
0071,21:40,1300,22810
0071,21:45,1305,22810
0071,21:50,1310,22810
0071,21:55,1315,22810
0071,22:00,1320,22810
0071,22:05,1325,22810
0071,22:10,1330,22810
0071,22:15,1335,22810
0071,22:20,1340,22810
0071,22:25,1345,22810
0071,22:30,1350,22810
0071,22:35,1355,22810
0071,22:40,1360,22810
0071,22:45,1365,22810
0071,22:50,1370,22810
0071,22:55,1375,22810
0071,23:00,1380,22810
0071,23:05,1385,22810
0071,23:10,1390,22810
0071,23:15,1395,22810
0071,23:16,1396,22810
0071,23:20,1400,22810
0072,09:00,540,0
0072,09:05,545,0
0072,09:10,550,0
0072,09:15,555,0
0072,09:20,560,0
0072,09:25,565,0
0072,09:30,570,0
0072,09:35,575,0
0072,09:40,580,0
0072,09:45,585,0
0072,09:50,590,0
0072,09:55,595,0
0072,10:00,600,0
0072,10:05,605,0
0072,10:10,610,0
0072,10:15,615,0
0072,10:20,620,0
0072,10:25,625,-1244
0072,10:30,630,-1244
0072,10:35,635,-1244
0072,10:40,640,-2311
0072,10:45,645,-2311
0072,10:50,650,-2311
0072,10:55,655,-2311
0072,11:00,660,-2311
0072,11:05,665,-2311
0072,11:10,670,-2311
0072,11:15,675,-2311
0072,11:20,680,-2311
0072,11:25,685,-2311
0072,11:30,690,-2311
0072,11:35,695,-2311
0072,11:40,700,-2311
0072,11:45,705,-3200
0072,11:50,710,-3200
0072,11:55,715,-3200
0072,12:00,720,-3200
0072,12:05,725,-3200
0072,12:10,730,-3200
0072,12:15,735,-3200
0072,12:20,740,-3200
0072,12:25,745,-3200
0072,12:30,750,-3200
0072,12:35,755,-3200
0072,12:40,760,-3200
0072,12:45,765,-3200
0072,12:50,770,-3200
0072,12:55,775,-3200
0072,13:00,780,-3200
0072,13:05,785,-3733
0072,13:10,790,-3733
0072,13:15,795,-3733
0072,13:20,800,-3733
0072,13:25,805,-4978
0072,13:30,810,-4978
0072,13:35,815,-4978
0072,13:40,820,-4978
0072,13:45,825,-4978
0072,13:50,830,-6400
0072,13:55,835,-6400
0072,14:00,840,-6400
0072,14:05,845,-6400
0072,14:10,850,-7467
0072,14:15,855,-7467
0072,14:20,860,-7467
0072,14:25,865,-7467
0072,14:30,870,-8533
0072,14:35,875,-8533
0072,14:40,880,-8533
0072,14:45,885,-9778
0072,14:50,890,-9778
0072,14:55,895,-9778
0072,15:00,900,-9778
0072,15:05,905,-9778
0072,15:10,910,-9244
0072,15:15,915,-9244
0072,15:20,920,-9244
0072,15:25,925,-9244
0072,15:30,930,-6400
0072,15:35,935,-6400
0072,15:40,940,-6400
0072,15:45,945,-7644
0072,15:50,950,-7644
0072,15:55,955,-7644
0072,16:00,960,-7644
0072,16:05,965,-7644
0072,16:10,970,-8889
0072,16:15,975,-8889
0072,16:20,980,-8889
0072,16:25,985,-8889
0072,16:30,990,-10311
0072,16:35,995,-10311
0072,16:40,1000,-10311
0072,16:45,1005,-10311
0072,16:50,1010,-10489
0072,16:55,1015,-10489
0072,17:00,1020,-10489
0072,17:05,1025,-11556
0072,17:10,1030,-11556
0072,17:15,1035,-11556
0072,17:20,1040,-11556
0072,17:25,1045,-11556
0072,17:30,1050,-12267
0072,17:35,1055,-12267
0072,17:40,1060,-12267
0072,17:45,1065,-12267
0072,17:50,1070,-13689
0072,17:55,1075,-13689
0072,18:00,1080,-13689
0072,18:05,1085,-13689
0072,18:10,1090,-14578
0072,18:15,1095,-14578
0072,18:20,1100,-14578
0072,18:25,1105,-15822
0072,18:30,1110,-15822
0072,18:35,1115,-15822
0072,18:40,1120,-15822
0072,18:45,1125,-15822
0072,18:50,1130,-13511
0072,18:55,1135,-13511
0072,19:00,1140,-13511
0072,19:05,1145,-13511
0072,19:10,1150,-7822
0072,19:15,1155,-7822
0072,19:20,1160,-7822
0072,19:25,1165,-8711
0072,19:30,1170,-8711
0072,19:35,1175,-8711
0072,19:40,1180,-8711
0072,19:45,1185,-9778
0072,19:50,1190,-9778
0072,19:55,1195,-9778
0072,20:00,1200,-9778
0072,20:05,1205,-9778
0072,20:10,1210,-10489
0072,20:15,1215,-10489
0072,20:20,1220,-10489
0072,20:25,1225,-10489
0072,20:30,1230,-12089
0072,20:35,1235,-12089
0072,20:40,1240,-12089
0072,20:45,1245,-12089
0072,20:50,1250,-12089
0072,20:55,1255,-12089
0072,21:00,1260,-12089
0072,21:05,1265,-12089
0072,21:10,1270,-12978
0072,21:15,1275,-12978
0072,21:20,1280,-12978
0072,21:25,1285,-12978
0072,21:30,1290,-14756
0072,21:35,1295,-14756
0072,21:40,1300,-14756
0072,21:45,1305,-16000
0072,21:50,1310,-16000
0072,21:55,1315,-16000
0072,22:00,1320,-16000
0072,22:05,1325,-16711
0072,22:10,1330,-16711
0072,22:15,1335,-16711
0072,22:20,1340,-16711
0072,22:25,1345,-16711
0072,22:30,1350,-18489
0072,22:35,1355,-18489
0072,22:40,1360,-18489
0072,22:45,1365,-18489
0072,22:50,1370,-18489
0072,22:55,1375,-18489
0072,23:00,1380,-18489
0072,23:05,1385,-18489
0072,23:10,1390,-18489
0072,23:15,1395,-18489
0072,23:16,1396,-18489
0072,23:20,1400,-18489
0073,09:00,540,0
0073,09:05,545,0
0073,09:10,550,0
0073,09:15,555,0
0073,09:20,560,0
0073,09:25,565,0
0073,09:30,570,0
0073,09:35,575,0
0073,09:40,580,0
0073,09:45,585,0
0073,09:50,590,0
0073,09:55,595,0
0073,10:00,600,0
0073,10:05,605,0
0073,10:10,610,0
0073,10:15,615,0
0073,10:20,620,0
0073,10:25,625,0
0073,10:30,630,0
0073,10:35,635,0
0073,10:40,640,0
0073,10:45,645,0
0073,10:50,650,0
0073,10:55,655,0
0073,11:00,660,744
0073,11:05,665,744
0073,11:10,670,1240
0073,11:15,675,1240
0073,11:20,680,1240
0073,11:25,685,1240
0073,11:30,690,-255
0073,11:35,695,-255
0073,11:40,700,-255
0073,11:45,705,-1277
0073,11:50,710,-1277
0073,11:55,715,-1277
0073,12:00,720,-1277
0073,12:05,725,-1277
0073,12:10,730,-1277
0073,12:15,735,-1277
0073,12:20,740,-1277
0073,12:25,745,-1277
0073,12:30,750,-1277
0073,12:35,755,-1277
0073,12:40,760,-1277
0073,12:45,765,-1277
0073,12:50,770,-2553
0073,12:55,775,-2553
0073,13:00,780,-2553
0073,13:05,785,-3830
0073,13:10,790,-3830
0073,13:15,795,-3830
0073,13:20,800,-3830
0073,13:25,805,-4851
0073,13:30,810,-4851
0073,13:35,815,-4851
0073,13:40,820,-4851
0073,13:45,825,-4851
0073,13:50,830,-4851
0073,13:55,835,-4851
0073,14:00,840,-4851
0073,14:05,845,-4851
0073,14:10,850,-4851
0073,14:15,855,-4851
0073,14:20,860,-4851
0073,14:25,865,-4851
0073,14:30,870,-4851
0073,14:35,875,-4851
0073,14:40,880,-4851
0073,14:45,885,-4851
0073,14:50,890,-4851
0073,14:55,895,-4851
0073,15:00,900,-4851
0073,15:05,905,-4851
0073,15:10,910,-4851
0073,15:15,915,-4851
0073,15:20,920,-4851
0073,15:25,925,-4851
0073,15:30,930,-4851
0073,15:35,935,-4851
0073,15:40,940,-4851
0073,15:45,945,-5362
0073,15:50,950,-5362
0073,15:55,955,-5362
0073,16:00,960,-5362
0073,16:05,965,-5362
0073,16:10,970,-6638
0073,16:15,975,-6638
0073,16:20,980,-6638
0073,16:25,985,-6638
0073,16:30,990,-8426
0073,16:35,995,-8426
0073,16:40,1000,-8426
0073,16:45,1005,-8426
0073,16:50,1010,-9957
0073,16:55,1015,-9957
0073,17:00,1020,-9957
0073,17:05,1025,-11234
0073,17:10,1030,-11234
0073,17:15,1035,-11234
0073,17:20,1040,-11234
0073,17:25,1045,-11234
0073,17:30,1050,-12766
0073,17:35,1055,-12766
0073,17:40,1060,-12766
0073,17:45,1065,-12766
0073,17:50,1070,-14043
0073,17:55,1075,-14043
0073,18:00,1080,-14043
0073,18:05,1085,-14043
0073,18:10,1090,-15319
0073,18:15,1095,-15319
0073,18:20,1100,-15319
0073,18:25,1105,-17106
0073,18:30,1110,-17106
0073,18:35,1115,-17106
0073,18:40,1120,-17106
0073,18:45,1125,-17106
0073,18:50,1130,-18383
0073,18:55,1135,-18383
0073,19:00,1140,-18383
0073,19:05,1145,-18383
0073,19:10,1150,-19660
0073,19:15,1155,-19660
0073,19:20,1160,-19660
0073,19:25,1165,-17106
0073,19:30,1170,-17106
0073,19:35,1175,-17106
0073,19:40,1180,-17106
0073,19:45,1185,-18128
0073,19:50,1190,-18128
0073,19:55,1195,-18128
0073,20:00,1200,-18128
0073,20:05,1205,-18128
0073,20:10,1210,-18894
0073,20:15,1215,-18894
0073,20:20,1220,-18894
0073,20:25,1225,-18894
0073,20:30,1230,-20426
0073,20:35,1235,-20426
0073,20:40,1240,-20426
0073,20:45,1245,-21191
0073,20:50,1250,-21191
0073,20:55,1255,-21191
0073,21:00,1260,-21191
0073,21:05,1265,-21191
0073,21:10,1270,-22213
0073,21:15,1275,-22213
0073,21:20,1280,-22213
0073,21:25,1285,-22213
0073,21:30,1290,-22979
0073,21:35,1295,-22979
0073,21:40,1300,-22979
0073,21:45,1305,-23489
0073,21:50,1310,-23489
0073,21:55,1315,-23489
0073,22:00,1320,-23489
0073,22:05,1325,-23489
0073,22:10,1330,-23489
0073,22:15,1335,-23489
0073,22:20,1340,-23489
0073,22:25,1345,-23489
0073,22:30,1350,-23489
0073,22:35,1355,-23489
0073,22:40,1360,-23489
0073,22:45,1365,-23489
0073,22:50,1370,-23489
0073,22:55,1375,-23489
0073,23:00,1380,-23489
0073,23:05,1385,-23489
0073,23:10,1390,-23489
0073,23:15,1395,-23489
0073,23:16,1396,-23489
0073,23:20,1400,-23489
0074,09:00,540,0
0074,09:05,545,0
0074,09:10,550,0
0074,09:15,555,0
0074,09:20,560,0
0074,09:25,565,0
0074,09:30,570,0
0074,09:35,575,0
0074,09:40,580,0
0074,09:45,585,0
0074,09:50,590,0
0074,09:55,595,0
0074,10:00,600,0
0074,10:05,605,0
0074,10:10,610,0
0074,10:15,615,0
0074,10:20,620,0
0074,10:25,625,0
0074,10:30,630,0
0074,10:35,635,0
0074,10:40,640,0
0074,10:45,645,0
0074,10:50,650,0
0074,10:55,655,0
0074,11:00,660,0
0074,11:05,665,0
0074,11:10,670,0
0074,11:15,675,0
0074,11:20,680,0
0074,11:25,685,0
0074,11:30,690,0
0074,11:35,695,0
0074,11:40,700,0
0074,11:45,705,0
0074,11:50,710,0
0074,11:55,715,0
0074,12:00,720,0
0074,12:05,725,0
0074,12:10,730,0
0074,12:15,735,0
0074,12:20,740,0
0074,12:25,745,0
0074,12:30,750,0
0074,12:35,755,0
0074,12:40,760,0
0074,12:45,765,0
0074,12:50,770,0
0074,12:55,775,0
0074,13:00,780,0
0074,13:05,785,-1333
0074,13:10,790,-1333
0074,13:15,795,-1333
0074,13:20,800,-1333
0074,13:25,805,-2489
0074,13:30,810,-2489
0074,13:35,815,-2489
0074,13:40,820,-2489
0074,13:45,825,-2489
0074,13:50,830,2586
0074,13:55,835,2586
0074,14:00,840,2586
0074,14:05,845,2586
0074,14:10,850,6552
0074,14:15,855,6552
0074,14:20,860,6552
0074,14:25,865,6552
0074,14:30,870,5603
0074,14:35,875,5603
0074,14:40,880,5603
0074,14:45,885,4224
0074,14:50,890,4224
0074,14:55,895,4224
0074,15:00,900,4224
0074,15:05,905,4224
0074,15:10,910,3190
0074,15:15,915,3190
0074,15:20,920,3190
0074,15:25,925,3190
0074,15:30,930,1638
0074,15:35,935,1638
0074,15:40,940,1638
0074,15:45,945,259
0074,15:50,950,259
0074,15:55,955,259
0074,16:00,960,259
0074,16:05,965,259
0074,16:10,970,-711
0074,16:15,975,-711
0074,16:20,980,-711
0074,16:25,985,-711
0074,16:30,990,-2133
0074,16:35,995,-2133
0074,16:40,1000,-2133
0074,16:45,1005,-2133
0074,16:50,1010,-3556
0074,16:55,1015,-3556
0074,17:00,1020,-3556
0074,17:05,1025,-4889
0074,17:10,1030,-4889
0074,17:15,1035,-4889
0074,17:20,1040,-4889
0074,17:25,1045,-4889
0074,17:30,1050,-5956
0074,17:35,1055,-5956
0074,17:40,1060,-5956
0074,17:45,1065,-5956
0074,17:50,1070,-444
0074,17:55,1075,-444
0074,18:00,1080,-444
0074,18:05,1085,-444
0074,18:10,1090,517
0074,18:15,1095,517
0074,18:20,1100,517
0074,18:25,1105,-800
0074,18:30,1110,-800
0074,18:35,1115,-800
0074,18:40,1120,-800
0074,18:45,1125,-800
0074,18:50,1130,-1956
0074,18:55,1135,-1956
0074,19:00,1140,-1956
0074,19:05,1145,-1956
0074,19:10,1150,1207
0074,19:15,1155,1207
0074,19:20,1160,1207
0074,19:25,1165,603
0074,19:30,1170,603
0074,19:35,1175,603
0074,19:40,1180,603
0074,19:45,1185,-533
0074,19:50,1190,-533
0074,19:55,1195,-533
0074,20:00,1200,-533
0074,20:05,1205,-533
0074,20:10,1210,-1067
0074,20:15,1215,-1067
0074,20:20,1220,-1067
0074,20:25,1225,-1067
0074,20:30,1230,-1067
0074,20:35,1235,-1067
0074,20:40,1240,-1067
0074,20:45,1245,-1067
0074,20:50,1250,-1067
0074,20:55,1255,-1067
0074,21:00,1260,-1067
0074,21:05,1265,-1067
0074,21:10,1270,-1067
0074,21:15,1275,-1067
0074,21:20,1280,-1067
0074,21:25,1285,-1067
0074,21:30,1290,-1067
0074,21:35,1295,-1067
0074,21:40,1300,-1067
0074,21:45,1305,-1067
0074,21:50,1310,-1067
0074,21:55,1315,-1067
0074,22:00,1320,-1067
0074,22:05,1325,-1067
0074,22:10,1330,-1067
0074,22:15,1335,-1067
0074,22:20,1340,-1067
0074,22:25,1345,-1067
0074,22:30,1350,-1067
0074,22:35,1355,-1067
0074,22:40,1360,-1067
0074,22:45,1365,-1067
0074,22:50,1370,-1067
0074,22:55,1375,-1067
0074,23:00,1380,-1067
0074,23:05,1385,-1067
0074,23:10,1390,-1067
0074,23:15,1395,-1067
0074,23:16,1396,-1067
0074,23:20,1400,-1067
0075,09:00,540,0
0075,09:05,545,0
0075,09:10,550,0
0075,09:15,555,0
0075,09:20,560,0
0075,09:25,565,0
0075,09:30,570,0
0075,09:35,575,0
0075,09:40,580,0
0075,09:45,585,0
0075,09:50,590,0
0075,09:55,595,0
0075,10:00,600,0
0075,10:05,605,0
0075,10:10,610,0
0075,10:15,615,0
0075,10:20,620,0
0075,10:25,625,-356
0075,10:30,630,-356
0075,10:35,635,-356
0075,10:40,640,-1067
0075,10:45,645,-1067
0075,10:50,650,-1067
0075,10:55,655,-1067
0075,11:00,660,2759
0075,11:05,665,2759
0075,11:10,670,4138
0075,11:15,675,4138
0075,11:20,680,4138
0075,11:25,685,4138
0075,11:30,690,3448
0075,11:35,695,3448
0075,11:40,700,3448
0075,11:45,705,4310
0075,11:50,710,4310
0075,11:55,715,4310
0075,12:00,720,4310
0075,12:05,725,3621
0075,12:10,730,3621
0075,12:15,735,3621
0075,12:20,740,3621
0075,12:25,745,3621
0075,12:30,750,3621
0075,12:35,755,3621
0075,12:40,760,3621
0075,12:45,765,3621
0075,12:50,770,8103
0075,12:55,775,8103
0075,13:00,780,8103
0075,13:05,785,7414
0075,13:10,790,7414
0075,13:15,795,7414
0075,13:20,800,7414
0075,13:25,805,6552
0075,13:30,810,6552
0075,13:35,815,6552
0075,13:40,820,6552
0075,13:45,825,6552
0075,13:50,830,6207
0075,13:55,835,6207
0075,14:00,840,6207
0075,14:05,845,6207
0075,14:10,850,6207
0075,14:15,855,6207
0075,14:20,860,6207
0075,14:25,865,6207
0075,14:30,870,9310
0075,14:35,875,9310
0075,14:40,880,9310
0075,14:45,885,10862
0075,14:50,890,10862
0075,14:55,895,10862
0075,15:00,900,10862
0075,15:05,905,10862
0075,15:10,910,10172
0075,15:15,915,10172
0075,15:20,920,10172
0075,15:25,925,10172
0075,15:30,930,9138
0075,15:35,935,9138
0075,15:40,940,9138
0075,15:45,945,8621
0075,15:50,950,8621
0075,15:55,955,8621
0075,16:00,960,8621
0075,16:05,965,8621
0075,16:10,970,8103
0075,16:15,975,8103
0075,16:20,980,8103
0075,16:25,985,8103
0075,16:30,990,7241
0075,16:35,995,7241
0075,16:40,1000,7241
0075,16:45,1005,7241
0075,16:50,1010,6207
0075,16:55,1015,6207
0075,17:00,1020,6207
0075,17:05,1025,5172
0075,17:10,1030,5172
0075,17:15,1035,5172
0075,17:20,1040,5172
0075,17:25,1045,5172
0075,17:30,1050,7414
0075,17:35,1055,7414
0075,17:40,1060,7414
0075,17:45,1065,7414
0075,17:50,1070,9655
0075,17:55,1075,9655
0075,18:00,1080,9655
0075,18:05,1085,9655
0075,18:10,1090,8793
0075,18:15,1095,8793
0075,18:20,1100,8793
0075,18:25,1105,8276
0075,18:30,1110,8276
0075,18:35,1115,8276
0075,18:40,1120,8276
0075,18:45,1125,8276
0075,18:50,1130,7586
0075,18:55,1135,7586
0075,19:00,1140,7586
0075,19:05,1145,7586
0075,19:10,1150,6897
0075,19:15,1155,6897
0075,19:20,1160,6897
0075,19:25,1165,6034
0075,19:30,1170,6034
0075,19:35,1175,6034
0075,19:40,1180,6034
0075,19:45,1185,5690
0075,19:50,1190,5690
0075,19:55,1195,5690
0075,20:00,1200,5690
0075,20:05,1205,5690
0075,20:10,1210,5690
0075,20:15,1215,5690
0075,20:20,1220,5690
0075,20:25,1225,5690
0075,20:30,1230,10690
0075,20:35,1235,10690
0075,20:40,1240,10690
0075,20:45,1245,10000
0075,20:50,1250,10000
0075,20:55,1255,10000
0075,21:00,1260,10000
0075,21:05,1265,10000
0075,21:10,1270,9828
0075,21:15,1275,9828
0075,21:20,1280,9828
0075,21:25,1285,9828
0075,21:30,1290,9655
0075,21:35,1295,9655
0075,21:40,1300,9655
0075,21:45,1305,9655
0075,21:50,1310,9655
0075,21:55,1315,9655
0075,22:00,1320,9655
0075,22:05,1325,9655
0075,22:10,1330,9655
0075,22:15,1335,9655
0075,22:20,1340,9655
0075,22:25,1345,9655
0075,22:30,1350,9655
0075,22:35,1355,9655
0075,22:40,1360,9655
0075,22:45,1365,9655
0075,22:50,1370,9655
0075,22:55,1375,9655
0075,23:00,1380,9655
0075,23:05,1385,9655
0075,23:10,1390,9655
0075,23:15,1395,9655
0075,23:16,1396,9655
0075,23:20,1400,9655
0076,09:00,540,0
0076,09:05,545,0
0076,09:10,550,0
0076,09:15,555,0
0076,09:20,560,0
0076,09:25,565,0
0076,09:30,570,0
0076,09:35,575,0
0076,09:40,580,0
0076,09:45,585,0
0076,09:50,590,0
0076,09:55,595,0
0076,10:00,600,0
0076,10:05,605,0
0076,10:10,610,0
0076,10:15,615,0
0076,10:20,620,0
0076,10:25,625,-711
0076,10:30,630,-711
0076,10:35,635,-711
0076,10:40,640,-356
0076,10:45,645,-356
0076,10:50,650,-356
0076,10:55,655,-356
0076,11:00,660,-1600
0076,11:05,665,-1600
0076,11:10,670,-1956
0076,11:15,675,-1956
0076,11:20,680,-1956
0076,11:25,685,-1956
0076,11:30,690,-1600
0076,11:35,695,-1600
0076,11:40,700,-1600
0076,11:45,705,5172
0076,11:50,710,5172
0076,11:55,715,5172
0076,12:00,720,5172
0076,12:05,725,4483
0076,12:10,730,4483
0076,12:15,735,4483
0076,12:20,740,4483
0076,12:25,745,4483
0076,12:30,750,2759
0076,12:35,755,2759
0076,12:40,760,2759
0076,12:45,765,2759
0076,12:50,770,2241
0076,12:55,775,2241
0076,13:00,780,2241
0076,13:05,785,1379
0076,13:10,790,1379
0076,13:15,795,1379
0076,13:20,800,1379
0076,13:25,805,2931
0076,13:30,810,2931
0076,13:35,815,2931
0076,13:40,820,2931
0076,13:45,825,2931
0076,13:50,830,2586
0076,13:55,835,2586
0076,14:00,840,2586
0076,14:05,845,2586
0076,14:10,850,2586
0076,14:15,855,2586
0076,14:20,860,2586
0076,14:25,865,2586
0076,14:30,870,1724
0076,14:35,875,1724
0076,14:40,880,1724
0076,14:45,885,172
0076,14:50,890,172
0076,14:55,895,172
0076,15:00,900,172
0076,15:05,905,172
0076,15:10,910,517
0076,15:15,915,517
0076,15:20,920,517
0076,15:25,925,517
0076,15:30,930,2241
0076,15:35,935,2241
0076,15:40,940,2241
0076,15:45,945,3276
0076,15:50,950,3276
0076,15:55,955,3276
0076,16:00,960,3276
0076,16:05,965,3276
0076,16:10,970,3793
0076,16:15,975,3793
0076,16:20,980,3793
0076,16:25,985,3793
0076,16:30,990,2586
0076,16:35,995,2586
0076,16:40,1000,2586
0076,16:45,1005,2586
0076,16:50,1010,3276
0076,16:55,1015,3276
0076,17:00,1020,3276
0076,17:05,1025,5690
0076,17:10,1030,5690
0076,17:15,1035,5690
0076,17:20,1040,5690
0076,17:25,1045,5690
0076,17:30,1050,6207
0076,17:35,1055,6207
0076,17:40,1060,6207
0076,17:45,1065,6207
0076,17:50,1070,5000
0076,17:55,1075,5000
0076,18:00,1080,5000
0076,18:05,1085,5000
0076,18:10,1090,3793
0076,18:15,1095,3793
0076,18:20,1100,3793
0076,18:25,1105,6034
0076,18:30,1110,6034
0076,18:35,1115,6034
0076,18:40,1120,6034
0076,18:45,1125,6034
0076,18:50,1130,6724
0076,18:55,1135,6724
0076,19:00,1140,6724
0076,19:05,1145,6724
0076,19:10,1150,10690
0076,19:15,1155,10690
0076,19:20,1160,10690
0076,19:25,1165,10345
0076,19:30,1170,10345
0076,19:35,1175,10345
0076,19:40,1180,10345
0076,19:45,1185,10345
0076,19:50,1190,10345
0076,19:55,1195,10345
0076,20:00,1200,10345
0076,20:05,1205,10345
0076,20:10,1210,10000
0076,20:15,1215,10000
0076,20:20,1220,10000
0076,20:25,1225,10000
0076,20:30,1230,10000
0076,20:35,1235,10000
0076,20:40,1240,10000
0076,20:45,1245,10000
0076,20:50,1250,10000
0076,20:55,1255,10000
0076,21:00,1260,10000
0076,21:05,1265,10000
0076,21:10,1270,9828
0076,21:15,1275,9828
0076,21:20,1280,9828
0076,21:25,1285,9828
0076,21:30,1290,9483
0076,21:35,1295,9483
0076,21:40,1300,9483
0076,21:45,1305,9483
0076,21:50,1310,9483
0076,21:55,1315,9483
0076,22:00,1320,9483
0076,22:05,1325,9483
0076,22:10,1330,9483
0076,22:15,1335,9483
0076,22:20,1340,9483
0076,22:25,1345,9483
0076,22:30,1350,9483
0076,22:35,1355,9483
0076,22:40,1360,9483
0076,22:45,1365,9483
0076,22:50,1370,9483
0076,22:55,1375,9483
0076,23:00,1380,9483
0076,23:05,1385,9483
0076,23:10,1390,9483
0076,23:15,1395,9483
0076,23:16,1396,9483
0076,23:20,1400,9483
0077,09:00,540,0
0077,09:05,545,0
0077,09:10,550,0
0077,09:15,555,0
0077,09:20,560,0
0077,09:25,565,0
0077,09:30,570,0
0077,09:35,575,0
0077,09:40,580,0
0077,09:45,585,0
0077,09:50,590,0
0077,09:55,595,0
0077,10:00,600,0
0077,10:05,605,0
0077,10:10,610,0
0077,10:15,615,0
0077,10:20,620,0
0077,10:25,625,-1244
0077,10:30,630,-1244
0077,10:35,635,-1244
0077,10:40,640,-2400
0077,10:45,645,-2400
0077,10:50,650,-2400
0077,10:55,655,-2400
0077,11:00,660,-3467
0077,11:05,665,-3467
0077,11:10,670,-3644
0077,11:15,675,-3644
0077,11:20,680,-3644
0077,11:25,685,-3644
0077,11:30,690,-4000
0077,11:35,695,-4000
0077,11:40,700,-4000
0077,11:45,705,-4000
0077,11:50,710,-4000
0077,11:55,715,-4000
0077,12:00,720,-4000
0077,12:05,725,-3556
0077,12:10,730,-3556
0077,12:15,735,-3556
0077,12:20,740,-3556
0077,12:25,745,-3556
0077,12:30,750,-4622
0077,12:35,755,-4622
0077,12:40,760,-4622
0077,12:45,765,-4622
0077,12:50,770,-4889
0077,12:55,775,-4889
0077,13:00,780,-4889
0077,13:05,785,-5778
0077,13:10,790,-5778
0077,13:15,795,-5778
0077,13:20,800,-5778
0077,13:25,805,-6222
0077,13:30,810,-6222
0077,13:35,815,-6222
0077,13:40,820,-6222
0077,13:45,825,-6222
0077,13:50,830,-6578
0077,13:55,835,-6578
0077,14:00,840,-6578
0077,14:05,845,-6578
0077,14:10,850,-6578
0077,14:15,855,-6578
0077,14:20,860,-6578
0077,14:25,865,-6578
0077,14:30,870,-7200
0077,14:35,875,-7200
0077,14:40,880,-7200
0077,14:45,885,-8089
0077,14:50,890,-8089
0077,14:55,895,-8089
0077,15:00,900,-8089
0077,15:05,905,-8089
0077,15:10,910,-8622
0077,15:15,915,-8622
0077,15:20,920,-8622
0077,15:25,925,-8622
0077,15:30,930,-8978
0077,15:35,935,-8978
0077,15:40,940,-8978
0077,15:45,945,-3822
0077,15:50,950,-3822
0077,15:55,955,-3822
0077,16:00,960,-3822
0077,16:05,965,-3822
0077,16:10,970,-2667
0077,16:15,975,-2667
0077,16:20,980,-2667
0077,16:25,985,-2667
0077,16:30,990,-3733
0077,16:35,995,-3733
0077,16:40,1000,-3733
0077,16:45,1005,-3733
0077,16:50,1010,-4356
0077,16:55,1015,-4356
0077,17:00,1020,-4356
0077,17:05,1025,-356
0077,17:10,1030,-356
0077,17:15,1035,-356
0077,17:20,1040,-356
0077,17:25,1045,-356
0077,17:30,1050,-1244
0077,17:35,1055,-1244
0077,17:40,1060,-1244
0077,17:45,1065,-1244
0077,17:50,1070,-2311
0077,17:55,1075,-2311
0077,18:00,1080,-2311
0077,18:05,1085,-2311
0077,18:10,1090,-2311
0077,18:15,1095,-2311
0077,18:20,1100,-2311
0077,18:25,1105,-2844
0077,18:30,1110,-2844
0077,18:35,1115,-2844
0077,18:40,1120,-2844
0077,18:45,1125,-2844
0077,18:50,1130,-3644
0077,18:55,1135,-3644
0077,19:00,1140,-3644
0077,19:05,1145,-3644
0077,19:10,1150,-4178
0077,19:15,1155,-4178
0077,19:20,1160,-4178
0077,19:25,1165,1034
0077,19:30,1170,1034
0077,19:35,1175,1034
0077,19:40,1180,1034
0077,19:45,1185,-533
0077,19:50,1190,-533
0077,19:55,1195,-533
0077,20:00,1200,-533
0077,20:05,1205,-533
0077,20:10,1210,-1778
0077,20:15,1215,-1778
0077,20:20,1220,-1778
0077,20:25,1225,-1778
0077,20:30,1230,-1778
0077,20:35,1235,-1778
0077,20:40,1240,-1778
0077,20:45,1245,-3378
0077,20:50,1250,-3378
0077,20:55,1255,-3378
0077,21:00,1260,-3378
0077,21:05,1265,-3378
0077,21:10,1270,603
0077,21:15,1275,603
0077,21:20,1280,603
0077,21:25,1285,603
0077,21:30,1290,-1067
0077,21:35,1295,-1067
0077,21:40,1300,-1067
0077,21:45,1305,-2667
0077,21:50,1310,-2667
0077,21:55,1315,-2667
0077,22:00,1320,-2667
0077,22:05,1325,2241
0077,22:10,1330,2241
0077,22:15,1335,2241
0077,22:20,1340,2241
0077,22:25,1345,2241
0077,22:30,1350,6379
0077,22:35,1355,6379
0077,22:40,1360,6379
0077,22:45,1365,6379
0077,22:50,1370,6379
0077,22:55,1375,6379
0077,23:00,1380,6379
0077,23:05,1385,6379
0077,23:10,1390,6379
0077,23:15,1395,6379
0077,23:16,1396,6379
0077,23:20,1400,6379
