machine,time,minute,value
0039,09:00,540,0
0039,09:05,545,0
0039,09:10,550,0
0039,09:15,555,0
0039,09:20,560,0
0039,09:25,565,0
0039,09:30,570,0
0039,09:35,575,0
0039,09:40,580,0
0039,09:45,585,0
0039,09:50,590,0
0039,09:55,595,0
0039,10:00,600,0
0039,10:05,605,0
0039,10:10,610,0
0039,10:15,615,0
0039,10:20,620,0
0039,10:25,625,-1277
0039,10:30,630,-1277
0039,10:35,635,-1277
0039,10:40,640,-2298
0039,10:45,645,-2298
0039,10:50,650,-2298
0039,10:55,655,-2298
0039,11:00,660,-3319
0039,11:05,665,-3319
0039,11:10,670,-3830
0039,11:15,675,-3830
0039,11:20,680,-3830
0039,11:25,685,-3830
0039,11:30,690,-5106
0039,11:35,695,-5106
0039,11:40,700,-5106
0039,11:45,705,-6383
0039,11:50,710,-6383
0039,11:55,715,-6383
0039,12:00,720,-6383
0039,12:05,725,-7660
0039,12:10,730,-7660
0039,12:15,735,-7660
0039,12:20,740,-7660
0039,12:25,745,-7660
0039,12:30,750,-4340
0039,12:35,755,-4340
0039,12:40,760,-4340
0039,12:45,765,-4340
0039,12:50,770,-5617
0039,12:55,775,-5617
0039,13:00,780,-5617
0039,13:05,785,-6894
0039,13:10,790,-6894
0039,13:15,795,-6894
0039,13:20,800,-6894
0039,13:25,805,-8426
0039,13:30,810,-8426
0039,13:35,815,-8426
0039,13:40,820,-8426
0039,13:45,825,-8426
0039,13:50,830,-9702
0039,13:55,835,-9702
0039,14:00,840,-9702
0039,14:05,845,-9702
0039,14:10,850,-6638
0039,14:15,855,-6638
0039,14:20,860,-6638
0039,14:25,865,-6638
0039,14:30,870,-3064
0039,14:35,875,-3064
0039,14:40,880,-3064
0039,14:45,885,-4340
0039,14:50,890,-4340
0039,14:55,895,-4340
0039,15:00,900,-4340
0039,15:05,905,-4340
0039,15:10,910,-4340
0039,15:15,915,-4340
0039,15:20,920,-4340
0039,15:25,925,-4340
0039,15:30,930,-6128
0039,15:35,935,-6128
0039,15:40,940,-6128
0039,15:45,945,-2298
0039,15:50,950,-2298
0039,15:55,955,-2298
0039,16:00,960,-2298
0039,16:05,965,-2298
0039,16:10,970,-3319
0039,16:15,975,-3319
0039,16:20,980,-3319
0039,16:25,985,-3319
0039,16:30,990,-1277
0039,16:35,995,-1277
0039,16:40,1000,-1277
0039,16:45,1005,-1277
0039,16:50,1010,1488
0039,16:55,1015,1488
0039,17:00,1020,1488
0039,17:05,1025,3471
0039,17:10,1030,3471
0039,17:15,1035,3471
0039,17:20,1040,3471
0039,17:25,1045,3471
0039,17:30,1050,2231
0039,17:35,1055,2231
0039,17:40,1060,2231
0039,17:45,1065,2231
0039,17:50,1070,1240
0039,17:55,1075,1240
0039,18:00,1080,1240
0039,18:05,1085,1240
0039,18:10,1090,496
0039,18:15,1095,496
0039,18:20,1100,496
0039,18:25,1105,496
0039,18:30,1110,496
0039,18:35,1115,496
0039,18:40,1120,496
0039,18:45,1125,496
0039,18:50,1130,-511
0039,18:55,1135,-511
0039,19:00,1140,-511
0039,19:05,1145,-511
0039,19:10,1150,248
0039,19:15,1155,248
0039,19:20,1160,248
0039,19:25,1165,-1277
0039,19:30,1170,-1277
0039,19:35,1175,-1277
0039,19:40,1180,-1277
0039,19:45,1185,-511
0039,19:50,1190,-511
0039,19:55,1195,-511
0039,20:00,1200,-511
0039,20:05,1205,-511
0039,20:10,1210,-1787
0039,20:15,1215,-1787
0039,20:20,1220,-1787
0039,20:25,1225,-1787
0039,20:30,1230,-1021
0039,20:35,1235,-1021
0039,20:40,1240,-1021
0039,20:45,1245,-2553
0039,20:50,1250,-2553
0039,20:55,1255,-2553
0039,21:00,1260,-2553
0039,21:05,1265,-2553
0039,21:10,1270,-3319
0039,21:15,1275,-3319
0039,21:20,1280,-3319
0039,21:25,1285,-3319
0039,21:30,1290,1983
0039,21:35,1295,1983
0039,21:40,1300,1983
0039,21:45,1305,6446
0039,21:50,1310,6446
0039,21:55,1315,6446
0039,22:00,1320,6446
0039,22:05,1325,12645
0039,22:10,1330,12645
0039,22:15,1335,12645
0039,22:20,1340,12645
0039,22:25,1345,12645
0039,22:30,1350,19587
0039,22:35,1355,19587
0039,22:40,1360,19587
0039,22:45,1365,19587
0039,22:50,1370,22314
0039,22:55,1375,22314
0039,23:00,1380,22314
0039,23:05,1385,22314
0039,23:10,1390,22314
0039,23:15,1395,22314
0039,23:16,1396,22314
0039,23:20,1400,22314
0040,09:00,540,0
0040,09:05,545,0
0040,09:10,550,0
0040,09:15,555,0
0040,09:20,560,0
0040,09:25,565,0
0040,09:30,570,0
0040,09:35,575,0
0040,09:40,580,0
0040,09:45,585,0
0040,09:50,590,0
0040,09:55,595,0
0040,10:00,600,0
0040,10:05,605,0
0040,10:10,610,0
0040,10:15,615,0
0040,10:20,620,0
0040,10:25,625,0
0040,10:30,630,0
0040,10:35,635,0
0040,10:40,640,0
0040,10:45,645,0
0040,10:50,650,0
0040,10:55,655,0
0040,11:00,660,0
0040,11:05,665,0
0040,11:10,670,0
0040,11:15,675,0
0040,11:20,680,0
0040,11:25,685,0
0040,11:30,690,0
0040,11:35,695,0
0040,11:40,700,0
0040,11:45,705,0
0040,11:50,710,0
0040,11:55,715,0
0040,12:00,720,0
0040,12:05,725,0
0040,12:10,730,0
0040,12:15,735,0
0040,12:20,740,0
0040,12:25,745,0
0040,12:30,750,0
0040,12:35,755,0
0040,12:40,760,0
0040,12:45,765,0
0040,12:50,770,0
0040,12:55,775,0
0040,13:00,780,0
0040,13:05,785,0
0040,13:10,790,0
0040,13:15,795,0
0040,13:20,800,0
0040,13:25,805,0
0040,13:30,810,0
0040,13:35,815,0
0040,13:40,820,0
0040,13:45,825,0
0040,13:50,830,0
0040,13:55,835,0
0040,14:00,840,0
0040,14:05,845,0
0040,14:10,850,-711
0040,14:15,855,-711
0040,14:20,860,-711
0040,14:25,865,-711
0040,14:30,870,-1244
0040,14:35,875,-1244
0040,14:40,880,-1244
0040,14:45,885,-2844
0040,14:50,890,-2844
0040,14:55,895,-2844
0040,15:00,900,-2844
0040,15:05,905,-2844
0040,15:10,910,-3022
0040,15:15,915,-3022
0040,15:20,920,-3022
0040,15:25,925,-3022
0040,15:30,930,-3022
0040,15:35,935,-3022
0040,15:40,940,-3022
0040,15:45,945,-4444
0040,15:50,950,-4444
0040,15:55,955,-4444
0040,16:00,960,-4444
0040,16:05,965,-4444
0040,16:10,970,-5333
0040,16:15,975,-5333
0040,16:20,980,-5333
0040,16:25,985,-5333
0040,16:30,990,-6222
0040,16:35,995,-6222
0040,16:40,1000,-6222
0040,16:45,1005,-6222
0040,16:50,1010,-7822
0040,16:55,1015,-7822
0040,17:00,1020,-7822
0040,17:05,1025,-8711
0040,17:10,1030,-8711
0040,17:15,1035,-8711
0040,17:20,1040,-8711
0040,17:25,1045,-8711
0040,17:30,1050,-10133
0040,17:35,1055,-10133
0040,17:40,1060,-10133
0040,17:45,1065,-10133
0040,17:50,1070,-11200
0040,17:55,1075,-11200
0040,18:00,1080,-11200
0040,18:05,1085,-11200
0040,18:10,1090,-10133
0040,18:15,1095,-10133
0040,18:20,1100,-10133
0040,18:25,1105,-10844
0040,18:30,1110,-10844
0040,18:35,1115,-10844
0040,18:40,1120,-10844
0040,18:45,1125,-10844
0040,18:50,1130,-11200
0040,18:55,1135,-11200
0040,19:00,1140,-11200
0040,19:05,1145,-11200
0040,19:10,1150,-11200
0040,19:15,1155,-11200
0040,19:20,1160,-11200
0040,19:25,1165,-11200
0040,19:30,1170,-11200
0040,19:35,1175,-11200
0040,19:40,1180,-11200
0040,19:45,1185,-11200
0040,19:50,1190,-11200
0040,19:55,1195,-11200
0040,20:00,1200,-11200
0040,20:05,1205,-11200
0040,20:10,1210,-11200
0040,20:15,1215,-11200
0040,20:20,1220,-11200
0040,20:25,1225,-11200
0040,20:30,1230,-11200
0040,20:35,1235,-11200
0040,20:40,1240,-11200
0040,20:45,1245,-11200
0040,20:50,1250,-11200
0040,20:55,1255,-11200
0040,21:00,1260,-11200
0040,21:05,1265,-11200
0040,21:10,1270,-11200
0040,21:15,1275,-11200
0040,21:20,1280,-11200
0040,21:25,1285,-11200
0040,21:30,1290,-11200
0040,21:35,1295,-11200
0040,21:40,1300,-11200
0040,21:45,1305,-11200
0040,21:50,1310,-11200
0040,21:55,1315,-11200
0040,22:00,1320,-11200
0040,22:05,1325,-11200
0040,22:10,1330,-11200
0040,22:15,1335,-11200
0040,22:20,1340,-11200
0040,22:25,1345,-11200
0040,22:30,1350,-11200
0040,22:35,1355,-11200
0040,22:40,1360,-11200
0040,22:45,1365,-11200
0040,22:50,1370,-11200
0040,22:55,1375,-11200
0040,23:00,1380,-11200
0040,23:05,1385,-11200
0040,23:10,1390,-11200
0040,23:15,1395,-11200
0040,23:16,1396,-11200
0040,23:20,1400,-11200
0041,09:00,540,0
0041,09:05,545,0
0041,09:10,550,0
0041,09:15,555,0
0041,09:20,560,0
0041,09:25,565,0
0041,09:30,570,0
0041,09:35,575,0
0041,09:40,580,0
0041,09:45,585,0
0041,09:50,590,0
0041,09:55,595,0
0041,10:00,600,0
0041,10:05,605,0
0041,10:10,610,0
0041,10:15,615,0
0041,10:20,620,0
0041,10:25,625,0
0041,10:30,630,0
0041,10:35,635,0
0041,10:40,640,0
0041,10:45,645,0
0041,10:50,650,0
0041,10:55,655,0
0041,11:00,660,0
0041,11:05,665,0
0041,11:10,670,0
0041,11:15,675,0
0041,11:20,680,0
0041,11:25,685,0
0041,11:30,690,0
0041,11:35,695,0
0041,11:40,700,0
0041,11:45,705,-178
0041,11:50,710,-178
0041,11:55,715,-178
0041,12:00,720,-178
0041,12:05,725,-533
0041,12:10,730,-533
0041,12:15,735,-533
0041,12:20,740,-533
0041,12:25,745,-533
0041,12:30,750,603
0041,12:35,755,603
0041,12:40,760,603
0041,12:45,765,603
0041,12:50,770,4569
0041,12:55,775,4569
0041,13:00,780,4569
0041,13:05,785,3793
0041,13:10,790,3793
0041,13:15,795,3793
0041,13:20,800,3793
0041,13:25,805,2672
0041,13:30,810,2672
0041,13:35,815,2672
0041,13:40,820,2672
0041,13:45,825,2672
0041,13:50,830,2672
0041,13:55,835,2672
0041,14:00,840,2672
0041,14:05,845,2672
0041,14:10,850,3448
0041,14:15,855,3448
0041,14:20,860,3448
0041,14:25,865,3448
0041,14:30,870,2500
0041,14:35,875,2500
0041,14:40,880,2500
0041,14:45,885,1810
0041,14:50,890,1810
0041,14:55,895,1810
0041,15:00,900,1810
0041,15:05,905,1810
0041,15:10,910,1293
0041,15:15,915,1293
0041,15:20,920,1293
0041,15:25,925,1293
0041,15:30,930,0
0041,15:35,935,0
0041,15:40,940,0
0041,15:45,945,-800
0041,15:50,950,-800
0041,15:55,955,-800
0041,16:00,960,-800
0041,16:05,965,-800
0041,16:10,970,-1511
0041,16:15,975,-1511
0041,16:20,980,-1511
0041,16:25,985,-1511
0041,16:30,990,-2400
0041,16:35,995,-2400
0041,16:40,1000,-2400
0041,16:45,1005,-2400
0041,16:50,1010,-2667
0041,16:55,1015,-2667
0041,17:00,1020,-2667
0041,17:05,1025,-4000
0041,17:10,1030,-4000
0041,17:15,1035,-4000
0041,17:20,1040,-4000
0041,17:25,1045,-4000
0041,17:30,1050,-5867
0041,17:35,1055,-5867
0041,17:40,1060,-5867
0041,17:45,1065,-5867
0041,17:50,1070,-6578
0041,17:55,1075,-6578
0041,18:00,1080,-6578
0041,18:05,1085,-6578
0041,18:10,1090,-8000
0041,18:15,1095,-8000
0041,18:20,1100,-8000
0041,18:25,1105,-4622
0041,18:30,1110,-4622
0041,18:35,1115,-4622
0041,18:40,1120,-4622
0041,18:45,1125,-4622
0041,18:50,1130,-5867
0041,18:55,1135,-5867
0041,19:00,1140,-5867
0041,19:05,1145,-5867
0041,19:10,1150,-3378
0041,19:15,1155,-3378
0041,19:20,1160,-3378
0041,19:25,1165,-3111
0041,19:30,1170,-3111
0041,19:35,1175,-3111
0041,19:40,1180,-3111
0041,19:45,1185,-4622
0041,19:50,1190,-4622
0041,19:55,1195,-4622
0041,20:00,1200,-4622
0041,20:05,1205,-4622
0041,20:10,1210,-5600
0041,20:15,1215,-5600
0041,20:20,1220,-5600
0041,20:25,1225,-5600
0041,20:30,1230,-5511
0041,20:35,1235,-5511
0041,20:40,1240,-5511
0041,20:45,1245,-1689
0041,20:50,1250,-1689
0041,20:55,1255,-1689
0041,21:00,1260,-1689
0041,21:05,1265,-1689
0041,21:10,1270,-2311
0041,21:15,1275,-2311
0041,21:20,1280,-2311
0041,21:25,1285,-2311
0041,21:30,1290,-4178
0041,21:35,1295,-4178
0041,21:40,1300,-4178
0041,21:45,1305,-2133
0041,21:50,1310,-2133
0041,21:55,1315,-2133
0041,22:00,1320,-2133
0041,22:05,1325,1810
0041,22:10,1330,1810
0041,22:15,1335,1810
0041,22:20,1340,1810
0041,22:25,1345,1810
0041,22:30,1350,1810
0041,22:35,1355,1810
0041,22:40,1360,1810
0041,22:45,1365,1810
0041,22:50,1370,1810
0041,22:55,1375,1810
0041,23:00,1380,1810
0041,23:05,1385,1810
0041,23:10,1390,1810
0041,23:15,1395,1810
0041,23:16,1396,1810
0041,23:20,1400,1810
0042,09:00,540,0
0042,09:05,545,0
0042,09:10,550,0
0042,09:15,555,0
0042,09:20,560,0
0042,09:25,565,0
0042,09:30,570,0
0042,09:35,575,0
0042,09:40,580,0
0042,09:45,585,0
0042,09:50,590,0
0042,09:55,595,0
0042,10:00,600,0
0042,10:05,605,0
0042,10:10,610,-356
0042,10:15,615,-356
0042,10:20,620,-356
0042,10:25,625,-1600
0042,10:30,630,-1600
0042,10:35,635,-1600
0042,10:40,640,-1956
0042,10:45,645,-1956
0042,10:50,650,-1956
0042,10:55,655,-1956
0042,11:00,660,-533
0042,11:05,665,-533
0042,11:10,670,-533
0042,11:15,675,-533
0042,11:20,680,-533
0042,11:25,685,-533
0042,11:30,690,1724
0042,11:35,695,1724
0042,11:40,700,1724
0042,11:45,705,345
0042,11:50,710,345
0042,11:55,715,345
0042,12:00,720,345
0042,12:05,725,-356
0042,12:10,730,-356
0042,12:15,735,-356
0042,12:20,740,-356
0042,12:25,745,-356
0042,12:30,750,-889
0042,12:35,755,-889
0042,12:40,760,-889
0042,12:45,765,-889
0042,12:50,770,-1067
0042,12:55,775,-1067
0042,13:00,780,-1067
0042,13:05,785,-1956
0042,13:10,790,-1956
0042,13:15,795,-1956
0042,13:20,800,-1956
0042,13:25,805,-2311
0042,13:30,810,-2311
0042,13:35,815,-2311
0042,13:40,820,-2311
0042,13:45,825,-2311
0042,13:50,830,-3556
0042,13:55,835,-3556
0042,14:00,840,-3556
0042,14:05,845,-3556
0042,14:10,850,-4800
0042,14:15,855,-4800
0042,14:20,860,-4800
0042,14:25,865,-4800
0042,14:30,870,-711
0042,14:35,875,-711
0042,14:40,880,-711
0042,14:45,885,-889
0042,14:50,890,-889
0042,14:55,895,-889
0042,15:00,900,-889
0042,15:05,905,-889
0042,15:10,910,-2133
0042,15:15,915,-2133
0042,15:20,920,-2133
0042,15:25,925,-2133
0042,15:30,930,-1956
0042,15:35,935,-1956
0042,15:40,940,-1956
0042,15:45,945,-3378
0042,15:50,950,-3378
0042,15:55,955,-3378
0042,16:00,960,-3378
0042,16:05,965,-3378
0042,16:10,970,-4622
0042,16:15,975,-4622
0042,16:20,980,-4622
0042,16:25,985,-4622
0042,16:30,990,-6400
0042,16:35,995,-6400
0042,16:40,1000,-6400
0042,16:45,1005,-6400
0042,16:50,1010,-7822
0042,16:55,1015,-7822
0042,17:00,1020,-7822
0042,17:05,1025,-9067
0042,17:10,1030,-9067
0042,17:15,1035,-9067
0042,17:20,1040,-9067
0042,17:25,1045,-9067
0042,17:30,1050,-7111
0042,17:35,1055,-7111
0042,17:40,1060,-7111
0042,17:45,1065,-7111
0042,17:50,1070,-8711
0042,17:55,1075,-8711
0042,18:00,1080,-8711
0042,18:05,1085,-8711
0042,18:10,1090,-9244
0042,18:15,1095,-9244
0042,18:20,1100,-9244
0042,18:25,1105,-10489
0042,18:30,1110,-10489
0042,18:35,1115,-10489
0042,18:40,1120,-10489
0042,18:45,1125,-10489
0042,18:50,1130,-10133
0042,18:55,1135,-10133
0042,19:00,1140,-10133
0042,19:05,1145,-10133
0042,19:10,1150,-8000
0042,19:15,1155,-8000
0042,19:20,1160,-8000
0042,19:25,1165,-3556
0042,19:30,1170,-3556
0042,19:35,1175,-3556
0042,19:40,1180,-3556
0042,19:45,1185,2414
0042,19:50,1190,2414
0042,19:55,1195,2414
0042,20:00,1200,2414
0042,20:05,1205,2414
0042,20:10,1210,6379
0042,20:15,1215,6379
0042,20:20,1220,6379
0042,20:25,1225,6379
0042,20:30,1230,6379
0042,20:35,1235,6379
0042,20:40,1240,6379
0042,20:45,1245,6379
0042,20:50,1250,6379
0042,20:55,1255,6379
0042,21:00,1260,6379
0042,21:05,1265,6379
0042,21:10,1270,6379
0042,21:15,1275,6379
0042,21:20,1280,6379
0042,21:25,1285,6379
0042,21:30,1290,6379
0042,21:35,1295,6379
0042,21:40,1300,6379
0042,21:45,1305,6379
0042,21:50,1310,6379
0042,21:55,1315,6379
0042,22:00,1320,6379
0042,22:05,1325,6379
0042,22:10,1330,6379
0042,22:15,1335,6379
0042,22:20,1340,6379
0042,22:25,1345,6379
0042,22:30,1350,6379
0042,22:35,1355,6379
0042,22:40,1360,6379
0042,22:45,1365,6379
0042,22:50,1370,6379
0042,22:55,1375,6379
0042,23:00,1380,6379
0042,23:05,1385,6379
0042,23:10,1390,6379
0042,23:15,1395,6379
0042,23:16,1396,6379
0042,23:20,1400,6379
0043,09:00,540,0
0043,09:05,545,0
0043,09:10,550,0
0043,09:15,555,0
0043,09:20,560,0
0043,09:25,565,0
0043,09:30,570,0
0043,09:35,575,0
0043,09:40,580,0
0043,09:45,585,0
0043,09:50,590,0
0043,09:55,595,0
0043,10:00,600,0
0043,10:05,605,0
0043,10:10,610,0
0043,10:15,615,0
0043,10:20,620,0
0043,10:25,625,0
0043,10:30,630,0
0043,10:35,635,0
0043,10:40,640,-889
0043,10:45,645,-889
0043,10:50,650,-889
0043,10:55,655,-889
0043,11:00,660,-1422
0043,11:05,665,-1422
0043,11:10,670,-1778
0043,11:15,675,-1778
0043,11:20,680,-1778
0043,11:25,685,-1778
0043,11:30,690,-2133
0043,11:35,695,-2133
0043,11:40,700,-2133
0043,11:45,705,-2133
0043,11:50,710,-2133
0043,11:55,715,-2133
0043,12:00,720,-2133
0043,12:05,725,-2311
0043,12:10,730,-2311
0043,12:15,735,-2311
0043,12:20,740,-2311
0043,12:25,745,-2311
0043,12:30,750,-2311
0043,12:35,755,-2311
0043,12:40,760,-2311
0043,12:45,765,-2311
0043,12:50,770,-2489
0043,12:55,775,-2489
0043,13:00,780,-2489
0043,13:05,785,-2489
0043,13:10,790,-2489
0043,13:15,795,-2489
0043,13:20,800,-2489
0043,13:25,805,-2489
0043,13:30,810,-2489
0043,13:35,815,-2489
0043,13:40,820,-2489
0043,13:45,825,-2489
0043,13:50,830,-3911
0043,13:55,835,-3911
0043,14:00,840,-3911
0043,14:05,845,-3911
0043,14:10,850,-5333
0043,14:15,855,-5333
0043,14:20,860,-5333
0043,14:25,865,-5333
0043,14:30,870,-6756
0043,14:35,875,-6756
0043,14:40,880,-6756
0043,14:45,885,-7822
0043,14:50,890,-7822
0043,14:55,895,-7822
0043,15:00,900,-7822
0043,15:05,905,-7822
0043,15:10,910,-8711
0043,15:15,915,-8711
0043,15:20,920,-8711
0043,15:25,925,-8711
0043,15:30,930,-9778
0043,15:35,935,-9778
0043,15:40,940,-9778
0043,15:45,945,-11200
0043,15:50,950,-11200
0043,15:55,955,-11200
0043,16:00,960,-11200
0043,16:05,965,-11200
0043,16:10,970,-12267
0043,16:15,975,-12267
0043,16:20,980,-12267
0043,16:25,985,-12267
0043,16:30,990,-14044
0043,16:35,995,-14044
0043,16:40,1000,-14044
0043,16:45,1005,-14044
0043,16:50,1010,-15644
0043,16:55,1015,-15644
0043,17:00,1020,-15644
0043,17:05,1025,-11911
0043,17:10,1030,-11911
0043,17:15,1035,-11911
0043,17:20,1040,-11911
0043,17:25,1045,-11911
0043,17:30,1050,-6222
0043,17:35,1055,-6222
0043,17:40,1060,-6222
0043,17:45,1065,-6222
0043,17:50,1070,-1067
0043,17:55,1075,-1067
0043,18:00,1080,-1067
0043,18:05,1085,-1067
0043,18:10,1090,517
0043,18:15,1095,517
0043,18:20,1100,517
0043,18:25,1105,2586
0043,18:30,1110,2586
0043,18:35,1115,2586
0043,18:40,1120,2586
0043,18:45,1125,2586
0043,18:50,1130,1897
0043,18:55,1135,1897
0043,19:00,1140,1897
0043,19:05,1145,1897
0043,19:10,1150,1552
0043,19:15,1155,1552
0043,19:20,1160,1552
0043,19:25,1165,1552
0043,19:30,1170,1552
0043,19:35,1175,1552
0043,19:40,1180,1552
0043,19:45,1185,1552
0043,19:50,1190,1552
0043,19:55,1195,1552
0043,20:00,1200,1552
0043,20:05,1205,1552
0043,20:10,1210,1552
0043,20:15,1215,1552
0043,20:20,1220,1552
0043,20:25,1225,1552
0043,20:30,1230,1552
0043,20:35,1235,1552
0043,20:40,1240,1552
0043,20:45,1245,1552
0043,20:50,1250,1552
0043,20:55,1255,1552
0043,21:00,1260,1552
0043,21:05,1265,1552
0043,21:10,1270,1552
0043,21:15,1275,1552
0043,21:20,1280,1552
0043,21:25,1285,1552
0043,21:30,1290,1552
0043,21:35,1295,1552
0043,21:40,1300,1552
0043,21:45,1305,1552
0043,21:50,1310,1552
0043,21:55,1315,1552
0043,22:00,1320,1552
0043,22:05,1325,1552
0043,22:10,1330,1552
0043,22:15,1335,1552
0043,22:20,1340,1552
0043,22:25,1345,1552
0043,22:30,1350,1552
0043,22:35,1355,1552
0043,22:40,1360,1552
0043,22:45,1365,1552
0043,22:50,1370,1552
0043,22:55,1375,1552
0043,23:00,1380,1552
0043,23:05,1385,1552
0043,23:10,1390,1552
0043,23:15,1395,1552
0043,23:16,1396,1552
0043,23:20,1400,1552
0044,09:00,540,0
0044,09:05,545,0
0044,09:10,550,0
0044,09:15,555,0
0044,09:20,560,0
0044,09:25,565,0
0044,09:30,570,0
0044,09:35,575,0
0044,09:40,580,0
0044,09:45,585,0
0044,09:50,590,0
0044,09:55,595,0
0044,10:00,600,0
0044,10:05,605,0
0044,10:10,610,0
0044,10:15,615,0
0044,10:20,620,0
0044,10:25,625,0
0044,10:30,630,0
0044,10:35,635,0
0044,10:40,640,0
0044,10:45,645,0
0044,10:50,650,0
0044,10:55,655,0
0044,11:00,660,0
0044,11:05,665,0
0044,11:10,670,0
0044,11:15,675,0
0044,11:20,680,0
0044,11:25,685,0
0044,11:30,690,0
0044,11:35,695,0
0044,11:40,700,0
0044,11:45,705,0
0044,11:50,710,0
0044,11:55,715,0
0044,12:00,720,0
0044,12:05,725,-1156
0044,12:10,730,-1156
0044,12:15,735,-1156
0044,12:20,740,-1156
0044,12:25,745,-1156
0044,12:30,750,-1867
0044,12:35,755,-1867
0044,12:40,760,-1867
0044,12:45,765,-1867
0044,12:50,770,-1867
0044,12:55,775,-1867
0044,13:00,780,-1867
0044,13:05,785,-1867
0044,13:10,790,-1867
0044,13:15,795,-1867
0044,13:20,800,-1867
0044,13:25,805,-2044
0044,13:30,810,-2044
0044,13:35,815,-2044
0044,13:40,820,-2044
0044,13:45,825,-2044
0044,13:50,830,-1511
0044,13:55,835,-1511
0044,14:00,840,-1511
0044,14:05,845,-1511
0044,14:10,850,-2667
0044,14:15,855,-2667
0044,14:20,860,-2667
0044,14:25,865,-2667
0044,14:30,870,-4000
0044,14:35,875,-4000
0044,14:40,880,-4000
0044,14:45,885,-5067
0044,14:50,890,-5067
0044,14:55,895,-5067
0044,15:00,900,-5067
0044,15:05,905,-5067
0044,15:10,910,-6133
0044,15:15,915,-6133
0044,15:20,920,-6133
0044,15:25,925,-6133
0044,15:30,930,-3644
0044,15:35,935,-3644
0044,15:40,940,-3644
0044,15:45,945,-1067
0044,15:50,950,-1067
0044,15:55,955,-1067
0044,16:00,960,-1067
0044,16:05,965,-1067
0044,16:10,970,-2044
0044,16:15,975,-2044
0044,16:20,980,-2044
0044,16:25,985,-2044
0044,16:30,990,-3289
0044,16:35,995,-3289
0044,16:40,1000,-3289
0044,16:45,1005,-3289
0044,16:50,1010,-3733
0044,16:55,1015,-3733
0044,17:00,1020,-3733
0044,17:05,1025,-4889
0044,17:10,1030,-4889
0044,17:15,1035,-4889
0044,17:20,1040,-4889
0044,17:25,1045,-4889
0044,17:30,1050,-6133
0044,17:35,1055,-6133
0044,17:40,1060,-6133
0044,17:45,1065,-6133
0044,17:50,1070,-7644
0044,17:55,1075,-7644
0044,18:00,1080,-7644
0044,18:05,1085,-7644
0044,18:10,1090,-6933
0044,18:15,1095,-6933
0044,18:20,1100,-6933
0044,18:25,1105,-8178
0044,18:30,1110,-8178
0044,18:35,1115,-8178
0044,18:40,1120,-8178
0044,18:45,1125,-8178
0044,18:50,1130,-9600
0044,18:55,1135,-9600
0044,19:00,1140,-9600
0044,19:05,1145,-9600
0044,19:10,1150,-7467
0044,19:15,1155,-7467
0044,19:20,1160,-7467
0044,19:25,1165,776
0044,19:30,1170,776
0044,19:35,1175,776
0044,19:40,1180,776
0044,19:45,1185,6293
0044,19:50,1190,6293
0044,19:55,1195,6293
0044,20:00,1200,6293
0044,20:05,1205,6293
0044,20:10,1210,5517
0044,20:15,1215,5517
0044,20:20,1220,5517
0044,20:25,1225,5517
0044,20:30,1230,3966
0044,20:35,1235,3966
0044,20:40,1240,3966
0044,20:45,1245,3621
0044,20:50,1250,3621
0044,20:55,1255,3621
0044,21:00,1260,3621
0044,21:05,1265,3621
0044,21:10,1270,3621
0044,21:15,1275,3621
0044,21:20,1280,3621
0044,21:25,1285,3621
0044,21:30,1290,3621
0044,21:35,1295,3621
0044,21:40,1300,3621
0044,21:45,1305,3621
0044,21:50,1310,3621
0044,21:55,1315,3621
0044,22:00,1320,3621
0044,22:05,1325,3621
0044,22:10,1330,3621
0044,22:15,1335,3621
0044,22:20,1340,3621
0044,22:25,1345,3621
0044,22:30,1350,3621
0044,22:35,1355,3621
0044,22:40,1360,3621
0044,22:45,1365,3621
0044,22:50,1370,3621
0044,22:55,1375,3621
0044,23:00,1380,3621
0044,23:05,1385,3621
0044,23:10,1390,3621
0044,23:15,1395,3621
0044,23:16,1396,3621
0044,23:20,1400,3621
0045,09:00,540,0
0045,09:05,545,0
0045,09:10,550,0
0045,09:15,555,0
0045,09:20,560,0
0045,09:25,565,0
0045,09:30,570,0
0045,09:35,575,0
0045,09:40,580,0
0045,09:45,585,0
0045,09:50,590,0
0045,09:55,595,0
0045,10:00,600,0
0045,10:05,605,0
0045,10:10,610,0
0045,10:15,615,0
0045,10:20,620,0
0045,10:25,625,-255
0045,10:30,630,-255
0045,10:35,635,-255
0045,10:40,640,-1021
0045,10:45,645,-1021
0045,10:50,650,-1021
0045,10:55,655,-1021
0045,11:00,660,-2298
0045,11:05,665,-2298
0045,11:10,670,-2298
0045,11:15,675,-2298
0045,11:20,680,-2298
0045,11:25,685,-2298
0045,11:30,690,-4085
0045,11:35,695,-4085
0045,11:40,700,-4085
0045,11:45,705,-4851
0045,11:50,710,-4851
0045,11:55,715,-4851
0045,12:00,720,-4851
0045,12:05,725,-6128
0045,12:10,730,-6128
0045,12:15,735,-6128
0045,12:20,740,-6128
0045,12:25,745,-6128
0045,12:30,750,-7915
0045,12:35,755,-7915
0045,12:40,760,-7915
0045,12:45,765,-7915
0045,12:50,770,-9447
0045,12:55,775,-9447
0045,13:00,780,-9447
0045,13:05,785,-8936
0045,13:10,790,-8936
0045,13:15,795,-8936
0045,13:20,800,-8936
0045,13:25,805,-5106
0045,13:30,810,-5106
0045,13:35,815,-5106
0045,13:40,820,-5106
0045,13:45,825,-5106
0045,13:50,830,-6638
0045,13:55,835,-6638
0045,14:00,840,-6638
0045,14:05,845,-6638
0045,14:10,850,-7915
0045,14:15,855,-7915
0045,14:20,860,-7915
0045,14:25,865,-7915
0045,14:30,870,-9191
0045,14:35,875,-9191
0045,14:40,880,-9191
0045,14:45,885,-5617
0045,14:50,890,-5617
0045,14:55,895,-5617
0045,15:00,900,-5617
0045,15:05,905,-5617
0045,15:10,910,-6894
0045,15:15,915,-6894
0045,15:20,920,-6894
0045,15:25,925,-6894
0045,15:30,930,-8426
0045,15:35,935,-8426
0045,15:40,940,-8426
0045,15:45,945,-9957
0045,15:50,950,-9957
0045,15:55,955,-9957
0045,16:00,960,-9957
0045,16:05,965,-9957
0045,16:10,970,-10723
0045,16:15,975,-10723
0045,16:20,980,-10723
0045,16:25,985,-10723
0045,16:30,990,-12000
0045,16:35,995,-12000
0045,16:40,1000,-12000
0045,16:45,1005,-12000
0045,16:50,1010,-12766
0045,16:55,1015,-12766
0045,17:00,1020,-12766
0045,17:05,1025,-13787
0045,17:10,1030,-13787
0045,17:15,1035,-13787
0045,17:20,1040,-13787
0045,17:25,1045,-13787
0045,17:30,1050,-15064
0045,17:35,1055,-15064
0045,17:40,1060,-15064
0045,17:45,1065,-15064
0045,17:50,1070,-16085
0045,17:55,1075,-16085
0045,18:00,1080,-16085
0045,18:05,1085,-16085
0045,18:10,1090,-16596
0045,18:15,1095,-16596
0045,18:20,1100,-16596
0045,18:25,1105,-17617
0045,18:30,1110,-17617
0045,18:35,1115,-17617
0045,18:40,1120,-17617
0045,18:45,1125,-17617
0045,18:50,1130,-18638
0045,18:55,1135,-18638
0045,19:00,1140,-18638
0045,19:05,1145,-18638
0045,19:10,1150,-19404
0045,19:15,1155,-19404
0045,19:20,1160,-19404
0045,19:25,1165,-20170
0045,19:30,1170,-20170
0045,19:35,1175,-20170
0045,19:40,1180,-20170
0045,19:45,1185,-20170
0045,19:50,1190,-20170
0045,19:55,1195,-20170
0045,20:00,1200,-20170
0045,20:05,1205,-20170
0045,20:10,1210,-20170
0045,20:15,1215,-20170
0045,20:20,1220,-20170
0045,20:25,1225,-20170
0045,20:30,1230,-20170
0045,20:35,1235,-20170
0045,20:40,1240,-20170
0045,20:45,1245,-20170
0045,20:50,1250,-20170
0045,20:55,1255,-20170
0045,21:00,1260,-20170
0045,21:05,1265,-20170
0045,21:10,1270,-20170
0045,21:15,1275,-20170
0045,21:20,1280,-20170
0045,21:25,1285,-20170
0045,21:30,1290,-20170
0045,21:35,1295,-20170
0045,21:40,1300,-20170
0045,21:45,1305,-20170
0045,21:50,1310,-20170
0045,21:55,1315,-20170
0045,22:00,1320,-20170
0045,22:05,1325,-20170
0045,22:10,1330,-20170
0045,22:15,1335,-20170
0045,22:20,1340,-20170
0045,22:25,1345,-20170
0045,22:30,1350,-20170
0045,22:35,1355,-20170
0045,22:40,1360,-20170
0045,22:45,1365,-20170
0045,22:50,1370,-20170
0045,22:55,1375,-20170
0045,23:00,1380,-20170
0045,23:05,1385,-20170
0045,23:10,1390,-20170
0045,23:15,1395,-20170
0045,23:16,1396,-20170
0045,23:20,1400,-20170
0046,09:00,540,0
0046,09:05,545,0
0046,09:10,550,0
0046,09:15,555,0
0046,09:20,560,0
0046,09:25,565,0
0046,09:30,570,0
0046,09:35,575,0
0046,09:40,580,0
0046,09:45,585,0
0046,09:50,590,0
0046,09:55,595,0
0046,10:00,600,0
0046,10:05,605,0
0046,10:10,610,0
0046,10:15,615,0
0046,10:20,620,0
0046,10:25,625,0
0046,10:30,630,0
0046,10:35,635,0
0046,10:40,640,0
0046,10:45,645,0
0046,10:50,650,0
0046,10:55,655,0
0046,11:00,660,0
0046,11:05,665,0
0046,11:10,670,0
0046,11:15,675,0
0046,11:20,680,0
0046,11:25,685,0
0046,11:30,690,0
0046,11:35,695,0
0046,11:40,700,0
0046,11:45,705,-356
0046,11:50,710,-356
0046,11:55,715,-356
0046,12:00,720,-356
0046,12:05,725,-356
0046,12:10,730,-356
0046,12:15,735,-356
0046,12:20,740,-356
0046,12:25,745,-356
0046,12:30,750,-356
0046,12:35,755,-356
0046,12:40,760,-356
0046,12:45,765,-356
0046,12:50,770,-444
0046,12:55,775,-444
0046,13:00,780,-444
0046,13:05,785,-1778
0046,13:10,790,-1778
0046,13:15,795,-1778
0046,13:20,800,-1778
0046,13:25,805,2241
0046,13:30,810,2241
0046,13:35,815,2241
0046,13:40,820,2241
0046,13:45,825,2241
0046,13:50,830,3103
0046,13:55,835,3103
0046,14:00,840,3103
0046,14:05,845,3103
0046,14:10,850,1983
0046,14:15,855,1983
0046,14:20,860,1983
0046,14:25,865,1983
0046,14:30,870,172
0046,14:35,875,172
0046,14:40,880,172
0046,14:45,885,-978
0046,14:50,890,-978
0046,14:55,895,-978
0046,15:00,900,-978
0046,15:05,905,-978
0046,15:10,910,-1778
0046,15:15,915,-1778
0046,15:20,920,-1778
0046,15:25,925,-1778
0046,15:30,930,-2933
0046,15:35,935,-2933
0046,15:40,940,-2933
0046,15:45,945,-3822
0046,15:50,950,-3822
0046,15:55,955,-3822
0046,16:00,960,-3822
0046,16:05,965,-3822
0046,16:10,970,-4711
0046,16:15,975,-4711
0046,16:20,980,-4711
0046,16:25,985,-4711
0046,16:30,990,-5956
0046,16:35,995,-5956
0046,16:40,1000,-5956
0046,16:45,1005,-5956
0046,16:50,1010,-7022
0046,16:55,1015,-7022
0046,17:00,1020,-7022
0046,17:05,1025,-1689
0046,17:10,1030,-1689
0046,17:15,1035,-1689
0046,17:20,1040,-1689
0046,17:25,1045,-1689
0046,17:30,1050,-2756
0046,17:35,1055,-2756
0046,17:40,1060,-2756
0046,17:45,1065,-2756
0046,17:50,1070,-2756
0046,17:55,1075,-2756
0046,18:00,1080,-2756
0046,18:05,1085,-2756
0046,18:10,1090,-3111
0046,18:15,1095,-3111
0046,18:20,1100,-3111
0046,18:25,1105,-3467
0046,18:30,1110,-3467
0046,18:35,1115,-3467
0046,18:40,1120,-3467
0046,18:45,1125,-3467
0046,18:50,1130,-3467
0046,18:55,1135,-3467
0046,19:00,1140,-3467
0046,19:05,1145,-3467
0046,19:10,1150,-2489
0046,19:15,1155,-2489
0046,19:20,1160,-2489
0046,19:25,1165,-3556
0046,19:30,1170,-3556
0046,19:35,1175,-3556
0046,19:40,1180,-3556
0046,19:45,1185,2069
0046,19:50,1190,2069
0046,19:55,1195,2069
0046,20:00,1200,2069
0046,20:05,1205,2069
0046,20:10,1210,4310
0046,20:15,1215,4310
0046,20:20,1220,4310
0046,20:25,1225,4310
0046,20:30,1230,2672
0046,20:35,1235,2672
0046,20:40,1240,2672
0046,20:45,1245,1121
0046,20:50,1250,1121
0046,20:55,1255,1121
0046,21:00,1260,1121
0046,21:05,1265,1121
0046,21:10,1270,-178
0046,21:15,1275,-178
0046,21:20,1280,-178
0046,21:25,1285,-178
0046,21:30,1290,3621
0046,21:35,1295,3621
0046,21:40,1300,3621
0046,21:45,1305,3621
0046,21:50,1310,3621
0046,21:55,1315,3621
0046,22:00,1320,3621
0046,22:05,1325,3621
0046,22:10,1330,3621
0046,22:15,1335,3621
0046,22:20,1340,3621
0046,22:25,1345,3621
0046,22:30,1350,3621
0046,22:35,1355,3621
0046,22:40,1360,3621
0046,22:45,1365,3621
0046,22:50,1370,3621
0046,22:55,1375,3621
0046,23:00,1380,3621
0046,23:05,1385,3621
0046,23:10,1390,3621
0046,23:15,1395,3621
0046,23:16,1396,3621
0046,23:20,1400,3621
0047,09:00,540,0
0047,09:05,545,0
0047,09:10,550,0
0047,09:15,555,0
0047,09:20,560,0
0047,09:25,565,0
0047,09:30,570,0
0047,09:35,575,0
0047,09:40,580,0
0047,09:45,585,0
0047,09:50,590,0
0047,09:55,595,0
0047,10:00,600,0
0047,10:05,605,0
0047,10:10,610,0
0047,10:15,615,0
0047,10:20,620,0
0047,10:25,625,0
0047,10:30,630,0
0047,10:35,635,0
0047,10:40,640,0
0047,10:45,645,0
0047,10:50,650,0
0047,10:55,655,0
0047,11:00,660,-711
0047,11:05,665,-711
0047,11:10,670,-711
0047,11:15,675,-711
0047,11:20,680,-711
0047,11:25,685,-711
0047,11:30,690,-889
0047,11:35,695,-889
0047,11:40,700,-889
0047,11:45,705,-1244
0047,11:50,710,-1244
0047,11:55,715,-1244
0047,12:00,720,-1244
0047,12:05,725,-1244
0047,12:10,730,-1244
0047,12:15,735,-1244
0047,12:20,740,-1244
0047,12:25,745,-1244
0047,12:30,750,-1956
0047,12:35,755,-1956
0047,12:40,760,-1956
0047,12:45,765,-1956
0047,12:50,770,-3556
0047,12:55,775,-3556
0047,13:00,780,-3556
0047,13:05,785,-4267
0047,13:10,790,-4267
0047,13:15,795,-4267
0047,13:20,800,-4267
0047,13:25,805,-4800
0047,13:30,810,-4800
0047,13:35,815,-4800
0047,13:40,820,-4800
0047,13:45,825,-4800
0047,13:50,830,-5689
0047,13:55,835,-5689
0047,14:00,840,-5689
0047,14:05,845,-5689
0047,14:10,850,-6933
0047,14:15,855,-6933
0047,14:20,860,-6933
0047,14:25,865,-6933
0047,14:30,870,-8000
0047,14:35,875,-8000
0047,14:40,880,-8000
0047,14:45,885,-8889
0047,14:50,890,-8889
0047,14:55,895,-8889
0047,15:00,900,-8889
0047,15:05,905,-8889
0047,15:10,910,-5511
0047,15:15,915,-5511
0047,15:20,920,-5511
0047,15:25,925,-5511
0047,15:30,930,-3200
0047,15:35,935,-3200
0047,15:40,940,-3200
0047,15:45,945,-4800
0047,15:50,950,-4800
0047,15:55,955,-4800
0047,16:00,960,-4800
0047,16:05,965,-4800
0047,16:10,970,-6044
0047,16:15,975,-6044
0047,16:20,980,-6044
0047,16:25,985,-6044
0047,16:30,990,-7467
0047,16:35,995,-7467
0047,16:40,1000,-7467
0047,16:45,1005,-7467
0047,16:50,1010,-8533
0047,16:55,1015,-8533
0047,17:00,1020,-8533
0047,17:05,1025,-9067
0047,17:10,1030,-9067
0047,17:15,1035,-9067
0047,17:20,1040,-9067
0047,17:25,1045,-9067
0047,17:30,1050,-10133
0047,17:35,1055,-10133
0047,17:40,1060,-10133
0047,17:45,1065,-10133
0047,17:50,1070,-9422
0047,17:55,1075,-9422
0047,18:00,1080,-9422
0047,18:05,1085,-9422
0047,18:10,1090,-4089
0047,18:15,1095,-4089
0047,18:20,1100,-4089
0047,18:25,1105,-3733
0047,18:30,1110,-3733
0047,18:35,1115,-3733
0047,18:40,1120,-3733
0047,18:45,1125,-3733
0047,18:50,1130,-5156
0047,18:55,1135,-5156
0047,19:00,1140,-5156
0047,19:05,1145,-5156
0047,19:10,1150,-3022
0047,19:15,1155,-3022
0047,19:20,1160,-3022
0047,19:25,1165,-2489
0047,19:30,1170,-2489
0047,19:35,1175,-2489
0047,19:40,1180,-2489
0047,19:45,1185,-3556
0047,19:50,1190,-3556
0047,19:55,1195,-3556
0047,20:00,1200,-3556
0047,20:05,1205,-3556
0047,20:10,1210,-4622
0047,20:15,1215,-4622
0047,20:20,1220,-4622
0047,20:25,1225,-4622
0047,20:30,1230,-6400
0047,20:35,1235,-6400
0047,20:40,1240,-6400
0047,20:45,1245,-7467
0047,20:50,1250,-7467
0047,20:55,1255,-7467
0047,21:00,1260,-7467
0047,21:05,1265,-7467
0047,21:10,1270,-6578
0047,21:15,1275,-6578
0047,21:20,1280,-6578
0047,21:25,1285,-6578
0047,21:30,1290,-6578
0047,21:35,1295,-6578
0047,21:40,1300,-6578
0047,21:45,1305,-6578
0047,21:50,1310,-6578
0047,21:55,1315,-6578
0047,22:00,1320,-6578
0047,22:05,1325,-6578
0047,22:10,1330,-6578
0047,22:15,1335,-6578
0047,22:20,1340,-6578
0047,22:25,1345,-6578
0047,22:30,1350,-6578
0047,22:35,1355,-6578
0047,22:40,1360,-6578
0047,22:45,1365,-6578
0047,22:50,1370,-6578
0047,22:55,1375,-6578
0047,23:00,1380,-6578
0047,23:05,1385,-6578
0047,23:10,1390,-6578
0047,23:15,1395,-6578
0047,23:16,1396,-6578
0047,23:20,1400,-6578
0048,09:00,540,0
0048,09:05,545,0
0048,09:10,550,0
0048,09:15,555,0
0048,09:20,560,0
0048,09:25,565,0
0048,09:30,570,0
0048,09:35,575,0
0048,09:40,580,0
0048,09:45,585,0
0048,09:50,590,0
0048,09:55,595,0
0048,10:00,600,0
0048,10:05,605,0
0048,10:10,610,0
0048,10:15,615,0
0048,10:20,620,0
0048,10:25,625,0
0048,10:30,630,0
0048,10:35,635,0
0048,10:40,640,0
0048,10:45,645,0
0048,10:50,650,0
0048,10:55,655,0
0048,11:00,660,0
0048,11:05,665,0
0048,11:10,670,0
0048,11:15,675,0
0048,11:20,680,0
0048,11:25,685,0
0048,11:30,690,-1422
0048,11:35,695,-1422
0048,11:40,700,-1422
0048,11:45,705,603
0048,11:50,710,603
0048,11:55,715,603
0048,12:00,720,603
0048,12:05,725,-533
0048,12:10,730,-533
0048,12:15,735,-533
0048,12:20,740,-533
0048,12:25,745,-533
0048,12:30,750,1379
0048,12:35,755,1379
0048,12:40,760,1379
0048,12:45,765,1379
0048,12:50,770,1121
0048,12:55,775,1121
0048,13:00,780,1121
0048,13:05,785,-178
0048,13:10,790,-178
0048,13:15,795,-178
0048,13:20,800,-178
0048,13:25,805,-267
0048,13:30,810,-267
0048,13:35,815,-267
0048,13:40,820,-267
0048,13:45,825,-267
0048,13:50,830,-267
0048,13:55,835,-267
0048,14:00,840,-267
0048,14:05,845,-267
0048,14:10,850,5172
0048,14:15,855,5172
0048,14:20,860,5172
0048,14:25,865,5172
0048,14:30,870,5000
0048,14:35,875,5000
0048,14:40,880,5000
0048,14:45,885,5431
0048,14:50,890,5431
0048,14:55,895,5431
0048,15:00,900,5431
0048,15:05,905,5431
0048,15:10,910,5000
0048,15:15,915,5000
0048,15:20,920,5000
0048,15:25,925,5000
0048,15:30,930,3879
0048,15:35,935,3879
0048,15:40,940,3879
0048,15:45,945,2586
0048,15:50,950,2586
0048,15:55,955,2586
0048,16:00,960,2586
0048,16:05,965,2586
0048,16:10,970,1379
0048,16:15,975,1379
0048,16:20,980,1379
0048,16:25,985,1379
0048,16:30,990,431
0048,16:35,995,431
0048,16:40,1000,431
0048,16:45,1005,431
0048,16:50,1010,-622
0048,16:55,1015,-622
0048,17:00,1020,-622
0048,17:05,1025,-1689
0048,17:10,1030,-1689
0048,17:15,1035,-1689
0048,17:20,1040,-1689
0048,17:25,1045,-1689
0048,17:30,1050,-1156
0048,17:35,1055,-1156
0048,17:40,1060,-1156
0048,17:45,1065,-1156
0048,17:50,1070,-2489
0048,17:55,1075,-2489
0048,18:00,1080,-2489
0048,18:05,1085,-2489
0048,18:10,1090,-3111
0048,18:15,1095,-3111
0048,18:20,1100,-3111
0048,18:25,1105,-4089
0048,18:30,1110,-4089
0048,18:35,1115,-4089
0048,18:40,1120,-4089
0048,18:45,1125,-4089
0048,18:50,1130,-5422
0048,18:55,1135,-5422
0048,19:00,1140,-5422
0048,19:05,1145,-5422
0048,19:10,1150,-5422
0048,19:15,1155,-5422
0048,19:20,1160,-5422
0048,19:25,1165,-5422
0048,19:30,1170,-5422
0048,19:35,1175,-5422
0048,19:40,1180,-5422
0048,19:45,1185,-5422
0048,19:50,1190,-5422
0048,19:55,1195,-5422
0048,20:00,1200,-5422
0048,20:05,1205,-5422
0048,20:10,1210,-5422
0048,20:15,1215,-5422
0048,20:20,1220,-5422
0048,20:25,1225,-5422
0048,20:30,1230,-4178
0048,20:35,1235,-4178
0048,20:40,1240,-4178
0048,20:45,1245,-4267
0048,20:50,1250,-4267
0048,20:55,1255,-4267
0048,21:00,1260,-4267
0048,21:05,1265,-4267
0048,21:10,1270,-4267
0048,21:15,1275,-4267
0048,21:20,1280,-4267
0048,21:25,1285,-4267
0048,21:30,1290,-4267
0048,21:35,1295,-4267
0048,21:40,1300,-4267
0048,21:45,1305,-4267
0048,21:50,1310,-4267
0048,21:55,1315,-4267
0048,22:00,1320,-4267
0048,22:05,1325,-4267
0048,22:10,1330,-4267
0048,22:15,1335,-4267
0048,22:20,1340,-4267
0048,22:25,1345,-4267
0048,22:30,1350,-4267
0048,22:35,1355,-4267
0048,22:40,1360,-4267
0048,22:45,1365,-4267
0048,22:50,1370,-4267
0048,22:55,1375,-4267
0048,23:00,1380,-4267
0048,23:05,1385,-4267
0048,23:10,1390,-4267
0048,23:15,1395,-4267
0048,23:16,1396,-4267
0048,23:20,1400,-4267
0049,09:00,540,0
0049,09:05,545,0
0049,09:10,550,0
0049,09:15,555,0
0049,09:20,560,0
0049,09:25,565,0
0049,09:30,570,0
0049,09:35,575,0
0049,09:40,580,0
0049,09:45,585,0
0049,09:50,590,0
0049,09:55,595,0
0049,10:00,600,0
0049,10:05,605,0
0049,10:10,610,0
0049,10:15,615,0
0049,10:20,620,0
0049,10:25,625,-1053
0049,10:30,630,-1053
0049,10:35,635,-1053
0049,10:40,640,-2105
0049,10:45,645,-2105
0049,10:50,650,-2105
0049,10:55,655,-2105
0049,11:00,660,-3158
0049,11:05,665,-3158
0049,11:10,670,-3684
0049,11:15,675,-3684
0049,11:20,680,-3684
0049,11:25,685,-3684
0049,11:30,690,-3947
0049,11:35,695,-3947
0049,11:40,700,-3947
0049,11:45,705,-4474
0049,11:50,710,-4474
0049,11:55,715,-4474
0049,12:00,720,-4474
0049,12:05,725,-5000
0049,12:10,730,-5000
0049,12:15,735,-5000
0049,12:20,740,-5000
0049,12:25,745,-5000
0049,12:30,750,-6316
0049,12:35,755,-6316
0049,12:40,760,-6316
0049,12:45,765,-6316
0049,12:50,770,-6842
0049,12:55,775,-6842
0049,13:00,780,-6842
0049,13:05,785,-8158
0049,13:10,790,-8158
0049,13:15,795,-8158
0049,13:20,800,-8158
0049,13:25,805,-3158
0049,13:30,810,-3158
0049,13:35,815,-3158
0049,13:40,820,-3158
0049,13:45,825,-3158
0049,13:50,830,-4474
0049,13:55,835,-4474
0049,14:00,840,-4474
0049,14:05,845,-4474
0049,14:10,850,-5789
0049,14:15,855,-5789
0049,14:20,860,-5789
0049,14:25,865,-5789
0049,14:30,870,-6053
0049,14:35,875,-6053
0049,14:40,880,-6053
0049,14:45,885,-7368
0049,14:50,890,-7368
0049,14:55,895,-7368
0049,15:00,900,-7368
0049,15:05,905,-7368
0049,15:10,910,-7105
0049,15:15,915,-7105
0049,15:20,920,-7105
0049,15:25,925,-7105
0049,15:30,930,-5000
0049,15:35,935,-5000
0049,15:40,940,-5000
0049,15:45,945,-1316
0049,15:50,950,-1316
0049,15:55,955,-1316
0049,16:00,960,-1316
0049,16:05,965,-1316
0049,16:10,970,-2105
0049,16:15,975,-2105
0049,16:20,980,-2105
0049,16:25,985,-2105
0049,16:30,990,3125
0049,16:35,995,3125
0049,16:40,1000,3125
0049,16:45,1005,3125
0049,16:50,1010,2083
0049,16:55,1015,2083
0049,17:00,1020,2083
0049,17:05,1025,1302
0049,17:10,1030,1302
0049,17:15,1035,1302
0049,17:20,1040,1302
0049,17:25,1045,1302
0049,17:30,1050,3385
0049,17:35,1055,3385
0049,17:40,1060,3385
0049,17:45,1065,3385
0049,17:50,1070,9896
0049,17:55,1075,9896
0049,18:00,1080,9896
0049,18:05,1085,9896
0049,18:10,1090,11979
0049,18:15,1095,11979
0049,18:20,1100,11979
0049,18:25,1105,13021
0049,18:30,1110,13021
0049,18:35,1115,13021
0049,18:40,1120,13021
0049,18:45,1125,13021
0049,18:50,1130,13021
0049,18:55,1135,13021
0049,19:00,1140,13021
0049,19:05,1145,13021
0049,19:10,1150,12500
0049,19:15,1155,12500
0049,19:20,1160,12500
0049,19:25,1165,12500
0049,19:30,1170,12500
0049,19:35,1175,12500
0049,19:40,1180,12500
0049,19:45,1185,12500
0049,19:50,1190,12500
0049,19:55,1195,12500
0049,20:00,1200,12500
0049,20:05,1205,12500
0049,20:10,1210,14323
0049,20:15,1215,14323
0049,20:20,1220,14323
0049,20:25,1225,14323
0049,20:30,1230,21875
0049,20:35,1235,21875
0049,20:40,1240,21875
0049,20:45,1245,28385
0049,20:50,1250,28385
0049,20:55,1255,28385
0049,21:00,1260,28385
0049,21:05,1265,28385
0049,21:10,1270,29688
0049,21:15,1275,29688
0049,21:20,1280,29688
0049,21:25,1285,29688
0049,21:30,1290,38281
0049,21:35,1295,38281
0049,21:40,1300,38281
0049,21:45,1305,46094
0049,21:50,1310,46094
0049,21:55,1315,46094
0049,22:00,1320,46094
0049,22:05,1325,46094
0049,22:10,1330,46094
0049,22:15,1335,46094
0049,22:20,1340,46094
0049,22:25,1345,46094
0049,22:30,1350,46094
0049,22:35,1355,46094
0049,22:40,1360,46094
0049,22:45,1365,46094
0049,22:50,1370,46094
0049,22:55,1375,46094
0049,23:00,1380,46094
0049,23:05,1385,46094
0049,23:10,1390,46094
0049,23:15,1395,46094
0049,23:16,1396,46094
0049,23:20,1400,46094
0050,09:00,540,0
0050,09:05,545,0
0050,09:10,550,0
0050,09:15,555,0
0050,09:20,560,0
0050,09:25,565,0
0050,09:30,570,0
0050,09:35,575,0
0050,09:40,580,0
0050,09:45,585,0
0050,09:50,590,0
0050,09:55,595,0
0050,10:00,600,0
0050,10:05,605,0
0050,10:10,610,0
0050,10:15,615,0
0050,10:20,620,0
0050,10:25,625,0
0050,10:30,630,0
0050,10:35,635,0
0050,10:40,640,0
0050,10:45,645,0
0050,10:50,650,0
0050,10:55,655,0
0050,11:00,660,0
0050,11:05,665,0
0050,11:10,670,0
0050,11:15,675,0
0050,11:20,680,0
0050,11:25,685,0
0050,11:30,690,0
0050,11:35,695,0
0050,11:40,700,0
0050,11:45,705,0
0050,11:50,710,0
0050,11:55,715,0
0050,12:00,720,0
0050,12:05,725,0
0050,12:10,730,0
0050,12:15,735,0
0050,12:20,740,0
0050,12:25,745,0
0050,12:30,750,-711
0050,12:35,755,-711
0050,12:40,760,-711
0050,12:45,765,-711
0050,12:50,770,-2133
0050,12:55,775,-2133
0050,13:00,780,-2133
0050,13:05,785,-2400
0050,13:10,790,-2400
0050,13:15,795,-2400
0050,13:20,800,-2400
0050,13:25,805,-3289
0050,13:30,810,-3289
0050,13:35,815,-3289
0050,13:40,820,-3289
0050,13:45,825,-3289
0050,13:50,830,-3911
0050,13:55,835,-3911
0050,14:00,840,-3911
0050,14:05,845,-3911
0050,14:10,850,-5156
0050,14:15,855,-5156
0050,14:20,860,-5156
0050,14:25,865,-5156
0050,14:30,870,-5867
0050,14:35,875,-5867
0050,14:40,880,-5867
0050,14:45,885,-7111
0050,14:50,890,-7111
0050,14:55,895,-7111
0050,15:00,900,-7111
0050,15:05,905,-7111
0050,15:10,910,-4978
0050,15:15,915,-4978
0050,15:20,920,-4978
0050,15:25,925,-4978
0050,15:30,930,-711
0050,15:35,935,-711
0050,15:40,940,-711
0050,15:45,945,2845
0050,15:50,950,2845
0050,15:55,955,2845
0050,16:00,960,2845
0050,16:05,965,2845
0050,16:10,970,3707
0050,16:15,975,3707
0050,16:20,980,3707
0050,16:25,985,3707
0050,16:30,990,4224
0050,16:35,995,4224
0050,16:40,1000,4224
0050,16:45,1005,4224
0050,16:50,1010,3276
0050,16:55,1015,3276
0050,17:00,1020,3276
0050,17:05,1025,2155
0050,17:10,1030,2155
0050,17:15,1035,2155
0050,17:20,1040,2155
0050,17:25,1045,2155
0050,17:30,1050,2069
0050,17:35,1055,2069
0050,17:40,1060,2069
0050,17:45,1065,2069
0050,17:50,1070,2069
0050,17:55,1075,2069
0050,18:00,1080,2069
0050,18:05,1085,2069
0050,18:10,1090,2069
0050,18:15,1095,2069
0050,18:20,1100,2069
0050,18:25,1105,1810
0050,18:30,1110,1810
0050,18:35,1115,1810
0050,18:40,1120,1810
0050,18:45,1125,1810
0050,18:50,1130,2931
0050,18:55,1135,2931
0050,19:00,1140,2931
0050,19:05,1145,2931
0050,19:10,1150,4741
0050,19:15,1155,4741
0050,19:20,1160,4741
0050,19:25,1165,6034
0050,19:30,1170,6034
0050,19:35,1175,6034
0050,19:40,1180,6034
0050,19:45,1185,4914
0050,19:50,1190,4914
0050,19:55,1195,4914
0050,20:00,1200,4914
0050,20:05,1205,4914
0050,20:10,1210,4397
0050,20:15,1215,4397
0050,20:20,1220,4397
0050,20:25,1225,4397
0050,20:30,1230,3966
0050,20:35,1235,3966
0050,20:40,1240,3966
0050,20:45,1245,3966
0050,20:50,1250,3966
0050,20:55,1255,3966
0050,21:00,1260,3966
0050,21:05,1265,3966
0050,21:10,1270,3966
0050,21:15,1275,3966
0050,21:20,1280,3966
0050,21:25,1285,3966
0050,21:30,1290,3966
0050,21:35,1295,3966
0050,21:40,1300,3966
0050,21:45,1305,3966
0050,21:50,1310,3966
0050,21:55,1315,3966
0050,22:00,1320,3966
0050,22:05,1325,3966
0050,22:10,1330,3966
0050,22:15,1335,3966
0050,22:20,1340,3966
0050,22:25,1345,3966
0050,22:30,1350,3966
0050,22:35,1355,3966
0050,22:40,1360,3966
0050,22:45,1365,3966
0050,22:50,1370,3966
0050,22:55,1375,3966
0050,23:00,1380,3966
0050,23:05,1385,3966
0050,23:10,1390,3966
0050,23:15,1395,3966
0050,23:16,1396,3966
0050,23:20,1400,3966
0051,09:00,540,0
0051,09:05,545,0
0051,09:10,550,0
0051,09:15,555,0
0051,09:20,560,0
0051,09:25,565,0
0051,09:30,570,0
0051,09:35,575,0
0051,09:40,580,0
0051,09:45,585,0
0051,09:50,590,0
0051,09:55,595,0
0051,10:00,600,0
0051,10:05,605,0
0051,10:10,610,0
0051,10:15,615,0
0051,10:20,620,0
0051,10:25,625,0
0051,10:30,630,0
0051,10:35,635,0
0051,10:40,640,0
0051,10:45,645,0
0051,10:50,650,0
0051,10:55,655,0
0051,11:00,660,0
0051,11:05,665,0
0051,11:10,670,0
0051,11:15,675,0
0051,11:20,680,0
0051,11:25,685,0
0051,11:30,690,0
0051,11:35,695,0
0051,11:40,700,0
0051,11:45,705,0
0051,11:50,710,0
0051,11:55,715,0
0051,12:00,720,0
0051,12:05,725,0
0051,12:10,730,0
0051,12:15,735,0
0051,12:20,740,0
0051,12:25,745,0
0051,12:30,750,0
0051,12:35,755,0
0051,12:40,760,0
0051,12:45,765,0
0051,12:50,770,0
0051,12:55,775,0
0051,13:00,780,0
0051,13:05,785,0
0051,13:10,790,0
0051,13:15,795,0
0051,13:20,800,0
0051,13:25,805,-711
0051,13:30,810,-711
0051,13:35,815,-711
0051,13:40,820,-711
0051,13:45,825,-711
0051,13:50,830,-1778
0051,13:55,835,-1778
0051,14:00,840,-1778
0051,14:05,845,-1778
0051,14:10,850,-2133
0051,14:15,855,-2133
0051,14:20,860,-2133
0051,14:25,865,-2133
0051,14:30,870,-2667
0051,14:35,875,-2667
0051,14:40,880,-2667
0051,14:45,885,-3556
0051,14:50,890,-3556
0051,14:55,895,-3556
0051,15:00,900,-3556
0051,15:05,905,-3556
0051,15:10,910,-4800
0051,15:15,915,-4800
0051,15:20,920,-4800
0051,15:25,925,-4800
0051,15:30,930,-3022
0051,15:35,935,-3022
0051,15:40,940,-3022
0051,15:45,945,-3733
0051,15:50,950,-3733
0051,15:55,955,-3733
0051,16:00,960,-3733
0051,16:05,965,-3733
0051,16:10,970,-4978
0051,16:15,975,-4978
0051,16:20,980,-4978
0051,16:25,985,-4978
0051,16:30,990,-6222
0051,16:35,995,-6222
0051,16:40,1000,-6222
0051,16:45,1005,-6222
0051,16:50,1010,-7822
0051,16:55,1015,-7822
0051,17:00,1020,-7822
0051,17:05,1025,-8711
0051,17:10,1030,-8711
0051,17:15,1035,-8711
0051,17:20,1040,-8711
0051,17:25,1045,-8711
0051,17:30,1050,-9422
0051,17:35,1055,-9422
0051,17:40,1060,-9422
0051,17:45,1065,-9422
0051,17:50,1070,-9956
0051,17:55,1075,-9956
0051,18:00,1080,-9956
0051,18:05,1085,-9956
0051,18:10,1090,-10311
0051,18:15,1095,-10311
0051,18:20,1100,-10311
0051,18:25,1105,-11200
0051,18:30,1110,-11200
0051,18:35,1115,-11200
0051,18:40,1120,-11200
0051,18:45,1125,-11200
0051,18:50,1130,-11200
0051,18:55,1135,-11200
0051,19:00,1140,-11200
0051,19:05,1145,-11200
0051,19:10,1150,-11200
0051,19:15,1155,-11200
0051,19:20,1160,-11200
0051,19:25,1165,-11200
0051,19:30,1170,-11200
0051,19:35,1175,-11200
0051,19:40,1180,-11200
0051,19:45,1185,-11200
0051,19:50,1190,-11200
0051,19:55,1195,-11200
0051,20:00,1200,-11200
0051,20:05,1205,-11200
0051,20:10,1210,-11200
0051,20:15,1215,-11200
0051,20:20,1220,-11200
0051,20:25,1225,-11200
0051,20:30,1230,-11200
0051,20:35,1235,-11200
0051,20:40,1240,-11200
0051,20:45,1245,-11200
0051,20:50,1250,-11200
0051,20:55,1255,-11200
0051,21:00,1260,-11200
0051,21:05,1265,-11200
0051,21:10,1270,-11200
0051,21:15,1275,-11200
0051,21:20,1280,-11200
0051,21:25,1285,-11200
0051,21:30,1290,-11200
0051,21:35,1295,-11200
0051,21:40,1300,-11200
0051,21:45,1305,-11200
0051,21:50,1310,-11200
0051,21:55,1315,-11200
0051,22:00,1320,-11200
0051,22:05,1325,-11200
0051,22:10,1330,-11200
0051,22:15,1335,-11200
0051,22:20,1340,-11200
0051,22:25,1345,-11200
0051,22:30,1350,-11200
0051,22:35,1355,-11200
0051,22:40,1360,-11200
0051,22:45,1365,-11200
0051,22:50,1370,-11200
0051,22:55,1375,-11200
0051,23:00,1380,-11200
0051,23:05,1385,-11200
0051,23:10,1390,-11200
0051,23:15,1395,-11200
0051,23:16,1396,-11200
0051,23:20,1400,-11200
0052,09:00,540,0
0052,09:05,545,0
0052,09:10,550,0
0052,09:15,555,0
0052,09:20,560,0
0052,09:25,565,0
0052,09:30,570,0
0052,09:35,575,0
0052,09:40,580,0
0052,09:45,585,0
0052,09:50,590,0
0052,09:55,595,0
0052,10:00,600,0
0052,10:05,605,0
0052,10:10,610,-178
0052,10:15,615,-178
0052,10:20,620,-178
0052,10:25,625,-889
0052,10:30,630,-889
0052,10:35,635,-889
0052,10:40,640,-178
0052,10:45,645,-178
0052,10:50,650,-178
0052,10:55,655,-178
0052,11:00,660,-889
0052,11:05,665,-889
0052,11:10,670,-1422
0052,11:15,675,-1422
0052,11:20,680,-1422
0052,11:25,685,-1422
0052,11:30,690,2241
0052,11:35,695,2241
0052,11:40,700,2241
0052,11:45,705,6207
0052,11:50,710,6207
0052,11:55,715,6207
0052,12:00,720,6207
0052,12:05,725,5517
0052,12:10,730,5517
0052,12:15,735,5517
0052,12:20,740,5517
0052,12:25,745,5517
0052,12:30,750,5000
0052,12:35,755,5000
0052,12:40,760,5000
0052,12:45,765,5000
0052,12:50,770,4655
0052,12:55,775,4655
0052,13:00,780,4655
0052,13:05,785,4310
0052,13:10,790,4310
0052,13:15,795,4310
0052,13:20,800,4310
0052,13:25,805,3966
0052,13:30,810,3966
0052,13:35,815,3966
0052,13:40,820,3966
0052,13:45,825,3966
0052,13:50,830,3966
0052,13:55,835,3966
0052,14:00,840,3966
0052,14:05,845,3966
0052,14:10,850,3966
0052,14:15,855,3966
0052,14:20,860,3966
0052,14:25,865,3966
0052,14:30,870,3276
0052,14:35,875,3276
0052,14:40,880,3276
0052,14:45,885,6379
0052,14:50,890,6379
0052,14:55,895,6379
0052,15:00,900,6379
0052,15:05,905,6379
0052,15:10,910,7759
0052,15:15,915,7759
0052,15:20,920,7759
0052,15:25,925,7759
0052,15:30,930,6379
0052,15:35,935,6379
0052,15:40,940,6379
0052,15:45,945,5000
0052,15:50,950,5000
0052,15:55,955,5000
0052,16:00,960,5000
0052,16:05,965,5000
0052,16:10,970,3793
0052,16:15,975,3793
0052,16:20,980,3793
0052,16:25,985,3793
0052,16:30,990,7069
0052,16:35,995,7069
0052,16:40,1000,7069
0052,16:45,1005,7069
0052,16:50,1010,6379
0052,16:55,1015,6379
0052,17:00,1020,6379
0052,17:05,1025,5690
0052,17:10,1030,5690
0052,17:15,1035,5690
0052,17:20,1040,5690
0052,17:25,1045,5690
0052,17:30,1050,5690
0052,17:35,1055,5690
0052,17:40,1060,5690
0052,17:45,1065,5690
0052,17:50,1070,4655
0052,17:55,1075,4655
0052,18:00,1080,4655
0052,18:05,1085,4655
0052,18:10,1090,4655
0052,18:15,1095,4655
0052,18:20,1100,4655
0052,18:25,1105,4483
0052,18:30,1110,4483
0052,18:35,1115,4483
0052,18:40,1120,4483
0052,18:45,1125,4483
0052,18:50,1130,3276
0052,18:55,1135,3276
0052,19:00,1140,3276
0052,19:05,1145,3276
0052,19:10,1150,2931
0052,19:15,1155,2931
0052,19:20,1160,2931
0052,19:25,1165,12759
0052,19:30,1170,12759
0052,19:35,1175,12759
0052,19:40,1180,12759
0052,19:45,1185,13276
0052,19:50,1190,13276
0052,19:55,1195,13276
0052,20:00,1200,13276
0052,20:05,1205,13276
0052,20:10,1210,17241
0052,20:15,1215,17241
0052,20:20,1220,17241
0052,20:25,1225,17241
0052,20:30,1230,16552
0052,20:35,1235,16552
0052,20:40,1240,16552
0052,20:45,1245,16552
0052,20:50,1250,16552
0052,20:55,1255,16552
0052,21:00,1260,16552
0052,21:05,1265,16552
0052,21:10,1270,16552
0052,21:15,1275,16552
0052,21:20,1280,16552
0052,21:25,1285,16552
0052,21:30,1290,16552
0052,21:35,1295,16552
0052,21:40,1300,16552
0052,21:45,1305,16552
0052,21:50,1310,16552
0052,21:55,1315,16552
0052,22:00,1320,16552
0052,22:05,1325,16552
0052,22:10,1330,16552
0052,22:15,1335,16552
0052,22:20,1340,16552
0052,22:25,1345,16552
0052,22:30,1350,16552
0052,22:35,1355,16552
0052,22:40,1360,16552
0052,22:45,1365,16552
0052,22:50,1370,16552
0052,22:55,1375,16552
0052,23:00,1380,16552
0052,23:05,1385,16552
0052,23:10,1390,16552
0052,23:15,1395,16552
0052,23:16,1396,16552
0052,23:20,1400,16552
0053,09:00,540,0
0053,09:05,545,0
0053,09:10,550,0
0053,09:15,555,0
0053,09:20,560,0
0053,09:25,565,0
0053,09:30,570,0
0053,09:35,575,0
0053,09:40,580,0
0053,09:45,585,0
0053,09:50,590,0
0053,09:55,595,0
0053,10:00,600,0
0053,10:05,605,0
0053,10:10,610,0
0053,10:15,615,0
0053,10:20,620,0
0053,10:25,625,0
0053,10:30,630,0
0053,10:35,635,0
0053,10:40,640,0
0053,10:45,645,0
0053,10:50,650,0
0053,10:55,655,0
0053,11:00,660,0
0053,11:05,665,0
0053,11:10,670,0
0053,11:15,675,0
0053,11:20,680,0
0053,11:25,685,0
0053,11:30,690,-1787
0053,11:35,695,-1787
0053,11:40,700,-1787
0053,11:45,705,-3319
0053,11:50,710,-3319
0053,11:55,715,-3319
0053,12:00,720,-3319
0053,12:05,725,-4596
0053,12:10,730,-4596
0053,12:15,735,-4596
0053,12:20,740,-4596
0053,12:25,745,-4596
0053,12:30,750,-6383
0053,12:35,755,-6383
0053,12:40,760,-6383
0053,12:45,765,-6383
0053,12:50,770,-5872
0053,12:55,775,-5872
0053,13:00,780,-5872
0053,13:05,785,-7404
0053,13:10,790,-7404
0053,13:15,795,-7404
0053,13:20,800,-7404
0053,13:25,805,-8936
0053,13:30,810,-8936
0053,13:35,815,-8936
0053,13:40,820,-8936
0053,13:45,825,-8936
0053,13:50,830,-10468
0053,13:55,835,-10468
0053,14:00,840,-10468
0053,14:05,845,-10468
0053,14:10,850,-9957
0053,14:15,855,-9957
0053,14:20,860,-9957
0053,14:25,865,-9957
0053,14:30,870,-11745
0053,14:35,875,-11745
0053,14:40,880,-11745
0053,14:45,885,-13277
0053,14:50,890,-13277
0053,14:55,895,-13277
0053,15:00,900,-13277
0053,15:05,905,-13277
0053,15:10,910,-14553
0053,15:15,915,-14553
0053,15:20,920,-14553
0053,15:25,925,-14553
0053,15:30,930,-16340
0053,15:35,935,-16340
0053,15:40,940,-16340
0053,15:45,945,-17872
0053,15:50,950,-17872
0053,15:55,955,-17872
0053,16:00,960,-17872
0053,16:05,965,-17872
0053,16:10,970,-18383
0053,16:15,975,-18383
0053,16:20,980,-18383
0053,16:25,985,-18383
0053,16:30,990,-19660
0053,16:35,995,-19660
0053,16:40,1000,-19660
0053,16:45,1005,-19660
0053,16:50,1010,-20170
0053,16:55,1015,-20170
0053,17:00,1020,-20170
0053,17:05,1025,-20170
0053,17:10,1030,-20170
0053,17:15,1035,-20170
0053,17:20,1040,-20170
0053,17:25,1045,-20170
0053,17:30,1050,-20681
0053,17:35,1055,-20681
0053,17:40,1060,-20681
0053,17:45,1065,-20681
0053,17:50,1070,-20681
0053,17:55,1075,-20681
0053,18:00,1080,-20681
0053,18:05,1085,-20681
0053,18:10,1090,-20936
0053,18:15,1095,-20936
0053,18:20,1100,-20936
0053,18:25,1105,-21191
0053,18:30,1110,-21191
0053,18:35,1115,-21191
0053,18:40,1120,-21191
0053,18:45,1125,-21191
0053,18:50,1130,-21191
0053,18:55,1135,-21191
0053,19:00,1140,-21191
0053,19:05,1145,-21191
0053,19:10,1150,-21191
0053,19:15,1155,-21191
0053,19:20,1160,-21191
0053,19:25,1165,-21191
0053,19:30,1170,-21191
0053,19:35,1175,-21191
0053,19:40,1180,-21191
0053,19:45,1185,-21191
0053,19:50,1190,-21191
0053,19:55,1195,-21191
0053,20:00,1200,-21191
0053,20:05,1205,-21191
0053,20:10,1210,-21957
0053,20:15,1215,-21957
0053,20:20,1220,-21957
0053,20:25,1225,-21957
0053,20:30,1230,-22979
0053,20:35,1235,-22979
0053,20:40,1240,-22979
0053,20:45,1245,-24511
0053,20:50,1250,-24511
0053,20:55,1255,-24511
0053,21:00,1260,-24511
0053,21:05,1265,-24511
0053,21:10,1270,-24511
0053,21:15,1275,-24511
0053,21:20,1280,-24511
0053,21:25,1285,-24511
0053,21:30,1290,-24511
0053,21:35,1295,-24511
0053,21:40,1300,-24511
0053,21:45,1305,-24511
0053,21:50,1310,-24511
0053,21:55,1315,-24511
0053,22:00,1320,-24511
0053,22:05,1325,-24511
0053,22:10,1330,-24511
0053,22:15,1335,-24511
0053,22:20,1340,-24511
0053,22:25,1345,-24511
0053,22:30,1350,-24511
0053,22:35,1355,-24511
0053,22:40,1360,-24511
0053,22:45,1365,-24511
0053,22:50,1370,-24511
0053,22:55,1375,-24511
0053,23:00,1380,-24511
0053,23:05,1385,-24511
0053,23:10,1390,-24511
0053,23:15,1395,-24511
0053,23:16,1396,-24511
0053,23:20,1400,-24511
0054,09:00,540,0
0054,09:05,545,0
0054,09:10,550,0
0054,09:15,555,0
0054,09:20,560,0
0054,09:25,565,0
0054,09:30,570,0
0054,09:35,575,0
0054,09:40,580,0
0054,09:45,585,0
0054,09:50,590,0
0054,09:55,595,0
0054,10:00,600,0
0054,10:05,605,0
0054,10:10,610,0
0054,10:15,615,0
0054,10:20,620,0
0054,10:25,625,0
0054,10:30,630,0
0054,10:35,635,0
0054,10:40,640,0
0054,10:45,645,0
0054,10:50,650,0
0054,10:55,655,0
0054,11:00,660,0
0054,11:05,665,0
0054,11:10,670,0
0054,11:15,675,0
0054,11:20,680,0
0054,11:25,685,0
0054,11:30,690,-889
0054,11:35,695,-889
0054,11:40,700,-889
0054,11:45,705,-1244
0054,11:50,710,-1244
0054,11:55,715,-1244
0054,12:00,720,-1244
0054,12:05,725,-2667
0054,12:10,730,-2667
0054,12:15,735,-2667
0054,12:20,740,-2667
0054,12:25,745,-2667
0054,12:30,750,-4622
0054,12:35,755,-4622
0054,12:40,760,-4622
0054,12:45,765,-4622
0054,12:50,770,-6222
0054,12:55,775,-6222
0054,13:00,780,-6222
0054,13:05,785,-7467
0054,13:10,790,-7467
0054,13:15,795,-7467
0054,13:20,800,-7467
0054,13:25,805,-9244
0054,13:30,810,-9244
0054,13:35,815,-9244
0054,13:40,820,-9244
0054,13:45,825,-9244
0054,13:50,830,-10844
0054,13:55,835,-10844
0054,14:00,840,-10844
0054,14:05,845,-10844
0054,14:10,850,-6756
0054,14:15,855,-6756
0054,14:20,860,-6756
0054,14:25,865,-6756
0054,14:30,870,-8711
0054,14:35,875,-8711
0054,14:40,880,-8711
0054,14:45,885,-6400
0054,14:50,890,-6400
0054,14:55,895,-6400
0054,15:00,900,-6400
0054,15:05,905,-6400
0054,15:10,910,-7822
0054,15:15,915,-7822
0054,15:20,920,-7822
0054,15:25,925,-7822
0054,15:30,930,-9778
0054,15:35,935,-9778
0054,15:40,940,-9778
0054,15:45,945,-11378
0054,15:50,950,-11378
0054,15:55,955,-11378
0054,16:00,960,-11378
0054,16:05,965,-11378
0054,16:10,970,-12267
0054,16:15,975,-12267
0054,16:20,980,-12267
0054,16:25,985,-12267
0054,16:30,990,-14044
0054,16:35,995,-14044
0054,16:40,1000,-14044
0054,16:45,1005,-14044
0054,16:50,1010,-15644
0054,16:55,1015,-15644
0054,17:00,1020,-15644
0054,17:05,1025,-15111
0054,17:10,1030,-15111
0054,17:15,1035,-15111
0054,17:20,1040,-15111
0054,17:25,1045,-15111
0054,17:30,1050,-14933
0054,17:35,1055,-14933
0054,17:40,1060,-14933
0054,17:45,1065,-14933
0054,17:50,1070,-16533
0054,17:55,1075,-16533
0054,18:00,1080,-16533
0054,18:05,1085,-16533
0054,18:10,1090,-17422
0054,18:15,1095,-17422
0054,18:20,1100,-17422
0054,18:25,1105,-12444
0054,18:30,1110,-12444
0054,18:35,1115,-12444
0054,18:40,1120,-12444
0054,18:45,1125,-12444
0054,18:50,1130,-8356
0054,18:55,1135,-8356
0054,19:00,1140,-8356
0054,19:05,1145,-8356
0054,19:10,1150,-7111
0054,19:15,1155,-7111
0054,19:20,1160,-7111
0054,19:25,1165,-7822
0054,19:30,1170,-7822
0054,19:35,1175,-7822
0054,19:40,1180,-7822
0054,19:45,1185,-8178
0054,19:50,1190,-8178
0054,19:55,1195,-8178
0054,20:00,1200,-8178
0054,20:05,1205,-8178
0054,20:10,1210,-8533
0054,20:15,1215,-8533
0054,20:20,1220,-8533
0054,20:25,1225,-8533
0054,20:30,1230,-8889
0054,20:35,1235,-8889
0054,20:40,1240,-8889
0054,20:45,1245,-8889
0054,20:50,1250,-8889
0054,20:55,1255,-8889
0054,21:00,1260,-8889
0054,21:05,1265,-8889
0054,21:10,1270,-10133
0054,21:15,1275,-10133
0054,21:20,1280,-10133
0054,21:25,1285,-10133
0054,21:30,1290,-11378
0054,21:35,1295,-11378
0054,21:40,1300,-11378
0054,21:45,1305,-11556
0054,21:50,1310,-11556
0054,21:55,1315,-11556
0054,22:00,1320,-11556
0054,22:05,1325,-11556
0054,22:10,1330,-11556
0054,22:15,1335,-11556
0054,22:20,1340,-11556
0054,22:25,1345,-11556
0054,22:30,1350,-11556
0054,22:35,1355,-11556
0054,22:40,1360,-11556
0054,22:45,1365,-11556
0054,22:50,1370,-11556
0054,22:55,1375,-11556
0054,23:00,1380,-11556
0054,23:05,1385,-11556
0054,23:10,1390,-11556
0054,23:15,1395,-11556
0054,23:16,1396,-11556
0054,23:20,1400,-11556
0055,09:00,540,0
0055,09:05,545,0
0055,09:10,550,0
0055,09:15,555,0
0055,09:20,560,0
0055,09:25,565,0
0055,09:30,570,0
0055,09:35,575,0
0055,09:40,580,0
0055,09:45,585,0
0055,09:50,590,0
0055,09:55,595,0
0055,10:00,600,0
0055,10:05,605,0
0055,10:10,610,0
0055,10:15,615,0
0055,10:20,620,0
0055,10:25,625,0
0055,10:30,630,0
0055,10:35,635,0
0055,10:40,640,0
0055,10:45,645,0
0055,10:50,650,0
0055,10:55,655,0
0055,11:00,660,-533
0055,11:05,665,-533
0055,11:10,670,-1067
0055,11:15,675,-1067
0055,11:20,680,-1067
0055,11:25,685,-1067
0055,11:30,690,-1956
0055,11:35,695,-1956
0055,11:40,700,-1956
0055,11:45,705,-2311
0055,11:50,710,-2311
0055,11:55,715,-2311
0055,12:00,720,-2311
0055,12:05,725,-3556
0055,12:10,730,-3556
0055,12:15,735,-3556
0055,12:20,740,-3556
0055,12:25,745,-3556
0055,12:30,750,-5156
0055,12:35,755,-5156
0055,12:40,760,-5156
0055,12:45,765,-5156
0055,12:50,770,-4089
0055,12:55,775,-4089
0055,13:00,780,-4089
0055,13:05,785,-1600
0055,13:10,790,-1600
0055,13:15,795,-1600
0055,13:20,800,-1600
0055,13:25,805,-3378
0055,13:30,810,-3378
0055,13:35,815,-3378
0055,13:40,820,-3378
0055,13:45,825,-3378
0055,13:50,830,-3022
0055,13:55,835,-3022
0055,14:00,840,-3022
0055,14:05,845,-3022
0055,14:10,850,-4089
0055,14:15,855,-4089
0055,14:20,860,-4089
0055,14:25,865,-4089
0055,14:30,870,-5867
0055,14:35,875,-5867
0055,14:40,880,-5867
0055,14:45,885,-7111
0055,14:50,890,-7111
0055,14:55,895,-7111
0055,15:00,900,-7111
0055,15:05,905,-7111
0055,15:10,910,-8356
0055,15:15,915,-8356
0055,15:20,920,-8356
0055,15:25,925,-8356
0055,15:30,930,-9778
0055,15:35,935,-9778
0055,15:40,940,-9778
0055,15:45,945,-11200
0055,15:50,950,-11200
0055,15:55,955,-11200
0055,16:00,960,-11200
0055,16:05,965,-11200
0055,16:10,970,-11200
0055,16:15,975,-11200
0055,16:20,980,-11200
0055,16:25,985,-11200
0055,16:30,990,-7289
0055,16:35,995,-7289
0055,16:40,1000,-7289
0055,16:45,1005,-7289
0055,16:50,1010,-6578
0055,16:55,1015,-6578
0055,17:00,1020,-6578
0055,17:05,1025,-8000
0055,17:10,1030,-8000
0055,17:15,1035,-8000
0055,17:20,1040,-8000
0055,17:25,1045,-8000
0055,17:30,1050,-7467
0055,17:35,1055,-7467
0055,17:40,1060,-7467
0055,17:45,1065,-7467
0055,17:50,1070,-6933
0055,17:55,1075,-6933
0055,18:00,1080,-6933
0055,18:05,1085,-6933
0055,18:10,1090,-8356
0055,18:15,1095,-8356
0055,18:20,1100,-8356
0055,18:25,1105,-10133
0055,18:30,1110,-10133
0055,18:35,1115,-10133
0055,18:40,1120,-10133
0055,18:45,1125,-10133
0055,18:50,1130,-11733
0055,18:55,1135,-11733
0055,19:00,1140,-11733
0055,19:05,1145,-11733
0055,19:10,1150,-12800
0055,19:15,1155,-12800
0055,19:20,1160,-12800
0055,19:25,1165,-13511
0055,19:30,1170,-13511
0055,19:35,1175,-13511
0055,19:40,1180,-13511
0055,19:45,1185,-13511
0055,19:50,1190,-13511
0055,19:55,1195,-13511
0055,20:00,1200,-13511
0055,20:05,1205,-13511
0055,20:10,1210,-13511
0055,20:15,1215,-13511
0055,20:20,1220,-13511
0055,20:25,1225,-13511
0055,20:30,1230,-13511
0055,20:35,1235,-13511
0055,20:40,1240,-13511
0055,20:45,1245,-13511
0055,20:50,1250,-13511
0055,20:55,1255,-13511
0055,21:00,1260,-13511
0055,21:05,1265,-13511
0055,21:10,1270,-13511
0055,21:15,1275,-13511
0055,21:20,1280,-13511
0055,21:25,1285,-13511
0055,21:30,1290,-13511
0055,21:35,1295,-13511
0055,21:40,1300,-13511
0055,21:45,1305,-13511
0055,21:50,1310,-13511
0055,21:55,1315,-13511
0055,22:00,1320,-13511
0055,22:05,1325,-13511
0055,22:10,1330,-13511
0055,22:15,1335,-13511
0055,22:20,1340,-13511
0055,22:25,1345,-13511
0055,22:30,1350,-13511
0055,22:35,1355,-13511
0055,22:40,1360,-13511
0055,22:45,1365,-13511
0055,22:50,1370,-13511
0055,22:55,1375,-13511
0055,23:00,1380,-13511
0055,23:05,1385,-13511
0055,23:10,1390,-13511
0055,23:15,1395,-13511
0055,23:16,1396,-13511
0055,23:20,1400,-13511
0056,09:00,540,0
0056,09:05,545,0
0056,09:10,550,0
0056,09:15,555,0
0056,09:20,560,0
0056,09:25,565,0
0056,09:30,570,0
0056,09:35,575,0
0056,09:40,580,0
0056,09:45,585,0
0056,09:50,590,0
0056,09:55,595,0
0056,10:00,600,0
0056,10:05,605,0
0056,10:10,610,0
0056,10:15,615,0
0056,10:20,620,0
0056,10:25,625,0
0056,10:30,630,0
0056,10:35,635,0
0056,10:40,640,0
0056,10:45,645,0
0056,10:50,650,0
0056,10:55,655,0
0056,11:00,660,0
0056,11:05,665,0
0056,11:10,670,0
0056,11:15,675,0
0056,11:20,680,0
0056,11:25,685,0
0056,11:30,690,0
0056,11:35,695,0
0056,11:40,700,0
0056,11:45,705,0
0056,11:50,710,0
0056,11:55,715,0
0056,12:00,720,0
0056,12:05,725,0
0056,12:10,730,0
0056,12:15,735,0
0056,12:20,740,0
0056,12:25,745,0
0056,12:30,750,-779
0056,12:35,755,-779
0056,12:40,760,-779
0056,12:45,765,-779
0056,12:50,770,-1558
0056,12:55,775,-1558
0056,13:00,780,-1558
0056,13:05,785,-2338
0056,13:10,790,-2338
0056,13:15,795,-2338
0056,13:20,800,-2338
0056,13:25,805,-3636
0056,13:30,810,-3636
0056,13:35,815,-3636
0056,13:40,820,-3636
0056,13:45,825,-3636
0056,13:50,830,-4675
0056,13:55,835,-4675
0056,14:00,840,-4675
0056,14:05,845,-4675
0056,14:10,850,-5455
0056,14:15,855,-5455
0056,14:20,860,-5455
0056,14:25,865,-5455
0056,14:30,870,1282
0056,14:35,875,1282
0056,14:40,880,1282
0056,14:45,885,3590
0056,14:50,890,3590
0056,14:55,895,3590
0056,15:00,900,3590
0056,15:05,905,3590
0056,15:10,910,7949
0056,15:15,915,7949
0056,15:20,920,7949
0056,15:25,925,7949
0056,15:30,930,10769
0056,15:35,935,10769
0056,15:40,940,10769
0056,15:45,945,11026
0056,15:50,950,11026
0056,15:55,955,11026
0056,16:00,960,11026
0056,16:05,965,11026
0056,16:10,970,11795
0056,16:15,975,11795
0056,16:20,980,11795
0056,16:25,985,11795
0056,16:30,990,13846
0056,16:35,995,13846
0056,16:40,1000,13846
0056,16:45,1005,13846
0056,16:50,1010,20513
0056,16:55,1015,20513
0056,17:00,1020,20513
0056,17:05,1025,20256
0056,17:10,1030,20256
0056,17:15,1035,20256
0056,17:20,1040,20256
0056,17:25,1045,20256
0056,17:30,1050,20256
0056,17:35,1055,20256
0056,17:40,1060,20256
0056,17:45,1065,20256
0056,17:50,1070,20256
0056,17:55,1075,20256
0056,18:00,1080,20256
0056,18:05,1085,20256
0056,18:10,1090,20256
0056,18:15,1095,20256
0056,18:20,1100,20256
0056,18:25,1105,20000
0056,18:30,1110,20000
0056,18:35,1115,20000
0056,18:40,1120,20000
0056,18:45,1125,20000
0056,18:50,1130,19744
0056,18:55,1135,19744
0056,19:00,1140,19744
0056,19:05,1145,19744
0056,19:10,1150,19744
0056,19:15,1155,19744
0056,19:20,1160,19744
0056,19:25,1165,22051
0056,19:30,1170,22051
0056,19:35,1175,22051
0056,19:40,1180,22051
0056,19:45,1185,20769
0056,19:50,1190,20769
0056,19:55,1195,20769
0056,20:00,1200,20769
0056,20:05,1205,20769
0056,20:10,1210,25897
0056,20:15,1215,25897
0056,20:20,1220,25897
0056,20:25,1225,25897
0056,20:30,1230,25385
0056,20:35,1235,25385
0056,20:40,1240,25385
0056,20:45,1245,25385
0056,20:50,1250,25385
0056,20:55,1255,25385
0056,21:00,1260,25385
0056,21:05,1265,25385
0056,21:10,1270,25128
0056,21:15,1275,25128
0056,21:20,1280,25128
0056,21:25,1285,25128
0056,21:30,1290,30513
0056,21:35,1295,30513
0056,21:40,1300,30513
0056,21:45,1305,36154
0056,21:50,1310,36154
0056,21:55,1315,36154
0056,22:00,1320,36154
0056,22:05,1325,38462
0056,22:10,1330,38462
0056,22:15,1335,38462
0056,22:20,1340,38462
0056,22:25,1345,38462
0056,22:30,1350,38462
0056,22:35,1355,38462
0056,22:40,1360,38462
0056,22:45,1365,38462
0056,22:50,1370,38462
0056,22:55,1375,38462
0056,23:00,1380,38462
0056,23:05,1385,38462
0056,23:10,1390,38462
0056,23:15,1395,38462
0056,23:16,1396,38462
0056,23:20,1400,38462
0057,09:00,540,0
0057,09:05,545,0
0057,09:10,550,0
0057,09:15,555,0
0057,09:20,560,0
0057,09:25,565,0
0057,09:30,570,0
0057,09:35,575,0
0057,09:40,580,0
0057,09:45,585,0
0057,09:50,590,0
0057,09:55,595,0
0057,10:00,600,0
0057,10:05,605,0
0057,10:10,610,0
0057,10:15,615,0
0057,10:20,620,0
0057,10:25,625,-1244
0057,10:30,630,-1244
0057,10:35,635,-1244
0057,10:40,640,-2311
0057,10:45,645,-2311
0057,10:50,650,-2311
0057,10:55,655,-2311
0057,11:00,660,172
0057,11:05,665,172
0057,11:10,670,-356
0057,11:15,675,-356
0057,11:20,680,-356
0057,11:25,685,-356
0057,11:30,690,-1244
0057,11:35,695,-1244
0057,11:40,700,-1244
0057,11:45,705,-2667
0057,11:50,710,-2667
0057,11:55,715,-2667
0057,12:00,720,-2667
0057,12:05,725,-3911
0057,12:10,730,-3911
0057,12:15,735,-3911
0057,12:20,740,-3911
0057,12:25,745,-3911
0057,12:30,750,-4978
0057,12:35,755,-4978
0057,12:40,760,-4978
0057,12:45,765,-4978
0057,12:50,770,-4444
0057,12:55,775,-4444
0057,13:00,780,-4444
0057,13:05,785,1207
0057,13:10,790,1207
0057,13:15,795,1207
0057,13:20,800,1207
0057,13:25,805,3103
0057,13:30,810,3103
0057,13:35,815,3103
0057,13:40,820,3103
0057,13:45,825,3103
0057,13:50,830,1724
0057,13:55,835,1724
0057,14:00,840,1724
0057,14:05,845,1724
0057,14:10,850,345
0057,14:15,855,345
0057,14:20,860,345
0057,14:25,865,345
0057,14:30,870,1034
0057,14:35,875,1034
0057,14:40,880,1034
0057,14:45,885,5172
0057,14:50,890,5172
0057,14:55,895,5172
0057,15:00,900,5172
0057,15:05,905,5172
0057,15:10,910,4310
0057,15:15,915,4310
0057,15:20,920,4310
0057,15:25,925,4310
0057,15:30,930,2931
0057,15:35,935,2931
0057,15:40,940,2931
0057,15:45,945,1552
0057,15:50,950,1552
0057,15:55,955,1552
0057,16:00,960,1552
0057,16:05,965,1552
0057,16:10,970,172
0057,16:15,975,172
0057,16:20,980,172
0057,16:25,985,172
0057,16:30,990,-356
0057,16:35,995,-356
0057,16:40,1000,-356
0057,16:45,1005,-356
0057,16:50,1010,-356
0057,16:55,1015,-356
0057,17:00,1020,-356
0057,17:05,1025,-356
0057,17:10,1030,-356
0057,17:15,1035,-356
0057,17:20,1040,-356
0057,17:25,1045,-356
0057,17:30,1050,-1067
0057,17:35,1055,-1067
0057,17:40,1060,-1067
0057,17:45,1065,-1067
0057,17:50,1070,-1778
0057,17:55,1075,-1778
0057,18:00,1080,-1778
0057,18:05,1085,-1778
0057,18:10,1090,-3200
0057,18:15,1095,-3200
0057,18:20,1100,-3200
0057,18:25,1105,-1067
0057,18:30,1110,-1067
0057,18:35,1115,-1067
0057,18:40,1120,-1067
0057,18:45,1125,-1067
0057,18:50,1130,-711
0057,18:55,1135,-711
0057,19:00,1140,-711
0057,19:05,1145,-711
0057,19:10,1150,-2133
0057,19:15,1155,-2133
0057,19:20,1160,-2133
0057,19:25,1165,2586
0057,19:30,1170,2586
0057,19:35,1175,2586
0057,19:40,1180,2586
0057,19:45,1185,8276
0057,19:50,1190,8276
0057,19:55,1195,8276
0057,20:00,1200,8276
0057,20:05,1205,8276
0057,20:10,1210,13276
0057,20:15,1215,13276
0057,20:20,1220,13276
0057,20:25,1225,13276
0057,20:30,1230,15172
0057,20:35,1235,15172
0057,20:40,1240,15172
0057,20:45,1245,16552
0057,20:50,1250,16552
0057,20:55,1255,16552
0057,21:00,1260,16552
0057,21:05,1265,16552
0057,21:10,1270,17414
0057,21:15,1275,17414
0057,21:20,1280,17414
0057,21:25,1285,17414
0057,21:30,1290,15862
0057,21:35,1295,15862
0057,21:40,1300,15862
0057,21:45,1305,15862
0057,21:50,1310,15862
0057,21:55,1315,15862
0057,22:00,1320,15862
0057,22:05,1325,15862
0057,22:10,1330,15862
0057,22:15,1335,15862
0057,22:20,1340,15862
0057,22:25,1345,15862
0057,22:30,1350,15862
0057,22:35,1355,15862
0057,22:40,1360,15862
0057,22:45,1365,15862
0057,22:50,1370,15862
0057,22:55,1375,15862
0057,23:00,1380,15862
0057,23:05,1385,15862
0057,23:10,1390,15862
0057,23:15,1395,15862
0057,23:16,1396,15862
0057,23:20,1400,15862
0058,09:00,540,0
0058,09:05,545,0
0058,09:10,550,0
0058,09:15,555,0
0058,09:20,560,0
0058,09:25,565,0
0058,09:30,570,0
0058,09:35,575,0
0058,09:40,580,0
0058,09:45,585,0
0058,09:50,590,0
0058,09:55,595,0
0058,10:00,600,0
0058,10:05,605,0
0058,10:10,610,0
0058,10:15,615,0
0058,10:20,620,0
0058,10:25,625,0
0058,10:30,630,0
0058,10:35,635,0
0058,10:40,640,-356
0058,10:45,645,-356
0058,10:50,650,-356
0058,10:55,655,-356
0058,11:00,660,-1600
0058,11:05,665,-1600
0058,11:10,670,-1600
0058,11:15,675,-1600
0058,11:20,680,-1600
0058,11:25,685,-1600
0058,11:30,690,-1600
0058,11:35,695,-1600
0058,11:40,700,-1600
0058,11:45,705,-2489
0058,11:50,710,-2489
0058,11:55,715,-2489
0058,12:00,720,-2489
0058,12:05,725,-1600
0058,12:10,730,-1600
0058,12:15,735,-1600
0058,12:20,740,-1600
0058,12:25,745,-1600
0058,12:30,750,862
0058,12:35,755,862
0058,12:40,760,862
0058,12:45,765,862
0058,12:50,770,1552
0058,12:55,775,1552
0058,13:00,780,1552
0058,13:05,785,345
0058,13:10,790,345
0058,13:15,795,345
0058,13:20,800,345
0058,13:25,805,3276
0058,13:30,810,3276
0058,13:35,815,3276
0058,13:40,820,3276
0058,13:45,825,3276
0058,13:50,830,10172
0058,13:55,835,10172
0058,14:00,840,10172
0058,14:05,845,10172
0058,14:10,850,9655
0058,14:15,855,9655
0058,14:20,860,9655
0058,14:25,865,9655
0058,14:30,870,8103
0058,14:35,875,8103
0058,14:40,880,8103
0058,14:45,885,6724
0058,14:50,890,6724
0058,14:55,895,6724
0058,15:00,900,6724
0058,15:05,905,6724
0058,15:10,910,5345
0058,15:15,915,5345
0058,15:20,920,5345
0058,15:25,925,5345
0058,15:30,930,3793
0058,15:35,935,3793
0058,15:40,940,3793
0058,15:45,945,2586
0058,15:50,950,2586
0058,15:55,955,2586
0058,16:00,960,2586
0058,16:05,965,2586
0058,16:10,970,1724
0058,16:15,975,1724
0058,16:20,980,1724
0058,16:25,985,1724
0058,16:30,990,3793
0058,16:35,995,3793
0058,16:40,1000,3793
0058,16:45,1005,3793
0058,16:50,1010,5517
0058,16:55,1015,5517
0058,17:00,1020,5517
0058,17:05,1025,4655
0058,17:10,1030,4655
0058,17:15,1035,4655
0058,17:20,1040,4655
0058,17:25,1045,4655
0058,17:30,1050,3966
0058,17:35,1055,3966
0058,17:40,1060,3966
0058,17:45,1065,3966
0058,17:50,1070,3793
0058,17:55,1075,3793
0058,18:00,1080,3793
0058,18:05,1085,3793
0058,18:10,1090,2586
0058,18:15,1095,2586
0058,18:20,1100,2586
0058,18:25,1105,862
0058,18:30,1110,862
0058,18:35,1115,862
0058,18:40,1120,862
0058,18:45,1125,862
0058,18:50,1130,-711
0058,18:55,1135,-711
0058,19:00,1140,-711
0058,19:05,1145,-711
0058,19:10,1150,-178
0058,19:15,1155,-178
0058,19:20,1160,-178
0058,19:25,1165,1897
0058,19:30,1170,1897
0058,19:35,1175,1897
0058,19:40,1180,1897
0058,19:45,1185,1034
0058,19:50,1190,1034
0058,19:55,1195,1034
0058,20:00,1200,1034
0058,20:05,1205,1034
0058,20:10,1210,1034
0058,20:15,1215,1034
0058,20:20,1220,1034
0058,20:25,1225,1034
0058,20:30,1230,1034
0058,20:35,1235,1034
0058,20:40,1240,1034
0058,20:45,1245,690
0058,20:50,1250,690
0058,20:55,1255,690
0058,21:00,1260,690
0058,21:05,1265,690
0058,21:10,1270,0
0058,21:15,1275,0
0058,21:20,1280,0
0058,21:25,1285,0
0058,21:30,1290,0
0058,21:35,1295,0
0058,21:40,1300,0
0058,21:45,1305,-178
0058,21:50,1310,-178
0058,21:55,1315,-178
0058,22:00,1320,-178
0058,22:05,1325,-178
0058,22:10,1330,-178
0058,22:15,1335,-178
0058,22:20,1340,-178
0058,22:25,1345,-178
0058,22:30,1350,-178
0058,22:35,1355,-178
0058,22:40,1360,-178
0058,22:45,1365,-178
0058,22:50,1370,-178
0058,22:55,1375,-178
0058,23:00,1380,-178
0058,23:05,1385,-178
0058,23:10,1390,-178
0058,23:15,1395,-178
0058,23:16,1396,-178
0058,23:20,1400,-178
0059,09:00,540,0
0059,09:05,545,0
0059,09:10,550,0
0059,09:15,555,0
0059,09:20,560,0
0059,09:25,565,0
0059,09:30,570,0
0059,09:35,575,0
0059,09:40,580,0
0059,09:45,585,0
0059,09:50,590,0
0059,09:55,595,0
0059,10:00,600,0
0059,10:05,605,0
0059,10:10,610,0
0059,10:15,615,0
0059,10:20,620,0
0059,10:25,625,0
0059,10:30,630,0
0059,10:35,635,0
0059,10:40,640,0
0059,10:45,645,0
0059,10:50,650,0
0059,10:55,655,0
0059,11:00,660,0
0059,11:05,665,0
0059,11:10,670,0
0059,11:15,675,0
0059,11:20,680,0
0059,11:25,685,0
0059,11:30,690,-1067
0059,11:35,695,-1067
0059,11:40,700,-1067
0059,11:45,705,-1600
0059,11:50,710,-1600
0059,11:55,715,-1600
0059,12:00,720,-1600
0059,12:05,725,-1600
0059,12:10,730,-1600
0059,12:15,735,-1600
0059,12:20,740,-1600
0059,12:25,745,-1600
0059,12:30,750,-2844
0059,12:35,755,-2844
0059,12:40,760,-2844
0059,12:45,765,-2844
0059,12:50,770,-2844
0059,12:55,775,-2844
0059,13:00,780,-2844
0059,13:05,785,-3733
0059,13:10,790,-3733
0059,13:15,795,-3733
0059,13:20,800,-3733
0059,13:25,805,-4800
0059,13:30,810,-4800
0059,13:35,815,-4800
0059,13:40,820,-4800
0059,13:45,825,-4800
0059,13:50,830,-5333
0059,13:55,835,-5333
0059,14:00,840,-5333
0059,14:05,845,-5333
0059,14:10,850,-6756
0059,14:15,855,-6756
0059,14:20,860,-6756
0059,14:25,865,-6756
0059,14:30,870,-5333
0059,14:35,875,-5333
0059,14:40,880,-5333
0059,14:45,885,2069
0059,14:50,890,2069
0059,14:55,895,2069
0059,15:00,900,2069
0059,15:05,905,2069
0059,15:10,910,1897
0059,15:15,915,1897
0059,15:20,920,1897
0059,15:25,925,1897
0059,15:30,930,6724
0059,15:35,935,6724
0059,15:40,940,6724
0059,15:45,945,10517
0059,15:50,950,10517
0059,15:55,955,10517
0059,16:00,960,10517
0059,16:05,965,10517
0059,16:10,970,10345
0059,16:15,975,10345
0059,16:20,980,10345
0059,16:25,985,10345
0059,16:30,990,9655
0059,16:35,995,9655
0059,16:40,1000,9655
0059,16:45,1005,9655
0059,16:50,1010,8621
0059,16:55,1015,8621
0059,17:00,1020,8621
0059,17:05,1025,7414
0059,17:10,1030,7414
0059,17:15,1035,7414
0059,17:20,1040,7414
0059,17:25,1045,7414
0059,17:30,1050,7414
0059,17:35,1055,7414
0059,17:40,1060,7414
0059,17:45,1065,7414
0059,17:50,1070,7414
0059,17:55,1075,7414
0059,18:00,1080,7414
0059,18:05,1085,7414
0059,18:10,1090,6552
0059,18:15,1095,6552
0059,18:20,1100,6552
0059,18:25,1105,6724
0059,18:30,1110,6724
0059,18:35,1115,6724
0059,18:40,1120,6724
0059,18:45,1125,6724
0059,18:50,1130,5690
0059,18:55,1135,5690
0059,19:00,1140,5690
0059,19:05,1145,5690
0059,19:10,1150,5345
0059,19:15,1155,5345
0059,19:20,1160,5345
0059,19:25,1165,5345
0059,19:30,1170,5345
0059,19:35,1175,5345
0059,19:40,1180,5345
0059,19:45,1185,5345
0059,19:50,1190,5345
0059,19:55,1195,5345
0059,20:00,1200,5345
0059,20:05,1205,5345
0059,20:10,1210,5345
0059,20:15,1215,5345
0059,20:20,1220,5345
0059,20:25,1225,5345
0059,20:30,1230,5345
0059,20:35,1235,5345
0059,20:40,1240,5345
0059,20:45,1245,5172
0059,20:50,1250,5172
0059,20:55,1255,5172
0059,21:00,1260,5172
0059,21:05,1265,5172
0059,21:10,1270,5172
0059,21:15,1275,5172
0059,21:20,1280,5172
0059,21:25,1285,5172
0059,21:30,1290,5172
0059,21:35,1295,5172
0059,21:40,1300,5172
0059,21:45,1305,5172
0059,21:50,1310,5172
0059,21:55,1315,5172
0059,22:00,1320,5172
0059,22:05,1325,5172
0059,22:10,1330,5172
0059,22:15,1335,5172
0059,22:20,1340,5172
0059,22:25,1345,5172
0059,22:30,1350,5172
0059,22:35,1355,5172
0059,22:40,1360,5172
0059,22:45,1365,5172
0059,22:50,1370,5172
0059,22:55,1375,5172
0059,23:00,1380,5172
0059,23:05,1385,5172
0059,23:10,1390,5172
0059,23:15,1395,5172
0059,23:16,1396,5172
0059,23:20,1400,5172
0060,09:00,540,0
0060,09:05,545,0
0060,09:10,550,0
0060,09:15,555,0
0060,09:20,560,0
0060,09:25,565,0
0060,09:30,570,0
0060,09:35,575,0
0060,09:40,580,0
0060,09:45,585,0
0060,09:50,590,0
0060,09:55,595,0
0060,10:00,600,0
0060,10:05,605,0
0060,10:10,610,0
0060,10:15,615,0
0060,10:20,620,0
0060,10:25,625,-89
0060,10:30,630,-89
0060,10:35,635,-89
0060,10:40,640,2586
0060,10:45,645,2586
0060,10:50,650,2586
0060,10:55,655,2586
0060,11:00,660,5345
0060,11:05,665,5345
0060,11:10,670,6724
0060,11:15,675,6724
0060,11:20,680,6724
0060,11:25,685,6724
0060,11:30,690,5690
0060,11:35,695,5690
0060,11:40,700,5690
0060,11:45,705,4224
0060,11:50,710,4224
0060,11:55,715,4224
0060,12:00,720,4224
0060,12:05,725,3362
0060,12:10,730,3362
0060,12:15,735,3362
0060,12:20,740,3362
0060,12:25,745,3362
0060,12:30,750,2069
0060,12:35,755,2069
0060,12:40,760,2069
0060,12:45,765,2069
0060,12:50,770,776
0060,12:55,775,776
0060,13:00,780,776
0060,13:05,785,-89
0060,13:10,790,-89
0060,13:15,795,-89
0060,13:20,800,-89
0060,13:25,805,-178
0060,13:30,810,-178
0060,13:35,815,-178
0060,13:40,820,-178
0060,13:45,825,-178
0060,13:50,830,-178
0060,13:55,835,-178
0060,14:00,840,-178
0060,14:05,845,-178
0060,14:10,850,-178
0060,14:15,855,-178
0060,14:20,860,-178
0060,14:25,865,-178
0060,14:30,870,-1778
0060,14:35,875,-1778
0060,14:40,880,-1778
0060,14:45,885,-2578
0060,14:50,890,-2578
0060,14:55,895,-2578
0060,15:00,900,-2578
0060,15:05,905,-2578
0060,15:10,910,-3467
0060,15:15,915,-3467
0060,15:20,920,-3467
0060,15:25,925,-3467
0060,15:30,930,-4622
0060,15:35,935,-4622
0060,15:40,940,-4622
0060,15:45,945,-5867
0060,15:50,950,-5867
0060,15:55,955,-5867
0060,16:00,960,-5867
0060,16:05,965,-5867
0060,16:10,970,-5956
0060,16:15,975,-5956
0060,16:20,980,-5956
0060,16:25,985,-5956
0060,16:30,990,-5422
0060,16:35,995,-5422
0060,16:40,1000,-5422
0060,16:45,1005,-5422
0060,16:50,1010,86
0060,16:55,1015,86
0060,17:00,1020,86
0060,17:05,1025,2759
0060,17:10,1030,2759
0060,17:15,1035,2759
0060,17:20,1040,2759
0060,17:25,1045,2759
0060,17:30,1050,5259
0060,17:35,1055,5259
0060,17:40,1060,5259
0060,17:45,1065,5259
0060,17:50,1070,3793
0060,17:55,1075,3793
0060,18:00,1080,3793
0060,18:05,1085,3793
0060,18:10,1090,3707
0060,18:15,1095,3707
0060,18:20,1100,3707
0060,18:25,1105,3707
0060,18:30,1110,3707
0060,18:35,1115,3707
0060,18:40,1120,3707
0060,18:45,1125,3707
0060,18:50,1130,3707
0060,18:55,1135,3707
0060,19:00,1140,3707
0060,19:05,1145,3707
0060,19:10,1150,3707
0060,19:15,1155,3707
0060,19:20,1160,3707
0060,19:25,1165,3707
0060,19:30,1170,3707
0060,19:35,1175,3707
0060,19:40,1180,3707
0060,19:45,1185,3707
0060,19:50,1190,3707
0060,19:55,1195,3707
0060,20:00,1200,3707
0060,20:05,1205,3707
0060,20:10,1210,3707
0060,20:15,1215,3707
0060,20:20,1220,3707
0060,20:25,1225,3707
0060,20:30,1230,3707
0060,20:35,1235,3707
0060,20:40,1240,3707
0060,20:45,1245,3707
0060,20:50,1250,3707
0060,20:55,1255,3707
0060,21:00,1260,3707
0060,21:05,1265,3707
0060,21:10,1270,3707
0060,21:15,1275,3707
0060,21:20,1280,3707
0060,21:25,1285,3707
0060,21:30,1290,3103
0060,21:35,1295,3103
0060,21:40,1300,3103
0060,21:45,1305,2931
0060,21:50,1310,2931
0060,21:55,1315,2931
0060,22:00,1320,2931
0060,22:05,1325,2931
0060,22:10,1330,2931
0060,22:15,1335,2931
0060,22:20,1340,2931
0060,22:25,1345,2931
0060,22:30,1350,2931
0060,22:35,1355,2931
0060,22:40,1360,2931
0060,22:45,1365,2931
0060,22:50,1370,2931
0060,22:55,1375,2931
0060,23:00,1380,2931
0060,23:05,1385,2931
0060,23:10,1390,2931
0060,23:15,1395,2931
0060,23:16,1396,2931
0060,23:20,1400,2931
0061,09:00,540,0
0061,09:05,545,0
0061,09:10,550,0
0061,09:15,555,0
0061,09:20,560,0
0061,09:25,565,0
0061,09:30,570,0
0061,09:35,575,0
0061,09:40,580,0
0061,09:45,585,0
0061,09:50,590,0
0061,09:55,595,0
0061,10:00,600,0
0061,10:05,605,0
0061,10:10,610,0
0061,10:15,615,0
0061,10:20,620,0
0061,10:25,625,0
0061,10:30,630,0
0061,10:35,635,0
0061,10:40,640,0
0061,10:45,645,0
0061,10:50,650,0
0061,10:55,655,0
0061,11:00,660,0
0061,11:05,665,0
0061,11:10,670,0
0061,11:15,675,0
0061,11:20,680,0
0061,11:25,685,0
0061,11:30,690,0
0061,11:35,695,0
0061,11:40,700,0
0061,11:45,705,0
0061,11:50,710,0
0061,11:55,715,0
0061,12:00,720,0
0061,12:05,725,0
0061,12:10,730,0
0061,12:15,735,0
0061,12:20,740,0
0061,12:25,745,0
0061,12:30,750,0
0061,12:35,755,0
0061,12:40,760,0
0061,12:45,765,0
0061,12:50,770,2586
0061,12:55,775,2586
0061,13:00,780,2586
0061,13:05,785,5172
0061,13:10,790,5172
0061,13:15,795,5172
0061,13:20,800,5172
0061,13:25,805,5172
0061,13:30,810,5172
0061,13:35,815,5172
0061,13:40,820,5172
0061,13:45,825,5172
0061,13:50,830,3621
0061,13:55,835,3621
0061,14:00,840,3621
0061,14:05,845,3621
0061,14:10,850,2241
0061,14:15,855,2241
0061,14:20,860,2241
0061,14:25,865,2241
0061,14:30,870,1034
0061,14:35,875,1034
0061,14:40,880,1034
0061,14:45,885,-356
0061,14:50,890,-356
0061,14:55,895,-356
0061,15:00,900,-356
0061,15:05,905,-356
0061,15:10,910,-711
0061,15:15,915,-711
0061,15:20,920,-711
0061,15:25,925,-711
0061,15:30,930,-711
0061,15:35,935,-711
0061,15:40,940,-711
0061,15:45,945,-1956
0061,15:50,950,-1956
0061,15:55,955,-1956
0061,16:00,960,-1956
0061,16:05,965,-1956
0061,16:10,970,-3378
0061,16:15,975,-3378
0061,16:20,980,-3378
0061,16:25,985,-3378
0061,16:30,990,-4978
0061,16:35,995,-4978
0061,16:40,1000,-4978
0061,16:45,1005,-4978
0061,16:50,1010,-6400
0061,16:55,1015,-6400
0061,17:00,1020,-6400
0061,17:05,1025,-7467
0061,17:10,1030,-7467
0061,17:15,1035,-7467
0061,17:20,1040,-7467
0061,17:25,1045,-7467
0061,17:30,1050,-8889
0061,17:35,1055,-8889
0061,17:40,1060,-8889
0061,17:45,1065,-8889
0061,17:50,1070,-9067
0061,17:55,1075,-9067
0061,18:00,1080,-9067
0061,18:05,1085,-9067
0061,18:10,1090,-9067
0061,18:15,1095,-9067
0061,18:20,1100,-9067
0061,18:25,1105,-7644
0061,18:30,1110,-7644
0061,18:35,1115,-7644
0061,18:40,1120,-7644
0061,18:45,1125,-7644
0061,18:50,1130,690
0061,18:55,1135,690
0061,19:00,1140,690
0061,19:05,1145,690
0061,19:10,1150,7069
0061,19:15,1155,7069
0061,19:20,1160,7069
0061,19:25,1165,8448
0061,19:30,1170,8448
0061,19:35,1175,8448
0061,19:40,1180,8448
0061,19:45,1185,8448
0061,19:50,1190,8448
0061,19:55,1195,8448
0061,20:00,1200,8448
0061,20:05,1205,8448
0061,20:10,1210,8103
0061,20:15,1215,8103
0061,20:20,1220,8103
0061,20:25,1225,8103
0061,20:30,1230,8103
0061,20:35,1235,8103
0061,20:40,1240,8103
0061,20:45,1245,8103
0061,20:50,1250,8103
0061,20:55,1255,8103
0061,21:00,1260,8103
0061,21:05,1265,8103
0061,21:10,1270,8103
0061,21:15,1275,8103
0061,21:20,1280,8103
0061,21:25,1285,8103
0061,21:30,1290,7759
0061,21:35,1295,7759
0061,21:40,1300,7759
0061,21:45,1305,11552
0061,21:50,1310,11552
0061,21:55,1315,11552
0061,22:00,1320,11552
0061,22:05,1325,15517
0061,22:10,1330,15517
0061,22:15,1335,15517
0061,22:20,1340,15517
0061,22:25,1345,15517
0061,22:30,1350,15345
0061,22:35,1355,15345
0061,22:40,1360,15345
0061,22:45,1365,15345
0061,22:50,1370,15345
0061,22:55,1375,15345
0061,23:00,1380,15345
0061,23:05,1385,15345
0061,23:10,1390,15345
0061,23:15,1395,15345
0061,23:16,1396,15345
0061,23:20,1400,15345
0062,09:00,540,0
0062,09:05,545,0
0062,09:10,550,0
0062,09:15,555,0
0062,09:20,560,0
0062,09:25,565,0
0062,09:30,570,0
0062,09:35,575,0
0062,09:40,580,0
0062,09:45,585,0
0062,09:50,590,0
0062,09:55,595,0
0062,10:00,600,0
0062,10:05,605,0
0062,10:10,610,0
0062,10:15,615,0
0062,10:20,620,0
0062,10:25,625,0
0062,10:30,630,0
0062,10:35,635,0
0062,10:40,640,0
0062,10:45,645,0
0062,10:50,650,0
0062,10:55,655,0
0062,11:00,660,0
0062,11:05,665,0
0062,11:10,670,0
0062,11:15,675,0
0062,11:20,680,0
0062,11:25,685,0
0062,11:30,690,0
0062,11:35,695,0
0062,11:40,700,0
0062,11:45,705,2328
0062,11:50,710,2328
0062,11:55,715,2328
0062,12:00,720,2328
0062,12:05,725,3017
0062,12:10,730,3017
0062,12:15,735,3017
0062,12:20,740,3017
0062,12:25,745,3017
0062,12:30,750,1810
0062,12:35,755,1810
0062,12:40,760,1810
0062,12:45,765,1810
0062,12:50,770,1207
0062,12:55,775,1207
0062,13:00,780,1207
0062,13:05,785,345
0062,13:10,790,345
0062,13:15,795,345
0062,13:20,800,345
0062,13:25,805,431
0062,13:30,810,431
0062,13:35,815,431
0062,13:40,820,431
0062,13:45,825,431
0062,13:50,830,3017
0062,13:55,835,3017
0062,14:00,840,3017
0062,14:05,845,3017
0062,14:10,850,3017
0062,14:15,855,3017
0062,14:20,860,3017
0062,14:25,865,3017
0062,14:30,870,3017
0062,14:35,875,3017
0062,14:40,880,3017
0062,14:45,885,1638
0062,14:50,890,1638
0062,14:55,895,1638
0062,15:00,900,1638
0062,15:05,905,1638
0062,15:10,910,345
0062,15:15,915,345
0062,15:20,920,345
0062,15:25,925,345
0062,15:30,930,259
0062,15:35,935,259
0062,15:40,940,259
0062,15:45,945,4138
0062,15:50,950,4138
0062,15:55,955,4138
0062,16:00,960,4138
0062,16:05,965,4138
0062,16:10,970,3190
0062,16:15,975,3190
0062,16:20,980,3190
0062,16:25,985,3190
0062,16:30,990,5000
0062,16:35,995,5000
0062,16:40,1000,5000
0062,16:45,1005,5000
0062,16:50,1010,7414
0062,16:55,1015,7414
0062,17:00,1020,7414
0062,17:05,1025,6121
0062,17:10,1030,6121
0062,17:15,1035,6121
0062,17:20,1040,6121
0062,17:25,1045,6121
0062,17:30,1050,4397
0062,17:35,1055,4397
0062,17:40,1060,4397
0062,17:45,1065,4397
0062,17:50,1070,5517
0062,17:55,1075,5517
0062,18:00,1080,5517
0062,18:05,1085,5517
0062,18:10,1090,5517
0062,18:15,1095,5517
0062,18:20,1100,5517
0062,18:25,1105,3879
0062,18:30,1110,3879
0062,18:35,1115,3879
0062,18:40,1120,3879
0062,18:45,1125,3879
0062,18:50,1130,2931
0062,18:55,1135,2931
0062,19:00,1140,2931
0062,19:05,1145,2931
0062,19:10,1150,2586
0062,19:15,1155,2586
0062,19:20,1160,2586
0062,19:25,1165,2586
0062,19:30,1170,2586
0062,19:35,1175,2586
0062,19:40,1180,2586
0062,19:45,1185,2155
0062,19:50,1190,2155
0062,19:55,1195,2155
0062,20:00,1200,2155
0062,20:05,1205,2155
0062,20:10,1210,1983
0062,20:15,1215,1983
0062,20:20,1220,1983
0062,20:25,1225,1983
0062,20:30,1230,948
0062,20:35,1235,948
0062,20:40,1240,948
0062,20:45,1245,259
0062,20:50,1250,259
0062,20:55,1255,259
0062,21:00,1260,259
0062,21:05,1265,259
0062,21:10,1270,-800
0062,21:15,1275,-800
0062,21:20,1280,-800
0062,21:25,1285,-800
0062,21:30,1290,-1333
0062,21:35,1295,-1333
0062,21:40,1300,-1333
0062,21:45,1305,-1333
0062,21:50,1310,-1333
0062,21:55,1315,-1333
0062,22:00,1320,-1333
0062,22:05,1325,-1333
0062,22:10,1330,-1333
0062,22:15,1335,-1333
0062,22:20,1340,-1333
0062,22:25,1345,-1333
0062,22:30,1350,-1333
0062,22:35,1355,-1333
0062,22:40,1360,-1333
0062,22:45,1365,-1333
0062,22:50,1370,-1333
0062,22:55,1375,-1333
0062,23:00,1380,-1333
0062,23:05,1385,-1333
0062,23:10,1390,-1333
0062,23:15,1395,-1333
0062,23:16,1396,-1333
0062,23:20,1400,-1333
0063,09:00,540,0
0063,09:05,545,0
0063,09:10,550,0
0063,09:15,555,0
0063,09:20,560,0
0063,09:25,565,0
0063,09:30,570,0
0063,09:35,575,0
0063,09:40,580,0
0063,09:45,585,0
0063,09:50,590,0
0063,09:55,595,0
0063,10:00,600,0
0063,10:05,605,0
0063,10:10,610,-178
0063,10:15,615,-178
0063,10:20,620,-178
0063,10:25,625,-1244
0063,10:30,630,-1244
0063,10:35,635,-1244
0063,10:40,640,-2311
0063,10:45,645,-2311
0063,10:50,650,-2311
0063,10:55,655,-2311
0063,11:00,660,-3200
0063,11:05,665,-3200
0063,11:10,670,-3556
0063,11:15,675,-3556
0063,11:20,680,-3556
0063,11:25,685,-3556
0063,11:30,690,-1778
0063,11:35,695,-1778
0063,11:40,700,-1778
0063,11:45,705,-3378
0063,11:50,710,-3378
0063,11:55,715,-3378
0063,12:00,720,-3378
0063,12:05,725,-4800
0063,12:10,730,-4800
0063,12:15,735,-4800
0063,12:20,740,-4800
0063,12:25,745,-4800
0063,12:30,750,-6222
0063,12:35,755,-6222
0063,12:40,760,-6222
0063,12:45,765,-6222
0063,12:50,770,-5867
0063,12:55,775,-5867
0063,13:00,780,-5867
0063,13:05,785,-7289
0063,13:10,790,-7289
0063,13:15,795,-7289
0063,13:20,800,-7289
0063,13:25,805,-8889
0063,13:30,810,-8889
0063,13:35,815,-8889
0063,13:40,820,-8889
0063,13:45,825,-8889
0063,13:50,830,-1956
0063,13:55,835,-1956
0063,14:00,840,-1956
0063,14:05,845,-1956
0063,14:10,850,862
0063,14:15,855,862
0063,14:20,860,862
0063,14:25,865,862
0063,14:30,870,4310
0063,14:35,875,4310
0063,14:40,880,4310
0063,14:45,885,10690
0063,14:50,890,10690
0063,14:55,895,10690
0063,15:00,900,10690
0063,15:05,905,10690
0063,15:10,910,11379
0063,15:15,915,11379
0063,15:20,920,11379
0063,15:25,925,11379
0063,15:30,930,10000
0063,15:35,935,10000
0063,15:40,940,10000
0063,15:45,945,8793
0063,15:50,950,8793
0063,15:55,955,8793
0063,16:00,960,8793
0063,16:05,965,8793
0063,16:10,970,8103
0063,16:15,975,8103
0063,16:20,980,8103
0063,16:25,985,8103
0063,16:30,990,7586
0063,16:35,995,7586
0063,16:40,1000,7586
0063,16:45,1005,7586
0063,16:50,1010,6207
0063,16:55,1015,6207
0063,17:00,1020,6207
0063,17:05,1025,5690
0063,17:10,1030,5690
0063,17:15,1035,5690
0063,17:20,1040,5690
0063,17:25,1045,5690
0063,17:30,1050,5690
0063,17:35,1055,5690
0063,17:40,1060,5690
0063,17:45,1065,5690
0063,17:50,1070,12759
0063,17:55,1075,12759
0063,18:00,1080,12759
0063,18:05,1085,12759
0063,18:10,1090,12241
0063,18:15,1095,12241
0063,18:20,1100,12241
0063,18:25,1105,15517
0063,18:30,1110,15517
0063,18:35,1115,15517
0063,18:40,1120,15517
0063,18:45,1125,15517
0063,18:50,1130,19310
0063,18:55,1135,19310
0063,19:00,1140,19310
0063,19:05,1145,19310
0063,19:10,1150,17931
0063,19:15,1155,17931
0063,19:20,1160,17931
0063,19:25,1165,16379
0063,19:30,1170,16379
0063,19:35,1175,16379
0063,19:40,1180,16379
0063,19:45,1185,15862
0063,19:50,1190,15862
0063,19:55,1195,15862
0063,20:00,1200,15862
0063,20:05,1205,15862
0063,20:10,1210,15862
0063,20:15,1215,15862
0063,20:20,1220,15862
0063,20:25,1225,15862
0063,20:30,1230,15862
0063,20:35,1235,15862
0063,20:40,1240,15862
0063,20:45,1245,15862
0063,20:50,1250,15862
0063,20:55,1255,15862
0063,21:00,1260,15862
0063,21:05,1265,15862
0063,21:10,1270,15862
0063,21:15,1275,15862
0063,21:20,1280,15862
0063,21:25,1285,15862
0063,21:30,1290,15862
0063,21:35,1295,15862
0063,21:40,1300,15862
0063,21:45,1305,15862
0063,21:50,1310,15862
0063,21:55,1315,15862
0063,22:00,1320,15862
0063,22:05,1325,15862
0063,22:10,1330,15862
0063,22:15,1335,15862
0063,22:20,1340,15862
0063,22:25,1345,15862
0063,22:30,1350,15862
0063,22:35,1355,15862
0063,22:40,1360,15862
0063,22:45,1365,15862
0063,22:50,1370,15862
0063,22:55,1375,15862
0063,23:00,1380,15862
0063,23:05,1385,15862
0063,23:10,1390,15862
0063,23:15,1395,15862
0063,23:16,1396,15862
0063,23:20,1400,15862
0064,09:00,540,0
0064,09:05,545,0
0064,09:10,550,0
0064,09:15,555,0
0064,09:20,560,0
0064,09:25,565,0
0064,09:30,570,0
0064,09:35,575,0
0064,09:40,580,0
0064,09:45,585,0
0064,09:50,590,0
0064,09:55,595,0
0064,10:00,600,0
0064,10:05,605,0
0064,10:10,610,0
0064,10:15,615,0
0064,10:20,620,0
0064,10:25,625,0
0064,10:30,630,0
0064,10:35,635,0
0064,10:40,640,-889
0064,10:45,645,-889
0064,10:50,650,-889
0064,10:55,655,-889
0064,11:00,660,-1600
0064,11:05,665,-1600
0064,11:10,670,-2133
0064,11:15,675,-2133
0064,11:20,680,-2133
0064,11:25,685,-2133
0064,11:30,690,1552
0064,11:35,695,1552
0064,11:40,700,1552
0064,11:45,705,5517
0064,11:50,710,5517
0064,11:55,715,5517
0064,12:00,720,5517
0064,12:05,725,11034
0064,12:10,730,11034
0064,12:15,735,11034
0064,12:20,740,11034
0064,12:25,745,11034
0064,12:30,750,9655
0064,12:35,755,9655
0064,12:40,760,9655
0064,12:45,765,9655
0064,12:50,770,8621
0064,12:55,775,8621
0064,13:00,780,8621
0064,13:05,785,8621
0064,13:10,790,8621
0064,13:15,795,8621
0064,13:20,800,8621
0064,13:25,805,8621
0064,13:30,810,8621
0064,13:35,815,8621
0064,13:40,820,8621
0064,13:45,825,8621
0064,13:50,830,7759
0064,13:55,835,7759
0064,14:00,840,7759
0064,14:05,845,7759
0064,14:10,850,7414
0064,14:15,855,7414
0064,14:20,860,7414
0064,14:25,865,7414
0064,14:30,870,6724
0064,14:35,875,6724
0064,14:40,880,6724
0064,14:45,885,5862
0064,14:50,890,5862
0064,14:55,895,5862
0064,15:00,900,5862
0064,15:05,905,5862
0064,15:10,910,4828
0064,15:15,915,4828
0064,15:20,920,4828
0064,15:25,925,4828
0064,15:30,930,5862
0064,15:35,935,5862
0064,15:40,940,5862
0064,15:45,945,4483
0064,15:50,950,4483
0064,15:55,955,4483
0064,16:00,960,4483
0064,16:05,965,4483
0064,16:10,970,3621
0064,16:15,975,3621
0064,16:20,980,3621
0064,16:25,985,3621
0064,16:30,990,2414
0064,16:35,995,2414
0064,16:40,1000,2414
0064,16:45,1005,2414
0064,16:50,1010,1552
0064,16:55,1015,1552
0064,17:00,1020,1552
0064,17:05,1025,517
0064,17:10,1030,517
0064,17:15,1035,517
0064,17:20,1040,517
0064,17:25,1045,517
0064,17:30,1050,-889
0064,17:35,1055,-889
0064,17:40,1060,-889
0064,17:45,1065,-889
0064,17:50,1070,-711
0064,17:55,1075,-711
0064,18:00,1080,-711
0064,18:05,1085,-711
0064,18:10,1090,-711
0064,18:15,1095,-711
0064,18:20,1100,-711
0064,18:25,1105,-2133
0064,18:30,1110,-2133
0064,18:35,1115,-2133
0064,18:40,1120,-2133
0064,18:45,1125,-2133
0064,18:50,1130,-3378
0064,18:55,1135,-3378
0064,19:00,1140,-3378
0064,19:05,1145,-3378
0064,19:10,1150,-4622
0064,19:15,1155,-4622
0064,19:20,1160,-4622
0064,19:25,1165,-5689
0064,19:30,1170,-5689
0064,19:35,1175,-5689
0064,19:40,1180,-5689
0064,19:45,1185,-5689
0064,19:50,1190,-5689
0064,19:55,1195,-5689
0064,20:00,1200,-5689
0064,20:05,1205,-5689
0064,20:10,1210,-5689
0064,20:15,1215,-5689
0064,20:20,1220,-5689
0064,20:25,1225,-5689
0064,20:30,1230,-5867
0064,20:35,1235,-5867
0064,20:40,1240,-5867
0064,20:45,1245,-5867
0064,20:50,1250,-5867
0064,20:55,1255,-5867
0064,21:00,1260,-5867
0064,21:05,1265,-5867
0064,21:10,1270,-5867
0064,21:15,1275,-5867
0064,21:20,1280,-5867
0064,21:25,1285,-5867
0064,21:30,1290,-6933
0064,21:35,1295,-6933
0064,21:40,1300,-6933
0064,21:45,1305,-6933
0064,21:50,1310,-6933
0064,21:55,1315,-6933
0064,22:00,1320,-6933
0064,22:05,1325,-6933
0064,22:10,1330,-6933
0064,22:15,1335,-6933
0064,22:20,1340,-6933
0064,22:25,1345,-6933
0064,22:30,1350,-6933
0064,22:35,1355,-6933
0064,22:40,1360,-6933
0064,22:45,1365,-6933
0064,22:50,1370,-6933
0064,22:55,1375,-6933
0064,23:00,1380,-6933
0064,23:05,1385,-6933
0064,23:10,1390,-6933
0064,23:15,1395,-6933
0064,23:16,1396,-6933
0064,23:20,1400,-6933
0065,09:00,540,0
0065,09:05,545,0
0065,09:10,550,0
0065,09:15,555,0
0065,09:20,560,0
0065,09:25,565,0
0065,09:30,570,0
0065,09:35,575,0
0065,09:40,580,0
0065,09:45,585,0
0065,09:50,590,0
0065,09:55,595,0
0065,10:00,600,0
0065,10:05,605,0
0065,10:10,610,0
0065,10:15,615,0
0065,10:20,620,0
0065,10:25,625,0
0065,10:30,630,0
0065,10:35,635,0
0065,10:40,640,0
0065,10:45,645,0
0065,10:50,650,0
0065,10:55,655,0
0065,11:00,660,0
0065,11:05,665,0
0065,11:10,670,0
0065,11:15,675,0
0065,11:20,680,0
0065,11:25,685,0
0065,11:30,690,-1422
0065,11:35,695,-1422
0065,11:40,700,-1422
0065,11:45,705,-2222
0065,11:50,710,-2222
0065,11:55,715,-2222
0065,12:00,720,-2222
0065,12:05,725,-3378
0065,12:10,730,-3378
0065,12:15,735,-3378
0065,12:20,740,-3378
0065,12:25,745,-3378
0065,12:30,750,-4533
0065,12:35,755,-4533
0065,12:40,760,-4533
0065,12:45,765,-4533
0065,12:50,770,-5689
0065,12:55,775,-5689
0065,13:00,780,-5689
0065,13:05,785,-3200
0065,13:10,790,-3200
0065,13:15,795,-3200
0065,13:20,800,-3200
0065,13:25,805,-533
0065,13:30,810,-533
0065,13:35,815,-533
0065,13:40,820,-533
0065,13:45,825,-533
0065,13:50,830,-1778
0065,13:55,835,-1778
0065,14:00,840,-1778
0065,14:05,845,-1778
0065,14:10,850,-2578
0065,14:15,855,-2578
0065,14:20,860,-2578
0065,14:25,865,-2578
0065,14:30,870,-4000
0065,14:35,875,-4000
0065,14:40,880,-4000
0065,14:45,885,2931
0065,14:50,890,2931
0065,14:55,895,2931
0065,15:00,900,2931
0065,15:05,905,2931
0065,15:10,910,2069
0065,15:15,915,2069
0065,15:20,920,2069
0065,15:25,925,2069
0065,15:30,930,948
0065,15:35,935,948
0065,15:40,940,948
0065,15:45,945,431
0065,15:50,950,431
0065,15:55,955,431
0065,16:00,960,431
0065,16:05,965,431
0065,16:10,970,-533
0065,16:15,975,-533
0065,16:20,980,-533
0065,16:25,985,-533
0065,16:30,990,-2222
0065,16:35,995,-2222
0065,16:40,1000,-2222
0065,16:45,1005,-2222
0065,16:50,1010,-3556
0065,16:55,1015,-3556
0065,17:00,1020,-3556
0065,17:05,1025,-4356
0065,17:10,1030,-4356
0065,17:15,1035,-4356
0065,17:20,1040,-4356
0065,17:25,1045,-4356
0065,17:30,1050,-5422
0065,17:35,1055,-5422
0065,17:40,1060,-5422
0065,17:45,1065,-5422
0065,17:50,1070,-5956
0065,17:55,1075,-5956
0065,18:00,1080,-5956
0065,18:05,1085,-5956
0065,18:10,1090,-6311
0065,18:15,1095,-6311
0065,18:20,1100,-6311
0065,18:25,1105,-6311
0065,18:30,1110,-6311
0065,18:35,1115,-6311
0065,18:40,1120,-6311
0065,18:45,1125,-6311
0065,18:50,1130,-6311
0065,18:55,1135,-6311
0065,19:00,1140,-6311
0065,19:05,1145,-6311
0065,19:10,1150,-7200
0065,19:15,1155,-7200
0065,19:20,1160,-7200
0065,19:25,1165,-7200
0065,19:30,1170,-7200
0065,19:35,1175,-7200
0065,19:40,1180,-7200
0065,19:45,1185,-7200
0065,19:50,1190,-7200
0065,19:55,1195,-7200
0065,20:00,1200,-7200
0065,20:05,1205,-7200
0065,20:10,1210,-7378
0065,20:15,1215,-7378
0065,20:20,1220,-7378
0065,20:25,1225,-7378
0065,20:30,1230,-8000
0065,20:35,1235,-8000
0065,20:40,1240,-8000
0065,20:45,1245,-8000
0065,20:50,1250,-8000
0065,20:55,1255,-8000
0065,21:00,1260,-8000
0065,21:05,1265,-8000
0065,21:10,1270,-8000
0065,21:15,1275,-8000
0065,21:20,1280,-8000
0065,21:25,1285,-8000
0065,21:30,1290,-8000
0065,21:35,1295,-8000
0065,21:40,1300,-8000
0065,21:45,1305,-8356
0065,21:50,1310,-8356
0065,21:55,1315,-8356
0065,22:00,1320,-8356
0065,22:05,1325,-9689
0065,22:10,1330,-9689
0065,22:15,1335,-9689
0065,22:20,1340,-9689
0065,22:25,1345,-9689
0065,22:30,1350,-9689
0065,22:35,1355,-9689
0065,22:40,1360,-9689
0065,22:45,1365,-9689
0065,22:50,1370,-9689
0065,22:55,1375,-9689
0065,23:00,1380,-9689
0065,23:05,1385,-9689
0065,23:10,1390,-9689
0065,23:15,1395,-9689
0065,23:16,1396,-9689
0065,23:20,1400,-9689
0066,09:00,540,0
0066,09:05,545,0
0066,09:10,550,0
0066,09:15,555,0
0066,09:20,560,0
0066,09:25,565,0
0066,09:30,570,0
0066,09:35,575,0
0066,09:40,580,0
0066,09:45,585,0
0066,09:50,590,0
0066,09:55,595,0
0066,10:00,600,0
0066,10:05,605,0
0066,10:10,610,0
0066,10:15,615,0
0066,10:20,620,0
0066,10:25,625,0
0066,10:30,630,0
0066,10:35,635,0
0066,10:40,640,0
0066,10:45,645,0
0066,10:50,650,0
0066,10:55,655,0
0066,11:00,660,-178
0066,11:05,665,-178
0066,11:10,670,-711
0066,11:15,675,-711
0066,11:20,680,-711
0066,11:25,685,-711
0066,11:30,690,-1067
0066,11:35,695,-1067
0066,11:40,700,-1067
0066,11:45,705,-1422
0066,11:50,710,-1422
0066,11:55,715,-1422
0066,12:00,720,-1422
0066,12:05,725,-1600
0066,12:10,730,-1600
0066,12:15,735,-1600
0066,12:20,740,-1600
0066,12:25,745,-1600
0066,12:30,750,-3022
0066,12:35,755,-3022
0066,12:40,760,-3022
0066,12:45,765,-3022
0066,12:50,770,-1067
0066,12:55,775,-1067
0066,13:00,780,-1067
0066,13:05,785,-2133
0066,13:10,790,-2133
0066,13:15,795,-2133
0066,13:20,800,-2133
0066,13:25,805,-3556
0066,13:30,810,-3556
0066,13:35,815,-3556
0066,13:40,820,-3556
0066,13:45,825,-3556
0066,13:50,830,-3022
0066,13:55,835,-3022
0066,14:00,840,-3022
0066,14:05,845,-3022
0066,14:10,850,-4089
0066,14:15,855,-4089
0066,14:20,860,-4089
0066,14:25,865,-4089
0066,14:30,870,-5689
0066,14:35,875,-5689
0066,14:40,880,-5689
0066,14:45,885,-7289
0066,14:50,890,-7289
0066,14:55,895,-7289
0066,15:00,900,-7289
0066,15:05,905,-7289
0066,15:10,910,-8178
0066,15:15,915,-8178
0066,15:20,920,-8178
0066,15:25,925,-8178
0066,15:30,930,-9956
0066,15:35,935,-9956
0066,15:40,940,-9956
0066,15:45,945,-11200
0066,15:50,950,-11200
0066,15:55,955,-11200
0066,16:00,960,-11200
0066,16:05,965,-11200
0066,16:10,970,-12444
0066,16:15,975,-12444
0066,16:20,980,-12444
0066,16:25,985,-12444
0066,16:30,990,-6933
0066,16:35,995,-6933
0066,16:40,1000,-6933
0066,16:45,1005,-6933
0066,16:50,1010,-2844
0066,16:55,1015,-2844
0066,17:00,1020,-2844
0066,17:05,1025,-4089
0066,17:10,1030,-4089
0066,17:15,1035,-4089
0066,17:20,1040,-4089
0066,17:25,1045,-4089
0066,17:30,1050,-2133
0066,17:35,1055,-2133
0066,17:40,1060,-2133
0066,17:45,1065,-2133
0066,17:50,1070,-3556
0066,17:55,1075,-3556
0066,18:00,1080,-3556
0066,18:05,1085,-3556
0066,18:10,1090,-4622
0066,18:15,1095,-4622
0066,18:20,1100,-4622
0066,18:25,1105,-2667
0066,18:30,1110,-2667
0066,18:35,1115,-2667
0066,18:40,1120,-2667
0066,18:45,1125,-2667
0066,18:50,1130,690
0066,18:55,1135,690
0066,19:00,1140,690
0066,19:05,1145,690
0066,19:10,1150,-356
0066,19:15,1155,-356
0066,19:20,1160,-356
0066,19:25,1165,-1778
0066,19:30,1170,-1778
0066,19:35,1175,-1778
0066,19:40,1180,-1778
0066,19:45,1185,-3022
0066,19:50,1190,-3022
0066,19:55,1195,-3022
0066,20:00,1200,-3022
0066,20:05,1205,-3022
0066,20:10,1210,-4267
0066,20:15,1215,-4267
0066,20:20,1220,-4267
0066,20:25,1225,-4267
0066,20:30,1230,-6044
0066,20:35,1235,-6044
0066,20:40,1240,-6044
0066,20:45,1245,-7111
0066,20:50,1250,-7111
0066,20:55,1255,-7111
0066,21:00,1260,-7111
0066,21:05,1265,-7111
0066,21:10,1270,-7467
0066,21:15,1275,-7467
0066,21:20,1280,-7467
0066,21:25,1285,-7467
0066,21:30,1290,-8000
0066,21:35,1295,-8000
0066,21:40,1300,-8000
0066,21:45,1305,-8000
0066,21:50,1310,-8000
0066,21:55,1315,-8000
0066,22:00,1320,-8000
0066,22:05,1325,-8000
0066,22:10,1330,-8000
0066,22:15,1335,-8000
0066,22:20,1340,-8000
0066,22:25,1345,-8000
0066,22:30,1350,-8000
0066,22:35,1355,-8000
0066,22:40,1360,-8000
0066,22:45,1365,-8000
0066,22:50,1370,-8000
0066,22:55,1375,-8000
0066,23:00,1380,-8000
0066,23:05,1385,-8000
0066,23:10,1390,-8000
0066,23:15,1395,-8000
0066,23:16,1396,-8000
0066,23:20,1400,-8000
0067,09:00,540,0
0067,09:05,545,0
0067,09:10,550,0
0067,09:15,555,0
0067,09:20,560,0
0067,09:25,565,0
0067,09:30,570,0
0067,09:35,575,0
0067,09:40,580,0
0067,09:45,585,0
0067,09:50,590,0
0067,09:55,595,0
0067,10:00,600,0
0067,10:05,605,0
0067,10:10,610,0
0067,10:15,615,0
0067,10:20,620,0
0067,10:25,625,-1067
0067,10:30,630,-1067
0067,10:35,635,-1067
0067,10:40,640,-2133
0067,10:45,645,-2133
0067,10:50,650,-2133
0067,10:55,655,-2133
0067,11:00,660,-2578
0067,11:05,665,-2578
0067,11:10,670,-3022
0067,11:15,675,-3022
0067,11:20,680,-3022
0067,11:25,685,-3022
0067,11:30,690,-2844
0067,11:35,695,-2844
0067,11:40,700,-2844
0067,11:45,705,2328
0067,11:50,710,2328
0067,11:55,715,2328
0067,12:00,720,2328
0067,12:05,725,6638
0067,12:10,730,6638
0067,12:15,735,6638
0067,12:20,740,6638
0067,12:25,745,6638
0067,12:30,750,6983
0067,12:35,755,6983
0067,12:40,760,6983
0067,12:45,765,6983
0067,12:50,770,5603
0067,12:55,775,5603
0067,13:00,780,5603
0067,13:05,785,4483
0067,13:10,790,4483
0067,13:15,795,4483
0067,13:20,800,4483
0067,13:25,805,4310
0067,13:30,810,4310
0067,13:35,815,4310
0067,13:40,820,4310
0067,13:45,825,4310
0067,13:50,830,4310
0067,13:55,835,4310
0067,14:00,840,4310
0067,14:05,845,4310
0067,14:10,850,3966
0067,14:15,855,3966
0067,14:20,860,3966
0067,14:25,865,3966
0067,14:30,870,3793
0067,14:35,875,3793
0067,14:40,880,3793
0067,14:45,885,2931
0067,14:50,890,2931
0067,14:55,895,2931
0067,15:00,900,2931
0067,15:05,905,2931
0067,15:10,910,1810
0067,15:15,915,1810
0067,15:20,920,1810
0067,15:25,925,1810
0067,15:30,930,690
0067,15:35,935,690
0067,15:40,940,690
0067,15:45,945,-711
0067,15:50,950,-711
0067,15:55,955,-711
0067,16:00,960,-711
0067,16:05,965,-711
0067,16:10,970,-1956
0067,16:15,975,-1956
0067,16:20,980,-1956
0067,16:25,985,-1956
0067,16:30,990,-2756
0067,16:35,995,-2756
0067,16:40,1000,-2756
0067,16:45,1005,-2756
0067,16:50,1010,-4089
0067,16:55,1015,-4089
0067,17:00,1020,-4089
0067,17:05,1025,-4533
0067,17:10,1030,-4533
0067,17:15,1035,-4533
0067,17:20,1040,-4533
0067,17:25,1045,-4533
0067,17:30,1050,-6222
0067,17:35,1055,-6222
0067,17:40,1060,-6222
0067,17:45,1065,-6222
0067,17:50,1070,-7378
0067,17:55,1075,-7378
0067,18:00,1080,-7378
0067,18:05,1085,-7378
0067,18:10,1090,-8356
0067,18:15,1095,-8356
0067,18:20,1100,-8356
0067,18:25,1105,-8978
0067,18:30,1110,-8978
0067,18:35,1115,-8978
0067,18:40,1120,-8978
0067,18:45,1125,-8978
0067,18:50,1130,-9511
0067,18:55,1135,-9511
0067,19:00,1140,-9511
0067,19:05,1145,-9511
0067,19:10,1150,-5600
0067,19:15,1155,-5600
0067,19:20,1160,-5600
0067,19:25,1165,-4978
0067,19:30,1170,-4978
0067,19:35,1175,-4978
0067,19:40,1180,-4978
0067,19:45,1185,-5778
0067,19:50,1190,-5778
0067,19:55,1195,-5778
0067,20:00,1200,-5778
0067,20:05,1205,-5778
0067,20:10,1210,-6489
0067,20:15,1215,-6489
0067,20:20,1220,-6489
0067,20:25,1225,-6489
0067,20:30,1230,-1333
0067,20:35,1235,-1333
0067,20:40,1240,-1333
0067,20:45,1245,5345
0067,20:50,1250,5345
0067,20:55,1255,5345
0067,21:00,1260,5345
0067,21:05,1265,5345
0067,21:10,1270,7931
0067,21:15,1275,7931
0067,21:20,1280,7931
0067,21:25,1285,7931
0067,21:30,1290,7069
0067,21:35,1295,7069
0067,21:40,1300,7069
0067,21:45,1305,7069
0067,21:50,1310,7069
0067,21:55,1315,7069
0067,22:00,1320,7069
0067,22:05,1325,7069
0067,22:10,1330,7069
0067,22:15,1335,7069
0067,22:20,1340,7069
0067,22:25,1345,7069
0067,22:30,1350,7069
0067,22:35,1355,7069
0067,22:40,1360,7069
0067,22:45,1365,7069
0067,22:50,1370,7069
0067,22:55,1375,7069
0067,23:00,1380,7069
0067,23:05,1385,7069
0067,23:10,1390,7069
0067,23:15,1395,7069
0067,23:16,1396,7069
0067,23:20,1400,7069
0068,09:00,540,0
0068,09:05,545,0
0068,09:10,550,0
0068,09:15,555,0
0068,09:20,560,0
0068,09:25,565,0
0068,09:30,570,0
0068,09:35,575,0
0068,09:40,580,0
0068,09:45,585,0
0068,09:50,590,0
0068,09:55,595,0
0068,10:00,600,0
0068,10:05,605,0
0068,10:10,610,0
0068,10:15,615,0
0068,10:20,620,0
0068,10:25,625,0
0068,10:30,630,0
0068,10:35,635,0
0068,10:40,640,0
0068,10:45,645,0
0068,10:50,650,0
0068,10:55,655,0
0068,11:00,660,0
0068,11:05,665,0
0068,11:10,670,0
0068,11:15,675,0
0068,11:20,680,0
0068,11:25,685,0
0068,11:30,690,0
0068,11:35,695,0
0068,11:40,700,0
0068,11:45,705,0
0068,11:50,710,0
0068,11:55,715,0
0068,12:00,720,0
0068,12:05,725,0
0068,12:10,730,0
0068,12:15,735,0
0068,12:20,740,0
0068,12:25,745,0
0068,12:30,750,-1600
0068,12:35,755,-1600
0068,12:40,760,-1600
0068,12:45,765,-1600
0068,12:50,770,-3022
0068,12:55,775,-3022
0068,13:00,780,-3022
0068,13:05,785,-4267
0068,13:10,790,-4267
0068,13:15,795,-4267
0068,13:20,800,-4267
0068,13:25,805,-5511
0068,13:30,810,-5511
0068,13:35,815,-5511
0068,13:40,820,-5511
0068,13:45,825,-5511
0068,13:50,830,-6044
0068,13:55,835,-6044
0068,14:00,840,-6044
0068,14:05,845,-6044
0068,14:10,850,-3378
0068,14:15,855,-3378
0068,14:20,860,-3378
0068,14:25,865,-3378
0068,14:30,870,-4978
0068,14:35,875,-4978
0068,14:40,880,-4978
0068,14:45,885,-6044
0068,14:50,890,-6044
0068,14:55,895,-6044
0068,15:00,900,-6044
0068,15:05,905,-6044
0068,15:10,910,-7111
0068,15:15,915,-7111
0068,15:20,920,-7111
0068,15:25,925,-7111
0068,15:30,930,-8356
0068,15:35,935,-8356
0068,15:40,940,-8356
0068,15:45,945,-5689
0068,15:50,950,-5689
0068,15:55,955,-5689
0068,16:00,960,-5689
0068,16:05,965,-5689
0068,16:10,970,-5689
0068,16:15,975,-5689
0068,16:20,980,-5689
0068,16:25,985,-5689
0068,16:30,990,-6933
0068,16:35,995,-6933
0068,16:40,1000,-6933
0068,16:45,1005,-6933
0068,16:50,1010,-8000
0068,16:55,1015,-8000
0068,17:00,1020,-8000
0068,17:05,1025,-7289
0068,17:10,1030,-7289
0068,17:15,1035,-7289
0068,17:20,1040,-7289
0068,17:25,1045,-7289
0068,17:30,1050,-8711
0068,17:35,1055,-8711
0068,17:40,1060,-8711
0068,17:45,1065,-8711
0068,17:50,1070,-9244
0068,17:55,1075,-9244
0068,18:00,1080,-9244
0068,18:05,1085,-9244
0068,18:10,1090,-8356
0068,18:15,1095,-8356
0068,18:20,1100,-8356
0068,18:25,1105,-10133
0068,18:30,1110,-10133
0068,18:35,1115,-10133
0068,18:40,1120,-10133
0068,18:45,1125,-10133
0068,18:50,1130,-11022
0068,18:55,1135,-11022
0068,19:00,1140,-11022
0068,19:05,1145,-11022
0068,19:10,1150,-11556
0068,19:15,1155,-11556
0068,19:20,1160,-11556
0068,19:25,1165,-13333
0068,19:30,1170,-13333
0068,19:35,1175,-13333
0068,19:40,1180,-13333
0068,19:45,1185,-13511
0068,19:50,1190,-13511
0068,19:55,1195,-13511
0068,20:00,1200,-13511
0068,20:05,1205,-13511
0068,20:10,1210,-14756
0068,20:15,1215,-14756
0068,20:20,1220,-14756
0068,20:25,1225,-14756
0068,20:30,1230,-13333
0068,20:35,1235,-13333
0068,20:40,1240,-13333
0068,20:45,1245,-12267
0068,20:50,1250,-12267
0068,20:55,1255,-12267
0068,21:00,1260,-12267
0068,21:05,1265,-12267
0068,21:10,1270,-12800
0068,21:15,1275,-12800
0068,21:20,1280,-12800
0068,21:25,1285,-12800
0068,21:30,1290,-12800
0068,21:35,1295,-12800
0068,21:40,1300,-12800
0068,21:45,1305,-12800
0068,21:50,1310,-12800
0068,21:55,1315,-12800
0068,22:00,1320,-12800
0068,22:05,1325,-12800
0068,22:10,1330,-12800
0068,22:15,1335,-12800
0068,22:20,1340,-12800
0068,22:25,1345,-12800
0068,22:30,1350,-12800
0068,22:35,1355,-12800
0068,22:40,1360,-12800
0068,22:45,1365,-12800
0068,22:50,1370,-12800
0068,22:55,1375,-12800
0068,23:00,1380,-12800
0068,23:05,1385,-12800
0068,23:10,1390,-12800
0068,23:15,1395,-12800
0068,23:16,1396,-12800
0068,23:20,1400,-12800
0069,09:00,540,0
0069,09:05,545,0
0069,09:10,550,0
0069,09:15,555,0
0069,09:20,560,0
0069,09:25,565,0
0069,09:30,570,0
0069,09:35,575,0
0069,09:40,580,0
0069,09:45,585,0
0069,09:50,590,0
0069,09:55,595,0
0069,10:00,600,0
0069,10:05,605,0
0069,10:10,610,0
0069,10:15,615,0
0069,10:20,620,0
0069,10:25,625,0
0069,10:30,630,0
0069,10:35,635,0
0069,10:40,640,0
0069,10:45,645,0
0069,10:50,650,0
0069,10:55,655,0
0069,11:00,660,-178
0069,11:05,665,-178
0069,11:10,670,-711
0069,11:15,675,-711
0069,11:20,680,-711
0069,11:25,685,-711
0069,11:30,690,-1956
0069,11:35,695,-1956
0069,11:40,700,-1956
0069,11:45,705,-3556
0069,11:50,710,-3556
0069,11:55,715,-3556
0069,12:00,720,-3556
0069,12:05,725,-4800
0069,12:10,730,-4800
0069,12:15,735,-4800
0069,12:20,740,-4800
0069,12:25,745,-4800
0069,12:30,750,-6400
0069,12:35,755,-6400
0069,12:40,760,-6400
0069,12:45,765,-6400
0069,12:50,770,-7822
0069,12:55,775,-7822
0069,13:00,780,-7822
0069,13:05,785,-8889
0069,13:10,790,-8889
0069,13:15,795,-8889
0069,13:20,800,-8889
0069,13:25,805,-10667
0069,13:30,810,-10667
0069,13:35,815,-10667
0069,13:40,820,-10667
0069,13:45,825,-10667
0069,13:50,830,-11556
0069,13:55,835,-11556
0069,14:00,840,-11556
0069,14:05,845,-11556
0069,14:10,850,-12800
0069,14:15,855,-12800
0069,14:20,860,-12800
0069,14:25,865,-12800
0069,14:30,870,-9600
0069,14:35,875,-9600
0069,14:40,880,-9600
0069,14:45,885,-8533
0069,14:50,890,-8533
0069,14:55,895,-8533
0069,15:00,900,-8533
0069,15:05,905,-8533
0069,15:10,910,-9422
0069,15:15,915,-9422
0069,15:20,920,-9422
0069,15:25,925,-9422
0069,15:30,930,-9244
0069,15:35,935,-9244
0069,15:40,940,-9244
0069,15:45,945,-10133
0069,15:50,950,-10133
0069,15:55,955,-10133
0069,16:00,960,-10133
0069,16:05,965,-10133
0069,16:10,970,-10844
0069,16:15,975,-10844
0069,16:20,980,-10844
0069,16:25,985,-10844
0069,16:30,990,-11200
0069,16:35,995,-11200
0069,16:40,1000,-11200
0069,16:45,1005,-11200
0069,16:50,1010,-8889
0069,16:55,1015,-8889
0069,17:00,1020,-8889
0069,17:05,1025,-8356
0069,17:10,1030,-8356
0069,17:15,1035,-8356
0069,17:20,1040,-8356
0069,17:25,1045,-8356
0069,17:30,1050,-2133
0069,17:35,1055,-2133
0069,17:40,1060,-2133
0069,17:45,1065,-2133
0069,17:50,1070,4138
0069,17:55,1075,4138
0069,18:00,1080,4138
0069,18:05,1085,4138
0069,18:10,1090,8103
0069,18:15,1095,8103
0069,18:20,1100,8103
0069,18:25,1105,8966
0069,18:30,1110,8966
0069,18:35,1115,8966
0069,18:40,1120,8966
0069,18:45,1125,8966
0069,18:50,1130,8621
0069,18:55,1135,8621
0069,19:00,1140,8621
0069,19:05,1145,8621
0069,19:10,1150,8276
0069,19:15,1155,8276
0069,19:20,1160,8276
0069,19:25,1165,8103
0069,19:30,1170,8103
0069,19:35,1175,8103
0069,19:40,1180,8103
0069,19:45,1185,6724
0069,19:50,1190,6724
0069,19:55,1195,6724
0069,20:00,1200,6724
0069,20:05,1205,6724
0069,20:10,1210,6724
0069,20:15,1215,6724
0069,20:20,1220,6724
0069,20:25,1225,6724
0069,20:30,1230,6724
0069,20:35,1235,6724
0069,20:40,1240,6724
0069,20:45,1245,6724
0069,20:50,1250,6724
0069,20:55,1255,6724
0069,21:00,1260,6724
0069,21:05,1265,6724
0069,21:10,1270,6552
0069,21:15,1275,6552
0069,21:20,1280,6552
0069,21:25,1285,6552
0069,21:30,1290,6552
0069,21:35,1295,6552
0069,21:40,1300,6552
0069,21:45,1305,6552
0069,21:50,1310,6552
0069,21:55,1315,6552
0069,22:00,1320,6552
0069,22:05,1325,6552
0069,22:10,1330,6552
0069,22:15,1335,6552
0069,22:20,1340,6552
0069,22:25,1345,6552
0069,22:30,1350,6552
0069,22:35,1355,6552
0069,22:40,1360,6552
0069,22:45,1365,6552
0069,22:50,1370,6552
0069,22:55,1375,6552
0069,23:00,1380,6552
0069,23:05,1385,6552
0069,23:10,1390,6552
0069,23:15,1395,6552
0069,23:16,1396,6552
0069,23:20,1400,6552
0070,09:00,540,0
0070,09:05,545,0
0070,09:10,550,0
0070,09:15,555,0
0070,09:20,560,0
0070,09:25,565,0
0070,09:30,570,0
0070,09:35,575,0
0070,09:40,580,0
0070,09:45,585,0
0070,09:50,590,0
0070,09:55,595,0
0070,10:00,600,0
0070,10:05,605,0
0070,10:10,610,0
0070,10:15,615,0
0070,10:20,620,0
0070,10:25,625,0
0070,10:30,630,0
0070,10:35,635,0
0070,10:40,640,0
0070,10:45,645,0
0070,10:50,650,0
0070,10:55,655,0
0070,11:00,660,0
0070,11:05,665,0
0070,11:10,670,0
0070,11:15,675,0
0070,11:20,680,0
0070,11:25,685,0
0070,11:30,690,0
0070,11:35,695,0
0070,11:40,700,0
0070,11:45,705,0
0070,11:50,710,0
0070,11:55,715,0
0070,12:00,720,0
0070,12:05,725,-356
0070,12:10,730,-356
0070,12:15,735,-356
0070,12:20,740,-356
0070,12:25,745,-356
0070,12:30,750,-533
0070,12:35,755,-533
0070,12:40,760,-533
0070,12:45,765,-533
0070,12:50,770,-1422
0070,12:55,775,-1422
0070,13:00,780,-1422
0070,13:05,785,-1778
0070,13:10,790,-1778
0070,13:15,795,-1778
0070,13:20,800,-1778
0070,13:25,805,-2489
0070,13:30,810,-2489
0070,13:35,815,-2489
0070,13:40,820,-2489
0070,13:45,825,-2489
0070,13:50,830,-2489
0070,13:55,835,-2489
0070,14:00,840,-2489
0070,14:05,845,-2489
0070,14:10,850,-3556
0070,14:15,855,-3556
0070,14:20,860,-3556
0070,14:25,865,-3556
0070,14:30,870,-3911
0070,14:35,875,-3911
0070,14:40,880,-3911
0070,14:45,885,-178
0070,14:50,890,-178
0070,14:55,895,-178
0070,15:00,900,-178
0070,15:05,905,-178
0070,15:10,910,517
0070,15:15,915,517
0070,15:20,920,517
0070,15:25,925,517
0070,15:30,930,-533
0070,15:35,935,-533
0070,15:40,940,-533
0070,15:45,945,-2133
0070,15:50,950,-2133
0070,15:55,955,-2133
0070,16:00,960,-2133
0070,16:05,965,-2133
0070,16:10,970,-3556
0070,16:15,975,-3556
0070,16:20,980,-3556
0070,16:25,985,-3556
0070,16:30,990,-5156
0070,16:35,995,-5156
0070,16:40,1000,-5156
0070,16:45,1005,-5156
0070,16:50,1010,-6044
0070,16:55,1015,-6044
0070,17:00,1020,-6044
0070,17:05,1025,-7111
0070,17:10,1030,-7111
0070,17:15,1035,-7111
0070,17:20,1040,-7111
0070,17:25,1045,-7111
0070,17:30,1050,-8533
0070,17:35,1055,-8533
0070,17:40,1060,-8533
0070,17:45,1065,-8533
0070,17:50,1070,-9067
0070,17:55,1075,-9067
0070,18:00,1080,-9067
0070,18:05,1085,-9067
0070,18:10,1090,-9067
0070,18:15,1095,-9067
0070,18:20,1100,-9067
0070,18:25,1105,-9778
0070,18:30,1110,-9778
0070,18:35,1115,-9778
0070,18:40,1120,-9778
0070,18:45,1125,-9778
0070,18:50,1130,-7467
0070,18:55,1135,-7467
0070,19:00,1140,-7467
0070,19:05,1145,-7467
0070,19:10,1150,-8889
0070,19:15,1155,-8889
0070,19:20,1160,-8889
0070,19:25,1165,-9244
0070,19:30,1170,-9244
0070,19:35,1175,-9244
0070,19:40,1180,-9244
0070,19:45,1185,-9778
0070,19:50,1190,-9778
0070,19:55,1195,-9778
0070,20:00,1200,-9778
0070,20:05,1205,-9778
0070,20:10,1210,-10133
0070,20:15,1215,-10133
0070,20:20,1220,-10133
0070,20:25,1225,-10133
0070,20:30,1230,-10133
0070,20:35,1235,-10133
0070,20:40,1240,-10133
0070,20:45,1245,-10311
0070,20:50,1250,-10311
0070,20:55,1255,-10311
0070,21:00,1260,-10311
0070,21:05,1265,-10311
0070,21:10,1270,-10311
0070,21:15,1275,-10311
0070,21:20,1280,-10311
0070,21:25,1285,-10311
0070,21:30,1290,-10311
0070,21:35,1295,-10311
0070,21:40,1300,-10311
0070,21:45,1305,-10311
0070,21:50,1310,-10311
0070,21:55,1315,-10311
0070,22:00,1320,-10311
0070,22:05,1325,-10311
0070,22:10,1330,-10311
0070,22:15,1335,-10311
0070,22:20,1340,-10311
0070,22:25,1345,-10311
0070,22:30,1350,-10311
0070,22:35,1355,-10311
0070,22:40,1360,-10311
0070,22:45,1365,-10311
0070,22:50,1370,-10311
0070,22:55,1375,-10311
0070,23:00,1380,-10311
0070,23:05,1385,-10311
0070,23:10,1390,-10311
0070,23:15,1395,-10311
0070,23:16,1396,-10311
0070,23:20,1400,-10311
0071,09:00,540,0
0071,09:05,545,0
0071,09:10,550,0
0071,09:15,555,0
0071,09:20,560,0
0071,09:25,565,0
0071,09:30,570,0
0071,09:35,575,0
0071,09:40,580,0
0071,09:45,585,0
0071,09:50,590,0
0071,09:55,595,0
0071,10:00,600,0
0071,10:05,605,0
0071,10:10,610,0
0071,10:15,615,0
0071,10:20,620,0
0071,10:25,625,-533
0071,10:30,630,-533
0071,10:35,635,-533
0071,10:40,640,-622
0071,10:45,645,-622
0071,10:50,650,-622
0071,10:55,655,-622
0071,11:00,660,-1867
0071,11:05,665,-1867
0071,11:10,670,-2400
0071,11:15,675,-2400
0071,11:20,680,-2400
0071,11:25,685,-2400
0071,11:30,690,-3378
0071,11:35,695,-3378
0071,11:40,700,-3378
0071,11:45,705,-4533
0071,11:50,710,-4533
0071,11:55,715,-4533
0071,12:00,720,-4533
0071,12:05,725,-1689
0071,12:10,730,-1689
0071,12:15,735,-1689
0071,12:20,740,-1689
0071,12:25,745,-1689
0071,12:30,750,690
0071,12:35,755,690
0071,12:40,760,690
0071,12:45,765,690
0071,12:50,770,-533
0071,12:55,775,-533
0071,13:00,780,-533
0071,13:05,785,-1244
0071,13:10,790,-1244
0071,13:15,795,-1244
0071,13:20,800,-1244
0071,13:25,805,-2578
0071,13:30,810,-2578
0071,13:35,815,-2578
0071,13:40,820,-2578
0071,13:45,825,-2578
0071,13:50,830,-3644
0071,13:55,835,-3644
0071,14:00,840,-3644
0071,14:05,845,-3644
0071,14:10,850,-4444
0071,14:15,855,-4444
0071,14:20,860,-4444
0071,14:25,865,-4444
0071,14:30,870,-5422
0071,14:35,875,-5422
0071,14:40,880,-5422
0071,14:45,885,-5778
0071,14:50,890,-5778
0071,14:55,895,-5778
0071,15:00,900,-5778
0071,15:05,905,-5778
0071,15:10,910,-533
0071,15:15,915,-533
0071,15:20,920,-533
0071,15:25,925,-533
0071,15:30,930,-533
0071,15:35,935,-533
0071,15:40,940,-533
0071,15:45,945,-533
0071,15:50,950,-533
0071,15:55,955,-533
0071,16:00,960,-533
0071,16:05,965,-533
0071,16:10,970,-1689
0071,16:15,975,-1689
0071,16:20,980,-1689
0071,16:25,985,-1689
0071,16:30,990,-2933
0071,16:35,995,-2933
0071,16:40,1000,-2933
0071,16:45,1005,-2933
0071,16:50,1010,-4178
0071,16:55,1015,-4178
0071,17:00,1020,-4178
0071,17:05,1025,-5067
0071,17:10,1030,-5067
0071,17:15,1035,-5067
0071,17:20,1040,-5067
0071,17:25,1045,-5067
0071,17:30,1050,-6222
0071,17:35,1055,-6222
0071,17:40,1060,-6222
0071,17:45,1065,-6222
0071,17:50,1070,-7378
0071,17:55,1075,-7378
0071,18:00,1080,-7378
0071,18:05,1085,-7378
0071,18:10,1090,-1778
0071,18:15,1095,-1778
0071,18:20,1100,-1778
0071,18:25,1105,-1067
0071,18:30,1110,-1067
0071,18:35,1115,-1067
0071,18:40,1120,-1067
0071,18:45,1125,-1067
0071,18:50,1130,-2044
0071,18:55,1135,-2044
0071,19:00,1140,-2044
0071,19:05,1145,-2044
0071,19:10,1150,517
0071,19:15,1155,517
0071,19:20,1160,517
0071,19:25,1165,2500
0071,19:30,1170,2500
0071,19:35,1175,2500
0071,19:40,1180,2500
0071,19:45,1185,1293
0071,19:50,1190,1293
0071,19:55,1195,1293
0071,20:00,1200,1293
0071,20:05,1205,1293
0071,20:10,1210,431
0071,20:15,1215,431
0071,20:20,1220,431
0071,20:25,1225,431
0071,20:30,1230,431
0071,20:35,1235,431
0071,20:40,1240,431
0071,20:45,1245,431
0071,20:50,1250,431
0071,20:55,1255,431
0071,21:00,1260,431
0071,21:05,1265,431
0071,21:10,1270,431
0071,21:15,1275,431
0071,21:20,1280,431
0071,21:25,1285,431
0071,21:30,1290,431
0071,21:35,1295,431
0071,21:40,1300,431
0071,21:45,1305,431
0071,21:50,1310,431
0071,21:55,1315,431
0071,22:00,1320,431
0071,22:05,1325,431
0071,22:10,1330,431
0071,22:15,1335,431
0071,22:20,1340,431
0071,22:25,1345,431
0071,22:30,1350,431
0071,22:35,1355,431
0071,22:40,1360,431
0071,22:45,1365,431
0071,22:50,1370,431
0071,22:55,1375,431
0071,23:00,1380,431
0071,23:05,1385,431
0071,23:10,1390,431
0071,23:15,1395,431
0071,23:16,1396,431
0071,23:20,1400,431
0072,09:00,540,0
0072,09:05,545,0
0072,09:10,550,0
0072,09:15,555,0
0072,09:20,560,0
0072,09:25,565,0
0072,09:30,570,0
0072,09:35,575,0
0072,09:40,580,0
0072,09:45,585,0
0072,09:50,590,0
0072,09:55,595,0
0072,10:00,600,0
0072,10:05,605,0
0072,10:10,610,0
0072,10:15,615,0
0072,10:20,620,0
0072,10:25,625,0
0072,10:30,630,0
0072,10:35,635,0
0072,10:40,640,0
0072,10:45,645,0
0072,10:50,650,0
0072,10:55,655,0
0072,11:00,660,0
0072,11:05,665,0
0072,11:10,670,0
0072,11:15,675,0
0072,11:20,680,0
0072,11:25,685,0
0072,11:30,690,0
0072,11:35,695,0
0072,11:40,700,0
0072,11:45,705,0
0072,11:50,710,0
0072,11:55,715,0
0072,12:00,720,0
0072,12:05,725,0
0072,12:10,730,0
0072,12:15,735,0
0072,12:20,740,0
0072,12:25,745,0
0072,12:30,750,0
0072,12:35,755,0
0072,12:40,760,0
0072,12:45,765,0
0072,12:50,770,0
0072,12:55,775,0
0072,13:00,780,0
0072,13:05,785,0
0072,13:10,790,0
0072,13:15,795,0
0072,13:20,800,0
0072,13:25,805,0
0072,13:30,810,0
0072,13:35,815,0
0072,13:40,820,0
0072,13:45,825,0
0072,13:50,830,0
0072,13:55,835,0
0072,14:00,840,0
0072,14:05,845,0
0072,14:10,850,0
0072,14:15,855,0
0072,14:20,860,0
0072,14:25,865,0
0072,14:30,870,0
0072,14:35,875,0
0072,14:40,880,0
0072,14:45,885,3190
0072,14:50,890,3190
0072,14:55,895,3190
0072,15:00,900,3190
0072,15:05,905,3190
0072,15:10,910,2586
0072,15:15,915,2586
0072,15:20,920,2586
0072,15:25,925,2586
0072,15:30,930,862
0072,15:35,935,862
0072,15:40,940,862
0072,15:45,945,-800
0072,15:50,950,-800
0072,15:55,955,-800
0072,16:00,960,-800
0072,16:05,965,-800
0072,16:10,970,-1689
0072,16:15,975,-1689
0072,16:20,980,-1689
0072,16:25,985,-1689
0072,16:30,990,-2044
0072,16:35,995,-2044
0072,16:40,1000,-2044
0072,16:45,1005,-2044
0072,16:50,1010,-1156
0072,16:55,1015,-1156
0072,17:00,1020,-1156
0072,17:05,1025,2845
0072,17:10,1030,2845
0072,17:15,1035,2845
0072,17:20,1040,2845
0072,17:25,1045,2845
0072,17:30,1050,1466
0072,17:35,1055,1466
0072,17:40,1060,1466
0072,17:45,1065,1466
0072,17:50,1070,517
0072,17:55,1075,517
0072,18:00,1080,517
0072,18:05,1085,517
0072,18:10,1090,-711
0072,18:15,1095,-711
0072,18:20,1100,-711
0072,18:25,1105,-1244
0072,18:30,1110,-1244
0072,18:35,1115,-1244
0072,18:40,1120,-1244
0072,18:45,1125,-1244
0072,18:50,1130,-1244
0072,18:55,1135,-1244
0072,19:00,1140,-1244
0072,19:05,1145,-1244
0072,19:10,1150,-1244
0072,19:15,1155,-1244
0072,19:20,1160,-1244
0072,19:25,1165,-1867
0072,19:30,1170,-1867
0072,19:35,1175,-1867
0072,19:40,1180,-1867
0072,19:45,1185,-1867
0072,19:50,1190,-1867
0072,19:55,1195,-1867
0072,20:00,1200,-1867
0072,20:05,1205,-1867
0072,20:10,1210,-1867
0072,20:15,1215,-1867
0072,20:20,1220,-1867
0072,20:25,1225,-1867
0072,20:30,1230,-2133
0072,20:35,1235,-2133
0072,20:40,1240,-2133
0072,20:45,1245,-2133
0072,20:50,1250,-2133
0072,20:55,1255,-2133
0072,21:00,1260,-2133
0072,21:05,1265,-2133
0072,21:10,1270,-2133
0072,21:15,1275,-2133
0072,21:20,1280,-2133
0072,21:25,1285,-2133
0072,21:30,1290,-2133
0072,21:35,1295,-2133
0072,21:40,1300,-2133
0072,21:45,1305,-2133
0072,21:50,1310,-2133
0072,21:55,1315,-2133
0072,22:00,1320,-2133
0072,22:05,1325,-2133
0072,22:10,1330,-2133
0072,22:15,1335,-2133
0072,22:20,1340,-2133
0072,22:25,1345,-2133
0072,22:30,1350,-2133
0072,22:35,1355,-2133
0072,22:40,1360,-2133
0072,22:45,1365,-2133
0072,22:50,1370,-2133
0072,22:55,1375,-2133
0072,23:00,1380,-2133
0072,23:05,1385,-2133
0072,23:10,1390,-2133
0072,23:15,1395,-2133
0072,23:16,1396,-2133
0072,23:20,1400,-2133
0073,09:00,540,0
0073,09:05,545,0
0073,09:10,550,0
0073,09:15,555,0
0073,09:20,560,0
0073,09:25,565,0
0073,09:30,570,0
0073,09:35,575,0
0073,09:40,580,0
0073,09:45,585,0
0073,09:50,590,0
0073,09:55,595,0
0073,10:00,600,0
0073,10:05,605,0
0073,10:10,610,0
0073,10:15,615,0
0073,10:20,620,0
0073,10:25,625,0
0073,10:30,630,0
0073,10:35,635,0
0073,10:40,640,0
0073,10:45,645,0
0073,10:50,650,0
0073,10:55,655,0
0073,11:00,660,0
0073,11:05,665,0
0073,11:10,670,0
0073,11:15,675,0
0073,11:20,680,0
0073,11:25,685,0
0073,11:30,690,0
0073,11:35,695,0
0073,11:40,700,0
0073,11:45,705,0
0073,11:50,710,0
0073,11:55,715,0
0073,12:00,720,0
0073,12:05,725,0
0073,12:10,730,0
0073,12:15,735,0
0073,12:20,740,0
0073,12:25,745,0
0073,12:30,750,3966
0073,12:35,755,3966
0073,12:40,760,3966
0073,12:45,765,3966
0073,12:50,770,2586
0073,12:55,775,2586
0073,13:00,780,2586
0073,13:05,785,1293
0073,13:10,790,1293
0073,13:15,795,1293
0073,13:20,800,1293
0073,13:25,805,-444
0073,13:30,810,-444
0073,13:35,815,-444
0073,13:40,820,-444
0073,13:45,825,-444
0073,13:50,830,-533
0073,13:55,835,-533
0073,14:00,840,-533
0073,14:05,845,-533
0073,14:10,850,5517
0073,14:15,855,5517
0073,14:20,860,5517
0073,14:25,865,5517
0073,14:30,870,6724
0073,14:35,875,6724
0073,14:40,880,6724
0073,14:45,885,9397
0073,14:50,890,9397
0073,14:55,895,9397
0073,15:00,900,9397
0073,15:05,905,9397
0073,15:10,910,8276
0073,15:15,915,8276
0073,15:20,920,8276
0073,15:25,925,8276
0073,15:30,930,6552
0073,15:35,935,6552
0073,15:40,940,6552
0073,15:45,945,8534
0073,15:50,950,8534
0073,15:55,955,8534
0073,16:00,960,8534
0073,16:05,965,8534
0073,16:10,970,7328
0073,16:15,975,7328
0073,16:20,980,7328
0073,16:25,985,7328
0073,16:30,990,6207
0073,16:35,995,6207
0073,16:40,1000,6207
0073,16:45,1005,6207
0073,16:50,1010,5086
0073,16:55,1015,5086
0073,17:00,1020,5086
0073,17:05,1025,4483
0073,17:10,1030,4483
0073,17:15,1035,4483
0073,17:20,1040,4483
0073,17:25,1045,4483
0073,17:30,1050,3362
0073,17:35,1055,3362
0073,17:40,1060,3362
0073,17:45,1065,3362
0073,17:50,1070,2241
0073,17:55,1075,2241
0073,18:00,1080,2241
0073,18:05,1085,2241
0073,18:10,1090,1552
0073,18:15,1095,1552
0073,18:20,1100,1552
0073,18:25,1105,431
0073,18:30,1110,431
0073,18:35,1115,431
0073,18:40,1120,431
0073,18:45,1125,431
0073,18:50,1130,345
0073,18:55,1135,345
0073,19:00,1140,345
0073,19:05,1145,345
0073,19:10,1150,345
0073,19:15,1155,345
0073,19:20,1160,345
0073,19:25,1165,86
0073,19:30,1170,86
0073,19:35,1175,86
0073,19:40,1180,86
0073,19:45,1185,86
0073,19:50,1190,86
0073,19:55,1195,86
0073,20:00,1200,86
0073,20:05,1205,86
0073,20:10,1210,86
0073,20:15,1215,86
0073,20:20,1220,86
0073,20:25,1225,86
0073,20:30,1230,-533
0073,20:35,1235,-533
0073,20:40,1240,-533
0073,20:45,1245,-533
0073,20:50,1250,-533
0073,20:55,1255,-533
0073,21:00,1260,-533
0073,21:05,1265,-533
0073,21:10,1270,-533
0073,21:15,1275,-533
0073,21:20,1280,-533
0073,21:25,1285,-533
0073,21:30,1290,-2133
0073,21:35,1295,-2133
0073,21:40,1300,-2133
0073,21:45,1305,603
0073,21:50,1310,603
0073,21:55,1315,603
0073,22:00,1320,603
0073,22:05,1325,603
0073,22:10,1330,603
0073,22:15,1335,603
0073,22:20,1340,603
0073,22:25,1345,603
0073,22:30,1350,603
0073,22:35,1355,603
0073,22:40,1360,603
0073,22:45,1365,603
0073,22:50,1370,603
0073,22:55,1375,603
0073,23:00,1380,603
0073,23:05,1385,603
0073,23:10,1390,603
0073,23:15,1395,603
0073,23:16,1396,603
0073,23:20,1400,603
0074,09:00,540,0
0074,09:05,545,0
0074,09:10,550,0
0074,09:15,555,0
0074,09:20,560,0
0074,09:25,565,0
0074,09:30,570,0
0074,09:35,575,0
0074,09:40,580,0
0074,09:45,585,0
0074,09:50,590,0
0074,09:55,595,0
0074,10:00,600,0
0074,10:05,605,0
0074,10:10,610,0
0074,10:15,615,0
0074,10:20,620,0
0074,10:25,625,0
0074,10:30,630,0
0074,10:35,635,0
0074,10:40,640,0
0074,10:45,645,0
0074,10:50,650,0
0074,10:55,655,0
0074,11:00,660,0
0074,11:05,665,0
0074,11:10,670,-356
0074,11:15,675,-356
0074,11:20,680,-356
0074,11:25,685,-356
0074,11:30,690,-356
0074,11:35,695,-356
0074,11:40,700,-356
0074,11:45,705,-711
0074,11:50,710,-711
0074,11:55,715,-711
0074,12:00,720,-711
0074,12:05,725,-1956
0074,12:10,730,-1956
0074,12:15,735,-1956
0074,12:20,740,-1956
0074,12:25,745,-1956
0074,12:30,750,-3022
0074,12:35,755,-3022
0074,12:40,760,-3022
0074,12:45,765,-3022
0074,12:50,770,-4622
0074,12:55,775,-4622
0074,13:00,780,-4622
0074,13:05,785,-5867
0074,13:10,790,-5867
0074,13:15,795,-5867
0074,13:20,800,-5867
0074,13:25,805,-5689
0074,13:30,810,-5689
0074,13:35,815,-5689
0074,13:40,820,-5689
0074,13:45,825,-5689
0074,13:50,830,-6933
0074,13:55,835,-6933
0074,14:00,840,-6933
0074,14:05,845,-6933
0074,14:10,850,-7111
0074,14:15,855,-7111
0074,14:20,860,-7111
0074,14:25,865,-7111
0074,14:30,870,-8000
0074,14:35,875,-8000
0074,14:40,880,-8000
0074,14:45,885,-9067
0074,14:50,890,-9067
0074,14:55,895,-9067
0074,15:00,900,-9067
0074,15:05,905,-9067
0074,15:10,910,-9600
0074,15:15,915,-9600
0074,15:20,920,-9600
0074,15:25,925,-9600
0074,15:30,930,-10667
0074,15:35,935,-10667
0074,15:40,940,-10667
0074,15:45,945,-11733
0074,15:50,950,-11733
0074,15:55,955,-11733
0074,16:00,960,-11733
0074,16:05,965,-11733
0074,16:10,970,-12800
0074,16:15,975,-12800
0074,16:20,980,-12800
0074,16:25,985,-12800
0074,16:30,990,-13511
0074,16:35,995,-13511
0074,16:40,1000,-13511
0074,16:45,1005,-13511
0074,16:50,1010,-14578
0074,16:55,1015,-14578
0074,17:00,1020,-14578
0074,17:05,1025,-14756
0074,17:10,1030,-14756
0074,17:15,1035,-14756
0074,17:20,1040,-14756
0074,17:25,1045,-14756
0074,17:30,1050,-14933
0074,17:35,1055,-14933
0074,17:40,1060,-14933
0074,17:45,1065,-14933
0074,17:50,1070,-13156
0074,17:55,1075,-13156
0074,18:00,1080,-13156
0074,18:05,1085,-13156
0074,18:10,1090,-14578
0074,18:15,1095,-14578
0074,18:20,1100,-14578
0074,18:25,1105,-15467
0074,18:30,1110,-15467
0074,18:35,1115,-15467
0074,18:40,1120,-15467
0074,18:45,1125,-15467
0074,18:50,1130,-16178
0074,18:55,1135,-16178
0074,19:00,1140,-16178
0074,19:05,1145,-16178
0074,19:10,1150,-16178
0074,19:15,1155,-16178
0074,19:20,1160,-16178
0074,19:25,1165,-17244
0074,19:30,1170,-17244
0074,19:35,1175,-17244
0074,19:40,1180,-17244
0074,19:45,1185,-17778
0074,19:50,1190,-17778
0074,19:55,1195,-17778
0074,20:00,1200,-17778
0074,20:05,1205,-17778
0074,20:10,1210,-17778
0074,20:15,1215,-17778
0074,20:20,1220,-17778
0074,20:25,1225,-17778
0074,20:30,1230,-17778
0074,20:35,1235,-17778
0074,20:40,1240,-17778
0074,20:45,1245,-17778
0074,20:50,1250,-17778
0074,20:55,1255,-17778
0074,21:00,1260,-17778
0074,21:05,1265,-17778
0074,21:10,1270,-17778
0074,21:15,1275,-17778
0074,21:20,1280,-17778
0074,21:25,1285,-17778
0074,21:30,1290,-17778
0074,21:35,1295,-17778
0074,21:40,1300,-17778
0074,21:45,1305,-17778
0074,21:50,1310,-17778
0074,21:55,1315,-17778
0074,22:00,1320,-17778
0074,22:05,1325,-17778
0074,22:10,1330,-17778
0074,22:15,1335,-17778
0074,22:20,1340,-17778
0074,22:25,1345,-17778
0074,22:30,1350,-17778
0074,22:35,1355,-17778
0074,22:40,1360,-17778
0074,22:45,1365,-17778
0074,22:50,1370,-17778
0074,22:55,1375,-17778
0074,23:00,1380,-17778
0074,23:05,1385,-17778
0074,23:10,1390,-17778
0074,23:15,1395,-17778
0074,23:16,1396,-17778
0074,23:20,1400,-17778
0075,09:00,540,0
0075,09:05,545,0
0075,09:10,550,0
0075,09:15,555,0
0075,09:20,560,0
0075,09:25,565,0
0075,09:30,570,0
0075,09:35,575,0
0075,09:40,580,0
0075,09:45,585,0
0075,09:50,590,0
0075,09:55,595,0
0075,10:00,600,0
0075,10:05,605,0
0075,10:10,610,0
0075,10:15,615,0
0075,10:20,620,0
0075,10:25,625,0
0075,10:30,630,0
0075,10:35,635,0
0075,10:40,640,0
0075,10:45,645,0
0075,10:50,650,0
0075,10:55,655,0
0075,11:00,660,0
0075,11:05,665,0
0075,11:10,670,0
0075,11:15,675,0
0075,11:20,680,0
0075,11:25,685,0
0075,11:30,690,0
0075,11:35,695,0
0075,11:40,700,0
0075,11:45,705,0
0075,11:50,710,0
0075,11:55,715,0
0075,12:00,720,0
0075,12:05,725,0
0075,12:10,730,0
0075,12:15,735,0
0075,12:20,740,0
0075,12:25,745,0
0075,12:30,750,0
0075,12:35,755,0
0075,12:40,760,0
0075,12:45,765,0
0075,12:50,770,0
0075,12:55,775,0
0075,13:00,780,0
0075,13:05,785,0
0075,13:10,790,0
0075,13:15,795,0
0075,13:20,800,0
0075,13:25,805,0
0075,13:30,810,0
0075,13:35,815,0
0075,13:40,820,0
0075,13:45,825,0
0075,13:50,830,-255
0075,13:55,835,-255
0075,14:00,840,-255
0075,14:05,845,-255
0075,14:10,850,-255
0075,14:15,855,-255
0075,14:20,860,-255
0075,14:25,865,-255
0075,14:30,870,-766
0075,14:35,875,-766
0075,14:40,880,-766
0075,14:45,885,2727
0075,14:50,890,2727
0075,14:55,895,2727
0075,15:00,900,2727
0075,15:05,905,2727
0075,15:10,910,1736
0075,15:15,915,1736
0075,15:20,920,1736
0075,15:25,925,1736
0075,15:30,930,248
0075,15:35,935,248
0075,15:40,940,248
0075,15:45,945,-1277
0075,15:50,950,-1277
0075,15:55,955,-1277
0075,16:00,960,-1277
0075,16:05,965,-1277
0075,16:10,970,-2553
0075,16:15,975,-2553
0075,16:20,980,-2553
0075,16:25,985,-2553
0075,16:30,990,-3574
0075,16:35,995,-3574
0075,16:40,1000,-3574
0075,16:45,1005,-3574
0075,16:50,1010,-2553
0075,16:55,1015,-2553
0075,17:00,1020,-2553
0075,17:05,1025,-3574
0075,17:10,1030,-3574
0075,17:15,1035,-3574
0075,17:20,1040,-3574
0075,17:25,1045,-3574
0075,17:30,1050,0
0075,17:35,1055,0
0075,17:40,1060,0
0075,17:45,1065,0
0075,17:50,1070,5455
0075,17:55,1075,5455
0075,18:00,1080,5455
0075,18:05,1085,5455
0075,18:10,1090,9421
0075,18:15,1095,9421
0075,18:20,1100,9421
0075,18:25,1105,11405
0075,18:30,1110,11405
0075,18:35,1115,11405
0075,18:40,1120,11405
0075,18:45,1125,11405
0075,18:50,1130,13884
0075,18:55,1135,13884
0075,19:00,1140,13884
0075,19:05,1145,13884
0075,19:10,1150,13388
0075,19:15,1155,13388
0075,19:20,1160,13388
0075,19:25,1165,12397
0075,19:30,1170,12397
0075,19:35,1175,12397
0075,19:40,1180,12397
0075,19:45,1185,14628
0075,19:50,1190,14628
0075,19:55,1195,14628
0075,20:00,1200,14628
0075,20:05,1205,14628
0075,20:10,1210,17851
0075,20:15,1215,17851
0075,20:20,1220,17851
0075,20:25,1225,17851
0075,20:30,1230,21074
0075,20:35,1235,21074
0075,20:40,1240,21074
0075,20:45,1245,19835
0075,20:50,1250,19835
0075,20:55,1255,19835
0075,21:00,1260,19835
0075,21:05,1265,19835
0075,21:10,1270,19339
0075,21:15,1275,19339
0075,21:20,1280,19339
0075,21:25,1285,19339
0075,21:30,1290,19339
0075,21:35,1295,19339
0075,21:40,1300,19339
0075,21:45,1305,19339
0075,21:50,1310,19339
0075,21:55,1315,19339
0075,22:00,1320,19339
0075,22:05,1325,19339
0075,22:10,1330,19339
0075,22:15,1335,19339
0075,22:20,1340,19339
0075,22:25,1345,19339
0075,22:30,1350,19339
0075,22:35,1355,19339
0075,22:40,1360,19339
0075,22:45,1365,19339
0075,22:50,1370,19339
0075,22:55,1375,19339
0075,23:00,1380,19339
0075,23:05,1385,19339
0075,23:10,1390,19339
0075,23:15,1395,19339
0075,23:16,1396,19339
0075,23:20,1400,19339
0076,09:00,540,0
0076,09:05,545,0
0076,09:10,550,0
0076,09:15,555,0
0076,09:20,560,0
0076,09:25,565,0
0076,09:30,570,0
0076,09:35,575,0
0076,09:40,580,0
0076,09:45,585,0
0076,09:50,590,0
0076,09:55,595,0
0076,10:00,600,0
0076,10:05,605,0
0076,10:10,610,0
0076,10:15,615,0
0076,10:20,620,0
0076,10:25,625,-1021
0076,10:30,630,-1021
0076,10:35,635,-1021
0076,10:40,640,-2043
0076,10:45,645,-2043
0076,10:50,650,-2043
0076,10:55,655,-2043
0076,11:00,660,-2809
0076,11:05,665,-2809
0076,11:10,670,-2809
0076,11:15,675,-2809
0076,11:20,680,-2809
0076,11:25,685,-2809
0076,11:30,690,-3830
0076,11:35,695,-3830
0076,11:40,700,-3830
0076,11:45,705,-3830
0076,11:50,710,-3830
0076,11:55,715,-3830
0076,12:00,720,-3830
0076,12:05,725,-3830
0076,12:10,730,-3830
0076,12:15,735,-3830
0076,12:20,740,-3830
0076,12:25,745,-3830
0076,12:30,750,-4085
0076,12:35,755,-4085
0076,12:40,760,-4085
0076,12:45,765,-4085
0076,12:50,770,-4340
0076,12:55,775,-4340
0076,13:00,780,-4340
0076,13:05,785,-1532
0076,13:10,790,-1532
0076,13:15,795,-1532
0076,13:20,800,-1532
0076,13:25,805,2231
0076,13:30,810,2231
0076,13:35,815,2231
0076,13:40,820,2231
0076,13:45,825,2231
0076,13:50,830,3471
0076,13:55,835,3471
0076,14:00,840,3471
0076,14:05,845,3471
0076,14:10,850,2479
0076,14:15,855,2479
0076,14:20,860,2479
0076,14:25,865,2479
0076,14:30,870,1736
0076,14:35,875,1736
0076,14:40,880,1736
0076,14:45,885,496
0076,14:50,890,496
0076,14:55,895,496
0076,15:00,900,496
0076,15:05,905,496
0076,15:10,910,-511
0076,15:15,915,-511
0076,15:20,920,-511
0076,15:25,925,-511
0076,15:30,930,1240
0076,15:35,935,1240
0076,15:40,940,1240
0076,15:45,945,-255
0076,15:50,950,-255
0076,15:55,955,-255
0076,16:00,960,-255
0076,16:05,965,-255
0076,16:10,970,1983
0076,16:15,975,1983
0076,16:20,980,1983
0076,16:25,985,1983
0076,16:30,990,2231
0076,16:35,995,2231
0076,16:40,1000,2231
0076,16:45,1005,2231
0076,16:50,1010,8678
0076,16:55,1015,8678
0076,17:00,1020,8678
0076,17:05,1025,11157
0076,17:10,1030,11157
0076,17:15,1035,11157
0076,17:20,1040,11157
0076,17:25,1045,11157
0076,17:30,1050,11405
0076,17:35,1055,11405
0076,17:40,1060,11405
0076,17:45,1065,11405
0076,17:50,1070,11901
0076,17:55,1075,11901
0076,18:00,1080,11901
0076,18:05,1085,11901
0076,18:10,1090,16612
0076,18:15,1095,16612
0076,18:20,1100,16612
0076,18:25,1105,17355
0076,18:30,1110,17355
0076,18:35,1115,17355
0076,18:40,1120,17355
0076,18:45,1125,17355
0076,18:50,1130,22314
0076,18:55,1135,22314
0076,19:00,1140,22314
0076,19:05,1145,22314
0076,19:10,1150,21074
0076,19:15,1155,21074
0076,19:20,1160,21074
0076,19:25,1165,22066
0076,19:30,1170,22066
0076,19:35,1175,22066
0076,19:40,1180,22066
0076,19:45,1185,20826
0076,19:50,1190,20826
0076,19:55,1195,20826
0076,20:00,1200,20826
0076,20:05,1205,20826
0076,20:10,1210,20083
0076,20:15,1215,20083
0076,20:20,1220,20083
0076,20:25,1225,20083
0076,20:30,1230,20083
0076,20:35,1235,20083
0076,20:40,1240,20083
0076,20:45,1245,19339
0076,20:50,1250,19339
0076,20:55,1255,19339
0076,21:00,1260,19339
0076,21:05,1265,19339
0076,21:10,1270,20331
0076,21:15,1275,20331
0076,21:20,1280,20331
0076,21:25,1285,20331
0076,21:30,1290,20331
0076,21:35,1295,20331
0076,21:40,1300,20331
0076,21:45,1305,20331
0076,21:50,1310,20331
0076,21:55,1315,20331
0076,22:00,1320,20331
0076,22:05,1325,20331
0076,22:10,1330,20331
0076,22:15,1335,20331
0076,22:20,1340,20331
0076,22:25,1345,20331
0076,22:30,1350,20331
0076,22:35,1355,20331
0076,22:40,1360,20331
0076,22:45,1365,20331
0076,22:50,1370,20331
0076,22:55,1375,20331
0076,23:00,1380,20331
0076,23:05,1385,20331
0076,23:10,1390,20331
0076,23:15,1395,20331
0076,23:16,1396,20331
0076,23:20,1400,20331
0077,09:00,540,0
0077,09:05,545,0
0077,09:10,550,0
0077,09:15,555,0
0077,09:20,560,0
0077,09:25,565,0
0077,09:30,570,0
0077,09:35,575,0
0077,09:40,580,0
0077,09:45,585,0
0077,09:50,590,0
0077,09:55,595,0
0077,10:00,600,0
0077,10:05,605,0
0077,10:10,610,0
0077,10:15,615,0
0077,10:20,620,0
0077,10:25,625,0
0077,10:30,630,0
0077,10:35,635,0
0077,10:40,640,-178
0077,10:45,645,-178
0077,10:50,650,-178
0077,10:55,655,-178
0077,11:00,660,-444
0077,11:05,665,-444
0077,11:10,670,-800
0077,11:15,675,-800
0077,11:20,680,-800
0077,11:25,685,-800
0077,11:30,690,-1600
0077,11:35,695,-1600
0077,11:40,700,-1600
0077,11:45,705,-2844
0077,11:50,710,-2844
0077,11:55,715,-2844
0077,12:00,720,-2844
0077,12:05,725,-3467
0077,12:10,730,-3467
0077,12:15,735,-3467
0077,12:20,740,-3467
0077,12:25,745,-3467
0077,12:30,750,-1956
0077,12:35,755,-1956
0077,12:40,760,-1956
0077,12:45,765,-1956
0077,12:50,770,1983
0077,12:55,775,1983
0077,13:00,780,1983
0077,13:05,785,2759
0077,13:10,790,2759
0077,13:15,795,2759
0077,13:20,800,2759
0077,13:25,805,1121
0077,13:30,810,1121
0077,13:35,815,1121
0077,13:40,820,1121
0077,13:45,825,1121
0077,13:50,830,-178
0077,13:55,835,-178
0077,14:00,840,-178
0077,14:05,845,-178
0077,14:10,850,-533
0077,14:15,855,-533
0077,14:20,860,-533
0077,14:25,865,-533
0077,14:30,870,-1244
0077,14:35,875,-1244
0077,14:40,880,-1244
0077,14:45,885,-1244
0077,14:50,890,-1244
0077,14:55,895,-1244
0077,15:00,900,-1244
0077,15:05,905,-1244
0077,15:10,910,-1333
0077,15:15,915,-1333
0077,15:20,920,-1333
0077,15:25,925,-1333
0077,15:30,930,-2400
0077,15:35,935,-2400
0077,15:40,940,-2400
0077,15:45,945,-3467
0077,15:50,950,-3467
0077,15:55,955,-3467
0077,16:00,960,-3467
0077,16:05,965,-3467
0077,16:10,970,-4000
0077,16:15,975,-4000
0077,16:20,980,-4000
0077,16:25,985,-4000
0077,16:30,990,-4178
0077,16:35,995,-4178
0077,16:40,1000,-4178
0077,16:45,1005,-4178
0077,16:50,1010,-4178
0077,16:55,1015,-4178
0077,17:00,1020,-4178
0077,17:05,1025,-4178
0077,17:10,1030,-4178
0077,17:15,1035,-4178
0077,17:20,1040,-4178
0077,17:25,1045,-4178
0077,17:30,1050,-4178
0077,17:35,1055,-4178
0077,17:40,1060,-4178
0077,17:45,1065,-4178
0077,17:50,1070,0
0077,17:55,1075,0
0077,18:00,1080,0
0077,18:05,1085,0
0077,18:10,1090,5431
0077,18:15,1095,5431
0077,18:20,1100,5431
0077,18:25,1105,4741
0077,18:30,1110,4741
0077,18:35,1115,4741
0077,18:40,1120,4741
0077,18:45,1125,4741
0077,18:50,1130,3448
0077,18:55,1135,3448
0077,19:00,1140,3448
0077,19:05,1145,3448
0077,19:10,1150,3793
0077,19:15,1155,3793
0077,19:20,1160,3793
0077,19:25,1165,4310
0077,19:30,1170,4310
0077,19:35,1175,4310
0077,19:40,1180,4310
0077,19:45,1185,2759
0077,19:50,1190,2759
0077,19:55,1195,2759
0077,20:00,1200,2759
0077,20:05,1205,2759
0077,20:10,1210,1897
0077,20:15,1215,1897
0077,20:20,1220,1897
0077,20:25,1225,1897
0077,20:30,1230,259
0077,20:35,1235,259
0077,20:40,1240,259
0077,20:45,1245,3793
0077,20:50,1250,3793
0077,20:55,1255,3793
0077,21:00,1260,3793
0077,21:05,1265,3793
0077,21:10,1270,3793
0077,21:15,1275,3793
0077,21:20,1280,3793
0077,21:25,1285,3793
0077,21:30,1290,3362
0077,21:35,1295,3362
0077,21:40,1300,3362
0077,21:45,1305,8793
0077,21:50,1310,8793
0077,21:55,1315,8793
0077,22:00,1320,8793
0077,22:05,1325,9655
0077,22:10,1330,9655
0077,22:15,1335,9655
0077,22:20,1340,9655
0077,22:25,1345,9655
0077,22:30,1350,9655
0077,22:35,1355,9655
0077,22:40,1360,9655
0077,22:45,1365,9655
0077,22:50,1370,9655
0077,22:55,1375,9655
0077,23:00,1380,9655
0077,23:05,1385,9655
0077,23:10,1390,9655
0077,23:15,1395,9655
0077,23:16,1396,9655
0077,23:20,1400,9655
