machine,time,minute,value
0039,09:00,540,0
0039,09:05,545,0
0039,09:10,550,0
0039,09:15,555,0
0039,09:20,560,0
0039,09:25,565,0
0039,09:30,570,0
0039,09:35,575,0
0039,09:40,580,0
0039,09:45,585,0
0039,09:50,590,0
0039,09:55,595,0
0039,10:00,600,0
0039,10:05,605,0
0039,10:10,610,0
0039,10:15,615,0
0039,10:20,620,0
0039,10:25,625,0
0039,10:30,630,0
0039,10:35,635,0
0039,10:40,640,0
0039,10:45,645,0
0039,10:50,650,0
0039,10:55,655,0
0039,11:00,660,-889
0039,11:05,665,-889
0039,11:10,670,-1244
0039,11:15,675,-1244
0039,11:20,680,-1244
0039,11:25,685,-1244
0039,11:30,690,-2667
0039,11:35,695,-2667
0039,11:40,700,-2667
0039,11:45,705,-3022
0039,11:50,710,-3022
0039,11:55,715,-3022
0039,12:00,720,-3022
0039,12:05,725,-3022
0039,12:10,730,-3022
0039,12:15,735,-3022
0039,12:20,740,-3022
0039,12:25,745,-3022
0039,12:30,750,-4444
0039,12:35,755,-4444
0039,12:40,760,-4444
0039,12:45,765,-4444
0039,12:50,770,-5689
0039,12:55,775,-5689
0039,13:00,780,-5689
0039,13:05,785,-6756
0039,13:10,790,-6756
0039,13:15,795,-6756
0039,13:20,800,-6756
0039,13:25,805,-5867
0039,13:30,810,-5867
0039,13:35,815,-5867
0039,13:40,820,-5867
0039,13:45,825,-5867
0039,13:50,830,-3911
0039,13:55,835,-3911
0039,14:00,840,-3911
0039,14:05,845,-3911
0039,14:10,850,-5156
0039,14:15,855,-5156
0039,14:20,860,-5156
0039,14:25,865,-5156
0039,14:30,870,-6044
0039,14:35,875,-6044
0039,14:40,880,-6044
0039,14:45,885,-7289
0039,14:50,890,-7289
0039,14:55,895,-7289
0039,15:00,900,-7289
0039,15:05,905,-7289
0039,15:10,910,-8356
0039,15:15,915,-8356
0039,15:20,920,-8356
0039,15:25,925,-8356
0039,15:30,930,-9778
0039,15:35,935,-9778
0039,15:40,940,-9778
0039,15:45,945,-11022
0039,15:50,950,-11022
0039,15:55,955,-11022
0039,16:00,960,-11022
0039,16:05,965,-11022
0039,16:10,970,-12267
0039,16:15,975,-12267
0039,16:20,980,-12267
0039,16:25,985,-12267
0039,16:30,990,-11911
0039,16:35,995,-11911
0039,16:40,1000,-11911
0039,16:45,1005,-11911
0039,16:50,1010,-4978
0039,16:55,1015,-4978
0039,17:00,1020,-4978
0039,17:05,1025,-5689
0039,17:10,1030,-5689
0039,17:15,1035,-5689
0039,17:20,1040,-5689
0039,17:25,1045,-5689
0039,17:30,1050,-6222
0039,17:35,1055,-6222
0039,17:40,1060,-6222
0039,17:45,1065,-6222
0039,17:50,1070,-6933
0039,17:55,1075,-6933
0039,18:00,1080,-6933
0039,18:05,1085,-6933
0039,18:10,1090,-7467
0039,18:15,1095,-7467
0039,18:20,1100,-7467
0039,18:25,1105,-8178
0039,18:30,1110,-8178
0039,18:35,1115,-8178
0039,18:40,1120,-8178
0039,18:45,1125,-8178
0039,18:50,1130,-8178
0039,18:55,1135,-8178
0039,19:00,1140,-8178
0039,19:05,1145,-8178
0039,19:10,1150,-8178
0039,19:15,1155,-8178
0039,19:20,1160,-8178
0039,19:25,1165,-8711
0039,19:30,1170,-8711
0039,19:35,1175,-8711
0039,19:40,1180,-8711
0039,19:45,1185,-8178
0039,19:50,1190,-8178
0039,19:55,1195,-8178
0039,20:00,1200,-8178
0039,20:05,1205,-8178
0039,20:10,1210,-8356
0039,20:15,1215,-8356
0039,20:20,1220,-8356
0039,20:25,1225,-8356
0039,20:30,1230,-8356
0039,20:35,1235,-8356
0039,20:40,1240,-8356
0039,20:45,1245,-8356
0039,20:50,1250,-8356
0039,20:55,1255,-8356
0039,21:00,1260,-8356
0039,21:05,1265,-8356
0039,21:10,1270,-8356
0039,21:15,1275,-8356
0039,21:20,1280,-8356
0039,21:25,1285,-8356
0039,21:30,1290,-8356
0039,21:35,1295,-8356
0039,21:40,1300,-8356
0039,21:45,1305,-8356
0039,21:50,1310,-8356
0039,21:55,1315,-8356
0039,22:00,1320,-8356
0039,22:05,1325,-8356
0039,22:10,1330,-8356
0039,22:15,1335,-8356
0039,22:20,1340,-8356
0039,22:25,1345,-8356
0039,22:30,1350,-8356
0039,22:35,1355,-8356
0039,22:40,1360,-8356
0039,22:45,1365,-8356
0039,22:50,1370,-8356
0039,22:55,1375,-8356
0039,23:00,1380,-8356
0039,23:05,1385,-8356
0039,23:10,1390,-8356
0039,23:15,1395,-8356
0039,23:16,1396,-8356
0039,23:20,1400,-8356
0040,09:00,540,0
0040,09:05,545,0
0040,09:10,550,0
0040,09:15,555,0
0040,09:20,560,0
0040,09:25,565,0
0040,09:30,570,0
0040,09:35,575,0
0040,09:40,580,0
0040,09:45,585,0
0040,09:50,590,0
0040,09:55,595,0
0040,10:00,600,0
0040,10:05,605,0
0040,10:10,610,0
0040,10:15,615,0
0040,10:20,620,0
0040,10:25,625,0
0040,10:30,630,0
0040,10:35,635,0
0040,10:40,640,0
0040,10:45,645,0
0040,10:50,650,0
0040,10:55,655,0
0040,11:00,660,0
0040,11:05,665,0
0040,11:10,670,0
0040,11:15,675,0
0040,11:20,680,0
0040,11:25,685,0
0040,11:30,690,-89
0040,11:35,695,-89
0040,11:40,700,-89
0040,11:45,705,-1333
0040,11:50,710,-1333
0040,11:55,715,-1333
0040,12:00,720,-1333
0040,12:05,725,-1600
0040,12:10,730,-1600
0040,12:15,735,-1600
0040,12:20,740,-1600
0040,12:25,745,-1600
0040,12:30,750,-2400
0040,12:35,755,-2400
0040,12:40,760,-2400
0040,12:45,765,-2400
0040,12:50,770,0
0040,12:55,775,0
0040,13:00,780,0
0040,13:05,785,-1244
0040,13:10,790,-1244
0040,13:15,795,-1244
0040,13:20,800,-1244
0040,13:25,805,-2489
0040,13:30,810,-2489
0040,13:35,815,-2489
0040,13:40,820,-2489
0040,13:45,825,-2489
0040,13:50,830,-2756
0040,13:55,835,-2756
0040,14:00,840,-2756
0040,14:05,845,-2756
0040,14:10,850,-3467
0040,14:15,855,-3467
0040,14:20,860,-3467
0040,14:25,865,-3467
0040,14:30,870,-3467
0040,14:35,875,-3467
0040,14:40,880,-3467
0040,14:45,885,-4178
0040,14:50,890,-4178
0040,14:55,895,-4178
0040,15:00,900,-4178
0040,15:05,905,-4178
0040,15:10,910,-5333
0040,15:15,915,-5333
0040,15:20,920,-5333
0040,15:25,925,-5333
0040,15:30,930,-6578
0040,15:35,935,-6578
0040,15:40,940,-6578
0040,15:45,945,-7111
0040,15:50,950,-7111
0040,15:55,955,-7111
0040,16:00,960,-7111
0040,16:05,965,-7111
0040,16:10,970,-8267
0040,16:15,975,-8267
0040,16:20,980,-8267
0040,16:25,985,-8267
0040,16:30,990,-3022
0040,16:35,995,-3022
0040,16:40,1000,-3022
0040,16:45,1005,-3022
0040,16:50,1010,-4000
0040,16:55,1015,-4000
0040,17:00,1020,-4000
0040,17:05,1025,-4711
0040,17:10,1030,-4711
0040,17:15,1035,-4711
0040,17:20,1040,-4711
0040,17:25,1045,-4711
0040,17:30,1050,-4622
0040,17:35,1055,-4622
0040,17:40,1060,-4622
0040,17:45,1065,-4622
0040,17:50,1070,-2311
0040,17:55,1075,-2311
0040,18:00,1080,-2311
0040,18:05,1085,-2311
0040,18:10,1090,-444
0040,18:15,1095,-444
0040,18:20,1100,-444
0040,18:25,1105,-711
0040,18:30,1110,-711
0040,18:35,1115,-711
0040,18:40,1120,-711
0040,18:45,1125,-711
0040,18:50,1130,-89
0040,18:55,1135,-89
0040,19:00,1140,-89
0040,19:05,1145,-89
0040,19:10,1150,-89
0040,19:15,1155,-89
0040,19:20,1160,-89
0040,19:25,1165,-89
0040,19:30,1170,-89
0040,19:35,1175,-89
0040,19:40,1180,-89
0040,19:45,1185,-89
0040,19:50,1190,-89
0040,19:55,1195,-89
0040,20:00,1200,-89
0040,20:05,1205,-89
0040,20:10,1210,-267
0040,20:15,1215,-267
0040,20:20,1220,-267
0040,20:25,1225,-267
0040,20:30,1230,-1067
0040,20:35,1235,-1067
0040,20:40,1240,-1067
0040,20:45,1245,-1067
0040,20:50,1250,-1067
0040,20:55,1255,-1067
0040,21:00,1260,-1067
0040,21:05,1265,-1067
0040,21:10,1270,-1067
0040,21:15,1275,-1067
0040,21:20,1280,-1067
0040,21:25,1285,-1067
0040,21:30,1290,-1067
0040,21:35,1295,-1067
0040,21:40,1300,-1067
0040,21:45,1305,-1067
0040,21:50,1310,-1067
0040,21:55,1315,-1067
0040,22:00,1320,-1067
0040,22:05,1325,-1067
0040,22:10,1330,-1067
0040,22:15,1335,-1067
0040,22:20,1340,-1067
0040,22:25,1345,-1067
0040,22:30,1350,-1067
0040,22:35,1355,-1067
0040,22:40,1360,-1067
0040,22:45,1365,-1067
0040,22:50,1370,-1067
0040,22:55,1375,-1067
0040,23:00,1380,-1067
0040,23:05,1385,-1067
0040,23:10,1390,-1067
0040,23:15,1395,-1067
0040,23:16,1396,-1067
0040,23:20,1400,-1067
0041,09:00,540,0
0041,09:05,545,0
0041,09:10,550,0
0041,09:15,555,0
0041,09:20,560,0
0041,09:25,565,0
0041,09:30,570,0
0041,09:35,575,0
0041,09:40,580,0
0041,09:45,585,0
0041,09:50,590,0
0041,09:55,595,0
0041,10:00,600,0
0041,10:05,605,0
0041,10:10,610,0
0041,10:15,615,0
0041,10:20,620,0
0041,10:25,625,0
0041,10:30,630,0
0041,10:35,635,0
0041,10:40,640,0
0041,10:45,645,0
0041,10:50,650,0
0041,10:55,655,0
0041,11:00,660,0
0041,11:05,665,0
0041,11:10,670,0
0041,11:15,675,0
0041,11:20,680,0
0041,11:25,685,0
0041,11:30,690,-533
0041,11:35,695,-533
0041,11:40,700,-533
0041,11:45,705,-533
0041,11:50,710,-533
0041,11:55,715,-533
0041,12:00,720,-533
0041,12:05,725,-533
0041,12:10,730,-533
0041,12:15,735,-533
0041,12:20,740,-533
0041,12:25,745,-533
0041,12:30,750,259
0041,12:35,755,259
0041,12:40,760,259
0041,12:45,765,259
0041,12:50,770,-800
0041,12:55,775,-800
0041,13:00,780,-800
0041,13:05,785,-1689
0041,13:10,790,-1689
0041,13:15,795,-1689
0041,13:20,800,-1689
0041,13:25,805,-3022
0041,13:30,810,-3022
0041,13:35,815,-3022
0041,13:40,820,-3022
0041,13:45,825,-3022
0041,13:50,830,-3022
0041,13:55,835,-3022
0041,14:00,840,-3022
0041,14:05,845,-3022
0041,14:10,850,-3289
0041,14:15,855,-3289
0041,14:20,860,-3289
0041,14:25,865,-3289
0041,14:30,870,-3289
0041,14:35,875,-3289
0041,14:40,880,-3289
0041,14:45,885,-3289
0041,14:50,890,-3289
0041,14:55,895,-3289
0041,15:00,900,-3289
0041,15:05,905,-3289
0041,15:10,910,-3289
0041,15:15,915,-3289
0041,15:20,920,-3289
0041,15:25,925,-3289
0041,15:30,930,-3289
0041,15:35,935,-3289
0041,15:40,940,-3289
0041,15:45,945,-4089
0041,15:50,950,-4089
0041,15:55,955,-4089
0041,16:00,960,-4089
0041,16:05,965,-4089
0041,16:10,970,-5333
0041,16:15,975,-5333
0041,16:20,980,-5333
0041,16:25,985,-5333
0041,16:30,990,-5956
0041,16:35,995,-5956
0041,16:40,1000,-5956
0041,16:45,1005,-5956
0041,16:50,1010,-5956
0041,16:55,1015,-5956
0041,17:00,1020,-5956
0041,17:05,1025,-5956
0041,17:10,1030,-5956
0041,17:15,1035,-5956
0041,17:20,1040,-5956
0041,17:25,1045,-5956
0041,17:30,1050,-5956
0041,17:35,1055,-5956
0041,17:40,1060,-5956
0041,17:45,1065,-5956
0041,17:50,1070,-5956
0041,17:55,1075,-5956
0041,18:00,1080,-5956
0041,18:05,1085,-5956
0041,18:10,1090,-5956
0041,18:15,1095,-5956
0041,18:20,1100,-5956
0041,18:25,1105,-5956
0041,18:30,1110,-5956
0041,18:35,1115,-5956
0041,18:40,1120,-5956
0041,18:45,1125,-5956
0041,18:50,1130,-5956
0041,18:55,1135,-5956
0041,19:00,1140,-5956
0041,19:05,1145,-5956
0041,19:10,1150,-5956
0041,19:15,1155,-5956
0041,19:20,1160,-5956
0041,19:25,1165,-5956
0041,19:30,1170,-5956
0041,19:35,1175,-5956
0041,19:40,1180,-5956
0041,19:45,1185,-5956
0041,19:50,1190,-5956
0041,19:55,1195,-5956
0041,20:00,1200,-5956
0041,20:05,1205,-5956
0041,20:10,1210,-5956
0041,20:15,1215,-5956
0041,20:20,1220,-5956
0041,20:25,1225,-5956
0041,20:30,1230,-5956
0041,20:35,1235,-5956
0041,20:40,1240,-5956
0041,20:45,1245,-5956
0041,20:50,1250,-5956
0041,20:55,1255,-5956
0041,21:00,1260,-5956
0041,21:05,1265,-5956
0041,21:10,1270,-5956
0041,21:15,1275,-5956
0041,21:20,1280,-5956
0041,21:25,1285,-5956
0041,21:30,1290,-5956
0041,21:35,1295,-5956
0041,21:40,1300,-5956
0041,21:45,1305,-5956
0041,21:50,1310,-5956
0041,21:55,1315,-5956
0041,22:00,1320,-5956
0041,22:05,1325,-5956
0041,22:10,1330,-5956
0041,22:15,1335,-5956
0041,22:20,1340,-5956
0041,22:25,1345,-5956
0041,22:30,1350,-5956
0041,22:35,1355,-5956
0041,22:40,1360,-5956
0041,22:45,1365,-5956
0041,22:50,1370,-5956
0041,22:55,1375,-5956
0041,23:00,1380,-5956
0041,23:05,1385,-5956
0041,23:10,1390,-5956
0041,23:15,1395,-5956
0041,23:16,1396,-5956
0041,23:20,1400,-5956
0042,09:00,540,0
0042,09:05,545,0
0042,09:10,550,0
0042,09:15,555,0
0042,09:20,560,0
0042,09:25,565,0
0042,09:30,570,0
0042,09:35,575,0
0042,09:40,580,0
0042,09:45,585,0
0042,09:50,590,0
0042,09:55,595,0
0042,10:00,600,0
0042,10:05,605,0
0042,10:10,610,0
0042,10:15,615,0
0042,10:20,620,0
0042,10:25,625,0
0042,10:30,630,0
0042,10:35,635,0
0042,10:40,640,0
0042,10:45,645,0
0042,10:50,650,0
0042,10:55,655,0
0042,11:00,660,0
0042,11:05,665,0
0042,11:10,670,0
0042,11:15,675,0
0042,11:20,680,0
0042,11:25,685,0
0042,11:30,690,-1156
0042,11:35,695,-1156
0042,11:40,700,-1156
0042,11:45,705,-1511
0042,11:50,710,-1511
0042,11:55,715,-1511
0042,12:00,720,-1511
0042,12:05,725,-1511
0042,12:10,730,-1511
0042,12:15,735,-1511
0042,12:20,740,-1511
0042,12:25,745,-1511
0042,12:30,750,-1511
0042,12:35,755,-1511
0042,12:40,760,-1511
0042,12:45,765,-1511
0042,12:50,770,-1778
0042,12:55,775,-1778
0042,13:00,780,-1778
0042,13:05,785,-2578
0042,13:10,790,-2578
0042,13:15,795,-2578
0042,13:20,800,-2578
0042,13:25,805,-2578
0042,13:30,810,-2578
0042,13:35,815,-2578
0042,13:40,820,-2578
0042,13:45,825,-2578
0042,13:50,830,-3378
0042,13:55,835,-3378
0042,14:00,840,-3378
0042,14:05,845,-3378
0042,14:10,850,-4711
0042,14:15,855,-4711
0042,14:20,860,-4711
0042,14:25,865,-4711
0042,14:30,870,-6222
0042,14:35,875,-6222
0042,14:40,880,-6222
0042,14:45,885,-6844
0042,14:50,890,-6844
0042,14:55,895,-6844
0042,15:00,900,-6844
0042,15:05,905,-6844
0042,15:10,910,-7378
0042,15:15,915,-7378
0042,15:20,920,-7378
0042,15:25,925,-7378
0042,15:30,930,-8356
0042,15:35,935,-8356
0042,15:40,940,-8356
0042,15:45,945,-4800
0042,15:50,950,-4800
0042,15:55,955,-4800
0042,16:00,960,-4800
0042,16:05,965,-4800
0042,16:10,970,-4444
0042,16:15,975,-4444
0042,16:20,980,-4444
0042,16:25,985,-4444
0042,16:30,990,-2133
0042,16:35,995,-2133
0042,16:40,1000,-2133
0042,16:45,1005,-2133
0042,16:50,1010,-622
0042,16:55,1015,-622
0042,17:00,1020,-622
0042,17:05,1025,-267
0042,17:10,1030,-267
0042,17:15,1035,-267
0042,17:20,1040,-267
0042,17:25,1045,-267
0042,17:30,1050,-267
0042,17:35,1055,-267
0042,17:40,1060,-267
0042,17:45,1065,-267
0042,17:50,1070,-267
0042,17:55,1075,-267
0042,18:00,1080,-267
0042,18:05,1085,-267
0042,18:10,1090,-267
0042,18:15,1095,-267
0042,18:20,1100,-267
0042,18:25,1105,-622
0042,18:30,1110,-622
0042,18:35,1115,-622
0042,18:40,1120,-622
0042,18:45,1125,-622
0042,18:50,1130,-622
0042,18:55,1135,-622
0042,19:00,1140,-622
0042,19:05,1145,-622
0042,19:10,1150,-622
0042,19:15,1155,-622
0042,19:20,1160,-622
0042,19:25,1165,-978
0042,19:30,1170,-978
0042,19:35,1175,-978
0042,19:40,1180,-978
0042,19:45,1185,-2311
0042,19:50,1190,-2311
0042,19:55,1195,-2311
0042,20:00,1200,-2311
0042,20:05,1205,-2311
0042,20:10,1210,-2667
0042,20:15,1215,-2667
0042,20:20,1220,-2667
0042,20:25,1225,-2667
0042,20:30,1230,-2667
0042,20:35,1235,-2667
0042,20:40,1240,-2667
0042,20:45,1245,-2667
0042,20:50,1250,-2667
0042,20:55,1255,-2667
0042,21:00,1260,-2667
0042,21:05,1265,-2667
0042,21:10,1270,-2667
0042,21:15,1275,-2667
0042,21:20,1280,-2667
0042,21:25,1285,-2667
0042,21:30,1290,-2667
0042,21:35,1295,-2667
0042,21:40,1300,-2667
0042,21:45,1305,-2667
0042,21:50,1310,-2667
0042,21:55,1315,-2667
0042,22:00,1320,-2667
0042,22:05,1325,-2667
0042,22:10,1330,-2667
0042,22:15,1335,-2667
0042,22:20,1340,-2667
0042,22:25,1345,-2667
0042,22:30,1350,-2667
0042,22:35,1355,-2667
0042,22:40,1360,-2667
0042,22:45,1365,-2667
0042,22:50,1370,-2667
0042,22:55,1375,-2667
0042,23:00,1380,-2667
0042,23:05,1385,-2667
0042,23:10,1390,-2667
0042,23:15,1395,-2667
0042,23:16,1396,-2667
0042,23:20,1400,-2667
0043,09:00,540,0
0043,09:05,545,0
0043,09:10,550,0
0043,09:15,555,0
0043,09:20,560,0
0043,09:25,565,0
0043,09:30,570,0
0043,09:35,575,0
0043,09:40,580,0
0043,09:45,585,0
0043,09:50,590,0
0043,09:55,595,0
0043,10:00,600,0
0043,10:05,605,0
0043,10:10,610,0
0043,10:15,615,0
0043,10:20,620,0
0043,10:25,625,0
0043,10:30,630,0
0043,10:35,635,0
0043,10:40,640,0
0043,10:45,645,0
0043,10:50,650,0
0043,10:55,655,0
0043,11:00,660,0
0043,11:05,665,0
0043,11:10,670,0
0043,11:15,675,0
0043,11:20,680,0
0043,11:25,685,0
0043,11:30,690,0
0043,11:35,695,0
0043,11:40,700,0
0043,11:45,705,0
0043,11:50,710,0
0043,11:55,715,0
0043,12:00,720,0
0043,12:05,725,0
0043,12:10,730,0
0043,12:15,735,0
0043,12:20,740,0
0043,12:25,745,0
0043,12:30,750,0
0043,12:35,755,0
0043,12:40,760,0
0043,12:45,765,0
0043,12:50,770,0
0043,12:55,775,0
0043,13:00,780,0
0043,13:05,785,0
0043,13:10,790,0
0043,13:15,795,0
0043,13:20,800,0
0043,13:25,805,0
0043,13:30,810,0
0043,13:35,815,0
0043,13:40,820,0
0043,13:45,825,0
0043,13:50,830,0
0043,13:55,835,0
0043,14:00,840,0
0043,14:05,845,0
0043,14:10,850,-89
0043,14:15,855,-89
0043,14:20,860,-89
0043,14:25,865,-89
0043,14:30,870,-711
0043,14:35,875,-711
0043,14:40,880,-711
0043,14:45,885,-711
0043,14:50,890,-711
0043,14:55,895,-711
0043,15:00,900,-711
0043,15:05,905,-711
0043,15:10,910,-978
0043,15:15,915,-978
0043,15:20,920,-978
0043,15:25,925,-978
0043,15:30,930,-2756
0043,15:35,935,-2756
0043,15:40,940,-2756
0043,15:45,945,-4089
0043,15:50,950,-4089
0043,15:55,955,-4089
0043,16:00,960,-4089
0043,16:05,965,-4089
0043,16:10,970,-4800
0043,16:15,975,-4800
0043,16:20,980,-4800
0043,16:25,985,-4800
0043,16:30,990,-5600
0043,16:35,995,-5600
0043,16:40,1000,-5600
0043,16:45,1005,-5600
0043,16:50,1010,-5600
0043,16:55,1015,-5600
0043,17:00,1020,-5600
0043,17:05,1025,-6933
0043,17:10,1030,-6933
0043,17:15,1035,-6933
0043,17:20,1040,-6933
0043,17:25,1045,-6933
0043,17:30,1050,-7289
0043,17:35,1055,-7289
0043,17:40,1060,-7289
0043,17:45,1065,-7289
0043,17:50,1070,-7289
0043,17:55,1075,-7289
0043,18:00,1080,-7289
0043,18:05,1085,-7289
0043,18:10,1090,-7289
0043,18:15,1095,-7289
0043,18:20,1100,-7289
0043,18:25,1105,-7289
0043,18:30,1110,-7289
0043,18:35,1115,-7289
0043,18:40,1120,-7289
0043,18:45,1125,-7289
0043,18:50,1130,-7289
0043,18:55,1135,-7289
0043,19:00,1140,-7289
0043,19:05,1145,-7289
0043,19:10,1150,-8533
0043,19:15,1155,-8533
0043,19:20,1160,-8533
0043,19:25,1165,-8622
0043,19:30,1170,-8622
0043,19:35,1175,-8622
0043,19:40,1180,-8622
0043,19:45,1185,-8622
0043,19:50,1190,-8622
0043,19:55,1195,-8622
0043,20:00,1200,-8622
0043,20:05,1205,-8622
0043,20:10,1210,-8622
0043,20:15,1215,-8622
0043,20:20,1220,-8622
0043,20:25,1225,-8622
0043,20:30,1230,-8622
0043,20:35,1235,-8622
0043,20:40,1240,-8622
0043,20:45,1245,-8622
0043,20:50,1250,-8622
0043,20:55,1255,-8622
0043,21:00,1260,-8622
0043,21:05,1265,-8622
0043,21:10,1270,-8622
0043,21:15,1275,-8622
0043,21:20,1280,-8622
0043,21:25,1285,-8622
0043,21:30,1290,-8622
0043,21:35,1295,-8622
0043,21:40,1300,-8622
0043,21:45,1305,-8622
0043,21:50,1310,-8622
0043,21:55,1315,-8622
0043,22:00,1320,-8622
0043,22:05,1325,-8622
0043,22:10,1330,-8622
0043,22:15,1335,-8622
0043,22:20,1340,-8622
0043,22:25,1345,-8622
0043,22:30,1350,-8622
0043,22:35,1355,-8622
0043,22:40,1360,-8622
0043,22:45,1365,-8622
0043,22:50,1370,-8622
0043,22:55,1375,-8622
0043,23:00,1380,-8622
0043,23:05,1385,-8622
0043,23:10,1390,-8622
0043,23:15,1395,-8622
0043,23:16,1396,-8622
0043,23:20,1400,-8622
0044,09:00,540,0
0044,09:05,545,0
0044,09:10,550,0
0044,09:15,555,0
0044,09:20,560,0
0044,09:25,565,0
0044,09:30,570,0
0044,09:35,575,0
0044,09:40,580,0
0044,09:45,585,0
0044,09:50,590,0
0044,09:55,595,0
0044,10:00,600,0
0044,10:05,605,0
0044,10:10,610,0
0044,10:15,615,0
0044,10:20,620,0
0044,10:25,625,-178
0044,10:30,630,-178
0044,10:35,635,-178
0044,10:40,640,1724
0044,10:45,645,1724
0044,10:50,650,1724
0044,10:55,655,1724
0044,11:00,660,862
0044,11:05,665,862
0044,11:10,670,345
0044,11:15,675,345
0044,11:20,680,345
0044,11:25,685,345
0044,11:30,690,5690
0044,11:35,695,5690
0044,11:40,700,5690
0044,11:45,705,5172
0044,11:50,710,5172
0044,11:55,715,5172
0044,12:00,720,5172
0044,12:05,725,3966
0044,12:10,730,3966
0044,12:15,735,3966
0044,12:20,740,3966
0044,12:25,745,3966
0044,12:30,750,2414
0044,12:35,755,2414
0044,12:40,760,2414
0044,12:45,765,2414
0044,12:50,770,1034
0044,12:55,775,1034
0044,13:00,780,1034
0044,13:05,785,345
0044,13:10,790,345
0044,13:15,795,345
0044,13:20,800,345
0044,13:25,805,345
0044,13:30,810,345
0044,13:35,815,345
0044,13:40,820,345
0044,13:45,825,345
0044,13:50,830,690
0044,13:55,835,690
0044,14:00,840,690
0044,14:05,845,690
0044,14:10,850,-533
0044,14:15,855,-533
0044,14:20,860,-533
0044,14:25,865,-533
0044,14:30,870,-2133
0044,14:35,875,-2133
0044,14:40,880,-2133
0044,14:45,885,-3733
0044,14:50,890,-3733
0044,14:55,895,-3733
0044,15:00,900,-3733
0044,15:05,905,-3733
0044,15:10,910,-4978
0044,15:15,915,-4978
0044,15:20,920,-4978
0044,15:25,925,-4978
0044,15:30,930,-4622
0044,15:35,935,-4622
0044,15:40,940,-4622
0044,15:45,945,-5689
0044,15:50,950,-5689
0044,15:55,955,-5689
0044,16:00,960,-5689
0044,16:05,965,-5689
0044,16:10,970,-4978
0044,16:15,975,-4978
0044,16:20,980,-4978
0044,16:25,985,-4978
0044,16:30,990,-6933
0044,16:35,995,-6933
0044,16:40,1000,-6933
0044,16:45,1005,-6933
0044,16:50,1010,-5689
0044,16:55,1015,-5689
0044,17:00,1020,-5689
0044,17:05,1025,-5689
0044,17:10,1030,-5689
0044,17:15,1035,-5689
0044,17:20,1040,-5689
0044,17:25,1045,-5689
0044,17:30,1050,-7289
0044,17:35,1055,-7289
0044,17:40,1060,-7289
0044,17:45,1065,-7289
0044,17:50,1070,-6933
0044,17:55,1075,-6933
0044,18:00,1080,-6933
0044,18:05,1085,-6933
0044,18:10,1090,-8356
0044,18:15,1095,-8356
0044,18:20,1100,-8356
0044,18:25,1105,-9600
0044,18:30,1110,-9600
0044,18:35,1115,-9600
0044,18:40,1120,-9600
0044,18:45,1125,-9600
0044,18:50,1130,-9600
0044,18:55,1135,-9600
0044,19:00,1140,-9600
0044,19:05,1145,-9600
0044,19:10,1150,-9600
0044,19:15,1155,-9600
0044,19:20,1160,-9600
0044,19:25,1165,-9600
0044,19:30,1170,-9600
0044,19:35,1175,-9600
0044,19:40,1180,-9600
0044,19:45,1185,-9600
0044,19:50,1190,-9600
0044,19:55,1195,-9600
0044,20:00,1200,-9600
0044,20:05,1205,-9600
0044,20:10,1210,-9600
0044,20:15,1215,-9600
0044,20:20,1220,-9600
0044,20:25,1225,-9600
0044,20:30,1230,-9600
0044,20:35,1235,-9600
0044,20:40,1240,-9600
0044,20:45,1245,-9600
0044,20:50,1250,-9600
0044,20:55,1255,-9600
0044,21:00,1260,-9600
0044,21:05,1265,-9600
0044,21:10,1270,-9600
0044,21:15,1275,-9600
0044,21:20,1280,-9600
0044,21:25,1285,-9600
0044,21:30,1290,-10311
0044,21:35,1295,-10311
0044,21:40,1300,-10311
0044,21:45,1305,-10489
0044,21:50,1310,-10489
0044,21:55,1315,-10489
0044,22:00,1320,-10489
0044,22:05,1325,-10489
0044,22:10,1330,-10489
0044,22:15,1335,-10489
0044,22:20,1340,-10489
0044,22:25,1345,-10489
0044,22:30,1350,-10489
0044,22:35,1355,-10489
0044,22:40,1360,-10489
0044,22:45,1365,-10489
0044,22:50,1370,-10489
0044,22:55,1375,-10489
0044,23:00,1380,-10489
0044,23:05,1385,-10489
0044,23:10,1390,-10489
0044,23:15,1395,-10489
0044,23:16,1396,-10489
0044,23:20,1400,-10489
0045,09:00,540,0
0045,09:05,545,0
0045,09:10,550,0
0045,09:15,555,0
0045,09:20,560,0
0045,09:25,565,0
0045,09:30,570,0
0045,09:35,575,0
0045,09:40,580,0
0045,09:45,585,0
0045,09:50,590,0
0045,09:55,595,0
0045,10:00,600,0
0045,10:05,605,0
0045,10:10,610,0
0045,10:15,615,0
0045,10:20,620,0
0045,10:25,625,0
0045,10:30,630,0
0045,10:35,635,0
0045,10:40,640,0
0045,10:45,645,0
0045,10:50,650,0
0045,10:55,655,0
0045,11:00,660,0
0045,11:05,665,0
0045,11:10,670,0
0045,11:15,675,0
0045,11:20,680,0
0045,11:25,685,0
0045,11:30,690,0
0045,11:35,695,0
0045,11:40,700,0
0045,11:45,705,0
0045,11:50,710,0
0045,11:55,715,0
0045,12:00,720,0
0045,12:05,725,0
0045,12:10,730,0
0045,12:15,735,0
0045,12:20,740,0
0045,12:25,745,0
0045,12:30,750,0
0045,12:35,755,0
0045,12:40,760,0
0045,12:45,765,0
0045,12:50,770,0
0045,12:55,775,0
0045,13:00,780,0
0045,13:05,785,-889
0045,13:10,790,-889
0045,13:15,795,-889
0045,13:20,800,-889
0045,13:25,805,2931
0045,13:30,810,2931
0045,13:35,815,2931
0045,13:40,820,2931
0045,13:45,825,2931
0045,13:50,830,7241
0045,13:55,835,7241
0045,14:00,840,7241
0045,14:05,845,7241
0045,14:10,850,11897
0045,14:15,855,11897
0045,14:20,860,11897
0045,14:25,865,11897
0045,14:30,870,11034
0045,14:35,875,11034
0045,14:40,880,11034
0045,14:45,885,9483
0045,14:50,890,9483
0045,14:55,895,9483
0045,15:00,900,9483
0045,15:05,905,9483
0045,15:10,910,8448
0045,15:15,915,8448
0045,15:20,920,8448
0045,15:25,925,8448
0045,15:30,930,8448
0045,15:35,935,8448
0045,15:40,940,8448
0045,15:45,945,7931
0045,15:50,950,7931
0045,15:55,955,7931
0045,16:00,960,7931
0045,16:05,965,7931
0045,16:10,970,7759
0045,16:15,975,7759
0045,16:20,980,7759
0045,16:25,985,7759
0045,16:30,990,7759
0045,16:35,995,7759
0045,16:40,1000,7759
0045,16:45,1005,7759
0045,16:50,1010,7759
0045,16:55,1015,7759
0045,17:00,1020,7759
0045,17:05,1025,7759
0045,17:10,1030,7759
0045,17:15,1035,7759
0045,17:20,1040,7759
0045,17:25,1045,7759
0045,17:30,1050,7759
0045,17:35,1055,7759
0045,17:40,1060,7759
0045,17:45,1065,7759
0045,17:50,1070,7759
0045,17:55,1075,7759
0045,18:00,1080,7759
0045,18:05,1085,7759
0045,18:10,1090,7759
0045,18:15,1095,7759
0045,18:20,1100,7759
0045,18:25,1105,7759
0045,18:30,1110,7759
0045,18:35,1115,7759
0045,18:40,1120,7759
0045,18:45,1125,7759
0045,18:50,1130,7759
0045,18:55,1135,7759
0045,19:00,1140,7759
0045,19:05,1145,7759
0045,19:10,1150,7759
0045,19:15,1155,7759
0045,19:20,1160,7759
0045,19:25,1165,7759
0045,19:30,1170,7759
0045,19:35,1175,7759
0045,19:40,1180,7759
0045,19:45,1185,7759
0045,19:50,1190,7759
0045,19:55,1195,7759
0045,20:00,1200,7759
0045,20:05,1205,7759
0045,20:10,1210,7759
0045,20:15,1215,7759
0045,20:20,1220,7759
0045,20:25,1225,7759
0045,20:30,1230,7759
0045,20:35,1235,7759
0045,20:40,1240,7759
0045,20:45,1245,7759
0045,20:50,1250,7759
0045,20:55,1255,7759
0045,21:00,1260,7759
0045,21:05,1265,7759
0045,21:10,1270,7759
0045,21:15,1275,7759
0045,21:20,1280,7759
0045,21:25,1285,7759
0045,21:30,1290,7759
0045,21:35,1295,7759
0045,21:40,1300,7759
0045,21:45,1305,7759
0045,21:50,1310,7759
0045,21:55,1315,7759
0045,22:00,1320,7759
0045,22:05,1325,7759
0045,22:10,1330,7759
0045,22:15,1335,7759
0045,22:20,1340,7759
0045,22:25,1345,7759
0045,22:30,1350,7759
0045,22:35,1355,7759
0045,22:40,1360,7759
0045,22:45,1365,7759
0045,22:50,1370,7759
0045,22:55,1375,7759
0045,23:00,1380,7759
0045,23:05,1385,7759
0045,23:10,1390,7759
0045,23:15,1395,7759
0045,23:16,1396,7759
0045,23:20,1400,7759
0046,09:00,540,0
0046,09:05,545,0
0046,09:10,550,0
0046,09:15,555,0
0046,09:20,560,0
0046,09:25,565,0
0046,09:30,570,0
0046,09:35,575,0
0046,09:40,580,0
0046,09:45,585,0
0046,09:50,590,0
0046,09:55,595,0
0046,10:00,600,0
0046,10:05,605,0
0046,10:10,610,0
0046,10:15,615,0
0046,10:20,620,0
0046,10:25,625,0
0046,10:30,630,0
0046,10:35,635,0
0046,10:40,640,0
0046,10:45,645,0
0046,10:50,650,0
0046,10:55,655,0
0046,11:00,660,0
0046,11:05,665,0
0046,11:10,670,0
0046,11:15,675,0
0046,11:20,680,0
0046,11:25,685,0
0046,11:30,690,0
0046,11:35,695,0
0046,11:40,700,0
0046,11:45,705,0
0046,11:50,710,0
0046,11:55,715,0
0046,12:00,720,0
0046,12:05,725,0
0046,12:10,730,0
0046,12:15,735,0
0046,12:20,740,0
0046,12:25,745,0
0046,12:30,750,0
0046,12:35,755,0
0046,12:40,760,0
0046,12:45,765,0
0046,12:50,770,0
0046,12:55,775,0
0046,13:00,780,0
0046,13:05,785,0
0046,13:10,790,0
0046,13:15,795,0
0046,13:20,800,0
0046,13:25,805,3966
0046,13:30,810,3966
0046,13:35,815,3966
0046,13:40,820,3966
0046,13:45,825,3966
0046,13:50,830,2759
0046,13:55,835,2759
0046,14:00,840,2759
0046,14:05,845,2759
0046,14:10,850,6552
0046,14:15,855,6552
0046,14:20,860,6552
0046,14:25,865,6552
0046,14:30,870,10517
0046,14:35,875,10517
0046,14:40,880,10517
0046,14:45,885,11034
0046,14:50,890,11034
0046,14:55,895,11034
0046,15:00,900,11034
0046,15:05,905,11034
0046,15:10,910,10517
0046,15:15,915,10517
0046,15:20,920,10517
0046,15:25,925,10517
0046,15:30,930,10517
0046,15:35,935,10517
0046,15:40,940,10517
0046,15:45,945,10172
0046,15:50,950,10172
0046,15:55,955,10172
0046,16:00,960,10172
0046,16:05,965,10172
0046,16:10,970,9138
0046,16:15,975,9138
0046,16:20,980,9138
0046,16:25,985,9138
0046,16:30,990,8276
0046,16:35,995,8276
0046,16:40,1000,8276
0046,16:45,1005,8276
0046,16:50,1010,8276
0046,16:55,1015,8276
0046,17:00,1020,8276
0046,17:05,1025,8276
0046,17:10,1030,8276
0046,17:15,1035,8276
0046,17:20,1040,8276
0046,17:25,1045,8276
0046,17:30,1050,8276
0046,17:35,1055,8276
0046,17:40,1060,8276
0046,17:45,1065,8276
0046,17:50,1070,8276
0046,17:55,1075,8276
0046,18:00,1080,8276
0046,18:05,1085,8276
0046,18:10,1090,8276
0046,18:15,1095,8276
0046,18:20,1100,8276
0046,18:25,1105,7931
0046,18:30,1110,7931
0046,18:35,1115,7931
0046,18:40,1120,7931
0046,18:45,1125,7931
0046,18:50,1130,7931
0046,18:55,1135,7931
0046,19:00,1140,7931
0046,19:05,1145,7931
0046,19:10,1150,7931
0046,19:15,1155,7931
0046,19:20,1160,7931
0046,19:25,1165,7931
0046,19:30,1170,7931
0046,19:35,1175,7931
0046,19:40,1180,7931
0046,19:45,1185,7931
0046,19:50,1190,7931
0046,19:55,1195,7931
0046,20:00,1200,7931
0046,20:05,1205,7931
0046,20:10,1210,7931
0046,20:15,1215,7931
0046,20:20,1220,7931
0046,20:25,1225,7931
0046,20:30,1230,7414
0046,20:35,1235,7414
0046,20:40,1240,7414
0046,20:45,1245,6897
0046,20:50,1250,6897
0046,20:55,1255,6897
0046,21:00,1260,6897
0046,21:05,1265,6897
0046,21:10,1270,6897
0046,21:15,1275,6897
0046,21:20,1280,6897
0046,21:25,1285,6897
0046,21:30,1290,6897
0046,21:35,1295,6897
0046,21:40,1300,6897
0046,21:45,1305,6897
0046,21:50,1310,6897
0046,21:55,1315,6897
0046,22:00,1320,6897
0046,22:05,1325,6897
0046,22:10,1330,6897
0046,22:15,1335,6897
0046,22:20,1340,6897
0046,22:25,1345,6897
0046,22:30,1350,6897
0046,22:35,1355,6897
0046,22:40,1360,6897
0046,22:45,1365,6897
0046,22:50,1370,6897
0046,22:55,1375,6897
0046,23:00,1380,6897
0046,23:05,1385,6897
0046,23:10,1390,6897
0046,23:15,1395,6897
0046,23:16,1396,6897
0046,23:20,1400,6897
0047,09:00,540,0
0047,09:05,545,0
0047,09:10,550,0
0047,09:15,555,0
0047,09:20,560,0
0047,09:25,565,0
0047,09:30,570,0
0047,09:35,575,0
0047,09:40,580,0
0047,09:45,585,0
0047,09:50,590,0
0047,09:55,595,0
0047,10:00,600,0
0047,10:05,605,0
0047,10:10,610,-356
0047,10:15,615,-356
0047,10:20,620,-356
0047,10:25,625,-1067
0047,10:30,630,-1067
0047,10:35,635,-1067
0047,10:40,640,-2133
0047,10:45,645,-2133
0047,10:50,650,-2133
0047,10:55,655,-2133
0047,11:00,660,-3200
0047,11:05,665,-3200
0047,11:10,670,-3733
0047,11:15,675,-3733
0047,11:20,680,-3733
0047,11:25,685,-3733
0047,11:30,690,-5333
0047,11:35,695,-5333
0047,11:40,700,-5333
0047,11:45,705,-6400
0047,11:50,710,-6400
0047,11:55,715,-6400
0047,12:00,720,-6400
0047,12:05,725,-7644
0047,12:10,730,-7644
0047,12:15,735,-7644
0047,12:20,740,-7644
0047,12:25,745,-7644
0047,12:30,750,-9244
0047,12:35,755,-9244
0047,12:40,760,-9244
0047,12:45,765,-9244
0047,12:50,770,-10311
0047,12:55,775,-10311
0047,13:00,780,-10311
0047,13:05,785,-11556
0047,13:10,790,-11556
0047,13:15,795,-11556
0047,13:20,800,-11556
0047,13:25,805,-8000
0047,13:30,810,-8000
0047,13:35,815,-8000
0047,13:40,820,-8000
0047,13:45,825,-8000
0047,13:50,830,-8889
0047,13:55,835,-8889
0047,14:00,840,-8889
0047,14:05,845,-8889
0047,14:10,850,-9422
0047,14:15,855,-9422
0047,14:20,860,-9422
0047,14:25,865,-9422
0047,14:30,870,-10133
0047,14:35,875,-10133
0047,14:40,880,-10133
0047,14:45,885,-6044
0047,14:50,890,-6044
0047,14:55,895,-6044
0047,15:00,900,-6044
0047,15:05,905,-6044
0047,15:10,910,-2133
0047,15:15,915,-2133
0047,15:20,920,-2133
0047,15:25,925,-2133
0047,15:30,930,-178
0047,15:35,935,-178
0047,15:40,940,-178
0047,15:45,945,-533
0047,15:50,950,-533
0047,15:55,955,-533
0047,16:00,960,-533
0047,16:05,965,-533
0047,16:10,970,-1778
0047,16:15,975,-1778
0047,16:20,980,-1778
0047,16:25,985,-1778
0047,16:30,990,-1422
0047,16:35,995,-1422
0047,16:40,1000,-1422
0047,16:45,1005,-1422
0047,16:50,1010,-889
0047,16:55,1015,-889
0047,17:00,1020,-889
0047,17:05,1025,-1778
0047,17:10,1030,-1778
0047,17:15,1035,-1778
0047,17:20,1040,-1778
0047,17:25,1045,-1778
0047,17:30,1050,-3378
0047,17:35,1055,-3378
0047,17:40,1060,-3378
0047,17:45,1065,-3378
0047,17:50,1070,-2489
0047,17:55,1075,-2489
0047,18:00,1080,-2489
0047,18:05,1085,-2489
0047,18:10,1090,-3733
0047,18:15,1095,-3733
0047,18:20,1100,-3733
0047,18:25,1105,-3200
0047,18:30,1110,-3200
0047,18:35,1115,-3200
0047,18:40,1120,-3200
0047,18:45,1125,-3200
0047,18:50,1130,690
0047,18:55,1135,690
0047,19:00,1140,690
0047,19:05,1145,690
0047,19:10,1150,1379
0047,19:15,1155,1379
0047,19:20,1160,1379
0047,19:25,1165,172
0047,19:30,1170,172
0047,19:35,1175,172
0047,19:40,1180,172
0047,19:45,1185,172
0047,19:50,1190,172
0047,19:55,1195,172
0047,20:00,1200,172
0047,20:05,1205,172
0047,20:10,1210,-356
0047,20:15,1215,-356
0047,20:20,1220,-356
0047,20:25,1225,-356
0047,20:30,1230,-356
0047,20:35,1235,-356
0047,20:40,1240,-356
0047,20:45,1245,-356
0047,20:50,1250,-356
0047,20:55,1255,-356
0047,21:00,1260,-356
0047,21:05,1265,-356
0047,21:10,1270,-356
0047,21:15,1275,-356
0047,21:20,1280,-356
0047,21:25,1285,-356
0047,21:30,1290,-356
0047,21:35,1295,-356
0047,21:40,1300,-356
0047,21:45,1305,-356
0047,21:50,1310,-356
0047,21:55,1315,-356
0047,22:00,1320,-356
0047,22:05,1325,-356
0047,22:10,1330,-356
0047,22:15,1335,-356
0047,22:20,1340,-356
0047,22:25,1345,-356
0047,22:30,1350,-356
0047,22:35,1355,-356
0047,22:40,1360,-356
0047,22:45,1365,-356
0047,22:50,1370,-356
0047,22:55,1375,-356
0047,23:00,1380,-356
0047,23:05,1385,-356
0047,23:10,1390,-356
0047,23:15,1395,-356
0047,23:16,1396,-356
0047,23:20,1400,-356
0048,09:00,540,0
0048,09:05,545,0
0048,09:10,550,0
0048,09:15,555,0
0048,09:20,560,0
0048,09:25,565,0
0048,09:30,570,0
0048,09:35,575,0
0048,09:40,580,0
0048,09:45,585,0
0048,09:50,590,0
0048,09:55,595,0
0048,10:00,600,0
0048,10:05,605,0
0048,10:10,610,0
0048,10:15,615,0
0048,10:20,620,0
0048,10:25,625,0
0048,10:30,630,0
0048,10:35,635,0
0048,10:40,640,0
0048,10:45,645,0
0048,10:50,650,0
0048,10:55,655,0
0048,11:00,660,0
0048,11:05,665,0
0048,11:10,670,-89
0048,11:15,675,-89
0048,11:20,680,-89
0048,11:25,685,-89
0048,11:30,690,-178
0048,11:35,695,-178
0048,11:40,700,-178
0048,11:45,705,-178
0048,11:50,710,-178
0048,11:55,715,-178
0048,12:00,720,-178
0048,12:05,725,-178
0048,12:10,730,-178
0048,12:15,735,-178
0048,12:20,740,-178
0048,12:25,745,-178
0048,12:30,750,-178
0048,12:35,755,-178
0048,12:40,760,-178
0048,12:45,765,-178
0048,12:50,770,-889
0048,12:55,775,-889
0048,13:00,780,-889
0048,13:05,785,-1956
0048,13:10,790,-1956
0048,13:15,795,-1956
0048,13:20,800,-1956
0048,13:25,805,-3644
0048,13:30,810,-3644
0048,13:35,815,-3644
0048,13:40,820,-3644
0048,13:45,825,-3644
0048,13:50,830,-5156
0048,13:55,835,-5156
0048,14:00,840,-5156
0048,14:05,845,-5156
0048,14:10,850,-6044
0048,14:15,855,-6044
0048,14:20,860,-6044
0048,14:25,865,-6044
0048,14:30,870,-6844
0048,14:35,875,-6844
0048,14:40,880,-6844
0048,14:45,885,-4622
0048,14:50,890,-4622
0048,14:55,895,-4622
0048,15:00,900,-4622
0048,15:05,905,-4622
0048,15:10,910,-3289
0048,15:15,915,-3289
0048,15:20,920,-3289
0048,15:25,925,-3289
0048,15:30,930,3276
0048,15:35,935,3276
0048,15:40,940,3276
0048,15:45,945,2759
0048,15:50,950,2759
0048,15:55,955,2759
0048,16:00,960,2759
0048,16:05,965,2759
0048,16:10,970,1638
0048,16:15,975,1638
0048,16:20,980,1638
0048,16:25,985,1638
0048,16:30,990,776
0048,16:35,995,776
0048,16:40,1000,776
0048,16:45,1005,776
0048,16:50,1010,-178
0048,16:55,1015,-178
0048,17:00,1020,-178
0048,17:05,1025,-800
0048,17:10,1030,-800
0048,17:15,1035,-800
0048,17:20,1040,-800
0048,17:25,1045,-800
0048,17:30,1050,-711
0048,17:35,1055,-711
0048,17:40,1060,-711
0048,17:45,1065,-711
0048,17:50,1070,-800
0048,17:55,1075,-800
0048,18:00,1080,-800
0048,18:05,1085,-800
0048,18:10,1090,-1156
0048,18:15,1095,-1156
0048,18:20,1100,-1156
0048,18:25,1105,-1244
0048,18:30,1110,-1244
0048,18:35,1115,-1244
0048,18:40,1120,-1244
0048,18:45,1125,-1244
0048,18:50,1130,-1244
0048,18:55,1135,-1244
0048,19:00,1140,-1244
0048,19:05,1145,-1244
0048,19:10,1150,-1244
0048,19:15,1155,-1244
0048,19:20,1160,-1244
0048,19:25,1165,-2311
0048,19:30,1170,-2311
0048,19:35,1175,-2311
0048,19:40,1180,-2311
0048,19:45,1185,-2311
0048,19:50,1190,-2311
0048,19:55,1195,-2311
0048,20:00,1200,-2311
0048,20:05,1205,-2311
0048,20:10,1210,-2311
0048,20:15,1215,-2311
0048,20:20,1220,-2311
0048,20:25,1225,-2311
0048,20:30,1230,-2311
0048,20:35,1235,-2311
0048,20:40,1240,-2311
0048,20:45,1245,-2311
0048,20:50,1250,-2311
0048,20:55,1255,-2311
0048,21:00,1260,-2311
0048,21:05,1265,-2311
0048,21:10,1270,-2311
0048,21:15,1275,-2311
0048,21:20,1280,-2311
0048,21:25,1285,-2311
0048,21:30,1290,-2311
0048,21:35,1295,-2311
0048,21:40,1300,-2311
0048,21:45,1305,-2311
0048,21:50,1310,-2311
0048,21:55,1315,-2311
0048,22:00,1320,-2311
0048,22:05,1325,-2311
0048,22:10,1330,-2311
0048,22:15,1335,-2311
0048,22:20,1340,-2311
0048,22:25,1345,-2311
0048,22:30,1350,-2311
0048,22:35,1355,-2311
0048,22:40,1360,-2311
0048,22:45,1365,-2311
0048,22:50,1370,-2311
0048,22:55,1375,-2311
0048,23:00,1380,-2311
0048,23:05,1385,-2311
0048,23:10,1390,-2311
0048,23:15,1395,-2311
0048,23:16,1396,-2311
0048,23:20,1400,-2311
0049,09:00,540,0
0049,09:05,545,0
0049,09:10,550,0
0049,09:15,555,0
0049,09:20,560,0
0049,09:25,565,0
0049,09:30,570,0
0049,09:35,575,0
0049,09:40,580,0
0049,09:45,585,0
0049,09:50,590,0
0049,09:55,595,0
0049,10:00,600,0
0049,10:05,605,0
0049,10:10,610,0
0049,10:15,615,0
0049,10:20,620,0
0049,10:25,625,0
0049,10:30,630,0
0049,10:35,635,0
0049,10:40,640,0
0049,10:45,645,0
0049,10:50,650,0
0049,10:55,655,0
0049,11:00,660,0
0049,11:05,665,0
0049,11:10,670,0
0049,11:15,675,0
0049,11:20,680,0
0049,11:25,685,0
0049,11:30,690,0
0049,11:35,695,0
0049,11:40,700,0
0049,11:45,705,0
0049,11:50,710,0
0049,11:55,715,0
0049,12:00,720,0
0049,12:05,725,-178
0049,12:10,730,-178
0049,12:15,735,-178
0049,12:20,740,-178
0049,12:25,745,-178
0049,12:30,750,-889
0049,12:35,755,-889
0049,12:40,760,-889
0049,12:45,765,-889
0049,12:50,770,-1244
0049,12:55,775,-1244
0049,13:00,780,-1244
0049,13:05,785,-2133
0049,13:10,790,-2133
0049,13:15,795,-2133
0049,13:20,800,-2133
0049,13:25,805,-2133
0049,13:30,810,-2133
0049,13:35,815,-2133
0049,13:40,820,-2133
0049,13:45,825,-2133
0049,13:50,830,-2133
0049,13:55,835,-2133
0049,14:00,840,-2133
0049,14:05,845,-2133
0049,14:10,850,1724
0049,14:15,855,1724
0049,14:20,860,1724
0049,14:25,865,1724
0049,14:30,870,3621
0049,14:35,875,3621
0049,14:40,880,3621
0049,14:45,885,2586
0049,14:50,890,2586
0049,14:55,895,2586
0049,15:00,900,2586
0049,15:05,905,2586
0049,15:10,910,4828
0049,15:15,915,4828
0049,15:20,920,4828
0049,15:25,925,4828
0049,15:30,930,4310
0049,15:35,935,4310
0049,15:40,940,4310
0049,15:45,945,4828
0049,15:50,950,4828
0049,15:55,955,4828
0049,16:00,960,4828
0049,16:05,965,4828
0049,16:10,970,8793
0049,16:15,975,8793
0049,16:20,980,8793
0049,16:25,985,8793
0049,16:30,990,7586
0049,16:35,995,7586
0049,16:40,1000,7586
0049,16:45,1005,7586
0049,16:50,1010,8276
0049,16:55,1015,8276
0049,17:00,1020,8276
0049,17:05,1025,10345
0049,17:10,1030,10345
0049,17:15,1035,10345
0049,17:20,1040,10345
0049,17:25,1045,10345
0049,17:30,1050,9138
0049,17:35,1055,9138
0049,17:40,1060,9138
0049,17:45,1065,9138
0049,17:50,1070,7759
0049,17:55,1075,7759
0049,18:00,1080,7759
0049,18:05,1085,7759
0049,18:10,1090,11897
0049,18:15,1095,11897
0049,18:20,1100,11897
0049,18:25,1105,16724
0049,18:30,1110,16724
0049,18:35,1115,16724
0049,18:40,1120,16724
0049,18:45,1125,16724
0049,18:50,1130,16724
0049,18:55,1135,16724
0049,19:00,1140,16724
0049,19:05,1145,16724
0049,19:10,1150,15862
0049,19:15,1155,15862
0049,19:20,1160,15862
0049,19:25,1165,15862
0049,19:30,1170,15862
0049,19:35,1175,15862
0049,19:40,1180,15862
0049,19:45,1185,15345
0049,19:50,1190,15345
0049,19:55,1195,15345
0049,20:00,1200,15345
0049,20:05,1205,15345
0049,20:10,1210,15345
0049,20:15,1215,15345
0049,20:20,1220,15345
0049,20:25,1225,15345
0049,20:30,1230,14655
0049,20:35,1235,14655
0049,20:40,1240,14655
0049,20:45,1245,14655
0049,20:50,1250,14655
0049,20:55,1255,14655
0049,21:00,1260,14655
0049,21:05,1265,14655
0049,21:10,1270,14655
0049,21:15,1275,14655
0049,21:20,1280,14655
0049,21:25,1285,14655
0049,21:30,1290,14655
0049,21:35,1295,14655
0049,21:40,1300,14655
0049,21:45,1305,14655
0049,21:50,1310,14655
0049,21:55,1315,14655
0049,22:00,1320,14655
0049,22:05,1325,14655
0049,22:10,1330,14655
0049,22:15,1335,14655
0049,22:20,1340,14655
0049,22:25,1345,14655
0049,22:30,1350,14655
0049,22:35,1355,14655
0049,22:40,1360,14655
0049,22:45,1365,14655
0049,22:50,1370,14655
0049,22:55,1375,14655
0049,23:00,1380,14655
0049,23:05,1385,14655
0049,23:10,1390,14655
0049,23:15,1395,14655
0049,23:16,1396,14655
0049,23:20,1400,14655
0050,09:00,540,0
0050,09:05,545,0
0050,09:10,550,0
0050,09:15,555,0
0050,09:20,560,0
0050,09:25,565,0
0050,09:30,570,0
0050,09:35,575,0
0050,09:40,580,0
0050,09:45,585,0
0050,09:50,590,0
0050,09:55,595,0
0050,10:00,600,0
0050,10:05,605,0
0050,10:10,610,0
0050,10:15,615,0
0050,10:20,620,0
0050,10:25,625,0
0050,10:30,630,0
0050,10:35,635,0
0050,10:40,640,0
0050,10:45,645,0
0050,10:50,650,0
0050,10:55,655,0
0050,11:00,660,0
0050,11:05,665,0
0050,11:10,670,0
0050,11:15,675,0
0050,11:20,680,0
0050,11:25,685,0
0050,11:30,690,0
0050,11:35,695,0
0050,11:40,700,0
0050,11:45,705,0
0050,11:50,710,0
0050,11:55,715,0
0050,12:00,720,0
0050,12:05,725,-89
0050,12:10,730,-89
0050,12:15,735,-89
0050,12:20,740,-89
0050,12:25,745,-89
0050,12:30,750,-89
0050,12:35,755,-89
0050,12:40,760,-89
0050,12:45,765,-89
0050,12:50,770,-89
0050,12:55,775,-89
0050,13:00,780,-89
0050,13:05,785,-533
0050,13:10,790,-533
0050,13:15,795,-533
0050,13:20,800,-533
0050,13:25,805,-2222
0050,13:30,810,-2222
0050,13:35,815,-2222
0050,13:40,820,-2222
0050,13:45,825,-2222
0050,13:50,830,-2667
0050,13:55,835,-2667
0050,14:00,840,-2667
0050,14:05,845,-2667
0050,14:10,850,-3644
0050,14:15,855,-3644
0050,14:20,860,-3644
0050,14:25,865,-3644
0050,14:30,870,-3644
0050,14:35,875,-3644
0050,14:40,880,-3644
0050,14:45,885,-3911
0050,14:50,890,-3911
0050,14:55,895,-3911
0050,15:00,900,-3911
0050,15:05,905,-3911
0050,15:10,910,-3911
0050,15:15,915,-3911
0050,15:20,920,-3911
0050,15:25,925,-3911
0050,15:30,930,-5511
0050,15:35,935,-5511
0050,15:40,940,-5511
0050,15:45,945,-7111
0050,15:50,950,-7111
0050,15:55,955,-7111
0050,16:00,960,-7111
0050,16:05,965,-7111
0050,16:10,970,-8444
0050,16:15,975,-8444
0050,16:20,980,-8444
0050,16:25,985,-8444
0050,16:30,990,-6133
0050,16:35,995,-6133
0050,16:40,1000,-6133
0050,16:45,1005,-6133
0050,16:50,1010,-5956
0050,16:55,1015,-5956
0050,17:00,1020,-5956
0050,17:05,1025,-5956
0050,17:10,1030,-5956
0050,17:15,1035,-5956
0050,17:20,1040,-5956
0050,17:25,1045,-5956
0050,17:30,1050,-5956
0050,17:35,1055,-5956
0050,17:40,1060,-5956
0050,17:45,1065,-5956
0050,17:50,1070,-5956
0050,17:55,1075,-5956
0050,18:00,1080,-5956
0050,18:05,1085,-5956
0050,18:10,1090,-5956
0050,18:15,1095,-5956
0050,18:20,1100,-5956
0050,18:25,1105,-5956
0050,18:30,1110,-5956
0050,18:35,1115,-5956
0050,18:40,1120,-5956
0050,18:45,1125,-5956
0050,18:50,1130,-5956
0050,18:55,1135,-5956
0050,19:00,1140,-5956
0050,19:05,1145,-5956
0050,19:10,1150,-5956
0050,19:15,1155,-5956
0050,19:20,1160,-5956
0050,19:25,1165,-5956
0050,19:30,1170,-5956
0050,19:35,1175,-5956
0050,19:40,1180,-5956
0050,19:45,1185,-5956
0050,19:50,1190,-5956
0050,19:55,1195,-5956
0050,20:00,1200,-5956
0050,20:05,1205,-5956
0050,20:10,1210,-5956
0050,20:15,1215,-5956
0050,20:20,1220,-5956
0050,20:25,1225,-5956
0050,20:30,1230,-5956
0050,20:35,1235,-5956
0050,20:40,1240,-5956
0050,20:45,1245,-5956
0050,20:50,1250,-5956
0050,20:55,1255,-5956
0050,21:00,1260,-5956
0050,21:05,1265,-5956
0050,21:10,1270,-5956
0050,21:15,1275,-5956
0050,21:20,1280,-5956
0050,21:25,1285,-5956
0050,21:30,1290,-5956
0050,21:35,1295,-5956
0050,21:40,1300,-5956
0050,21:45,1305,-5956
0050,21:50,1310,-5956
0050,21:55,1315,-5956
0050,22:00,1320,-5956
0050,22:05,1325,-5956
0050,22:10,1330,-5956
0050,22:15,1335,-5956
0050,22:20,1340,-5956
0050,22:25,1345,-5956
0050,22:30,1350,-6133
0050,22:35,1355,-6133
0050,22:40,1360,-6133
0050,22:45,1365,-6133
0050,22:50,1370,-6133
0050,22:55,1375,-6133
0050,23:00,1380,-6133
0050,23:05,1385,-6133
0050,23:10,1390,-6133
0050,23:15,1395,-6133
0050,23:16,1396,-6133
0050,23:20,1400,-6133
0051,09:00,540,0
0051,09:05,545,0
0051,09:10,550,0
0051,09:15,555,0
0051,09:20,560,0
0051,09:25,565,0
0051,09:30,570,0
0051,09:35,575,0
0051,09:40,580,0
0051,09:45,585,0
0051,09:50,590,0
0051,09:55,595,0
0051,10:00,600,0
0051,10:05,605,0
0051,10:10,610,0
0051,10:15,615,0
0051,10:20,620,0
0051,10:25,625,0
0051,10:30,630,0
0051,10:35,635,0
0051,10:40,640,0
0051,10:45,645,0
0051,10:50,650,0
0051,10:55,655,0
0051,11:00,660,0
0051,11:05,665,0
0051,11:10,670,0
0051,11:15,675,0
0051,11:20,680,0
0051,11:25,685,0
0051,11:30,690,0
0051,11:35,695,0
0051,11:40,700,0
0051,11:45,705,0
0051,11:50,710,0
0051,11:55,715,0
0051,12:00,720,0
0051,12:05,725,0
0051,12:10,730,0
0051,12:15,735,0
0051,12:20,740,0
0051,12:25,745,0
0051,12:30,750,0
0051,12:35,755,0
0051,12:40,760,0
0051,12:45,765,0
0051,12:50,770,-766
0051,12:55,775,-766
0051,13:00,780,-766
0051,13:05,785,-1277
0051,13:10,790,-1277
0051,13:15,795,-1277
0051,13:20,800,-1277
0051,13:25,805,-1277
0051,13:30,810,-1277
0051,13:35,815,-1277
0051,13:40,820,-1277
0051,13:45,825,-1277
0051,13:50,830,-1277
0051,13:55,835,-1277
0051,14:00,840,-1277
0051,14:05,845,-1277
0051,14:10,850,-1277
0051,14:15,855,-1277
0051,14:20,860,-1277
0051,14:25,865,-1277
0051,14:30,870,-2043
0051,14:35,875,-2043
0051,14:40,880,-2043
0051,14:45,885,-3064
0051,14:50,890,-3064
0051,14:55,895,-3064
0051,15:00,900,-3064
0051,15:05,905,-3064
0051,15:10,910,-511
0051,15:15,915,-511
0051,15:20,920,-511
0051,15:25,925,-511
0051,15:30,930,0
0051,15:35,935,0
0051,15:40,940,0
0051,15:45,945,-766
0051,15:50,950,-766
0051,15:55,955,-766
0051,16:00,960,-766
0051,16:05,965,-766
0051,16:10,970,-766
0051,16:15,975,-766
0051,16:20,980,-766
0051,16:25,985,-766
0051,16:30,990,-766
0051,16:35,995,-766
0051,16:40,1000,-766
0051,16:45,1005,-766
0051,16:50,1010,-1021
0051,16:55,1015,-1021
0051,17:00,1020,-1021
0051,17:05,1025,1240
0051,17:10,1030,1240
0051,17:15,1035,1240
0051,17:20,1040,1240
0051,17:25,1045,1240
0051,17:30,1050,3967
0051,17:35,1055,3967
0051,17:40,1060,3967
0051,17:45,1065,3967
0051,17:50,1070,3719
0051,17:55,1075,3719
0051,18:00,1080,3719
0051,18:05,1085,3719
0051,18:10,1090,2479
0051,18:15,1095,2479
0051,18:20,1100,2479
0051,18:25,1105,992
0051,18:30,1110,992
0051,18:35,1115,992
0051,18:40,1120,992
0051,18:45,1125,992
0051,18:50,1130,992
0051,18:55,1135,992
0051,19:00,1140,992
0051,19:05,1145,992
0051,19:10,1150,6694
0051,19:15,1155,6694
0051,19:20,1160,6694
0051,19:25,1165,9421
0051,19:30,1170,9421
0051,19:35,1175,9421
0051,19:40,1180,9421
0051,19:45,1185,8182
0051,19:50,1190,8182
0051,19:55,1195,8182
0051,20:00,1200,8182
0051,20:05,1205,8182
0051,20:10,1210,7438
0051,20:15,1215,7438
0051,20:20,1220,7438
0051,20:25,1225,7438
0051,20:30,1230,9174
0051,20:35,1235,9174
0051,20:40,1240,9174
0051,20:45,1245,10661
0051,20:50,1250,10661
0051,20:55,1255,10661
0051,21:00,1260,10661
0051,21:05,1265,10661
0051,21:10,1270,13884
0051,21:15,1275,13884
0051,21:20,1280,13884
0051,21:25,1285,13884
0051,21:30,1290,20083
0051,21:35,1295,20083
0051,21:40,1300,20083
0051,21:45,1305,25537
0051,21:50,1310,25537
0051,21:55,1315,25537
0051,22:00,1320,25537
0051,22:05,1325,26281
0051,22:10,1330,26281
0051,22:15,1335,26281
0051,22:20,1340,26281
0051,22:25,1345,26281
0051,22:30,1350,26281
0051,22:35,1355,26281
0051,22:40,1360,26281
0051,22:45,1365,26281
0051,22:50,1370,26281
0051,22:55,1375,26281
0051,23:00,1380,26281
0051,23:05,1385,26281
0051,23:10,1390,26281
0051,23:15,1395,26281
0051,23:16,1396,26281
0051,23:20,1400,26281
0052,09:00,540,0
0052,09:05,545,0
0052,09:10,550,0
0052,09:15,555,0
0052,09:20,560,0
0052,09:25,565,0
0052,09:30,570,0
0052,09:35,575,0
0052,09:40,580,0
0052,09:45,585,0
0052,09:50,590,0
0052,09:55,595,0
0052,10:00,600,0
0052,10:05,605,0
0052,10:10,610,0
0052,10:15,615,0
0052,10:20,620,0
0052,10:25,625,0
0052,10:30,630,0
0052,10:35,635,0
0052,10:40,640,0
0052,10:45,645,0
0052,10:50,650,0
0052,10:55,655,0
0052,11:00,660,0
0052,11:05,665,0
0052,11:10,670,0
0052,11:15,675,0
0052,11:20,680,0
0052,11:25,685,0
0052,11:30,690,-1422
0052,11:35,695,-1422
0052,11:40,700,-1422
0052,11:45,705,-3022
0052,11:50,710,-3022
0052,11:55,715,-3022
0052,12:00,720,-3022
0052,12:05,725,-3911
0052,12:10,730,-3911
0052,12:15,735,-3911
0052,12:20,740,-3911
0052,12:25,745,-3911
0052,12:30,750,-3911
0052,12:35,755,-3911
0052,12:40,760,-3911
0052,12:45,765,-3911
0052,12:50,770,-4533
0052,12:55,775,-4533
0052,13:00,780,-4533
0052,13:05,785,-5333
0052,13:10,790,-5333
0052,13:15,795,-5333
0052,13:20,800,-5333
0052,13:25,805,-5333
0052,13:30,810,-5333
0052,13:35,815,-5333
0052,13:40,820,-5333
0052,13:45,825,-5333
0052,13:50,830,-6133
0052,13:55,835,-6133
0052,14:00,840,-6133
0052,14:05,845,-6133
0052,14:10,850,-6489
0052,14:15,855,-6489
0052,14:20,860,-6489
0052,14:25,865,-6489
0052,14:30,870,-7556
0052,14:35,875,-7556
0052,14:40,880,-7556
0052,14:45,885,-5511
0052,14:50,890,-5511
0052,14:55,895,-5511
0052,15:00,900,-5511
0052,15:05,905,-5511
0052,15:10,910,-3289
0052,15:15,915,-3289
0052,15:20,920,-3289
0052,15:25,925,-3289
0052,15:30,930,-4800
0052,15:35,935,-4800
0052,15:40,940,-4800
0052,15:45,945,-5333
0052,15:50,950,-5333
0052,15:55,955,-5333
0052,16:00,960,-5333
0052,16:05,965,-5333
0052,16:10,970,-6044
0052,16:15,975,-6044
0052,16:20,980,-6044
0052,16:25,985,-6044
0052,16:30,990,-4533
0052,16:35,995,-4533
0052,16:40,1000,-4533
0052,16:45,1005,-4533
0052,16:50,1010,-5867
0052,16:55,1015,-5867
0052,17:00,1020,-5867
0052,17:05,1025,-6489
0052,17:10,1030,-6489
0052,17:15,1035,-6489
0052,17:20,1040,-6489
0052,17:25,1045,-6489
0052,17:30,1050,-7378
0052,17:35,1055,-7378
0052,17:40,1060,-7378
0052,17:45,1065,-7378
0052,17:50,1070,-8267
0052,17:55,1075,-8267
0052,18:00,1080,-8267
0052,18:05,1085,-8267
0052,18:10,1090,-9244
0052,18:15,1095,-9244
0052,18:20,1100,-9244
0052,18:25,1105,-9244
0052,18:30,1110,-9244
0052,18:35,1115,-9244
0052,18:40,1120,-9244
0052,18:45,1125,-9244
0052,18:50,1130,-9244
0052,18:55,1135,-9244
0052,19:00,1140,-9244
0052,19:05,1145,-9244
0052,19:10,1150,-9244
0052,19:15,1155,-9244
0052,19:20,1160,-9244
0052,19:25,1165,-9244
0052,19:30,1170,-9244
0052,19:35,1175,-9244
0052,19:40,1180,-9244
0052,19:45,1185,-9244
0052,19:50,1190,-9244
0052,19:55,1195,-9244
0052,20:00,1200,-9244
0052,20:05,1205,-9244
0052,20:10,1210,-9244
0052,20:15,1215,-9244
0052,20:20,1220,-9244
0052,20:25,1225,-9244
0052,20:30,1230,-9244
0052,20:35,1235,-9244
0052,20:40,1240,-9244
0052,20:45,1245,-9244
0052,20:50,1250,-9244
0052,20:55,1255,-9244
0052,21:00,1260,-9244
0052,21:05,1265,-9244
0052,21:10,1270,-9244
0052,21:15,1275,-9244
0052,21:20,1280,-9244
0052,21:25,1285,-9244
0052,21:30,1290,-9244
0052,21:35,1295,-9244
0052,21:40,1300,-9244
0052,21:45,1305,-9244
0052,21:50,1310,-9244
0052,21:55,1315,-9244
0052,22:00,1320,-9244
0052,22:05,1325,-9244
0052,22:10,1330,-9244
0052,22:15,1335,-9244
0052,22:20,1340,-9244
0052,22:25,1345,-9244
0052,22:30,1350,-9244
0052,22:35,1355,-9244
0052,22:40,1360,-9244
0052,22:45,1365,-9244
0052,22:50,1370,-9244
0052,22:55,1375,-9244
0052,23:00,1380,-9244
0052,23:05,1385,-9244
0052,23:10,1390,-9244
0052,23:15,1395,-9244
0052,23:16,1396,-9244
0052,23:20,1400,-9244
0053,09:00,540,0
0053,09:05,545,0
0053,09:10,550,0
0053,09:15,555,0
0053,09:20,560,0
0053,09:25,565,0
0053,09:30,570,0
0053,09:35,575,0
0053,09:40,580,0
0053,09:45,585,0
0053,09:50,590,0
0053,09:55,595,0
0053,10:00,600,0
0053,10:05,605,0
0053,10:10,610,0
0053,10:15,615,0
0053,10:20,620,0
0053,10:25,625,0
0053,10:30,630,0
0053,10:35,635,0
0053,10:40,640,0
0053,10:45,645,0
0053,10:50,650,0
0053,10:55,655,0
0053,11:00,660,0
0053,11:05,665,0
0053,11:10,670,0
0053,11:15,675,0
0053,11:20,680,0
0053,11:25,685,0
0053,11:30,690,0
0053,11:35,695,0
0053,11:40,700,0
0053,11:45,705,-533
0053,11:50,710,-533
0053,11:55,715,-533
0053,12:00,720,-533
0053,12:05,725,-1956
0053,12:10,730,-1956
0053,12:15,735,-1956
0053,12:20,740,-1956
0053,12:25,745,-1956
0053,12:30,750,-3200
0053,12:35,755,-3200
0053,12:40,760,-3200
0053,12:45,765,-3200
0053,12:50,770,-3911
0053,12:55,775,-3911
0053,13:00,780,-3911
0053,13:05,785,-5156
0053,13:10,790,-5156
0053,13:15,795,-5156
0053,13:20,800,-5156
0053,13:25,805,-4978
0053,13:30,810,-4978
0053,13:35,815,-4978
0053,13:40,820,-4978
0053,13:45,825,-4978
0053,13:50,830,-6044
0053,13:55,835,-6044
0053,14:00,840,-6044
0053,14:05,845,-6044
0053,14:10,850,-6400
0053,14:15,855,-6400
0053,14:20,860,-6400
0053,14:25,865,-6400
0053,14:30,870,-6400
0053,14:35,875,-6400
0053,14:40,880,-6400
0053,14:45,885,-7111
0053,14:50,890,-7111
0053,14:55,895,-7111
0053,15:00,900,-7111
0053,15:05,905,-7111
0053,15:10,910,-7111
0053,15:15,915,-7111
0053,15:20,920,-7111
0053,15:25,925,-7111
0053,15:30,930,-8178
0053,15:35,935,-8178
0053,15:40,940,-8178
0053,15:45,945,-8533
0053,15:50,950,-8533
0053,15:55,955,-8533
0053,16:00,960,-8533
0053,16:05,965,-8533
0053,16:10,970,-9600
0053,16:15,975,-9600
0053,16:20,980,-9600
0053,16:25,985,-9600
0053,16:30,990,-10489
0053,16:35,995,-10489
0053,16:40,1000,-10489
0053,16:45,1005,-10489
0053,16:50,1010,-11022
0053,16:55,1015,-11022
0053,17:00,1020,-11022
0053,17:05,1025,-11022
0053,17:10,1030,-11022
0053,17:15,1035,-11022
0053,17:20,1040,-11022
0053,17:25,1045,-11022
0053,17:30,1050,-11022
0053,17:35,1055,-11022
0053,17:40,1060,-11022
0053,17:45,1065,-11022
0053,17:50,1070,-11022
0053,17:55,1075,-11022
0053,18:00,1080,-11022
0053,18:05,1085,-11022
0053,18:10,1090,-11022
0053,18:15,1095,-11022
0053,18:20,1100,-11022
0053,18:25,1105,-11022
0053,18:30,1110,-11022
0053,18:35,1115,-11022
0053,18:40,1120,-11022
0053,18:45,1125,-11022
0053,18:50,1130,-11022
0053,18:55,1135,-11022
0053,19:00,1140,-11022
0053,19:05,1145,-11022
0053,19:10,1150,-11022
0053,19:15,1155,-11022
0053,19:20,1160,-11022
0053,19:25,1165,-11022
0053,19:30,1170,-11022
0053,19:35,1175,-11022
0053,19:40,1180,-11022
0053,19:45,1185,-11022
0053,19:50,1190,-11022
0053,19:55,1195,-11022
0053,20:00,1200,-11022
0053,20:05,1205,-11022
0053,20:10,1210,-11022
0053,20:15,1215,-11022
0053,20:20,1220,-11022
0053,20:25,1225,-11022
0053,20:30,1230,-11022
0053,20:35,1235,-11022
0053,20:40,1240,-11022
0053,20:45,1245,-11022
0053,20:50,1250,-11022
0053,20:55,1255,-11022
0053,21:00,1260,-11022
0053,21:05,1265,-11022
0053,21:10,1270,-11022
0053,21:15,1275,-11022
0053,21:20,1280,-11022
0053,21:25,1285,-11022
0053,21:30,1290,-11022
0053,21:35,1295,-11022
0053,21:40,1300,-11022
0053,21:45,1305,-11022
0053,21:50,1310,-11022
0053,21:55,1315,-11022
0053,22:00,1320,-11022
0053,22:05,1325,-11022
0053,22:10,1330,-11022
0053,22:15,1335,-11022
0053,22:20,1340,-11022
0053,22:25,1345,-11022
0053,22:30,1350,-11022
0053,22:35,1355,-11022
0053,22:40,1360,-11022
0053,22:45,1365,-11022
0053,22:50,1370,-11022
0053,22:55,1375,-11022
0053,23:00,1380,-11022
0053,23:05,1385,-11022
0053,23:10,1390,-11022
0053,23:15,1395,-11022
0053,23:16,1396,-11022
0053,23:20,1400,-11022
0054,09:00,540,0
0054,09:05,545,0
0054,09:10,550,0
0054,09:15,555,0
0054,09:20,560,0
0054,09:25,565,0
0054,09:30,570,0
0054,09:35,575,0
0054,09:40,580,0
0054,09:45,585,0
0054,09:50,590,0
0054,09:55,595,0
0054,10:00,600,0
0054,10:05,605,0
0054,10:10,610,0
0054,10:15,615,0
0054,10:20,620,0
0054,10:25,625,0
0054,10:30,630,0
0054,10:35,635,0
0054,10:40,640,0
0054,10:45,645,0
0054,10:50,650,0
0054,10:55,655,0
0054,11:00,660,-511
0054,11:05,665,-511
0054,11:10,670,-1021
0054,11:15,675,-1021
0054,11:20,680,-1021
0054,11:25,685,-1021
0054,11:30,690,-2298
0054,11:35,695,-2298
0054,11:40,700,-2298
0054,11:45,705,-3319
0054,11:50,710,-3319
0054,11:55,715,-3319
0054,12:00,720,-3319
0054,12:05,725,-4596
0054,12:10,730,-4596
0054,12:15,735,-4596
0054,12:20,740,-4596
0054,12:25,745,-4596
0054,12:30,750,-6383
0054,12:35,755,-6383
0054,12:40,760,-6383
0054,12:45,765,-6383
0054,12:50,770,-7660
0054,12:55,775,-7660
0054,13:00,780,-7660
0054,13:05,785,-8936
0054,13:10,790,-8936
0054,13:15,795,-8936
0054,13:20,800,-8936
0054,13:25,805,-9957
0054,13:30,810,-9957
0054,13:35,815,-9957
0054,13:40,820,-9957
0054,13:45,825,-9957
0054,13:50,830,-10979
0054,13:55,835,-10979
0054,14:00,840,-10979
0054,14:05,845,-10979
0054,14:10,850,-12255
0054,14:15,855,-12255
0054,14:20,860,-12255
0054,14:25,865,-12255
0054,14:30,870,-13787
0054,14:35,875,-13787
0054,14:40,880,-13787
0054,14:45,885,-15064
0054,14:50,890,-15064
0054,14:55,895,-15064
0054,15:00,900,-15064
0054,15:05,905,-15064
0054,15:10,910,-15574
0054,15:15,915,-15574
0054,15:20,920,-15574
0054,15:25,925,-15574
0054,15:30,930,-15574
0054,15:35,935,-15574
0054,15:40,940,-15574
0054,15:45,945,-13532
0054,15:50,950,-13532
0054,15:55,955,-13532
0054,16:00,960,-13532
0054,16:05,965,-13532
0054,16:10,970,-14809
0054,16:15,975,-14809
0054,16:20,980,-14809
0054,16:25,985,-14809
0054,16:30,990,-15574
0054,16:35,995,-15574
0054,16:40,1000,-15574
0054,16:45,1005,-15574
0054,16:50,1010,-16851
0054,16:55,1015,-16851
0054,17:00,1020,-16851
0054,17:05,1025,-17872
0054,17:10,1030,-17872
0054,17:15,1035,-17872
0054,17:20,1040,-17872
0054,17:25,1045,-17872
0054,17:30,1050,-19149
0054,17:35,1055,-19149
0054,17:40,1060,-19149
0054,17:45,1065,-19149
0054,17:50,1070,-19149
0054,17:55,1075,-19149
0054,18:00,1080,-19149
0054,18:05,1085,-19149
0054,18:10,1090,-19404
0054,18:15,1095,-19404
0054,18:20,1100,-19404
0054,18:25,1105,-20681
0054,18:30,1110,-20681
0054,18:35,1115,-20681
0054,18:40,1120,-20681
0054,18:45,1125,-20681
0054,18:50,1130,-21702
0054,18:55,1135,-21702
0054,19:00,1140,-21702
0054,19:05,1145,-21702
0054,19:10,1150,-21702
0054,19:15,1155,-21702
0054,19:20,1160,-21702
0054,19:25,1165,-21702
0054,19:30,1170,-21702
0054,19:35,1175,-21702
0054,19:40,1180,-21702
0054,19:45,1185,-21702
0054,19:50,1190,-21702
0054,19:55,1195,-21702
0054,20:00,1200,-21702
0054,20:05,1205,-21702
0054,20:10,1210,-21702
0054,20:15,1215,-21702
0054,20:20,1220,-21702
0054,20:25,1225,-21702
0054,20:30,1230,-22213
0054,20:35,1235,-22213
0054,20:40,1240,-22213
0054,20:45,1245,-23489
0054,20:50,1250,-23489
0054,20:55,1255,-23489
0054,21:00,1260,-23489
0054,21:05,1265,-23489
0054,21:10,1270,-24766
0054,21:15,1275,-24766
0054,21:20,1280,-24766
0054,21:25,1285,-24766
0054,21:30,1290,-26043
0054,21:35,1295,-26043
0054,21:40,1300,-26043
0054,21:45,1305,-26043
0054,21:50,1310,-26043
0054,21:55,1315,-26043
0054,22:00,1320,-26043
0054,22:05,1325,-26298
0054,22:10,1330,-26298
0054,22:15,1335,-26298
0054,22:20,1340,-26298
0054,22:25,1345,-26298
0054,22:30,1350,-26809
0054,22:35,1355,-26809
0054,22:40,1360,-26809
0054,22:45,1365,-26809
0054,22:50,1370,-26809
0054,22:55,1375,-26809
0054,23:00,1380,-26809
0054,23:05,1385,-26809
0054,23:10,1390,-26809
0054,23:15,1395,-26809
0054,23:16,1396,-26809
0054,23:20,1400,-26809
0055,09:00,540,0
0055,09:05,545,0
0055,09:10,550,0
0055,09:15,555,0
0055,09:20,560,0
0055,09:25,565,0
0055,09:30,570,0
0055,09:35,575,0
0055,09:40,580,0
0055,09:45,585,0
0055,09:50,590,0
0055,09:55,595,0
0055,10:00,600,0
0055,10:05,605,0
0055,10:10,610,0
0055,10:15,615,0
0055,10:20,620,0
0055,10:25,625,0
0055,10:30,630,0
0055,10:35,635,0
0055,10:40,640,0
0055,10:45,645,0
0055,10:50,650,0
0055,10:55,655,0
0055,11:00,660,0
0055,11:05,665,0
0055,11:10,670,0
0055,11:15,675,0
0055,11:20,680,0
0055,11:25,685,0
0055,11:30,690,0
0055,11:35,695,0
0055,11:40,700,0
0055,11:45,705,0
0055,11:50,710,0
0055,11:55,715,0
0055,12:00,720,0
0055,12:05,725,0
0055,12:10,730,0
0055,12:15,735,0
0055,12:20,740,0
0055,12:25,745,0
0055,12:30,750,0
0055,12:35,755,0
0055,12:40,760,0
0055,12:45,765,0
0055,12:50,770,0
0055,12:55,775,0
0055,13:00,780,0
0055,13:05,785,0
0055,13:10,790,0
0055,13:15,795,0
0055,13:20,800,0
0055,13:25,805,0
0055,13:30,810,0
0055,13:35,815,0
0055,13:40,820,0
0055,13:45,825,0
0055,13:50,830,0
0055,13:55,835,0
0055,14:00,840,0
0055,14:05,845,0
0055,14:10,850,0
0055,14:15,855,0
0055,14:20,860,0
0055,14:25,865,0
0055,14:30,870,0
0055,14:35,875,0
0055,14:40,880,0
0055,14:45,885,0
0055,14:50,890,0
0055,14:55,895,0
0055,15:00,900,0
0055,15:05,905,0
0055,15:10,910,0
0055,15:15,915,0
0055,15:20,920,0
0055,15:25,925,0
0055,15:30,930,0
0055,15:35,935,0
0055,15:40,940,0
0055,15:45,945,5207
0055,15:50,950,5207
0055,15:55,955,5207
0055,16:00,960,5207
0055,16:05,965,5207
0055,16:10,970,9421
0055,16:15,975,9421
0055,16:20,980,9421
0055,16:25,985,9421
0055,16:30,990,17603
0055,16:35,995,17603
0055,16:40,1000,17603
0055,16:45,1005,17603
0055,16:50,1010,20331
0055,16:55,1015,20331
0055,17:00,1020,20331
0055,17:05,1025,19091
0055,17:10,1030,19091
0055,17:15,1035,19091
0055,17:20,1040,19091
0055,17:25,1045,19091
0055,17:30,1050,17851
0055,17:35,1055,17851
0055,17:40,1060,17851
0055,17:45,1065,17851
0055,17:50,1070,16860
0055,17:55,1075,16860
0055,18:00,1080,16860
0055,18:05,1085,16860
0055,18:10,1090,16116
0055,18:15,1095,16116
0055,18:20,1100,16116
0055,18:25,1105,16116
0055,18:30,1110,16116
0055,18:35,1115,16116
0055,18:40,1120,16116
0055,18:45,1125,16116
0055,18:50,1130,16116
0055,18:55,1135,16116
0055,19:00,1140,16116
0055,19:05,1145,16116
0055,19:10,1150,16116
0055,19:15,1155,16116
0055,19:20,1160,16116
0055,19:25,1165,16116
0055,19:30,1170,16116
0055,19:35,1175,16116
0055,19:40,1180,16116
0055,19:45,1185,16116
0055,19:50,1190,16116
0055,19:55,1195,16116
0055,20:00,1200,16116
0055,20:05,1205,16116
0055,20:10,1210,16116
0055,20:15,1215,16116
0055,20:20,1220,16116
0055,20:25,1225,16116
0055,20:30,1230,16116
0055,20:35,1235,16116
0055,20:40,1240,16116
0055,20:45,1245,16116
0055,20:50,1250,16116
0055,20:55,1255,16116
0055,21:00,1260,16116
0055,21:05,1265,16116
0055,21:10,1270,16116
0055,21:15,1275,16116
0055,21:20,1280,16116
0055,21:25,1285,16116
0055,21:30,1290,16116
0055,21:35,1295,16116
0055,21:40,1300,16116
0055,21:45,1305,16116
0055,21:50,1310,16116
0055,21:55,1315,16116
0055,22:00,1320,16116
0055,22:05,1325,16116
0055,22:10,1330,16116
0055,22:15,1335,16116
0055,22:20,1340,16116
0055,22:25,1345,16116
0055,22:30,1350,16116
0055,22:35,1355,16116
0055,22:40,1360,16116
0055,22:45,1365,16116
0055,22:50,1370,16116
0055,22:55,1375,16116
0055,23:00,1380,16116
0055,23:05,1385,16116
0055,23:10,1390,16116
0055,23:15,1395,16116
0055,23:16,1396,16116
0055,23:20,1400,16116
0056,09:00,540,0
0056,09:05,545,0
0056,09:10,550,0
0056,09:15,555,0
0056,09:20,560,0
0056,09:25,565,0
0056,09:30,570,0
0056,09:35,575,0
0056,09:40,580,0
0056,09:45,585,0
0056,09:50,590,0
0056,09:55,595,0
0056,10:00,600,0
0056,10:05,605,0
0056,10:10,610,0
0056,10:15,615,0
0056,10:20,620,0
0056,10:25,625,0
0056,10:30,630,0
0056,10:35,635,0
0056,10:40,640,0
0056,10:45,645,0
0056,10:50,650,0
0056,10:55,655,0
0056,11:00,660,0
0056,11:05,665,0
0056,11:10,670,-89
0056,11:15,675,-89
0056,11:20,680,-89
0056,11:25,685,-89
0056,11:30,690,-978
0056,11:35,695,-978
0056,11:40,700,-978
0056,11:45,705,-978
0056,11:50,710,-978
0056,11:55,715,-978
0056,12:00,720,-978
0056,12:05,725,-978
0056,12:10,730,-978
0056,12:15,735,-978
0056,12:20,740,-978
0056,12:25,745,-978
0056,12:30,750,-1600
0056,12:35,755,-1600
0056,12:40,760,-1600
0056,12:45,765,-1600
0056,12:50,770,862
0056,12:55,775,862
0056,13:00,780,862
0056,13:05,785,2759
0056,13:10,790,2759
0056,13:15,795,2759
0056,13:20,800,2759
0056,13:25,805,1724
0056,13:30,810,1724
0056,13:35,815,1724
0056,13:40,820,1724
0056,13:45,825,1724
0056,13:50,830,1724
0056,13:55,835,1724
0056,14:00,840,1724
0056,14:05,845,1724
0056,14:10,850,1897
0056,14:15,855,1897
0056,14:20,860,1897
0056,14:25,865,1897
0056,14:30,870,9741
0056,14:35,875,9741
0056,14:40,880,9741
0056,14:45,885,8966
0056,14:50,890,8966
0056,14:55,895,8966
0056,15:00,900,8966
0056,15:05,905,8966
0056,15:10,910,7759
0056,15:15,915,7759
0056,15:20,920,7759
0056,15:25,925,7759
0056,15:30,930,6552
0056,15:35,935,6552
0056,15:40,940,6552
0056,15:45,945,6121
0056,15:50,950,6121
0056,15:55,955,6121
0056,16:00,960,6121
0056,16:05,965,6121
0056,16:10,970,6121
0056,16:15,975,6121
0056,16:20,980,6121
0056,16:25,985,6121
0056,16:30,990,6121
0056,16:35,995,6121
0056,16:40,1000,6121
0056,16:45,1005,6121
0056,16:50,1010,5259
0056,16:55,1015,5259
0056,17:00,1020,5259
0056,17:05,1025,5259
0056,17:10,1030,5259
0056,17:15,1035,5259
0056,17:20,1040,5259
0056,17:25,1045,5259
0056,17:30,1050,4483
0056,17:35,1055,4483
0056,17:40,1060,4483
0056,17:45,1065,4483
0056,17:50,1070,3966
0056,17:55,1075,3966
0056,18:00,1080,3966
0056,18:05,1085,3966
0056,18:10,1090,3707
0056,18:15,1095,3707
0056,18:20,1100,3707
0056,18:25,1105,3276
0056,18:30,1110,3276
0056,18:35,1115,3276
0056,18:40,1120,3276
0056,18:45,1125,3276
0056,18:50,1130,3017
0056,18:55,1135,3017
0056,19:00,1140,3017
0056,19:05,1145,3017
0056,19:10,1150,3017
0056,19:15,1155,3017
0056,19:20,1160,3017
0056,19:25,1165,3017
0056,19:30,1170,3017
0056,19:35,1175,3017
0056,19:40,1180,3017
0056,19:45,1185,3017
0056,19:50,1190,3017
0056,19:55,1195,3017
0056,20:00,1200,3017
0056,20:05,1205,3017
0056,20:10,1210,3017
0056,20:15,1215,3017
0056,20:20,1220,3017
0056,20:25,1225,3017
0056,20:30,1230,3017
0056,20:35,1235,3017
0056,20:40,1240,3017
0056,20:45,1245,2931
0056,20:50,1250,2931
0056,20:55,1255,2931
0056,21:00,1260,2931
0056,21:05,1265,2931
0056,21:10,1270,2931
0056,21:15,1275,2931
0056,21:20,1280,2931
0056,21:25,1285,2931
0056,21:30,1290,2931
0056,21:35,1295,2931
0056,21:40,1300,2931
0056,21:45,1305,3534
0056,21:50,1310,3534
0056,21:55,1315,3534
0056,22:00,1320,3534
0056,22:05,1325,3276
0056,22:10,1330,3276
0056,22:15,1335,3276
0056,22:20,1340,3276
0056,22:25,1345,3276
0056,22:30,1350,3276
0056,22:35,1355,3276
0056,22:40,1360,3276
0056,22:45,1365,3276
0056,22:50,1370,3276
0056,22:55,1375,3276
0056,23:00,1380,3276
0056,23:05,1385,3276
0056,23:10,1390,3276
0056,23:15,1395,3276
0056,23:16,1396,3276
0056,23:20,1400,3276
0057,09:00,540,0
0057,09:05,545,0
0057,09:10,550,0
0057,09:15,555,0
0057,09:20,560,0
0057,09:25,565,0
0057,09:30,570,0
0057,09:35,575,0
0057,09:40,580,0
0057,09:45,585,0
0057,09:50,590,0
0057,09:55,595,0
0057,10:00,600,0
0057,10:05,605,0
0057,10:10,610,0
0057,10:15,615,0
0057,10:20,620,0
0057,10:25,625,0
0057,10:30,630,0
0057,10:35,635,0
0057,10:40,640,0
0057,10:45,645,0
0057,10:50,650,0
0057,10:55,655,0
0057,11:00,660,-889
0057,11:05,665,-889
0057,11:10,670,-1600
0057,11:15,675,-1600
0057,11:20,680,-1600
0057,11:25,685,-1600
0057,11:30,690,-3022
0057,11:35,695,-3022
0057,11:40,700,-3022
0057,11:45,705,-3022
0057,11:50,710,-3022
0057,11:55,715,-3022
0057,12:00,720,-3022
0057,12:05,725,-3022
0057,12:10,730,-3022
0057,12:15,735,-3022
0057,12:20,740,-3022
0057,12:25,745,-3022
0057,12:30,750,-3200
0057,12:35,755,-3200
0057,12:40,760,-3200
0057,12:45,765,-3200
0057,12:50,770,-3200
0057,12:55,775,-3200
0057,13:00,780,-3200
0057,13:05,785,-3733
0057,13:10,790,-3733
0057,13:15,795,-3733
0057,13:20,800,-3733
0057,13:25,805,-4267
0057,13:30,810,-4267
0057,13:35,815,-4267
0057,13:40,820,-4267
0057,13:45,825,-4267
0057,13:50,830,-5867
0057,13:55,835,-5867
0057,14:00,840,-5867
0057,14:05,845,-5867
0057,14:10,850,-7289
0057,14:15,855,-7289
0057,14:20,860,-7289
0057,14:25,865,-7289
0057,14:30,870,-8889
0057,14:35,875,-8889
0057,14:40,880,-8889
0057,14:45,885,-9244
0057,14:50,890,-9244
0057,14:55,895,-9244
0057,15:00,900,-9244
0057,15:05,905,-9244
0057,15:10,910,-8000
0057,15:15,915,-8000
0057,15:20,920,-8000
0057,15:25,925,-8000
0057,15:30,930,-9956
0057,15:35,935,-9956
0057,15:40,940,-9956
0057,15:45,945,-11556
0057,15:50,950,-11556
0057,15:55,955,-11556
0057,16:00,960,-11556
0057,16:05,965,-11556
0057,16:10,970,-11733
0057,16:15,975,-11733
0057,16:20,980,-11733
0057,16:25,985,-11733
0057,16:30,990,-13511
0057,16:35,995,-13511
0057,16:40,1000,-13511
0057,16:45,1005,-13511
0057,16:50,1010,-14756
0057,16:55,1015,-14756
0057,17:00,1020,-14756
0057,17:05,1025,-16000
0057,17:10,1030,-16000
0057,17:15,1035,-16000
0057,17:20,1040,-16000
0057,17:25,1045,-16000
0057,17:30,1050,-16000
0057,17:35,1055,-16000
0057,17:40,1060,-16000
0057,17:45,1065,-16000
0057,17:50,1070,-16178
0057,17:55,1075,-16178
0057,18:00,1080,-16178
0057,18:05,1085,-16178
0057,18:10,1090,-16178
0057,18:15,1095,-16178
0057,18:20,1100,-16178
0057,18:25,1105,-16711
0057,18:30,1110,-16711
0057,18:35,1115,-16711
0057,18:40,1120,-16711
0057,18:45,1125,-16711
0057,18:50,1130,-17067
0057,18:55,1135,-17067
0057,19:00,1140,-17067
0057,19:05,1145,-17067
0057,19:10,1150,-17067
0057,19:15,1155,-17067
0057,19:20,1160,-17067
0057,19:25,1165,-17067
0057,19:30,1170,-17067
0057,19:35,1175,-17067
0057,19:40,1180,-17067
0057,19:45,1185,-17067
0057,19:50,1190,-17067
0057,19:55,1195,-17067
0057,20:00,1200,-17067
0057,20:05,1205,-17067
0057,20:10,1210,-17067
0057,20:15,1215,-17067
0057,20:20,1220,-17067
0057,20:25,1225,-17067
0057,20:30,1230,-17067
0057,20:35,1235,-17067
0057,20:40,1240,-17067
0057,20:45,1245,-17600
0057,20:50,1250,-17600
0057,20:55,1255,-17600
0057,21:00,1260,-17600
0057,21:05,1265,-17600
0057,21:10,1270,-17778
0057,21:15,1275,-17778
0057,21:20,1280,-17778
0057,21:25,1285,-17778
0057,21:30,1290,-17778
0057,21:35,1295,-17778
0057,21:40,1300,-17778
0057,21:45,1305,-17778
0057,21:50,1310,-17778
0057,21:55,1315,-17778
0057,22:00,1320,-17778
0057,22:05,1325,-17778
0057,22:10,1330,-17778
0057,22:15,1335,-17778
0057,22:20,1340,-17778
0057,22:25,1345,-17778
0057,22:30,1350,-17778
0057,22:35,1355,-17778
0057,22:40,1360,-17778
0057,22:45,1365,-17778
0057,22:50,1370,-17778
0057,22:55,1375,-17778
0057,23:00,1380,-17778
0057,23:05,1385,-17778
0057,23:10,1390,-17778
0057,23:15,1395,-17778
0057,23:16,1396,-17778
0057,23:20,1400,-17778
0058,09:00,540,0
0058,09:05,545,0
0058,09:10,550,0
0058,09:15,555,0
0058,09:20,560,0
0058,09:25,565,0
0058,09:30,570,0
0058,09:35,575,0
0058,09:40,580,0
0058,09:45,585,0
0058,09:50,590,0
0058,09:55,595,0
0058,10:00,600,0
0058,10:05,605,0
0058,10:10,610,-356
0058,10:15,615,-356
0058,10:20,620,-356
0058,10:25,625,-1333
0058,10:30,630,-1333
0058,10:35,635,-1333
0058,10:40,640,-2489
0058,10:45,645,-2489
0058,10:50,650,-2489
0058,10:55,655,-2489
0058,11:00,660,-2489
0058,11:05,665,-2489
0058,11:10,670,-2667
0058,11:15,675,-2667
0058,11:20,680,-2667
0058,11:25,685,-2667
0058,11:30,690,-4533
0058,11:35,695,-4533
0058,11:40,700,-4533
0058,11:45,705,-6133
0058,11:50,710,-6133
0058,11:55,715,-6133
0058,12:00,720,-6133
0058,12:05,725,-3911
0058,12:10,730,-3911
0058,12:15,735,-3911
0058,12:20,740,-3911
0058,12:25,745,-3911
0058,12:30,750,-5244
0058,12:35,755,-5244
0058,12:40,760,-5244
0058,12:45,765,-5244
0058,12:50,770,-2044
0058,12:55,775,-2044
0058,13:00,780,-2044
0058,13:05,785,-2756
0058,13:10,790,-2756
0058,13:15,795,-2756
0058,13:20,800,-2756
0058,13:25,805,-4356
0058,13:30,810,-4356
0058,13:35,815,-4356
0058,13:40,820,-4356
0058,13:45,825,-4356
0058,13:50,830,-5244
0058,13:55,835,-5244
0058,14:00,840,-5244
0058,14:05,845,-5244
0058,14:10,850,-6400
0058,14:15,855,-6400
0058,14:20,860,-6400
0058,14:25,865,-6400
0058,14:30,870,-4356
0058,14:35,875,-4356
0058,14:40,880,-4356
0058,14:45,885,-5511
0058,14:50,890,-5511
0058,14:55,895,-5511
0058,15:00,900,-5511
0058,15:05,905,-5511
0058,15:10,910,-4978
0058,15:15,915,-4978
0058,15:20,920,-4978
0058,15:25,925,-4978
0058,15:30,930,-2933
0058,15:35,935,-2933
0058,15:40,940,-2933
0058,15:45,945,-4533
0058,15:50,950,-4533
0058,15:55,955,-4533
0058,16:00,960,-4533
0058,16:05,965,-4533
0058,16:10,970,-5511
0058,16:15,975,-5511
0058,16:20,980,-5511
0058,16:25,985,-5511
0058,16:30,990,-6933
0058,16:35,995,-6933
0058,16:40,1000,-6933
0058,16:45,1005,-6933
0058,16:50,1010,-8444
0058,16:55,1015,-8444
0058,17:00,1020,-8444
0058,17:05,1025,-6222
0058,17:10,1030,-6222
0058,17:15,1035,-6222
0058,17:20,1040,-6222
0058,17:25,1045,-6222
0058,17:30,1050,-8000
0058,17:35,1055,-8000
0058,17:40,1060,-8000
0058,17:45,1065,-8000
0058,17:50,1070,-9067
0058,17:55,1075,-9067
0058,18:00,1080,-9067
0058,18:05,1085,-9067
0058,18:10,1090,-9067
0058,18:15,1095,-9067
0058,18:20,1100,-9067
0058,18:25,1105,-9511
0058,18:30,1110,-9511
0058,18:35,1115,-9511
0058,18:40,1120,-9511
0058,18:45,1125,-9511
0058,18:50,1130,-5422
0058,18:55,1135,-5422
0058,19:00,1140,-5422
0058,19:05,1145,-5422
0058,19:10,1150,-3556
0058,19:15,1155,-3556
0058,19:20,1160,-3556
0058,19:25,1165,-3911
0058,19:30,1170,-3911
0058,19:35,1175,-3911
0058,19:40,1180,-3911
0058,19:45,1185,-4356
0058,19:50,1190,-4356
0058,19:55,1195,-4356
0058,20:00,1200,-4356
0058,20:05,1205,-4356
0058,20:10,1210,-4356
0058,20:15,1215,-4356
0058,20:20,1220,-4356
0058,20:25,1225,-4356
0058,20:30,1230,-5867
0058,20:35,1235,-5867
0058,20:40,1240,-5867
0058,20:45,1245,-6578
0058,20:50,1250,-6578
0058,20:55,1255,-6578
0058,21:00,1260,-6578
0058,21:05,1265,-6578
0058,21:10,1270,-6667
0058,21:15,1275,-6667
0058,21:20,1280,-6667
0058,21:25,1285,-6667
0058,21:30,1290,-6933
0058,21:35,1295,-6933
0058,21:40,1300,-6933
0058,21:45,1305,-6933
0058,21:50,1310,-6933
0058,21:55,1315,-6933
0058,22:00,1320,-6933
0058,22:05,1325,-6933
0058,22:10,1330,-6933
0058,22:15,1335,-6933
0058,22:20,1340,-6933
0058,22:25,1345,-6933
0058,22:30,1350,-6933
0058,22:35,1355,-6933
0058,22:40,1360,-6933
0058,22:45,1365,-6933
0058,22:50,1370,-6933
0058,22:55,1375,-6933
0058,23:00,1380,-6933
0058,23:05,1385,-6933
0058,23:10,1390,-6933
0058,23:15,1395,-6933
0058,23:16,1396,-6933
0058,23:20,1400,-6933
0059,09:00,540,0
0059,09:05,545,0
0059,09:10,550,0
0059,09:15,555,0
0059,09:20,560,0
0059,09:25,565,0
0059,09:30,570,0
0059,09:35,575,0
0059,09:40,580,0
0059,09:45,585,0
0059,09:50,590,0
0059,09:55,595,0
0059,10:00,600,0
0059,10:05,605,0
0059,10:10,610,0
0059,10:15,615,0
0059,10:20,620,0
0059,10:25,625,0
0059,10:30,630,0
0059,10:35,635,0
0059,10:40,640,0
0059,10:45,645,0
0059,10:50,650,0
0059,10:55,655,0
0059,11:00,660,0
0059,11:05,665,0
0059,11:10,670,0
0059,11:15,675,0
0059,11:20,680,0
0059,11:25,685,0
0059,11:30,690,0
0059,11:35,695,0
0059,11:40,700,0
0059,11:45,705,0
0059,11:50,710,0
0059,11:55,715,0
0059,12:00,720,0
0059,12:05,725,0
0059,12:10,730,0
0059,12:15,735,0
0059,12:20,740,0
0059,12:25,745,0
0059,12:30,750,-267
0059,12:35,755,-267
0059,12:40,760,-267
0059,12:45,765,-267
0059,12:50,770,-978
0059,12:55,775,-978
0059,13:00,780,-978
0059,13:05,785,-978
0059,13:10,790,-978
0059,13:15,795,-978
0059,13:20,800,-978
0059,13:25,805,-978
0059,13:30,810,-978
0059,13:35,815,-978
0059,13:40,820,-978
0059,13:45,825,-978
0059,13:50,830,-1600
0059,13:55,835,-1600
0059,14:00,840,-1600
0059,14:05,845,-1600
0059,14:10,850,-2222
0059,14:15,855,-2222
0059,14:20,860,-2222
0059,14:25,865,-2222
0059,14:30,870,-2222
0059,14:35,875,-2222
0059,14:40,880,-2222
0059,14:45,885,-2400
0059,14:50,890,-2400
0059,14:55,895,-2400
0059,15:00,900,-2400
0059,15:05,905,-2400
0059,15:10,910,-3556
0059,15:15,915,-3556
0059,15:20,920,-3556
0059,15:25,925,-3556
0059,15:30,930,-5156
0059,15:35,935,-5156
0059,15:40,940,-5156
0059,15:45,945,-6311
0059,15:50,950,-6311
0059,15:55,955,-6311
0059,16:00,960,-6311
0059,16:05,965,-6311
0059,16:10,970,-6844
0059,16:15,975,-6844
0059,16:20,980,-6844
0059,16:25,985,-6844
0059,16:30,990,-7822
0059,16:35,995,-7822
0059,16:40,1000,-7822
0059,16:45,1005,-7822
0059,16:50,1010,-5689
0059,16:55,1015,-5689
0059,17:00,1020,-5689
0059,17:05,1025,-3556
0059,17:10,1030,-3556
0059,17:15,1035,-3556
0059,17:20,1040,-3556
0059,17:25,1045,-3556
0059,17:30,1050,-1244
0059,17:35,1055,-1244
0059,17:40,1060,-1244
0059,17:45,1065,-1244
0059,17:50,1070,-2133
0059,17:55,1075,-2133
0059,18:00,1080,-2133
0059,18:05,1085,-2133
0059,18:10,1090,-3200
0059,18:15,1095,-3200
0059,18:20,1100,-3200
0059,18:25,1105,-3289
0059,18:30,1110,-3289
0059,18:35,1115,-3289
0059,18:40,1120,-3289
0059,18:45,1125,-3289
0059,18:50,1130,-3289
0059,18:55,1135,-3289
0059,19:00,1140,-3289
0059,19:05,1145,-3289
0059,19:10,1150,-3289
0059,19:15,1155,-3289
0059,19:20,1160,-3289
0059,19:25,1165,-3289
0059,19:30,1170,-3289
0059,19:35,1175,-3289
0059,19:40,1180,-3289
0059,19:45,1185,-3289
0059,19:50,1190,-3289
0059,19:55,1195,-3289
0059,20:00,1200,-3289
0059,20:05,1205,-3289
0059,20:10,1210,-3289
0059,20:15,1215,-3289
0059,20:20,1220,-3289
0059,20:25,1225,-3289
0059,20:30,1230,-3289
0059,20:35,1235,-3289
0059,20:40,1240,-3289
0059,20:45,1245,-3289
0059,20:50,1250,-3289
0059,20:55,1255,-3289
0059,21:00,1260,-3289
0059,21:05,1265,-3289
0059,21:10,1270,-4267
0059,21:15,1275,-4267
0059,21:20,1280,-4267
0059,21:25,1285,-4267
0059,21:30,1290,-4267
0059,21:35,1295,-4267
0059,21:40,1300,-4267
0059,21:45,1305,-4533
0059,21:50,1310,-4533
0059,21:55,1315,-4533
0059,22:00,1320,-4533
0059,22:05,1325,-4533
0059,22:10,1330,-4533
0059,22:15,1335,-4533
0059,22:20,1340,-4533
0059,22:25,1345,-4533
0059,22:30,1350,-4533
0059,22:35,1355,-4533
0059,22:40,1360,-4533
0059,22:45,1365,-4533
0059,22:50,1370,-4533
0059,22:55,1375,-4533
0059,23:00,1380,-4533
0059,23:05,1385,-4533
0059,23:10,1390,-4533
0059,23:15,1395,-4533
0059,23:16,1396,-4533
0059,23:20,1400,-4533
0060,09:00,540,0
0060,09:05,545,0
0060,09:10,550,0
0060,09:15,555,0
0060,09:20,560,0
0060,09:25,565,0
0060,09:30,570,0
0060,09:35,575,0
0060,09:40,580,0
0060,09:45,585,0
0060,09:50,590,0
0060,09:55,595,0
0060,10:00,600,0
0060,10:05,605,0
0060,10:10,610,0
0060,10:15,615,0
0060,10:20,620,0
0060,10:25,625,0
0060,10:30,630,0
0060,10:35,635,0
0060,10:40,640,0
0060,10:45,645,0
0060,10:50,650,0
0060,10:55,655,0
0060,11:00,660,-889
0060,11:05,665,-889
0060,11:10,670,-1600
0060,11:15,675,-1600
0060,11:20,680,-1600
0060,11:25,685,-1600
0060,11:30,690,-1778
0060,11:35,695,-1778
0060,11:40,700,-1778
0060,11:45,705,-1778
0060,11:50,710,-1778
0060,11:55,715,-1778
0060,12:00,720,-1778
0060,12:05,725,-1778
0060,12:10,730,-1778
0060,12:15,735,-1778
0060,12:20,740,-1778
0060,12:25,745,-1778
0060,12:30,750,-1778
0060,12:35,755,-1778
0060,12:40,760,-1778
0060,12:45,765,-1778
0060,12:50,770,-2489
0060,12:55,775,-2489
0060,13:00,780,-2489
0060,13:05,785,-3378
0060,13:10,790,-3378
0060,13:15,795,-3378
0060,13:20,800,-3378
0060,13:25,805,-3378
0060,13:30,810,-3378
0060,13:35,815,-3378
0060,13:40,820,-3378
0060,13:45,825,-3378
0060,13:50,830,-3556
0060,13:55,835,-3556
0060,14:00,840,-3556
0060,14:05,845,-3556
0060,14:10,850,3103
0060,14:15,855,3103
0060,14:20,860,3103
0060,14:25,865,3103
0060,14:30,870,9828
0060,14:35,875,9828
0060,14:40,880,9828
0060,14:45,885,10000
0060,14:50,890,10000
0060,14:55,895,10000
0060,15:00,900,10000
0060,15:05,905,10000
0060,15:10,910,8621
0060,15:15,915,8621
0060,15:20,920,8621
0060,15:25,925,8621
0060,15:30,930,7931
0060,15:35,935,7931
0060,15:40,940,7931
0060,15:45,945,7931
0060,15:50,950,7931
0060,15:55,955,7931
0060,16:00,960,7931
0060,16:05,965,7931
0060,16:10,970,7931
0060,16:15,975,7931
0060,16:20,980,7931
0060,16:25,985,7931
0060,16:30,990,6379
0060,16:35,995,6379
0060,16:40,1000,6379
0060,16:45,1005,6379
0060,16:50,1010,6379
0060,16:55,1015,6379
0060,17:00,1020,6379
0060,17:05,1025,6379
0060,17:10,1030,6379
0060,17:15,1035,6379
0060,17:20,1040,6379
0060,17:25,1045,6379
0060,17:30,1050,6379
0060,17:35,1055,6379
0060,17:40,1060,6379
0060,17:45,1065,6379
0060,17:50,1070,6379
0060,17:55,1075,6379
0060,18:00,1080,6379
0060,18:05,1085,6379
0060,18:10,1090,6379
0060,18:15,1095,6379
0060,18:20,1100,6379
0060,18:25,1105,6379
0060,18:30,1110,6379
0060,18:35,1115,6379
0060,18:40,1120,6379
0060,18:45,1125,6379
0060,18:50,1130,6379
0060,18:55,1135,6379
0060,19:00,1140,6379
0060,19:05,1145,6379
0060,19:10,1150,6379
0060,19:15,1155,6379
0060,19:20,1160,6379
0060,19:25,1165,6379
0060,19:30,1170,6379
0060,19:35,1175,6379
0060,19:40,1180,6379
0060,19:45,1185,6379
0060,19:50,1190,6379
0060,19:55,1195,6379
0060,20:00,1200,6379
0060,20:05,1205,6379
0060,20:10,1210,6379
0060,20:15,1215,6379
0060,20:20,1220,6379
0060,20:25,1225,6379
0060,20:30,1230,6379
0060,20:35,1235,6379
0060,20:40,1240,6379
0060,20:45,1245,6379
0060,20:50,1250,6379
0060,20:55,1255,6379
0060,21:00,1260,6379
0060,21:05,1265,6379
0060,21:10,1270,6379
0060,21:15,1275,6379
0060,21:20,1280,6379
0060,21:25,1285,6379
0060,21:30,1290,6379
0060,21:35,1295,6379
0060,21:40,1300,6379
0060,21:45,1305,6379
0060,21:50,1310,6379
0060,21:55,1315,6379
0060,22:00,1320,6379
0060,22:05,1325,6379
0060,22:10,1330,6379
0060,22:15,1335,6379
0060,22:20,1340,6379
0060,22:25,1345,6379
0060,22:30,1350,6379
0060,22:35,1355,6379
0060,22:40,1360,6379
0060,22:45,1365,6379
0060,22:50,1370,6379
0060,22:55,1375,6379
0060,23:00,1380,6379
0060,23:05,1385,6379
0060,23:10,1390,6379
0060,23:15,1395,6379
0060,23:16,1396,6379
0060,23:20,1400,6379
0061,09:00,540,0
0061,09:05,545,0
0061,09:10,550,0
0061,09:15,555,0
0061,09:20,560,0
0061,09:25,565,0
0061,09:30,570,0
0061,09:35,575,0
0061,09:40,580,0
0061,09:45,585,0
0061,09:50,590,0
0061,09:55,595,0
0061,10:00,600,0
0061,10:05,605,0
0061,10:10,610,0
0061,10:15,615,0
0061,10:20,620,0
0061,10:25,625,0
0061,10:30,630,0
0061,10:35,635,0
0061,10:40,640,0
0061,10:45,645,0
0061,10:50,650,0
0061,10:55,655,0
0061,11:00,660,0
0061,11:05,665,0
0061,11:10,670,0
0061,11:15,675,0
0061,11:20,680,0
0061,11:25,685,0
0061,11:30,690,0
0061,11:35,695,0
0061,11:40,700,0
0061,11:45,705,0
0061,11:50,710,0
0061,11:55,715,0
0061,12:00,720,0
0061,12:05,725,0
0061,12:10,730,0
0061,12:15,735,0
0061,12:20,740,0
0061,12:25,745,0
0061,12:30,750,0
0061,12:35,755,0
0061,12:40,760,0
0061,12:45,765,0
0061,12:50,770,0
0061,12:55,775,0
0061,13:00,780,0
0061,13:05,785,0
0061,13:10,790,0
0061,13:15,795,0
0061,13:20,800,0
0061,13:25,805,0
0061,13:30,810,0
0061,13:35,815,0
0061,13:40,820,0
0061,13:45,825,0
0061,13:50,830,0
0061,13:55,835,0
0061,14:00,840,0
0061,14:05,845,0
0061,14:10,850,0
0061,14:15,855,0
0061,14:20,860,0
0061,14:25,865,0
0061,14:30,870,-711
0061,14:35,875,-711
0061,14:40,880,-711
0061,14:45,885,-2133
0061,14:50,890,-2133
0061,14:55,895,-2133
0061,15:00,900,-2133
0061,15:05,905,-2133
0061,15:10,910,-3378
0061,15:15,915,-3378
0061,15:20,920,-3378
0061,15:25,925,-3378
0061,15:30,930,-4444
0061,15:35,935,-4444
0061,15:40,940,-4444
0061,15:45,945,-5689
0061,15:50,950,-5689
0061,15:55,955,-5689
0061,16:00,960,-5689
0061,16:05,965,-5689
0061,16:10,970,-6578
0061,16:15,975,-6578
0061,16:20,980,-6578
0061,16:25,985,-6578
0061,16:30,990,-6756
0061,16:35,995,-6756
0061,16:40,1000,-6756
0061,16:45,1005,-6756
0061,16:50,1010,-3022
0061,16:55,1015,-3022
0061,17:00,1020,-3022
0061,17:05,1025,1379
0061,17:10,1030,1379
0061,17:15,1035,1379
0061,17:20,1040,1379
0061,17:25,1045,1379
0061,17:30,1050,6552
0061,17:35,1055,6552
0061,17:40,1060,6552
0061,17:45,1065,6552
0061,17:50,1070,10345
0061,17:55,1075,10345
0061,18:00,1080,10345
0061,18:05,1085,10345
0061,18:10,1090,10172
0061,18:15,1095,10172
0061,18:20,1100,10172
0061,18:25,1105,10172
0061,18:30,1110,10172
0061,18:35,1115,10172
0061,18:40,1120,10172
0061,18:45,1125,10172
0061,18:50,1130,10172
0061,18:55,1135,10172
0061,19:00,1140,10172
0061,19:05,1145,10172
0061,19:10,1150,10172
0061,19:15,1155,10172
0061,19:20,1160,10172
0061,19:25,1165,9655
0061,19:30,1170,9655
0061,19:35,1175,9655
0061,19:40,1180,9655
0061,19:45,1185,9655
0061,19:50,1190,9655
0061,19:55,1195,9655
0061,20:00,1200,9655
0061,20:05,1205,9655
0061,20:10,1210,9655
0061,20:15,1215,9655
0061,20:20,1220,9655
0061,20:25,1225,9655
0061,20:30,1230,9655
0061,20:35,1235,9655
0061,20:40,1240,9655
0061,20:45,1245,9655
0061,20:50,1250,9655
0061,20:55,1255,9655
0061,21:00,1260,9655
0061,21:05,1265,9655
0061,21:10,1270,9655
0061,21:15,1275,9655
0061,21:20,1280,9655
0061,21:25,1285,9655
0061,21:30,1290,8621
0061,21:35,1295,8621
0061,21:40,1300,8621
0061,21:45,1305,8621
0061,21:50,1310,8621
0061,21:55,1315,8621
0061,22:00,1320,8621
0061,22:05,1325,8621
0061,22:10,1330,8621
0061,22:15,1335,8621
0061,22:20,1340,8621
0061,22:25,1345,8621
0061,22:30,1350,8621
0061,22:35,1355,8621
0061,22:40,1360,8621
0061,22:45,1365,8621
0061,22:50,1370,8621
0061,22:55,1375,8621
0061,23:00,1380,8621
0061,23:05,1385,8621
0061,23:10,1390,8621
0061,23:15,1395,8621
0061,23:16,1396,8621
0061,23:20,1400,8621
0062,09:00,540,0
0062,09:05,545,0
0062,09:10,550,0
0062,09:15,555,0
0062,09:20,560,0
0062,09:25,565,0
0062,09:30,570,0
0062,09:35,575,0
0062,09:40,580,0
0062,09:45,585,0
0062,09:50,590,0
0062,09:55,595,0
0062,10:00,600,0
0062,10:05,605,0
0062,10:10,610,0
0062,10:15,615,0
0062,10:20,620,0
0062,10:25,625,0
0062,10:30,630,0
0062,10:35,635,0
0062,10:40,640,0
0062,10:45,645,0
0062,10:50,650,0
0062,10:55,655,0
0062,11:00,660,0
0062,11:05,665,0
0062,11:10,670,0
0062,11:15,675,0
0062,11:20,680,0
0062,11:25,685,0
0062,11:30,690,0
0062,11:35,695,0
0062,11:40,700,0
0062,11:45,705,0
0062,11:50,710,0
0062,11:55,715,0
0062,12:00,720,0
0062,12:05,725,0
0062,12:10,730,0
0062,12:15,735,0
0062,12:20,740,0
0062,12:25,745,0
0062,12:30,750,0
0062,12:35,755,0
0062,12:40,760,0
0062,12:45,765,0
0062,12:50,770,0
0062,12:55,775,0
0062,13:00,780,0
0062,13:05,785,0
0062,13:10,790,0
0062,13:15,795,0
0062,13:20,800,0
0062,13:25,805,-1244
0062,13:30,810,-1244
0062,13:35,815,-1244
0062,13:40,820,-1244
0062,13:45,825,-1244
0062,13:50,830,-2489
0062,13:55,835,-2489
0062,14:00,840,-2489
0062,14:05,845,-2489
0062,14:10,850,-3733
0062,14:15,855,-3733
0062,14:20,860,-3733
0062,14:25,865,-3733
0062,14:30,870,-356
0062,14:35,875,-356
0062,14:40,880,-356
0062,14:45,885,-1422
0062,14:50,890,-1422
0062,14:55,895,-1422
0062,15:00,900,-1422
0062,15:05,905,-1422
0062,15:10,910,-2667
0062,15:15,915,-2667
0062,15:20,920,-2667
0062,15:25,925,-2667
0062,15:30,930,-4089
0062,15:35,935,-4089
0062,15:40,940,-4089
0062,15:45,945,-5689
0062,15:50,950,-5689
0062,15:55,955,-5689
0062,16:00,960,-5689
0062,16:05,965,-5689
0062,16:10,970,-7111
0062,16:15,975,-7111
0062,16:20,980,-7111
0062,16:25,985,-7111
0062,16:30,990,-8889
0062,16:35,995,-8889
0062,16:40,1000,-8889
0062,16:45,1005,-8889
0062,16:50,1010,-10311
0062,16:55,1015,-10311
0062,17:00,1020,-10311
0062,17:05,1025,-11556
0062,17:10,1030,-11556
0062,17:15,1035,-11556
0062,17:20,1040,-11556
0062,17:25,1045,-11556
0062,17:30,1050,-9778
0062,17:35,1055,-9778
0062,17:40,1060,-9778
0062,17:45,1065,-9778
0062,17:50,1070,-11556
0062,17:55,1075,-11556
0062,18:00,1080,-11556
0062,18:05,1085,-11556
0062,18:10,1090,-9422
0062,18:15,1095,-9422
0062,18:20,1100,-9422
0062,18:25,1105,-11022
0062,18:30,1110,-11022
0062,18:35,1115,-11022
0062,18:40,1120,-11022
0062,18:45,1125,-11022
0062,18:50,1130,-12622
0062,18:55,1135,-12622
0062,19:00,1140,-12622
0062,19:05,1145,-12622
0062,19:10,1150,-12622
0062,19:15,1155,-12622
0062,19:20,1160,-12622
0062,19:25,1165,-12622
0062,19:30,1170,-12622
0062,19:35,1175,-12622
0062,19:40,1180,-12622
0062,19:45,1185,-12622
0062,19:50,1190,-12622
0062,19:55,1195,-12622
0062,20:00,1200,-12622
0062,20:05,1205,-12622
0062,20:10,1210,-12622
0062,20:15,1215,-12622
0062,20:20,1220,-12622
0062,20:25,1225,-12622
0062,20:30,1230,-12622
0062,20:35,1235,-12622
0062,20:40,1240,-12622
0062,20:45,1245,-12622
0062,20:50,1250,-12622
0062,20:55,1255,-12622
0062,21:00,1260,-12622
0062,21:05,1265,-12622
0062,21:10,1270,-12622
0062,21:15,1275,-12622
0062,21:20,1280,-12622
0062,21:25,1285,-12622
0062,21:30,1290,-12978
0062,21:35,1295,-12978
0062,21:40,1300,-12978
0062,21:45,1305,-14578
0062,21:50,1310,-14578
0062,21:55,1315,-14578
0062,22:00,1320,-14578
0062,22:05,1325,-15289
0062,22:10,1330,-15289
0062,22:15,1335,-15289
0062,22:20,1340,-15289
0062,22:25,1345,-15289
0062,22:30,1350,-15289
0062,22:35,1355,-15289
0062,22:40,1360,-15289
0062,22:45,1365,-15289
0062,22:50,1370,-15289
0062,22:55,1375,-15289
0062,23:00,1380,-15289
0062,23:05,1385,-15289
0062,23:10,1390,-15289
0062,23:15,1395,-15289
0062,23:16,1396,-15289
0062,23:20,1400,-15289
0063,09:00,540,0
0063,09:05,545,0
0063,09:10,550,0
0063,09:15,555,0
0063,09:20,560,0
0063,09:25,565,0
0063,09:30,570,0
0063,09:35,575,0
0063,09:40,580,0
0063,09:45,585,0
0063,09:50,590,0
0063,09:55,595,0
0063,10:00,600,0
0063,10:05,605,0
0063,10:10,610,0
0063,10:15,615,0
0063,10:20,620,0
0063,10:25,625,0
0063,10:30,630,0
0063,10:35,635,0
0063,10:40,640,0
0063,10:45,645,0
0063,10:50,650,0
0063,10:55,655,0
0063,11:00,660,0
0063,11:05,665,0
0063,11:10,670,0
0063,11:15,675,0
0063,11:20,680,0
0063,11:25,685,0
0063,11:30,690,0
0063,11:35,695,0
0063,11:40,700,0
0063,11:45,705,0
0063,11:50,710,0
0063,11:55,715,0
0063,12:00,720,0
0063,12:05,725,-533
0063,12:10,730,-533
0063,12:15,735,-533
0063,12:20,740,-533
0063,12:25,745,-533
0063,12:30,750,-533
0063,12:35,755,-533
0063,12:40,760,-533
0063,12:45,765,-533
0063,12:50,770,-711
0063,12:55,775,-711
0063,13:00,780,-711
0063,13:05,785,-711
0063,13:10,790,-711
0063,13:15,795,-711
0063,13:20,800,-711
0063,13:25,805,-711
0063,13:30,810,-711
0063,13:35,815,-711
0063,13:40,820,-711
0063,13:45,825,-711
0063,13:50,830,-711
0063,13:55,835,-711
0063,14:00,840,-711
0063,14:05,845,-711
0063,14:10,850,-711
0063,14:15,855,-711
0063,14:20,860,-711
0063,14:25,865,-711
0063,14:30,870,-1600
0063,14:35,875,-1600
0063,14:40,880,-1600
0063,14:45,885,-2133
0063,14:50,890,-2133
0063,14:55,895,-2133
0063,15:00,900,-2133
0063,15:05,905,-2133
0063,15:10,910,-3378
0063,15:15,915,-3378
0063,15:20,920,-3378
0063,15:25,925,-3378
0063,15:30,930,-4267
0063,15:35,935,-4267
0063,15:40,940,-4267
0063,15:45,945,-5867
0063,15:50,950,-5867
0063,15:55,955,-5867
0063,16:00,960,-5867
0063,16:05,965,-5867
0063,16:10,970,-6400
0063,16:15,975,-6400
0063,16:20,980,-6400
0063,16:25,985,-6400
0063,16:30,990,-7822
0063,16:35,995,-7822
0063,16:40,1000,-7822
0063,16:45,1005,-7822
0063,16:50,1010,-9067
0063,16:55,1015,-9067
0063,17:00,1020,-9067
0063,17:05,1025,-10311
0063,17:10,1030,-10311
0063,17:15,1035,-10311
0063,17:20,1040,-10311
0063,17:25,1045,-10311
0063,17:30,1050,-10311
0063,17:35,1055,-10311
0063,17:40,1060,-10311
0063,17:45,1065,-10311
0063,17:50,1070,-10311
0063,17:55,1075,-10311
0063,18:00,1080,-10311
0063,18:05,1085,-10311
0063,18:10,1090,-10667
0063,18:15,1095,-10667
0063,18:20,1100,-10667
0063,18:25,1105,-10667
0063,18:30,1110,-10667
0063,18:35,1115,-10667
0063,18:40,1120,-10667
0063,18:45,1125,-10667
0063,18:50,1130,-10667
0063,18:55,1135,-10667
0063,19:00,1140,-10667
0063,19:05,1145,-10667
0063,19:10,1150,-10667
0063,19:15,1155,-10667
0063,19:20,1160,-10667
0063,19:25,1165,-10667
0063,19:30,1170,-10667
0063,19:35,1175,-10667
0063,19:40,1180,-10667
0063,19:45,1185,-10667
0063,19:50,1190,-10667
0063,19:55,1195,-10667
0063,20:00,1200,-10667
0063,20:05,1205,-10667
0063,20:10,1210,-10667
0063,20:15,1215,-10667
0063,20:20,1220,-10667
0063,20:25,1225,-10667
0063,20:30,1230,-10667
0063,20:35,1235,-10667
0063,20:40,1240,-10667
0063,20:45,1245,-10844
0063,20:50,1250,-10844
0063,20:55,1255,-10844
0063,21:00,1260,-10844
0063,21:05,1265,-10844
0063,21:10,1270,-10844
0063,21:15,1275,-10844
0063,21:20,1280,-10844
0063,21:25,1285,-10844
0063,21:30,1290,-10844
0063,21:35,1295,-10844
0063,21:40,1300,-10844
0063,21:45,1305,-10844
0063,21:50,1310,-10844
0063,21:55,1315,-10844
0063,22:00,1320,-10844
0063,22:05,1325,-10844
0063,22:10,1330,-10844
0063,22:15,1335,-10844
0063,22:20,1340,-10844
0063,22:25,1345,-10844
0063,22:30,1350,-10844
0063,22:35,1355,-10844
0063,22:40,1360,-10844
0063,22:45,1365,-10844
0063,22:50,1370,-10844
0063,22:55,1375,-10844
0063,23:00,1380,-10844
0063,23:05,1385,-10844
0063,23:10,1390,-10844
0063,23:15,1395,-10844
0063,23:16,1396,-10844
0063,23:20,1400,-10844
0064,09:00,540,0
0064,09:05,545,0
0064,09:10,550,0
0064,09:15,555,0
0064,09:20,560,0
0064,09:25,565,0
0064,09:30,570,0
0064,09:35,575,0
0064,09:40,580,0
0064,09:45,585,0
0064,09:50,590,0
0064,09:55,595,0
0064,10:00,600,0
0064,10:05,605,0
0064,10:10,610,0
0064,10:15,615,0
0064,10:20,620,0
0064,10:25,625,0
0064,10:30,630,0
0064,10:35,635,0
0064,10:40,640,0
0064,10:45,645,0
0064,10:50,650,0
0064,10:55,655,0
0064,11:00,660,0
0064,11:05,665,0
0064,11:10,670,0
0064,11:15,675,0
0064,11:20,680,0
0064,11:25,685,0
0064,11:30,690,0
0064,11:35,695,0
0064,11:40,700,0
0064,11:45,705,0
0064,11:50,710,0
0064,11:55,715,0
0064,12:00,720,0
0064,12:05,725,-356
0064,12:10,730,-356
0064,12:15,735,-356
0064,12:20,740,-356
0064,12:25,745,-356
0064,12:30,750,1552
0064,12:35,755,1552
0064,12:40,760,1552
0064,12:45,765,1552
0064,12:50,770,690
0064,12:55,775,690
0064,13:00,780,690
0064,13:05,785,3103
0064,13:10,790,3103
0064,13:15,795,3103
0064,13:20,800,3103
0064,13:25,805,10345
0064,13:30,810,10345
0064,13:35,815,10345
0064,13:40,820,10345
0064,13:45,825,10345
0064,13:50,830,15345
0064,13:55,835,15345
0064,14:00,840,15345
0064,14:05,845,15345
0064,14:10,850,17759
0064,14:15,855,17759
0064,14:20,860,17759
0064,14:25,865,17759
0064,14:30,870,16379
0064,14:35,875,16379
0064,14:40,880,16379
0064,14:45,885,14828
0064,14:50,890,14828
0064,14:55,895,14828
0064,15:00,900,14828
0064,15:05,905,14828
0064,15:10,910,13621
0064,15:15,915,13621
0064,15:20,920,13621
0064,15:25,925,13621
0064,15:30,930,13448
0064,15:35,935,13448
0064,15:40,940,13448
0064,15:45,945,13448
0064,15:50,950,13448
0064,15:55,955,13448
0064,16:00,960,13448
0064,16:05,965,13448
0064,16:10,970,12759
0064,16:15,975,12759
0064,16:20,980,12759
0064,16:25,985,12759
0064,16:30,990,11897
0064,16:35,995,11897
0064,16:40,1000,11897
0064,16:45,1005,11897
0064,16:50,1010,11897
0064,16:55,1015,11897
0064,17:00,1020,11897
0064,17:05,1025,11552
0064,17:10,1030,11552
0064,17:15,1035,11552
0064,17:20,1040,11552
0064,17:25,1045,11552
0064,17:30,1050,11034
0064,17:35,1055,11034
0064,17:40,1060,11034
0064,17:45,1065,11034
0064,17:50,1070,10862
0064,17:55,1075,10862
0064,18:00,1080,10862
0064,18:05,1085,10862
0064,18:10,1090,10862
0064,18:15,1095,10862
0064,18:20,1100,10862
0064,18:25,1105,10862
0064,18:30,1110,10862
0064,18:35,1115,10862
0064,18:40,1120,10862
0064,18:45,1125,10862
0064,18:50,1130,10862
0064,18:55,1135,10862
0064,19:00,1140,10862
0064,19:05,1145,10862
0064,19:10,1150,10862
0064,19:15,1155,10862
0064,19:20,1160,10862
0064,19:25,1165,10862
0064,19:30,1170,10862
0064,19:35,1175,10862
0064,19:40,1180,10862
0064,19:45,1185,10862
0064,19:50,1190,10862
0064,19:55,1195,10862
0064,20:00,1200,10862
0064,20:05,1205,10862
0064,20:10,1210,10862
0064,20:15,1215,10862
0064,20:20,1220,10862
0064,20:25,1225,10862
0064,20:30,1230,10862
0064,20:35,1235,10862
0064,20:40,1240,10862
0064,20:45,1245,10862
0064,20:50,1250,10862
0064,20:55,1255,10862
0064,21:00,1260,10862
0064,21:05,1265,10862
0064,21:10,1270,10862
0064,21:15,1275,10862
0064,21:20,1280,10862
0064,21:25,1285,10862
0064,21:30,1290,10862
0064,21:35,1295,10862
0064,21:40,1300,10862
0064,21:45,1305,10862
0064,21:50,1310,10862
0064,21:55,1315,10862
0064,22:00,1320,10862
0064,22:05,1325,10862
0064,22:10,1330,10862
0064,22:15,1335,10862
0064,22:20,1340,10862
0064,22:25,1345,10862
0064,22:30,1350,10862
0064,22:35,1355,10862
0064,22:40,1360,10862
0064,22:45,1365,10862
0064,22:50,1370,10862
0064,22:55,1375,10862
0064,23:00,1380,10862
0064,23:05,1385,10862
0064,23:10,1390,10862
0064,23:15,1395,10862
0064,23:16,1396,10862
0064,23:20,1400,10862
0065,09:00,540,0
0065,09:05,545,0
0065,09:10,550,0
0065,09:15,555,0
0065,09:20,560,0
0065,09:25,565,0
0065,09:30,570,0
0065,09:35,575,0
0065,09:40,580,0
0065,09:45,585,0
0065,09:50,590,0
0065,09:55,595,0
0065,10:00,600,0
0065,10:05,605,0
0065,10:10,610,0
0065,10:15,615,0
0065,10:20,620,0
0065,10:25,625,0
0065,10:30,630,0
0065,10:35,635,0
0065,10:40,640,0
0065,10:45,645,0
0065,10:50,650,0
0065,10:55,655,0
0065,11:00,660,0
0065,11:05,665,0
0065,11:10,670,0
0065,11:15,675,0
0065,11:20,680,0
0065,11:25,685,0
0065,11:30,690,0
0065,11:35,695,0
0065,11:40,700,0
0065,11:45,705,0
0065,11:50,710,0
0065,11:55,715,0
0065,12:00,720,0
0065,12:05,725,0
0065,12:10,730,0
0065,12:15,735,0
0065,12:20,740,0
0065,12:25,745,0
0065,12:30,750,0
0065,12:35,755,0
0065,12:40,760,0
0065,12:45,765,0
0065,12:50,770,0
0065,12:55,775,0
0065,13:00,780,0
0065,13:05,785,0
0065,13:10,790,0
0065,13:15,795,0
0065,13:20,800,0
0065,13:25,805,0
0065,13:30,810,0
0065,13:35,815,0
0065,13:40,820,0
0065,13:45,825,0
0065,13:50,830,0
0065,13:55,835,0
0065,14:00,840,0
0065,14:05,845,0
0065,14:10,850,0
0065,14:15,855,0
0065,14:20,860,0
0065,14:25,865,0
0065,14:30,870,0
0065,14:35,875,0
0065,14:40,880,0
0065,14:45,885,0
0065,14:50,890,0
0065,14:55,895,0
0065,15:00,900,0
0065,15:05,905,0
0065,15:10,910,0
0065,15:15,915,0
0065,15:20,920,0
0065,15:25,925,0
0065,15:30,930,-711
0065,15:35,935,-711
0065,15:40,940,-711
0065,15:45,945,2759
0065,15:50,950,2759
0065,15:55,955,2759
0065,16:00,960,2759
0065,16:05,965,2759
0065,16:10,970,1897
0065,16:15,975,1897
0065,16:20,980,1897
0065,16:25,985,1897
0065,16:30,990,1897
0065,16:35,995,1897
0065,16:40,1000,1897
0065,16:45,1005,1897
0065,16:50,1010,1897
0065,16:55,1015,1897
0065,17:00,1020,1897
0065,17:05,1025,1638
0065,17:10,1030,1638
0065,17:15,1035,1638
0065,17:20,1040,1638
0065,17:25,1045,1638
0065,17:30,1050,1638
0065,17:35,1055,1638
0065,17:40,1060,1638
0065,17:45,1065,1638
0065,17:50,1070,1638
0065,17:55,1075,1638
0065,18:00,1080,1638
0065,18:05,1085,1638
0065,18:10,1090,1638
0065,18:15,1095,1638
0065,18:20,1100,1638
0065,18:25,1105,1638
0065,18:30,1110,1638
0065,18:35,1115,1638
0065,18:40,1120,1638
0065,18:45,1125,1638
0065,18:50,1130,1638
0065,18:55,1135,1638
0065,19:00,1140,1638
0065,19:05,1145,1638
0065,19:10,1150,1638
0065,19:15,1155,1638
0065,19:20,1160,1638
0065,19:25,1165,1638
0065,19:30,1170,1638
0065,19:35,1175,1638
0065,19:40,1180,1638
0065,19:45,1185,1638
0065,19:50,1190,1638
0065,19:55,1195,1638
0065,20:00,1200,1638
0065,20:05,1205,1638
0065,20:10,1210,1638
0065,20:15,1215,1638
0065,20:20,1220,1638
0065,20:25,1225,1638
0065,20:30,1230,1638
0065,20:35,1235,1638
0065,20:40,1240,1638
0065,20:45,1245,1638
0065,20:50,1250,1638
0065,20:55,1255,1638
0065,21:00,1260,1638
0065,21:05,1265,1638
0065,21:10,1270,1638
0065,21:15,1275,1638
0065,21:20,1280,1638
0065,21:25,1285,1638
0065,21:30,1290,1638
0065,21:35,1295,1638
0065,21:40,1300,1638
0065,21:45,1305,1638
0065,21:50,1310,1638
0065,21:55,1315,1638
0065,22:00,1320,1638
0065,22:05,1325,1638
0065,22:10,1330,1638
0065,22:15,1335,1638
0065,22:20,1340,1638
0065,22:25,1345,1638
0065,22:30,1350,1638
0065,22:35,1355,1638
0065,22:40,1360,1638
0065,22:45,1365,1638
0065,22:50,1370,1638
0065,22:55,1375,1638
0065,23:00,1380,1638
0065,23:05,1385,1638
0065,23:10,1390,1638
0065,23:15,1395,1638
0065,23:16,1396,1638
0065,23:20,1400,1638
0066,09:00,540,0
0066,09:05,545,0
0066,09:10,550,0
0066,09:15,555,0
0066,09:20,560,0
0066,09:25,565,0
0066,09:30,570,0
0066,09:35,575,0
0066,09:40,580,0
0066,09:45,585,0
0066,09:50,590,0
0066,09:55,595,0
0066,10:00,600,0
0066,10:05,605,0
0066,10:10,610,0
0066,10:15,615,0
0066,10:20,620,0
0066,10:25,625,0
0066,10:30,630,0
0066,10:35,635,0
0066,10:40,640,0
0066,10:45,645,0
0066,10:50,650,0
0066,10:55,655,0
0066,11:00,660,-711
0066,11:05,665,-711
0066,11:10,670,-889
0066,11:15,675,-889
0066,11:20,680,-889
0066,11:25,685,-889
0066,11:30,690,-889
0066,11:35,695,-889
0066,11:40,700,-889
0066,11:45,705,-889
0066,11:50,710,-889
0066,11:55,715,-889
0066,12:00,720,-889
0066,12:05,725,-889
0066,12:10,730,-889
0066,12:15,735,-889
0066,12:20,740,-889
0066,12:25,745,-889
0066,12:30,750,-1600
0066,12:35,755,-1600
0066,12:40,760,-1600
0066,12:45,765,-1600
0066,12:50,770,-2311
0066,12:55,775,-2311
0066,13:00,780,-2311
0066,13:05,785,-3022
0066,13:10,790,-3022
0066,13:15,795,-3022
0066,13:20,800,-3022
0066,13:25,805,-3733
0066,13:30,810,-3733
0066,13:35,815,-3733
0066,13:40,820,-3733
0066,13:45,825,-3733
0066,13:50,830,-4800
0066,13:55,835,-4800
0066,14:00,840,-4800
0066,14:05,845,-4800
0066,14:10,850,-6044
0066,14:15,855,-6044
0066,14:20,860,-6044
0066,14:25,865,-6044
0066,14:30,870,-7644
0066,14:35,875,-7644
0066,14:40,880,-7644
0066,14:45,885,-8889
0066,14:50,890,-8889
0066,14:55,895,-8889
0066,15:00,900,-8889
0066,15:05,905,-8889
0066,15:10,910,-9422
0066,15:15,915,-9422
0066,15:20,920,-9422
0066,15:25,925,-9422
0066,15:30,930,-11200
0066,15:35,935,-11200
0066,15:40,940,-11200
0066,15:45,945,-12444
0066,15:50,950,-12444
0066,15:55,955,-12444
0066,16:00,960,-12444
0066,16:05,965,-12444
0066,16:10,970,-13689
0066,16:15,975,-13689
0066,16:20,980,-13689
0066,16:25,985,-13689
0066,16:30,990,-15467
0066,16:35,995,-15467
0066,16:40,1000,-15467
0066,16:45,1005,-15467
0066,16:50,1010,-15822
0066,16:55,1015,-15822
0066,17:00,1020,-15822
0066,17:05,1025,-16889
0066,17:10,1030,-16889
0066,17:15,1035,-16889
0066,17:20,1040,-16889
0066,17:25,1045,-16889
0066,17:30,1050,-18311
0066,17:35,1055,-18311
0066,17:40,1060,-18311
0066,17:45,1065,-18311
0066,17:50,1070,-18489
0066,17:55,1075,-18489
0066,18:00,1080,-18489
0066,18:05,1085,-18489
0066,18:10,1090,-18489
0066,18:15,1095,-18489
0066,18:20,1100,-18489
0066,18:25,1105,-19378
0066,18:30,1110,-19378
0066,18:35,1115,-19378
0066,18:40,1120,-19378
0066,18:45,1125,-19378
0066,18:50,1130,-19378
0066,18:55,1135,-19378
0066,19:00,1140,-19378
0066,19:05,1145,-19378
0066,19:10,1150,-19378
0066,19:15,1155,-19378
0066,19:20,1160,-19378
0066,19:25,1165,-19378
0066,19:30,1170,-19378
0066,19:35,1175,-19378
0066,19:40,1180,-19378
0066,19:45,1185,-19378
0066,19:50,1190,-19378
0066,19:55,1195,-19378
0066,20:00,1200,-19378
0066,20:05,1205,-19378
0066,20:10,1210,-19378
0066,20:15,1215,-19378
0066,20:20,1220,-19378
0066,20:25,1225,-19378
0066,20:30,1230,-19378
0066,20:35,1235,-19378
0066,20:40,1240,-19378
0066,20:45,1245,-19378
0066,20:50,1250,-19378
0066,20:55,1255,-19378
0066,21:00,1260,-19378
0066,21:05,1265,-19378
0066,21:10,1270,-19378
0066,21:15,1275,-19378
0066,21:20,1280,-19378
0066,21:25,1285,-19378
0066,21:30,1290,-19378
0066,21:35,1295,-19378
0066,21:40,1300,-19378
0066,21:45,1305,-19378
0066,21:50,1310,-19378
0066,21:55,1315,-19378
0066,22:00,1320,-19378
0066,22:05,1325,-19378
0066,22:10,1330,-19378
0066,22:15,1335,-19378
0066,22:20,1340,-19378
0066,22:25,1345,-19378
0066,22:30,1350,-19378
0066,22:35,1355,-19378
0066,22:40,1360,-19378
0066,22:45,1365,-19378
0066,22:50,1370,-19378
0066,22:55,1375,-19378
0066,23:00,1380,-19378
0066,23:05,1385,-19378
0066,23:10,1390,-19378
0066,23:15,1395,-19378
0066,23:16,1396,-19378
0066,23:20,1400,-19378
0067,09:00,540,0
0067,09:05,545,0
0067,09:10,550,0
0067,09:15,555,0
0067,09:20,560,0
0067,09:25,565,0
0067,09:30,570,0
0067,09:35,575,0
0067,09:40,580,0
0067,09:45,585,0
0067,09:50,590,0
0067,09:55,595,0
0067,10:00,600,0
0067,10:05,605,0
0067,10:10,610,0
0067,10:15,615,0
0067,10:20,620,0
0067,10:25,625,0
0067,10:30,630,0
0067,10:35,635,0
0067,10:40,640,0
0067,10:45,645,0
0067,10:50,650,0
0067,10:55,655,0
0067,11:00,660,0
0067,11:05,665,0
0067,11:10,670,0
0067,11:15,675,0
0067,11:20,680,0
0067,11:25,685,0
0067,11:30,690,0
0067,11:35,695,0
0067,11:40,700,0
0067,11:45,705,0
0067,11:50,710,0
0067,11:55,715,0
0067,12:00,720,0
0067,12:05,725,0
0067,12:10,730,0
0067,12:15,735,0
0067,12:20,740,0
0067,12:25,745,0
0067,12:30,750,0
0067,12:35,755,0
0067,12:40,760,0
0067,12:45,765,0
0067,12:50,770,-711
0067,12:55,775,-711
0067,13:00,780,-711
0067,13:05,785,-711
0067,13:10,790,-711
0067,13:15,795,-711
0067,13:20,800,-711
0067,13:25,805,-711
0067,13:30,810,-711
0067,13:35,815,-711
0067,13:40,820,-711
0067,13:45,825,-711
0067,13:50,830,-2044
0067,13:55,835,-2044
0067,14:00,840,-2044
0067,14:05,845,-2044
0067,14:10,850,-3022
0067,14:15,855,-3022
0067,14:20,860,-3022
0067,14:25,865,-3022
0067,14:30,870,1552
0067,14:35,875,1552
0067,14:40,880,1552
0067,14:45,885,6983
0067,14:50,890,6983
0067,14:55,895,6983
0067,15:00,900,6983
0067,15:05,905,6983
0067,15:10,910,6207
0067,15:15,915,6207
0067,15:20,920,6207
0067,15:25,925,6207
0067,15:30,930,5172
0067,15:35,935,5172
0067,15:40,940,5172
0067,15:45,945,3707
0067,15:50,950,3707
0067,15:55,955,3707
0067,16:00,960,3707
0067,16:05,965,3707
0067,16:10,970,2500
0067,16:15,975,2500
0067,16:20,980,2500
0067,16:25,985,2500
0067,16:30,990,1379
0067,16:35,995,1379
0067,16:40,1000,1379
0067,16:45,1005,1379
0067,16:50,1010,-89
0067,16:55,1015,-89
0067,17:00,1020,-89
0067,17:05,1025,-1422
0067,17:10,1030,-1422
0067,17:15,1035,-1422
0067,17:20,1040,-1422
0067,17:25,1045,-1422
0067,17:30,1050,-3200
0067,17:35,1055,-3200
0067,17:40,1060,-3200
0067,17:45,1065,-3200
0067,17:50,1070,-3644
0067,17:55,1075,-3644
0067,18:00,1080,-3644
0067,18:05,1085,-3644
0067,18:10,1090,-3644
0067,18:15,1095,-3644
0067,18:20,1100,-3644
0067,18:25,1105,-5333
0067,18:30,1110,-5333
0067,18:35,1115,-5333
0067,18:40,1120,-5333
0067,18:45,1125,-5333
0067,18:50,1130,345
0067,18:55,1135,345
0067,19:00,1140,345
0067,19:05,1145,345
0067,19:10,1150,-533
0067,19:15,1155,-533
0067,19:20,1160,-533
0067,19:25,1165,2845
0067,19:30,1170,2845
0067,19:35,1175,2845
0067,19:40,1180,2845
0067,19:45,1185,1379
0067,19:50,1190,1379
0067,19:55,1195,1379
0067,20:00,1200,1379
0067,20:05,1205,1379
0067,20:10,1210,1121
0067,20:15,1215,1121
0067,20:20,1220,1121
0067,20:25,1225,1121
0067,20:30,1230,1121
0067,20:35,1235,1121
0067,20:40,1240,1121
0067,20:45,1245,1121
0067,20:50,1250,1121
0067,20:55,1255,1121
0067,21:00,1260,1121
0067,21:05,1265,1121
0067,21:10,1270,1121
0067,21:15,1275,1121
0067,21:20,1280,1121
0067,21:25,1285,1121
0067,21:30,1290,862
0067,21:35,1295,862
0067,21:40,1300,862
0067,21:45,1305,862
0067,21:50,1310,862
0067,21:55,1315,862
0067,22:00,1320,862
0067,22:05,1325,862
0067,22:10,1330,862
0067,22:15,1335,862
0067,22:20,1340,862
0067,22:25,1345,862
0067,22:30,1350,862
0067,22:35,1355,862
0067,22:40,1360,862
0067,22:45,1365,862
0067,22:50,1370,862
0067,22:55,1375,862
0067,23:00,1380,862
0067,23:05,1385,862
0067,23:10,1390,862
0067,23:15,1395,862
0067,23:16,1396,862
0067,23:20,1400,862
0068,09:00,540,0
0068,09:05,545,0
0068,09:10,550,0
0068,09:15,555,0
0068,09:20,560,0
0068,09:25,565,0
0068,09:30,570,0
0068,09:35,575,0
0068,09:40,580,0
0068,09:45,585,0
0068,09:50,590,0
0068,09:55,595,0
0068,10:00,600,0
0068,10:05,605,0
0068,10:10,610,0
0068,10:15,615,0
0068,10:20,620,0
0068,10:25,625,0
0068,10:30,630,0
0068,10:35,635,0
0068,10:40,640,0
0068,10:45,645,0
0068,10:50,650,0
0068,10:55,655,0
0068,11:00,660,0
0068,11:05,665,0
0068,11:10,670,0
0068,11:15,675,0
0068,11:20,680,0
0068,11:25,685,0
0068,11:30,690,0
0068,11:35,695,0
0068,11:40,700,0
0068,11:45,705,-89
0068,11:50,710,-89
0068,11:55,715,-89
0068,12:00,720,-89
0068,12:05,725,-1156
0068,12:10,730,-1156
0068,12:15,735,-1156
0068,12:20,740,-1156
0068,12:25,745,-1156
0068,12:30,750,-1333
0068,12:35,755,-1333
0068,12:40,760,-1333
0068,12:45,765,-1333
0068,12:50,770,-1333
0068,12:55,775,-1333
0068,13:00,780,-1333
0068,13:05,785,-1333
0068,13:10,790,-1333
0068,13:15,795,-1333
0068,13:20,800,-1333
0068,13:25,805,-1333
0068,13:30,810,-1333
0068,13:35,815,-1333
0068,13:40,820,-1333
0068,13:45,825,-1333
0068,13:50,830,-1333
0068,13:55,835,-1333
0068,14:00,840,-1333
0068,14:05,845,-1333
0068,14:10,850,-1778
0068,14:15,855,-1778
0068,14:20,860,-1778
0068,14:25,865,-1778
0068,14:30,870,-2578
0068,14:35,875,-2578
0068,14:40,880,-2578
0068,14:45,885,1983
0068,14:50,890,1983
0068,14:55,895,1983
0068,15:00,900,1983
0068,15:05,905,1983
0068,15:10,910,5345
0068,15:15,915,5345
0068,15:20,920,5345
0068,15:25,925,5345
0068,15:30,930,4569
0068,15:35,935,4569
0068,15:40,940,4569
0068,15:45,945,3966
0068,15:50,950,3966
0068,15:55,955,3966
0068,16:00,960,3966
0068,16:05,965,3966
0068,16:10,970,3190
0068,16:15,975,3190
0068,16:20,980,3190
0068,16:25,985,3190
0068,16:30,990,2241
0068,16:35,995,2241
0068,16:40,1000,2241
0068,16:45,1005,2241
0068,16:50,1010,1379
0068,16:55,1015,1379
0068,17:00,1020,1379
0068,17:05,1025,2241
0068,17:10,1030,2241
0068,17:15,1035,2241
0068,17:20,1040,2241
0068,17:25,1045,2241
0068,17:30,1050,1724
0068,17:35,1055,1724
0068,17:40,1060,1724
0068,17:45,1065,1724
0068,17:50,1070,776
0068,17:55,1075,776
0068,18:00,1080,776
0068,18:05,1085,776
0068,18:10,1090,690
0068,18:15,1095,690
0068,18:20,1100,690
0068,18:25,1105,690
0068,18:30,1110,690
0068,18:35,1115,690
0068,18:40,1120,690
0068,18:45,1125,690
0068,18:50,1130,-89
0068,18:55,1135,-89
0068,19:00,1140,-89
0068,19:05,1145,-89
0068,19:10,1150,431
0068,19:15,1155,431
0068,19:20,1160,431
0068,19:25,1165,776
0068,19:30,1170,776
0068,19:35,1175,776
0068,19:40,1180,776
0068,19:45,1185,-533
0068,19:50,1190,-533
0068,19:55,1195,-533
0068,20:00,1200,-533
0068,20:05,1205,-533
0068,20:10,1210,-1422
0068,20:15,1215,-1422
0068,20:20,1220,-1422
0068,20:25,1225,-1422
0068,20:30,1230,-1956
0068,20:35,1235,-1956
0068,20:40,1240,-1956
0068,20:45,1245,-1956
0068,20:50,1250,-1956
0068,20:55,1255,-1956
0068,21:00,1260,-1956
0068,21:05,1265,-1956
0068,21:10,1270,-1956
0068,21:15,1275,-1956
0068,21:20,1280,-1956
0068,21:25,1285,-1956
0068,21:30,1290,-1956
0068,21:35,1295,-1956
0068,21:40,1300,-1956
0068,21:45,1305,-2844
0068,21:50,1310,-2844
0068,21:55,1315,-2844
0068,22:00,1320,-2844
0068,22:05,1325,-3289
0068,22:10,1330,-3289
0068,22:15,1335,-3289
0068,22:20,1340,-3289
0068,22:25,1345,-3289
0068,22:30,1350,-3289
0068,22:35,1355,-3289
0068,22:40,1360,-3289
0068,22:45,1365,-3289
0068,22:50,1370,-3289
0068,22:55,1375,-3289
0068,23:00,1380,-3289
0068,23:05,1385,-3289
0068,23:10,1390,-3289
0068,23:15,1395,-3289
0068,23:16,1396,-3289
0068,23:20,1400,-3289
0069,09:00,540,0
0069,09:05,545,0
0069,09:10,550,0
0069,09:15,555,0
0069,09:20,560,0
0069,09:25,565,0
0069,09:30,570,0
0069,09:35,575,0
0069,09:40,580,0
0069,09:45,585,0
0069,09:50,590,0
0069,09:55,595,0
0069,10:00,600,0
0069,10:05,605,0
0069,10:10,610,0
0069,10:15,615,0
0069,10:20,620,0
0069,10:25,625,0
0069,10:30,630,0
0069,10:35,635,0
0069,10:40,640,0
0069,10:45,645,0
0069,10:50,650,0
0069,10:55,655,0
0069,11:00,660,0
0069,11:05,665,0
0069,11:10,670,0
0069,11:15,675,0
0069,11:20,680,0
0069,11:25,685,0
0069,11:30,690,0
0069,11:35,695,0
0069,11:40,700,0
0069,11:45,705,0
0069,11:50,710,0
0069,11:55,715,0
0069,12:00,720,0
0069,12:05,725,-1277
0069,12:10,730,-1277
0069,12:15,735,-1277
0069,12:20,740,-1277
0069,12:25,745,-1277
0069,12:30,750,5455
0069,12:35,755,5455
0069,12:40,760,5455
0069,12:45,765,5455
0069,12:50,770,10413
0069,12:55,775,10413
0069,13:00,780,10413
0069,13:05,785,12397
0069,13:10,790,12397
0069,13:15,795,12397
0069,13:20,800,12397
0069,13:25,805,19091
0069,13:30,810,19091
0069,13:35,815,19091
0069,13:40,820,19091
0069,13:45,825,19091
0069,13:50,830,25289
0069,13:55,835,25289
0069,14:00,840,25289
0069,14:05,845,25289
0069,14:10,850,28264
0069,14:15,855,28264
0069,14:20,860,28264
0069,14:25,865,28264
0069,14:30,870,28017
0069,14:35,875,28017
0069,14:40,880,28017
0069,14:45,885,28017
0069,14:50,890,28017
0069,14:55,895,28017
0069,15:00,900,28017
0069,15:05,905,28017
0069,15:10,910,27025
0069,15:15,915,27025
0069,15:20,920,27025
0069,15:25,925,27025
0069,15:30,930,25289
0069,15:35,935,25289
0069,15:40,940,25289
0069,15:45,945,27025
0069,15:50,950,27025
0069,15:55,955,27025
0069,16:00,960,27025
0069,16:05,965,27025
0069,16:10,970,25785
0069,16:15,975,25785
0069,16:20,980,25785
0069,16:25,985,25785
0069,16:30,990,24298
0069,16:35,995,24298
0069,16:40,1000,24298
0069,16:45,1005,24298
0069,16:50,1010,22810
0069,16:55,1015,22810
0069,17:00,1020,22810
0069,17:05,1025,21570
0069,17:10,1030,21570
0069,17:15,1035,21570
0069,17:20,1040,21570
0069,17:25,1045,21570
0069,17:30,1050,20083
0069,17:35,1055,20083
0069,17:40,1060,20083
0069,17:45,1065,20083
0069,17:50,1070,18595
0069,17:55,1075,18595
0069,18:00,1080,18595
0069,18:05,1085,18595
0069,18:10,1090,22314
0069,18:15,1095,22314
0069,18:20,1100,22314
0069,18:25,1105,22314
0069,18:30,1110,22314
0069,18:35,1115,22314
0069,18:40,1120,22314
0069,18:45,1125,22314
0069,18:50,1130,22066
0069,18:55,1135,22066
0069,19:00,1140,22066
0069,19:05,1145,22066
0069,19:10,1150,21074
0069,19:15,1155,21074
0069,19:20,1160,21074
0069,19:25,1165,20826
0069,19:30,1170,20826
0069,19:35,1175,20826
0069,19:40,1180,20826
0069,19:45,1185,20826
0069,19:50,1190,20826
0069,19:55,1195,20826
0069,20:00,1200,20826
0069,20:05,1205,20826
0069,20:10,1210,20579
0069,20:15,1215,20579
0069,20:20,1220,20579
0069,20:25,1225,20579
0069,20:30,1230,20579
0069,20:35,1235,20579
0069,20:40,1240,20579
0069,20:45,1245,20579
0069,20:50,1250,20579
0069,20:55,1255,20579
0069,21:00,1260,20579
0069,21:05,1265,20579
0069,21:10,1270,20579
0069,21:15,1275,20579
0069,21:20,1280,20579
0069,21:25,1285,20579
0069,21:30,1290,20579
0069,21:35,1295,20579
0069,21:40,1300,20579
0069,21:45,1305,20579
0069,21:50,1310,20579
0069,21:55,1315,20579
0069,22:00,1320,20579
0069,22:05,1325,20579
0069,22:10,1330,20579
0069,22:15,1335,20579
0069,22:20,1340,20579
0069,22:25,1345,20579
0069,22:30,1350,20579
0069,22:35,1355,20579
0069,22:40,1360,20579
0069,22:45,1365,20579
0069,22:50,1370,20579
0069,22:55,1375,20579
0069,23:00,1380,20579
0069,23:05,1385,20579
0069,23:10,1390,20579
0069,23:15,1395,20579
0069,23:16,1396,20579
0069,23:20,1400,20579
0070,09:00,540,0
0070,09:05,545,0
0070,09:10,550,0
0070,09:15,555,0
0070,09:20,560,0
0070,09:25,565,0
0070,09:30,570,0
0070,09:35,575,0
0070,09:40,580,0
0070,09:45,585,0
0070,09:50,590,0
0070,09:55,595,0
0070,10:00,600,0
0070,10:05,605,0
0070,10:10,610,0
0070,10:15,615,0
0070,10:20,620,0
0070,10:25,625,0
0070,10:30,630,0
0070,10:35,635,0
0070,10:40,640,0
0070,10:45,645,0
0070,10:50,650,0
0070,10:55,655,0
0070,11:00,660,0
0070,11:05,665,0
0070,11:10,670,0
0070,11:15,675,0
0070,11:20,680,0
0070,11:25,685,0
0070,11:30,690,0
0070,11:35,695,0
0070,11:40,700,0
0070,11:45,705,0
0070,11:50,710,0
0070,11:55,715,0
0070,12:00,720,0
0070,12:05,725,-533
0070,12:10,730,-533
0070,12:15,735,-533
0070,12:20,740,-533
0070,12:25,745,-533
0070,12:30,750,-711
0070,12:35,755,-711
0070,12:40,760,-711
0070,12:45,765,-711
0070,12:50,770,-1867
0070,12:55,775,-1867
0070,13:00,780,-1867
0070,13:05,785,-2400
0070,13:10,790,-2400
0070,13:15,795,-2400
0070,13:20,800,-2400
0070,13:25,805,-2400
0070,13:30,810,-2400
0070,13:35,815,-2400
0070,13:40,820,-2400
0070,13:45,825,-2400
0070,13:50,830,-2400
0070,13:55,835,-2400
0070,14:00,840,-2400
0070,14:05,845,-2400
0070,14:10,850,-2400
0070,14:15,855,-2400
0070,14:20,860,-2400
0070,14:25,865,-2400
0070,14:30,870,-2489
0070,14:35,875,-2489
0070,14:40,880,-2489
0070,14:45,885,-2756
0070,14:50,890,-2756
0070,14:55,895,-2756
0070,15:00,900,-2756
0070,15:05,905,-2756
0070,15:10,910,-444
0070,15:15,915,-444
0070,15:20,920,-444
0070,15:25,925,-444
0070,15:30,930,172
0070,15:35,935,172
0070,15:40,940,172
0070,15:45,945,-1067
0070,15:50,950,-1067
0070,15:55,955,-1067
0070,16:00,960,-1067
0070,16:05,965,-1067
0070,16:10,970,1034
0070,16:15,975,1034
0070,16:20,980,1034
0070,16:25,985,1034
0070,16:30,990,603
0070,16:35,995,603
0070,16:40,1000,603
0070,16:45,1005,603
0070,16:50,1010,-89
0070,16:55,1015,-89
0070,17:00,1020,-89
0070,17:05,1025,517
0070,17:10,1030,517
0070,17:15,1035,517
0070,17:20,1040,517
0070,17:25,1045,517
0070,17:30,1050,-1067
0070,17:35,1055,-1067
0070,17:40,1060,-1067
0070,17:45,1065,-1067
0070,17:50,1070,-444
0070,17:55,1075,-444
0070,18:00,1080,-444
0070,18:05,1085,-444
0070,18:10,1090,-444
0070,18:15,1095,-444
0070,18:20,1100,-444
0070,18:25,1105,7759
0070,18:30,1110,7759
0070,18:35,1115,7759
0070,18:40,1120,7759
0070,18:45,1125,7759
0070,18:50,1130,8276
0070,18:55,1135,8276
0070,19:00,1140,8276
0070,19:05,1145,8276
0070,19:10,1150,9138
0070,19:15,1155,9138
0070,19:20,1160,9138
0070,19:25,1165,8276
0070,19:30,1170,8276
0070,19:35,1175,8276
0070,19:40,1180,8276
0070,19:45,1185,8276
0070,19:50,1190,8276
0070,19:55,1195,8276
0070,20:00,1200,8276
0070,20:05,1205,8276
0070,20:10,1210,8017
0070,20:15,1215,8017
0070,20:20,1220,8017
0070,20:25,1225,8017
0070,20:30,1230,6983
0070,20:35,1235,6983
0070,20:40,1240,6983
0070,20:45,1245,6379
0070,20:50,1250,6379
0070,20:55,1255,6379
0070,21:00,1260,6379
0070,21:05,1265,6379
0070,21:10,1270,6379
0070,21:15,1275,6379
0070,21:20,1280,6379
0070,21:25,1285,6379
0070,21:30,1290,6379
0070,21:35,1295,6379
0070,21:40,1300,6379
0070,21:45,1305,6379
0070,21:50,1310,6379
0070,21:55,1315,6379
0070,22:00,1320,6379
0070,22:05,1325,6379
0070,22:10,1330,6379
0070,22:15,1335,6379
0070,22:20,1340,6379
0070,22:25,1345,6379
0070,22:30,1350,6379
0070,22:35,1355,6379
0070,22:40,1360,6379
0070,22:45,1365,6379
0070,22:50,1370,6379
0070,22:55,1375,6379
0070,23:00,1380,6379
0070,23:05,1385,6379
0070,23:10,1390,6379
0070,23:15,1395,6379
0070,23:16,1396,6379
0070,23:20,1400,6379
0071,09:00,540,0
0071,09:05,545,0
0071,09:10,550,0
0071,09:15,555,0
0071,09:20,560,0
0071,09:25,565,0
0071,09:30,570,0
0071,09:35,575,0
0071,09:40,580,0
0071,09:45,585,0
0071,09:50,590,0
0071,09:55,595,0
0071,10:00,600,0
0071,10:05,605,0
0071,10:10,610,0
0071,10:15,615,0
0071,10:20,620,0
0071,10:25,625,0
0071,10:30,630,0
0071,10:35,635,0
0071,10:40,640,0
0071,10:45,645,0
0071,10:50,650,0
0071,10:55,655,0
0071,11:00,660,0
0071,11:05,665,0
0071,11:10,670,0
0071,11:15,675,0
0071,11:20,680,0
0071,11:25,685,0
0071,11:30,690,-1689
0071,11:35,695,-1689
0071,11:40,700,-1689
0071,11:45,705,862
0071,11:50,710,862
0071,11:55,715,862
0071,12:00,720,862
0071,12:05,725,862
0071,12:10,730,862
0071,12:15,735,862
0071,12:20,740,862
0071,12:25,745,862
0071,12:30,750,-1156
0071,12:35,755,-1156
0071,12:40,760,-1156
0071,12:45,765,-1156
0071,12:50,770,-2489
0071,12:55,775,-2489
0071,13:00,780,-2489
0071,13:05,785,-2489
0071,13:10,790,-2489
0071,13:15,795,-2489
0071,13:20,800,-2489
0071,13:25,805,-3378
0071,13:30,810,-3378
0071,13:35,815,-3378
0071,13:40,820,-3378
0071,13:45,825,-3378
0071,13:50,830,-4178
0071,13:55,835,-4178
0071,14:00,840,-4178
0071,14:05,845,-4178
0071,14:10,850,-3644
0071,14:15,855,-3644
0071,14:20,860,-3644
0071,14:25,865,-3644
0071,14:30,870,-4889
0071,14:35,875,-4889
0071,14:40,880,-4889
0071,14:45,885,-5422
0071,14:50,890,-5422
0071,14:55,895,-5422
0071,15:00,900,-5422
0071,15:05,905,-5422
0071,15:10,910,-2311
0071,15:15,915,-2311
0071,15:20,920,-2311
0071,15:25,925,-2311
0071,15:30,930,-3378
0071,15:35,935,-3378
0071,15:40,940,-3378
0071,15:45,945,-4889
0071,15:50,950,-4889
0071,15:55,955,-4889
0071,16:00,960,-4889
0071,16:05,965,-4889
0071,16:10,970,-4178
0071,16:15,975,-4178
0071,16:20,980,-4178
0071,16:25,985,-4178
0071,16:30,990,-5778
0071,16:35,995,-5778
0071,16:40,1000,-5778
0071,16:45,1005,-5778
0071,16:50,1010,-7378
0071,16:55,1015,-7378
0071,17:00,1020,-7378
0071,17:05,1025,-4711
0071,17:10,1030,-4711
0071,17:15,1035,-4711
0071,17:20,1040,-4711
0071,17:25,1045,-4711
0071,17:30,1050,-4711
0071,17:35,1055,-4711
0071,17:40,1060,-4711
0071,17:45,1065,-4711
0071,17:50,1070,-4978
0071,17:55,1075,-4978
0071,18:00,1080,-4978
0071,18:05,1085,-4978
0071,18:10,1090,-4978
0071,18:15,1095,-4978
0071,18:20,1100,-4978
0071,18:25,1105,-4978
0071,18:30,1110,-4978
0071,18:35,1115,-4978
0071,18:40,1120,-4978
0071,18:45,1125,-4978
0071,18:50,1130,-5067
0071,18:55,1135,-5067
0071,19:00,1140,-5067
0071,19:05,1145,-5067
0071,19:10,1150,-5333
0071,19:15,1155,-5333
0071,19:20,1160,-5333
0071,19:25,1165,-5333
0071,19:30,1170,-5333
0071,19:35,1175,-5333
0071,19:40,1180,-5333
0071,19:45,1185,-5689
0071,19:50,1190,-5689
0071,19:55,1195,-5689
0071,20:00,1200,-5689
0071,20:05,1205,-5689
0071,20:10,1210,-6311
0071,20:15,1215,-6311
0071,20:20,1220,-6311
0071,20:25,1225,-6311
0071,20:30,1230,-6311
0071,20:35,1235,-6311
0071,20:40,1240,-6311
0071,20:45,1245,-6311
0071,20:50,1250,-6311
0071,20:55,1255,-6311
0071,21:00,1260,-6311
0071,21:05,1265,-6311
0071,21:10,1270,-6311
0071,21:15,1275,-6311
0071,21:20,1280,-6311
0071,21:25,1285,-6311
0071,21:30,1290,-6311
0071,21:35,1295,-6311
0071,21:40,1300,-6311
0071,21:45,1305,-6311
0071,21:50,1310,-6311
0071,21:55,1315,-6311
0071,22:00,1320,-6311
0071,22:05,1325,-6844
0071,22:10,1330,-6844
0071,22:15,1335,-6844
0071,22:20,1340,-6844
0071,22:25,1345,-6844
0071,22:30,1350,-7200
0071,22:35,1355,-7200
0071,22:40,1360,-7200
0071,22:45,1365,-7200
0071,22:50,1370,-7200
0071,22:55,1375,-7200
0071,23:00,1380,-7200
0071,23:05,1385,-7200
0071,23:10,1390,-7200
0071,23:15,1395,-7200
0071,23:16,1396,-7200
0071,23:20,1400,-7200
0072,09:00,540,0
0072,09:05,545,0
0072,09:10,550,0
0072,09:15,555,0
0072,09:20,560,0
0072,09:25,565,0
0072,09:30,570,0
0072,09:35,575,0
0072,09:40,580,0
0072,09:45,585,0
0072,09:50,590,0
0072,09:55,595,0
0072,10:00,600,0
0072,10:05,605,0
0072,10:10,610,0
0072,10:15,615,0
0072,10:20,620,0
0072,10:25,625,-178
0072,10:30,630,-178
0072,10:35,635,-178
0072,10:40,640,-1244
0072,10:45,645,-1244
0072,10:50,650,-1244
0072,10:55,655,-1244
0072,11:00,660,-1422
0072,11:05,665,-1422
0072,11:10,670,-1422
0072,11:15,675,-1422
0072,11:20,680,-1422
0072,11:25,685,-1422
0072,11:30,690,-1422
0072,11:35,695,-1422
0072,11:40,700,-1422
0072,11:45,705,-1422
0072,11:50,710,-1422
0072,11:55,715,-1422
0072,12:00,720,-1422
0072,12:05,725,-1600
0072,12:10,730,-1600
0072,12:15,735,-1600
0072,12:20,740,-1600
0072,12:25,745,-1600
0072,12:30,750,-1600
0072,12:35,755,-1600
0072,12:40,760,-1600
0072,12:45,765,-1600
0072,12:50,770,-1600
0072,12:55,775,-1600
0072,13:00,780,-1600
0072,13:05,785,-1600
0072,13:10,790,-1600
0072,13:15,795,-1600
0072,13:20,800,-1600
0072,13:25,805,-2311
0072,13:30,810,-2311
0072,13:35,815,-2311
0072,13:40,820,-2311
0072,13:45,825,-2311
0072,13:50,830,-3022
0072,13:55,835,-3022
0072,14:00,840,-3022
0072,14:05,845,-3022
0072,14:10,850,-3378
0072,14:15,855,-3378
0072,14:20,860,-3378
0072,14:25,865,-3378
0072,14:30,870,-4089
0072,14:35,875,-4089
0072,14:40,880,-4089
0072,14:45,885,-5333
0072,14:50,890,-5333
0072,14:55,895,-5333
0072,15:00,900,-5333
0072,15:05,905,-5333
0072,15:10,910,-5689
0072,15:15,915,-5689
0072,15:20,920,-5689
0072,15:25,925,-5689
0072,15:30,930,-5156
0072,15:35,935,-5156
0072,15:40,940,-5156
0072,15:45,945,-6756
0072,15:50,950,-6756
0072,15:55,955,-6756
0072,16:00,960,-6756
0072,16:05,965,-6756
0072,16:10,970,-8178
0072,16:15,975,-8178
0072,16:20,980,-8178
0072,16:25,985,-8178
0072,16:30,990,-9778
0072,16:35,995,-9778
0072,16:40,1000,-9778
0072,16:45,1005,-9778
0072,16:50,1010,-11378
0072,16:55,1015,-11378
0072,17:00,1020,-11378
0072,17:05,1025,-10667
0072,17:10,1030,-10667
0072,17:15,1035,-10667
0072,17:20,1040,-10667
0072,17:25,1045,-10667
0072,17:30,1050,-12444
0072,17:35,1055,-12444
0072,17:40,1060,-12444
0072,17:45,1065,-12444
0072,17:50,1070,-13689
0072,17:55,1075,-13689
0072,18:00,1080,-13689
0072,18:05,1085,-13689
0072,18:10,1090,-13689
0072,18:15,1095,-13689
0072,18:20,1100,-13689
0072,18:25,1105,-13689
0072,18:30,1110,-13689
0072,18:35,1115,-13689
0072,18:40,1120,-13689
0072,18:45,1125,-13689
0072,18:50,1130,-14222
0072,18:55,1135,-14222
0072,19:00,1140,-14222
0072,19:05,1145,-14222
0072,19:10,1150,-14222
0072,19:15,1155,-14222
0072,19:20,1160,-14222
0072,19:25,1165,-14222
0072,19:30,1170,-14222
0072,19:35,1175,-14222
0072,19:40,1180,-14222
0072,19:45,1185,-14222
0072,19:50,1190,-14222
0072,19:55,1195,-14222
0072,20:00,1200,-14222
0072,20:05,1205,-14222
0072,20:10,1210,-14222
0072,20:15,1215,-14222
0072,20:20,1220,-14222
0072,20:25,1225,-14222
0072,20:30,1230,-14222
0072,20:35,1235,-14222
0072,20:40,1240,-14222
0072,20:45,1245,-14222
0072,20:50,1250,-14222
0072,20:55,1255,-14222
0072,21:00,1260,-14222
0072,21:05,1265,-14222
0072,21:10,1270,-14222
0072,21:15,1275,-14222
0072,21:20,1280,-14222
0072,21:25,1285,-14222
0072,21:30,1290,-14222
0072,21:35,1295,-14222
0072,21:40,1300,-14222
0072,21:45,1305,-14222
0072,21:50,1310,-14222
0072,21:55,1315,-14222
0072,22:00,1320,-14222
0072,22:05,1325,-14222
0072,22:10,1330,-14222
0072,22:15,1335,-14222
0072,22:20,1340,-14222
0072,22:25,1345,-14222
0072,22:30,1350,-14222
0072,22:35,1355,-14222
0072,22:40,1360,-14222
0072,22:45,1365,-14222
0072,22:50,1370,-14222
0072,22:55,1375,-14222
0072,23:00,1380,-14222
0072,23:05,1385,-14222
0072,23:10,1390,-14222
0072,23:15,1395,-14222
0072,23:16,1396,-14222
0072,23:20,1400,-14222
0073,09:00,540,0
0073,09:05,545,0
0073,09:10,550,0
0073,09:15,555,0
0073,09:20,560,0
0073,09:25,565,0
0073,09:30,570,0
0073,09:35,575,0
0073,09:40,580,0
0073,09:45,585,0
0073,09:50,590,0
0073,09:55,595,0
0073,10:00,600,0
0073,10:05,605,0
0073,10:10,610,0
0073,10:15,615,0
0073,10:20,620,0
0073,10:25,625,0
0073,10:30,630,0
0073,10:35,635,0
0073,10:40,640,0
0073,10:45,645,0
0073,10:50,650,0
0073,10:55,655,0
0073,11:00,660,0
0073,11:05,665,0
0073,11:10,670,0
0073,11:15,675,0
0073,11:20,680,0
0073,11:25,685,0
0073,11:30,690,5517
0073,11:35,695,5517
0073,11:40,700,5517
0073,11:45,705,4310
0073,11:50,710,4310
0073,11:55,715,4310
0073,12:00,720,4310
0073,12:05,725,3448
0073,12:10,730,3448
0073,12:15,735,3448
0073,12:20,740,3448
0073,12:25,745,3448
0073,12:30,750,1983
0073,12:35,755,1983
0073,12:40,760,1983
0073,12:45,765,1983
0073,12:50,770,776
0073,12:55,775,776
0073,13:00,780,776
0073,13:05,785,517
0073,13:10,790,517
0073,13:15,795,517
0073,13:20,800,517
0073,13:25,805,172
0073,13:30,810,172
0073,13:35,815,172
0073,13:40,820,172
0073,13:45,825,172
0073,13:50,830,172
0073,13:55,835,172
0073,14:00,840,172
0073,14:05,845,172
0073,14:10,850,172
0073,14:15,855,172
0073,14:20,860,172
0073,14:25,865,172
0073,14:30,870,-711
0073,14:35,875,-711
0073,14:40,880,-711
0073,14:45,885,-978
0073,14:50,890,-978
0073,14:55,895,-978
0073,15:00,900,-978
0073,15:05,905,-978
0073,15:10,910,-1511
0073,15:15,915,-1511
0073,15:20,920,-1511
0073,15:25,925,-1511
0073,15:30,930,-1867
0073,15:35,935,-1867
0073,15:40,940,-1867
0073,15:45,945,-2933
0073,15:50,950,-2933
0073,15:55,955,-2933
0073,16:00,960,-2933
0073,16:05,965,-2933
0073,16:10,970,-3556
0073,16:15,975,-3556
0073,16:20,980,-3556
0073,16:25,985,-3556
0073,16:30,990,-4000
0073,16:35,995,-4000
0073,16:40,1000,-4000
0073,16:45,1005,-4000
0073,16:50,1010,-4356
0073,16:55,1015,-4356
0073,17:00,1020,-4356
0073,17:05,1025,-5511
0073,17:10,1030,-5511
0073,17:15,1035,-5511
0073,17:20,1040,-5511
0073,17:25,1045,-5511
0073,17:30,1050,-6933
0073,17:35,1055,-6933
0073,17:40,1060,-6933
0073,17:45,1065,-6933
0073,17:50,1070,-8444
0073,17:55,1075,-8444
0073,18:00,1080,-8444
0073,18:05,1085,-8444
0073,18:10,1090,-9156
0073,18:15,1095,-9156
0073,18:20,1100,-9156
0073,18:25,1105,-889
0073,18:30,1110,-889
0073,18:35,1115,-889
0073,18:40,1120,-889
0073,18:45,1125,-889
0073,18:50,1130,5776
0073,18:55,1135,5776
0073,19:00,1140,5776
0073,19:05,1145,5776
0073,19:10,1150,6552
0073,19:15,1155,6552
0073,19:20,1160,6552
0073,19:25,1165,6121
0073,19:30,1170,6121
0073,19:35,1175,6121
0073,19:40,1180,6121
0073,19:45,1185,6121
0073,19:50,1190,6121
0073,19:55,1195,6121
0073,20:00,1200,6121
0073,20:05,1205,6121
0073,20:10,1210,6121
0073,20:15,1215,6121
0073,20:20,1220,6121
0073,20:25,1225,6121
0073,20:30,1230,6121
0073,20:35,1235,6121
0073,20:40,1240,6121
0073,20:45,1245,6121
0073,20:50,1250,6121
0073,20:55,1255,6121
0073,21:00,1260,6121
0073,21:05,1265,6121
0073,21:10,1270,5517
0073,21:15,1275,5517
0073,21:20,1280,5517
0073,21:25,1285,5517
0073,21:30,1290,5517
0073,21:35,1295,5517
0073,21:40,1300,5517
0073,21:45,1305,5517
0073,21:50,1310,5517
0073,21:55,1315,5517
0073,22:00,1320,5517
0073,22:05,1325,5517
0073,22:10,1330,5517
0073,22:15,1335,5517
0073,22:20,1340,5517
0073,22:25,1345,5517
0073,22:30,1350,5517
0073,22:35,1355,5517
0073,22:40,1360,5517
0073,22:45,1365,5517
0073,22:50,1370,5517
0073,22:55,1375,5517
0073,23:00,1380,5517
0073,23:05,1385,5517
0073,23:10,1390,5517
0073,23:15,1395,5517
0073,23:16,1396,5517
0073,23:20,1400,5517
0074,09:00,540,0
0074,09:05,545,0
0074,09:10,550,0
0074,09:15,555,0
0074,09:20,560,0
0074,09:25,565,0
0074,09:30,570,0
0074,09:35,575,0
0074,09:40,580,0
0074,09:45,585,0
0074,09:50,590,0
0074,09:55,595,0
0074,10:00,600,0
0074,10:05,605,0
0074,10:10,610,0
0074,10:15,615,0
0074,10:20,620,0
0074,10:25,625,0
0074,10:30,630,0
0074,10:35,635,0
0074,10:40,640,0
0074,10:45,645,0
0074,10:50,650,0
0074,10:55,655,0
0074,11:00,660,-89
0074,11:05,665,-89
0074,11:10,670,-622
0074,11:15,675,-622
0074,11:20,680,-622
0074,11:25,685,-622
0074,11:30,690,86
0074,11:35,695,86
0074,11:40,700,86
0074,11:45,705,3966
0074,11:50,710,3966
0074,11:55,715,3966
0074,12:00,720,3966
0074,12:05,725,3190
0074,12:10,730,3190
0074,12:15,735,3190
0074,12:20,740,3190
0074,12:25,745,3190
0074,12:30,750,1724
0074,12:35,755,1724
0074,12:40,760,1724
0074,12:45,765,1724
0074,12:50,770,2241
0074,12:55,775,2241
0074,13:00,780,2241
0074,13:05,785,1293
0074,13:10,790,1293
0074,13:15,795,1293
0074,13:20,800,1293
0074,13:25,805,-267
0074,13:30,810,-267
0074,13:35,815,-267
0074,13:40,820,-267
0074,13:45,825,-267
0074,13:50,830,-1511
0074,13:55,835,-1511
0074,14:00,840,-1511
0074,14:05,845,-1511
0074,14:10,850,-2578
0074,14:15,855,-2578
0074,14:20,860,-2578
0074,14:25,865,-2578
0074,14:30,870,862
0074,14:35,875,862
0074,14:40,880,862
0074,14:45,885,5259
0074,14:50,890,5259
0074,14:55,895,5259
0074,15:00,900,5259
0074,15:05,905,5259
0074,15:10,910,9397
0074,15:15,915,9397
0074,15:20,920,9397
0074,15:25,925,9397
0074,15:30,930,8276
0074,15:35,935,8276
0074,15:40,940,8276
0074,15:45,945,6983
0074,15:50,950,6983
0074,15:55,955,6983
0074,16:00,960,6983
0074,16:05,965,6983
0074,16:10,970,5776
0074,16:15,975,5776
0074,16:20,980,5776
0074,16:25,985,5776
0074,16:30,990,4397
0074,16:35,995,4397
0074,16:40,1000,4397
0074,16:45,1005,4397
0074,16:50,1010,3534
0074,16:55,1015,3534
0074,17:00,1020,3534
0074,17:05,1025,3103
0074,17:10,1030,3103
0074,17:15,1035,3103
0074,17:20,1040,3103
0074,17:25,1045,3103
0074,17:30,1050,2586
0074,17:35,1055,2586
0074,17:40,1060,2586
0074,17:45,1065,2586
0074,17:50,1070,2586
0074,17:55,1075,2586
0074,18:00,1080,2586
0074,18:05,1085,2586
0074,18:10,1090,2586
0074,18:15,1095,2586
0074,18:20,1100,2586
0074,18:25,1105,2586
0074,18:30,1110,2586
0074,18:35,1115,2586
0074,18:40,1120,2586
0074,18:45,1125,2586
0074,18:50,1130,2586
0074,18:55,1135,2586
0074,19:00,1140,2586
0074,19:05,1145,2586
0074,19:10,1150,2586
0074,19:15,1155,2586
0074,19:20,1160,2586
0074,19:25,1165,2586
0074,19:30,1170,2586
0074,19:35,1175,2586
0074,19:40,1180,2586
0074,19:45,1185,2586
0074,19:50,1190,2586
0074,19:55,1195,2586
0074,20:00,1200,2586
0074,20:05,1205,2586
0074,20:10,1210,1724
0074,20:15,1215,1724
0074,20:20,1220,1724
0074,20:25,1225,1724
0074,20:30,1230,1207
0074,20:35,1235,1207
0074,20:40,1240,1207
0074,20:45,1245,431
0074,20:50,1250,431
0074,20:55,1255,431
0074,21:00,1260,431
0074,21:05,1265,431
0074,21:10,1270,86
0074,21:15,1275,86
0074,21:20,1280,86
0074,21:25,1285,86
0074,21:30,1290,86
0074,21:35,1295,86
0074,21:40,1300,86
0074,21:45,1305,86
0074,21:50,1310,86
0074,21:55,1315,86
0074,22:00,1320,86
0074,22:05,1325,86
0074,22:10,1330,86
0074,22:15,1335,86
0074,22:20,1340,86
0074,22:25,1345,86
0074,22:30,1350,86
0074,22:35,1355,86
0074,22:40,1360,86
0074,22:45,1365,86
0074,22:50,1370,86
0074,22:55,1375,86
0074,23:00,1380,86
0074,23:05,1385,86
0074,23:10,1390,86
0074,23:15,1395,86
0074,23:16,1396,86
0074,23:20,1400,86
0075,09:00,540,0
0075,09:05,545,0
0075,09:10,550,0
0075,09:15,555,0
0075,09:20,560,0
0075,09:25,565,0
0075,09:30,570,0
0075,09:35,575,0
0075,09:40,580,0
0075,09:45,585,0
0075,09:50,590,0
0075,09:55,595,0
0075,10:00,600,0
0075,10:05,605,0
0075,10:10,610,0
0075,10:15,615,0
0075,10:20,620,0
0075,10:25,625,0
0075,10:30,630,0
0075,10:35,635,0
0075,10:40,640,0
0075,10:45,645,0
0075,10:50,650,0
0075,10:55,655,0
0075,11:00,660,0
0075,11:05,665,0
0075,11:10,670,0
0075,11:15,675,0
0075,11:20,680,0
0075,11:25,685,0
0075,11:30,690,0
0075,11:35,695,0
0075,11:40,700,0
0075,11:45,705,0
0075,11:50,710,0
0075,11:55,715,0
0075,12:00,720,0
0075,12:05,725,0
0075,12:10,730,0
0075,12:15,735,0
0075,12:20,740,0
0075,12:25,745,0
0075,12:30,750,-800
0075,12:35,755,-800
0075,12:40,760,-800
0075,12:45,765,-800
0075,12:50,770,-1956
0075,12:55,775,-1956
0075,13:00,780,-1956
0075,13:05,785,-1956
0075,13:10,790,-1956
0075,13:15,795,-1956
0075,13:20,800,-1956
0075,13:25,805,-1956
0075,13:30,810,-1956
0075,13:35,815,-1956
0075,13:40,820,-1956
0075,13:45,825,-1956
0075,13:50,830,-2400
0075,13:55,835,-2400
0075,14:00,840,-2400
0075,14:05,845,-2400
0075,14:10,850,-1067
0075,14:15,855,-1067
0075,14:20,860,-1067
0075,14:25,865,-1067
0075,14:30,870,-89
0075,14:35,875,-89
0075,14:40,880,-89
0075,14:45,885,-1333
0075,14:50,890,-1333
0075,14:55,895,-1333
0075,15:00,900,-1333
0075,15:05,905,-1333
0075,15:10,910,-978
0075,15:15,915,-978
0075,15:20,920,-978
0075,15:25,925,-978
0075,15:30,930,-444
0075,15:35,935,-444
0075,15:40,940,-444
0075,15:45,945,-1600
0075,15:50,950,-1600
0075,15:55,955,-1600
0075,16:00,960,-1600
0075,16:05,965,-1600
0075,16:10,970,-2844
0075,16:15,975,-2844
0075,16:20,980,-2844
0075,16:25,985,-2844
0075,16:30,990,-4000
0075,16:35,995,-4000
0075,16:40,1000,-4000
0075,16:45,1005,-4000
0075,16:50,1010,-3200
0075,16:55,1015,-3200
0075,17:00,1020,-3200
0075,17:05,1025,-4533
0075,17:10,1030,-4533
0075,17:15,1035,-4533
0075,17:20,1040,-4533
0075,17:25,1045,-4533
0075,17:30,1050,-4000
0075,17:35,1055,-4000
0075,17:40,1060,-4000
0075,17:45,1065,-4000
0075,17:50,1070,-5067
0075,17:55,1075,-5067
0075,18:00,1080,-5067
0075,18:05,1085,-5067
0075,18:10,1090,-6222
0075,18:15,1095,-6222
0075,18:20,1100,-6222
0075,18:25,1105,-2044
0075,18:30,1110,-2044
0075,18:35,1115,-2044
0075,18:40,1120,-2044
0075,18:45,1125,-2044
0075,18:50,1130,-2222
0075,18:55,1135,-2222
0075,19:00,1140,-2222
0075,19:05,1145,-2222
0075,19:10,1150,-2222
0075,19:15,1155,-2222
0075,19:20,1160,-2222
0075,19:25,1165,-2222
0075,19:30,1170,-2222
0075,19:35,1175,-2222
0075,19:40,1180,-2222
0075,19:45,1185,-2222
0075,19:50,1190,-2222
0075,19:55,1195,-2222
0075,20:00,1200,-2222
0075,20:05,1205,-2222
0075,20:10,1210,-2578
0075,20:15,1215,-2578
0075,20:20,1220,-2578
0075,20:25,1225,-2578
0075,20:30,1230,-2578
0075,20:35,1235,-2578
0075,20:40,1240,-2578
0075,20:45,1245,-2578
0075,20:50,1250,-2578
0075,20:55,1255,-2578
0075,21:00,1260,-2578
0075,21:05,1265,-2578
0075,21:10,1270,-2578
0075,21:15,1275,-2578
0075,21:20,1280,-2578
0075,21:25,1285,-2578
0075,21:30,1290,-2578
0075,21:35,1295,-2578
0075,21:40,1300,-2578
0075,21:45,1305,-2578
0075,21:50,1310,-2578
0075,21:55,1315,-2578
0075,22:00,1320,-2578
0075,22:05,1325,-2578
0075,22:10,1330,-2578
0075,22:15,1335,-2578
0075,22:20,1340,-2578
0075,22:25,1345,-2578
0075,22:30,1350,-2578
0075,22:35,1355,-2578
0075,22:40,1360,-2578
0075,22:45,1365,-2578
0075,22:50,1370,-2578
0075,22:55,1375,-2578
0075,23:00,1380,-2578
0075,23:05,1385,-2578
0075,23:10,1390,-2578
0075,23:15,1395,-2578
0075,23:16,1396,-2578
0075,23:20,1400,-2578
0076,09:00,540,0
0076,09:05,545,0
0076,09:10,550,0
0076,09:15,555,0
0076,09:20,560,0
0076,09:25,565,0
0076,09:30,570,0
0076,09:35,575,0
0076,09:40,580,0
0076,09:45,585,0
0076,09:50,590,0
0076,09:55,595,0
0076,10:00,600,0
0076,10:05,605,0
0076,10:10,610,0
0076,10:15,615,0
0076,10:20,620,0
0076,10:25,625,0
0076,10:30,630,0
0076,10:35,635,0
0076,10:40,640,0
0076,10:45,645,0
0076,10:50,650,0
0076,10:55,655,0
0076,11:00,660,0
0076,11:05,665,0
0076,11:10,670,0
0076,11:15,675,0
0076,11:20,680,0
0076,11:25,685,0
0076,11:30,690,-178
0076,11:35,695,-178
0076,11:40,700,-178
0076,11:45,705,603
0076,11:50,710,603
0076,11:55,715,603
0076,12:00,720,603
0076,12:05,725,-356
0076,12:10,730,-356
0076,12:15,735,-356
0076,12:20,740,-356
0076,12:25,745,-356
0076,12:30,750,-1067
0076,12:35,755,-1067
0076,12:40,760,-1067
0076,12:45,765,-1067
0076,12:50,770,-1689
0076,12:55,775,-1689
0076,13:00,780,-1689
0076,13:05,785,-3022
0076,13:10,790,-3022
0076,13:15,795,-3022
0076,13:20,800,-3022
0076,13:25,805,-3644
0076,13:30,810,-3644
0076,13:35,815,-3644
0076,13:40,820,-3644
0076,13:45,825,-3644
0076,13:50,830,-3911
0076,13:55,835,-3911
0076,14:00,840,-3911
0076,14:05,845,-3911
0076,14:10,850,-4800
0076,14:15,855,-4800
0076,14:20,860,-4800
0076,14:25,865,-4800
0076,14:30,870,-4800
0076,14:35,875,-4800
0076,14:40,880,-4800
0076,14:45,885,-2133
0076,14:50,890,-2133
0076,14:55,895,-2133
0076,15:00,900,-2133
0076,15:05,905,-2133
0076,15:10,910,-3111
0076,15:15,915,-3111
0076,15:20,920,-3111
0076,15:25,925,-3111
0076,15:30,930,-4622
0076,15:35,935,-4622
0076,15:40,940,-4622
0076,15:45,945,-978
0076,15:50,950,-978
0076,15:55,955,-978
0076,16:00,960,-978
0076,16:05,965,-978
0076,16:10,970,-267
0076,16:15,975,-267
0076,16:20,980,-267
0076,16:25,985,-267
0076,16:30,990,-1156
0076,16:35,995,-1156
0076,16:40,1000,-1156
0076,16:45,1005,-1156
0076,16:50,1010,-1244
0076,16:55,1015,-1244
0076,17:00,1020,-1244
0076,17:05,1025,-1422
0076,17:10,1030,-1422
0076,17:15,1035,-1422
0076,17:20,1040,-1422
0076,17:25,1045,-1422
0076,17:30,1050,-1956
0076,17:35,1055,-1956
0076,17:40,1060,-1956
0076,17:45,1065,-1956
0076,17:50,1070,-1956
0076,17:55,1075,-1956
0076,18:00,1080,-1956
0076,18:05,1085,-1956
0076,18:10,1090,-1956
0076,18:15,1095,-1956
0076,18:20,1100,-1956
0076,18:25,1105,-1956
0076,18:30,1110,-1956
0076,18:35,1115,-1956
0076,18:40,1120,-1956
0076,18:45,1125,-1956
0076,18:50,1130,-1956
0076,18:55,1135,-1956
0076,19:00,1140,-1956
0076,19:05,1145,-1956
0076,19:10,1150,-1956
0076,19:15,1155,-1956
0076,19:20,1160,-1956
0076,19:25,1165,-1956
0076,19:30,1170,-1956
0076,19:35,1175,-1956
0076,19:40,1180,-1956
0076,19:45,1185,-1956
0076,19:50,1190,-1956
0076,19:55,1195,-1956
0076,20:00,1200,-1956
0076,20:05,1205,-1956
0076,20:10,1210,-1956
0076,20:15,1215,-1956
0076,20:20,1220,-1956
0076,20:25,1225,-1956
0076,20:30,1230,-2133
0076,20:35,1235,-2133
0076,20:40,1240,-2133
0076,20:45,1245,-2133
0076,20:50,1250,-2133
0076,20:55,1255,-2133
0076,21:00,1260,-2133
0076,21:05,1265,-2133
0076,21:10,1270,-2133
0076,21:15,1275,-2133
0076,21:20,1280,-2133
0076,21:25,1285,-2133
0076,21:30,1290,-2133
0076,21:35,1295,-2133
0076,21:40,1300,-2133
0076,21:45,1305,-2133
0076,21:50,1310,-2133
0076,21:55,1315,-2133
0076,22:00,1320,-2133
0076,22:05,1325,-2133
0076,22:10,1330,-2133
0076,22:15,1335,-2133
0076,22:20,1340,-2133
0076,22:25,1345,-2133
0076,22:30,1350,-2133
0076,22:35,1355,-2133
0076,22:40,1360,-2133
0076,22:45,1365,-2133
0076,22:50,1370,-2133
0076,22:55,1375,-2133
0076,23:00,1380,-2133
0076,23:05,1385,-2133
0076,23:10,1390,-2133
0076,23:15,1395,-2133
0076,23:16,1396,-2133
0076,23:20,1400,-2133
0077,09:00,540,0
0077,09:05,545,0
0077,09:10,550,0
0077,09:15,555,0
0077,09:20,560,0
0077,09:25,565,0
0077,09:30,570,0
0077,09:35,575,0
0077,09:40,580,0
0077,09:45,585,0
0077,09:50,590,0
0077,09:55,595,0
0077,10:00,600,0
0077,10:05,605,0
0077,10:10,610,0
0077,10:15,615,0
0077,10:20,620,0
0077,10:25,625,0
0077,10:30,630,0
0077,10:35,635,0
0077,10:40,640,0
0077,10:45,645,0
0077,10:50,650,0
0077,10:55,655,0
0077,11:00,660,0
0077,11:05,665,0
0077,11:10,670,0
0077,11:15,675,0
0077,11:20,680,0
0077,11:25,685,0
0077,11:30,690,0
0077,11:35,695,0
0077,11:40,700,0
0077,11:45,705,0
0077,11:50,710,0
0077,11:55,715,0
0077,12:00,720,0
0077,12:05,725,0
0077,12:10,730,0
0077,12:15,735,0
0077,12:20,740,0
0077,12:25,745,0
0077,12:30,750,-255
0077,12:35,755,-255
0077,12:40,760,-255
0077,12:45,765,-255
0077,12:50,770,1488
0077,12:55,775,1488
0077,13:00,780,1488
0077,13:05,785,8430
0077,13:10,790,8430
0077,13:15,795,8430
0077,13:20,800,8430
0077,13:25,805,10661
0077,13:30,810,10661
0077,13:35,815,10661
0077,13:40,820,10661
0077,13:45,825,10661
0077,13:50,830,9917
0077,13:55,835,9917
0077,14:00,840,9917
0077,14:05,845,9917
0077,14:10,850,9917
0077,14:15,855,9917
0077,14:20,860,9917
0077,14:25,865,9917
0077,14:30,870,8926
0077,14:35,875,8926
0077,14:40,880,8926
0077,14:45,885,15868
0077,14:50,890,15868
0077,14:55,895,15868
0077,15:00,900,15868
0077,15:05,905,15868
0077,15:10,910,19587
0077,15:15,915,19587
0077,15:20,920,19587
0077,15:25,925,19587
0077,15:30,930,23802
0077,15:35,935,23802
0077,15:40,940,23802
0077,15:45,945,27273
0077,15:50,950,27273
0077,15:55,955,27273
0077,16:00,960,27273
0077,16:05,965,27273
0077,16:10,970,27273
0077,16:15,975,27273
0077,16:20,980,27273
0077,16:25,985,27273
0077,16:30,990,26033
0077,16:35,995,26033
0077,16:40,1000,26033
0077,16:45,1005,26033
0077,16:50,1010,24545
0077,16:55,1015,24545
0077,17:00,1020,24545
0077,17:05,1025,25289
0077,17:10,1030,25289
0077,17:15,1035,25289
0077,17:20,1040,25289
0077,17:25,1045,25289
0077,17:30,1050,28512
0077,17:35,1055,28512
0077,17:40,1060,28512
0077,17:45,1065,28512
0077,17:50,1070,29256
0077,17:55,1075,29256
0077,18:00,1080,29256
0077,18:05,1085,29256
0077,18:10,1090,28017
0077,18:15,1095,28017
0077,18:20,1100,28017
0077,18:25,1105,26281
0077,18:30,1110,26281
0077,18:35,1115,26281
0077,18:40,1120,26281
0077,18:45,1125,26281
0077,18:50,1130,25785
0077,18:55,1135,25785
0077,19:00,1140,25785
0077,19:05,1145,25785
0077,19:10,1150,25785
0077,19:15,1155,25785
0077,19:20,1160,25785
0077,19:25,1165,25785
0077,19:30,1170,25785
0077,19:35,1175,25785
0077,19:40,1180,25785
0077,19:45,1185,25785
0077,19:50,1190,25785
0077,19:55,1195,25785
0077,20:00,1200,25785
0077,20:05,1205,25785
0077,20:10,1210,25785
0077,20:15,1215,25785
0077,20:20,1220,25785
0077,20:25,1225,25785
0077,20:30,1230,25785
0077,20:35,1235,25785
0077,20:40,1240,25785
0077,20:45,1245,25785
0077,20:50,1250,25785
0077,20:55,1255,25785
0077,21:00,1260,25785
0077,21:05,1265,25785
0077,21:10,1270,25785
0077,21:15,1275,25785
0077,21:20,1280,25785
0077,21:25,1285,25785
0077,21:30,1290,25785
0077,21:35,1295,25785
0077,21:40,1300,25785
0077,21:45,1305,25785
0077,21:50,1310,25785
0077,21:55,1315,25785
0077,22:00,1320,25785
0077,22:05,1325,25785
0077,22:10,1330,25785
0077,22:15,1335,25785
0077,22:20,1340,25785
0077,22:25,1345,25785
0077,22:30,1350,25785
0077,22:35,1355,25785
0077,22:40,1360,25785
0077,22:45,1365,25785
0077,22:50,1370,25785
0077,22:55,1375,25785
0077,23:00,1380,25785
0077,23:05,1385,25785
0077,23:10,1390,25785
0077,23:15,1395,25785
0077,23:16,1396,25785
0077,23:20,1400,25785
