machine,time,minute,value
0039,09:00,540,0
0039,09:05,545,0
0039,09:10,550,0
0039,09:15,555,0
0039,09:20,560,0
0039,09:25,565,0
0039,09:30,570,0
0039,09:35,575,0
0039,09:40,580,0
0039,09:45,585,0
0039,09:50,590,0
0039,09:55,595,0
0039,10:00,600,0
0039,10:05,605,0
0039,10:10,610,0
0039,10:15,615,0
0039,10:20,620,0
0039,10:25,625,0
0039,10:30,630,0
0039,10:35,635,0
0039,10:40,640,0
0039,10:45,645,0
0039,10:50,650,0
0039,10:55,655,0
0039,11:00,660,-889
0039,11:05,665,-889
0039,11:10,670,-889
0039,11:15,675,-889
0039,11:20,680,-889
0039,11:25,685,-889
0039,11:30,690,-889
0039,11:35,695,-889
0039,11:40,700,-889
0039,11:45,705,-1600
0039,11:50,710,-1600
0039,11:55,715,-1600
0039,12:00,720,-1600
0039,12:05,725,-1600
0039,12:10,730,-1600
0039,12:15,735,-1600
0039,12:20,740,-1600
0039,12:25,745,-1600
0039,12:30,750,-2844
0039,12:35,755,-2844
0039,12:40,760,-2844
0039,12:45,765,-2844
0039,12:50,770,-3733
0039,12:55,775,-3733
0039,13:00,780,-3733
0039,13:05,785,-3911
0039,13:10,790,-3911
0039,13:15,795,-3911
0039,13:20,800,-3911
0039,13:25,805,-4089
0039,13:30,810,-4089
0039,13:35,815,-4089
0039,13:40,820,-4089
0039,13:45,825,-4089
0039,13:50,830,-4444
0039,13:55,835,-4444
0039,14:00,840,-4444
0039,14:05,845,-4444
0039,14:10,850,-5511
0039,14:15,855,-5511
0039,14:20,860,-5511
0039,14:25,865,-5511
0039,14:30,870,-7111
0039,14:35,875,-7111
0039,14:40,880,-7111
0039,14:45,885,-8711
0039,14:50,890,-8711
0039,14:55,895,-8711
0039,15:00,900,-8711
0039,15:05,905,-8711
0039,15:10,910,-9778
0039,15:15,915,-9778
0039,15:20,920,-9778
0039,15:25,925,-9778
0039,15:30,930,-11378
0039,15:35,935,-11378
0039,15:40,940,-11378
0039,15:45,945,-12444
0039,15:50,950,-12444
0039,15:55,955,-12444
0039,16:00,960,-12444
0039,16:05,965,-12444
0039,16:10,970,-13511
0039,16:15,975,-13511
0039,16:20,980,-13511
0039,16:25,985,-13511
0039,16:30,990,-15111
0039,16:35,995,-15111
0039,16:40,1000,-15111
0039,16:45,1005,-15111
0039,16:50,1010,-15289
0039,16:55,1015,-15289
0039,17:00,1020,-15289
0039,17:05,1025,-12267
0039,17:10,1030,-12267
0039,17:15,1035,-12267
0039,17:20,1040,-12267
0039,17:25,1045,-12267
0039,17:30,1050,-7289
0039,17:35,1055,-7289
0039,17:40,1060,-7289
0039,17:45,1065,-7289
0039,17:50,1070,-8178
0039,17:55,1075,-8178
0039,18:00,1080,-8178
0039,18:05,1085,-8178
0039,18:10,1090,-2667
0039,18:15,1095,-2667
0039,18:20,1100,-2667
0039,18:25,1105,1207
0039,18:30,1110,1207
0039,18:35,1115,1207
0039,18:40,1120,1207
0039,18:45,1125,1207
0039,18:50,1130,517
0039,18:55,1135,517
0039,19:00,1140,517
0039,19:05,1145,517
0039,19:10,1150,517
0039,19:15,1155,517
0039,19:20,1160,517
0039,19:25,1165,-711
0039,19:30,1170,-711
0039,19:35,1175,-711
0039,19:40,1180,-711
0039,19:45,1185,-711
0039,19:50,1190,-711
0039,19:55,1195,-711
0039,20:00,1200,-711
0039,20:05,1205,-711
0039,20:10,1210,-2133
0039,20:15,1215,-2133
0039,20:20,1220,-2133
0039,20:25,1225,-2133
0039,20:30,1230,-2489
0039,20:35,1235,-2489
0039,20:40,1240,-2489
0039,20:45,1245,-2489
0039,20:50,1250,-2489
0039,20:55,1255,-2489
0039,21:00,1260,-2489
0039,21:05,1265,-2489
0039,21:10,1270,-2489
0039,21:15,1275,-2489
0039,21:20,1280,-2489
0039,21:25,1285,-2489
0039,21:30,1290,-3200
0039,21:35,1295,-3200
0039,21:40,1300,-3200
0039,21:45,1305,-4622
0039,21:50,1310,-4622
0039,21:55,1315,-4622
0039,22:00,1320,-4622
0039,22:05,1325,-5689
0039,22:10,1330,-5689
0039,22:15,1335,-5689
0039,22:20,1340,-5689
0039,22:25,1345,-5689
0039,22:30,1350,-6756
0039,22:35,1355,-6756
0039,22:40,1360,-6756
0039,22:45,1365,-6756
0039,22:50,1370,-6756
0039,22:55,1375,-6756
0039,23:00,1380,-6756
0039,23:05,1385,-6756
0039,23:10,1390,-6756
0039,23:15,1395,-6756
0039,23:16,1396,-6756
0039,23:20,1400,-6756
0040,09:00,540,0
0040,09:05,545,0
0040,09:10,550,0
0040,09:15,555,0
0040,09:20,560,0
0040,09:25,565,0
0040,09:30,570,0
0040,09:35,575,0
0040,09:40,580,0
0040,09:45,585,0
0040,09:50,590,0
0040,09:55,595,0
0040,10:00,600,0
0040,10:05,605,0
0040,10:10,610,0
0040,10:15,615,0
0040,10:20,620,0
0040,10:25,625,0
0040,10:30,630,0
0040,10:35,635,0
0040,10:40,640,0
0040,10:45,645,0
0040,10:50,650,0
0040,10:55,655,0
0040,11:00,660,-356
0040,11:05,665,-356
0040,11:10,670,-889
0040,11:15,675,-889
0040,11:20,680,-889
0040,11:25,685,-889
0040,11:30,690,-711
0040,11:35,695,-711
0040,11:40,700,-711
0040,11:45,705,-2133
0040,11:50,710,-2133
0040,11:55,715,-2133
0040,12:00,720,-2133
0040,12:05,725,-3022
0040,12:10,730,-3022
0040,12:15,735,-3022
0040,12:20,740,-3022
0040,12:25,745,-3022
0040,12:30,750,-3556
0040,12:35,755,-3556
0040,12:40,760,-3556
0040,12:45,765,-3556
0040,12:50,770,-4267
0040,12:55,775,-4267
0040,13:00,780,-4267
0040,13:05,785,-4267
0040,13:10,790,-4267
0040,13:15,795,-4267
0040,13:20,800,-4267
0040,13:25,805,-2311
0040,13:30,810,-2311
0040,13:35,815,-2311
0040,13:40,820,-2311
0040,13:45,825,-2311
0040,13:50,830,-3556
0040,13:55,835,-3556
0040,14:00,840,-3556
0040,14:05,845,-3556
0040,14:10,850,-4622
0040,14:15,855,-4622
0040,14:20,860,-4622
0040,14:25,865,-4622
0040,14:30,870,-6222
0040,14:35,875,-6222
0040,14:40,880,-6222
0040,14:45,885,-5689
0040,14:50,890,-5689
0040,14:55,895,-5689
0040,15:00,900,-5689
0040,15:05,905,-5689
0040,15:10,910,-5689
0040,15:15,915,-5689
0040,15:20,920,-5689
0040,15:25,925,-5689
0040,15:30,930,-5689
0040,15:35,935,-5689
0040,15:40,940,-5689
0040,15:45,945,-6756
0040,15:50,950,-6756
0040,15:55,955,-6756
0040,16:00,960,-6756
0040,16:05,965,-6756
0040,16:10,970,-7822
0040,16:15,975,-7822
0040,16:20,980,-7822
0040,16:25,985,-7822
0040,16:30,990,-7644
0040,16:35,995,-7644
0040,16:40,1000,-7644
0040,16:45,1005,-7644
0040,16:50,1010,-8533
0040,16:55,1015,-8533
0040,17:00,1020,-8533
0040,17:05,1025,-8889
0040,17:10,1030,-8889
0040,17:15,1035,-8889
0040,17:20,1040,-8889
0040,17:25,1045,-8889
0040,17:30,1050,-10667
0040,17:35,1055,-10667
0040,17:40,1060,-10667
0040,17:45,1065,-10667
0040,17:50,1070,-10667
0040,17:55,1075,-10667
0040,18:00,1080,-10667
0040,18:05,1085,-10667
0040,18:10,1090,-10667
0040,18:15,1095,-10667
0040,18:20,1100,-10667
0040,18:25,1105,-10667
0040,18:30,1110,-10667
0040,18:35,1115,-10667
0040,18:40,1120,-10667
0040,18:45,1125,-10667
0040,18:50,1130,-10667
0040,18:55,1135,-10667
0040,19:00,1140,-10667
0040,19:05,1145,-10667
0040,19:10,1150,-8178
0040,19:15,1155,-8178
0040,19:20,1160,-8178
0040,19:25,1165,-3733
0040,19:30,1170,-3733
0040,19:35,1175,-3733
0040,19:40,1180,-3733
0040,19:45,1185,-2133
0040,19:50,1190,-2133
0040,19:55,1195,-2133
0040,20:00,1200,-2133
0040,20:05,1205,-2133
0040,20:10,1210,-889
0040,20:15,1215,-889
0040,20:20,1220,-889
0040,20:25,1225,-889
0040,20:30,1230,-889
0040,20:35,1235,-889
0040,20:40,1240,-889
0040,20:45,1245,-1422
0040,20:50,1250,-1422
0040,20:55,1255,-1422
0040,21:00,1260,-1422
0040,21:05,1265,-1422
0040,21:10,1270,-2489
0040,21:15,1275,-2489
0040,21:20,1280,-2489
0040,21:25,1285,-2489
0040,21:30,1290,-4267
0040,21:35,1295,-4267
0040,21:40,1300,-4267
0040,21:45,1305,-4800
0040,21:50,1310,-4800
0040,21:55,1315,-4800
0040,22:00,1320,-4800
0040,22:05,1325,-6222
0040,22:10,1330,-6222
0040,22:15,1335,-6222
0040,22:20,1340,-6222
0040,22:25,1345,-6222
0040,22:30,1350,-7111
0040,22:35,1355,-7111
0040,22:40,1360,-7111
0040,22:45,1365,-7111
0040,22:50,1370,-7111
0040,22:55,1375,-7111
0040,23:00,1380,-7111
0040,23:05,1385,-7111
0040,23:10,1390,-7111
0040,23:15,1395,-7111
0040,23:16,1396,-7111
0040,23:20,1400,-7111
0041,09:00,540,0
0041,09:05,545,0
0041,09:10,550,0
0041,09:15,555,0
0041,09:20,560,0
0041,09:25,565,0
0041,09:30,570,0
0041,09:35,575,0
0041,09:40,580,0
0041,09:45,585,0
0041,09:50,590,0
0041,09:55,595,0
0041,10:00,600,0
0041,10:05,605,0
0041,10:10,610,0
0041,10:15,615,0
0041,10:20,620,0
0041,10:25,625,0
0041,10:30,630,0
0041,10:35,635,0
0041,10:40,640,0
0041,10:45,645,0
0041,10:50,650,0
0041,10:55,655,0
0041,11:00,660,0
0041,11:05,665,0
0041,11:10,670,0
0041,11:15,675,0
0041,11:20,680,0
0041,11:25,685,0
0041,11:30,690,0
0041,11:35,695,0
0041,11:40,700,0
0041,11:45,705,0
0041,11:50,710,0
0041,11:55,715,0
0041,12:00,720,0
0041,12:05,725,0
0041,12:10,730,0
0041,12:15,735,0
0041,12:20,740,0
0041,12:25,745,0
0041,12:30,750,0
0041,12:35,755,0
0041,12:40,760,0
0041,12:45,765,0
0041,12:50,770,690
0041,12:55,775,690
0041,13:00,780,690
0041,13:05,785,172
0041,13:10,790,172
0041,13:15,795,172
0041,13:20,800,172
0041,13:25,805,-800
0041,13:30,810,-800
0041,13:35,815,-800
0041,13:40,820,-800
0041,13:45,825,-800
0041,13:50,830,259
0041,13:55,835,259
0041,14:00,840,259
0041,14:05,845,259
0041,14:10,850,345
0041,14:15,855,345
0041,14:20,860,345
0041,14:25,865,345
0041,14:30,870,345
0041,14:35,875,345
0041,14:40,880,345
0041,14:45,885,345
0041,14:50,890,345
0041,14:55,895,345
0041,15:00,900,345
0041,15:05,905,345
0041,15:10,910,-356
0041,15:15,915,-356
0041,15:20,920,-356
0041,15:25,925,-356
0041,15:30,930,1379
0041,15:35,935,1379
0041,15:40,940,1379
0041,15:45,945,-89
0041,15:50,950,-89
0041,15:55,955,-89
0041,16:00,960,-89
0041,16:05,965,-89
0041,16:10,970,-800
0041,16:15,975,-800
0041,16:20,980,-800
0041,16:25,985,-800
0041,16:30,990,-2044
0041,16:35,995,-2044
0041,16:40,1000,-2044
0041,16:45,1005,-2044
0041,16:50,1010,-3556
0041,16:55,1015,-3556
0041,17:00,1020,-3556
0041,17:05,1025,-4533
0041,17:10,1030,-4533
0041,17:15,1035,-4533
0041,17:20,1040,-4533
0041,17:25,1045,-4533
0041,17:30,1050,-2311
0041,17:35,1055,-2311
0041,17:40,1060,-2311
0041,17:45,1065,-2311
0041,17:50,1070,-2578
0041,17:55,1075,-2578
0041,18:00,1080,-2578
0041,18:05,1085,-2578
0041,18:10,1090,-2578
0041,18:15,1095,-2578
0041,18:20,1100,-2578
0041,18:25,1105,-3289
0041,18:30,1110,-3289
0041,18:35,1115,-3289
0041,18:40,1120,-3289
0041,18:45,1125,-3289
0041,18:50,1130,-4622
0041,18:55,1135,-4622
0041,19:00,1140,-4622
0041,19:05,1145,-4622
0041,19:10,1150,-4622
0041,19:15,1155,-4622
0041,19:20,1160,-4622
0041,19:25,1165,-4622
0041,19:30,1170,-4622
0041,19:35,1175,-4622
0041,19:40,1180,-4622
0041,19:45,1185,-4800
0041,19:50,1190,-4800
0041,19:55,1195,-4800
0041,20:00,1200,-4800
0041,20:05,1205,-4800
0041,20:10,1210,-4800
0041,20:15,1215,-4800
0041,20:20,1220,-4800
0041,20:25,1225,-4800
0041,20:30,1230,-356
0041,20:35,1235,-356
0041,20:40,1240,-356
0041,20:45,1245,862
0041,20:50,1250,862
0041,20:55,1255,862
0041,21:00,1260,862
0041,21:05,1265,862
0041,21:10,1270,-444
0041,21:15,1275,-444
0041,21:20,1280,-444
0041,21:25,1285,-444
0041,21:30,1290,-1067
0041,21:35,1295,-1067
0041,21:40,1300,-1067
0041,21:45,1305,-2133
0041,21:50,1310,-2133
0041,21:55,1315,-2133
0041,22:00,1320,-2133
0041,22:05,1325,0
0041,22:10,1330,0
0041,22:15,1335,0
0041,22:20,1340,0
0041,22:25,1345,0
0041,22:30,1350,345
0041,22:35,1355,345
0041,22:40,1360,345
0041,22:45,1365,345
0041,22:50,1370,345
0041,22:55,1375,345
0041,23:00,1380,345
0041,23:05,1385,345
0041,23:10,1390,345
0041,23:15,1395,345
0041,23:16,1396,345
0041,23:20,1400,345
0042,09:00,540,0
0042,09:05,545,0
0042,09:10,550,0
0042,09:15,555,0
0042,09:20,560,0
0042,09:25,565,0
0042,09:30,570,0
0042,09:35,575,0
0042,09:40,580,0
0042,09:45,585,0
0042,09:50,590,0
0042,09:55,595,0
0042,10:00,600,0
0042,10:05,605,0
0042,10:10,610,0
0042,10:15,615,0
0042,10:20,620,0
0042,10:25,625,0
0042,10:30,630,0
0042,10:35,635,0
0042,10:40,640,-89
0042,10:45,645,-89
0042,10:50,650,-89
0042,10:55,655,-89
0042,11:00,660,-622
0042,11:05,665,-622
0042,11:10,670,-889
0042,11:15,675,-889
0042,11:20,680,-889
0042,11:25,685,-889
0042,11:30,690,-889
0042,11:35,695,-889
0042,11:40,700,-889
0042,11:45,705,-889
0042,11:50,710,-889
0042,11:55,715,-889
0042,12:00,720,-889
0042,12:05,725,-978
0042,12:10,730,-978
0042,12:15,735,-978
0042,12:20,740,-978
0042,12:25,745,-978
0042,12:30,750,-978
0042,12:35,755,-978
0042,12:40,760,-978
0042,12:45,765,-978
0042,12:50,770,-978
0042,12:55,775,-978
0042,13:00,780,-978
0042,13:05,785,-978
0042,13:10,790,-978
0042,13:15,795,-978
0042,13:20,800,-978
0042,13:25,805,-2044
0042,13:30,810,-2044
0042,13:35,815,-2044
0042,13:40,820,-2044
0042,13:45,825,-2044
0042,13:50,830,-2044
0042,13:55,835,-2044
0042,14:00,840,-2044
0042,14:05,845,-2044
0042,14:10,850,-2044
0042,14:15,855,-2044
0042,14:20,860,-2044
0042,14:25,865,-2044
0042,14:30,870,-2044
0042,14:35,875,-2044
0042,14:40,880,-2044
0042,14:45,885,-2044
0042,14:50,890,-2044
0042,14:55,895,-2044
0042,15:00,900,-2044
0042,15:05,905,-2044
0042,15:10,910,-2667
0042,15:15,915,-2667
0042,15:20,920,-2667
0042,15:25,925,-2667
0042,15:30,930,-4089
0042,15:35,935,-4089
0042,15:40,940,-4089
0042,15:45,945,-4889
0042,15:50,950,-4889
0042,15:55,955,-4889
0042,16:00,960,-4889
0042,16:05,965,-4889
0042,16:10,970,-5333
0042,16:15,975,-5333
0042,16:20,980,-5333
0042,16:25,985,-5333
0042,16:30,990,-6844
0042,16:35,995,-6844
0042,16:40,1000,-6844
0042,16:45,1005,-6844
0042,16:50,1010,-7022
0042,16:55,1015,-7022
0042,17:00,1020,-7022
0042,17:05,1025,-8089
0042,17:10,1030,-8089
0042,17:15,1035,-8089
0042,17:20,1040,-8089
0042,17:25,1045,-8089
0042,17:30,1050,-9422
0042,17:35,1055,-9422
0042,17:40,1060,-9422
0042,17:45,1065,-9422
0042,17:50,1070,-3911
0042,17:55,1075,-3911
0042,18:00,1080,-3911
0042,18:05,1085,-3911
0042,18:10,1090,-1244
0042,18:15,1095,-1244
0042,18:20,1100,-1244
0042,18:25,1105,-1600
0042,18:30,1110,-1600
0042,18:35,1115,-1600
0042,18:40,1120,-1600
0042,18:45,1125,-1600
0042,18:50,1130,-1600
0042,18:55,1135,-1600
0042,19:00,1140,-1600
0042,19:05,1145,-1600
0042,19:10,1150,-1600
0042,19:15,1155,-1600
0042,19:20,1160,-1600
0042,19:25,1165,-1600
0042,19:30,1170,-1600
0042,19:35,1175,-1600
0042,19:40,1180,-1600
0042,19:45,1185,-1600
0042,19:50,1190,-1600
0042,19:55,1195,-1600
0042,20:00,1200,-1600
0042,20:05,1205,-1600
0042,20:10,1210,-1600
0042,20:15,1215,-1600
0042,20:20,1220,-1600
0042,20:25,1225,-1600
0042,20:30,1230,-2133
0042,20:35,1235,-2133
0042,20:40,1240,-2133
0042,20:45,1245,-3200
0042,20:50,1250,-3200
0042,20:55,1255,-3200
0042,21:00,1260,-3200
0042,21:05,1265,-3200
0042,21:10,1270,-2667
0042,21:15,1275,-2667
0042,21:20,1280,-2667
0042,21:25,1285,-2667
0042,21:30,1290,-3644
0042,21:35,1295,-3644
0042,21:40,1300,-3644
0042,21:45,1305,-3644
0042,21:50,1310,-3644
0042,21:55,1315,-3644
0042,22:00,1320,-3644
0042,22:05,1325,-3644
0042,22:10,1330,-3644
0042,22:15,1335,-3644
0042,22:20,1340,-3644
0042,22:25,1345,-3644
0042,22:30,1350,-3644
0042,22:35,1355,-3644
0042,22:40,1360,-3644
0042,22:45,1365,-3644
0042,22:50,1370,-3644
0042,22:55,1375,-3644
0042,23:00,1380,-3644
0042,23:05,1385,-3644
0042,23:10,1390,-3644
0042,23:15,1395,-3644
0042,23:16,1396,-3644
0042,23:20,1400,-3644
0043,09:00,540,0
0043,09:05,545,0
0043,09:10,550,0
0043,09:15,555,0
0043,09:20,560,0
0043,09:25,565,0
0043,09:30,570,0
0043,09:35,575,0
0043,09:40,580,0
0043,09:45,585,0
0043,09:50,590,0
0043,09:55,595,0
0043,10:00,600,0
0043,10:05,605,0
0043,10:10,610,0
0043,10:15,615,0
0043,10:20,620,0
0043,10:25,625,0
0043,10:30,630,0
0043,10:35,635,0
0043,10:40,640,0
0043,10:45,645,0
0043,10:50,650,0
0043,10:55,655,0
0043,11:00,660,0
0043,11:05,665,0
0043,11:10,670,0
0043,11:15,675,0
0043,11:20,680,0
0043,11:25,685,0
0043,11:30,690,-178
0043,11:35,695,-178
0043,11:40,700,-178
0043,11:45,705,-178
0043,11:50,710,-178
0043,11:55,715,-178
0043,12:00,720,-178
0043,12:05,725,-178
0043,12:10,730,-178
0043,12:15,735,-178
0043,12:20,740,-178
0043,12:25,745,-178
0043,12:30,750,-1067
0043,12:35,755,-1067
0043,12:40,760,-1067
0043,12:45,765,-1067
0043,12:50,770,-1422
0043,12:55,775,-1422
0043,13:00,780,-1422
0043,13:05,785,-2133
0043,13:10,790,-2133
0043,13:15,795,-2133
0043,13:20,800,-2133
0043,13:25,805,3276
0043,13:30,810,3276
0043,13:35,815,3276
0043,13:40,820,3276
0043,13:45,825,3276
0043,13:50,830,2069
0043,13:55,835,2069
0043,14:00,840,2069
0043,14:05,845,2069
0043,14:10,850,1034
0043,14:15,855,1034
0043,14:20,860,1034
0043,14:25,865,1034
0043,14:30,870,2759
0043,14:35,875,2759
0043,14:40,880,2759
0043,14:45,885,1724
0043,14:50,890,1724
0043,14:55,895,1724
0043,15:00,900,1724
0043,15:05,905,1724
0043,15:10,910,862
0043,15:15,915,862
0043,15:20,920,862
0043,15:25,925,862
0043,15:30,930,-889
0043,15:35,935,-889
0043,15:40,940,-889
0043,15:45,945,-1956
0043,15:50,950,-1956
0043,15:55,955,-1956
0043,16:00,960,-1956
0043,16:05,965,-1956
0043,16:10,970,-3022
0043,16:15,975,-3022
0043,16:20,980,-3022
0043,16:25,985,-3022
0043,16:30,990,-4444
0043,16:35,995,-4444
0043,16:40,1000,-4444
0043,16:45,1005,-4444
0043,16:50,1010,-6044
0043,16:55,1015,-6044
0043,17:00,1020,-6044
0043,17:05,1025,-6756
0043,17:10,1030,-6756
0043,17:15,1035,-6756
0043,17:20,1040,-6756
0043,17:25,1045,-6756
0043,17:30,1050,-8000
0043,17:35,1055,-8000
0043,17:40,1060,-8000
0043,17:45,1065,-8000
0043,17:50,1070,-8711
0043,17:55,1075,-8711
0043,18:00,1080,-8711
0043,18:05,1085,-8711
0043,18:10,1090,-9956
0043,18:15,1095,-9956
0043,18:20,1100,-9956
0043,18:25,1105,-9067
0043,18:30,1110,-9067
0043,18:35,1115,-9067
0043,18:40,1120,-9067
0043,18:45,1125,-9067
0043,18:50,1130,-10133
0043,18:55,1135,-10133
0043,19:00,1140,-10133
0043,19:05,1145,-10133
0043,19:10,1150,-10667
0043,19:15,1155,-10667
0043,19:20,1160,-10667
0043,19:25,1165,-9067
0043,19:30,1170,-9067
0043,19:35,1175,-9067
0043,19:40,1180,-9067
0043,19:45,1185,-10667
0043,19:50,1190,-10667
0043,19:55,1195,-10667
0043,20:00,1200,-10667
0043,20:05,1205,-10667
0043,20:10,1210,-12089
0043,20:15,1215,-12089
0043,20:20,1220,-12089
0043,20:25,1225,-12089
0043,20:30,1230,-11911
0043,20:35,1235,-11911
0043,20:40,1240,-11911
0043,20:45,1245,-12267
0043,20:50,1250,-12267
0043,20:55,1255,-12267
0043,21:00,1260,-12267
0043,21:05,1265,-12267
0043,21:10,1270,-12267
0043,21:15,1275,-12267
0043,21:20,1280,-12267
0043,21:25,1285,-12267
0043,21:30,1290,-12267
0043,21:35,1295,-12267
0043,21:40,1300,-12267
0043,21:45,1305,-12267
0043,21:50,1310,-12267
0043,21:55,1315,-12267
0043,22:00,1320,-12267
0043,22:05,1325,-12622
0043,22:10,1330,-12622
0043,22:15,1335,-12622
0043,22:20,1340,-12622
0043,22:25,1345,-12622
0043,22:30,1350,-12800
0043,22:35,1355,-12800
0043,22:40,1360,-12800
0043,22:45,1365,-12800
0043,22:50,1370,-12800
0043,22:55,1375,-12800
0043,23:00,1380,-12800
0043,23:05,1385,-12800
0043,23:10,1390,-12800
0043,23:15,1395,-12800
0043,23:16,1396,-12800
0043,23:20,1400,-12800
0044,09:00,540,0
0044,09:05,545,0
0044,09:10,550,0
0044,09:15,555,0
0044,09:20,560,0
0044,09:25,565,0
0044,09:30,570,0
0044,09:35,575,0
0044,09:40,580,0
0044,09:45,585,0
0044,09:50,590,0
0044,09:55,595,0
0044,10:00,600,0
0044,10:05,605,0
0044,10:10,610,0
0044,10:15,615,0
0044,10:20,620,0
0044,10:25,625,0
0044,10:30,630,0
0044,10:35,635,0
0044,10:40,640,0
0044,10:45,645,0
0044,10:50,650,0
0044,10:55,655,0
0044,11:00,660,0
0044,11:05,665,0
0044,11:10,670,0
0044,11:15,675,0
0044,11:20,680,0
0044,11:25,685,0
0044,11:30,690,0
0044,11:35,695,0
0044,11:40,700,0
0044,11:45,705,0
0044,11:50,710,0
0044,11:55,715,0
0044,12:00,720,0
0044,12:05,725,-178
0044,12:10,730,-178
0044,12:15,735,-178
0044,12:20,740,-178
0044,12:25,745,-178
0044,12:30,750,-178
0044,12:35,755,-178
0044,12:40,760,-178
0044,12:45,765,-178
0044,12:50,770,-178
0044,12:55,775,-178
0044,13:00,780,-178
0044,13:05,785,-178
0044,13:10,790,-178
0044,13:15,795,-178
0044,13:20,800,-178
0044,13:25,805,-178
0044,13:30,810,-178
0044,13:35,815,-178
0044,13:40,820,-178
0044,13:45,825,-178
0044,13:50,830,-178
0044,13:55,835,-178
0044,14:00,840,-178
0044,14:05,845,-178
0044,14:10,850,-711
0044,14:15,855,-711
0044,14:20,860,-711
0044,14:25,865,-711
0044,14:30,870,-356
0044,14:35,875,-356
0044,14:40,880,-356
0044,14:45,885,-1067
0044,14:50,890,-1067
0044,14:55,895,-1067
0044,15:00,900,-1067
0044,15:05,905,-1067
0044,15:10,910,-1956
0044,15:15,915,-1956
0044,15:20,920,-1956
0044,15:25,925,-1956
0044,15:30,930,-3378
0044,15:35,935,-3378
0044,15:40,940,-3378
0044,15:45,945,-4267
0044,15:50,950,-4267
0044,15:55,955,-4267
0044,16:00,960,-4267
0044,16:05,965,-4267
0044,16:10,970,-5333
0044,16:15,975,-5333
0044,16:20,980,-5333
0044,16:25,985,-5333
0044,16:30,990,-6222
0044,16:35,995,-6222
0044,16:40,1000,-6222
0044,16:45,1005,-6222
0044,16:50,1010,-6222
0044,16:55,1015,-6222
0044,17:00,1020,-6222
0044,17:05,1025,-6756
0044,17:10,1030,-6756
0044,17:15,1035,-6756
0044,17:20,1040,-6756
0044,17:25,1045,-6756
0044,17:30,1050,-8178
0044,17:35,1055,-8178
0044,17:40,1060,-8178
0044,17:45,1065,-8178
0044,17:50,1070,-8356
0044,17:55,1075,-8356
0044,18:00,1080,-8356
0044,18:05,1085,-8356
0044,18:10,1090,-8356
0044,18:15,1095,-8356
0044,18:20,1100,-8356
0044,18:25,1105,-9956
0044,18:30,1110,-9956
0044,18:35,1115,-9956
0044,18:40,1120,-9956
0044,18:45,1125,-9956
0044,18:50,1130,-10489
0044,18:55,1135,-10489
0044,19:00,1140,-10489
0044,19:05,1145,-10489
0044,19:10,1150,-10489
0044,19:15,1155,-10489
0044,19:20,1160,-10489
0044,19:25,1165,-8178
0044,19:30,1170,-8178
0044,19:35,1175,-8178
0044,19:40,1180,-8178
0044,19:45,1185,-7467
0044,19:50,1190,-7467
0044,19:55,1195,-7467
0044,20:00,1200,-7467
0044,20:05,1205,-7467
0044,20:10,1210,-8356
0044,20:15,1215,-8356
0044,20:20,1220,-8356
0044,20:25,1225,-8356
0044,20:30,1230,-8356
0044,20:35,1235,-8356
0044,20:40,1240,-8356
0044,20:45,1245,-8533
0044,20:50,1250,-8533
0044,20:55,1255,-8533
0044,21:00,1260,-8533
0044,21:05,1265,-8533
0044,21:10,1270,-8711
0044,21:15,1275,-8711
0044,21:20,1280,-8711
0044,21:25,1285,-8711
0044,21:30,1290,-8711
0044,21:35,1295,-8711
0044,21:40,1300,-8711
0044,21:45,1305,-8711
0044,21:50,1310,-8711
0044,21:55,1315,-8711
0044,22:00,1320,-8711
0044,22:05,1325,-8711
0044,22:10,1330,-8711
0044,22:15,1335,-8711
0044,22:20,1340,-8711
0044,22:25,1345,-8711
0044,22:30,1350,-8711
0044,22:35,1355,-8711
0044,22:40,1360,-8711
0044,22:45,1365,-8711
0044,22:50,1370,-8711
0044,22:55,1375,-8711
0044,23:00,1380,-8711
0044,23:05,1385,-8711
0044,23:10,1390,-8711
0044,23:15,1395,-8711
0044,23:16,1396,-8711
0044,23:20,1400,-8711
0045,09:00,540,0
0045,09:05,545,0
0045,09:10,550,0
0045,09:15,555,0
0045,09:20,560,0
0045,09:25,565,0
0045,09:30,570,0
0045,09:35,575,0
0045,09:40,580,0
0045,09:45,585,0
0045,09:50,590,0
0045,09:55,595,0
0045,10:00,600,0
0045,10:05,605,0
0045,10:10,610,0
0045,10:15,615,0
0045,10:20,620,0
0045,10:25,625,0
0045,10:30,630,0
0045,10:35,635,0
0045,10:40,640,0
0045,10:45,645,0
0045,10:50,650,0
0045,10:55,655,0
0045,11:00,660,0
0045,11:05,665,0
0045,11:10,670,0
0045,11:15,675,0
0045,11:20,680,0
0045,11:25,685,0
0045,11:30,690,0
0045,11:35,695,0
0045,11:40,700,0
0045,11:45,705,0
0045,11:50,710,0
0045,11:55,715,0
0045,12:00,720,0
0045,12:05,725,-1021
0045,12:10,730,-1021
0045,12:15,735,-1021
0045,12:20,740,-1021
0045,12:25,745,-1021
0045,12:30,750,-1787
0045,12:35,755,-1787
0045,12:40,760,-1787
0045,12:45,765,-1787
0045,12:50,770,-1787
0045,12:55,775,-1787
0045,13:00,780,-1787
0045,13:05,785,-1787
0045,13:10,790,-1787
0045,13:15,795,-1787
0045,13:20,800,-1787
0045,13:25,805,-1787
0045,13:30,810,-1787
0045,13:35,815,-1787
0045,13:40,820,-1787
0045,13:45,825,-1787
0045,13:50,830,1983
0045,13:55,835,1983
0045,14:00,840,1983
0045,14:05,845,1983
0045,14:10,850,7438
0045,14:15,855,7438
0045,14:20,860,7438
0045,14:25,865,7438
0045,14:30,870,10661
0045,14:35,875,10661
0045,14:40,880,10661
0045,14:45,885,12397
0045,14:50,890,12397
0045,14:55,895,12397
0045,15:00,900,12397
0045,15:05,905,12397
0045,15:10,910,11405
0045,15:15,915,11405
0045,15:20,920,11405
0045,15:25,925,11405
0045,15:30,930,9917
0045,15:35,935,9917
0045,15:40,940,9917
0045,15:45,945,9421
0045,15:50,950,9421
0045,15:55,955,9421
0045,16:00,960,9421
0045,16:05,965,9421
0045,16:10,970,9669
0045,16:15,975,9669
0045,16:20,980,9669
0045,16:25,985,9669
0045,16:30,990,8678
0045,16:35,995,8678
0045,16:40,1000,8678
0045,16:45,1005,8678
0045,16:50,1010,13884
0045,16:55,1015,13884
0045,17:00,1020,13884
0045,17:05,1025,20331
0045,17:10,1030,20331
0045,17:15,1035,20331
0045,17:20,1040,20331
0045,17:25,1045,20331
0045,17:30,1050,20331
0045,17:35,1055,20331
0045,17:40,1060,20331
0045,17:45,1065,20331
0045,17:50,1070,19587
0045,17:55,1075,19587
0045,18:00,1080,19587
0045,18:05,1085,19587
0045,18:10,1090,18843
0045,18:15,1095,18843
0045,18:20,1100,18843
0045,18:25,1105,17355
0045,18:30,1110,17355
0045,18:35,1115,17355
0045,18:40,1120,17355
0045,18:45,1125,17355
0045,18:50,1130,16860
0045,18:55,1135,16860
0045,19:00,1140,16860
0045,19:05,1145,16860
0045,19:10,1150,16860
0045,19:15,1155,16860
0045,19:20,1160,16860
0045,19:25,1165,16860
0045,19:30,1170,16860
0045,19:35,1175,16860
0045,19:40,1180,16860
0045,19:45,1185,16860
0045,19:50,1190,16860
0045,19:55,1195,16860
0045,20:00,1200,16860
0045,20:05,1205,16860
0045,20:10,1210,16860
0045,20:15,1215,16860
0045,20:20,1220,16860
0045,20:25,1225,16860
0045,20:30,1230,16860
0045,20:35,1235,16860
0045,20:40,1240,16860
0045,20:45,1245,15868
0045,20:50,1250,15868
0045,20:55,1255,15868
0045,21:00,1260,15868
0045,21:05,1265,15868
0045,21:10,1270,14380
0045,21:15,1275,14380
0045,21:20,1280,14380
0045,21:25,1285,14380
0045,21:30,1290,13636
0045,21:35,1295,13636
0045,21:40,1300,13636
0045,21:45,1305,13636
0045,21:50,1310,13636
0045,21:55,1315,13636
0045,22:00,1320,13636
0045,22:05,1325,13636
0045,22:10,1330,13636
0045,22:15,1335,13636
0045,22:20,1340,13636
0045,22:25,1345,13636
0045,22:30,1350,13388
0045,22:35,1355,13388
0045,22:40,1360,13388
0045,22:45,1365,13388
0045,22:50,1370,13388
0045,22:55,1375,13388
0045,23:00,1380,13388
0045,23:05,1385,13388
0045,23:10,1390,13388
0045,23:15,1395,13388
0045,23:16,1396,13388
0045,23:20,1400,13388
0046,09:00,540,0
0046,09:05,545,0
0046,09:10,550,0
0046,09:15,555,0
0046,09:20,560,0
0046,09:25,565,0
0046,09:30,570,0
0046,09:35,575,0
0046,09:40,580,0
0046,09:45,585,0
0046,09:50,590,0
0046,09:55,595,0
0046,10:00,600,0
0046,10:05,605,0
0046,10:10,610,0
0046,10:15,615,0
0046,10:20,620,0
0046,10:25,625,0
0046,10:30,630,0
0046,10:35,635,0
0046,10:40,640,0
0046,10:45,645,0
0046,10:50,650,0
0046,10:55,655,0
0046,11:00,660,0
0046,11:05,665,0
0046,11:10,670,0
0046,11:15,675,0
0046,11:20,680,0
0046,11:25,685,0
0046,11:30,690,0
0046,11:35,695,0
0046,11:40,700,0
0046,11:45,705,0
0046,11:50,710,0
0046,11:55,715,0
0046,12:00,720,0
0046,12:05,725,0
0046,12:10,730,0
0046,12:15,735,0
0046,12:20,740,0
0046,12:25,745,0
0046,12:30,750,0
0046,12:35,755,0
0046,12:40,760,0
0046,12:45,765,0
0046,12:50,770,0
0046,12:55,775,0
0046,13:00,780,0
0046,13:05,785,-260
0046,13:10,790,-260
0046,13:15,795,-260
0046,13:20,800,-260
0046,13:25,805,-519
0046,13:30,810,-519
0046,13:35,815,-519
0046,13:40,820,-519
0046,13:45,825,-519
0046,13:50,830,-519
0046,13:55,835,-519
0046,14:00,840,-519
0046,14:05,845,-519
0046,14:10,850,-519
0046,14:15,855,-519
0046,14:20,860,-519
0046,14:25,865,-519
0046,14:30,870,-1558
0046,14:35,875,-1558
0046,14:40,880,-1558
0046,14:45,885,-2857
0046,14:50,890,-2857
0046,14:55,895,-2857
0046,15:00,900,-2857
0046,15:05,905,-2857
0046,15:10,910,-3896
0046,15:15,915,-3896
0046,15:20,920,-3896
0046,15:25,925,-3896
0046,15:30,930,-519
0046,15:35,935,-519
0046,15:40,940,-519
0046,15:45,945,3590
0046,15:50,950,3590
0046,15:55,955,3590
0046,16:00,960,3590
0046,16:05,965,3590
0046,16:10,970,7179
0046,16:15,975,7179
0046,16:20,980,7179
0046,16:25,985,7179
0046,16:30,990,13077
0046,16:35,995,13077
0046,16:40,1000,13077
0046,16:45,1005,13077
0046,16:50,1010,12051
0046,16:55,1015,12051
0046,17:00,1020,12051
0046,17:05,1025,16154
0046,17:10,1030,16154
0046,17:15,1035,16154
0046,17:20,1040,16154
0046,17:25,1045,16154
0046,17:30,1050,21538
0046,17:35,1055,21538
0046,17:40,1060,21538
0046,17:45,1065,21538
0046,17:50,1070,25385
0046,17:55,1075,25385
0046,18:00,1080,25385
0046,18:05,1085,25385
0046,18:10,1090,30769
0046,18:15,1095,30769
0046,18:20,1100,30769
0046,18:25,1105,33590
0046,18:30,1110,33590
0046,18:35,1115,33590
0046,18:40,1120,33590
0046,18:45,1125,33590
0046,18:50,1130,32564
0046,18:55,1135,32564
0046,19:00,1140,32564
0046,19:05,1145,32564
0046,19:10,1150,31282
0046,19:15,1155,31282
0046,19:20,1160,31282
0046,19:25,1165,30256
0046,19:30,1170,30256
0046,19:35,1175,30256
0046,19:40,1180,30256
0046,19:45,1185,30000
0046,19:50,1190,30000
0046,19:55,1195,30000
0046,20:00,1200,30000
0046,20:05,1205,30000
0046,20:10,1210,30000
0046,20:15,1215,30000
0046,20:20,1220,30000
0046,20:25,1225,30000
0046,20:30,1230,30000
0046,20:35,1235,30000
0046,20:40,1240,30000
0046,20:45,1245,30000
0046,20:50,1250,30000
0046,20:55,1255,30000
0046,21:00,1260,30000
0046,21:05,1265,30000
0046,21:10,1270,30000
0046,21:15,1275,30000
0046,21:20,1280,30000
0046,21:25,1285,30000
0046,21:30,1290,30000
0046,21:35,1295,30000
0046,21:40,1300,30000
0046,21:45,1305,30000
0046,21:50,1310,30000
0046,21:55,1315,30000
0046,22:00,1320,30000
0046,22:05,1325,30000
0046,22:10,1330,30000
0046,22:15,1335,30000
0046,22:20,1340,30000
0046,22:25,1345,30000
0046,22:30,1350,30000
0046,22:35,1355,30000
0046,22:40,1360,30000
0046,22:45,1365,30000
0046,22:50,1370,30000
0046,22:55,1375,30000
0046,23:00,1380,30000
0046,23:05,1385,30000
0046,23:10,1390,30000
0046,23:15,1395,30000
0046,23:16,1396,30000
0046,23:20,1400,30000
0047,09:00,540,0
0047,09:05,545,0
0047,09:10,550,0
0047,09:15,555,0
0047,09:20,560,0
0047,09:25,565,0
0047,09:30,570,0
0047,09:35,575,0
0047,09:40,580,0
0047,09:45,585,0
0047,09:50,590,0
0047,09:55,595,0
0047,10:00,600,0
0047,10:05,605,0
0047,10:10,610,0
0047,10:15,615,0
0047,10:20,620,0
0047,10:25,625,0
0047,10:30,630,0
0047,10:35,635,0
0047,10:40,640,0
0047,10:45,645,0
0047,10:50,650,0
0047,10:55,655,0
0047,11:00,660,0
0047,11:05,665,0
0047,11:10,670,0
0047,11:15,675,0
0047,11:20,680,0
0047,11:25,685,0
0047,11:30,690,0
0047,11:35,695,0
0047,11:40,700,0
0047,11:45,705,-444
0047,11:50,710,-444
0047,11:55,715,-444
0047,12:00,720,-444
0047,12:05,725,-889
0047,12:10,730,-889
0047,12:15,735,-889
0047,12:20,740,-889
0047,12:25,745,-889
0047,12:30,750,2672
0047,12:35,755,2672
0047,12:40,760,2672
0047,12:45,765,2672
0047,12:50,770,1466
0047,12:55,775,1466
0047,13:00,780,1466
0047,13:05,785,1466
0047,13:10,790,1466
0047,13:15,795,1466
0047,13:20,800,1466
0047,13:25,805,1466
0047,13:30,810,1466
0047,13:35,815,1466
0047,13:40,820,1466
0047,13:45,825,1466
0047,13:50,830,1207
0047,13:55,835,1207
0047,14:00,840,1207
0047,14:05,845,1207
0047,14:10,850,86
0047,14:15,855,86
0047,14:20,860,86
0047,14:25,865,86
0047,14:30,870,-1067
0047,14:35,875,-1067
0047,14:40,880,-1067
0047,14:45,885,-2667
0047,14:50,890,-2667
0047,14:55,895,-2667
0047,15:00,900,-2667
0047,15:05,905,-2667
0047,15:10,910,-3911
0047,15:15,915,-3911
0047,15:20,920,-3911
0047,15:25,925,-3911
0047,15:30,930,-2400
0047,15:35,935,-2400
0047,15:40,940,-2400
0047,15:45,945,-89
0047,15:50,950,-89
0047,15:55,955,-89
0047,16:00,960,-89
0047,16:05,965,-89
0047,16:10,970,-978
0047,16:15,975,-978
0047,16:20,980,-978
0047,16:25,985,-978
0047,16:30,990,-2756
0047,16:35,995,-2756
0047,16:40,1000,-2756
0047,16:45,1005,-2756
0047,16:50,1010,-3911
0047,16:55,1015,-3911
0047,17:00,1020,-3911
0047,17:05,1025,-3289
0047,17:10,1030,-3289
0047,17:15,1035,-3289
0047,17:20,1040,-3289
0047,17:25,1045,-3289
0047,17:30,1050,-5067
0047,17:35,1055,-5067
0047,17:40,1060,-5067
0047,17:45,1065,-5067
0047,17:50,1070,-4711
0047,17:55,1075,-4711
0047,18:00,1080,-4711
0047,18:05,1085,-4711
0047,18:10,1090,-4089
0047,18:15,1095,-4089
0047,18:20,1100,-4089
0047,18:25,1105,-5956
0047,18:30,1110,-5956
0047,18:35,1115,-5956
0047,18:40,1120,-5956
0047,18:45,1125,-5956
0047,18:50,1130,-6133
0047,18:55,1135,-6133
0047,19:00,1140,-6133
0047,19:05,1145,-6133
0047,19:10,1150,-6133
0047,19:15,1155,-6133
0047,19:20,1160,-6133
0047,19:25,1165,-6578
0047,19:30,1170,-6578
0047,19:35,1175,-6578
0047,19:40,1180,-6578
0047,19:45,1185,-6756
0047,19:50,1190,-6756
0047,19:55,1195,-6756
0047,20:00,1200,-6756
0047,20:05,1205,-6756
0047,20:10,1210,-7378
0047,20:15,1215,-7378
0047,20:20,1220,-7378
0047,20:25,1225,-7378
0047,20:30,1230,-7556
0047,20:35,1235,-7556
0047,20:40,1240,-7556
0047,20:45,1245,-7556
0047,20:50,1250,-7556
0047,20:55,1255,-7556
0047,21:00,1260,-7556
0047,21:05,1265,-7556
0047,21:10,1270,-7556
0047,21:15,1275,-7556
0047,21:20,1280,-7556
0047,21:25,1285,-7556
0047,21:30,1290,-7556
0047,21:35,1295,-7556
0047,21:40,1300,-7556
0047,21:45,1305,-7556
0047,21:50,1310,-7556
0047,21:55,1315,-7556
0047,22:00,1320,-7556
0047,22:05,1325,-7822
0047,22:10,1330,-7822
0047,22:15,1335,-7822
0047,22:20,1340,-7822
0047,22:25,1345,-7822
0047,22:30,1350,-7822
0047,22:35,1355,-7822
0047,22:40,1360,-7822
0047,22:45,1365,-7822
0047,22:50,1370,-7822
0047,22:55,1375,-7822
0047,23:00,1380,-7822
0047,23:05,1385,-7822
0047,23:10,1390,-7822
0047,23:15,1395,-7822
0047,23:16,1396,-7822
0047,23:20,1400,-7822
0048,09:00,540,0
0048,09:05,545,0
0048,09:10,550,0
0048,09:15,555,0
0048,09:20,560,0
0048,09:25,565,0
0048,09:30,570,0
0048,09:35,575,0
0048,09:40,580,0
0048,09:45,585,0
0048,09:50,590,0
0048,09:55,595,0
0048,10:00,600,0
0048,10:05,605,0
0048,10:10,610,0
0048,10:15,615,0
0048,10:20,620,0
0048,10:25,625,-533
0048,10:30,630,-533
0048,10:35,635,-533
0048,10:40,640,-1422
0048,10:45,645,-1422
0048,10:50,650,-1422
0048,10:55,655,-1422
0048,11:00,660,-2311
0048,11:05,665,-2311
0048,11:10,670,-1778
0048,11:15,675,-1778
0048,11:20,680,-1778
0048,11:25,685,-1778
0048,11:30,690,2414
0048,11:35,695,2414
0048,11:40,700,2414
0048,11:45,705,1207
0048,11:50,710,1207
0048,11:55,715,1207
0048,12:00,720,1207
0048,12:05,725,1207
0048,12:10,730,1207
0048,12:15,735,1207
0048,12:20,740,1207
0048,12:25,745,1207
0048,12:30,750,862
0048,12:35,755,862
0048,12:40,760,862
0048,12:45,765,862
0048,12:50,770,345
0048,12:55,775,345
0048,13:00,780,345
0048,13:05,785,2241
0048,13:10,790,2241
0048,13:15,795,2241
0048,13:20,800,2241
0048,13:25,805,3103
0048,13:30,810,3103
0048,13:35,815,3103
0048,13:40,820,3103
0048,13:45,825,3103
0048,13:50,830,1897
0048,13:55,835,1897
0048,14:00,840,1897
0048,14:05,845,1897
0048,14:10,850,1207
0048,14:15,855,1207
0048,14:20,860,1207
0048,14:25,865,1207
0048,14:30,870,-356
0048,14:35,875,-356
0048,14:40,880,-356
0048,14:45,885,862
0048,14:50,890,862
0048,14:55,895,862
0048,15:00,900,862
0048,15:05,905,862
0048,15:10,910,2759
0048,15:15,915,2759
0048,15:20,920,2759
0048,15:25,925,2759
0048,15:30,930,4828
0048,15:35,935,4828
0048,15:40,940,4828
0048,15:45,945,5345
0048,15:50,950,5345
0048,15:55,955,5345
0048,16:00,960,5345
0048,16:05,965,5345
0048,16:10,970,9483
0048,16:15,975,9483
0048,16:20,980,9483
0048,16:25,985,9483
0048,16:30,990,12931
0048,16:35,995,12931
0048,16:40,1000,12931
0048,16:45,1005,12931
0048,16:50,1010,12931
0048,16:55,1015,12931
0048,17:00,1020,12931
0048,17:05,1025,12931
0048,17:10,1030,12931
0048,17:15,1035,12931
0048,17:20,1040,12931
0048,17:25,1045,12931
0048,17:30,1050,12931
0048,17:35,1055,12931
0048,17:40,1060,12931
0048,17:45,1065,12931
0048,17:50,1070,12931
0048,17:55,1075,12931
0048,18:00,1080,12931
0048,18:05,1085,12931
0048,18:10,1090,12586
0048,18:15,1095,12586
0048,18:20,1100,12586
0048,18:25,1105,11379
0048,18:30,1110,11379
0048,18:35,1115,11379
0048,18:40,1120,11379
0048,18:45,1125,11379
0048,18:50,1130,10345
0048,18:55,1135,10345
0048,19:00,1140,10345
0048,19:05,1145,10345
0048,19:10,1150,9483
0048,19:15,1155,9483
0048,19:20,1160,9483
0048,19:25,1165,8103
0048,19:30,1170,8103
0048,19:35,1175,8103
0048,19:40,1180,8103
0048,19:45,1185,6724
0048,19:50,1190,6724
0048,19:55,1195,6724
0048,20:00,1200,6724
0048,20:05,1205,6724
0048,20:10,1210,5517
0048,20:15,1215,5517
0048,20:20,1220,5517
0048,20:25,1225,5517
0048,20:30,1230,3793
0048,20:35,1235,3793
0048,20:40,1240,3793
0048,20:45,1245,2759
0048,20:50,1250,2759
0048,20:55,1255,2759
0048,21:00,1260,2759
0048,21:05,1265,2759
0048,21:10,1270,1552
0048,21:15,1275,1552
0048,21:20,1280,1552
0048,21:25,1285,1552
0048,21:30,1290,172
0048,21:35,1295,172
0048,21:40,1300,172
0048,21:45,1305,862
0048,21:50,1310,862
0048,21:55,1315,862
0048,22:00,1320,862
0048,22:05,1325,0
0048,22:10,1330,0
0048,22:15,1335,0
0048,22:20,1340,0
0048,22:25,1345,0
0048,22:30,1350,-1422
0048,22:35,1355,-1422
0048,22:40,1360,-1422
0048,22:45,1365,-1422
0048,22:50,1370,-1422
0048,22:55,1375,-1422
0048,23:00,1380,-1422
0048,23:05,1385,-1422
0048,23:10,1390,-1422
0048,23:15,1395,-1422
0048,23:16,1396,-1422
0048,23:20,1400,-1422
0049,09:00,540,0
0049,09:05,545,0
0049,09:10,550,0
0049,09:15,555,0
0049,09:20,560,0
0049,09:25,565,0
0049,09:30,570,0
0049,09:35,575,0
0049,09:40,580,0
0049,09:45,585,0
0049,09:50,590,0
0049,09:55,595,0
0049,10:00,600,0
0049,10:05,605,0
0049,10:10,610,0
0049,10:15,615,0
0049,10:20,620,0
0049,10:25,625,0
0049,10:30,630,0
0049,10:35,635,0
0049,10:40,640,-178
0049,10:45,645,-178
0049,10:50,650,-178
0049,10:55,655,-178
0049,11:00,660,-1244
0049,11:05,665,-1244
0049,11:10,670,-1600
0049,11:15,675,-1600
0049,11:20,680,-1600
0049,11:25,685,-1600
0049,11:30,690,-2311
0049,11:35,695,-2311
0049,11:40,700,-2311
0049,11:45,705,-2667
0049,11:50,710,-2667
0049,11:55,715,-2667
0049,12:00,720,-2667
0049,12:05,725,-3378
0049,12:10,730,-3378
0049,12:15,735,-3378
0049,12:20,740,-3378
0049,12:25,745,-3378
0049,12:30,750,-3378
0049,12:35,755,-3378
0049,12:40,760,-3378
0049,12:45,765,-3378
0049,12:50,770,-4622
0049,12:55,775,-4622
0049,13:00,780,-4622
0049,13:05,785,-5156
0049,13:10,790,-5156
0049,13:15,795,-5156
0049,13:20,800,-5156
0049,13:25,805,-5156
0049,13:30,810,-5156
0049,13:35,815,-5156
0049,13:40,820,-5156
0049,13:45,825,-5156
0049,13:50,830,-6222
0049,13:55,835,-6222
0049,14:00,840,-6222
0049,14:05,845,-6222
0049,14:10,850,-7467
0049,14:15,855,-7467
0049,14:20,860,-7467
0049,14:25,865,-7467
0049,14:30,870,-8889
0049,14:35,875,-8889
0049,14:40,880,-8889
0049,14:45,885,-9956
0049,14:50,890,-9956
0049,14:55,895,-9956
0049,15:00,900,-9956
0049,15:05,905,-9956
0049,15:10,910,-10844
0049,15:15,915,-10844
0049,15:20,920,-10844
0049,15:25,925,-10844
0049,15:30,930,-9956
0049,15:35,935,-9956
0049,15:40,940,-9956
0049,15:45,945,-7289
0049,15:50,950,-7289
0049,15:55,955,-7289
0049,16:00,960,-7289
0049,16:05,965,-7289
0049,16:10,970,-8356
0049,16:15,975,-8356
0049,16:20,980,-8356
0049,16:25,985,-8356
0049,16:30,990,-10133
0049,16:35,995,-10133
0049,16:40,1000,-10133
0049,16:45,1005,-10133
0049,16:50,1010,-11200
0049,16:55,1015,-11200
0049,17:00,1020,-11200
0049,17:05,1025,-12267
0049,17:10,1030,-12267
0049,17:15,1035,-12267
0049,17:20,1040,-12267
0049,17:25,1045,-12267
0049,17:30,1050,-13689
0049,17:35,1055,-13689
0049,17:40,1060,-13689
0049,17:45,1065,-13689
0049,17:50,1070,-15111
0049,17:55,1075,-15111
0049,18:00,1080,-15111
0049,18:05,1085,-15111
0049,18:10,1090,-15822
0049,18:15,1095,-15822
0049,18:20,1100,-15822
0049,18:25,1105,-16178
0049,18:30,1110,-16178
0049,18:35,1115,-16178
0049,18:40,1120,-16178
0049,18:45,1125,-16178
0049,18:50,1130,-17600
0049,18:55,1135,-17600
0049,19:00,1140,-17600
0049,19:05,1145,-17600
0049,19:10,1150,-17244
0049,19:15,1155,-17244
0049,19:20,1160,-17244
0049,19:25,1165,-14578
0049,19:30,1170,-14578
0049,19:35,1175,-14578
0049,19:40,1180,-14578
0049,19:45,1185,-16000
0049,19:50,1190,-16000
0049,19:55,1195,-16000
0049,20:00,1200,-16000
0049,20:05,1205,-16000
0049,20:10,1210,-17422
0049,20:15,1215,-17422
0049,20:20,1220,-17422
0049,20:25,1225,-17422
0049,20:30,1230,-17244
0049,20:35,1235,-17244
0049,20:40,1240,-17244
0049,20:45,1245,-18311
0049,20:50,1250,-18311
0049,20:55,1255,-18311
0049,21:00,1260,-18311
0049,21:05,1265,-18311
0049,21:10,1270,-18844
0049,21:15,1275,-18844
0049,21:20,1280,-18844
0049,21:25,1285,-18844
0049,21:30,1290,-18844
0049,21:35,1295,-18844
0049,21:40,1300,-18844
0049,21:45,1305,-19200
0049,21:50,1310,-19200
0049,21:55,1315,-19200
0049,22:00,1320,-19200
0049,22:05,1325,-19200
0049,22:10,1330,-19200
0049,22:15,1335,-19200
0049,22:20,1340,-19200
0049,22:25,1345,-19200
0049,22:30,1350,-19200
0049,22:35,1355,-19200
0049,22:40,1360,-19200
0049,22:45,1365,-19200
0049,22:50,1370,-19200
0049,22:55,1375,-19200
0049,23:00,1380,-19200
0049,23:05,1385,-19200
0049,23:10,1390,-19200
0049,23:15,1395,-19200
0049,23:16,1396,-19200
0049,23:20,1400,-19200
0050,09:00,540,0
0050,09:05,545,0
0050,09:10,550,0
0050,09:15,555,0
0050,09:20,560,0
0050,09:25,565,0
0050,09:30,570,0
0050,09:35,575,0
0050,09:40,580,0
0050,09:45,585,0
0050,09:50,590,0
0050,09:55,595,0
0050,10:00,600,0
0050,10:05,605,0
0050,10:10,610,0
0050,10:15,615,0
0050,10:20,620,0
0050,10:25,625,0
0050,10:30,630,0
0050,10:35,635,0
0050,10:40,640,0
0050,10:45,645,0
0050,10:50,650,0
0050,10:55,655,0
0050,11:00,660,0
0050,11:05,665,0
0050,11:10,670,0
0050,11:15,675,0
0050,11:20,680,0
0050,11:25,685,0
0050,11:30,690,-766
0050,11:35,695,-766
0050,11:40,700,-766
0050,11:45,705,-766
0050,11:50,710,-766
0050,11:55,715,-766
0050,12:00,720,-766
0050,12:05,725,-1021
0050,12:10,730,-1021
0050,12:15,735,-1021
0050,12:20,740,-1021
0050,12:25,745,-1021
0050,12:30,750,-1021
0050,12:35,755,-1021
0050,12:40,760,-1021
0050,12:45,765,-1021
0050,12:50,770,-2809
0050,12:55,775,-2809
0050,13:00,780,-2809
0050,13:05,785,-511
0050,13:10,790,-511
0050,13:15,795,-511
0050,13:20,800,-511
0050,13:25,805,-2043
0050,13:30,810,-2043
0050,13:35,815,-2043
0050,13:40,820,-2043
0050,13:45,825,-2043
0050,13:50,830,-3574
0050,13:55,835,-3574
0050,14:00,840,-3574
0050,14:05,845,-3574
0050,14:10,850,-4596
0050,14:15,855,-4596
0050,14:20,860,-4596
0050,14:25,865,-4596
0050,14:30,870,-5872
0050,14:35,875,-5872
0050,14:40,880,-5872
0050,14:45,885,-7404
0050,14:50,890,-7404
0050,14:55,895,-7404
0050,15:00,900,-7404
0050,15:05,905,-7404
0050,15:10,910,-8681
0050,15:15,915,-8681
0050,15:20,920,-8681
0050,15:25,925,-8681
0050,15:30,930,-10213
0050,15:35,935,-10213
0050,15:40,940,-10213
0050,15:45,945,-11489
0050,15:50,950,-11489
0050,15:55,955,-11489
0050,16:00,960,-11489
0050,16:05,965,-11489
0050,16:10,970,-13021
0050,16:15,975,-13021
0050,16:20,980,-13021
0050,16:25,985,-13021
0050,16:30,990,-12766
0050,16:35,995,-12766
0050,16:40,1000,-12766
0050,16:45,1005,-12766
0050,16:50,1010,-12511
0050,16:55,1015,-12511
0050,17:00,1020,-12511
0050,17:05,1025,-13532
0050,17:10,1030,-13532
0050,17:15,1035,-13532
0050,17:20,1040,-13532
0050,17:25,1045,-13532
0050,17:30,1050,-15319
0050,17:35,1055,-15319
0050,17:40,1060,-15319
0050,17:45,1065,-15319
0050,17:50,1070,-16851
0050,17:55,1075,-16851
0050,18:00,1080,-16851
0050,18:05,1085,-16851
0050,18:10,1090,-17872
0050,18:15,1095,-17872
0050,18:20,1100,-17872
0050,18:25,1105,-16851
0050,18:30,1110,-16851
0050,18:35,1115,-16851
0050,18:40,1120,-16851
0050,18:45,1125,-16851
0050,18:50,1130,-18128
0050,18:55,1135,-18128
0050,19:00,1140,-18128
0050,19:05,1145,-18128
0050,19:10,1150,-19404
0050,19:15,1155,-19404
0050,19:20,1160,-19404
0050,19:25,1165,-20681
0050,19:30,1170,-20681
0050,19:35,1175,-20681
0050,19:40,1180,-20681
0050,19:45,1185,-20681
0050,19:50,1190,-20681
0050,19:55,1195,-20681
0050,20:00,1200,-20681
0050,20:05,1205,-20681
0050,20:10,1210,-20681
0050,20:15,1215,-20681
0050,20:20,1220,-20681
0050,20:25,1225,-20681
0050,20:30,1230,-20936
0050,20:35,1235,-20936
0050,20:40,1240,-20936
0050,20:45,1245,-20936
0050,20:50,1250,-20936
0050,20:55,1255,-20936
0050,21:00,1260,-20936
0050,21:05,1265,-20936
0050,21:10,1270,-21447
0050,21:15,1275,-21447
0050,21:20,1280,-21447
0050,21:25,1285,-21447
0050,21:30,1290,-21447
0050,21:35,1295,-21447
0050,21:40,1300,-21447
0050,21:45,1305,-21447
0050,21:50,1310,-21447
0050,21:55,1315,-21447
0050,22:00,1320,-21447
0050,22:05,1325,-21447
0050,22:10,1330,-21447
0050,22:15,1335,-21447
0050,22:20,1340,-21447
0050,22:25,1345,-21447
0050,22:30,1350,-21447
0050,22:35,1355,-21447
0050,22:40,1360,-21447
0050,22:45,1365,-21447
0050,22:50,1370,-21447
0050,22:55,1375,-21447
0050,23:00,1380,-21447
0050,23:05,1385,-21447
0050,23:10,1390,-21447
0050,23:15,1395,-21447
0050,23:16,1396,-21447
0050,23:20,1400,-21447
0051,09:00,540,0
0051,09:05,545,0
0051,09:10,550,0
0051,09:15,555,0
0051,09:20,560,0
0051,09:25,565,0
0051,09:30,570,0
0051,09:35,575,0
0051,09:40,580,0
0051,09:45,585,0
0051,09:50,590,0
0051,09:55,595,0
0051,10:00,600,0
0051,10:05,605,0
0051,10:10,610,0
0051,10:15,615,0
0051,10:20,620,0
0051,10:25,625,0
0051,10:30,630,0
0051,10:35,635,0
0051,10:40,640,-356
0051,10:45,645,-356
0051,10:50,650,-356
0051,10:55,655,-356
0051,11:00,660,-356
0051,11:05,665,-356
0051,11:10,670,-356
0051,11:15,675,-356
0051,11:20,680,-356
0051,11:25,685,-356
0051,11:30,690,-1244
0051,11:35,695,-1244
0051,11:40,700,-1244
0051,11:45,705,-1600
0051,11:50,710,-1600
0051,11:55,715,-1600
0051,12:00,720,-1600
0051,12:05,725,-1778
0051,12:10,730,-1778
0051,12:15,735,-1778
0051,12:20,740,-1778
0051,12:25,745,-1778
0051,12:30,750,-1778
0051,12:35,755,-1778
0051,12:40,760,-1778
0051,12:45,765,-1778
0051,12:50,770,-2133
0051,12:55,775,-2133
0051,13:00,780,-2133
0051,13:05,785,-2844
0051,13:10,790,-2844
0051,13:15,795,-2844
0051,13:20,800,-2844
0051,13:25,805,-4622
0051,13:30,810,-4622
0051,13:35,815,-4622
0051,13:40,820,-4622
0051,13:45,825,-4622
0051,13:50,830,-5867
0051,13:55,835,-5867
0051,14:00,840,-5867
0051,14:05,845,-5867
0051,14:10,850,-7289
0051,14:15,855,-7289
0051,14:20,860,-7289
0051,14:25,865,-7289
0051,14:30,870,-9067
0051,14:35,875,-9067
0051,14:40,880,-9067
0051,14:45,885,-8356
0051,14:50,890,-8356
0051,14:55,895,-8356
0051,15:00,900,-8356
0051,15:05,905,-8356
0051,15:10,910,-7467
0051,15:15,915,-7467
0051,15:20,920,-7467
0051,15:25,925,-7467
0051,15:30,930,-9067
0051,15:35,935,-9067
0051,15:40,940,-9067
0051,15:45,945,-10489
0051,15:50,950,-10489
0051,15:55,955,-10489
0051,16:00,960,-10489
0051,16:05,965,-10489
0051,16:10,970,-11911
0051,16:15,975,-11911
0051,16:20,980,-11911
0051,16:25,985,-11911
0051,16:30,990,-11378
0051,16:35,995,-11378
0051,16:40,1000,-11378
0051,16:45,1005,-11378
0051,16:50,1010,-12089
0051,16:55,1015,-12089
0051,17:00,1020,-12089
0051,17:05,1025,-11733
0051,17:10,1030,-11733
0051,17:15,1035,-11733
0051,17:20,1040,-11733
0051,17:25,1045,-11733
0051,17:30,1050,-9244
0051,17:35,1055,-9244
0051,17:40,1060,-9244
0051,17:45,1065,-9244
0051,17:50,1070,-8000
0051,17:55,1075,-8000
0051,18:00,1080,-8000
0051,18:05,1085,-8000
0051,18:10,1090,-9244
0051,18:15,1095,-9244
0051,18:20,1100,-9244
0051,18:25,1105,-889
0051,18:30,1110,-889
0051,18:35,1115,-889
0051,18:40,1120,-889
0051,18:45,1125,-889
0051,18:50,1130,-889
0051,18:55,1135,-889
0051,19:00,1140,-889
0051,19:05,1145,-889
0051,19:10,1150,345
0051,19:15,1155,345
0051,19:20,1160,345
0051,19:25,1165,-1422
0051,19:30,1170,-1422
0051,19:35,1175,-1422
0051,19:40,1180,-1422
0051,19:45,1185,2414
0051,19:50,1190,2414
0051,19:55,1195,2414
0051,20:00,1200,2414
0051,20:05,1205,2414
0051,20:10,1210,6379
0051,20:15,1215,6379
0051,20:20,1220,6379
0051,20:25,1225,6379
0051,20:30,1230,7759
0051,20:35,1235,7759
0051,20:40,1240,7759
0051,20:45,1245,7759
0051,20:50,1250,7759
0051,20:55,1255,7759
0051,21:00,1260,7759
0051,21:05,1265,7759
0051,21:10,1270,7759
0051,21:15,1275,7759
0051,21:20,1280,7759
0051,21:25,1285,7759
0051,21:30,1290,7759
0051,21:35,1295,7759
0051,21:40,1300,7759
0051,21:45,1305,7759
0051,21:50,1310,7759
0051,21:55,1315,7759
0051,22:00,1320,7759
0051,22:05,1325,7759
0051,22:10,1330,7759
0051,22:15,1335,7759
0051,22:20,1340,7759
0051,22:25,1345,7759
0051,22:30,1350,7759
0051,22:35,1355,7759
0051,22:40,1360,7759
0051,22:45,1365,7759
0051,22:50,1370,7759
0051,22:55,1375,7759
0051,23:00,1380,7759
0051,23:05,1385,7759
0051,23:10,1390,7759
0051,23:15,1395,7759
0051,23:16,1396,7759
0051,23:20,1400,7759
0052,09:00,540,0
0052,09:05,545,0
0052,09:10,550,0
0052,09:15,555,0
0052,09:20,560,0
0052,09:25,565,0
0052,09:30,570,0
0052,09:35,575,0
0052,09:40,580,0
0052,09:45,585,0
0052,09:50,590,0
0052,09:55,595,0
0052,10:00,600,0
0052,10:05,605,0
0052,10:10,610,0
0052,10:15,615,0
0052,10:20,620,0
0052,10:25,625,-255
0052,10:30,630,-255
0052,10:35,635,-255
0052,10:40,640,-511
0052,10:45,645,-511
0052,10:50,650,-511
0052,10:55,655,-511
0052,11:00,660,-511
0052,11:05,665,-511
0052,11:10,670,-511
0052,11:15,675,-511
0052,11:20,680,-511
0052,11:25,685,-511
0052,11:30,690,-766
0052,11:35,695,-766
0052,11:40,700,-766
0052,11:45,705,-1021
0052,11:50,710,-1021
0052,11:55,715,-1021
0052,12:00,720,-1021
0052,12:05,725,-1277
0052,12:10,730,-1277
0052,12:15,735,-1277
0052,12:20,740,-1277
0052,12:25,745,-1277
0052,12:30,750,-2809
0052,12:35,755,-2809
0052,12:40,760,-2809
0052,12:45,765,-2809
0052,12:50,770,-4085
0052,12:55,775,-4085
0052,13:00,780,-4085
0052,13:05,785,-5106
0052,13:10,790,-5106
0052,13:15,795,-5106
0052,13:20,800,-5106
0052,13:25,805,-6894
0052,13:30,810,-6894
0052,13:35,815,-6894
0052,13:40,820,-6894
0052,13:45,825,-6894
0052,13:50,830,-8426
0052,13:55,835,-8426
0052,14:00,840,-8426
0052,14:05,845,-8426
0052,14:10,850,-9702
0052,14:15,855,-9702
0052,14:20,860,-9702
0052,14:25,865,-9702
0052,14:30,870,-11489
0052,14:35,875,-11489
0052,14:40,880,-11489
0052,14:45,885,-12766
0052,14:50,890,-12766
0052,14:55,895,-12766
0052,15:00,900,-12766
0052,15:05,905,-12766
0052,15:10,910,-13277
0052,15:15,915,-13277
0052,15:20,920,-13277
0052,15:25,925,-13277
0052,15:30,930,-14553
0052,15:35,935,-14553
0052,15:40,940,-14553
0052,15:45,945,-15830
0052,15:50,950,-15830
0052,15:55,955,-15830
0052,16:00,960,-15830
0052,16:05,965,-15830
0052,16:10,970,-16851
0052,16:15,975,-16851
0052,16:20,980,-16851
0052,16:25,985,-16851
0052,16:30,990,-17872
0052,16:35,995,-17872
0052,16:40,1000,-17872
0052,16:45,1005,-17872
0052,16:50,1010,-19149
0052,16:55,1015,-19149
0052,17:00,1020,-19149
0052,17:05,1025,-20170
0052,17:10,1030,-20170
0052,17:15,1035,-20170
0052,17:20,1040,-20170
0052,17:25,1045,-20170
0052,17:30,1050,-21702
0052,17:35,1055,-21702
0052,17:40,1060,-21702
0052,17:45,1065,-21702
0052,17:50,1070,-19404
0052,17:55,1075,-19404
0052,18:00,1080,-19404
0052,18:05,1085,-19404
0052,18:10,1090,-19915
0052,18:15,1095,-19915
0052,18:20,1100,-19915
0052,18:25,1105,-17617
0052,18:30,1110,-17617
0052,18:35,1115,-17617
0052,18:40,1120,-17617
0052,18:45,1125,-17617
0052,18:50,1130,-17617
0052,18:55,1135,-17617
0052,19:00,1140,-17617
0052,19:05,1145,-17617
0052,19:10,1150,-17617
0052,19:15,1155,-17617
0052,19:20,1160,-17617
0052,19:25,1165,-18383
0052,19:30,1170,-18383
0052,19:35,1175,-18383
0052,19:40,1180,-18383
0052,19:45,1185,-19404
0052,19:50,1190,-19404
0052,19:55,1195,-19404
0052,20:00,1200,-19404
0052,20:05,1205,-19404
0052,20:10,1210,-19404
0052,20:15,1215,-19404
0052,20:20,1220,-19404
0052,20:25,1225,-19404
0052,20:30,1230,-15319
0052,20:35,1235,-15319
0052,20:40,1240,-15319
0052,20:45,1245,-13021
0052,20:50,1250,-13021
0052,20:55,1255,-13021
0052,21:00,1260,-13021
0052,21:05,1265,-13021
0052,21:10,1270,-13787
0052,21:15,1275,-13787
0052,21:20,1280,-13787
0052,21:25,1285,-13787
0052,21:30,1290,-13787
0052,21:35,1295,-13787
0052,21:40,1300,-13787
0052,21:45,1305,-13277
0052,21:50,1310,-13277
0052,21:55,1315,-13277
0052,22:00,1320,-13277
0052,22:05,1325,-13787
0052,22:10,1330,-13787
0052,22:15,1335,-13787
0052,22:20,1340,-13787
0052,22:25,1345,-13787
0052,22:30,1350,-11234
0052,22:35,1355,-11234
0052,22:40,1360,-11234
0052,22:45,1365,-11234
0052,22:50,1370,-11234
0052,22:55,1375,-11234
0052,23:00,1380,-11234
0052,23:05,1385,-11234
0052,23:10,1390,-11234
0052,23:15,1395,-11234
0052,23:16,1396,-11234
0052,23:20,1400,-11234
0053,09:00,540,0
0053,09:05,545,0
0053,09:10,550,0
0053,09:15,555,0
0053,09:20,560,0
0053,09:25,565,0
0053,09:30,570,0
0053,09:35,575,0
0053,09:40,580,0
0053,09:45,585,0
0053,09:50,590,0
0053,09:55,595,0
0053,10:00,600,0
0053,10:05,605,0
0053,10:10,610,0
0053,10:15,615,0
0053,10:20,620,0
0053,10:25,625,-1244
0053,10:30,630,-1244
0053,10:35,635,-1244
0053,10:40,640,-2311
0053,10:45,645,-2311
0053,10:50,650,-2311
0053,10:55,655,-2311
0053,11:00,660,-2667
0053,11:05,665,-2667
0053,11:10,670,-2667
0053,11:15,675,-2667
0053,11:20,680,-2667
0053,11:25,685,-2667
0053,11:30,690,-3378
0053,11:35,695,-3378
0053,11:40,700,-3378
0053,11:45,705,-3556
0053,11:50,710,-3556
0053,11:55,715,-3556
0053,12:00,720,-3556
0053,12:05,725,-3556
0053,12:10,730,-3556
0053,12:15,735,-3556
0053,12:20,740,-3556
0053,12:25,745,-3556
0053,12:30,750,-3556
0053,12:35,755,-3556
0053,12:40,760,-3556
0053,12:45,765,-3556
0053,12:50,770,-3911
0053,12:55,775,-3911
0053,13:00,780,-3911
0053,13:05,785,-2133
0053,13:10,790,-2133
0053,13:15,795,-2133
0053,13:20,800,-2133
0053,13:25,805,862
0053,13:30,810,862
0053,13:35,815,862
0053,13:40,820,862
0053,13:45,825,862
0053,13:50,830,345
0053,13:55,835,345
0053,14:00,840,345
0053,14:05,845,345
0053,14:10,850,-356
0053,14:15,855,-356
0053,14:20,860,-356
0053,14:25,865,-356
0053,14:30,870,0
0053,14:35,875,0
0053,14:40,880,0
0053,14:45,885,6724
0053,14:50,890,6724
0053,14:55,895,6724
0053,15:00,900,6724
0053,15:05,905,6724
0053,15:10,910,12414
0053,15:15,915,12414
0053,15:20,920,12414
0053,15:25,925,12414
0053,15:30,930,15172
0053,15:35,935,15172
0053,15:40,940,15172
0053,15:45,945,13793
0053,15:50,950,13793
0053,15:55,955,13793
0053,16:00,960,13793
0053,16:05,965,13793
0053,16:10,970,12586
0053,16:15,975,12586
0053,16:20,980,12586
0053,16:25,985,12586
0053,16:30,990,12414
0053,16:35,995,12414
0053,16:40,1000,12414
0053,16:45,1005,12414
0053,16:50,1010,11034
0053,16:55,1015,11034
0053,17:00,1020,11034
0053,17:05,1025,10690
0053,17:10,1030,10690
0053,17:15,1035,10690
0053,17:20,1040,10690
0053,17:25,1045,10690
0053,17:30,1050,9655
0053,17:35,1055,9655
0053,17:40,1060,9655
0053,17:45,1065,9655
0053,17:50,1070,8793
0053,17:55,1075,8793
0053,18:00,1080,8793
0053,18:05,1085,8793
0053,18:10,1090,8621
0053,18:15,1095,8621
0053,18:20,1100,8621
0053,18:25,1105,7759
0053,18:30,1110,7759
0053,18:35,1115,7759
0053,18:40,1120,7759
0053,18:45,1125,7759
0053,18:50,1130,7759
0053,18:55,1135,7759
0053,19:00,1140,7759
0053,19:05,1145,7759
0053,19:10,1150,7759
0053,19:15,1155,7759
0053,19:20,1160,7759
0053,19:25,1165,7759
0053,19:30,1170,7759
0053,19:35,1175,7759
0053,19:40,1180,7759
0053,19:45,1185,7759
0053,19:50,1190,7759
0053,19:55,1195,7759
0053,20:00,1200,7759
0053,20:05,1205,7759
0053,20:10,1210,7759
0053,20:15,1215,7759
0053,20:20,1220,7759
0053,20:25,1225,7759
0053,20:30,1230,7414
0053,20:35,1235,7414
0053,20:40,1240,7414
0053,20:45,1245,7414
0053,20:50,1250,7414
0053,20:55,1255,7414
0053,21:00,1260,7414
0053,21:05,1265,7414
0053,21:10,1270,7414
0053,21:15,1275,7414
0053,21:20,1280,7414
0053,21:25,1285,7414
0053,21:30,1290,7414
0053,21:35,1295,7414
0053,21:40,1300,7414
0053,21:45,1305,7241
0053,21:50,1310,7241
0053,21:55,1315,7241
0053,22:00,1320,7241
0053,22:05,1325,7241
0053,22:10,1330,7241
0053,22:15,1335,7241
0053,22:20,1340,7241
0053,22:25,1345,7241
0053,22:30,1350,7241
0053,22:35,1355,7241
0053,22:40,1360,7241
0053,22:45,1365,7241
0053,22:50,1370,7241
0053,22:55,1375,7241
0053,23:00,1380,7241
0053,23:05,1385,7241
0053,23:10,1390,7241
0053,23:15,1395,7241
0053,23:16,1396,7241
0053,23:20,1400,7241
0054,09:00,540,0
0054,09:05,545,0
0054,09:10,550,0
0054,09:15,555,0
0054,09:20,560,0
0054,09:25,565,0
0054,09:30,570,0
0054,09:35,575,0
0054,09:40,580,0
0054,09:45,585,0
0054,09:50,590,0
0054,09:55,595,0
0054,10:00,600,0
0054,10:05,605,0
0054,10:10,610,0
0054,10:15,615,0
0054,10:20,620,0
0054,10:25,625,0
0054,10:30,630,0
0054,10:35,635,0
0054,10:40,640,0
0054,10:45,645,0
0054,10:50,650,0
0054,10:55,655,0
0054,11:00,660,0
0054,11:05,665,0
0054,11:10,670,0
0054,11:15,675,0
0054,11:20,680,0
0054,11:25,685,0
0054,11:30,690,-267
0054,11:35,695,-267
0054,11:40,700,-267
0054,11:45,705,-444
0054,11:50,710,-444
0054,11:55,715,-444
0054,12:00,720,-444
0054,12:05,725,-444
0054,12:10,730,-444
0054,12:15,735,-444
0054,12:20,740,-444
0054,12:25,745,-444
0054,12:30,750,-444
0054,12:35,755,-444
0054,12:40,760,-444
0054,12:45,765,-444
0054,12:50,770,-444
0054,12:55,775,-444
0054,13:00,780,-444
0054,13:05,785,-978
0054,13:10,790,-978
0054,13:15,795,-978
0054,13:20,800,-978
0054,13:25,805,-2756
0054,13:30,810,-2756
0054,13:35,815,-2756
0054,13:40,820,-2756
0054,13:45,825,-2756
0054,13:50,830,-444
0054,13:55,835,-444
0054,14:00,840,-444
0054,14:05,845,-444
0054,14:10,850,-1867
0054,14:15,855,-1867
0054,14:20,860,-1867
0054,14:25,865,-1867
0054,14:30,870,-3644
0054,14:35,875,-3644
0054,14:40,880,-3644
0054,14:45,885,-5244
0054,14:50,890,-5244
0054,14:55,895,-5244
0054,15:00,900,-5244
0054,15:05,905,-5244
0054,15:10,910,-6578
0054,15:15,915,-6578
0054,15:20,920,-6578
0054,15:25,925,-6578
0054,15:30,930,-7822
0054,15:35,935,-7822
0054,15:40,940,-7822
0054,15:45,945,-9333
0054,15:50,950,-9333
0054,15:55,955,-9333
0054,16:00,960,-9333
0054,16:05,965,-9333
0054,16:10,970,-8889
0054,16:15,975,-8889
0054,16:20,980,-8889
0054,16:25,985,-8889
0054,16:30,990,-622
0054,16:35,995,-622
0054,16:40,1000,-622
0054,16:45,1005,-622
0054,16:50,1010,-1422
0054,16:55,1015,-1422
0054,17:00,1020,-1422
0054,17:05,1025,-2667
0054,17:10,1030,-2667
0054,17:15,1035,-2667
0054,17:20,1040,-2667
0054,17:25,1045,-2667
0054,17:30,1050,-4000
0054,17:35,1055,-4000
0054,17:40,1060,-4000
0054,17:45,1065,-4000
0054,17:50,1070,-5156
0054,17:55,1075,-5156
0054,18:00,1080,-5156
0054,18:05,1085,-5156
0054,18:10,1090,-6489
0054,18:15,1095,-6489
0054,18:20,1100,-6489
0054,18:25,1105,-8178
0054,18:30,1110,-8178
0054,18:35,1115,-8178
0054,18:40,1120,-8178
0054,18:45,1125,-8178
0054,18:50,1130,-4444
0054,18:55,1135,-4444
0054,19:00,1140,-4444
0054,19:05,1145,-4444
0054,19:10,1150,-4889
0054,19:15,1155,-4889
0054,19:20,1160,-4889
0054,19:25,1165,-5156
0054,19:30,1170,-5156
0054,19:35,1175,-5156
0054,19:40,1180,-5156
0054,19:45,1185,-5956
0054,19:50,1190,-5956
0054,19:55,1195,-5956
0054,20:00,1200,-5956
0054,20:05,1205,-5956
0054,20:10,1210,-6133
0054,20:15,1215,-6133
0054,20:20,1220,-6133
0054,20:25,1225,-6133
0054,20:30,1230,-7111
0054,20:35,1235,-7111
0054,20:40,1240,-7111
0054,20:45,1245,-7111
0054,20:50,1250,-7111
0054,20:55,1255,-7111
0054,21:00,1260,-7111
0054,21:05,1265,-7111
0054,21:10,1270,-5956
0054,21:15,1275,-5956
0054,21:20,1280,-5956
0054,21:25,1285,-5956
0054,21:30,1290,-444
0054,21:35,1295,-444
0054,21:40,1300,-444
0054,21:45,1305,-622
0054,21:50,1310,-622
0054,21:55,1315,-622
0054,22:00,1320,-622
0054,22:05,1325,-622
0054,22:10,1330,-622
0054,22:15,1335,-622
0054,22:20,1340,-622
0054,22:25,1345,-622
0054,22:30,1350,-1333
0054,22:35,1355,-1333
0054,22:40,1360,-1333
0054,22:45,1365,-1333
0054,22:50,1370,-1333
0054,22:55,1375,-1333
0054,23:00,1380,-1333
0054,23:05,1385,-1333
0054,23:10,1390,-1333
0054,23:15,1395,-1333
0054,23:16,1396,-1333
0054,23:20,1400,-1333
0055,09:00,540,0
0055,09:05,545,0
0055,09:10,550,0
0055,09:15,555,0
0055,09:20,560,0
0055,09:25,565,0
0055,09:30,570,0
0055,09:35,575,0
0055,09:40,580,0
0055,09:45,585,0
0055,09:50,590,0
0055,09:55,595,0
0055,10:00,600,0
0055,10:05,605,0
0055,10:10,610,0
0055,10:15,615,0
0055,10:20,620,0
0055,10:25,625,-889
0055,10:30,630,-889
0055,10:35,635,-889
0055,10:40,640,-1778
0055,10:45,645,-1778
0055,10:50,650,-1778
0055,10:55,655,-1778
0055,11:00,660,-2489
0055,11:05,665,-2489
0055,11:10,670,-2844
0055,11:15,675,-2844
0055,11:20,680,-2844
0055,11:25,685,-2844
0055,11:30,690,-2844
0055,11:35,695,-2844
0055,11:40,700,-2844
0055,11:45,705,-2844
0055,11:50,710,-2844
0055,11:55,715,-2844
0055,12:00,720,-2844
0055,12:05,725,-2844
0055,12:10,730,-2844
0055,12:15,735,-2844
0055,12:20,740,-2844
0055,12:25,745,-2844
0055,12:30,750,-3378
0055,12:35,755,-3378
0055,12:40,760,-3378
0055,12:45,765,-3378
0055,12:50,770,-3378
0055,12:55,775,-3378
0055,13:00,780,-3378
0055,13:05,785,-3556
0055,13:10,790,-3556
0055,13:15,795,-3556
0055,13:20,800,-3556
0055,13:25,805,-2844
0055,13:30,810,-2844
0055,13:35,815,-2844
0055,13:40,820,-2844
0055,13:45,825,-2844
0055,13:50,830,1207
0055,13:55,835,1207
0055,14:00,840,1207
0055,14:05,845,1207
0055,14:10,850,345
0055,14:15,855,345
0055,14:20,860,345
0055,14:25,865,345
0055,14:30,870,2759
0055,14:35,875,2759
0055,14:40,880,2759
0055,14:45,885,1207
0055,14:50,890,1207
0055,14:55,895,1207
0055,15:00,900,1207
0055,15:05,905,1207
0055,15:10,910,1897
0055,15:15,915,1897
0055,15:20,920,1897
0055,15:25,925,1897
0055,15:30,930,0
0055,15:35,935,0
0055,15:40,940,0
0055,15:45,945,3966
0055,15:50,950,3966
0055,15:55,955,3966
0055,16:00,960,3966
0055,16:05,965,3966
0055,16:10,970,3103
0055,16:15,975,3103
0055,16:20,980,3103
0055,16:25,985,3103
0055,16:30,990,3448
0055,16:35,995,3448
0055,16:40,1000,3448
0055,16:45,1005,3448
0055,16:50,1010,2759
0055,16:55,1015,2759
0055,17:00,1020,2759
0055,17:05,1025,1552
0055,17:10,1030,1552
0055,17:15,1035,1552
0055,17:20,1040,1552
0055,17:25,1045,1552
0055,17:30,1050,-178
0055,17:35,1055,-178
0055,17:40,1060,-178
0055,17:45,1065,-178
0055,17:50,1070,7931
0055,17:55,1075,7931
0055,18:00,1080,7931
0055,18:05,1085,7931
0055,18:10,1090,10690
0055,18:15,1095,10690
0055,18:20,1100,10690
0055,18:25,1105,9138
0055,18:30,1110,9138
0055,18:35,1115,9138
0055,18:40,1120,9138
0055,18:45,1125,9138
0055,18:50,1130,8448
0055,18:55,1135,8448
0055,19:00,1140,8448
0055,19:05,1145,8448
0055,19:10,1150,7759
0055,19:15,1155,7759
0055,19:20,1160,7759
0055,19:25,1165,7241
0055,19:30,1170,7241
0055,19:35,1175,7241
0055,19:40,1180,7241
0055,19:45,1185,6724
0055,19:50,1190,6724
0055,19:55,1195,6724
0055,20:00,1200,6724
0055,20:05,1205,6724
0055,20:10,1210,6724
0055,20:15,1215,6724
0055,20:20,1220,6724
0055,20:25,1225,6724
0055,20:30,1230,6207
0055,20:35,1235,6207
0055,20:40,1240,6207
0055,20:45,1245,6207
0055,20:50,1250,6207
0055,20:55,1255,6207
0055,21:00,1260,6207
0055,21:05,1265,6207
0055,21:10,1270,6207
0055,21:15,1275,6207
0055,21:20,1280,6207
0055,21:25,1285,6207
0055,21:30,1290,6207
0055,21:35,1295,6207
0055,21:40,1300,6207
0055,21:45,1305,5517
0055,21:50,1310,5517
0055,21:55,1315,5517
0055,22:00,1320,5517
0055,22:05,1325,5517
0055,22:10,1330,5517
0055,22:15,1335,5517
0055,22:20,1340,5517
0055,22:25,1345,5517
0055,22:30,1350,5345
0055,22:35,1355,5345
0055,22:40,1360,5345
0055,22:45,1365,5345
0055,22:50,1370,5345
0055,22:55,1375,5345
0055,23:00,1380,5345
0055,23:05,1385,5345
0055,23:10,1390,5345
0055,23:15,1395,5345
0055,23:16,1396,5345
0055,23:20,1400,5345
0056,09:00,540,0
0056,09:05,545,0
0056,09:10,550,0
0056,09:15,555,0
0056,09:20,560,0
0056,09:25,565,0
0056,09:30,570,0
0056,09:35,575,0
0056,09:40,580,0
0056,09:45,585,0
0056,09:50,590,0
0056,09:55,595,0
0056,10:00,600,0
0056,10:05,605,0
0056,10:10,610,0
0056,10:15,615,0
0056,10:20,620,0
0056,10:25,625,0
0056,10:30,630,0
0056,10:35,635,0
0056,10:40,640,0
0056,10:45,645,0
0056,10:50,650,0
0056,10:55,655,0
0056,11:00,660,0
0056,11:05,665,0
0056,11:10,670,0
0056,11:15,675,0
0056,11:20,680,0
0056,11:25,685,0
0056,11:30,690,-1244
0056,11:35,695,-1244
0056,11:40,700,-1244
0056,11:45,705,1207
0056,11:50,710,1207
0056,11:55,715,1207
0056,12:00,720,1207
0056,12:05,725,862
0056,12:10,730,862
0056,12:15,735,862
0056,12:20,740,862
0056,12:25,745,862
0056,12:30,750,517
0056,12:35,755,517
0056,12:40,760,517
0056,12:45,765,517
0056,12:50,770,-889
0056,12:55,775,-889
0056,13:00,780,-889
0056,13:05,785,-1778
0056,13:10,790,-1778
0056,13:15,795,-1778
0056,13:20,800,-1778
0056,13:25,805,-2489
0056,13:30,810,-2489
0056,13:35,815,-2489
0056,13:40,820,-2489
0056,13:45,825,-2489
0056,13:50,830,-3378
0056,13:55,835,-3378
0056,14:00,840,-3378
0056,14:05,845,-3378
0056,14:10,850,-4267
0056,14:15,855,-4267
0056,14:20,860,-4267
0056,14:25,865,-4267
0056,14:30,870,-5333
0056,14:35,875,-5333
0056,14:40,880,-5333
0056,14:45,885,-6222
0056,14:50,890,-6222
0056,14:55,895,-6222
0056,15:00,900,-6222
0056,15:05,905,-6222
0056,15:10,910,-7111
0056,15:15,915,-7111
0056,15:20,920,-7111
0056,15:25,925,-7111
0056,15:30,930,-8533
0056,15:35,935,-8533
0056,15:40,940,-8533
0056,15:45,945,-9956
0056,15:50,950,-9956
0056,15:55,955,-9956
0056,16:00,960,-9956
0056,16:05,965,-9956
0056,16:10,970,-11200
0056,16:15,975,-11200
0056,16:20,980,-11200
0056,16:25,985,-11200
0056,16:30,990,-8000
0056,16:35,995,-8000
0056,16:40,1000,-8000
0056,16:45,1005,-8000
0056,16:50,1010,-3911
0056,16:55,1015,-3911
0056,17:00,1020,-3911
0056,17:05,1025,-5156
0056,17:10,1030,-5156
0056,17:15,1035,-5156
0056,17:20,1040,-5156
0056,17:25,1045,-5156
0056,17:30,1050,-7111
0056,17:35,1055,-7111
0056,17:40,1060,-7111
0056,17:45,1065,-7111
0056,17:50,1070,-8533
0056,17:55,1075,-8533
0056,18:00,1080,-8533
0056,18:05,1085,-8533
0056,18:10,1090,-9956
0056,18:15,1095,-9956
0056,18:20,1100,-9956
0056,18:25,1105,-11733
0056,18:30,1110,-11733
0056,18:35,1115,-11733
0056,18:40,1120,-11733
0056,18:45,1125,-11733
0056,18:50,1130,-12978
0056,18:55,1135,-12978
0056,19:00,1140,-12978
0056,19:05,1145,-12978
0056,19:10,1150,-12444
0056,19:15,1155,-12444
0056,19:20,1160,-12444
0056,19:25,1165,-13867
0056,19:30,1170,-13867
0056,19:35,1175,-13867
0056,19:40,1180,-13867
0056,19:45,1185,-14578
0056,19:50,1190,-14578
0056,19:55,1195,-14578
0056,20:00,1200,-14578
0056,20:05,1205,-14578
0056,20:10,1210,-14933
0056,20:15,1215,-14933
0056,20:20,1220,-14933
0056,20:25,1225,-14933
0056,20:30,1230,-16000
0056,20:35,1235,-16000
0056,20:40,1240,-16000
0056,20:45,1245,-16356
0056,20:50,1250,-16356
0056,20:55,1255,-16356
0056,21:00,1260,-16356
0056,21:05,1265,-16356
0056,21:10,1270,-16356
0056,21:15,1275,-16356
0056,21:20,1280,-16356
0056,21:25,1285,-16356
0056,21:30,1290,-16533
0056,21:35,1295,-16533
0056,21:40,1300,-16533
0056,21:45,1305,-16711
0056,21:50,1310,-16711
0056,21:55,1315,-16711
0056,22:00,1320,-16711
0056,22:05,1325,-16711
0056,22:10,1330,-16711
0056,22:15,1335,-16711
0056,22:20,1340,-16711
0056,22:25,1345,-16711
0056,22:30,1350,-16711
0056,22:35,1355,-16711
0056,22:40,1360,-16711
0056,22:45,1365,-16711
0056,22:50,1370,-16711
0056,22:55,1375,-16711
0056,23:00,1380,-16711
0056,23:05,1385,-16711
0056,23:10,1390,-16711
0056,23:15,1395,-16711
0056,23:16,1396,-16711
0056,23:20,1400,-16711
0057,09:00,540,0
0057,09:05,545,0
0057,09:10,550,0
0057,09:15,555,0
0057,09:20,560,0
0057,09:25,565,0
0057,09:30,570,0
0057,09:35,575,0
0057,09:40,580,0
0057,09:45,585,0
0057,09:50,590,0
0057,09:55,595,0
0057,10:00,600,0
0057,10:05,605,0
0057,10:10,610,776
0057,10:15,615,776
0057,10:20,620,776
0057,10:25,625,5431
0057,10:30,630,5431
0057,10:35,635,5431
0057,10:40,640,8017
0057,10:45,645,8017
0057,10:50,650,8017
0057,10:55,655,8017
0057,11:00,660,6983
0057,11:05,665,6983
0057,11:10,670,6724
0057,11:15,675,6724
0057,11:20,680,6724
0057,11:25,685,6724
0057,11:30,690,5431
0057,11:35,695,5431
0057,11:40,700,5431
0057,11:45,705,9397
0057,11:50,710,9397
0057,11:55,715,9397
0057,12:00,720,9397
0057,12:05,725,9052
0057,12:10,730,9052
0057,12:15,735,9052
0057,12:20,740,9052
0057,12:25,745,9052
0057,12:30,750,8621
0057,12:35,755,8621
0057,12:40,760,8621
0057,12:45,765,8621
0057,12:50,770,7500
0057,12:55,775,7500
0057,13:00,780,7500
0057,13:05,785,6207
0057,13:10,790,6207
0057,13:15,795,6207
0057,13:20,800,6207
0057,13:25,805,5690
0057,13:30,810,5690
0057,13:35,815,5690
0057,13:40,820,5690
0057,13:45,825,5690
0057,13:50,830,5603
0057,13:55,835,5603
0057,14:00,840,5603
0057,14:05,845,5603
0057,14:10,850,4914
0057,14:15,855,4914
0057,14:20,860,4914
0057,14:25,865,4914
0057,14:30,870,5086
0057,14:35,875,5086
0057,14:40,880,5086
0057,14:45,885,3966
0057,14:50,890,3966
0057,14:55,895,3966
0057,15:00,900,3966
0057,15:05,905,3966
0057,15:10,910,2500
0057,15:15,915,2500
0057,15:20,920,2500
0057,15:25,925,2500
0057,15:30,930,1121
0057,15:35,935,1121
0057,15:40,940,1121
0057,15:45,945,-444
0057,15:50,950,-444
0057,15:55,955,-444
0057,16:00,960,-444
0057,16:05,965,-444
0057,16:10,970,-1778
0057,16:15,975,-1778
0057,16:20,980,-1778
0057,16:25,985,-1778
0057,16:30,990,-3378
0057,16:35,995,-3378
0057,16:40,1000,-3378
0057,16:45,1005,-3378
0057,16:50,1010,-4978
0057,16:55,1015,-4978
0057,17:00,1020,-4978
0057,17:05,1025,-5600
0057,17:10,1030,-5600
0057,17:15,1035,-5600
0057,17:20,1040,-5600
0057,17:25,1045,-5600
0057,17:30,1050,-5600
0057,17:35,1055,-5600
0057,17:40,1060,-5600
0057,17:45,1065,-5600
0057,17:50,1070,-5600
0057,17:55,1075,-5600
0057,18:00,1080,-5600
0057,18:05,1085,-5600
0057,18:10,1090,-5956
0057,18:15,1095,-5956
0057,18:20,1100,-5956
0057,18:25,1105,-6044
0057,18:30,1110,-6044
0057,18:35,1115,-6044
0057,18:40,1120,-6044
0057,18:45,1125,-6044
0057,18:50,1130,-6044
0057,18:55,1135,-6044
0057,19:00,1140,-6044
0057,19:05,1145,-6044
0057,19:10,1150,-6044
0057,19:15,1155,-6044
0057,19:20,1160,-6044
0057,19:25,1165,-6222
0057,19:30,1170,-6222
0057,19:35,1175,-6222
0057,19:40,1180,-6222
0057,19:45,1185,-5600
0057,19:50,1190,-5600
0057,19:55,1195,-5600
0057,20:00,1200,-5600
0057,20:05,1205,-5600
0057,20:10,1210,1293
0057,20:15,1215,1293
0057,20:20,1220,1293
0057,20:25,1225,1293
0057,20:30,1230,431
0057,20:35,1235,431
0057,20:40,1240,431
0057,20:45,1245,-533
0057,20:50,1250,-533
0057,20:55,1255,-533
0057,21:00,1260,-533
0057,21:05,1265,-533
0057,21:10,1270,-533
0057,21:15,1275,-533
0057,21:20,1280,-533
0057,21:25,1285,-533
0057,21:30,1290,-533
0057,21:35,1295,-533
0057,21:40,1300,-533
0057,21:45,1305,-533
0057,21:50,1310,-533
0057,21:55,1315,-533
0057,22:00,1320,-533
0057,22:05,1325,-1067
0057,22:10,1330,-1067
0057,22:15,1335,-1067
0057,22:20,1340,-1067
0057,22:25,1345,-1067
0057,22:30,1350,-1067
0057,22:35,1355,-1067
0057,22:40,1360,-1067
0057,22:45,1365,-1067
0057,22:50,1370,-1067
0057,22:55,1375,-1067
0057,23:00,1380,-1067
0057,23:05,1385,-1067
0057,23:10,1390,-1067
0057,23:15,1395,-1067
0057,23:16,1396,-1067
0057,23:20,1400,-1067
0058,09:00,540,0
0058,09:05,545,0
0058,09:10,550,0
0058,09:15,555,0
0058,09:20,560,0
0058,09:25,565,0
0058,09:30,570,0
0058,09:35,575,0
0058,09:40,580,0
0058,09:45,585,0
0058,09:50,590,0
0058,09:55,595,0
0058,10:00,600,0
0058,10:05,605,0
0058,10:10,610,0
0058,10:15,615,0
0058,10:20,620,0
0058,10:25,625,0
0058,10:30,630,0
0058,10:35,635,0
0058,10:40,640,496
0058,10:45,645,496
0058,10:50,650,496
0058,10:55,655,496
0058,11:00,660,-766
0058,11:05,665,-766
0058,11:10,670,-1277
0058,11:15,675,-1277
0058,11:20,680,-1277
0058,11:25,685,-1277
0058,11:30,690,-3064
0058,11:35,695,-3064
0058,11:40,700,-3064
0058,11:45,705,-3574
0058,11:50,710,-3574
0058,11:55,715,-3574
0058,12:00,720,-3574
0058,12:05,725,-3574
0058,12:10,730,-3574
0058,12:15,735,-3574
0058,12:20,740,-3574
0058,12:25,745,-3574
0058,12:30,750,-5106
0058,12:35,755,-5106
0058,12:40,760,-5106
0058,12:45,765,-5106
0058,12:50,770,-5872
0058,12:55,775,-5872
0058,13:00,780,-5872
0058,13:05,785,-5872
0058,13:10,790,-5872
0058,13:15,795,-5872
0058,13:20,800,-5872
0058,13:25,805,-6383
0058,13:30,810,-6383
0058,13:35,815,-6383
0058,13:40,820,-6383
0058,13:45,825,-6383
0058,13:50,830,-7915
0058,13:55,835,-7915
0058,14:00,840,-7915
0058,14:05,845,-7915
0058,14:10,850,-8936
0058,14:15,855,-8936
0058,14:20,860,-8936
0058,14:25,865,-8936
0058,14:30,870,-9957
0058,14:35,875,-9957
0058,14:40,880,-9957
0058,14:45,885,-10979
0058,14:50,890,-10979
0058,14:55,895,-10979
0058,15:00,900,-10979
0058,15:05,905,-10979
0058,15:10,910,-8170
0058,15:15,915,-8170
0058,15:20,920,-8170
0058,15:25,925,-8170
0058,15:30,930,-7149
0058,15:35,935,-7149
0058,15:40,940,-7149
0058,15:45,945,-8426
0058,15:50,950,-8426
0058,15:55,955,-8426
0058,16:00,960,-8426
0058,16:05,965,-8426
0058,16:10,970,-9447
0058,16:15,975,-9447
0058,16:20,980,-9447
0058,16:25,985,-9447
0058,16:30,990,-11234
0058,16:35,995,-11234
0058,16:40,1000,-11234
0058,16:45,1005,-11234
0058,16:50,1010,-12000
0058,16:55,1015,-12000
0058,17:00,1020,-12000
0058,17:05,1025,-12000
0058,17:10,1030,-12000
0058,17:15,1035,-12000
0058,17:20,1040,-12000
0058,17:25,1045,-12000
0058,17:30,1050,-13277
0058,17:35,1055,-13277
0058,17:40,1060,-13277
0058,17:45,1065,-13277
0058,17:50,1070,-14809
0058,17:55,1075,-14809
0058,18:00,1080,-14809
0058,18:05,1085,-14809
0058,18:10,1090,-15830
0058,18:15,1095,-15830
0058,18:20,1100,-15830
0058,18:25,1105,-15830
0058,18:30,1110,-15830
0058,18:35,1115,-15830
0058,18:40,1120,-15830
0058,18:45,1125,-15830
0058,18:50,1130,-16340
0058,18:55,1135,-16340
0058,19:00,1140,-16340
0058,19:05,1145,-16340
0058,19:10,1150,-16340
0058,19:15,1155,-16340
0058,19:20,1160,-16340
0058,19:25,1165,-16340
0058,19:30,1170,-16340
0058,19:35,1175,-16340
0058,19:40,1180,-16340
0058,19:45,1185,-17617
0058,19:50,1190,-17617
0058,19:55,1195,-17617
0058,20:00,1200,-17617
0058,20:05,1205,-17617
0058,20:10,1210,-18383
0058,20:15,1215,-18383
0058,20:20,1220,-18383
0058,20:25,1225,-18383
0058,20:30,1230,-18383
0058,20:35,1235,-18383
0058,20:40,1240,-18383
0058,20:45,1245,-19660
0058,20:50,1250,-19660
0058,20:55,1255,-19660
0058,21:00,1260,-19660
0058,21:05,1265,-19660
0058,21:10,1270,-20170
0058,21:15,1275,-20170
0058,21:20,1280,-20170
0058,21:25,1285,-20170
0058,21:30,1290,-18128
0058,21:35,1295,-18128
0058,21:40,1300,-18128
0058,21:45,1305,-18894
0058,21:50,1310,-18894
0058,21:55,1315,-18894
0058,22:00,1320,-18894
0058,22:05,1325,-20170
0058,22:10,1330,-20170
0058,22:15,1335,-20170
0058,22:20,1340,-20170
0058,22:25,1345,-20170
0058,22:30,1350,-17617
0058,22:35,1355,-17617
0058,22:40,1360,-17617
0058,22:45,1365,-17617
0058,22:50,1370,-17617
0058,22:55,1375,-17617
0058,23:00,1380,-17617
0058,23:05,1385,-17617
0058,23:10,1390,-17617
0058,23:15,1395,-17617
0058,23:16,1396,-17617
0058,23:20,1400,-17617
0059,09:00,540,0
0059,09:05,545,0
0059,09:10,550,0
0059,09:15,555,0
0059,09:20,560,0
0059,09:25,565,0
0059,09:30,570,0
0059,09:35,575,0
0059,09:40,580,0
0059,09:45,585,0
0059,09:50,590,0
0059,09:55,595,0
0059,10:00,600,0
0059,10:05,605,0
0059,10:10,610,-178
0059,10:15,615,-178
0059,10:20,620,-178
0059,10:25,625,-1422
0059,10:30,630,-1422
0059,10:35,635,-1422
0059,10:40,640,-2489
0059,10:45,645,-2489
0059,10:50,650,-2489
0059,10:55,655,-2489
0059,11:00,660,-3022
0059,11:05,665,-3022
0059,11:10,670,-3022
0059,11:15,675,-3022
0059,11:20,680,-3022
0059,11:25,685,-3022
0059,11:30,690,-3022
0059,11:35,695,-3022
0059,11:40,700,-3022
0059,11:45,705,-4444
0059,11:50,710,-4444
0059,11:55,715,-4444
0059,12:00,720,-4444
0059,12:05,725,-5867
0059,12:10,730,-5867
0059,12:15,735,-5867
0059,12:20,740,-5867
0059,12:25,745,-5867
0059,12:30,750,-7289
0059,12:35,755,-7289
0059,12:40,760,-7289
0059,12:45,765,-7289
0059,12:50,770,-7644
0059,12:55,775,-7644
0059,13:00,780,-7644
0059,13:05,785,-8711
0059,13:10,790,-8711
0059,13:15,795,-8711
0059,13:20,800,-8711
0059,13:25,805,-9778
0059,13:30,810,-9778
0059,13:35,815,-9778
0059,13:40,820,-9778
0059,13:45,825,-9778
0059,13:50,830,-10311
0059,13:55,835,-10311
0059,14:00,840,-10311
0059,14:05,845,-10311
0059,14:10,850,-11200
0059,14:15,855,-11200
0059,14:20,860,-11200
0059,14:25,865,-11200
0059,14:30,870,-11733
0059,14:35,875,-11733
0059,14:40,880,-11733
0059,14:45,885,-6222
0059,14:50,890,-6222
0059,14:55,895,-6222
0059,15:00,900,-6222
0059,15:05,905,-6222
0059,15:10,910,-7111
0059,15:15,915,-7111
0059,15:20,920,-7111
0059,15:25,925,-7111
0059,15:30,930,-8356
0059,15:35,935,-8356
0059,15:40,940,-8356
0059,15:45,945,-9422
0059,15:50,950,-9422
0059,15:55,955,-9422
0059,16:00,960,-9422
0059,16:05,965,-9422
0059,16:10,970,-10311
0059,16:15,975,-10311
0059,16:20,980,-10311
0059,16:25,985,-10311
0059,16:30,990,-8356
0059,16:35,995,-8356
0059,16:40,1000,-8356
0059,16:45,1005,-8356
0059,16:50,1010,-8711
0059,16:55,1015,-8711
0059,17:00,1020,-8711
0059,17:05,1025,-9600
0059,17:10,1030,-9600
0059,17:15,1035,-9600
0059,17:20,1040,-9600
0059,17:25,1045,-9600
0059,17:30,1050,-10667
0059,17:35,1055,-10667
0059,17:40,1060,-10667
0059,17:45,1065,-10667
0059,17:50,1070,-11200
0059,17:55,1075,-11200
0059,18:00,1080,-11200
0059,18:05,1085,-11200
0059,18:10,1090,-11733
0059,18:15,1095,-11733
0059,18:20,1100,-11733
0059,18:25,1105,-13156
0059,18:30,1110,-13156
0059,18:35,1115,-13156
0059,18:40,1120,-13156
0059,18:45,1125,-13156
0059,18:50,1130,-13689
0059,18:55,1135,-13689
0059,19:00,1140,-13689
0059,19:05,1145,-13689
0059,19:10,1150,-14044
0059,19:15,1155,-14044
0059,19:20,1160,-14044
0059,19:25,1165,-14222
0059,19:30,1170,-14222
0059,19:35,1175,-14222
0059,19:40,1180,-14222
0059,19:45,1185,-12978
0059,19:50,1190,-12978
0059,19:55,1195,-12978
0059,20:00,1200,-12978
0059,20:05,1205,-12978
0059,20:10,1210,-14044
0059,20:15,1215,-14044
0059,20:20,1220,-14044
0059,20:25,1225,-14044
0059,20:30,1230,-14400
0059,20:35,1235,-14400
0059,20:40,1240,-14400
0059,20:45,1245,-14578
0059,20:50,1250,-14578
0059,20:55,1255,-14578
0059,21:00,1260,-14578
0059,21:05,1265,-14578
0059,21:10,1270,-14578
0059,21:15,1275,-14578
0059,21:20,1280,-14578
0059,21:25,1285,-14578
0059,21:30,1290,-14756
0059,21:35,1295,-14756
0059,21:40,1300,-14756
0059,21:45,1305,-14756
0059,21:50,1310,-14756
0059,21:55,1315,-14756
0059,22:00,1320,-14756
0059,22:05,1325,-15289
0059,22:10,1330,-15289
0059,22:15,1335,-15289
0059,22:20,1340,-15289
0059,22:25,1345,-15289
0059,22:30,1350,-15289
0059,22:35,1355,-15289
0059,22:40,1360,-15289
0059,22:45,1365,-15289
0059,22:50,1370,-15289
0059,22:55,1375,-15289
0059,23:00,1380,-15289
0059,23:05,1385,-15289
0059,23:10,1390,-15289
0059,23:15,1395,-15289
0059,23:16,1396,-15289
0059,23:20,1400,-15289
0060,09:00,540,0
0060,09:05,545,0
0060,09:10,550,0
0060,09:15,555,0
0060,09:20,560,0
0060,09:25,565,0
0060,09:30,570,0
0060,09:35,575,0
0060,09:40,580,0
0060,09:45,585,0
0060,09:50,590,0
0060,09:55,595,0
0060,10:00,600,0
0060,10:05,605,0
0060,10:10,610,0
0060,10:15,615,0
0060,10:20,620,0
0060,10:25,625,0
0060,10:30,630,0
0060,10:35,635,0
0060,10:40,640,0
0060,10:45,645,0
0060,10:50,650,0
0060,10:55,655,0
0060,11:00,660,0
0060,11:05,665,0
0060,11:10,670,0
0060,11:15,675,0
0060,11:20,680,0
0060,11:25,685,0
0060,11:30,690,-711
0060,11:35,695,-711
0060,11:40,700,-711
0060,11:45,705,-1067
0060,11:50,710,-1067
0060,11:55,715,-1067
0060,12:00,720,-1067
0060,12:05,725,690
0060,12:10,730,690
0060,12:15,735,690
0060,12:20,740,690
0060,12:25,745,690
0060,12:30,750,-356
0060,12:35,755,-356
0060,12:40,760,-356
0060,12:45,765,-356
0060,12:50,770,-1600
0060,12:55,775,-1600
0060,13:00,780,-1600
0060,13:05,785,-2844
0060,13:10,790,-2844
0060,13:15,795,-2844
0060,13:20,800,-2844
0060,13:25,805,-3733
0060,13:30,810,-3733
0060,13:35,815,-3733
0060,13:40,820,-3733
0060,13:45,825,-3733
0060,13:50,830,-4800
0060,13:55,835,-4800
0060,14:00,840,-4800
0060,14:05,845,-4800
0060,14:10,850,-5511
0060,14:15,855,-5511
0060,14:20,860,-5511
0060,14:25,865,-5511
0060,14:30,870,-6933
0060,14:35,875,-6933
0060,14:40,880,-6933
0060,14:45,885,-6222
0060,14:50,890,-6222
0060,14:55,895,-6222
0060,15:00,900,-6222
0060,15:05,905,-6222
0060,15:10,910,-7289
0060,15:15,915,-7289
0060,15:20,920,-7289
0060,15:25,925,-7289
0060,15:30,930,-8533
0060,15:35,935,-8533
0060,15:40,940,-8533
0060,15:45,945,-9067
0060,15:50,950,-9067
0060,15:55,955,-9067
0060,16:00,960,-9067
0060,16:05,965,-9067
0060,16:10,970,-9778
0060,16:15,975,-9778
0060,16:20,980,-9778
0060,16:25,985,-9778
0060,16:30,990,-9778
0060,16:35,995,-9778
0060,16:40,1000,-9778
0060,16:45,1005,-9778
0060,16:50,1010,-10311
0060,16:55,1015,-10311
0060,17:00,1020,-10311
0060,17:05,1025,-11200
0060,17:10,1030,-11200
0060,17:15,1035,-11200
0060,17:20,1040,-11200
0060,17:25,1045,-11200
0060,17:30,1050,-12267
0060,17:35,1055,-12267
0060,17:40,1060,-12267
0060,17:45,1065,-12267
0060,17:50,1070,-8711
0060,17:55,1075,-8711
0060,18:00,1080,-8711
0060,18:05,1085,-8711
0060,18:10,1090,-3022
0060,18:15,1095,-3022
0060,18:20,1100,-3022
0060,18:25,1105,3793
0060,18:30,1110,3793
0060,18:35,1115,3793
0060,18:40,1120,3793
0060,18:45,1125,3793
0060,18:50,1130,3621
0060,18:55,1135,3621
0060,19:00,1140,3621
0060,19:05,1145,3621
0060,19:10,1150,3621
0060,19:15,1155,3621
0060,19:20,1160,3621
0060,19:25,1165,3276
0060,19:30,1170,3276
0060,19:35,1175,3276
0060,19:40,1180,3276
0060,19:45,1185,3276
0060,19:50,1190,3276
0060,19:55,1195,3276
0060,20:00,1200,3276
0060,20:05,1205,3276
0060,20:10,1210,3103
0060,20:15,1215,3103
0060,20:20,1220,3103
0060,20:25,1225,3103
0060,20:30,1230,2931
0060,20:35,1235,2931
0060,20:40,1240,2931
0060,20:45,1245,2931
0060,20:50,1250,2931
0060,20:55,1255,2931
0060,21:00,1260,2931
0060,21:05,1265,2931
0060,21:10,1270,2931
0060,21:15,1275,2931
0060,21:20,1280,2931
0060,21:25,1285,2931
0060,21:30,1290,2759
0060,21:35,1295,2759
0060,21:40,1300,2759
0060,21:45,1305,2759
0060,21:50,1310,2759
0060,21:55,1315,2759
0060,22:00,1320,2759
0060,22:05,1325,2759
0060,22:10,1330,2759
0060,22:15,1335,2759
0060,22:20,1340,2759
0060,22:25,1345,2759
0060,22:30,1350,2759
0060,22:35,1355,2759
0060,22:40,1360,2759
0060,22:45,1365,2759
0060,22:50,1370,2759
0060,22:55,1375,2759
0060,23:00,1380,2759
0060,23:05,1385,2759
0060,23:10,1390,2759
0060,23:15,1395,2759
0060,23:16,1396,2759
0060,23:20,1400,2759
0061,09:00,540,0
0061,09:05,545,0
0061,09:10,550,0
0061,09:15,555,0
0061,09:20,560,0
0061,09:25,565,0
0061,09:30,570,0
0061,09:35,575,0
0061,09:40,580,0
0061,09:45,585,0
0061,09:50,590,0
0061,09:55,595,0
0061,10:00,600,0
0061,10:05,605,0
0061,10:10,610,0
0061,10:15,615,0
0061,10:20,620,0
0061,10:25,625,0
0061,10:30,630,0
0061,10:35,635,0
0061,10:40,640,0
0061,10:45,645,0
0061,10:50,650,0
0061,10:55,655,0
0061,11:00,660,0
0061,11:05,665,0
0061,11:10,670,0
0061,11:15,675,0
0061,11:20,680,0
0061,11:25,685,0
0061,11:30,690,0
0061,11:35,695,0
0061,11:40,700,0
0061,11:45,705,-711
0061,11:50,710,-711
0061,11:55,715,-711
0061,12:00,720,-711
0061,12:05,725,-889
0061,12:10,730,-889
0061,12:15,735,-889
0061,12:20,740,-889
0061,12:25,745,-889
0061,12:30,750,-1422
0061,12:35,755,-1422
0061,12:40,760,-1422
0061,12:45,765,-1422
0061,12:50,770,-1778
0061,12:55,775,-1778
0061,13:00,780,-1778
0061,13:05,785,-1778
0061,13:10,790,-1778
0061,13:15,795,-1778
0061,13:20,800,-1778
0061,13:25,805,-1778
0061,13:30,810,-1778
0061,13:35,815,-1778
0061,13:40,820,-1778
0061,13:45,825,-1778
0061,13:50,830,-2844
0061,13:55,835,-2844
0061,14:00,840,-2844
0061,14:05,845,-2844
0061,14:10,850,-4089
0061,14:15,855,-4089
0061,14:20,860,-4089
0061,14:25,865,-4089
0061,14:30,870,1207
0061,14:35,875,1207
0061,14:40,880,1207
0061,14:45,885,6897
0061,14:50,890,6897
0061,14:55,895,6897
0061,15:00,900,6897
0061,15:05,905,6897
0061,15:10,910,10517
0061,15:15,915,10517
0061,15:20,920,10517
0061,15:25,925,10517
0061,15:30,930,9138
0061,15:35,935,9138
0061,15:40,940,9138
0061,15:45,945,7931
0061,15:50,950,7931
0061,15:55,955,7931
0061,16:00,960,7931
0061,16:05,965,7931
0061,16:10,970,6724
0061,16:15,975,6724
0061,16:20,980,6724
0061,16:25,985,6724
0061,16:30,990,6207
0061,16:35,995,6207
0061,16:40,1000,6207
0061,16:45,1005,6207
0061,16:50,1010,5517
0061,16:55,1015,5517
0061,17:00,1020,5517
0061,17:05,1025,10345
0061,17:10,1030,10345
0061,17:15,1035,10345
0061,17:20,1040,10345
0061,17:25,1045,10345
0061,17:30,1050,8966
0061,17:35,1055,8966
0061,17:40,1060,8966
0061,17:45,1065,8966
0061,17:50,1070,7931
0061,17:55,1075,7931
0061,18:00,1080,7931
0061,18:05,1085,7931
0061,18:10,1090,9655
0061,18:15,1095,9655
0061,18:20,1100,9655
0061,18:25,1105,8103
0061,18:30,1110,8103
0061,18:35,1115,8103
0061,18:40,1120,8103
0061,18:45,1125,8103
0061,18:50,1130,13448
0061,18:55,1135,13448
0061,19:00,1140,13448
0061,19:05,1145,13448
0061,19:10,1150,15517
0061,19:15,1155,15517
0061,19:20,1160,15517
0061,19:25,1165,13966
0061,19:30,1170,13966
0061,19:35,1175,13966
0061,19:40,1180,13966
0061,19:45,1185,12759
0061,19:50,1190,12759
0061,19:55,1195,12759
0061,20:00,1200,12759
0061,20:05,1205,12759
0061,20:10,1210,11897
0061,20:15,1215,11897
0061,20:20,1220,11897
0061,20:25,1225,11897
0061,20:30,1230,10517
0061,20:35,1235,10517
0061,20:40,1240,10517
0061,20:45,1245,9138
0061,20:50,1250,9138
0061,20:55,1255,9138
0061,21:00,1260,9138
0061,21:05,1265,9138
0061,21:10,1270,8793
0061,21:15,1275,8793
0061,21:20,1280,8793
0061,21:25,1285,8793
0061,21:30,1290,8793
0061,21:35,1295,8793
0061,21:40,1300,8793
0061,21:45,1305,8793
0061,21:50,1310,8793
0061,21:55,1315,8793
0061,22:00,1320,8793
0061,22:05,1325,8793
0061,22:10,1330,8793
0061,22:15,1335,8793
0061,22:20,1340,8793
0061,22:25,1345,8793
0061,22:30,1350,8793
0061,22:35,1355,8793
0061,22:40,1360,8793
0061,22:45,1365,8793
0061,22:50,1370,8793
0061,22:55,1375,8793
0061,23:00,1380,8793
0061,23:05,1385,8793
0061,23:10,1390,8793
0061,23:15,1395,8793
0061,23:16,1396,8793
0061,23:20,1400,8793
0062,09:00,540,0
0062,09:05,545,0
0062,09:10,550,0
0062,09:15,555,0
0062,09:20,560,0
0062,09:25,565,0
0062,09:30,570,0
0062,09:35,575,0
0062,09:40,580,0
0062,09:45,585,0
0062,09:50,590,0
0062,09:55,595,0
0062,10:00,600,0
0062,10:05,605,0
0062,10:10,610,0
0062,10:15,615,0
0062,10:20,620,0
0062,10:25,625,0
0062,10:30,630,0
0062,10:35,635,0
0062,10:40,640,0
0062,10:45,645,0
0062,10:50,650,0
0062,10:55,655,0
0062,11:00,660,0
0062,11:05,665,0
0062,11:10,670,690
0062,11:15,675,690
0062,11:20,680,690
0062,11:25,685,690
0062,11:30,690,7586
0062,11:35,695,7586
0062,11:40,700,7586
0062,11:45,705,7586
0062,11:50,710,7586
0062,11:55,715,7586
0062,12:00,720,7586
0062,12:05,725,7586
0062,12:10,730,7586
0062,12:15,735,7586
0062,12:20,740,7586
0062,12:25,745,7586
0062,12:30,750,12931
0062,12:35,755,12931
0062,12:40,760,12931
0062,12:45,765,12931
0062,12:50,770,13621
0062,12:55,775,13621
0062,13:00,780,13621
0062,13:05,785,15690
0062,13:10,790,15690
0062,13:15,795,15690
0062,13:20,800,15690
0062,13:25,805,16379
0062,13:30,810,16379
0062,13:35,815,16379
0062,13:40,820,16379
0062,13:45,825,16379
0062,13:50,830,16379
0062,13:55,835,16379
0062,14:00,840,16379
0062,14:05,845,16379
0062,14:10,850,15690
0062,14:15,855,15690
0062,14:20,860,15690
0062,14:25,865,15690
0062,14:30,870,15000
0062,14:35,875,15000
0062,14:40,880,15000
0062,14:45,885,14310
0062,14:50,890,14310
0062,14:55,895,14310
0062,15:00,900,14310
0062,15:05,905,14310
0062,15:10,910,13621
0062,15:15,915,13621
0062,15:20,920,13621
0062,15:25,925,13621
0062,15:30,930,12414
0062,15:35,935,12414
0062,15:40,940,12414
0062,15:45,945,10862
0062,15:50,950,10862
0062,15:55,955,10862
0062,16:00,960,10862
0062,16:05,965,10862
0062,16:10,970,10345
0062,16:15,975,10345
0062,16:20,980,10345
0062,16:25,985,10345
0062,16:30,990,8966
0062,16:35,995,8966
0062,16:40,1000,8966
0062,16:45,1005,8966
0062,16:50,1010,8103
0062,16:55,1015,8103
0062,17:00,1020,8103
0062,17:05,1025,10345
0062,17:10,1030,10345
0062,17:15,1035,10345
0062,17:20,1040,10345
0062,17:25,1045,10345
0062,17:30,1050,8966
0062,17:35,1055,8966
0062,17:40,1060,8966
0062,17:45,1065,8966
0062,17:50,1070,7759
0062,17:55,1075,7759
0062,18:00,1080,7759
0062,18:05,1085,7759
0062,18:10,1090,6379
0062,18:15,1095,6379
0062,18:20,1100,6379
0062,18:25,1105,5000
0062,18:30,1110,5000
0062,18:35,1115,5000
0062,18:40,1120,5000
0062,18:45,1125,5000
0062,18:50,1130,4310
0062,18:55,1135,4310
0062,19:00,1140,4310
0062,19:05,1145,4310
0062,19:10,1150,4310
0062,19:15,1155,4310
0062,19:20,1160,4310
0062,19:25,1165,4310
0062,19:30,1170,4310
0062,19:35,1175,4310
0062,19:40,1180,4310
0062,19:45,1185,4310
0062,19:50,1190,4310
0062,19:55,1195,4310
0062,20:00,1200,4310
0062,20:05,1205,4310
0062,20:10,1210,4138
0062,20:15,1215,4138
0062,20:20,1220,4138
0062,20:25,1225,4138
0062,20:30,1230,2414
0062,20:35,1235,2414
0062,20:40,1240,2414
0062,20:45,1245,862
0062,20:50,1250,862
0062,20:55,1255,862
0062,21:00,1260,862
0062,21:05,1265,862
0062,21:10,1270,690
0062,21:15,1275,690
0062,21:20,1280,690
0062,21:25,1285,690
0062,21:30,1290,690
0062,21:35,1295,690
0062,21:40,1300,690
0062,21:45,1305,690
0062,21:50,1310,690
0062,21:55,1315,690
0062,22:00,1320,690
0062,22:05,1325,690
0062,22:10,1330,690
0062,22:15,1335,690
0062,22:20,1340,690
0062,22:25,1345,690
0062,22:30,1350,690
0062,22:35,1355,690
0062,22:40,1360,690
0062,22:45,1365,690
0062,22:50,1370,690
0062,22:55,1375,690
0062,23:00,1380,690
0062,23:05,1385,690
0062,23:10,1390,690
0062,23:15,1395,690
0062,23:16,1396,690
0062,23:20,1400,690
0063,09:00,540,0
0063,09:05,545,0
0063,09:10,550,0
0063,09:15,555,0
0063,09:20,560,0
0063,09:25,565,0
0063,09:30,570,0
0063,09:35,575,0
0063,09:40,580,0
0063,09:45,585,0
0063,09:50,590,0
0063,09:55,595,0
0063,10:00,600,0
0063,10:05,605,0
0063,10:10,610,0
0063,10:15,615,0
0063,10:20,620,0
0063,10:25,625,0
0063,10:30,630,0
0063,10:35,635,0
0063,10:40,640,0
0063,10:45,645,0
0063,10:50,650,0
0063,10:55,655,0
0063,11:00,660,-711
0063,11:05,665,-711
0063,11:10,670,-711
0063,11:15,675,-711
0063,11:20,680,-711
0063,11:25,685,-711
0063,11:30,690,-711
0063,11:35,695,-711
0063,11:40,700,-711
0063,11:45,705,-711
0063,11:50,710,-711
0063,11:55,715,-711
0063,12:00,720,-711
0063,12:05,725,-1067
0063,12:10,730,-1067
0063,12:15,735,-1067
0063,12:20,740,-1067
0063,12:25,745,-1067
0063,12:30,750,-1067
0063,12:35,755,-1067
0063,12:40,760,-1067
0063,12:45,765,-1067
0063,12:50,770,-1422
0063,12:55,775,-1422
0063,13:00,780,-1422
0063,13:05,785,-2667
0063,13:10,790,-2667
0063,13:15,795,-2667
0063,13:20,800,-2667
0063,13:25,805,-2667
0063,13:30,810,-2667
0063,13:35,815,-2667
0063,13:40,820,-2667
0063,13:45,825,-2667
0063,13:50,830,-3378
0063,13:55,835,-3378
0063,14:00,840,-3378
0063,14:05,845,-3378
0063,14:10,850,-4800
0063,14:15,855,-4800
0063,14:20,860,-4800
0063,14:25,865,-4800
0063,14:30,870,-6044
0063,14:35,875,-6044
0063,14:40,880,-6044
0063,14:45,885,-7111
0063,14:50,890,-7111
0063,14:55,895,-7111
0063,15:00,900,-7111
0063,15:05,905,-7111
0063,15:10,910,-5333
0063,15:15,915,-5333
0063,15:20,920,-5333
0063,15:25,925,-5333
0063,15:30,930,-4622
0063,15:35,935,-4622
0063,15:40,940,-4622
0063,15:45,945,-5867
0063,15:50,950,-5867
0063,15:55,955,-5867
0063,16:00,960,-5867
0063,16:05,965,-5867
0063,16:10,970,-6933
0063,16:15,975,-6933
0063,16:20,980,-6933
0063,16:25,985,-6933
0063,16:30,990,-7111
0063,16:35,995,-7111
0063,16:40,1000,-7111
0063,16:45,1005,-7111
0063,16:50,1010,-7289
0063,16:55,1015,-7289
0063,17:00,1020,-7289
0063,17:05,1025,-8533
0063,17:10,1030,-8533
0063,17:15,1035,-8533
0063,17:20,1040,-8533
0063,17:25,1045,-8533
0063,17:30,1050,-10311
0063,17:35,1055,-10311
0063,17:40,1060,-10311
0063,17:45,1065,-10311
0063,17:50,1070,-11200
0063,17:55,1075,-11200
0063,18:00,1080,-11200
0063,18:05,1085,-11200
0063,18:10,1090,-11378
0063,18:15,1095,-11378
0063,18:20,1100,-11378
0063,18:25,1105,-7289
0063,18:30,1110,-7289
0063,18:35,1115,-7289
0063,18:40,1120,-7289
0063,18:45,1125,-7289
0063,18:50,1130,-7822
0063,18:55,1135,-7822
0063,19:00,1140,-7822
0063,19:05,1145,-7822
0063,19:10,1150,-5511
0063,19:15,1155,-5511
0063,19:20,1160,-5511
0063,19:25,1165,-3378
0063,19:30,1170,-3378
0063,19:35,1175,-3378
0063,19:40,1180,-3378
0063,19:45,1185,2069
0063,19:50,1190,2069
0063,19:55,1195,2069
0063,20:00,1200,2069
0063,20:05,1205,2069
0063,20:10,1210,1724
0063,20:15,1215,1724
0063,20:20,1220,1724
0063,20:25,1225,1724
0063,20:30,1230,690
0063,20:35,1235,690
0063,20:40,1240,690
0063,20:45,1245,690
0063,20:50,1250,690
0063,20:55,1255,690
0063,21:00,1260,690
0063,21:05,1265,690
0063,21:10,1270,345
0063,21:15,1275,345
0063,21:20,1280,345
0063,21:25,1285,345
0063,21:30,1290,-178
0063,21:35,1295,-178
0063,21:40,1300,-178
0063,21:45,1305,-533
0063,21:50,1310,-533
0063,21:55,1315,-533
0063,22:00,1320,-533
0063,22:05,1325,-533
0063,22:10,1330,-533
0063,22:15,1335,-533
0063,22:20,1340,-533
0063,22:25,1345,-533
0063,22:30,1350,-533
0063,22:35,1355,-533
0063,22:40,1360,-533
0063,22:45,1365,-533
0063,22:50,1370,-533
0063,22:55,1375,-533
0063,23:00,1380,-533
0063,23:05,1385,-533
0063,23:10,1390,-533
0063,23:15,1395,-533
0063,23:16,1396,-533
0063,23:20,1400,-533
0064,09:00,540,0
0064,09:05,545,0
0064,09:10,550,0
0064,09:15,555,0
0064,09:20,560,0
0064,09:25,565,0
0064,09:30,570,0
0064,09:35,575,0
0064,09:40,580,0
0064,09:45,585,0
0064,09:50,590,0
0064,09:55,595,0
0064,10:00,600,0
0064,10:05,605,0
0064,10:10,610,0
0064,10:15,615,0
0064,10:20,620,0
0064,10:25,625,0
0064,10:30,630,0
0064,10:35,635,0
0064,10:40,640,0
0064,10:45,645,0
0064,10:50,650,0
0064,10:55,655,0
0064,11:00,660,0
0064,11:05,665,0
0064,11:10,670,0
0064,11:15,675,0
0064,11:20,680,0
0064,11:25,685,0
0064,11:30,690,-1422
0064,11:35,695,-1422
0064,11:40,700,-1422
0064,11:45,705,-2489
0064,11:50,710,-2489
0064,11:55,715,-2489
0064,12:00,720,-2489
0064,12:05,725,-1600
0064,12:10,730,-1600
0064,12:15,735,-1600
0064,12:20,740,-1600
0064,12:25,745,-1600
0064,12:30,750,-711
0064,12:35,755,-711
0064,12:40,760,-711
0064,12:45,765,-711
0064,12:50,770,-889
0064,12:55,775,-889
0064,13:00,780,-889
0064,13:05,785,-1244
0064,13:10,790,-1244
0064,13:15,795,-1244
0064,13:20,800,-1244
0064,13:25,805,-1422
0064,13:30,810,-1422
0064,13:35,815,-1422
0064,13:40,820,-1422
0064,13:45,825,-1422
0064,13:50,830,-2311
0064,13:55,835,-2311
0064,14:00,840,-2311
0064,14:05,845,-2311
0064,14:10,850,-3556
0064,14:15,855,-3556
0064,14:20,860,-3556
0064,14:25,865,-3556
0064,14:30,870,-4978
0064,14:35,875,-4978
0064,14:40,880,-4978
0064,14:45,885,-6222
0064,14:50,890,-6222
0064,14:55,895,-6222
0064,15:00,900,-6222
0064,15:05,905,-6222
0064,15:10,910,-6933
0064,15:15,915,-6933
0064,15:20,920,-6933
0064,15:25,925,-6933
0064,15:30,930,-8178
0064,15:35,935,-8178
0064,15:40,940,-8178
0064,15:45,945,-9600
0064,15:50,950,-9600
0064,15:55,955,-9600
0064,16:00,960,-9600
0064,16:05,965,-9600
0064,16:10,970,-10667
0064,16:15,975,-10667
0064,16:20,980,-10667
0064,16:25,985,-10667
0064,16:30,990,-12089
0064,16:35,995,-12089
0064,16:40,1000,-12089
0064,16:45,1005,-12089
0064,16:50,1010,-10844
0064,16:55,1015,-10844
0064,17:00,1020,-10844
0064,17:05,1025,-11200
0064,17:10,1030,-11200
0064,17:15,1035,-11200
0064,17:20,1040,-11200
0064,17:25,1045,-11200
0064,17:30,1050,-12978
0064,17:35,1055,-12978
0064,17:40,1060,-12978
0064,17:45,1065,-12978
0064,17:50,1070,-12444
0064,17:55,1075,-12444
0064,18:00,1080,-12444
0064,18:05,1085,-12444
0064,18:10,1090,-12800
0064,18:15,1095,-12800
0064,18:20,1100,-12800
0064,18:25,1105,-13156
0064,18:30,1110,-13156
0064,18:35,1115,-13156
0064,18:40,1120,-13156
0064,18:45,1125,-13156
0064,18:50,1130,-13156
0064,18:55,1135,-13156
0064,19:00,1140,-13156
0064,19:05,1145,-13156
0064,19:10,1150,-13156
0064,19:15,1155,-13156
0064,19:20,1160,-13156
0064,19:25,1165,-13511
0064,19:30,1170,-13511
0064,19:35,1175,-13511
0064,19:40,1180,-13511
0064,19:45,1185,-13867
0064,19:50,1190,-13867
0064,19:55,1195,-13867
0064,20:00,1200,-13867
0064,20:05,1205,-13867
0064,20:10,1210,-13867
0064,20:15,1215,-13867
0064,20:20,1220,-13867
0064,20:25,1225,-13867
0064,20:30,1230,-13867
0064,20:35,1235,-13867
0064,20:40,1240,-13867
0064,20:45,1245,-14222
0064,20:50,1250,-14222
0064,20:55,1255,-14222
0064,21:00,1260,-14222
0064,21:05,1265,-14222
0064,21:10,1270,-14400
0064,21:15,1275,-14400
0064,21:20,1280,-14400
0064,21:25,1285,-14400
0064,21:30,1290,-14400
0064,21:35,1295,-14400
0064,21:40,1300,-14400
0064,21:45,1305,-14400
0064,21:50,1310,-14400
0064,21:55,1315,-14400
0064,22:00,1320,-14400
0064,22:05,1325,-14578
0064,22:10,1330,-14578
0064,22:15,1335,-14578
0064,22:20,1340,-14578
0064,22:25,1345,-14578
0064,22:30,1350,-14578
0064,22:35,1355,-14578
0064,22:40,1360,-14578
0064,22:45,1365,-14578
0064,22:50,1370,-14578
0064,22:55,1375,-14578
0064,23:00,1380,-14578
0064,23:05,1385,-14578
0064,23:10,1390,-14578
0064,23:15,1395,-14578
0064,23:16,1396,-14578
0064,23:20,1400,-14578
0065,09:00,540,0
0065,09:05,545,0
0065,09:10,550,0
0065,09:15,555,0
0065,09:20,560,0
0065,09:25,565,0
0065,09:30,570,0
0065,09:35,575,0
0065,09:40,580,0
0065,09:45,585,0
0065,09:50,590,0
0065,09:55,595,0
0065,10:00,600,0
0065,10:05,605,0
0065,10:10,610,0
0065,10:15,615,0
0065,10:20,620,0
0065,10:25,625,0
0065,10:30,630,0
0065,10:35,635,0
0065,10:40,640,0
0065,10:45,645,0
0065,10:50,650,0
0065,10:55,655,0
0065,11:00,660,0
0065,11:05,665,0
0065,11:10,670,0
0065,11:15,675,0
0065,11:20,680,0
0065,11:25,685,0
0065,11:30,690,0
0065,11:35,695,0
0065,11:40,700,0
0065,11:45,705,-178
0065,11:50,710,-178
0065,11:55,715,-178
0065,12:00,720,-178
0065,12:05,725,-711
0065,12:10,730,-711
0065,12:15,735,-711
0065,12:20,740,-711
0065,12:25,745,-711
0065,12:30,750,-711
0065,12:35,755,-711
0065,12:40,760,-711
0065,12:45,765,-711
0065,12:50,770,-711
0065,12:55,775,-711
0065,13:00,780,-711
0065,13:05,785,-711
0065,13:10,790,-711
0065,13:15,795,-711
0065,13:20,800,-711
0065,13:25,805,-711
0065,13:30,810,-711
0065,13:35,815,-711
0065,13:40,820,-711
0065,13:45,825,-711
0065,13:50,830,-1600
0065,13:55,835,-1600
0065,14:00,840,-1600
0065,14:05,845,-1600
0065,14:10,850,-2667
0065,14:15,855,-2667
0065,14:20,860,-2667
0065,14:25,865,-2667
0065,14:30,870,-4267
0065,14:35,875,-4267
0065,14:40,880,-4267
0065,14:45,885,-1778
0065,14:50,890,-1778
0065,14:55,895,-1778
0065,15:00,900,-1778
0065,15:05,905,-1778
0065,15:10,910,-2667
0065,15:15,915,-2667
0065,15:20,920,-2667
0065,15:25,925,-2667
0065,15:30,930,-4267
0065,15:35,935,-4267
0065,15:40,940,-4267
0065,15:45,945,-5156
0065,15:50,950,-5156
0065,15:55,955,-5156
0065,16:00,960,-5156
0065,16:05,965,-5156
0065,16:10,970,-4622
0065,16:15,975,-4622
0065,16:20,980,-4622
0065,16:25,985,-4622
0065,16:30,990,1552
0065,16:35,995,1552
0065,16:40,1000,1552
0065,16:45,1005,1552
0065,16:50,1010,2414
0065,16:55,1015,2414
0065,17:00,1020,2414
0065,17:05,1025,1897
0065,17:10,1030,1897
0065,17:15,1035,1897
0065,17:20,1040,1897
0065,17:25,1045,1897
0065,17:30,1050,1379
0065,17:35,1055,1379
0065,17:40,1060,1379
0065,17:45,1065,1379
0065,17:50,1070,172
0065,17:55,1075,172
0065,18:00,1080,172
0065,18:05,1085,172
0065,18:10,1090,172
0065,18:15,1095,172
0065,18:20,1100,172
0065,18:25,1105,172
0065,18:30,1110,172
0065,18:35,1115,172
0065,18:40,1120,172
0065,18:45,1125,172
0065,18:50,1130,172
0065,18:55,1135,172
0065,19:00,1140,172
0065,19:05,1145,172
0065,19:10,1150,172
0065,19:15,1155,172
0065,19:20,1160,172
0065,19:25,1165,1379
0065,19:30,1170,1379
0065,19:35,1175,1379
0065,19:40,1180,1379
0065,19:45,1185,0
0065,19:50,1190,0
0065,19:55,1195,0
0065,20:00,1200,0
0065,20:05,1205,0
0065,20:10,1210,-711
0065,20:15,1215,-711
0065,20:20,1220,-711
0065,20:25,1225,-711
0065,20:30,1230,2414
0065,20:35,1235,2414
0065,20:40,1240,2414
0065,20:45,1245,5690
0065,20:50,1250,5690
0065,20:55,1255,5690
0065,21:00,1260,5690
0065,21:05,1265,5690
0065,21:10,1270,9655
0065,21:15,1275,9655
0065,21:20,1280,9655
0065,21:25,1285,9655
0065,21:30,1290,17069
0065,21:35,1295,17069
0065,21:40,1300,17069
0065,21:45,1305,16897
0065,21:50,1310,16897
0065,21:55,1315,16897
0065,22:00,1320,16897
0065,22:05,1325,16897
0065,22:10,1330,16897
0065,22:15,1335,16897
0065,22:20,1340,16897
0065,22:25,1345,16897
0065,22:30,1350,16897
0065,22:35,1355,16897
0065,22:40,1360,16897
0065,22:45,1365,16897
0065,22:50,1370,16897
0065,22:55,1375,16897
0065,23:00,1380,16897
0065,23:05,1385,16897
0065,23:10,1390,16897
0065,23:15,1395,16897
0065,23:16,1396,16897
0065,23:20,1400,16897
0066,09:00,540,0
0066,09:05,545,0
0066,09:10,550,0
0066,09:15,555,0
0066,09:20,560,0
0066,09:25,565,0
0066,09:30,570,0
0066,09:35,575,0
0066,09:40,580,0
0066,09:45,585,0
0066,09:50,590,0
0066,09:55,595,0
0066,10:00,600,0
0066,10:05,605,0
0066,10:10,610,0
0066,10:15,615,0
0066,10:20,620,0
0066,10:25,625,0
0066,10:30,630,0
0066,10:35,635,0
0066,10:40,640,0
0066,10:45,645,0
0066,10:50,650,0
0066,10:55,655,0
0066,11:00,660,0
0066,11:05,665,0
0066,11:10,670,0
0066,11:15,675,0
0066,11:20,680,0
0066,11:25,685,0
0066,11:30,690,-178
0066,11:35,695,-178
0066,11:40,700,-178
0066,11:45,705,-1067
0066,11:50,710,-1067
0066,11:55,715,-1067
0066,12:00,720,-1067
0066,12:05,725,-1067
0066,12:10,730,-1067
0066,12:15,735,-1067
0066,12:20,740,-1067
0066,12:25,745,-1067
0066,12:30,750,-1067
0066,12:35,755,-1067
0066,12:40,760,-1067
0066,12:45,765,-1067
0066,12:50,770,-1067
0066,12:55,775,-1067
0066,13:00,780,-1067
0066,13:05,785,-1067
0066,13:10,790,-1067
0066,13:15,795,-1067
0066,13:20,800,-1067
0066,13:25,805,-1244
0066,13:30,810,-1244
0066,13:35,815,-1244
0066,13:40,820,-1244
0066,13:45,825,-1244
0066,13:50,830,690
0066,13:55,835,690
0066,14:00,840,690
0066,14:05,845,690
0066,14:10,850,172
0066,14:15,855,172
0066,14:20,860,172
0066,14:25,865,172
0066,14:30,870,2241
0066,14:35,875,2241
0066,14:40,880,2241
0066,14:45,885,4483
0066,14:50,890,4483
0066,14:55,895,4483
0066,15:00,900,4483
0066,15:05,905,4483
0066,15:10,910,3448
0066,15:15,915,3448
0066,15:20,920,3448
0066,15:25,925,3448
0066,15:30,930,8103
0066,15:35,935,8103
0066,15:40,940,8103
0066,15:45,945,6724
0066,15:50,950,6724
0066,15:55,955,6724
0066,16:00,960,6724
0066,16:05,965,6724
0066,16:10,970,5517
0066,16:15,975,5517
0066,16:20,980,5517
0066,16:25,985,5517
0066,16:30,990,7414
0066,16:35,995,7414
0066,16:40,1000,7414
0066,16:45,1005,7414
0066,16:50,1010,5862
0066,16:55,1015,5862
0066,17:00,1020,5862
0066,17:05,1025,4828
0066,17:10,1030,4828
0066,17:15,1035,4828
0066,17:20,1040,4828
0066,17:25,1045,4828
0066,17:30,1050,10862
0066,17:35,1055,10862
0066,17:40,1060,10862
0066,17:45,1065,10862
0066,17:50,1070,11207
0066,17:55,1075,11207
0066,18:00,1080,11207
0066,18:05,1085,11207
0066,18:10,1090,10517
0066,18:15,1095,10517
0066,18:20,1100,10517
0066,18:25,1105,9310
0066,18:30,1110,9310
0066,18:35,1115,9310
0066,18:40,1120,9310
0066,18:45,1125,9310
0066,18:50,1130,8448
0066,18:55,1135,8448
0066,19:00,1140,8448
0066,19:05,1145,8448
0066,19:10,1150,8448
0066,19:15,1155,8448
0066,19:20,1160,8448
0066,19:25,1165,8448
0066,19:30,1170,8448
0066,19:35,1175,8448
0066,19:40,1180,8448
0066,19:45,1185,8448
0066,19:50,1190,8448
0066,19:55,1195,8448
0066,20:00,1200,8448
0066,20:05,1205,8448
0066,20:10,1210,7241
0066,20:15,1215,7241
0066,20:20,1220,7241
0066,20:25,1225,7241
0066,20:30,1230,7069
0066,20:35,1235,7069
0066,20:40,1240,7069
0066,20:45,1245,7069
0066,20:50,1250,7069
0066,20:55,1255,7069
0066,21:00,1260,7069
0066,21:05,1265,7069
0066,21:10,1270,7069
0066,21:15,1275,7069
0066,21:20,1280,7069
0066,21:25,1285,7069
0066,21:30,1290,7069
0066,21:35,1295,7069
0066,21:40,1300,7069
0066,21:45,1305,7069
0066,21:50,1310,7069
0066,21:55,1315,7069
0066,22:00,1320,7069
0066,22:05,1325,7069
0066,22:10,1330,7069
0066,22:15,1335,7069
0066,22:20,1340,7069
0066,22:25,1345,7069
0066,22:30,1350,6724
0066,22:35,1355,6724
0066,22:40,1360,6724
0066,22:45,1365,6724
0066,22:50,1370,6724
0066,22:55,1375,6724
0066,23:00,1380,6724
0066,23:05,1385,6724
0066,23:10,1390,6724
0066,23:15,1395,6724
0066,23:16,1396,6724
0066,23:20,1400,6724
0067,09:00,540,0
0067,09:05,545,0
0067,09:10,550,0
0067,09:15,555,0
0067,09:20,560,0
0067,09:25,565,0
0067,09:30,570,0
0067,09:35,575,0
0067,09:40,580,0
0067,09:45,585,0
0067,09:50,590,0
0067,09:55,595,0
0067,10:00,600,0
0067,10:05,605,0
0067,10:10,610,0
0067,10:15,615,0
0067,10:20,620,0
0067,10:25,625,0
0067,10:30,630,0
0067,10:35,635,0
0067,10:40,640,0
0067,10:45,645,0
0067,10:50,650,0
0067,10:55,655,0
0067,11:00,660,0
0067,11:05,665,0
0067,11:10,670,-533
0067,11:15,675,-533
0067,11:20,680,-533
0067,11:25,685,-533
0067,11:30,690,-2489
0067,11:35,695,-2489
0067,11:40,700,-2489
0067,11:45,705,-3733
0067,11:50,710,-3733
0067,11:55,715,-3733
0067,12:00,720,-3733
0067,12:05,725,-4089
0067,12:10,730,-4089
0067,12:15,735,-4089
0067,12:20,740,-4089
0067,12:25,745,-4089
0067,12:30,750,-5689
0067,12:35,755,-5689
0067,12:40,760,-5689
0067,12:45,765,-5689
0067,12:50,770,-178
0067,12:55,775,-178
0067,13:00,780,-178
0067,13:05,785,690
0067,13:10,790,690
0067,13:15,795,690
0067,13:20,800,690
0067,13:25,805,-1067
0067,13:30,810,-1067
0067,13:35,815,-1067
0067,13:40,820,-1067
0067,13:45,825,-1067
0067,13:50,830,-2489
0067,13:55,835,-2489
0067,14:00,840,-2489
0067,14:05,845,-2489
0067,14:10,850,-3733
0067,14:15,855,-3733
0067,14:20,860,-3733
0067,14:25,865,-3733
0067,14:30,870,-5511
0067,14:35,875,-5511
0067,14:40,880,-5511
0067,14:45,885,-6933
0067,14:50,890,-6933
0067,14:55,895,-6933
0067,15:00,900,-6933
0067,15:05,905,-6933
0067,15:10,910,-8178
0067,15:15,915,-8178
0067,15:20,920,-8178
0067,15:25,925,-8178
0067,15:30,930,-9244
0067,15:35,935,-9244
0067,15:40,940,-9244
0067,15:45,945,-10489
0067,15:50,950,-10489
0067,15:55,955,-10489
0067,16:00,960,-10489
0067,16:05,965,-10489
0067,16:10,970,-11556
0067,16:15,975,-11556
0067,16:20,980,-11556
0067,16:25,985,-11556
0067,16:30,990,-12089
0067,16:35,995,-12089
0067,16:40,1000,-12089
0067,16:45,1005,-12089
0067,16:50,1010,-13156
0067,16:55,1015,-13156
0067,17:00,1020,-13156
0067,17:05,1025,-14222
0067,17:10,1030,-14222
0067,17:15,1035,-14222
0067,17:20,1040,-14222
0067,17:25,1045,-14222
0067,17:30,1050,-15289
0067,17:35,1055,-15289
0067,17:40,1060,-15289
0067,17:45,1065,-15289
0067,17:50,1070,-14756
0067,17:55,1075,-14756
0067,18:00,1080,-14756
0067,18:05,1085,-14756
0067,18:10,1090,-15467
0067,18:15,1095,-15467
0067,18:20,1100,-15467
0067,18:25,1105,-16711
0067,18:30,1110,-16711
0067,18:35,1115,-16711
0067,18:40,1120,-16711
0067,18:45,1125,-16711
0067,18:50,1130,-17600
0067,18:55,1135,-17600
0067,19:00,1140,-17600
0067,19:05,1145,-17600
0067,19:10,1150,-15289
0067,19:15,1155,-15289
0067,19:20,1160,-15289
0067,19:25,1165,-16000
0067,19:30,1170,-16000
0067,19:35,1175,-16000
0067,19:40,1180,-16000
0067,19:45,1185,-17067
0067,19:50,1190,-17067
0067,19:55,1195,-17067
0067,20:00,1200,-17067
0067,20:05,1205,-17067
0067,20:10,1210,-17067
0067,20:15,1215,-17067
0067,20:20,1220,-17067
0067,20:25,1225,-17067
0067,20:30,1230,-8178
0067,20:35,1235,-8178
0067,20:40,1240,-8178
0067,20:45,1245,-2844
0067,20:50,1250,-2844
0067,20:55,1255,-2844
0067,21:00,1260,-2844
0067,21:05,1265,-2844
0067,21:10,1270,-3556
0067,21:15,1275,-3556
0067,21:20,1280,-3556
0067,21:25,1285,-3556
0067,21:30,1290,-3911
0067,21:35,1295,-3911
0067,21:40,1300,-3911
0067,21:45,1305,-3911
0067,21:50,1310,-3911
0067,21:55,1315,-3911
0067,22:00,1320,-3911
0067,22:05,1325,-3911
0067,22:10,1330,-3911
0067,22:15,1335,-3911
0067,22:20,1340,-3911
0067,22:25,1345,-3911
0067,22:30,1350,-3911
0067,22:35,1355,-3911
0067,22:40,1360,-3911
0067,22:45,1365,-3911
0067,22:50,1370,-3911
0067,22:55,1375,-3911
0067,23:00,1380,-3911
0067,23:05,1385,-3911
0067,23:10,1390,-3911
0067,23:15,1395,-3911
0067,23:16,1396,-3911
0067,23:20,1400,-3911
0068,09:00,540,0
0068,09:05,545,0
0068,09:10,550,0
0068,09:15,555,0
0068,09:20,560,0
0068,09:25,565,0
0068,09:30,570,0
0068,09:35,575,0
0068,09:40,580,0
0068,09:45,585,0
0068,09:50,590,0
0068,09:55,595,0
0068,10:00,600,0
0068,10:05,605,0
0068,10:10,610,0
0068,10:15,615,0
0068,10:20,620,0
0068,10:25,625,0
0068,10:30,630,0
0068,10:35,635,0
0068,10:40,640,0
0068,10:45,645,0
0068,10:50,650,0
0068,10:55,655,0
0068,11:00,660,-178
0068,11:05,665,-178
0068,11:10,670,-533
0068,11:15,675,-533
0068,11:20,680,-533
0068,11:25,685,-533
0068,11:30,690,-2311
0068,11:35,695,-2311
0068,11:40,700,-2311
0068,11:45,705,-3733
0068,11:50,710,-3733
0068,11:55,715,-3733
0068,12:00,720,-3733
0068,12:05,725,-4089
0068,12:10,730,-4089
0068,12:15,735,-4089
0068,12:20,740,-4089
0068,12:25,745,-4089
0068,12:30,750,-5333
0068,12:35,755,-5333
0068,12:40,760,-5333
0068,12:45,765,-5333
0068,12:50,770,-6756
0068,12:55,775,-6756
0068,13:00,780,-6756
0068,13:05,785,-4978
0068,13:10,790,-4978
0068,13:15,795,-4978
0068,13:20,800,-4978
0068,13:25,805,-3022
0068,13:30,810,-3022
0068,13:35,815,-3022
0068,13:40,820,-3022
0068,13:45,825,-3022
0068,13:50,830,-4444
0068,13:55,835,-4444
0068,14:00,840,-4444
0068,14:05,845,-4444
0068,14:10,850,-5867
0068,14:15,855,-5867
0068,14:20,860,-5867
0068,14:25,865,-5867
0068,14:30,870,-7289
0068,14:35,875,-7289
0068,14:40,880,-7289
0068,14:45,885,-8711
0068,14:50,890,-8711
0068,14:55,895,-8711
0068,15:00,900,-8711
0068,15:05,905,-8711
0068,15:10,910,-2667
0068,15:15,915,-2667
0068,15:20,920,-2667
0068,15:25,925,-2667
0068,15:30,930,0
0068,15:35,935,0
0068,15:40,940,0
0068,15:45,945,-1600
0068,15:50,950,-1600
0068,15:55,955,-1600
0068,16:00,960,-1600
0068,16:05,965,-1600
0068,16:10,970,-3022
0068,16:15,975,-3022
0068,16:20,980,-3022
0068,16:25,985,-3022
0068,16:30,990,-4622
0068,16:35,995,-4622
0068,16:40,1000,-4622
0068,16:45,1005,-4622
0068,16:50,1010,-6222
0068,16:55,1015,-6222
0068,17:00,1020,-6222
0068,17:05,1025,-7467
0068,17:10,1030,-7467
0068,17:15,1035,-7467
0068,17:20,1040,-7467
0068,17:25,1045,-7467
0068,17:30,1050,-7467
0068,17:35,1055,-7467
0068,17:40,1060,-7467
0068,17:45,1065,-7467
0068,17:50,1070,-9067
0068,17:55,1075,-9067
0068,18:00,1080,-9067
0068,18:05,1085,-9067
0068,18:10,1090,-9244
0068,18:15,1095,-9244
0068,18:20,1100,-9244
0068,18:25,1105,-10311
0068,18:30,1110,-10311
0068,18:35,1115,-10311
0068,18:40,1120,-10311
0068,18:45,1125,-10311
0068,18:50,1130,-11556
0068,18:55,1135,-11556
0068,19:00,1140,-11556
0068,19:05,1145,-11556
0068,19:10,1150,-6222
0068,19:15,1155,-6222
0068,19:20,1160,-6222
0068,19:25,1165,-4978
0068,19:30,1170,-4978
0068,19:35,1175,-4978
0068,19:40,1180,-4978
0068,19:45,1185,-6222
0068,19:50,1190,-6222
0068,19:55,1195,-6222
0068,20:00,1200,-6222
0068,20:05,1205,-6222
0068,20:10,1210,-6578
0068,20:15,1215,-6578
0068,20:20,1220,-6578
0068,20:25,1225,-6578
0068,20:30,1230,-5333
0068,20:35,1235,-5333
0068,20:40,1240,-5333
0068,20:45,1245,-5511
0068,20:50,1250,-5511
0068,20:55,1255,-5511
0068,21:00,1260,-5511
0068,21:05,1265,-5511
0068,21:10,1270,-5867
0068,21:15,1275,-5867
0068,21:20,1280,-5867
0068,21:25,1285,-5867
0068,21:30,1290,-6756
0068,21:35,1295,-6756
0068,21:40,1300,-6756
0068,21:45,1305,-6756
0068,21:50,1310,-6756
0068,21:55,1315,-6756
0068,22:00,1320,-6756
0068,22:05,1325,-6756
0068,22:10,1330,-6756
0068,22:15,1335,-6756
0068,22:20,1340,-6756
0068,22:25,1345,-6756
0068,22:30,1350,-6756
0068,22:35,1355,-6756
0068,22:40,1360,-6756
0068,22:45,1365,-6756
0068,22:50,1370,-6756
0068,22:55,1375,-6756
0068,23:00,1380,-6756
0068,23:05,1385,-6756
0068,23:10,1390,-6756
0068,23:15,1395,-6756
0068,23:16,1396,-6756
0068,23:20,1400,-6756
0069,09:00,540,0
0069,09:05,545,0
0069,09:10,550,0
0069,09:15,555,0
0069,09:20,560,0
0069,09:25,565,0
0069,09:30,570,0
0069,09:35,575,0
0069,09:40,580,0
0069,09:45,585,0
0069,09:50,590,0
0069,09:55,595,0
0069,10:00,600,0
0069,10:05,605,0
0069,10:10,610,0
0069,10:15,615,0
0069,10:20,620,0
0069,10:25,625,0
0069,10:30,630,0
0069,10:35,635,0
0069,10:40,640,0
0069,10:45,645,0
0069,10:50,650,0
0069,10:55,655,0
0069,11:00,660,0
0069,11:05,665,0
0069,11:10,670,0
0069,11:15,675,0
0069,11:20,680,0
0069,11:25,685,0
0069,11:30,690,0
0069,11:35,695,0
0069,11:40,700,0
0069,11:45,705,0
0069,11:50,710,0
0069,11:55,715,0
0069,12:00,720,0
0069,12:05,725,-178
0069,12:10,730,-178
0069,12:15,735,-178
0069,12:20,740,-178
0069,12:25,745,-178
0069,12:30,750,-1956
0069,12:35,755,-1956
0069,12:40,760,-1956
0069,12:45,765,-1956
0069,12:50,770,-3556
0069,12:55,775,-3556
0069,13:00,780,-3556
0069,13:05,785,-4800
0069,13:10,790,-4800
0069,13:15,795,-4800
0069,13:20,800,-4800
0069,13:25,805,-5156
0069,13:30,810,-5156
0069,13:35,815,-5156
0069,13:40,820,-5156
0069,13:45,825,-5156
0069,13:50,830,-5511
0069,13:55,835,-5511
0069,14:00,840,-5511
0069,14:05,845,-5511
0069,14:10,850,-6400
0069,14:15,855,-6400
0069,14:20,860,-6400
0069,14:25,865,-6400
0069,14:30,870,-1244
0069,14:35,875,-1244
0069,14:40,880,-1244
0069,14:45,885,-889
0069,14:50,890,-889
0069,14:55,895,-889
0069,15:00,900,-889
0069,15:05,905,-889
0069,15:10,910,2759
0069,15:15,915,2759
0069,15:20,920,2759
0069,15:25,925,2759
0069,15:30,930,10172
0069,15:35,935,10172
0069,15:40,940,10172
0069,15:45,945,11034
0069,15:50,950,11034
0069,15:55,955,11034
0069,16:00,960,11034
0069,16:05,965,11034
0069,16:10,970,9828
0069,16:15,975,9828
0069,16:20,980,9828
0069,16:25,985,9828
0069,16:30,990,14828
0069,16:35,995,14828
0069,16:40,1000,14828
0069,16:45,1005,14828
0069,16:50,1010,15517
0069,16:55,1015,15517
0069,17:00,1020,15517
0069,17:05,1025,14310
0069,17:10,1030,14310
0069,17:15,1035,14310
0069,17:20,1040,14310
0069,17:25,1045,14310
0069,17:30,1050,12586
0069,17:35,1055,12586
0069,17:40,1060,12586
0069,17:45,1065,12586
0069,17:50,1070,11207
0069,17:55,1075,11207
0069,18:00,1080,11207
0069,18:05,1085,11207
0069,18:10,1090,13276
0069,18:15,1095,13276
0069,18:20,1100,13276
0069,18:25,1105,11724
0069,18:30,1110,11724
0069,18:35,1115,11724
0069,18:40,1120,11724
0069,18:45,1125,11724
0069,18:50,1130,10172
0069,18:55,1135,10172
0069,19:00,1140,10172
0069,19:05,1145,10172
0069,19:10,1150,8793
0069,19:15,1155,8793
0069,19:20,1160,8793
0069,19:25,1165,7759
0069,19:30,1170,7759
0069,19:35,1175,7759
0069,19:40,1180,7759
0069,19:45,1185,6724
0069,19:50,1190,6724
0069,19:55,1195,6724
0069,20:00,1200,6724
0069,20:05,1205,6724
0069,20:10,1210,6897
0069,20:15,1215,6897
0069,20:20,1220,6897
0069,20:25,1225,6897
0069,20:30,1230,7586
0069,20:35,1235,7586
0069,20:40,1240,7586
0069,20:45,1245,6724
0069,20:50,1250,6724
0069,20:55,1255,6724
0069,21:00,1260,6724
0069,21:05,1265,6724
0069,21:10,1270,6207
0069,21:15,1275,6207
0069,21:20,1280,6207
0069,21:25,1285,6207
0069,21:30,1290,5862
0069,21:35,1295,5862
0069,21:40,1300,5862
0069,21:45,1305,6897
0069,21:50,1310,6897
0069,21:55,1315,6897
0069,22:00,1320,6897
0069,22:05,1325,6897
0069,22:10,1330,6897
0069,22:15,1335,6897
0069,22:20,1340,6897
0069,22:25,1345,6897
0069,22:30,1350,6897
0069,22:35,1355,6897
0069,22:40,1360,6897
0069,22:45,1365,6897
0069,22:50,1370,6897
0069,22:55,1375,6897
0069,23:00,1380,6897
0069,23:05,1385,6897
0069,23:10,1390,6897
0069,23:15,1395,6897
0069,23:16,1396,6897
0069,23:20,1400,6897
0070,09:00,540,0
0070,09:05,545,0
0070,09:10,550,0
0070,09:15,555,0
0070,09:20,560,0
0070,09:25,565,0
0070,09:30,570,0
0070,09:35,575,0
0070,09:40,580,0
0070,09:45,585,0
0070,09:50,590,0
0070,09:55,595,0
0070,10:00,600,0
0070,10:05,605,0
0070,10:10,610,-178
0070,10:15,615,-178
0070,10:20,620,-178
0070,10:25,625,-533
0070,10:30,630,-533
0070,10:35,635,-533
0070,10:40,640,-356
0070,10:45,645,-356
0070,10:50,650,-356
0070,10:55,655,-356
0070,11:00,660,-1422
0070,11:05,665,-1422
0070,11:10,670,-1956
0070,11:15,675,-1956
0070,11:20,680,-1956
0070,11:25,685,-1956
0070,11:30,690,-3556
0070,11:35,695,-3556
0070,11:40,700,-3556
0070,11:45,705,-4622
0070,11:50,710,-4622
0070,11:55,715,-4622
0070,12:00,720,-4622
0070,12:05,725,-5689
0070,12:10,730,-5689
0070,12:15,735,-5689
0070,12:20,740,-5689
0070,12:25,745,-5689
0070,12:30,750,-1956
0070,12:35,755,-1956
0070,12:40,760,-1956
0070,12:45,765,-1956
0070,12:50,770,-3200
0070,12:55,775,-3200
0070,13:00,780,-3200
0070,13:05,785,-4444
0070,13:10,790,-4444
0070,13:15,795,-4444
0070,13:20,800,-4444
0070,13:25,805,-5867
0070,13:30,810,-5867
0070,13:35,815,-5867
0070,13:40,820,-5867
0070,13:45,825,-5867
0070,13:50,830,-4978
0070,13:55,835,-4978
0070,14:00,840,-4978
0070,14:05,845,-4978
0070,14:10,850,-4622
0070,14:15,855,-4622
0070,14:20,860,-4622
0070,14:25,865,-4622
0070,14:30,870,862
0070,14:35,875,862
0070,14:40,880,862
0070,14:45,885,7414
0070,14:50,890,7414
0070,14:55,895,7414
0070,15:00,900,7414
0070,15:05,905,7414
0070,15:10,910,11724
0070,15:15,915,11724
0070,15:20,920,11724
0070,15:25,925,11724
0070,15:30,930,12414
0070,15:35,935,12414
0070,15:40,940,12414
0070,15:45,945,12414
0070,15:50,950,12414
0070,15:55,955,12414
0070,16:00,960,12414
0070,16:05,965,12414
0070,16:10,970,11207
0070,16:15,975,11207
0070,16:20,980,11207
0070,16:25,985,11207
0070,16:30,990,9655
0070,16:35,995,9655
0070,16:40,1000,9655
0070,16:45,1005,9655
0070,16:50,1010,9828
0070,16:55,1015,9828
0070,17:00,1020,9828
0070,17:05,1025,9828
0070,17:10,1030,9828
0070,17:15,1035,9828
0070,17:20,1040,9828
0070,17:25,1045,9828
0070,17:30,1050,9310
0070,17:35,1055,9310
0070,17:40,1060,9310
0070,17:45,1065,9310
0070,17:50,1070,9310
0070,17:55,1075,9310
0070,18:00,1080,9310
0070,18:05,1085,9310
0070,18:10,1090,9310
0070,18:15,1095,9310
0070,18:20,1100,9310
0070,18:25,1105,9310
0070,18:30,1110,9310
0070,18:35,1115,9310
0070,18:40,1120,9310
0070,18:45,1125,9310
0070,18:50,1130,9310
0070,18:55,1135,9310
0070,19:00,1140,9310
0070,19:05,1145,9310
0070,19:10,1150,8448
0070,19:15,1155,8448
0070,19:20,1160,8448
0070,19:25,1165,8448
0070,19:30,1170,8448
0070,19:35,1175,8448
0070,19:40,1180,8448
0070,19:45,1185,8448
0070,19:50,1190,8448
0070,19:55,1195,8448
0070,20:00,1200,8448
0070,20:05,1205,8448
0070,20:10,1210,8448
0070,20:15,1215,8448
0070,20:20,1220,8448
0070,20:25,1225,8448
0070,20:30,1230,8448
0070,20:35,1235,8448
0070,20:40,1240,8448
0070,20:45,1245,8448
0070,20:50,1250,8448
0070,20:55,1255,8448
0070,21:00,1260,8448
0070,21:05,1265,8448
0070,21:10,1270,8448
0070,21:15,1275,8448
0070,21:20,1280,8448
0070,21:25,1285,8448
0070,21:30,1290,8448
0070,21:35,1295,8448
0070,21:40,1300,8448
0070,21:45,1305,8103
0070,21:50,1310,8103
0070,21:55,1315,8103
0070,22:00,1320,8103
0070,22:05,1325,7586
0070,22:10,1330,7586
0070,22:15,1335,7586
0070,22:20,1340,7586
0070,22:25,1345,7586
0070,22:30,1350,7586
0070,22:35,1355,7586
0070,22:40,1360,7586
0070,22:45,1365,7586
0070,22:50,1370,7586
0070,22:55,1375,7586
0070,23:00,1380,7586
0070,23:05,1385,7586
0070,23:10,1390,7586
0070,23:15,1395,7586
0070,23:16,1396,7586
0070,23:20,1400,7586
0071,09:00,540,0
0071,09:05,545,0
0071,09:10,550,0
0071,09:15,555,0
0071,09:20,560,0
0071,09:25,565,0
0071,09:30,570,0
0071,09:35,575,0
0071,09:40,580,0
0071,09:45,585,0
0071,09:50,590,0
0071,09:55,595,0
0071,10:00,600,0
0071,10:05,605,0
0071,10:10,610,0
0071,10:15,615,0
0071,10:20,620,0
0071,10:25,625,0
0071,10:30,630,0
0071,10:35,635,0
0071,10:40,640,0
0071,10:45,645,0
0071,10:50,650,0
0071,10:55,655,0
0071,11:00,660,0
0071,11:05,665,0
0071,11:10,670,0
0071,11:15,675,0
0071,11:20,680,0
0071,11:25,685,0
0071,11:30,690,0
0071,11:35,695,0
0071,11:40,700,0
0071,11:45,705,0
0071,11:50,710,0
0071,11:55,715,0
0071,12:00,720,0
0071,12:05,725,-1067
0071,12:10,730,-1067
0071,12:15,735,-1067
0071,12:20,740,-1067
0071,12:25,745,-1067
0071,12:30,750,-1689
0071,12:35,755,-1689
0071,12:40,760,-1689
0071,12:45,765,-1689
0071,12:50,770,-2222
0071,12:55,775,-2222
0071,13:00,780,-2222
0071,13:05,785,-2222
0071,13:10,790,-2222
0071,13:15,795,-2222
0071,13:20,800,-2222
0071,13:25,805,-2222
0071,13:30,810,-2222
0071,13:35,815,-2222
0071,13:40,820,-2222
0071,13:45,825,-2222
0071,13:50,830,-2222
0071,13:55,835,-2222
0071,14:00,840,-2222
0071,14:05,845,-2222
0071,14:10,850,-2844
0071,14:15,855,-2844
0071,14:20,860,-2844
0071,14:25,865,-2844
0071,14:30,870,2155
0071,14:35,875,2155
0071,14:40,880,2155
0071,14:45,885,4397
0071,14:50,890,4397
0071,14:55,895,4397
0071,15:00,900,4397
0071,15:05,905,4397
0071,15:10,910,3534
0071,15:15,915,3534
0071,15:20,920,3534
0071,15:25,925,3534
0071,15:30,930,5172
0071,15:35,935,5172
0071,15:40,940,5172
0071,15:45,945,5862
0071,15:50,950,5862
0071,15:55,955,5862
0071,16:00,960,5862
0071,16:05,965,5862
0071,16:10,970,5345
0071,16:15,975,5345
0071,16:20,980,5345
0071,16:25,985,5345
0071,16:30,990,3793
0071,16:35,995,3793
0071,16:40,1000,3793
0071,16:45,1005,3793
0071,16:50,1010,5948
0071,16:55,1015,5948
0071,17:00,1020,5948
0071,17:05,1025,4483
0071,17:10,1030,4483
0071,17:15,1035,4483
0071,17:20,1040,4483
0071,17:25,1045,4483
0071,17:30,1050,9569
0071,17:35,1055,9569
0071,17:40,1060,9569
0071,17:45,1065,9569
0071,17:50,1070,8707
0071,17:55,1075,8707
0071,18:00,1080,8707
0071,18:05,1085,8707
0071,18:10,1090,8621
0071,18:15,1095,8621
0071,18:20,1100,8621
0071,18:25,1105,8190
0071,18:30,1110,8190
0071,18:35,1115,8190
0071,18:40,1120,8190
0071,18:45,1125,8190
0071,18:50,1130,7328
0071,18:55,1135,7328
0071,19:00,1140,7328
0071,19:05,1145,7328
0071,19:10,1150,6983
0071,19:15,1155,6983
0071,19:20,1160,6983
0071,19:25,1165,6466
0071,19:30,1170,6466
0071,19:35,1175,6466
0071,19:40,1180,6466
0071,19:45,1185,6466
0071,19:50,1190,6466
0071,19:55,1195,6466
0071,20:00,1200,6466
0071,20:05,1205,6466
0071,20:10,1210,6207
0071,20:15,1215,6207
0071,20:20,1220,6207
0071,20:25,1225,6207
0071,20:30,1230,5172
0071,20:35,1235,5172
0071,20:40,1240,5172
0071,20:45,1245,5172
0071,20:50,1250,5172
0071,20:55,1255,5172
0071,21:00,1260,5172
0071,21:05,1265,5172
0071,21:10,1270,5172
0071,21:15,1275,5172
0071,21:20,1280,5172
0071,21:25,1285,5172
0071,21:30,1290,5172
0071,21:35,1295,5172
0071,21:40,1300,5172
0071,21:45,1305,5172
0071,21:50,1310,5172
0071,21:55,1315,5172
0071,22:00,1320,5172
0071,22:05,1325,5172
0071,22:10,1330,5172
0071,22:15,1335,5172
0071,22:20,1340,5172
0071,22:25,1345,5172
0071,22:30,1350,5172
0071,22:35,1355,5172
0071,22:40,1360,5172
0071,22:45,1365,5172
0071,22:50,1370,5172
0071,22:55,1375,5172
0071,23:00,1380,5172
0071,23:05,1385,5172
0071,23:10,1390,5172
0071,23:15,1395,5172
0071,23:16,1396,5172
0071,23:20,1400,5172
0072,09:00,540,0
0072,09:05,545,0
0072,09:10,550,0
0072,09:15,555,0
0072,09:20,560,0
0072,09:25,565,0
0072,09:30,570,0
0072,09:35,575,0
0072,09:40,580,0
0072,09:45,585,0
0072,09:50,590,0
0072,09:55,595,0
0072,10:00,600,0
0072,10:05,605,0
0072,10:10,610,0
0072,10:15,615,0
0072,10:20,620,0
0072,10:25,625,0
0072,10:30,630,0
0072,10:35,635,0
0072,10:40,640,0
0072,10:45,645,0
0072,10:50,650,0
0072,10:55,655,0
0072,11:00,660,0
0072,11:05,665,0
0072,11:10,670,0
0072,11:15,675,0
0072,11:20,680,0
0072,11:25,685,0
0072,11:30,690,-356
0072,11:35,695,-356
0072,11:40,700,-356
0072,11:45,705,-978
0072,11:50,710,-978
0072,11:55,715,-978
0072,12:00,720,-978
0072,12:05,725,-978
0072,12:10,730,-978
0072,12:15,735,-978
0072,12:20,740,-978
0072,12:25,745,-978
0072,12:30,750,-1244
0072,12:35,755,-1244
0072,12:40,760,-1244
0072,12:45,765,-1244
0072,12:50,770,-1244
0072,12:55,775,-1244
0072,13:00,780,-1244
0072,13:05,785,-2311
0072,13:10,790,-2311
0072,13:15,795,-2311
0072,13:20,800,-2311
0072,13:25,805,-4178
0072,13:30,810,-4178
0072,13:35,815,-4178
0072,13:40,820,-4178
0072,13:45,825,-4178
0072,13:50,830,-5689
0072,13:55,835,-5689
0072,14:00,840,-5689
0072,14:05,845,-5689
0072,14:10,850,-3733
0072,14:15,855,-3733
0072,14:20,860,-3733
0072,14:25,865,-3733
0072,14:30,870,-3289
0072,14:35,875,-3289
0072,14:40,880,-3289
0072,14:45,885,-4711
0072,14:50,890,-4711
0072,14:55,895,-4711
0072,15:00,900,-4711
0072,15:05,905,-4711
0072,15:10,910,-4711
0072,15:15,915,-4711
0072,15:20,920,-4711
0072,15:25,925,-4711
0072,15:30,930,-4978
0072,15:35,935,-4978
0072,15:40,940,-4978
0072,15:45,945,-5778
0072,15:50,950,-5778
0072,15:55,955,-5778
0072,16:00,960,-5778
0072,16:05,965,-5778
0072,16:10,970,-889
0072,16:15,975,-889
0072,16:20,980,-889
0072,16:25,985,-889
0072,16:30,990,5690
0072,16:35,995,5690
0072,16:40,1000,5690
0072,16:45,1005,5690
0072,16:50,1010,4569
0072,16:55,1015,4569
0072,17:00,1020,4569
0072,17:05,1025,3534
0072,17:10,1030,3534
0072,17:15,1035,3534
0072,17:20,1040,3534
0072,17:25,1045,3534
0072,17:30,1050,1897
0072,17:35,1055,1897
0072,17:40,1060,1897
0072,17:45,1065,1897
0072,17:50,1070,1897
0072,17:55,1075,1897
0072,18:00,1080,1897
0072,18:05,1085,1897
0072,18:10,1090,1897
0072,18:15,1095,1897
0072,18:20,1100,1897
0072,18:25,1105,1897
0072,18:30,1110,1897
0072,18:35,1115,1897
0072,18:40,1120,1897
0072,18:45,1125,1897
0072,18:50,1130,1207
0072,18:55,1135,1207
0072,19:00,1140,1207
0072,19:05,1145,1207
0072,19:10,1150,0
0072,19:15,1155,0
0072,19:20,1160,0
0072,19:25,1165,1552
0072,19:30,1170,1552
0072,19:35,1175,1552
0072,19:40,1180,1552
0072,19:45,1185,6379
0072,19:50,1190,6379
0072,19:55,1195,6379
0072,20:00,1200,6379
0072,20:05,1205,6379
0072,20:10,1210,9655
0072,20:15,1215,9655
0072,20:20,1220,9655
0072,20:25,1225,9655
0072,20:30,1230,9569
0072,20:35,1235,9569
0072,20:40,1240,9569
0072,20:45,1245,8362
0072,20:50,1250,8362
0072,20:55,1255,8362
0072,21:00,1260,8362
0072,21:05,1265,8362
0072,21:10,1270,7069
0072,21:15,1275,7069
0072,21:20,1280,7069
0072,21:25,1285,7069
0072,21:30,1290,6810
0072,21:35,1295,6810
0072,21:40,1300,6810
0072,21:45,1305,6810
0072,21:50,1310,6810
0072,21:55,1315,6810
0072,22:00,1320,6810
0072,22:05,1325,6810
0072,22:10,1330,6810
0072,22:15,1335,6810
0072,22:20,1340,6810
0072,22:25,1345,6810
0072,22:30,1350,6810
0072,22:35,1355,6810
0072,22:40,1360,6810
0072,22:45,1365,6810
0072,22:50,1370,6810
0072,22:55,1375,6810
0072,23:00,1380,6810
0072,23:05,1385,6810
0072,23:10,1390,6810
0072,23:15,1395,6810
0072,23:16,1396,6810
0072,23:20,1400,6810
0073,09:00,540,0
0073,09:05,545,0
0073,09:10,550,0
0073,09:15,555,0
0073,09:20,560,0
0073,09:25,565,0
0073,09:30,570,0
0073,09:35,575,0
0073,09:40,580,0
0073,09:45,585,0
0073,09:50,590,0
0073,09:55,595,0
0073,10:00,600,0
0073,10:05,605,0
0073,10:10,610,0
0073,10:15,615,0
0073,10:20,620,0
0073,10:25,625,-711
0073,10:30,630,-711
0073,10:35,635,-711
0073,10:40,640,-1422
0073,10:45,645,-1422
0073,10:50,650,-1422
0073,10:55,655,-1422
0073,11:00,660,-1956
0073,11:05,665,-1956
0073,11:10,670,-2311
0073,11:15,675,-2311
0073,11:20,680,-2311
0073,11:25,685,-2311
0073,11:30,690,-2489
0073,11:35,695,-2489
0073,11:40,700,-2489
0073,11:45,705,-2489
0073,11:50,710,-2489
0073,11:55,715,-2489
0073,12:00,720,-2489
0073,12:05,725,-3556
0073,12:10,730,-3556
0073,12:15,735,-3556
0073,12:20,740,-3556
0073,12:25,745,-3556
0073,12:30,750,-4267
0073,12:35,755,-4267
0073,12:40,760,-4267
0073,12:45,765,-4267
0073,12:50,770,-4622
0073,12:55,775,-4622
0073,13:00,780,-4622
0073,13:05,785,-4622
0073,13:10,790,-4622
0073,13:15,795,-4622
0073,13:20,800,-4622
0073,13:25,805,-4622
0073,13:30,810,-4622
0073,13:35,815,-4622
0073,13:40,820,-4622
0073,13:45,825,-4622
0073,13:50,830,-4622
0073,13:55,835,-4622
0073,14:00,840,-4622
0073,14:05,845,-4622
0073,14:10,850,-4978
0073,14:15,855,-4978
0073,14:20,860,-4978
0073,14:25,865,-4978
0073,14:30,870,-6222
0073,14:35,875,-6222
0073,14:40,880,-6222
0073,14:45,885,-6933
0073,14:50,890,-6933
0073,14:55,895,-6933
0073,15:00,900,-6933
0073,15:05,905,-6933
0073,15:10,910,-5867
0073,15:15,915,-5867
0073,15:20,920,-5867
0073,15:25,925,-5867
0073,15:30,930,-6933
0073,15:35,935,-6933
0073,15:40,940,-6933
0073,15:45,945,-7467
0073,15:50,950,-7467
0073,15:55,955,-7467
0073,16:00,960,-7467
0073,16:05,965,-7467
0073,16:10,970,-8533
0073,16:15,975,-8533
0073,16:20,980,-8533
0073,16:25,985,-8533
0073,16:30,990,-9422
0073,16:35,995,-9422
0073,16:40,1000,-9422
0073,16:45,1005,-9422
0073,16:50,1010,-10311
0073,16:55,1015,-10311
0073,17:00,1020,-10311
0073,17:05,1025,-11556
0073,17:10,1030,-11556
0073,17:15,1035,-11556
0073,17:20,1040,-11556
0073,17:25,1045,-11556
0073,17:30,1050,-12800
0073,17:35,1055,-12800
0073,17:40,1060,-12800
0073,17:45,1065,-12800
0073,17:50,1070,-13511
0073,17:55,1075,-13511
0073,18:00,1080,-13511
0073,18:05,1085,-13511
0073,18:10,1090,-13511
0073,18:15,1095,-13511
0073,18:20,1100,-13511
0073,18:25,1105,-13511
0073,18:30,1110,-13511
0073,18:35,1115,-13511
0073,18:40,1120,-13511
0073,18:45,1125,-13511
0073,18:50,1130,-14044
0073,18:55,1135,-14044
0073,19:00,1140,-14044
0073,19:05,1145,-14044
0073,19:10,1150,-14222
0073,19:15,1155,-14222
0073,19:20,1160,-14222
0073,19:25,1165,-14044
0073,19:30,1170,-14044
0073,19:35,1175,-14044
0073,19:40,1180,-14044
0073,19:45,1185,-11733
0073,19:50,1190,-11733
0073,19:55,1195,-11733
0073,20:00,1200,-11733
0073,20:05,1205,-11733
0073,20:10,1210,-11911
0073,20:15,1215,-11911
0073,20:20,1220,-11911
0073,20:25,1225,-11911
0073,20:30,1230,-11911
0073,20:35,1235,-11911
0073,20:40,1240,-11911
0073,20:45,1245,-11911
0073,20:50,1250,-11911
0073,20:55,1255,-11911
0073,21:00,1260,-11911
0073,21:05,1265,-11911
0073,21:10,1270,-11911
0073,21:15,1275,-11911
0073,21:20,1280,-11911
0073,21:25,1285,-11911
0073,21:30,1290,-12267
0073,21:35,1295,-12267
0073,21:40,1300,-12267
0073,21:45,1305,-12267
0073,21:50,1310,-12267
0073,21:55,1315,-12267
0073,22:00,1320,-12267
0073,22:05,1325,-12267
0073,22:10,1330,-12267
0073,22:15,1335,-12267
0073,22:20,1340,-12267
0073,22:25,1345,-12267
0073,22:30,1350,-13156
0073,22:35,1355,-13156
0073,22:40,1360,-13156
0073,22:45,1365,-13156
0073,22:50,1370,-13156
0073,22:55,1375,-13156
0073,23:00,1380,-13156
0073,23:05,1385,-13156
0073,23:10,1390,-13156
0073,23:15,1395,-13156
0073,23:16,1396,-13156
0073,23:20,1400,-13156
0074,09:00,540,0
0074,09:05,545,0
0074,09:10,550,0
0074,09:15,555,0
0074,09:20,560,0
0074,09:25,565,0
0074,09:30,570,0
0074,09:35,575,0
0074,09:40,580,0
0074,09:45,585,0
0074,09:50,590,0
0074,09:55,595,0
0074,10:00,600,0
0074,10:05,605,0
0074,10:10,610,0
0074,10:15,615,0
0074,10:20,620,0
0074,10:25,625,0
0074,10:30,630,0
0074,10:35,635,0
0074,10:40,640,0
0074,10:45,645,0
0074,10:50,650,0
0074,10:55,655,0
0074,11:00,660,0
0074,11:05,665,0
0074,11:10,670,-533
0074,11:15,675,-533
0074,11:20,680,-533
0074,11:25,685,-533
0074,11:30,690,2931
0074,11:35,695,2931
0074,11:40,700,2931
0074,11:45,705,1552
0074,11:50,710,1552
0074,11:55,715,1552
0074,12:00,720,1552
0074,12:05,725,172
0074,12:10,730,172
0074,12:15,735,172
0074,12:20,740,172
0074,12:25,745,172
0074,12:30,750,-1600
0074,12:35,755,-1600
0074,12:40,760,-1600
0074,12:45,765,-1600
0074,12:50,770,-3022
0074,12:55,775,-3022
0074,13:00,780,-3022
0074,13:05,785,-4267
0074,13:10,790,-4267
0074,13:15,795,-4267
0074,13:20,800,-4267
0074,13:25,805,-5867
0074,13:30,810,-5867
0074,13:35,815,-5867
0074,13:40,820,-5867
0074,13:45,825,-5867
0074,13:50,830,-7111
0074,13:55,835,-7111
0074,14:00,840,-7111
0074,14:05,845,-7111
0074,14:10,850,-7467
0074,14:15,855,-7467
0074,14:20,860,-7467
0074,14:25,865,-7467
0074,14:30,870,-8711
0074,14:35,875,-8711
0074,14:40,880,-8711
0074,14:45,885,-9600
0074,14:50,890,-9600
0074,14:55,895,-9600
0074,15:00,900,-9600
0074,15:05,905,-9600
0074,15:10,910,-8533
0074,15:15,915,-8533
0074,15:20,920,-8533
0074,15:25,925,-8533
0074,15:30,930,-9422
0074,15:35,935,-9422
0074,15:40,940,-9422
0074,15:45,945,-4089
0074,15:50,950,-4089
0074,15:55,955,-4089
0074,16:00,960,-4089
0074,16:05,965,-4089
0074,16:10,970,-4622
0074,16:15,975,-4622
0074,16:20,980,-4622
0074,16:25,985,-4622
0074,16:30,990,-5867
0074,16:35,995,-5867
0074,16:40,1000,-5867
0074,16:45,1005,-5867
0074,16:50,1010,-7111
0074,16:55,1015,-7111
0074,17:00,1020,-7111
0074,17:05,1025,-7822
0074,17:10,1030,-7822
0074,17:15,1035,-7822
0074,17:20,1040,-7822
0074,17:25,1045,-7822
0074,17:30,1050,-8889
0074,17:35,1055,-8889
0074,17:40,1060,-8889
0074,17:45,1065,-8889
0074,17:50,1070,-8889
0074,17:55,1075,-8889
0074,18:00,1080,-8889
0074,18:05,1085,-8889
0074,18:10,1090,-8889
0074,18:15,1095,-8889
0074,18:20,1100,-8889
0074,18:25,1105,-8889
0074,18:30,1110,-8889
0074,18:35,1115,-8889
0074,18:40,1120,-8889
0074,18:45,1125,-8889
0074,18:50,1130,-8889
0074,18:55,1135,-8889
0074,19:00,1140,-8889
0074,19:05,1145,-8889
0074,19:10,1150,-9244
0074,19:15,1155,-9244
0074,19:20,1160,-9244
0074,19:25,1165,-9244
0074,19:30,1170,-9244
0074,19:35,1175,-9244
0074,19:40,1180,-9244
0074,19:45,1185,-9422
0074,19:50,1190,-9422
0074,19:55,1195,-9422
0074,20:00,1200,-9422
0074,20:05,1205,-9422
0074,20:10,1210,-10133
0074,20:15,1215,-10133
0074,20:20,1220,-10133
0074,20:25,1225,-10133
0074,20:30,1230,-10133
0074,20:35,1235,-10133
0074,20:40,1240,-10133
0074,20:45,1245,-10489
0074,20:50,1250,-10489
0074,20:55,1255,-10489
0074,21:00,1260,-10489
0074,21:05,1265,-10489
0074,21:10,1270,-10489
0074,21:15,1275,-10489
0074,21:20,1280,-10489
0074,21:25,1285,-10489
0074,21:30,1290,-10667
0074,21:35,1295,-10667
0074,21:40,1300,-10667
0074,21:45,1305,-11200
0074,21:50,1310,-11200
0074,21:55,1315,-11200
0074,22:00,1320,-11200
0074,22:05,1325,-11556
0074,22:10,1330,-11556
0074,22:15,1335,-11556
0074,22:20,1340,-11556
0074,22:25,1345,-11556
0074,22:30,1350,-11556
0074,22:35,1355,-11556
0074,22:40,1360,-11556
0074,22:45,1365,-11556
0074,22:50,1370,-11556
0074,22:55,1375,-11556
0074,23:00,1380,-11556
0074,23:05,1385,-11556
0074,23:10,1390,-11556
0074,23:15,1395,-11556
0074,23:16,1396,-11556
0074,23:20,1400,-11556
0075,09:00,540,0
0075,09:05,545,0
0075,09:10,550,0
0075,09:15,555,0
0075,09:20,560,0
0075,09:25,565,0
0075,09:30,570,0
0075,09:35,575,0
0075,09:40,580,0
0075,09:45,585,0
0075,09:50,590,0
0075,09:55,595,0
0075,10:00,600,0
0075,10:05,605,0
0075,10:10,610,0
0075,10:15,615,0
0075,10:20,620,0
0075,10:25,625,0
0075,10:30,630,0
0075,10:35,635,0
0075,10:40,640,0
0075,10:45,645,0
0075,10:50,650,0
0075,10:55,655,0
0075,11:00,660,0
0075,11:05,665,0
0075,11:10,670,0
0075,11:15,675,0
0075,11:20,680,0
0075,11:25,685,0
0075,11:30,690,0
0075,11:35,695,0
0075,11:40,700,0
0075,11:45,705,-1600
0075,11:50,710,-1600
0075,11:55,715,-1600
0075,12:00,720,-1600
0075,12:05,725,-2844
0075,12:10,730,-2844
0075,12:15,735,-2844
0075,12:20,740,-2844
0075,12:25,745,-2844
0075,12:30,750,-3200
0075,12:35,755,-3200
0075,12:40,760,-3200
0075,12:45,765,-3200
0075,12:50,770,-3733
0075,12:55,775,-3733
0075,13:00,780,-3733
0075,13:05,785,-3022
0075,13:10,790,-3022
0075,13:15,795,-3022
0075,13:20,800,-3022
0075,13:25,805,-4444
0075,13:30,810,-4444
0075,13:35,815,-4444
0075,13:40,820,-4444
0075,13:45,825,-4444
0075,13:50,830,-4089
0075,13:55,835,-4089
0075,14:00,840,-4089
0075,14:05,845,-4089
0075,14:10,850,-5333
0075,14:15,855,-5333
0075,14:20,860,-5333
0075,14:25,865,-5333
0075,14:30,870,-6933
0075,14:35,875,-6933
0075,14:40,880,-6933
0075,14:45,885,-8533
0075,14:50,890,-8533
0075,14:55,895,-8533
0075,15:00,900,-8533
0075,15:05,905,-8533
0075,15:10,910,-9600
0075,15:15,915,-9600
0075,15:20,920,-9600
0075,15:25,925,-9600
0075,15:30,930,-11378
0075,15:35,935,-11378
0075,15:40,940,-11378
0075,15:45,945,-12267
0075,15:50,950,-12267
0075,15:55,955,-12267
0075,16:00,960,-12267
0075,16:05,965,-12267
0075,16:10,970,-13689
0075,16:15,975,-13689
0075,16:20,980,-13689
0075,16:25,985,-13689
0075,16:30,990,-15467
0075,16:35,995,-15467
0075,16:40,1000,-15467
0075,16:45,1005,-15467
0075,16:50,1010,-16711
0075,16:55,1015,-16711
0075,17:00,1020,-16711
0075,17:05,1025,-17422
0075,17:10,1030,-17422
0075,17:15,1035,-17422
0075,17:20,1040,-17422
0075,17:25,1045,-17422
0075,17:30,1050,-17956
0075,17:35,1055,-17956
0075,17:40,1060,-17956
0075,17:45,1065,-17956
0075,17:50,1070,-18844
0075,17:55,1075,-18844
0075,18:00,1080,-18844
0075,18:05,1085,-18844
0075,18:10,1090,-18844
0075,18:15,1095,-18844
0075,18:20,1100,-18844
0075,18:25,1105,-18844
0075,18:30,1110,-18844
0075,18:35,1115,-18844
0075,18:40,1120,-18844
0075,18:45,1125,-18844
0075,18:50,1130,-18844
0075,18:55,1135,-18844
0075,19:00,1140,-18844
0075,19:05,1145,-18844
0075,19:10,1150,-18844
0075,19:15,1155,-18844
0075,19:20,1160,-18844
0075,19:25,1165,-18844
0075,19:30,1170,-18844
0075,19:35,1175,-18844
0075,19:40,1180,-18844
0075,19:45,1185,-18844
0075,19:50,1190,-18844
0075,19:55,1195,-18844
0075,20:00,1200,-18844
0075,20:05,1205,-18844
0075,20:10,1210,-19022
0075,20:15,1215,-19022
0075,20:20,1220,-19022
0075,20:25,1225,-19022
0075,20:30,1230,-19378
0075,20:35,1235,-19378
0075,20:40,1240,-19378
0075,20:45,1245,-19378
0075,20:50,1250,-19378
0075,20:55,1255,-19378
0075,21:00,1260,-19378
0075,21:05,1265,-19378
0075,21:10,1270,-19378
0075,21:15,1275,-19378
0075,21:20,1280,-19378
0075,21:25,1285,-19378
0075,21:30,1290,-19378
0075,21:35,1295,-19378
0075,21:40,1300,-19378
0075,21:45,1305,-19378
0075,21:50,1310,-19378
0075,21:55,1315,-19378
0075,22:00,1320,-19378
0075,22:05,1325,-19378
0075,22:10,1330,-19378
0075,22:15,1335,-19378
0075,22:20,1340,-19378
0075,22:25,1345,-19378
0075,22:30,1350,-19733
0075,22:35,1355,-19733
0075,22:40,1360,-19733
0075,22:45,1365,-19733
0075,22:50,1370,-19733
0075,22:55,1375,-19733
0075,23:00,1380,-19733
0075,23:05,1385,-19733
0075,23:10,1390,-19733
0075,23:15,1395,-19733
0075,23:16,1396,-19733
0075,23:20,1400,-19733
0076,09:00,540,0
0076,09:05,545,0
0076,09:10,550,0
0076,09:15,555,0
0076,09:20,560,0
0076,09:25,565,0
0076,09:30,570,0
0076,09:35,575,0
0076,09:40,580,0
0076,09:45,585,0
0076,09:50,590,0
0076,09:55,595,0
0076,10:00,600,0
0076,10:05,605,0
0076,10:10,610,0
0076,10:15,615,0
0076,10:20,620,0
0076,10:25,625,0
0076,10:30,630,0
0076,10:35,635,0
0076,10:40,640,-178
0076,10:45,645,-178
0076,10:50,650,-178
0076,10:55,655,-178
0076,11:00,660,-178
0076,11:05,665,-178
0076,11:10,670,-178
0076,11:15,675,-178
0076,11:20,680,-178
0076,11:25,685,-178
0076,11:30,690,-178
0076,11:35,695,-178
0076,11:40,700,-178
0076,11:45,705,-178
0076,11:50,710,-178
0076,11:55,715,-178
0076,12:00,720,-178
0076,12:05,725,-178
0076,12:10,730,-178
0076,12:15,735,-178
0076,12:20,740,-178
0076,12:25,745,-178
0076,12:30,750,-1778
0076,12:35,755,-1778
0076,12:40,760,-1778
0076,12:45,765,-1778
0076,12:50,770,-1956
0076,12:55,775,-1956
0076,13:00,780,-1956
0076,13:05,785,-2489
0076,13:10,790,-2489
0076,13:15,795,-2489
0076,13:20,800,-2489
0076,13:25,805,-3378
0076,13:30,810,-3378
0076,13:35,815,-3378
0076,13:40,820,-3378
0076,13:45,825,-3378
0076,13:50,830,-3556
0076,13:55,835,-3556
0076,14:00,840,-3556
0076,14:05,845,-3556
0076,14:10,850,-4800
0076,14:15,855,-4800
0076,14:20,860,-4800
0076,14:25,865,-4800
0076,14:30,870,-6400
0076,14:35,875,-6400
0076,14:40,880,-6400
0076,14:45,885,-7822
0076,14:50,890,-7822
0076,14:55,895,-7822
0076,15:00,900,-7822
0076,15:05,905,-7822
0076,15:10,910,-9244
0076,15:15,915,-9244
0076,15:20,920,-9244
0076,15:25,925,-9244
0076,15:30,930,-10667
0076,15:35,935,-10667
0076,15:40,940,-10667
0076,15:45,945,-11911
0076,15:50,950,-11911
0076,15:55,955,-11911
0076,16:00,960,-11911
0076,16:05,965,-11911
0076,16:10,970,-9778
0076,16:15,975,-9778
0076,16:20,980,-9778
0076,16:25,985,-9778
0076,16:30,990,-5333
0076,16:35,995,-5333
0076,16:40,1000,-5333
0076,16:45,1005,-5333
0076,16:50,1010,-6578
0076,16:55,1015,-6578
0076,17:00,1020,-6578
0076,17:05,1025,-7822
0076,17:10,1030,-7822
0076,17:15,1035,-7822
0076,17:20,1040,-7822
0076,17:25,1045,-7822
0076,17:30,1050,-9422
0076,17:35,1055,-9422
0076,17:40,1060,-9422
0076,17:45,1065,-9422
0076,17:50,1070,-11022
0076,17:55,1075,-11022
0076,18:00,1080,-11022
0076,18:05,1085,-11022
0076,18:10,1090,-12089
0076,18:15,1095,-12089
0076,18:20,1100,-12089
0076,18:25,1105,-12089
0076,18:30,1110,-12089
0076,18:35,1115,-12089
0076,18:40,1120,-12089
0076,18:45,1125,-12089
0076,18:50,1130,-12267
0076,18:55,1135,-12267
0076,19:00,1140,-12267
0076,19:05,1145,-12267
0076,19:10,1150,-13333
0076,19:15,1155,-13333
0076,19:20,1160,-13333
0076,19:25,1165,-14222
0076,19:30,1170,-14222
0076,19:35,1175,-14222
0076,19:40,1180,-14222
0076,19:45,1185,-14222
0076,19:50,1190,-14222
0076,19:55,1195,-14222
0076,20:00,1200,-14222
0076,20:05,1205,-14222
0076,20:10,1210,-14578
0076,20:15,1215,-14578
0076,20:20,1220,-14578
0076,20:25,1225,-14578
0076,20:30,1230,-15467
0076,20:35,1235,-15467
0076,20:40,1240,-15467
0076,20:45,1245,-14756
0076,20:50,1250,-14756
0076,20:55,1255,-14756
0076,21:00,1260,-14756
0076,21:05,1265,-14756
0076,21:10,1270,-15111
0076,21:15,1275,-15111
0076,21:20,1280,-15111
0076,21:25,1285,-15111
0076,21:30,1290,-15111
0076,21:35,1295,-15111
0076,21:40,1300,-15111
0076,21:45,1305,-15111
0076,21:50,1310,-15111
0076,21:55,1315,-15111
0076,22:00,1320,-15111
0076,22:05,1325,-15111
0076,22:10,1330,-15111
0076,22:15,1335,-15111
0076,22:20,1340,-15111
0076,22:25,1345,-15111
0076,22:30,1350,-15111
0076,22:35,1355,-15111
0076,22:40,1360,-15111
0076,22:45,1365,-15111
0076,22:50,1370,-15111
0076,22:55,1375,-15111
0076,23:00,1380,-15111
0076,23:05,1385,-15111
0076,23:10,1390,-15111
0076,23:15,1395,-15111
0076,23:16,1396,-15111
0076,23:20,1400,-15111
0077,09:00,540,0
0077,09:05,545,0
0077,09:10,550,0
0077,09:15,555,0
0077,09:20,560,0
0077,09:25,565,0
0077,09:30,570,0
0077,09:35,575,0
0077,09:40,580,0
0077,09:45,585,0
0077,09:50,590,0
0077,09:55,595,0
0077,10:00,600,0
0077,10:05,605,0
0077,10:10,610,0
0077,10:15,615,0
0077,10:20,620,0
0077,10:25,625,-89
0077,10:30,630,-89
0077,10:35,635,-89
0077,10:40,640,-356
0077,10:45,645,-356
0077,10:50,650,-356
0077,10:55,655,-356
0077,11:00,660,-1067
0077,11:05,665,-1067
0077,11:10,670,-1600
0077,11:15,675,-1600
0077,11:20,680,-1600
0077,11:25,685,-1600
0077,11:30,690,-3200
0077,11:35,695,-3200
0077,11:40,700,-3200
0077,11:45,705,-4267
0077,11:50,710,-4267
0077,11:55,715,-4267
0077,12:00,720,-4267
0077,12:05,725,-5689
0077,12:10,730,-5689
0077,12:15,735,-5689
0077,12:20,740,-5689
0077,12:25,745,-5689
0077,12:30,750,-7467
0077,12:35,755,-7467
0077,12:40,760,-7467
0077,12:45,765,-7467
0077,12:50,770,-8711
0077,12:55,775,-8711
0077,13:00,780,-8711
0077,13:05,785,-2844
0077,13:10,790,-2844
0077,13:15,795,-2844
0077,13:20,800,-2844
0077,13:25,805,4741
0077,13:30,810,4741
0077,13:35,815,4741
0077,13:40,820,4741
0077,13:45,825,4741
0077,13:50,830,9052
0077,13:55,835,9052
0077,14:00,840,9052
0077,14:05,845,9052
0077,14:10,850,7931
0077,14:15,855,7931
0077,14:20,860,7931
0077,14:25,865,7931
0077,14:30,870,6379
0077,14:35,875,6379
0077,14:40,880,6379
0077,14:45,885,4828
0077,14:50,890,4828
0077,14:55,895,4828
0077,15:00,900,4828
0077,15:05,905,4828
0077,15:10,910,3534
0077,15:15,915,3534
0077,15:20,920,3534
0077,15:25,925,3534
0077,15:30,930,5603
0077,15:35,935,5603
0077,15:40,940,5603
0077,15:45,945,4052
0077,15:50,950,4052
0077,15:55,955,4052
0077,16:00,960,4052
0077,16:05,965,4052
0077,16:10,970,2672
0077,16:15,975,2672
0077,16:20,980,2672
0077,16:25,985,2672
0077,16:30,990,2845
0077,16:35,995,2845
0077,16:40,1000,2845
0077,16:45,1005,2845
0077,16:50,1010,1293
0077,16:55,1015,1293
0077,17:00,1020,1293
0077,17:05,1025,259
0077,17:10,1030,259
0077,17:15,1035,259
0077,17:20,1040,259
0077,17:25,1045,259
0077,17:30,1050,-1156
0077,17:35,1055,-1156
0077,17:40,1060,-1156
0077,17:45,1065,-1156
0077,17:50,1070,-622
0077,17:55,1075,-622
0077,18:00,1080,-622
0077,18:05,1085,-622
0077,18:10,1090,-1867
0077,18:15,1095,-1867
0077,18:20,1100,-1867
0077,18:25,1105,-2667
0077,18:30,1110,-2667
0077,18:35,1115,-2667
0077,18:40,1120,-2667
0077,18:45,1125,-2667
0077,18:50,1130,-2667
0077,18:55,1135,-2667
0077,19:00,1140,-2667
0077,19:05,1145,-2667
0077,19:10,1150,-2667
0077,19:15,1155,-2667
0077,19:20,1160,-2667
0077,19:25,1165,-2667
0077,19:30,1170,-2667
0077,19:35,1175,-2667
0077,19:40,1180,-2667
0077,19:45,1185,-1689
0077,19:50,1190,-1689
0077,19:55,1195,-1689
0077,20:00,1200,-1689
0077,20:05,1205,-1689
0077,20:10,1210,-1689
0077,20:15,1215,-1689
0077,20:20,1220,-1689
0077,20:25,1225,-1689
0077,20:30,1230,-1689
0077,20:35,1235,-1689
0077,20:40,1240,-1689
0077,20:45,1245,-1689
0077,20:50,1250,-1689
0077,20:55,1255,-1689
0077,21:00,1260,-1689
0077,21:05,1265,-1689
0077,21:10,1270,-1778
0077,21:15,1275,-1778
0077,21:20,1280,-1778
0077,21:25,1285,-1778
0077,21:30,1290,-2756
0077,21:35,1295,-2756
0077,21:40,1300,-2756
0077,21:45,1305,-2756
0077,21:50,1310,-2756
0077,21:55,1315,-2756
0077,22:00,1320,-2756
0077,22:05,1325,-2756
0077,22:10,1330,-2756
0077,22:15,1335,-2756
0077,22:20,1340,-2756
0077,22:25,1345,-2756
0077,22:30,1350,-2756
0077,22:35,1355,-2756
0077,22:40,1360,-2756
0077,22:45,1365,-2756
0077,22:50,1370,-2756
0077,22:55,1375,-2756
0077,23:00,1380,-2756
0077,23:05,1385,-2756
0077,23:10,1390,-2756
0077,23:15,1395,-2756
0077,23:16,1396,-2756
0077,23:20,1400,-2756
