machine,time,minute,value
0039,09:00,540,0
0039,09:05,545,0
0039,09:10,550,0
0039,09:15,555,0
0039,09:20,560,0
0039,09:25,565,0
0039,09:30,570,0
0039,09:35,575,0
0039,09:40,580,0
0039,09:45,585,0
0039,09:50,590,0
0039,09:55,595,0
0039,10:00,600,0
0039,10:05,605,0
0039,10:10,610,0
0039,10:15,615,0
0039,10:20,620,0
0039,10:25,625,0
0039,10:30,630,0
0039,10:35,635,0
0039,10:40,640,0
0039,10:45,645,0
0039,10:50,650,0
0039,10:55,655,0
0039,11:00,660,-356
0039,11:05,665,-356
0039,11:10,670,-889
0039,11:15,675,-889
0039,11:20,680,-889
0039,11:25,685,-889
0039,11:30,690,-2667
0039,11:35,695,-2667
0039,11:40,700,-2667
0039,11:45,705,-4267
0039,11:50,710,-4267
0039,11:55,715,-4267
0039,12:00,720,-4267
0039,12:05,725,-5156
0039,12:10,730,-5156
0039,12:15,735,-5156
0039,12:20,740,-5156
0039,12:25,745,-5156
0039,12:30,750,-6933
0039,12:35,755,-6933
0039,12:40,760,-6933
0039,12:45,765,-6933
0039,12:50,770,-7644
0039,12:55,775,-7644
0039,13:00,780,-7644
0039,13:05,785,-8889
0039,13:10,790,-8889
0039,13:15,795,-8889
0039,13:20,800,-8889
0039,13:25,805,-8711
0039,13:30,810,-8711
0039,13:35,815,-8711
0039,13:40,820,-8711
0039,13:45,825,-8711
0039,13:50,830,-8711
0039,13:55,835,-8711
0039,14:00,840,-8711
0039,14:05,845,-8711
0039,14:10,850,-4267
0039,14:15,855,-4267
0039,14:20,860,-4267
0039,14:25,865,-4267
0039,14:30,870,-3733
0039,14:35,875,-3733
0039,14:40,880,-3733
0039,14:45,885,-5333
0039,14:50,890,-5333
0039,14:55,895,-5333
0039,15:00,900,-5333
0039,15:05,905,-5333
0039,15:10,910,-4622
0039,15:15,915,-4622
0039,15:20,920,-4622
0039,15:25,925,-4622
0039,15:30,930,-6222
0039,15:35,935,-6222
0039,15:40,940,-6222
0039,15:45,945,-4089
0039,15:50,950,-4089
0039,15:55,955,-4089
0039,16:00,960,-4089
0039,16:05,965,-4089
0039,16:10,970,-5333
0039,16:15,975,-5333
0039,16:20,980,-5333
0039,16:25,985,-5333
0039,16:30,990,-7111
0039,16:35,995,-7111
0039,16:40,1000,-7111
0039,16:45,1005,-7111
0039,16:50,1010,-6756
0039,16:55,1015,-6756
0039,17:00,1020,-6756
0039,17:05,1025,-7822
0039,17:10,1030,-7822
0039,17:15,1035,-7822
0039,17:20,1040,-7822
0039,17:25,1045,-7822
0039,17:30,1050,-9422
0039,17:35,1055,-9422
0039,17:40,1060,-9422
0039,17:45,1065,-9422
0039,17:50,1070,-10133
0039,17:55,1075,-10133
0039,18:00,1080,-10133
0039,18:05,1085,-10133
0039,18:10,1090,-10489
0039,18:15,1095,-10489
0039,18:20,1100,-10489
0039,18:25,1105,-10489
0039,18:30,1110,-10489
0039,18:35,1115,-10489
0039,18:40,1120,-10489
0039,18:45,1125,-10489
0039,18:50,1130,-10667
0039,18:55,1135,-10667
0039,19:00,1140,-10667
0039,19:05,1145,-10667
0039,19:10,1150,-10667
0039,19:15,1155,-10667
0039,19:20,1160,-10667
0039,19:25,1165,-10667
0039,19:30,1170,-10667
0039,19:35,1175,-10667
0039,19:40,1180,-10667
0039,19:45,1185,-10667
0039,19:50,1190,-10667
0039,19:55,1195,-10667
0039,20:00,1200,-10667
0039,20:05,1205,-10667
0039,20:10,1210,-10667
0039,20:15,1215,-10667
0039,20:20,1220,-10667
0039,20:25,1225,-10667
0039,20:30,1230,-10667
0039,20:35,1235,-10667
0039,20:40,1240,-10667
0039,20:45,1245,-10667
0039,20:50,1250,-10667
0039,20:55,1255,-10667
0039,21:00,1260,-10667
0039,21:05,1265,-10667
0039,21:10,1270,-10667
0039,21:15,1275,-10667
0039,21:20,1280,-10667
0039,21:25,1285,-10667
0039,21:30,1290,-10667
0039,21:35,1295,-10667
0039,21:40,1300,-10667
0039,21:45,1305,-10667
0039,21:50,1310,-10667
0039,21:55,1315,-10667
0039,22:00,1320,-10667
0039,22:05,1325,-10667
0039,22:10,1330,-10667
0039,22:15,1335,-10667
0039,22:20,1340,-10667
0039,22:25,1345,-10667
0039,22:30,1350,-10667
0039,22:35,1355,-10667
0039,22:40,1360,-10667
0039,22:45,1365,-10667
0039,22:50,1370,-10667
0039,22:55,1375,-10667
0039,23:00,1380,-10667
0039,23:05,1385,-10667
0039,23:10,1390,-10667
0039,23:15,1395,-10667
0039,23:16,1396,-10667
0039,23:20,1400,-10667
0040,09:00,540,0
0040,09:05,545,0
0040,09:10,550,0
0040,09:15,555,0
0040,09:20,560,0
0040,09:25,565,0
0040,09:30,570,0
0040,09:35,575,0
0040,09:40,580,0
0040,09:45,585,0
0040,09:50,590,0
0040,09:55,595,0
0040,10:00,600,0
0040,10:05,605,0
0040,10:10,610,0
0040,10:15,615,0
0040,10:20,620,0
0040,10:25,625,0
0040,10:30,630,0
0040,10:35,635,0
0040,10:40,640,0
0040,10:45,645,0
0040,10:50,650,0
0040,10:55,655,0
0040,11:00,660,0
0040,11:05,665,0
0040,11:10,670,0
0040,11:15,675,0
0040,11:20,680,0
0040,11:25,685,0
0040,11:30,690,0
0040,11:35,695,0
0040,11:40,700,0
0040,11:45,705,0
0040,11:50,710,0
0040,11:55,715,0
0040,12:00,720,0
0040,12:05,725,0
0040,12:10,730,0
0040,12:15,735,0
0040,12:20,740,0
0040,12:25,745,0
0040,12:30,750,0
0040,12:35,755,0
0040,12:40,760,0
0040,12:45,765,0
0040,12:50,770,0
0040,12:55,775,0
0040,13:00,780,0
0040,13:05,785,-622
0040,13:10,790,-622
0040,13:15,795,-622
0040,13:20,800,-622
0040,13:25,805,-2044
0040,13:30,810,-2044
0040,13:35,815,-2044
0040,13:40,820,-2044
0040,13:45,825,-2044
0040,13:50,830,-2933
0040,13:55,835,-2933
0040,14:00,840,-2933
0040,14:05,845,-2933
0040,14:10,850,-4267
0040,14:15,855,-4267
0040,14:20,860,-4267
0040,14:25,865,-4267
0040,14:30,870,-1778
0040,14:35,875,-1778
0040,14:40,880,-1778
0040,14:45,885,-2756
0040,14:50,890,-2756
0040,14:55,895,-2756
0040,15:00,900,-2756
0040,15:05,905,-2756
0040,15:10,910,-1511
0040,15:15,915,-1511
0040,15:20,920,-1511
0040,15:25,925,-1511
0040,15:30,930,-3200
0040,15:35,935,-3200
0040,15:40,940,-3200
0040,15:45,945,-3911
0040,15:50,950,-3911
0040,15:55,955,-3911
0040,16:00,960,-3911
0040,16:05,965,-3911
0040,16:10,970,-3911
0040,16:15,975,-3911
0040,16:20,980,-3911
0040,16:25,985,-3911
0040,16:30,990,-3911
0040,16:35,995,-3911
0040,16:40,1000,-3911
0040,16:45,1005,-3911
0040,16:50,1010,-3911
0040,16:55,1015,-3911
0040,17:00,1020,-3911
0040,17:05,1025,-4533
0040,17:10,1030,-4533
0040,17:15,1035,-4533
0040,17:20,1040,-4533
0040,17:25,1045,-4533
0040,17:30,1050,-5067
0040,17:35,1055,-5067
0040,17:40,1060,-5067
0040,17:45,1065,-5067
0040,17:50,1070,-5689
0040,17:55,1075,-5689
0040,18:00,1080,-5689
0040,18:05,1085,-5689
0040,18:10,1090,-4711
0040,18:15,1095,-4711
0040,18:20,1100,-4711
0040,18:25,1105,-6489
0040,18:30,1110,-6489
0040,18:35,1115,-6489
0040,18:40,1120,-6489
0040,18:45,1125,-6489
0040,18:50,1130,-7200
0040,18:55,1135,-7200
0040,19:00,1140,-7200
0040,19:05,1145,-7200
0040,19:10,1150,-7200
0040,19:15,1155,-7200
0040,19:20,1160,-7200
0040,19:25,1165,-7200
0040,19:30,1170,-7200
0040,19:35,1175,-7200
0040,19:40,1180,-7200
0040,19:45,1185,-7200
0040,19:50,1190,-7200
0040,19:55,1195,-7200
0040,20:00,1200,-7200
0040,20:05,1205,-7200
0040,20:10,1210,-8089
0040,20:15,1215,-8089
0040,20:20,1220,-8089
0040,20:25,1225,-8089
0040,20:30,1230,-8089
0040,20:35,1235,-8089
0040,20:40,1240,-8089
0040,20:45,1245,-8089
0040,20:50,1250,-8089
0040,20:55,1255,-8089
0040,21:00,1260,-8089
0040,21:05,1265,-8089
0040,21:10,1270,-8089
0040,21:15,1275,-8089
0040,21:20,1280,-8089
0040,21:25,1285,-8089
0040,21:30,1290,-8089
0040,21:35,1295,-8089
0040,21:40,1300,-8089
0040,21:45,1305,-8089
0040,21:50,1310,-8089
0040,21:55,1315,-8089
0040,22:00,1320,-8089
0040,22:05,1325,-8089
0040,22:10,1330,-8089
0040,22:15,1335,-8089
0040,22:20,1340,-8089
0040,22:25,1345,-8089
0040,22:30,1350,-8089
0040,22:35,1355,-8089
0040,22:40,1360,-8089
0040,22:45,1365,-8089
0040,22:50,1370,-8089
0040,22:55,1375,-8089
0040,23:00,1380,-8089
0040,23:05,1385,-8089
0040,23:10,1390,-8089
0040,23:15,1395,-8089
0040,23:16,1396,-8089
0040,23:20,1400,-8089
0041,09:00,540,0
0041,09:05,545,0
0041,09:10,550,0
0041,09:15,555,0
0041,09:20,560,0
0041,09:25,565,0
0041,09:30,570,0
0041,09:35,575,0
0041,09:40,580,0
0041,09:45,585,0
0041,09:50,590,0
0041,09:55,595,0
0041,10:00,600,0
0041,10:05,605,0
0041,10:10,610,0
0041,10:15,615,0
0041,10:20,620,0
0041,10:25,625,0
0041,10:30,630,0
0041,10:35,635,0
0041,10:40,640,0
0041,10:45,645,0
0041,10:50,650,0
0041,10:55,655,0
0041,11:00,660,3223
0041,11:05,665,3223
0041,11:10,670,5207
0041,11:15,675,5207
0041,11:20,680,5207
0041,11:25,685,5207
0041,11:30,690,4215
0041,11:35,695,4215
0041,11:40,700,4215
0041,11:45,705,4215
0041,11:50,710,4215
0041,11:55,715,4215
0041,12:00,720,4215
0041,12:05,725,4215
0041,12:10,730,4215
0041,12:15,735,4215
0041,12:20,740,4215
0041,12:25,745,4215
0041,12:30,750,3223
0041,12:35,755,3223
0041,12:40,760,3223
0041,12:45,765,3223
0041,12:50,770,3223
0041,12:55,775,3223
0041,13:00,780,3223
0041,13:05,785,3223
0041,13:10,790,3223
0041,13:15,795,3223
0041,13:20,800,3223
0041,13:25,805,3223
0041,13:30,810,3223
0041,13:35,815,3223
0041,13:40,820,3223
0041,13:45,825,3223
0041,13:50,830,3223
0041,13:55,835,3223
0041,14:00,840,3223
0041,14:05,845,3223
0041,14:10,850,3223
0041,14:15,855,3223
0041,14:20,860,3223
0041,14:25,865,3223
0041,14:30,870,3223
0041,14:35,875,3223
0041,14:40,880,3223
0041,14:45,885,3223
0041,14:50,890,3223
0041,14:55,895,3223
0041,15:00,900,3223
0041,15:05,905,3223
0041,15:10,910,3223
0041,15:15,915,3223
0041,15:20,920,3223
0041,15:25,925,3223
0041,15:30,930,3223
0041,15:35,935,3223
0041,15:40,940,3223
0041,15:45,945,2727
0041,15:50,950,2727
0041,15:55,955,2727
0041,16:00,960,2727
0041,16:05,965,2727
0041,16:10,970,4959
0041,16:15,975,4959
0041,16:20,980,4959
0041,16:25,985,4959
0041,16:30,990,3967
0041,16:35,995,3967
0041,16:40,1000,3967
0041,16:45,1005,3967
0041,16:50,1010,2727
0041,16:55,1015,2727
0041,17:00,1020,2727
0041,17:05,1025,2727
0041,17:10,1030,2727
0041,17:15,1035,2727
0041,17:20,1040,2727
0041,17:25,1045,2727
0041,17:30,1050,2727
0041,17:35,1055,2727
0041,17:40,1060,2727
0041,17:45,1065,2727
0041,17:50,1070,2727
0041,17:55,1075,2727
0041,18:00,1080,2727
0041,18:05,1085,2727
0041,18:10,1090,2727
0041,18:15,1095,2727
0041,18:20,1100,2727
0041,18:25,1105,2727
0041,18:30,1110,2727
0041,18:35,1115,2727
0041,18:40,1120,2727
0041,18:45,1125,2727
0041,18:50,1130,2727
0041,18:55,1135,2727
0041,19:00,1140,2727
0041,19:05,1145,2727
0041,19:10,1150,2727
0041,19:15,1155,2727
0041,19:20,1160,2727
0041,19:25,1165,2727
0041,19:30,1170,2727
0041,19:35,1175,2727
0041,19:40,1180,2727
0041,19:45,1185,2727
0041,19:50,1190,2727
0041,19:55,1195,2727
0041,20:00,1200,2727
0041,20:05,1205,2727
0041,20:10,1210,2727
0041,20:15,1215,2727
0041,20:20,1220,2727
0041,20:25,1225,2727
0041,20:30,1230,2727
0041,20:35,1235,2727
0041,20:40,1240,2727
0041,20:45,1245,1488
0041,20:50,1250,1488
0041,20:55,1255,1488
0041,21:00,1260,1488
0041,21:05,1265,1488
0041,21:10,1270,4959
0041,21:15,1275,4959
0041,21:20,1280,4959
0041,21:25,1285,4959
0041,21:30,1290,12397
0041,21:35,1295,12397
0041,21:40,1300,12397
0041,21:45,1305,13884
0041,21:50,1310,13884
0041,21:55,1315,13884
0041,22:00,1320,13884
0041,22:05,1325,15620
0041,22:10,1330,15620
0041,22:15,1335,15620
0041,22:20,1340,15620
0041,22:25,1345,15620
0041,22:30,1350,23554
0041,22:35,1355,23554
0041,22:40,1360,23554
0041,22:45,1365,23554
0041,22:50,1370,26529
0041,22:55,1375,26529
0041,23:00,1380,26529
0041,23:05,1385,26529
0041,23:10,1390,26529
0041,23:15,1395,26529
0041,23:16,1396,26529
0041,23:20,1400,26529
0042,09:00,540,0
0042,09:05,545,0
0042,09:10,550,0
0042,09:15,555,0
0042,09:20,560,0
0042,09:25,565,0
0042,09:30,570,0
0042,09:35,575,0
0042,09:40,580,0
0042,09:45,585,0
0042,09:50,590,0
0042,09:55,595,0
0042,10:00,600,0
0042,10:05,605,0
0042,10:10,610,0
0042,10:15,615,0
0042,10:20,620,0
0042,10:25,625,0
0042,10:30,630,0
0042,10:35,635,0
0042,10:40,640,-889
0042,10:45,645,-889
0042,10:50,650,-889
0042,10:55,655,-889
0042,11:00,660,-1067
0042,11:05,665,-1067
0042,11:10,670,-1067
0042,11:15,675,-1067
0042,11:20,680,-1067
0042,11:25,685,-1067
0042,11:30,690,-1067
0042,11:35,695,-1067
0042,11:40,700,-1067
0042,11:45,705,-1067
0042,11:50,710,-1067
0042,11:55,715,-1067
0042,12:00,720,-1067
0042,12:05,725,-1067
0042,12:10,730,-1067
0042,12:15,735,-1067
0042,12:20,740,-1067
0042,12:25,745,-1067
0042,12:30,750,-1600
0042,12:35,755,-1600
0042,12:40,760,-1600
0042,12:45,765,-1600
0042,12:50,770,-3022
0042,12:55,775,-3022
0042,13:00,780,-3022
0042,13:05,785,-3200
0042,13:10,790,-3200
0042,13:15,795,-3200
0042,13:20,800,-3200
0042,13:25,805,-3200
0042,13:30,810,-3200
0042,13:35,815,-3200
0042,13:40,820,-3200
0042,13:45,825,-3200
0042,13:50,830,-3733
0042,13:55,835,-3733
0042,14:00,840,-3733
0042,14:05,845,-3733
0042,14:10,850,-3911
0042,14:15,855,-3911
0042,14:20,860,-3911
0042,14:25,865,-3911
0042,14:30,870,-4800
0042,14:35,875,-4800
0042,14:40,880,-4800
0042,14:45,885,-5689
0042,14:50,890,-5689
0042,14:55,895,-5689
0042,15:00,900,-5689
0042,15:05,905,-5689
0042,15:10,910,-6933
0042,15:15,915,-6933
0042,15:20,920,-6933
0042,15:25,925,-6933
0042,15:30,930,-8000
0042,15:35,935,-8000
0042,15:40,940,-8000
0042,15:45,945,-9067
0042,15:50,950,-9067
0042,15:55,955,-9067
0042,16:00,960,-9067
0042,16:05,965,-9067
0042,16:10,970,-3022
0042,16:15,975,-3022
0042,16:20,980,-3022
0042,16:25,985,-3022
0042,16:30,990,1897
0042,16:35,995,1897
0042,16:40,1000,1897
0042,16:45,1005,1897
0042,16:50,1010,1552
0042,16:55,1015,1552
0042,17:00,1020,1552
0042,17:05,1025,345
0042,17:10,1030,345
0042,17:15,1035,345
0042,17:20,1040,345
0042,17:25,1045,345
0042,17:30,1050,1034
0042,17:35,1055,1034
0042,17:40,1060,1034
0042,17:45,1065,1034
0042,17:50,1070,4828
0042,17:55,1075,4828
0042,18:00,1080,4828
0042,18:05,1085,4828
0042,18:10,1090,7414
0042,18:15,1095,7414
0042,18:20,1100,7414
0042,18:25,1105,7069
0042,18:30,1110,7069
0042,18:35,1115,7069
0042,18:40,1120,7069
0042,18:45,1125,7069
0042,18:50,1130,10345
0042,18:55,1135,10345
0042,19:00,1140,10345
0042,19:05,1145,10345
0042,19:10,1150,13276
0042,19:15,1155,13276
0042,19:20,1160,13276
0042,19:25,1165,13103
0042,19:30,1170,13103
0042,19:35,1175,13103
0042,19:40,1180,13103
0042,19:45,1185,12414
0042,19:50,1190,12414
0042,19:55,1195,12414
0042,20:00,1200,12414
0042,20:05,1205,12414
0042,20:10,1210,12414
0042,20:15,1215,12414
0042,20:20,1220,12414
0042,20:25,1225,12414
0042,20:30,1230,12414
0042,20:35,1235,12414
0042,20:40,1240,12414
0042,20:45,1245,12414
0042,20:50,1250,12414
0042,20:55,1255,12414
0042,21:00,1260,12414
0042,21:05,1265,12414
0042,21:10,1270,12414
0042,21:15,1275,12414
0042,21:20,1280,12414
0042,21:25,1285,12414
0042,21:30,1290,12414
0042,21:35,1295,12414
0042,21:40,1300,12414
0042,21:45,1305,12414
0042,21:50,1310,12414
0042,21:55,1315,12414
0042,22:00,1320,12414
0042,22:05,1325,12414
0042,22:10,1330,12414
0042,22:15,1335,12414
0042,22:20,1340,12414
0042,22:25,1345,12414
0042,22:30,1350,12414
0042,22:35,1355,12414
0042,22:40,1360,12414
0042,22:45,1365,12414
0042,22:50,1370,12414
0042,22:55,1375,12414
0042,23:00,1380,12414
0042,23:05,1385,12414
0042,23:10,1390,12414
0042,23:15,1395,12414
0042,23:16,1396,12414
0042,23:20,1400,12414
0043,09:00,540,0
0043,09:05,545,0
0043,09:10,550,0
0043,09:15,555,0
0043,09:20,560,0
0043,09:25,565,0
0043,09:30,570,0
0043,09:35,575,0
0043,09:40,580,0
0043,09:45,585,0
0043,09:50,590,0
0043,09:55,595,0
0043,10:00,600,0
0043,10:05,605,0
0043,10:10,610,0
0043,10:15,615,0
0043,10:20,620,0
0043,10:25,625,0
0043,10:30,630,0
0043,10:35,635,0
0043,10:40,640,0
0043,10:45,645,0
0043,10:50,650,0
0043,10:55,655,0
0043,11:00,660,0
0043,11:05,665,0
0043,11:10,670,0
0043,11:15,675,0
0043,11:20,680,0
0043,11:25,685,0
0043,11:30,690,0
0043,11:35,695,0
0043,11:40,700,0
0043,11:45,705,0
0043,11:50,710,0
0043,11:55,715,0
0043,12:00,720,0
0043,12:05,725,0
0043,12:10,730,0
0043,12:15,735,0
0043,12:20,740,0
0043,12:25,745,0
0043,12:30,750,-889
0043,12:35,755,-889
0043,12:40,760,-889
0043,12:45,765,-889
0043,12:50,770,1034
0043,12:55,775,1034
0043,13:00,780,1034
0043,13:05,785,6379
0043,13:10,790,6379
0043,13:15,795,6379
0043,13:20,800,6379
0043,13:25,805,11724
0043,13:30,810,11724
0043,13:35,815,11724
0043,13:40,820,11724
0043,13:45,825,11724
0043,13:50,830,10690
0043,13:55,835,10690
0043,14:00,840,10690
0043,14:05,845,10690
0043,14:10,850,9483
0043,14:15,855,9483
0043,14:20,860,9483
0043,14:25,865,9483
0043,14:30,870,8448
0043,14:35,875,8448
0043,14:40,880,8448
0043,14:45,885,6897
0043,14:50,890,6897
0043,14:55,895,6897
0043,15:00,900,6897
0043,15:05,905,6897
0043,15:10,910,7931
0043,15:15,915,7931
0043,15:20,920,7931
0043,15:25,925,7931
0043,15:30,930,11724
0043,15:35,935,11724
0043,15:40,940,11724
0043,15:45,945,10172
0043,15:50,950,10172
0043,15:55,955,10172
0043,16:00,960,10172
0043,16:05,965,10172
0043,16:10,970,10172
0043,16:15,975,10172
0043,16:20,980,10172
0043,16:25,985,10172
0043,16:30,990,8448
0043,16:35,995,8448
0043,16:40,1000,8448
0043,16:45,1005,8448
0043,16:50,1010,7414
0043,16:55,1015,7414
0043,17:00,1020,7414
0043,17:05,1025,6207
0043,17:10,1030,6207
0043,17:15,1035,6207
0043,17:20,1040,6207
0043,17:25,1045,6207
0043,17:30,1050,5862
0043,17:35,1055,5862
0043,17:40,1060,5862
0043,17:45,1065,5862
0043,17:50,1070,5862
0043,17:55,1075,5862
0043,18:00,1080,5862
0043,18:05,1085,5862
0043,18:10,1090,5862
0043,18:15,1095,5862
0043,18:20,1100,5862
0043,18:25,1105,5862
0043,18:30,1110,5862
0043,18:35,1115,5862
0043,18:40,1120,5862
0043,18:45,1125,5862
0043,18:50,1130,5862
0043,18:55,1135,5862
0043,19:00,1140,5862
0043,19:05,1145,5862
0043,19:10,1150,5862
0043,19:15,1155,5862
0043,19:20,1160,5862
0043,19:25,1165,5862
0043,19:30,1170,5862
0043,19:35,1175,5862
0043,19:40,1180,5862
0043,19:45,1185,5172
0043,19:50,1190,5172
0043,19:55,1195,5172
0043,20:00,1200,5172
0043,20:05,1205,5172
0043,20:10,1210,5000
0043,20:15,1215,5000
0043,20:20,1220,5000
0043,20:25,1225,5000
0043,20:30,1230,4138
0043,20:35,1235,4138
0043,20:40,1240,4138
0043,20:45,1245,3966
0043,20:50,1250,3966
0043,20:55,1255,3966
0043,21:00,1260,3966
0043,21:05,1265,3966
0043,21:10,1270,3966
0043,21:15,1275,3966
0043,21:20,1280,3966
0043,21:25,1285,3966
0043,21:30,1290,3966
0043,21:35,1295,3966
0043,21:40,1300,3966
0043,21:45,1305,3966
0043,21:50,1310,3966
0043,21:55,1315,3966
0043,22:00,1320,3966
0043,22:05,1325,3793
0043,22:10,1330,3793
0043,22:15,1335,3793
0043,22:20,1340,3793
0043,22:25,1345,3793
0043,22:30,1350,3793
0043,22:35,1355,3793
0043,22:40,1360,3793
0043,22:45,1365,3793
0043,22:50,1370,3793
0043,22:55,1375,3793
0043,23:00,1380,3793
0043,23:05,1385,3793
0043,23:10,1390,3793
0043,23:15,1395,3793
0043,23:16,1396,3793
0043,23:20,1400,3793
0044,09:00,540,0
0044,09:05,545,0
0044,09:10,550,0
0044,09:15,555,0
0044,09:20,560,0
0044,09:25,565,0
0044,09:30,570,0
0044,09:35,575,0
0044,09:40,580,0
0044,09:45,585,0
0044,09:50,590,0
0044,09:55,595,0
0044,10:00,600,0
0044,10:05,605,0
0044,10:10,610,0
0044,10:15,615,0
0044,10:20,620,0
0044,10:25,625,0
0044,10:30,630,0
0044,10:35,635,0
0044,10:40,640,0
0044,10:45,645,0
0044,10:50,650,0
0044,10:55,655,0
0044,11:00,660,0
0044,11:05,665,0
0044,11:10,670,0
0044,11:15,675,0
0044,11:20,680,0
0044,11:25,685,0
0044,11:30,690,0
0044,11:35,695,0
0044,11:40,700,0
0044,11:45,705,0
0044,11:50,710,0
0044,11:55,715,0
0044,12:00,720,0
0044,12:05,725,-356
0044,12:10,730,-356
0044,12:15,735,-356
0044,12:20,740,-356
0044,12:25,745,-356
0044,12:30,750,-356
0044,12:35,755,-356
0044,12:40,760,-356
0044,12:45,765,-356
0044,12:50,770,-356
0044,12:55,775,-356
0044,13:00,780,-356
0044,13:05,785,-356
0044,13:10,790,-356
0044,13:15,795,-356
0044,13:20,800,-356
0044,13:25,805,-356
0044,13:30,810,-356
0044,13:35,815,-356
0044,13:40,820,-356
0044,13:45,825,-356
0044,13:50,830,-356
0044,13:55,835,-356
0044,14:00,840,-356
0044,14:05,845,-356
0044,14:10,850,-533
0044,14:15,855,-533
0044,14:20,860,-533
0044,14:25,865,-533
0044,14:30,870,1207
0044,14:35,875,1207
0044,14:40,880,1207
0044,14:45,885,-178
0044,14:50,890,-178
0044,14:55,895,-178
0044,15:00,900,-178
0044,15:05,905,-178
0044,15:10,910,-711
0044,15:15,915,-711
0044,15:20,920,-711
0044,15:25,925,-711
0044,15:30,930,-889
0044,15:35,935,-889
0044,15:40,940,-889
0044,15:45,945,-2489
0044,15:50,950,-2489
0044,15:55,955,-2489
0044,16:00,960,-2489
0044,16:05,965,-2489
0044,16:10,970,-3733
0044,16:15,975,-3733
0044,16:20,980,-3733
0044,16:25,985,-3733
0044,16:30,990,-5333
0044,16:35,995,-5333
0044,16:40,1000,-5333
0044,16:45,1005,-5333
0044,16:50,1010,-6933
0044,16:55,1015,-6933
0044,17:00,1020,-6933
0044,17:05,1025,-8356
0044,17:10,1030,-8356
0044,17:15,1035,-8356
0044,17:20,1040,-8356
0044,17:25,1045,-8356
0044,17:30,1050,-9956
0044,17:35,1055,-9956
0044,17:40,1060,-9956
0044,17:45,1065,-9956
0044,17:50,1070,-11200
0044,17:55,1075,-11200
0044,18:00,1080,-11200
0044,18:05,1085,-11200
0044,18:10,1090,-11911
0044,18:15,1095,-11911
0044,18:20,1100,-11911
0044,18:25,1105,-11911
0044,18:30,1110,-11911
0044,18:35,1115,-11911
0044,18:40,1120,-11911
0044,18:45,1125,-11911
0044,18:50,1130,-12800
0044,18:55,1135,-12800
0044,19:00,1140,-12800
0044,19:05,1145,-12800
0044,19:10,1150,-12800
0044,19:15,1155,-12800
0044,19:20,1160,-12800
0044,19:25,1165,-12800
0044,19:30,1170,-12800
0044,19:35,1175,-12800
0044,19:40,1180,-12800
0044,19:45,1185,-12800
0044,19:50,1190,-12800
0044,19:55,1195,-12800
0044,20:00,1200,-12800
0044,20:05,1205,-12800
0044,20:10,1210,-13156
0044,20:15,1215,-13156
0044,20:20,1220,-13156
0044,20:25,1225,-13156
0044,20:30,1230,-13156
0044,20:35,1235,-13156
0044,20:40,1240,-13156
0044,20:45,1245,-13156
0044,20:50,1250,-13156
0044,20:55,1255,-13156
0044,21:00,1260,-13156
0044,21:05,1265,-13156
0044,21:10,1270,-13156
0044,21:15,1275,-13156
0044,21:20,1280,-13156
0044,21:25,1285,-13156
0044,21:30,1290,-13867
0044,21:35,1295,-13867
0044,21:40,1300,-13867
0044,21:45,1305,-13867
0044,21:50,1310,-13867
0044,21:55,1315,-13867
0044,22:00,1320,-13867
0044,22:05,1325,-13867
0044,22:10,1330,-13867
0044,22:15,1335,-13867
0044,22:20,1340,-13867
0044,22:25,1345,-13867
0044,22:30,1350,-13867
0044,22:35,1355,-13867
0044,22:40,1360,-13867
0044,22:45,1365,-13867
0044,22:50,1370,-13867
0044,22:55,1375,-13867
0044,23:00,1380,-13867
0044,23:05,1385,-13867
0044,23:10,1390,-13867
0044,23:15,1395,-13867
0044,23:16,1396,-13867
0044,23:20,1400,-13867
0045,09:00,540,0
0045,09:05,545,0
0045,09:10,550,0
0045,09:15,555,0
0045,09:20,560,0
0045,09:25,565,0
0045,09:30,570,0
0045,09:35,575,0
0045,09:40,580,0
0045,09:45,585,0
0045,09:50,590,0
0045,09:55,595,0
0045,10:00,600,0
0045,10:05,605,0
0045,10:10,610,0
0045,10:15,615,0
0045,10:20,620,0
0045,10:25,625,0
0045,10:30,630,0
0045,10:35,635,0
0045,10:40,640,0
0045,10:45,645,0
0045,10:50,650,0
0045,10:55,655,0
0045,11:00,660,0
0045,11:05,665,0
0045,11:10,670,0
0045,11:15,675,0
0045,11:20,680,0
0045,11:25,685,0
0045,11:30,690,-178
0045,11:35,695,-178
0045,11:40,700,-178
0045,11:45,705,-1067
0045,11:50,710,-1067
0045,11:55,715,-1067
0045,12:00,720,-1067
0045,12:05,725,-1067
0045,12:10,730,-1067
0045,12:15,735,-1067
0045,12:20,740,-1067
0045,12:25,745,-1067
0045,12:30,750,-1067
0045,12:35,755,-1067
0045,12:40,760,-1067
0045,12:45,765,-1067
0045,12:50,770,-1244
0045,12:55,775,-1244
0045,13:00,780,-1244
0045,13:05,785,-2489
0045,13:10,790,-2489
0045,13:15,795,-2489
0045,13:20,800,-2489
0045,13:25,805,-2489
0045,13:30,810,-2489
0045,13:35,815,-2489
0045,13:40,820,-2489
0045,13:45,825,-2489
0045,13:50,830,-3911
0045,13:55,835,-3911
0045,14:00,840,-3911
0045,14:05,845,-3911
0045,14:10,850,-4622
0045,14:15,855,-4622
0045,14:20,860,-4622
0045,14:25,865,-4622
0045,14:30,870,-6044
0045,14:35,875,-6044
0045,14:40,880,-6044
0045,14:45,885,-7467
0045,14:50,890,-7467
0045,14:55,895,-7467
0045,15:00,900,-7467
0045,15:05,905,-7467
0045,15:10,910,-7111
0045,15:15,915,-7111
0045,15:20,920,-7111
0045,15:25,925,-7111
0045,15:30,930,-8533
0045,15:35,935,-8533
0045,15:40,940,-8533
0045,15:45,945,-9067
0045,15:50,950,-9067
0045,15:55,955,-9067
0045,16:00,960,-9067
0045,16:05,965,-9067
0045,16:10,970,-9244
0045,16:15,975,-9244
0045,16:20,980,-9244
0045,16:25,985,-9244
0045,16:30,990,-8889
0045,16:35,995,-8889
0045,16:40,1000,-8889
0045,16:45,1005,-8889
0045,16:50,1010,-9422
0045,16:55,1015,-9422
0045,17:00,1020,-9422
0045,17:05,1025,-9600
0045,17:10,1030,-9600
0045,17:15,1035,-9600
0045,17:20,1040,-9600
0045,17:25,1045,-9600
0045,17:30,1050,-7111
0045,17:35,1055,-7111
0045,17:40,1060,-7111
0045,17:45,1065,-7111
0045,17:50,1070,-7467
0045,17:55,1075,-7467
0045,18:00,1080,-7467
0045,18:05,1085,-7467
0045,18:10,1090,-8178
0045,18:15,1095,-8178
0045,18:20,1100,-8178
0045,18:25,1105,-9244
0045,18:30,1110,-9244
0045,18:35,1115,-9244
0045,18:40,1120,-9244
0045,18:45,1125,-9244
0045,18:50,1130,-9244
0045,18:55,1135,-9244
0045,19:00,1140,-9244
0045,19:05,1145,-9244
0045,19:10,1150,-9244
0045,19:15,1155,-9244
0045,19:20,1160,-9244
0045,19:25,1165,-9600
0045,19:30,1170,-9600
0045,19:35,1175,-9600
0045,19:40,1180,-9600
0045,19:45,1185,-10133
0045,19:50,1190,-10133
0045,19:55,1195,-10133
0045,20:00,1200,-10133
0045,20:05,1205,-10133
0045,20:10,1210,-10489
0045,20:15,1215,-10489
0045,20:20,1220,-10489
0045,20:25,1225,-10489
0045,20:30,1230,-10489
0045,20:35,1235,-10489
0045,20:40,1240,-10489
0045,20:45,1245,-10489
0045,20:50,1250,-10489
0045,20:55,1255,-10489
0045,21:00,1260,-10489
0045,21:05,1265,-10489
0045,21:10,1270,-10844
0045,21:15,1275,-10844
0045,21:20,1280,-10844
0045,21:25,1285,-10844
0045,21:30,1290,-11022
0045,21:35,1295,-11022
0045,21:40,1300,-11022
0045,21:45,1305,-11022
0045,21:50,1310,-11022
0045,21:55,1315,-11022
0045,22:00,1320,-11022
0045,22:05,1325,-11378
0045,22:10,1330,-11378
0045,22:15,1335,-11378
0045,22:20,1340,-11378
0045,22:25,1345,-11378
0045,22:30,1350,-11378
0045,22:35,1355,-11378
0045,22:40,1360,-11378
0045,22:45,1365,-11378
0045,22:50,1370,-11378
0045,22:55,1375,-11378
0045,23:00,1380,-11378
0045,23:05,1385,-11378
0045,23:10,1390,-11378
0045,23:15,1395,-11378
0045,23:16,1396,-11378
0045,23:20,1400,-11378
0046,09:00,540,0
0046,09:05,545,0
0046,09:10,550,0
0046,09:15,555,0
0046,09:20,560,0
0046,09:25,565,0
0046,09:30,570,0
0046,09:35,575,0
0046,09:40,580,0
0046,09:45,585,0
0046,09:50,590,0
0046,09:55,595,0
0046,10:00,600,0
0046,10:05,605,0
0046,10:10,610,0
0046,10:15,615,0
0046,10:20,620,0
0046,10:25,625,-711
0046,10:30,630,-711
0046,10:35,635,-711
0046,10:40,640,-1778
0046,10:45,645,-1778
0046,10:50,650,-1778
0046,10:55,655,-1778
0046,11:00,660,-2844
0046,11:05,665,-2844
0046,11:10,670,-3556
0046,11:15,675,-3556
0046,11:20,680,-3556
0046,11:25,685,-3556
0046,11:30,690,-5156
0046,11:35,695,-5156
0046,11:40,700,-5156
0046,11:45,705,-6933
0046,11:50,710,-6933
0046,11:55,715,-6933
0046,12:00,720,-6933
0046,12:05,725,-8000
0046,12:10,730,-8000
0046,12:15,735,-8000
0046,12:20,740,-8000
0046,12:25,745,-8000
0046,12:30,750,-9778
0046,12:35,755,-9778
0046,12:40,760,-9778
0046,12:45,765,-9778
0046,12:50,770,-11200
0046,12:55,775,-11200
0046,13:00,780,-11200
0046,13:05,785,-12267
0046,13:10,790,-12267
0046,13:15,795,-12267
0046,13:20,800,-12267
0046,13:25,805,-11733
0046,13:30,810,-11733
0046,13:35,815,-11733
0046,13:40,820,-11733
0046,13:45,825,-11733
0046,13:50,830,-11911
0046,13:55,835,-11911
0046,14:00,840,-11911
0046,14:05,845,-11911
0046,14:10,850,-13156
0046,14:15,855,-13156
0046,14:20,860,-13156
0046,14:25,865,-13156
0046,14:30,870,-13511
0046,14:35,875,-13511
0046,14:40,880,-13511
0046,14:45,885,-12444
0046,14:50,890,-12444
0046,14:55,895,-12444
0046,15:00,900,-12444
0046,15:05,905,-12444
0046,15:10,910,-12444
0046,15:15,915,-12444
0046,15:20,920,-12444
0046,15:25,925,-12444
0046,15:30,930,-12444
0046,15:35,935,-12444
0046,15:40,940,-12444
0046,15:45,945,-12444
0046,15:50,950,-12444
0046,15:55,955,-12444
0046,16:00,960,-12444
0046,16:05,965,-12444
0046,16:10,970,-12800
0046,16:15,975,-12800
0046,16:20,980,-12800
0046,16:25,985,-12800
0046,16:30,990,-10667
0046,16:35,995,-10667
0046,16:40,1000,-10667
0046,16:45,1005,-10667
0046,16:50,1010,-10844
0046,16:55,1015,-10844
0046,17:00,1020,-10844
0046,17:05,1025,-9778
0046,17:10,1030,-9778
0046,17:15,1035,-9778
0046,17:20,1040,-9778
0046,17:25,1045,-9778
0046,17:30,1050,-4089
0046,17:35,1055,-4089
0046,17:40,1060,-4089
0046,17:45,1065,-4089
0046,17:50,1070,-533
0046,17:55,1075,-533
0046,18:00,1080,-533
0046,18:05,1085,-533
0046,18:10,1090,-1067
0046,18:15,1095,-1067
0046,18:20,1100,-1067
0046,18:25,1105,-2844
0046,18:30,1110,-2844
0046,18:35,1115,-2844
0046,18:40,1120,-2844
0046,18:45,1125,-2844
0046,18:50,1130,-4267
0046,18:55,1135,-4267
0046,19:00,1140,-4267
0046,19:05,1145,-4267
0046,19:10,1150,-5511
0046,19:15,1155,-5511
0046,19:20,1160,-5511
0046,19:25,1165,-5511
0046,19:30,1170,-5511
0046,19:35,1175,-5511
0046,19:40,1180,-5511
0046,19:45,1185,-5511
0046,19:50,1190,-5511
0046,19:55,1195,-5511
0046,20:00,1200,-5511
0046,20:05,1205,-5511
0046,20:10,1210,-6044
0046,20:15,1215,-6044
0046,20:20,1220,-6044
0046,20:25,1225,-6044
0046,20:30,1230,-6933
0046,20:35,1235,-6933
0046,20:40,1240,-6933
0046,20:45,1245,-7467
0046,20:50,1250,-7467
0046,20:55,1255,-7467
0046,21:00,1260,-7467
0046,21:05,1265,-7467
0046,21:10,1270,-7644
0046,21:15,1275,-7644
0046,21:20,1280,-7644
0046,21:25,1285,-7644
0046,21:30,1290,-7644
0046,21:35,1295,-7644
0046,21:40,1300,-7644
0046,21:45,1305,-7822
0046,21:50,1310,-7822
0046,21:55,1315,-7822
0046,22:00,1320,-7822
0046,22:05,1325,-7822
0046,22:10,1330,-7822
0046,22:15,1335,-7822
0046,22:20,1340,-7822
0046,22:25,1345,-7822
0046,22:30,1350,-7822
0046,22:35,1355,-7822
0046,22:40,1360,-7822
0046,22:45,1365,-7822
0046,22:50,1370,-7822
0046,22:55,1375,-7822
0046,23:00,1380,-7822
0046,23:05,1385,-7822
0046,23:10,1390,-7822
0046,23:15,1395,-7822
0046,23:16,1396,-7822
0046,23:20,1400,-7822
0047,09:00,540,0
0047,09:05,545,0
0047,09:10,550,0
0047,09:15,555,0
0047,09:20,560,0
0047,09:25,565,0
0047,09:30,570,0
0047,09:35,575,0
0047,09:40,580,0
0047,09:45,585,0
0047,09:50,590,0
0047,09:55,595,0
0047,10:00,600,0
0047,10:05,605,0
0047,10:10,610,0
0047,10:15,615,0
0047,10:20,620,0
0047,10:25,625,0
0047,10:30,630,0
0047,10:35,635,0
0047,10:40,640,0
0047,10:45,645,0
0047,10:50,650,0
0047,10:55,655,0
0047,11:00,660,0
0047,11:05,665,0
0047,11:10,670,0
0047,11:15,675,0
0047,11:20,680,0
0047,11:25,685,0
0047,11:30,690,0
0047,11:35,695,0
0047,11:40,700,0
0047,11:45,705,0
0047,11:50,710,0
0047,11:55,715,0
0047,12:00,720,0
0047,12:05,725,0
0047,12:10,730,0
0047,12:15,735,0
0047,12:20,740,0
0047,12:25,745,0
0047,12:30,750,0
0047,12:35,755,0
0047,12:40,760,0
0047,12:45,765,0
0047,12:50,770,-1244
0047,12:55,775,-1244
0047,13:00,780,-1244
0047,13:05,785,-2311
0047,13:10,790,-2311
0047,13:15,795,-2311
0047,13:20,800,-2311
0047,13:25,805,-3733
0047,13:30,810,-3733
0047,13:35,815,-3733
0047,13:40,820,-3733
0047,13:45,825,-3733
0047,13:50,830,-4622
0047,13:55,835,-4622
0047,14:00,840,-4622
0047,14:05,845,-4622
0047,14:10,850,-5333
0047,14:15,855,-5333
0047,14:20,860,-5333
0047,14:25,865,-5333
0047,14:30,870,-5867
0047,14:35,875,-5867
0047,14:40,880,-5867
0047,14:45,885,-7289
0047,14:50,890,-7289
0047,14:55,895,-7289
0047,15:00,900,-7289
0047,15:05,905,-7289
0047,15:10,910,-8533
0047,15:15,915,-8533
0047,15:20,920,-8533
0047,15:25,925,-8533
0047,15:30,930,-6933
0047,15:35,935,-6933
0047,15:40,940,-6933
0047,15:45,945,-8356
0047,15:50,950,-8356
0047,15:55,955,-8356
0047,16:00,960,-8356
0047,16:05,965,-8356
0047,16:10,970,-9600
0047,16:15,975,-9600
0047,16:20,980,-9600
0047,16:25,985,-9600
0047,16:30,990,-11378
0047,16:35,995,-11378
0047,16:40,1000,-11378
0047,16:45,1005,-11378
0047,16:50,1010,-12800
0047,16:55,1015,-12800
0047,17:00,1020,-12800
0047,17:05,1025,-10667
0047,17:10,1030,-10667
0047,17:15,1035,-10667
0047,17:20,1040,-10667
0047,17:25,1045,-10667
0047,17:30,1050,-8533
0047,17:35,1055,-8533
0047,17:40,1060,-8533
0047,17:45,1065,-8533
0047,17:50,1070,-10133
0047,17:55,1075,-10133
0047,18:00,1080,-10133
0047,18:05,1085,-10133
0047,18:10,1090,-11200
0047,18:15,1095,-11200
0047,18:20,1100,-11200
0047,18:25,1105,-13156
0047,18:30,1110,-13156
0047,18:35,1115,-13156
0047,18:40,1120,-13156
0047,18:45,1125,-13156
0047,18:50,1130,-12444
0047,18:55,1135,-12444
0047,19:00,1140,-12444
0047,19:05,1145,-12444
0047,19:10,1150,-8533
0047,19:15,1155,-8533
0047,19:20,1160,-8533
0047,19:25,1165,-9956
0047,19:30,1170,-9956
0047,19:35,1175,-9956
0047,19:40,1180,-9956
0047,19:45,1185,-11378
0047,19:50,1190,-11378
0047,19:55,1195,-11378
0047,20:00,1200,-11378
0047,20:05,1205,-11378
0047,20:10,1210,-11378
0047,20:15,1215,-11378
0047,20:20,1220,-11378
0047,20:25,1225,-11378
0047,20:30,1230,-11378
0047,20:35,1235,-11378
0047,20:40,1240,-11378
0047,20:45,1245,-11733
0047,20:50,1250,-11733
0047,20:55,1255,-11733
0047,21:00,1260,-11733
0047,21:05,1265,-11733
0047,21:10,1270,-11733
0047,21:15,1275,-11733
0047,21:20,1280,-11733
0047,21:25,1285,-11733
0047,21:30,1290,-11733
0047,21:35,1295,-11733
0047,21:40,1300,-11733
0047,21:45,1305,-12267
0047,21:50,1310,-12267
0047,21:55,1315,-12267
0047,22:00,1320,-12267
0047,22:05,1325,-12267
0047,22:10,1330,-12267
0047,22:15,1335,-12267
0047,22:20,1340,-12267
0047,22:25,1345,-12267
0047,22:30,1350,-12267
0047,22:35,1355,-12267
0047,22:40,1360,-12267
0047,22:45,1365,-12267
0047,22:50,1370,-12267
0047,22:55,1375,-12267
0047,23:00,1380,-12267
0047,23:05,1385,-12267
0047,23:10,1390,-12267
0047,23:15,1395,-12267
0047,23:16,1396,-12267
0047,23:20,1400,-12267
0048,09:00,540,0
0048,09:05,545,0
0048,09:10,550,0
0048,09:15,555,0
0048,09:20,560,0
0048,09:25,565,0
0048,09:30,570,0
0048,09:35,575,0
0048,09:40,580,0
0048,09:45,585,0
0048,09:50,590,0
0048,09:55,595,0
0048,10:00,600,0
0048,10:05,605,0
0048,10:10,610,0
0048,10:15,615,0
0048,10:20,620,0
0048,10:25,625,0
0048,10:30,630,0
0048,10:35,635,0
0048,10:40,640,0
0048,10:45,645,0
0048,10:50,650,0
0048,10:55,655,0
0048,11:00,660,0
0048,11:05,665,0
0048,11:10,670,-356
0048,11:15,675,-356
0048,11:20,680,-356
0048,11:25,685,-356
0048,11:30,690,-533
0048,11:35,695,-533
0048,11:40,700,-533
0048,11:45,705,-711
0048,11:50,710,-711
0048,11:55,715,-711
0048,12:00,720,-711
0048,12:05,725,-1956
0048,12:10,730,-1956
0048,12:15,735,-1956
0048,12:20,740,-1956
0048,12:25,745,-1956
0048,12:30,750,-3022
0048,12:35,755,-3022
0048,12:40,760,-3022
0048,12:45,765,-3022
0048,12:50,770,-2667
0048,12:55,775,-2667
0048,13:00,780,-2667
0048,13:05,785,-1600
0048,13:10,790,-1600
0048,13:15,795,-1600
0048,13:20,800,-1600
0048,13:25,805,-3022
0048,13:30,810,-3022
0048,13:35,815,-3022
0048,13:40,820,-3022
0048,13:45,825,-3022
0048,13:50,830,-3378
0048,13:55,835,-3378
0048,14:00,840,-3378
0048,14:05,845,-3378
0048,14:10,850,-3911
0048,14:15,855,-3911
0048,14:20,860,-3911
0048,14:25,865,-3911
0048,14:30,870,-4800
0048,14:35,875,-4800
0048,14:40,880,-4800
0048,14:45,885,-6400
0048,14:50,890,-6400
0048,14:55,895,-6400
0048,15:00,900,-6400
0048,15:05,905,-6400
0048,15:10,910,-6578
0048,15:15,915,-6578
0048,15:20,920,-6578
0048,15:25,925,-6578
0048,15:30,930,-7111
0048,15:35,935,-7111
0048,15:40,940,-7111
0048,15:45,945,-8533
0048,15:50,950,-8533
0048,15:55,955,-8533
0048,16:00,960,-8533
0048,16:05,965,-8533
0048,16:10,970,-9600
0048,16:15,975,-9600
0048,16:20,980,-9600
0048,16:25,985,-9600
0048,16:30,990,-11022
0048,16:35,995,-11022
0048,16:40,1000,-11022
0048,16:45,1005,-11022
0048,16:50,1010,-11556
0048,16:55,1015,-11556
0048,17:00,1020,-11556
0048,17:05,1025,-12267
0048,17:10,1030,-12267
0048,17:15,1035,-12267
0048,17:20,1040,-12267
0048,17:25,1045,-12267
0048,17:30,1050,-9600
0048,17:35,1055,-9600
0048,17:40,1060,-9600
0048,17:45,1065,-9600
0048,17:50,1070,-10489
0048,17:55,1075,-10489
0048,18:00,1080,-10489
0048,18:05,1085,-10489
0048,18:10,1090,-11733
0048,18:15,1095,-11733
0048,18:20,1100,-11733
0048,18:25,1105,-12267
0048,18:30,1110,-12267
0048,18:35,1115,-12267
0048,18:40,1120,-12267
0048,18:45,1125,-12267
0048,18:50,1130,-5867
0048,18:55,1135,-5867
0048,19:00,1140,-5867
0048,19:05,1145,-5867
0048,19:10,1150,-6044
0048,19:15,1155,-6044
0048,19:20,1160,-6044
0048,19:25,1165,-6400
0048,19:30,1170,-6400
0048,19:35,1175,-6400
0048,19:40,1180,-6400
0048,19:45,1185,-6933
0048,19:50,1190,-6933
0048,19:55,1195,-6933
0048,20:00,1200,-6933
0048,20:05,1205,-6933
0048,20:10,1210,-6933
0048,20:15,1215,-6933
0048,20:20,1220,-6933
0048,20:25,1225,-6933
0048,20:30,1230,-6933
0048,20:35,1235,-6933
0048,20:40,1240,-6933
0048,20:45,1245,-6933
0048,20:50,1250,-6933
0048,20:55,1255,-6933
0048,21:00,1260,-6933
0048,21:05,1265,-6933
0048,21:10,1270,-6933
0048,21:15,1275,-6933
0048,21:20,1280,-6933
0048,21:25,1285,-6933
0048,21:30,1290,-7289
0048,21:35,1295,-7289
0048,21:40,1300,-7289
0048,21:45,1305,-7289
0048,21:50,1310,-7289
0048,21:55,1315,-7289
0048,22:00,1320,-7289
0048,22:05,1325,-7289
0048,22:10,1330,-7289
0048,22:15,1335,-7289
0048,22:20,1340,-7289
0048,22:25,1345,-7289
0048,22:30,1350,-7289
0048,22:35,1355,-7289
0048,22:40,1360,-7289
0048,22:45,1365,-7289
0048,22:50,1370,-7289
0048,22:55,1375,-7289
0048,23:00,1380,-7289
0048,23:05,1385,-7289
0048,23:10,1390,-7289
0048,23:15,1395,-7289
0048,23:16,1396,-7289
0048,23:20,1400,-7289
0049,09:00,540,0
0049,09:05,545,0
0049,09:10,550,0
0049,09:15,555,0
0049,09:20,560,0
0049,09:25,565,0
0049,09:30,570,0
0049,09:35,575,0
0049,09:40,580,0
0049,09:45,585,0
0049,09:50,590,0
0049,09:55,595,0
0049,10:00,600,0
0049,10:05,605,0
0049,10:10,610,0
0049,10:15,615,0
0049,10:20,620,0
0049,10:25,625,0
0049,10:30,630,0
0049,10:35,635,0
0049,10:40,640,0
0049,10:45,645,0
0049,10:50,650,0
0049,10:55,655,0
0049,11:00,660,0
0049,11:05,665,0
0049,11:10,670,0
0049,11:15,675,0
0049,11:20,680,0
0049,11:25,685,0
0049,11:30,690,0
0049,11:35,695,0
0049,11:40,700,0
0049,11:45,705,-89
0049,11:50,710,-89
0049,11:55,715,-89
0049,12:00,720,-89
0049,12:05,725,-89
0049,12:10,730,-89
0049,12:15,735,-89
0049,12:20,740,-89
0049,12:25,745,-89
0049,12:30,750,-89
0049,12:35,755,-89
0049,12:40,760,-89
0049,12:45,765,-89
0049,12:50,770,-89
0049,12:55,775,-89
0049,13:00,780,-89
0049,13:05,785,-89
0049,13:10,790,-89
0049,13:15,795,-89
0049,13:20,800,-89
0049,13:25,805,-89
0049,13:30,810,-89
0049,13:35,815,-89
0049,13:40,820,-89
0049,13:45,825,-89
0049,13:50,830,-622
0049,13:55,835,-622
0049,14:00,840,-622
0049,14:05,845,-622
0049,14:10,850,-1244
0049,14:15,855,-1244
0049,14:20,860,-1244
0049,14:25,865,-1244
0049,14:30,870,-1244
0049,14:35,875,-1244
0049,14:40,880,-1244
0049,14:45,885,-1600
0049,14:50,890,-1600
0049,14:55,895,-1600
0049,15:00,900,-1600
0049,15:05,905,-1600
0049,15:10,910,-2844
0049,15:15,915,-2844
0049,15:20,920,-2844
0049,15:25,925,-2844
0049,15:30,930,1034
0049,15:35,935,1034
0049,15:40,940,1034
0049,15:45,945,3190
0049,15:50,950,3190
0049,15:55,955,3190
0049,16:00,960,3190
0049,16:05,965,3190
0049,16:10,970,2155
0049,16:15,975,2155
0049,16:20,980,2155
0049,16:25,985,2155
0049,16:30,990,2155
0049,16:35,995,2155
0049,16:40,1000,2155
0049,16:45,1005,2155
0049,16:50,1010,690
0049,16:55,1015,690
0049,17:00,1020,690
0049,17:05,1025,-356
0049,17:10,1030,-356
0049,17:15,1035,-356
0049,17:20,1040,-356
0049,17:25,1045,-356
0049,17:30,1050,-1778
0049,17:35,1055,-1778
0049,17:40,1060,-1778
0049,17:45,1065,-1778
0049,17:50,1070,-2489
0049,17:55,1075,-2489
0049,18:00,1080,-2489
0049,18:05,1085,-2489
0049,18:10,1090,-2489
0049,18:15,1095,-2489
0049,18:20,1100,-2489
0049,18:25,1105,-2489
0049,18:30,1110,-2489
0049,18:35,1115,-2489
0049,18:40,1120,-2489
0049,18:45,1125,-2489
0049,18:50,1130,-2489
0049,18:55,1135,-2489
0049,19:00,1140,-2489
0049,19:05,1145,-2489
0049,19:10,1150,-3022
0049,19:15,1155,-3022
0049,19:20,1160,-3022
0049,19:25,1165,-2933
0049,19:30,1170,-2933
0049,19:35,1175,-2933
0049,19:40,1180,-2933
0049,19:45,1185,-4356
0049,19:50,1190,-4356
0049,19:55,1195,-4356
0049,20:00,1200,-4356
0049,20:05,1205,-4356
0049,20:10,1210,-4444
0049,20:15,1215,-4444
0049,20:20,1220,-4444
0049,20:25,1225,-4444
0049,20:30,1230,-4444
0049,20:35,1235,-4444
0049,20:40,1240,-4444
0049,20:45,1245,-3111
0049,20:50,1250,-3111
0049,20:55,1255,-3111
0049,21:00,1260,-3111
0049,21:05,1265,-3111
0049,21:10,1270,-533
0049,21:15,1275,-533
0049,21:20,1280,-533
0049,21:25,1285,-533
0049,21:30,1290,-1956
0049,21:35,1295,-1956
0049,21:40,1300,-1956
0049,21:45,1305,-2311
0049,21:50,1310,-2311
0049,21:55,1315,-2311
0049,22:00,1320,-2311
0049,22:05,1325,-2311
0049,22:10,1330,-2311
0049,22:15,1335,-2311
0049,22:20,1340,-2311
0049,22:25,1345,-2311
0049,22:30,1350,-2311
0049,22:35,1355,-2311
0049,22:40,1360,-2311
0049,22:45,1365,-2311
0049,22:50,1370,-2311
0049,22:55,1375,-2311
0049,23:00,1380,-2311
0049,23:05,1385,-2311
0049,23:10,1390,-2311
0049,23:15,1395,-2311
0049,23:16,1396,-2311
0049,23:20,1400,-2311
0050,09:00,540,0
0050,09:05,545,0
0050,09:10,550,0
0050,09:15,555,0
0050,09:20,560,0
0050,09:25,565,0
0050,09:30,570,0
0050,09:35,575,0
0050,09:40,580,0
0050,09:45,585,0
0050,09:50,590,0
0050,09:55,595,0
0050,10:00,600,0
0050,10:05,605,0
0050,10:10,610,0
0050,10:15,615,0
0050,10:20,620,0
0050,10:25,625,0
0050,10:30,630,0
0050,10:35,635,0
0050,10:40,640,0
0050,10:45,645,0
0050,10:50,650,0
0050,10:55,655,0
0050,11:00,660,0
0050,11:05,665,0
0050,11:10,670,0
0050,11:15,675,0
0050,11:20,680,0
0050,11:25,685,0
0050,11:30,690,0
0050,11:35,695,0
0050,11:40,700,0
0050,11:45,705,0
0050,11:50,710,0
0050,11:55,715,0
0050,12:00,720,0
0050,12:05,725,0
0050,12:10,730,0
0050,12:15,735,0
0050,12:20,740,0
0050,12:25,745,0
0050,12:30,750,-978
0050,12:35,755,-978
0050,12:40,760,-978
0050,12:45,765,-978
0050,12:50,770,-2400
0050,12:55,775,-2400
0050,13:00,780,-2400
0050,13:05,785,-1867
0050,13:10,790,-1867
0050,13:15,795,-1867
0050,13:20,800,-1867
0050,13:25,805,-3378
0050,13:30,810,-3378
0050,13:35,815,-3378
0050,13:40,820,-3378
0050,13:45,825,-3378
0050,13:50,830,-4800
0050,13:55,835,-4800
0050,14:00,840,-4800
0050,14:05,845,-4800
0050,14:10,850,-711
0050,14:15,855,-711
0050,14:20,860,-711
0050,14:25,865,-711
0050,14:30,870,-2133
0050,14:35,875,-2133
0050,14:40,880,-2133
0050,14:45,885,-3644
0050,14:50,890,-3644
0050,14:55,895,-3644
0050,15:00,900,-3644
0050,15:05,905,-3644
0050,15:10,910,-4978
0050,15:15,915,-4978
0050,15:20,920,-4978
0050,15:25,925,-4978
0050,15:30,930,-5422
0050,15:35,935,-5422
0050,15:40,940,-5422
0050,15:45,945,-6578
0050,15:50,950,-6578
0050,15:55,955,-6578
0050,16:00,960,-6578
0050,16:05,965,-6578
0050,16:10,970,-6578
0050,16:15,975,-6578
0050,16:20,980,-6578
0050,16:25,985,-6578
0050,16:30,990,-6578
0050,16:35,995,-6578
0050,16:40,1000,-6578
0050,16:45,1005,-6578
0050,16:50,1010,-6578
0050,16:55,1015,-6578
0050,17:00,1020,-6578
0050,17:05,1025,-6578
0050,17:10,1030,-6578
0050,17:15,1035,-6578
0050,17:20,1040,-6578
0050,17:25,1045,-6578
0050,17:30,1050,-6578
0050,17:35,1055,-6578
0050,17:40,1060,-6578
0050,17:45,1065,-6578
0050,17:50,1070,-6578
0050,17:55,1075,-6578
0050,18:00,1080,-6578
0050,18:05,1085,-6578
0050,18:10,1090,-6578
0050,18:15,1095,-6578
0050,18:20,1100,-6578
0050,18:25,1105,-6844
0050,18:30,1110,-6844
0050,18:35,1115,-6844
0050,18:40,1120,-6844
0050,18:45,1125,-6844
0050,18:50,1130,-6844
0050,18:55,1135,-6844
0050,19:00,1140,-6844
0050,19:05,1145,-6844
0050,19:10,1150,-7733
0050,19:15,1155,-7733
0050,19:20,1160,-7733
0050,19:25,1165,-7733
0050,19:30,1170,-7733
0050,19:35,1175,-7733
0050,19:40,1180,-7733
0050,19:45,1185,-7733
0050,19:50,1190,-7733
0050,19:55,1195,-7733
0050,20:00,1200,-7733
0050,20:05,1205,-7733
0050,20:10,1210,-7733
0050,20:15,1215,-7733
0050,20:20,1220,-7733
0050,20:25,1225,-7733
0050,20:30,1230,-7733
0050,20:35,1235,-7733
0050,20:40,1240,-7733
0050,20:45,1245,-7733
0050,20:50,1250,-7733
0050,20:55,1255,-7733
0050,21:00,1260,-7733
0050,21:05,1265,-7733
0050,21:10,1270,-7733
0050,21:15,1275,-7733
0050,21:20,1280,-7733
0050,21:25,1285,-7733
0050,21:30,1290,-7733
0050,21:35,1295,-7733
0050,21:40,1300,-7733
0050,21:45,1305,-7733
0050,21:50,1310,-7733
0050,21:55,1315,-7733
0050,22:00,1320,-7733
0050,22:05,1325,-7733
0050,22:10,1330,-7733
0050,22:15,1335,-7733
0050,22:20,1340,-7733
0050,22:25,1345,-7733
0050,22:30,1350,-7733
0050,22:35,1355,-7733
0050,22:40,1360,-7733
0050,22:45,1365,-7733
0050,22:50,1370,-7733
0050,22:55,1375,-7733
0050,23:00,1380,-7733
0050,23:05,1385,-7733
0050,23:10,1390,-7733
0050,23:15,1395,-7733
0050,23:16,1396,-7733
0050,23:20,1400,-7733
0051,09:00,540,0
0051,09:05,545,0
0051,09:10,550,0
0051,09:15,555,0
0051,09:20,560,0
0051,09:25,565,0
0051,09:30,570,0
0051,09:35,575,0
0051,09:40,580,0
0051,09:45,585,0
0051,09:50,590,0
0051,09:55,595,0
0051,10:00,600,0
0051,10:05,605,0
0051,10:10,610,0
0051,10:15,615,0
0051,10:20,620,0
0051,10:25,625,0
0051,10:30,630,0
0051,10:35,635,0
0051,10:40,640,0
0051,10:45,645,0
0051,10:50,650,0
0051,10:55,655,0
0051,11:00,660,0
0051,11:05,665,0
0051,11:10,670,0
0051,11:15,675,0
0051,11:20,680,0
0051,11:25,685,0
0051,11:30,690,-260
0051,11:35,695,-260
0051,11:40,700,-260
0051,11:45,705,-260
0051,11:50,710,-260
0051,11:55,715,-260
0051,12:00,720,-260
0051,12:05,725,-260
0051,12:10,730,-260
0051,12:15,735,-260
0051,12:20,740,-260
0051,12:25,745,-260
0051,12:30,750,-260
0051,12:35,755,-260
0051,12:40,760,-260
0051,12:45,765,-260
0051,12:50,770,-519
0051,12:55,775,-519
0051,13:00,780,-519
0051,13:05,785,-2078
0051,13:10,790,-2078
0051,13:15,795,-2078
0051,13:20,800,-2078
0051,13:25,805,1026
0051,13:30,810,1026
0051,13:35,815,1026
0051,13:40,820,1026
0051,13:45,825,1026
0051,13:50,830,3590
0051,13:55,835,3590
0051,14:00,840,3590
0051,14:05,845,3590
0051,14:10,850,2308
0051,14:15,855,2308
0051,14:20,860,2308
0051,14:25,865,2308
0051,14:30,870,256
0051,14:35,875,256
0051,14:40,880,256
0051,14:45,885,5385
0051,14:50,890,5385
0051,14:55,895,5385
0051,15:00,900,5385
0051,15:05,905,5385
0051,15:10,910,13846
0051,15:15,915,13846
0051,15:20,920,13846
0051,15:25,925,13846
0051,15:30,930,17692
0051,15:35,935,17692
0051,15:40,940,17692
0051,15:45,945,16154
0051,15:50,950,16154
0051,15:55,955,16154
0051,16:00,960,16154
0051,16:05,965,16154
0051,16:10,970,16667
0051,16:15,975,16667
0051,16:20,980,16667
0051,16:25,985,16667
0051,16:30,990,15128
0051,16:35,995,15128
0051,16:40,1000,15128
0051,16:45,1005,15128
0051,16:50,1010,20000
0051,16:55,1015,20000
0051,17:00,1020,20000
0051,17:05,1025,26923
0051,17:10,1030,26923
0051,17:15,1035,26923
0051,17:20,1040,26923
0051,17:25,1045,26923
0051,17:30,1050,33333
0051,17:35,1055,33333
0051,17:40,1060,33333
0051,17:45,1065,33333
0051,17:50,1070,36410
0051,17:55,1075,36410
0051,18:00,1080,36410
0051,18:05,1085,36410
0051,18:10,1090,36410
0051,18:15,1095,36410
0051,18:20,1100,36410
0051,18:25,1105,36410
0051,18:30,1110,36410
0051,18:35,1115,36410
0051,18:40,1120,36410
0051,18:45,1125,36410
0051,18:50,1130,35897
0051,18:55,1135,35897
0051,19:00,1140,35897
0051,19:05,1145,35897
0051,19:10,1150,35897
0051,19:15,1155,35897
0051,19:20,1160,35897
0051,19:25,1165,35897
0051,19:30,1170,35897
0051,19:35,1175,35897
0051,19:40,1180,35897
0051,19:45,1185,35897
0051,19:50,1190,35897
0051,19:55,1195,35897
0051,20:00,1200,35897
0051,20:05,1205,35897
0051,20:10,1210,35897
0051,20:15,1215,35897
0051,20:20,1220,35897
0051,20:25,1225,35897
0051,20:30,1230,35897
0051,20:35,1235,35897
0051,20:40,1240,35897
0051,20:45,1245,35641
0051,20:50,1250,35641
0051,20:55,1255,35641
0051,21:00,1260,35641
0051,21:05,1265,35641
0051,21:10,1270,38974
0051,21:15,1275,38974
0051,21:20,1280,38974
0051,21:25,1285,38974
0051,21:30,1290,38974
0051,21:35,1295,38974
0051,21:40,1300,38974
0051,21:45,1305,38974
0051,21:50,1310,38974
0051,21:55,1315,38974
0051,22:00,1320,38974
0051,22:05,1325,38974
0051,22:10,1330,38974
0051,22:15,1335,38974
0051,22:20,1340,38974
0051,22:25,1345,38974
0051,22:30,1350,38974
0051,22:35,1355,38974
0051,22:40,1360,38974
0051,22:45,1365,38974
0051,22:50,1370,38974
0051,22:55,1375,38974
0051,23:00,1380,38974
0051,23:05,1385,38974
0051,23:10,1390,38974
0051,23:15,1395,38974
0051,23:16,1396,38974
0051,23:20,1400,38974
0052,09:00,540,0
0052,09:05,545,0
0052,09:10,550,0
0052,09:15,555,0
0052,09:20,560,0
0052,09:25,565,0
0052,09:30,570,0
0052,09:35,575,0
0052,09:40,580,0
0052,09:45,585,0
0052,09:50,590,0
0052,09:55,595,0
0052,10:00,600,0
0052,10:05,605,0
0052,10:10,610,0
0052,10:15,615,0
0052,10:20,620,0
0052,10:25,625,0
0052,10:30,630,0
0052,10:35,635,0
0052,10:40,640,0
0052,10:45,645,0
0052,10:50,650,0
0052,10:55,655,0
0052,11:00,660,0
0052,11:05,665,0
0052,11:10,670,0
0052,11:15,675,0
0052,11:20,680,0
0052,11:25,685,0
0052,11:30,690,0
0052,11:35,695,0
0052,11:40,700,0
0052,11:45,705,0
0052,11:50,710,0
0052,11:55,715,0
0052,12:00,720,0
0052,12:05,725,0
0052,12:10,730,0
0052,12:15,735,0
0052,12:20,740,0
0052,12:25,745,0
0052,12:30,750,0
0052,12:35,755,0
0052,12:40,760,0
0052,12:45,765,0
0052,12:50,770,0
0052,12:55,775,0
0052,13:00,780,0
0052,13:05,785,0
0052,13:10,790,0
0052,13:15,795,0
0052,13:20,800,0
0052,13:25,805,0
0052,13:30,810,0
0052,13:35,815,0
0052,13:40,820,0
0052,13:45,825,0
0052,13:50,830,-178
0052,13:55,835,-178
0052,14:00,840,-178
0052,14:05,845,-178
0052,14:10,850,-178
0052,14:15,855,-178
0052,14:20,860,-178
0052,14:25,865,-178
0052,14:30,870,-178
0052,14:35,875,-178
0052,14:40,880,-178
0052,14:45,885,-533
0052,14:50,890,-533
0052,14:55,895,-533
0052,15:00,900,-533
0052,15:05,905,-533
0052,15:10,910,-533
0052,15:15,915,-533
0052,15:20,920,-533
0052,15:25,925,-533
0052,15:30,930,-533
0052,15:35,935,-533
0052,15:40,940,-533
0052,15:45,945,-533
0052,15:50,950,-533
0052,15:55,955,-533
0052,16:00,960,-533
0052,16:05,965,-533
0052,16:10,970,-533
0052,16:15,975,-533
0052,16:20,980,-533
0052,16:25,985,-533
0052,16:30,990,-533
0052,16:35,995,-533
0052,16:40,1000,-533
0052,16:45,1005,-533
0052,16:50,1010,-533
0052,16:55,1015,-533
0052,17:00,1020,-533
0052,17:05,1025,-533
0052,17:10,1030,-533
0052,17:15,1035,-533
0052,17:20,1040,-533
0052,17:25,1045,-533
0052,17:30,1050,-533
0052,17:35,1055,-533
0052,17:40,1060,-533
0052,17:45,1065,-533
0052,17:50,1070,-533
0052,17:55,1075,-533
0052,18:00,1080,-533
0052,18:05,1085,-533
0052,18:10,1090,-533
0052,18:15,1095,-533
0052,18:20,1100,-533
0052,18:25,1105,-533
0052,18:30,1110,-533
0052,18:35,1115,-533
0052,18:40,1120,-533
0052,18:45,1125,-533
0052,18:50,1130,-533
0052,18:55,1135,-533
0052,19:00,1140,-533
0052,19:05,1145,-533
0052,19:10,1150,-533
0052,19:15,1155,-533
0052,19:20,1160,-533
0052,19:25,1165,-533
0052,19:30,1170,-533
0052,19:35,1175,-533
0052,19:40,1180,-533
0052,19:45,1185,-533
0052,19:50,1190,-533
0052,19:55,1195,-533
0052,20:00,1200,-533
0052,20:05,1205,-533
0052,20:10,1210,-533
0052,20:15,1215,-533
0052,20:20,1220,-533
0052,20:25,1225,-533
0052,20:30,1230,-533
0052,20:35,1235,-533
0052,20:40,1240,-533
0052,20:45,1245,-800
0052,20:50,1250,-800
0052,20:55,1255,-800
0052,21:00,1260,-800
0052,21:05,1265,-800
0052,21:10,1270,-978
0052,21:15,1275,-978
0052,21:20,1280,-978
0052,21:25,1285,-978
0052,21:30,1290,-978
0052,21:35,1295,-978
0052,21:40,1300,-978
0052,21:45,1305,-978
0052,21:50,1310,-978
0052,21:55,1315,-978
0052,22:00,1320,-978
0052,22:05,1325,-1333
0052,22:10,1330,-1333
0052,22:15,1335,-1333
0052,22:20,1340,-1333
0052,22:25,1345,-1333
0052,22:30,1350,-1333
0052,22:35,1355,-1333
0052,22:40,1360,-1333
0052,22:45,1365,-1333
0052,22:50,1370,-1333
0052,22:55,1375,-1333
0052,23:00,1380,-1333
0052,23:05,1385,-1333
0052,23:10,1390,-1333
0052,23:15,1395,-1333
0052,23:16,1396,-1333
0052,23:20,1400,-1333
0053,09:00,540,0
0053,09:05,545,0
0053,09:10,550,0
0053,09:15,555,0
0053,09:20,560,0
0053,09:25,565,0
0053,09:30,570,0
0053,09:35,575,0
0053,09:40,580,0
0053,09:45,585,0
0053,09:50,590,0
0053,09:55,595,0
0053,10:00,600,0
0053,10:05,605,0
0053,10:10,610,0
0053,10:15,615,0
0053,10:20,620,0
0053,10:25,625,0
0053,10:30,630,0
0053,10:35,635,0
0053,10:40,640,0
0053,10:45,645,0
0053,10:50,650,0
0053,10:55,655,0
0053,11:00,660,0
0053,11:05,665,0
0053,11:10,670,0
0053,11:15,675,0
0053,11:20,680,0
0053,11:25,685,0
0053,11:30,690,0
0053,11:35,695,0
0053,11:40,700,0
0053,11:45,705,0
0053,11:50,710,0
0053,11:55,715,0
0053,12:00,720,0
0053,12:05,725,0
0053,12:10,730,0
0053,12:15,735,0
0053,12:20,740,0
0053,12:25,745,0
0053,12:30,750,3967
0053,12:35,755,3967
0053,12:40,760,3967
0053,12:45,765,3967
0053,12:50,770,9421
0053,12:55,775,9421
0053,13:00,780,9421
0053,13:05,785,9174
0053,13:10,790,9174
0053,13:15,795,9174
0053,13:20,800,9174
0053,13:25,805,7934
0053,13:30,810,7934
0053,13:35,815,7934
0053,13:40,820,7934
0053,13:45,825,7934
0053,13:50,830,13388
0053,13:55,835,13388
0053,14:00,840,13388
0053,14:05,845,13388
0053,14:10,850,17355
0053,14:15,855,17355
0053,14:20,860,17355
0053,14:25,865,17355
0053,14:30,870,18347
0053,14:35,875,18347
0053,14:40,880,18347
0053,14:45,885,17355
0053,14:50,890,17355
0053,14:55,895,17355
0053,15:00,900,17355
0053,15:05,905,17355
0053,15:10,910,17355
0053,15:15,915,17355
0053,15:20,920,17355
0053,15:25,925,17355
0053,15:30,930,18595
0053,15:35,935,18595
0053,15:40,940,18595
0053,15:45,945,22314
0053,15:50,950,22314
0053,15:55,955,22314
0053,16:00,960,22314
0053,16:05,965,22314
0053,16:10,970,21818
0053,16:15,975,21818
0053,16:20,980,21818
0053,16:25,985,21818
0053,16:30,990,20083
0053,16:35,995,20083
0053,16:40,1000,20083
0053,16:45,1005,20083
0053,16:50,1010,18843
0053,16:55,1015,18843
0053,17:00,1020,18843
0053,17:05,1025,19339
0053,17:10,1030,19339
0053,17:15,1035,19339
0053,17:20,1040,19339
0053,17:25,1045,19339
0053,17:30,1050,19339
0053,17:35,1055,19339
0053,17:40,1060,19339
0053,17:45,1065,19339
0053,17:50,1070,24545
0053,17:55,1075,24545
0053,18:00,1080,24545
0053,18:05,1085,24545
0053,18:10,1090,23554
0053,18:15,1095,23554
0053,18:20,1100,23554
0053,18:25,1105,26529
0053,18:30,1110,26529
0053,18:35,1115,26529
0053,18:40,1120,26529
0053,18:45,1125,26529
0053,18:50,1130,25289
0053,18:55,1135,25289
0053,19:00,1140,25289
0053,19:05,1145,25289
0053,19:10,1150,24298
0053,19:15,1155,24298
0053,19:20,1160,24298
0053,19:25,1165,24050
0053,19:30,1170,24050
0053,19:35,1175,24050
0053,19:40,1180,24050
0053,19:45,1185,24050
0053,19:50,1190,24050
0053,19:55,1195,24050
0053,20:00,1200,24050
0053,20:05,1205,24050
0053,20:10,1210,24050
0053,20:15,1215,24050
0053,20:20,1220,24050
0053,20:25,1225,24050
0053,20:30,1230,24050
0053,20:35,1235,24050
0053,20:40,1240,24050
0053,20:45,1245,23306
0053,20:50,1250,23306
0053,20:55,1255,23306
0053,21:00,1260,23306
0053,21:05,1265,23306
0053,21:10,1270,23306
0053,21:15,1275,23306
0053,21:20,1280,23306
0053,21:25,1285,23306
0053,21:30,1290,23306
0053,21:35,1295,23306
0053,21:40,1300,23306
0053,21:45,1305,23306
0053,21:50,1310,23306
0053,21:55,1315,23306
0053,22:00,1320,23306
0053,22:05,1325,23306
0053,22:10,1330,23306
0053,22:15,1335,23306
0053,22:20,1340,23306
0053,22:25,1345,23306
0053,22:30,1350,23306
0053,22:35,1355,23306
0053,22:40,1360,23306
0053,22:45,1365,23306
0053,22:50,1370,23306
0053,22:55,1375,23306
0053,23:00,1380,23306
0053,23:05,1385,23306
0053,23:10,1390,23306
0053,23:15,1395,23306
0053,23:16,1396,23306
0053,23:20,1400,23306
0054,09:00,540,0
0054,09:05,545,0
0054,09:10,550,0
0054,09:15,555,0
0054,09:20,560,0
0054,09:25,565,0
0054,09:30,570,0
0054,09:35,575,0
0054,09:40,580,0
0054,09:45,585,0
0054,09:50,590,0
0054,09:55,595,0
0054,10:00,600,0
0054,10:05,605,0
0054,10:10,610,-267
0054,10:15,615,-267
0054,10:20,620,-267
0054,10:25,625,-1067
0054,10:30,630,-1067
0054,10:35,635,-1067
0054,10:40,640,-2133
0054,10:45,645,-2133
0054,10:50,650,-2133
0054,10:55,655,-2133
0054,11:00,660,-3111
0054,11:05,665,-3111
0054,11:10,670,-3378
0054,11:15,675,-3378
0054,11:20,680,-3378
0054,11:25,685,-3378
0054,11:30,690,-622
0054,11:35,695,-622
0054,11:40,700,-622
0054,11:45,705,6466
0054,11:50,710,6466
0054,11:55,715,6466
0054,12:00,720,6466
0054,12:05,725,5603
0054,12:10,730,5603
0054,12:15,735,5603
0054,12:20,740,5603
0054,12:25,745,5603
0054,12:30,750,5259
0054,12:35,755,5259
0054,12:40,760,5259
0054,12:45,765,5259
0054,12:50,770,3879
0054,12:55,775,3879
0054,13:00,780,3879
0054,13:05,785,3017
0054,13:10,790,3017
0054,13:15,795,3017
0054,13:20,800,3017
0054,13:25,805,2069
0054,13:30,810,2069
0054,13:35,815,2069
0054,13:40,820,2069
0054,13:45,825,2069
0054,13:50,830,1379
0054,13:55,835,1379
0054,14:00,840,1379
0054,14:05,845,1379
0054,14:10,850,1638
0054,14:15,855,1638
0054,14:20,860,1638
0054,14:25,865,1638
0054,14:30,870,5259
0054,14:35,875,5259
0054,14:40,880,5259
0054,14:45,885,4138
0054,14:50,890,4138
0054,14:55,895,4138
0054,15:00,900,4138
0054,15:05,905,4138
0054,15:10,910,3017
0054,15:15,915,3017
0054,15:20,920,3017
0054,15:25,925,3017
0054,15:30,930,1379
0054,15:35,935,1379
0054,15:40,940,1379
0054,15:45,945,862
0054,15:50,950,862
0054,15:55,955,862
0054,16:00,960,862
0054,16:05,965,862
0054,16:10,970,862
0054,16:15,975,862
0054,16:20,980,862
0054,16:25,985,862
0054,16:30,990,862
0054,16:35,995,862
0054,16:40,1000,862
0054,16:45,1005,862
0054,16:50,1010,862
0054,16:55,1015,862
0054,17:00,1020,862
0054,17:05,1025,0
0054,17:10,1030,0
0054,17:15,1035,0
0054,17:20,1040,0
0054,17:25,1045,0
0054,17:30,1050,-1600
0054,17:35,1055,-1600
0054,17:40,1060,-1600
0054,17:45,1065,-1600
0054,17:50,1070,-2756
0054,17:55,1075,-2756
0054,18:00,1080,-2756
0054,18:05,1085,-2756
0054,18:10,1090,-4089
0054,18:15,1095,-4089
0054,18:20,1100,-4089
0054,18:25,1105,-5333
0054,18:30,1110,-5333
0054,18:35,1115,-5333
0054,18:40,1120,-5333
0054,18:45,1125,-5333
0054,18:50,1130,-6578
0054,18:55,1135,-6578
0054,19:00,1140,-6578
0054,19:05,1145,-6578
0054,19:10,1150,-7289
0054,19:15,1155,-7289
0054,19:20,1160,-7289
0054,19:25,1165,-7289
0054,19:30,1170,-7289
0054,19:35,1175,-7289
0054,19:40,1180,-7289
0054,19:45,1185,-7289
0054,19:50,1190,-7289
0054,19:55,1195,-7289
0054,20:00,1200,-7289
0054,20:05,1205,-7289
0054,20:10,1210,-8178
0054,20:15,1215,-8178
0054,20:20,1220,-8178
0054,20:25,1225,-8178
0054,20:30,1230,-8444
0054,20:35,1235,-8444
0054,20:40,1240,-8444
0054,20:45,1245,-8444
0054,20:50,1250,-8444
0054,20:55,1255,-8444
0054,21:00,1260,-8444
0054,21:05,1265,-8444
0054,21:10,1270,-8444
0054,21:15,1275,-8444
0054,21:20,1280,-8444
0054,21:25,1285,-8444
0054,21:30,1290,-8533
0054,21:35,1295,-8533
0054,21:40,1300,-8533
0054,21:45,1305,-8533
0054,21:50,1310,-8533
0054,21:55,1315,-8533
0054,22:00,1320,-8533
0054,22:05,1325,-8533
0054,22:10,1330,-8533
0054,22:15,1335,-8533
0054,22:20,1340,-8533
0054,22:25,1345,-8533
0054,22:30,1350,-8533
0054,22:35,1355,-8533
0054,22:40,1360,-8533
0054,22:45,1365,-8533
0054,22:50,1370,-8533
0054,22:55,1375,-8533
0054,23:00,1380,-8533
0054,23:05,1385,-8533
0054,23:10,1390,-8533
0054,23:15,1395,-8533
0054,23:16,1396,-8533
0054,23:20,1400,-8533
0055,09:00,540,0
0055,09:05,545,0
0055,09:10,550,0
0055,09:15,555,0
0055,09:20,560,0
0055,09:25,565,0
0055,09:30,570,0
0055,09:35,575,0
0055,09:40,580,0
0055,09:45,585,0
0055,09:50,590,0
0055,09:55,595,0
0055,10:00,600,0
0055,10:05,605,0
0055,10:10,610,0
0055,10:15,615,0
0055,10:20,620,0
0055,10:25,625,0
0055,10:30,630,0
0055,10:35,635,0
0055,10:40,640,0
0055,10:45,645,0
0055,10:50,650,0
0055,10:55,655,0
0055,11:00,660,0
0055,11:05,665,0
0055,11:10,670,0
0055,11:15,675,0
0055,11:20,680,0
0055,11:25,685,0
0055,11:30,690,0
0055,11:35,695,0
0055,11:40,700,0
0055,11:45,705,0
0055,11:50,710,0
0055,11:55,715,0
0055,12:00,720,0
0055,12:05,725,0
0055,12:10,730,0
0055,12:15,735,0
0055,12:20,740,0
0055,12:25,745,0
0055,12:30,750,0
0055,12:35,755,0
0055,12:40,760,0
0055,12:45,765,0
0055,12:50,770,0
0055,12:55,775,0
0055,13:00,780,0
0055,13:05,785,0
0055,13:10,790,0
0055,13:15,795,0
0055,13:20,800,0
0055,13:25,805,0
0055,13:30,810,0
0055,13:35,815,0
0055,13:40,820,0
0055,13:45,825,0
0055,13:50,830,0
0055,13:55,835,0
0055,14:00,840,0
0055,14:05,845,0
0055,14:10,850,0
0055,14:15,855,0
0055,14:20,860,0
0055,14:25,865,0
0055,14:30,870,0
0055,14:35,875,0
0055,14:40,880,0
0055,14:45,885,0
0055,14:50,890,0
0055,14:55,895,0
0055,15:00,900,0
0055,15:05,905,0
0055,15:10,910,0
0055,15:15,915,0
0055,15:20,920,0
0055,15:25,925,0
0055,15:30,930,0
0055,15:35,935,0
0055,15:40,940,0
0055,15:45,945,-533
0055,15:50,950,-533
0055,15:55,955,-533
0055,16:00,960,-533
0055,16:05,965,-533
0055,16:10,970,-1244
0055,16:15,975,-1244
0055,16:20,980,-1244
0055,16:25,985,-1244
0055,16:30,990,-1422
0055,16:35,995,-1422
0055,16:40,1000,-1422
0055,16:45,1005,-1422
0055,16:50,1010,-1422
0055,16:55,1015,-1422
0055,17:00,1020,-1422
0055,17:05,1025,-1422
0055,17:10,1030,-1422
0055,17:15,1035,-1422
0055,17:20,1040,-1422
0055,17:25,1045,-1422
0055,17:30,1050,-1422
0055,17:35,1055,-1422
0055,17:40,1060,-1422
0055,17:45,1065,-1422
0055,17:50,1070,-1422
0055,17:55,1075,-1422
0055,18:00,1080,-1422
0055,18:05,1085,-1422
0055,18:10,1090,-1422
0055,18:15,1095,-1422
0055,18:20,1100,-1422
0055,18:25,1105,-1422
0055,18:30,1110,-1422
0055,18:35,1115,-1422
0055,18:40,1120,-1422
0055,18:45,1125,-1422
0055,18:50,1130,-1422
0055,18:55,1135,-1422
0055,19:00,1140,-1422
0055,19:05,1145,-1422
0055,19:10,1150,-1422
0055,19:15,1155,-1422
0055,19:20,1160,-1422
0055,19:25,1165,-1422
0055,19:30,1170,-1422
0055,19:35,1175,-1422
0055,19:40,1180,-1422
0055,19:45,1185,-1422
0055,19:50,1190,-1422
0055,19:55,1195,-1422
0055,20:00,1200,-1422
0055,20:05,1205,-1422
0055,20:10,1210,-1422
0055,20:15,1215,-1422
0055,20:20,1220,-1422
0055,20:25,1225,-1422
0055,20:30,1230,-1422
0055,20:35,1235,-1422
0055,20:40,1240,-1422
0055,20:45,1245,-2044
0055,20:50,1250,-2044
0055,20:55,1255,-2044
0055,21:00,1260,-2044
0055,21:05,1265,-2044
0055,21:10,1270,-2044
0055,21:15,1275,-2044
0055,21:20,1280,-2044
0055,21:25,1285,-2044
0055,21:30,1290,-2044
0055,21:35,1295,-2044
0055,21:40,1300,-2044
0055,21:45,1305,-2044
0055,21:50,1310,-2044
0055,21:55,1315,-2044
0055,22:00,1320,-2044
0055,22:05,1325,-2044
0055,22:10,1330,-2044
0055,22:15,1335,-2044
0055,22:20,1340,-2044
0055,22:25,1345,-2044
0055,22:30,1350,-2044
0055,22:35,1355,-2044
0055,22:40,1360,-2044
0055,22:45,1365,-2044
0055,22:50,1370,-2044
0055,22:55,1375,-2044
0055,23:00,1380,-2044
0055,23:05,1385,-2044
0055,23:10,1390,-2044
0055,23:15,1395,-2044
0055,23:16,1396,-2044
0055,23:20,1400,-2044
0056,09:00,540,0
0056,09:05,545,0
0056,09:10,550,0
0056,09:15,555,0
0056,09:20,560,0
0056,09:25,565,0
0056,09:30,570,0
0056,09:35,575,0
0056,09:40,580,0
0056,09:45,585,0
0056,09:50,590,0
0056,09:55,595,0
0056,10:00,600,0
0056,10:05,605,0
0056,10:10,610,0
0056,10:15,615,0
0056,10:20,620,0
0056,10:25,625,992
0056,10:30,630,992
0056,10:35,635,992
0056,10:40,640,5207
0056,10:45,645,5207
0056,10:50,650,5207
0056,10:55,655,5207
0056,11:00,660,6198
0056,11:05,665,6198
0056,11:10,670,7686
0056,11:15,675,7686
0056,11:20,680,7686
0056,11:25,685,7686
0056,11:30,690,11157
0056,11:35,695,11157
0056,11:40,700,11157
0056,11:45,705,18347
0056,11:50,710,18347
0056,11:55,715,18347
0056,12:00,720,18347
0056,12:05,725,21818
0056,12:10,730,21818
0056,12:15,735,21818
0056,12:20,740,21818
0056,12:25,745,21818
0056,12:30,750,21818
0056,12:35,755,21818
0056,12:40,760,21818
0056,12:45,765,21818
0056,12:50,770,21818
0056,12:55,775,21818
0056,13:00,780,21818
0056,13:05,785,21818
0056,13:10,790,21818
0056,13:15,795,21818
0056,13:20,800,21818
0056,13:25,805,20331
0056,13:30,810,20331
0056,13:35,815,20331
0056,13:40,820,20331
0056,13:45,825,20331
0056,13:50,830,19339
0056,13:55,835,19339
0056,14:00,840,19339
0056,14:05,845,19339
0056,14:10,850,18347
0056,14:15,855,18347
0056,14:20,860,18347
0056,14:25,865,18347
0056,14:30,870,17107
0056,14:35,875,17107
0056,14:40,880,17107
0056,14:45,885,16116
0056,14:50,890,16116
0056,14:55,895,16116
0056,15:00,900,16116
0056,15:05,905,16116
0056,15:10,910,15372
0056,15:15,915,15372
0056,15:20,920,15372
0056,15:25,925,15372
0056,15:30,930,13884
0056,15:35,935,13884
0056,15:40,940,13884
0056,15:45,945,12893
0056,15:50,950,12893
0056,15:55,955,12893
0056,16:00,960,12893
0056,16:05,965,12893
0056,16:10,970,12645
0056,16:15,975,12645
0056,16:20,980,12645
0056,16:25,985,12645
0056,16:30,990,11901
0056,16:35,995,11901
0056,16:40,1000,11901
0056,16:45,1005,11901
0056,16:50,1010,10165
0056,16:55,1015,10165
0056,17:00,1020,10165
0056,17:05,1025,8926
0056,17:10,1030,8926
0056,17:15,1035,8926
0056,17:20,1040,8926
0056,17:25,1045,8926
0056,17:30,1050,7190
0056,17:35,1055,7190
0056,17:40,1060,7190
0056,17:45,1065,7190
0056,17:50,1070,6942
0056,17:55,1075,6942
0056,18:00,1080,6942
0056,18:05,1085,6942
0056,18:10,1090,5702
0056,18:15,1095,5702
0056,18:20,1100,5702
0056,18:25,1105,5702
0056,18:30,1110,5702
0056,18:35,1115,5702
0056,18:40,1120,5702
0056,18:45,1125,5702
0056,18:50,1130,5702
0056,18:55,1135,5702
0056,19:00,1140,5702
0056,19:05,1145,5702
0056,19:10,1150,5702
0056,19:15,1155,5702
0056,19:20,1160,5702
0056,19:25,1165,5702
0056,19:30,1170,5702
0056,19:35,1175,5702
0056,19:40,1180,5702
0056,19:45,1185,5702
0056,19:50,1190,5702
0056,19:55,1195,5702
0056,20:00,1200,5702
0056,20:05,1205,5702
0056,20:10,1210,5702
0056,20:15,1215,5702
0056,20:20,1220,5702
0056,20:25,1225,5702
0056,20:30,1230,5702
0056,20:35,1235,5702
0056,20:40,1240,5702
0056,20:45,1245,5702
0056,20:50,1250,5702
0056,20:55,1255,5702
0056,21:00,1260,5702
0056,21:05,1265,5702
0056,21:10,1270,5702
0056,21:15,1275,5702
0056,21:20,1280,5702
0056,21:25,1285,5702
0056,21:30,1290,5702
0056,21:35,1295,5702
0056,21:40,1300,5702
0056,21:45,1305,5702
0056,21:50,1310,5702
0056,21:55,1315,5702
0056,22:00,1320,5702
0056,22:05,1325,5702
0056,22:10,1330,5702
0056,22:15,1335,5702
0056,22:20,1340,5702
0056,22:25,1345,5702
0056,22:30,1350,5702
0056,22:35,1355,5702
0056,22:40,1360,5702
0056,22:45,1365,5702
0056,22:50,1370,5702
0056,22:55,1375,5702
0056,23:00,1380,5702
0056,23:05,1385,5702
0056,23:10,1390,5702
0056,23:15,1395,5702
0056,23:16,1396,5702
0056,23:20,1400,5702
0057,09:00,540,0
0057,09:05,545,0
0057,09:10,550,0
0057,09:15,555,0
0057,09:20,560,0
0057,09:25,565,0
0057,09:30,570,0
0057,09:35,575,0
0057,09:40,580,0
0057,09:45,585,0
0057,09:50,590,0
0057,09:55,595,0
0057,10:00,600,0
0057,10:05,605,0
0057,10:10,610,0
0057,10:15,615,0
0057,10:20,620,0
0057,10:25,625,0
0057,10:30,630,0
0057,10:35,635,0
0057,10:40,640,0
0057,10:45,645,0
0057,10:50,650,0
0057,10:55,655,0
0057,11:00,660,0
0057,11:05,665,0
0057,11:10,670,0
0057,11:15,675,0
0057,11:20,680,0
0057,11:25,685,0
0057,11:30,690,0
0057,11:35,695,0
0057,11:40,700,0
0057,11:45,705,0
0057,11:50,710,0
0057,11:55,715,0
0057,12:00,720,0
0057,12:05,725,0
0057,12:10,730,0
0057,12:15,735,0
0057,12:20,740,0
0057,12:25,745,0
0057,12:30,750,-889
0057,12:35,755,-889
0057,12:40,760,-889
0057,12:45,765,-889
0057,12:50,770,-1778
0057,12:55,775,-1778
0057,13:00,780,-1778
0057,13:05,785,1724
0057,13:10,790,1724
0057,13:15,795,1724
0057,13:20,800,1724
0057,13:25,805,11379
0057,13:30,810,11379
0057,13:35,815,11379
0057,13:40,820,11379
0057,13:45,825,11379
0057,13:50,830,11207
0057,13:55,835,11207
0057,14:00,840,11207
0057,14:05,845,11207
0057,14:10,850,11207
0057,14:15,855,11207
0057,14:20,860,11207
0057,14:25,865,11207
0057,14:30,870,11207
0057,14:35,875,11207
0057,14:40,880,11207
0057,14:45,885,10862
0057,14:50,890,10862
0057,14:55,895,10862
0057,15:00,900,10862
0057,15:05,905,10862
0057,15:10,910,10862
0057,15:15,915,10862
0057,15:20,920,10862
0057,15:25,925,10862
0057,15:30,930,10862
0057,15:35,935,10862
0057,15:40,940,10862
0057,15:45,945,10690
0057,15:50,950,10690
0057,15:55,955,10690
0057,16:00,960,10690
0057,16:05,965,10690
0057,16:10,970,9483
0057,16:15,975,9483
0057,16:20,980,9483
0057,16:25,985,9483
0057,16:30,990,8621
0057,16:35,995,8621
0057,16:40,1000,8621
0057,16:45,1005,8621
0057,16:50,1010,7759
0057,16:55,1015,7759
0057,17:00,1020,7759
0057,17:05,1025,7759
0057,17:10,1030,7759
0057,17:15,1035,7759
0057,17:20,1040,7759
0057,17:25,1045,7759
0057,17:30,1050,7586
0057,17:35,1055,7586
0057,17:40,1060,7586
0057,17:45,1065,7586
0057,17:50,1070,7586
0057,17:55,1075,7586
0057,18:00,1080,7586
0057,18:05,1085,7586
0057,18:10,1090,7414
0057,18:15,1095,7414
0057,18:20,1100,7414
0057,18:25,1105,7586
0057,18:30,1110,7586
0057,18:35,1115,7586
0057,18:40,1120,7586
0057,18:45,1125,7586
0057,18:50,1130,13966
0057,18:55,1135,13966
0057,19:00,1140,13966
0057,19:05,1145,13966
0057,19:10,1150,17931
0057,19:15,1155,17931
0057,19:20,1160,17931
0057,19:25,1165,17759
0057,19:30,1170,17759
0057,19:35,1175,17759
0057,19:40,1180,17759
0057,19:45,1185,17759
0057,19:50,1190,17759
0057,19:55,1195,17759
0057,20:00,1200,17759
0057,20:05,1205,17759
0057,20:10,1210,17759
0057,20:15,1215,17759
0057,20:20,1220,17759
0057,20:25,1225,17759
0057,20:30,1230,17759
0057,20:35,1235,17759
0057,20:40,1240,17759
0057,20:45,1245,17414
0057,20:50,1250,17414
0057,20:55,1255,17414
0057,21:00,1260,17414
0057,21:05,1265,17414
0057,21:10,1270,17414
0057,21:15,1275,17414
0057,21:20,1280,17414
0057,21:25,1285,17414
0057,21:30,1290,17414
0057,21:35,1295,17414
0057,21:40,1300,17414
0057,21:45,1305,17414
0057,21:50,1310,17414
0057,21:55,1315,17414
0057,22:00,1320,17414
0057,22:05,1325,17069
0057,22:10,1330,17069
0057,22:15,1335,17069
0057,22:20,1340,17069
0057,22:25,1345,17069
0057,22:30,1350,17069
0057,22:35,1355,17069
0057,22:40,1360,17069
0057,22:45,1365,17069
0057,22:50,1370,17069
0057,22:55,1375,17069
0057,23:00,1380,17069
0057,23:05,1385,17069
0057,23:10,1390,17069
0057,23:15,1395,17069
0057,23:16,1396,17069
0057,23:20,1400,17069
0058,09:00,540,0
0058,09:05,545,0
0058,09:10,550,0
0058,09:15,555,0
0058,09:20,560,0
0058,09:25,565,0
0058,09:30,570,0
0058,09:35,575,0
0058,09:40,580,0
0058,09:45,585,0
0058,09:50,590,0
0058,09:55,595,0
0058,10:00,600,0
0058,10:05,605,0
0058,10:10,610,0
0058,10:15,615,0
0058,10:20,620,0
0058,10:25,625,0
0058,10:30,630,0
0058,10:35,635,0
0058,10:40,640,0
0058,10:45,645,0
0058,10:50,650,0
0058,10:55,655,0
0058,11:00,660,0
0058,11:05,665,0
0058,11:10,670,0
0058,11:15,675,0
0058,11:20,680,0
0058,11:25,685,0
0058,11:30,690,-711
0058,11:35,695,-711
0058,11:40,700,-711
0058,11:45,705,-711
0058,11:50,710,-711
0058,11:55,715,-711
0058,12:00,720,-711
0058,12:05,725,-1244
0058,12:10,730,-1244
0058,12:15,735,-1244
0058,12:20,740,-1244
0058,12:25,745,-1244
0058,12:30,750,-3022
0058,12:35,755,-3022
0058,12:40,760,-3022
0058,12:45,765,-3022
0058,12:50,770,-4622
0058,12:55,775,-4622
0058,13:00,780,-4622
0058,13:05,785,-711
0058,13:10,790,-711
0058,13:15,795,-711
0058,13:20,800,-711
0058,13:25,805,-1778
0058,13:30,810,-1778
0058,13:35,815,-1778
0058,13:40,820,-1778
0058,13:45,825,-1778
0058,13:50,830,-3378
0058,13:55,835,-3378
0058,14:00,840,-3378
0058,14:05,845,-3378
0058,14:10,850,-4444
0058,14:15,855,-4444
0058,14:20,860,-4444
0058,14:25,865,-4444
0058,14:30,870,-6222
0058,14:35,875,-6222
0058,14:40,880,-6222
0058,14:45,885,-7467
0058,14:50,890,-7467
0058,14:55,895,-7467
0058,15:00,900,-7467
0058,15:05,905,-7467
0058,15:10,910,-8889
0058,15:15,915,-8889
0058,15:20,920,-8889
0058,15:25,925,-8889
0058,15:30,930,-8178
0058,15:35,935,-8178
0058,15:40,940,-8178
0058,15:45,945,-3200
0058,15:50,950,-3200
0058,15:55,955,-3200
0058,16:00,960,-3200
0058,16:05,965,-3200
0058,16:10,970,2414
0058,16:15,975,2414
0058,16:20,980,2414
0058,16:25,985,2414
0058,16:30,990,6552
0058,16:35,995,6552
0058,16:40,1000,6552
0058,16:45,1005,6552
0058,16:50,1010,5690
0058,16:55,1015,5690
0058,17:00,1020,5690
0058,17:05,1025,4828
0058,17:10,1030,4828
0058,17:15,1035,4828
0058,17:20,1040,4828
0058,17:25,1045,4828
0058,17:30,1050,4310
0058,17:35,1055,4310
0058,17:40,1060,4310
0058,17:45,1065,4310
0058,17:50,1070,2931
0058,17:55,1075,2931
0058,18:00,1080,2931
0058,18:05,1085,2931
0058,18:10,1090,3448
0058,18:15,1095,3448
0058,18:20,1100,3448
0058,18:25,1105,7241
0058,18:30,1110,7241
0058,18:35,1115,7241
0058,18:40,1120,7241
0058,18:45,1125,7241
0058,18:50,1130,12069
0058,18:55,1135,12069
0058,19:00,1140,12069
0058,19:05,1145,12069
0058,19:10,1150,10690
0058,19:15,1155,10690
0058,19:20,1160,10690
0058,19:25,1165,10517
0058,19:30,1170,10517
0058,19:35,1175,10517
0058,19:40,1180,10517
0058,19:45,1185,10517
0058,19:50,1190,10517
0058,19:55,1195,10517
0058,20:00,1200,10517
0058,20:05,1205,10517
0058,20:10,1210,10517
0058,20:15,1215,10517
0058,20:20,1220,10517
0058,20:25,1225,10517
0058,20:30,1230,9483
0058,20:35,1235,9483
0058,20:40,1240,9483
0058,20:45,1245,8966
0058,20:50,1250,8966
0058,20:55,1255,8966
0058,21:00,1260,8966
0058,21:05,1265,8966
0058,21:10,1270,8966
0058,21:15,1275,8966
0058,21:20,1280,8966
0058,21:25,1285,8966
0058,21:30,1290,8276
0058,21:35,1295,8276
0058,21:40,1300,8276
0058,21:45,1305,8276
0058,21:50,1310,8276
0058,21:55,1315,8276
0058,22:00,1320,8276
0058,22:05,1325,8276
0058,22:10,1330,8276
0058,22:15,1335,8276
0058,22:20,1340,8276
0058,22:25,1345,8276
0058,22:30,1350,8276
0058,22:35,1355,8276
0058,22:40,1360,8276
0058,22:45,1365,8276
0058,22:50,1370,8276
0058,22:55,1375,8276
0058,23:00,1380,8276
0058,23:05,1385,8276
0058,23:10,1390,8276
0058,23:15,1395,8276
0058,23:16,1396,8276
0058,23:20,1400,8276
0059,09:00,540,0
0059,09:05,545,0
0059,09:10,550,0
0059,09:15,555,0
0059,09:20,560,0
0059,09:25,565,0
0059,09:30,570,0
0059,09:35,575,0
0059,09:40,580,0
0059,09:45,585,0
0059,09:50,590,0
0059,09:55,595,0
0059,10:00,600,0
0059,10:05,605,0
0059,10:10,610,0
0059,10:15,615,0
0059,10:20,620,0
0059,10:25,625,0
0059,10:30,630,0
0059,10:35,635,0
0059,10:40,640,0
0059,10:45,645,0
0059,10:50,650,0
0059,10:55,655,0
0059,11:00,660,0
0059,11:05,665,0
0059,11:10,670,0
0059,11:15,675,0
0059,11:20,680,0
0059,11:25,685,0
0059,11:30,690,-533
0059,11:35,695,-533
0059,11:40,700,-533
0059,11:45,705,-1600
0059,11:50,710,-1600
0059,11:55,715,-1600
0059,12:00,720,-1600
0059,12:05,725,-1600
0059,12:10,730,-1600
0059,12:15,735,-1600
0059,12:20,740,-1600
0059,12:25,745,-1600
0059,12:30,750,-2311
0059,12:35,755,-2311
0059,12:40,760,-2311
0059,12:45,765,-2311
0059,12:50,770,-3556
0059,12:55,775,-3556
0059,13:00,780,-3556
0059,13:05,785,-3556
0059,13:10,790,-3556
0059,13:15,795,-3556
0059,13:20,800,-3556
0059,13:25,805,-3556
0059,13:30,810,-3556
0059,13:35,815,-3556
0059,13:40,820,-3556
0059,13:45,825,-3556
0059,13:50,830,-4089
0059,13:55,835,-4089
0059,14:00,840,-4089
0059,14:05,845,-4089
0059,14:10,850,-5333
0059,14:15,855,-5333
0059,14:20,860,-5333
0059,14:25,865,-5333
0059,14:30,870,-5867
0059,14:35,875,-5867
0059,14:40,880,-5867
0059,14:45,885,-6756
0059,14:50,890,-6756
0059,14:55,895,-6756
0059,15:00,900,-6756
0059,15:05,905,-6756
0059,15:10,910,-8000
0059,15:15,915,-8000
0059,15:20,920,-8000
0059,15:25,925,-8000
0059,15:30,930,-8889
0059,15:35,935,-8889
0059,15:40,940,-8889
0059,15:45,945,-8889
0059,15:50,950,-8889
0059,15:55,955,-8889
0059,16:00,960,-8889
0059,16:05,965,-8889
0059,16:10,970,-9956
0059,16:15,975,-9956
0059,16:20,980,-9956
0059,16:25,985,-9956
0059,16:30,990,-10844
0059,16:35,995,-10844
0059,16:40,1000,-10844
0059,16:45,1005,-10844
0059,16:50,1010,-6756
0059,16:55,1015,-6756
0059,17:00,1020,-6756
0059,17:05,1025,-7111
0059,17:10,1030,-7111
0059,17:15,1035,-7111
0059,17:20,1040,-7111
0059,17:25,1045,-7111
0059,17:30,1050,-7467
0059,17:35,1055,-7467
0059,17:40,1060,-7467
0059,17:45,1065,-7467
0059,17:50,1070,-7467
0059,17:55,1075,-7467
0059,18:00,1080,-7467
0059,18:05,1085,-7467
0059,18:10,1090,-8356
0059,18:15,1095,-8356
0059,18:20,1100,-8356
0059,18:25,1105,-8356
0059,18:30,1110,-8356
0059,18:35,1115,-8356
0059,18:40,1120,-8356
0059,18:45,1125,-8356
0059,18:50,1130,-8178
0059,18:55,1135,-8178
0059,19:00,1140,-8178
0059,19:05,1145,-8178
0059,19:10,1150,-7467
0059,19:15,1155,-7467
0059,19:20,1160,-7467
0059,19:25,1165,-7467
0059,19:30,1170,-7467
0059,19:35,1175,-7467
0059,19:40,1180,-7467
0059,19:45,1185,-7644
0059,19:50,1190,-7644
0059,19:55,1195,-7644
0059,20:00,1200,-7644
0059,20:05,1205,-7644
0059,20:10,1210,-7644
0059,20:15,1215,-7644
0059,20:20,1220,-7644
0059,20:25,1225,-7644
0059,20:30,1230,-7644
0059,20:35,1235,-7644
0059,20:40,1240,-7644
0059,20:45,1245,-7644
0059,20:50,1250,-7644
0059,20:55,1255,-7644
0059,21:00,1260,-7644
0059,21:05,1265,-7644
0059,21:10,1270,-7644
0059,21:15,1275,-7644
0059,21:20,1280,-7644
0059,21:25,1285,-7644
0059,21:30,1290,-7644
0059,21:35,1295,-7644
0059,21:40,1300,-7644
0059,21:45,1305,-8178
0059,21:50,1310,-8178
0059,21:55,1315,-8178
0059,22:00,1320,-8178
0059,22:05,1325,-9067
0059,22:10,1330,-9067
0059,22:15,1335,-9067
0059,22:20,1340,-9067
0059,22:25,1345,-9067
0059,22:30,1350,-9067
0059,22:35,1355,-9067
0059,22:40,1360,-9067
0059,22:45,1365,-9067
0059,22:50,1370,-9067
0059,22:55,1375,-9067
0059,23:00,1380,-9067
0059,23:05,1385,-9067
0059,23:10,1390,-9067
0059,23:15,1395,-9067
0059,23:16,1396,-9067
0059,23:20,1400,-9067
0060,09:00,540,0
0060,09:05,545,0
0060,09:10,550,0
0060,09:15,555,0
0060,09:20,560,0
0060,09:25,565,0
0060,09:30,570,0
0060,09:35,575,0
0060,09:40,580,0
0060,09:45,585,0
0060,09:50,590,0
0060,09:55,595,0
0060,10:00,600,0
0060,10:05,605,0
0060,10:10,610,0
0060,10:15,615,0
0060,10:20,620,0
0060,10:25,625,0
0060,10:30,630,0
0060,10:35,635,0
0060,10:40,640,0
0060,10:45,645,0
0060,10:50,650,0
0060,10:55,655,0
0060,11:00,660,0
0060,11:05,665,0
0060,11:10,670,0
0060,11:15,675,0
0060,11:20,680,0
0060,11:25,685,0
0060,11:30,690,0
0060,11:35,695,0
0060,11:40,700,0
0060,11:45,705,0
0060,11:50,710,0
0060,11:55,715,0
0060,12:00,720,0
0060,12:05,725,0
0060,12:10,730,0
0060,12:15,735,0
0060,12:20,740,0
0060,12:25,745,0
0060,12:30,750,-1244
0060,12:35,755,-1244
0060,12:40,760,-1244
0060,12:45,765,-1244
0060,12:50,770,-1600
0060,12:55,775,-1600
0060,13:00,780,-1600
0060,13:05,785,-2489
0060,13:10,790,-2489
0060,13:15,795,-2489
0060,13:20,800,-2489
0060,13:25,805,-3911
0060,13:30,810,-3911
0060,13:35,815,-3911
0060,13:40,820,-3911
0060,13:45,825,-3911
0060,13:50,830,-4622
0060,13:55,835,-4622
0060,14:00,840,-4622
0060,14:05,845,-4622
0060,14:10,850,-3733
0060,14:15,855,-3733
0060,14:20,860,-3733
0060,14:25,865,-3733
0060,14:30,870,-5333
0060,14:35,875,-5333
0060,14:40,880,-5333
0060,14:45,885,-6222
0060,14:50,890,-6222
0060,14:55,895,-6222
0060,15:00,900,-6222
0060,15:05,905,-6222
0060,15:10,910,-7111
0060,15:15,915,-7111
0060,15:20,920,-7111
0060,15:25,925,-7111
0060,15:30,930,-7822
0060,15:35,935,-7822
0060,15:40,940,-7822
0060,15:45,945,-8178
0060,15:50,950,-8178
0060,15:55,955,-8178
0060,16:00,960,-8178
0060,16:05,965,-8178
0060,16:10,970,-8711
0060,16:15,975,-8711
0060,16:20,980,-8711
0060,16:25,985,-8711
0060,16:30,990,-9778
0060,16:35,995,-9778
0060,16:40,1000,-9778
0060,16:45,1005,-9778
0060,16:50,1010,-10311
0060,16:55,1015,-10311
0060,17:00,1020,-10311
0060,17:05,1025,-10667
0060,17:10,1030,-10667
0060,17:15,1035,-10667
0060,17:20,1040,-10667
0060,17:25,1045,-10667
0060,17:30,1050,-11378
0060,17:35,1055,-11378
0060,17:40,1060,-11378
0060,17:45,1065,-11378
0060,17:50,1070,-12444
0060,17:55,1075,-12444
0060,18:00,1080,-12444
0060,18:05,1085,-12444
0060,18:10,1090,-12622
0060,18:15,1095,-12622
0060,18:20,1100,-12622
0060,18:25,1105,-13511
0060,18:30,1110,-13511
0060,18:35,1115,-13511
0060,18:40,1120,-13511
0060,18:45,1125,-13511
0060,18:50,1130,-13689
0060,18:55,1135,-13689
0060,19:00,1140,-13689
0060,19:05,1145,-13689
0060,19:10,1150,-13689
0060,19:15,1155,-13689
0060,19:20,1160,-13689
0060,19:25,1165,-13689
0060,19:30,1170,-13689
0060,19:35,1175,-13689
0060,19:40,1180,-13689
0060,19:45,1185,-13689
0060,19:50,1190,-13689
0060,19:55,1195,-13689
0060,20:00,1200,-13689
0060,20:05,1205,-13689
0060,20:10,1210,-13689
0060,20:15,1215,-13689
0060,20:20,1220,-13689
0060,20:25,1225,-13689
0060,20:30,1230,-13867
0060,20:35,1235,-13867
0060,20:40,1240,-13867
0060,20:45,1245,-14400
0060,20:50,1250,-14400
0060,20:55,1255,-14400
0060,21:00,1260,-14400
0060,21:05,1265,-14400
0060,21:10,1270,-14400
0060,21:15,1275,-14400
0060,21:20,1280,-14400
0060,21:25,1285,-14400
0060,21:30,1290,-14400
0060,21:35,1295,-14400
0060,21:40,1300,-14400
0060,21:45,1305,-14400
0060,21:50,1310,-14400
0060,21:55,1315,-14400
0060,22:00,1320,-14400
0060,22:05,1325,-14400
0060,22:10,1330,-14400
0060,22:15,1335,-14400
0060,22:20,1340,-14400
0060,22:25,1345,-14400
0060,22:30,1350,-14400
0060,22:35,1355,-14400
0060,22:40,1360,-14400
0060,22:45,1365,-14400
0060,22:50,1370,-14400
0060,22:55,1375,-14400
0060,23:00,1380,-14400
0060,23:05,1385,-14400
0060,23:10,1390,-14400
0060,23:15,1395,-14400
0060,23:16,1396,-14400
0060,23:20,1400,-14400
0061,09:00,540,0
0061,09:05,545,0
0061,09:10,550,0
0061,09:15,555,0
0061,09:20,560,0
0061,09:25,565,0
0061,09:30,570,0
0061,09:35,575,0
0061,09:40,580,0
0061,09:45,585,0
0061,09:50,590,0
0061,09:55,595,0
0061,10:00,600,0
0061,10:05,605,0
0061,10:10,610,0
0061,10:15,615,0
0061,10:20,620,0
0061,10:25,625,0
0061,10:30,630,0
0061,10:35,635,0
0061,10:40,640,0
0061,10:45,645,0
0061,10:50,650,0
0061,10:55,655,0
0061,11:00,660,-178
0061,11:05,665,-178
0061,11:10,670,-178
0061,11:15,675,-178
0061,11:20,680,-178
0061,11:25,685,-178
0061,11:30,690,-178
0061,11:35,695,-178
0061,11:40,700,-178
0061,11:45,705,-178
0061,11:50,710,-178
0061,11:55,715,-178
0061,12:00,720,-178
0061,12:05,725,-178
0061,12:10,730,-178
0061,12:15,735,-178
0061,12:20,740,-178
0061,12:25,745,-178
0061,12:30,750,-178
0061,12:35,755,-178
0061,12:40,760,-178
0061,12:45,765,-178
0061,12:50,770,-711
0061,12:55,775,-711
0061,13:00,780,-711
0061,13:05,785,-711
0061,13:10,790,-711
0061,13:15,795,-711
0061,13:20,800,-711
0061,13:25,805,-800
0061,13:30,810,-800
0061,13:35,815,-800
0061,13:40,820,-800
0061,13:45,825,-800
0061,13:50,830,-1600
0061,13:55,835,-1600
0061,14:00,840,-1600
0061,14:05,845,-1600
0061,14:10,850,-2311
0061,14:15,855,-2311
0061,14:20,860,-2311
0061,14:25,865,-2311
0061,14:30,870,3103
0061,14:35,875,3103
0061,14:40,880,3103
0061,14:45,885,5172
0061,14:50,890,5172
0061,14:55,895,5172
0061,15:00,900,5172
0061,15:05,905,5172
0061,15:10,910,4224
0061,15:15,915,4224
0061,15:20,920,4224
0061,15:25,925,4224
0061,15:30,930,6121
0061,15:35,935,6121
0061,15:40,940,6121
0061,15:45,945,5000
0061,15:50,950,5000
0061,15:55,955,5000
0061,16:00,960,5000
0061,16:05,965,5000
0061,16:10,970,4138
0061,16:15,975,4138
0061,16:20,980,4138
0061,16:25,985,4138
0061,16:30,990,2414
0061,16:35,995,2414
0061,16:40,1000,2414
0061,16:45,1005,2414
0061,16:50,1010,1466
0061,16:55,1015,1466
0061,17:00,1020,1466
0061,17:05,1025,2155
0061,17:10,1030,2155
0061,17:15,1035,2155
0061,17:20,1040,2155
0061,17:25,1045,2155
0061,17:30,1050,5431
0061,17:35,1055,5431
0061,17:40,1060,5431
0061,17:45,1065,5431
0061,17:50,1070,9655
0061,17:55,1075,9655
0061,18:00,1080,9655
0061,18:05,1085,9655
0061,18:10,1090,9397
0061,18:15,1095,9397
0061,18:20,1100,9397
0061,18:25,1105,9310
0061,18:30,1110,9310
0061,18:35,1115,9310
0061,18:40,1120,9310
0061,18:45,1125,9310
0061,18:50,1130,8707
0061,18:55,1135,8707
0061,19:00,1140,8707
0061,19:05,1145,8707
0061,19:10,1150,8707
0061,19:15,1155,8707
0061,19:20,1160,8707
0061,19:25,1165,8707
0061,19:30,1170,8707
0061,19:35,1175,8707
0061,19:40,1180,8707
0061,19:45,1185,8707
0061,19:50,1190,8707
0061,19:55,1195,8707
0061,20:00,1200,8707
0061,20:05,1205,8707
0061,20:10,1210,8707
0061,20:15,1215,8707
0061,20:20,1220,8707
0061,20:25,1225,8707
0061,20:30,1230,8621
0061,20:35,1235,8621
0061,20:40,1240,8621
0061,20:45,1245,8621
0061,20:50,1250,8621
0061,20:55,1255,8621
0061,21:00,1260,8621
0061,21:05,1265,8621
0061,21:10,1270,8621
0061,21:15,1275,8621
0061,21:20,1280,8621
0061,21:25,1285,8621
0061,21:30,1290,8621
0061,21:35,1295,8621
0061,21:40,1300,8621
0061,21:45,1305,8362
0061,21:50,1310,8362
0061,21:55,1315,8362
0061,22:00,1320,8362
0061,22:05,1325,8362
0061,22:10,1330,8362
0061,22:15,1335,8362
0061,22:20,1340,8362
0061,22:25,1345,8362
0061,22:30,1350,8362
0061,22:35,1355,8362
0061,22:40,1360,8362
0061,22:45,1365,8362
0061,22:50,1370,8362
0061,22:55,1375,8362
0061,23:00,1380,8362
0061,23:05,1385,8362
0061,23:10,1390,8362
0061,23:15,1395,8362
0061,23:16,1396,8362
0061,23:20,1400,8362
0062,09:00,540,0
0062,09:05,545,0
0062,09:10,550,0
0062,09:15,555,0
0062,09:20,560,0
0062,09:25,565,0
0062,09:30,570,0
0062,09:35,575,0
0062,09:40,580,0
0062,09:45,585,0
0062,09:50,590,0
0062,09:55,595,0
0062,10:00,600,0
0062,10:05,605,0
0062,10:10,610,0
0062,10:15,615,0
0062,10:20,620,0
0062,10:25,625,0
0062,10:30,630,0
0062,10:35,635,0
0062,10:40,640,0
0062,10:45,645,0
0062,10:50,650,0
0062,10:55,655,0
0062,11:00,660,0
0062,11:05,665,0
0062,11:10,670,0
0062,11:15,675,0
0062,11:20,680,0
0062,11:25,685,0
0062,11:30,690,0
0062,11:35,695,0
0062,11:40,700,0
0062,11:45,705,-89
0062,11:50,710,-89
0062,11:55,715,-89
0062,12:00,720,-89
0062,12:05,725,-89
0062,12:10,730,-89
0062,12:15,735,-89
0062,12:20,740,-89
0062,12:25,745,-89
0062,12:30,750,-178
0062,12:35,755,-178
0062,12:40,760,-178
0062,12:45,765,-178
0062,12:50,770,-622
0062,12:55,775,-622
0062,13:00,780,-622
0062,13:05,785,-622
0062,13:10,790,-622
0062,13:15,795,-622
0062,13:20,800,-622
0062,13:25,805,-622
0062,13:30,810,-622
0062,13:35,815,-622
0062,13:40,820,-622
0062,13:45,825,-622
0062,13:50,830,-622
0062,13:55,835,-622
0062,14:00,840,-622
0062,14:05,845,-622
0062,14:10,850,-622
0062,14:15,855,-622
0062,14:20,860,-622
0062,14:25,865,-622
0062,14:30,870,-2311
0062,14:35,875,-2311
0062,14:40,880,-2311
0062,14:45,885,-3822
0062,14:50,890,-3822
0062,14:55,895,-3822
0062,15:00,900,-3822
0062,15:05,905,-3822
0062,15:10,910,-4089
0062,15:15,915,-4089
0062,15:20,920,-4089
0062,15:25,925,-4089
0062,15:30,930,-4356
0062,15:35,935,-4356
0062,15:40,940,-4356
0062,15:45,945,-5156
0062,15:50,950,-5156
0062,15:55,955,-5156
0062,16:00,960,-5156
0062,16:05,965,-5156
0062,16:10,970,-1244
0062,16:15,975,-1244
0062,16:20,980,-1244
0062,16:25,985,-1244
0062,16:30,990,-356
0062,16:35,995,-356
0062,16:40,1000,-356
0062,16:45,1005,-356
0062,16:50,1010,-711
0062,16:55,1015,-711
0062,17:00,1020,-711
0062,17:05,1025,4310
0062,17:10,1030,4310
0062,17:15,1035,4310
0062,17:20,1040,4310
0062,17:25,1045,4310
0062,17:30,1050,5431
0062,17:35,1055,5431
0062,17:40,1060,5431
0062,17:45,1065,5431
0062,17:50,1070,5172
0062,17:55,1075,5172
0062,18:00,1080,5172
0062,18:05,1085,5172
0062,18:10,1090,5172
0062,18:15,1095,5172
0062,18:20,1100,5172
0062,18:25,1105,5172
0062,18:30,1110,5172
0062,18:35,1115,5172
0062,18:40,1120,5172
0062,18:45,1125,5172
0062,18:50,1130,5172
0062,18:55,1135,5172
0062,19:00,1140,5172
0062,19:05,1145,5172
0062,19:10,1150,5172
0062,19:15,1155,5172
0062,19:20,1160,5172
0062,19:25,1165,5172
0062,19:30,1170,5172
0062,19:35,1175,5172
0062,19:40,1180,5172
0062,19:45,1185,5172
0062,19:50,1190,5172
0062,19:55,1195,5172
0062,20:00,1200,5172
0062,20:05,1205,5172
0062,20:10,1210,5172
0062,20:15,1215,5172
0062,20:20,1220,5172
0062,20:25,1225,5172
0062,20:30,1230,5172
0062,20:35,1235,5172
0062,20:40,1240,5172
0062,20:45,1245,5172
0062,20:50,1250,5172
0062,20:55,1255,5172
0062,21:00,1260,5172
0062,21:05,1265,5172
0062,21:10,1270,5172
0062,21:15,1275,5172
0062,21:20,1280,5172
0062,21:25,1285,5172
0062,21:30,1290,5172
0062,21:35,1295,5172
0062,21:40,1300,5172
0062,21:45,1305,5172
0062,21:50,1310,5172
0062,21:55,1315,5172
0062,22:00,1320,5172
0062,22:05,1325,5172
0062,22:10,1330,5172
0062,22:15,1335,5172
0062,22:20,1340,5172
0062,22:25,1345,5172
0062,22:30,1350,5172
0062,22:35,1355,5172
0062,22:40,1360,5172
0062,22:45,1365,5172
0062,22:50,1370,5172
0062,22:55,1375,5172
0062,23:00,1380,5172
0062,23:05,1385,5172
0062,23:10,1390,5172
0062,23:15,1395,5172
0062,23:16,1396,5172
0062,23:20,1400,5172
0063,09:00,540,0
0063,09:05,545,0
0063,09:10,550,0
0063,09:15,555,0
0063,09:20,560,0
0063,09:25,565,0
0063,09:30,570,0
0063,09:35,575,0
0063,09:40,580,0
0063,09:45,585,0
0063,09:50,590,0
0063,09:55,595,0
0063,10:00,600,0
0063,10:05,605,0
0063,10:10,610,0
0063,10:15,615,0
0063,10:20,620,0
0063,10:25,625,0
0063,10:30,630,0
0063,10:35,635,0
0063,10:40,640,0
0063,10:45,645,0
0063,10:50,650,0
0063,10:55,655,0
0063,11:00,660,0
0063,11:05,665,0
0063,11:10,670,0
0063,11:15,675,0
0063,11:20,680,0
0063,11:25,685,0
0063,11:30,690,0
0063,11:35,695,0
0063,11:40,700,0
0063,11:45,705,-267
0063,11:50,710,-267
0063,11:55,715,-267
0063,12:00,720,-267
0063,12:05,725,-267
0063,12:10,730,-267
0063,12:15,735,-267
0063,12:20,740,-267
0063,12:25,745,-267
0063,12:30,750,-267
0063,12:35,755,-267
0063,12:40,760,-267
0063,12:45,765,-267
0063,12:50,770,-267
0063,12:55,775,-267
0063,13:00,780,-267
0063,13:05,785,-267
0063,13:10,790,-267
0063,13:15,795,-267
0063,13:20,800,-267
0063,13:25,805,-1511
0063,13:30,810,-1511
0063,13:35,815,-1511
0063,13:40,820,-1511
0063,13:45,825,-1511
0063,13:50,830,-1778
0063,13:55,835,-1778
0063,14:00,840,-1778
0063,14:05,845,-1778
0063,14:10,850,-1778
0063,14:15,855,-1778
0063,14:20,860,-1778
0063,14:25,865,-1778
0063,14:30,870,603
0063,14:35,875,603
0063,14:40,880,603
0063,14:45,885,-889
0063,14:50,890,-889
0063,14:55,895,-889
0063,15:00,900,-889
0063,15:05,905,-889
0063,15:10,910,-2133
0063,15:15,915,-2133
0063,15:20,920,-2133
0063,15:25,925,-2133
0063,15:30,930,-3378
0063,15:35,935,-3378
0063,15:40,940,-3378
0063,15:45,945,-4711
0063,15:50,950,-4711
0063,15:55,955,-4711
0063,16:00,960,-4711
0063,16:05,965,-4711
0063,16:10,970,-5333
0063,16:15,975,-5333
0063,16:20,980,-5333
0063,16:25,985,-5333
0063,16:30,990,-5956
0063,16:35,995,-5956
0063,16:40,1000,-5956
0063,16:45,1005,-5956
0063,16:50,1010,-7022
0063,16:55,1015,-7022
0063,17:00,1020,-7022
0063,17:05,1025,-8089
0063,17:10,1030,-8089
0063,17:15,1035,-8089
0063,17:20,1040,-8089
0063,17:25,1045,-8089
0063,17:30,1050,-8533
0063,17:35,1055,-8533
0063,17:40,1060,-8533
0063,17:45,1065,-8533
0063,17:50,1070,-8533
0063,17:55,1075,-8533
0063,18:00,1080,-8533
0063,18:05,1085,-8533
0063,18:10,1090,-8533
0063,18:15,1095,-8533
0063,18:20,1100,-8533
0063,18:25,1105,-8622
0063,18:30,1110,-8622
0063,18:35,1115,-8622
0063,18:40,1120,-8622
0063,18:45,1125,-8622
0063,18:50,1130,-8622
0063,18:55,1135,-8622
0063,19:00,1140,-8622
0063,19:05,1145,-8622
0063,19:10,1150,-8622
0063,19:15,1155,-8622
0063,19:20,1160,-8622
0063,19:25,1165,-8622
0063,19:30,1170,-8622
0063,19:35,1175,-8622
0063,19:40,1180,-8622
0063,19:45,1185,-7467
0063,19:50,1190,-7467
0063,19:55,1195,-7467
0063,20:00,1200,-7467
0063,20:05,1205,-7467
0063,20:10,1210,-3822
0063,20:15,1215,-3822
0063,20:20,1220,-3822
0063,20:25,1225,-3822
0063,20:30,1230,-5156
0063,20:35,1235,-5156
0063,20:40,1240,-5156
0063,20:45,1245,-5156
0063,20:50,1250,-5156
0063,20:55,1255,-5156
0063,21:00,1260,-5156
0063,21:05,1265,-5156
0063,21:10,1270,-5156
0063,21:15,1275,-5156
0063,21:20,1280,-5156
0063,21:25,1285,-5156
0063,21:30,1290,-5156
0063,21:35,1295,-5156
0063,21:40,1300,-5156
0063,21:45,1305,-5689
0063,21:50,1310,-5689
0063,21:55,1315,-5689
0063,22:00,1320,-5689
0063,22:05,1325,-5689
0063,22:10,1330,-5689
0063,22:15,1335,-5689
0063,22:20,1340,-5689
0063,22:25,1345,-5689
0063,22:30,1350,-5689
0063,22:35,1355,-5689
0063,22:40,1360,-5689
0063,22:45,1365,-5689
0063,22:50,1370,-5689
0063,22:55,1375,-5689
0063,23:00,1380,-5689
0063,23:05,1385,-5689
0063,23:10,1390,-5689
0063,23:15,1395,-5689
0063,23:16,1396,-5689
0063,23:20,1400,-5689
0064,09:00,540,0
0064,09:05,545,0
0064,09:10,550,0
0064,09:15,555,0
0064,09:20,560,0
0064,09:25,565,0
0064,09:30,570,0
0064,09:35,575,0
0064,09:40,580,0
0064,09:45,585,0
0064,09:50,590,0
0064,09:55,595,0
0064,10:00,600,0
0064,10:05,605,0
0064,10:10,610,0
0064,10:15,615,0
0064,10:20,620,0
0064,10:25,625,0
0064,10:30,630,0
0064,10:35,635,0
0064,10:40,640,0
0064,10:45,645,0
0064,10:50,650,0
0064,10:55,655,0
0064,11:00,660,0
0064,11:05,665,0
0064,11:10,670,0
0064,11:15,675,0
0064,11:20,680,0
0064,11:25,685,0
0064,11:30,690,0
0064,11:35,695,0
0064,11:40,700,0
0064,11:45,705,0
0064,11:50,710,0
0064,11:55,715,0
0064,12:00,720,0
0064,12:05,725,0
0064,12:10,730,0
0064,12:15,735,0
0064,12:20,740,0
0064,12:25,745,0
0064,12:30,750,0
0064,12:35,755,0
0064,12:40,760,0
0064,12:45,765,0
0064,12:50,770,0
0064,12:55,775,0
0064,13:00,780,0
0064,13:05,785,-1422
0064,13:10,790,-1422
0064,13:15,795,-1422
0064,13:20,800,-1422
0064,13:25,805,-1600
0064,13:30,810,-1600
0064,13:35,815,-1600
0064,13:40,820,-1600
0064,13:45,825,-1600
0064,13:50,830,-2133
0064,13:55,835,-2133
0064,14:00,840,-2133
0064,14:05,845,-2133
0064,14:10,850,-3022
0064,14:15,855,-3022
0064,14:20,860,-3022
0064,14:25,865,-3022
0064,14:30,870,-2311
0064,14:35,875,-2311
0064,14:40,880,-2311
0064,14:45,885,-3733
0064,14:50,890,-3733
0064,14:55,895,-3733
0064,15:00,900,-3733
0064,15:05,905,-3733
0064,15:10,910,862
0064,15:15,915,862
0064,15:20,920,862
0064,15:25,925,862
0064,15:30,930,2069
0064,15:35,935,2069
0064,15:40,940,2069
0064,15:45,945,862
0064,15:50,950,862
0064,15:55,955,862
0064,16:00,960,862
0064,16:05,965,862
0064,16:10,970,-356
0064,16:15,975,-356
0064,16:20,980,-356
0064,16:25,985,-356
0064,16:30,990,-1778
0064,16:35,995,-1778
0064,16:40,1000,-1778
0064,16:45,1005,-1778
0064,16:50,1010,-3200
0064,16:55,1015,-3200
0064,17:00,1020,-3200
0064,17:05,1025,-4444
0064,17:10,1030,-4444
0064,17:15,1035,-4444
0064,17:20,1040,-4444
0064,17:25,1045,-4444
0064,17:30,1050,-5867
0064,17:35,1055,-5867
0064,17:40,1060,-5867
0064,17:45,1065,-5867
0064,17:50,1070,-7111
0064,17:55,1075,-7111
0064,18:00,1080,-7111
0064,18:05,1085,-7111
0064,18:10,1090,-8356
0064,18:15,1095,-8356
0064,18:20,1100,-8356
0064,18:25,1105,-9600
0064,18:30,1110,-9600
0064,18:35,1115,-9600
0064,18:40,1120,-9600
0064,18:45,1125,-9600
0064,18:50,1130,-10844
0064,18:55,1135,-10844
0064,19:00,1140,-10844
0064,19:05,1145,-10844
0064,19:10,1150,-11911
0064,19:15,1155,-11911
0064,19:20,1160,-11911
0064,19:25,1165,-13156
0064,19:30,1170,-13156
0064,19:35,1175,-13156
0064,19:40,1180,-13156
0064,19:45,1185,-13333
0064,19:50,1190,-13333
0064,19:55,1195,-13333
0064,20:00,1200,-13333
0064,20:05,1205,-13333
0064,20:10,1210,-13333
0064,20:15,1215,-13333
0064,20:20,1220,-13333
0064,20:25,1225,-13333
0064,20:30,1230,-13333
0064,20:35,1235,-13333
0064,20:40,1240,-13333
0064,20:45,1245,-13333
0064,20:50,1250,-13333
0064,20:55,1255,-13333
0064,21:00,1260,-13333
0064,21:05,1265,-13333
0064,21:10,1270,-13333
0064,21:15,1275,-13333
0064,21:20,1280,-13333
0064,21:25,1285,-13333
0064,21:30,1290,-13333
0064,21:35,1295,-13333
0064,21:40,1300,-13333
0064,21:45,1305,-13333
0064,21:50,1310,-13333
0064,21:55,1315,-13333
0064,22:00,1320,-13333
0064,22:05,1325,-13333
0064,22:10,1330,-13333
0064,22:15,1335,-13333
0064,22:20,1340,-13333
0064,22:25,1345,-13333
0064,22:30,1350,-13333
0064,22:35,1355,-13333
0064,22:40,1360,-13333
0064,22:45,1365,-13333
0064,22:50,1370,-13333
0064,22:55,1375,-13333
0064,23:00,1380,-13333
0064,23:05,1385,-13333
0064,23:10,1390,-13333
0064,23:15,1395,-13333
0064,23:16,1396,-13333
0064,23:20,1400,-13333
0065,09:00,540,0
0065,09:05,545,0
0065,09:10,550,0
0065,09:15,555,0
0065,09:20,560,0
0065,09:25,565,0
0065,09:30,570,0
0065,09:35,575,0
0065,09:40,580,0
0065,09:45,585,0
0065,09:50,590,0
0065,09:55,595,0
0065,10:00,600,0
0065,10:05,605,0
0065,10:10,610,0
0065,10:15,615,0
0065,10:20,620,0
0065,10:25,625,0
0065,10:30,630,0
0065,10:35,635,0
0065,10:40,640,0
0065,10:45,645,0
0065,10:50,650,0
0065,10:55,655,0
0065,11:00,660,0
0065,11:05,665,0
0065,11:10,670,0
0065,11:15,675,0
0065,11:20,680,0
0065,11:25,685,0
0065,11:30,690,0
0065,11:35,695,0
0065,11:40,700,0
0065,11:45,705,0
0065,11:50,710,0
0065,11:55,715,0
0065,12:00,720,0
0065,12:05,725,0
0065,12:10,730,0
0065,12:15,735,0
0065,12:20,740,0
0065,12:25,745,0
0065,12:30,750,0
0065,12:35,755,0
0065,12:40,760,0
0065,12:45,765,0
0065,12:50,770,-263
0065,12:55,775,-263
0065,13:00,780,-263
0065,13:05,785,-263
0065,13:10,790,-263
0065,13:15,795,-263
0065,13:20,800,-263
0065,13:25,805,3646
0065,13:30,810,3646
0065,13:35,815,3646
0065,13:40,820,3646
0065,13:45,825,3646
0065,13:50,830,3906
0065,13:55,835,3906
0065,14:00,840,3906
0065,14:05,845,3906
0065,14:10,850,6250
0065,14:15,855,6250
0065,14:20,860,6250
0065,14:25,865,6250
0065,14:30,870,14583
0065,14:35,875,14583
0065,14:40,880,14583
0065,14:45,885,17188
0065,14:50,890,17188
0065,14:55,895,17188
0065,15:00,900,17188
0065,15:05,905,17188
0065,15:10,910,16927
0065,15:15,915,16927
0065,15:20,920,16927
0065,15:25,925,16927
0065,15:30,930,16927
0065,15:35,935,16927
0065,15:40,940,16927
0065,15:45,945,23698
0065,15:50,950,23698
0065,15:55,955,23698
0065,16:00,960,23698
0065,16:05,965,23698
0065,16:10,970,29167
0065,16:15,975,29167
0065,16:20,980,29167
0065,16:25,985,29167
0065,16:30,990,33854
0065,16:35,995,33854
0065,16:40,1000,33854
0065,16:45,1005,33854
0065,16:50,1010,40104
0065,16:55,1015,40104
0065,17:00,1020,40104
0065,17:05,1025,44271
0065,17:10,1030,44271
0065,17:15,1035,44271
0065,17:20,1040,44271
0065,17:25,1045,44271
0065,17:30,1050,44271
0065,17:35,1055,44271
0065,17:40,1060,44271
0065,17:45,1065,44271
0065,17:50,1070,43229
0065,17:55,1075,43229
0065,18:00,1080,43229
0065,18:05,1085,43229
0065,18:10,1090,43229
0065,18:15,1095,43229
0065,18:20,1100,43229
0065,18:25,1105,43229
0065,18:30,1110,43229
0065,18:35,1115,43229
0065,18:40,1120,43229
0065,18:45,1125,43229
0065,18:50,1130,43229
0065,18:55,1135,43229
0065,19:00,1140,43229
0065,19:05,1145,43229
0065,19:10,1150,43229
0065,19:15,1155,43229
0065,19:20,1160,43229
0065,19:25,1165,43229
0065,19:30,1170,43229
0065,19:35,1175,43229
0065,19:40,1180,43229
0065,19:45,1185,43229
0065,19:50,1190,43229
0065,19:55,1195,43229
0065,20:00,1200,43229
0065,20:05,1205,43229
0065,20:10,1210,43229
0065,20:15,1215,43229
0065,20:20,1220,43229
0065,20:25,1225,43229
0065,20:30,1230,42969
0065,20:35,1235,42969
0065,20:40,1240,42969
0065,20:45,1245,42969
0065,20:50,1250,42969
0065,20:55,1255,42969
0065,21:00,1260,42969
0065,21:05,1265,42969
0065,21:10,1270,42969
0065,21:15,1275,42969
0065,21:20,1280,42969
0065,21:25,1285,42969
0065,21:30,1290,42708
0065,21:35,1295,42708
0065,21:40,1300,42708
0065,21:45,1305,42708
0065,21:50,1310,42708
0065,21:55,1315,42708
0065,22:00,1320,42708
0065,22:05,1325,42708
0065,22:10,1330,42708
0065,22:15,1335,42708
0065,22:20,1340,42708
0065,22:25,1345,42708
0065,22:30,1350,42708
0065,22:35,1355,42708
0065,22:40,1360,42708
0065,22:45,1365,42708
0065,22:50,1370,42708
0065,22:55,1375,42708
0065,23:00,1380,42708
0065,23:05,1385,42708
0065,23:10,1390,42708
0065,23:15,1395,42708
0065,23:16,1396,42708
0065,23:20,1400,42708
0066,09:00,540,0
0066,09:05,545,0
0066,09:10,550,0
0066,09:15,555,0
0066,09:20,560,0
0066,09:25,565,0
0066,09:30,570,0
0066,09:35,575,0
0066,09:40,580,0
0066,09:45,585,0
0066,09:50,590,0
0066,09:55,595,0
0066,10:00,600,0
0066,10:05,605,0
0066,10:10,610,0
0066,10:15,615,0
0066,10:20,620,0
0066,10:25,625,0
0066,10:30,630,0
0066,10:35,635,0
0066,10:40,640,0
0066,10:45,645,0
0066,10:50,650,0
0066,10:55,655,0
0066,11:00,660,0
0066,11:05,665,0
0066,11:10,670,0
0066,11:15,675,0
0066,11:20,680,0
0066,11:25,685,0
0066,11:30,690,0
0066,11:35,695,0
0066,11:40,700,0
0066,11:45,705,2414
0066,11:50,710,2414
0066,11:55,715,2414
0066,12:00,720,2414
0066,12:05,725,5000
0066,12:10,730,5000
0066,12:15,735,5000
0066,12:20,740,5000
0066,12:25,745,5000
0066,12:30,750,11724
0066,12:35,755,11724
0066,12:40,760,11724
0066,12:45,765,11724
0066,12:50,770,14310
0066,12:55,775,14310
0066,13:00,780,14310
0066,13:05,785,13103
0066,13:10,790,13103
0066,13:15,795,13103
0066,13:20,800,13103
0066,13:25,805,12759
0066,13:30,810,12759
0066,13:35,815,12759
0066,13:40,820,12759
0066,13:45,825,12759
0066,13:50,830,12759
0066,13:55,835,12759
0066,14:00,840,12759
0066,14:05,845,12759
0066,14:10,850,12759
0066,14:15,855,12759
0066,14:20,860,12759
0066,14:25,865,12759
0066,14:30,870,12759
0066,14:35,875,12759
0066,14:40,880,12759
0066,14:45,885,12241
0066,14:50,890,12241
0066,14:55,895,12241
0066,15:00,900,12241
0066,15:05,905,12241
0066,15:10,910,11897
0066,15:15,915,11897
0066,15:20,920,11897
0066,15:25,925,11897
0066,15:30,930,10172
0066,15:35,935,10172
0066,15:40,940,10172
0066,15:45,945,8621
0066,15:50,950,8621
0066,15:55,955,8621
0066,16:00,960,8621
0066,16:05,965,8621
0066,16:10,970,8276
0066,16:15,975,8276
0066,16:20,980,8276
0066,16:25,985,8276
0066,16:30,990,8276
0066,16:35,995,8276
0066,16:40,1000,8276
0066,16:45,1005,8276
0066,16:50,1010,8276
0066,16:55,1015,8276
0066,17:00,1020,8276
0066,17:05,1025,8276
0066,17:10,1030,8276
0066,17:15,1035,8276
0066,17:20,1040,8276
0066,17:25,1045,8276
0066,17:30,1050,8276
0066,17:35,1055,8276
0066,17:40,1060,8276
0066,17:45,1065,8276
0066,17:50,1070,8276
0066,17:55,1075,8276
0066,18:00,1080,8276
0066,18:05,1085,8276
0066,18:10,1090,8276
0066,18:15,1095,8276
0066,18:20,1100,8276
0066,18:25,1105,7931
0066,18:30,1110,7931
0066,18:35,1115,7931
0066,18:40,1120,7931
0066,18:45,1125,7931
0066,18:50,1130,7414
0066,18:55,1135,7414
0066,19:00,1140,7414
0066,19:05,1145,7414
0066,19:10,1150,7414
0066,19:15,1155,7414
0066,19:20,1160,7414
0066,19:25,1165,7414
0066,19:30,1170,7414
0066,19:35,1175,7414
0066,19:40,1180,7414
0066,19:45,1185,7414
0066,19:50,1190,7414
0066,19:55,1195,7414
0066,20:00,1200,7414
0066,20:05,1205,7414
0066,20:10,1210,7414
0066,20:15,1215,7414
0066,20:20,1220,7414
0066,20:25,1225,7414
0066,20:30,1230,7241
0066,20:35,1235,7241
0066,20:40,1240,7241
0066,20:45,1245,7241
0066,20:50,1250,7241
0066,20:55,1255,7241
0066,21:00,1260,7241
0066,21:05,1265,7241
0066,21:10,1270,7069
0066,21:15,1275,7069
0066,21:20,1280,7069
0066,21:25,1285,7069
0066,21:30,1290,6897
0066,21:35,1295,6897
0066,21:40,1300,6897
0066,21:45,1305,6207
0066,21:50,1310,6207
0066,21:55,1315,6207
0066,22:00,1320,6207
0066,22:05,1325,6034
0066,22:10,1330,6034
0066,22:15,1335,6034
0066,22:20,1340,6034
0066,22:25,1345,6034
0066,22:30,1350,6034
0066,22:35,1355,6034
0066,22:40,1360,6034
0066,22:45,1365,6034
0066,22:50,1370,6034
0066,22:55,1375,6034
0066,23:00,1380,6034
0066,23:05,1385,6034
0066,23:10,1390,6034
0066,23:15,1395,6034
0066,23:16,1396,6034
0066,23:20,1400,6034
0067,09:00,540,0
0067,09:05,545,0
0067,09:10,550,0
0067,09:15,555,0
0067,09:20,560,0
0067,09:25,565,0
0067,09:30,570,0
0067,09:35,575,0
0067,09:40,580,0
0067,09:45,585,0
0067,09:50,590,0
0067,09:55,595,0
0067,10:00,600,0
0067,10:05,605,0
0067,10:10,610,0
0067,10:15,615,0
0067,10:20,620,0
0067,10:25,625,0
0067,10:30,630,0
0067,10:35,635,0
0067,10:40,640,0
0067,10:45,645,0
0067,10:50,650,0
0067,10:55,655,0
0067,11:00,660,0
0067,11:05,665,0
0067,11:10,670,0
0067,11:15,675,0
0067,11:20,680,0
0067,11:25,685,0
0067,11:30,690,-711
0067,11:35,695,-711
0067,11:40,700,-711
0067,11:45,705,-1244
0067,11:50,710,-1244
0067,11:55,715,-1244
0067,12:00,720,-1244
0067,12:05,725,-1244
0067,12:10,730,-1244
0067,12:15,735,-1244
0067,12:20,740,-1244
0067,12:25,745,-1244
0067,12:30,750,-1244
0067,12:35,755,-1244
0067,12:40,760,-1244
0067,12:45,765,-1244
0067,12:50,770,-2844
0067,12:55,775,-2844
0067,13:00,780,-2844
0067,13:05,785,-3378
0067,13:10,790,-3378
0067,13:15,795,-3378
0067,13:20,800,-3378
0067,13:25,805,-4089
0067,13:30,810,-4089
0067,13:35,815,-4089
0067,13:40,820,-4089
0067,13:45,825,-4089
0067,13:50,830,-3556
0067,13:55,835,-3556
0067,14:00,840,-3556
0067,14:05,845,-3556
0067,14:10,850,-4444
0067,14:15,855,-4444
0067,14:20,860,-4444
0067,14:25,865,-4444
0067,14:30,870,-6044
0067,14:35,875,-6044
0067,14:40,880,-6044
0067,14:45,885,-5333
0067,14:50,890,-5333
0067,14:55,895,-5333
0067,15:00,900,-5333
0067,15:05,905,-5333
0067,15:10,910,-6400
0067,15:15,915,-6400
0067,15:20,920,-6400
0067,15:25,925,-6400
0067,15:30,930,-1067
0067,15:35,935,-1067
0067,15:40,940,-1067
0067,15:45,945,-533
0067,15:50,950,-533
0067,15:55,955,-533
0067,16:00,960,-533
0067,16:05,965,-533
0067,16:10,970,-1600
0067,16:15,975,-1600
0067,16:20,980,-1600
0067,16:25,985,-1600
0067,16:30,990,-2667
0067,16:35,995,-2667
0067,16:40,1000,-2667
0067,16:45,1005,-2667
0067,16:50,1010,-3733
0067,16:55,1015,-3733
0067,17:00,1020,-3733
0067,17:05,1025,-4089
0067,17:10,1030,-4089
0067,17:15,1035,-4089
0067,17:20,1040,-4089
0067,17:25,1045,-4089
0067,17:30,1050,-5333
0067,17:35,1055,-5333
0067,17:40,1060,-5333
0067,17:45,1065,-5333
0067,17:50,1070,-6933
0067,17:55,1075,-6933
0067,18:00,1080,-6933
0067,18:05,1085,-6933
0067,18:10,1090,-2489
0067,18:15,1095,-2489
0067,18:20,1100,-2489
0067,18:25,1105,-711
0067,18:30,1110,-711
0067,18:35,1115,-711
0067,18:40,1120,-711
0067,18:45,1125,-711
0067,18:50,1130,3103
0067,18:55,1135,3103
0067,19:00,1140,3103
0067,19:05,1145,3103
0067,19:10,1150,8448
0067,19:15,1155,8448
0067,19:20,1160,8448
0067,19:25,1165,8103
0067,19:30,1170,8103
0067,19:35,1175,8103
0067,19:40,1180,8103
0067,19:45,1185,10172
0067,19:50,1190,10172
0067,19:55,1195,10172
0067,20:00,1200,10172
0067,20:05,1205,10172
0067,20:10,1210,9483
0067,20:15,1215,9483
0067,20:20,1220,9483
0067,20:25,1225,9483
0067,20:30,1230,8621
0067,20:35,1235,8621
0067,20:40,1240,8621
0067,20:45,1245,8621
0067,20:50,1250,8621
0067,20:55,1255,8621
0067,21:00,1260,8621
0067,21:05,1265,8621
0067,21:10,1270,7931
0067,21:15,1275,7931
0067,21:20,1280,7931
0067,21:25,1285,7931
0067,21:30,1290,7931
0067,21:35,1295,7931
0067,21:40,1300,7931
0067,21:45,1305,7931
0067,21:50,1310,7931
0067,21:55,1315,7931
0067,22:00,1320,7931
0067,22:05,1325,7931
0067,22:10,1330,7931
0067,22:15,1335,7931
0067,22:20,1340,7931
0067,22:25,1345,7931
0067,22:30,1350,7931
0067,22:35,1355,7931
0067,22:40,1360,7931
0067,22:45,1365,7931
0067,22:50,1370,7931
0067,22:55,1375,7931
0067,23:00,1380,7931
0067,23:05,1385,7931
0067,23:10,1390,7931
0067,23:15,1395,7931
0067,23:16,1396,7931
0067,23:20,1400,7931
0068,09:00,540,0
0068,09:05,545,0
0068,09:10,550,0
0068,09:15,555,0
0068,09:20,560,0
0068,09:25,565,0
0068,09:30,570,0
0068,09:35,575,0
0068,09:40,580,0
0068,09:45,585,0
0068,09:50,590,0
0068,09:55,595,0
0068,10:00,600,0
0068,10:05,605,0
0068,10:10,610,0
0068,10:15,615,0
0068,10:20,620,0
0068,10:25,625,0
0068,10:30,630,0
0068,10:35,635,0
0068,10:40,640,0
0068,10:45,645,0
0068,10:50,650,0
0068,10:55,655,0
0068,11:00,660,0
0068,11:05,665,0
0068,11:10,670,0
0068,11:15,675,0
0068,11:20,680,0
0068,11:25,685,0
0068,11:30,690,0
0068,11:35,695,0
0068,11:40,700,0
0068,11:45,705,0
0068,11:50,710,0
0068,11:55,715,0
0068,12:00,720,0
0068,12:05,725,-533
0068,12:10,730,-533
0068,12:15,735,-533
0068,12:20,740,-533
0068,12:25,745,-533
0068,12:30,750,-1244
0068,12:35,755,-1244
0068,12:40,760,-1244
0068,12:45,765,-1244
0068,12:50,770,-2311
0068,12:55,775,-2311
0068,13:00,780,-2311
0068,13:05,785,-2844
0068,13:10,790,-2844
0068,13:15,795,-2844
0068,13:20,800,-2844
0068,13:25,805,-4089
0068,13:30,810,-4089
0068,13:35,815,-4089
0068,13:40,820,-4089
0068,13:45,825,-4089
0068,13:50,830,-4622
0068,13:55,835,-4622
0068,14:00,840,-4622
0068,14:05,845,-4622
0068,14:10,850,-5333
0068,14:15,855,-5333
0068,14:20,860,-5333
0068,14:25,865,-5333
0068,14:30,870,-6400
0068,14:35,875,-6400
0068,14:40,880,-6400
0068,14:45,885,-2489
0068,14:50,890,-2489
0068,14:55,895,-2489
0068,15:00,900,-2489
0068,15:05,905,-2489
0068,15:10,910,-1600
0068,15:15,915,-1600
0068,15:20,920,-1600
0068,15:25,925,-1600
0068,15:30,930,-2489
0068,15:35,935,-2489
0068,15:40,940,-2489
0068,15:45,945,-3200
0068,15:50,950,-3200
0068,15:55,955,-3200
0068,16:00,960,-3200
0068,16:05,965,-3200
0068,16:10,970,-3911
0068,16:15,975,-3911
0068,16:20,980,-3911
0068,16:25,985,-3911
0068,16:30,990,-4622
0068,16:35,995,-4622
0068,16:40,1000,-4622
0068,16:45,1005,-4622
0068,16:50,1010,-6044
0068,16:55,1015,-6044
0068,17:00,1020,-6044
0068,17:05,1025,-7111
0068,17:10,1030,-7111
0068,17:15,1035,-7111
0068,17:20,1040,-7111
0068,17:25,1045,-7111
0068,17:30,1050,-8711
0068,17:35,1055,-8711
0068,17:40,1060,-8711
0068,17:45,1065,-8711
0068,17:50,1070,-9956
0068,17:55,1075,-9956
0068,18:00,1080,-9956
0068,18:05,1085,-9956
0068,18:10,1090,-10844
0068,18:15,1095,-10844
0068,18:20,1100,-10844
0068,18:25,1105,-10844
0068,18:30,1110,-10844
0068,18:35,1115,-10844
0068,18:40,1120,-10844
0068,18:45,1125,-10844
0068,18:50,1130,-10844
0068,18:55,1135,-10844
0068,19:00,1140,-10844
0068,19:05,1145,-10844
0068,19:10,1150,-10844
0068,19:15,1155,-10844
0068,19:20,1160,-10844
0068,19:25,1165,-10844
0068,19:30,1170,-10844
0068,19:35,1175,-10844
0068,19:40,1180,-10844
0068,19:45,1185,-11200
0068,19:50,1190,-11200
0068,19:55,1195,-11200
0068,20:00,1200,-11200
0068,20:05,1205,-11200
0068,20:10,1210,-11200
0068,20:15,1215,-11200
0068,20:20,1220,-11200
0068,20:25,1225,-11200
0068,20:30,1230,-11200
0068,20:35,1235,-11200
0068,20:40,1240,-11200
0068,20:45,1245,-11200
0068,20:50,1250,-11200
0068,20:55,1255,-11200
0068,21:00,1260,-11200
0068,21:05,1265,-11200
0068,21:10,1270,-11200
0068,21:15,1275,-11200
0068,21:20,1280,-11200
0068,21:25,1285,-11200
0068,21:30,1290,-12089
0068,21:35,1295,-12089
0068,21:40,1300,-12089
0068,21:45,1305,-12444
0068,21:50,1310,-12444
0068,21:55,1315,-12444
0068,22:00,1320,-12444
0068,22:05,1325,-12444
0068,22:10,1330,-12444
0068,22:15,1335,-12444
0068,22:20,1340,-12444
0068,22:25,1345,-12444
0068,22:30,1350,-12444
0068,22:35,1355,-12444
0068,22:40,1360,-12444
0068,22:45,1365,-12444
0068,22:50,1370,-12444
0068,22:55,1375,-12444
0068,23:00,1380,-12444
0068,23:05,1385,-12444
0068,23:10,1390,-12444
0068,23:15,1395,-12444
0068,23:16,1396,-12444
0068,23:20,1400,-12444
0069,09:00,540,0
0069,09:05,545,0
0069,09:10,550,0
0069,09:15,555,0
0069,09:20,560,0
0069,09:25,565,0
0069,09:30,570,0
0069,09:35,575,0
0069,09:40,580,0
0069,09:45,585,0
0069,09:50,590,0
0069,09:55,595,0
0069,10:00,600,0
0069,10:05,605,0
0069,10:10,610,0
0069,10:15,615,0
0069,10:20,620,0
0069,10:25,625,0
0069,10:30,630,0
0069,10:35,635,0
0069,10:40,640,0
0069,10:45,645,0
0069,10:50,650,0
0069,10:55,655,0
0069,11:00,660,0
0069,11:05,665,0
0069,11:10,670,0
0069,11:15,675,0
0069,11:20,680,0
0069,11:25,685,0
0069,11:30,690,-711
0069,11:35,695,-711
0069,11:40,700,-711
0069,11:45,705,-1956
0069,11:50,710,-1956
0069,11:55,715,-1956
0069,12:00,720,-1956
0069,12:05,725,-2489
0069,12:10,730,-2489
0069,12:15,735,-2489
0069,12:20,740,-2489
0069,12:25,745,-2489
0069,12:30,750,-2489
0069,12:35,755,-2489
0069,12:40,760,-2489
0069,12:45,765,-2489
0069,12:50,770,-3022
0069,12:55,775,-3022
0069,13:00,780,-3022
0069,13:05,785,-3022
0069,13:10,790,-3022
0069,13:15,795,-3022
0069,13:20,800,-3022
0069,13:25,805,-3200
0069,13:30,810,-3200
0069,13:35,815,-3200
0069,13:40,820,-3200
0069,13:45,825,-3200
0069,13:50,830,-3200
0069,13:55,835,-3200
0069,14:00,840,-3200
0069,14:05,845,-3200
0069,14:10,850,-3200
0069,14:15,855,-3200
0069,14:20,860,-3200
0069,14:25,865,-3200
0069,14:30,870,-3200
0069,14:35,875,-3200
0069,14:40,880,-3200
0069,14:45,885,-3200
0069,14:50,890,-3200
0069,14:55,895,-3200
0069,15:00,900,-3200
0069,15:05,905,-3200
0069,15:10,910,-3911
0069,15:15,915,-3911
0069,15:20,920,-3911
0069,15:25,925,-3911
0069,15:30,930,-3733
0069,15:35,935,-3733
0069,15:40,940,-3733
0069,15:45,945,-5333
0069,15:50,950,-5333
0069,15:55,955,-5333
0069,16:00,960,-5333
0069,16:05,965,-5333
0069,16:10,970,-6044
0069,16:15,975,-6044
0069,16:20,980,-6044
0069,16:25,985,-6044
0069,16:30,990,-7467
0069,16:35,995,-7467
0069,16:40,1000,-7467
0069,16:45,1005,-7467
0069,16:50,1010,-8889
0069,16:55,1015,-8889
0069,17:00,1020,-8889
0069,17:05,1025,-9600
0069,17:10,1030,-9600
0069,17:15,1035,-9600
0069,17:20,1040,-9600
0069,17:25,1045,-9600
0069,17:30,1050,-10667
0069,17:35,1055,-10667
0069,17:40,1060,-10667
0069,17:45,1065,-10667
0069,17:50,1070,-10667
0069,17:55,1075,-10667
0069,18:00,1080,-10667
0069,18:05,1085,-10667
0069,18:10,1090,-10667
0069,18:15,1095,-10667
0069,18:20,1100,-10667
0069,18:25,1105,-9778
0069,18:30,1110,-9778
0069,18:35,1115,-9778
0069,18:40,1120,-9778
0069,18:45,1125,-9778
0069,18:50,1130,-10667
0069,18:55,1135,-10667
0069,19:00,1140,-10667
0069,19:05,1145,-10667
0069,19:10,1150,-10667
0069,19:15,1155,-10667
0069,19:20,1160,-10667
0069,19:25,1165,-10667
0069,19:30,1170,-10667
0069,19:35,1175,-10667
0069,19:40,1180,-10667
0069,19:45,1185,-10667
0069,19:50,1190,-10667
0069,19:55,1195,-10667
0069,20:00,1200,-10667
0069,20:05,1205,-10667
0069,20:10,1210,-10667
0069,20:15,1215,-10667
0069,20:20,1220,-10667
0069,20:25,1225,-10667
0069,20:30,1230,-11022
0069,20:35,1235,-11022
0069,20:40,1240,-11022
0069,20:45,1245,-11378
0069,20:50,1250,-11378
0069,20:55,1255,-11378
0069,21:00,1260,-11378
0069,21:05,1265,-11378
0069,21:10,1270,-11378
0069,21:15,1275,-11378
0069,21:20,1280,-11378
0069,21:25,1285,-11378
0069,21:30,1290,-11378
0069,21:35,1295,-11378
0069,21:40,1300,-11378
0069,21:45,1305,-11911
0069,21:50,1310,-11911
0069,21:55,1315,-11911
0069,22:00,1320,-11911
0069,22:05,1325,-11911
0069,22:10,1330,-11911
0069,22:15,1335,-11911
0069,22:20,1340,-11911
0069,22:25,1345,-11911
0069,22:30,1350,-11911
0069,22:35,1355,-11911
0069,22:40,1360,-11911
0069,22:45,1365,-11911
0069,22:50,1370,-11911
0069,22:55,1375,-11911
0069,23:00,1380,-11911
0069,23:05,1385,-11911
0069,23:10,1390,-11911
0069,23:15,1395,-11911
0069,23:16,1396,-11911
0069,23:20,1400,-11911
0070,09:00,540,0
0070,09:05,545,0
0070,09:10,550,0
0070,09:15,555,0
0070,09:20,560,0
0070,09:25,565,0
0070,09:30,570,0
0070,09:35,575,0
0070,09:40,580,0
0070,09:45,585,0
0070,09:50,590,0
0070,09:55,595,0
0070,10:00,600,0
0070,10:05,605,0
0070,10:10,610,0
0070,10:15,615,0
0070,10:20,620,0
0070,10:25,625,0
0070,10:30,630,0
0070,10:35,635,0
0070,10:40,640,0
0070,10:45,645,0
0070,10:50,650,0
0070,10:55,655,0
0070,11:00,660,0
0070,11:05,665,0
0070,11:10,670,0
0070,11:15,675,0
0070,11:20,680,0
0070,11:25,685,0
0070,11:30,690,0
0070,11:35,695,0
0070,11:40,700,0
0070,11:45,705,0
0070,11:50,710,0
0070,11:55,715,0
0070,12:00,720,0
0070,12:05,725,3621
0070,12:10,730,3621
0070,12:15,735,3621
0070,12:20,740,3621
0070,12:25,745,3621
0070,12:30,750,5690
0070,12:35,755,5690
0070,12:40,760,5690
0070,12:45,765,5690
0070,12:50,770,4655
0070,12:55,775,4655
0070,13:00,780,4655
0070,13:05,785,4655
0070,13:10,790,4655
0070,13:15,795,4655
0070,13:20,800,4655
0070,13:25,805,4655
0070,13:30,810,4655
0070,13:35,815,4655
0070,13:40,820,4655
0070,13:45,825,4655
0070,13:50,830,4655
0070,13:55,835,4655
0070,14:00,840,4655
0070,14:05,845,4655
0070,14:10,850,4310
0070,14:15,855,4310
0070,14:20,860,4310
0070,14:25,865,4310
0070,14:30,870,2759
0070,14:35,875,2759
0070,14:40,880,2759
0070,14:45,885,1466
0070,14:50,890,1466
0070,14:55,895,1466
0070,15:00,900,1466
0070,15:05,905,1466
0070,15:10,910,2241
0070,15:15,915,2241
0070,15:20,920,2241
0070,15:25,925,2241
0070,15:30,930,1034
0070,15:35,935,1034
0070,15:40,940,1034
0070,15:45,945,1034
0070,15:50,950,1034
0070,15:55,955,1034
0070,16:00,960,1034
0070,16:05,965,1034
0070,16:10,970,259
0070,16:15,975,259
0070,16:20,980,259
0070,16:25,985,259
0070,16:30,990,0
0070,16:35,995,0
0070,16:40,1000,0
0070,16:45,1005,0
0070,16:50,1010,-1511
0070,16:55,1015,-1511
0070,17:00,1020,-1511
0070,17:05,1025,-2667
0070,17:10,1030,-2667
0070,17:15,1035,-2667
0070,17:20,1040,-2667
0070,17:25,1045,-2667
0070,17:30,1050,-3022
0070,17:35,1055,-3022
0070,17:40,1060,-3022
0070,17:45,1065,-3022
0070,17:50,1070,-3022
0070,17:55,1075,-3022
0070,18:00,1080,-3022
0070,18:05,1085,-3022
0070,18:10,1090,-3022
0070,18:15,1095,-3022
0070,18:20,1100,-3022
0070,18:25,1105,-3556
0070,18:30,1110,-3556
0070,18:35,1115,-3556
0070,18:40,1120,-3556
0070,18:45,1125,-3556
0070,18:50,1130,-1156
0070,18:55,1135,-1156
0070,19:00,1140,-1156
0070,19:05,1145,-1156
0070,19:10,1150,-1778
0070,19:15,1155,-1778
0070,19:20,1160,-1778
0070,19:25,1165,-3022
0070,19:30,1170,-3022
0070,19:35,1175,-3022
0070,19:40,1180,-3022
0070,19:45,1185,-3022
0070,19:50,1190,-3022
0070,19:55,1195,-3022
0070,20:00,1200,-3022
0070,20:05,1205,-3022
0070,20:10,1210,-3022
0070,20:15,1215,-3022
0070,20:20,1220,-3022
0070,20:25,1225,-3022
0070,20:30,1230,-3022
0070,20:35,1235,-3022
0070,20:40,1240,-3022
0070,20:45,1245,-3111
0070,20:50,1250,-3111
0070,20:55,1255,-3111
0070,21:00,1260,-3111
0070,21:05,1265,-3111
0070,21:10,1270,-3378
0070,21:15,1275,-3378
0070,21:20,1280,-3378
0070,21:25,1285,-3378
0070,21:30,1290,-4178
0070,21:35,1295,-4178
0070,21:40,1300,-4178
0070,21:45,1305,-4267
0070,21:50,1310,-4267
0070,21:55,1315,-4267
0070,22:00,1320,-4267
0070,22:05,1325,-4267
0070,22:10,1330,-4267
0070,22:15,1335,-4267
0070,22:20,1340,-4267
0070,22:25,1345,-4267
0070,22:30,1350,-4267
0070,22:35,1355,-4267
0070,22:40,1360,-4267
0070,22:45,1365,-4267
0070,22:50,1370,-4267
0070,22:55,1375,-4267
0070,23:00,1380,-4267
0070,23:05,1385,-4267
0070,23:10,1390,-4267
0070,23:15,1395,-4267
0070,23:16,1396,-4267
0070,23:20,1400,-4267
0071,09:00,540,0
0071,09:05,545,0
0071,09:10,550,0
0071,09:15,555,0
0071,09:20,560,0
0071,09:25,565,0
0071,09:30,570,0
0071,09:35,575,0
0071,09:40,580,0
0071,09:45,585,0
0071,09:50,590,0
0071,09:55,595,0
0071,10:00,600,0
0071,10:05,605,0
0071,10:10,610,0
0071,10:15,615,0
0071,10:20,620,0
0071,10:25,625,0
0071,10:30,630,0
0071,10:35,635,0
0071,10:40,640,0
0071,10:45,645,0
0071,10:50,650,0
0071,10:55,655,0
0071,11:00,660,0
0071,11:05,665,0
0071,11:10,670,0
0071,11:15,675,0
0071,11:20,680,0
0071,11:25,685,0
0071,11:30,690,0
0071,11:35,695,0
0071,11:40,700,0
0071,11:45,705,-356
0071,11:50,710,-356
0071,11:55,715,-356
0071,12:00,720,-356
0071,12:05,725,-889
0071,12:10,730,-889
0071,12:15,735,-889
0071,12:20,740,-889
0071,12:25,745,-889
0071,12:30,750,-1244
0071,12:35,755,-1244
0071,12:40,760,-1244
0071,12:45,765,-1244
0071,12:50,770,-1244
0071,12:55,775,-1244
0071,13:00,780,-1244
0071,13:05,785,-1244
0071,13:10,790,-1244
0071,13:15,795,-1244
0071,13:20,800,-1244
0071,13:25,805,-2667
0071,13:30,810,-2667
0071,13:35,815,-2667
0071,13:40,820,-2667
0071,13:45,825,-2667
0071,13:50,830,-3733
0071,13:55,835,-3733
0071,14:00,840,-3733
0071,14:05,845,-3733
0071,14:10,850,-4978
0071,14:15,855,-4978
0071,14:20,860,-4978
0071,14:25,865,-4978
0071,14:30,870,-3467
0071,14:35,875,-3467
0071,14:40,880,-3467
0071,14:45,885,-4444
0071,14:50,890,-4444
0071,14:55,895,-4444
0071,15:00,900,-4444
0071,15:05,905,-4444
0071,15:10,910,-5778
0071,15:15,915,-5778
0071,15:20,920,-5778
0071,15:25,925,-5778
0071,15:30,930,-711
0071,15:35,935,-711
0071,15:40,940,-711
0071,15:45,945,-2133
0071,15:50,950,-2133
0071,15:55,955,-2133
0071,16:00,960,-2133
0071,16:05,965,-2133
0071,16:10,970,-3556
0071,16:15,975,-3556
0071,16:20,980,-3556
0071,16:25,985,-3556
0071,16:30,990,-5067
0071,16:35,995,-5067
0071,16:40,1000,-5067
0071,16:45,1005,-5067
0071,16:50,1010,-6044
0071,16:55,1015,-6044
0071,17:00,1020,-6044
0071,17:05,1025,-6400
0071,17:10,1030,-6400
0071,17:15,1035,-6400
0071,17:20,1040,-6400
0071,17:25,1045,-6400
0071,17:30,1050,-6400
0071,17:35,1055,-6400
0071,17:40,1060,-6400
0071,17:45,1065,-6400
0071,17:50,1070,-6400
0071,17:55,1075,-6400
0071,18:00,1080,-6400
0071,18:05,1085,-6400
0071,18:10,1090,-6400
0071,18:15,1095,-6400
0071,18:20,1100,-6400
0071,18:25,1105,-6400
0071,18:30,1110,-6400
0071,18:35,1115,-6400
0071,18:40,1120,-6400
0071,18:45,1125,-6400
0071,18:50,1130,-6044
0071,18:55,1135,-6044
0071,19:00,1140,-6044
0071,19:05,1145,-6044
0071,19:10,1150,-6133
0071,19:15,1155,-6133
0071,19:20,1160,-6133
0071,19:25,1165,-6133
0071,19:30,1170,-6133
0071,19:35,1175,-6133
0071,19:40,1180,-6133
0071,19:45,1185,-6133
0071,19:50,1190,-6133
0071,19:55,1195,-6133
0071,20:00,1200,-6133
0071,20:05,1205,-6133
0071,20:10,1210,-6133
0071,20:15,1215,-6133
0071,20:20,1220,-6133
0071,20:25,1225,-6133
0071,20:30,1230,-6133
0071,20:35,1235,-6133
0071,20:40,1240,-6133
0071,20:45,1245,-6133
0071,20:50,1250,-6133
0071,20:55,1255,-6133
0071,21:00,1260,-6133
0071,21:05,1265,-6133
0071,21:10,1270,-6489
0071,21:15,1275,-6489
0071,21:20,1280,-6489
0071,21:25,1285,-6489
0071,21:30,1290,-6489
0071,21:35,1295,-6489
0071,21:40,1300,-6489
0071,21:45,1305,-6489
0071,21:50,1310,-6489
0071,21:55,1315,-6489
0071,22:00,1320,-6489
0071,22:05,1325,-6489
0071,22:10,1330,-6489
0071,22:15,1335,-6489
0071,22:20,1340,-6489
0071,22:25,1345,-6489
0071,22:30,1350,-6489
0071,22:35,1355,-6489
0071,22:40,1360,-6489
0071,22:45,1365,-6489
0071,22:50,1370,-6489
0071,22:55,1375,-6489
0071,23:00,1380,-6489
0071,23:05,1385,-6489
0071,23:10,1390,-6489
0071,23:15,1395,-6489
0071,23:16,1396,-6489
0071,23:20,1400,-6489
0072,09:00,540,0
0072,09:05,545,0
0072,09:10,550,0
0072,09:15,555,0
0072,09:20,560,0
0072,09:25,565,0
0072,09:30,570,0
0072,09:35,575,0
0072,09:40,580,0
0072,09:45,585,0
0072,09:50,590,0
0072,09:55,595,0
0072,10:00,600,0
0072,10:05,605,0
0072,10:10,610,0
0072,10:15,615,0
0072,10:20,620,0
0072,10:25,625,0
0072,10:30,630,0
0072,10:35,635,0
0072,10:40,640,0
0072,10:45,645,0
0072,10:50,650,0
0072,10:55,655,0
0072,11:00,660,0
0072,11:05,665,0
0072,11:10,670,0
0072,11:15,675,0
0072,11:20,680,0
0072,11:25,685,0
0072,11:30,690,2155
0072,11:35,695,2155
0072,11:40,700,2155
0072,11:45,705,1379
0072,11:50,710,1379
0072,11:55,715,1379
0072,12:00,720,1379
0072,12:05,725,86
0072,12:10,730,86
0072,12:15,735,86
0072,12:20,740,86
0072,12:25,745,86
0072,12:30,750,-978
0072,12:35,755,-978
0072,12:40,760,-978
0072,12:45,765,-978
0072,12:50,770,-2578
0072,12:55,775,-2578
0072,13:00,780,-2578
0072,13:05,785,-3556
0072,13:10,790,-3556
0072,13:15,795,-3556
0072,13:20,800,-3556
0072,13:25,805,-4889
0072,13:30,810,-4889
0072,13:35,815,-4889
0072,13:40,820,-4889
0072,13:45,825,-4889
0072,13:50,830,-5600
0072,13:55,835,-5600
0072,14:00,840,-5600
0072,14:05,845,-5600
0072,14:10,850,-5156
0072,14:15,855,-5156
0072,14:20,860,-5156
0072,14:25,865,-5156
0072,14:30,870,-1156
0072,14:35,875,-1156
0072,14:40,880,-1156
0072,14:45,885,-267
0072,14:50,890,-267
0072,14:55,895,-267
0072,15:00,900,-267
0072,15:05,905,-267
0072,15:10,910,2155
0072,15:15,915,2155
0072,15:20,920,2155
0072,15:25,925,2155
0072,15:30,930,517
0072,15:35,935,517
0072,15:40,940,517
0072,15:45,945,-444
0072,15:50,950,-444
0072,15:55,955,-444
0072,16:00,960,-444
0072,16:05,965,-444
0072,16:10,970,-1511
0072,16:15,975,-1511
0072,16:20,980,-1511
0072,16:25,985,-1511
0072,16:30,990,-2578
0072,16:35,995,-2578
0072,16:40,1000,-2578
0072,16:45,1005,-2578
0072,16:50,1010,-3822
0072,16:55,1015,-3822
0072,17:00,1020,-3822
0072,17:05,1025,-5244
0072,17:10,1030,-5244
0072,17:15,1035,-5244
0072,17:20,1040,-5244
0072,17:25,1045,-5244
0072,17:30,1050,-6489
0072,17:35,1055,-6489
0072,17:40,1060,-6489
0072,17:45,1065,-6489
0072,17:50,1070,-7911
0072,17:55,1075,-7911
0072,18:00,1080,-7911
0072,18:05,1085,-7911
0072,18:10,1090,-8444
0072,18:15,1095,-8444
0072,18:20,1100,-8444
0072,18:25,1105,-10044
0072,18:30,1110,-10044
0072,18:35,1115,-10044
0072,18:40,1120,-10044
0072,18:45,1125,-10044
0072,18:50,1130,-9867
0072,18:55,1135,-9867
0072,19:00,1140,-9867
0072,19:05,1145,-9867
0072,19:10,1150,-3378
0072,19:15,1155,-3378
0072,19:20,1160,-3378
0072,19:25,1165,3879
0072,19:30,1170,3879
0072,19:35,1175,3879
0072,19:40,1180,3879
0072,19:45,1185,5172
0072,19:50,1190,5172
0072,19:55,1195,5172
0072,20:00,1200,5172
0072,20:05,1205,5172
0072,20:10,1210,5172
0072,20:15,1215,5172
0072,20:20,1220,5172
0072,20:25,1225,5172
0072,20:30,1230,5172
0072,20:35,1235,5172
0072,20:40,1240,5172
0072,20:45,1245,5172
0072,20:50,1250,5172
0072,20:55,1255,5172
0072,21:00,1260,5172
0072,21:05,1265,5172
0072,21:10,1270,5172
0072,21:15,1275,5172
0072,21:20,1280,5172
0072,21:25,1285,5172
0072,21:30,1290,5172
0072,21:35,1295,5172
0072,21:40,1300,5172
0072,21:45,1305,5172
0072,21:50,1310,5172
0072,21:55,1315,5172
0072,22:00,1320,5172
0072,22:05,1325,5172
0072,22:10,1330,5172
0072,22:15,1335,5172
0072,22:20,1340,5172
0072,22:25,1345,5172
0072,22:30,1350,5172
0072,22:35,1355,5172
0072,22:40,1360,5172
0072,22:45,1365,5172
0072,22:50,1370,5172
0072,22:55,1375,5172
0072,23:00,1380,5172
0072,23:05,1385,5172
0072,23:10,1390,5172
0072,23:15,1395,5172
0072,23:16,1396,5172
0072,23:20,1400,5172
0073,09:00,540,0
0073,09:05,545,0
0073,09:10,550,0
0073,09:15,555,0
0073,09:20,560,0
0073,09:25,565,0
0073,09:30,570,0
0073,09:35,575,0
0073,09:40,580,0
0073,09:45,585,0
0073,09:50,590,0
0073,09:55,595,0
0073,10:00,600,0
0073,10:05,605,0
0073,10:10,610,0
0073,10:15,615,0
0073,10:20,620,0
0073,10:25,625,0
0073,10:30,630,0
0073,10:35,635,0
0073,10:40,640,0
0073,10:45,645,0
0073,10:50,650,0
0073,10:55,655,0
0073,11:00,660,0
0073,11:05,665,0
0073,11:10,670,-178
0073,11:15,675,-178
0073,11:20,680,-178
0073,11:25,685,-178
0073,11:30,690,-356
0073,11:35,695,-356
0073,11:40,700,-356
0073,11:45,705,-889
0073,11:50,710,-889
0073,11:55,715,-889
0073,12:00,720,-889
0073,12:05,725,-2133
0073,12:10,730,-2133
0073,12:15,735,-2133
0073,12:20,740,-2133
0073,12:25,745,-2133
0073,12:30,750,-3733
0073,12:35,755,-3733
0073,12:40,760,-3733
0073,12:45,765,-3733
0073,12:50,770,-5333
0073,12:55,775,-5333
0073,13:00,780,-5333
0073,13:05,785,-6578
0073,13:10,790,-6578
0073,13:15,795,-6578
0073,13:20,800,-6578
0073,13:25,805,-6578
0073,13:30,810,-6578
0073,13:35,815,-6578
0073,13:40,820,-6578
0073,13:45,825,-6578
0073,13:50,830,-6933
0073,13:55,835,-6933
0073,14:00,840,-6933
0073,14:05,845,-6933
0073,14:10,850,-7822
0073,14:15,855,-7822
0073,14:20,860,-7822
0073,14:25,865,-7822
0073,14:30,870,-8533
0073,14:35,875,-8533
0073,14:40,880,-8533
0073,14:45,885,-8533
0073,14:50,890,-8533
0073,14:55,895,-8533
0073,15:00,900,-8533
0073,15:05,905,-8533
0073,15:10,910,-9600
0073,15:15,915,-9600
0073,15:20,920,-9600
0073,15:25,925,-9600
0073,15:30,930,-11378
0073,15:35,935,-11378
0073,15:40,940,-11378
0073,15:45,945,-9778
0073,15:50,950,-9778
0073,15:55,955,-9778
0073,16:00,960,-9778
0073,16:05,965,-9778
0073,16:10,970,-7111
0073,16:15,975,-7111
0073,16:20,980,-7111
0073,16:25,985,-7111
0073,16:30,990,-8711
0073,16:35,995,-8711
0073,16:40,1000,-8711
0073,16:45,1005,-8711
0073,16:50,1010,-9422
0073,16:55,1015,-9422
0073,17:00,1020,-9422
0073,17:05,1025,-9422
0073,17:10,1030,-9422
0073,17:15,1035,-9422
0073,17:20,1040,-9422
0073,17:25,1045,-9422
0073,17:30,1050,-10311
0073,17:35,1055,-10311
0073,17:40,1060,-10311
0073,17:45,1065,-10311
0073,17:50,1070,-11022
0073,17:55,1075,-11022
0073,18:00,1080,-11022
0073,18:05,1085,-11022
0073,18:10,1090,-11022
0073,18:15,1095,-11022
0073,18:20,1100,-11022
0073,18:25,1105,-11022
0073,18:30,1110,-11022
0073,18:35,1115,-11022
0073,18:40,1120,-11022
0073,18:45,1125,-11022
0073,18:50,1130,-11378
0073,18:55,1135,-11378
0073,19:00,1140,-11378
0073,19:05,1145,-11378
0073,19:10,1150,-11556
0073,19:15,1155,-11556
0073,19:20,1160,-11556
0073,19:25,1165,-12622
0073,19:30,1170,-12622
0073,19:35,1175,-12622
0073,19:40,1180,-12622
0073,19:45,1185,-12622
0073,19:50,1190,-12622
0073,19:55,1195,-12622
0073,20:00,1200,-12622
0073,20:05,1205,-12622
0073,20:10,1210,-11733
0073,20:15,1215,-11733
0073,20:20,1220,-11733
0073,20:25,1225,-11733
0073,20:30,1230,-12800
0073,20:35,1235,-12800
0073,20:40,1240,-12800
0073,20:45,1245,-12800
0073,20:50,1250,-12800
0073,20:55,1255,-12800
0073,21:00,1260,-12800
0073,21:05,1265,-12800
0073,21:10,1270,-12800
0073,21:15,1275,-12800
0073,21:20,1280,-12800
0073,21:25,1285,-12800
0073,21:30,1290,-12800
0073,21:35,1295,-12800
0073,21:40,1300,-12800
0073,21:45,1305,-12800
0073,21:50,1310,-12800
0073,21:55,1315,-12800
0073,22:00,1320,-12800
0073,22:05,1325,-12800
0073,22:10,1330,-12800
0073,22:15,1335,-12800
0073,22:20,1340,-12800
0073,22:25,1345,-12800
0073,22:30,1350,-12800
0073,22:35,1355,-12800
0073,22:40,1360,-12800
0073,22:45,1365,-12800
0073,22:50,1370,-12800
0073,22:55,1375,-12800
0073,23:00,1380,-12800
0073,23:05,1385,-12800
0073,23:10,1390,-12800
0073,23:15,1395,-12800
0073,23:16,1396,-12800
0073,23:20,1400,-12800
0074,09:00,540,0
0074,09:05,545,0
0074,09:10,550,0
0074,09:15,555,0
0074,09:20,560,0
0074,09:25,565,0
0074,09:30,570,0
0074,09:35,575,0
0074,09:40,580,0
0074,09:45,585,0
0074,09:50,590,0
0074,09:55,595,0
0074,10:00,600,0
0074,10:05,605,0
0074,10:10,610,0
0074,10:15,615,0
0074,10:20,620,0
0074,10:25,625,0
0074,10:30,630,0
0074,10:35,635,0
0074,10:40,640,0
0074,10:45,645,0
0074,10:50,650,0
0074,10:55,655,0
0074,11:00,660,0
0074,11:05,665,0
0074,11:10,670,0
0074,11:15,675,0
0074,11:20,680,0
0074,11:25,685,0
0074,11:30,690,-356
0074,11:35,695,-356
0074,11:40,700,-356
0074,11:45,705,517
0074,11:50,710,517
0074,11:55,715,517
0074,12:00,720,517
0074,12:05,725,1293
0074,12:10,730,1293
0074,12:15,735,1293
0074,12:20,740,1293
0074,12:25,745,1293
0074,12:30,750,1034
0074,12:35,755,1034
0074,12:40,760,1034
0074,12:45,765,1034
0074,12:50,770,1034
0074,12:55,775,1034
0074,13:00,780,1034
0074,13:05,785,603
0074,13:10,790,603
0074,13:15,795,603
0074,13:20,800,603
0074,13:25,805,-889
0074,13:30,810,-889
0074,13:35,815,-889
0074,13:40,820,-889
0074,13:45,825,-889
0074,13:50,830,-889
0074,13:55,835,-889
0074,14:00,840,-889
0074,14:05,845,-889
0074,14:10,850,-889
0074,14:15,855,-889
0074,14:20,860,-889
0074,14:25,865,-889
0074,14:30,870,-1333
0074,14:35,875,-1333
0074,14:40,880,-1333
0074,14:45,885,-2400
0074,14:50,890,-2400
0074,14:55,895,-2400
0074,15:00,900,-2400
0074,15:05,905,-2400
0074,15:10,910,-2400
0074,15:15,915,-2400
0074,15:20,920,-2400
0074,15:25,925,-2400
0074,15:30,930,-2756
0074,15:35,935,-2756
0074,15:40,940,-2756
0074,15:45,945,-2844
0074,15:50,950,-2844
0074,15:55,955,-2844
0074,16:00,960,-2844
0074,16:05,965,-2844
0074,16:10,970,-4178
0074,16:15,975,-4178
0074,16:20,980,-4178
0074,16:25,985,-4178
0074,16:30,990,-4178
0074,16:35,995,-4178
0074,16:40,1000,-4178
0074,16:45,1005,-4178
0074,16:50,1010,-4178
0074,16:55,1015,-4178
0074,17:00,1020,-4178
0074,17:05,1025,-4267
0074,17:10,1030,-4267
0074,17:15,1035,-4267
0074,17:20,1040,-4267
0074,17:25,1045,-4267
0074,17:30,1050,-4267
0074,17:35,1055,-4267
0074,17:40,1060,-4267
0074,17:45,1065,-4267
0074,17:50,1070,-4267
0074,17:55,1075,-4267
0074,18:00,1080,-4267
0074,18:05,1085,-4267
0074,18:10,1090,-4267
0074,18:15,1095,-4267
0074,18:20,1100,-4267
0074,18:25,1105,-5244
0074,18:30,1110,-5244
0074,18:35,1115,-5244
0074,18:40,1120,-5244
0074,18:45,1125,-5244
0074,18:50,1130,-6044
0074,18:55,1135,-6044
0074,19:00,1140,-6044
0074,19:05,1145,-6044
0074,19:10,1150,-7111
0074,19:15,1155,-7111
0074,19:20,1160,-7111
0074,19:25,1165,-7111
0074,19:30,1170,-7111
0074,19:35,1175,-7111
0074,19:40,1180,-7111
0074,19:45,1185,-7111
0074,19:50,1190,-7111
0074,19:55,1195,-7111
0074,20:00,1200,-7111
0074,20:05,1205,-7111
0074,20:10,1210,-7111
0074,20:15,1215,-7111
0074,20:20,1220,-7111
0074,20:25,1225,-7111
0074,20:30,1230,-7111
0074,20:35,1235,-7111
0074,20:40,1240,-7111
0074,20:45,1245,-7111
0074,20:50,1250,-7111
0074,20:55,1255,-7111
0074,21:00,1260,-7111
0074,21:05,1265,-7111
0074,21:10,1270,-7111
0074,21:15,1275,-7111
0074,21:20,1280,-7111
0074,21:25,1285,-7111
0074,21:30,1290,-7111
0074,21:35,1295,-7111
0074,21:40,1300,-7111
0074,21:45,1305,-7111
0074,21:50,1310,-7111
0074,21:55,1315,-7111
0074,22:00,1320,-7111
0074,22:05,1325,-7111
0074,22:10,1330,-7111
0074,22:15,1335,-7111
0074,22:20,1340,-7111
0074,22:25,1345,-7111
0074,22:30,1350,-7111
0074,22:35,1355,-7111
0074,22:40,1360,-7111
0074,22:45,1365,-7111
0074,22:50,1370,-7111
0074,22:55,1375,-7111
0074,23:00,1380,-7111
0074,23:05,1385,-7111
0074,23:10,1390,-7111
0074,23:15,1395,-7111
0074,23:16,1396,-7111
0074,23:20,1400,-7111
0075,09:00,540,0
0075,09:05,545,0
0075,09:10,550,0
0075,09:15,555,0
0075,09:20,560,0
0075,09:25,565,0
0075,09:30,570,0
0075,09:35,575,0
0075,09:40,580,0
0075,09:45,585,0
0075,09:50,590,0
0075,09:55,595,0
0075,10:00,600,0
0075,10:05,605,0
0075,10:10,610,0
0075,10:15,615,0
0075,10:20,620,0
0075,10:25,625,0
0075,10:30,630,0
0075,10:35,635,0
0075,10:40,640,-444
0075,10:45,645,-444
0075,10:50,650,-444
0075,10:55,655,-444
0075,11:00,660,-533
0075,11:05,665,-533
0075,11:10,670,-533
0075,11:15,675,-533
0075,11:20,680,-533
0075,11:25,685,-533
0075,11:30,690,-800
0075,11:35,695,-800
0075,11:40,700,-800
0075,11:45,705,-1244
0075,11:50,710,-1244
0075,11:55,715,-1244
0075,12:00,720,-1244
0075,12:05,725,-1778
0075,12:10,730,-1778
0075,12:15,735,-1778
0075,12:20,740,-1778
0075,12:25,745,-1778
0075,12:30,750,-3200
0075,12:35,755,-3200
0075,12:40,760,-3200
0075,12:45,765,-3200
0075,12:50,770,-3289
0075,12:55,775,-3289
0075,13:00,780,-3289
0075,13:05,785,-2578
0075,13:10,790,-2578
0075,13:15,795,-2578
0075,13:20,800,-2578
0075,13:25,805,1983
0075,13:30,810,1983
0075,13:35,815,1983
0075,13:40,820,1983
0075,13:45,825,1983
0075,13:50,830,4397
0075,13:55,835,4397
0075,14:00,840,4397
0075,14:05,845,4397
0075,14:10,850,4138
0075,14:15,855,4138
0075,14:20,860,4138
0075,14:25,865,4138
0075,14:30,870,2586
0075,14:35,875,2586
0075,14:40,880,2586
0075,14:45,885,1638
0075,14:50,890,1638
0075,14:55,895,1638
0075,15:00,900,1638
0075,15:05,905,1638
0075,15:10,910,1638
0075,15:15,915,1638
0075,15:20,920,1638
0075,15:25,925,1638
0075,15:30,930,1034
0075,15:35,935,1034
0075,15:40,940,1034
0075,15:45,945,1552
0075,15:50,950,1552
0075,15:55,955,1552
0075,16:00,960,1552
0075,16:05,965,1552
0075,16:10,970,3966
0075,16:15,975,3966
0075,16:20,980,3966
0075,16:25,985,3966
0075,16:30,990,4569
0075,16:35,995,4569
0075,16:40,1000,4569
0075,16:45,1005,4569
0075,16:50,1010,3190
0075,16:55,1015,3190
0075,17:00,1020,3190
0075,17:05,1025,2845
0075,17:10,1030,2845
0075,17:15,1035,2845
0075,17:20,1040,2845
0075,17:25,1045,2845
0075,17:30,1050,1466
0075,17:35,1055,1466
0075,17:40,1060,1466
0075,17:45,1065,1466
0075,17:50,1070,0
0075,17:55,1075,0
0075,18:00,1080,0
0075,18:05,1085,0
0075,18:10,1090,-1156
0075,18:15,1095,-1156
0075,18:20,1100,-1156
0075,18:25,1105,-1778
0075,18:30,1110,-1778
0075,18:35,1115,-1778
0075,18:40,1120,-1778
0075,18:45,1125,-1778
0075,18:50,1130,-1778
0075,18:55,1135,-1778
0075,19:00,1140,-1778
0075,19:05,1145,-1778
0075,19:10,1150,-1778
0075,19:15,1155,-1778
0075,19:20,1160,-1778
0075,19:25,1165,-1778
0075,19:30,1170,-1778
0075,19:35,1175,-1778
0075,19:40,1180,-1778
0075,19:45,1185,-1778
0075,19:50,1190,-1778
0075,19:55,1195,-1778
0075,20:00,1200,-1778
0075,20:05,1205,-1778
0075,20:10,1210,-1778
0075,20:15,1215,-1778
0075,20:20,1220,-1778
0075,20:25,1225,-1778
0075,20:30,1230,-1778
0075,20:35,1235,-1778
0075,20:40,1240,-1778
0075,20:45,1245,-1778
0075,20:50,1250,-1778
0075,20:55,1255,-1778
0075,21:00,1260,-1778
0075,21:05,1265,-1778
0075,21:10,1270,-1778
0075,21:15,1275,-1778
0075,21:20,1280,-1778
0075,21:25,1285,-1778
0075,21:30,1290,-1778
0075,21:35,1295,-1778
0075,21:40,1300,-1778
0075,21:45,1305,-1778
0075,21:50,1310,-1778
0075,21:55,1315,-1778
0075,22:00,1320,-1778
0075,22:05,1325,-1778
0075,22:10,1330,-1778
0075,22:15,1335,-1778
0075,22:20,1340,-1778
0075,22:25,1345,-1778
0075,22:30,1350,-1778
0075,22:35,1355,-1778
0075,22:40,1360,-1778
0075,22:45,1365,-1778
0075,22:50,1370,-1778
0075,22:55,1375,-1778
0075,23:00,1380,-1778
0075,23:05,1385,-1778
0075,23:10,1390,-1778
0075,23:15,1395,-1778
0075,23:16,1396,-1778
0075,23:20,1400,-1778
0076,09:00,540,0
0076,09:05,545,0
0076,09:10,550,0
0076,09:15,555,0
0076,09:20,560,0
0076,09:25,565,0
0076,09:30,570,0
0076,09:35,575,0
0076,09:40,580,0
0076,09:45,585,0
0076,09:50,590,0
0076,09:55,595,0
0076,10:00,600,0
0076,10:05,605,0
0076,10:10,610,0
0076,10:15,615,0
0076,10:20,620,0
0076,10:25,625,0
0076,10:30,630,0
0076,10:35,635,0
0076,10:40,640,0
0076,10:45,645,0
0076,10:50,650,0
0076,10:55,655,0
0076,11:00,660,-178
0076,11:05,665,-178
0076,11:10,670,-178
0076,11:15,675,-178
0076,11:20,680,-178
0076,11:25,685,-178
0076,11:30,690,-178
0076,11:35,695,-178
0076,11:40,700,-178
0076,11:45,705,-1244
0076,11:50,710,-1244
0076,11:55,715,-1244
0076,12:00,720,-1244
0076,12:05,725,-1244
0076,12:10,730,-1244
0076,12:15,735,-1244
0076,12:20,740,-1244
0076,12:25,745,-1244
0076,12:30,750,-1244
0076,12:35,755,-1244
0076,12:40,760,-1244
0076,12:45,765,-1244
0076,12:50,770,-1244
0076,12:55,775,-1244
0076,13:00,780,-1244
0076,13:05,785,-1600
0076,13:10,790,-1600
0076,13:15,795,-1600
0076,13:20,800,-1600
0076,13:25,805,-1778
0076,13:30,810,-1778
0076,13:35,815,-1778
0076,13:40,820,-1778
0076,13:45,825,-1778
0076,13:50,830,-2844
0076,13:55,835,-2844
0076,14:00,840,-2844
0076,14:05,845,-2844
0076,14:10,850,-4089
0076,14:15,855,-4089
0076,14:20,860,-4089
0076,14:25,865,-4089
0076,14:30,870,-1600
0076,14:35,875,-1600
0076,14:40,880,-1600
0076,14:45,885,-3200
0076,14:50,890,-3200
0076,14:55,895,-3200
0076,15:00,900,-3200
0076,15:05,905,-3200
0076,15:10,910,-4089
0076,15:15,915,-4089
0076,15:20,920,-4089
0076,15:25,925,-4089
0076,15:30,930,-5333
0076,15:35,935,-5333
0076,15:40,940,-5333
0076,15:45,945,-6578
0076,15:50,950,-6578
0076,15:55,955,-6578
0076,16:00,960,-6578
0076,16:05,965,-6578
0076,16:10,970,-7467
0076,16:15,975,-7467
0076,16:20,980,-7467
0076,16:25,985,-7467
0076,16:30,990,-2844
0076,16:35,995,-2844
0076,16:40,1000,-2844
0076,16:45,1005,-2844
0076,16:50,1010,-3200
0076,16:55,1015,-3200
0076,17:00,1020,-3200
0076,17:05,1025,-4267
0076,17:10,1030,-4267
0076,17:15,1035,-4267
0076,17:20,1040,-4267
0076,17:25,1045,-4267
0076,17:30,1050,-5689
0076,17:35,1055,-5689
0076,17:40,1060,-5689
0076,17:45,1065,-5689
0076,17:50,1070,-7111
0076,17:55,1075,-7111
0076,18:00,1080,-7111
0076,18:05,1085,-7111
0076,18:10,1090,-8000
0076,18:15,1095,-8000
0076,18:20,1100,-8000
0076,18:25,1105,-9422
0076,18:30,1110,-9422
0076,18:35,1115,-9422
0076,18:40,1120,-9422
0076,18:45,1125,-9422
0076,18:50,1130,-10844
0076,18:55,1135,-10844
0076,19:00,1140,-10844
0076,19:05,1145,-10844
0076,19:10,1150,-11911
0076,19:15,1155,-11911
0076,19:20,1160,-11911
0076,19:25,1165,-11378
0076,19:30,1170,-11378
0076,19:35,1175,-11378
0076,19:40,1180,-11378
0076,19:45,1185,-12444
0076,19:50,1190,-12444
0076,19:55,1195,-12444
0076,20:00,1200,-12444
0076,20:05,1205,-12444
0076,20:10,1210,-13333
0076,20:15,1215,-13333
0076,20:20,1220,-13333
0076,20:25,1225,-13333
0076,20:30,1230,-13689
0076,20:35,1235,-13689
0076,20:40,1240,-13689
0076,20:45,1245,-13689
0076,20:50,1250,-13689
0076,20:55,1255,-13689
0076,21:00,1260,-13689
0076,21:05,1265,-13689
0076,21:10,1270,-13689
0076,21:15,1275,-13689
0076,21:20,1280,-13689
0076,21:25,1285,-13689
0076,21:30,1290,-13689
0076,21:35,1295,-13689
0076,21:40,1300,-13689
0076,21:45,1305,-13689
0076,21:50,1310,-13689
0076,21:55,1315,-13689
0076,22:00,1320,-13689
0076,22:05,1325,-13689
0076,22:10,1330,-13689
0076,22:15,1335,-13689
0076,22:20,1340,-13689
0076,22:25,1345,-13689
0076,22:30,1350,-13689
0076,22:35,1355,-13689
0076,22:40,1360,-13689
0076,22:45,1365,-13689
0076,22:50,1370,-13689
0076,22:55,1375,-13689
0076,23:00,1380,-13689
0076,23:05,1385,-13689
0076,23:10,1390,-13689
0076,23:15,1395,-13689
0076,23:16,1396,-13689
0076,23:20,1400,-13689
0077,09:00,540,0
0077,09:05,545,0
0077,09:10,550,0
0077,09:15,555,0
0077,09:20,560,0
0077,09:25,565,0
0077,09:30,570,0
0077,09:35,575,0
0077,09:40,580,0
0077,09:45,585,0
0077,09:50,590,0
0077,09:55,595,0
0077,10:00,600,0
0077,10:05,605,0
0077,10:10,610,0
0077,10:15,615,0
0077,10:20,620,0
0077,10:25,625,-260
0077,10:30,630,-260
0077,10:35,635,-260
0077,10:40,640,-1558
0077,10:45,645,-1558
0077,10:50,650,-1558
0077,10:55,655,-1558
0077,11:00,660,1538
0077,11:05,665,1538
0077,11:10,670,2308
0077,11:15,675,2308
0077,11:20,680,2308
0077,11:25,685,2308
0077,11:30,690,4359
0077,11:35,695,4359
0077,11:40,700,4359
0077,11:45,705,9231
0077,11:50,710,9231
0077,11:55,715,9231
0077,12:00,720,9231
0077,12:05,725,13590
0077,12:10,730,13590
0077,12:15,735,13590
0077,12:20,740,13590
0077,12:25,745,13590
0077,12:30,750,19231
0077,12:35,755,19231
0077,12:40,760,19231
0077,12:45,765,19231
0077,12:50,770,19744
0077,12:55,775,19744
0077,13:00,780,19744
0077,13:05,785,18974
0077,13:10,790,18974
0077,13:15,795,18974
0077,13:20,800,18974
0077,13:25,805,22821
0077,13:30,810,22821
0077,13:35,815,22821
0077,13:40,820,22821
0077,13:45,825,22821
0077,13:50,830,26923
0077,13:55,835,26923
0077,14:00,840,26923
0077,14:05,845,26923
0077,14:10,850,25641
0077,14:15,855,25641
0077,14:20,860,25641
0077,14:25,865,25641
0077,14:30,870,24103
0077,14:35,875,24103
0077,14:40,880,24103
0077,14:45,885,27692
0077,14:50,890,27692
0077,14:55,895,27692
0077,15:00,900,27692
0077,15:05,905,27692
0077,15:10,910,32308
0077,15:15,915,32308
0077,15:20,920,32308
0077,15:25,925,32308
0077,15:30,930,35641
0077,15:35,935,35641
0077,15:40,940,35641
0077,15:45,945,34359
0077,15:50,950,34359
0077,15:55,955,34359
0077,16:00,960,34359
0077,16:05,965,34359
0077,16:10,970,33077
0077,16:15,975,33077
0077,16:20,980,33077
0077,16:25,985,33077
0077,16:30,990,31538
0077,16:35,995,31538
0077,16:40,1000,31538
0077,16:45,1005,31538
0077,16:50,1010,30256
0077,16:55,1015,30256
0077,17:00,1020,30256
0077,17:05,1025,28974
0077,17:10,1030,28974
0077,17:15,1035,28974
0077,17:20,1040,28974
0077,17:25,1045,28974
0077,17:30,1050,27436
0077,17:35,1055,27436
0077,17:40,1060,27436
0077,17:45,1065,27436
0077,17:50,1070,26154
0077,17:55,1075,26154
0077,18:00,1080,26154
0077,18:05,1085,26154
0077,18:10,1090,24872
0077,18:15,1095,24872
0077,18:20,1100,24872
0077,18:25,1105,23077
0077,18:30,1110,23077
0077,18:35,1115,23077
0077,18:40,1120,23077
0077,18:45,1125,23077
0077,18:50,1130,21795
0077,18:55,1135,21795
0077,19:00,1140,21795
0077,19:05,1145,21795
0077,19:10,1150,20513
0077,19:15,1155,20513
0077,19:20,1160,20513
0077,19:25,1165,18974
0077,19:30,1170,18974
0077,19:35,1175,18974
0077,19:40,1180,18974
0077,19:45,1185,19231
0077,19:50,1190,19231
0077,19:55,1195,19231
0077,20:00,1200,19231
0077,20:05,1205,19231
0077,20:10,1210,20513
0077,20:15,1215,20513
0077,20:20,1220,20513
0077,20:25,1225,20513
0077,20:30,1230,21282
0077,20:35,1235,21282
0077,20:40,1240,21282
0077,20:45,1245,21282
0077,20:50,1250,21282
0077,20:55,1255,21282
0077,21:00,1260,21282
0077,21:05,1265,21282
0077,21:10,1270,21282
0077,21:15,1275,21282
0077,21:20,1280,21282
0077,21:25,1285,21282
0077,21:30,1290,21282
0077,21:35,1295,21282
0077,21:40,1300,21282
0077,21:45,1305,21282
0077,21:50,1310,21282
0077,21:55,1315,21282
0077,22:00,1320,21282
0077,22:05,1325,21282
0077,22:10,1330,21282
0077,22:15,1335,21282
0077,22:20,1340,21282
0077,22:25,1345,21282
0077,22:30,1350,21282
0077,22:35,1355,21282
0077,22:40,1360,21282
0077,22:45,1365,21282
0077,22:50,1370,21282
0077,22:55,1375,21282
0077,23:00,1380,21282
0077,23:05,1385,21282
0077,23:10,1390,21282
0077,23:15,1395,21282
0077,23:16,1396,21282
0077,23:20,1400,21282
