machine,time,minute,value
0039,09:00,540,0
0039,09:05,545,0
0039,09:10,550,0
0039,09:15,555,0
0039,09:20,560,0
0039,09:25,565,0
0039,09:30,570,0
0039,09:35,575,0
0039,09:40,580,0
0039,09:45,585,0
0039,09:50,590,0
0039,09:55,595,0
0039,10:00,600,0
0039,10:05,605,0
0039,10:10,610,0
0039,10:15,615,0
0039,10:20,620,0
0039,10:25,625,0
0039,10:30,630,0
0039,10:35,635,0
0039,10:40,640,0
0039,10:45,645,0
0039,10:50,650,0
0039,10:55,655,0
0039,11:00,660,0
0039,11:05,665,0
0039,11:10,670,-356
0039,11:15,675,-356
0039,11:20,680,-356
0039,11:25,685,-356
0039,11:30,690,-2133
0039,11:35,695,-2133
0039,11:40,700,-2133
0039,11:45,705,-1600
0039,11:50,710,-1600
0039,11:55,715,-1600
0039,12:00,720,-1600
0039,12:05,725,-2489
0039,12:10,730,-2489
0039,12:15,735,-2489
0039,12:20,740,-2489
0039,12:25,745,-2489
0039,12:30,750,-2311
0039,12:35,755,-2311
0039,12:40,760,-2311
0039,12:45,765,-2311
0039,12:50,770,-1422
0039,12:55,775,-1422
0039,13:00,780,-1422
0039,13:05,785,-2667
0039,13:10,790,-2667
0039,13:15,795,-2667
0039,13:20,800,-2667
0039,13:25,805,-3733
0039,13:30,810,-3733
0039,13:35,815,-3733
0039,13:40,820,-3733
0039,13:45,825,-3733
0039,13:50,830,-5156
0039,13:55,835,-5156
0039,14:00,840,-5156
0039,14:05,845,-5156
0039,14:10,850,-6400
0039,14:15,855,-6400
0039,14:20,860,-6400
0039,14:25,865,-6400
0039,14:30,870,-7822
0039,14:35,875,-7822
0039,14:40,880,-7822
0039,14:45,885,-9422
0039,14:50,890,-9422
0039,14:55,895,-9422
0039,15:00,900,-9422
0039,15:05,905,-9422
0039,15:10,910,-10489
0039,15:15,915,-10489
0039,15:20,920,-10489
0039,15:25,925,-10489
0039,15:30,930,-10133
0039,15:35,935,-10133
0039,15:40,940,-10133
0039,15:45,945,-11200
0039,15:50,950,-11200
0039,15:55,955,-11200
0039,16:00,960,-11200
0039,16:05,965,-11200
0039,16:10,970,-11911
0039,16:15,975,-11911
0039,16:20,980,-11911
0039,16:25,985,-11911
0039,16:30,990,-8178
0039,16:35,995,-8178
0039,16:40,1000,-8178
0039,16:45,1005,-8178
0039,16:50,1010,-9422
0039,16:55,1015,-9422
0039,17:00,1020,-9422
0039,17:05,1025,-10133
0039,17:10,1030,-10133
0039,17:15,1035,-10133
0039,17:20,1040,-10133
0039,17:25,1045,-10133
0039,17:30,1050,-8178
0039,17:35,1055,-8178
0039,17:40,1060,-8178
0039,17:45,1065,-8178
0039,17:50,1070,-5689
0039,17:55,1075,-5689
0039,18:00,1080,-5689
0039,18:05,1085,-5689
0039,18:10,1090,-4622
0039,18:15,1095,-4622
0039,18:20,1100,-4622
0039,18:25,1105,-6400
0039,18:30,1110,-6400
0039,18:35,1115,-6400
0039,18:40,1120,-6400
0039,18:45,1125,-6400
0039,18:50,1130,-7822
0039,18:55,1135,-7822
0039,19:00,1140,-7822
0039,19:05,1145,-7822
0039,19:10,1150,-6933
0039,19:15,1155,-6933
0039,19:20,1160,-6933
0039,19:25,1165,-6756
0039,19:30,1170,-6756
0039,19:35,1175,-6756
0039,19:40,1180,-6756
0039,19:45,1185,-6756
0039,19:50,1190,-6756
0039,19:55,1195,-6756
0039,20:00,1200,-6756
0039,20:05,1205,-6756
0039,20:10,1210,-7289
0039,20:15,1215,-7289
0039,20:20,1220,-7289
0039,20:25,1225,-7289
0039,20:30,1230,-7289
0039,20:35,1235,-7289
0039,20:40,1240,-7289
0039,20:45,1245,-7289
0039,20:50,1250,-7289
0039,20:55,1255,-7289
0039,21:00,1260,-7289
0039,21:05,1265,-7289
0039,21:10,1270,-7467
0039,21:15,1275,-7467
0039,21:20,1280,-7467
0039,21:25,1285,-7467
0039,21:30,1290,-7644
0039,21:35,1295,-7644
0039,21:40,1300,-7644
0039,21:45,1305,-7644
0039,21:50,1310,-7644
0039,21:55,1315,-7644
0039,22:00,1320,-7644
0039,22:05,1325,-7644
0039,22:10,1330,-7644
0039,22:15,1335,-7644
0039,22:20,1340,-7644
0039,22:25,1345,-7644
0039,22:30,1350,-7644
0039,22:35,1355,-7644
0039,22:40,1360,-7644
0039,22:45,1365,-7644
0039,22:50,1370,-7644
0039,22:55,1375,-7644
0039,23:00,1380,-7644
0039,23:05,1385,-7644
0039,23:10,1390,-7644
0039,23:15,1395,-7644
0039,23:16,1396,-7644
0039,23:20,1400,-7644
0040,09:00,540,0
0040,09:05,545,0
0040,09:10,550,0
0040,09:15,555,0
0040,09:20,560,0
0040,09:25,565,0
0040,09:30,570,0
0040,09:35,575,0
0040,09:40,580,0
0040,09:45,585,0
0040,09:50,590,0
0040,09:55,595,0
0040,10:00,600,0
0040,10:05,605,0
0040,10:10,610,0
0040,10:15,615,0
0040,10:20,620,0
0040,10:25,625,0
0040,10:30,630,0
0040,10:35,635,0
0040,10:40,640,0
0040,10:45,645,0
0040,10:50,650,0
0040,10:55,655,0
0040,11:00,660,0
0040,11:05,665,0
0040,11:10,670,0
0040,11:15,675,0
0040,11:20,680,0
0040,11:25,685,0
0040,11:30,690,-1156
0040,11:35,695,-1156
0040,11:40,700,-1156
0040,11:45,705,-1244
0040,11:50,710,-1244
0040,11:55,715,-1244
0040,12:00,720,-1244
0040,12:05,725,-1600
0040,12:10,730,-1600
0040,12:15,735,-1600
0040,12:20,740,-1600
0040,12:25,745,-1600
0040,12:30,750,-1422
0040,12:35,755,-1422
0040,12:40,760,-1422
0040,12:45,765,-1422
0040,12:50,770,-3022
0040,12:55,775,-3022
0040,13:00,780,-3022
0040,13:05,785,948
0040,13:10,790,948
0040,13:15,795,948
0040,13:20,800,948
0040,13:25,805,345
0040,13:30,810,345
0040,13:35,815,345
0040,13:40,820,345
0040,13:45,825,345
0040,13:50,830,2759
0040,13:55,835,2759
0040,14:00,840,2759
0040,14:05,845,2759
0040,14:10,850,1983
0040,14:15,855,1983
0040,14:20,860,1983
0040,14:25,865,1983
0040,14:30,870,690
0040,14:35,875,690
0040,14:40,880,690
0040,14:45,885,2845
0040,14:50,890,2845
0040,14:55,895,2845
0040,15:00,900,2845
0040,15:05,905,2845
0040,15:10,910,2586
0040,15:15,915,2586
0040,15:20,920,2586
0040,15:25,925,2586
0040,15:30,930,2414
0040,15:35,935,2414
0040,15:40,940,2414
0040,15:45,945,1293
0040,15:50,950,1293
0040,15:55,955,1293
0040,16:00,960,1293
0040,16:05,965,1293
0040,16:10,970,517
0040,16:15,975,517
0040,16:20,980,517
0040,16:25,985,517
0040,16:30,990,-444
0040,16:35,995,-444
0040,16:40,1000,-444
0040,16:45,1005,-444
0040,16:50,1010,517
0040,16:55,1015,517
0040,17:00,1020,517
0040,17:05,1025,5776
0040,17:10,1030,5776
0040,17:15,1035,5776
0040,17:20,1040,5776
0040,17:25,1045,5776
0040,17:30,1050,8707
0040,17:35,1055,8707
0040,17:40,1060,8707
0040,17:45,1065,8707
0040,17:50,1070,7759
0040,17:55,1075,7759
0040,18:00,1080,7759
0040,18:05,1085,7759
0040,18:10,1090,7241
0040,18:15,1095,7241
0040,18:20,1100,7241
0040,18:25,1105,6552
0040,18:30,1110,6552
0040,18:35,1115,6552
0040,18:40,1120,6552
0040,18:45,1125,6552
0040,18:50,1130,6552
0040,18:55,1135,6552
0040,19:00,1140,6552
0040,19:05,1145,6552
0040,19:10,1150,6552
0040,19:15,1155,6552
0040,19:20,1160,6552
0040,19:25,1165,6552
0040,19:30,1170,6552
0040,19:35,1175,6552
0040,19:40,1180,6552
0040,19:45,1185,6207
0040,19:50,1190,6207
0040,19:55,1195,6207
0040,20:00,1200,6207
0040,20:05,1205,6207
0040,20:10,1210,6121
0040,20:15,1215,6121
0040,20:20,1220,6121
0040,20:25,1225,6121
0040,20:30,1230,5172
0040,20:35,1235,5172
0040,20:40,1240,5172
0040,20:45,1245,5000
0040,20:50,1250,5000
0040,20:55,1255,5000
0040,21:00,1260,5000
0040,21:05,1265,5000
0040,21:10,1270,5000
0040,21:15,1275,5000
0040,21:20,1280,5000
0040,21:25,1285,5000
0040,21:30,1290,5000
0040,21:35,1295,5000
0040,21:40,1300,5000
0040,21:45,1305,5000
0040,21:50,1310,5000
0040,21:55,1315,5000
0040,22:00,1320,5000
0040,22:05,1325,4914
0040,22:10,1330,4914
0040,22:15,1335,4914
0040,22:20,1340,4914
0040,22:25,1345,4914
0040,22:30,1350,4914
0040,22:35,1355,4914
0040,22:40,1360,4914
0040,22:45,1365,4914
0040,22:50,1370,4914
0040,22:55,1375,4914
0040,23:00,1380,4914
0040,23:05,1385,4914
0040,23:10,1390,4914
0040,23:15,1395,4914
0040,23:16,1396,4914
0040,23:20,1400,4914
0041,09:00,540,0
0041,09:05,545,0
0041,09:10,550,0
0041,09:15,555,0
0041,09:20,560,0
0041,09:25,565,0
0041,09:30,570,0
0041,09:35,575,0
0041,09:40,580,0
0041,09:45,585,0
0041,09:50,590,0
0041,09:55,595,0
0041,10:00,600,0
0041,10:05,605,0
0041,10:10,610,0
0041,10:15,615,0
0041,10:20,620,0
0041,10:25,625,0
0041,10:30,630,0
0041,10:35,635,0
0041,10:40,640,0
0041,10:45,645,0
0041,10:50,650,0
0041,10:55,655,0
0041,11:00,660,0
0041,11:05,665,0
0041,11:10,670,0
0041,11:15,675,0
0041,11:20,680,0
0041,11:25,685,0
0041,11:30,690,0
0041,11:35,695,0
0041,11:40,700,0
0041,11:45,705,0
0041,11:50,710,0
0041,11:55,715,0
0041,12:00,720,0
0041,12:05,725,0
0041,12:10,730,0
0041,12:15,735,0
0041,12:20,740,0
0041,12:25,745,0
0041,12:30,750,0
0041,12:35,755,0
0041,12:40,760,0
0041,12:45,765,0
0041,12:50,770,0
0041,12:55,775,0
0041,13:00,780,0
0041,13:05,785,0
0041,13:10,790,0
0041,13:15,795,0
0041,13:20,800,0
0041,13:25,805,0
0041,13:30,810,0
0041,13:35,815,0
0041,13:40,820,0
0041,13:45,825,0
0041,13:50,830,0
0041,13:55,835,0
0041,14:00,840,0
0041,14:05,845,0
0041,14:10,850,0
0041,14:15,855,0
0041,14:20,860,0
0041,14:25,865,0
0041,14:30,870,-533
0041,14:35,875,-533
0041,14:40,880,-533
0041,14:45,885,-889
0041,14:50,890,-889
0041,14:55,895,-889
0041,15:00,900,-889
0041,15:05,905,-889
0041,15:10,910,-889
0041,15:15,915,-889
0041,15:20,920,-889
0041,15:25,925,-889
0041,15:30,930,-889
0041,15:35,935,-889
0041,15:40,940,-889
0041,15:45,945,-889
0041,15:50,950,-889
0041,15:55,955,-889
0041,16:00,960,-889
0041,16:05,965,-889
0041,16:10,970,-889
0041,16:15,975,-889
0041,16:20,980,-889
0041,16:25,985,-889
0041,16:30,990,-2311
0041,16:35,995,-2311
0041,16:40,1000,-2311
0041,16:45,1005,-2311
0041,16:50,1010,1552
0041,16:55,1015,1552
0041,17:00,1020,1552
0041,17:05,1025,6552
0041,17:10,1030,6552
0041,17:15,1035,6552
0041,17:20,1040,6552
0041,17:25,1045,6552
0041,17:30,1050,10517
0041,17:35,1055,10517
0041,17:40,1060,10517
0041,17:45,1065,10517
0041,17:50,1070,12414
0041,17:55,1075,12414
0041,18:00,1080,12414
0041,18:05,1085,12414
0041,18:10,1090,18793
0041,18:15,1095,18793
0041,18:20,1100,18793
0041,18:25,1105,19483
0041,18:30,1110,19483
0041,18:35,1115,19483
0041,18:40,1120,19483
0041,18:45,1125,19483
0041,18:50,1130,18793
0041,18:55,1135,18793
0041,19:00,1140,18793
0041,19:05,1145,18793
0041,19:10,1150,18793
0041,19:15,1155,18793
0041,19:20,1160,18793
0041,19:25,1165,18793
0041,19:30,1170,18793
0041,19:35,1175,18793
0041,19:40,1180,18793
0041,19:45,1185,18621
0041,19:50,1190,18621
0041,19:55,1195,18621
0041,20:00,1200,18621
0041,20:05,1205,18621
0041,20:10,1210,18276
0041,20:15,1215,18276
0041,20:20,1220,18276
0041,20:25,1225,18276
0041,20:30,1230,18276
0041,20:35,1235,18276
0041,20:40,1240,18276
0041,20:45,1245,18103
0041,20:50,1250,18103
0041,20:55,1255,18103
0041,21:00,1260,18103
0041,21:05,1265,18103
0041,21:10,1270,17069
0041,21:15,1275,17069
0041,21:20,1280,17069
0041,21:25,1285,17069
0041,21:30,1290,16897
0041,21:35,1295,16897
0041,21:40,1300,16897
0041,21:45,1305,16897
0041,21:50,1310,16897
0041,21:55,1315,16897
0041,22:00,1320,16897
0041,22:05,1325,16897
0041,22:10,1330,16897
0041,22:15,1335,16897
0041,22:20,1340,16897
0041,22:25,1345,16897
0041,22:30,1350,16897
0041,22:35,1355,16897
0041,22:40,1360,16897
0041,22:45,1365,16897
0041,22:50,1370,16897
0041,22:55,1375,16897
0041,23:00,1380,16897
0041,23:05,1385,16897
0041,23:10,1390,16897
0041,23:15,1395,16897
0041,23:16,1396,16897
0041,23:20,1400,16897
0042,09:00,540,0
0042,09:05,545,0
0042,09:10,550,0
0042,09:15,555,0
0042,09:20,560,0
0042,09:25,565,0
0042,09:30,570,0
0042,09:35,575,0
0042,09:40,580,0
0042,09:45,585,0
0042,09:50,590,0
0042,09:55,595,0
0042,10:00,600,0
0042,10:05,605,0
0042,10:10,610,0
0042,10:15,615,0
0042,10:20,620,0
0042,10:25,625,0
0042,10:30,630,0
0042,10:35,635,0
0042,10:40,640,0
0042,10:45,645,0
0042,10:50,650,0
0042,10:55,655,0
0042,11:00,660,0
0042,11:05,665,0
0042,11:10,670,0
0042,11:15,675,0
0042,11:20,680,0
0042,11:25,685,0
0042,11:30,690,-255
0042,11:35,695,-255
0042,11:40,700,-255
0042,11:45,705,-255
0042,11:50,710,-255
0042,11:55,715,-255
0042,12:00,720,-255
0042,12:05,725,-255
0042,12:10,730,-255
0042,12:15,735,-255
0042,12:20,740,-255
0042,12:25,745,-255
0042,12:30,750,-255
0042,12:35,755,-255
0042,12:40,760,-255
0042,12:45,765,-255
0042,12:50,770,-766
0042,12:55,775,-766
0042,13:00,780,-766
0042,13:05,785,-766
0042,13:10,790,-766
0042,13:15,795,-766
0042,13:20,800,-766
0042,13:25,805,-1021
0042,13:30,810,-1021
0042,13:35,815,-1021
0042,13:40,820,-1021
0042,13:45,825,-1021
0042,13:50,830,-511
0042,13:55,835,-511
0042,14:00,840,-511
0042,14:05,845,-511
0042,14:10,850,-1787
0042,14:15,855,-1787
0042,14:20,860,-1787
0042,14:25,865,-1787
0042,14:30,870,0
0042,14:35,875,0
0042,14:40,880,0
0042,14:45,885,4215
0042,14:50,890,4215
0042,14:55,895,4215
0042,15:00,900,4215
0042,15:05,905,4215
0042,15:10,910,8926
0042,15:15,915,8926
0042,15:20,920,8926
0042,15:25,925,8926
0042,15:30,930,7934
0042,15:35,935,7934
0042,15:40,940,7934
0042,15:45,945,6942
0042,15:50,950,6942
0042,15:55,955,6942
0042,16:00,960,6942
0042,16:05,965,6942
0042,16:10,970,5950
0042,16:15,975,5950
0042,16:20,980,5950
0042,16:25,985,5950
0042,16:30,990,5702
0042,16:35,995,5702
0042,16:40,1000,5702
0042,16:45,1005,5702
0042,16:50,1010,5702
0042,16:55,1015,5702
0042,17:00,1020,5702
0042,17:05,1025,5702
0042,17:10,1030,5702
0042,17:15,1035,5702
0042,17:20,1040,5702
0042,17:25,1045,5702
0042,17:30,1050,5702
0042,17:35,1055,5702
0042,17:40,1060,5702
0042,17:45,1065,5702
0042,17:50,1070,4463
0042,17:55,1075,4463
0042,18:00,1080,4463
0042,18:05,1085,4463
0042,18:10,1090,2975
0042,18:15,1095,2975
0042,18:20,1100,2975
0042,18:25,1105,1488
0042,18:30,1110,1488
0042,18:35,1115,1488
0042,18:40,1120,1488
0042,18:45,1125,1488
0042,18:50,1130,0
0042,18:55,1135,0
0042,19:00,1140,0
0042,19:05,1145,0
0042,19:10,1150,6198
0042,19:15,1155,6198
0042,19:20,1160,6198
0042,19:25,1165,12645
0042,19:30,1170,12645
0042,19:35,1175,12645
0042,19:40,1180,12645
0042,19:45,1185,12397
0042,19:50,1190,12397
0042,19:55,1195,12397
0042,20:00,1200,12397
0042,20:05,1205,12397
0042,20:10,1210,11901
0042,20:15,1215,11901
0042,20:20,1220,11901
0042,20:25,1225,11901
0042,20:30,1230,17355
0042,20:35,1235,17355
0042,20:40,1240,17355
0042,20:45,1245,19835
0042,20:50,1250,19835
0042,20:55,1255,19835
0042,21:00,1260,19835
0042,21:05,1265,19835
0042,21:10,1270,19339
0042,21:15,1275,19339
0042,21:20,1280,19339
0042,21:25,1285,19339
0042,21:30,1290,19339
0042,21:35,1295,19339
0042,21:40,1300,19339
0042,21:45,1305,19339
0042,21:50,1310,19339
0042,21:55,1315,19339
0042,22:00,1320,19339
0042,22:05,1325,19339
0042,22:10,1330,19339
0042,22:15,1335,19339
0042,22:20,1340,19339
0042,22:25,1345,19339
0042,22:30,1350,19339
0042,22:35,1355,19339
0042,22:40,1360,19339
0042,22:45,1365,19339
0042,22:50,1370,19339
0042,22:55,1375,19339
0042,23:00,1380,19339
0042,23:05,1385,19339
0042,23:10,1390,19339
0042,23:15,1395,19339
0042,23:16,1396,19339
0042,23:20,1400,19339
0043,09:00,540,0
0043,09:05,545,0
0043,09:10,550,0
0043,09:15,555,0
0043,09:20,560,0
0043,09:25,565,0
0043,09:30,570,0
0043,09:35,575,0
0043,09:40,580,0
0043,09:45,585,0
0043,09:50,590,0
0043,09:55,595,0
0043,10:00,600,0
0043,10:05,605,0
0043,10:10,610,0
0043,10:15,615,0
0043,10:20,620,0
0043,10:25,625,0
0043,10:30,630,0
0043,10:35,635,0
0043,10:40,640,0
0043,10:45,645,0
0043,10:50,650,0
0043,10:55,655,0
0043,11:00,660,0
0043,11:05,665,0
0043,11:10,670,0
0043,11:15,675,0
0043,11:20,680,0
0043,11:25,685,0
0043,11:30,690,0
0043,11:35,695,0
0043,11:40,700,0
0043,11:45,705,0
0043,11:50,710,0
0043,11:55,715,0
0043,12:00,720,0
0043,12:05,725,0
0043,12:10,730,0
0043,12:15,735,0
0043,12:20,740,0
0043,12:25,745,0
0043,12:30,750,0
0043,12:35,755,0
0043,12:40,760,0
0043,12:45,765,0
0043,12:50,770,0
0043,12:55,775,0
0043,13:00,780,0
0043,13:05,785,0
0043,13:10,790,0
0043,13:15,795,0
0043,13:20,800,0
0043,13:25,805,0
0043,13:30,810,0
0043,13:35,815,0
0043,13:40,820,0
0043,13:45,825,0
0043,13:50,830,0
0043,13:55,835,0
0043,14:00,840,0
0043,14:05,845,0
0043,14:10,850,0
0043,14:15,855,0
0043,14:20,860,0
0043,14:25,865,0
0043,14:30,870,0
0043,14:35,875,0
0043,14:40,880,0
0043,14:45,885,0
0043,14:50,890,0
0043,14:55,895,0
0043,15:00,900,0
0043,15:05,905,0
0043,15:10,910,0
0043,15:15,915,0
0043,15:20,920,0
0043,15:25,925,0
0043,15:30,930,0
0043,15:35,935,0
0043,15:40,940,0
0043,15:45,945,0
0043,15:50,950,0
0043,15:55,955,0
0043,16:00,960,0
0043,16:05,965,0
0043,16:10,970,0
0043,16:15,975,0
0043,16:20,980,0
0043,16:25,985,0
0043,16:30,990,0
0043,16:35,995,0
0043,16:40,1000,0
0043,16:45,1005,0
0043,16:50,1010,3966
0043,16:55,1015,3966
0043,17:00,1020,3966
0043,17:05,1025,2931
0043,17:10,1030,2931
0043,17:15,1035,2931
0043,17:20,1040,2931
0043,17:25,1045,2931
0043,17:30,1050,1552
0043,17:35,1055,1552
0043,17:40,1060,1552
0043,17:45,1065,1552
0043,17:50,1070,172
0043,17:55,1075,172
0043,18:00,1080,172
0043,18:05,1085,172
0043,18:10,1090,-622
0043,18:15,1095,-622
0043,18:20,1100,-622
0043,18:25,1105,-622
0043,18:30,1110,-622
0043,18:35,1115,-622
0043,18:40,1120,-622
0043,18:45,1125,-622
0043,18:50,1130,-622
0043,18:55,1135,-622
0043,19:00,1140,-622
0043,19:05,1145,-622
0043,19:10,1150,-622
0043,19:15,1155,-622
0043,19:20,1160,-622
0043,19:25,1165,-622
0043,19:30,1170,-622
0043,19:35,1175,-622
0043,19:40,1180,-622
0043,19:45,1185,-622
0043,19:50,1190,-622
0043,19:55,1195,-622
0043,20:00,1200,-622
0043,20:05,1205,-622
0043,20:10,1210,-622
0043,20:15,1215,-622
0043,20:20,1220,-622
0043,20:25,1225,-622
0043,20:30,1230,-622
0043,20:35,1235,-622
0043,20:40,1240,-622
0043,20:45,1245,-622
0043,20:50,1250,-622
0043,20:55,1255,-622
0043,21:00,1260,-622
0043,21:05,1265,-622
0043,21:10,1270,-622
0043,21:15,1275,-622
0043,21:20,1280,-622
0043,21:25,1285,-622
0043,21:30,1290,-622
0043,21:35,1295,-622
0043,21:40,1300,-622
0043,21:45,1305,-622
0043,21:50,1310,-622
0043,21:55,1315,-622
0043,22:00,1320,-622
0043,22:05,1325,-622
0043,22:10,1330,-622
0043,22:15,1335,-622
0043,22:20,1340,-622
0043,22:25,1345,-622
0043,22:30,1350,-622
0043,22:35,1355,-622
0043,22:40,1360,-622
0043,22:45,1365,-622
0043,22:50,1370,-622
0043,22:55,1375,-622
0043,23:00,1380,-622
0043,23:05,1385,-622
0043,23:10,1390,-622
0043,23:15,1395,-622
0043,23:16,1396,-622
0043,23:20,1400,-622
0044,09:00,540,0
0044,09:05,545,0
0044,09:10,550,0
0044,09:15,555,0
0044,09:20,560,0
0044,09:25,565,0
0044,09:30,570,0
0044,09:35,575,0
0044,09:40,580,0
0044,09:45,585,0
0044,09:50,590,0
0044,09:55,595,0
0044,10:00,600,0
0044,10:05,605,0
0044,10:10,610,0
0044,10:15,615,0
0044,10:20,620,0
0044,10:25,625,0
0044,10:30,630,0
0044,10:35,635,0
0044,10:40,640,0
0044,10:45,645,0
0044,10:50,650,0
0044,10:55,655,0
0044,11:00,660,0
0044,11:05,665,0
0044,11:10,670,0
0044,11:15,675,0
0044,11:20,680,0
0044,11:25,685,0
0044,11:30,690,-178
0044,11:35,695,-178
0044,11:40,700,-178
0044,11:45,705,-533
0044,11:50,710,-533
0044,11:55,715,-533
0044,12:00,720,-533
0044,12:05,725,-533
0044,12:10,730,-533
0044,12:15,735,-533
0044,12:20,740,-533
0044,12:25,745,-533
0044,12:30,750,-1067
0044,12:35,755,-1067
0044,12:40,760,-1067
0044,12:45,765,-1067
0044,12:50,770,-2133
0044,12:55,775,-2133
0044,13:00,780,-2133
0044,13:05,785,-2578
0044,13:10,790,-2578
0044,13:15,795,-2578
0044,13:20,800,-2578
0044,13:25,805,-2578
0044,13:30,810,-2578
0044,13:35,815,-2578
0044,13:40,820,-2578
0044,13:45,825,-2578
0044,13:50,830,-2578
0044,13:55,835,-2578
0044,14:00,840,-2578
0044,14:05,845,-2578
0044,14:10,850,-3200
0044,14:15,855,-3200
0044,14:20,860,-3200
0044,14:25,865,-3200
0044,14:30,870,-4889
0044,14:35,875,-4889
0044,14:40,880,-4889
0044,14:45,885,-4356
0044,14:50,890,-4356
0044,14:55,895,-4356
0044,15:00,900,-4356
0044,15:05,905,-4356
0044,15:10,910,-5422
0044,15:15,915,-5422
0044,15:20,920,-5422
0044,15:25,925,-5422
0044,15:30,930,-3289
0044,15:35,935,-3289
0044,15:40,940,-3289
0044,15:45,945,3362
0044,15:50,950,3362
0044,15:55,955,3362
0044,16:00,960,3362
0044,16:05,965,3362
0044,16:10,970,2586
0044,16:15,975,2586
0044,16:20,980,2586
0044,16:25,985,2586
0044,16:30,990,1379
0044,16:35,995,1379
0044,16:40,1000,1379
0044,16:45,1005,1379
0044,16:50,1010,431
0044,16:55,1015,431
0044,17:00,1020,431
0044,17:05,1025,-267
0044,17:10,1030,-267
0044,17:15,1035,-267
0044,17:20,1040,-267
0044,17:25,1045,-267
0044,17:30,1050,-1156
0044,17:35,1055,-1156
0044,17:40,1060,-1156
0044,17:45,1065,-1156
0044,17:50,1070,-2222
0044,17:55,1075,-2222
0044,18:00,1080,-2222
0044,18:05,1085,-2222
0044,18:10,1090,3190
0044,18:15,1095,3190
0044,18:20,1100,3190
0044,18:25,1105,5690
0044,18:30,1110,5690
0044,18:35,1115,5690
0044,18:40,1120,5690
0044,18:45,1125,5690
0044,18:50,1130,5172
0044,18:55,1135,5172
0044,19:00,1140,5172
0044,19:05,1145,5172
0044,19:10,1150,4310
0044,19:15,1155,4310
0044,19:20,1160,4310
0044,19:25,1165,3793
0044,19:30,1170,3793
0044,19:35,1175,3793
0044,19:40,1180,3793
0044,19:45,1185,3793
0044,19:50,1190,3793
0044,19:55,1195,3793
0044,20:00,1200,3793
0044,20:05,1205,3793
0044,20:10,1210,3793
0044,20:15,1215,3793
0044,20:20,1220,3793
0044,20:25,1225,3793
0044,20:30,1230,3793
0044,20:35,1235,3793
0044,20:40,1240,3793
0044,20:45,1245,3534
0044,20:50,1250,3534
0044,20:55,1255,3534
0044,21:00,1260,3534
0044,21:05,1265,3534
0044,21:10,1270,3276
0044,21:15,1275,3276
0044,21:20,1280,3276
0044,21:25,1285,3276
0044,21:30,1290,3276
0044,21:35,1295,3276
0044,21:40,1300,3276
0044,21:45,1305,3276
0044,21:50,1310,3276
0044,21:55,1315,3276
0044,22:00,1320,3276
0044,22:05,1325,3276
0044,22:10,1330,3276
0044,22:15,1335,3276
0044,22:20,1340,3276
0044,22:25,1345,3276
0044,22:30,1350,3276
0044,22:35,1355,3276
0044,22:40,1360,3276
0044,22:45,1365,3276
0044,22:50,1370,3276
0044,22:55,1375,3276
0044,23:00,1380,3276
0044,23:05,1385,3276
0044,23:10,1390,3276
0044,23:15,1395,3276
0044,23:16,1396,3276
0044,23:20,1400,3276
0045,09:00,540,0
0045,09:05,545,0
0045,09:10,550,0
0045,09:15,555,0
0045,09:20,560,0
0045,09:25,565,0
0045,09:30,570,0
0045,09:35,575,0
0045,09:40,580,0
0045,09:45,585,0
0045,09:50,590,0
0045,09:55,595,0
0045,10:00,600,0
0045,10:05,605,0
0045,10:10,610,0
0045,10:15,615,0
0045,10:20,620,0
0045,10:25,625,0
0045,10:30,630,0
0045,10:35,635,0
0045,10:40,640,0
0045,10:45,645,0
0045,10:50,650,0
0045,10:55,655,0
0045,11:00,660,0
0045,11:05,665,0
0045,11:10,670,0
0045,11:15,675,0
0045,11:20,680,0
0045,11:25,685,0
0045,11:30,690,0
0045,11:35,695,0
0045,11:40,700,0
0045,11:45,705,0
0045,11:50,710,0
0045,11:55,715,0
0045,12:00,720,0
0045,12:05,725,0
0045,12:10,730,0
0045,12:15,735,0
0045,12:20,740,0
0045,12:25,745,0
0045,12:30,750,0
0045,12:35,755,0
0045,12:40,760,0
0045,12:45,765,0
0045,12:50,770,0
0045,12:55,775,0
0045,13:00,780,0
0045,13:05,785,0
0045,13:10,790,0
0045,13:15,795,0
0045,13:20,800,0
0045,13:25,805,0
0045,13:30,810,0
0045,13:35,815,0
0045,13:40,820,0
0045,13:45,825,0
0045,13:50,830,0
0045,13:55,835,0
0045,14:00,840,0
0045,14:05,845,0
0045,14:10,850,-889
0045,14:15,855,-889
0045,14:20,860,-889
0045,14:25,865,-889
0045,14:30,870,-2578
0045,14:35,875,-2578
0045,14:40,880,-2578
0045,14:45,885,-3733
0045,14:50,890,-3733
0045,14:55,895,-3733
0045,15:00,900,-3733
0045,15:05,905,-3733
0045,15:10,910,-4089
0045,15:15,915,-4089
0045,15:20,920,-4089
0045,15:25,925,-4089
0045,15:30,930,603
0045,15:35,935,603
0045,15:40,940,603
0045,15:45,945,-622
0045,15:50,950,-622
0045,15:55,955,-622
0045,16:00,960,-622
0045,16:05,965,-622
0045,16:10,970,-1689
0045,16:15,975,-1689
0045,16:20,980,-1689
0045,16:25,985,-1689
0045,16:30,990,1638
0045,16:35,995,1638
0045,16:40,1000,1638
0045,16:45,1005,1638
0045,16:50,1010,948
0045,16:55,1015,948
0045,17:00,1020,948
0045,17:05,1025,-178
0045,17:10,1030,-178
0045,17:15,1035,-178
0045,17:20,1040,-178
0045,17:25,1045,-178
0045,17:30,1050,-1244
0045,17:35,1055,-1244
0045,17:40,1060,-1244
0045,17:45,1065,-1244
0045,17:50,1070,-1689
0045,17:55,1075,-1689
0045,18:00,1080,-1689
0045,18:05,1085,-1689
0045,18:10,1090,-1689
0045,18:15,1095,-1689
0045,18:20,1100,-1689
0045,18:25,1105,-2756
0045,18:30,1110,-2756
0045,18:35,1115,-2756
0045,18:40,1120,-2756
0045,18:45,1125,-2756
0045,18:50,1130,-3378
0045,18:55,1135,-3378
0045,19:00,1140,-3378
0045,19:05,1145,-3378
0045,19:10,1150,-3378
0045,19:15,1155,-3378
0045,19:20,1160,-3378
0045,19:25,1165,-4178
0045,19:30,1170,-4178
0045,19:35,1175,-4178
0045,19:40,1180,-4178
0045,19:45,1185,-4533
0045,19:50,1190,-4533
0045,19:55,1195,-4533
0045,20:00,1200,-4533
0045,20:05,1205,-4533
0045,20:10,1210,-4533
0045,20:15,1215,-4533
0045,20:20,1220,-4533
0045,20:25,1225,-4533
0045,20:30,1230,-4800
0045,20:35,1235,-4800
0045,20:40,1240,-4800
0045,20:45,1245,-4800
0045,20:50,1250,-4800
0045,20:55,1255,-4800
0045,21:00,1260,-4800
0045,21:05,1265,-4800
0045,21:10,1270,-4800
0045,21:15,1275,-4800
0045,21:20,1280,-4800
0045,21:25,1285,-4800
0045,21:30,1290,-4800
0045,21:35,1295,-4800
0045,21:40,1300,-4800
0045,21:45,1305,-4800
0045,21:50,1310,-4800
0045,21:55,1315,-4800
0045,22:00,1320,-4800
0045,22:05,1325,-4800
0045,22:10,1330,-4800
0045,22:15,1335,-4800
0045,22:20,1340,-4800
0045,22:25,1345,-4800
0045,22:30,1350,-4800
0045,22:35,1355,-4800
0045,22:40,1360,-4800
0045,22:45,1365,-4800
0045,22:50,1370,-4800
0045,22:55,1375,-4800
0045,23:00,1380,-4800
0045,23:05,1385,-4800
0045,23:10,1390,-4800
0045,23:15,1395,-4800
0045,23:16,1396,-4800
0045,23:20,1400,-4800
0046,09:00,540,0
0046,09:05,545,0
0046,09:10,550,0
0046,09:15,555,0
0046,09:20,560,0
0046,09:25,565,0
0046,09:30,570,0
0046,09:35,575,0
0046,09:40,580,0
0046,09:45,585,0
0046,09:50,590,0
0046,09:55,595,0
0046,10:00,600,0
0046,10:05,605,0
0046,10:10,610,0
0046,10:15,615,0
0046,10:20,620,0
0046,10:25,625,0
0046,10:30,630,0
0046,10:35,635,0
0046,10:40,640,0
0046,10:45,645,0
0046,10:50,650,0
0046,10:55,655,0
0046,11:00,660,-356
0046,11:05,665,-356
0046,11:10,670,-711
0046,11:15,675,-711
0046,11:20,680,-711
0046,11:25,685,-711
0046,11:30,690,-1778
0046,11:35,695,-1778
0046,11:40,700,-1778
0046,11:45,705,-2844
0046,11:50,710,-2844
0046,11:55,715,-2844
0046,12:00,720,-2844
0046,12:05,725,-3733
0046,12:10,730,-3733
0046,12:15,735,-3733
0046,12:20,740,-3733
0046,12:25,745,-3733
0046,12:30,750,-3733
0046,12:35,755,-3733
0046,12:40,760,-3733
0046,12:45,765,-3733
0046,12:50,770,-3733
0046,12:55,775,-3733
0046,13:00,780,-3733
0046,13:05,785,-4444
0046,13:10,790,-4444
0046,13:15,795,-4444
0046,13:20,800,-4444
0046,13:25,805,-6044
0046,13:30,810,-6044
0046,13:35,815,-6044
0046,13:40,820,-6044
0046,13:45,825,-6044
0046,13:50,830,-7467
0046,13:55,835,-7467
0046,14:00,840,-7467
0046,14:05,845,-7467
0046,14:10,850,-8711
0046,14:15,855,-8711
0046,14:20,860,-8711
0046,14:25,865,-8711
0046,14:30,870,-6400
0046,14:35,875,-6400
0046,14:40,880,-6400
0046,14:45,885,-7289
0046,14:50,890,-7289
0046,14:55,895,-7289
0046,15:00,900,-7289
0046,15:05,905,-7289
0046,15:10,910,-8711
0046,15:15,915,-8711
0046,15:20,920,-8711
0046,15:25,925,-8711
0046,15:30,930,-7111
0046,15:35,935,-7111
0046,15:40,940,-7111
0046,15:45,945,-711
0046,15:50,950,-711
0046,15:55,955,-711
0046,16:00,960,-711
0046,16:05,965,-711
0046,16:10,970,2414
0046,16:15,975,2414
0046,16:20,980,2414
0046,16:25,985,2414
0046,16:30,990,2414
0046,16:35,995,2414
0046,16:40,1000,2414
0046,16:45,1005,2414
0046,16:50,1010,8448
0046,16:55,1015,8448
0046,17:00,1020,8448
0046,17:05,1025,12414
0046,17:10,1030,12414
0046,17:15,1035,12414
0046,17:20,1040,12414
0046,17:25,1045,12414
0046,17:30,1050,12931
0046,17:35,1055,12931
0046,17:40,1060,12931
0046,17:45,1065,12931
0046,17:50,1070,12931
0046,17:55,1075,12931
0046,18:00,1080,12931
0046,18:05,1085,12931
0046,18:10,1090,12931
0046,18:15,1095,12931
0046,18:20,1100,12931
0046,18:25,1105,12069
0046,18:30,1110,12069
0046,18:35,1115,12069
0046,18:40,1120,12069
0046,18:45,1125,12069
0046,18:50,1130,11207
0046,18:55,1135,11207
0046,19:00,1140,11207
0046,19:05,1145,11207
0046,19:10,1150,13276
0046,19:15,1155,13276
0046,19:20,1160,13276
0046,19:25,1165,11897
0046,19:30,1170,11897
0046,19:35,1175,11897
0046,19:40,1180,11897
0046,19:45,1185,11034
0046,19:50,1190,11034
0046,19:55,1195,11034
0046,20:00,1200,11034
0046,20:05,1205,11034
0046,20:10,1210,9655
0046,20:15,1215,9655
0046,20:20,1220,9655
0046,20:25,1225,9655
0046,20:30,1230,8103
0046,20:35,1235,8103
0046,20:40,1240,8103
0046,20:45,1245,13276
0046,20:50,1250,13276
0046,20:55,1255,13276
0046,21:00,1260,13276
0046,21:05,1265,13276
0046,21:10,1270,13276
0046,21:15,1275,13276
0046,21:20,1280,13276
0046,21:25,1285,13276
0046,21:30,1290,13276
0046,21:35,1295,13276
0046,21:40,1300,13276
0046,21:45,1305,13276
0046,21:50,1310,13276
0046,21:55,1315,13276
0046,22:00,1320,13276
0046,22:05,1325,13276
0046,22:10,1330,13276
0046,22:15,1335,13276
0046,22:20,1340,13276
0046,22:25,1345,13276
0046,22:30,1350,13276
0046,22:35,1355,13276
0046,22:40,1360,13276
0046,22:45,1365,13276
0046,22:50,1370,13276
0046,22:55,1375,13276
0046,23:00,1380,13276
0046,23:05,1385,13276
0046,23:10,1390,13276
0046,23:15,1395,13276
0046,23:16,1396,13276
0046,23:20,1400,13276
0047,09:00,540,0
0047,09:05,545,0
0047,09:10,550,0
0047,09:15,555,0
0047,09:20,560,0
0047,09:25,565,0
0047,09:30,570,0
0047,09:35,575,0
0047,09:40,580,0
0047,09:45,585,0
0047,09:50,590,0
0047,09:55,595,0
0047,10:00,600,0
0047,10:05,605,0
0047,10:10,610,0
0047,10:15,615,0
0047,10:20,620,0
0047,10:25,625,0
0047,10:30,630,0
0047,10:35,635,0
0047,10:40,640,0
0047,10:45,645,0
0047,10:50,650,0
0047,10:55,655,0
0047,11:00,660,0
0047,11:05,665,0
0047,11:10,670,0
0047,11:15,675,0
0047,11:20,680,0
0047,11:25,685,0
0047,11:30,690,0
0047,11:35,695,0
0047,11:40,700,0
0047,11:45,705,0
0047,11:50,710,0
0047,11:55,715,0
0047,12:00,720,0
0047,12:05,725,0
0047,12:10,730,0
0047,12:15,735,0
0047,12:20,740,0
0047,12:25,745,0
0047,12:30,750,-356
0047,12:35,755,-356
0047,12:40,760,-356
0047,12:45,765,-356
0047,12:50,770,2069
0047,12:55,775,2069
0047,13:00,780,2069
0047,13:05,785,1034
0047,13:10,790,1034
0047,13:15,795,1034
0047,13:20,800,1034
0047,13:25,805,0
0047,13:30,810,0
0047,13:35,815,0
0047,13:40,820,0
0047,13:45,825,0
0047,13:50,830,-1067
0047,13:55,835,-1067
0047,14:00,840,-1067
0047,14:05,845,-1067
0047,14:10,850,-1067
0047,14:15,855,-1067
0047,14:20,860,-1067
0047,14:25,865,-1067
0047,14:30,870,-1067
0047,14:35,875,-1067
0047,14:40,880,-1067
0047,14:45,885,-1244
0047,14:50,890,-1244
0047,14:55,895,-1244
0047,15:00,900,-1244
0047,15:05,905,-1244
0047,15:10,910,-1600
0047,15:15,915,-1600
0047,15:20,920,-1600
0047,15:25,925,-1600
0047,15:30,930,-2667
0047,15:35,935,-2667
0047,15:40,940,-2667
0047,15:45,945,-3022
0047,15:50,950,-3022
0047,15:55,955,-3022
0047,16:00,960,-3022
0047,16:05,965,-3022
0047,16:10,970,-3911
0047,16:15,975,-3911
0047,16:20,980,-3911
0047,16:25,985,-3911
0047,16:30,990,-4978
0047,16:35,995,-4978
0047,16:40,1000,-4978
0047,16:45,1005,-4978
0047,16:50,1010,-4444
0047,16:55,1015,-4444
0047,17:00,1020,-4444
0047,17:05,1025,-5156
0047,17:10,1030,-5156
0047,17:15,1035,-5156
0047,17:20,1040,-5156
0047,17:25,1045,-5156
0047,17:30,1050,-7111
0047,17:35,1055,-7111
0047,17:40,1060,-7111
0047,17:45,1065,-7111
0047,17:50,1070,-8711
0047,17:55,1075,-8711
0047,18:00,1080,-8711
0047,18:05,1085,-8711
0047,18:10,1090,-9778
0047,18:15,1095,-9778
0047,18:20,1100,-9778
0047,18:25,1105,-10489
0047,18:30,1110,-10489
0047,18:35,1115,-10489
0047,18:40,1120,-10489
0047,18:45,1125,-10489
0047,18:50,1130,-10667
0047,18:55,1135,-10667
0047,19:00,1140,-10667
0047,19:05,1145,-10667
0047,19:10,1150,-11378
0047,19:15,1155,-11378
0047,19:20,1160,-11378
0047,19:25,1165,-12622
0047,19:30,1170,-12622
0047,19:35,1175,-12622
0047,19:40,1180,-12622
0047,19:45,1185,-12800
0047,19:50,1190,-12800
0047,19:55,1195,-12800
0047,20:00,1200,-12800
0047,20:05,1205,-12800
0047,20:10,1210,-12978
0047,20:15,1215,-12978
0047,20:20,1220,-12978
0047,20:25,1225,-12978
0047,20:30,1230,-12978
0047,20:35,1235,-12978
0047,20:40,1240,-12978
0047,20:45,1245,-13511
0047,20:50,1250,-13511
0047,20:55,1255,-13511
0047,21:00,1260,-13511
0047,21:05,1265,-13511
0047,21:10,1270,-14044
0047,21:15,1275,-14044
0047,21:20,1280,-14044
0047,21:25,1285,-14044
0047,21:30,1290,-14400
0047,21:35,1295,-14400
0047,21:40,1300,-14400
0047,21:45,1305,-14400
0047,21:50,1310,-14400
0047,21:55,1315,-14400
0047,22:00,1320,-14400
0047,22:05,1325,-14400
0047,22:10,1330,-14400
0047,22:15,1335,-14400
0047,22:20,1340,-14400
0047,22:25,1345,-14400
0047,22:30,1350,-14400
0047,22:35,1355,-14400
0047,22:40,1360,-14400
0047,22:45,1365,-14400
0047,22:50,1370,-14400
0047,22:55,1375,-14400
0047,23:00,1380,-14400
0047,23:05,1385,-14400
0047,23:10,1390,-14400
0047,23:15,1395,-14400
0047,23:16,1396,-14400
0047,23:20,1400,-14400
0048,09:00,540,0
0048,09:05,545,0
0048,09:10,550,0
0048,09:15,555,0
0048,09:20,560,0
0048,09:25,565,0
0048,09:30,570,0
0048,09:35,575,0
0048,09:40,580,0
0048,09:45,585,0
0048,09:50,590,0
0048,09:55,595,0
0048,10:00,600,0
0048,10:05,605,0
0048,10:10,610,0
0048,10:15,615,0
0048,10:20,620,0
0048,10:25,625,-1277
0048,10:30,630,-1277
0048,10:35,635,-1277
0048,10:40,640,-1532
0048,10:45,645,-1532
0048,10:50,650,-1532
0048,10:55,655,-1532
0048,11:00,660,-1532
0048,11:05,665,-1532
0048,11:10,670,-1532
0048,11:15,675,-1532
0048,11:20,680,-1532
0048,11:25,685,-1532
0048,11:30,690,-1532
0048,11:35,695,-1532
0048,11:40,700,-1532
0048,11:45,705,-2553
0048,11:50,710,-2553
0048,11:55,715,-2553
0048,12:00,720,-2553
0048,12:05,725,-3574
0048,12:10,730,-3574
0048,12:15,735,-3574
0048,12:20,740,-3574
0048,12:25,745,-3574
0048,12:30,750,-4340
0048,12:35,755,-4340
0048,12:40,760,-4340
0048,12:45,765,-4340
0048,12:50,770,-511
0048,12:55,775,-511
0048,13:00,780,-511
0048,13:05,785,4959
0048,13:10,790,4959
0048,13:15,795,4959
0048,13:20,800,4959
0048,13:25,805,5702
0048,13:30,810,5702
0048,13:35,815,5702
0048,13:40,820,5702
0048,13:45,825,5702
0048,13:50,830,6942
0048,13:55,835,6942
0048,14:00,840,6942
0048,14:05,845,6942
0048,14:10,850,6198
0048,14:15,855,6198
0048,14:20,860,6198
0048,14:25,865,6198
0048,14:30,870,10909
0048,14:35,875,10909
0048,14:40,880,10909
0048,14:45,885,12149
0048,14:50,890,12149
0048,14:55,895,12149
0048,15:00,900,12149
0048,15:05,905,12149
0048,15:10,910,11157
0048,15:15,915,11157
0048,15:20,920,11157
0048,15:25,925,11157
0048,15:30,930,9917
0048,15:35,935,9917
0048,15:40,940,9917
0048,15:45,945,13884
0048,15:50,950,13884
0048,15:55,955,13884
0048,16:00,960,13884
0048,16:05,965,13884
0048,16:10,970,12893
0048,16:15,975,12893
0048,16:20,980,12893
0048,16:25,985,12893
0048,16:30,990,12645
0048,16:35,995,12645
0048,16:40,1000,12645
0048,16:45,1005,12645
0048,16:50,1010,12149
0048,16:55,1015,12149
0048,17:00,1020,12149
0048,17:05,1025,12149
0048,17:10,1030,12149
0048,17:15,1035,12149
0048,17:20,1040,12149
0048,17:25,1045,12149
0048,17:30,1050,11405
0048,17:35,1055,11405
0048,17:40,1060,11405
0048,17:45,1065,11405
0048,17:50,1070,10909
0048,17:55,1075,10909
0048,18:00,1080,10909
0048,18:05,1085,10909
0048,18:10,1090,10909
0048,18:15,1095,10909
0048,18:20,1100,10909
0048,18:25,1105,9174
0048,18:30,1110,9174
0048,18:35,1115,9174
0048,18:40,1120,9174
0048,18:45,1125,9174
0048,18:50,1130,12893
0048,18:55,1135,12893
0048,19:00,1140,12893
0048,19:05,1145,12893
0048,19:10,1150,13636
0048,19:15,1155,13636
0048,19:20,1160,13636
0048,19:25,1165,17107
0048,19:30,1170,17107
0048,19:35,1175,17107
0048,19:40,1180,17107
0048,19:45,1185,16116
0048,19:50,1190,16116
0048,19:55,1195,16116
0048,20:00,1200,16116
0048,20:05,1205,16116
0048,20:10,1210,22562
0048,20:15,1215,22562
0048,20:20,1220,22562
0048,20:25,1225,22562
0048,20:30,1230,21074
0048,20:35,1235,21074
0048,20:40,1240,21074
0048,20:45,1245,20826
0048,20:50,1250,20826
0048,20:55,1255,20826
0048,21:00,1260,20826
0048,21:05,1265,20826
0048,21:10,1270,20826
0048,21:15,1275,20826
0048,21:20,1280,20826
0048,21:25,1285,20826
0048,21:30,1290,20331
0048,21:35,1295,20331
0048,21:40,1300,20331
0048,21:45,1305,20331
0048,21:50,1310,20331
0048,21:55,1315,20331
0048,22:00,1320,20331
0048,22:05,1325,20331
0048,22:10,1330,20331
0048,22:15,1335,20331
0048,22:20,1340,20331
0048,22:25,1345,20331
0048,22:30,1350,20331
0048,22:35,1355,20331
0048,22:40,1360,20331
0048,22:45,1365,20331
0048,22:50,1370,20331
0048,22:55,1375,20331
0048,23:00,1380,20331
0048,23:05,1385,20331
0048,23:10,1390,20331
0048,23:15,1395,20331
0048,23:16,1396,20331
0048,23:20,1400,20331
0049,09:00,540,0
0049,09:05,545,0
0049,09:10,550,0
0049,09:15,555,0
0049,09:20,560,0
0049,09:25,565,0
0049,09:30,570,0
0049,09:35,575,0
0049,09:40,580,0
0049,09:45,585,0
0049,09:50,590,0
0049,09:55,595,0
0049,10:00,600,0
0049,10:05,605,0
0049,10:10,610,0
0049,10:15,615,0
0049,10:20,620,0
0049,10:25,625,0
0049,10:30,630,0
0049,10:35,635,0
0049,10:40,640,0
0049,10:45,645,0
0049,10:50,650,0
0049,10:55,655,0
0049,11:00,660,0
0049,11:05,665,0
0049,11:10,670,0
0049,11:15,675,0
0049,11:20,680,0
0049,11:25,685,0
0049,11:30,690,0
0049,11:35,695,0
0049,11:40,700,0
0049,11:45,705,0
0049,11:50,710,0
0049,11:55,715,0
0049,12:00,720,0
0049,12:05,725,0
0049,12:10,730,0
0049,12:15,735,0
0049,12:20,740,0
0049,12:25,745,0
0049,12:30,750,0
0049,12:35,755,0
0049,12:40,760,0
0049,12:45,765,0
0049,12:50,770,0
0049,12:55,775,0
0049,13:00,780,0
0049,13:05,785,0
0049,13:10,790,0
0049,13:15,795,0
0049,13:20,800,0
0049,13:25,805,0
0049,13:30,810,0
0049,13:35,815,0
0049,13:40,820,0
0049,13:45,825,0
0049,13:50,830,0
0049,13:55,835,0
0049,14:00,840,0
0049,14:05,845,0
0049,14:10,850,0
0049,14:15,855,0
0049,14:20,860,0
0049,14:25,865,0
0049,14:30,870,2069
0049,14:35,875,2069
0049,14:40,880,2069
0049,14:45,885,690
0049,14:50,890,690
0049,14:55,895,690
0049,15:00,900,690
0049,15:05,905,690
0049,15:10,910,-711
0049,15:15,915,-711
0049,15:20,920,-711
0049,15:25,925,-711
0049,15:30,930,-889
0049,15:35,935,-889
0049,15:40,940,-889
0049,15:45,945,-1244
0049,15:50,950,-1244
0049,15:55,955,-1244
0049,16:00,960,-1244
0049,16:05,965,-1244
0049,16:10,970,-1600
0049,16:15,975,-1600
0049,16:20,980,-1600
0049,16:25,985,-1600
0049,16:30,990,-3378
0049,16:35,995,-3378
0049,16:40,1000,-3378
0049,16:45,1005,-3378
0049,16:50,1010,-4622
0049,16:55,1015,-4622
0049,17:00,1020,-4622
0049,17:05,1025,-5689
0049,17:10,1030,-5689
0049,17:15,1035,-5689
0049,17:20,1040,-5689
0049,17:25,1045,-5689
0049,17:30,1050,-6222
0049,17:35,1055,-6222
0049,17:40,1060,-6222
0049,17:45,1065,-6222
0049,17:50,1070,-7111
0049,17:55,1075,-7111
0049,18:00,1080,-7111
0049,18:05,1085,-7111
0049,18:10,1090,-8356
0049,18:15,1095,-8356
0049,18:20,1100,-8356
0049,18:25,1105,-9422
0049,18:30,1110,-9422
0049,18:35,1115,-9422
0049,18:40,1120,-9422
0049,18:45,1125,-9422
0049,18:50,1130,-9778
0049,18:55,1135,-9778
0049,19:00,1140,-9778
0049,19:05,1145,-9778
0049,19:10,1150,-9778
0049,19:15,1155,-9778
0049,19:20,1160,-9778
0049,19:25,1165,-9778
0049,19:30,1170,-9778
0049,19:35,1175,-9778
0049,19:40,1180,-9778
0049,19:45,1185,-10133
0049,19:50,1190,-10133
0049,19:55,1195,-10133
0049,20:00,1200,-10133
0049,20:05,1205,-10133
0049,20:10,1210,-10311
0049,20:15,1215,-10311
0049,20:20,1220,-10311
0049,20:25,1225,-10311
0049,20:30,1230,-10311
0049,20:35,1235,-10311
0049,20:40,1240,-10311
0049,20:45,1245,-10311
0049,20:50,1250,-10311
0049,20:55,1255,-10311
0049,21:00,1260,-10311
0049,21:05,1265,-10311
0049,21:10,1270,-10311
0049,21:15,1275,-10311
0049,21:20,1280,-10311
0049,21:25,1285,-10311
0049,21:30,1290,-10311
0049,21:35,1295,-10311
0049,21:40,1300,-10311
0049,21:45,1305,-10311
0049,21:50,1310,-10311
0049,21:55,1315,-10311
0049,22:00,1320,-10311
0049,22:05,1325,-10311
0049,22:10,1330,-10311
0049,22:15,1335,-10311
0049,22:20,1340,-10311
0049,22:25,1345,-10311
0049,22:30,1350,-10311
0049,22:35,1355,-10311
0049,22:40,1360,-10311
0049,22:45,1365,-10311
0049,22:50,1370,-10311
0049,22:55,1375,-10311
0049,23:00,1380,-10311
0049,23:05,1385,-10311
0049,23:10,1390,-10311
0049,23:15,1395,-10311
0049,23:16,1396,-10311
0049,23:20,1400,-10311
0050,09:00,540,0
0050,09:05,545,0
0050,09:10,550,0
0050,09:15,555,0
0050,09:20,560,0
0050,09:25,565,0
0050,09:30,570,0
0050,09:35,575,0
0050,09:40,580,0
0050,09:45,585,0
0050,09:50,590,0
0050,09:55,595,0
0050,10:00,600,0
0050,10:05,605,0
0050,10:10,610,0
0050,10:15,615,0
0050,10:20,620,0
0050,10:25,625,-1277
0050,10:30,630,-1277
0050,10:35,635,-1277
0050,10:40,640,-2298
0050,10:45,645,-2298
0050,10:50,650,-2298
0050,10:55,655,-2298
0050,11:00,660,0
0050,11:05,665,0
0050,11:10,670,1240
0050,11:15,675,1240
0050,11:20,680,1240
0050,11:25,685,1240
0050,11:30,690,7934
0050,11:35,695,7934
0050,11:40,700,7934
0050,11:45,705,7190
0050,11:50,710,7190
0050,11:55,715,7190
0050,12:00,720,7190
0050,12:05,725,7686
0050,12:10,730,7686
0050,12:15,735,7686
0050,12:20,740,7686
0050,12:25,745,7686
0050,12:30,750,11653
0050,12:35,755,11653
0050,12:40,760,11653
0050,12:45,765,11653
0050,12:50,770,10909
0050,12:55,775,10909
0050,13:00,780,10909
0050,13:05,785,9669
0050,13:10,790,9669
0050,13:15,795,9669
0050,13:20,800,9669
0050,13:25,805,9174
0050,13:30,810,9174
0050,13:35,815,9174
0050,13:40,820,9174
0050,13:45,825,9174
0050,13:50,830,8678
0050,13:55,835,8678
0050,14:00,840,8678
0050,14:05,845,8678
0050,14:10,850,8182
0050,14:15,855,8182
0050,14:20,860,8182
0050,14:25,865,8182
0050,14:30,870,7190
0050,14:35,875,7190
0050,14:40,880,7190
0050,14:45,885,6694
0050,14:50,890,6694
0050,14:55,895,6694
0050,15:00,900,6694
0050,15:05,905,6694
0050,15:10,910,6694
0050,15:15,915,6694
0050,15:20,920,6694
0050,15:25,925,6694
0050,15:30,930,5950
0050,15:35,935,5950
0050,15:40,940,5950
0050,15:45,945,4959
0050,15:50,950,4959
0050,15:55,955,4959
0050,16:00,960,4959
0050,16:05,965,4959
0050,16:10,970,4215
0050,16:15,975,4215
0050,16:20,980,4215
0050,16:25,985,4215
0050,16:30,990,3471
0050,16:35,995,3471
0050,16:40,1000,3471
0050,16:45,1005,3471
0050,16:50,1010,3967
0050,16:55,1015,3967
0050,17:00,1020,3967
0050,17:05,1025,7934
0050,17:10,1030,7934
0050,17:15,1035,7934
0050,17:20,1040,7934
0050,17:25,1045,7934
0050,17:30,1050,8926
0050,17:35,1055,8926
0050,17:40,1060,8926
0050,17:45,1065,8926
0050,17:50,1070,10909
0050,17:55,1075,10909
0050,18:00,1080,10909
0050,18:05,1085,10909
0050,18:10,1090,16116
0050,18:15,1095,16116
0050,18:20,1100,16116
0050,18:25,1105,15868
0050,18:30,1110,15868
0050,18:35,1115,15868
0050,18:40,1120,15868
0050,18:45,1125,15868
0050,18:50,1130,14380
0050,18:55,1135,14380
0050,19:00,1140,14380
0050,19:05,1145,14380
0050,19:10,1150,16860
0050,19:15,1155,16860
0050,19:20,1160,16860
0050,19:25,1165,18595
0050,19:30,1170,18595
0050,19:35,1175,18595
0050,19:40,1180,18595
0050,19:45,1185,19339
0050,19:50,1190,19339
0050,19:55,1195,19339
0050,20:00,1200,19339
0050,20:05,1205,19339
0050,20:10,1210,20083
0050,20:15,1215,20083
0050,20:20,1220,20083
0050,20:25,1225,20083
0050,20:30,1230,20826
0050,20:35,1235,20826
0050,20:40,1240,20826
0050,20:45,1245,19835
0050,20:50,1250,19835
0050,20:55,1255,19835
0050,21:00,1260,19835
0050,21:05,1265,19835
0050,21:10,1270,21818
0050,21:15,1275,21818
0050,21:20,1280,21818
0050,21:25,1285,21818
0050,21:30,1290,22810
0050,21:35,1295,22810
0050,21:40,1300,22810
0050,21:45,1305,22810
0050,21:50,1310,22810
0050,21:55,1315,22810
0050,22:00,1320,22810
0050,22:05,1325,22810
0050,22:10,1330,22810
0050,22:15,1335,22810
0050,22:20,1340,22810
0050,22:25,1345,22810
0050,22:30,1350,22810
0050,22:35,1355,22810
0050,22:40,1360,22810
0050,22:45,1365,22810
0050,22:50,1370,22810
0050,22:55,1375,22810
0050,23:00,1380,22810
0050,23:05,1385,22810
0050,23:10,1390,22810
0050,23:15,1395,22810
0050,23:16,1396,22810
0050,23:20,1400,22810
0051,09:00,540,0
0051,09:05,545,0
0051,09:10,550,0
0051,09:15,555,0
0051,09:20,560,0
0051,09:25,565,0
0051,09:30,570,0
0051,09:35,575,0
0051,09:40,580,0
0051,09:45,585,0
0051,09:50,590,0
0051,09:55,595,0
0051,10:00,600,0
0051,10:05,605,0
0051,10:10,610,0
0051,10:15,615,0
0051,10:20,620,0
0051,10:25,625,0
0051,10:30,630,0
0051,10:35,635,0
0051,10:40,640,0
0051,10:45,645,0
0051,10:50,650,0
0051,10:55,655,0
0051,11:00,660,0
0051,11:05,665,0
0051,11:10,670,0
0051,11:15,675,0
0051,11:20,680,0
0051,11:25,685,0
0051,11:30,690,-533
0051,11:35,695,-533
0051,11:40,700,-533
0051,11:45,705,-533
0051,11:50,710,-533
0051,11:55,715,-533
0051,12:00,720,-533
0051,12:05,725,-1600
0051,12:10,730,-1600
0051,12:15,735,-1600
0051,12:20,740,-1600
0051,12:25,745,-1600
0051,12:30,750,-2133
0051,12:35,755,-2133
0051,12:40,760,-2133
0051,12:45,765,-2133
0051,12:50,770,-2489
0051,12:55,775,-2489
0051,13:00,780,-2489
0051,13:05,785,-3022
0051,13:10,790,-3022
0051,13:15,795,-3022
0051,13:20,800,-3022
0051,13:25,805,-4089
0051,13:30,810,-4089
0051,13:35,815,-4089
0051,13:40,820,-4089
0051,13:45,825,-4089
0051,13:50,830,-4267
0051,13:55,835,-4267
0051,14:00,840,-4267
0051,14:05,845,-4267
0051,14:10,850,-4267
0051,14:15,855,-4267
0051,14:20,860,-4267
0051,14:25,865,-4267
0051,14:30,870,-4444
0051,14:35,875,-4444
0051,14:40,880,-4444
0051,14:45,885,-4978
0051,14:50,890,-4978
0051,14:55,895,-4978
0051,15:00,900,-4978
0051,15:05,905,-4978
0051,15:10,910,-6222
0051,15:15,915,-6222
0051,15:20,920,-6222
0051,15:25,925,-6222
0051,15:30,930,-6933
0051,15:35,935,-6933
0051,15:40,940,-6933
0051,15:45,945,-7822
0051,15:50,950,-7822
0051,15:55,955,-7822
0051,16:00,960,-7822
0051,16:05,965,-7822
0051,16:10,970,-8356
0051,16:15,975,-8356
0051,16:20,980,-8356
0051,16:25,985,-8356
0051,16:30,990,-9422
0051,16:35,995,-9422
0051,16:40,1000,-9422
0051,16:45,1005,-9422
0051,16:50,1010,-11022
0051,16:55,1015,-11022
0051,17:00,1020,-11022
0051,17:05,1025,-12267
0051,17:10,1030,-12267
0051,17:15,1035,-12267
0051,17:20,1040,-12267
0051,17:25,1045,-12267
0051,17:30,1050,-11911
0051,17:35,1055,-11911
0051,17:40,1060,-11911
0051,17:45,1065,-11911
0051,17:50,1070,-12444
0051,17:55,1075,-12444
0051,18:00,1080,-12444
0051,18:05,1085,-12444
0051,18:10,1090,-13689
0051,18:15,1095,-13689
0051,18:20,1100,-13689
0051,18:25,1105,-12444
0051,18:30,1110,-12444
0051,18:35,1115,-12444
0051,18:40,1120,-12444
0051,18:45,1125,-12444
0051,18:50,1130,-12444
0051,18:55,1135,-12444
0051,19:00,1140,-12444
0051,19:05,1145,-12444
0051,19:10,1150,-13511
0051,19:15,1155,-13511
0051,19:20,1160,-13511
0051,19:25,1165,-14222
0051,19:30,1170,-14222
0051,19:35,1175,-14222
0051,19:40,1180,-14222
0051,19:45,1185,-14400
0051,19:50,1190,-14400
0051,19:55,1195,-14400
0051,20:00,1200,-14400
0051,20:05,1205,-14400
0051,20:10,1210,-14400
0051,20:15,1215,-14400
0051,20:20,1220,-14400
0051,20:25,1225,-14400
0051,20:30,1230,-14400
0051,20:35,1235,-14400
0051,20:40,1240,-14400
0051,20:45,1245,-14400
0051,20:50,1250,-14400
0051,20:55,1255,-14400
0051,21:00,1260,-14400
0051,21:05,1265,-14400
0051,21:10,1270,-14400
0051,21:15,1275,-14400
0051,21:20,1280,-14400
0051,21:25,1285,-14400
0051,21:30,1290,-14400
0051,21:35,1295,-14400
0051,21:40,1300,-14400
0051,21:45,1305,-14400
0051,21:50,1310,-14400
0051,21:55,1315,-14400
0051,22:00,1320,-14400
0051,22:05,1325,-14400
0051,22:10,1330,-14400
0051,22:15,1335,-14400
0051,22:20,1340,-14400
0051,22:25,1345,-14400
0051,22:30,1350,-14400
0051,22:35,1355,-14400
0051,22:40,1360,-14400
0051,22:45,1365,-14400
0051,22:50,1370,-14400
0051,22:55,1375,-14400
0051,23:00,1380,-14400
0051,23:05,1385,-14400
0051,23:10,1390,-14400
0051,23:15,1395,-14400
0051,23:16,1396,-14400
0051,23:20,1400,-14400
0052,09:00,540,0
0052,09:05,545,0
0052,09:10,550,0
0052,09:15,555,0
0052,09:20,560,0
0052,09:25,565,0
0052,09:30,570,0
0052,09:35,575,0
0052,09:40,580,0
0052,09:45,585,0
0052,09:50,590,0
0052,09:55,595,0
0052,10:00,600,0
0052,10:05,605,0
0052,10:10,610,0
0052,10:15,615,0
0052,10:20,620,0
0052,10:25,625,0
0052,10:30,630,0
0052,10:35,635,0
0052,10:40,640,0
0052,10:45,645,0
0052,10:50,650,0
0052,10:55,655,0
0052,11:00,660,0
0052,11:05,665,0
0052,11:10,670,0
0052,11:15,675,0
0052,11:20,680,0
0052,11:25,685,0
0052,11:30,690,0
0052,11:35,695,0
0052,11:40,700,0
0052,11:45,705,0
0052,11:50,710,0
0052,11:55,715,0
0052,12:00,720,0
0052,12:05,725,0
0052,12:10,730,0
0052,12:15,735,0
0052,12:20,740,0
0052,12:25,745,0
0052,12:30,750,-356
0052,12:35,755,-356
0052,12:40,760,-356
0052,12:45,765,-356
0052,12:50,770,-711
0052,12:55,775,-711
0052,13:00,780,-711
0052,13:05,785,-711
0052,13:10,790,-711
0052,13:15,795,-711
0052,13:20,800,-711
0052,13:25,805,-1067
0052,13:30,810,-1067
0052,13:35,815,-1067
0052,13:40,820,-1067
0052,13:45,825,-1067
0052,13:50,830,862
0052,13:55,835,862
0052,14:00,840,862
0052,14:05,845,862
0052,14:10,850,345
0052,14:15,855,345
0052,14:20,860,345
0052,14:25,865,345
0052,14:30,870,-889
0052,14:35,875,-889
0052,14:40,880,-889
0052,14:45,885,-2311
0052,14:50,890,-2311
0052,14:55,895,-2311
0052,15:00,900,-2311
0052,15:05,905,-2311
0052,15:10,910,-3200
0052,15:15,915,-3200
0052,15:20,920,-3200
0052,15:25,925,-3200
0052,15:30,930,-3378
0052,15:35,935,-3378
0052,15:40,940,-3378
0052,15:45,945,-4800
0052,15:50,950,-4800
0052,15:55,955,-4800
0052,16:00,960,-4800
0052,16:05,965,-4800
0052,16:10,970,-5867
0052,16:15,975,-5867
0052,16:20,980,-5867
0052,16:25,985,-5867
0052,16:30,990,-7289
0052,16:35,995,-7289
0052,16:40,1000,-7289
0052,16:45,1005,-7289
0052,16:50,1010,-8533
0052,16:55,1015,-8533
0052,17:00,1020,-8533
0052,17:05,1025,-9600
0052,17:10,1030,-9600
0052,17:15,1035,-9600
0052,17:20,1040,-9600
0052,17:25,1045,-9600
0052,17:30,1050,-11378
0052,17:35,1055,-11378
0052,17:40,1060,-11378
0052,17:45,1065,-11378
0052,17:50,1070,-11911
0052,17:55,1075,-11911
0052,18:00,1080,-11911
0052,18:05,1085,-11911
0052,18:10,1090,-7111
0052,18:15,1095,-7111
0052,18:20,1100,-7111
0052,18:25,1105,-178
0052,18:30,1110,-178
0052,18:35,1115,-178
0052,18:40,1120,-178
0052,18:45,1125,-178
0052,18:50,1130,-711
0052,18:55,1135,-711
0052,19:00,1140,-711
0052,19:05,1145,-711
0052,19:10,1150,-1778
0052,19:15,1155,-1778
0052,19:20,1160,-1778
0052,19:25,1165,-2133
0052,19:30,1170,-2133
0052,19:35,1175,-2133
0052,19:40,1180,-2133
0052,19:45,1185,-2133
0052,19:50,1190,-2133
0052,19:55,1195,-2133
0052,20:00,1200,-2133
0052,20:05,1205,-2133
0052,20:10,1210,-2667
0052,20:15,1215,-2667
0052,20:20,1220,-2667
0052,20:25,1225,-2667
0052,20:30,1230,-3022
0052,20:35,1235,-3022
0052,20:40,1240,-3022
0052,20:45,1245,-3022
0052,20:50,1250,-3022
0052,20:55,1255,-3022
0052,21:00,1260,-3022
0052,21:05,1265,-3022
0052,21:10,1270,-3022
0052,21:15,1275,-3022
0052,21:20,1280,-3022
0052,21:25,1285,-3022
0052,21:30,1290,-3556
0052,21:35,1295,-3556
0052,21:40,1300,-3556
0052,21:45,1305,-3556
0052,21:50,1310,-3556
0052,21:55,1315,-3556
0052,22:00,1320,-3556
0052,22:05,1325,-3556
0052,22:10,1330,-3556
0052,22:15,1335,-3556
0052,22:20,1340,-3556
0052,22:25,1345,-3556
0052,22:30,1350,-3556
0052,22:35,1355,-3556
0052,22:40,1360,-3556
0052,22:45,1365,-3556
0052,22:50,1370,-3556
0052,22:55,1375,-3556
0052,23:00,1380,-3556
0052,23:05,1385,-3556
0052,23:10,1390,-3556
0052,23:15,1395,-3556
0052,23:16,1396,-3556
0052,23:20,1400,-3556
0053,09:00,540,0
0053,09:05,545,0
0053,09:10,550,0
0053,09:15,555,0
0053,09:20,560,0
0053,09:25,565,0
0053,09:30,570,0
0053,09:35,575,0
0053,09:40,580,0
0053,09:45,585,0
0053,09:50,590,0
0053,09:55,595,0
0053,10:00,600,0
0053,10:05,605,0
0053,10:10,610,0
0053,10:15,615,0
0053,10:20,620,0
0053,10:25,625,-711
0053,10:30,630,-711
0053,10:35,635,-711
0053,10:40,640,-1778
0053,10:45,645,-1778
0053,10:50,650,-1778
0053,10:55,655,-1778
0053,11:00,660,-3022
0053,11:05,665,-3022
0053,11:10,670,-3556
0053,11:15,675,-3556
0053,11:20,680,-3556
0053,11:25,685,-3556
0053,11:30,690,-5333
0053,11:35,695,-5333
0053,11:40,700,-5333
0053,11:45,705,-6933
0053,11:50,710,-6933
0053,11:55,715,-6933
0053,12:00,720,-6933
0053,12:05,725,-7822
0053,12:10,730,-7822
0053,12:15,735,-7822
0053,12:20,740,-7822
0053,12:25,745,-7822
0053,12:30,750,-9778
0053,12:35,755,-9778
0053,12:40,760,-9778
0053,12:45,765,-9778
0053,12:50,770,-10667
0053,12:55,775,-10667
0053,13:00,780,-10667
0053,13:05,785,-10667
0053,13:10,790,-10667
0053,13:15,795,-10667
0053,13:20,800,-10667
0053,13:25,805,-11378
0053,13:30,810,-11378
0053,13:35,815,-11378
0053,13:40,820,-11378
0053,13:45,825,-11378
0053,13:50,830,-11733
0053,13:55,835,-11733
0053,14:00,840,-11733
0053,14:05,845,-11733
0053,14:10,850,-12978
0053,14:15,855,-12978
0053,14:20,860,-12978
0053,14:25,865,-12978
0053,14:30,870,-13867
0053,14:35,875,-13867
0053,14:40,880,-13867
0053,14:45,885,-13867
0053,14:50,890,-13867
0053,14:55,895,-13867
0053,15:00,900,-13867
0053,15:05,905,-13867
0053,15:10,910,-13867
0053,15:15,915,-13867
0053,15:20,920,-13867
0053,15:25,925,-13867
0053,15:30,930,-15644
0053,15:35,935,-15644
0053,15:40,940,-15644
0053,15:45,945,-11911
0053,15:50,950,-11911
0053,15:55,955,-11911
0053,16:00,960,-11911
0053,16:05,965,-11911
0053,16:10,970,-10667
0053,16:15,975,-10667
0053,16:20,980,-10667
0053,16:25,985,-10667
0053,16:30,990,-11911
0053,16:35,995,-11911
0053,16:40,1000,-11911
0053,16:45,1005,-11911
0053,16:50,1010,-12978
0053,16:55,1015,-12978
0053,17:00,1020,-12978
0053,17:05,1025,-13689
0053,17:10,1030,-13689
0053,17:15,1035,-13689
0053,17:20,1040,-13689
0053,17:25,1045,-13689
0053,17:30,1050,-8889
0053,17:35,1055,-8889
0053,17:40,1060,-8889
0053,17:45,1065,-8889
0053,17:50,1070,-8889
0053,17:55,1075,-8889
0053,18:00,1080,-8889
0053,18:05,1085,-8889
0053,18:10,1090,-8889
0053,18:15,1095,-8889
0053,18:20,1100,-8889
0053,18:25,1105,-9244
0053,18:30,1110,-9244
0053,18:35,1115,-9244
0053,18:40,1120,-9244
0053,18:45,1125,-9244
0053,18:50,1130,-9956
0053,18:55,1135,-9956
0053,19:00,1140,-9956
0053,19:05,1145,-9956
0053,19:10,1150,-10133
0053,19:15,1155,-10133
0053,19:20,1160,-10133
0053,19:25,1165,-11022
0053,19:30,1170,-11022
0053,19:35,1175,-11022
0053,19:40,1180,-11022
0053,19:45,1185,-11378
0053,19:50,1190,-11378
0053,19:55,1195,-11378
0053,20:00,1200,-11378
0053,20:05,1205,-11378
0053,20:10,1210,-12267
0053,20:15,1215,-12267
0053,20:20,1220,-12267
0053,20:25,1225,-12267
0053,20:30,1230,-9600
0053,20:35,1235,-9600
0053,20:40,1240,-9600
0053,20:45,1245,-9600
0053,20:50,1250,-9600
0053,20:55,1255,-9600
0053,21:00,1260,-9600
0053,21:05,1265,-9600
0053,21:10,1270,-9600
0053,21:15,1275,-9600
0053,21:20,1280,-9600
0053,21:25,1285,-9600
0053,21:30,1290,-9600
0053,21:35,1295,-9600
0053,21:40,1300,-9600
0053,21:45,1305,-9600
0053,21:50,1310,-9600
0053,21:55,1315,-9600
0053,22:00,1320,-9600
0053,22:05,1325,-9600
0053,22:10,1330,-9600
0053,22:15,1335,-9600
0053,22:20,1340,-9600
0053,22:25,1345,-9600
0053,22:30,1350,-9600
0053,22:35,1355,-9600
0053,22:40,1360,-9600
0053,22:45,1365,-9600
0053,22:50,1370,-9600
0053,22:55,1375,-9600
0053,23:00,1380,-9600
0053,23:05,1385,-9600
0053,23:10,1390,-9600
0053,23:15,1395,-9600
0053,23:16,1396,-9600
0053,23:20,1400,-9600
0054,09:00,540,0
0054,09:05,545,0
0054,09:10,550,0
0054,09:15,555,0
0054,09:20,560,0
0054,09:25,565,0
0054,09:30,570,0
0054,09:35,575,0
0054,09:40,580,0
0054,09:45,585,0
0054,09:50,590,0
0054,09:55,595,0
0054,10:00,600,0
0054,10:05,605,0
0054,10:10,610,0
0054,10:15,615,0
0054,10:20,620,0
0054,10:25,625,0
0054,10:30,630,0
0054,10:35,635,0
0054,10:40,640,0
0054,10:45,645,0
0054,10:50,650,0
0054,10:55,655,0
0054,11:00,660,0
0054,11:05,665,0
0054,11:10,670,0
0054,11:15,675,0
0054,11:20,680,0
0054,11:25,685,0
0054,11:30,690,0
0054,11:35,695,0
0054,11:40,700,0
0054,11:45,705,0
0054,11:50,710,0
0054,11:55,715,0
0054,12:00,720,0
0054,12:05,725,0
0054,12:10,730,0
0054,12:15,735,0
0054,12:20,740,0
0054,12:25,745,0
0054,12:30,750,0
0054,12:35,755,0
0054,12:40,760,0
0054,12:45,765,0
0054,12:50,770,0
0054,12:55,775,0
0054,13:00,780,0
0054,13:05,785,0
0054,13:10,790,0
0054,13:15,795,0
0054,13:20,800,0
0054,13:25,805,-711
0054,13:30,810,-711
0054,13:35,815,-711
0054,13:40,820,-711
0054,13:45,825,-711
0054,13:50,830,-1778
0054,13:55,835,-1778
0054,14:00,840,-1778
0054,14:05,845,-1778
0054,14:10,850,-3200
0054,14:15,855,-3200
0054,14:20,860,-3200
0054,14:25,865,-3200
0054,14:30,870,-4444
0054,14:35,875,-4444
0054,14:40,880,-4444
0054,14:45,885,-4978
0054,14:50,890,-4978
0054,14:55,895,-4978
0054,15:00,900,-4978
0054,15:05,905,-4978
0054,15:10,910,-5867
0054,15:15,915,-5867
0054,15:20,920,-5867
0054,15:25,925,-5867
0054,15:30,930,-6933
0054,15:35,935,-6933
0054,15:40,940,-6933
0054,15:45,945,-7822
0054,15:50,950,-7822
0054,15:55,955,-7822
0054,16:00,960,-7822
0054,16:05,965,-7822
0054,16:10,970,-9067
0054,16:15,975,-9067
0054,16:20,980,-9067
0054,16:25,985,-9067
0054,16:30,990,-9067
0054,16:35,995,-9067
0054,16:40,1000,-9067
0054,16:45,1005,-9067
0054,16:50,1010,-9956
0054,16:55,1015,-9956
0054,17:00,1020,-9956
0054,17:05,1025,-8000
0054,17:10,1030,-8000
0054,17:15,1035,-8000
0054,17:20,1040,-8000
0054,17:25,1045,-8000
0054,17:30,1050,-8711
0054,17:35,1055,-8711
0054,17:40,1060,-8711
0054,17:45,1065,-8711
0054,17:50,1070,-9422
0054,17:55,1075,-9422
0054,18:00,1080,-9422
0054,18:05,1085,-9422
0054,18:10,1090,-10311
0054,18:15,1095,-10311
0054,18:20,1100,-10311
0054,18:25,1105,-11022
0054,18:30,1110,-11022
0054,18:35,1115,-11022
0054,18:40,1120,-11022
0054,18:45,1125,-11022
0054,18:50,1130,-11556
0054,18:55,1135,-11556
0054,19:00,1140,-11556
0054,19:05,1145,-11556
0054,19:10,1150,-11911
0054,19:15,1155,-11911
0054,19:20,1160,-11911
0054,19:25,1165,-12267
0054,19:30,1170,-12267
0054,19:35,1175,-12267
0054,19:40,1180,-12267
0054,19:45,1185,-12267
0054,19:50,1190,-12267
0054,19:55,1195,-12267
0054,20:00,1200,-12267
0054,20:05,1205,-12267
0054,20:10,1210,-12267
0054,20:15,1215,-12267
0054,20:20,1220,-12267
0054,20:25,1225,-12267
0054,20:30,1230,-12267
0054,20:35,1235,-12267
0054,20:40,1240,-12267
0054,20:45,1245,-12267
0054,20:50,1250,-12267
0054,20:55,1255,-12267
0054,21:00,1260,-12267
0054,21:05,1265,-12267
0054,21:10,1270,-12267
0054,21:15,1275,-12267
0054,21:20,1280,-12267
0054,21:25,1285,-12267
0054,21:30,1290,-12267
0054,21:35,1295,-12267
0054,21:40,1300,-12267
0054,21:45,1305,-12267
0054,21:50,1310,-12267
0054,21:55,1315,-12267
0054,22:00,1320,-12267
0054,22:05,1325,-12267
0054,22:10,1330,-12267
0054,22:15,1335,-12267
0054,22:20,1340,-12267
0054,22:25,1345,-12267
0054,22:30,1350,-12267
0054,22:35,1355,-12267
0054,22:40,1360,-12267
0054,22:45,1365,-12267
0054,22:50,1370,-12267
0054,22:55,1375,-12267
0054,23:00,1380,-12267
0054,23:05,1385,-12267
0054,23:10,1390,-12267
0054,23:15,1395,-12267
0054,23:16,1396,-12267
0054,23:20,1400,-12267
0055,09:00,540,0
0055,09:05,545,0
0055,09:10,550,0
0055,09:15,555,0
0055,09:20,560,0
0055,09:25,565,0
0055,09:30,570,0
0055,09:35,575,0
0055,09:40,580,0
0055,09:45,585,0
0055,09:50,590,0
0055,09:55,595,0
0055,10:00,600,0
0055,10:05,605,0
0055,10:10,610,0
0055,10:15,615,0
0055,10:20,620,0
0055,10:25,625,0
0055,10:30,630,0
0055,10:35,635,0
0055,10:40,640,0
0055,10:45,645,0
0055,10:50,650,0
0055,10:55,655,0
0055,11:00,660,0
0055,11:05,665,0
0055,11:10,670,0
0055,11:15,675,0
0055,11:20,680,0
0055,11:25,685,0
0055,11:30,690,0
0055,11:35,695,0
0055,11:40,700,0
0055,11:45,705,0
0055,11:50,710,0
0055,11:55,715,0
0055,12:00,720,0
0055,12:05,725,0
0055,12:10,730,0
0055,12:15,735,0
0055,12:20,740,0
0055,12:25,745,0
0055,12:30,750,0
0055,12:35,755,0
0055,12:40,760,0
0055,12:45,765,0
0055,12:50,770,0
0055,12:55,775,0
0055,13:00,780,0
0055,13:05,785,-1156
0055,13:10,790,-1156
0055,13:15,795,-1156
0055,13:20,800,-1156
0055,13:25,805,-1511
0055,13:30,810,-1511
0055,13:35,815,-1511
0055,13:40,820,-1511
0055,13:45,825,-1511
0055,13:50,830,-1600
0055,13:55,835,-1600
0055,14:00,840,-1600
0055,14:05,845,-1600
0055,14:10,850,-1600
0055,14:15,855,-1600
0055,14:20,860,-1600
0055,14:25,865,-1600
0055,14:30,870,-1600
0055,14:35,875,-1600
0055,14:40,880,-1600
0055,14:45,885,-1600
0055,14:50,890,-1600
0055,14:55,895,-1600
0055,15:00,900,-1600
0055,15:05,905,-1600
0055,15:10,910,-1600
0055,15:15,915,-1600
0055,15:20,920,-1600
0055,15:25,925,-1600
0055,15:30,930,-1600
0055,15:35,935,-1600
0055,15:40,940,-1600
0055,15:45,945,-1600
0055,15:50,950,-1600
0055,15:55,955,-1600
0055,16:00,960,-1600
0055,16:05,965,-1600
0055,16:10,970,-2578
0055,16:15,975,-2578
0055,16:20,980,-2578
0055,16:25,985,-2578
0055,16:30,990,0
0055,16:35,995,0
0055,16:40,1000,0
0055,16:45,1005,0
0055,16:50,1010,-1600
0055,16:55,1015,-1600
0055,17:00,1020,-1600
0055,17:05,1025,-2578
0055,17:10,1030,-2578
0055,17:15,1035,-2578
0055,17:20,1040,-2578
0055,17:25,1045,-2578
0055,17:30,1050,-4356
0055,17:35,1055,-4356
0055,17:40,1060,-4356
0055,17:45,1065,-4356
0055,17:50,1070,-5422
0055,17:55,1075,-5422
0055,18:00,1080,-5422
0055,18:05,1085,-5422
0055,18:10,1090,-5867
0055,18:15,1095,-5867
0055,18:20,1100,-5867
0055,18:25,1105,-6044
0055,18:30,1110,-6044
0055,18:35,1115,-6044
0055,18:40,1120,-6044
0055,18:45,1125,-6044
0055,18:50,1130,-6222
0055,18:55,1135,-6222
0055,19:00,1140,-6222
0055,19:05,1145,-6222
0055,19:10,1150,-6222
0055,19:15,1155,-6222
0055,19:20,1160,-6222
0055,19:25,1165,-6311
0055,19:30,1170,-6311
0055,19:35,1175,-6311
0055,19:40,1180,-6311
0055,19:45,1185,-6400
0055,19:50,1190,-6400
0055,19:55,1195,-6400
0055,20:00,1200,-6400
0055,20:05,1205,-6400
0055,20:10,1210,-6489
0055,20:15,1215,-6489
0055,20:20,1220,-6489
0055,20:25,1225,-6489
0055,20:30,1230,-6489
0055,20:35,1235,-6489
0055,20:40,1240,-6489
0055,20:45,1245,-6489
0055,20:50,1250,-6489
0055,20:55,1255,-6489
0055,21:00,1260,-6489
0055,21:05,1265,-6489
0055,21:10,1270,-6489
0055,21:15,1275,-6489
0055,21:20,1280,-6489
0055,21:25,1285,-6489
0055,21:30,1290,-6489
0055,21:35,1295,-6489
0055,21:40,1300,-6489
0055,21:45,1305,-6489
0055,21:50,1310,-6489
0055,21:55,1315,-6489
0055,22:00,1320,-6489
0055,22:05,1325,-6489
0055,22:10,1330,-6489
0055,22:15,1335,-6489
0055,22:20,1340,-6489
0055,22:25,1345,-6489
0055,22:30,1350,-6489
0055,22:35,1355,-6489
0055,22:40,1360,-6489
0055,22:45,1365,-6489
0055,22:50,1370,-6489
0055,22:55,1375,-6489
0055,23:00,1380,-6489
0055,23:05,1385,-6489
0055,23:10,1390,-6489
0055,23:15,1395,-6489
0055,23:16,1396,-6489
0055,23:20,1400,-6489
0056,09:00,540,0
0056,09:05,545,0
0056,09:10,550,0
0056,09:15,555,0
0056,09:20,560,0
0056,09:25,565,0
0056,09:30,570,0
0056,09:35,575,0
0056,09:40,580,0
0056,09:45,585,0
0056,09:50,590,0
0056,09:55,595,0
0056,10:00,600,0
0056,10:05,605,0
0056,10:10,610,0
0056,10:15,615,0
0056,10:20,620,0
0056,10:25,625,0
0056,10:30,630,0
0056,10:35,635,0
0056,10:40,640,0
0056,10:45,645,0
0056,10:50,650,0
0056,10:55,655,0
0056,11:00,660,0
0056,11:05,665,0
0056,11:10,670,0
0056,11:15,675,0
0056,11:20,680,0
0056,11:25,685,0
0056,11:30,690,-89
0056,11:35,695,-89
0056,11:40,700,-89
0056,11:45,705,-1422
0056,11:50,710,-1422
0056,11:55,715,-1422
0056,12:00,720,-1422
0056,12:05,725,2241
0056,12:10,730,2241
0056,12:15,735,2241
0056,12:20,740,2241
0056,12:25,745,2241
0056,12:30,750,5948
0056,12:35,755,5948
0056,12:40,760,5948
0056,12:45,765,5948
0056,12:50,770,4483
0056,12:55,775,4483
0056,13:00,780,4483
0056,13:05,785,3276
0056,13:10,790,3276
0056,13:15,795,3276
0056,13:20,800,3276
0056,13:25,805,2069
0056,13:30,810,2069
0056,13:35,815,2069
0056,13:40,820,2069
0056,13:45,825,2069
0056,13:50,830,1724
0056,13:55,835,1724
0056,14:00,840,1724
0056,14:05,845,1724
0056,14:10,850,776
0056,14:15,855,776
0056,14:20,860,776
0056,14:25,865,776
0056,14:30,870,-178
0056,14:35,875,-178
0056,14:40,880,-178
0056,14:45,885,-1156
0056,14:50,890,-1156
0056,14:55,895,-1156
0056,15:00,900,-1156
0056,15:05,905,-1156
0056,15:10,910,-1156
0056,15:15,915,-1156
0056,15:20,920,-1156
0056,15:25,925,-1156
0056,15:30,930,-2311
0056,15:35,935,-2311
0056,15:40,940,-2311
0056,15:45,945,-3289
0056,15:50,950,-3289
0056,15:55,955,-3289
0056,16:00,960,-3289
0056,16:05,965,-3289
0056,16:10,970,-2133
0056,16:15,975,-2133
0056,16:20,980,-2133
0056,16:25,985,-2133
0056,16:30,990,-3556
0056,16:35,995,-3556
0056,16:40,1000,-3556
0056,16:45,1005,-3556
0056,16:50,1010,-3556
0056,16:55,1015,-3556
0056,17:00,1020,-3556
0056,17:05,1025,-4711
0056,17:10,1030,-4711
0056,17:15,1035,-4711
0056,17:20,1040,-4711
0056,17:25,1045,-4711
0056,17:30,1050,-4711
0056,17:35,1055,-4711
0056,17:40,1060,-4711
0056,17:45,1065,-4711
0056,17:50,1070,-4978
0056,17:55,1075,-4978
0056,18:00,1080,-4978
0056,18:05,1085,-4978
0056,18:10,1090,-5156
0056,18:15,1095,-5156
0056,18:20,1100,-5156
0056,18:25,1105,-5511
0056,18:30,1110,-5511
0056,18:35,1115,-5511
0056,18:40,1120,-5511
0056,18:45,1125,-5511
0056,18:50,1130,-5511
0056,18:55,1135,-5511
0056,19:00,1140,-5511
0056,19:05,1145,-5511
0056,19:10,1150,-5778
0056,19:15,1155,-5778
0056,19:20,1160,-5778
0056,19:25,1165,-6133
0056,19:30,1170,-6133
0056,19:35,1175,-6133
0056,19:40,1180,-6133
0056,19:45,1185,-6222
0056,19:50,1190,-6222
0056,19:55,1195,-6222
0056,20:00,1200,-6222
0056,20:05,1205,-6222
0056,20:10,1210,-6222
0056,20:15,1215,-6222
0056,20:20,1220,-6222
0056,20:25,1225,-6222
0056,20:30,1230,-6222
0056,20:35,1235,-6222
0056,20:40,1240,-6222
0056,20:45,1245,-6222
0056,20:50,1250,-6222
0056,20:55,1255,-6222
0056,21:00,1260,-6222
0056,21:05,1265,-6222
0056,21:10,1270,-6222
0056,21:15,1275,-6222
0056,21:20,1280,-6222
0056,21:25,1285,-6222
0056,21:30,1290,-6222
0056,21:35,1295,-6222
0056,21:40,1300,-6222
0056,21:45,1305,-6222
0056,21:50,1310,-6222
0056,21:55,1315,-6222
0056,22:00,1320,-6222
0056,22:05,1325,-6222
0056,22:10,1330,-6222
0056,22:15,1335,-6222
0056,22:20,1340,-6222
0056,22:25,1345,-6222
0056,22:30,1350,-6222
0056,22:35,1355,-6222
0056,22:40,1360,-6222
0056,22:45,1365,-6222
0056,22:50,1370,-6222
0056,22:55,1375,-6222
0056,23:00,1380,-6222
0056,23:05,1385,-6222
0056,23:10,1390,-6222
0056,23:15,1395,-6222
0056,23:16,1396,-6222
0056,23:20,1400,-6222
0057,09:00,540,0
0057,09:05,545,0
0057,09:10,550,0
0057,09:15,555,0
0057,09:20,560,0
0057,09:25,565,0
0057,09:30,570,0
0057,09:35,575,0
0057,09:40,580,0
0057,09:45,585,0
0057,09:50,590,0
0057,09:55,595,0
0057,10:00,600,0
0057,10:05,605,0
0057,10:10,610,0
0057,10:15,615,0
0057,10:20,620,0
0057,10:25,625,0
0057,10:30,630,0
0057,10:35,635,0
0057,10:40,640,-622
0057,10:45,645,-622
0057,10:50,650,-622
0057,10:55,655,-622
0057,11:00,660,-1244
0057,11:05,665,-1244
0057,11:10,670,-1244
0057,11:15,675,-1244
0057,11:20,680,-1244
0057,11:25,685,-1244
0057,11:30,690,-1333
0057,11:35,695,-1333
0057,11:40,700,-1333
0057,11:45,705,-178
0057,11:50,710,-178
0057,11:55,715,-178
0057,12:00,720,-178
0057,12:05,725,-178
0057,12:10,730,-178
0057,12:15,735,-178
0057,12:20,740,-178
0057,12:25,745,-178
0057,12:30,750,-178
0057,12:35,755,-178
0057,12:40,760,-178
0057,12:45,765,-178
0057,12:50,770,-267
0057,12:55,775,-267
0057,13:00,780,-267
0057,13:05,785,-1333
0057,13:10,790,-1333
0057,13:15,795,-1333
0057,13:20,800,-1333
0057,13:25,805,-2578
0057,13:30,810,-2578
0057,13:35,815,-2578
0057,13:40,820,-2578
0057,13:45,825,-2578
0057,13:50,830,-4178
0057,13:55,835,-4178
0057,14:00,840,-4178
0057,14:05,845,-4178
0057,14:10,850,-5067
0057,14:15,855,-5067
0057,14:20,860,-5067
0057,14:25,865,-5067
0057,14:30,870,-5067
0057,14:35,875,-5067
0057,14:40,880,-5067
0057,14:45,885,-5867
0057,14:50,890,-5867
0057,14:55,895,-5867
0057,15:00,900,-5867
0057,15:05,905,-5867
0057,15:10,910,-6578
0057,15:15,915,-6578
0057,15:20,920,-6578
0057,15:25,925,-6578
0057,15:30,930,1552
0057,15:35,935,1552
0057,15:40,940,1552
0057,15:45,945,690
0057,15:50,950,690
0057,15:55,955,690
0057,16:00,960,690
0057,16:05,965,690
0057,16:10,970,-622
0057,16:15,975,-622
0057,16:20,980,-622
0057,16:25,985,-622
0057,16:30,990,-2133
0057,16:35,995,-2133
0057,16:40,1000,-2133
0057,16:45,1005,-2133
0057,16:50,1010,-3644
0057,16:55,1015,-3644
0057,17:00,1020,-3644
0057,17:05,1025,-4889
0057,17:10,1030,-4889
0057,17:15,1035,-4889
0057,17:20,1040,-4889
0057,17:25,1045,-4889
0057,17:30,1050,-1778
0057,17:35,1055,-1778
0057,17:40,1060,-1778
0057,17:45,1065,-1778
0057,17:50,1070,-800
0057,17:55,1075,-800
0057,18:00,1080,-800
0057,18:05,1085,-800
0057,18:10,1090,1207
0057,18:15,1095,1207
0057,18:20,1100,1207
0057,18:25,1105,3362
0057,18:30,1110,3362
0057,18:35,1115,3362
0057,18:40,1120,3362
0057,18:45,1125,3362
0057,18:50,1130,1897
0057,18:55,1135,1897
0057,19:00,1140,1897
0057,19:05,1145,1897
0057,19:10,1150,776
0057,19:15,1155,776
0057,19:20,1160,776
0057,19:25,1165,776
0057,19:30,1170,776
0057,19:35,1175,776
0057,19:40,1180,776
0057,19:45,1185,776
0057,19:50,1190,776
0057,19:55,1195,776
0057,20:00,1200,776
0057,20:05,1205,776
0057,20:10,1210,776
0057,20:15,1215,776
0057,20:20,1220,776
0057,20:25,1225,776
0057,20:30,1230,776
0057,20:35,1235,776
0057,20:40,1240,776
0057,20:45,1245,776
0057,20:50,1250,776
0057,20:55,1255,776
0057,21:00,1260,776
0057,21:05,1265,776
0057,21:10,1270,776
0057,21:15,1275,776
0057,21:20,1280,776
0057,21:25,1285,776
0057,21:30,1290,517
0057,21:35,1295,517
0057,21:40,1300,517
0057,21:45,1305,517
0057,21:50,1310,517
0057,21:55,1315,517
0057,22:00,1320,517
0057,22:05,1325,517
0057,22:10,1330,517
0057,22:15,1335,517
0057,22:20,1340,517
0057,22:25,1345,517
0057,22:30,1350,517
0057,22:35,1355,517
0057,22:40,1360,517
0057,22:45,1365,517
0057,22:50,1370,517
0057,22:55,1375,517
0057,23:00,1380,517
0057,23:05,1385,517
0057,23:10,1390,517
0057,23:15,1395,517
0057,23:16,1396,517
0057,23:20,1400,517
0058,09:00,540,0
0058,09:05,545,0
0058,09:10,550,0
0058,09:15,555,0
0058,09:20,560,0
0058,09:25,565,0
0058,09:30,570,0
0058,09:35,575,0
0058,09:40,580,0
0058,09:45,585,0
0058,09:50,590,0
0058,09:55,595,0
0058,10:00,600,0
0058,10:05,605,0
0058,10:10,610,0
0058,10:15,615,0
0058,10:20,620,0
0058,10:25,625,0
0058,10:30,630,0
0058,10:35,635,0
0058,10:40,640,-267
0058,10:45,645,-267
0058,10:50,650,-267
0058,10:55,655,-267
0058,11:00,660,-1422
0058,11:05,665,-1422
0058,11:10,670,-1956
0058,11:15,675,-1956
0058,11:20,680,-1956
0058,11:25,685,-1956
0058,11:30,690,-3378
0058,11:35,695,-3378
0058,11:40,700,-3378
0058,11:45,705,-4267
0058,11:50,710,-4267
0058,11:55,715,-4267
0058,12:00,720,-4267
0058,12:05,725,-4533
0058,12:10,730,-4533
0058,12:15,735,-4533
0058,12:20,740,-4533
0058,12:25,745,-4533
0058,12:30,750,-5422
0058,12:35,755,-5422
0058,12:40,760,-5422
0058,12:45,765,-5422
0058,12:50,770,-5778
0058,12:55,775,-5778
0058,13:00,780,-5778
0058,13:05,785,-5956
0058,13:10,790,-5956
0058,13:15,795,-5956
0058,13:20,800,-5956
0058,13:25,805,-6311
0058,13:30,810,-6311
0058,13:35,815,-6311
0058,13:40,820,-6311
0058,13:45,825,-6311
0058,13:50,830,-7556
0058,13:55,835,-7556
0058,14:00,840,-7556
0058,14:05,845,-7556
0058,14:10,850,-7733
0058,14:15,855,-7733
0058,14:20,860,-7733
0058,14:25,865,-7733
0058,14:30,870,-5600
0058,14:35,875,-5600
0058,14:40,880,-5600
0058,14:45,885,-5956
0058,14:50,890,-5956
0058,14:55,895,-5956
0058,15:00,900,-5956
0058,15:05,905,-5956
0058,15:10,910,-5956
0058,15:15,915,-5956
0058,15:20,920,-5956
0058,15:25,925,-5956
0058,15:30,930,-5956
0058,15:35,935,-5956
0058,15:40,940,-5956
0058,15:45,945,-6311
0058,15:50,950,-6311
0058,15:55,955,-6311
0058,16:00,960,-6311
0058,16:05,965,-6311
0058,16:10,970,-7200
0058,16:15,975,-7200
0058,16:20,980,-7200
0058,16:25,985,-7200
0058,16:30,990,-8356
0058,16:35,995,-8356
0058,16:40,1000,-8356
0058,16:45,1005,-8356
0058,16:50,1010,-9156
0058,16:55,1015,-9156
0058,17:00,1020,-9156
0058,17:05,1025,-3822
0058,17:10,1030,-3822
0058,17:15,1035,-3822
0058,17:20,1040,-3822
0058,17:25,1045,-3822
0058,17:30,1050,-4089
0058,17:35,1055,-4089
0058,17:40,1060,-4089
0058,17:45,1065,-4089
0058,17:50,1070,-4089
0058,17:55,1075,-4089
0058,18:00,1080,-4089
0058,18:05,1085,-4089
0058,18:10,1090,-4089
0058,18:15,1095,-4089
0058,18:20,1100,-4089
0058,18:25,1105,-5067
0058,18:30,1110,-5067
0058,18:35,1115,-5067
0058,18:40,1120,-5067
0058,18:45,1125,-5067
0058,18:50,1130,-6044
0058,18:55,1135,-6044
0058,19:00,1140,-6044
0058,19:05,1145,-6044
0058,19:10,1150,-6667
0058,19:15,1155,-6667
0058,19:20,1160,-6667
0058,19:25,1165,-7289
0058,19:30,1170,-7289
0058,19:35,1175,-7289
0058,19:40,1180,-7289
0058,19:45,1185,-7911
0058,19:50,1190,-7911
0058,19:55,1195,-7911
0058,20:00,1200,-7911
0058,20:05,1205,-7911
0058,20:10,1210,-8089
0058,20:15,1215,-8089
0058,20:20,1220,-8089
0058,20:25,1225,-8089
0058,20:30,1230,-8444
0058,20:35,1235,-8444
0058,20:40,1240,-8444
0058,20:45,1245,-8711
0058,20:50,1250,-8711
0058,20:55,1255,-8711
0058,21:00,1260,-8711
0058,21:05,1265,-8711
0058,21:10,1270,-8711
0058,21:15,1275,-8711
0058,21:20,1280,-8711
0058,21:25,1285,-8711
0058,21:30,1290,-8711
0058,21:35,1295,-8711
0058,21:40,1300,-8711
0058,21:45,1305,-8711
0058,21:50,1310,-8711
0058,21:55,1315,-8711
0058,22:00,1320,-8711
0058,22:05,1325,-8711
0058,22:10,1330,-8711
0058,22:15,1335,-8711
0058,22:20,1340,-8711
0058,22:25,1345,-8711
0058,22:30,1350,-8711
0058,22:35,1355,-8711
0058,22:40,1360,-8711
0058,22:45,1365,-8711
0058,22:50,1370,-8711
0058,22:55,1375,-8711
0058,23:00,1380,-8711
0058,23:05,1385,-8711
0058,23:10,1390,-8711
0058,23:15,1395,-8711
0058,23:16,1396,-8711
0058,23:20,1400,-8711
0059,09:00,540,0
0059,09:05,545,0
0059,09:10,550,0
0059,09:15,555,0
0059,09:20,560,0
0059,09:25,565,0
0059,09:30,570,0
0059,09:35,575,0
0059,09:40,580,0
0059,09:45,585,0
0059,09:50,590,0
0059,09:55,595,0
0059,10:00,600,0
0059,10:05,605,0
0059,10:10,610,0
0059,10:15,615,0
0059,10:20,620,0
0059,10:25,625,0
0059,10:30,630,0
0059,10:35,635,0
0059,10:40,640,0
0059,10:45,645,0
0059,10:50,650,0
0059,10:55,655,0
0059,11:00,660,0
0059,11:05,665,0
0059,11:10,670,0
0059,11:15,675,0
0059,11:20,680,0
0059,11:25,685,0
0059,11:30,690,0
0059,11:35,695,0
0059,11:40,700,0
0059,11:45,705,-89
0059,11:50,710,-89
0059,11:55,715,-89
0059,12:00,720,-89
0059,12:05,725,-89
0059,12:10,730,-89
0059,12:15,735,-89
0059,12:20,740,-89
0059,12:25,745,-89
0059,12:30,750,-1333
0059,12:35,755,-1333
0059,12:40,760,-1333
0059,12:45,765,-1333
0059,12:50,770,3707
0059,12:55,775,3707
0059,13:00,780,3707
0059,13:05,785,3879
0059,13:10,790,3879
0059,13:15,795,3879
0059,13:20,800,3879
0059,13:25,805,3707
0059,13:30,810,3707
0059,13:35,815,3707
0059,13:40,820,3707
0059,13:45,825,3707
0059,13:50,830,2414
0059,13:55,835,2414
0059,14:00,840,2414
0059,14:05,845,2414
0059,14:10,850,1293
0059,14:15,855,1293
0059,14:20,860,1293
0059,14:25,865,1293
0059,14:30,870,345
0059,14:35,875,345
0059,14:40,880,345
0059,14:45,885,-1244
0059,14:50,890,-1244
0059,14:55,895,-1244
0059,15:00,900,-1244
0059,15:05,905,-1244
0059,15:10,910,-2578
0059,15:15,915,-2578
0059,15:20,920,-2578
0059,15:25,925,-2578
0059,15:30,930,-4089
0059,15:35,935,-4089
0059,15:40,940,-4089
0059,15:45,945,-5689
0059,15:50,950,-5689
0059,15:55,955,-5689
0059,16:00,960,-5689
0059,16:05,965,-5689
0059,16:10,970,-7022
0059,16:15,975,-7022
0059,16:20,980,-7022
0059,16:25,985,-7022
0059,16:30,990,-2578
0059,16:35,995,-2578
0059,16:40,1000,-2578
0059,16:45,1005,-2578
0059,16:50,1010,5000
0059,16:55,1015,5000
0059,17:00,1020,5000
0059,17:05,1025,4483
0059,17:10,1030,4483
0059,17:15,1035,4483
0059,17:20,1040,4483
0059,17:25,1045,4483
0059,17:30,1050,3362
0059,17:35,1055,3362
0059,17:40,1060,3362
0059,17:45,1065,3362
0059,17:50,1070,1983
0059,17:55,1075,1983
0059,18:00,1080,1983
0059,18:05,1085,1983
0059,18:10,1090,1466
0059,18:15,1095,1466
0059,18:20,1100,1466
0059,18:25,1105,1034
0059,18:30,1110,1034
0059,18:35,1115,1034
0059,18:40,1120,1034
0059,18:45,1125,1034
0059,18:50,1130,1034
0059,18:55,1135,1034
0059,19:00,1140,1034
0059,19:05,1145,1034
0059,19:10,1150,1034
0059,19:15,1155,1034
0059,19:20,1160,1034
0059,19:25,1165,948
0059,19:30,1170,948
0059,19:35,1175,948
0059,19:40,1180,948
0059,19:45,1185,0
0059,19:50,1190,0
0059,19:55,1195,0
0059,20:00,1200,0
0059,20:05,1205,0
0059,20:10,1210,0
0059,20:15,1215,0
0059,20:20,1220,0
0059,20:25,1225,0
0059,20:30,1230,0
0059,20:35,1235,0
0059,20:40,1240,0
0059,20:45,1245,-89
0059,20:50,1250,-89
0059,20:55,1255,-89
0059,21:00,1260,-89
0059,21:05,1265,-89
0059,21:10,1270,-89
0059,21:15,1275,-89
0059,21:20,1280,-89
0059,21:25,1285,-89
0059,21:30,1290,-89
0059,21:35,1295,-89
0059,21:40,1300,-89
0059,21:45,1305,-89
0059,21:50,1310,-89
0059,21:55,1315,-89
0059,22:00,1320,-89
0059,22:05,1325,-178
0059,22:10,1330,-178
0059,22:15,1335,-178
0059,22:20,1340,-178
0059,22:25,1345,-178
0059,22:30,1350,-178
0059,22:35,1355,-178
0059,22:40,1360,-178
0059,22:45,1365,-178
0059,22:50,1370,-178
0059,22:55,1375,-178
0059,23:00,1380,-178
0059,23:05,1385,-178
0059,23:10,1390,-178
0059,23:15,1395,-178
0059,23:16,1396,-178
0059,23:20,1400,-178
0060,09:00,540,0
0060,09:05,545,0
0060,09:10,550,0
0060,09:15,555,0
0060,09:20,560,0
0060,09:25,565,0
0060,09:30,570,0
0060,09:35,575,0
0060,09:40,580,0
0060,09:45,585,0
0060,09:50,590,0
0060,09:55,595,0
0060,10:00,600,0
0060,10:05,605,0
0060,10:10,610,0
0060,10:15,615,0
0060,10:20,620,0
0060,10:25,625,0
0060,10:30,630,0
0060,10:35,635,0
0060,10:40,640,0
0060,10:45,645,0
0060,10:50,650,0
0060,10:55,655,0
0060,11:00,660,0
0060,11:05,665,0
0060,11:10,670,0
0060,11:15,675,0
0060,11:20,680,0
0060,11:25,685,0
0060,11:30,690,0
0060,11:35,695,0
0060,11:40,700,0
0060,11:45,705,0
0060,11:50,710,0
0060,11:55,715,0
0060,12:00,720,0
0060,12:05,725,0
0060,12:10,730,0
0060,12:15,735,0
0060,12:20,740,0
0060,12:25,745,0
0060,12:30,750,-1422
0060,12:35,755,-1422
0060,12:40,760,-1422
0060,12:45,765,-1422
0060,12:50,770,3534
0060,12:55,775,3534
0060,13:00,780,3534
0060,13:05,785,4741
0060,13:10,790,4741
0060,13:15,795,4741
0060,13:20,800,4741
0060,13:25,805,5603
0060,13:30,810,5603
0060,13:35,815,5603
0060,13:40,820,5603
0060,13:45,825,5603
0060,13:50,830,5345
0060,13:55,835,5345
0060,14:00,840,5345
0060,14:05,845,5345
0060,14:10,850,5776
0060,14:15,855,5776
0060,14:20,860,5776
0060,14:25,865,5776
0060,14:30,870,4569
0060,14:35,875,4569
0060,14:40,880,4569
0060,14:45,885,5172
0060,14:50,890,5172
0060,14:55,895,5172
0060,15:00,900,5172
0060,15:05,905,5172
0060,15:10,910,3879
0060,15:15,915,3879
0060,15:20,920,3879
0060,15:25,925,3879
0060,15:30,930,2672
0060,15:35,935,2672
0060,15:40,940,2672
0060,15:45,945,1379
0060,15:50,950,1379
0060,15:55,955,1379
0060,16:00,960,1379
0060,16:05,965,1379
0060,16:10,970,2500
0060,16:15,975,2500
0060,16:20,980,2500
0060,16:25,985,2500
0060,16:30,990,9138
0060,16:35,995,9138
0060,16:40,1000,9138
0060,16:45,1005,9138
0060,16:50,1010,9224
0060,16:55,1015,9224
0060,17:00,1020,9224
0060,17:05,1025,8017
0060,17:10,1030,8017
0060,17:15,1035,8017
0060,17:20,1040,8017
0060,17:25,1045,8017
0060,17:30,1050,6552
0060,17:35,1055,6552
0060,17:40,1060,6552
0060,17:45,1065,6552
0060,17:50,1070,6121
0060,17:55,1075,6121
0060,18:00,1080,6121
0060,18:05,1085,6121
0060,18:10,1090,6121
0060,18:15,1095,6121
0060,18:20,1100,6121
0060,18:25,1105,6121
0060,18:30,1110,6121
0060,18:35,1115,6121
0060,18:40,1120,6121
0060,18:45,1125,6121
0060,18:50,1130,5345
0060,18:55,1135,5345
0060,19:00,1140,5345
0060,19:05,1145,5345
0060,19:10,1150,4483
0060,19:15,1155,4483
0060,19:20,1160,4483
0060,19:25,1165,3276
0060,19:30,1170,3276
0060,19:35,1175,3276
0060,19:40,1180,3276
0060,19:45,1185,3276
0060,19:50,1190,3276
0060,19:55,1195,3276
0060,20:00,1200,3276
0060,20:05,1205,3276
0060,20:10,1210,3276
0060,20:15,1215,3276
0060,20:20,1220,3276
0060,20:25,1225,3276
0060,20:30,1230,4224
0060,20:35,1235,4224
0060,20:40,1240,4224
0060,20:45,1245,3362
0060,20:50,1250,3362
0060,20:55,1255,3362
0060,21:00,1260,3362
0060,21:05,1265,3362
0060,21:10,1270,3362
0060,21:15,1275,3362
0060,21:20,1280,3362
0060,21:25,1285,3362
0060,21:30,1290,3362
0060,21:35,1295,3362
0060,21:40,1300,3362
0060,21:45,1305,3362
0060,21:50,1310,3362
0060,21:55,1315,3362
0060,22:00,1320,3362
0060,22:05,1325,3362
0060,22:10,1330,3362
0060,22:15,1335,3362
0060,22:20,1340,3362
0060,22:25,1345,3362
0060,22:30,1350,3362
0060,22:35,1355,3362
0060,22:40,1360,3362
0060,22:45,1365,3362
0060,22:50,1370,3362
0060,22:55,1375,3362
0060,23:00,1380,3362
0060,23:05,1385,3362
0060,23:10,1390,3362
0060,23:15,1395,3362
0060,23:16,1396,3362
0060,23:20,1400,3362
0061,09:00,540,0
0061,09:05,545,0
0061,09:10,550,0
0061,09:15,555,0
0061,09:20,560,0
0061,09:25,565,0
0061,09:30,570,0
0061,09:35,575,0
0061,09:40,580,0
0061,09:45,585,0
0061,09:50,590,0
0061,09:55,595,0
0061,10:00,600,0
0061,10:05,605,0
0061,10:10,610,0
0061,10:15,615,0
0061,10:20,620,0
0061,10:25,625,-89
0061,10:30,630,-89
0061,10:35,635,-89
0061,10:40,640,-89
0061,10:45,645,-89
0061,10:50,650,-89
0061,10:55,655,-89
0061,11:00,660,-622
0061,11:05,665,-622
0061,11:10,670,-978
0061,11:15,675,-978
0061,11:20,680,-978
0061,11:25,685,-978
0061,11:30,690,-2044
0061,11:35,695,-2044
0061,11:40,700,-2044
0061,11:45,705,-3022
0061,11:50,710,-3022
0061,11:55,715,-3022
0061,12:00,720,-3022
0061,12:05,725,-3289
0061,12:10,730,-3289
0061,12:15,735,-3289
0061,12:20,740,-3289
0061,12:25,745,-3289
0061,12:30,750,-3289
0061,12:35,755,-3289
0061,12:40,760,-3289
0061,12:45,765,-3289
0061,12:50,770,-3467
0061,12:55,775,-3467
0061,13:00,780,-3467
0061,13:05,785,-4267
0061,13:10,790,-4267
0061,13:15,795,-4267
0061,13:20,800,-4267
0061,13:25,805,-5422
0061,13:30,810,-5422
0061,13:35,815,-5422
0061,13:40,820,-5422
0061,13:45,825,-5422
0061,13:50,830,-6044
0061,13:55,835,-6044
0061,14:00,840,-6044
0061,14:05,845,-6044
0061,14:10,850,-6222
0061,14:15,855,-6222
0061,14:20,860,-6222
0061,14:25,865,-6222
0061,14:30,870,-6222
0061,14:35,875,-6222
0061,14:40,880,-6222
0061,14:45,885,-4889
0061,14:50,890,-4889
0061,14:55,895,-4889
0061,15:00,900,-4889
0061,15:05,905,-4889
0061,15:10,910,-889
0061,15:15,915,-889
0061,15:20,920,-889
0061,15:25,925,-889
0061,15:30,930,2414
0061,15:35,935,2414
0061,15:40,940,2414
0061,15:45,945,7845
0061,15:50,950,7845
0061,15:55,955,7845
0061,16:00,960,7845
0061,16:05,965,7845
0061,16:10,970,6983
0061,16:15,975,6983
0061,16:20,980,6983
0061,16:25,985,6983
0061,16:30,990,7328
0061,16:35,995,7328
0061,16:40,1000,7328
0061,16:45,1005,7328
0061,16:50,1010,6207
0061,16:55,1015,6207
0061,17:00,1020,6207
0061,17:05,1025,5345
0061,17:10,1030,5345
0061,17:15,1035,5345
0061,17:20,1040,5345
0061,17:25,1045,5345
0061,17:30,1050,4138
0061,17:35,1055,4138
0061,17:40,1060,4138
0061,17:45,1065,4138
0061,17:50,1070,3534
0061,17:55,1075,3534
0061,18:00,1080,3534
0061,18:05,1085,3534
0061,18:10,1090,5948
0061,18:15,1095,5948
0061,18:20,1100,5948
0061,18:25,1105,4741
0061,18:30,1110,4741
0061,18:35,1115,4741
0061,18:40,1120,4741
0061,18:45,1125,4741
0061,18:50,1130,4052
0061,18:55,1135,4052
0061,19:00,1140,4052
0061,19:05,1145,4052
0061,19:10,1150,4052
0061,19:15,1155,4052
0061,19:20,1160,4052
0061,19:25,1165,3879
0061,19:30,1170,3879
0061,19:35,1175,3879
0061,19:40,1180,3879
0061,19:45,1185,2500
0061,19:50,1190,2500
0061,19:55,1195,2500
0061,20:00,1200,2500
0061,20:05,1205,2500
0061,20:10,1210,1724
0061,20:15,1215,1724
0061,20:20,1220,1724
0061,20:25,1225,1724
0061,20:30,1230,948
0061,20:35,1235,948
0061,20:40,1240,948
0061,20:45,1245,948
0061,20:50,1250,948
0061,20:55,1255,948
0061,21:00,1260,948
0061,21:05,1265,948
0061,21:10,1270,345
0061,21:15,1275,345
0061,21:20,1280,345
0061,21:25,1285,345
0061,21:30,1290,345
0061,21:35,1295,345
0061,21:40,1300,345
0061,21:45,1305,345
0061,21:50,1310,345
0061,21:55,1315,345
0061,22:00,1320,345
0061,22:05,1325,345
0061,22:10,1330,345
0061,22:15,1335,345
0061,22:20,1340,345
0061,22:25,1345,345
0061,22:30,1350,345
0061,22:35,1355,345
0061,22:40,1360,345
0061,22:45,1365,345
0061,22:50,1370,345
0061,22:55,1375,345
0061,23:00,1380,345
0061,23:05,1385,345
0061,23:10,1390,345
0061,23:15,1395,345
0061,23:16,1396,345
0061,23:20,1400,345
0062,09:00,540,0
0062,09:05,545,0
0062,09:10,550,0
0062,09:15,555,0
0062,09:20,560,0
0062,09:25,565,0
0062,09:30,570,0
0062,09:35,575,0
0062,09:40,580,0
0062,09:45,585,0
0062,09:50,590,0
0062,09:55,595,0
0062,10:00,600,0
0062,10:05,605,0
0062,10:10,610,0
0062,10:15,615,0
0062,10:20,620,0
0062,10:25,625,0
0062,10:30,630,0
0062,10:35,635,0
0062,10:40,640,-533
0062,10:45,645,-533
0062,10:50,650,-533
0062,10:55,655,-533
0062,11:00,660,-800
0062,11:05,665,-800
0062,11:10,670,-800
0062,11:15,675,-800
0062,11:20,680,-800
0062,11:25,685,-800
0062,11:30,690,-800
0062,11:35,695,-800
0062,11:40,700,-800
0062,11:45,705,-800
0062,11:50,710,-800
0062,11:55,715,-800
0062,12:00,720,-800
0062,12:05,725,-800
0062,12:10,730,-800
0062,12:15,735,-800
0062,12:20,740,-800
0062,12:25,745,-800
0062,12:30,750,-800
0062,12:35,755,-800
0062,12:40,760,-800
0062,12:45,765,-800
0062,12:50,770,-1422
0062,12:55,775,-1422
0062,13:00,780,-1422
0062,13:05,785,-1422
0062,13:10,790,-1422
0062,13:15,795,-1422
0062,13:20,800,-1422
0062,13:25,805,-1422
0062,13:30,810,-1422
0062,13:35,815,-1422
0062,13:40,820,-1422
0062,13:45,825,-1422
0062,13:50,830,-2133
0062,13:55,835,-2133
0062,14:00,840,-2133
0062,14:05,845,-2133
0062,14:10,850,-3289
0062,14:15,855,-3289
0062,14:20,860,-3289
0062,14:25,865,-3289
0062,14:30,870,-4889
0062,14:35,875,-4889
0062,14:40,880,-4889
0062,14:45,885,-4978
0062,14:50,890,-4978
0062,14:55,895,-4978
0062,15:00,900,-4978
0062,15:05,905,-4978
0062,15:10,910,-4978
0062,15:15,915,-4978
0062,15:20,920,-4978
0062,15:25,925,-4978
0062,15:30,930,-6311
0062,15:35,935,-6311
0062,15:40,940,-6311
0062,15:45,945,-978
0062,15:50,950,-978
0062,15:55,955,-978
0062,16:00,960,-978
0062,16:05,965,-978
0062,16:10,970,1379
0062,16:15,975,1379
0062,16:20,980,1379
0062,16:25,985,1379
0062,16:30,990,431
0062,16:35,995,431
0062,16:40,1000,431
0062,16:45,1005,431
0062,16:50,1010,1034
0062,16:55,1015,1034
0062,17:00,1020,1034
0062,17:05,1025,-267
0062,17:10,1030,-267
0062,17:15,1035,-267
0062,17:20,1040,-267
0062,17:25,1045,-267
0062,17:30,1050,-444
0062,17:35,1055,-444
0062,17:40,1060,-444
0062,17:45,1065,-444
0062,17:50,1070,-444
0062,17:55,1075,-444
0062,18:00,1080,-444
0062,18:05,1085,-444
0062,18:10,1090,-444
0062,18:15,1095,-444
0062,18:20,1100,-444
0062,18:25,1105,-1067
0062,18:30,1110,-1067
0062,18:35,1115,-1067
0062,18:40,1120,-1067
0062,18:45,1125,-1067
0062,18:50,1130,-1244
0062,18:55,1135,-1244
0062,19:00,1140,-1244
0062,19:05,1145,-1244
0062,19:10,1150,-1600
0062,19:15,1155,-1600
0062,19:20,1160,-1600
0062,19:25,1165,-2222
0062,19:30,1170,-2222
0062,19:35,1175,-2222
0062,19:40,1180,-2222
0062,19:45,1185,-2222
0062,19:50,1190,-2222
0062,19:55,1195,-2222
0062,20:00,1200,-2222
0062,20:05,1205,-2222
0062,20:10,1210,-2222
0062,20:15,1215,-2222
0062,20:20,1220,-2222
0062,20:25,1225,-2222
0062,20:30,1230,-2222
0062,20:35,1235,-2222
0062,20:40,1240,-2222
0062,20:45,1245,-2222
0062,20:50,1250,-2222
0062,20:55,1255,-2222
0062,21:00,1260,-2222
0062,21:05,1265,-2222
0062,21:10,1270,-2222
0062,21:15,1275,-2222
0062,21:20,1280,-2222
0062,21:25,1285,-2222
0062,21:30,1290,-2222
0062,21:35,1295,-2222
0062,21:40,1300,-2222
0062,21:45,1305,-2222
0062,21:50,1310,-2222
0062,21:55,1315,-2222
0062,22:00,1320,-2222
0062,22:05,1325,-2222
0062,22:10,1330,-2222
0062,22:15,1335,-2222
0062,22:20,1340,-2222
0062,22:25,1345,-2222
0062,22:30,1350,-2222
0062,22:35,1355,-2222
0062,22:40,1360,-2222
0062,22:45,1365,-2222
0062,22:50,1370,-2222
0062,22:55,1375,-2222
0062,23:00,1380,-2222
0062,23:05,1385,-2222
0062,23:10,1390,-2222
0062,23:15,1395,-2222
0062,23:16,1396,-2222
0062,23:20,1400,-2222
0063,09:00,540,0
0063,09:05,545,0
0063,09:10,550,0
0063,09:15,555,0
0063,09:20,560,0
0063,09:25,565,0
0063,09:30,570,0
0063,09:35,575,0
0063,09:40,580,0
0063,09:45,585,0
0063,09:50,590,0
0063,09:55,595,0
0063,10:00,600,0
0063,10:05,605,0
0063,10:10,610,0
0063,10:15,615,0
0063,10:20,620,0
0063,10:25,625,-444
0063,10:30,630,-444
0063,10:35,635,-444
0063,10:40,640,-444
0063,10:45,645,-444
0063,10:50,650,-444
0063,10:55,655,-444
0063,11:00,660,-444
0063,11:05,665,-444
0063,11:10,670,-444
0063,11:15,675,-444
0063,11:20,680,-444
0063,11:25,685,-444
0063,11:30,690,-444
0063,11:35,695,-444
0063,11:40,700,-444
0063,11:45,705,-800
0063,11:50,710,-800
0063,11:55,715,-800
0063,12:00,720,-800
0063,12:05,725,-1333
0063,12:10,730,-1333
0063,12:15,735,-1333
0063,12:20,740,-1333
0063,12:25,745,-1333
0063,12:30,750,-1956
0063,12:35,755,-1956
0063,12:40,760,-1956
0063,12:45,765,-1956
0063,12:50,770,-3022
0063,12:55,775,-3022
0063,13:00,780,-3022
0063,13:05,785,-3644
0063,13:10,790,-3644
0063,13:15,795,-3644
0063,13:20,800,-3644
0063,13:25,805,-5156
0063,13:30,810,-5156
0063,13:35,815,-5156
0063,13:40,820,-5156
0063,13:45,825,-5156
0063,13:50,830,-1511
0063,13:55,835,-1511
0063,14:00,840,-1511
0063,14:05,845,-1511
0063,14:10,850,5345
0063,14:15,855,5345
0063,14:20,860,5345
0063,14:25,865,5345
0063,14:30,870,7155
0063,14:35,875,7155
0063,14:40,880,7155
0063,14:45,885,6983
0063,14:50,890,6983
0063,14:55,895,6983
0063,15:00,900,6983
0063,15:05,905,6983
0063,15:10,910,6034
0063,15:15,915,6034
0063,15:20,920,6034
0063,15:25,925,6034
0063,15:30,930,6034
0063,15:35,935,6034
0063,15:40,940,6034
0063,15:45,945,4569
0063,15:50,950,4569
0063,15:55,955,4569
0063,16:00,960,4569
0063,16:05,965,4569
0063,16:10,970,3793
0063,16:15,975,3793
0063,16:20,980,3793
0063,16:25,985,3793
0063,16:30,990,3793
0063,16:35,995,3793
0063,16:40,1000,3793
0063,16:45,1005,3793
0063,16:50,1010,3621
0063,16:55,1015,3621
0063,17:00,1020,3621
0063,17:05,1025,3621
0063,17:10,1030,3621
0063,17:15,1035,3621
0063,17:20,1040,3621
0063,17:25,1045,3621
0063,17:30,1050,3621
0063,17:35,1055,3621
0063,17:40,1060,3621
0063,17:45,1065,3621
0063,17:50,1070,3017
0063,17:55,1075,3017
0063,18:00,1080,3017
0063,18:05,1085,3017
0063,18:10,1090,2931
0063,18:15,1095,2931
0063,18:20,1100,2931
0063,18:25,1105,2931
0063,18:30,1110,2931
0063,18:35,1115,2931
0063,18:40,1120,2931
0063,18:45,1125,2931
0063,18:50,1130,2241
0063,18:55,1135,2241
0063,19:00,1140,2241
0063,19:05,1145,2241
0063,19:10,1150,1466
0063,19:15,1155,1466
0063,19:20,1160,1466
0063,19:25,1165,431
0063,19:30,1170,431
0063,19:35,1175,431
0063,19:40,1180,431
0063,19:45,1185,-533
0063,19:50,1190,-533
0063,19:55,1195,-533
0063,20:00,1200,-533
0063,20:05,1205,-533
0063,20:10,1210,-1422
0063,20:15,1215,-1422
0063,20:20,1220,-1422
0063,20:25,1225,-1422
0063,20:30,1230,-1422
0063,20:35,1235,-1422
0063,20:40,1240,-1422
0063,20:45,1245,-1689
0063,20:50,1250,-1689
0063,20:55,1255,-1689
0063,21:00,1260,-1689
0063,21:05,1265,-1689
0063,21:10,1270,-1956
0063,21:15,1275,-1956
0063,21:20,1280,-1956
0063,21:25,1285,-1956
0063,21:30,1290,-1956
0063,21:35,1295,-1956
0063,21:40,1300,-1956
0063,21:45,1305,-1956
0063,21:50,1310,-1956
0063,21:55,1315,-1956
0063,22:00,1320,-1956
0063,22:05,1325,-1956
0063,22:10,1330,-1956
0063,22:15,1335,-1956
0063,22:20,1340,-1956
0063,22:25,1345,-1956
0063,22:30,1350,-1956
0063,22:35,1355,-1956
0063,22:40,1360,-1956
0063,22:45,1365,-1956
0063,22:50,1370,-1956
0063,22:55,1375,-1956
0063,23:00,1380,-1956
0063,23:05,1385,-1956
0063,23:10,1390,-1956
0063,23:15,1395,-1956
0063,23:16,1396,-1956
0063,23:20,1400,-1956
0064,09:00,540,0
0064,09:05,545,0
0064,09:10,550,0
0064,09:15,555,0
0064,09:20,560,0
0064,09:25,565,0
0064,09:30,570,0
0064,09:35,575,0
0064,09:40,580,0
0064,09:45,585,0
0064,09:50,590,0
0064,09:55,595,0
0064,10:00,600,0
0064,10:05,605,0
0064,10:10,610,0
0064,10:15,615,0
0064,10:20,620,0
0064,10:25,625,0
0064,10:30,630,0
0064,10:35,635,0
0064,10:40,640,-178
0064,10:45,645,-178
0064,10:50,650,-178
0064,10:55,655,-178
0064,11:00,660,-178
0064,11:05,665,-178
0064,11:10,670,-178
0064,11:15,675,-178
0064,11:20,680,-178
0064,11:25,685,-178
0064,11:30,690,-356
0064,11:35,695,-356
0064,11:40,700,-356
0064,11:45,705,-889
0064,11:50,710,-889
0064,11:55,715,-889
0064,12:00,720,-889
0064,12:05,725,-889
0064,12:10,730,-889
0064,12:15,735,-889
0064,12:20,740,-889
0064,12:25,745,-889
0064,12:30,750,-1778
0064,12:35,755,-1778
0064,12:40,760,-1778
0064,12:45,765,-1778
0064,12:50,770,-2133
0064,12:55,775,-2133
0064,13:00,780,-2133
0064,13:05,785,-2133
0064,13:10,790,-2133
0064,13:15,795,-2133
0064,13:20,800,-2133
0064,13:25,805,-1778
0064,13:30,810,-1778
0064,13:35,815,-1778
0064,13:40,820,-1778
0064,13:45,825,-1778
0064,13:50,830,-2667
0064,13:55,835,-2667
0064,14:00,840,-2667
0064,14:05,845,-2667
0064,14:10,850,-3556
0064,14:15,855,-3556
0064,14:20,860,-3556
0064,14:25,865,-3556
0064,14:30,870,-3556
0064,14:35,875,-3556
0064,14:40,880,-3556
0064,14:45,885,-4444
0064,14:50,890,-4444
0064,14:55,895,-4444
0064,15:00,900,-4444
0064,15:05,905,-4444
0064,15:10,910,-5867
0064,15:15,915,-5867
0064,15:20,920,-5867
0064,15:25,925,-5867
0064,15:30,930,-3911
0064,15:35,935,-3911
0064,15:40,940,-3911
0064,15:45,945,-4089
0064,15:50,950,-4089
0064,15:55,955,-4089
0064,16:00,960,-4089
0064,16:05,965,-4089
0064,16:10,970,-4089
0064,16:15,975,-4089
0064,16:20,980,-4089
0064,16:25,985,-4089
0064,16:30,990,-4267
0064,16:35,995,-4267
0064,16:40,1000,-4267
0064,16:45,1005,-4267
0064,16:50,1010,-5156
0064,16:55,1015,-5156
0064,17:00,1020,-5156
0064,17:05,1025,-6044
0064,17:10,1030,-6044
0064,17:15,1035,-6044
0064,17:20,1040,-6044
0064,17:25,1045,-6044
0064,17:30,1050,-7822
0064,17:35,1055,-7822
0064,17:40,1060,-7822
0064,17:45,1065,-7822
0064,17:50,1070,-6756
0064,17:55,1075,-6756
0064,18:00,1080,-6756
0064,18:05,1085,-6756
0064,18:10,1090,0
0064,18:15,1095,0
0064,18:20,1100,0
0064,18:25,1105,1379
0064,18:30,1110,1379
0064,18:35,1115,1379
0064,18:40,1120,1379
0064,18:45,1125,1379
0064,18:50,1130,517
0064,18:55,1135,517
0064,19:00,1140,517
0064,19:05,1145,517
0064,19:10,1150,517
0064,19:15,1155,517
0064,19:20,1160,517
0064,19:25,1165,0
0064,19:30,1170,0
0064,19:35,1175,0
0064,19:40,1180,0
0064,19:45,1185,-533
0064,19:50,1190,-533
0064,19:55,1195,-533
0064,20:00,1200,-533
0064,20:05,1205,-533
0064,20:10,1210,1897
0064,20:15,1215,1897
0064,20:20,1220,1897
0064,20:25,1225,1897
0064,20:30,1230,10000
0064,20:35,1235,10000
0064,20:40,1240,10000
0064,20:45,1245,10862
0064,20:50,1250,10862
0064,20:55,1255,10862
0064,21:00,1260,10862
0064,21:05,1265,10862
0064,21:10,1270,10690
0064,21:15,1275,10690
0064,21:20,1280,10690
0064,21:25,1285,10690
0064,21:30,1290,10690
0064,21:35,1295,10690
0064,21:40,1300,10690
0064,21:45,1305,10690
0064,21:50,1310,10690
0064,21:55,1315,10690
0064,22:00,1320,10690
0064,22:05,1325,10690
0064,22:10,1330,10690
0064,22:15,1335,10690
0064,22:20,1340,10690
0064,22:25,1345,10690
0064,22:30,1350,10690
0064,22:35,1355,10690
0064,22:40,1360,10690
0064,22:45,1365,10690
0064,22:50,1370,10690
0064,22:55,1375,10690
0064,23:00,1380,10690
0064,23:05,1385,10690
0064,23:10,1390,10690
0064,23:15,1395,10690
0064,23:16,1396,10690
0064,23:20,1400,10690
0065,09:00,540,0
0065,09:05,545,0
0065,09:10,550,0
0065,09:15,555,0
0065,09:20,560,0
0065,09:25,565,0
0065,09:30,570,0
0065,09:35,575,0
0065,09:40,580,0
0065,09:45,585,0
0065,09:50,590,0
0065,09:55,595,0
0065,10:00,600,0
0065,10:05,605,0
0065,10:10,610,-356
0065,10:15,615,-356
0065,10:20,620,-356
0065,10:25,625,-889
0065,10:30,630,-889
0065,10:35,635,-889
0065,10:40,640,-889
0065,10:45,645,-889
0065,10:50,650,-889
0065,10:55,655,-889
0065,11:00,660,-889
0065,11:05,665,-889
0065,11:10,670,-889
0065,11:15,675,-889
0065,11:20,680,-889
0065,11:25,685,-889
0065,11:30,690,-1244
0065,11:35,695,-1244
0065,11:40,700,-1244
0065,11:45,705,-2133
0065,11:50,710,-2133
0065,11:55,715,-2133
0065,12:00,720,-2133
0065,12:05,725,-2667
0065,12:10,730,-2667
0065,12:15,735,-2667
0065,12:20,740,-2667
0065,12:25,745,-2667
0065,12:30,750,-3022
0065,12:35,755,-3022
0065,12:40,760,-3022
0065,12:45,765,-3022
0065,12:50,770,-4089
0065,12:55,775,-4089
0065,13:00,780,-4089
0065,13:05,785,-2489
0065,13:10,790,-2489
0065,13:15,795,-2489
0065,13:20,800,-2489
0065,13:25,805,0
0065,13:30,810,0
0065,13:35,815,0
0065,13:40,820,0
0065,13:45,825,0
0065,13:50,830,-1600
0065,13:55,835,-1600
0065,14:00,840,-1600
0065,14:05,845,-1600
0065,14:10,850,-3022
0065,14:15,855,-3022
0065,14:20,860,-3022
0065,14:25,865,-3022
0065,14:30,870,1724
0065,14:35,875,1724
0065,14:40,880,1724
0065,14:45,885,862
0065,14:50,890,862
0065,14:55,895,862
0065,15:00,900,862
0065,15:05,905,862
0065,15:10,910,-356
0065,15:15,915,-356
0065,15:20,920,-356
0065,15:25,925,-356
0065,15:30,930,-2133
0065,15:35,935,-2133
0065,15:40,940,-2133
0065,15:45,945,-3556
0065,15:50,950,-3556
0065,15:55,955,-3556
0065,16:00,960,-3556
0065,16:05,965,-3556
0065,16:10,970,-4800
0065,16:15,975,-4800
0065,16:20,980,-4800
0065,16:25,985,-4800
0065,16:30,990,-4800
0065,16:35,995,-4800
0065,16:40,1000,-4800
0065,16:45,1005,-4800
0065,16:50,1010,-6400
0065,16:55,1015,-6400
0065,17:00,1020,-6400
0065,17:05,1025,-7644
0065,17:10,1030,-7644
0065,17:15,1035,-7644
0065,17:20,1040,-7644
0065,17:25,1045,-7644
0065,17:30,1050,-9067
0065,17:35,1055,-9067
0065,17:40,1060,-9067
0065,17:45,1065,-9067
0065,17:50,1070,-9778
0065,17:55,1075,-9778
0065,18:00,1080,-9778
0065,18:05,1085,-9778
0065,18:10,1090,-9778
0065,18:15,1095,-9778
0065,18:20,1100,-9778
0065,18:25,1105,-10489
0065,18:30,1110,-10489
0065,18:35,1115,-10489
0065,18:40,1120,-10489
0065,18:45,1125,-10489
0065,18:50,1130,-10667
0065,18:55,1135,-10667
0065,19:00,1140,-10667
0065,19:05,1145,-10667
0065,19:10,1150,-10667
0065,19:15,1155,-10667
0065,19:20,1160,-10667
0065,19:25,1165,-11200
0065,19:30,1170,-11200
0065,19:35,1175,-11200
0065,19:40,1180,-11200
0065,19:45,1185,-11733
0065,19:50,1190,-11733
0065,19:55,1195,-11733
0065,20:00,1200,-11733
0065,20:05,1205,-11733
0065,20:10,1210,-11733
0065,20:15,1215,-11733
0065,20:20,1220,-11733
0065,20:25,1225,-11733
0065,20:30,1230,-11733
0065,20:35,1235,-11733
0065,20:40,1240,-11733
0065,20:45,1245,-11733
0065,20:50,1250,-11733
0065,20:55,1255,-11733
0065,21:00,1260,-11733
0065,21:05,1265,-11733
0065,21:10,1270,-11733
0065,21:15,1275,-11733
0065,21:20,1280,-11733
0065,21:25,1285,-11733
0065,21:30,1290,-11733
0065,21:35,1295,-11733
0065,21:40,1300,-11733
0065,21:45,1305,-11733
0065,21:50,1310,-11733
0065,21:55,1315,-11733
0065,22:00,1320,-11733
0065,22:05,1325,-11733
0065,22:10,1330,-11733
0065,22:15,1335,-11733
0065,22:20,1340,-11733
0065,22:25,1345,-11733
0065,22:30,1350,-11733
0065,22:35,1355,-11733
0065,22:40,1360,-11733
0065,22:45,1365,-11733
0065,22:50,1370,-11733
0065,22:55,1375,-11733
0065,23:00,1380,-11733
0065,23:05,1385,-11733
0065,23:10,1390,-11733
0065,23:15,1395,-11733
0065,23:16,1396,-11733
0065,23:20,1400,-11733
0066,09:00,540,0
0066,09:05,545,0
0066,09:10,550,0
0066,09:15,555,0
0066,09:20,560,0
0066,09:25,565,0
0066,09:30,570,0
0066,09:35,575,0
0066,09:40,580,0
0066,09:45,585,0
0066,09:50,590,0
0066,09:55,595,0
0066,10:00,600,0
0066,10:05,605,0
0066,10:10,610,0
0066,10:15,615,0
0066,10:20,620,0
0066,10:25,625,0
0066,10:30,630,0
0066,10:35,635,0
0066,10:40,640,0
0066,10:45,645,0
0066,10:50,650,0
0066,10:55,655,0
0066,11:00,660,0
0066,11:05,665,0
0066,11:10,670,0
0066,11:15,675,0
0066,11:20,680,0
0066,11:25,685,0
0066,11:30,690,0
0066,11:35,695,0
0066,11:40,700,0
0066,11:45,705,0
0066,11:50,710,0
0066,11:55,715,0
0066,12:00,720,0
0066,12:05,725,0
0066,12:10,730,0
0066,12:15,735,0
0066,12:20,740,0
0066,12:25,745,0
0066,12:30,750,0
0066,12:35,755,0
0066,12:40,760,0
0066,12:45,765,0
0066,12:50,770,0
0066,12:55,775,0
0066,13:00,780,0
0066,13:05,785,0
0066,13:10,790,0
0066,13:15,795,0
0066,13:20,800,0
0066,13:25,805,0
0066,13:30,810,0
0066,13:35,815,0
0066,13:40,820,0
0066,13:45,825,0
0066,13:50,830,0
0066,13:55,835,0
0066,14:00,840,0
0066,14:05,845,0
0066,14:10,850,0
0066,14:15,855,0
0066,14:20,860,0
0066,14:25,865,0
0066,14:30,870,0
0066,14:35,875,0
0066,14:40,880,0
0066,14:45,885,0
0066,14:50,890,0
0066,14:55,895,0
0066,15:00,900,0
0066,15:05,905,0
0066,15:10,910,0
0066,15:15,915,0
0066,15:20,920,0
0066,15:25,925,0
0066,15:30,930,0
0066,15:35,935,0
0066,15:40,940,0
0066,15:45,945,-978
0066,15:50,950,-978
0066,15:55,955,-978
0066,16:00,960,-978
0066,16:05,965,-978
0066,16:10,970,-1511
0066,16:15,975,-1511
0066,16:20,980,-1511
0066,16:25,985,-1511
0066,16:30,990,-711
0066,16:35,995,-711
0066,16:40,1000,-711
0066,16:45,1005,-711
0066,16:50,1010,3793
0066,16:55,1015,3793
0066,17:00,1020,3793
0066,17:05,1025,3879
0066,17:10,1030,3879
0066,17:15,1035,3879
0066,17:20,1040,3879
0066,17:25,1045,3879
0066,17:30,1050,2586
0066,17:35,1055,2586
0066,17:40,1060,2586
0066,17:45,1065,2586
0066,17:50,1070,2586
0066,17:55,1075,2586
0066,18:00,1080,2586
0066,18:05,1085,2586
0066,18:10,1090,2241
0066,18:15,1095,2241
0066,18:20,1100,2241
0066,18:25,1105,7069
0066,18:30,1110,7069
0066,18:35,1115,7069
0066,18:40,1120,7069
0066,18:45,1125,7069
0066,18:50,1130,6293
0066,18:55,1135,6293
0066,19:00,1140,6293
0066,19:05,1145,6293
0066,19:10,1150,7069
0066,19:15,1155,7069
0066,19:20,1160,7069
0066,19:25,1165,6466
0066,19:30,1170,6466
0066,19:35,1175,6466
0066,19:40,1180,6466
0066,19:45,1185,5948
0066,19:50,1190,5948
0066,19:55,1195,5948
0066,20:00,1200,5948
0066,20:05,1205,5948
0066,20:10,1210,5172
0066,20:15,1215,5172
0066,20:20,1220,5172
0066,20:25,1225,5172
0066,20:30,1230,5172
0066,20:35,1235,5172
0066,20:40,1240,5172
0066,20:45,1245,5172
0066,20:50,1250,5172
0066,20:55,1255,5172
0066,21:00,1260,5172
0066,21:05,1265,5172
0066,21:10,1270,5172
0066,21:15,1275,5172
0066,21:20,1280,5172
0066,21:25,1285,5172
0066,21:30,1290,5172
0066,21:35,1295,5172
0066,21:40,1300,5172
0066,21:45,1305,5172
0066,21:50,1310,5172
0066,21:55,1315,5172
0066,22:00,1320,5172
0066,22:05,1325,5172
0066,22:10,1330,5172
0066,22:15,1335,5172
0066,22:20,1340,5172
0066,22:25,1345,5172
0066,22:30,1350,5172
0066,22:35,1355,5172
0066,22:40,1360,5172
0066,22:45,1365,5172
0066,22:50,1370,5172
0066,22:55,1375,5172
0066,23:00,1380,5172
0066,23:05,1385,5172
0066,23:10,1390,5172
0066,23:15,1395,5172
0066,23:16,1396,5172
0066,23:20,1400,5172
0067,09:00,540,0
0067,09:05,545,0
0067,09:10,550,0
0067,09:15,555,0
0067,09:20,560,0
0067,09:25,565,0
0067,09:30,570,0
0067,09:35,575,0
0067,09:40,580,0
0067,09:45,585,0
0067,09:50,590,0
0067,09:55,595,0
0067,10:00,600,0
0067,10:05,605,0
0067,10:10,610,0
0067,10:15,615,0
0067,10:20,620,0
0067,10:25,625,-178
0067,10:30,630,-178
0067,10:35,635,-178
0067,10:40,640,-889
0067,10:45,645,-889
0067,10:50,650,-889
0067,10:55,655,-889
0067,11:00,660,-1422
0067,11:05,665,-1422
0067,11:10,670,-1956
0067,11:15,675,-1956
0067,11:20,680,-1956
0067,11:25,685,-1956
0067,11:30,690,-2667
0067,11:35,695,-2667
0067,11:40,700,-2667
0067,11:45,705,-2667
0067,11:50,710,-2667
0067,11:55,715,-2667
0067,12:00,720,-2667
0067,12:05,725,-3200
0067,12:10,730,-3200
0067,12:15,735,-3200
0067,12:20,740,-3200
0067,12:25,745,-3200
0067,12:30,750,-3733
0067,12:35,755,-3733
0067,12:40,760,-3733
0067,12:45,765,-3733
0067,12:50,770,-4267
0067,12:55,775,-4267
0067,13:00,780,-4267
0067,13:05,785,-4622
0067,13:10,790,-4622
0067,13:15,795,-4622
0067,13:20,800,-4622
0067,13:25,805,-5156
0067,13:30,810,-5156
0067,13:35,815,-5156
0067,13:40,820,-5156
0067,13:45,825,-5156
0067,13:50,830,-6578
0067,13:55,835,-6578
0067,14:00,840,-6578
0067,14:05,845,-6578
0067,14:10,850,-7822
0067,14:15,855,-7822
0067,14:20,860,-7822
0067,14:25,865,-7822
0067,14:30,870,-9422
0067,14:35,875,-9422
0067,14:40,880,-9422
0067,14:45,885,-10311
0067,14:50,890,-10311
0067,14:55,895,-10311
0067,15:00,900,-10311
0067,15:05,905,-10311
0067,15:10,910,-11022
0067,15:15,915,-11022
0067,15:20,920,-11022
0067,15:25,925,-11022
0067,15:30,930,-11378
0067,15:35,935,-11378
0067,15:40,940,-11378
0067,15:45,945,-11378
0067,15:50,950,-11378
0067,15:55,955,-11378
0067,16:00,960,-11378
0067,16:05,965,-11378
0067,16:10,970,-11022
0067,16:15,975,-11022
0067,16:20,980,-11022
0067,16:25,985,-11022
0067,16:30,990,-5511
0067,16:35,995,-5511
0067,16:40,1000,-5511
0067,16:45,1005,-5511
0067,16:50,1010,-3378
0067,16:55,1015,-3378
0067,17:00,1020,-3378
0067,17:05,1025,-4622
0067,17:10,1030,-4622
0067,17:15,1035,-4622
0067,17:20,1040,-4622
0067,17:25,1045,-4622
0067,17:30,1050,-5867
0067,17:35,1055,-5867
0067,17:40,1060,-5867
0067,17:45,1065,-5867
0067,17:50,1070,-6756
0067,17:55,1075,-6756
0067,18:00,1080,-6756
0067,18:05,1085,-6756
0067,18:10,1090,-7111
0067,18:15,1095,-7111
0067,18:20,1100,-7111
0067,18:25,1105,-7467
0067,18:30,1110,-7467
0067,18:35,1115,-7467
0067,18:40,1120,-7467
0067,18:45,1125,-7467
0067,18:50,1130,-7822
0067,18:55,1135,-7822
0067,19:00,1140,-7822
0067,19:05,1145,-7822
0067,19:10,1150,-7822
0067,19:15,1155,-7822
0067,19:20,1160,-7822
0067,19:25,1165,-8533
0067,19:30,1170,-8533
0067,19:35,1175,-8533
0067,19:40,1180,-8533
0067,19:45,1185,-9422
0067,19:50,1190,-9422
0067,19:55,1195,-9422
0067,20:00,1200,-9422
0067,20:05,1205,-9422
0067,20:10,1210,-9600
0067,20:15,1215,-9600
0067,20:20,1220,-9600
0067,20:25,1225,-9600
0067,20:30,1230,-9600
0067,20:35,1235,-9600
0067,20:40,1240,-9600
0067,20:45,1245,-9600
0067,20:50,1250,-9600
0067,20:55,1255,-9600
0067,21:00,1260,-9600
0067,21:05,1265,-9600
0067,21:10,1270,-9600
0067,21:15,1275,-9600
0067,21:20,1280,-9600
0067,21:25,1285,-9600
0067,21:30,1290,-4444
0067,21:35,1295,-4444
0067,21:40,1300,-4444
0067,21:45,1305,-4622
0067,21:50,1310,-4622
0067,21:55,1315,-4622
0067,22:00,1320,-4622
0067,22:05,1325,-4622
0067,22:10,1330,-4622
0067,22:15,1335,-4622
0067,22:20,1340,-4622
0067,22:25,1345,-4622
0067,22:30,1350,-4622
0067,22:35,1355,-4622
0067,22:40,1360,-4622
0067,22:45,1365,-4622
0067,22:50,1370,-4622
0067,22:55,1375,-4622
0067,23:00,1380,-4622
0067,23:05,1385,-4622
0067,23:10,1390,-4622
0067,23:15,1395,-4622
0067,23:16,1396,-4622
0067,23:20,1400,-4622
0068,09:00,540,0
0068,09:05,545,0
0068,09:10,550,0
0068,09:15,555,0
0068,09:20,560,0
0068,09:25,565,0
0068,09:30,570,0
0068,09:35,575,0
0068,09:40,580,0
0068,09:45,585,0
0068,09:50,590,0
0068,09:55,595,0
0068,10:00,600,0
0068,10:05,605,0
0068,10:10,610,0
0068,10:15,615,0
0068,10:20,620,0
0068,10:25,625,0
0068,10:30,630,0
0068,10:35,635,0
0068,10:40,640,0
0068,10:45,645,0
0068,10:50,650,0
0068,10:55,655,0
0068,11:00,660,0
0068,11:05,665,0
0068,11:10,670,0
0068,11:15,675,0
0068,11:20,680,0
0068,11:25,685,0
0068,11:30,690,0
0068,11:35,695,0
0068,11:40,700,0
0068,11:45,705,0
0068,11:50,710,0
0068,11:55,715,0
0068,12:00,720,0
0068,12:05,725,-444
0068,12:10,730,-444
0068,12:15,735,-444
0068,12:20,740,-444
0068,12:25,745,-444
0068,12:30,750,-622
0068,12:35,755,-622
0068,12:40,760,-622
0068,12:45,765,-622
0068,12:50,770,-622
0068,12:55,775,-622
0068,13:00,780,-622
0068,13:05,785,-622
0068,13:10,790,-622
0068,13:15,795,-622
0068,13:20,800,-622
0068,13:25,805,-800
0068,13:30,810,-800
0068,13:35,815,-800
0068,13:40,820,-800
0068,13:45,825,-800
0068,13:50,830,-1867
0068,13:55,835,-1867
0068,14:00,840,-1867
0068,14:05,845,-1867
0068,14:10,850,-1867
0068,14:15,855,-1867
0068,14:20,860,-1867
0068,14:25,865,-1867
0068,14:30,870,-1867
0068,14:35,875,-1867
0068,14:40,880,-1867
0068,14:45,885,-889
0068,14:50,890,-889
0068,14:55,895,-889
0068,15:00,900,-889
0068,15:05,905,-889
0068,15:10,910,-1778
0068,15:15,915,-1778
0068,15:20,920,-1778
0068,15:25,925,-1778
0068,15:30,930,-1422
0068,15:35,935,-1422
0068,15:40,940,-1422
0068,15:45,945,-1778
0068,15:50,950,-1778
0068,15:55,955,-1778
0068,16:00,960,-1778
0068,16:05,965,-1778
0068,16:10,970,-1156
0068,16:15,975,-1156
0068,16:20,980,-1156
0068,16:25,985,-1156
0068,16:30,990,-356
0068,16:35,995,-356
0068,16:40,1000,-356
0068,16:45,1005,-356
0068,16:50,1010,-1600
0068,16:55,1015,-1600
0068,17:00,1020,-1600
0068,17:05,1025,-2844
0068,17:10,1030,-2844
0068,17:15,1035,-2844
0068,17:20,1040,-2844
0068,17:25,1045,-2844
0068,17:30,1050,-4444
0068,17:35,1055,-4444
0068,17:40,1060,-4444
0068,17:45,1065,-4444
0068,17:50,1070,-711
0068,17:55,1075,-711
0068,18:00,1080,-711
0068,18:05,1085,-711
0068,18:10,1090,1552
0068,18:15,1095,1552
0068,18:20,1100,1552
0068,18:25,1105,1897
0068,18:30,1110,1897
0068,18:35,1115,1897
0068,18:40,1120,1897
0068,18:45,1125,1897
0068,18:50,1130,1466
0068,18:55,1135,1466
0068,19:00,1140,1466
0068,19:05,1145,1466
0068,19:10,1150,1897
0068,19:15,1155,1897
0068,19:20,1160,1897
0068,19:25,1165,3103
0068,19:30,1170,3103
0068,19:35,1175,3103
0068,19:40,1180,3103
0068,19:45,1185,3103
0068,19:50,1190,3103
0068,19:55,1195,3103
0068,20:00,1200,3103
0068,20:05,1205,3103
0068,20:10,1210,3103
0068,20:15,1215,3103
0068,20:20,1220,3103
0068,20:25,1225,3103
0068,20:30,1230,3103
0068,20:35,1235,3103
0068,20:40,1240,3103
0068,20:45,1245,2759
0068,20:50,1250,2759
0068,20:55,1255,2759
0068,21:00,1260,2759
0068,21:05,1265,2759
0068,21:10,1270,2759
0068,21:15,1275,2759
0068,21:20,1280,2759
0068,21:25,1285,2759
0068,21:30,1290,2759
0068,21:35,1295,2759
0068,21:40,1300,2759
0068,21:45,1305,2759
0068,21:50,1310,2759
0068,21:55,1315,2759
0068,22:00,1320,2759
0068,22:05,1325,2759
0068,22:10,1330,2759
0068,22:15,1335,2759
0068,22:20,1340,2759
0068,22:25,1345,2759
0068,22:30,1350,2759
0068,22:35,1355,2759
0068,22:40,1360,2759
0068,22:45,1365,2759
0068,22:50,1370,2759
0068,22:55,1375,2759
0068,23:00,1380,2759
0068,23:05,1385,2759
0068,23:10,1390,2759
0068,23:15,1395,2759
0068,23:16,1396,2759
0068,23:20,1400,2759
0069,09:00,540,0
0069,09:05,545,0
0069,09:10,550,0
0069,09:15,555,0
0069,09:20,560,0
0069,09:25,565,0
0069,09:30,570,0
0069,09:35,575,0
0069,09:40,580,0
0069,09:45,585,0
0069,09:50,590,0
0069,09:55,595,0
0069,10:00,600,0
0069,10:05,605,0
0069,10:10,610,-356
0069,10:15,615,-356
0069,10:20,620,-356
0069,10:25,625,-1600
0069,10:30,630,-1600
0069,10:35,635,-1600
0069,10:40,640,862
0069,10:45,645,862
0069,10:50,650,862
0069,10:55,655,862
0069,11:00,660,-178
0069,11:05,665,-178
0069,11:10,670,-711
0069,11:15,675,-711
0069,11:20,680,-711
0069,11:25,685,-711
0069,11:30,690,-2311
0069,11:35,695,-2311
0069,11:40,700,-2311
0069,11:45,705,-1422
0069,11:50,710,-1422
0069,11:55,715,-1422
0069,12:00,720,-1422
0069,12:05,725,-1067
0069,12:10,730,-1067
0069,12:15,735,-1067
0069,12:20,740,-1067
0069,12:25,745,-1067
0069,12:30,750,3966
0069,12:35,755,3966
0069,12:40,760,3966
0069,12:45,765,3966
0069,12:50,770,4828
0069,12:55,775,4828
0069,13:00,780,4828
0069,13:05,785,3621
0069,13:10,790,3621
0069,13:15,795,3621
0069,13:20,800,3621
0069,13:25,805,2241
0069,13:30,810,2241
0069,13:35,815,2241
0069,13:40,820,2241
0069,13:45,825,2241
0069,13:50,830,1207
0069,13:55,835,1207
0069,14:00,840,1207
0069,14:05,845,1207
0069,14:10,850,0
0069,14:15,855,0
0069,14:20,860,0
0069,14:25,865,0
0069,14:30,870,-1778
0069,14:35,875,-1778
0069,14:40,880,-1778
0069,14:45,885,-3200
0069,14:50,890,-3200
0069,14:55,895,-3200
0069,15:00,900,-3200
0069,15:05,905,-3200
0069,15:10,910,-4267
0069,15:15,915,-4267
0069,15:20,920,-4267
0069,15:25,925,-4267
0069,15:30,930,-5867
0069,15:35,935,-5867
0069,15:40,940,-5867
0069,15:45,945,1379
0069,15:50,950,1379
0069,15:55,955,1379
0069,16:00,960,1379
0069,16:05,965,1379
0069,16:10,970,5517
0069,16:15,975,5517
0069,16:20,980,5517
0069,16:25,985,5517
0069,16:30,990,14483
0069,16:35,995,14483
0069,16:40,1000,14483
0069,16:45,1005,14483
0069,16:50,1010,15690
0069,16:55,1015,15690
0069,17:00,1020,15690
0069,17:05,1025,15690
0069,17:10,1030,15690
0069,17:15,1035,15690
0069,17:20,1040,15690
0069,17:25,1045,15690
0069,17:30,1050,15690
0069,17:35,1055,15690
0069,17:40,1060,15690
0069,17:45,1065,15690
0069,17:50,1070,15690
0069,17:55,1075,15690
0069,18:00,1080,15690
0069,18:05,1085,15690
0069,18:10,1090,15690
0069,18:15,1095,15690
0069,18:20,1100,15690
0069,18:25,1105,15172
0069,18:30,1110,15172
0069,18:35,1115,15172
0069,18:40,1120,15172
0069,18:45,1125,15172
0069,18:50,1130,13621
0069,18:55,1135,13621
0069,19:00,1140,13621
0069,19:05,1145,13621
0069,19:10,1150,13276
0069,19:15,1155,13276
0069,19:20,1160,13276
0069,19:25,1165,12759
0069,19:30,1170,12759
0069,19:35,1175,12759
0069,19:40,1180,12759
0069,19:45,1185,12414
0069,19:50,1190,12414
0069,19:55,1195,12414
0069,20:00,1200,12414
0069,20:05,1205,12414
0069,20:10,1210,12414
0069,20:15,1215,12414
0069,20:20,1220,12414
0069,20:25,1225,12414
0069,20:30,1230,12241
0069,20:35,1235,12241
0069,20:40,1240,12241
0069,20:45,1245,12241
0069,20:50,1250,12241
0069,20:55,1255,12241
0069,21:00,1260,12241
0069,21:05,1265,12241
0069,21:10,1270,12241
0069,21:15,1275,12241
0069,21:20,1280,12241
0069,21:25,1285,12241
0069,21:30,1290,12241
0069,21:35,1295,12241
0069,21:40,1300,12241
0069,21:45,1305,12241
0069,21:50,1310,12241
0069,21:55,1315,12241
0069,22:00,1320,12241
0069,22:05,1325,12241
0069,22:10,1330,12241
0069,22:15,1335,12241
0069,22:20,1340,12241
0069,22:25,1345,12241
0069,22:30,1350,12241
0069,22:35,1355,12241
0069,22:40,1360,12241
0069,22:45,1365,12241
0069,22:50,1370,12241
0069,22:55,1375,12241
0069,23:00,1380,12241
0069,23:05,1385,12241
0069,23:10,1390,12241
0069,23:15,1395,12241
0069,23:16,1396,12241
0069,23:20,1400,12241
0070,09:00,540,0
0070,09:05,545,0
0070,09:10,550,0
0070,09:15,555,0
0070,09:20,560,0
0070,09:25,565,0
0070,09:30,570,0
0070,09:35,575,0
0070,09:40,580,0
0070,09:45,585,0
0070,09:50,590,0
0070,09:55,595,0
0070,10:00,600,0
0070,10:05,605,0
0070,10:10,610,0
0070,10:15,615,0
0070,10:20,620,0
0070,10:25,625,-1067
0070,10:30,630,-1067
0070,10:35,635,-1067
0070,10:40,640,-1422
0070,10:45,645,-1422
0070,10:50,650,-1422
0070,10:55,655,-1422
0070,11:00,660,-1867
0070,11:05,665,-1867
0070,11:10,670,-2222
0070,11:15,675,-2222
0070,11:20,680,-2222
0070,11:25,685,-2222
0070,11:30,690,-2844
0070,11:35,695,-2844
0070,11:40,700,-2844
0070,11:45,705,-3289
0070,11:50,710,-3289
0070,11:55,715,-3289
0070,12:00,720,-3289
0070,12:05,725,-3378
0070,12:10,730,-3378
0070,12:15,735,-3378
0070,12:20,740,-3378
0070,12:25,745,-3378
0070,12:30,750,-4267
0070,12:35,755,-4267
0070,12:40,760,-4267
0070,12:45,765,-4267
0070,12:50,770,-4622
0070,12:55,775,-4622
0070,13:00,780,-4622
0070,13:05,785,-4622
0070,13:10,790,-4622
0070,13:15,795,-4622
0070,13:20,800,-4622
0070,13:25,805,-4089
0070,13:30,810,-4089
0070,13:35,815,-4089
0070,13:40,820,-4089
0070,13:45,825,-4089
0070,13:50,830,517
0070,13:55,835,517
0070,14:00,840,517
0070,14:05,845,517
0070,14:10,850,259
0070,14:15,855,259
0070,14:20,860,259
0070,14:25,865,259
0070,14:30,870,1638
0070,14:35,875,1638
0070,14:40,880,1638
0070,14:45,885,2931
0070,14:50,890,2931
0070,14:55,895,2931
0070,15:00,900,2931
0070,15:05,905,2931
0070,15:10,910,3621
0070,15:15,915,3621
0070,15:20,920,3621
0070,15:25,925,3621
0070,15:30,930,1983
0070,15:35,935,1983
0070,15:40,940,1983
0070,15:45,945,1207
0070,15:50,950,1207
0070,15:55,955,1207
0070,16:00,960,1207
0070,16:05,965,1207
0070,16:10,970,-89
0070,16:15,975,-89
0070,16:20,980,-89
0070,16:25,985,-89
0070,16:30,990,-1956
0070,16:35,995,-1956
0070,16:40,1000,-1956
0070,16:45,1005,-1956
0070,16:50,1010,431
0070,16:55,1015,431
0070,17:00,1020,431
0070,17:05,1025,3879
0070,17:10,1030,3879
0070,17:15,1035,3879
0070,17:20,1040,3879
0070,17:25,1045,3879
0070,17:30,1050,2414
0070,17:35,1055,2414
0070,17:40,1060,2414
0070,17:45,1065,2414
0070,17:50,1070,776
0070,17:55,1075,776
0070,18:00,1080,776
0070,18:05,1085,776
0070,18:10,1090,4569
0070,18:15,1095,4569
0070,18:20,1100,4569
0070,18:25,1105,2931
0070,18:30,1110,2931
0070,18:35,1115,2931
0070,18:40,1120,2931
0070,18:45,1125,2931
0070,18:50,1130,1466
0070,18:55,1135,1466
0070,19:00,1140,1466
0070,19:05,1145,1466
0070,19:10,1150,948
0070,19:15,1155,948
0070,19:20,1160,948
0070,19:25,1165,948
0070,19:30,1170,948
0070,19:35,1175,948
0070,19:40,1180,948
0070,19:45,1185,431
0070,19:50,1190,431
0070,19:55,1195,431
0070,20:00,1200,431
0070,20:05,1205,431
0070,20:10,1210,431
0070,20:15,1215,431
0070,20:20,1220,431
0070,20:25,1225,431
0070,20:30,1230,948
0070,20:35,1235,948
0070,20:40,1240,948
0070,20:45,1245,3017
0070,20:50,1250,3017
0070,20:55,1255,3017
0070,21:00,1260,3017
0070,21:05,1265,3017
0070,21:10,1270,2931
0070,21:15,1275,2931
0070,21:20,1280,2931
0070,21:25,1285,2931
0070,21:30,1290,2931
0070,21:35,1295,2931
0070,21:40,1300,2931
0070,21:45,1305,2931
0070,21:50,1310,2931
0070,21:55,1315,2931
0070,22:00,1320,2931
0070,22:05,1325,2931
0070,22:10,1330,2931
0070,22:15,1335,2931
0070,22:20,1340,2931
0070,22:25,1345,2931
0070,22:30,1350,2931
0070,22:35,1355,2931
0070,22:40,1360,2931
0070,22:45,1365,2931
0070,22:50,1370,2931
0070,22:55,1375,2931
0070,23:00,1380,2931
0070,23:05,1385,2931
0070,23:10,1390,2931
0070,23:15,1395,2931
0070,23:16,1396,2931
0070,23:20,1400,2931
0071,09:00,540,0
0071,09:05,545,0
0071,09:10,550,0
0071,09:15,555,0
0071,09:20,560,0
0071,09:25,565,0
0071,09:30,570,0
0071,09:35,575,0
0071,09:40,580,0
0071,09:45,585,0
0071,09:50,590,0
0071,09:55,595,0
0071,10:00,600,0
0071,10:05,605,0
0071,10:10,610,0
0071,10:15,615,0
0071,10:20,620,0
0071,10:25,625,0
0071,10:30,630,0
0071,10:35,635,0
0071,10:40,640,0
0071,10:45,645,0
0071,10:50,650,0
0071,10:55,655,0
0071,11:00,660,0
0071,11:05,665,0
0071,11:10,670,0
0071,11:15,675,0
0071,11:20,680,0
0071,11:25,685,0
0071,11:30,690,0
0071,11:35,695,0
0071,11:40,700,0
0071,11:45,705,0
0071,11:50,710,0
0071,11:55,715,0
0071,12:00,720,0
0071,12:05,725,0
0071,12:10,730,0
0071,12:15,735,0
0071,12:20,740,0
0071,12:25,745,0
0071,12:30,750,0
0071,12:35,755,0
0071,12:40,760,0
0071,12:45,765,0
0071,12:50,770,0
0071,12:55,775,0
0071,13:00,780,0
0071,13:05,785,0
0071,13:10,790,0
0071,13:15,795,0
0071,13:20,800,0
0071,13:25,805,-356
0071,13:30,810,-356
0071,13:35,815,-356
0071,13:40,820,-356
0071,13:45,825,-356
0071,13:50,830,-1778
0071,13:55,835,-1778
0071,14:00,840,-1778
0071,14:05,845,-1778
0071,14:10,850,-3200
0071,14:15,855,-3200
0071,14:20,860,-3200
0071,14:25,865,-3200
0071,14:30,870,1897
0071,14:35,875,1897
0071,14:40,880,1897
0071,14:45,885,1034
0071,14:50,890,1034
0071,14:55,895,1034
0071,15:00,900,1034
0071,15:05,905,1034
0071,15:10,910,862
0071,15:15,915,862
0071,15:20,920,862
0071,15:25,925,862
0071,15:30,930,862
0071,15:35,935,862
0071,15:40,940,862
0071,15:45,945,4655
0071,15:50,950,4655
0071,15:55,955,4655
0071,16:00,960,4655
0071,16:05,965,4655
0071,16:10,970,3621
0071,16:15,975,3621
0071,16:20,980,3621
0071,16:25,985,3621
0071,16:30,990,2414
0071,16:35,995,2414
0071,16:40,1000,2414
0071,16:45,1005,2414
0071,16:50,1010,2759
0071,16:55,1015,2759
0071,17:00,1020,2759
0071,17:05,1025,4138
0071,17:10,1030,4138
0071,17:15,1035,4138
0071,17:20,1040,4138
0071,17:25,1045,4138
0071,17:30,1050,4138
0071,17:35,1055,4138
0071,17:40,1060,4138
0071,17:45,1065,4138
0071,17:50,1070,4138
0071,17:55,1075,4138
0071,18:00,1080,4138
0071,18:05,1085,4138
0071,18:10,1090,3793
0071,18:15,1095,3793
0071,18:20,1100,3793
0071,18:25,1105,2241
0071,18:30,1110,2241
0071,18:35,1115,2241
0071,18:40,1120,2241
0071,18:45,1125,2241
0071,18:50,1130,1034
0071,18:55,1135,1034
0071,19:00,1140,1034
0071,19:05,1145,1034
0071,19:10,1150,3448
0071,19:15,1155,3448
0071,19:20,1160,3448
0071,19:25,1165,6552
0071,19:30,1170,6552
0071,19:35,1175,6552
0071,19:40,1180,6552
0071,19:45,1185,9483
0071,19:50,1190,9483
0071,19:55,1195,9483
0071,20:00,1200,9483
0071,20:05,1205,9483
0071,20:10,1210,10690
0071,20:15,1215,10690
0071,20:20,1220,10690
0071,20:25,1225,10690
0071,20:30,1230,10000
0071,20:35,1235,10000
0071,20:40,1240,10000
0071,20:45,1245,12414
0071,20:50,1250,12414
0071,20:55,1255,12414
0071,21:00,1260,12414
0071,21:05,1265,12414
0071,21:10,1270,11552
0071,21:15,1275,11552
0071,21:20,1280,11552
0071,21:25,1285,11552
0071,21:30,1290,11552
0071,21:35,1295,11552
0071,21:40,1300,11552
0071,21:45,1305,11552
0071,21:50,1310,11552
0071,21:55,1315,11552
0071,22:00,1320,11552
0071,22:05,1325,11552
0071,22:10,1330,11552
0071,22:15,1335,11552
0071,22:20,1340,11552
0071,22:25,1345,11552
0071,22:30,1350,11552
0071,22:35,1355,11552
0071,22:40,1360,11552
0071,22:45,1365,11552
0071,22:50,1370,11552
0071,22:55,1375,11552
0071,23:00,1380,11552
0071,23:05,1385,11552
0071,23:10,1390,11552
0071,23:15,1395,11552
0071,23:16,1396,11552
0071,23:20,1400,11552
0072,09:00,540,0
0072,09:05,545,0
0072,09:10,550,0
0072,09:15,555,0
0072,09:20,560,0
0072,09:25,565,0
0072,09:30,570,0
0072,09:35,575,0
0072,09:40,580,0
0072,09:45,585,0
0072,09:50,590,0
0072,09:55,595,0
0072,10:00,600,0
0072,10:05,605,0
0072,10:10,610,0
0072,10:15,615,0
0072,10:20,620,0
0072,10:25,625,0
0072,10:30,630,0
0072,10:35,635,0
0072,10:40,640,0
0072,10:45,645,0
0072,10:50,650,0
0072,10:55,655,0
0072,11:00,660,0
0072,11:05,665,0
0072,11:10,670,0
0072,11:15,675,0
0072,11:20,680,0
0072,11:25,685,0
0072,11:30,690,0
0072,11:35,695,0
0072,11:40,700,0
0072,11:45,705,0
0072,11:50,710,0
0072,11:55,715,0
0072,12:00,720,0
0072,12:05,725,0
0072,12:10,730,0
0072,12:15,735,0
0072,12:20,740,0
0072,12:25,745,0
0072,12:30,750,0
0072,12:35,755,0
0072,12:40,760,0
0072,12:45,765,0
0072,12:50,770,0
0072,12:55,775,0
0072,13:00,780,0
0072,13:05,785,0
0072,13:10,790,0
0072,13:15,795,0
0072,13:20,800,0
0072,13:25,805,0
0072,13:30,810,0
0072,13:35,815,0
0072,13:40,820,0
0072,13:45,825,0
0072,13:50,830,0
0072,13:55,835,0
0072,14:00,840,0
0072,14:05,845,0
0072,14:10,850,0
0072,14:15,855,0
0072,14:20,860,0
0072,14:25,865,0
0072,14:30,870,0
0072,14:35,875,0
0072,14:40,880,0
0072,14:45,885,0
0072,14:50,890,0
0072,14:55,895,0
0072,15:00,900,0
0072,15:05,905,0
0072,15:10,910,-89
0072,15:15,915,-89
0072,15:20,920,-89
0072,15:25,925,-89
0072,15:30,930,-444
0072,15:35,935,-444
0072,15:40,940,-444
0072,15:45,945,-622
0072,15:50,950,-622
0072,15:55,955,-622
0072,16:00,960,-622
0072,16:05,965,-622
0072,16:10,970,-1956
0072,16:15,975,-1956
0072,16:20,980,-1956
0072,16:25,985,-1956
0072,16:30,990,-3644
0072,16:35,995,-3644
0072,16:40,1000,-3644
0072,16:45,1005,-3644
0072,16:50,1010,1724
0072,16:55,1015,1724
0072,17:00,1020,1724
0072,17:05,1025,603
0072,17:10,1030,603
0072,17:15,1035,603
0072,17:20,1040,603
0072,17:25,1045,603
0072,17:30,1050,431
0072,17:35,1055,431
0072,17:40,1060,431
0072,17:45,1065,431
0072,17:50,1070,431
0072,17:55,1075,431
0072,18:00,1080,431
0072,18:05,1085,431
0072,18:10,1090,431
0072,18:15,1095,431
0072,18:20,1100,431
0072,18:25,1105,431
0072,18:30,1110,431
0072,18:35,1115,431
0072,18:40,1120,431
0072,18:45,1125,431
0072,18:50,1130,431
0072,18:55,1135,431
0072,19:00,1140,431
0072,19:05,1145,431
0072,19:10,1150,431
0072,19:15,1155,431
0072,19:20,1160,431
0072,19:25,1165,431
0072,19:30,1170,431
0072,19:35,1175,431
0072,19:40,1180,431
0072,19:45,1185,431
0072,19:50,1190,431
0072,19:55,1195,431
0072,20:00,1200,431
0072,20:05,1205,431
0072,20:10,1210,431
0072,20:15,1215,431
0072,20:20,1220,431
0072,20:25,1225,431
0072,20:30,1230,431
0072,20:35,1235,431
0072,20:40,1240,431
0072,20:45,1245,431
0072,20:50,1250,431
0072,20:55,1255,431
0072,21:00,1260,431
0072,21:05,1265,431
0072,21:10,1270,431
0072,21:15,1275,431
0072,21:20,1280,431
0072,21:25,1285,431
0072,21:30,1290,431
0072,21:35,1295,431
0072,21:40,1300,431
0072,21:45,1305,431
0072,21:50,1310,431
0072,21:55,1315,431
0072,22:00,1320,431
0072,22:05,1325,431
0072,22:10,1330,431
0072,22:15,1335,431
0072,22:20,1340,431
0072,22:25,1345,431
0072,22:30,1350,431
0072,22:35,1355,431
0072,22:40,1360,431
0072,22:45,1365,431
0072,22:50,1370,431
0072,22:55,1375,431
0072,23:00,1380,431
0072,23:05,1385,431
0072,23:10,1390,431
0072,23:15,1395,431
0072,23:16,1396,431
0072,23:20,1400,431
0073,09:00,540,0
0073,09:05,545,0
0073,09:10,550,0
0073,09:15,555,0
0073,09:20,560,0
0073,09:25,565,0
0073,09:30,570,0
0073,09:35,575,0
0073,09:40,580,0
0073,09:45,585,0
0073,09:50,590,0
0073,09:55,595,0
0073,10:00,600,0
0073,10:05,605,0
0073,10:10,610,0
0073,10:15,615,0
0073,10:20,620,0
0073,10:25,625,0
0073,10:30,630,0
0073,10:35,635,0
0073,10:40,640,0
0073,10:45,645,0
0073,10:50,650,0
0073,10:55,655,0
0073,11:00,660,0
0073,11:05,665,0
0073,11:10,670,0
0073,11:15,675,0
0073,11:20,680,0
0073,11:25,685,0
0073,11:30,690,0
0073,11:35,695,0
0073,11:40,700,0
0073,11:45,705,0
0073,11:50,710,0
0073,11:55,715,0
0073,12:00,720,0
0073,12:05,725,0
0073,12:10,730,0
0073,12:15,735,0
0073,12:20,740,0
0073,12:25,745,0
0073,12:30,750,0
0073,12:35,755,0
0073,12:40,760,0
0073,12:45,765,0
0073,12:50,770,0
0073,12:55,775,0
0073,13:00,780,0
0073,13:05,785,0
0073,13:10,790,0
0073,13:15,795,0
0073,13:20,800,0
0073,13:25,805,0
0073,13:30,810,0
0073,13:35,815,0
0073,13:40,820,0
0073,13:45,825,0
0073,13:50,830,0
0073,13:55,835,0
0073,14:00,840,0
0073,14:05,845,0
0073,14:10,850,-622
0073,14:15,855,-622
0073,14:20,860,-622
0073,14:25,865,-622
0073,14:30,870,-2222
0073,14:35,875,-2222
0073,14:40,880,-2222
0073,14:45,885,-2489
0073,14:50,890,-2489
0073,14:55,895,-2489
0073,15:00,900,-2489
0073,15:05,905,-2489
0073,15:10,910,-3378
0073,15:15,915,-3378
0073,15:20,920,-3378
0073,15:25,925,-3378
0073,15:30,930,86
0073,15:35,935,86
0073,15:40,940,86
0073,15:45,945,-533
0073,15:50,950,-533
0073,15:55,955,-533
0073,16:00,960,-533
0073,16:05,965,-533
0073,16:10,970,-1689
0073,16:15,975,-1689
0073,16:20,980,-1689
0073,16:25,985,-1689
0073,16:30,990,-1156
0073,16:35,995,-1156
0073,16:40,1000,-1156
0073,16:45,1005,-1156
0073,16:50,1010,-2133
0073,16:55,1015,-2133
0073,17:00,1020,-2133
0073,17:05,1025,-3200
0073,17:10,1030,-3200
0073,17:15,1035,-3200
0073,17:20,1040,-3200
0073,17:25,1045,-3200
0073,17:30,1050,-4356
0073,17:35,1055,-4356
0073,17:40,1060,-4356
0073,17:45,1065,-4356
0073,17:50,1070,-4889
0073,17:55,1075,-4889
0073,18:00,1080,-4889
0073,18:05,1085,-4889
0073,18:10,1090,-5956
0073,18:15,1095,-5956
0073,18:20,1100,-5956
0073,18:25,1105,-6933
0073,18:30,1110,-6933
0073,18:35,1115,-6933
0073,18:40,1120,-6933
0073,18:45,1125,-6933
0073,18:50,1130,-4622
0073,18:55,1135,-4622
0073,19:00,1140,-4622
0073,19:05,1145,-4622
0073,19:10,1150,-5333
0073,19:15,1155,-5333
0073,19:20,1160,-5333
0073,19:25,1165,-6844
0073,19:30,1170,-6844
0073,19:35,1175,-6844
0073,19:40,1180,-6844
0073,19:45,1185,-6311
0073,19:50,1190,-6311
0073,19:55,1195,-6311
0073,20:00,1200,-6311
0073,20:05,1205,-6311
0073,20:10,1210,-7467
0073,20:15,1215,-7467
0073,20:20,1220,-7467
0073,20:25,1225,-7467
0073,20:30,1230,-7022
0073,20:35,1235,-7022
0073,20:40,1240,-7022
0073,20:45,1245,-7022
0073,20:50,1250,-7022
0073,20:55,1255,-7022
0073,21:00,1260,-7022
0073,21:05,1265,-7022
0073,21:10,1270,-7022
0073,21:15,1275,-7022
0073,21:20,1280,-7022
0073,21:25,1285,-7022
0073,21:30,1290,-7022
0073,21:35,1295,-7022
0073,21:40,1300,-7022
0073,21:45,1305,-7022
0073,21:50,1310,-7022
0073,21:55,1315,-7022
0073,22:00,1320,-7022
0073,22:05,1325,-7022
0073,22:10,1330,-7022
0073,22:15,1335,-7022
0073,22:20,1340,-7022
0073,22:25,1345,-7022
0073,22:30,1350,-7022
0073,22:35,1355,-7022
0073,22:40,1360,-7022
0073,22:45,1365,-7022
0073,22:50,1370,-7022
0073,22:55,1375,-7022
0073,23:00,1380,-7022
0073,23:05,1385,-7022
0073,23:10,1390,-7022
0073,23:15,1395,-7022
0073,23:16,1396,-7022
0073,23:20,1400,-7022
0074,09:00,540,0
0074,09:05,545,0
0074,09:10,550,0
0074,09:15,555,0
0074,09:20,560,0
0074,09:25,565,0
0074,09:30,570,0
0074,09:35,575,0
0074,09:40,580,0
0074,09:45,585,0
0074,09:50,590,0
0074,09:55,595,0
0074,10:00,600,0
0074,10:05,605,0
0074,10:10,610,0
0074,10:15,615,0
0074,10:20,620,0
0074,10:25,625,0
0074,10:30,630,0
0074,10:35,635,0
0074,10:40,640,0
0074,10:45,645,0
0074,10:50,650,0
0074,10:55,655,0
0074,11:00,660,0
0074,11:05,665,0
0074,11:10,670,0
0074,11:15,675,0
0074,11:20,680,0
0074,11:25,685,0
0074,11:30,690,0
0074,11:35,695,0
0074,11:40,700,0
0074,11:45,705,0
0074,11:50,710,0
0074,11:55,715,0
0074,12:00,720,0
0074,12:05,725,-1277
0074,12:10,730,-1277
0074,12:15,735,-1277
0074,12:20,740,-1277
0074,12:25,745,-1277
0074,12:30,750,-2298
0074,12:35,755,-2298
0074,12:40,760,-2298
0074,12:45,765,-2298
0074,12:50,770,-3574
0074,12:55,775,-3574
0074,13:00,780,-3574
0074,13:05,785,-2553
0074,13:10,790,-2553
0074,13:15,795,-2553
0074,13:20,800,-2553
0074,13:25,805,4463
0074,13:30,810,4463
0074,13:35,815,4463
0074,13:40,820,4463
0074,13:45,825,4463
0074,13:50,830,6694
0074,13:55,835,6694
0074,14:00,840,6694
0074,14:05,845,6694
0074,14:10,850,6446
0074,14:15,855,6446
0074,14:20,860,6446
0074,14:25,865,6446
0074,14:30,870,12149
0074,14:35,875,12149
0074,14:40,880,12149
0074,14:45,885,15868
0074,14:50,890,15868
0074,14:55,895,15868
0074,15:00,900,15868
0074,15:05,905,15868
0074,15:10,910,21074
0074,15:15,915,21074
0074,15:20,920,21074
0074,15:25,925,21074
0074,15:30,930,23306
0074,15:35,935,23306
0074,15:40,940,23306
0074,15:45,945,23058
0074,15:50,950,23058
0074,15:55,955,23058
0074,16:00,960,23058
0074,16:05,965,23058
0074,16:10,970,22066
0074,16:15,975,22066
0074,16:20,980,22066
0074,16:25,985,22066
0074,16:30,990,22314
0074,16:35,995,22314
0074,16:40,1000,22314
0074,16:45,1005,22314
0074,16:50,1010,20826
0074,16:55,1015,20826
0074,17:00,1020,20826
0074,17:05,1025,19587
0074,17:10,1030,19587
0074,17:15,1035,19587
0074,17:20,1040,19587
0074,17:25,1045,19587
0074,17:30,1050,19091
0074,17:35,1055,19091
0074,17:40,1060,19091
0074,17:45,1065,19091
0074,17:50,1070,20331
0074,17:55,1075,20331
0074,18:00,1080,20331
0074,18:05,1085,20331
0074,18:10,1090,19835
0074,18:15,1095,19835
0074,18:20,1100,19835
0074,18:25,1105,19587
0074,18:30,1110,19587
0074,18:35,1115,19587
0074,18:40,1120,19587
0074,18:45,1125,19587
0074,18:50,1130,19091
0074,18:55,1135,19091
0074,19:00,1140,19091
0074,19:05,1145,19091
0074,19:10,1150,19091
0074,19:15,1155,19091
0074,19:20,1160,19091
0074,19:25,1165,19091
0074,19:30,1170,19091
0074,19:35,1175,19091
0074,19:40,1180,19091
0074,19:45,1185,19091
0074,19:50,1190,19091
0074,19:55,1195,19091
0074,20:00,1200,19091
0074,20:05,1205,19091
0074,20:10,1210,18595
0074,20:15,1215,18595
0074,20:20,1220,18595
0074,20:25,1225,18595
0074,20:30,1230,18099
0074,20:35,1235,18099
0074,20:40,1240,18099
0074,20:45,1245,18099
0074,20:50,1250,18099
0074,20:55,1255,18099
0074,21:00,1260,18099
0074,21:05,1265,18099
0074,21:10,1270,18099
0074,21:15,1275,18099
0074,21:20,1280,18099
0074,21:25,1285,18099
0074,21:30,1290,18099
0074,21:35,1295,18099
0074,21:40,1300,18099
0074,21:45,1305,18099
0074,21:50,1310,18099
0074,21:55,1315,18099
0074,22:00,1320,18099
0074,22:05,1325,18099
0074,22:10,1330,18099
0074,22:15,1335,18099
0074,22:20,1340,18099
0074,22:25,1345,18099
0074,22:30,1350,18099
0074,22:35,1355,18099
0074,22:40,1360,18099
0074,22:45,1365,18099
0074,22:50,1370,18099
0074,22:55,1375,18099
0074,23:00,1380,18099
0074,23:05,1385,18099
0074,23:10,1390,18099
0074,23:15,1395,18099
0074,23:16,1396,18099
0074,23:20,1400,18099
0075,09:00,540,0
0075,09:05,545,0
0075,09:10,550,0
0075,09:15,555,0
0075,09:20,560,0
0075,09:25,565,0
0075,09:30,570,0
0075,09:35,575,0
0075,09:40,580,0
0075,09:45,585,0
0075,09:50,590,0
0075,09:55,595,0
0075,10:00,600,0
0075,10:05,605,0
0075,10:10,610,0
0075,10:15,615,0
0075,10:20,620,0
0075,10:25,625,0
0075,10:30,630,0
0075,10:35,635,0
0075,10:40,640,0
0075,10:45,645,0
0075,10:50,650,0
0075,10:55,655,0
0075,11:00,660,0
0075,11:05,665,0
0075,11:10,670,0
0075,11:15,675,0
0075,11:20,680,0
0075,11:25,685,0
0075,11:30,690,0
0075,11:35,695,0
0075,11:40,700,0
0075,11:45,705,0
0075,11:50,710,0
0075,11:55,715,0
0075,12:00,720,0
0075,12:05,725,0
0075,12:10,730,0
0075,12:15,735,0
0075,12:20,740,0
0075,12:25,745,0
0075,12:30,750,0
0075,12:35,755,0
0075,12:40,760,0
0075,12:45,765,0
0075,12:50,770,0
0075,12:55,775,0
0075,13:00,780,0
0075,13:05,785,-533
0075,13:10,790,-533
0075,13:15,795,-533
0075,13:20,800,-533
0075,13:25,805,-622
0075,13:30,810,-622
0075,13:35,815,-622
0075,13:40,820,-622
0075,13:45,825,-622
0075,13:50,830,-622
0075,13:55,835,-622
0075,14:00,840,-622
0075,14:05,845,-622
0075,14:10,850,-622
0075,14:15,855,-622
0075,14:20,860,-622
0075,14:25,865,-622
0075,14:30,870,-1600
0075,14:35,875,-1600
0075,14:40,880,-1600
0075,14:45,885,-1600
0075,14:50,890,-1600
0075,14:55,895,-1600
0075,15:00,900,-1600
0075,15:05,905,-1600
0075,15:10,910,-1600
0075,15:15,915,-1600
0075,15:20,920,-1600
0075,15:25,925,-1600
0075,15:30,930,-1600
0075,15:35,935,-1600
0075,15:40,940,-1600
0075,15:45,945,-1867
0075,15:50,950,-1867
0075,15:55,955,-1867
0075,16:00,960,-1867
0075,16:05,965,-1867
0075,16:10,970,-622
0075,16:15,975,-622
0075,16:20,980,-622
0075,16:25,985,-622
0075,16:30,990,7241
0075,16:35,995,7241
0075,16:40,1000,7241
0075,16:45,1005,7241
0075,16:50,1010,8017
0075,16:55,1015,8017
0075,17:00,1020,8017
0075,17:05,1025,6810
0075,17:10,1030,6810
0075,17:15,1035,6810
0075,17:20,1040,6810
0075,17:25,1045,6810
0075,17:30,1050,8534
0075,17:35,1055,8534
0075,17:40,1060,8534
0075,17:45,1065,8534
0075,17:50,1070,7155
0075,17:55,1075,7155
0075,18:00,1080,7155
0075,18:05,1085,7155
0075,18:10,1090,5862
0075,18:15,1095,5862
0075,18:20,1100,5862
0075,18:25,1105,4655
0075,18:30,1110,4655
0075,18:35,1115,4655
0075,18:40,1120,4655
0075,18:45,1125,4655
0075,18:50,1130,6724
0075,18:55,1135,6724
0075,19:00,1140,6724
0075,19:05,1145,6724
0075,19:10,1150,5862
0075,19:15,1155,5862
0075,19:20,1160,5862
0075,19:25,1165,5862
0075,19:30,1170,5862
0075,19:35,1175,5862
0075,19:40,1180,5862
0075,19:45,1185,5862
0075,19:50,1190,5862
0075,19:55,1195,5862
0075,20:00,1200,5862
0075,20:05,1205,5862
0075,20:10,1210,5517
0075,20:15,1215,5517
0075,20:20,1220,5517
0075,20:25,1225,5517
0075,20:30,1230,9052
0075,20:35,1235,9052
0075,20:40,1240,9052
0075,20:45,1245,9397
0075,20:50,1250,9397
0075,20:55,1255,9397
0075,21:00,1260,9397
0075,21:05,1265,9397
0075,21:10,1270,8103
0075,21:15,1275,8103
0075,21:20,1280,8103
0075,21:25,1285,8103
0075,21:30,1290,7586
0075,21:35,1295,7586
0075,21:40,1300,7586
0075,21:45,1305,7586
0075,21:50,1310,7586
0075,21:55,1315,7586
0075,22:00,1320,7586
0075,22:05,1325,7586
0075,22:10,1330,7586
0075,22:15,1335,7586
0075,22:20,1340,7586
0075,22:25,1345,7586
0075,22:30,1350,7586
0075,22:35,1355,7586
0075,22:40,1360,7586
0075,22:45,1365,7586
0075,22:50,1370,7586
0075,22:55,1375,7586
0075,23:00,1380,7586
0075,23:05,1385,7586
0075,23:10,1390,7586
0075,23:15,1395,7586
0075,23:16,1396,7586
0075,23:20,1400,7586
0076,09:00,540,0
0076,09:05,545,0
0076,09:10,550,0
0076,09:15,555,0
0076,09:20,560,0
0076,09:25,565,0
0076,09:30,570,0
0076,09:35,575,0
0076,09:40,580,0
0076,09:45,585,0
0076,09:50,590,0
0076,09:55,595,0
0076,10:00,600,0
0076,10:05,605,0
0076,10:10,610,0
0076,10:15,615,0
0076,10:20,620,0
0076,10:25,625,0
0076,10:30,630,0
0076,10:35,635,0
0076,10:40,640,0
0076,10:45,645,0
0076,10:50,650,0
0076,10:55,655,0
0076,11:00,660,0
0076,11:05,665,0
0076,11:10,670,0
0076,11:15,675,0
0076,11:20,680,0
0076,11:25,685,0
0076,11:30,690,0
0076,11:35,695,0
0076,11:40,700,0
0076,11:45,705,0
0076,11:50,710,0
0076,11:55,715,0
0076,12:00,720,0
0076,12:05,725,0
0076,12:10,730,0
0076,12:15,735,0
0076,12:20,740,0
0076,12:25,745,0
0076,12:30,750,0
0076,12:35,755,0
0076,12:40,760,0
0076,12:45,765,0
0076,12:50,770,0
0076,12:55,775,0
0076,13:00,780,0
0076,13:05,785,-533
0076,13:10,790,-533
0076,13:15,795,-533
0076,13:20,800,-533
0076,13:25,805,-1689
0076,13:30,810,-1689
0076,13:35,815,-1689
0076,13:40,820,-1689
0076,13:45,825,-1689
0076,13:50,830,-1956
0076,13:55,835,-1956
0076,14:00,840,-1956
0076,14:05,845,-1956
0076,14:10,850,-3111
0076,14:15,855,-3111
0076,14:20,860,-3111
0076,14:25,865,-3111
0076,14:30,870,-3200
0076,14:35,875,-3200
0076,14:40,880,-3200
0076,14:45,885,-3200
0076,14:50,890,-3200
0076,14:55,895,-3200
0076,15:00,900,-3200
0076,15:05,905,-3200
0076,15:10,910,-3200
0076,15:15,915,-3200
0076,15:20,920,-3200
0076,15:25,925,-3200
0076,15:30,930,-3289
0076,15:35,935,-3289
0076,15:40,940,-3289
0076,15:45,945,-2756
0076,15:50,950,-2756
0076,15:55,955,-2756
0076,16:00,960,-2756
0076,16:05,965,-2756
0076,16:10,970,-3644
0076,16:15,975,-3644
0076,16:20,980,-3644
0076,16:25,985,-3644
0076,16:30,990,-4622
0076,16:35,995,-4622
0076,16:40,1000,-4622
0076,16:45,1005,-4622
0076,16:50,1010,-5778
0076,16:55,1015,-5778
0076,17:00,1020,-5778
0076,17:05,1025,-6489
0076,17:10,1030,-6489
0076,17:15,1035,-6489
0076,17:20,1040,-6489
0076,17:25,1045,-6489
0076,17:30,1050,-7822
0076,17:35,1055,-7822
0076,17:40,1060,-7822
0076,17:45,1065,-7822
0076,17:50,1070,-9333
0076,17:55,1075,-9333
0076,18:00,1080,-9333
0076,18:05,1085,-9333
0076,18:10,1090,-2933
0076,18:15,1095,-2933
0076,18:20,1100,-2933
0076,18:25,1105,4483
0076,18:30,1110,4483
0076,18:35,1115,4483
0076,18:40,1120,4483
0076,18:45,1125,4483
0076,18:50,1130,9914
0076,18:55,1135,9914
0076,19:00,1140,9914
0076,19:05,1145,9914
0076,19:10,1150,9224
0076,19:15,1155,9224
0076,19:20,1160,9224
0076,19:25,1165,9655
0076,19:30,1170,9655
0076,19:35,1175,9655
0076,19:40,1180,9655
0076,19:45,1185,9224
0076,19:50,1190,9224
0076,19:55,1195,9224
0076,20:00,1200,9224
0076,20:05,1205,9224
0076,20:10,1210,8621
0076,20:15,1215,8621
0076,20:20,1220,8621
0076,20:25,1225,8621
0076,20:30,1230,8621
0076,20:35,1235,8621
0076,20:40,1240,8621
0076,20:45,1245,8621
0076,20:50,1250,8621
0076,20:55,1255,8621
0076,21:00,1260,8621
0076,21:05,1265,8621
0076,21:10,1270,8621
0076,21:15,1275,8621
0076,21:20,1280,8621
0076,21:25,1285,8621
0076,21:30,1290,8621
0076,21:35,1295,8621
0076,21:40,1300,8621
0076,21:45,1305,8621
0076,21:50,1310,8621
0076,21:55,1315,8621
0076,22:00,1320,8621
0076,22:05,1325,8621
0076,22:10,1330,8621
0076,22:15,1335,8621
0076,22:20,1340,8621
0076,22:25,1345,8621
0076,22:30,1350,8621
0076,22:35,1355,8621
0076,22:40,1360,8621
0076,22:45,1365,8621
0076,22:50,1370,8621
0076,22:55,1375,8621
0076,23:00,1380,8621
0076,23:05,1385,8621
0076,23:10,1390,8621
0076,23:15,1395,8621
0076,23:16,1396,8621
0076,23:20,1400,8621
0077,09:00,540,0
0077,09:05,545,0
0077,09:10,550,0
0077,09:15,555,0
0077,09:20,560,0
0077,09:25,565,0
0077,09:30,570,0
0077,09:35,575,0
0077,09:40,580,0
0077,09:45,585,0
0077,09:50,590,0
0077,09:55,595,0
0077,10:00,600,0
0077,10:05,605,0
0077,10:10,610,0
0077,10:15,615,0
0077,10:20,620,0
0077,10:25,625,0
0077,10:30,630,0
0077,10:35,635,0
0077,10:40,640,0
0077,10:45,645,0
0077,10:50,650,0
0077,10:55,655,0
0077,11:00,660,0
0077,11:05,665,0
0077,11:10,670,0
0077,11:15,675,0
0077,11:20,680,0
0077,11:25,685,0
0077,11:30,690,0
0077,11:35,695,0
0077,11:40,700,0
0077,11:45,705,-511
0077,11:50,710,-511
0077,11:55,715,-511
0077,12:00,720,-511
0077,12:05,725,-2043
0077,12:10,730,-2043
0077,12:15,735,-2043
0077,12:20,740,-2043
0077,12:25,745,-2043
0077,12:30,750,2727
0077,12:35,755,2727
0077,12:40,760,2727
0077,12:45,765,2727
0077,12:50,770,5702
0077,12:55,775,5702
0077,13:00,780,5702
0077,13:05,785,5455
0077,13:10,790,5455
0077,13:15,795,5455
0077,13:20,800,5455
0077,13:25,805,9174
0077,13:30,810,9174
0077,13:35,815,9174
0077,13:40,820,9174
0077,13:45,825,9174
0077,13:50,830,11901
0077,13:55,835,11901
0077,14:00,840,11901
0077,14:05,845,11901
0077,14:10,850,14628
0077,14:15,855,14628
0077,14:20,860,14628
0077,14:25,865,14628
0077,14:30,870,18595
0077,14:35,875,18595
0077,14:40,880,18595
0077,14:45,885,21074
0077,14:50,890,21074
0077,14:55,895,21074
0077,15:00,900,21074
0077,15:05,905,21074
0077,15:10,910,22314
0077,15:15,915,22314
0077,15:20,920,22314
0077,15:25,925,22314
0077,15:30,930,22314
0077,15:35,935,22314
0077,15:40,940,22314
0077,15:45,945,26033
0077,15:50,950,26033
0077,15:55,955,26033
0077,16:00,960,26033
0077,16:05,965,26033
0077,16:10,970,25041
0077,16:15,975,25041
0077,16:20,980,25041
0077,16:25,985,25041
0077,16:30,990,26777
0077,16:35,995,26777
0077,16:40,1000,26777
0077,16:45,1005,26777
0077,16:50,1010,25289
0077,16:55,1015,25289
0077,17:00,1020,25289
0077,17:05,1025,25785
0077,17:10,1030,25785
0077,17:15,1035,25785
0077,17:20,1040,25785
0077,17:25,1045,25785
0077,17:30,1050,27273
0077,17:35,1055,27273
0077,17:40,1060,27273
0077,17:45,1065,27273
0077,17:50,1070,25785
0077,17:55,1075,25785
0077,18:00,1080,25785
0077,18:05,1085,25785
0077,18:10,1090,24545
0077,18:15,1095,24545
0077,18:20,1100,24545
0077,18:25,1105,22562
0077,18:30,1110,22562
0077,18:35,1115,22562
0077,18:40,1120,22562
0077,18:45,1125,22562
0077,18:50,1130,21818
0077,18:55,1135,21818
0077,19:00,1140,21818
0077,19:05,1145,21818
0077,19:10,1150,21818
0077,19:15,1155,21818
0077,19:20,1160,21818
0077,19:25,1165,21818
0077,19:30,1170,21818
0077,19:35,1175,21818
0077,19:40,1180,21818
0077,19:45,1185,21322
0077,19:50,1190,21322
0077,19:55,1195,21322
0077,20:00,1200,21322
0077,20:05,1205,21322
0077,20:10,1210,21322
0077,20:15,1215,21322
0077,20:20,1220,21322
0077,20:25,1225,21322
0077,20:30,1230,20579
0077,20:35,1235,20579
0077,20:40,1240,20579
0077,20:45,1245,20579
0077,20:50,1250,20579
0077,20:55,1255,20579
0077,21:00,1260,20579
0077,21:05,1265,20579
0077,21:10,1270,20579
0077,21:15,1275,20579
0077,21:20,1280,20579
0077,21:25,1285,20579
0077,21:30,1290,20579
0077,21:35,1295,20579
0077,21:40,1300,20579
0077,21:45,1305,20579
0077,21:50,1310,20579
0077,21:55,1315,20579
0077,22:00,1320,20579
0077,22:05,1325,20579
0077,22:10,1330,20579
0077,22:15,1335,20579
0077,22:20,1340,20579
0077,22:25,1345,20579
0077,22:30,1350,20579
0077,22:35,1355,20579
0077,22:40,1360,20579
0077,22:45,1365,20579
0077,22:50,1370,20579
0077,22:55,1375,20579
0077,23:00,1380,20579
0077,23:05,1385,20579
0077,23:10,1390,20579
0077,23:15,1395,20579
0077,23:16,1396,20579
0077,23:20,1400,20579
